variant,profile,view,list_type,top,holding,period,days,days_observable,mean_slot_pct,t_slot,tail_5pct_mean_pct,worst_day_pct,mean_slot_legacy_pct,mean_slot_zero_pct,mean_slot_loss_pct,mean_unfilled_pct,hit_rate,median_listed,selected_names,observable_names,observable_share,empty_slots,n_ok,n_ok_bridged,n_ok_late_exit,n_renamed,n_censored_temporary,n_censored_terminal,n_censored_unknown,n_censored_unverified,n_no_entry_bar,n_identity_uncertain,days_short,turnover
r0,aggressive,long,mixed,10,5,ALL,176,176,-0.185,-0.83,-7.859,-9.957,-0.184,-0.182,-0.576,-0.185,0.457,10.0,1760,1751,0.9949,0,1751,0,0,0,0,7,0,0,2,0,0,0.625
r0,aggressive,long,mixed,10,5,P1,91,91,-0.13,-0.57,-4.663,-7.259,-0.125,-0.127,-0.459,-0.13,0.419,10,910,906,0.9956,0,906,0,0,0,0,3,0,0,1,0,0,0.613
r0,aggressive,long,mixed,10,5,P2,85,85,-0.244,-0.62,-8.86,-9.957,-0.246,-0.24,-0.701,-0.244,0.498,10,850,845,0.9941,0,845,0,0,0,0,4,0,0,1,0,0,0.637
r0,aggressive,long,mixed,10,5,2023,40,40,-0.231,-0.7,-4.737,-6.14,-0.222,-0.228,-0.481,-0.231,0.402,10.0,400,398,0.995,0,398,0,0,0,0,1,0,0,1,0,0,0.582
r0,aggressive,long,mixed,10,5,2024,51,51,-0.051,-0.16,-4.605,-7.259,-0.049,-0.048,-0.442,-0.051,0.433,10,510,508,0.9961,0,508,0,0,0,0,2,0,0,0,0,0,0.638
r0,aggressive,long,mixed,10,5,2025,50,50,0.002,0.0,-7.172,-8.486,-0.002,0.009,-0.775,0.002,0.496,10.0,500,495,0.99,0,495,0,0,0,0,4,0,0,1,0,0,0.627
r0,aggressive,long,mixed,10,5,2026,35,35,-0.596,-0.85,-9.857,-9.957,-0.596,-0.596,-0.596,-0.596,0.5,10,350,350,1.0,0,350,0,0,0,0,0,0,0,0,0,0,0.653
r0,aggressive,long,mixed,10,20,ALL,173,173,-0.876,-1.41,-14.078,-16.578,-0.868,-0.847,-2.369,-0.876,0.425,10,1730,1702,0.9838,0,1699,0,0,3,0,23,3,0,2,0,0,0.625
r0,aggressive,long,mixed,10,20,P1,91,91,-0.079,-0.1,-10.462,-14.343,-0.104,-0.086,-1.217,-0.079,0.452,10,910,899,0.9879,0,899,0,0,0,0,10,0,0,1,0,0,0.613
r0,aggressive,long,mixed,10,20,P2,82,82,-1.76,-1.82,-15.055,-16.578,-1.715,-1.691,-3.647,-1.76,0.395,10.0,820,803,0.9793,0,800,0,0,3,0,13,3,0,1,0,0,0.638
r0,aggressive,long,mixed,10,20,2023,40,40,-1.174,-1.55,-11.298,-14.343,-1.163,-1.182,-2.464,-1.174,0.466,10.0,400,394,0.985,0,394,0,0,0,0,5,0,0,1,0,0,0.582
r0,aggressive,long,mixed,10,20,2024,51,51,0.78,0.67,-9.904,-10.622,0.726,0.774,-0.239,0.78,0.442,10,510,505,0.9902,0,505,0,0,0,0,5,0,0,0,0,0,0.638
r0,aggressive,long,mixed,10,20,2025,50,50,-1.321,-1.26,-13.941,-16.24,-1.205,-1.215,-3.42,-1.321,0.391,10.0,500,488,0.976,0,488,0,0,0,0,11,0,0,1,0,0,0.627
r0,aggressive,long,mixed,10,20,2026,32,32,-2.445,-1.33,-15.451,-16.578,-2.514,-2.436,-4.002,-2.445,0.401,10.0,320,315,0.9844,0,312,0,0,3,0,2,3,0,0,0,0,0.658
r0,aggressive,long,mixed,10,63,ALL,165,165,-0.194,-0.12,-20.325,-24.213,-0.106,-0.246,-4.024,-0.194,0.401,10,1650,1589,0.963,0,1583,0,0,6,0,59,0,0,2,0,0,0.625
r0,aggressive,long,mixed,10,63,P1,91,91,0.355,0.28,-15.36,-24.213,0.389,0.265,-2.876,0.355,0.409,10,910,882,0.9692,0,882,0,0,0,0,27,0,0,1,0,0,0.613
r0,aggressive,long,mixed,10,63,P2,74,74,-0.868,-0.26,-20.811,-23.18,-0.715,-0.874,-5.436,-0.868,0.392,10.0,740,707,0.9554,0,701,0,0,6,0,32,0,0,1,0,0,0.64
r0,aggressive,long,mixed,10,63,2023,40,40,-0.413,-0.24,-20.369,-24.213,-0.696,-0.569,-5.072,-0.413,0.448,10.0,400,382,0.955,0,382,0,0,0,0,17,0,0,1,0,0,0.582
r0,aggressive,long,mixed,10,63,2024,51,51,0.957,0.67,-11.176,-11.492,1.241,0.919,-1.153,0.957,0.378,10,510,500,0.9804,0,500,0,0,0,0,10,0,0,0,0,0,0.638
r0,aggressive,long,mixed,10,63,2025,50,50,2.289,0.54,-19.435,-19.835,2.395,2.218,-3.26,2.289,0.456,10.0,500,473,0.946,0,472,0,0,1,0,26,0,0,1,0,0,0.627
r0,aggressive,long,mixed,10,63,2026,24,24,-7.446,-3.02,-21.798,-23.18,-7.194,-7.315,-9.97,-7.446,0.258,10.0,240,234,0.975,0,229,0,0,5,0,6,0,0,0,0,0,0.67
r0,aggressive,long,mixed,20,5,ALL,176,176,-0.1,-0.54,-6.273,-8.667,-0.101,-0.102,-0.471,-0.1,0.473,20.0,3520,3503,0.9952,0,3503,0,0,0,0,12,1,0,4,0,0,0.593
r0,aggressive,long,mixed,20,5,P1,91,91,-0.162,-0.83,-3.762,-5.88,-0.161,-0.164,-0.439,-0.162,0.446,20,1820,1813,0.9962,0,1813,0,0,0,0,5,0,0,2,0,0,0.58
r0,aggressive,long,mixed,20,5,P2,85,85,-0.035,-0.11,-7.21,-8.667,-0.037,-0.036,-0.504,-0.035,0.501,20,1700,1690,0.9941,0,1690,0,0,0,0,7,1,0,2,0,0,0.607
r0,aggressive,long,mixed,20,5,2023,40,40,-0.373,-1.54,-3.453,-3.533,-0.368,-0.374,-0.75,-0.373,0.443,20.0,800,795,0.9938,0,795,0,0,0,0,3,0,0,2,0,0,0.564
r0,aggressive,long,mixed,20,5,2024,51,51,0.004,0.02,-3.87,-5.88,0.001,0.001,-0.195,0.004,0.449,20,1020,1018,0.998,0,1018,0,0,0,0,2,0,0,0,0,0,0.592
r0,aggressive,long,mixed,20,5,2025,50,50,0.041,0.12,-5.601,-8.028,0.036,0.043,-0.453,0.041,0.504,20.0,1000,994,0.994,0,994,0,0,0,0,5,0,0,1,0,0,0.595
r0,aggressive,long,mixed,20,5,2026,35,35,-0.143,-0.23,-8.343,-8.667,-0.142,-0.148,-0.578,-0.143,0.497,20,700,696,0.9943,0,696,0,0,0,0,2,1,0,1,0,0,0.625
r0,aggressive,long,mixed,20,20,ALL,173,173,-0.552,-1.09,-11.29,-15.112,-0.558,-0.548,-2.019,-0.552,0.43,20,3460,3406,0.9844,0,3403,0,0,3,0,46,4,0,4,0,0,0.592
r0,aggressive,long,mixed,20,20,P1,91,91,-0.202,-0.34,-6.607,-7.41,-0.221,-0.207,-1.504,-0.202,0.444,20,1820,1795,0.9863,0,1795,0,0,0,0,23,0,0,2,0,0,0.58
r0,aggressive,long,mixed,20,20,P2,82,82,-0.939,-1.12,-12.507,-15.112,-0.932,-0.927,-2.592,-0.939,0.414,20.0,1640,1611,0.9823,0,1608,0,0,3,0,23,4,0,2,0,0,0.606
r0,aggressive,long,mixed,20,20,2023,40,40,-1.223,-2.95,-6.496,-6.595,-1.177,-1.194,-2.984,-1.223,0.46,20.0,800,784,0.98,0,784,0,0,0,0,14,0,0,2,0,0,0.564
r0,aggressive,long,mixed,20,20,2024,51,51,0.598,0.64,-6.681,-7.41,0.529,0.567,-0.343,0.598,0.432,20,1020,1011,0.9912,0,1011,0,0,0,0,9,0,0,0,0,0,0.592
r0,aggressive,long,mixed,20,20,2025,50,50,-0.665,-0.68,-11.168,-11.814,-0.629,-0.639,-2.244,-0.665,0.41,20.0,1000,983,0.983,0,983,0,0,0,0,16,0,0,1,0,0,0.595
r0,aggressive,long,mixed,20,20,2026,32,32,-1.367,-0.9,-13.823,-15.112,-1.406,-1.376,-3.135,-1.367,0.419,20.0,640,628,0.9812,0,625,0,0,3,0,7,4,0,1,0,0,0.624
r0,aggressive,long,mixed,20,63,ALL,165,165,-0.15,-0.1,-16.678,-20.866,-0.011,-0.178,-3.969,-0.15,0.415,20,3300,3178,0.963,0,3169,0,0,9,0,118,0,0,4,0,0,0.591
r0,aggressive,long,mixed,20,63,P1,91,91,-0.296,-0.29,-10.64,-14.056,-0.177,-0.288,-3.623,-0.296,0.414,20,1820,1761,0.9676,0,1760,0,0,1,0,57,0,0,2,0,0,0.58
r0,aggressive,long,mixed,20,63,P2,74,74,0.03,0.01,-19.253,-20.866,0.192,-0.043,-4.395,0.03,0.416,20.0,1480,1417,0.9574,0,1409,0,0,8,0,61,0,0,2,0,0,0.605
r0,aggressive,long,mixed,20,63,2023,40,40,-0.97,-0.79,-10.904,-10.908,-1.006,-0.895,-5.846,-0.97,0.456,20.0,800,761,0.9513,0,761,0,0,0,0,37,0,0,2,0,0,0.564
r0,aggressive,long,mixed,20,63,2024,51,51,0.233,0.19,-10.433,-14.056,0.473,0.188,-1.879,0.233,0.381,20,1020,1000,0.9804,0,999,0,0,1,0,20,0,0,0,0,0,0.592
r0,aggressive,long,mixed,20,63,2025,50,50,2.907,0.73,-15.929,-19.664,3.075,2.727,-1.878,2.907,0.481,20.0,1000,955,0.955,0,952,0,0,3,0,44,0,0,1,0,0,0.595
r0,aggressive,long,mixed,20,63,2026,24,24,-5.964,-2.15,-19.982,-20.866,-5.815,-5.815,-9.637,-5.964,0.282,20.0,480,462,0.9625,0,457,0,0,5,0,17,0,0,1,0,0,0.63
r0,aggressive,long,stock,10,5,ALL,176,176,-0.136,-0.53,-8.706,-12.973,-0.146,-0.144,-0.768,-0.136,0.476,10.0,1760,1747,0.9926,0,1747,0,0,0,0,11,0,0,2,0,0,0.568
r0,aggressive,long,stock,10,5,P1,91,91,-0.084,-0.33,-5.322,-9.268,-0.082,-0.083,-0.524,-0.084,0.471,10,910,905,0.9945,0,905,0,0,0,0,4,0,0,1,0,0,0.553
r0,aggressive,long,stock,10,5,P2,85,85,-0.192,-0.42,-9.947,-12.973,-0.214,-0.21,-1.029,-0.192,0.482,10,850,842,0.9906,0,842,0,0,0,0,7,0,0,1,0,0,0.583
r0,aggressive,long,stock,10,5,2023,40,40,-0.089,-0.26,-4.486,-4.637,-0.087,-0.09,-0.592,-0.089,0.464,10.0,400,397,0.9925,0,397,0,0,0,0,2,0,0,1,0,0,0.541
r0,aggressive,long,stock,10,5,2024,51,51,-0.08,-0.22,-5.879,-9.268,-0.078,-0.078,-0.471,-0.08,0.476,10,510,508,0.9961,0,508,0,0,0,0,2,0,0,0,0,0,0.562
r0,aggressive,long,stock,10,5,2025,50,50,-0.045,-0.09,-7.043,-7.676,-0.062,-0.049,-1.039,-0.045,0.492,10.0,500,494,0.988,0,494,0,0,0,0,5,0,0,1,0,0,0.565
r0,aggressive,long,stock,10,5,2026,35,35,-0.402,-0.46,-11.576,-12.973,-0.431,-0.44,-1.013,-0.402,0.467,10,350,348,0.9943,0,348,0,0,0,0,2,0,0,0,0,0,0.609
r0,aggressive,long,stock,10,20,ALL,173,173,-0.469,-0.71,-14.417,-17.195,-0.47,-0.453,-2.507,-0.469,0.451,10,1730,1693,0.9786,0,1690,0,0,3,0,32,3,0,2,0,0,0.569
r0,aggressive,long,stock,10,20,P1,91,91,0.59,0.75,-9.471,-11.638,0.552,0.566,-0.787,0.59,0.495,10,910,897,0.9857,0,897,0,0,0,0,12,0,0,1,0,0,0.553
r0,aggressive,long,stock,10,20,P2,82,82,-1.644,-1.57,-15.768,-17.195,-1.605,-1.583,-4.416,-1.644,0.402,10.0,820,796,0.9707,0,793,0,0,3,0,20,3,0,1,0,0,0.585
r0,aggressive,long,stock,10,20,2023,40,40,-0.54,-0.94,-7.592,-8.843,-0.521,-0.551,-2.338,-0.54,0.464,10.0,400,392,0.98,0,392,0,0,0,0,7,0,0,1,0,0,0.541
r0,aggressive,long,stock,10,20,2024,51,51,1.476,1.16,-10.243,-11.638,1.394,1.442,0.429,1.476,0.52,10,510,505,0.9902,0,505,0,0,0,0,5,0,0,0,0,0,0.562
r0,aggressive,long,stock,10,20,2025,50,50,-1.602,-1.49,-13.884,-15.89,-1.466,-1.484,-4.287,-1.602,0.401,10.0,500,485,0.97,0,485,0,0,0,0,14,0,0,1,0,0,0.565
r0,aggressive,long,stock,10,20,2026,32,32,-1.708,-0.82,-16.676,-17.195,-1.822,-1.739,-4.617,-1.708,0.403,10.0,320,311,0.9719,0,308,0,0,3,0,6,3,0,0,0,0,0.616
r0,aggressive,long,stock,10,63,ALL,165,165,0.984,0.55,-21.172,-26.937,1.137,0.901,-4.447,0.984,0.443,10,1650,1565,0.9485,0,1558,0,0,7,0,83,0,0,2,0,0,0.566
r0,aggressive,long,stock,10,63,P1,91,91,1.963,1.43,-13.499,-15.207,2.025,1.839,-2.721,1.963,0.465,10,910,870,0.956,0,870,0,0,0,0,39,0,0,1,0,0,0.553
r0,aggressive,long,stock,10,63,P2,74,74,-0.221,-0.06,-24.004,-26.937,0.046,-0.253,-6.569,-0.221,0.416,10.0,740,695,0.9392,0,688,0,0,7,0,44,0,0,1,0,0,0.582
r0,aggressive,long,stock,10,63,2023,40,40,0.823,0.45,-12.999,-15.176,0.569,0.694,-6.216,0.823,0.462,10.0,400,373,0.9325,0,373,0,0,0,0,26,0,0,1,0,0,0.541
r0,aggressive,long,stock,10,63,2024,51,51,2.857,1.86,-13.832,-15.207,3.167,2.738,0.021,2.857,0.467,10,510,497,0.9745,0,497,0,0,0,0,13,0,0,0,0,0,0.562
r0,aggressive,long,stock,10,63,2025,50,50,2.082,0.46,-19.061,-19.906,2.466,1.997,-4.752,2.082,0.447,10.0,500,467,0.934,0,465,0,0,2,0,32,0,0,1,0,0,0.565
r0,aggressive,long,stock,10,63,2026,24,24,-5.018,-1.04,-26.398,-26.937,-4.997,-4.941,-10.355,-5.018,0.351,10.0,240,228,0.95,0,223,0,0,5,0,12,0,0,0,0,0,0.617
r0,aggressive,long,stock,20,5,ALL,176,176,0.042,0.2,-6.753,-10.906,0.038,0.037,-0.389,0.042,0.486,20.0,3520,3500,0.9943,0,3500,0,0,0,0,13,2,0,5,0,0,0.535
r0,aggressive,long,stock,20,5,P1,91,91,0.017,0.07,-3.881,-5.14,0.015,0.012,-0.32,0.017,0.469,20,1820,1812,0.9956,0,1812,0,0,0,0,6,0,0,2,0,0,0.537
r0,aggressive,long,stock,20,5,P2,85,85,0.069,0.19,-7.972,-10.906,0.063,0.064,-0.463,0.069,0.503,20,1700,1688,0.9929,0,1688,0,0,0,0,7,2,0,3,0,0,0.533
r0,aggressive,long,stock,20,5,2023,40,40,-0.219,-0.85,-3.491,-3.782,-0.22,-0.226,-0.73,-0.219,0.46,20.0,800,794,0.9925,0,794,0,0,0,0,4,0,0,2,0,0,0.528
r0,aggressive,long,stock,20,5,2024,51,51,0.202,0.58,-4.14,-5.14,0.199,0.199,0.002,0.202,0.477,20,1020,1018,0.998,0,1018,0,0,0,0,2,0,0,0,0,0,0.544
r0,aggressive,long,stock,20,5,2025,50,50,0.13,0.35,-5.618,-7.039,0.123,0.129,-0.366,0.13,0.504,20.0,1000,993,0.993,0,993,0,0,0,0,5,0,0,2,0,0,0.53
r0,aggressive,long,stock,20,5,2026,35,35,-0.017,-0.02,-10.243,-10.906,-0.023,-0.029,-0.602,-0.017,0.501,20,700,695,0.9929,0,695,0,0,0,0,2,2,0,1,0,0,0.54
r0,aggressive,long,stock,20,20,ALL,173,173,-0.033,-0.06,-12.021,-15.323,-0.072,-0.049,-2.05,-0.033,0.466,20,3460,3387,0.9789,0,3384,0,0,3,0,63,5,0,5,0,0,0.534
r0,aggressive,long,stock,20,20,P1,91,91,0.443,0.72,-6.172,-6.591,0.403,0.424,-1.379,0.443,0.494,20,1820,1786,0.9813,0,1786,0,0,0,0,32,0,0,2,0,0,0.537
r0,aggressive,long,stock,20,20,P2,82,82,-0.561,-0.59,-13.291,-15.323,-0.599,-0.574,-2.794,-0.561,0.435,20.0,1640,1601,0.9762,0,1598,0,0,3,0,31,5,0,3,0,0,0.531
r0,aggressive,long,stock,20,20,2023,40,40,-0.651,-1.89,-4.88,-5.709,-0.628,-0.636,-3.317,-0.651,0.457,20.0,800,777,0.9712,0,777,0,0,0,0,21,0,0,2,0,0,0.528
r0,aggressive,long,stock,20,20,2024,51,51,1.302,1.3,-6.408,-6.591,1.212,1.255,0.141,1.302,0.522,20,1020,1009,0.9892,0,1009,0,0,0,0,11,0,0,0,0,0,0.544
r0,aggressive,long,stock,20,20,2025,50,50,-0.465,-0.43,-12.32,-13.057,-0.475,-0.463,-2.769,-0.465,0.445,20.0,1000,975,0.975,0,975,0,0,0,0,23,0,0,2,0,0,0.53
r0,aggressive,long,stock,20,20,2026,32,32,-0.712,-0.4,-14.6,-15.323,-0.793,-0.747,-2.833,-0.712,0.418,20.0,640,626,0.9781,0,623,0,0,3,0,8,5,0,1,0,0,0.535
r0,aggressive,long,stock,20,63,ALL,165,165,1.095,0.68,-17.535,-24.508,1.134,0.999,-3.971,1.095,0.452,20,3300,3141,0.9518,0,3133,0,0,8,0,154,0,0,5,0,0,0.531
r0,aggressive,long,stock,20,63,P1,91,91,1.496,1.16,-9.639,-12.175,1.516,1.428,-3.075,1.496,0.47,20,1820,1741,0.9566,0,1741,0,0,0,0,77,0,0,2,0,0,0.537
r0,aggressive,long,stock,20,63,P2,74,74,0.603,0.19,-21.648,-24.508,0.664,0.471,-5.073,0.603,0.431,20.0,1480,1400,0.9459,0,1392,0,0,8,0,77,0,0,3,0,0,0.525
r0,aggressive,long,stock,20,63,2023,40,40,0.42,0.19,-11.661,-12.175,0.274,0.403,-6.544,0.42,0.453,20.0,800,746,0.9325,0,746,0,0,0,0,52,0,0,2,0,0,0.528
r0,aggressive,long,stock,20,63,2024,51,51,2.34,2.51,-7.769,-8.19,2.49,2.233,-0.353,2.34,0.482,20,1020,995,0.9755,0,995,0,0,0,0,25,0,0,0,0,0,0.544
r0,aggressive,long,stock,20,63,2025,50,50,2.965,0.74,-14.219,-16.11,3.058,2.769,-3.16,2.965,0.473,20.0,1000,942,0.942,0,939,0,0,3,0,56,0,0,2,0,0,0.53
r0,aggressive,long,stock,20,63,2026,24,24,-4.318,-0.95,-24.156,-24.508,-4.324,-4.316,-9.057,-4.318,0.344,20.0,480,458,0.9542,0,453,0,0,5,0,21,0,0,1,0,0,0.517
r0,aggressive,mid,mixed,10,5,ALL,176,176,-0.08,-0.33,-7.41,-10.247,-0.084,-0.08,-0.361,-0.08,0.453,10.0,1760,1753,0.996,0,1753,0,0,0,0,5,0,0,2,0,0,0.653
r0,aggressive,mid,mixed,10,5,P1,91,91,-0.15,-0.58,-4.64,-6.186,-0.151,-0.151,-0.374,-0.15,0.407,10,910,907,0.9967,0,907,0,0,0,0,2,0,0,1,0,0,0.638
r0,aggressive,mid,mixed,10,5,P2,85,85,-0.005,-0.01,-8.777,-10.247,-0.013,-0.003,-0.346,-0.005,0.502,10,850,846,0.9953,0,846,0,0,0,0,3,0,0,1,0,0,0.67
r0,aggressive,mid,mixed,10,5,2023,40,40,-0.285,-0.85,-4.645,-5.239,-0.279,-0.285,-0.538,-0.285,0.395,10.0,400,398,0.995,0,398,0,0,0,0,1,0,0,1,0,0,0.587
r0,aggressive,mid,mixed,10,5,2024,51,51,-0.043,-0.11,-4.531,-6.186,-0.05,-0.047,-0.247,-0.043,0.417,10,510,509,0.998,0,509,0,0,0,0,1,0,0,0,0,0,0.676
r0,aggressive,mid,mixed,10,5,2025,50,50,0.123,0.25,-8.189,-9.689,0.11,0.126,-0.457,0.123,0.506,10.0,500,496,0.992,0,496,0,0,0,0,3,0,0,1,0,0,0.649
r0,aggressive,mid,mixed,10,5,2026,35,35,-0.187,-0.26,-9.327,-10.247,-0.187,-0.187,-0.187,-0.187,0.497,10,350,350,1.0,0,350,0,0,0,0,0,0,0,0,0,0,0.703
r0,aggressive,mid,mixed,10,20,ALL,173,173,-0.756,-1.26,-13.069,-14.343,-0.74,-0.729,-1.778,-0.756,0.42,10,1730,1710,0.9884,0,1708,0,0,2,0,16,2,0,2,0,0,0.652
r0,aggressive,mid,mixed,10,20,P1,91,91,-0.147,-0.18,-10.52,-14.343,-0.146,-0.141,-0.595,-0.147,0.438,10,910,905,0.9945,0,905,0,0,0,0,4,0,0,1,0,0,0.638
r0,aggressive,mid,mixed,10,20,P2,82,82,-1.432,-1.6,-13.466,-14.325,-1.399,-1.381,-3.091,-1.432,0.401,10.0,820,805,0.9817,0,803,0,0,2,0,12,2,0,1,0,0,0.669
r0,aggressive,mid,mixed,10,20,2023,40,40,-1.256,-1.76,-11.775,-14.343,-1.265,-1.266,-1.781,-1.256,0.457,10.0,400,397,0.9925,0,397,0,0,0,0,2,0,0,1,0,0,0.587
r0,aggressive,mid,mixed,10,20,2024,51,51,0.722,0.57,-9.683,-10.295,0.731,0.741,0.335,0.722,0.423,10,510,508,0.9961,0,508,0,0,0,0,2,0,0,0,0,0,0.676
r0,aggressive,mid,mixed,10,20,2025,50,50,-1.285,-1.27,-12.445,-13.257,-1.184,-1.202,-3.205,-1.285,0.395,10.0,500,489,0.978,0,489,0,0,0,0,10,0,0,1,0,0,0.649
r0,aggressive,mid,mixed,10,20,2026,32,32,-1.663,-1.0,-13.853,-14.325,-1.734,-1.662,-2.912,-1.663,0.41,10.0,320,316,0.9875,0,314,0,0,2,0,2,2,0,0,0,0,0.703
r0,aggressive,mid,mixed,10,63,ALL,165,165,-0.697,-0.46,-19.215,-24.213,-0.59,-0.723,-4.196,-0.697,0.397,10,1650,1594,0.9661,0,1589,0,0,5,0,54,0,0,2,0,0,0.649
r0,aggressive,mid,mixed,10,63,P1,91,91,-0.476,-0.38,-14.601,-24.213,-0.429,-0.537,-2.997,-0.476,0.397,10,910,888,0.9758,0,888,0,0,0,0,21,0,0,1,0,0,0.638
r0,aggressive,mid,mixed,10,63,P2,74,74,-0.969,-0.32,-20.674,-22.803,-0.788,-0.95,-5.67,-0.969,0.398,10.0,740,706,0.9541,0,701,0,0,5,0,33,0,0,1,0,0,0.664
r0,aggressive,mid,mixed,10,63,2023,40,40,-1.64,-1.26,-19.131,-24.213,-1.976,-1.765,-5.533,-1.64,0.439,10.0,400,385,0.9625,0,385,0,0,0,0,14,0,0,1,0,0,0.587
r0,aggressive,mid,mixed,10,63,2024,51,51,0.436,0.26,-11.58,-12.648,0.785,0.426,-1.008,0.436,0.364,10,510,503,0.9863,0,503,0,0,0,0,7,0,0,0,0,0,0.676
r0,aggressive,mid,mixed,10,63,2025,50,50,1.863,0.48,-18.028,-19.835,2.054,1.859,-3.642,1.863,0.461,10.0,500,473,0.946,0,472,0,0,1,0,26,0,0,1,0,0,0.649
r0,aggressive,mid,mixed,10,63,2026,24,24,-6.869,-3.41,-21.796,-22.803,-6.711,-6.804,-9.895,-6.869,0.265,10.0,240,233,0.9708,0,229,0,0,4,0,7,0,0,0,0,0,0.7
r0,aggressive,mid,mixed,20,5,ALL,176,176,-0.094,-0.5,-6.359,-8.938,-0.097,-0.097,-0.465,-0.094,0.472,20.0,3520,3501,0.9946,0,3501,0,0,0,0,12,1,0,6,0,0,0.61
r0,aggressive,mid,mixed,20,5,P1,91,91,-0.22,-1.15,-3.737,-5.915,-0.221,-0.223,-0.498,-0.22,0.439,20,1820,1812,0.9956,0,1812,0,0,0,0,5,0,0,3,0,0,0.607
r0,aggressive,mid,mixed,20,5,P2,85,85,0.041,0.12,-7.594,-8.938,0.036,0.038,-0.43,0.041,0.507,20,1700,1689,0.9935,0,1689,0,0,0,0,7,1,0,3,0,0,0.613
r0,aggressive,mid,mixed,20,5,2023,40,40,-0.325,-1.35,-3.49,-3.553,-0.323,-0.329,-0.705,-0.325,0.437,20.0,800,795,0.9938,0,795,0,0,0,0,3,0,0,2,0,0,0.576
r0,aggressive,mid,mixed,20,5,2024,51,51,-0.137,-0.48,-3.85,-5.915,-0.141,-0.14,-0.337,-0.137,0.44,20,1020,1017,0.9971,0,1017,0,0,0,0,2,0,0,1,0,0,0.631
r0,aggressive,mid,mixed,20,5,2025,50,50,0.178,0.49,-6.295,-8.938,0.172,0.181,-0.315,0.178,0.515,20.0,1000,993,0.993,0,993,0,0,0,0,5,0,0,2,0,0,0.587
r0,aggressive,mid,mixed,20,5,2026,35,35,-0.156,-0.26,-8.328,-8.801,-0.158,-0.167,-0.595,-0.156,0.496,20,700,696,0.9943,0,696,0,0,0,0,2,1,0,1,0,0,0.65
r0,aggressive,mid,mixed,20,20,ALL,173,173,-0.703,-1.42,-11.022,-13.863,-0.71,-0.687,-2.044,-0.703,0.429,20,3460,3408,0.985,0,3405,0,0,3,0,43,3,0,6,0,0,0.609
r0,aggressive,mid,mixed,20,20,P1,91,91,-0.433,-0.78,-7.258,-8.5,-0.45,-0.431,-1.62,-0.433,0.441,20,1820,1796,0.9868,0,1796,0,0,0,0,21,0,0,3,0,0,0.607
r0,aggressive,mid,mixed,20,20,P2,82,82,-1.002,-1.19,-12.116,-13.863,-0.998,-0.971,-2.514,-1.002,0.416,20.0,1640,1612,0.9829,0,1609,0,0,3,0,22,3,0,3,0,0,0.611
r0,aggressive,mid,mixed,20,20,2023,40,40,-1.334,-2.95,-6.675,-6.953,-1.299,-1.306,-2.978,-1.334,0.453,20.0,800,785,0.9812,0,785,0,0,0,0,13,0,0,2,0,0,0.576
r0,aggressive,mid,mixed,20,20,2024,51,51,0.273,0.31,-7.646,-8.5,0.216,0.256,-0.555,0.273,0.432,20,1020,1011,0.9912,0,1011,0,0,0,0,8,0,0,1,0,0,0.631
r0,aggressive,mid,mixed,20,20,2025,50,50,-0.697,-0.66,-11.713,-12.289,-0.66,-0.662,-2.163,-0.697,0.416,20.0,1000,983,0.983,0,983,0,0,0,0,15,0,0,2,0,0,0.587
r0,aggressive,mid,mixed,20,20,2026,32,32,-1.478,-1.08,-12.72,-13.863,-1.525,-1.453,-3.061,-1.478,0.415,20.0,640,629,0.9828,0,626,0,0,3,0,7,3,0,1,0,0,0.65
r0,aggressive,mid,mixed,20,63,ALL,165,165,-0.534,-0.34,-16.947,-22.661,-0.389,-0.524,-4.386,-0.534,0.406,20,3300,3174,0.9618,0,3167,0,0,7,0,120,0,0,6,0,0,0.606
r0,aggressive,mid,mixed,20,63,P1,91,91,-0.883,-1.01,-10.956,-11.932,-0.741,-0.844,-4.242,-0.883,0.399,20,1820,1759,0.9665,0,1758,0,0,1,0,58,0,0,3,0,0,0.607
r0,aggressive,mid,mixed,20,63,P2,74,74,-0.106,-0.03,-19.136,-22.661,0.044,-0.13,-4.563,-0.106,0.414,20.0,1480,1415,0.9561,0,1409,0,0,6,0,62,0,0,3,0,0,0.605
r0,aggressive,mid,mixed,20,63,2023,40,40,-1.545,-1.26,-11.42,-11.932,-1.557,-1.444,-6.397,-1.545,0.437,20.0,800,761,0.9513,0,761,0,0,0,0,37,0,0,2,0,0,0.576
r0,aggressive,mid,mixed,20,63,2024,51,51,-0.363,-0.37,-10.577,-11.527,-0.101,-0.374,-2.551,-0.363,0.37,20,1020,998,0.9784,0,997,0,0,1,0,21,0,0,1,0,0,0.631
r0,aggressive,mid,mixed,20,63,2025,50,50,3.013,0.72,-16.084,-18.989,3.152,2.858,-1.65,3.013,0.481,20.0,1000,955,0.955,0,954,0,0,1,0,43,0,0,2,0,0,0.587
r0,aggressive,mid,mixed,20,63,2026,24,24,-6.605,-2.38,-20.334,-22.661,-6.429,-6.357,-10.632,-6.605,0.275,20.0,480,460,0.9583,0,455,0,0,5,0,19,0,0,1,0,0,0.646
r0,aggressive,mid,stock,10,5,ALL,176,176,0.114,0.44,-7.565,-12.973,0.107,0.109,-0.399,0.114,0.483,10.0,1760,1749,0.9938,0,1749,0,0,0,0,9,0,0,2,0,0,0.596
r0,aggressive,mid,stock,10,5,P1,91,91,0.032,0.12,-4.464,-5.96,0.033,0.03,-0.301,0.032,0.467,10,910,906,0.9956,0,906,0,0,0,0,3,0,0,1,0,0,0.588
r0,aggressive,mid,stock,10,5,P2,85,85,0.201,0.45,-8.902,-12.973,0.188,0.193,-0.505,0.201,0.501,10,850,843,0.9918,0,843,0,0,0,0,6,0,0,1,0,0,0.605
r0,aggressive,mid,stock,10,5,2023,40,40,-0.094,-0.27,-4.387,-4.839,-0.088,-0.093,-0.346,-0.094,0.455,10.0,400,398,0.995,0,398,0,0,0,0,1,0,0,1,0,0,0.559
r0,aggressive,mid,stock,10,5,2024,51,51,0.131,0.35,-4.506,-5.96,0.127,0.128,-0.266,0.131,0.476,10,510,508,0.9961,0,508,0,0,0,0,2,0,0,0,0,0,0.61
r0,aggressive,mid,stock,10,5,2025,50,50,0.338,0.68,-7.636,-9.834,0.318,0.336,-0.654,0.338,0.514,10.0,500,494,0.988,0,494,0,0,0,0,5,0,0,1,0,0,0.594
r0,aggressive,mid,stock,10,5,2026,35,35,0.006,0.01,-10.396,-12.973,0.001,-0.013,-0.291,0.006,0.483,10,350,349,0.9971,0,349,0,0,0,0,1,0,0,0,0,0,0.624
r0,aggressive,mid,stock,10,20,ALL,173,173,-0.331,-0.5,-13.72,-17.532,-0.314,-0.299,-2.058,-0.331,0.457,10,1730,1698,0.9815,0,1695,0,0,3,0,27,3,0,2,0,0,0.597
r0,aggressive,mid,stock,10,20,P1,91,91,0.612,0.81,-9.115,-10.295,0.583,0.599,-0.529,0.612,0.499,10,910,899,0.9879,0,899,0,0,0,0,10,0,0,1,0,0,0.588
r0,aggressive,mid,stock,10,20,P2,82,82,-1.379,-1.29,-14.692,-17.532,-1.308,-1.295,-3.755,-1.379,0.41,10.0,820,799,0.9744,0,796,0,0,3,0,17,3,0,1,0,0,0.606
r0,aggressive,mid,stock,10,20,2023,40,40,-0.407,-0.69,-7.794,-8.548,-0.396,-0.42,-1.694,-0.407,0.482,10.0,400,394,0.985,0,394,0,0,0,0,5,0,0,1,0,0,0.559
r0,aggressive,mid,stock,10,20,2024,51,51,1.412,1.17,-9.634,-10.295,1.35,1.398,0.385,1.412,0.512,10,510,505,0.9902,0,505,0,0,0,0,5,0,0,0,0,0,0.61
r0,aggressive,mid,stock,10,20,2025,50,50,-1.569,-1.28,-13.87,-14.999,-1.385,-1.425,-4.028,-1.569,0.405,10.0,500,486,0.972,0,486,0,0,0,0,13,0,0,1,0,0,0.594
r0,aggressive,mid,stock,10,20,2026,32,32,-1.081,-0.56,-15.837,-17.532,-1.19,-1.091,-3.328,-1.081,0.419,10.0,320,313,0.9781,0,310,0,0,3,0,4,3,0,0,0,0,0.629
r0,aggressive,mid,stock,10,63,ALL,165,165,0.826,0.45,-21.507,-27.935,0.857,0.729,-4.362,0.826,0.444,10,1650,1569,0.9509,0,1563,0,0,6,0,79,0,0,2,0,0,0.594
r0,aggressive,mid,stock,10,63,P1,91,91,1.55,1.29,-11.653,-13.444,1.503,1.421,-2.46,1.55,0.464,10,910,876,0.9626,0,876,0,0,0,0,33,0,0,1,0,0,0.588
r0,aggressive,mid,stock,10,63,P2,74,74,-0.063,-0.02,-25.294,-27.935,0.063,-0.122,-6.702,-0.063,0.419,10.0,740,693,0.9365,0,687,0,0,6,0,46,0,0,1,0,0,0.601
r0,aggressive,mid,stock,10,63,2023,40,40,0.892,0.52,-9.833,-10.362,0.479,0.668,-4.991,0.892,0.465,10.0,400,378,0.945,0,378,0,0,0,0,21,0,0,1,0,0,0.559
r0,aggressive,mid,stock,10,63,2024,51,51,2.065,1.45,-12.686,-13.444,2.306,2.011,-0.475,2.065,0.463,10,510,498,0.9765,0,498,0,0,0,0,12,0,0,0,0,0,0.61
r0,aggressive,mid,stock,10,63,2025,50,50,2.394,0.48,-20.274,-23.615,2.518,2.223,-4.739,2.394,0.455,10.0,500,466,0.932,0,465,0,0,1,0,33,0,0,1,0,0,0.594
r0,aggressive,mid,stock,10,63,2026,24,24,-5.181,-1.05,-26.546,-27.935,-5.053,-5.009,-10.792,-5.181,0.343,10.0,240,227,0.9458,0,222,0,0,5,0,13,0,0,0,0,0,0.622
r0,aggressive,mid,stock,20,5,ALL,176,176,-0.041,-0.19,-6.493,-8.365,-0.045,-0.045,-0.5,-0.041,0.484,20.0,3520,3498,0.9938,0,3498,0,0,0,0,13,3,0,6,0,0,0.563
r0,aggressive,mid,stock,20,5,P1,91,91,-0.077,-0.33,-3.884,-4.911,-0.078,-0.078,-0.411,-0.077,0.469,20,1820,1811,0.9951,0,1811,0,0,0,0,6,0,0,3,0,0,0.563
r0,aggressive,mid,stock,20,5,P2,85,85,-0.002,-0.01,-7.602,-8.365,-0.009,-0.008,-0.594,-0.002,0.5,20,1700,1687,0.9924,0,1687,0,0,0,0,7,3,0,3,0,0,0.562
r0,aggressive,mid,stock,20,5,2023,40,40,-0.217,-0.86,-3.474,-3.624,-0.215,-0.218,-0.725,-0.217,0.464,20.0,800,794,0.9925,0,794,0,0,0,0,4,0,0,2,0,0,0.547
r0,aggressive,mid,stock,20,5,2024,51,51,0.033,0.09,-4.158,-4.911,0.03,0.031,-0.166,0.033,0.473,20,1020,1017,0.9971,0,1017,0,0,0,0,2,0,0,1,0,0,0.574
r0,aggressive,mid,stock,20,5,2025,50,50,0.065,0.17,-6.511,-8.109,0.055,0.062,-0.433,0.065,0.507,20.0,1000,993,0.993,0,993,0,0,0,0,5,0,0,2,0,0,0.553
r0,aggressive,mid,stock,20,5,2026,35,35,-0.098,-0.15,-8.311,-8.365,-0.101,-0.109,-0.825,-0.098,0.49,20,700,694,0.9914,0,694,0,0,0,0,2,3,0,1,0,0,0.581
r0,aggressive,mid,stock,20,20,ALL,173,173,-0.104,-0.19,-11.431,-14.709,-0.14,-0.112,-1.884,-0.104,0.464,20,3460,3394,0.9809,0,3391,0,0,3,0,56,4,0,6,0,0,0.562
r0,aggressive,mid,stock,20,20,P1,91,91,0.201,0.32,-6.584,-7.769,0.159,0.184,-1.294,0.201,0.484,20,1820,1791,0.9841,0,1791,0,0,0,0,26,0,0,3,0,0,0.563
r0,aggressive,mid,stock,20,20,P2,82,82,-0.442,-0.47,-12.879,-14.709,-0.472,-0.44,-2.538,-0.442,0.441,20.0,1640,1603,0.9774,0,1600,0,0,3,0,30,4,0,3,0,0,0.56
r0,aggressive,mid,stock,20,20,2023,40,40,-0.904,-2.5,-5.435,-6.14,-0.886,-0.884,-3.079,-0.904,0.448,20.0,800,781,0.9762,0,781,0,0,0,0,17,0,0,2,0,0,0.547
r0,aggressive,mid,stock,20,20,2024,51,51,1.067,1.05,-7.014,-7.769,0.978,1.022,0.106,1.067,0.513,20,1020,1010,0.9902,0,1010,0,0,0,0,9,0,0,1,0,0,0.574
r0,aggressive,mid,stock,20,20,2025,50,50,-0.175,-0.15,-12.108,-12.352,-0.164,-0.158,-2.259,-0.175,0.454,20.0,1000,977,0.977,0,977,0,0,0,0,21,0,0,2,0,0,0.553
r0,aggressive,mid,stock,20,20,2026,32,32,-0.859,-0.51,-14.036,-14.709,-0.953,-0.88,-2.974,-0.859,0.419,20.0,640,626,0.9781,0,623,0,0,3,0,9,4,0,1,0,0,0.577
r0,aggressive,mid,stock,20,63,ALL,165,165,0.571,0.34,-17.422,-27.312,0.608,0.492,-4.393,0.571,0.441,20,3300,3143,0.9524,0,3135,0,0,8,0,151,0,0,6,0,0,0.559
r0,aggressive,mid,stock,20,63,P1,91,91,0.821,0.81,-9.704,-12.666,0.858,0.778,-3.23,0.821,0.454,20,1820,1749,0.961,0,1749,0,0,0,0,68,0,0,3,0,0,0.563
r0,aggressive,mid,stock,20,63,P2,74,74,0.265,0.08,-21.34,-27.312,0.301,0.14,-5.823,0.265,0.425,20.0,1480,1394,0.9419,0,1386,0,0,8,0,83,0,0,3,0,0,0.553
r0,aggressive,mid,stock,20,63,2023,40,40,-0.328,-0.19,-10.432,-12.666,-0.444,-0.306,-6.375,-0.328,0.437,20.0,800,753,0.9413,0,753,0,0,0,0,45,0,0,2,0,0,0.547
r0,aggressive,mid,stock,20,63,2024,51,51,1.722,2.32,-9.219,-9.435,1.879,1.628,-0.763,1.722,0.466,20,1020,996,0.9765,0,996,0,0,0,0,23,0,0,1,0,0,0.574
r0,aggressive,mid,stock,20,63,2025,50,50,2.877,0.66,-14.268,-15.325,2.909,2.644,-3.688,2.877,0.467,20.0,1000,938,0.938,0,935,0,0,3,0,60,0,0,2,0,0,0.553
r0,aggressive,mid,stock,20,63,2026,24,24,-5.178,-1.23,-23.999,-27.312,-5.13,-5.076,-10.271,-5.178,0.337,20.0,480,456,0.95,0,451,0,0,5,0,23,0,0,1,0,0,0.559
r0,aggressive,short,mixed,10,5,ALL,176,176,-0.099,-0.47,-5.963,-9.827,-0.101,-0.102,-0.384,-0.099,0.466,10.0,1760,1755,0.9972,0,1755,0,0,0,0,4,1,0,0,0,0,0.691
r0,aggressive,short,mixed,10,5,P1,91,91,-0.162,-0.62,-4.317,-4.588,-0.16,-0.163,-0.386,-0.162,0.427,10,910,908,0.9978,0,908,0,0,0,0,2,0,0,0,0,0,0.687
r0,aggressive,short,mixed,10,5,P2,85,85,-0.031,-0.09,-7.185,-9.827,-0.038,-0.037,-0.382,-0.031,0.507,10,850,847,0.9965,0,847,0,0,0,0,2,1,0,0,0,0,0.696
r0,aggressive,short,mixed,10,5,2023,40,40,-0.296,-1.01,-4.53,-4.588,-0.284,-0.294,-0.547,-0.296,0.408,10.0,400,399,0.9975,0,399,0,0,0,0,1,0,0,0,0,0,0.664
r0,aggressive,short,mixed,10,5,2024,51,51,-0.057,-0.14,-3.949,-4.334,-0.063,-0.06,-0.259,-0.057,0.443,10,510,509,0.998,0,509,0,0,0,0,1,0,0,0,0,0,0.704
r0,aggressive,short,mixed,10,5,2025,50,50,-0.034,-0.08,-7.354,-9.827,-0.045,-0.039,-0.427,-0.034,0.512,10.0,500,498,0.996,0,498,0,0,0,0,2,0,0,0,0,0,0.688
r0,aggressive,short,mixed,10,5,2026,35,35,-0.028,-0.05,-6.931,-8.338,-0.029,-0.035,-0.317,-0.028,0.499,10,350,349,0.9971,0,349,0,0,0,0,0,1,0,0,0,0,0.709
r0,aggressive,short,mixed,10,20,ALL,173,173,-0.683,-1.15,-12.535,-16.688,-0.671,-0.656,-1.655,-0.683,0.433,10,1730,1713,0.9902,0,1713,0,0,0,0,16,1,0,0,0,0,0.692
r0,aggressive,short,mixed,10,20,P1,91,91,-0.389,-0.53,-9.161,-9.811,-0.376,-0.36,-1.142,-0.389,0.444,10,910,903,0.9923,0,903,0,0,0,0,7,0,0,0,0,0,0.687
r0,aggressive,short,mixed,10,20,P2,82,82,-1.01,-1.06,-14.325,-16.688,-0.998,-0.984,-2.224,-1.01,0.422,10.0,820,810,0.9878,0,810,0,0,0,0,9,1,0,0,0,0,0.698
r0,aggressive,short,mixed,10,20,2023,40,40,-1.266,-1.83,-9.235,-9.811,-1.24,-1.244,-2.258,-1.266,0.448,10.0,400,396,0.99,0,396,0,0,0,0,4,0,0,0,0,0,0.664
r0,aggressive,short,mixed,10,20,2024,51,51,0.299,0.26,-9.111,-9.671,0.302,0.334,-0.267,0.299,0.441,10,510,507,0.9941,0,507,0,0,0,0,3,0,0,0,0,0,0.704
r0,aggressive,short,mixed,10,20,2025,50,50,-0.842,-0.66,-13.902,-14.529,-0.807,-0.81,-2.209,-0.842,0.431,10.0,500,493,0.986,0,493,0,0,0,0,7,0,0,0,0,0,0.688
r0,aggressive,short,mixed,10,20,2026,32,32,-1.272,-0.9,-14.961,-16.688,-1.296,-1.256,-2.247,-1.272,0.407,10.0,320,317,0.9906,0,317,0,0,0,0,2,1,0,0,0,0,0.713
r0,aggressive,short,mixed,10,63,ALL,165,165,-1.477,-0.82,-19.358,-31.593,-1.388,-1.441,-4.735,-1.477,0.399,10,1650,1599,0.9691,0,1595,0,0,4,0,51,0,0,0,0,0,0.69
r0,aggressive,short,mixed,10,63,P1,91,91,-1.084,-1.14,-13.373,-14.755,-1.068,-1.091,-3.919,-1.084,0.403,10,910,886,0.9736,0,884,0,0,2,0,24,0,0,0,0,0,0.687
r0,aggressive,short,mixed,10,63,P2,74,74,-1.96,-0.52,-22.982,-31.593,-1.781,-1.872,-5.739,-1.96,0.395,10.0,740,713,0.9635,0,711,0,0,2,0,27,0,0,0,0,0,0.693
r0,aggressive,short,mixed,10,63,2023,40,40,-1.746,-1.83,-12.185,-13.356,-2.004,-1.784,-6.141,-1.746,0.419,10.0,400,384,0.96,0,384,0,0,0,0,16,0,0,0,0,0,0.664
r0,aggressive,short,mixed,10,63,2024,51,51,-0.564,-0.4,-13.731,-14.755,-0.335,-0.546,-2.176,-0.564,0.39,10,510,502,0.9843,0,500,0,0,2,0,8,0,0,0,0,0,0.704
r0,aggressive,short,mixed,10,63,2025,50,50,1.315,0.26,-19.897,-21.948,1.478,1.319,-2.922,1.315,0.45,10.0,500,480,0.96,0,480,0,0,0,0,20,0,0,0,0,0,0.688
r0,aggressive,short,mixed,10,63,2026,24,24,-8.784,-6.45,-25.066,-31.593,-8.57,-8.519,-11.609,-8.784,0.28,10.0,240,233,0.9708,0,231,0,0,2,0,7,0,0,0,0,0,0.704
r0,aggressive,short,mixed,20,5,ALL,176,176,-0.092,-0.48,-5.997,-9.97,-0.092,-0.094,-0.321,-0.092,0.466,20.0,3520,3509,0.9969,0,3509,0,0,0,0,7,1,0,3,0,0,0.628
r0,aggressive,short,mixed,20,5,P1,91,91,-0.067,-0.31,-3.862,-4.95,-0.066,-0.067,-0.236,-0.067,0.439,20,1820,1815,0.9973,0,1815,0,0,0,0,3,0,0,2,0,0,0.627
r0,aggressive,short,mixed,20,5,P2,85,85,-0.119,-0.37,-6.997,-9.97,-0.12,-0.122,-0.413,-0.119,0.495,20,1700,1694,0.9965,0,1694,0,0,0,0,4,1,0,1,0,0,0.63
r0,aggressive,short,mixed,20,5,2023,40,40,-0.151,-0.58,-3.987,-4.95,-0.148,-0.149,-0.407,-0.151,0.44,20.0,800,797,0.9962,0,797,0,0,0,0,2,0,0,1,0,0,0.597
r0,aggressive,short,mixed,20,5,2024,51,51,-0.0,-0.0,-3.755,-4.822,-0.002,-0.002,-0.102,-0.0,0.437,20,1020,1018,0.998,0,1018,0,0,0,0,1,0,0,1,0,0,0.649
r0,aggressive,short,mixed,20,5,2025,50,50,0.022,0.06,-6.542,-9.97,0.019,0.022,-0.275,0.022,0.497,20.0,1000,996,0.996,0,996,0,0,0,0,3,0,0,1,0,0,0.607
r0,aggressive,short,mixed,20,5,2026,35,35,-0.322,-0.59,-6.454,-6.607,-0.319,-0.328,-0.609,-0.322,0.492,20,700,698,0.9971,0,698,0,0,0,0,1,1,0,0,0,0,0.665
r0,aggressive,short,mixed,20,20,ALL,173,173,-0.751,-1.53,-11.536,-14.107,-0.76,-0.736,-1.889,-0.751,0.433,20,3460,3418,0.9879,0,3417,0,0,1,0,38,1,0,3,0,0,0.626
r0,aggressive,short,mixed,20,20,P1,91,91,-0.454,-0.8,-8.083,-9.144,-0.458,-0.442,-1.459,-0.454,0.44,20,1820,1800,0.989,0,1800,0,0,0,0,18,0,0,2,0,0,0.627
r0,aggressive,short,mixed,20,20,P2,82,82,-1.081,-1.32,-12.3,-14.107,-1.095,-1.063,-2.365,-1.081,0.426,20.0,1640,1618,0.9866,0,1617,0,0,1,0,20,1,0,1,0,0,0.627
r0,aggressive,short,mixed,20,20,2023,40,40,-1.234,-2.26,-7.851,-8.802,-1.21,-1.204,-2.617,-1.234,0.443,20.0,800,788,0.985,0,788,0,0,0,0,11,0,0,1,0,0,0.597
r0,aggressive,short,mixed,20,20,2024,51,51,0.157,0.18,-8.238,-9.144,0.131,0.155,-0.552,0.157,0.437,20,1020,1012,0.9922,0,1012,0,0,0,0,7,0,0,1,0,0,0.649
r0,aggressive,short,mixed,20,20,2025,50,50,-0.456,-0.41,-12.601,-14.107,-0.456,-0.443,-1.948,-0.456,0.437,20.0,1000,984,0.984,0,984,0,0,0,0,15,0,0,1,0,0,0.607
r0,aggressive,short,mixed,20,20,2026,32,32,-2.056,-1.92,-11.847,-12.328,-2.095,-2.032,-3.016,-2.056,0.41,20.0,640,634,0.9906,0,633,0,0,1,0,5,1,0,0,0,0,0.658
r0,aggressive,short,mixed,20,63,ALL,165,165,-1.329,-0.86,-17.511,-26.772,-1.221,-1.268,-4.954,-1.329,0.393,20,3300,3183,0.9645,0,3176,0,0,7,0,114,0,0,3,0,0,0.624
r0,aggressive,short,mixed,20,63,P1,91,91,-1.254,-1.61,-10.892,-12.094,-1.224,-1.223,-4.468,-1.254,0.387,20,1820,1763,0.9687,0,1760,0,0,3,0,55,0,0,2,0,0,0.627
r0,aggressive,short,mixed,20,63,P2,74,74,-1.422,-0.43,-20.087,-26.772,-1.217,-1.324,-5.552,-1.422,0.401,20.0,1480,1420,0.9595,0,1416,0,0,4,0,59,0,0,1,0,0,0.623
r0,aggressive,short,mixed,20,63,2023,40,40,-2.104,-2.74,-11.271,-12.094,-2.292,-2.059,-6.951,-2.104,0.41,20.0,800,763,0.9537,0,763,0,0,0,0,36,0,0,1,0,0,0.597
r0,aggressive,short,mixed,20,63,2024,51,51,-0.587,-0.54,-10.639,-10.892,-0.386,-0.566,-2.52,-0.587,0.368,20,1020,1000,0.9804,0,997,0,0,3,0,19,0,0,1,0,0,0.649
r0,aggressive,short,mixed,20,63,2025,50,50,1.717,0.43,-17.122,-18.244,1.958,1.782,-3.207,1.717,0.466,20.0,1000,952,0.952,0,951,0,0,1,0,47,0,0,1,0,0,0.607
r0,aggressive,short,mixed,20,63,2026,24,24,-7.962,-3.79,-22.228,-26.772,-7.83,-7.796,-10.437,-7.962,0.264,20.0,480,468,0.975,0,465,0,0,3,0,12,0,0,0,0,0,0.657
r0,aggressive,short,stock,10,5,ALL,176,176,-0.077,-0.35,-6.142,-9.827,-0.08,-0.081,-0.362,-0.077,0.485,10.0,1760,1754,0.9966,0,1754,0,0,0,0,4,1,0,1,0,0,0.645
r0,aggressive,short,stock,10,5,P1,91,91,-0.138,-0.51,-4.739,-5.563,-0.137,-0.139,-0.362,-0.138,0.468,10,910,908,0.9978,0,908,0,0,0,0,2,0,0,0,0,0,0.647
r0,aggressive,short,stock,10,5,P2,85,85,-0.012,-0.04,-7.104,-9.827,-0.019,-0.017,-0.362,-0.012,0.502,10,850,846,0.9953,0,846,0,0,0,0,2,1,0,1,0,0,0.643
r0,aggressive,short,stock,10,5,2023,40,40,-0.186,-0.57,-5.075,-5.563,-0.175,-0.185,-0.438,-0.186,0.466,10.0,400,399,0.9975,0,399,0,0,0,0,1,0,0,0,0,0,0.618
r0,aggressive,short,stock,10,5,2024,51,51,-0.101,-0.25,-4.296,-5.105,-0.107,-0.104,-0.303,-0.101,0.47,10,510,509,0.998,0,509,0,0,0,0,1,0,0,0,0,0,0.668
r0,aggressive,short,stock,10,5,2025,50,50,-0.007,-0.02,-7.003,-9.827,-0.017,-0.011,-0.398,-0.007,0.516,10.0,500,497,0.994,0,497,0,0,0,0,2,0,0,1,0,0,0.641
r0,aggressive,short,stock,10,5,2026,35,35,-0.019,-0.03,-6.999,-8.338,-0.021,-0.027,-0.309,-0.019,0.482,10,350,349,0.9971,0,349,0,0,0,0,0,1,0,0,0,0,0.647
r0,aggressive,short,stock,10,20,ALL,173,173,-0.4,-0.63,-12.632,-17.314,-0.386,-0.365,-1.884,-0.4,0.455,10,1730,1703,0.9844,0,1703,0,0,0,0,25,1,0,1,0,0,0.645
r0,aggressive,short,stock,10,20,P1,91,91,-0.043,-0.06,-9.16,-10.009,-0.049,-0.02,-1.263,-0.043,0.473,10,910,899,0.9879,0,899,0,0,0,0,11,0,0,0,0,0,0.647
r0,aggressive,short,stock,10,20,P2,82,82,-0.797,-0.76,-14.435,-17.314,-0.761,-0.747,-2.573,-0.797,0.436,10.0,820,804,0.9805,0,804,0,0,0,0,14,1,0,1,0,0,0.643
r0,aggressive,short,stock,10,20,2023,40,40,-0.933,-1.34,-8.292,-9.584,-0.892,-0.887,-2.424,-0.933,0.454,10.0,400,394,0.985,0,394,0,0,0,0,6,0,0,0,0,0,0.618
r0,aggressive,short,stock,10,20,2024,51,51,0.654,0.56,-9.354,-10.009,0.613,0.66,-0.352,0.654,0.487,10,510,505,0.9902,0,505,0,0,0,0,5,0,0,0,0,0,0.668
r0,aggressive,short,stock,10,20,2025,50,50,-0.523,-0.36,-13.877,-15.324,-0.445,-0.448,-2.806,-0.523,0.444,10.0,500,487,0.974,0,487,0,0,0,0,12,0,0,1,0,0,0.641
r0,aggressive,short,stock,10,20,2026,32,32,-1.223,-0.87,-15.274,-17.314,-1.256,-1.216,-2.207,-1.223,0.424,10.0,320,317,0.9906,0,317,0,0,0,0,2,1,0,0,0,0,0.648
r0,aggressive,short,stock,10,63,ALL,165,165,-1.053,-0.56,-20.306,-28.502,-0.919,-0.988,-5.508,-1.053,0.406,10,1650,1579,0.957,0,1575,0,0,4,0,70,0,0,1,0,0,0.644
r0,aggressive,short,stock,10,63,P1,91,91,-0.249,-0.27,-14.103,-17.194,-0.261,-0.261,-3.932,-0.249,0.417,10,910,879,0.9659,0,877,0,0,2,0,31,0,0,0,0,0,0.647
r0,aggressive,short,stock,10,63,P2,74,74,-2.042,-0.52,-22.999,-28.502,-1.728,-1.882,-7.446,-2.042,0.392,10.0,740,700,0.9459,0,698,0,0,2,0,39,0,0,1,0,0,0.64
r0,aggressive,short,stock,10,63,2023,40,40,-1.182,-1.5,-10.836,-11.013,-1.459,-1.21,-6.942,-1.182,0.401,10.0,400,379,0.9475,0,379,0,0,0,0,21,0,0,0,0,0,0.618
r0,aggressive,short,stock,10,63,2024,51,51,0.483,0.36,-14.963,-17.194,0.679,0.484,-1.572,0.483,0.43,10,510,500,0.9804,0,498,0,0,2,0,10,0,0,0,0,0,0.668
r0,aggressive,short,stock,10,63,2025,50,50,1.194,0.23,-20.375,-21.576,1.526,1.289,-5.25,1.194,0.437,10.0,500,468,0.936,0,468,0,0,0,0,31,0,0,1,0,0,0.641
r0,aggressive,short,stock,10,63,2026,24,24,-8.783,-5.29,-24.906,-28.502,-8.506,-8.487,-12.023,-8.783,0.298,10.0,240,232,0.9667,0,230,0,0,2,0,8,0,0,0,0,0,0.639
r0,aggressive,short,stock,20,5,ALL,176,176,-0.022,-0.12,-5.675,-8.63,-0.022,-0.023,-0.279,-0.022,0.481,20.0,3520,3507,0.9963,0,3507,0,0,0,0,8,1,0,4,0,0,0.594
r0,aggressive,short,stock,20,5,P1,91,91,0.001,0.01,-3.669,-4.592,0.004,0.003,-0.221,0.001,0.47,20,1820,1813,0.9962,0,1813,0,0,0,0,4,0,0,3,0,0,0.598
r0,aggressive,short,stock,20,5,P2,85,85,-0.048,-0.15,-6.302,-8.63,-0.05,-0.051,-0.341,-0.048,0.493,20,1700,1694,0.9965,0,1694,0,0,0,0,4,1,0,1,0,0,0.59
r0,aggressive,short,stock,20,5,2023,40,40,-0.151,-0.59,-3.86,-4.592,-0.147,-0.149,-0.407,-0.151,0.467,20.0,800,797,0.9962,0,797,0,0,0,0,2,0,0,1,0,0,0.572
r0,aggressive,short,stock,20,5,2024,51,51,0.121,0.36,-3.543,-3.852,0.122,0.122,-0.076,0.121,0.473,20,1020,1016,0.9961,0,1016,0,0,0,0,2,0,0,2,0,0,0.619
r0,aggressive,short,stock,20,5,2025,50,50,0.135,0.34,-6.451,-8.63,0.129,0.134,-0.163,0.135,0.497,20.0,1000,996,0.996,0,996,0,0,0,0,3,0,0,1,0,0,0.578
r0,aggressive,short,stock,20,5,2026,35,35,-0.308,-0.55,-6.078,-6.16,-0.305,-0.314,-0.595,-0.308,0.488,20,700,698,0.9971,0,698,0,0,0,0,1,1,0,0,0,0,0.607
r0,aggressive,short,stock,20,20,ALL,173,173,-0.61,-1.19,-11.208,-14.687,-0.615,-0.588,-2.086,-0.61,0.446,20,3460,3405,0.9841,0,3403,0,0,2,0,49,2,0,4,0,0,0.592
r0,aggressive,short,stock,20,20,P1,91,91,-0.19,-0.33,-7.742,-9.144,-0.197,-0.179,-1.482,-0.19,0.461,20,1820,1794,0.9857,0,1794,0,0,0,0,23,0,0,3,0,0,0.598
r0,aggressive,short,stock,20,20,P2,82,82,-1.076,-1.25,-12.301,-14.687,-1.078,-1.041,-2.755,-1.076,0.431,20.0,1640,1611,0.9823,0,1609,0,0,2,0,26,2,0,1,0,0,0.587
r0,aggressive,short,stock,20,20,2023,40,40,-1.028,-1.95,-7.61,-8.343,-1.016,-1.006,-2.941,-1.028,0.441,20.0,800,784,0.98,0,784,0,0,0,0,15,0,0,1,0,0,0.572
r0,aggressive,short,stock,20,20,2024,51,51,0.467,0.52,-7.831,-9.144,0.445,0.47,-0.338,0.467,0.476,20,1020,1010,0.9902,0,1010,0,0,0,0,8,0,0,2,0,0,0.619
r0,aggressive,short,stock,20,20,2025,50,50,-0.577,-0.49,-12.734,-14.687,-0.54,-0.54,-2.518,-0.577,0.442,20.0,1000,979,0.979,0,979,0,0,0,0,20,0,0,1,0,0,0.578
r0,aggressive,short,stock,20,20,2026,32,32,-1.857,-1.62,-11.652,-11.809,-1.918,-1.824,-3.126,-1.857,0.412,20.0,640,632,0.9875,0,630,0,0,2,0,6,2,0,0,0,0,0.602
r0,aggressive,short,stock,20,63,ALL,165,165,-0.85,-0.52,-17.699,-20.856,-0.768,-0.807,-5.119,-0.85,0.41,20,3300,3163,0.9585,0,3156,0,0,7,0,133,0,0,4,0,0,0.591
r0,aggressive,short,stock,20,63,P1,91,91,-0.582,-0.69,-10.956,-12.124,-0.57,-0.564,-4.357,-0.582,0.414,20,1820,1753,0.9632,0,1751,0,0,2,0,64,0,0,3,0,0,0.598
r0,aggressive,short,stock,20,63,P2,74,74,-1.178,-0.34,-19.299,-20.856,-1.011,-1.105,-6.055,-1.178,0.406,20.0,1480,1410,0.9527,0,1405,0,0,5,0,69,0,0,1,0,0,0.584
r0,aggressive,short,stock,20,63,2023,40,40,-1.498,-1.35,-10.329,-12.094,-1.672,-1.46,-7.187,-1.498,0.4,20.0,800,757,0.9463,0,757,0,0,0,0,42,0,0,1,0,0,0.572
r0,aggressive,short,stock,20,63,2024,51,51,0.136,0.14,-11.043,-12.124,0.294,0.139,-2.137,0.136,0.425,20,1020,996,0.9765,0,994,0,0,2,0,22,0,0,2,0,0,0.619
r0,aggressive,short,stock,20,63,2025,50,50,2.023,0.47,-17.522,-18.751,2.199,2.026,-3.702,2.023,0.457,20.0,1000,945,0.945,0,944,0,0,1,0,54,0,0,1,0,0,0.578
r0,aggressive,short,stock,20,63,2026,24,24,-7.848,-3.34,-19.849,-20.856,-7.698,-7.629,-10.957,-7.848,0.3,20.0,480,465,0.9688,0,461,0,0,4,0,15,0,0,0,0,0,0.598
r0,balanced,long,mixed,10,5,ALL,176,176,-0.08,-0.38,-6.799,-10.041,-0.083,-0.083,-0.479,-0.08,0.456,10.0,1760,1751,0.9949,0,1751,0,0,0,0,7,0,0,2,0,0,0.645
r0,balanced,long,mixed,10,5,P1,91,91,-0.088,-0.37,-4.776,-6.315,-0.09,-0.092,-0.425,-0.088,0.426,10,910,906,0.9956,0,906,0,0,0,0,3,0,0,1,0,0,0.634
r0,balanced,long,mixed,10,5,P2,85,85,-0.073,-0.21,-8.039,-10.041,-0.076,-0.073,-0.537,-0.073,0.488,10,850,845,0.9941,0,845,0,0,0,0,4,0,0,1,0,0,0.657
r0,balanced,long,mixed,10,5,2023,40,40,-0.152,-0.47,-5.012,-6.207,-0.146,-0.155,-0.657,-0.152,0.419,10.0,400,397,0.9925,0,397,0,0,0,0,2,0,0,1,0,0,0.59
r0,balanced,long,mixed,10,5,2024,51,51,-0.037,-0.11,-4.61,-6.315,-0.046,-0.043,-0.242,-0.037,0.431,10,510,509,0.998,0,509,0,0,0,0,1,0,0,0,0,0,0.668
r0,balanced,long,mixed,10,5,2025,50,50,-0.006,-0.02,-6.716,-9.361,-0.012,-0.006,-0.796,-0.006,0.496,10.0,500,495,0.99,0,495,0,0,0,0,4,0,0,1,0,0,0.657
r0,balanced,long,mixed,10,5,2026,35,35,-0.168,-0.25,-9.19,-10.041,-0.168,-0.168,-0.168,-0.168,0.477,10,350,350,1.0,0,350,0,0,0,0,0,0,0,0,0,0,0.665
r0,balanced,long,mixed,10,20,ALL,173,173,-0.511,-0.88,-12.362,-14.888,-0.492,-0.478,-1.889,-0.511,0.426,10,1730,1704,0.985,0,1702,0,0,2,0,22,2,0,2,0,0,0.645
r0,balanced,long,mixed,10,20,P1,91,91,0.252,0.35,-8.196,-9.949,0.259,0.27,-0.753,0.252,0.448,10,910,900,0.989,0,900,0,0,0,0,9,0,0,1,0,0,0.634
r0,balanced,long,mixed,10,20,P2,82,82,-1.358,-1.49,-13.936,-14.888,-1.325,-1.309,-3.149,-1.358,0.402,10.0,820,804,0.9805,0,802,0,0,2,0,13,2,0,1,0,0,0.658
r0,balanced,long,mixed,10,20,2023,40,40,-0.22,-0.32,-7.525,-7.542,-0.214,-0.202,-2.012,-0.22,0.485,10.0,400,392,0.98,0,392,0,0,0,0,7,0,0,1,0,0,0.59
r0,balanced,long,mixed,10,20,2024,51,51,0.623,0.55,-8.628,-9.949,0.63,0.64,0.233,0.623,0.419,10,510,508,0.9961,0,508,0,0,0,0,2,0,0,0,0,0,0.668
r0,balanced,long,mixed,10,20,2025,50,50,-1.094,-0.98,-14.312,-14.888,-1.003,-1.021,-3.239,-1.094,0.403,10.0,500,488,0.976,0,488,0,0,0,0,11,0,0,1,0,0,0.657
r0,balanced,long,mixed,10,20,2026,32,32,-1.772,-1.17,-13.373,-13.42,-1.83,-1.758,-3.008,-1.772,0.4,10.0,320,316,0.9875,0,314,0,0,2,0,2,2,0,0,0,0,0.668
r0,balanced,long,mixed,10,63,ALL,165,165,-0.43,-0.26,-17.859,-22.083,-0.221,-0.377,-4.707,-0.43,0.406,10,1650,1581,0.9582,0,1576,0,0,5,0,67,0,0,2,0,0,0.643
r0,balanced,long,mixed,10,63,P1,91,91,-0.093,-0.08,-15.518,-17.577,0.061,-0.049,-3.699,-0.093,0.401,10,910,878,0.9648,0,878,0,0,0,0,31,0,0,1,0,0,0.634
r0,balanced,long,mixed,10,63,P2,74,74,-0.843,-0.25,-19.15,-22.083,-0.568,-0.78,-5.946,-0.843,0.412,10.0,740,703,0.95,0,698,0,0,5,0,36,0,0,1,0,0,0.656
r0,balanced,long,mixed,10,63,2023,40,40,-0.846,-0.72,-15.945,-17.577,-1.055,-0.775,-7.514,-0.846,0.457,10.0,400,374,0.935,0,374,0,0,0,0,25,0,0,1,0,0,0.59
r0,balanced,long,mixed,10,63,2024,51,51,0.497,0.28,-14.994,-17.255,0.937,0.52,-0.707,0.497,0.358,10,510,504,0.9882,0,504,0,0,0,0,6,0,0,0,0,0,0.668
r0,balanced,long,mixed,10,63,2025,50,50,2.798,0.73,-17.349,-18.043,3.13,2.812,-3.131,2.798,0.485,10.0,500,471,0.942,0,470,0,0,1,0,28,0,0,1,0,0,0.657
r0,balanced,long,mixed,10,63,2026,24,24,-8.428,-3.97,-20.308,-22.083,-8.272,-8.262,-11.81,-8.428,0.26,10.0,240,232,0.9667,0,228,0,0,4,0,8,0,0,0,0,0,0.665
r0,balanced,long,mixed,20,5,ALL,176,176,-0.109,-0.62,-5.97,-8.317,-0.114,-0.112,-0.452,-0.109,0.472,20.0,3520,3505,0.9957,0,3505,0,0,0,0,12,0,0,3,0,0,0.609
r0,balanced,long,mixed,20,5,P1,91,91,-0.263,-1.47,-3.91,-5.534,-0.264,-0.264,-0.54,-0.263,0.441,20,1820,1814,0.9967,0,1814,0,0,0,0,5,0,0,1,0,0,0.602
r0,balanced,long,mixed,20,5,P2,85,85,0.055,0.18,-7.135,-8.317,0.047,0.05,-0.359,0.055,0.506,20,1700,1691,0.9947,0,1691,0,0,0,0,7,0,0,2,0,0,0.616
r0,balanced,long,mixed,20,5,2023,40,40,-0.436,-1.76,-3.658,-3.726,-0.435,-0.436,-0.812,-0.436,0.435,20.0,800,796,0.995,0,796,0,0,0,0,3,0,0,1,0,0,0.586
r0,balanced,long,mixed,20,5,2024,51,51,-0.127,-0.51,-3.861,-5.534,-0.13,-0.13,-0.326,-0.127,0.445,20,1020,1018,0.998,0,1018,0,0,0,0,2,0,0,0,0,0,0.616
r0,balanced,long,mixed,20,5,2025,50,50,0.07,0.2,-6.235,-7.607,0.058,0.068,-0.428,0.07,0.512,20.0,1000,993,0.993,0,993,0,0,0,0,5,0,0,2,0,0,0.607
r0,balanced,long,mixed,20,5,2026,35,35,0.033,0.06,-7.666,-8.317,0.03,0.026,-0.261,0.033,0.499,20,700,698,0.9971,0,698,0,0,0,0,2,0,0,0,0,0,0.634
r0,balanced,long,mixed,20,20,ALL,173,173,-0.385,-0.8,-10.33,-12.962,-0.396,-0.38,-1.852,-0.385,0.436,20,3460,3407,0.9847,0,3405,0,0,2,0,47,3,0,3,0,0,0.608
r0,balanced,long,mixed,20,20,P1,91,91,-0.263,-0.47,-7.241,-8.723,-0.278,-0.263,-1.727,-0.263,0.434,20,1820,1793,0.9852,0,1793,0,0,0,0,26,0,0,1,0,0,0.602
r0,balanced,long,mixed,20,20,P2,82,82,-0.521,-0.65,-11.956,-12.962,-0.527,-0.509,-1.99,-0.521,0.439,20.0,1640,1614,0.9841,0,1612,0,0,2,0,21,3,0,2,0,0,0.614
r0,balanced,long,mixed,20,20,2023,40,40,-0.777,-1.79,-5.66,-6.729,-0.733,-0.746,-2.918,-0.777,0.462,20.0,800,782,0.9775,0,782,0,0,0,0,17,0,0,1,0,0,0.586
r0,balanced,long,mixed,20,20,2024,51,51,0.14,0.15,-7.581,-8.723,0.078,0.116,-0.794,0.14,0.412,20,1020,1011,0.9912,0,1011,0,0,0,0,9,0,0,0,0,0,0.616
r0,balanced,long,mixed,20,20,2025,50,50,-0.162,-0.15,-12.38,-12.885,-0.15,-0.137,-1.746,-0.162,0.447,20.0,1000,982,0.982,0,982,0,0,0,0,16,0,0,2,0,0,0.607
r0,balanced,long,mixed,20,20,2026,32,32,-1.082,-0.93,-10.593,-12.962,-1.116,-1.091,-2.37,-1.082,0.426,20.0,640,632,0.9875,0,630,0,0,2,0,5,3,0,0,0,0,0.631
r0,balanced,long,mixed,20,63,ALL,165,165,0.04,0.03,-15.357,-19.001,0.123,0.011,-3.952,0.04,0.417,20,3300,3174,0.9618,0,3169,0,0,5,0,123,0,0,3,0,0,0.605
r0,balanced,long,mixed,20,63,P1,91,91,-0.378,-0.41,-10.924,-13.732,-0.299,-0.37,-3.957,-0.378,0.408,20,1820,1758,0.9659,0,1758,0,0,0,0,61,0,0,1,0,0,0.602
r0,balanced,long,mixed,20,63,P2,74,74,0.555,0.17,-17.468,-19.001,0.643,0.478,-3.946,0.555,0.429,20.0,1480,1416,0.9568,0,1411,0,0,5,0,62,0,0,2,0,0,0.61
r0,balanced,long,mixed,20,63,2023,40,40,-0.499,-0.42,-12.05,-13.732,-0.548,-0.433,-6.088,-0.499,0.448,20.0,800,757,0.9463,0,757,0,0,0,0,42,0,0,1,0,0,0.586
r0,balanced,long,mixed,20,63,2024,51,51,-0.283,-0.24,-9.954,-11.954,-0.104,-0.32,-2.286,-0.283,0.376,20,1020,1001,0.9814,0,1001,0,0,0,0,19,0,0,0,0,0,0.616
r0,balanced,long,mixed,20,63,2025,50,50,4.072,1.03,-15.087,-16.908,4.128,3.884,-0.738,4.072,0.5,20.0,1000,954,0.954,0,953,0,0,1,0,44,0,0,2,0,0,0.607
r0,balanced,long,mixed,20,63,2026,24,24,-6.77,-3.28,-18.146,-19.001,-6.617,-6.618,-10.629,-6.77,0.282,20.0,480,462,0.9625,0,458,0,0,4,0,18,0,0,0,0,0,0.622
r0,balanced,long,stock,10,5,ALL,176,176,-0.043,-0.2,-7.257,-9.875,-0.05,-0.052,-0.56,-0.043,0.481,10.0,1760,1749,0.9938,0,1749,0,0,0,0,9,0,0,2,0,0,0.586
r0,balanced,long,stock,10,5,P1,91,91,0.043,0.17,-4.649,-5.944,0.039,0.037,-0.405,0.043,0.472,10,910,905,0.9945,0,905,0,0,0,0,4,0,0,1,0,0,0.577
r0,balanced,long,stock,10,5,P2,85,85,-0.135,-0.36,-8.31,-9.875,-0.145,-0.148,-0.727,-0.135,0.49,10,850,844,0.9929,0,844,0,0,0,0,5,0,0,1,0,0,0.598
r0,balanced,long,stock,10,5,2023,40,40,-0.127,-0.39,-4.836,-5.713,-0.125,-0.133,-0.884,-0.127,0.458,10.0,400,396,0.99,0,396,0,0,0,0,3,0,0,1,0,0,0.559
r0,balanced,long,stock,10,5,2024,51,51,0.176,0.5,-4.518,-5.944,0.167,0.17,-0.029,0.176,0.484,10,510,509,0.998,0,509,0,0,0,0,1,0,0,0,0,0,0.59
r0,balanced,long,stock,10,5,2025,50,50,-0.094,-0.24,-7.369,-9.721,-0.108,-0.103,-0.892,-0.094,0.503,10.0,500,495,0.99,0,495,0,0,0,0,4,0,0,1,0,0,0.586
r0,balanced,long,stock,10,5,2026,35,35,-0.194,-0.27,-9.683,-9.875,-0.198,-0.212,-0.49,-0.194,0.471,10,350,349,0.9971,0,349,0,0,0,0,1,0,0,0,0,0,0.621
r0,balanced,long,stock,10,20,ALL,173,173,-0.258,-0.43,-12.384,-17.043,-0.253,-0.237,-2.107,-0.258,0.459,10,1730,1696,0.9803,0,1694,0,0,2,0,30,2,0,2,0,0,0.586
r0,balanced,long,stock,10,20,P1,91,91,0.619,0.87,-8.597,-10.333,0.587,0.614,-0.964,0.619,0.495,10,910,895,0.9835,0,895,0,0,0,0,14,0,0,1,0,0,0.577
r0,balanced,long,stock,10,20,P2,82,82,-1.231,-1.32,-14.05,-17.043,-1.184,-1.182,-3.376,-1.231,0.418,10.0,820,801,0.9768,0,799,0,0,2,0,16,2,0,1,0,0,0.598
r0,balanced,long,stock,10,20,2023,40,40,-0.049,-0.08,-7.951,-10.333,-0.045,-0.046,-2.603,-0.049,0.484,10.0,400,389,0.9725,0,389,0,0,0,0,10,0,0,1,0,0,0.559
r0,balanced,long,stock,10,20,2024,51,51,1.143,1.0,-8.365,-8.616,1.082,1.132,0.322,1.143,0.504,10,510,506,0.9922,0,506,0,0,0,0,4,0,0,0,0,0,0.59
r0,balanced,long,stock,10,20,2025,50,50,-0.958,-0.79,-15.002,-17.043,-0.839,-0.873,-3.465,-0.958,0.431,10.0,500,486,0.972,0,486,0,0,0,0,13,0,0,1,0,0,0.586
r0,balanced,long,stock,10,20,2026,32,32,-1.658,-1.18,-12.622,-12.937,-1.723,-1.665,-3.238,-1.658,0.398,10.0,320,315,0.9844,0,313,0,0,2,0,3,2,0,0,0,0,0.623
r0,balanced,long,stock,10,63,ALL,165,165,0.489,0.29,-19.542,-22.515,0.662,0.456,-4.845,0.489,0.437,10,1650,1566,0.9491,0,1561,0,0,5,0,82,0,0,2,0,0,0.581
r0,balanced,long,stock,10,63,P1,91,91,1.481,1.26,-14.773,-17.577,1.537,1.4,-3.322,1.481,0.454,10,910,869,0.9549,0,869,0,0,0,0,40,0,0,1,0,0,0.577
r0,balanced,long,stock,10,63,P2,74,74,-0.731,-0.21,-21.804,-22.515,-0.415,-0.705,-6.718,-0.731,0.417,10.0,740,697,0.9419,0,692,0,0,5,0,42,0,0,1,0,0,0.588
r0,balanced,long,stock,10,63,2023,40,40,0.405,0.31,-14.782,-17.577,0.0,0.245,-8.127,0.405,0.458,10.0,400,368,0.92,0,368,0,0,0,0,31,0,0,1,0,0,0.559
r0,balanced,long,stock,10,63,2024,51,51,2.325,1.47,-14.755,-16.326,2.743,2.306,0.446,2.325,0.451,10,510,501,0.9824,0,501,0,0,0,0,9,0,0,0,0,0,0.59
r0,balanced,long,stock,10,63,2025,50,50,3.163,0.81,-16.288,-17.029,3.515,3.086,-3.676,3.163,0.481,10.0,500,467,0.934,0,466,0,0,1,0,32,0,0,1,0,0,0.586
r0,balanced,long,stock,10,63,2026,24,24,-8.842,-2.73,-22.436,-22.515,-8.602,-8.603,-13.054,-8.842,0.282,10.0,240,230,0.9583,0,226,0,0,4,0,10,0,0,0,0,0,0.6
r0,balanced,long,stock,20,5,ALL,176,176,-0.013,-0.07,-6.03,-8.902,-0.016,-0.016,-0.5,-0.011,0.481,20.0,3515,3494,0.994,5,3494,0,0,0,0,14,3,0,4,0,1,0.552
r0,balanced,long,stock,20,5,P1,91,91,-0.102,-0.52,-3.986,-5.584,-0.102,-0.103,-0.491,-0.102,0.463,20,1820,1811,0.9951,0,1811,0,0,0,0,7,0,0,2,0,0,0.553
r0,balanced,long,stock,20,5,P2,85,85,0.082,0.26,-6.989,-8.902,0.076,0.077,-0.509,0.086,0.499,20,1695,1683,0.9929,5,1683,0,0,0,0,7,3,0,2,0,1,0.552
r0,balanced,long,stock,20,5,2023,40,40,-0.291,-1.02,-3.692,-3.754,-0.286,-0.289,-0.922,-0.291,0.442,20.0,800,793,0.9912,0,793,0,0,0,0,5,0,0,2,0,0,0.553
r0,balanced,long,stock,20,5,2024,51,51,0.046,0.17,-4.017,-5.584,0.043,0.043,-0.154,0.046,0.48,20,1020,1018,0.998,0,1018,0,0,0,0,2,0,0,0,0,0,0.554
r0,balanced,long,stock,20,5,2025,50,50,0.062,0.18,-5.892,-8.094,0.05,0.057,-0.438,0.069,0.496,20.0,995,988,0.993,5,988,0,0,0,0,5,0,0,2,0,1,0.548
r0,balanced,long,stock,20,5,2026,35,35,0.11,0.19,-7.551,-8.902,0.113,0.106,-0.609,0.11,0.504,20,700,695,0.9929,0,695,0,0,0,0,2,3,0,0,0,0,0.562
r0,balanced,long,stock,20,20,ALL,173,173,-0.008,-0.02,-10.826,-14.058,-0.052,-0.026,-1.967,-0.011,0.461,20,3455,3385,0.9797,5,3382,0,0,3,0,60,6,0,4,0,1,0.551
r0,balanced,long,stock,20,20,P1,91,91,0.215,0.36,-7.429,-8.639,0.166,0.194,-1.726,0.215,0.473,20,1820,1784,0.9802,0,1784,0,0,0,0,34,0,0,2,0,0,0.553
r0,balanced,long,stock,20,20,P2,82,82,-0.256,-0.29,-12.255,-14.058,-0.293,-0.271,-2.235,-0.262,0.447,20.0,1635,1601,0.9792,5,1598,0,0,3,0,26,6,0,2,0,1,0.549
r0,balanced,long,stock,20,20,2023,40,40,-0.636,-1.35,-6.675,-8.639,-0.611,-0.618,-3.439,-0.636,0.45,20.0,800,776,0.97,0,776,0,0,0,0,22,0,0,2,0,0,0.553
r0,balanced,long,stock,20,20,2024,51,51,0.882,0.91,-7.255,-7.743,0.775,0.831,-0.382,0.882,0.492,20,1020,1008,0.9882,0,1008,0,0,0,0,12,0,0,0,0,0,0.554
r0,balanced,long,stock,20,20,2025,50,50,0.222,0.19,-13.028,-14.058,0.199,0.216,-1.781,0.213,0.468,20.0,995,973,0.9779,5,972,0,0,1,0,20,0,0,2,0,1,0.548
r0,balanced,long,stock,20,20,2026,32,32,-1.003,-0.77,-11.095,-11.727,-1.062,-1.031,-2.945,-1.003,0.414,20.0,640,628,0.9812,0,626,0,0,2,0,6,6,0,0,0,0,0.556
r0,balanced,long,stock,20,63,ALL,165,165,1.011,0.62,-16.367,-20.715,1.054,0.916,-3.798,0.982,0.445,20,3295,3145,0.9545,5,3138,0,0,7,0,146,0,0,4,0,1,0.55
r0,balanced,long,stock,20,63,P1,91,91,1.224,1.21,-10.051,-14.869,1.216,1.169,-3.133,1.224,0.452,20,1820,1745,0.9588,0,1745,0,0,0,0,73,0,0,2,0,0,0.553
r0,balanced,long,stock,20,63,P2,74,74,0.748,0.22,-18.459,-20.715,0.855,0.606,-4.615,0.685,0.435,20.0,1475,1400,0.9492,5,1393,0,0,7,0,73,0,0,2,0,1,0.547
r0,balanced,long,stock,20,63,2023,40,40,0.133,0.08,-13.43,-14.869,-0.024,0.117,-6.638,0.133,0.433,20.0,800,748,0.935,0,748,0,0,0,0,50,0,0,2,0,0,0.553
r0,balanced,long,stock,20,63,2024,51,51,2.08,2.36,-7.536,-8.501,2.188,1.994,-0.383,2.08,0.467,20,1020,997,0.9775,0,997,0,0,0,0,23,0,0,0,0,0,0.554
r0,balanced,long,stock,20,63,2025,50,50,4.412,1.08,-15.44,-17.158,4.512,4.138,-1.555,4.318,0.5,20.0,995,939,0.9437,5,936,0,0,3,0,54,0,0,2,0,1,0.548
r0,balanced,long,stock,20,63,2026,24,24,-6.886,-2.49,-19.741,-20.715,-6.762,-6.751,-10.992,-6.886,0.3,20.0,480,461,0.9604,0,457,0,0,4,0,19,0,0,0,0,0,0.55
r0,balanced,mid,mixed,10,5,ALL,176,176,-0.019,-0.09,-6.317,-9.824,-0.027,-0.023,-0.416,-0.019,0.459,10.0,1760,1750,0.9943,0,1750,0,0,0,0,6,1,0,3,0,0,0.668
r0,balanced,mid,mixed,10,5,P1,91,91,-0.101,-0.44,-4.572,-6.315,-0.104,-0.106,-0.439,-0.101,0.427,10,910,906,0.9956,0,906,0,0,0,0,3,0,0,1,0,0,0.67
r0,balanced,mid,mixed,10,5,P2,85,85,0.07,0.2,-7.443,-9.824,0.055,0.067,-0.392,0.07,0.493,10,850,844,0.9929,0,844,0,0,0,0,3,1,0,2,0,0,0.668
r0,balanced,mid,mixed,10,5,2023,40,40,-0.174,-0.58,-3.969,-4.713,-0.17,-0.179,-0.681,-0.174,0.429,10.0,400,397,0.9925,0,397,0,0,0,0,2,0,0,1,0,0,0.638
r0,balanced,mid,mixed,10,5,2024,51,51,-0.043,-0.13,-4.975,-6.315,-0.052,-0.049,-0.249,-0.043,0.425,10,510,509,0.998,0,509,0,0,0,0,1,0,0,0,0,0,0.694
r0,balanced,mid,mixed,10,5,2025,50,50,0.032,0.08,-7.398,-9.361,0.007,0.031,-0.552,0.032,0.502,10.0,500,495,0.99,0,495,0,0,0,0,3,0,0,2,0,0,0.655
r0,balanced,mid,mixed,10,5,2026,35,35,0.123,0.2,-7.512,-9.824,0.124,0.119,-0.164,0.123,0.481,10,350,349,0.9971,0,349,0,0,0,0,0,1,0,0,0,0,0.694
r0,balanced,mid,mixed,10,20,ALL,173,173,-0.555,-0.96,-12.948,-16.556,-0.543,-0.53,-1.643,-0.555,0.427,10,1730,1708,0.9873,0,1707,0,0,1,0,17,2,0,3,0,0,0.667
r0,balanced,mid,mixed,10,20,P1,91,91,-0.014,-0.02,-8.657,-10.859,-0.012,-0.004,-0.687,-0.014,0.439,10,910,903,0.9923,0,903,0,0,0,0,6,0,0,1,0,0,0.67
r0,balanced,mid,mixed,10,20,P2,82,82,-1.154,-1.24,-14.606,-16.556,-1.133,-1.113,-2.705,-1.154,0.414,10.0,820,805,0.9817,0,804,0,0,1,0,11,2,0,2,0,0,0.667
r0,balanced,mid,mixed,10,20,2023,40,40,-0.491,-0.69,-6.529,-6.582,-0.501,-0.488,-1.782,-0.491,0.479,10.0,400,394,0.985,0,394,0,0,0,0,5,0,0,1,0,0,0.638
r0,balanced,mid,mixed,10,20,2024,51,51,0.359,0.32,-9.482,-10.859,0.371,0.374,0.172,0.359,0.408,10,510,509,0.998,0,509,0,0,0,0,1,0,0,0,0,0,0.694
r0,balanced,mid,mixed,10,20,2025,50,50,-1.15,-1.02,-15.064,-16.556,-1.079,-1.083,-3.087,-1.15,0.406,10.0,500,488,0.976,0,488,0,0,0,0,10,0,0,2,0,0,0.655
r0,balanced,mid,mixed,10,20,2026,32,32,-1.161,-0.73,-13.92,-14.435,-1.218,-1.158,-2.108,-1.161,0.428,10.0,320,317,0.9906,0,316,0,0,1,0,1,2,0,0,0,0,0.694
r0,balanced,mid,mixed,10,63,ALL,165,165,-0.663,-0.4,-17.349,-20.264,-0.561,-0.645,-4.311,-0.663,0.396,10,1650,1590,0.9636,0,1586,0,0,4,0,57,0,0,3,0,0,0.666
r0,balanced,mid,mixed,10,63,P1,91,91,-0.503,-0.47,-13.464,-16.58,-0.379,-0.461,-3.296,-0.503,0.385,10,910,885,0.9725,0,885,0,0,0,0,24,0,0,1,0,0,0.67
r0,balanced,mid,mixed,10,63,P2,74,74,-0.86,-0.25,-18.636,-20.264,-0.784,-0.871,-5.558,-0.86,0.409,10.0,740,705,0.9527,0,701,0,0,4,0,33,0,0,2,0,0,0.663
r0,balanced,mid,mixed,10,63,2023,40,40,-1.1,-1.03,-13.97,-15.028,-1.221,-1.034,-6.176,-1.1,0.437,10.0,400,380,0.95,0,380,0,0,0,0,19,0,0,1,0,0,0.638
r0,balanced,mid,mixed,10,63,2024,51,51,-0.035,-0.02,-12.81,-16.58,0.281,-0.011,-1.037,-0.035,0.344,10,510,505,0.9902,0,505,0,0,0,0,5,0,0,0,0,0,0.694
r0,balanced,mid,mixed,10,63,2025,50,50,2.692,0.64,-17.4,-18.196,2.706,2.626,-3.058,2.692,0.486,10.0,500,471,0.942,0,470,0,0,1,0,27,0,0,2,0,0,0.655
r0,balanced,mid,mixed,10,63,2026,24,24,-8.261,-4.14,-19.204,-20.264,-8.054,-8.157,-10.767,-8.261,0.248,10.0,240,234,0.975,0,231,0,0,3,0,6,0,0,0,0,0,0.691
r0,balanced,mid,mixed,20,5,ALL,176,176,-0.058,-0.33,-5.617,-8.662,-0.061,-0.061,-0.43,-0.058,0.478,20.0,3520,3502,0.9949,0,3502,0,0,0,0,12,1,0,5,0,0,0.619
r0,balanced,mid,mixed,20,5,P1,91,91,-0.242,-1.29,-4.014,-5.422,-0.242,-0.244,-0.577,-0.242,0.445,20,1820,1811,0.9951,0,1811,0,0,0,0,6,0,0,3,0,0,0.617
r0,balanced,mid,mixed,20,5,P2,85,85,0.14,0.46,-6.615,-8.662,0.132,0.134,-0.273,0.14,0.514,20,1700,1691,0.9947,0,1691,0,0,0,0,6,1,0,2,0,0,0.62
r0,balanced,mid,mixed,20,5,2023,40,40,-0.324,-1.27,-3.776,-4.127,-0.32,-0.323,-0.83,-0.324,0.452,20.0,800,794,0.9925,0,794,0,0,0,0,4,0,0,2,0,0,0.595
r0,balanced,mid,mixed,20,5,2024,51,51,-0.178,-0.66,-4.123,-5.422,-0.18,-0.181,-0.378,-0.178,0.44,20,1020,1017,0.9971,0,1017,0,0,0,0,2,0,0,1,0,0,0.633
r0,balanced,mid,mixed,20,5,2025,50,50,0.184,0.53,-6.022,-8.662,0.171,0.181,-0.314,0.184,0.523,20.0,1000,993,0.993,0,993,0,0,0,0,5,0,0,2,0,0,0.604
r0,balanced,mid,mixed,20,5,2026,35,35,0.076,0.14,-6.792,-8.082,0.077,0.067,-0.213,0.076,0.501,20,700,698,0.9971,0,698,0,0,0,0,1,1,0,0,0,0,0.647
r0,balanced,mid,mixed,20,20,ALL,173,173,-0.394,-0.82,-10.506,-13.61,-0.41,-0.389,-1.833,-0.394,0.44,20,3460,3406,0.9844,0,3404,0,0,2,0,46,3,0,5,0,0,0.617
r0,balanced,mid,mixed,20,20,P1,91,91,-0.239,-0.43,-7.16,-8.857,-0.259,-0.245,-1.6,-0.239,0.439,20,1820,1793,0.9852,0,1793,0,0,0,0,24,0,0,3,0,0,0.617
r0,balanced,mid,mixed,20,20,P2,82,82,-0.567,-0.71,-11.932,-13.61,-0.578,-0.549,-2.092,-0.567,0.442,20.0,1640,1613,0.9835,0,1611,0,0,2,0,22,3,0,2,0,0,0.618
r0,balanced,mid,mixed,20,20,2023,40,40,-0.837,-1.7,-6.525,-7.717,-0.801,-0.812,-2.989,-0.837,0.458,20.0,800,781,0.9762,0,781,0,0,0,0,17,0,0,2,0,0,0.595
r0,balanced,mid,mixed,20,20,2024,51,51,0.23,0.25,-7.293,-8.857,0.167,0.2,-0.51,0.23,0.424,20,1020,1012,0.9922,0,1012,0,0,0,0,7,0,0,1,0,0,0.633
r0,balanced,mid,mixed,20,20,2025,50,50,-0.229,-0.21,-12.867,-13.61,-0.218,-0.199,-2.014,-0.229,0.455,20.0,1000,980,0.98,0,980,0,0,0,0,18,0,0,2,0,0,0.604
r0,balanced,mid,mixed,20,20,2026,32,32,-1.095,-0.97,-10.478,-12.126,-1.14,-1.094,-2.213,-1.095,0.422,20.0,640,633,0.9891,0,631,0,0,2,0,4,3,0,0,0,0,0.644
r0,balanced,mid,mixed,20,63,ALL,165,165,-0.117,-0.07,-15.192,-17.291,-0.082,-0.141,-4.048,-0.117,0.411,20,3300,3174,0.9618,0,3169,0,0,5,0,121,0,0,5,0,0,0.614
r0,balanced,mid,mixed,20,63,P1,91,91,-0.828,-0.98,-10.923,-11.906,-0.757,-0.815,-4.296,-0.828,0.396,20,1820,1758,0.9659,0,1758,0,0,0,0,59,0,0,3,0,0,0.617
r0,balanced,mid,mixed,20,63,P2,74,74,0.757,0.21,-16.595,-17.291,0.749,0.688,-3.743,0.757,0.43,20.0,1480,1416,0.9568,0,1411,0,0,5,0,62,0,0,2,0,0,0.611
r0,balanced,mid,mixed,20,63,2023,40,40,-1.293,-1.44,-11.58,-11.906,-1.352,-1.228,-7.164,-1.293,0.43,20.0,800,754,0.9425,0,754,0,0,0,0,44,0,0,2,0,0,0.595
r0,balanced,mid,mixed,20,63,2024,51,51,-0.464,-0.39,-10.103,-10.913,-0.291,-0.492,-2.046,-0.464,0.369,20,1020,1004,0.9843,0,1004,0,0,0,0,15,0,0,1,0,0,0.633
r0,balanced,mid,mixed,20,63,2025,50,50,4.326,1.0,-15.556,-16.665,4.273,4.161,-0.791,4.326,0.501,20.0,1000,951,0.951,0,950,0,0,1,0,47,0,0,2,0,0,0.604
r0,balanced,mid,mixed,20,63,2026,24,24,-6.678,-3.01,-16.804,-17.291,-6.592,-6.546,-9.895,-6.678,0.282,20.0,480,465,0.9688,0,461,0,0,4,0,15,0,0,0,0,0,0.63
r0,balanced,mid,stock,10,5,ALL,176,176,-0.011,-0.05,-6.959,-10.069,-0.021,-0.019,-0.583,-0.011,0.481,10.0,1760,1747,0.9926,0,1747,0,0,0,0,9,1,0,3,0,0,0.612
r0,balanced,mid,stock,10,5,P1,91,91,-0.043,-0.18,-4.44,-7.554,-0.044,-0.048,-0.489,-0.043,0.466,10,910,905,0.9945,0,905,0,0,0,0,4,0,0,1,0,0,0.623
r0,balanced,mid,stock,10,5,P2,85,85,0.022,0.06,-8.438,-10.069,0.005,0.011,-0.684,0.022,0.497,10,850,842,0.9906,0,842,0,0,0,0,5,1,0,2,0,0,0.601
r0,balanced,mid,stock,10,5,2023,40,40,-0.111,-0.36,-3.644,-3.851,-0.106,-0.115,-0.617,-0.111,0.462,10.0,400,397,0.9925,0,397,0,0,0,0,2,0,0,1,0,0,0.6
r0,balanced,mid,stock,10,5,2024,51,51,0.011,0.03,-4.971,-7.554,0.005,0.005,-0.388,0.011,0.469,10,510,508,0.9961,0,508,0,0,0,0,2,0,0,0,0,0,0.64
r0,balanced,mid,stock,10,5,2025,50,50,-0.101,-0.24,-7.664,-9.721,-0.127,-0.103,-0.893,-0.101,0.502,10.0,500,494,0.988,0,494,0,0,0,0,4,0,0,2,0,0,0.594
r0,balanced,mid,stock,10,5,2026,35,35,0.198,0.28,-8.854,-10.069,0.193,0.174,-0.387,0.198,0.49,10,350,348,0.9943,0,348,0,0,0,0,1,1,0,0,0,0,0.618
r0,balanced,mid,stock,10,20,ALL,173,173,-0.379,-0.62,-13.215,-17.043,-0.393,-0.373,-2.242,-0.379,0.459,10,1730,1695,0.9798,0,1693,0,0,2,0,30,2,0,3,0,0,0.612
r0,balanced,mid,stock,10,20,P1,91,91,0.352,0.48,-8.941,-10.859,0.299,0.324,-1.142,0.352,0.49,10,910,896,0.9846,0,896,0,0,0,0,13,0,0,1,0,0,0.623
r0,balanced,mid,stock,10,20,P2,82,82,-1.19,-1.21,-15.115,-17.043,-1.161,-1.148,-3.463,-1.19,0.425,10.0,820,799,0.9744,0,797,0,0,2,0,17,2,0,2,0,0,0.6
r0,balanced,mid,stock,10,20,2023,40,40,-0.457,-0.72,-7.212,-8.855,-0.462,-0.465,-2.51,-0.457,0.473,10.0,400,391,0.9775,0,391,0,0,0,0,8,0,0,1,0,0,0.6
r0,balanced,mid,stock,10,20,2024,51,51,0.986,0.84,-9.416,-10.859,0.896,0.944,-0.069,0.986,0.503,10,510,505,0.9902,0,505,0,0,0,0,5,0,0,0,0,0,0.64
r0,balanced,mid,stock,10,20,2025,50,50,-1.353,-1.11,-15.784,-17.043,-1.253,-1.268,-4.059,-1.353,0.426,10.0,500,484,0.968,0,484,0,0,0,0,14,0,0,2,0,0,0.594
r0,balanced,mid,stock,10,20,2026,32,32,-0.935,-0.57,-14.111,-14.485,-1.017,-0.959,-2.532,-0.935,0.424,10.0,320,315,0.9844,0,313,0,0,2,0,3,2,0,0,0,0,0.616
r0,balanced,mid,stock,10,63,ALL,165,165,0.113,0.07,-18.322,-22.886,0.117,0.039,-5.141,0.113,0.423,10,1650,1567,0.9497,0,1562,0,0,5,0,80,0,0,3,0,0,0.608
r0,balanced,mid,stock,10,63,P1,91,91,0.69,0.68,-13.253,-16.58,0.664,0.62,-3.647,0.69,0.428,10,910,873,0.9593,0,873,0,0,0,0,36,0,0,1,0,0,0.623
r0,balanced,mid,stock,10,63,P2,74,74,-0.596,-0.17,-20.469,-22.886,-0.555,-0.675,-6.978,-0.596,0.416,10.0,740,694,0.9378,0,689,0,0,5,0,44,0,0,2,0,0,0.59
r0,balanced,mid,stock,10,63,2023,40,40,-0.608,-0.56,-13.011,-15.028,-0.894,-0.686,-7.728,-0.608,0.424,10.0,400,373,0.9325,0,373,0,0,0,0,26,0,0,1,0,0,0.6
r0,balanced,mid,stock,10,63,2024,51,51,1.709,1.24,-13.056,-16.58,1.885,1.645,-0.446,1.709,0.431,10,510,500,0.9804,0,500,0,0,0,0,10,0,0,0,0,0,0.64
r0,balanced,mid,stock,10,63,2025,50,50,2.75,0.67,-17.536,-18.366,2.779,2.583,-4.384,2.75,0.477,10.0,500,465,0.93,0,464,0,0,1,0,33,0,0,2,0,0,0.594
r0,balanced,mid,stock,10,63,2026,24,24,-7.569,-2.36,-22.621,-22.886,-7.5,-7.463,-12.383,-7.569,0.288,10.0,240,229,0.9542,0,225,0,0,4,0,11,0,0,0,0,0,0.591
r0,balanced,mid,stock,20,5,ALL,176,176,-0.05,-0.27,-6.119,-8.434,-0.054,-0.054,-0.452,-0.049,0.485,20.0,3515,3496,0.9946,5,3496,0,0,0,0,13,1,0,5,0,1,0.567
r0,balanced,mid,stock,20,5,P1,91,91,-0.119,-0.6,-4.062,-5.469,-0.119,-0.12,-0.453,-0.119,0.474,20,1820,1811,0.9951,0,1811,0,0,0,0,6,0,0,3,0,0,0.565
r0,balanced,mid,stock,20,5,P2,85,85,0.024,0.08,-6.889,-8.434,0.014,0.017,-0.45,0.026,0.497,20,1695,1685,0.9941,5,1685,0,0,0,0,7,1,0,2,0,1,0.569
r0,balanced,mid,stock,20,5,2023,40,40,-0.291,-1.0,-4.199,-4.78,-0.287,-0.29,-0.796,-0.291,0.462,20.0,800,794,0.9925,0,794,0,0,0,0,4,0,0,2,0,0,0.56
r0,balanced,mid,stock,20,5,2024,51,51,0.016,0.06,-3.781,-5.469,0.013,0.013,-0.184,0.016,0.484,20,1020,1017,0.9971,0,1017,0,0,0,0,2,0,0,1,0,0,0.569
r0,balanced,mid,stock,20,5,2025,50,50,0.093,0.26,-6.006,-8.204,0.079,0.089,-0.407,0.097,0.5,20.0,995,988,0.993,5,988,0,0,0,0,5,0,0,2,0,1,0.566
r0,balanced,mid,stock,20,5,2026,35,35,-0.075,-0.13,-7.148,-8.434,-0.078,-0.085,-0.513,-0.075,0.494,20,700,697,0.9957,0,697,0,0,0,0,2,1,0,0,0,0,0.578
r0,balanced,mid,stock,20,20,ALL,173,173,-0.171,-0.33,-10.664,-15.359,-0.201,-0.178,-1.889,-0.177,0.461,20,3455,3392,0.9818,5,3390,0,0,2,0,55,3,0,5,0,1,0.566
r0,balanced,mid,stock,20,20,P1,91,91,0.1,0.17,-7.267,-9.028,0.067,0.088,-1.498,0.1,0.475,20,1820,1789,0.983,0,1789,0,0,0,0,28,0,0,3,0,0,0.565
r0,balanced,mid,stock,20,20,P2,82,82,-0.472,-0.54,-12.376,-15.359,-0.5,-0.473,-2.323,-0.484,0.446,20.0,1635,1603,0.9804,5,1601,0,0,2,0,27,3,0,2,0,1,0.566
r0,balanced,mid,stock,20,20,2023,40,40,-0.602,-1.29,-6.001,-7.399,-0.591,-0.592,-3.039,-0.602,0.456,20.0,800,779,0.9738,0,779,0,0,0,0,19,0,0,2,0,0,0.56
r0,balanced,mid,stock,20,20,2024,51,51,0.65,0.69,-7.575,-9.028,0.584,0.621,-0.29,0.65,0.491,20,1020,1010,0.9902,0,1010,0,0,0,0,9,0,0,1,0,0,0.569
r0,balanced,mid,stock,20,20,2025,50,50,-0.099,-0.08,-13.234,-15.359,-0.105,-0.094,-2.091,-0.118,0.466,20.0,995,973,0.9779,5,973,0,0,0,0,20,0,0,2,0,1,0.566
r0,balanced,mid,stock,20,20,2026,32,32,-1.054,-0.94,-10.597,-12.518,-1.116,-1.064,-2.685,-1.054,0.415,20.0,640,630,0.9844,0,628,0,0,2,0,7,3,0,0,0,0,0.571
r0,balanced,mid,stock,20,63,ALL,165,165,0.648,0.39,-16.065,-19.903,0.676,0.579,-4.145,0.62,0.438,20,3295,3144,0.9542,5,3139,0,0,5,0,146,0,0,5,0,1,0.565
r0,balanced,mid,stock,20,63,P1,91,91,0.519,0.63,-10.99,-13.6,0.521,0.474,-3.776,0.519,0.441,20,1820,1745,0.9588,0,1745,0,0,0,0,72,0,0,3,0,0,0.565
r0,balanced,mid,stock,20,63,P2,74,74,0.807,0.23,-18.132,-19.903,0.866,0.709,-4.599,0.744,0.435,20.0,1475,1399,0.9485,5,1394,0,0,5,0,74,0,0,2,0,1,0.563
r0,balanced,mid,stock,20,63,2023,40,40,-0.308,-0.26,-11.764,-13.6,-0.505,-0.336,-7.098,-0.308,0.434,20.0,800,748,0.935,0,748,0,0,0,0,50,0,0,2,0,0,0.56
r0,balanced,mid,stock,20,63,2024,51,51,1.168,1.27,-10.005,-10.913,1.326,1.109,-1.171,1.168,0.446,20,1020,997,0.9775,0,997,0,0,0,0,22,0,0,1,0,0,0.569
r0,balanced,mid,stock,20,63,2025,50,50,4.326,1.02,-15.15,-17.158,4.343,4.1,-1.596,4.232,0.494,20.0,995,939,0.9437,5,938,0,0,1,0,54,0,0,2,0,1,0.566
r0,balanced,mid,stock,20,63,2026,24,24,-6.522,-2.42,-19.748,-19.903,-6.379,-6.357,-10.855,-6.522,0.311,20.0,480,460,0.9583,0,456,0,0,4,0,20,0,0,0,0,0,0.563
r0,balanced,short,mixed,10,5,ALL,176,176,-0.172,-0.83,-6.128,-9.854,-0.177,-0.176,-0.457,-0.172,0.456,10.0,1760,1754,0.9966,0,1754,0,0,0,0,4,1,0,1,0,0,0.688
r0,balanced,short,mixed,10,5,P1,91,91,-0.323,-1.32,-4.331,-5.679,-0.321,-0.324,-0.547,-0.323,0.425,10,910,908,0.9978,0,908,0,0,0,0,2,0,0,0,0,0,0.702
r0,balanced,short,mixed,10,5,P2,85,85,-0.011,-0.03,-7.244,-9.854,-0.022,-0.017,-0.361,-0.011,0.489,10,850,846,0.9953,0,846,0,0,0,0,2,1,0,1,0,0,0.673
r0,balanced,short,mixed,10,5,2023,40,40,-0.36,-1.46,-4.096,-4.405,-0.348,-0.358,-0.611,-0.36,0.421,10.0,400,399,0.9975,0,399,0,0,0,0,1,0,0,0,0,0,0.697
r0,balanced,short,mixed,10,5,2024,51,51,-0.294,-0.75,-4.487,-5.679,-0.3,-0.297,-0.497,-0.294,0.429,10,510,509,0.998,0,509,0,0,0,0,1,0,0,0,0,0,0.708
r0,balanced,short,mixed,10,5,2025,50,50,-0.183,-0.48,-7.47,-9.854,-0.199,-0.187,-0.575,-0.183,0.486,10.0,500,497,0.994,0,497,0,0,0,0,2,0,0,1,0,0,0.661
r0,balanced,short,mixed,10,5,2026,35,35,0.235,0.38,-6.649,-7.742,0.232,0.227,-0.056,0.235,0.493,10,350,349,0.9971,0,349,0,0,0,0,0,1,0,0,0,0,0.688
r0,balanced,short,mixed,10,20,ALL,173,173,-0.655,-1.19,-12.761,-17.856,-0.641,-0.629,-1.628,-0.655,0.427,10,1730,1712,0.9896,0,1712,0,0,0,0,17,0,0,1,0,0,0.687
r0,balanced,short,mixed,10,20,P1,91,91,-0.247,-0.36,-8.841,-12.685,-0.227,-0.223,-1.121,-0.247,0.438,10,910,902,0.9912,0,902,0,0,0,0,8,0,0,0,0,0,0.702
r0,balanced,short,mixed,10,20,P2,82,82,-1.107,-1.27,-14.298,-17.856,-1.1,-1.08,-2.191,-1.107,0.415,10.0,820,810,0.9878,0,810,0,0,0,0,9,0,0,1,0,0,0.67
r0,balanced,short,mixed,10,20,2023,40,40,-0.463,-0.88,-6.21,-7.084,-0.449,-0.441,-1.969,-0.463,0.46,10.0,400,394,0.985,0,394,0,0,0,0,6,0,0,0,0,0,0.697
r0,balanced,short,mixed,10,20,2024,51,51,-0.078,-0.07,-10.19,-12.685,-0.053,-0.052,-0.456,-0.078,0.42,10,510,508,0.9961,0,508,0,0,0,0,2,0,0,0,0,0,0.708
r0,balanced,short,mixed,10,20,2025,50,50,-1.227,-1.04,-16.554,-17.856,-1.214,-1.197,-2.597,-1.227,0.413,10.0,500,492,0.984,0,492,0,0,0,0,7,0,0,1,0,0,0.661
r0,balanced,short,mixed,10,20,2026,32,32,-0.919,-0.74,-10.427,-10.615,-0.922,-0.896,-1.558,-0.919,0.418,10.0,320,318,0.9938,0,318,0,0,0,0,2,0,0,0,0,0,0.684
r0,balanced,short,mixed,10,63,ALL,165,165,-1.324,-0.77,-21.301,-27.634,-1.242,-1.272,-5.02,-1.324,0.395,10,1650,1591,0.9642,0,1589,0,0,2,0,58,0,0,1,0,0,0.685
r0,balanced,short,mixed,10,63,P1,91,91,-1.203,-1.37,-15.012,-22.193,-1.128,-1.168,-4.725,-1.203,0.391,10,910,880,0.967,0,878,0,0,2,0,30,0,0,0,0,0,0.702
r0,balanced,short,mixed,10,63,P2,74,74,-1.474,-0.4,-23.808,-27.634,-1.381,-1.401,-5.383,-1.474,0.4,10.0,740,711,0.9608,0,711,0,0,0,0,28,0,0,1,0,0,0.664
r0,balanced,short,mixed,10,63,2023,40,40,-0.797,-1.23,-10.675,-13.447,-1.116,-0.835,-6.575,-0.797,0.419,10.0,400,379,0.9475,0,379,0,0,0,0,21,0,0,0,0,0,0.697
r0,balanced,short,mixed,10,63,2024,51,51,-1.521,-1.02,-16.553,-22.193,-1.139,-1.43,-3.274,-1.521,0.369,10,510,501,0.9824,0,499,0,0,2,0,9,0,0,0,0,0,0.708
r0,balanced,short,mixed,10,63,2025,50,50,1.784,0.39,-20.732,-22.562,1.917,1.892,-2.756,1.784,0.463,10.0,500,477,0.954,0,477,0,0,0,0,22,0,0,1,0,0,0.661
r0,balanced,short,mixed,10,63,2026,24,24,-8.261,-4.33,-25.238,-27.634,-8.251,-8.259,-10.855,-8.261,0.27,10.0,240,234,0.975,0,234,0,0,0,0,6,0,0,0,0,0,0.67
r0,balanced,short,mixed,20,5,ALL,176,176,-0.092,-0.55,-5.205,-7.388,-0.093,-0.092,-0.377,-0.092,0.467,20.0,3520,3507,0.9963,0,3507,0,0,0,0,9,1,0,3,0,0,0.638
r0,balanced,short,mixed,20,5,P1,91,91,-0.164,-0.84,-3.98,-5.658,-0.163,-0.165,-0.498,-0.164,0.451,20,1820,1813,0.9962,0,1813,0,0,0,0,6,0,0,1,0,0,0.638
r0,balanced,short,mixed,20,5,P2,85,85,-0.014,-0.05,-5.834,-7.388,-0.019,-0.014,-0.247,-0.014,0.484,20,1700,1694,0.9965,0,1694,0,0,0,0,3,1,0,2,0,0,0.639
r0,balanced,short,mixed,20,5,2023,40,40,-0.169,-0.69,-3.527,-4.224,-0.164,-0.167,-0.673,-0.169,0.457,20.0,800,796,0.995,0,796,0,0,0,0,4,0,0,0,0,0,0.604
r0,balanced,short,mixed,20,5,2024,51,51,-0.16,-0.55,-4.255,-5.658,-0.161,-0.163,-0.36,-0.16,0.446,20,1020,1017,0.9971,0,1017,0,0,0,0,2,0,0,1,0,0,0.664
r0,balanced,short,mixed,20,5,2025,50,50,0.013,0.04,-5.561,-7.388,0.005,0.014,-0.283,0.013,0.485,20.0,1000,995,0.995,0,995,0,0,0,0,3,0,0,2,0,0,0.619
r0,balanced,short,mixed,20,5,2026,35,35,-0.053,-0.11,-5.917,-6.027,-0.053,-0.056,-0.197,-0.053,0.482,20,700,699,0.9986,0,699,0,0,0,0,0,1,0,0,0,0,0.665
r0,balanced,short,mixed,20,20,ALL,173,173,-0.573,-1.32,-10.658,-13.633,-0.575,-0.559,-1.855,-0.573,0.436,20,3460,3413,0.9864,0,3413,0,0,0,0,42,2,0,3,0,0,0.637
r0,balanced,short,mixed,20,20,P1,91,91,-0.458,-0.86,-7.934,-12.035,-0.456,-0.442,-1.681,-0.458,0.436,20,1820,1797,0.9874,0,1797,0,0,0,0,22,0,0,1,0,0,0.638
r0,balanced,short,mixed,20,20,P2,82,82,-0.701,-1.0,-11.406,-13.633,-0.708,-0.689,-2.048,-0.701,0.435,20.0,1640,1616,0.9854,0,1616,0,0,0,0,20,2,0,2,0,0,0.637
r0,balanced,short,mixed,20,20,2023,40,40,-0.716,-1.38,-5.483,-6.48,-0.693,-0.686,-2.475,-0.716,0.461,20.0,800,786,0.9825,0,786,0,0,0,0,14,0,0,0,0,0,0.604
r0,balanced,short,mixed,20,20,2024,51,51,-0.255,-0.3,-9.143,-12.035,-0.271,-0.251,-1.059,-0.255,0.416,20,1020,1011,0.9912,0,1011,0,0,0,0,8,0,0,1,0,0,0.664
r0,balanced,short,mixed,20,20,2025,50,50,-0.466,-0.47,-12.348,-13.633,-0.465,-0.454,-1.956,-0.466,0.443,20.0,1000,983,0.983,0,983,0,0,0,0,15,0,0,2,0,0,0.619
r0,balanced,short,mixed,20,20,2026,32,32,-1.068,-1.16,-9.818,-10.531,-1.087,-1.055,-2.193,-1.068,0.423,20.0,640,633,0.9891,0,633,0,0,0,0,5,2,0,0,0,0,0.663
r0,balanced,short,mixed,20,63,ALL,165,165,-1.405,-0.89,-17.596,-27.082,-1.318,-1.337,-5.146,-1.405,0.395,20,3300,3179,0.9633,0,3175,0,0,4,0,117,1,0,3,0,0,0.634
r0,balanced,short,mixed,20,63,P1,91,91,-1.995,-3.12,-13.015,-15.239,-1.942,-1.922,-5.406,-1.995,0.379,20,1820,1760,0.967,0,1758,0,0,2,0,59,0,0,1,0,0,0.638
r0,balanced,short,mixed,20,63,P2,74,74,-0.681,-0.2,-20.259,-27.082,-0.55,-0.618,-4.825,-0.681,0.415,20.0,1480,1419,0.9588,0,1417,0,0,2,0,58,1,0,2,0,0,0.629
r0,balanced,short,mixed,20,63,2023,40,40,-2.046,-3.57,-10.873,-12.094,-2.166,-1.959,-7.382,-2.046,0.404,20.0,800,760,0.95,0,760,0,0,0,0,40,0,0,0,0,0,0.604
r0,balanced,short,mixed,20,63,2024,51,51,-1.955,-1.9,-13.694,-15.239,-1.767,-1.893,-3.857,-1.955,0.36,20,1020,1000,0.9804,0,998,0,0,2,0,19,0,0,1,0,0,0.664
r0,balanced,short,mixed,20,63,2025,50,50,2.531,0.62,-16.416,-17.545,2.64,2.518,-2.226,2.531,0.478,20.0,1000,953,0.953,0,952,0,0,1,0,45,0,0,2,0,0,0.619
r0,balanced,short,mixed,20,63,2026,24,24,-7.372,-3.44,-22.879,-27.082,-7.195,-7.153,-10.24,-7.372,0.284,20.0,480,466,0.9708,0,465,0,0,1,0,13,1,0,0,0,0,0.648
r0,balanced,short,stock,10,5,ALL,176,176,-0.043,-0.2,-6.152,-9.854,-0.047,-0.046,-0.328,-0.043,0.476,10.0,1760,1754,0.9966,0,1754,0,0,0,0,4,1,0,1,0,0,0.651
r0,balanced,short,stock,10,5,P1,91,91,-0.143,-0.57,-4.368,-4.971,-0.142,-0.145,-0.368,-0.143,0.467,10,910,908,0.9978,0,908,0,0,0,0,2,0,0,0,0,0,0.666
r0,balanced,short,stock,10,5,P2,85,85,0.065,0.19,-7.319,-9.854,0.054,0.059,-0.285,0.065,0.485,10,850,846,0.9953,0,846,0,0,0,0,2,1,0,1,0,0,0.635
r0,balanced,short,stock,10,5,2023,40,40,-0.177,-0.6,-4.247,-4.255,-0.165,-0.175,-0.428,-0.177,0.468,10.0,400,399,0.9975,0,399,0,0,0,0,1,0,0,0,0,0,0.654
r0,balanced,short,stock,10,5,2024,51,51,-0.117,-0.3,-4.448,-4.971,-0.124,-0.121,-0.321,-0.117,0.466,10,510,509,0.998,0,509,0,0,0,0,1,0,0,0,0,0,0.674
r0,balanced,short,stock,10,5,2025,50,50,-0.101,-0.27,-7.642,-9.854,-0.118,-0.105,-0.493,-0.101,0.482,10.0,500,497,0.994,0,497,0,0,0,0,2,0,0,1,0,0,0.637
r0,balanced,short,stock,10,5,2026,35,35,0.303,0.49,-6.794,-8.031,0.3,0.294,0.012,0.303,0.491,10,350,349,0.9971,0,349,0,0,0,0,0,1,0,0,0,0,0.629
r0,balanced,short,stock,10,20,ALL,173,173,-0.406,-0.7,-13.152,-17.509,-0.424,-0.403,-1.805,-0.406,0.446,10,1730,1705,0.9855,0,1705,0,0,0,0,22,2,0,1,0,0,0.651
r0,balanced,short,stock,10,20,P1,91,91,0.084,0.12,-9.489,-12.685,0.064,0.091,-1.034,0.084,0.462,10,910,900,0.989,0,900,0,0,0,0,10,0,0,0,0,0,0.666
r0,balanced,short,stock,10,20,P2,82,82,-0.95,-1.01,-14.482,-17.509,-0.966,-0.951,-2.661,-0.95,0.427,10.0,820,805,0.9817,0,805,0,0,0,0,12,2,0,1,0,0,0.635
r0,balanced,short,stock,10,20,2023,40,40,-0.309,-0.48,-7.021,-9.017,-0.301,-0.293,-1.821,-0.309,0.457,10.0,400,394,0.985,0,394,0,0,0,0,6,0,0,0,0,0,0.654
r0,balanced,short,stock,10,20,2024,51,51,0.392,0.35,-10.626,-12.685,0.351,0.392,-0.416,0.392,0.466,10,510,506,0.9922,0,506,0,0,0,0,4,0,0,0,0,0,0.674
r0,balanced,short,stock,10,20,2025,50,50,-1.072,-0.82,-16.345,-17.509,-1.069,-1.054,-2.835,-1.072,0.427,10.0,500,490,0.98,0,490,0,0,0,0,9,0,0,1,0,0,0.637
r0,balanced,short,stock,10,20,2026,32,32,-0.758,-0.6,-11.687,-11.717,-0.806,-0.791,-2.389,-0.758,0.427,10.0,320,315,0.9844,0,315,0,0,0,0,3,2,0,0,0,0,0.629
r0,balanced,short,stock,10,63,ALL,165,165,-1.008,-0.56,-21.03,-28.761,-0.944,-0.99,-5.507,-1.008,0.404,10,1650,1579,0.957,0,1577,0,0,2,0,69,1,0,1,0,0,0.651
r0,balanced,short,stock,10,63,P1,91,91,-0.626,-0.81,-15.354,-22.193,-0.618,-0.626,-4.775,-0.626,0.41,10,910,875,0.9615,0,873,0,0,2,0,35,0,0,0,0,0,0.666
r0,balanced,short,stock,10,63,P2,74,74,-1.478,-0.39,-23.753,-28.761,-1.346,-1.438,-6.406,-1.478,0.396,10.0,740,704,0.9514,0,704,0,0,0,0,34,1,0,1,0,0,0.632
r0,balanced,short,stock,10,63,2023,40,40,-0.421,-0.73,-10.771,-13.447,-0.805,-0.503,-7.055,-0.421,0.415,10.0,400,376,0.94,0,376,0,0,0,0,24,0,0,0,0,0,0.654
r0,balanced,short,stock,10,63,2024,51,51,-0.786,-0.6,-16.961,-22.193,-0.471,-0.722,-2.987,-0.786,0.406,10,510,499,0.9784,0,497,0,0,2,0,11,0,0,0,0,0,0.674
r0,balanced,short,stock,10,63,2025,50,50,1.901,0.4,-20.282,-21.213,2.046,1.918,-3.776,1.901,0.452,10.0,500,472,0.944,0,472,0,0,0,0,27,0,0,1,0,0,0.637
r0,balanced,short,stock,10,63,2026,24,24,-8.519,-4.1,-25.802,-28.761,-8.413,-8.43,-11.885,-8.519,0.28,10.0,240,232,0.9667,0,232,0,0,0,0,7,1,0,0,0,0,0.617
r0,balanced,short,stock,20,5,ALL,176,176,-0.087,-0.49,-5.455,-7.269,-0.089,-0.088,-0.373,-0.087,0.475,20.0,3519,3505,0.996,1,3505,0,0,0,0,9,1,0,4,0,1,0.606
r0,balanced,short,stock,20,5,P1,91,91,-0.135,-0.69,-3.816,-4.587,-0.134,-0.136,-0.469,-0.135,0.469,20,1820,1812,0.9956,0,1812,0,0,0,0,6,0,0,2,0,0,0.606
r0,balanced,short,stock,20,5,P2,85,85,-0.035,-0.12,-6.002,-7.269,-0.041,-0.037,-0.27,-0.035,0.482,20,1699,1693,0.9965,1,1693,0,0,0,0,3,1,0,2,0,1,0.608
r0,balanced,short,stock,20,5,2023,40,40,-0.233,-0.91,-3.79,-4.461,-0.226,-0.229,-0.736,-0.233,0.466,20.0,800,796,0.995,0,796,0,0,0,0,4,0,0,0,0,0,0.579
r0,balanced,short,stock,20,5,2024,51,51,-0.059,-0.21,-3.831,-4.587,-0.062,-0.063,-0.259,-0.059,0.472,20,1020,1016,0.9961,0,1016,0,0,0,0,2,0,0,2,0,0,0.626
r0,balanced,short,stock,20,5,2025,50,50,0.006,0.02,-5.86,-7.269,-0.003,0.006,-0.291,0.006,0.484,20.0,999,994,0.995,1,994,0,0,0,0,3,0,0,2,0,1,0.599
r0,balanced,short,stock,20,5,2026,35,35,-0.095,-0.17,-5.847,-5.86,-0.095,-0.097,-0.239,-0.095,0.478,20,700,699,0.9986,0,699,0,0,0,0,0,1,0,0,0,0,0.619
r0,balanced,short,stock,20,20,ALL,173,173,-0.547,-1.21,-10.652,-14.276,-0.551,-0.536,-1.889,-0.547,0.445,20,3459,3409,0.9855,1,3409,0,0,0,0,44,2,0,4,0,1,0.606
r0,balanced,short,stock,20,20,P1,91,91,-0.357,-0.66,-7.566,-9.828,-0.357,-0.342,-1.581,-0.357,0.452,20,1820,1796,0.9868,0,1796,0,0,0,0,22,0,0,2,0,0,0.606
r0,balanced,short,stock,20,20,P2,82,82,-0.757,-1.03,-11.792,-14.276,-0.766,-0.75,-2.229,-0.757,0.436,20.0,1639,1613,0.9841,1,1613,0,0,0,0,22,2,0,2,0,1,0.607
r0,balanced,short,stock,20,20,2023,40,40,-0.77,-1.38,-6.092,-6.848,-0.745,-0.739,-2.528,-0.77,0.447,20.0,800,786,0.9825,0,786,0,0,0,0,14,0,0,0,0,0,0.579
r0,balanced,short,stock,20,20,2024,51,51,-0.032,-0.04,-8.407,-9.828,-0.053,-0.031,-0.839,-0.032,0.457,20,1020,1010,0.9902,0,1010,0,0,0,0,8,0,0,2,0,0,0.626
r0,balanced,short,stock,20,20,2025,50,50,-0.379,-0.37,-12.668,-14.276,-0.383,-0.378,-2.076,-0.379,0.45,20.0,999,980,0.981,1,980,0,0,0,0,17,0,0,2,0,1,0.599
r0,balanced,short,stock,20,20,2026,32,32,-1.348,-1.47,-10.302,-11.498,-1.364,-1.332,-2.47,-1.348,0.414,20.0,640,633,0.9891,0,633,0,0,0,0,5,2,0,0,0,0,0.619
r0,balanced,short,stock,20,63,ALL,165,165,-1.245,-0.75,-17.953,-28.439,-1.172,-1.182,-5.352,-1.248,0.401,20,3299,3166,0.9597,1,3162,0,0,4,0,128,1,0,4,0,1,0.605
r0,balanced,short,stock,20,63,P1,91,91,-1.687,-2.54,-13.098,-16.42,-1.651,-1.62,-5.407,-1.687,0.392,20,1820,1754,0.9637,0,1752,0,0,2,0,64,0,0,2,0,0,0.606
r0,balanced,short,stock,20,63,P2,74,74,-0.7,-0.2,-20.846,-28.439,-0.583,-0.642,-5.284,-0.708,0.413,20.0,1479,1412,0.9547,1,1410,0,0,2,0,64,1,0,2,0,1,0.605
r0,balanced,short,stock,20,63,2023,40,40,-2.218,-2.69,-11.109,-12.094,-2.348,-2.124,-8.096,-2.218,0.381,20.0,800,756,0.945,0,756,0,0,0,0,44,0,0,0,0,0,0.579
r0,balanced,short,stock,20,63,2024,51,51,-1.271,-1.37,-13.784,-16.42,-1.105,-1.226,-3.298,-1.271,0.401,20,1020,998,0.9784,0,996,0,0,2,0,20,0,0,2,0,0,0.626
r0,balanced,short,stock,20,63,2025,50,50,2.815,0.67,-16.748,-18.168,2.894,2.772,-2.398,2.803,0.473,20.0,999,948,0.9489,1,947,0,0,1,0,49,0,0,2,0,1,0.599
r0,balanced,short,stock,20,63,2026,24,24,-8.023,-3.66,-23.558,-28.439,-7.829,-7.754,-11.297,-8.023,0.287,20.0,480,464,0.9667,0,463,0,0,1,0,15,1,0,0,0,0,0.615
tilt_a,aggressive,long,mixed,10,5,ALL,176,176,-0.135,-0.5,-9.419,-17.472,-0.138,-0.138,-0.587,-0.135,0.449,10.0,1760,1748,0.9932,0,1748,0,0,0,0,8,0,0,4,0,0,0.618
tilt_a,aggressive,long,mixed,10,5,P1,91,91,-0.288,-1.08,-5.076,-7.394,-0.289,-0.29,-0.841,-0.288,0.416,10,910,904,0.9934,0,904,0,0,0,0,5,0,0,1,0,0,0.609
tilt_a,aggressive,long,mixed,10,5,P2,85,85,0.029,0.06,-11.269,-17.472,0.023,0.025,-0.315,0.029,0.485,10,850,844,0.9929,0,844,0,0,0,0,3,0,0,3,0,0,0.629
tilt_a,aggressive,long,mixed,10,5,2023,40,40,-0.51,-1.69,-4.753,-4.869,-0.51,-0.512,-1.263,-0.51,0.41,10.0,400,396,0.99,0,396,0,0,0,0,3,0,0,1,0,0,0.61
tilt_a,aggressive,long,mixed,10,5,2024,51,51,-0.115,-0.28,-5.292,-7.394,-0.116,-0.116,-0.509,-0.115,0.422,10,510,508,0.9961,0,508,0,0,0,0,2,0,0,0,0,0,0.606
tilt_a,aggressive,long,mixed,10,5,2025,50,50,0.231,0.5,-7.012,-7.122,0.219,0.232,-0.15,0.231,0.487,10.0,500,497,0.994,0,497,0,0,0,0,2,0,0,1,0,0,0.608
tilt_a,aggressive,long,mixed,10,5,2026,35,35,-0.259,-0.28,-14.026,-17.472,-0.257,-0.272,-0.55,-0.259,0.482,10,350,347,0.9914,0,347,0,0,0,0,1,0,0,2,0,0,0.653
tilt_a,aggressive,long,mixed,10,20,ALL,173,173,-0.591,-0.94,-13.73,-21.177,-0.608,-0.605,-2.347,-0.591,0.388,10,1730,1696,0.9803,0,1693,0,0,3,0,27,3,0,4,0,0,0.616
tilt_a,aggressive,long,mixed,10,20,P1,91,91,-0.923,-1.33,-9.614,-10.536,-0.917,-0.922,-2.378,-0.923,0.37,10,910,896,0.9846,0,896,0,0,0,0,13,0,0,1,0,0,0.609
tilt_a,aggressive,long,mixed,10,20,P2,82,82,-0.222,-0.21,-16.412,-21.177,-0.265,-0.253,-2.314,-0.222,0.408,10.0,820,800,0.9756,0,797,0,0,3,0,14,3,0,3,0,0,0.623
tilt_a,aggressive,long,mixed,10,20,2023,40,40,-1.833,-4.21,-9.43,-10.485,-1.766,-1.804,-3.822,-1.833,0.378,10.0,400,391,0.9775,0,391,0,0,0,0,8,0,0,1,0,0,0.61
tilt_a,aggressive,long,mixed,10,20,2024,51,51,-0.209,-0.18,-9.615,-10.536,-0.252,-0.23,-1.245,-0.209,0.364,10,510,505,0.9902,0,505,0,0,0,0,5,0,0,0,0,0,0.606
tilt_a,aggressive,long,mixed,10,20,2025,50,50,-0.325,-0.26,-11.905,-13.619,-0.291,-0.329,-2.287,-0.325,0.392,10.0,500,489,0.978,0,489,0,0,0,0,10,0,0,1,0,0,0.608
tilt_a,aggressive,long,mixed,10,20,2026,32,32,-0.061,-0.03,-19.828,-21.177,-0.226,-0.133,-2.356,-0.061,0.433,10.0,320,311,0.9719,0,308,0,0,3,0,4,3,0,2,0,0,0.642
tilt_a,aggressive,long,mixed,10,63,ALL,165,165,-1.71,-1.27,-21.073,-29.108,-1.499,-1.828,-6.827,-1.71,0.35,10,1650,1568,0.9503,0,1561,0,0,7,0,78,0,0,4,0,0,0.611
tilt_a,aggressive,long,mixed,10,63,P1,91,91,-2.015,-2.31,-14.687,-18.363,-1.898,-2.01,-5.641,-2.015,0.335,10,910,878,0.9648,0,878,0,0,0,0,31,0,0,1,0,0,0.609
tilt_a,aggressive,long,mixed,10,63,P2,74,74,-1.335,-0.48,-24.599,-29.108,-1.008,-1.605,-8.286,-1.335,0.369,10.0,740,690,0.9324,0,683,0,0,7,0,47,0,0,3,0,0,0.614
tilt_a,aggressive,long,mixed,10,63,2023,40,40,-2.538,-1.68,-16.052,-18.363,-2.556,-2.461,-7.79,-2.538,0.361,10.0,400,379,0.9475,0,379,0,0,0,0,20,0,0,1,0,0,0.61
tilt_a,aggressive,long,mixed,10,63,2024,51,51,-1.605,-1.64,-13.778,-16.206,-1.382,-1.656,-3.955,-1.605,0.314,10,510,499,0.9784,0,499,0,0,0,0,11,0,0,0,0,0,0.606
tilt_a,aggressive,long,mixed,10,63,2025,50,50,-0.343,-0.1,-19.592,-22.771,0.318,-0.65,-8.141,-0.343,0.392,10.0,500,463,0.926,0,461,0,0,2,0,36,0,0,1,0,0,0.608
tilt_a,aggressive,long,mixed,10,63,2026,24,24,-3.403,-0.71,-27.972,-29.108,-3.77,-3.594,-8.587,-3.403,0.319,10.0,240,227,0.9458,0,222,0,0,5,0,11,0,0,2,0,0,0.617
tilt_a,aggressive,long,mixed,20,5,ALL,176,176,-0.044,-0.21,-7.067,-13.702,-0.048,-0.048,-0.447,-0.044,0.459,20.0,3520,3499,0.994,0,3499,0,0,0,0,13,1,0,7,0,0,0.568
tilt_a,aggressive,long,mixed,20,5,P1,91,91,-0.118,-0.55,-4.308,-6.722,-0.121,-0.122,-0.509,-0.118,0.436,20,1820,1810,0.9945,0,1810,0,0,0,0,7,0,0,3,0,0,0.556
tilt_a,aggressive,long,mixed,20,5,P2,85,85,0.035,0.09,-8.516,-13.702,0.029,0.03,-0.381,0.035,0.484,20,1700,1689,0.9935,0,1689,0,0,0,0,6,1,0,4,0,0,0.582
tilt_a,aggressive,long,mixed,20,5,2023,40,40,-0.264,-1.06,-3.644,-4.203,-0.261,-0.267,-0.771,-0.264,0.443,20.0,800,794,0.9925,0,794,0,0,0,0,4,0,0,2,0,0,0.577
tilt_a,aggressive,long,mixed,20,5,2024,51,51,-0.004,-0.01,-4.752,-6.722,-0.011,-0.008,-0.305,-0.004,0.429,20,1020,1016,0.9961,0,1016,0,0,0,0,3,0,0,1,0,0,0.537
tilt_a,aggressive,long,mixed,20,5,2025,50,50,0.155,0.45,-4.445,-6.526,0.151,0.16,-0.238,0.155,0.482,20.0,1000,994,0.994,0,994,0,0,0,0,4,0,0,2,0,0,0.581
tilt_a,aggressive,long,mixed,20,5,2026,35,35,-0.136,-0.18,-11.237,-13.702,-0.145,-0.155,-0.585,-0.136,0.487,20,700,695,0.9929,0,695,0,0,0,0,2,1,0,2,0,0,0.582
tilt_a,aggressive,long,mixed,20,20,ALL,173,173,-0.214,-0.39,-11.589,-17.001,-0.233,-0.221,-2.162,-0.214,0.412,20,3460,3387,0.9789,0,3384,0,0,3,0,63,3,0,7,0,0,0.567
tilt_a,aggressive,long,mixed,20,20,P1,91,91,-0.31,-0.53,-6.668,-7.577,-0.332,-0.316,-2.228,-0.31,0.397,20,1820,1783,0.9797,0,1783,0,0,0,0,34,0,0,3,0,0,0.556
tilt_a,aggressive,long,mixed,20,20,P2,82,82,-0.108,-0.11,-13.654,-17.001,-0.124,-0.117,-2.09,-0.108,0.429,20.0,1640,1604,0.978,0,1601,0,0,3,0,29,3,0,4,0,0,0.58
tilt_a,aggressive,long,mixed,20,20,2023,40,40,-1.198,-3.14,-5.869,-6.047,-1.166,-1.172,-3.849,-1.198,0.416,20.0,800,777,0.9712,0,777,0,0,0,0,21,0,0,2,0,0,0.577
tilt_a,aggressive,long,mixed,20,20,2024,51,51,0.387,0.4,-7.031,-7.577,0.323,0.356,-0.956,0.387,0.382,20,1020,1006,0.9863,0,1006,0,0,0,0,13,0,0,1,0,0,0.537
tilt_a,aggressive,long,mixed,20,20,2025,50,50,-0.022,-0.02,-11.044,-12.76,0.0,-0.02,-1.923,-0.022,0.42,20.0,1000,979,0.979,0,979,0,0,0,0,19,0,0,2,0,0,0.581
tilt_a,aggressive,long,mixed,20,20,2026,32,32,-0.243,-0.13,-16.961,-17.001,-0.319,-0.268,-2.351,-0.243,0.442,20.0,640,625,0.9766,0,622,0,0,3,0,10,3,0,2,0,0,0.577
tilt_a,aggressive,long,mixed,20,63,ALL,165,165,-0.519,-0.38,-19.745,-27.108,-0.422,-0.619,-5.302,-0.519,0.378,20,3300,3147,0.9536,0,3136,0,0,11,0,144,2,0,7,0,0,0.562
tilt_a,aggressive,long,mixed,20,63,P1,91,91,-0.784,-0.81,-11.285,-13.176,-0.668,-0.784,-4.695,-0.784,0.368,20,1820,1750,0.9615,0,1750,0,0,0,0,67,0,0,3,0,0,0.556
tilt_a,aggressive,long,mixed,20,63,P2,74,74,-0.193,-0.07,-24.152,-27.108,-0.119,-0.417,-6.048,-0.193,0.391,20.0,1480,1397,0.9439,0,1386,0,0,11,0,77,2,0,4,0,0,0.572
tilt_a,aggressive,long,mixed,20,63,2023,40,40,-1.009,-0.68,-10.525,-11.177,-1.037,-0.955,-6.69,-1.009,0.404,20.0,800,755,0.9437,0,755,0,0,0,0,43,0,0,2,0,0,0.577
tilt_a,aggressive,long,mixed,20,63,2024,51,51,-0.608,-0.51,-11.793,-13.176,-0.378,-0.65,-3.129,-0.608,0.341,20,1020,995,0.9755,0,995,0,0,0,0,24,0,0,1,0,0,0.537
tilt_a,aggressive,long,mixed,20,63,2025,50,50,1.466,0.46,-17.503,-19.63,1.663,1.177,-4.455,1.466,0.428,20.0,1000,944,0.944,0,938,0,0,6,0,54,0,0,2,0,0,0.581
tilt_a,aggressive,long,mixed,20,63,2026,24,24,-3.649,-0.7,-26.69,-27.108,-3.833,-3.738,-9.368,-3.649,0.313,20.0,480,453,0.9437,0,448,0,0,5,0,23,2,0,2,0,0,0.552
tilt_a,aggressive,long,stock,10,5,ALL,176,176,-0.016,-0.05,-9.526,-17.472,-0.026,-0.023,-0.702,-0.016,0.475,10.0,1760,1744,0.9909,0,1744,0,0,0,0,11,1,0,4,0,0,0.594
tilt_a,aggressive,long,stock,10,5,P1,91,91,-0.116,-0.4,-5.341,-7.394,-0.123,-0.123,-0.674,-0.116,0.466,10,910,904,0.9934,0,904,0,0,0,0,5,0,0,1,0,0,0.587
tilt_a,aggressive,long,stock,10,5,P2,85,85,0.091,0.18,-11.609,-17.472,0.078,0.084,-0.731,0.091,0.485,10,850,840,0.9882,0,840,0,0,0,0,6,1,0,3,0,0,0.602
tilt_a,aggressive,long,stock,10,5,2023,40,40,-0.34,-0.85,-4.904,-4.914,-0.355,-0.355,-1.106,-0.34,0.456,10.0,400,396,0.99,0,396,0,0,0,0,3,0,0,1,0,0,0.592
tilt_a,aggressive,long,stock,10,5,2024,51,51,0.059,0.14,-5.464,-7.394,0.058,0.059,-0.335,0.059,0.475,10,510,508,0.9961,0,508,0,0,0,0,2,0,0,0,0,0,0.582
tilt_a,aggressive,long,stock,10,5,2025,50,50,0.164,0.33,-7.062,-9.95,0.14,0.162,-0.829,0.164,0.483,10.0,500,494,0.988,0,494,0,0,0,0,5,0,0,1,0,0,0.586
tilt_a,aggressive,long,stock,10,5,2026,35,35,-0.012,-0.01,-14.14,-17.472,-0.01,-0.027,-0.592,-0.012,0.488,10,350,346,0.9886,0,346,0,0,0,0,1,1,0,2,0,0,0.624
tilt_a,aggressive,long,stock,10,20,ALL,173,173,0.063,0.09,-13.88,-21.177,0.072,0.071,-1.978,0.063,0.467,10,1730,1691,0.9775,0,1688,0,0,3,0,32,3,0,4,0,0,0.594
tilt_a,aggressive,long,stock,10,20,P1,91,91,0.115,0.15,-10.125,-11.577,0.116,0.115,-1.454,0.115,0.497,10,910,895,0.9835,0,895,0,0,0,0,14,0,0,1,0,0,0.587
tilt_a,aggressive,long,stock,10,20,P2,82,82,0.006,0.01,-16.373,-21.177,0.023,0.024,-2.558,0.006,0.433,10.0,820,796,0.9707,0,793,0,0,3,0,18,3,0,3,0,0,0.602
tilt_a,aggressive,long,stock,10,20,2023,40,40,-1.349,-3.21,-9.975,-11.577,-1.278,-1.309,-3.585,-1.349,0.438,10.0,400,390,0.975,0,390,0,0,0,0,9,0,0,1,0,0,0.592
tilt_a,aggressive,long,stock,10,20,2024,51,51,1.263,0.98,-10.039,-10.536,1.21,1.231,0.216,1.263,0.543,10,510,505,0.9902,0,505,0,0,0,0,5,0,0,0,0,0,0.582
tilt_a,aggressive,long,stock,10,20,2025,50,50,-0.175,-0.14,-11.405,-13.619,-0.038,-0.082,-2.685,-0.175,0.421,10.0,500,486,0.972,0,486,0,0,0,0,13,0,0,1,0,0,0.586
tilt_a,aggressive,long,stock,10,20,2026,32,32,0.288,0.13,-19.828,-21.177,0.118,0.188,-2.36,0.288,0.453,10.0,320,310,0.9688,0,307,0,0,3,0,5,3,0,2,0,0,0.626
tilt_a,aggressive,long,stock,10,63,ALL,165,165,0.69,0.45,-23.08,-29.108,0.798,0.462,-5.213,0.69,0.445,10,1650,1558,0.9442,0,1551,0,0,7,0,88,0,0,4,0,0,0.59
tilt_a,aggressive,long,stock,10,63,P1,91,91,0.662,0.55,-15.013,-20.176,0.744,0.618,-3.356,0.662,0.465,10,910,875,0.9615,0,875,0,0,0,0,34,0,0,1,0,0,0.587
tilt_a,aggressive,long,stock,10,63,P2,74,74,0.725,0.23,-26.46,-29.108,0.864,0.271,-7.498,0.725,0.421,10.0,740,683,0.923,0,676,0,0,7,0,54,0,0,3,0,0,0.595
tilt_a,aggressive,long,stock,10,63,2023,40,40,-0.571,-0.32,-18.568,-20.176,-0.639,-0.527,-6.112,-0.571,0.457,10.0,400,378,0.945,0,378,0,0,0,0,21,0,0,1,0,0,0.592
tilt_a,aggressive,long,stock,10,63,2024,51,51,1.63,1.41,-12.644,-16.206,1.829,1.516,-1.194,1.63,0.471,10,510,497,0.9745,0,497,0,0,0,0,13,0,0,0,0,0,0.582
tilt_a,aggressive,long,stock,10,63,2025,50,50,1.403,0.42,-22.183,-27.483,1.99,1.032,-7.401,1.403,0.441,10.0,500,459,0.918,0,457,0,0,2,0,40,0,0,1,0,0,0.586
tilt_a,aggressive,long,stock,10,63,2026,24,24,-0.69,-0.11,-27.972,-29.108,-1.482,-1.315,-7.701,-0.69,0.38,10.0,240,224,0.9333,0,219,0,0,5,0,14,0,0,2,0,0,0.609
tilt_a,aggressive,long,stock,20,5,ALL,176,176,0.059,0.26,-7.513,-13.702,0.052,0.054,-0.401,0.057,0.486,20.0,3511,3488,0.9934,9,3487,0,0,1,0,14,2,0,7,0,1,0.556
tilt_a,aggressive,long,stock,20,5,P1,91,91,0.032,0.14,-4.648,-6.722,0.028,0.026,-0.361,0.032,0.479,20,1820,1810,0.9945,0,1810,0,0,0,0,7,0,0,3,0,0,0.55
tilt_a,aggressive,long,stock,20,5,P2,85,85,0.088,0.22,-8.755,-13.702,0.077,0.083,-0.445,0.085,0.492,20,1691,1678,0.9923,9,1677,0,0,1,0,7,2,0,4,0,1,0.563
tilt_a,aggressive,long,stock,20,5,2023,40,40,-0.266,-0.91,-4.403,-4.683,-0.265,-0.272,-0.775,-0.266,0.463,20.0,800,794,0.9925,0,794,0,0,0,0,4,0,0,2,0,0,0.554
tilt_a,aggressive,long,stock,20,5,2024,51,51,0.265,0.78,-4.812,-6.722,0.258,0.26,-0.036,0.265,0.492,20,1020,1016,0.9961,0,1016,0,0,0,0,3,0,0,1,0,0,0.546
tilt_a,aggressive,long,stock,20,5,2025,50,50,0.097,0.28,-4.563,-6.632,0.089,0.097,-0.398,0.091,0.49,20.0,991,984,0.9929,9,984,0,0,0,0,5,0,0,2,0,1,0.565
tilt_a,aggressive,long,stock,20,5,2026,35,35,0.076,0.09,-11.237,-13.702,0.06,0.063,-0.511,0.076,0.496,20,700,694,0.9914,0,693,0,0,1,0,2,2,0,2,0,0,0.56
tilt_a,aggressive,long,stock,20,20,ALL,173,173,0.238,0.4,-11.869,-17.925,0.213,0.227,-2.007,0.224,0.473,20,3451,3368,0.9759,9,3364,0,0,4,0,72,4,0,7,0,1,0.556
tilt_a,aggressive,long,stock,20,20,P1,91,91,0.41,0.61,-6.859,-7.577,0.365,0.391,-1.803,0.41,0.488,20,1820,1778,0.9769,0,1778,0,0,0,0,39,0,0,3,0,0,0.55
tilt_a,aggressive,long,stock,20,20,P2,82,82,0.047,0.05,-13.774,-17.925,0.045,0.046,-2.234,0.017,0.455,20.0,1631,1590,0.9749,9,1586,0,0,4,0,33,4,0,4,0,1,0.563
tilt_a,aggressive,long,stock,20,20,2023,40,40,-0.953,-2.19,-6.514,-6.674,-0.928,-0.931,-3.867,-0.953,0.448,20.0,800,775,0.9688,0,775,0,0,0,0,23,0,0,2,0,0,0.554
tilt_a,aggressive,long,stock,20,20,2024,51,51,1.479,1.39,-7.09,-7.577,1.38,1.428,-0.184,1.479,0.52,20,1020,1003,0.9833,0,1003,0,0,0,0,16,0,0,1,0,0,0.546
tilt_a,aggressive,long,stock,20,20,2025,50,50,0.028,0.03,-11.004,-13.234,0.077,0.049,-2.062,-0.021,0.454,20.0,991,968,0.9768,9,968,0,0,0,0,21,0,0,2,0,1,0.565
tilt_a,aggressive,long,stock,20,20,2026,32,32,0.076,0.04,-17.423,-17.925,-0.005,0.041,-2.503,0.076,0.457,20.0,640,622,0.9719,0,618,0,0,4,0,12,4,0,2,0,0,0.56
tilt_a,aggressive,long,stock,20,63,ALL,165,165,1.403,0.92,-19.146,-28.339,1.448,1.254,-4.273,1.337,0.461,20,3291,3112,0.9456,9,3100,0,0,12,0,170,2,0,7,0,1,0.553
tilt_a,aggressive,long,stock,20,63,P1,91,91,1.589,1.22,-10.8,-11.923,1.631,1.539,-3.248,1.589,0.482,20,1820,1735,0.9533,0,1735,0,0,0,0,82,0,0,3,0,0,0.55
tilt_a,aggressive,long,stock,20,63,P2,74,74,1.174,0.39,-25.325,-28.339,1.223,0.903,-5.534,1.026,0.436,20.0,1471,1377,0.9361,9,1365,0,0,12,0,88,2,0,4,0,1,0.558
tilt_a,aggressive,long,stock,20,63,2023,40,40,0.203,0.11,-11.703,-11.923,0.115,0.253,-6.552,0.203,0.466,20.0,800,747,0.9337,0,747,0,0,0,0,51,0,0,2,0,0,0.554
tilt_a,aggressive,long,stock,20,63,2024,51,51,2.677,2.12,-8.95,-10.267,2.82,2.547,-0.657,2.677,0.494,20,1020,988,0.9686,0,988,0,0,0,0,31,0,0,1,0,0,0.546
tilt_a,aggressive,long,stock,20,63,2025,50,50,3.007,0.92,-14.234,-16.647,3.187,2.689,-3.705,2.789,0.472,20.0,991,928,0.9364,9,922,0,0,6,0,61,0,0,2,0,1,0.565
tilt_a,aggressive,long,stock,20,63,2026,24,24,-2.646,-0.44,-27.723,-28.339,-2.869,-2.817,-9.343,-2.646,0.359,20.0,480,449,0.9354,0,443,0,0,6,0,27,2,0,2,0,0,0.543
tilt_a,aggressive,mid,mixed,10,5,ALL,176,176,-0.086,-0.35,-7.824,-15.972,-0.093,-0.092,-0.541,-0.086,0.443,10.0,1760,1748,0.9932,0,1748,0,0,0,0,8,0,0,4,0,0,0.633
tilt_a,aggressive,mid,mixed,10,5,P1,91,91,-0.153,-0.6,-4.687,-6.491,-0.158,-0.158,-0.709,-0.153,0.414,10,910,903,0.9923,0,903,0,0,0,0,5,0,0,2,0,0,0.618
tilt_a,aggressive,mid,mixed,10,5,P2,85,85,-0.014,-0.03,-9.28,-15.972,-0.024,-0.021,-0.361,-0.014,0.474,10,850,845,0.9941,0,845,0,0,0,0,3,0,0,2,0,0,0.65
tilt_a,aggressive,mid,mixed,10,5,2023,40,40,-0.298,-1.01,-4.462,-4.637,-0.304,-0.307,-1.058,-0.298,0.418,10.0,400,396,0.99,0,396,0,0,0,0,3,0,0,1,0,0,0.631
tilt_a,aggressive,mid,mixed,10,5,2024,51,51,-0.039,-0.1,-4.837,-6.491,-0.043,-0.041,-0.435,-0.039,0.411,10,510,507,0.9941,0,507,0,0,0,0,2,0,0,1,0,0,0.606
tilt_a,aggressive,mid,mixed,10,5,2025,50,50,0.128,0.27,-7.442,-8.253,0.105,0.125,-0.257,0.128,0.479,10.0,500,497,0.994,0,497,0,0,0,0,2,0,0,1,0,0,0.635
tilt_a,aggressive,mid,mixed,10,5,2026,35,35,-0.218,-0.28,-11.924,-15.972,-0.207,-0.23,-0.509,-0.218,0.465,10,350,348,0.9943,0,348,0,0,0,0,1,0,0,1,0,0,0.671
tilt_a,aggressive,mid,mixed,10,20,ALL,173,173,-0.536,-0.95,-12.654,-16.647,-0.56,-0.542,-2.305,-0.536,0.387,10,1730,1696,0.9803,0,1694,0,0,2,0,27,3,0,4,0,0,0.632
tilt_a,aggressive,mid,mixed,10,20,P1,91,91,-0.596,-0.99,-7.869,-10.116,-0.611,-0.603,-1.968,-0.596,0.371,10,910,896,0.9846,0,896,0,0,0,0,12,0,0,2,0,0,0.618
tilt_a,aggressive,mid,mixed,10,20,P2,82,82,-0.47,-0.47,-14.5,-16.647,-0.503,-0.475,-2.68,-0.47,0.404,10.0,820,800,0.9756,0,798,0,0,2,0,15,3,0,2,0,0,0.648
tilt_a,aggressive,mid,mixed,10,20,2023,40,40,-1.26,-3.28,-5.965,-6.21,-1.242,-1.25,-3.032,-1.26,0.395,10.0,400,392,0.98,0,392,0,0,0,0,7,0,0,1,0,0,0.631
tilt_a,aggressive,mid,mixed,10,20,2024,51,51,-0.074,-0.07,-8.569,-10.116,-0.116,-0.095,-1.132,-0.074,0.351,10,510,504,0.9882,0,504,0,0,0,0,5,0,0,1,0,0,0.606
tilt_a,aggressive,mid,mixed,10,20,2025,50,50,-0.741,-0.63,-11.148,-12.26,-0.672,-0.699,-2.473,-0.741,0.378,10.0,500,490,0.98,0,490,0,0,0,0,9,0,0,1,0,0,0.635
tilt_a,aggressive,mid,mixed,10,20,2026,32,32,-0.046,-0.03,-16.456,-16.647,-0.239,-0.124,-3.003,-0.046,0.447,10.0,320,310,0.9688,0,308,0,0,2,0,6,3,0,1,0,0,0.668
tilt_a,aggressive,mid,mixed,10,63,ALL,165,165,-2.082,-1.8,-21.191,-29.215,-1.933,-2.159,-7.052,-2.082,0.339,10,1650,1570,0.9515,0,1565,0,0,5,0,76,0,0,4,0,0,0.626
tilt_a,aggressive,mid,mixed,10,63,P1,91,91,-1.972,-2.75,-11.836,-12.518,-1.92,-1.991,-5.172,-1.972,0.332,10,910,881,0.9681,0,881,0,0,0,0,27,0,0,2,0,0,0.618
tilt_a,aggressive,mid,mixed,10,63,P2,74,74,-2.218,-0.91,-24.251,-29.215,-1.948,-2.365,-9.364,-2.218,0.347,10.0,740,689,0.9311,0,684,0,0,5,0,49,0,0,2,0,0,0.637
tilt_a,aggressive,mid,mixed,10,63,2023,40,40,-2.598,-2.39,-10.872,-10.922,-2.679,-2.571,-7.38,-2.598,0.362,10.0,400,381,0.9525,0,381,0,0,0,0,18,0,0,1,0,0,0.631
tilt_a,aggressive,mid,mixed,10,63,2024,51,51,-1.481,-1.62,-12.479,-12.518,-1.325,-1.536,-3.44,-1.481,0.309,10,510,500,0.9804,0,500,0,0,0,0,9,0,0,1,0,0,0.606
tilt_a,aggressive,mid,mixed,10,63,2025,50,50,-1.366,-0.5,-21.386,-22.771,-0.838,-1.513,-8.611,-1.366,0.371,10.0,500,465,0.93,0,464,0,0,1,0,34,0,0,1,0,0,0.635
tilt_a,aggressive,mid,mixed,10,63,2026,24,24,-3.993,-0.87,-25.973,-29.215,-4.26,-4.141,-10.933,-3.993,0.297,10.0,240,224,0.9333,0,220,0,0,4,0,15,0,0,1,0,0,0.639
tilt_a,aggressive,mid,mixed,20,5,ALL,176,176,-0.144,-0.71,-6.549,-14.22,-0.144,-0.145,-0.544,-0.144,0.454,20.0,3520,3499,0.994,0,3499,0,0,0,0,13,1,0,7,0,0,0.592
tilt_a,aggressive,mid,mixed,20,5,P1,91,91,-0.25,-1.21,-4.144,-5.512,-0.249,-0.251,-0.639,-0.25,0.422,20,1820,1810,0.9945,0,1810,0,0,0,0,7,0,0,3,0,0,0.578
tilt_a,aggressive,mid,mixed,20,5,P2,85,85,-0.03,-0.08,-8.022,-14.22,-0.032,-0.032,-0.443,-0.03,0.489,20,1700,1689,0.9935,0,1689,0,0,0,0,6,1,0,4,0,0,0.606
tilt_a,aggressive,mid,mixed,20,5,2023,40,40,-0.39,-1.6,-3.598,-4.203,-0.384,-0.388,-1.021,-0.39,0.429,20.0,800,793,0.9912,0,793,0,0,0,0,5,0,0,2,0,0,0.592
tilt_a,aggressive,mid,mixed,20,5,2024,51,51,-0.14,-0.45,-4.394,-5.512,-0.144,-0.143,-0.34,-0.14,0.417,20,1020,1017,0.9971,0,1017,0,0,0,0,2,0,0,1,0,0,0.565
tilt_a,aggressive,mid,mixed,20,5,2025,50,50,0.152,0.43,-4.477,-6.045,0.148,0.157,-0.241,0.152,0.493,20.0,1000,994,0.994,0,994,0,0,0,0,4,0,0,2,0,0,0.6
tilt_a,aggressive,mid,mixed,20,5,2026,35,35,-0.289,-0.41,-11.274,-14.22,-0.29,-0.303,-0.731,-0.289,0.482,20,700,695,0.9929,0,695,0,0,0,0,2,1,0,2,0,0,0.613
tilt_a,aggressive,mid,mixed,20,20,ALL,173,173,-0.403,-0.77,-11.282,-16.639,-0.413,-0.404,-2.082,-0.403,0.402,20,3460,3396,0.9815,0,3393,0,0,3,0,54,3,0,7,0,0,0.59
tilt_a,aggressive,mid,mixed,20,20,P1,91,91,-0.445,-0.8,-6.611,-7.449,-0.454,-0.447,-2.029,-0.445,0.387,20,1820,1789,0.983,0,1789,0,0,0,0,28,0,0,3,0,0,0.578
tilt_a,aggressive,mid,mixed,20,20,P2,82,82,-0.357,-0.39,-13.134,-16.639,-0.367,-0.357,-2.142,-0.357,0.419,20.0,1640,1607,0.9799,0,1604,0,0,3,0,26,3,0,4,0,0,0.603
tilt_a,aggressive,mid,mixed,20,20,2023,40,40,-1.255,-3.98,-6.037,-6.506,-1.2,-1.218,-3.649,-1.255,0.409,20.0,800,779,0.9738,0,779,0,0,0,0,19,0,0,2,0,0,0.592
tilt_a,aggressive,mid,mixed,20,20,2024,51,51,0.191,0.21,-6.853,-7.449,0.131,0.159,-0.759,0.191,0.37,20,1020,1010,0.9902,0,1010,0,0,0,0,9,0,0,1,0,0,0.565
tilt_a,aggressive,mid,mixed,20,20,2025,50,50,-0.323,-0.31,-10.829,-11.661,-0.281,-0.313,-1.808,-0.323,0.412,20.0,1000,983,0.983,0,983,0,0,0,0,15,0,0,2,0,0,0.6
tilt_a,aggressive,mid,mixed,20,20,2026,32,32,-0.41,-0.24,-15.969,-16.639,-0.501,-0.426,-2.662,-0.41,0.431,20.0,640,624,0.975,0,621,0,0,3,0,11,3,0,2,0,0,0.606
tilt_a,aggressive,mid,mixed,20,63,ALL,165,165,-0.999,-0.74,-19.239,-26.316,-0.864,-1.042,-5.345,-0.999,0.37,20,3300,3159,0.9573,0,3149,0,0,10,0,132,2,0,7,0,0,0.586
tilt_a,aggressive,mid,mixed,20,63,P1,91,91,-1.447,-1.78,-11.103,-13.176,-1.322,-1.409,-4.86,-1.447,0.354,20,1820,1758,0.9659,0,1758,0,0,0,0,59,0,0,3,0,0,0.578
tilt_a,aggressive,mid,mixed,20,63,P2,74,74,-0.448,-0.16,-23.031,-26.316,-0.301,-0.59,-5.941,-0.448,0.391,20.0,1480,1401,0.9466,0,1391,0,0,10,0,73,2,0,4,0,0,0.595
tilt_a,aggressive,mid,mixed,20,63,2023,40,40,-2.151,-2.2,-10.091,-10.722,-2.09,-2.038,-7.505,-2.151,0.388,20.0,800,757,0.9463,0,757,0,0,0,0,41,0,0,2,0,0,0.592
tilt_a,aggressive,mid,mixed,20,63,2024,51,51,-0.895,-0.77,-11.777,-13.176,-0.719,-0.916,-2.785,-0.895,0.327,20,1020,1001,0.9814,0,1001,0,0,0,0,18,0,0,1,0,0,0.565
tilt_a,aggressive,mid,mixed,20,63,2025,50,50,1.556,0.45,-17.745,-19.63,1.79,1.306,-3.697,1.556,0.436,20.0,1000,950,0.95,0,945,0,0,5,0,48,0,0,2,0,0,0.6
tilt_a,aggressive,mid,mixed,20,63,2026,24,24,-4.625,-1.06,-24.831,-26.316,-4.657,-4.539,-10.614,-4.625,0.297,20.0,480,451,0.9396,0,446,0,0,5,0,25,2,0,2,0,0,0.583
tilt_a,aggressive,mid,stock,10,5,ALL,176,176,0.146,0.54,-7.662,-15.972,0.137,0.139,-0.482,0.146,0.479,10.0,1760,1744,0.9909,0,1744,0,0,0,0,11,0,0,5,0,0,0.621
tilt_a,aggressive,mid,stock,10,5,P1,91,91,0.034,0.12,-4.861,-6.491,0.023,0.024,-0.527,0.034,0.471,10,910,903,0.9923,0,903,0,0,0,0,5,0,0,2,0,0,0.613
tilt_a,aggressive,mid,stock,10,5,P2,85,85,0.265,0.57,-9.351,-15.972,0.26,0.263,-0.434,0.265,0.489,10,850,841,0.9894,0,841,0,0,0,0,6,0,0,3,0,0,0.629
tilt_a,aggressive,mid,stock,10,5,2023,40,40,-0.172,-0.47,-4.462,-4.637,-0.191,-0.191,-0.942,-0.172,0.466,10.0,400,396,0.99,0,396,0,0,0,0,3,0,0,1,0,0,0.608
tilt_a,aggressive,mid,stock,10,5,2024,51,51,0.195,0.5,-5.126,-6.491,0.19,0.193,-0.201,0.195,0.474,10,510,507,0.9941,0,507,0,0,0,0,2,0,0,1,0,0,0.616
tilt_a,aggressive,mid,stock,10,5,2025,50,50,0.333,0.68,-6.64,-8.285,0.314,0.34,-0.65,0.333,0.497,10.0,500,494,0.988,0,494,0,0,0,0,5,0,0,1,0,0,0.612
tilt_a,aggressive,mid,stock,10,5,2026,35,35,0.168,0.19,-12.475,-15.972,0.182,0.153,-0.126,0.168,0.477,10,350,347,0.9914,0,347,0,0,0,0,1,0,0,2,0,0,0.653
tilt_a,aggressive,mid,stock,10,20,ALL,173,173,0.195,0.3,-13.473,-16.647,0.207,0.214,-1.848,0.195,0.465,10,1730,1690,0.9769,0,1688,0,0,2,0,32,3,0,5,0,0,0.62
tilt_a,aggressive,mid,stock,10,20,P1,91,91,0.43,0.6,-8.541,-10.116,0.402,0.411,-0.954,0.43,0.5,10,910,896,0.9846,0,896,0,0,0,0,12,0,0,2,0,0,0.613
tilt_a,aggressive,mid,stock,10,20,P2,82,82,-0.065,-0.06,-14.736,-16.647,-0.01,-0.004,-2.841,-0.065,0.425,10.0,820,794,0.9683,0,792,0,0,2,0,20,3,0,3,0,0,0.628
tilt_a,aggressive,mid,stock,10,20,2023,40,40,-0.732,-1.51,-7.213,-8.374,-0.718,-0.731,-2.514,-0.732,0.456,10.0,400,392,0.98,0,392,0,0,0,0,7,0,0,1,0,0,0.608
tilt_a,aggressive,mid,stock,10,20,2024,51,51,1.341,1.14,-8.91,-10.116,1.28,1.307,0.27,1.341,0.535,10,510,504,0.9882,0,504,0,0,0,0,5,0,0,1,0,0,0.616
tilt_a,aggressive,mid,stock,10,20,2025,50,50,-0.266,-0.19,-12.915,-13.441,-0.069,-0.114,-2.717,-0.266,0.415,10.0,500,486,0.972,0,486,0,0,0,0,13,0,0,1,0,0,0.612
tilt_a,aggressive,mid,stock,10,20,2026,32,32,0.249,0.13,-16.456,-16.647,0.083,0.168,-3.035,0.249,0.442,10.0,320,308,0.9625,0,306,0,0,2,0,7,3,0,2,0,0,0.655
tilt_a,aggressive,mid,stock,10,63,ALL,165,165,0.467,0.33,-21.596,-29.215,0.631,0.305,-5.39,0.467,0.444,10,1650,1557,0.9436,0,1552,0,0,5,0,88,0,0,5,0,0,0.615
tilt_a,aggressive,mid,stock,10,63,P1,91,91,1.223,1.38,-10.765,-12.484,1.25,1.135,-2.633,1.223,0.478,10,910,876,0.9626,0,876,0,0,0,0,32,0,0,2,0,0,0.613
tilt_a,aggressive,mid,stock,10,63,P2,74,74,-0.462,-0.16,-24.31,-29.215,-0.132,-0.715,-8.78,-0.462,0.403,10.0,740,681,0.9203,0,676,0,0,5,0,56,0,0,3,0,0,0.616
tilt_a,aggressive,mid,stock,10,63,2023,40,40,0.072,0.06,-10.946,-11.07,-0.106,0.01,-5.078,0.072,0.468,10.0,400,380,0.95,0,380,0,0,0,0,19,0,0,1,0,0,0.608
tilt_a,aggressive,mid,stock,10,63,2024,51,51,2.125,2.18,-10.217,-12.484,2.314,2.018,-0.715,2.125,0.485,10,510,496,0.9725,0,496,0,0,0,0,13,0,0,1,0,0,0.616
tilt_a,aggressive,mid,stock,10,63,2025,50,50,0.542,0.16,-20.585,-21.812,1.28,0.351,-7.871,0.542,0.425,10.0,500,460,0.92,0,459,0,0,1,0,39,0,0,1,0,0,0.612
tilt_a,aggressive,mid,stock,10,63,2026,24,24,-2.554,-0.49,-26.324,-29.215,-3.072,-2.936,-10.675,-2.554,0.359,10.0,240,221,0.9208,0,217,0,0,4,0,17,0,0,2,0,0,0.626
tilt_a,aggressive,mid,stock,20,5,ALL,176,176,-0.003,-0.01,-7.101,-14.198,-0.006,-0.008,-0.551,-0.007,0.486,20.0,3512,3486,0.9926,8,3486,0,0,0,0,17,2,0,7,0,1,0.581
tilt_a,aggressive,mid,stock,20,5,P1,91,91,-0.072,-0.33,-4.297,-5.512,-0.075,-0.076,-0.634,-0.072,0.474,20,1820,1807,0.9929,0,1807,0,0,0,0,10,0,0,3,0,0,0.577
tilt_a,aggressive,mid,stock,20,5,P2,85,85,0.071,0.18,-8.675,-14.198,0.067,0.065,-0.462,0.062,0.498,20,1692,1679,0.9923,8,1679,0,0,0,0,7,2,0,4,0,1,0.586
tilt_a,aggressive,mid,stock,20,5,2023,40,40,-0.252,-0.9,-4.189,-4.193,-0.251,-0.257,-1.148,-0.252,0.463,20.0,800,791,0.9888,0,791,0,0,0,0,7,0,0,2,0,0,0.568
tilt_a,aggressive,mid,stock,20,5,2024,51,51,0.069,0.21,-4.369,-5.512,0.063,0.065,-0.231,0.069,0.482,20,1020,1016,0.9961,0,1016,0,0,0,0,3,0,0,1,0,0,0.586
tilt_a,aggressive,mid,stock,20,5,2025,50,50,0.144,0.39,-4.996,-7.878,0.138,0.146,-0.349,0.13,0.502,20.0,992,985,0.9929,8,985,0,0,0,0,5,0,0,2,0,1,0.583
tilt_a,aggressive,mid,stock,20,5,2026,35,35,-0.035,-0.04,-11.263,-14.198,-0.035,-0.052,-0.623,-0.035,0.492,20,700,694,0.9914,0,694,0,0,0,0,2,2,0,2,0,0,0.591
tilt_a,aggressive,mid,stock,20,20,ALL,173,173,0.016,0.03,-11.856,-17.399,0.001,0.017,-2.135,-0.003,0.465,20,3452,3372,0.9768,8,3369,0,0,3,0,70,3,0,7,0,1,0.58
tilt_a,aggressive,mid,stock,20,20,P1,91,91,0.107,0.17,-6.614,-7.449,0.074,0.097,-2.162,0.107,0.484,20,1820,1777,0.9764,0,1777,0,0,0,0,40,0,0,3,0,0,0.577
tilt_a,aggressive,mid,stock,20,20,P2,82,82,-0.085,-0.08,-13.539,-17.399,-0.08,-0.071,-2.106,-0.126,0.444,20.0,1632,1595,0.9773,8,1592,0,0,3,0,30,3,0,4,0,1,0.584
tilt_a,aggressive,mid,stock,20,20,2023,40,40,-1.005,-2.96,-5.814,-5.866,-0.966,-0.975,-4.437,-1.005,0.447,20.0,800,771,0.9637,0,771,0,0,0,0,27,0,0,2,0,0,0.568
tilt_a,aggressive,mid,stock,20,20,2024,51,51,0.979,0.96,-6.935,-7.449,0.89,0.938,-0.377,0.979,0.513,20,1020,1006,0.9863,0,1006,0,0,0,0,13,0,0,1,0,0,0.586
tilt_a,aggressive,mid,stock,20,20,2025,50,50,-0.057,-0.05,-11.34,-12.786,0.014,-0.016,-1.922,-0.124,0.447,20.0,992,971,0.9788,8,971,0,0,0,0,19,0,0,2,0,1,0.583
tilt_a,aggressive,mid,stock,20,20,2026,32,32,-0.129,-0.07,-16.348,-17.399,-0.225,-0.157,-2.394,-0.129,0.439,20.0,640,624,0.975,0,621,0,0,3,0,11,3,0,2,0,0,0.587
tilt_a,aggressive,mid,stock,20,63,ALL,165,165,0.738,0.48,-18.727,-26.316,0.809,0.653,-4.994,0.679,0.447,20,3292,3110,0.9447,8,3100,0,0,10,0,173,2,0,7,0,1,0.578
tilt_a,aggressive,mid,stock,20,63,P1,91,91,0.848,0.83,-8.92,-9.454,0.854,0.824,-4.051,0.848,0.465,20,1820,1734,0.9527,0,1734,0,0,0,0,83,0,0,3,0,0,0.577
tilt_a,aggressive,mid,stock,20,63,P2,74,74,0.601,0.19,-24.391,-26.316,0.753,0.444,-6.155,0.472,0.425,20.0,1472,1376,0.9348,8,1366,0,0,10,0,90,2,0,4,0,1,0.58
tilt_a,aggressive,mid,stock,20,63,2023,40,40,-0.464,-0.32,-9.163,-9.427,-0.543,-0.416,-7.526,-0.464,0.452,20.0,800,745,0.9313,0,745,0,0,0,0,53,0,0,2,0,0,0.568
tilt_a,aggressive,mid,stock,20,63,2024,51,51,1.878,1.88,-8.274,-9.454,1.949,1.796,-1.325,1.878,0.475,20,1020,989,0.9696,0,989,0,0,0,0,30,0,0,1,0,0,0.586
tilt_a,aggressive,mid,stock,20,63,2025,50,50,2.669,0.7,-14.383,-17.15,2.911,2.428,-3.887,2.477,0.462,20.0,992,930,0.9375,8,925,0,0,5,0,60,0,0,2,0,1,0.583
tilt_a,aggressive,mid,stock,20,63,2026,24,24,-3.706,-0.71,-25.785,-26.316,-3.742,-3.689,-10.879,-3.706,0.347,20.0,480,446,0.9292,0,441,0,0,5,0,30,2,0,2,0,0,0.576
tilt_a,aggressive,short,mixed,10,5,ALL,176,176,-0.036,-0.17,-6.102,-14.128,-0.039,-0.04,-0.319,-0.036,0.458,10.0,1760,1755,0.9972,0,1755,0,0,0,0,4,1,0,0,0,0,0.671
tilt_a,aggressive,short,mixed,10,5,P1,91,91,-0.031,-0.12,-4.039,-4.414,-0.033,-0.031,-0.143,-0.031,0.424,10,910,909,0.9989,0,909,0,0,0,0,1,0,0,0,0,0,0.657
tilt_a,aggressive,short,mixed,10,5,P2,85,85,-0.042,-0.12,-7.662,-14.128,-0.045,-0.049,-0.508,-0.042,0.495,10,850,846,0.9953,0,846,0,0,0,0,3,1,0,0,0,0,0.686
tilt_a,aggressive,short,mixed,10,5,2023,40,40,-0.086,-0.33,-3.364,-4.219,-0.086,-0.086,-0.086,-0.086,0.43,10.0,400,400,1.0,0,400,0,0,0,0,0,0,0,0,0,0,0.654
tilt_a,aggressive,short,mixed,10,5,2024,51,51,0.013,0.03,-4.09,-4.414,0.008,0.011,-0.188,0.013,0.419,10,510,509,0.998,0,509,0,0,0,0,1,0,0,0,0,0,0.658
tilt_a,aggressive,short,mixed,10,5,2025,50,50,0.005,0.01,-5.622,-6.72,-0.004,0.002,-0.386,0.005,0.51,10.0,500,498,0.996,0,498,0,0,0,0,2,0,0,0,0,0,0.678
tilt_a,aggressive,short,mixed,10,5,2026,35,35,-0.11,-0.17,-10.526,-14.128,-0.103,-0.122,-0.683,-0.11,0.473,10,350,348,0.9943,0,348,0,0,0,0,1,1,0,0,0,0,0.691
tilt_a,aggressive,short,mixed,10,20,ALL,173,173,-0.677,-1.26,-12.78,-16.379,-0.687,-0.67,-1.842,-0.677,0.398,10,1730,1710,0.9884,0,1709,0,0,1,0,19,1,0,0,0,0,0.669
tilt_a,aggressive,short,mixed,10,20,P1,91,91,-0.386,-0.59,-9.112,-12.095,-0.386,-0.375,-1.167,-0.386,0.388,10,910,903,0.9923,0,903,0,0,0,0,7,0,0,0,0,0,0.657
tilt_a,aggressive,short,mixed,10,20,P2,82,82,-0.999,-1.16,-14.538,-16.379,-1.021,-0.996,-2.59,-0.999,0.409,10.0,820,807,0.9841,0,806,0,0,1,0,12,1,0,0,0,0,0.683
tilt_a,aggressive,short,mixed,10,20,2023,40,40,-0.849,-1.66,-5.936,-6.682,-0.851,-0.85,-1.612,-0.849,0.415,10.0,400,397,0.9925,0,397,0,0,0,0,3,0,0,0,0,0,0.654
tilt_a,aggressive,short,mixed,10,20,2024,51,51,-0.023,-0.02,-10.047,-12.095,-0.021,-0.003,-0.818,-0.023,0.366,10,510,506,0.9922,0,506,0,0,0,0,4,0,0,0,0,0,0.658
tilt_a,aggressive,short,mixed,10,20,2025,50,50,-0.978,-0.89,-13.578,-16.147,-0.974,-0.97,-2.742,-0.978,0.399,10.0,500,491,0.982,0,491,0,0,0,0,9,0,0,0,0,0,0.678
tilt_a,aggressive,short,mixed,10,20,2026,32,32,-1.033,-0.75,-15.978,-16.379,-1.095,-1.038,-2.352,-1.033,0.425,10.0,320,316,0.9875,0,315,0,0,1,0,3,1,0,0,0,0,0.684
tilt_a,aggressive,short,mixed,10,63,ALL,165,165,-2.286,-1.82,-18.079,-22.798,-2.111,-2.257,-6.035,-2.286,0.331,10,1650,1591,0.9642,0,1588,0,0,3,0,59,0,0,0,0,0,0.667
tilt_a,aggressive,short,mixed,10,63,P1,91,91,-2.054,-2.24,-12.765,-14.386,-2.011,-2.073,-4.882,-2.054,0.311,10,910,886,0.9736,0,886,0,0,0,0,24,0,0,0,0,0,0.657
tilt_a,aggressive,short,mixed,10,63,P2,74,74,-2.573,-1.0,-20.655,-22.798,-2.235,-2.484,-7.453,-2.573,0.356,10.0,740,705,0.9527,0,702,0,0,3,0,35,0,0,0,0,0,0.679
tilt_a,aggressive,short,mixed,10,63,2023,40,40,-3.175,-8.17,-11.931,-11.947,-3.375,-3.211,-7.226,-3.175,0.318,10.0,400,385,0.9625,0,385,0,0,0,0,15,0,0,0,0,0,0.654
tilt_a,aggressive,short,mixed,10,63,2024,51,51,-1.175,-0.8,-13.159,-14.386,-0.941,-1.181,-3.044,-1.175,0.305,10,510,501,0.9824,0,501,0,0,0,0,9,0,0,0,0,0,0.658
tilt_a,aggressive,short,mixed,10,63,2025,50,50,-0.622,-0.18,-20.435,-22.798,-0.152,-0.6,-6.237,-0.622,0.396,10.0,500,473,0.946,0,473,0,0,0,0,27,0,0,0,0,0,0.678
tilt_a,aggressive,short,mixed,10,63,2026,24,24,-6.635,-2.95,-18.066,-21.314,-6.574,-6.407,-9.986,-6.635,0.272,10.0,240,232,0.9667,0,229,0,0,3,0,8,0,0,0,0,0,0.674
tilt_a,aggressive,short,mixed,20,5,ALL,176,176,-0.074,-0.38,-6.123,-12.231,-0.076,-0.077,-0.418,-0.074,0.458,20.0,3520,3504,0.9955,0,3504,0,0,0,0,11,1,0,4,0,0,0.616
tilt_a,aggressive,short,mixed,20,5,P1,91,91,-0.048,-0.23,-3.209,-4.328,-0.051,-0.051,-0.384,-0.048,0.434,20,1820,1811,0.9951,0,1811,0,0,0,0,6,0,0,3,0,0,0.602
tilt_a,aggressive,short,mixed,20,5,P2,85,85,-0.102,-0.31,-7.621,-12.231,-0.103,-0.105,-0.454,-0.102,0.484,20,1700,1693,0.9959,0,1693,0,0,0,0,5,1,0,1,0,0,0.632
tilt_a,aggressive,short,mixed,20,5,2023,40,40,-0.107,-0.45,-2.935,-3.158,-0.109,-0.107,-0.613,-0.107,0.448,20.0,800,795,0.9938,0,795,0,0,0,0,4,0,0,1,0,0,0.581
tilt_a,aggressive,short,mixed,20,5,2024,51,51,-0.003,-0.01,-3.391,-4.328,-0.006,-0.007,-0.203,-0.003,0.424,20,1020,1016,0.9961,0,1016,0,0,0,0,2,0,0,2,0,0,0.615
tilt_a,aggressive,short,mixed,20,5,2025,50,50,0.269,0.7,-5.585,-8.302,0.265,0.269,-0.129,0.269,0.496,20.0,1000,995,0.995,0,995,0,0,0,0,4,0,0,1,0,0,0.607
tilt_a,aggressive,short,mixed,20,5,2026,35,35,-0.632,-1.09,-9.348,-12.231,-0.628,-0.638,-0.918,-0.632,0.466,20,700,698,0.9971,0,698,0,0,0,0,1,1,0,0,0,0,0.668
tilt_a,aggressive,short,mixed,20,20,ALL,173,173,-0.776,-1.58,-11.244,-13.68,-0.804,-0.774,-2.16,-0.776,0.404,20,3460,3409,0.9853,0,3406,0,0,3,0,46,1,0,4,0,0,0.614
tilt_a,aggressive,short,mixed,20,20,P1,91,91,-0.62,-1.21,-6.786,-9.15,-0.634,-0.618,-1.98,-0.62,0.386,20,1820,1793,0.9852,0,1793,0,0,0,0,24,0,0,3,0,0,0.602
tilt_a,aggressive,short,mixed,20,20,P2,82,82,-0.949,-1.1,-12.619,-13.68,-0.993,-0.948,-2.359,-0.949,0.423,20.0,1640,1616,0.9854,0,1613,0,0,3,0,22,1,0,1,0,0,0.628
tilt_a,aggressive,short,mixed,20,20,2023,40,40,-0.943,-2.34,-5.122,-5.31,-0.935,-0.929,-2.992,-0.943,0.42,20.0,800,783,0.9788,0,783,0,0,0,0,16,0,0,1,0,0,0.581
tilt_a,aggressive,short,mixed,20,20,2024,51,51,-0.367,-0.43,-7.49,-9.15,-0.398,-0.375,-1.187,-0.367,0.359,20,1020,1010,0.9902,0,1010,0,0,0,0,8,0,0,2,0,0,0.615
tilt_a,aggressive,short,mixed,20,20,2025,50,50,-0.121,-0.11,-11.428,-13.242,-0.14,-0.125,-1.711,-0.121,0.431,20.0,1000,983,0.983,0,983,0,0,0,0,16,0,0,1,0,0,0.607
tilt_a,aggressive,short,mixed,20,20,2026,32,32,-2.242,-1.83,-13.339,-13.68,-2.327,-2.233,-3.372,-2.242,0.411,20.0,640,633,0.9891,0,630,0,0,3,0,6,1,0,0,0,0,0.661
tilt_a,aggressive,short,mixed,20,63,ALL,165,165,-1.891,-1.3,-17.98,-25.054,-1.781,-1.848,-5.931,-1.891,0.355,20,3300,3170,0.9606,0,3164,0,0,6,0,126,0,0,4,0,0,0.61
tilt_a,aggressive,short,mixed,20,63,P1,91,91,-2.056,-3.13,-11.679,-13.066,-1.977,-2.024,-5.644,-2.056,0.335,20,1820,1756,0.9648,0,1756,0,0,0,0,61,0,0,3,0,0,0.602
tilt_a,aggressive,short,mixed,20,63,P2,74,74,-1.69,-0.54,-20.807,-25.054,-1.539,-1.632,-6.283,-1.69,0.38,20.0,1480,1414,0.9554,0,1408,0,0,6,0,65,0,0,1,0,0,0.622
tilt_a,aggressive,short,mixed,20,63,2023,40,40,-2.542,-5.46,-10.377,-10.509,-2.662,-2.463,-8.192,-2.542,0.362,20.0,800,757,0.9463,0,757,0,0,0,0,42,0,0,1,0,0,0.581
tilt_a,aggressive,short,mixed,20,63,2024,51,51,-1.674,-1.56,-12.548,-13.066,-1.44,-1.681,-3.646,-1.674,0.314,20,1020,999,0.9794,0,999,0,0,0,0,19,0,0,2,0,0,0.615
tilt_a,aggressive,short,mixed,20,63,2025,50,50,1.565,0.4,-18.196,-19.035,1.679,1.518,-3.647,1.565,0.434,20.0,1000,950,0.95,0,949,0,0,1,0,49,0,0,1,0,0,0.607
tilt_a,aggressive,short,mixed,20,63,2026,24,24,-8.47,-3.65,-22.723,-25.054,-8.245,-8.195,-11.773,-8.47,0.268,20.0,480,464,0.9667,0,459,0,0,5,0,16,0,0,0,0,0,0.654
tilt_a,aggressive,short,stock,10,5,ALL,176,176,0.022,0.1,-6.996,-13.433,0.015,0.013,-0.383,0.022,0.481,10.0,1760,1752,0.9955,0,1752,0,0,0,0,6,1,0,1,0,0,0.664
tilt_a,aggressive,short,stock,10,5,P1,91,91,0.091,0.34,-4.131,-4.344,0.086,0.085,-0.138,0.091,0.464,10,910,907,0.9967,0,907,0,0,0,0,2,0,0,1,0,0,0.668
tilt_a,aggressive,short,stock,10,5,P2,85,85,-0.052,-0.14,-8.883,-13.433,-0.061,-0.065,-0.646,-0.052,0.5,10,850,845,0.9941,0,845,0,0,0,0,4,1,0,0,0,0,0.66
tilt_a,aggressive,short,stock,10,5,2023,40,40,0.176,0.54,-4.282,-4.344,0.171,0.166,-0.087,0.176,0.471,10.0,400,398,0.995,0,398,0,0,0,0,1,0,0,1,0,0,0.628
tilt_a,aggressive,short,stock,10,5,2024,51,51,0.024,0.06,-3.933,-4.145,0.02,0.023,-0.177,0.024,0.458,10,510,509,0.998,0,509,0,0,0,0,1,0,0,0,0,0,0.696
tilt_a,aggressive,short,stock,10,5,2025,50,50,-0.035,-0.08,-7.596,-8.687,-0.048,-0.042,-0.636,-0.035,0.515,10.0,500,497,0.994,0,497,0,0,0,0,3,0,0,0,0,0,0.651
tilt_a,aggressive,short,stock,10,5,2026,35,35,-0.076,-0.11,-10.815,-13.433,-0.081,-0.099,-0.661,-0.076,0.479,10,350,348,0.9943,0,348,0,0,0,0,1,1,0,0,0,0,0.668
tilt_a,aggressive,short,stock,10,20,ALL,173,173,-0.469,-0.81,-13.801,-17.314,-0.482,-0.448,-2.09,-0.469,0.464,10,1730,1701,0.9832,0,1700,0,0,1,0,27,1,0,1,0,0,0.664
tilt_a,aggressive,short,stock,10,20,P1,91,91,0.034,0.05,-9.942,-12.095,0.014,0.039,-0.975,0.034,0.491,10,910,900,0.989,0,900,0,0,0,0,9,0,0,1,0,0,0.668
tilt_a,aggressive,short,stock,10,20,P2,82,82,-1.027,-1.11,-15.409,-17.314,-1.033,-0.988,-3.328,-1.027,0.435,10.0,820,801,0.9768,0,800,0,0,1,0,18,1,0,0,0,0,0.659
tilt_a,aggressive,short,stock,10,20,2023,40,40,-0.645,-1.05,-9.136,-11.59,-0.654,-0.656,-1.673,-0.645,0.471,10.0,400,395,0.9875,0,395,0,0,0,0,4,0,0,1,0,0,0.628
tilt_a,aggressive,short,stock,10,20,2024,51,51,0.567,0.5,-10.057,-12.095,0.538,0.585,-0.427,0.567,0.507,10,510,505,0.9902,0,505,0,0,0,0,5,0,0,0,0,0,0.696
tilt_a,aggressive,short,stock,10,20,2025,50,50,-0.909,-0.75,-14.718,-16.147,-0.842,-0.838,-3.627,-0.909,0.439,10.0,500,486,0.972,0,486,0,0,0,0,14,0,0,0,0,0,0.651
tilt_a,aggressive,short,stock,10,20,2026,32,32,-1.212,-0.85,-16.446,-17.314,-1.331,-1.222,-2.86,-1.212,0.43,10.0,320,315,0.9844,0,314,0,0,1,0,4,1,0,0,0,0,0.668
tilt_a,aggressive,short,stock,10,63,ALL,165,165,-0.584,-0.38,-18.847,-22.834,-0.379,-0.526,-5.561,-0.584,0.424,10,1650,1571,0.9521,0,1568,0,0,3,0,78,0,0,1,0,0,0.663
tilt_a,aggressive,short,stock,10,63,P1,91,91,0.103,0.11,-13.149,-14.953,0.102,0.013,-3.735,0.103,0.436,10,910,877,0.9637,0,877,0,0,0,0,32,0,0,1,0,0,0.668
tilt_a,aggressive,short,stock,10,63,P2,74,74,-1.429,-0.44,-20.195,-22.834,-0.97,-1.187,-7.807,-1.429,0.41,10.0,740,694,0.9378,0,691,0,0,3,0,46,0,0,0,0,0,0.658
tilt_a,aggressive,short,stock,10,63,2023,40,40,-1.208,-1.45,-10.37,-10.663,-1.413,-1.315,-6.162,-1.208,0.42,10.0,400,381,0.9525,0,381,0,0,0,0,18,0,0,1,0,0,0.628
tilt_a,aggressive,short,stock,10,63,2024,51,51,1.131,0.97,-14.402,-14.953,1.289,1.054,-1.832,1.131,0.449,10,510,496,0.9725,0,496,0,0,0,0,14,0,0,0,0,0,0.696
tilt_a,aggressive,short,stock,10,63,2025,50,50,0.796,0.19,-19.315,-19.878,1.438,1.019,-6.634,0.796,0.449,10.0,500,464,0.928,0,464,0,0,0,0,36,0,0,0,0,0,0.651
tilt_a,aggressive,short,stock,10,63,2026,24,24,-6.063,-1.95,-20.725,-22.834,-5.989,-5.784,-10.25,-6.063,0.33,10.0,240,230,0.9583,0,227,0,0,3,0,10,0,0,0,0,0,0.665
tilt_a,aggressive,short,stock,20,5,ALL,176,176,-0.11,-0.53,-6.667,-12.58,-0.112,-0.113,-0.538,-0.11,0.477,20.0,3519,3499,0.9943,1,3499,0,0,0,0,14,1,0,5,0,1,0.611
tilt_a,aggressive,short,stock,20,5,P1,91,91,-0.054,-0.24,-3.558,-5.118,-0.056,-0.056,-0.443,-0.054,0.465,20,1820,1810,0.9945,0,1810,0,0,0,0,7,0,0,3,0,0,0.605
tilt_a,aggressive,short,stock,20,5,P2,85,85,-0.17,-0.48,-8.105,-12.58,-0.171,-0.174,-0.64,-0.171,0.489,20,1699,1689,0.9941,1,1689,0,0,0,0,7,1,0,2,0,1,0.618
tilt_a,aggressive,short,stock,20,5,2023,40,40,-0.171,-0.61,-4.393,-5.118,-0.171,-0.171,-0.801,-0.171,0.471,20.0,800,794,0.9925,0,794,0,0,0,0,5,0,0,1,0,0,0.581
tilt_a,aggressive,short,stock,20,5,2024,51,51,0.038,0.12,-2.852,-3.118,0.034,0.034,-0.163,0.038,0.46,20,1020,1016,0.9961,0,1016,0,0,0,0,2,0,0,2,0,0,0.623
tilt_a,aggressive,short,stock,20,5,2025,50,50,0.12,0.29,-6.506,-8.567,0.121,0.12,-0.472,0.119,0.499,20.0,999,992,0.993,1,992,0,0,0,0,6,0,0,1,0,1,0.59
tilt_a,aggressive,short,stock,20,5,2026,35,35,-0.585,-0.94,-9.522,-12.58,-0.589,-0.593,-0.88,-0.585,0.475,20,700,697,0.9957,0,697,0,0,0,0,1,1,0,1,0,0,0.66
tilt_a,aggressive,short,stock,20,20,ALL,173,173,-0.627,-1.15,-12.131,-14.19,-0.645,-0.62,-2.324,-0.628,0.449,20,3459,3396,0.9818,1,3393,0,0,3,0,55,3,0,5,0,1,0.609
tilt_a,aggressive,short,stock,20,20,P1,91,91,-0.284,-0.47,-7.848,-9.372,-0.308,-0.291,-1.764,-0.284,0.463,20,1820,1791,0.9841,0,1791,0,0,0,0,26,0,0,3,0,0,0.605
tilt_a,aggressive,short,stock,20,20,P2,82,82,-1.007,-1.09,-13.529,-14.19,-1.02,-0.985,-2.945,-1.011,0.433,20.0,1639,1605,0.9793,1,1602,0,0,3,0,29,3,0,2,0,1,0.614
tilt_a,aggressive,short,stock,20,20,2023,40,40,-1.016,-1.9,-8.396,-9.372,-1.018,-1.01,-3.324,-1.016,0.441,20.0,800,781,0.9762,0,781,0,0,0,0,18,0,0,1,0,0,0.581
tilt_a,aggressive,short,stock,20,20,2024,51,51,0.291,0.3,-7.483,-9.15,0.249,0.272,-0.54,0.291,0.48,20,1020,1010,0.9902,0,1010,0,0,0,0,8,0,0,2,0,0,0.623
tilt_a,aggressive,short,stock,20,20,2025,50,50,-0.363,-0.29,-13.657,-14.19,-0.321,-0.322,-2.607,-0.368,0.444,20.0,999,975,0.976,1,975,0,0,0,0,23,0,0,1,0,1,0.59
tilt_a,aggressive,short,stock,20,20,2026,32,32,-2.014,-1.64,-13.339,-13.68,-2.113,-2.019,-3.474,-2.014,0.417,20.0,640,630,0.9844,0,627,0,0,3,0,6,3,0,1,0,0,0.653
tilt_a,aggressive,short,stock,20,63,ALL,165,165,-0.853,-0.56,-17.635,-26.148,-0.709,-0.818,-5.789,-0.859,0.414,20,3299,3141,0.9521,1,3133,0,0,8,0,153,0,0,5,0,1,0.607
tilt_a,aggressive,short,stock,20,63,P1,91,91,-0.628,-0.82,-10.372,-12.205,-0.567,-0.626,-4.957,-0.628,0.42,20,1820,1744,0.9582,0,1742,0,0,2,0,73,0,0,3,0,0,0.605
tilt_a,aggressive,short,stock,20,63,P2,74,74,-1.13,-0.35,-20.406,-26.148,-0.882,-1.055,-6.812,-1.144,0.407,20.0,1479,1397,0.9446,1,1391,0,0,6,0,80,0,0,2,0,1,0.61
tilt_a,aggressive,short,stock,20,63,2023,40,40,-1.833,-2.45,-9.519,-10.161,-1.988,-1.79,-8.191,-1.833,0.407,20.0,800,752,0.94,0,752,0,0,0,0,47,0,0,1,0,0,0.581
tilt_a,aggressive,short,stock,20,63,2024,51,51,0.317,0.33,-10.667,-12.205,0.547,0.287,-2.421,0.317,0.431,20,1020,992,0.9725,0,990,0,0,2,0,26,0,0,2,0,0,0.623
tilt_a,aggressive,short,stock,20,63,2025,50,50,1.933,0.48,-17.419,-17.819,2.203,1.907,-4.675,1.914,0.457,20.0,999,936,0.9369,1,935,0,0,1,0,62,0,0,1,0,1,0.59
tilt_a,aggressive,short,stock,20,63,2026,24,24,-7.513,-2.5,-23.27,-26.148,-7.309,-7.224,-11.264,-7.513,0.301,20.0,480,461,0.9604,0,456,0,0,5,0,18,0,0,1,0,0,0.654
tilt_a,balanced,long,mixed,10,5,ALL,176,176,-0.053,-0.21,-8.22,-12.806,-0.056,-0.058,-0.507,-0.053,0.455,10.0,1760,1747,0.9926,0,1747,0,0,0,0,8,0,0,5,0,0,0.632
tilt_a,balanced,long,mixed,10,5,P1,91,91,-0.15,-0.54,-4.858,-7.082,-0.151,-0.151,-0.702,-0.15,0.426,10,910,903,0.9923,0,903,0,0,0,0,5,0,0,2,0,0,0.63
tilt_a,balanced,long,mixed,10,5,P2,85,85,0.05,0.12,-9.994,-12.806,0.047,0.042,-0.298,0.05,0.486,10,850,844,0.9929,0,844,0,0,0,0,3,0,0,3,0,0,0.636
tilt_a,balanced,long,mixed,10,5,2023,40,40,-0.505,-1.67,-4.373,-4.637,-0.504,-0.506,-1.257,-0.505,0.408,10.0,400,396,0.99,0,396,0,0,0,0,3,0,0,1,0,0,0.644
tilt_a,balanced,long,mixed,10,5,2024,51,51,0.129,0.3,-5.181,-7.082,0.125,0.127,-0.266,0.129,0.441,10,510,507,0.9941,0,507,0,0,0,0,2,0,0,1,0,0,0.616
tilt_a,balanced,long,mixed,10,5,2025,50,50,0.026,0.07,-6.48,-8.636,0.011,0.023,-0.359,0.026,0.475,10.0,500,497,0.994,0,497,0,0,0,0,2,0,0,1,0,0,0.635
tilt_a,balanced,long,mixed,10,5,2026,35,35,0.084,0.1,-11.76,-12.806,0.098,0.069,-0.21,0.084,0.501,10,350,347,0.9914,0,347,0,0,0,0,1,0,0,2,0,0,0.638
tilt_a,balanced,long,mixed,10,20,ALL,173,173,-0.089,-0.14,-12.763,-14.683,-0.094,-0.098,-2.133,-0.089,0.408,10,1730,1690,0.9769,0,1688,0,0,2,0,32,3,0,5,0,0,0.631
tilt_a,balanced,long,mixed,10,20,P1,91,91,-0.149,-0.19,-8.96,-10.363,-0.114,-0.119,-1.924,-0.149,0.386,10,910,892,0.9802,0,892,0,0,0,0,16,0,0,2,0,0,0.63
tilt_a,balanced,long,mixed,10,20,P2,82,82,-0.024,-0.02,-14.038,-14.683,-0.072,-0.074,-2.366,-0.024,0.432,10.0,820,798,0.9732,0,796,0,0,2,0,16,3,0,3,0,0,0.633
tilt_a,balanced,long,mixed,10,20,2023,40,40,-1.236,-2.49,-8.318,-10.363,-1.1,-1.138,-3.921,-1.236,0.398,10.0,400,388,0.97,0,388,0,0,0,0,11,0,0,1,0,0,0.644
tilt_a,balanced,long,mixed,10,20,2024,51,51,0.704,0.56,-8.99,-9.061,0.659,0.68,-0.357,0.704,0.377,10,510,504,0.9882,0,504,0,0,0,0,5,0,0,1,0,0,0.616
tilt_a,balanced,long,mixed,10,20,2025,50,50,-0.358,-0.26,-13.869,-14.683,-0.357,-0.395,-2.339,-0.358,0.412,10.0,500,489,0.978,0,489,0,0,0,0,10,0,0,1,0,0,0.635
tilt_a,balanced,long,mixed,10,20,2026,32,32,0.499,0.3,-14.29,-14.355,0.373,0.428,-2.41,0.499,0.464,10.0,320,309,0.9656,0,307,0,0,2,0,6,3,0,2,0,0,0.632
tilt_a,balanced,long,mixed,10,63,ALL,165,165,-0.44,-0.37,-19.118,-24.805,-0.24,-0.542,-5.644,-0.44,0.368,10,1650,1565,0.9485,0,1559,0,0,6,0,79,1,0,5,0,0,0.629
tilt_a,balanced,long,mixed,10,63,P1,91,91,-0.395,-0.38,-14.169,-16.431,-0.323,-0.392,-4.229,-0.395,0.358,10,910,875,0.9615,0,875,0,0,0,0,33,0,0,2,0,0,0.63
tilt_a,balanced,long,mixed,10,63,P2,74,74,-0.494,-0.21,-23.167,-24.805,-0.138,-0.727,-7.384,-0.494,0.38,10.0,740,690,0.9324,0,684,0,0,6,0,46,1,0,3,0,0,0.63
tilt_a,balanced,long,mixed,10,63,2023,40,40,-1.497,-1.19,-15.765,-16.431,-1.523,-1.424,-7.468,-1.497,0.375,10.0,400,376,0.94,0,376,0,0,0,0,23,0,0,1,0,0,0.644
tilt_a,balanced,long,mixed,10,63,2024,51,51,0.468,0.32,-11.972,-13.42,0.619,0.418,-1.689,0.468,0.345,10,510,499,0.9784,0,499,0,0,0,0,10,0,0,1,0,0,0.616
tilt_a,balanced,long,mixed,10,63,2025,50,50,1.212,0.41,-20.409,-22.459,1.777,0.867,-5.958,1.212,0.406,10.0,500,466,0.932,0,464,0,0,2,0,33,0,0,1,0,0,0.635
tilt_a,balanced,long,mixed,10,63,2026,24,24,-4.049,-1.26,-24.754,-24.805,-4.126,-4.048,-10.356,-4.049,0.324,10.0,240,224,0.9333,0,220,0,0,4,0,13,1,0,2,0,0,0.622
tilt_a,balanced,long,mixed,20,5,ALL,176,176,-0.066,-0.33,-7.112,-13.385,-0.07,-0.069,-0.524,-0.066,0.462,20.0,3520,3497,0.9935,0,3496,0,0,1,0,14,2,0,7,0,0,0.594
tilt_a,balanced,long,mixed,20,5,P1,91,91,-0.188,-0.86,-4.794,-6.821,-0.189,-0.19,-0.578,-0.188,0.436,20,1820,1810,0.9945,0,1810,0,0,0,0,7,0,0,3,0,0,0.584
tilt_a,balanced,long,mixed,20,5,P2,85,85,0.064,0.19,-8.443,-13.385,0.058,0.061,-0.466,0.064,0.489,20,1700,1687,0.9924,0,1686,0,0,1,0,7,2,0,4,0,0,0.605
tilt_a,balanced,long,mixed,20,5,2023,40,40,-0.375,-1.39,-4.058,-4.076,-0.368,-0.374,-0.878,-0.375,0.441,20.0,800,794,0.9925,0,794,0,0,0,0,4,0,0,2,0,0,0.582
tilt_a,balanced,long,mixed,20,5,2024,51,51,-0.04,-0.12,-5.285,-6.821,-0.048,-0.046,-0.342,-0.04,0.433,20,1020,1016,0.9961,0,1016,0,0,0,0,3,0,0,1,0,0,0.581
tilt_a,balanced,long,mixed,20,5,2025,50,50,0.03,0.1,-5.437,-7.564,0.029,0.034,-0.461,0.03,0.478,20.0,1000,993,0.993,0,993,0,0,0,0,5,0,0,2,0,0,0.604
tilt_a,balanced,long,mixed,20,5,2026,35,35,0.113,0.16,-10.723,-13.385,0.1,0.1,-0.471,0.113,0.505,20,700,694,0.9914,0,693,0,0,1,0,2,2,0,2,0,0,0.609
tilt_a,balanced,long,mixed,20,20,ALL,173,173,-0.182,-0.36,-10.402,-14.544,-0.197,-0.186,-2.391,-0.182,0.419,20,3460,3378,0.9763,0,3375,0,0,3,0,72,3,0,7,0,0,0.593
tilt_a,balanced,long,mixed,20,20,P1,91,91,-0.264,-0.46,-6.667,-7.574,-0.276,-0.263,-2.392,-0.264,0.404,20,1820,1779,0.9775,0,1779,0,0,0,0,38,0,0,3,0,0,0.584
tilt_a,balanced,long,mixed,20,20,P2,82,82,-0.091,-0.11,-11.857,-14.544,-0.108,-0.099,-2.389,-0.091,0.436,20.0,1640,1599,0.975,0,1596,0,0,3,0,34,3,0,4,0,0,0.603
tilt_a,balanced,long,mixed,20,20,2023,40,40,-1.034,-2.13,-5.849,-6.071,-0.97,-0.986,-4.286,-1.034,0.423,20.0,800,772,0.965,0,772,0,0,0,0,26,0,0,2,0,0,0.582
tilt_a,balanced,long,mixed,20,20,2024,51,51,0.34,0.37,-7.176,-7.574,0.267,0.304,-0.907,0.34,0.389,20,1020,1007,0.9873,0,1007,0,0,0,0,12,0,0,1,0,0,0.581
tilt_a,balanced,long,mixed,20,20,2025,50,50,-0.188,-0.17,-12.052,-14.544,-0.172,-0.188,-2.404,-0.188,0.432,20.0,1000,976,0.976,0,976,0,0,0,0,22,0,0,2,0,0,0.604
tilt_a,balanced,long,mixed,20,20,2026,32,32,0.06,0.05,-11.564,-12.563,-0.008,0.039,-2.367,0.06,0.443,20.0,640,623,0.9734,0,620,0,0,3,0,12,3,0,2,0,0,0.603
tilt_a,balanced,long,mixed,20,63,ALL,165,165,-0.479,-0.38,-17.881,-20.785,-0.356,-0.545,-5.632,-0.479,0.381,20,3300,3134,0.9497,0,3123,0,0,11,0,156,3,0,7,0,0,0.591
tilt_a,balanced,long,mixed,20,63,P1,91,91,-0.952,-1.15,-11.328,-13.091,-0.828,-0.922,-5.109,-0.952,0.362,20,1820,1745,0.9588,0,1745,0,0,0,0,72,0,0,3,0,0,0.584
tilt_a,balanced,long,mixed,20,63,P2,74,74,0.104,0.04,-20.206,-20.785,0.225,-0.082,-6.274,0.104,0.404,20.0,1480,1389,0.9385,0,1378,0,0,11,0,84,3,0,4,0,0,0.599
tilt_a,balanced,long,mixed,20,63,2023,40,40,-1.365,-1.11,-11.329,-11.372,-1.296,-1.24,-7.863,-1.365,0.385,20.0,800,748,0.935,0,748,0,0,0,0,50,0,0,2,0,0,0.582
tilt_a,balanced,long,mixed,20,63,2024,51,51,-0.629,-0.56,-11.327,-13.091,-0.461,-0.673,-2.949,-0.629,0.344,20,1020,997,0.9775,0,997,0,0,0,0,22,0,0,1,0,0,0.581
tilt_a,balanced,long,mixed,20,63,2025,50,50,2.246,0.71,-17.912,-19.191,2.393,1.916,-4.134,2.246,0.446,20.0,1000,940,0.94,0,934,0,0,6,0,58,0,0,2,0,0,0.604
tilt_a,balanced,long,mixed,20,63,2026,24,24,-4.36,-1.19,-20.783,-20.785,-4.292,-4.244,-10.734,-4.36,0.316,20.0,480,449,0.9354,0,444,0,0,5,0,26,3,0,2,0,0,0.591
tilt_a,balanced,long,stock,10,5,ALL,176,176,-0.025,-0.09,-9.005,-12.964,-0.031,-0.034,-0.77,-0.025,0.472,10.0,1759,1741,0.9898,1,1741,0,0,0,0,12,1,0,5,0,1,0.606
tilt_a,balanced,long,stock,10,5,P1,91,91,-0.079,-0.27,-5.132,-7.082,-0.092,-0.089,-0.751,-0.079,0.461,10,910,902,0.9912,0,902,0,0,0,0,6,0,0,2,0,0,0.604
tilt_a,balanced,long,stock,10,5,P2,85,85,0.033,0.07,-11.083,-12.964,0.035,0.025,-0.791,0.034,0.484,10,849,839,0.9882,1,839,0,0,0,0,6,1,0,3,0,1,0.608
tilt_a,balanced,long,stock,10,5,2023,40,40,-0.484,-1.31,-5.092,-5.548,-0.49,-0.49,-1.241,-0.484,0.436,10.0,400,396,0.99,0,396,0,0,0,0,3,0,0,1,0,0,0.608
tilt_a,balanced,long,stock,10,5,2024,51,51,0.238,0.54,-5.137,-7.082,0.219,0.225,-0.367,0.238,0.482,10,510,506,0.9922,0,506,0,0,0,0,3,0,0,1,0,0,0.6
tilt_a,balanced,long,stock,10,5,2025,50,50,-0.033,-0.07,-7.821,-12.964,-0.05,-0.033,-1.024,-0.03,0.474,10.0,499,493,0.988,1,493,0,0,0,0,5,0,0,1,0,1,0.6
tilt_a,balanced,long,stock,10,5,2026,35,35,0.126,0.14,-11.737,-12.761,0.156,0.108,-0.457,0.126,0.498,10,350,346,0.9886,0,346,0,0,0,0,1,1,0,2,0,0,0.621
tilt_a,balanced,long,stock,10,20,ALL,173,173,0.321,0.46,-13.342,-17.186,0.338,0.337,-2.181,0.316,0.481,10,1729,1681,0.9722,1,1679,0,0,2,0,40,3,0,5,0,1,0.605
tilt_a,balanced,long,stock,10,20,P1,91,91,0.767,0.93,-9.197,-10.363,0.774,0.775,-1.473,0.767,0.511,10,910,888,0.9758,0,888,0,0,0,0,20,0,0,2,0,0,0.604
tilt_a,balanced,long,stock,10,20,P2,82,82,-0.174,-0.15,-15.309,-17.186,-0.145,-0.15,-2.967,-0.185,0.448,10.0,819,793,0.9683,1,791,0,0,2,0,20,3,0,3,0,1,0.606
tilt_a,balanced,long,stock,10,20,2023,40,40,-0.73,-1.25,-9.368,-10.363,-0.585,-0.628,-3.665,-0.73,0.454,10.0,400,387,0.9675,0,387,0,0,0,0,12,0,0,1,0,0,0.608
tilt_a,balanced,long,stock,10,20,2024,51,51,1.941,1.48,-8.99,-9.061,1.839,1.875,0.247,1.941,0.556,10,510,501,0.9824,0,501,0,0,0,0,8,0,0,1,0,0,0.6
tilt_a,balanced,long,stock,10,20,2025,50,50,-0.399,-0.27,-15.988,-17.186,-0.277,-0.303,-3.107,-0.417,0.44,10.0,499,484,0.9699,1,484,0,0,0,0,14,0,0,1,0,1,0.6
tilt_a,balanced,long,stock,10,20,2026,32,32,0.177,0.1,-14.29,-14.355,0.061,0.091,-2.747,0.177,0.46,10.0,320,309,0.9656,0,307,0,0,2,0,6,3,0,2,0,0,0.616
tilt_a,balanced,long,stock,10,63,ALL,165,165,1.877,1.42,-18.894,-24.805,1.974,1.662,-4.63,1.861,0.463,10,1649,1546,0.9375,1,1540,0,0,6,0,96,2,0,5,0,1,0.605
tilt_a,balanced,long,stock,10,63,P1,91,91,2.552,2.27,-11.325,-16.431,2.534,2.424,-2.464,2.552,0.491,10,910,866,0.9516,0,866,0,0,0,0,42,0,0,2,0,0,0.604
tilt_a,balanced,long,stock,10,63,P2,74,74,1.048,0.41,-21.924,-24.805,1.286,0.725,-7.294,1.011,0.429,10.0,739,680,0.9202,1,674,0,0,6,0,54,2,0,3,0,1,0.607
tilt_a,balanced,long,stock,10,63,2023,40,40,1.086,0.82,-12.527,-16.431,0.981,1.084,-5.505,1.086,0.475,10.0,400,374,0.935,0,374,0,0,0,0,25,0,0,1,0,0,0.608
tilt_a,balanced,long,stock,10,63,2024,51,51,3.701,2.8,-10.524,-13.42,3.752,3.475,-0.079,3.701,0.503,10,510,492,0.9647,0,492,0,0,0,0,17,0,0,1,0,0,0.6
tilt_a,balanced,long,stock,10,63,2025,50,50,2.763,0.86,-18.475,-19.755,3.27,2.392,-6.019,2.708,0.453,10.0,499,458,0.9178,1,456,0,0,2,0,40,0,0,1,0,1,0.6
tilt_a,balanced,long,stock,10,63,2026,24,24,-2.526,-0.62,-24.754,-24.805,-2.847,-2.749,-9.95,-2.526,0.381,10.0,240,222,0.925,0,218,0,0,4,0,14,2,0,2,0,0,0.622
tilt_a,balanced,long,stock,20,5,ALL,176,176,0.017,0.08,-7.333,-13.333,0.012,0.012,-0.501,0.021,0.489,20.0,3509,3483,0.9926,11,3482,0,0,1,0,15,3,0,8,0,1,0.569
tilt_a,balanced,long,stock,20,5,P1,91,91,-0.05,-0.22,-4.811,-6.821,-0.053,-0.055,-0.5,-0.05,0.475,20,1820,1809,0.994,0,1809,0,0,0,0,8,0,0,3,0,0,0.553
tilt_a,balanced,long,stock,20,5,P2,85,85,0.09,0.25,-8.649,-13.333,0.081,0.084,-0.502,0.096,0.504,20,1689,1674,0.9911,11,1673,0,0,1,0,7,3,0,5,0,1,0.585
tilt_a,balanced,long,stock,20,5,2023,40,40,-0.357,-1.21,-4.422,-4.616,-0.353,-0.362,-0.996,-0.357,0.457,20.0,800,793,0.9912,0,793,0,0,0,0,5,0,0,2,0,0,0.555
tilt_a,balanced,long,stock,20,5,2024,51,51,0.191,0.57,-5.07,-6.821,0.182,0.185,-0.111,0.191,0.489,20,1020,1016,0.9961,0,1016,0,0,0,0,3,0,0,1,0,0,0.551
tilt_a,balanced,long,stock,20,5,2025,50,50,0.001,0.0,-6.069,-7.626,-0.006,-0.001,-0.496,0.012,0.498,20.0,989,981,0.9919,11,981,0,0,0,0,5,0,0,3,0,1,0.585
tilt_a,balanced,long,stock,20,5,2026,35,35,0.217,0.29,-10.717,-13.333,0.206,0.206,-0.509,0.217,0.514,20,700,693,0.99,0,692,0,0,1,0,2,3,0,2,0,0,0.588
tilt_a,balanced,long,stock,20,20,ALL,173,173,0.237,0.43,-10.344,-16.469,0.216,0.233,-2.323,0.213,0.474,20,3449,3354,0.9725,11,3351,0,0,3,0,83,4,0,8,0,1,0.568
tilt_a,balanced,long,stock,20,20,P1,91,91,0.344,0.53,-7.098,-7.637,0.315,0.337,-2.189,0.344,0.492,20,1820,1772,0.9736,0,1772,0,0,0,0,45,0,0,3,0,0,0.553
tilt_a,balanced,long,stock,20,20,P2,82,82,0.119,0.13,-12.172,-16.469,0.107,0.117,-2.472,0.069,0.455,20.0,1629,1582,0.9711,11,1579,0,0,3,0,38,4,0,5,0,1,0.585
tilt_a,balanced,long,stock,20,20,2023,40,40,-0.994,-2.04,-6.779,-6.843,-0.941,-0.943,-4.635,-0.994,0.453,20.0,800,769,0.9613,0,769,0,0,0,0,29,0,0,2,0,0,0.555
tilt_a,balanced,long,stock,20,20,2024,51,51,1.393,1.37,-7.31,-7.637,1.301,1.341,-0.271,1.393,0.522,20,1020,1003,0.9833,0,1003,0,0,0,0,16,0,0,1,0,0,0.551
tilt_a,balanced,long,stock,20,20,2025,50,50,-0.007,-0.01,-12.479,-16.469,0.009,0.004,-2.407,-0.089,0.461,20.0,989,962,0.9727,11,962,0,0,0,0,24,0,0,3,0,1,0.585
tilt_a,balanced,long,stock,20,20,2026,32,32,0.315,0.22,-11.711,-12.563,0.259,0.295,-2.573,0.315,0.446,20.0,640,620,0.9688,0,617,0,0,3,0,14,4,0,2,0,0,0.587
tilt_a,balanced,long,stock,20,63,ALL,165,165,1.5,1.04,-16.649,-20.781,1.513,1.352,-4.655,1.425,0.462,20,3289,3094,0.9407,11,3083,0,0,11,0,184,3,0,8,0,1,0.565
tilt_a,balanced,long,stock,20,63,P1,91,91,1.419,1.18,-10.646,-12.482,1.426,1.368,-4.06,1.419,0.471,20,1820,1724,0.9473,0,1724,0,0,0,0,93,0,0,3,0,0,0.553
tilt_a,balanced,long,stock,20,63,P2,74,74,1.599,0.57,-19.648,-20.781,1.619,1.332,-5.388,1.431,0.452,20.0,1469,1370,0.9326,11,1359,0,0,11,0,91,3,0,5,0,1,0.579
tilt_a,balanced,long,stock,20,63,2023,40,40,0.325,0.18,-11.0,-12.361,0.239,0.38,-7.747,0.325,0.449,20.0,800,737,0.9213,0,737,0,0,0,0,61,0,0,2,0,0,0.555
tilt_a,balanced,long,stock,20,63,2024,51,51,2.277,1.88,-9.393,-12.482,2.358,2.143,-1.168,2.277,0.488,20,1020,987,0.9676,0,987,0,0,0,0,32,0,0,1,0,0,0.551
tilt_a,balanced,long,stock,20,63,2025,50,50,3.933,1.15,-14.104,-16.682,3.987,3.541,-3.063,3.684,0.492,20.0,989,923,0.9333,11,917,0,0,6,0,63,0,0,3,0,1,0.585
tilt_a,balanced,long,stock,20,63,2026,24,24,-3.262,-0.77,-20.697,-20.781,-3.313,-3.269,-10.233,-3.262,0.366,20.0,480,447,0.9313,0,442,0,0,5,0,28,3,0,2,0,0,0.572
tilt_a,balanced,mid,mixed,10,5,ALL,176,176,0.026,0.11,-7.12,-11.078,0.019,0.017,-0.488,0.026,0.452,10.0,1760,1747,0.9926,0,1747,0,0,0,0,8,1,0,4,0,0,0.66
tilt_a,balanced,mid,mixed,10,5,P1,91,91,-0.193,-0.74,-4.688,-5.731,-0.196,-0.197,-0.747,-0.193,0.418,10,910,903,0.9923,0,903,0,0,0,0,5,0,0,2,0,0,0.65
tilt_a,balanced,mid,mixed,10,5,P2,85,85,0.261,0.66,-8.904,-11.078,0.251,0.246,-0.209,0.261,0.488,10,850,844,0.9929,0,844,0,0,0,0,3,1,0,2,0,0,0.673
tilt_a,balanced,mid,mixed,10,5,2023,40,40,-0.487,-1.67,-4.134,-4.637,-0.487,-0.491,-1.242,-0.487,0.416,10.0,400,396,0.99,0,396,0,0,0,0,3,0,0,1,0,0,0.664
tilt_a,balanced,mid,mixed,10,5,2024,51,51,0.038,0.09,-4.846,-5.731,0.032,0.034,-0.36,0.038,0.419,10,510,507,0.9941,0,507,0,0,0,0,2,0,0,1,0,0,0.636
tilt_a,balanced,mid,mixed,10,5,2025,50,50,0.267,0.63,-6.573,-8.729,0.245,0.257,-0.125,0.267,0.492,10.0,500,497,0.994,0,497,0,0,0,0,2,0,0,1,0,0,0.686
tilt_a,balanced,mid,mixed,10,5,2026,35,35,0.252,0.34,-10.431,-11.078,0.259,0.232,-0.329,0.252,0.482,10,350,347,0.9914,0,347,0,0,0,0,1,1,0,1,0,0,0.653
tilt_a,balanced,mid,mixed,10,20,ALL,173,173,-0.315,-0.58,-10.887,-12.563,-0.347,-0.336,-2.145,-0.315,0.387,10,1730,1695,0.9798,0,1693,0,0,2,0,28,3,0,4,0,0,0.659
tilt_a,balanced,mid,mixed,10,20,P1,91,91,-0.389,-0.57,-8.088,-11.655,-0.403,-0.395,-1.87,-0.389,0.361,10,910,895,0.9835,0,895,0,0,0,0,13,0,0,2,0,0,0.65
tilt_a,balanced,mid,mixed,10,20,P2,82,82,-0.233,-0.27,-11.46,-12.563,-0.284,-0.27,-2.45,-0.233,0.416,10.0,820,800,0.9756,0,798,0,0,2,0,15,3,0,2,0,0,0.672
tilt_a,balanced,mid,mixed,10,20,2023,40,40,-1.019,-2.29,-6.048,-6.272,-0.982,-0.989,-3.022,-1.019,0.384,10.0,400,391,0.9775,0,391,0,0,0,0,8,0,0,1,0,0,0.664
tilt_a,balanced,mid,mixed,10,20,2024,51,51,0.106,0.09,-8.789,-11.655,0.05,0.071,-0.966,0.106,0.344,10,510,504,0.9882,0,504,0,0,0,0,5,0,0,1,0,0,0.636
tilt_a,balanced,mid,mixed,10,20,2025,50,50,-0.498,-0.44,-11.852,-12.563,-0.493,-0.512,-2.272,-0.498,0.406,10.0,500,490,0.98,0,490,0,0,0,0,9,0,0,1,0,0,0.686
tilt_a,balanced,mid,mixed,10,20,2026,32,32,0.181,0.13,-10.871,-11.206,0.043,0.109,-2.729,0.181,0.43,10.0,320,310,0.9688,0,308,0,0,2,0,6,3,0,1,0,0,0.648
tilt_a,balanced,mid,mixed,10,63,ALL,165,165,-1.122,-0.91,-18.895,-24.211,-1.017,-1.204,-6.068,-1.122,0.352,10,1650,1570,0.9515,0,1564,0,0,6,0,75,1,0,4,0,0,0.657
tilt_a,balanced,mid,mixed,10,63,P1,91,91,-1.023,-1.02,-12.658,-15.106,-1.048,-1.042,-4.212,-1.023,0.34,10,910,881,0.9681,0,881,0,0,0,0,27,0,0,2,0,0,0.65
tilt_a,balanced,mid,mixed,10,63,P2,74,74,-1.244,-0.5,-21.768,-24.211,-0.978,-1.404,-8.349,-1.244,0.368,10.0,740,689,0.9311,0,683,0,0,6,0,48,1,0,2,0,0,0.668
tilt_a,balanced,mid,mixed,10,63,2023,40,40,-1.863,-1.42,-12.751,-13.64,-1.986,-1.867,-6.911,-1.863,0.361,10.0,400,380,0.95,0,380,0,0,0,0,19,0,0,1,0,0,0.664
tilt_a,balanced,mid,mixed,10,63,2024,51,51,-0.365,-0.25,-12.534,-15.106,-0.313,-0.395,-2.095,-0.365,0.323,10,510,501,0.9824,0,501,0,0,0,0,8,0,0,1,0,0,0.636
tilt_a,balanced,mid,mixed,10,63,2025,50,50,0.766,0.25,-19.592,-21.213,1.145,0.483,-6.143,0.766,0.393,10.0,500,467,0.934,0,465,0,0,2,0,32,0,0,1,0,0,0.686
tilt_a,balanced,mid,mixed,10,63,2026,24,24,-5.432,-2.0,-23.182,-24.211,-5.401,-5.336,-12.946,-5.432,0.316,10.0,240,222,0.925,0,218,0,0,4,0,16,1,0,1,0,0,0.63
tilt_a,balanced,mid,mixed,20,5,ALL,176,176,-0.146,-0.74,-6.899,-13.082,-0.145,-0.146,-0.63,-0.143,0.46,20.0,3517,3492,0.9929,3,3492,0,0,0,0,15,2,0,8,0,1,0.619
tilt_a,balanced,mid,mixed,20,5,P1,91,91,-0.288,-1.39,-4.387,-6.24,-0.288,-0.288,-0.732,-0.283,0.432,20,1817,1806,0.9939,3,1806,0,0,0,0,8,0,0,3,0,1,0.612
tilt_a,balanced,mid,mixed,20,5,P2,85,85,0.006,0.02,-8.449,-13.082,0.008,0.005,-0.521,0.006,0.491,20,1700,1686,0.9918,0,1686,0,0,0,0,7,2,0,5,0,0,0.627
tilt_a,balanced,mid,mixed,20,5,2023,40,40,-0.484,-1.9,-3.717,-4.273,-0.476,-0.479,-0.986,-0.473,0.429,20.0,797,791,0.9925,3,791,0,0,0,0,4,0,0,2,0,1,0.606
tilt_a,balanced,mid,mixed,20,5,2024,51,51,-0.134,-0.43,-4.748,-6.24,-0.14,-0.138,-0.533,-0.134,0.434,20,1020,1015,0.9951,0,1015,0,0,0,0,4,0,0,1,0,0,0.612
tilt_a,balanced,mid,mixed,20,5,2025,50,50,-0.086,-0.25,-6.11,-7.622,-0.086,-0.081,-0.576,-0.086,0.483,20.0,1000,992,0.992,0,992,0,0,0,0,5,0,0,3,0,0,0.632
tilt_a,balanced,mid,mixed,20,5,2026,35,35,0.136,0.2,-11.061,-13.082,0.143,0.128,-0.443,0.136,0.503,20,700,694,0.9914,0,694,0,0,0,0,2,2,0,2,0,0,0.624
tilt_a,balanced,mid,mixed,20,20,ALL,173,173,-0.408,-0.82,-10.255,-13.432,-0.426,-0.409,-2.263,-0.407,0.411,20,3457,3386,0.9795,3,3384,0,0,2,0,60,3,0,8,0,1,0.618
tilt_a,balanced,mid,mixed,20,20,P1,91,91,-0.591,-1.04,-8.217,-10.898,-0.594,-0.59,-2.5,-0.589,0.386,20,1817,1780,0.9796,3,1780,0,0,0,0,34,0,0,3,0,1,0.612
tilt_a,balanced,mid,mixed,20,20,P2,82,82,-0.206,-0.24,-11.147,-13.432,-0.24,-0.208,-1.999,-0.206,0.44,20.0,1640,1606,0.9793,0,1604,0,0,2,0,26,3,0,5,0,0,0.625
tilt_a,balanced,mid,mixed,20,20,2023,40,40,-1.183,-3.39,-4.973,-5.49,-1.114,-1.144,-3.941,-1.179,0.411,20.0,797,773,0.9699,3,773,0,0,0,0,22,0,0,2,0,1,0.606
tilt_a,balanced,mid,mixed,20,20,2024,51,51,-0.126,-0.13,-9.305,-10.898,-0.185,-0.155,-1.369,-0.126,0.365,20,1020,1007,0.9873,0,1007,0,0,0,0,12,0,0,1,0,0,0.612
tilt_a,balanced,mid,mixed,20,20,2025,50,50,-0.399,-0.37,-11.206,-12.342,-0.394,-0.389,-1.994,-0.399,0.441,20.0,1000,981,0.981,0,981,0,0,0,0,16,0,0,3,0,0,0.632
tilt_a,balanced,mid,mixed,20,20,2026,32,32,0.096,0.07,-11.036,-13.432,-0.001,0.075,-2.007,0.096,0.439,20.0,640,625,0.9766,0,623,0,0,2,0,10,3,0,2,0,0,0.616
tilt_a,balanced,mid,mixed,20,63,ALL,165,165,-0.945,-0.72,-17.289,-23.828,-0.837,-0.986,-5.706,-0.942,0.369,20,3297,3142,0.953,3,3133,0,0,9,0,145,2,0,8,0,1,0.616
tilt_a,balanced,mid,mixed,20,63,P1,91,91,-1.539,-2.11,-10.945,-13.091,-1.438,-1.51,-5.604,-1.534,0.347,20,1817,1744,0.9598,3,1744,0,0,0,0,70,0,0,3,0,1,0.612
tilt_a,balanced,mid,mixed,20,63,P2,74,74,-0.214,-0.08,-19.571,-23.828,-0.098,-0.341,-5.832,-0.214,0.396,20.0,1480,1398,0.9446,0,1389,0,0,9,0,75,2,0,5,0,0,0.621
tilt_a,balanced,mid,mixed,20,63,2023,40,40,-2.026,-2.16,-10.255,-10.577,-1.982,-1.91,-8.321,-2.016,0.377,20.0,797,747,0.9373,3,747,0,0,0,0,48,0,0,2,0,1,0.606
tilt_a,balanced,mid,mixed,20,63,2024,51,51,-1.157,-1.1,-11.364,-13.091,-1.012,-1.197,-3.473,-1.157,0.323,20,1020,997,0.9775,0,997,0,0,0,0,22,0,0,1,0,0,0.612
tilt_a,balanced,mid,mixed,20,63,2025,50,50,1.89,0.55,-17.848,-19.191,2.09,1.665,-3.669,1.89,0.441,20.0,1000,946,0.946,0,941,0,0,5,0,51,0,0,3,0,0,0.632
tilt_a,balanced,mid,mixed,20,63,2026,24,24,-4.599,-1.39,-20.674,-23.828,-4.656,-4.519,-10.339,-4.599,0.303,20.0,480,452,0.9417,0,448,0,0,4,0,24,2,0,2,0,0,0.6
tilt_a,balanced,mid,stock,10,5,ALL,176,176,0.054,0.21,-7.882,-12.783,0.049,0.046,-0.576,0.055,0.474,10.0,1759,1743,0.9909,1,1743,0,0,0,0,10,1,0,5,0,1,0.642
tilt_a,balanced,mid,stock,10,5,P1,91,91,-0.049,-0.17,-4.918,-5.731,-0.054,-0.052,-0.603,-0.049,0.457,10,910,903,0.9923,0,903,0,0,0,0,5,0,0,2,0,0,0.646
tilt_a,balanced,mid,stock,10,5,P2,85,85,0.164,0.38,-9.768,-12.783,0.158,0.152,-0.547,0.166,0.492,10,849,840,0.9894,1,840,0,0,0,0,5,1,0,3,0,1,0.64
tilt_a,balanced,mid,stock,10,5,2023,40,40,-0.438,-1.15,-5.09,-5.543,-0.44,-0.441,-1.192,-0.438,0.444,10.0,400,396,0.99,0,396,0,0,0,0,3,0,0,1,0,0,0.649
tilt_a,balanced,mid,stock,10,5,2024,51,51,0.256,0.62,-4.796,-5.731,0.249,0.252,-0.141,0.256,0.468,10,510,507,0.9941,0,507,0,0,0,0,2,0,0,1,0,0,0.642
tilt_a,balanced,mid,stock,10,5,2025,50,50,0.007,0.02,-7.946,-10.017,-0.013,0.004,-0.791,0.01,0.49,10.0,499,494,0.99,1,494,0,0,0,0,4,0,0,1,0,1,0.629
tilt_a,balanced,mid,stock,10,5,2026,35,35,0.389,0.46,-11.283,-12.783,0.403,0.364,-0.197,0.389,0.496,10,350,346,0.9886,0,346,0,0,0,0,1,1,0,2,0,0,0.659
tilt_a,balanced,mid,stock,10,20,ALL,173,173,0.275,0.41,-12.074,-14.94,0.25,0.262,-2.029,0.27,0.465,10,1729,1685,0.9746,1,1683,0,0,2,0,36,3,0,5,0,1,0.641
tilt_a,balanced,mid,stock,10,20,P1,91,91,0.688,0.82,-8.799,-11.655,0.659,0.669,-1.145,0.688,0.491,10,910,892,0.9802,0,892,0,0,0,0,16,0,0,2,0,0,0.646
tilt_a,balanced,mid,stock,10,20,P2,82,82,-0.182,-0.17,-13.29,-14.94,-0.205,-0.189,-3.009,-0.193,0.436,10.0,819,793,0.9683,1,791,0,0,2,0,20,3,0,3,0,1,0.638
tilt_a,balanced,mid,stock,10,20,2023,40,40,-0.854,-1.33,-8.813,-9.252,-0.832,-0.839,-3.387,-0.854,0.442,10.0,400,389,0.9725,0,389,0,0,0,0,10,0,0,1,0,0,0.649
tilt_a,balanced,mid,stock,10,20,2024,51,51,1.897,1.43,-8.789,-11.655,1.829,1.851,0.613,1.897,0.529,10,510,503,0.9863,0,503,0,0,0,0,6,0,0,1,0,0,0.642
tilt_a,balanced,mid,stock,10,20,2025,50,50,-0.761,-0.56,-14.016,-14.94,-0.685,-0.71,-3.296,-0.779,0.425,10.0,499,485,0.9719,1,485,0,0,0,0,13,0,0,1,0,1,0.629
tilt_a,balanced,mid,stock,10,20,2026,32,32,0.722,0.44,-12.2,-12.599,0.545,0.626,-2.56,0.722,0.455,10.0,320,308,0.9625,0,306,0,0,2,0,7,3,0,2,0,0,0.655
tilt_a,balanced,mid,stock,10,63,ALL,165,165,1.333,1.01,-18.238,-24.211,1.446,1.147,-5.228,1.317,0.46,10,1649,1545,0.9369,1,1539,0,0,6,0,98,1,0,5,0,1,0.64
tilt_a,balanced,mid,stock,10,63,P1,91,91,2.154,1.96,-11.829,-14.697,2.153,2.054,-2.639,2.154,0.482,10,910,868,0.9538,0,868,0,0,0,0,40,0,0,2,0,0,0.646
tilt_a,balanced,mid,stock,10,63,P2,74,74,0.324,0.13,-21.007,-24.211,0.577,0.031,-8.412,0.287,0.432,10.0,739,677,0.9161,1,671,0,0,6,0,58,1,0,3,0,1,0.634
tilt_a,balanced,mid,stock,10,63,2023,40,40,0.813,0.85,-10.313,-10.667,0.54,0.687,-5.974,0.813,0.475,10.0,400,374,0.935,0,374,0,0,0,0,25,0,0,1,0,0,0.649
tilt_a,balanced,mid,stock,10,63,2024,51,51,3.205,2.01,-12.839,-14.697,3.418,3.126,-0.023,3.205,0.489,10,510,494,0.9686,0,494,0,0,0,0,15,0,0,1,0,0,0.642
tilt_a,balanced,mid,stock,10,63,2025,50,50,2.105,0.67,-18.118,-19.232,2.599,1.73,-6.879,2.05,0.456,10.0,499,457,0.9158,1,455,0,0,2,0,41,0,0,1,0,1,0.629
tilt_a,balanced,mid,stock,10,63,2026,24,24,-3.385,-0.91,-23.182,-24.211,-3.635,-3.51,-11.607,-3.385,0.381,10.0,240,220,0.9167,0,216,0,0,4,0,17,1,0,2,0,0,0.648
tilt_a,balanced,mid,stock,20,5,ALL,176,176,-0.054,-0.25,-7.447,-13.849,-0.06,-0.059,-0.63,-0.046,0.488,20.0,3501,3473,0.992,19,3472,0,0,1,0,18,2,0,8,0,3,0.598
tilt_a,balanced,mid,stock,20,5,P1,91,91,-0.123,-0.55,-4.315,-6.24,-0.126,-0.127,-0.74,-0.117,0.474,20,1816,1802,0.9923,4,1802,0,0,0,0,11,0,0,3,0,1,0.593
tilt_a,balanced,mid,stock,20,5,P2,85,85,0.02,0.05,-9.071,-13.849,0.011,0.014,-0.512,0.03,0.504,20,1685,1671,0.9917,15,1670,0,0,1,0,7,2,0,5,0,2,0.605
tilt_a,balanced,mid,stock,20,5,2023,40,40,-0.299,-1.03,-3.964,-4.1,-0.297,-0.302,-1.194,-0.284,0.463,20.0,796,787,0.9887,4,787,0,0,0,0,7,0,0,2,0,1,0.579
tilt_a,balanced,mid,stock,20,5,2024,51,51,0.015,0.04,-4.549,-6.24,0.008,0.011,-0.385,0.015,0.482,20,1020,1015,0.9951,0,1015,0,0,0,0,4,0,0,1,0,0,0.605
tilt_a,balanced,mid,stock,20,5,2025,50,50,-0.039,-0.11,-6.638,-8.521,-0.048,-0.041,-0.537,-0.022,0.503,20.0,985,977,0.9919,15,977,0,0,0,0,5,0,0,3,0,2,0.604
tilt_a,balanced,mid,stock,20,5,2026,35,35,0.104,0.14,-11.444,-13.849,0.096,0.094,-0.478,0.104,0.506,20,700,694,0.9914,0,693,0,0,1,0,2,2,0,2,0,0,0.609
tilt_a,balanced,mid,stock,20,20,ALL,173,173,0.028,0.05,-10.91,-16.111,0.005,0.019,-2.305,0.009,0.472,20,3441,3354,0.9747,19,3351,0,0,3,0,76,3,0,8,0,3,0.597
tilt_a,balanced,mid,stock,20,20,P1,91,91,0.078,0.11,-8.516,-10.898,0.054,0.067,-2.462,0.082,0.486,20,1816,1768,0.9736,4,1768,0,0,0,0,45,0,0,3,0,1,0.593
tilt_a,balanced,mid,stock,20,20,P2,82,82,-0.027,-0.03,-12.402,-16.111,-0.05,-0.035,-2.13,-0.071,0.455,20.0,1625,1586,0.976,15,1583,0,0,3,0,31,3,0,5,0,2,0.603
tilt_a,balanced,mid,stock,20,20,2023,40,40,-0.939,-2.24,-7.113,-7.807,-0.88,-0.904,-4.853,-0.93,0.456,20.0,796,763,0.9585,4,763,0,0,0,0,31,0,0,2,0,1,0.579
tilt_a,balanced,mid,stock,20,20,2024,51,51,0.876,0.78,-9.305,-10.898,0.786,0.828,-0.587,0.876,0.51,20,1020,1005,0.9853,0,1005,0,0,0,0,14,0,0,1,0,0,0.605
tilt_a,balanced,mid,stock,20,20,2025,50,50,-0.104,-0.09,-13.14,-16.111,-0.07,-0.088,-2.088,-0.176,0.464,20.0,985,962,0.9766,15,962,0,0,0,0,20,0,0,3,0,2,0.604
tilt_a,balanced,mid,stock,20,20,2026,32,32,0.093,0.07,-11.293,-13.432,-0.019,0.048,-2.196,0.093,0.442,20.0,640,624,0.975,0,621,0,0,3,0,11,3,0,2,0,0,0.605
tilt_a,balanced,mid,stock,20,63,ALL,165,165,1.009,0.68,-16.836,-23.828,1.059,0.903,-4.891,0.926,0.449,20,3281,3093,0.9427,19,3083,0,0,10,0,176,4,0,8,0,3,0.595
tilt_a,balanced,mid,stock,20,63,P1,91,91,1.028,0.93,-9.329,-11.487,1.047,0.98,-4.291,1.036,0.458,20,1816,1723,0.9488,4,1723,0,0,0,0,90,0,0,3,0,1,0.593
tilt_a,balanced,mid,stock,20,63,P2,74,74,0.986,0.33,-19.438,-23.828,1.074,0.807,-5.629,0.791,0.438,20.0,1465,1370,0.9352,15,1360,0,0,10,0,86,4,0,5,0,2,0.599
tilt_a,balanced,mid,stock,20,63,2023,40,40,0.081,0.05,-9.797,-11.487,0.018,0.108,-8.18,0.1,0.443,20.0,796,732,0.9196,4,732,0,0,0,0,62,0,0,2,0,1,0.579
tilt_a,balanced,mid,stock,20,63,2024,51,51,1.77,1.55,-9.017,-9.213,1.854,1.664,-1.241,1.77,0.471,20,1020,991,0.9716,0,991,0,0,0,0,28,0,0,1,0,0,0.605
tilt_a,balanced,mid,stock,20,63,2025,50,50,3.652,0.99,-15.385,-17.415,3.749,3.309,-2.774,3.364,0.487,20.0,985,924,0.9381,15,919,0,0,5,0,58,0,0,3,0,2,0.604
tilt_a,balanced,mid,stock,20,63,2026,24,24,-4.57,-1.21,-21.187,-23.828,-4.497,-4.406,-11.578,-4.57,0.337,20.0,480,446,0.9292,0,441,0,0,5,0,28,4,0,2,0,0,0.593
tilt_a,balanced,short,mixed,10,5,ALL,176,176,-0.141,-0.64,-6.882,-13.344,-0.146,-0.147,-0.484,-0.141,0.448,10.0,1760,1753,0.996,0,1753,0,0,0,0,5,1,0,1,0,0,0.705
tilt_a,balanced,short,mixed,10,5,P1,91,91,-0.148,-0.58,-4.169,-4.475,-0.148,-0.151,-0.483,-0.148,0.417,10,910,906,0.9956,0,906,0,0,0,0,3,0,0,1,0,0,0.682
tilt_a,balanced,short,mixed,10,5,P2,85,85,-0.133,-0.36,-8.776,-13.344,-0.143,-0.144,-0.485,-0.133,0.482,10,850,847,0.9965,0,847,0,0,0,0,2,1,0,0,0,0,0.727
tilt_a,balanced,short,mixed,10,5,2023,40,40,-0.262,-1.02,-4.047,-4.475,-0.255,-0.262,-0.764,-0.262,0.415,10.0,400,398,0.995,0,398,0,0,0,0,2,0,0,0,0,0,0.669
tilt_a,balanced,short,mixed,10,5,2024,51,51,-0.059,-0.14,-4.222,-4.414,-0.065,-0.063,-0.263,-0.059,0.418,10,510,508,0.9961,0,508,0,0,0,0,1,0,0,1,0,0,0.69
tilt_a,balanced,short,mixed,10,5,2025,50,50,0.014,0.03,-6.562,-9.138,-0.003,-0.0,-0.382,0.014,0.498,10.0,500,498,0.996,0,498,0,0,0,0,2,0,0,0,0,0,0.72
tilt_a,balanced,short,mixed,10,5,2026,35,35,-0.342,-0.51,-10.834,-13.344,-0.343,-0.349,-0.631,-0.342,0.459,10,350,349,0.9971,0,349,0,0,0,0,0,1,0,0,0,0,0.732
tilt_a,balanced,short,mixed,10,20,ALL,173,173,-0.731,-1.44,-12.403,-17.685,-0.756,-0.732,-2.083,-0.731,0.389,10,1730,1706,0.9861,0,1705,0,0,1,0,22,1,0,1,0,0,0.705
tilt_a,balanced,short,mixed,10,20,P1,91,91,-0.397,-0.62,-8.876,-12.442,-0.397,-0.396,-1.535,-0.397,0.372,10,910,899,0.9879,0,899,0,0,0,0,10,0,0,1,0,0,0.682
tilt_a,balanced,short,mixed,10,20,P2,82,82,-1.101,-1.38,-13.3,-17.685,-1.154,-1.105,-2.691,-1.101,0.407,10.0,820,807,0.9841,0,806,0,0,1,0,12,1,0,0,0,0,0.728
tilt_a,balanced,short,mixed,10,20,2023,40,40,-0.688,-1.61,-6.098,-7.554,-0.677,-0.687,-2.476,-0.688,0.413,10.0,400,393,0.9825,0,393,0,0,0,0,7,0,0,0,0,0,0.669
tilt_a,balanced,short,mixed,10,20,2024,51,51,-0.169,-0.16,-10.254,-12.442,-0.178,-0.167,-0.798,-0.169,0.341,10,510,506,0.9922,0,506,0,0,0,0,3,0,0,1,0,0,0.69
tilt_a,balanced,short,mixed,10,20,2025,50,50,-1.189,-1.14,-14.104,-17.685,-1.194,-1.193,-2.953,-1.189,0.402,10.0,500,491,0.982,0,491,0,0,0,0,9,0,0,0,0,0,0.72
tilt_a,balanced,short,mixed,10,20,2026,32,32,-0.963,-0.79,-12.093,-12.357,-1.091,-0.967,-2.283,-0.963,0.415,10.0,320,316,0.9875,0,315,0,0,1,0,3,1,0,0,0,0,0.735
tilt_a,balanced,short,mixed,10,63,ALL,165,165,-2.107,-1.61,-16.636,-20.035,-1.92,-2.067,-6.476,-2.107,0.334,10,1650,1580,0.9576,0,1577,0,0,3,0,69,0,0,1,0,0,0.702
tilt_a,balanced,short,mixed,10,63,P1,91,91,-2.056,-2.2,-11.647,-12.518,-1.942,-2.023,-5.556,-2.056,0.314,10,910,879,0.9659,0,879,0,0,0,0,30,0,0,1,0,0,0.682
tilt_a,balanced,short,mixed,10,63,P2,74,74,-2.17,-0.81,-19.293,-20.035,-1.894,-2.122,-7.608,-2.17,0.358,10.0,740,701,0.9473,0,698,0,0,3,0,39,0,0,0,0,0,0.726
tilt_a,balanced,short,mixed,10,63,2023,40,40,-3.029,-4.08,-11.483,-12.303,-3.077,-2.921,-8.561,-3.029,0.315,10.0,400,379,0.9475,0,379,0,0,0,0,21,0,0,0,0,0,0.669
tilt_a,balanced,short,mixed,10,63,2024,51,51,-1.293,-0.88,-11.678,-12.518,-1.052,-1.319,-3.199,-1.293,0.313,10,510,500,0.9804,0,500,0,0,0,0,9,0,0,1,0,0,0.69
tilt_a,balanced,short,mixed,10,63,2025,50,50,0.31,0.09,-19.827,-20.035,0.68,0.241,-5.751,0.31,0.4,10.0,500,471,0.942,0,471,0,0,0,0,29,0,0,0,0,0,0.72
tilt_a,balanced,short,mixed,10,63,2026,24,24,-7.337,-5.29,-15.608,-17.692,-7.256,-7.043,-11.476,-7.337,0.271,10.0,240,230,0.9583,0,227,0,0,3,0,10,0,0,0,0,0,0.73
tilt_a,balanced,short,mixed,20,5,ALL,176,176,-0.104,-0.57,-5.596,-11.219,-0.107,-0.106,-0.503,-0.101,0.454,20.0,3515,3495,0.9943,5,3495,0,0,0,0,13,1,0,6,0,1,0.647
tilt_a,balanced,short,mixed,20,5,P1,91,91,-0.15,-0.73,-3.406,-4.322,-0.15,-0.15,-0.648,-0.143,0.432,20,1815,1803,0.9934,5,1803,0,0,0,0,9,0,0,3,0,1,0.644
tilt_a,balanced,short,mixed,20,5,P2,85,85,-0.056,-0.18,-7.112,-11.219,-0.061,-0.059,-0.348,-0.056,0.478,20,1700,1692,0.9953,0,1692,0,0,0,0,4,1,0,3,0,0,0.651
tilt_a,balanced,short,mixed,20,5,2023,40,40,-0.22,-0.94,-2.841,-2.971,-0.216,-0.218,-0.973,-0.205,0.445,20.0,795,787,0.9899,5,787,0,0,0,0,6,0,0,2,0,1,0.635
tilt_a,balanced,short,mixed,20,5,2024,51,51,-0.094,-0.3,-3.782,-4.322,-0.098,-0.097,-0.393,-0.094,0.422,20,1020,1016,0.9961,0,1016,0,0,0,0,3,0,0,1,0,0,0.651
tilt_a,balanced,short,mixed,20,5,2025,50,50,-0.038,-0.12,-5.485,-7.328,-0.045,-0.039,-0.333,-0.038,0.475,20.0,1000,995,0.995,0,995,0,0,0,0,3,0,0,2,0,0,0.636
tilt_a,balanced,short,mixed,20,5,2026,35,35,-0.082,-0.14,-9.11,-11.219,-0.085,-0.088,-0.369,-0.082,0.482,20,700,697,0.9957,0,697,0,0,0,0,1,1,0,1,0,0,0.675
tilt_a,balanced,short,mixed,20,20,ALL,173,173,-0.652,-1.45,-10.257,-12.783,-0.669,-0.653,-2.183,-0.655,0.399,20,3455,3397,0.9832,5,3396,0,0,1,0,49,3,0,6,0,1,0.645
tilt_a,balanced,short,mixed,20,20,P1,91,91,-0.625,-1.13,-7.441,-9.658,-0.635,-0.621,-2.262,-0.631,0.369,20,1815,1783,0.9824,5,1783,0,0,0,0,29,0,0,3,0,1,0.644
tilt_a,balanced,short,mixed,20,20,P2,82,82,-0.682,-0.94,-11.044,-12.783,-0.707,-0.687,-2.096,-0.682,0.432,20.0,1640,1614,0.9841,0,1613,0,0,1,0,20,3,0,3,0,0,0.648
tilt_a,balanced,short,mixed,20,20,2023,40,40,-0.757,-2.03,-3.945,-4.108,-0.745,-0.741,-3.308,-0.769,0.404,20.0,795,773,0.9723,5,773,0,0,0,0,20,0,0,2,0,1,0.635
tilt_a,balanced,short,mixed,20,20,2024,51,51,-0.522,-0.56,-8.808,-9.658,-0.549,-0.527,-1.442,-0.522,0.342,20,1020,1010,0.9902,0,1010,0,0,0,0,9,0,0,1,0,0,0.651
tilt_a,balanced,short,mixed,20,20,2025,50,50,-0.514,-0.52,-11.821,-12.783,-0.526,-0.526,-1.915,-0.514,0.437,20.0,1000,984,0.984,0,984,0,0,0,0,14,0,0,2,0,0,0.636
tilt_a,balanced,short,mixed,20,20,2026,32,32,-0.945,-0.95,-9.342,-9.404,-0.991,-0.94,-2.379,-0.945,0.424,20.0,640,630,0.9844,0,629,0,0,1,0,6,3,0,1,0,0,0.669
tilt_a,balanced,short,mixed,20,63,ALL,165,165,-1.853,-1.46,-16.253,-18.515,-1.731,-1.809,-6.092,-1.85,0.353,20,3295,3156,0.9578,5,3150,0,0,6,0,131,1,1,6,0,1,0.642
tilt_a,balanced,short,mixed,20,63,P1,91,91,-2.153,-3.13,-10.871,-12.974,-2.127,-2.114,-5.963,-2.147,0.326,20,1815,1747,0.9625,5,1745,0,0,2,0,65,0,0,3,0,1,0.644
tilt_a,balanced,short,mixed,20,63,P2,74,74,-1.485,-0.56,-17.494,-18.515,-1.245,-1.433,-6.25,-1.485,0.386,20.0,1480,1409,0.952,0,1405,0,0,4,0,66,1,1,3,0,0,0.642
tilt_a,balanced,short,mixed,20,63,2023,40,40,-2.389,-4.19,-9.728,-9.934,-2.459,-2.297,-8.543,-2.375,0.347,20.0,795,747,0.9396,5,747,0,0,0,0,46,0,0,2,0,1,0.635
tilt_a,balanced,short,mixed,20,63,2024,51,51,-1.968,-1.71,-11.41,-12.974,-1.866,-1.971,-3.939,-1.968,0.31,20,1020,1000,0.9804,0,998,0,0,2,0,19,0,0,1,0,0,0.651
tilt_a,balanced,short,mixed,20,63,2025,50,50,1.299,0.39,-17.769,-18.515,1.522,1.215,-3.89,1.299,0.432,20.0,1000,949,0.949,0,948,0,0,1,0,48,0,1,2,0,0,0.636
tilt_a,balanced,short,mixed,20,63,2026,24,24,-7.285,-5.42,-16.536,-16.67,-7.009,-6.948,-11.166,-7.285,0.289,20.0,480,460,0.9583,0,457,0,0,3,0,18,1,0,1,0,0,0.659
tilt_a,balanced,short,stock,10,5,ALL,176,176,0.002,0.01,-7.748,-14.526,-0.01,-0.006,-0.516,0.002,0.489,10.0,1760,1747,0.9926,0,1747,0,0,0,0,8,1,0,4,0,0,0.706
tilt_a,balanced,short,stock,10,5,P1,91,91,0.018,0.07,-4.118,-4.625,0.015,0.014,-0.318,0.018,0.466,10,910,905,0.9945,0,905,0,0,0,0,3,0,0,2,0,0,0.7
tilt_a,balanced,short,stock,10,5,P2,85,85,-0.014,-0.03,-9.974,-14.526,-0.038,-0.028,-0.727,-0.014,0.513,10,850,842,0.9906,0,842,0,0,0,0,5,1,0,2,0,0,0.711
tilt_a,balanced,short,stock,10,5,2023,40,40,-0.139,-0.48,-4.314,-4.625,-0.137,-0.141,-0.643,-0.139,0.452,10.0,400,397,0.9925,0,397,0,0,0,0,2,0,0,1,0,0,0.672
tilt_a,balanced,short,stock,10,5,2024,51,51,0.141,0.33,-3.988,-4.3,0.135,0.136,-0.063,0.141,0.477,10,510,508,0.9961,0,508,0,0,0,0,1,0,0,1,0,0,0.72
tilt_a,balanced,short,stock,10,5,2025,50,50,-0.002,-0.0,-8.75,-11.881,-0.039,-0.01,-0.805,-0.002,0.528,10.0,500,494,0.988,0,494,0,0,0,0,4,0,0,2,0,0,0.698
tilt_a,balanced,short,stock,10,5,2026,35,35,-0.031,-0.04,-11.425,-14.526,-0.036,-0.055,-0.616,-0.031,0.49,10,350,348,0.9943,0,348,0,0,0,0,1,1,0,0,0,0,0.724
tilt_a,balanced,short,stock,10,20,ALL,173,173,-0.321,-0.55,-13.904,-21.94,-0.353,-0.323,-2.438,-0.321,0.466,10,1730,1690,0.9769,0,1689,0,0,1,0,34,2,0,4,0,0,0.705
tilt_a,balanced,short,stock,10,20,P1,91,91,0.134,0.19,-9.816,-12.442,0.108,0.128,-1.346,0.134,0.485,10,910,895,0.9835,0,895,0,0,0,0,13,0,0,2,0,0,0.7
tilt_a,balanced,short,stock,10,20,P2,82,82,-0.826,-0.89,-15.669,-21.94,-0.865,-0.824,-3.65,-0.826,0.444,10.0,820,795,0.9695,0,794,0,0,1,0,21,2,0,2,0,0,0.709
tilt_a,balanced,short,stock,10,20,2023,40,40,-0.293,-0.44,-8.289,-11.59,-0.287,-0.302,-2.339,-0.293,0.474,10.0,400,391,0.9775,0,391,0,0,0,0,8,0,0,1,0,0,0.672
tilt_a,balanced,short,stock,10,20,2024,51,51,0.47,0.41,-10.254,-12.442,0.419,0.465,-0.566,0.47,0.494,10,510,504,0.9882,0,504,0,0,0,0,5,0,0,1,0,0,0.72
tilt_a,balanced,short,stock,10,20,2025,50,50,-1.159,-0.91,-17.967,-21.94,-1.123,-1.116,-4.108,-1.159,0.437,10.0,500,483,0.966,0,483,0,0,0,0,15,0,0,2,0,0,0.698
tilt_a,balanced,short,stock,10,20,2026,32,32,-0.307,-0.24,-12.224,-12.357,-0.461,-0.368,-2.935,-0.307,0.453,10.0,320,312,0.975,0,311,0,0,1,0,6,2,0,0,0,0,0.719
tilt_a,balanced,short,stock,10,63,ALL,165,165,0.335,0.2,-16.833,-19.964,0.424,0.319,-5.423,0.335,0.438,10,1650,1557,0.9436,0,1553,0,0,4,0,89,0,0,4,0,0,0.704
tilt_a,balanced,short,stock,10,63,P1,91,91,0.915,0.84,-12.295,-15.36,0.917,0.835,-3.544,0.915,0.443,10,910,871,0.9571,0,870,0,0,1,0,37,0,0,2,0,0,0.7
tilt_a,balanced,short,stock,10,63,P2,74,74,-0.378,-0.11,-18.396,-19.964,-0.184,-0.316,-7.734,-0.378,0.433,10.0,740,686,0.927,0,683,0,0,3,0,52,0,0,2,0,0,0.707
tilt_a,balanced,short,stock,10,63,2023,40,40,0.111,0.09,-9.834,-10.663,-0.153,0.039,-6.728,0.111,0.43,10.0,400,374,0.935,0,374,0,0,0,0,25,0,0,1,0,0,0.672
tilt_a,balanced,short,stock,10,63,2024,51,51,1.546,1.01,-13.304,-15.36,1.757,1.459,-1.046,1.546,0.453,10,510,497,0.9745,0,496,0,0,1,0,12,0,0,1,0,0,0.72
tilt_a,balanced,short,stock,10,63,2025,50,50,2.78,0.67,-18.73,-19.964,2.942,2.66,-5.544,2.78,0.483,10.0,500,459,0.918,0,459,0,0,0,0,39,0,0,2,0,0,0.698
tilt_a,balanced,short,stock,10,63,2026,24,24,-6.957,-3.05,-16.57,-17.393,-6.695,-6.516,-12.298,-6.957,0.329,10.0,240,227,0.9458,0,224,0,0,3,0,13,0,0,0,0,0,0.717
tilt_a,balanced,short,stock,20,5,ALL,176,176,-0.102,-0.53,-6.303,-10.966,-0.107,-0.105,-0.561,-0.097,0.476,20.0,3505,3482,0.9934,15,3482,0,0,0,0,15,1,0,7,0,2,0.633
tilt_a,balanced,short,stock,20,5,P1,91,91,-0.2,-0.96,-3.828,-5.107,-0.2,-0.2,-0.698,-0.191,0.458,20,1814,1801,0.9928,6,1801,0,0,0,0,9,0,0,4,0,1,0.639
tilt_a,balanced,short,stock,20,5,P2,85,85,0.002,0.01,-7.802,-10.966,-0.008,-0.004,-0.413,0.004,0.495,20,1691,1681,0.9941,9,1681,0,0,0,0,6,1,0,3,0,1,0.628
tilt_a,balanced,short,stock,20,5,2023,40,40,-0.393,-1.39,-4.362,-5.107,-0.388,-0.39,-1.146,-0.373,0.456,20.0,794,786,0.9899,6,786,0,0,0,0,6,0,0,2,0,1,0.624
tilt_a,balanced,short,stock,20,5,2024,51,51,-0.048,-0.16,-3.473,-4.029,-0.053,-0.051,-0.347,-0.048,0.461,20,1020,1015,0.9951,0,1015,0,0,0,0,3,0,0,2,0,0,0.65
tilt_a,balanced,short,stock,20,5,2025,50,50,0.016,0.05,-6.519,-7.783,0.002,0.011,-0.489,0.019,0.492,20.0,991,984,0.9929,9,984,0,0,0,0,5,0,0,2,0,1,0.615
tilt_a,balanced,short,stock,20,5,2026,35,35,-0.017,-0.03,-8.983,-10.966,-0.021,-0.024,-0.305,-0.017,0.5,20,700,697,0.9957,0,697,0,0,0,0,1,1,0,1,0,0,0.65
tilt_a,balanced,short,stock,20,20,ALL,173,173,-0.469,-0.98,-10.696,-16.16,-0.484,-0.466,-2.378,-0.48,0.451,20,3445,3373,0.9791,15,3372,0,0,1,0,60,5,0,7,0,2,0.631
tilt_a,balanced,short,stock,20,20,P1,91,91,-0.249,-0.41,-8.409,-9.658,-0.262,-0.247,-2.167,-0.254,0.46,20,1814,1776,0.9791,6,1776,0,0,0,0,34,0,0,4,0,1,0.639
tilt_a,balanced,short,stock,20,20,P2,82,82,-0.714,-0.95,-12.063,-16.16,-0.73,-0.709,-2.612,-0.73,0.441,20.0,1631,1597,0.9792,9,1596,0,0,1,0,26,5,0,3,0,1,0.625
tilt_a,balanced,short,stock,20,20,2023,40,40,-1.037,-1.99,-7.811,-8.843,-1.017,-1.013,-4.215,-1.047,0.437,20.0,794,767,0.966,6,767,0,0,0,0,25,0,0,2,0,1,0.624
tilt_a,balanced,short,stock,20,20,2024,51,51,0.368,0.38,-8.808,-9.658,0.33,0.355,-0.56,0.368,0.478,20,1020,1009,0.9892,0,1009,0,0,0,0,9,0,0,2,0,0,0.65
tilt_a,balanced,short,stock,20,20,2025,50,50,-0.536,-0.52,-13.818,-16.16,-0.527,-0.526,-2.421,-0.562,0.449,20.0,991,970,0.9788,9,970,0,0,0,0,19,0,0,2,0,1,0.615
tilt_a,balanced,short,stock,20,20,2026,32,32,-0.992,-0.95,-9.43,-9.457,-1.046,-0.993,-2.91,-0.992,0.428,20.0,640,627,0.9797,0,626,0,0,1,0,7,5,0,1,0,0,0.644
tilt_a,balanced,short,stock,20,63,ALL,165,165,-0.692,-0.5,-16.035,-18.17,-0.55,-0.636,-5.866,-0.737,0.421,20,3285,3116,0.9486,15,3110,0,0,6,0,159,2,1,7,0,2,0.63
tilt_a,balanced,short,stock,20,63,P1,91,91,-0.562,-0.76,-10.618,-11.586,-0.503,-0.529,-5.485,-0.55,0.426,20,1814,1726,0.9515,6,1724,0,0,2,0,84,0,0,4,0,1,0.639
tilt_a,balanced,short,stock,20,63,P2,74,74,-0.852,-0.29,-17.351,-18.17,-0.608,-0.769,-6.334,-0.967,0.415,20.0,1471,1390,0.9449,9,1386,0,0,4,0,75,2,1,3,0,1,0.621
tilt_a,balanced,short,stock,20,63,2023,40,40,-1.426,-1.72,-9.566,-9.616,-1.548,-1.349,-9.04,-1.398,0.405,20.0,794,735,0.9257,6,735,0,0,0,0,57,0,0,2,0,1,0.624
tilt_a,balanced,short,stock,20,63,2024,51,51,0.115,0.12,-11.32,-11.586,0.317,0.115,-2.697,0.115,0.442,20,1020,991,0.9716,0,989,0,0,2,0,27,0,0,2,0,0,0.65
tilt_a,balanced,short,stock,20,63,2025,50,50,2.253,0.63,-16.851,-17.456,2.47,2.195,-3.797,2.083,0.466,20.0,991,932,0.9405,9,931,0,0,1,0,56,0,1,2,0,1,0.615
tilt_a,balanced,short,stock,20,63,2026,24,24,-7.321,-4.2,-17.42,-18.17,-7.02,-6.943,-11.62,-7.321,0.309,20.0,480,458,0.9542,0,455,0,0,3,0,19,2,0,1,0,0,0.639
tilt_a_r0,aggressive,long,mixed,10,5,ALL,176,176,-0.173,-0.73,-8.05,-10.809,-0.174,-0.172,-0.566,-0.173,0.456,10.0,1760,1751,0.9949,0,1751,0,0,0,0,7,0,0,2,0,0,0.632
tilt_a_r0,aggressive,long,mixed,10,5,P1,91,91,-0.194,-0.77,-5.108,-7.121,-0.193,-0.193,-0.526,-0.194,0.423,10,910,906,0.9956,0,906,0,0,0,0,3,0,0,1,0,0,0.61
tilt_a_r0,aggressive,long,mixed,10,5,P2,85,85,-0.15,-0.37,-9.367,-10.809,-0.154,-0.149,-0.61,-0.15,0.492,10,850,845,0.9941,0,845,0,0,0,0,4,0,0,1,0,0,0.656
tilt_a_r0,aggressive,long,mixed,10,5,2023,40,40,-0.39,-1.14,-5.614,-7.121,-0.384,-0.388,-0.89,-0.39,0.398,10.0,400,397,0.9925,0,397,0,0,0,0,2,0,0,1,0,0,0.572
tilt_a_r0,aggressive,long,mixed,10,5,2024,51,51,-0.039,-0.11,-4.665,-5.459,-0.044,-0.041,-0.24,-0.039,0.442,10,510,509,0.998,0,509,0,0,0,0,1,0,0,0,0,0,0.638
tilt_a_r0,aggressive,long,mixed,10,5,2025,50,50,0.042,0.09,-7.643,-9.898,0.035,0.044,-0.74,0.042,0.493,10.0,500,495,0.99,0,495,0,0,0,0,4,0,0,1,0,0,0.641
tilt_a_r0,aggressive,long,mixed,10,5,2026,35,35,-0.425,-0.58,-10.576,-10.809,-0.425,-0.425,-0.425,-0.425,0.491,10,350,350,1.0,0,350,0,0,0,0,0,0,0,0,0,0,0.676
tilt_a_r0,aggressive,long,mixed,10,20,ALL,173,173,-0.824,-1.34,-13.632,-15.49,-0.81,-0.793,-2.039,-0.824,0.428,10,1730,1707,0.9867,0,1704,0,0,3,0,18,3,0,2,0,0,0.631
tilt_a_r0,aggressive,long,mixed,10,20,P1,91,91,-0.633,-0.83,-10.835,-14.343,-0.612,-0.61,-1.519,-0.633,0.439,10,910,901,0.9901,0,901,0,0,0,0,8,0,0,1,0,0,0.61
tilt_a_r0,aggressive,long,mixed,10,20,P2,82,82,-1.035,-1.05,-14.76,-15.49,-1.029,-0.996,-2.617,-1.035,0.416,10.0,820,806,0.9829,0,803,0,0,3,0,10,3,0,1,0,0,0.656
tilt_a_r0,aggressive,long,mixed,10,20,2023,40,40,-2.125,-2.6,-12.761,-14.343,-2.066,-2.087,-3.373,-2.125,0.447,10.0,400,394,0.985,0,394,0,0,0,0,5,0,0,1,0,0,0.572
tilt_a_r0,aggressive,long,mixed,10,20,2024,51,51,0.538,0.49,-9.551,-10.536,0.529,0.549,-0.065,0.538,0.433,10,510,507,0.9941,0,507,0,0,0,0,3,0,0,0,0,0,0.638
tilt_a_r0,aggressive,long,mixed,10,20,2025,50,50,-0.401,-0.36,-13.14,-14.487,-0.334,-0.339,-1.99,-0.401,0.42,10.0,500,491,0.982,0,491,0,0,0,0,8,0,0,1,0,0,0.641
tilt_a_r0,aggressive,long,mixed,10,20,2026,32,32,-2.027,-1.14,-15.423,-15.49,-2.117,-2.022,-3.595,-2.027,0.408,10.0,320,315,0.9844,0,312,0,0,3,0,2,3,0,0,0,0,0.677
tilt_a_r0,aggressive,long,mixed,10,63,ALL,165,165,-0.475,-0.3,-18.836,-24.213,-0.296,-0.541,-3.822,-0.475,0.394,10,1650,1597,0.9679,0,1591,0,0,6,0,51,0,0,2,0,0,0.632
tilt_a_r0,aggressive,long,mixed,10,63,P1,91,91,-0.803,-0.61,-17.293,-24.213,-0.647,-0.816,-3.372,-0.803,0.392,10,910,887,0.9747,0,887,0,0,0,0,22,0,0,1,0,0,0.61
tilt_a_r0,aggressive,long,mixed,10,63,P2,74,74,-0.072,-0.02,-20.18,-22.083,0.135,-0.203,-4.376,-0.072,0.396,10.0,740,710,0.9595,0,704,0,0,6,0,29,0,0,1,0,0,0.659
tilt_a_r0,aggressive,long,mixed,10,63,2023,40,40,-1.47,-0.7,-21.37,-24.213,-1.627,-1.547,-5.521,-1.47,0.436,10.0,400,384,0.96,0,384,0,0,0,0,15,0,0,1,0,0,0.572
tilt_a_r0,aggressive,long,mixed,10,63,2024,51,51,-0.28,-0.24,-11.112,-11.828,0.121,-0.243,-1.687,-0.28,0.357,10,510,503,0.9863,0,503,0,0,0,0,7,0,0,0,0,0,0.638
tilt_a_r0,aggressive,long,mixed,10,63,2025,50,50,3.065,0.79,-15.018,-19.835,3.33,2.815,-2.063,3.065,0.464,10.0,500,476,0.952,0,475,0,0,1,0,23,0,0,1,0,0,0.641
tilt_a_r0,aggressive,long,mixed,10,63,2026,24,24,-6.606,-2.59,-21.25,-22.083,-6.522,-6.492,-9.193,-6.606,0.256,10.0,240,234,0.975,0,229,0,0,5,0,6,0,0,0,0,0,0.696
tilt_a_r0,aggressive,long,mixed,20,5,ALL,176,176,-0.024,-0.13,-5.93,-7.651,-0.025,-0.026,-0.336,-0.024,0.474,20.0,3520,3506,0.996,0,3506,0,0,0,0,11,0,0,3,0,0,0.593
tilt_a_r0,aggressive,long,mixed,20,5,P1,91,91,-0.197,-1.09,-3.653,-5.718,-0.196,-0.199,-0.474,-0.197,0.444,20,1820,1813,0.9962,0,1813,0,0,0,0,5,0,0,2,0,0,0.581
tilt_a_r0,aggressive,long,mixed,20,5,P2,85,85,0.162,0.49,-6.965,-7.651,0.158,0.16,-0.189,0.162,0.505,20,1700,1693,0.9959,0,1693,0,0,0,0,6,0,0,1,0,0,0.606
tilt_a_r0,aggressive,long,mixed,20,5,2023,40,40,-0.412,-1.85,-3.444,-3.596,-0.406,-0.412,-0.788,-0.412,0.43,20.0,800,795,0.9938,0,795,0,0,0,0,3,0,0,2,0,0,0.56
tilt_a_r0,aggressive,long,mixed,20,5,2024,51,51,-0.028,-0.1,-3.758,-5.718,-0.031,-0.031,-0.228,-0.028,0.455,20,1020,1018,0.998,0,1018,0,0,0,0,2,0,0,0,0,0,0.597
tilt_a_r0,aggressive,long,mixed,20,5,2025,50,50,0.262,0.77,-4.758,-7.346,0.259,0.266,-0.229,0.262,0.503,20.0,1000,994,0.994,0,994,0,0,0,0,5,0,0,1,0,0,0.591
tilt_a_r0,aggressive,long,mixed,20,5,2026,35,35,0.018,0.03,-7.584,-7.651,0.014,0.007,-0.132,0.018,0.508,20,700,699,0.9986,0,699,0,0,0,0,1,0,0,0,0,0,0.628
tilt_a_r0,aggressive,long,mixed,20,20,ALL,173,173,-0.335,-0.65,-10.306,-13.988,-0.344,-0.332,-1.651,-0.335,0.431,20,3460,3412,0.9861,0,3409,0,0,3,0,42,3,0,3,0,0,0.592
tilt_a_r0,aggressive,long,mixed,20,20,P1,91,91,-0.37,-0.63,-7.433,-9.399,-0.385,-0.371,-1.605,-0.37,0.437,20,1820,1796,0.9868,0,1796,0,0,0,0,22,0,0,2,0,0,0.581
tilt_a_r0,aggressive,long,mixed,20,20,P2,82,82,-0.295,-0.34,-11.528,-13.988,-0.298,-0.289,-1.703,-0.295,0.424,20.0,1640,1616,0.9854,0,1613,0,0,3,0,20,3,0,1,0,0,0.604
tilt_a_r0,aggressive,long,mixed,20,20,2023,40,40,-1.457,-2.95,-8.551,-9.399,-1.402,-1.427,-3.07,-1.457,0.447,20.0,800,785,0.9812,0,785,0,0,0,0,13,0,0,2,0,0,0.56
tilt_a_r0,aggressive,long,mixed,20,20,2024,51,51,0.482,0.53,-6.688,-7.341,0.413,0.456,-0.456,0.482,0.429,20,1020,1011,0.9912,0,1011,0,0,0,0,9,0,0,0,0,0,0.597
tilt_a_r0,aggressive,long,mixed,20,20,2025,50,50,0.007,0.01,-10.194,-11.328,0.049,0.034,-1.572,0.007,0.419,20.0,1000,983,0.983,0,983,0,0,0,0,16,0,0,1,0,0,0.591
tilt_a_r0,aggressive,long,mixed,20,20,2026,32,32,-0.768,-0.49,-12.557,-13.988,-0.841,-0.792,-1.907,-0.768,0.432,20.0,640,633,0.9891,0,630,0,0,3,0,4,3,0,0,0,0,0.626
tilt_a_r0,aggressive,long,mixed,20,63,ALL,165,165,0.06,0.04,-16.276,-21.065,0.192,-0.014,-3.559,0.06,0.408,20,3300,3186,0.9655,0,3176,0,0,10,0,111,0,0,3,0,0,0.59
tilt_a_r0,aggressive,long,mixed,20,63,P1,91,91,-0.509,-0.42,-12.315,-16.348,-0.389,-0.508,-3.587,-0.509,0.399,20,1820,1765,0.9698,0,1764,0,0,1,0,53,0,0,2,0,0,0.581
tilt_a_r0,aggressive,long,mixed,20,63,P2,74,74,0.76,0.25,-19.077,-21.065,0.908,0.593,-3.525,0.76,0.418,20.0,1480,1421,0.9601,0,1412,0,0,9,0,58,0,0,1,0,0,0.603
tilt_a_r0,aggressive,long,mixed,20,63,2023,40,40,-1.063,-0.6,-14.152,-16.348,-1.083,-1.003,-5.236,-1.063,0.446,20.0,800,766,0.9575,0,766,0,0,0,0,32,0,0,2,0,0,0.56
tilt_a_r0,aggressive,long,mixed,20,63,2024,51,51,-0.074,-0.06,-10.868,-12.795,0.154,-0.12,-2.293,-0.074,0.363,20,1020,999,0.9794,0,998,0,0,1,0,21,0,0,0,0,0,0.597
tilt_a_r0,aggressive,long,mixed,20,63,2025,50,50,3.356,0.84,-16.446,-21.045,3.588,3.103,-1.61,3.356,0.48,20.0,1000,954,0.954,0,950,0,0,4,0,45,0,0,1,0,0,0.591
tilt_a_r0,aggressive,long,mixed,20,63,2026,24,24,-4.648,-1.68,-19.846,-21.065,-4.676,-4.635,-7.515,-4.648,0.289,20.0,480,467,0.9729,0,462,0,0,5,0,13,0,0,0,0,0,0.628
tilt_a_r0,aggressive,long,stock,10,5,ALL,176,176,-0.107,-0.4,-9.332,-13.934,-0.112,-0.113,-0.678,-0.107,0.473,10.0,1760,1747,0.9926,0,1747,0,0,0,0,10,0,0,3,0,0,0.569
tilt_a_r0,aggressive,long,stock,10,5,P1,91,91,-0.05,-0.18,-6.051,-8.565,-0.049,-0.053,-0.495,-0.05,0.471,10,910,904,0.9934,0,904,0,0,0,0,4,0,0,2,0,0,0.549
tilt_a_r0,aggressive,long,stock,10,5,P2,85,85,-0.167,-0.35,-11.195,-13.934,-0.18,-0.177,-0.875,-0.167,0.474,10,850,843,0.9918,0,843,0,0,0,0,6,0,0,1,0,0,0.59
tilt_a_r0,aggressive,long,stock,10,5,2023,40,40,-0.21,-0.59,-5.356,-5.945,-0.201,-0.215,-0.965,-0.21,0.461,10.0,400,395,0.9875,0,395,0,0,0,0,3,0,0,2,0,0,0.538
tilt_a_r0,aggressive,long,stock,10,5,2024,51,51,0.075,0.19,-6.513,-8.565,0.071,0.074,-0.126,0.075,0.48,10,510,509,0.998,0,509,0,0,0,0,1,0,0,0,0,0,0.556
tilt_a_r0,aggressive,long,stock,10,5,2025,50,50,-0.005,-0.01,-7.502,-9.008,-0.023,-0.009,-1.0,-0.005,0.478,10.0,500,494,0.988,0,494,0,0,0,0,5,0,0,1,0,0,0.563
tilt_a_r0,aggressive,long,stock,10,5,2026,35,35,-0.399,-0.44,-13.132,-13.934,-0.404,-0.417,-0.696,-0.399,0.468,10,350,349,0.9971,0,349,0,0,0,0,1,0,0,0,0,0,0.626
tilt_a_r0,aggressive,long,stock,10,20,ALL,173,173,-0.38,-0.55,-15.179,-23.366,-0.371,-0.361,-2.289,-0.38,0.461,10,1730,1694,0.9792,0,1691,0,0,3,0,30,3,0,3,0,0,0.57
tilt_a_r0,aggressive,long,stock,10,20,P1,91,91,0.206,0.28,-9.334,-11.259,0.204,0.215,-1.131,0.206,0.5,10,910,896,0.9846,0,896,0,0,0,0,12,0,0,2,0,0,0.549
tilt_a_r0,aggressive,long,stock,10,20,P2,82,82,-1.03,-0.88,-17.437,-23.366,-1.01,-0.999,-3.574,-1.03,0.418,10.0,820,798,0.9732,0,795,0,0,3,0,18,3,0,1,0,0,0.593
tilt_a_r0,aggressive,long,stock,10,20,2023,40,40,-1.027,-1.93,-7.786,-8.82,-0.955,-0.995,-3.024,-1.027,0.473,10.0,400,390,0.975,0,390,0,0,0,0,8,0,0,2,0,0,0.538
tilt_a_r0,aggressive,long,stock,10,20,2024,51,51,1.174,0.97,-10.022,-11.259,1.114,1.163,0.353,1.174,0.521,10,510,506,0.9922,0,506,0,0,0,0,4,0,0,0,0,0,0.556
tilt_a_r0,aggressive,long,stock,10,20,2025,50,50,-1.095,-0.9,-14.353,-15.267,-0.969,-1.002,-3.605,-1.095,0.418,10.0,500,486,0.972,0,486,0,0,0,0,13,0,0,1,0,0,0.563
tilt_a_r0,aggressive,long,stock,10,20,2026,32,32,-0.929,-0.4,-20.28,-23.366,-1.073,-0.995,-3.526,-0.929,0.418,10.0,320,312,0.975,0,309,0,0,3,0,5,3,0,0,0,0,0.635
tilt_a_r0,aggressive,long,stock,10,63,ALL,165,165,0.567,0.32,-21.054,-28.19,0.726,0.397,-4.551,0.567,0.434,10,1650,1570,0.9515,0,1564,0,0,6,0,77,0,0,3,0,0,0.565
tilt_a_r0,aggressive,long,stock,10,63,P1,91,91,0.858,0.62,-13.559,-15.133,1.026,0.789,-3.043,0.858,0.453,10,910,875,0.9615,0,875,0,0,0,0,33,0,0,2,0,0,0.549
tilt_a_r0,aggressive,long,stock,10,63,P2,74,74,0.21,0.06,-24.572,-28.19,0.356,-0.085,-6.404,0.21,0.412,10.0,740,695,0.9392,0,689,0,0,6,0,44,0,0,1,0,0,0.585
tilt_a_r0,aggressive,long,stock,10,63,2023,40,40,0.341,0.15,-13.333,-15.133,0.286,0.296,-5.238,0.341,0.456,10.0,400,377,0.9425,0,377,0,0,0,0,21,0,0,2,0,0,0.538
tilt_a_r0,aggressive,long,stock,10,63,2024,51,51,1.263,1.0,-13.709,-14.627,1.607,1.176,-1.322,1.263,0.45,10,510,498,0.9765,0,498,0,0,0,0,12,0,0,0,0,0,0.556
tilt_a_r0,aggressive,long,stock,10,63,2025,50,50,2.032,0.45,-18.717,-19.906,2.387,1.689,-5.282,2.032,0.448,10.0,500,466,0.932,0,465,0,0,1,0,33,0,0,1,0,0,0.563
tilt_a_r0,aggressive,long,stock,10,63,2026,24,24,-3.586,-0.66,-27.024,-28.19,-3.876,-3.782,-8.742,-3.586,0.338,10.0,240,229,0.9542,0,224,0,0,5,0,11,0,0,0,0,0,0.626
tilt_a_r0,aggressive,long,stock,20,5,ALL,176,176,0.045,0.21,-6.468,-8.702,0.039,0.04,-0.415,0.045,0.485,20.0,3519,3496,0.9935,1,3495,0,0,1,0,14,2,0,7,0,1,0.542
tilt_a_r0,aggressive,long,stock,20,5,P1,91,91,-0.056,-0.26,-3.895,-5.21,-0.061,-0.062,-0.449,-0.056,0.473,20,1820,1810,0.9945,0,1810,0,0,0,0,7,0,0,3,0,0,0.532
tilt_a_r0,aggressive,long,stock,20,5,P2,85,85,0.153,0.41,-7.134,-8.702,0.146,0.15,-0.378,0.153,0.497,20,1699,1686,0.9923,1,1685,0,0,1,0,7,2,0,4,0,1,0.552
tilt_a_r0,aggressive,long,stock,20,5,2023,40,40,-0.321,-1.17,-3.526,-4.03,-0.322,-0.328,-0.831,-0.321,0.453,20.0,800,794,0.9925,0,794,0,0,0,0,4,0,0,2,0,0,0.537
tilt_a_r0,aggressive,long,stock,20,5,2024,51,51,0.151,0.49,-4.078,-5.21,0.144,0.147,-0.149,0.151,0.489,20,1020,1016,0.9961,0,1016,0,0,0,0,3,0,0,1,0,0,0.529
tilt_a_r0,aggressive,long,stock,20,5,2025,50,50,0.177,0.48,-4.876,-6.893,0.172,0.179,-0.317,0.176,0.492,20.0,999,992,0.993,1,992,0,0,0,0,5,0,0,2,0,1,0.55
tilt_a_r0,aggressive,long,stock,20,5,2026,35,35,0.12,0.16,-8.128,-8.702,0.107,0.109,-0.465,0.12,0.505,20,700,694,0.9914,0,693,0,0,1,0,2,2,0,2,0,0,0.559
tilt_a_r0,aggressive,long,stock,20,20,ALL,173,173,0.203,0.35,-11.317,-15.342,0.169,0.185,-1.755,0.203,0.466,20,3459,3386,0.9789,1,3382,0,0,4,0,62,4,0,7,0,1,0.541
tilt_a_r0,aggressive,long,stock,20,20,P1,91,91,0.43,0.66,-6.179,-7.248,0.392,0.413,-1.384,0.43,0.491,20,1820,1785,0.9808,0,1785,0,0,0,0,32,0,0,3,0,0,0.532
tilt_a_r0,aggressive,long,stock,20,20,P2,82,82,-0.049,-0.05,-12.952,-15.342,-0.079,-0.067,-2.166,-0.049,0.438,20.0,1639,1601,0.9768,1,1597,0,0,4,0,30,4,0,4,0,1,0.551
tilt_a_r0,aggressive,long,stock,20,20,2023,40,40,-0.963,-2.3,-6.48,-7.248,-0.918,-0.934,-3.473,-0.963,0.443,20.0,800,778,0.9725,0,778,0,0,0,0,20,0,0,2,0,0,0.537
tilt_a_r0,aggressive,long,stock,20,20,2024,51,51,1.522,1.51,-5.979,-6.575,1.42,1.469,0.254,1.522,0.528,20,1020,1007,0.9873,0,1007,0,0,0,0,12,0,0,1,0,0,0.529
tilt_a_r0,aggressive,long,stock,20,20,2025,50,50,0.225,0.2,-10.405,-11.737,0.225,0.226,-1.991,0.225,0.443,20.0,999,975,0.976,1,975,0,0,0,0,22,0,0,2,0,1,0.55
tilt_a_r0,aggressive,long,stock,20,20,2026,32,32,-0.477,-0.25,-14.723,-15.342,-0.554,-0.526,-2.439,-0.477,0.431,20.0,640,626,0.9781,0,622,0,0,4,0,8,4,0,2,0,0,0.556
tilt_a_r0,aggressive,long,stock,20,63,ALL,165,165,1.931,1.1,-18.403,-25.586,1.948,1.752,-3.166,1.927,0.46,20,3299,3139,0.9515,1,3129,0,0,10,0,153,0,0,7,0,1,0.538
tilt_a_r0,aggressive,long,stock,20,63,P1,91,91,1.727,1.25,-10.086,-11.989,1.749,1.672,-2.592,1.727,0.47,20,1820,1744,0.9582,0,1744,0,0,0,0,73,0,0,3,0,0,0.532
tilt_a_r0,aggressive,long,stock,20,63,P2,74,74,2.183,0.63,-23.218,-25.586,2.192,1.85,-3.871,2.173,0.447,20.0,1479,1395,0.9432,1,1385,0,0,10,0,80,0,0,4,0,1,0.547
tilt_a_r0,aggressive,long,stock,20,63,2023,40,40,0.424,0.19,-11.656,-11.989,0.296,0.436,-5.962,0.424,0.445,20.0,800,750,0.9375,0,750,0,0,0,0,48,0,0,2,0,0,0.537
tilt_a_r0,aggressive,long,stock,20,63,2024,51,51,2.749,2.54,-7.153,-7.658,2.888,2.641,0.051,2.749,0.489,20,1020,994,0.9745,0,994,0,0,0,0,25,0,0,1,0,0,0.529
tilt_a_r0,aggressive,long,stock,20,63,2025,50,50,4.09,1.02,-13.643,-14.206,4.235,3.726,-2.371,4.075,0.484,20.0,999,939,0.9399,1,935,0,0,4,0,58,0,0,2,0,1,0.55
tilt_a_r0,aggressive,long,stock,20,63,2026,24,24,-1.791,-0.29,-25.102,-25.586,-2.063,-2.058,-6.997,-1.791,0.37,20.0,480,456,0.95,0,450,0,0,6,0,22,0,0,2,0,0,0.543
tilt_a_r0,aggressive,mid,mixed,10,5,ALL,176,176,-0.106,-0.46,-7.307,-9.627,-0.106,-0.106,-0.444,-0.106,0.455,10.0,1760,1754,0.9966,0,1754,0,0,0,0,6,0,0,0,0,0,0.651
tilt_a_r0,aggressive,mid,mixed,10,5,P1,91,91,-0.151,-0.59,-4.94,-7.879,-0.151,-0.153,-0.376,-0.151,0.414,10,910,908,0.9978,0,908,0,0,0,0,2,0,0,0,0,0,0.629
tilt_a_r0,aggressive,mid,mixed,10,5,P2,85,85,-0.057,-0.14,-8.267,-9.627,-0.059,-0.055,-0.517,-0.057,0.499,10,850,846,0.9953,0,846,0,0,0,0,4,0,0,0,0,0,0.675
tilt_a_r0,aggressive,mid,mixed,10,5,2023,40,40,-0.27,-0.83,-4.489,-5.259,-0.26,-0.27,-0.523,-0.27,0.398,10.0,400,399,0.9975,0,399,0,0,0,0,1,0,0,0,0,0,0.597
tilt_a_r0,aggressive,mid,mixed,10,5,2024,51,51,-0.058,-0.15,-5.24,-7.879,-0.065,-0.062,-0.262,-0.058,0.427,10,510,509,0.998,0,509,0,0,0,0,1,0,0,0,0,0,0.652
tilt_a_r0,aggressive,mid,mixed,10,5,2025,50,50,0.09,0.19,-7.464,-9.627,0.086,0.093,-0.691,0.09,0.496,10.0,500,496,0.992,0,496,0,0,0,0,4,0,0,0,0,0,0.667
tilt_a_r0,aggressive,mid,mixed,10,5,2026,35,35,-0.267,-0.39,-8.455,-9.088,-0.267,-0.267,-0.267,-0.267,0.503,10,350,350,1.0,0,350,0,0,0,0,0,0,0,0,0,0,0.685
tilt_a_r0,aggressive,mid,mixed,10,20,ALL,173,173,-0.608,-1.03,-12.879,-14.343,-0.609,-0.587,-1.592,-0.608,0.427,10,1730,1713,0.9902,0,1711,0,0,2,0,15,2,0,0,0,0,0.649
tilt_a_r0,aggressive,mid,mixed,10,20,P1,91,91,-0.37,-0.5,-10.902,-14.343,-0.374,-0.366,-0.936,-0.37,0.442,10,910,905,0.9945,0,905,0,0,0,0,5,0,0,0,0,0,0.629
tilt_a_r0,aggressive,mid,mixed,10,20,P2,82,82,-0.872,-0.93,-13.274,-14.325,-0.869,-0.832,-2.32,-0.872,0.41,10.0,820,808,0.9854,0,806,0,0,2,0,10,2,0,0,0,0,0.673
tilt_a_r0,aggressive,mid,mixed,10,20,2023,40,40,-1.456,-1.85,-12.387,-14.343,-1.458,-1.465,-1.979,-1.456,0.466,10.0,400,398,0.995,0,398,0,0,0,0,2,0,0,0,0,0,0.597
tilt_a_r0,aggressive,mid,mixed,10,20,2024,51,51,0.482,0.43,-9.694,-11.404,0.476,0.496,-0.118,0.482,0.424,10,510,507,0.9941,0,507,0,0,0,0,3,0,0,0,0,0,0.652
tilt_a_r0,aggressive,mid,mixed,10,20,2025,50,50,-0.319,-0.28,-12.832,-14.203,-0.252,-0.249,-2.081,-0.319,0.413,10.0,500,491,0.982,0,491,0,0,0,0,9,0,0,0,0,0,0.667
tilt_a_r0,aggressive,mid,mixed,10,20,2026,32,32,-1.736,-1.12,-13.563,-14.325,-1.834,-1.743,-2.693,-1.736,0.406,10.0,320,317,0.9906,0,315,0,0,2,0,1,2,0,0,0,0,0.681
tilt_a_r0,aggressive,mid,mixed,10,63,ALL,165,165,-0.58,-0.37,-17.382,-24.213,-0.494,-0.633,-3.913,-0.58,0.395,10,1650,1599,0.9691,0,1594,0,0,5,0,51,0,0,0,0,0,0.648
tilt_a_r0,aggressive,mid,mixed,10,63,P1,91,91,-1.058,-1.04,-14.888,-24.213,-0.917,-1.062,-3.171,-1.058,0.387,10,910,892,0.9802,0,892,0,0,0,0,18,0,0,0,0,0,0.629
tilt_a_r0,aggressive,mid,mixed,10,63,P2,74,74,0.008,0.0,-19.42,-20.416,0.025,-0.105,-4.825,0.008,0.406,10.0,740,707,0.9554,0,702,0,0,5,0,33,0,0,0,0,0,0.671
tilt_a_r0,aggressive,mid,mixed,10,63,2023,40,40,-1.93,-1.37,-18.324,-24.213,-2.14,-2.007,-4.963,-1.93,0.431,10.0,400,389,0.9725,0,389,0,0,0,0,11,0,0,0,0,0,0.597
tilt_a_r0,aggressive,mid,mixed,10,63,2024,51,51,-0.374,-0.32,-11.69,-13.779,0.043,-0.321,-1.766,-0.374,0.351,10,510,503,0.9863,0,503,0,0,0,0,7,0,0,0,0,0,0.652
tilt_a_r0,aggressive,mid,mixed,10,63,2025,50,50,3.469,0.91,-14.6,-19.835,3.438,3.253,-2.218,3.469,0.481,10.0,500,474,0.948,0,473,0,0,1,0,26,0,0,0,0,0,0.667
tilt_a_r0,aggressive,mid,mixed,10,63,2026,24,24,-7.201,-3.49,-19.73,-20.416,-7.085,-7.1,-10.256,-7.201,0.249,10.0,240,233,0.9708,0,229,0,0,4,0,7,0,0,0,0,0,0.678
tilt_a_r0,aggressive,mid,mixed,20,5,ALL,176,176,-0.021,-0.12,-5.728,-8.126,-0.022,-0.023,-0.333,-0.021,0.474,20.0,3520,3504,0.9955,0,3504,0,0,0,0,11,0,0,5,0,0,0.606
tilt_a_r0,aggressive,mid,mixed,20,5,P1,91,91,-0.152,-0.82,-3.75,-5.901,-0.152,-0.155,-0.43,-0.152,0.443,20,1820,1812,0.9956,0,1812,0,0,0,0,5,0,0,3,0,0,0.603
tilt_a_r0,aggressive,mid,mixed,20,5,P2,85,85,0.12,0.38,-6.57,-8.126,0.118,0.119,-0.23,0.12,0.507,20,1700,1692,0.9953,0,1692,0,0,0,0,6,0,0,2,0,0,0.611
tilt_a_r0,aggressive,mid,mixed,20,5,2023,40,40,-0.259,-1.04,-3.453,-3.846,-0.255,-0.261,-0.637,-0.259,0.442,20.0,800,795,0.9938,0,795,0,0,0,0,3,0,0,2,0,0,0.564
tilt_a_r0,aggressive,mid,mixed,20,5,2024,51,51,-0.069,-0.26,-3.754,-5.901,-0.072,-0.071,-0.268,-0.069,0.445,20,1020,1017,0.9971,0,1017,0,0,0,0,2,0,0,1,0,0,0.632
tilt_a_r0,aggressive,mid,mixed,20,5,2025,50,50,0.251,0.71,-5.386,-7.55,0.247,0.255,-0.24,0.251,0.514,20.0,1000,994,0.994,0,994,0,0,0,0,5,0,0,1,0,0,0.59
tilt_a_r0,aggressive,mid,mixed,20,5,2026,35,35,-0.067,-0.12,-7.083,-8.126,-0.067,-0.076,-0.215,-0.067,0.496,20,700,698,0.9971,0,698,0,0,0,0,1,0,0,1,0,0,0.644
tilt_a_r0,aggressive,mid,mixed,20,20,ALL,173,173,-0.536,-1.06,-10.761,-16.4,-0.541,-0.529,-1.762,-0.536,0.431,20,3460,3413,0.9864,0,3410,0,0,3,0,39,3,0,5,0,0,0.606
tilt_a_r0,aggressive,mid,mixed,20,20,P1,91,91,-0.373,-0.65,-7.343,-9.193,-0.392,-0.374,-1.501,-0.373,0.437,20,1820,1797,0.9874,0,1797,0,0,0,0,20,0,0,3,0,0,0.603
tilt_a_r0,aggressive,mid,mixed,20,20,P2,82,82,-0.717,-0.84,-12.081,-16.4,-0.707,-0.701,-2.052,-0.717,0.424,20.0,1640,1616,0.9854,0,1613,0,0,3,0,19,3,0,2,0,0,0.61
tilt_a_r0,aggressive,mid,mixed,20,20,2023,40,40,-1.367,-2.71,-8.085,-9.193,-1.329,-1.342,-2.742,-1.367,0.454,20.0,800,787,0.9838,0,787,0,0,0,0,11,0,0,2,0,0,0.564
tilt_a_r0,aggressive,mid,mixed,20,20,2024,51,51,0.408,0.46,-6.818,-7.056,0.344,0.385,-0.528,0.408,0.424,20,1020,1010,0.9902,0,1010,0,0,0,0,9,0,0,1,0,0,0.632
tilt_a_r0,aggressive,mid,mixed,20,20,2025,50,50,-0.638,-0.66,-10.768,-10.904,-0.583,-0.603,-2.004,-0.638,0.42,20.0,1000,985,0.985,0,985,0,0,0,0,14,0,0,1,0,0,0.59
tilt_a_r0,aggressive,mid,mixed,20,20,2026,32,32,-0.841,-0.53,-14.051,-16.4,-0.9,-0.856,-2.128,-0.841,0.432,20.0,640,631,0.9859,0,628,0,0,3,0,5,3,0,1,0,0,0.644
tilt_a_r0,aggressive,mid,mixed,20,63,ALL,165,165,-0.209,-0.13,-16.613,-22.803,-0.117,-0.249,-3.849,-0.209,0.402,20,3300,3183,0.9645,0,3175,0,0,8,0,112,0,0,5,0,0,0.604
tilt_a_r0,aggressive,mid,mixed,20,63,P1,91,91,-0.81,-0.8,-11.911,-16.732,-0.734,-0.79,-4.011,-0.81,0.392,20,1820,1762,0.9681,0,1761,0,0,1,0,55,0,0,3,0,0,0.603
tilt_a_r0,aggressive,mid,mixed,20,63,P2,74,74,0.529,0.16,-19.41,-22.803,0.642,0.417,-3.65,0.529,0.415,20.0,1480,1421,0.9601,0,1414,0,0,7,0,57,0,0,2,0,0,0.608
tilt_a_r0,aggressive,mid,mixed,20,63,2023,40,40,-1.494,-1.03,-13.765,-16.732,-1.55,-1.429,-6.105,-1.494,0.436,20.0,800,763,0.9537,0,763,0,0,0,0,35,0,0,2,0,0,0.564
tilt_a_r0,aggressive,mid,mixed,20,63,2024,51,51,-0.274,-0.25,-9.969,-11.717,-0.095,-0.289,-2.367,-0.274,0.358,20,1020,999,0.9794,0,998,0,0,1,0,20,0,0,1,0,0,0.632
tilt_a_r0,aggressive,mid,mixed,20,63,2025,50,50,3.228,0.77,-16.504,-21.045,3.384,3.04,-1.262,3.228,0.484,20.0,1000,958,0.958,0,956,0,0,2,0,41,0,0,1,0,0,0.59
tilt_a_r0,aggressive,mid,mixed,20,63,2026,24,24,-5.093,-1.67,-19.965,-22.803,-5.07,-5.048,-8.625,-5.093,0.271,20.0,480,463,0.9646,0,458,0,0,5,0,16,0,0,1,0,0,0.648
tilt_a_r0,aggressive,mid,stock,10,5,ALL,176,176,0.046,0.18,-8.28,-12.973,0.036,0.039,-0.47,0.046,0.475,10.0,1760,1749,0.9938,0,1749,0,0,0,0,9,0,0,2,0,0,0.58
tilt_a_r0,aggressive,mid,stock,10,5,P1,91,91,0.026,0.09,-5.11,-7.486,0.021,0.021,-0.311,0.026,0.468,10,910,906,0.9956,0,906,0,0,0,0,3,0,0,1,0,0,0.568
tilt_a_r0,aggressive,mid,stock,10,5,P2,85,85,0.067,0.15,-9.553,-12.973,0.052,0.059,-0.639,0.067,0.482,10,850,843,0.9918,0,843,0,0,0,0,6,0,0,1,0,0,0.593
tilt_a_r0,aggressive,mid,stock,10,5,2023,40,40,-0.118,-0.33,-4.801,-4.869,-0.121,-0.124,-0.626,-0.118,0.454,10.0,400,397,0.9925,0,397,0,0,0,0,2,0,0,1,0,0,0.556
tilt_a_r0,aggressive,mid,stock,10,5,2024,51,51,0.139,0.34,-5.315,-7.486,0.132,0.135,-0.065,0.139,0.48,10,510,509,0.998,0,509,0,0,0,0,1,0,0,0,0,0,0.576
tilt_a_r0,aggressive,mid,stock,10,5,2025,50,50,0.327,0.68,-6.814,-7.219,0.304,0.325,-0.666,0.327,0.497,10.0,500,494,0.988,0,494,0,0,0,0,5,0,0,1,0,0,0.578
tilt_a_r0,aggressive,mid,stock,10,5,2026,35,35,-0.304,-0.36,-11.159,-12.973,-0.308,-0.322,-0.6,-0.304,0.46,10,350,349,0.9971,0,349,0,0,0,0,1,0,0,0,0,0,0.612
tilt_a_r0,aggressive,mid,stock,10,20,ALL,173,173,-0.016,-0.02,-14.209,-16.886,-0.012,0.006,-1.989,-0.016,0.469,10,1730,1694,0.9792,0,1691,0,0,3,0,31,3,0,2,0,0,0.581
tilt_a_r0,aggressive,mid,stock,10,20,P1,91,91,0.688,0.84,-8.84,-9.374,0.666,0.677,-0.556,0.688,0.507,10,910,898,0.9868,0,898,0,0,0,0,11,0,0,1,0,0,0.568
tilt_a_r0,aggressive,mid,stock,10,20,P2,82,82,-0.798,-0.69,-14.98,-16.886,-0.766,-0.739,-3.58,-0.798,0.428,10.0,820,796,0.9707,0,793,0,0,3,0,20,3,0,1,0,0,0.595
tilt_a_r0,aggressive,mid,stock,10,20,2023,40,40,-0.561,-1.01,-7.736,-9.374,-0.54,-0.571,-2.087,-0.561,0.484,10.0,400,393,0.9825,0,393,0,0,0,0,6,0,0,1,0,0,0.556
tilt_a_r0,aggressive,mid,stock,10,20,2024,51,51,1.668,1.26,-9.012,-9.359,1.612,1.657,0.645,1.668,0.525,10,510,505,0.9902,0,505,0,0,0,0,5,0,0,0,0,0,0.576
tilt_a_r0,aggressive,mid,stock,10,20,2025,50,50,-0.647,-0.48,-13.885,-14.376,-0.484,-0.513,-3.33,-0.647,0.429,10.0,500,485,0.97,0,485,0,0,0,0,14,0,0,1,0,0,0.578
tilt_a_r0,aggressive,mid,stock,10,20,2026,32,32,-1.036,-0.5,-16.318,-16.886,-1.205,-1.092,-3.971,-1.036,0.425,10.0,320,311,0.9719,0,308,0,0,3,0,6,3,0,0,0,0,0.619
tilt_a_r0,aggressive,mid,stock,10,63,ALL,165,165,1.088,0.58,-22.035,-29.365,1.17,0.934,-4.216,1.088,0.444,10,1650,1568,0.9503,0,1562,0,0,6,0,80,0,0,2,0,0,0.576
tilt_a_r0,aggressive,mid,stock,10,63,P1,91,91,1.604,1.32,-11.908,-15.761,1.647,1.485,-2.123,1.604,0.461,10,910,878,0.9648,0,878,0,0,0,0,31,0,0,1,0,0,0.568
tilt_a_r0,aggressive,mid,stock,10,63,P2,74,74,0.452,0.12,-25.402,-29.365,0.583,0.256,-6.79,0.452,0.423,10.0,740,690,0.9324,0,684,0,0,6,0,49,0,0,1,0,0,0.586
tilt_a_r0,aggressive,mid,stock,10,63,2023,40,40,0.83,0.45,-10.161,-10.362,0.479,0.61,-4.692,0.83,0.462,10.0,400,379,0.9475,0,379,0,0,0,0,20,0,0,1,0,0,0.556
tilt_a_r0,aggressive,mid,stock,10,63,2024,51,51,2.211,1.69,-13.074,-15.761,2.563,2.172,-0.109,2.211,0.461,10,510,499,0.9784,0,499,0,0,0,0,11,0,0,0,0,0,0.576
tilt_a_r0,aggressive,mid,stock,10,63,2025,50,50,3.138,0.65,-20.067,-23.615,3.388,2.853,-4.554,3.138,0.464,10.0,500,464,0.928,0,463,0,0,1,0,35,0,0,1,0,0,0.578
tilt_a_r0,aggressive,mid,stock,10,63,2026,24,24,-5.142,-0.95,-27.898,-29.365,-5.26,-5.155,-11.448,-5.142,0.339,10.0,240,226,0.9417,0,221,0,0,5,0,14,0,0,0,0,0,0.6
tilt_a_r0,aggressive,mid,stock,20,5,ALL,176,176,0.046,0.22,-6.457,-7.989,0.041,0.043,-0.384,0.046,0.486,20.0,3520,3498,0.9938,0,3497,0,0,1,0,13,2,0,7,0,0,0.552
tilt_a_r0,aggressive,mid,stock,20,5,P1,91,91,-0.093,-0.45,-3.753,-5.14,-0.093,-0.095,-0.428,-0.093,0.471,20,1820,1811,0.9951,0,1811,0,0,0,0,6,0,0,3,0,0,0.547
tilt_a_r0,aggressive,mid,stock,20,5,P2,85,85,0.196,0.53,-7.413,-7.989,0.185,0.19,-0.338,0.196,0.503,20,1700,1687,0.9924,0,1686,0,0,1,0,7,2,0,4,0,0,0.559
tilt_a_r0,aggressive,mid,stock,20,5,2023,40,40,-0.35,-1.34,-3.639,-4.315,-0.346,-0.35,-0.856,-0.35,0.449,20.0,800,794,0.9925,0,794,0,0,0,0,4,0,0,2,0,0,0.526
tilt_a_r0,aggressive,mid,stock,20,5,2024,51,51,0.108,0.36,-3.83,-5.14,0.105,0.105,-0.091,0.108,0.487,20,1020,1017,0.9971,0,1017,0,0,0,0,2,0,0,1,0,0,0.562
tilt_a_r0,aggressive,mid,stock,20,5,2025,50,50,0.18,0.45,-6.286,-7.989,0.17,0.177,-0.318,0.18,0.504,20.0,1000,993,0.993,0,993,0,0,0,0,5,0,0,2,0,0,0.55
tilt_a_r0,aggressive,mid,stock,20,5,2026,35,35,0.219,0.31,-7.752,-7.926,0.207,0.208,-0.366,0.219,0.503,20,700,694,0.9914,0,693,0,0,1,0,2,2,0,2,0,0,0.578
tilt_a_r0,aggressive,mid,stock,20,20,ALL,173,173,-0.063,-0.1,-12.007,-14.219,-0.088,-0.063,-1.776,-0.063,0.462,20,3460,3395,0.9812,0,3391,0,0,4,0,54,4,0,7,0,0,0.551
tilt_a_r0,aggressive,mid,stock,20,20,P1,91,91,0.161,0.25,-6.591,-6.841,0.129,0.153,-1.324,0.161,0.486,20,1820,1791,0.9841,0,1791,0,0,0,0,26,0,0,3,0,0,0.547
tilt_a_r0,aggressive,mid,stock,20,20,P2,82,82,-0.311,-0.3,-13.551,-14.219,-0.329,-0.304,-2.278,-0.311,0.436,20.0,1640,1604,0.978,0,1600,0,0,4,0,28,4,0,4,0,0,0.557
tilt_a_r0,aggressive,mid,stock,20,20,2023,40,40,-1.227,-3.13,-6.49,-6.841,-1.193,-1.195,-3.258,-1.227,0.44,20.0,800,782,0.9775,0,782,0,0,0,0,16,0,0,2,0,0,0.526
tilt_a_r0,aggressive,mid,stock,20,20,2024,51,51,1.25,1.23,-6.659,-6.815,1.166,1.211,0.193,1.25,0.522,20,1020,1009,0.9892,0,1009,0,0,0,0,10,0,0,1,0,0,0.562
tilt_a_r0,aggressive,mid,stock,20,20,2025,50,50,-0.186,-0.15,-12.406,-13.037,-0.15,-0.156,-2.053,-0.186,0.442,20.0,1000,979,0.979,0,979,0,0,0,0,19,0,0,2,0,0,0.55
tilt_a_r0,aggressive,mid,stock,20,20,2026,32,32,-0.506,-0.28,-14.155,-14.219,-0.608,-0.536,-2.631,-0.506,0.428,20.0,640,625,0.9766,0,621,0,0,4,0,9,4,0,2,0,0,0.574
tilt_a_r0,aggressive,mid,stock,20,63,ALL,165,165,0.977,0.55,-17.391,-23.282,0.988,0.881,-3.967,0.977,0.447,20,3300,3143,0.9524,0,3134,0,0,9,0,150,0,0,7,0,0,0.548
tilt_a_r0,aggressive,mid,stock,20,63,P1,91,91,1.046,0.82,-9.786,-12.03,1.036,0.997,-2.997,1.046,0.46,20,1820,1749,0.961,0,1749,0,0,0,0,68,0,0,3,0,0,0.547
tilt_a_r0,aggressive,mid,stock,20,63,P2,74,74,0.893,0.25,-21.444,-23.282,0.93,0.738,-5.16,0.893,0.431,20.0,1480,1394,0.9419,0,1385,0,0,9,0,82,0,0,4,0,0,0.55
tilt_a_r0,aggressive,mid,stock,20,63,2023,40,40,-0.233,-0.1,-11.543,-12.03,-0.345,-0.228,-6.134,-0.233,0.436,20.0,800,754,0.9425,0,754,0,0,0,0,44,0,0,2,0,0,0.526
tilt_a_r0,aggressive,mid,stock,20,63,2024,51,51,2.048,2.47,-7.672,-8.438,2.119,1.959,-0.537,2.048,0.478,20,1020,995,0.9755,0,995,0,0,0,0,24,0,0,1,0,0,0.562
tilt_a_r0,aggressive,mid,stock,20,63,2025,50,50,2.852,0.63,-14.339,-14.712,2.98,2.687,-3.45,2.852,0.466,20.0,1000,940,0.94,0,937,0,0,3,0,58,0,0,2,0,0,0.55
tilt_a_r0,aggressive,mid,stock,20,63,2026,24,24,-3.188,-0.62,-22.198,-23.282,-3.341,-3.323,-8.724,-3.188,0.359,20.0,480,454,0.9458,0,448,0,0,6,0,24,0,0,2,0,0,0.559
tilt_a_r0,aggressive,short,mixed,10,5,ALL,176,176,0.026,0.12,-6.267,-10.149,0.02,0.022,-0.203,0.026,0.466,10.0,1760,1756,0.9977,0,1756,0,0,0,0,3,1,0,0,0,0,0.662
tilt_a_r0,aggressive,short,mixed,10,5,P1,91,91,-0.049,-0.19,-4.449,-5.215,-0.052,-0.05,-0.162,-0.049,0.426,10,910,909,0.9989,0,909,0,0,0,0,1,0,0,0,0,0,0.658
tilt_a_r0,aggressive,short,mixed,10,5,P2,85,85,0.106,0.3,-7.568,-10.149,0.097,0.099,-0.246,0.106,0.509,10,850,847,0.9965,0,847,0,0,0,0,2,1,0,0,0,0,0.669
tilt_a_r0,aggressive,short,mixed,10,5,2023,40,40,-0.006,-0.02,-4.779,-5.215,-0.006,-0.006,-0.006,-0.006,0.412,10.0,400,400,1.0,0,400,0,0,0,0,0,0,0,0,0,0,0.61
tilt_a_r0,aggressive,short,mixed,10,5,2024,51,51,-0.082,-0.21,-4.23,-5.136,-0.088,-0.085,-0.284,-0.082,0.437,10,510,509,0.998,0,509,0,0,0,0,1,0,0,0,0,0,0.696
tilt_a_r0,aggressive,short,mixed,10,5,2025,50,50,0.037,0.09,-7.234,-9.119,0.024,0.03,-0.358,0.037,0.514,10.0,500,498,0.996,0,498,0,0,0,0,2,0,0,0,0,0,0.657
tilt_a_r0,aggressive,short,mixed,10,5,2026,35,35,0.205,0.33,-7.824,-10.149,0.202,0.197,-0.086,0.205,0.502,10,350,349,0.9971,0,349,0,0,0,0,0,1,0,0,0,0,0.688
tilt_a_r0,aggressive,short,mixed,10,20,ALL,173,173,-0.612,-1.06,-12.472,-14.869,-0.602,-0.59,-1.413,-0.612,0.436,10,1730,1716,0.9919,0,1715,0,0,1,0,13,1,0,0,0,0,0.662
tilt_a_r0,aggressive,short,mixed,10,20,P1,91,91,-0.472,-0.64,-10.183,-12.006,-0.445,-0.445,-0.892,-0.472,0.439,10,910,906,0.9956,0,906,0,0,0,0,4,0,0,0,0,0,0.658
tilt_a_r0,aggressive,short,mixed,10,20,P2,82,82,-0.767,-0.86,-13.462,-14.869,-0.777,-0.751,-1.991,-0.767,0.433,10.0,820,810,0.9878,0,809,0,0,1,0,9,1,0,0,0,0,0.668
tilt_a_r0,aggressive,short,mixed,10,20,2023,40,40,-1.102,-1.44,-9.815,-12.006,-1.094,-1.095,-1.598,-1.102,0.453,10.0,400,398,0.995,0,398,0,0,0,0,2,0,0,0,0,0,0.61
tilt_a_r0,aggressive,short,mixed,10,20,2024,51,51,0.023,0.02,-10.252,-10.806,0.064,0.065,-0.339,0.023,0.428,10,510,508,0.9961,0,508,0,0,0,0,2,0,0,0,0,0,0.696
tilt_a_r0,aggressive,short,mixed,10,20,2025,50,50,-0.504,-0.43,-13.184,-14.869,-0.475,-0.478,-1.877,-0.504,0.439,10.0,500,493,0.986,0,493,0,0,0,0,7,0,0,0,0,0,0.657
tilt_a_r0,aggressive,short,mixed,10,20,2026,32,32,-1.177,-0.89,-13.879,-14.078,-1.248,-1.177,-2.168,-1.177,0.423,10.0,320,317,0.9906,0,316,0,0,1,0,2,1,0,0,0,0,0.687
tilt_a_r0,aggressive,short,mixed,10,63,ALL,165,165,-1.351,-0.72,-20.131,-31.593,-1.248,-1.321,-4.353,-1.351,0.388,10,1650,1603,0.9715,0,1599,0,0,4,0,47,0,0,0,0,0,0.659
tilt_a_r0,aggressive,short,mixed,10,63,P1,91,91,-1.568,-1.67,-15.15,-16.495,-1.527,-1.575,-3.812,-1.568,0.375,10,910,891,0.9791,0,891,0,0,0,0,19,0,0,0,0,0,0.658
tilt_a_r0,aggressive,short,mixed,10,63,P2,74,74,-1.084,-0.27,-23.212,-31.593,-0.905,-1.01,-5.019,-1.084,0.403,10.0,740,712,0.9622,0,708,0,0,4,0,28,0,0,0,0,0,0.663
tilt_a_r0,aggressive,short,mixed,10,63,2023,40,40,-2.184,-2.19,-15.046,-15.66,-2.465,-2.245,-5.507,-2.184,0.403,10.0,400,388,0.97,0,388,0,0,0,0,12,0,0,0,0,0,0.61
tilt_a_r0,aggressive,short,mixed,10,63,2024,51,51,-1.084,-0.77,-15.22,-16.495,-0.79,-1.049,-2.483,-1.084,0.353,10,510,503,0.9863,0,503,0,0,0,0,7,0,0,0,0,0,0.696
tilt_a_r0,aggressive,short,mixed,10,63,2025,50,50,2.771,0.56,-18.633,-19.878,2.965,2.777,-1.87,2.771,0.468,10.0,500,478,0.956,0,477,0,0,1,0,22,0,0,0,0,0,0.657
tilt_a_r0,aggressive,short,mixed,10,63,2026,24,24,-9.116,-4.19,-26.977,-31.593,-8.967,-8.899,-11.579,-9.116,0.266,10.0,240,234,0.975,0,231,0,0,3,0,6,0,0,0,0,0,0.678
tilt_a_r0,aggressive,short,mixed,20,5,ALL,176,176,-0.086,-0.46,-5.852,-8.649,-0.087,-0.088,-0.345,-0.086,0.469,20.0,3520,3507,0.9963,0,3507,0,0,0,0,8,1,0,4,0,0,0.613
tilt_a_r0,aggressive,short,mixed,20,5,P1,91,91,-0.134,-0.64,-3.661,-4.516,-0.133,-0.134,-0.303,-0.134,0.439,20,1820,1815,0.9973,0,1815,0,0,0,0,3,0,0,2,0,0,0.608
tilt_a_r0,aggressive,short,mixed,20,5,P2,85,85,-0.035,-0.11,-6.855,-8.649,-0.037,-0.039,-0.39,-0.035,0.502,20,1700,1692,0.9953,0,1692,0,0,0,0,5,1,0,2,0,0,0.618
tilt_a_r0,aggressive,short,mixed,20,5,2023,40,40,-0.236,-0.92,-3.863,-4.516,-0.232,-0.233,-0.491,-0.236,0.437,20.0,800,797,0.9962,0,797,0,0,0,0,2,0,0,1,0,0,0.574
tilt_a_r0,aggressive,short,mixed,20,5,2024,51,51,-0.054,-0.17,-3.448,-3.922,-0.055,-0.057,-0.156,-0.054,0.441,20,1020,1018,0.998,0,1018,0,0,0,0,1,0,0,1,0,0,0.632
tilt_a_r0,aggressive,short,mixed,20,5,2025,50,50,0.097,0.25,-6.292,-8.649,0.093,0.094,-0.301,0.097,0.506,20.0,1000,995,0.995,0,995,0,0,0,0,4,0,0,1,0,0,0.592
tilt_a_r0,aggressive,short,mixed,20,5,2026,35,35,-0.223,-0.41,-6.547,-6.671,-0.224,-0.229,-0.517,-0.223,0.496,20,700,697,0.9957,0,697,0,0,0,0,1,1,0,1,0,0,0.657
tilt_a_r0,aggressive,short,mixed,20,20,ALL,173,173,-0.694,-1.38,-11.71,-13.599,-0.701,-0.676,-1.653,-0.694,0.433,20,3460,3423,0.9893,0,3421,0,0,2,0,32,1,0,4,0,0,0.61
tilt_a_r0,aggressive,short,mixed,20,20,P1,91,91,-0.476,-0.85,-7.748,-8.686,-0.48,-0.467,-1.201,-0.476,0.441,20,1820,1805,0.9918,0,1805,0,0,0,0,13,0,0,2,0,0,0.608
tilt_a_r0,aggressive,short,mixed,20,20,P2,82,82,-0.936,-1.09,-12.686,-13.599,-0.947,-0.909,-2.155,-0.936,0.425,20.0,1640,1618,0.9866,0,1616,0,0,2,0,19,1,0,2,0,0,0.613
tilt_a_r0,aggressive,short,mixed,20,20,2023,40,40,-1.284,-2.1,-8.471,-8.686,-1.261,-1.262,-2.158,-1.284,0.452,20.0,800,792,0.99,0,792,0,0,0,0,7,0,0,1,0,0,0.574
tilt_a_r0,aggressive,short,mixed,20,20,2024,51,51,0.158,0.19,-7.094,-7.767,0.133,0.157,-0.449,0.158,0.433,20,1020,1013,0.9931,0,1013,0,0,0,0,6,0,0,1,0,0,0.632
tilt_a_r0,aggressive,short,mixed,20,20,2025,50,50,-0.331,-0.29,-12.823,-13.599,-0.305,-0.3,-1.814,-0.331,0.433,20.0,1000,984,0.984,0,984,0,0,0,0,15,0,0,1,0,0,0.592
tilt_a_r0,aggressive,short,mixed,20,20,2026,32,32,-1.882,-1.56,-12.301,-12.785,-1.951,-1.861,-2.688,-1.882,0.412,20.0,640,634,0.9906,0,632,0,0,2,0,4,1,0,1,0,0,0.648
tilt_a_r0,aggressive,short,mixed,20,63,ALL,165,165,-0.859,-0.5,-16.776,-26.772,-0.774,-0.809,-3.961,-0.859,0.397,20,3300,3199,0.9694,0,3191,0,0,8,0,97,0,0,4,0,0,0.608
tilt_a_r0,aggressive,short,mixed,20,63,P1,91,91,-1.158,-1.48,-10.559,-11.922,-1.126,-1.138,-3.811,-1.158,0.387,20,1820,1773,0.9742,0,1770,0,0,3,0,45,0,0,2,0,0,0.608
tilt_a_r0,aggressive,short,mixed,20,63,P2,74,74,-0.491,-0.13,-19.565,-26.772,-0.34,-0.403,-4.144,-0.491,0.409,20.0,1480,1426,0.9635,0,1421,0,0,5,0,52,0,0,2,0,0,0.609
tilt_a_r0,aggressive,short,mixed,20,63,2023,40,40,-1.928,-2.17,-10.929,-11.922,-2.087,-1.897,-6.003,-1.928,0.406,20.0,800,769,0.9613,0,769,0,0,0,0,30,0,0,1,0,0,0.574
tilt_a_r0,aggressive,short,mixed,20,63,2024,51,51,-0.555,-0.54,-10.159,-11.694,-0.373,-0.544,-2.092,-0.555,0.372,20,1020,1004,0.9843,0,1001,0,0,3,0,15,0,0,1,0,0,0.632
tilt_a_r0,aggressive,short,mixed,20,63,2025,50,50,2.83,0.61,-16.703,-17.298,2.979,2.888,-1.478,2.83,0.476,20.0,1000,958,0.958,0,957,0,0,1,0,41,0,0,1,0,0,0.592
tilt_a_r0,aggressive,short,mixed,20,63,2026,24,24,-7.41,-3.84,-22.039,-26.772,-7.256,-7.261,-9.7,-7.41,0.268,20.0,480,468,0.975,0,464,0,0,4,0,11,0,0,1,0,0,0.648
tilt_a_r0,aggressive,short,stock,10,5,ALL,176,176,0.023,0.1,-6.551,-10.149,0.02,0.019,-0.322,0.023,0.483,10.0,1760,1752,0.9955,0,1752,0,0,0,0,5,1,0,2,0,0,0.623
tilt_a_r0,aggressive,short,stock,10,5,P1,91,91,0.025,0.1,-4.604,-5.908,0.028,0.025,-0.313,0.025,0.467,10,910,906,0.9956,0,906,0,0,0,0,3,0,0,1,0,0,0.626
tilt_a_r0,aggressive,short,stock,10,5,P2,85,85,0.02,0.05,-7.685,-10.149,0.012,0.013,-0.332,0.02,0.499,10,850,846,0.9953,0,846,0,0,0,0,2,1,0,1,0,0,0.621
tilt_a_r0,aggressive,short,stock,10,5,2023,40,40,0.077,0.25,-4.663,-4.752,0.085,0.081,-0.435,0.077,0.469,10.0,400,398,0.995,0,398,0,0,0,0,2,0,0,0,0,0,0.597
tilt_a_r0,aggressive,short,stock,10,5,2024,51,51,-0.016,-0.04,-4.565,-5.908,-0.016,-0.019,-0.218,-0.016,0.465,10,510,508,0.9961,0,508,0,0,0,0,1,0,0,1,0,0,0.646
tilt_a_r0,aggressive,short,stock,10,5,2025,50,50,0.188,0.43,-7.5,-9.119,0.177,0.182,-0.206,0.188,0.526,10.0,500,497,0.994,0,497,0,0,0,0,2,0,0,1,0,0,0.61
tilt_a_r0,aggressive,short,stock,10,5,2026,35,35,-0.221,-0.36,-7.963,-10.149,-0.223,-0.229,-0.511,-0.221,0.462,10,350,349,0.9971,0,349,0,0,0,0,0,1,0,0,0,0,0.644
tilt_a_r0,aggressive,short,stock,10,20,ALL,173,173,-0.413,-0.67,-13.525,-16.827,-0.405,-0.38,-1.787,-0.413,0.461,10,1730,1704,0.985,0,1703,0,0,1,0,23,1,0,2,0,0,0.623
tilt_a_r0,aggressive,short,stock,10,20,P1,91,91,0.048,0.07,-10.054,-10.94,0.046,0.071,-0.95,0.048,0.479,10,910,900,0.989,0,900,0,0,0,0,9,0,0,1,0,0,0.626
tilt_a_r0,aggressive,short,stock,10,20,P2,82,82,-0.925,-0.93,-15.108,-16.827,-0.906,-0.88,-2.715,-0.925,0.442,10.0,820,804,0.9805,0,803,0,0,1,0,14,1,0,1,0,0,0.621
tilt_a_r0,aggressive,short,stock,10,20,2023,40,40,-0.531,-0.71,-8.69,-10.63,-0.51,-0.515,-1.547,-0.531,0.465,10.0,400,396,0.99,0,396,0,0,0,0,4,0,0,0,0,0,0.597
tilt_a_r0,aggressive,short,stock,10,20,2024,51,51,0.503,0.43,-10.496,-10.94,0.482,0.53,-0.482,0.503,0.49,10,510,504,0.9882,0,504,0,0,0,0,5,0,0,1,0,0,0.646
tilt_a_r0,aggressive,short,stock,10,20,2025,50,50,-0.759,-0.56,-14.575,-16.827,-0.698,-0.701,-3.076,-0.759,0.442,10.0,500,487,0.974,0,487,0,0,0,0,12,0,0,1,0,0,0.61
tilt_a_r0,aggressive,short,stock,10,20,2026,32,32,-1.185,-0.83,-15.343,-16.599,-1.231,-1.16,-2.151,-1.185,0.442,10.0,320,317,0.9906,0,316,0,0,1,0,2,1,0,0,0,0,0.645
tilt_a_r0,aggressive,short,stock,10,63,ALL,165,165,-0.788,-0.43,-19.433,-23.883,-0.671,-0.745,-5.083,-0.788,0.408,10,1650,1581,0.9582,0,1576,0,0,5,0,67,0,0,2,0,0,0.62
tilt_a_r0,aggressive,short,stock,10,63,P1,91,91,-0.325,-0.37,-15.23,-17.671,-0.351,-0.364,-3.681,-0.325,0.411,10,910,881,0.9681,0,880,0,0,1,0,28,0,0,1,0,0,0.626
tilt_a_r0,aggressive,short,stock,10,63,P2,74,74,-1.358,-0.35,-20.799,-23.883,-1.064,-1.213,-6.807,-1.358,0.405,10.0,740,700,0.9459,0,696,0,0,4,0,39,0,0,1,0,0,0.614
tilt_a_r0,aggressive,short,stock,10,63,2023,40,40,-1.239,-1.43,-13.603,-14.431,-1.541,-1.303,-5.682,-1.239,0.401,10.0,400,384,0.96,0,384,0,0,0,0,16,0,0,0,0,0,0.597
tilt_a_r0,aggressive,short,stock,10,63,2024,51,51,0.392,0.31,-16.035,-17.671,0.582,0.372,-2.112,0.392,0.419,10,510,497,0.9745,0,496,0,0,1,0,12,0,0,1,0,0,0.646
tilt_a_r0,aggressive,short,stock,10,63,2025,50,50,1.701,0.33,-19.315,-19.878,2.019,1.8,-4.782,1.701,0.445,10.0,500,468,0.936,0,467,0,0,1,0,31,0,0,1,0,0,0.61
tilt_a_r0,aggressive,short,stock,10,63,2026,24,24,-7.732,-3.07,-21.862,-23.883,-7.488,-7.49,-11.025,-7.732,0.321,10.0,240,232,0.9667,0,229,0,0,3,0,8,0,0,0,0,0,0.63
tilt_a_r0,aggressive,short,stock,20,5,ALL,176,176,-0.041,-0.21,-6.059,-8.649,-0.042,-0.043,-0.357,-0.041,0.479,20.0,3520,3505,0.9957,0,3505,0,0,0,0,10,1,0,4,0,0,0.575
tilt_a_r0,aggressive,short,stock,20,5,P1,91,91,-0.042,-0.19,-3.599,-4.464,-0.04,-0.041,-0.321,-0.042,0.463,20,1820,1813,0.9962,0,1813,0,0,0,0,5,0,0,2,0,0,0.576
tilt_a_r0,aggressive,short,stock,20,5,P2,85,85,-0.04,-0.12,-6.887,-8.649,-0.044,-0.045,-0.396,-0.04,0.496,20,1700,1692,0.9953,0,1692,0,0,0,0,5,1,0,2,0,0,0.575
tilt_a_r0,aggressive,short,stock,20,5,2023,40,40,-0.141,-0.53,-3.893,-4.464,-0.14,-0.14,-0.525,-0.141,0.467,20.0,800,796,0.995,0,796,0,0,0,0,3,0,0,1,0,0,0.553
tilt_a_r0,aggressive,short,stock,20,5,2024,51,51,0.035,0.11,-3.275,-3.886,0.038,0.037,-0.161,0.035,0.46,20,1020,1017,0.9971,0,1017,0,0,0,0,2,0,0,1,0,0,0.592
tilt_a_r0,aggressive,short,stock,20,5,2025,50,50,0.185,0.47,-6.336,-8.649,0.182,0.183,-0.212,0.185,0.504,20.0,1000,995,0.995,0,995,0,0,0,0,4,0,0,1,0,0,0.557
tilt_a_r0,aggressive,short,stock,20,5,2026,35,35,-0.362,-0.62,-6.787,-6.938,-0.368,-0.371,-0.659,-0.362,0.486,20,700,697,0.9957,0,697,0,0,0,0,1,1,0,1,0,0,0.603
tilt_a_r0,aggressive,short,stock,20,20,ALL,173,173,-0.578,-1.06,-11.799,-14.202,-0.578,-0.555,-1.848,-0.578,0.447,20,3460,3412,0.9861,0,3409,0,0,3,0,43,1,0,4,0,0,0.574
tilt_a_r0,aggressive,short,stock,20,20,P1,91,91,-0.163,-0.28,-7.474,-8.853,-0.168,-0.155,-1.23,-0.163,0.462,20,1820,1799,0.9885,0,1799,0,0,0,0,19,0,0,2,0,0,0.576
tilt_a_r0,aggressive,short,stock,20,20,P2,82,82,-1.038,-1.11,-13.154,-14.202,-1.033,-0.999,-2.534,-1.038,0.43,20.0,1640,1613,0.9835,0,1610,0,0,3,0,24,1,0,2,0,0,0.571
tilt_a_r0,aggressive,short,stock,20,20,2023,40,40,-1.051,-1.97,-8.312,-8.853,-1.032,-1.03,-2.446,-1.051,0.441,20.0,800,788,0.985,0,788,0,0,0,0,11,0,0,1,0,0,0.553
tilt_a_r0,aggressive,short,stock,20,20,2024,51,51,0.534,0.59,-6.915,-7.232,0.51,0.532,-0.277,0.534,0.479,20,1020,1011,0.9912,0,1011,0,0,0,0,8,0,0,1,0,0,0.592
tilt_a_r0,aggressive,short,stock,20,20,2025,50,50,-0.251,-0.19,-13.543,-14.202,-0.19,-0.2,-2.083,-0.251,0.445,20.0,1000,980,0.98,0,980,0,0,0,0,19,0,0,1,0,0,0.557
tilt_a_r0,aggressive,short,stock,20,20,2026,32,32,-2.269,-1.95,-12.571,-13.333,-2.349,-2.248,-3.24,-2.269,0.406,20.0,640,633,0.9891,0,630,0,0,3,0,5,1,0,1,0,0,0.595
tilt_a_r0,aggressive,short,stock,20,63,ALL,165,165,-0.403,-0.23,-17.931,-21.454,-0.322,-0.389,-4.62,-0.403,0.418,20,3300,3166,0.9594,0,3158,0,0,8,0,130,0,0,4,0,0,0.572
tilt_a_r0,aggressive,short,stock,20,63,P1,91,91,-0.454,-0.5,-12.045,-13.729,-0.438,-0.467,-4.152,-0.454,0.418,20,1820,1756,0.9648,0,1754,0,0,2,0,62,0,0,2,0,0,0.576
tilt_a_r0,aggressive,short,stock,20,63,P2,74,74,-0.342,-0.09,-20.167,-21.454,-0.179,-0.292,-5.196,-0.342,0.419,20.0,1480,1410,0.9527,0,1404,0,0,6,0,68,0,0,2,0,0,0.566
tilt_a_r0,aggressive,short,stock,20,63,2023,40,40,-1.5,-1.11,-12.826,-13.729,-1.76,-1.531,-7.139,-1.5,0.401,20.0,800,758,0.9475,0,758,0,0,0,0,41,0,0,1,0,0,0.553
tilt_a_r0,aggressive,short,stock,20,63,2024,51,51,0.367,0.4,-11.525,-12.394,0.6,0.367,-1.809,0.367,0.431,20,1020,998,0.9784,0,996,0,0,2,0,21,0,0,1,0,0,0.592
tilt_a_r0,aggressive,short,stock,20,63,2025,50,50,3.073,0.67,-16.893,-17.569,3.245,3.055,-2.702,3.073,0.473,20.0,1000,945,0.945,0,944,0,0,1,0,54,0,0,1,0,0,0.557
tilt_a_r0,aggressive,short,stock,20,63,2026,24,24,-7.457,-2.76,-21.273,-21.454,-7.313,-7.264,-10.39,-7.457,0.306,20.0,480,465,0.9688,0,460,0,0,5,0,14,0,0,1,0,0,0.589
tilt_a_r0,balanced,long,mixed,10,5,ALL,176,176,-0.001,-0.0,-6.855,-11.432,-0.006,-0.003,-0.399,-0.001,0.463,10.0,1760,1752,0.9955,0,1752,0,0,0,0,7,0,0,1,0,0,0.658
tilt_a_r0,balanced,long,mixed,10,5,P1,91,91,-0.097,-0.41,-4.863,-7.121,-0.099,-0.1,-0.433,-0.097,0.438,10,910,907,0.9967,0,907,0,0,0,0,3,0,0,0,0,0,0.639
tilt_a_r0,balanced,long,mixed,10,5,P2,85,85,0.102,0.28,-7.844,-11.432,0.093,0.101,-0.363,0.102,0.49,10,850,845,0.9941,0,845,0,0,0,0,4,0,0,1,0,0,0.679
tilt_a_r0,balanced,long,mixed,10,5,2023,40,40,-0.375,-1.14,-5.41,-7.121,-0.368,-0.375,-0.877,-0.375,0.415,10.0,400,398,0.995,0,398,0,0,0,0,2,0,0,0,0,0,0.615
tilt_a_r0,balanced,long,mixed,10,5,2024,51,51,0.121,0.36,-4.498,-6.288,0.112,0.115,-0.084,0.121,0.456,10,510,509,0.998,0,509,0,0,0,0,1,0,0,0,0,0,0.654
tilt_a_r0,balanced,long,mixed,10,5,2025,50,50,0.022,0.05,-7.591,-11.432,0.006,0.021,-0.769,0.022,0.49,10.0,500,495,0.99,0,495,0,0,0,0,4,0,0,1,0,0,0.688
tilt_a_r0,balanced,long,mixed,10,5,2026,35,35,0.216,0.32,-7.777,-10.041,0.216,0.216,0.216,0.216,0.489,10,350,350,1.0,0,350,0,0,0,0,0,0,0,0,0,0,0.674
tilt_a_r0,balanced,long,mixed,10,20,ALL,173,173,-0.336,-0.57,-12.969,-17.14,-0.321,-0.307,-1.487,-0.336,0.43,10,1730,1709,0.9879,0,1707,0,0,2,0,17,3,0,1,0,0,0.657
tilt_a_r0,balanced,long,mixed,10,20,P1,91,91,0.058,0.08,-9.519,-11.178,0.067,0.073,-0.606,0.058,0.445,10,910,904,0.9934,0,904,0,0,0,0,6,0,0,0,0,0,0.639
tilt_a_r0,balanced,long,mixed,10,20,P2,82,82,-0.773,-0.78,-14.529,-17.14,-0.751,-0.729,-2.464,-0.773,0.414,10.0,820,805,0.9817,0,803,0,0,2,0,11,3,0,1,0,0,0.678
tilt_a_r0,balanced,long,mixed,10,20,2023,40,40,-0.635,-0.81,-10.477,-11.178,-0.626,-0.624,-1.652,-0.635,0.481,10.0,400,396,0.99,0,396,0,0,0,0,4,0,0,0,0,0,0.615
tilt_a_r0,balanced,long,mixed,10,20,2024,51,51,0.601,0.58,-8.88,-10.171,0.61,0.62,0.214,0.601,0.417,10,510,508,0.9961,0,508,0,0,0,0,2,0,0,0,0,0,0.654
tilt_a_r0,balanced,long,mixed,10,20,2025,50,50,-0.569,-0.46,-15.3,-17.14,-0.473,-0.495,-2.529,-0.569,0.419,10.0,500,489,0.978,0,489,0,0,0,0,10,0,0,1,0,0,0.688
tilt_a_r0,balanced,long,mixed,10,20,2026,32,32,-1.091,-0.68,-13.373,-13.42,-1.185,-1.095,-2.361,-1.091,0.407,10.0,320,316,0.9875,0,314,0,0,2,0,1,3,0,0,0,0,0.671
tilt_a_r0,balanced,long,mixed,10,63,ALL,165,165,-0.06,-0.04,-17.129,-20.323,0.199,-0.058,-3.865,-0.06,0.405,10,1650,1590,0.9636,0,1585,0,0,5,0,59,0,0,1,0,0,0.657
tilt_a_r0,balanced,long,mixed,10,63,P1,91,91,-0.322,-0.29,-14.285,-17.491,-0.164,-0.307,-3.343,-0.322,0.398,10,910,884,0.9714,0,884,0,0,0,0,26,0,0,0,0,0,0.639
tilt_a_r0,balanced,long,mixed,10,63,P2,74,74,0.263,0.09,-18.04,-20.323,0.646,0.249,-4.507,0.263,0.415,10.0,740,706,0.9541,0,701,0,0,5,0,33,0,0,1,0,0,0.681
tilt_a_r0,balanced,long,mixed,10,63,2023,40,40,-1.114,-0.96,-15.115,-17.491,-1.317,-1.119,-6.203,-1.114,0.454,10.0,400,381,0.9525,0,381,0,0,0,0,19,0,0,0,0,0,0.615
tilt_a_r0,balanced,long,mixed,10,63,2024,51,51,0.3,0.19,-13.673,-16.968,0.74,0.33,-1.1,0.3,0.354,10,510,503,0.9863,0,503,0,0,0,0,7,0,0,0,0,0,0.654
tilt_a_r0,balanced,long,mixed,10,63,2025,50,50,3.577,1.03,-16.644,-18.043,4.085,3.515,-2.23,3.577,0.487,10.0,500,472,0.944,0,471,0,0,1,0,27,0,0,1,0,0,0.688
tilt_a_r0,balanced,long,mixed,10,63,2026,24,24,-6.643,-3.32,-18.72,-20.323,-6.518,-6.555,-9.251,-6.643,0.264,10.0,240,234,0.975,0,230,0,0,4,0,6,0,0,0,0,0,0.678
tilt_a_r0,balanced,long,mixed,20,5,ALL,176,176,-0.035,-0.2,-5.808,-8.238,-0.036,-0.037,-0.377,-0.035,0.476,20.0,3520,3503,0.9952,0,3503,0,0,0,0,12,0,0,5,0,0,0.615
tilt_a_r0,balanced,long,mixed,20,5,P1,91,91,-0.181,-1.01,-3.842,-5.157,-0.181,-0.183,-0.459,-0.181,0.447,20,1820,1812,0.9956,0,1812,0,0,0,0,5,0,0,3,0,0,0.607
tilt_a_r0,balanced,long,mixed,20,5,P2,85,85,0.122,0.41,-7.004,-8.238,0.118,0.119,-0.29,0.122,0.508,20,1700,1691,0.9947,0,1691,0,0,0,0,7,0,0,2,0,0,0.623
tilt_a_r0,balanced,long,mixed,20,5,2023,40,40,-0.352,-1.45,-3.625,-3.726,-0.347,-0.354,-0.729,-0.352,0.44,20.0,800,795,0.9938,0,795,0,0,0,0,3,0,0,2,0,0,0.578
tilt_a_r0,balanced,long,mixed,20,5,2024,51,51,-0.047,-0.18,-3.87,-5.157,-0.05,-0.05,-0.247,-0.047,0.452,20,1020,1017,0.9971,0,1017,0,0,0,0,2,0,0,1,0,0,0.63
tilt_a_r0,balanced,long,mixed,20,5,2025,50,50,0.075,0.23,-5.811,-8.238,0.07,0.076,-0.42,0.075,0.508,20.0,1000,994,0.994,0,994,0,0,0,0,5,0,0,1,0,0,0.616
tilt_a_r0,balanced,long,mixed,20,5,2026,35,35,0.189,0.33,-7.347,-7.828,0.187,0.181,-0.105,0.189,0.507,20,700,697,0.9957,0,697,0,0,0,0,2,0,0,1,0,0,0.632
tilt_a_r0,balanced,long,mixed,20,20,ALL,173,173,-0.338,-0.7,-10.325,-13.433,-0.351,-0.336,-1.786,-0.338,0.434,20,3460,3406,0.9844,0,3404,0,0,2,0,46,3,0,5,0,0,0.613
tilt_a_r0,balanced,long,mixed,20,20,P1,91,91,-0.197,-0.33,-6.926,-8.638,-0.217,-0.202,-1.668,-0.197,0.432,20,1820,1791,0.9841,0,1791,0,0,0,0,26,0,0,3,0,0,0.607
tilt_a_r0,balanced,long,mixed,20,20,P2,82,82,-0.494,-0.63,-12.007,-13.433,-0.499,-0.484,-1.917,-0.494,0.437,20.0,1640,1615,0.9848,0,1613,0,0,2,0,20,3,0,2,0,0,0.619
tilt_a_r0,balanced,long,mixed,20,20,2023,40,40,-0.882,-1.89,-5.953,-6.411,-0.819,-0.842,-2.622,-0.882,0.456,20.0,800,784,0.98,0,784,0,0,0,0,14,0,0,2,0,0,0.578
tilt_a_r0,balanced,long,mixed,20,20,2024,51,51,0.341,0.36,-7.286,-8.638,0.256,0.3,-0.921,0.341,0.413,20,1020,1007,0.9873,0,1007,0,0,0,0,12,0,0,1,0,0,0.63
tilt_a_r0,balanced,long,mixed,20,20,2025,50,50,-0.536,-0.51,-12.348,-13.433,-0.504,-0.504,-1.925,-0.536,0.435,20.0,1000,985,0.985,0,985,0,0,0,0,14,0,0,1,0,0,0.616
tilt_a_r0,balanced,long,mixed,20,20,2026,32,32,-0.429,-0.36,-10.511,-12.742,-0.492,-0.453,-1.903,-0.429,0.439,20.0,640,630,0.9844,0,628,0,0,2,0,6,3,0,1,0,0,0.624
tilt_a_r0,balanced,long,mixed,20,63,ALL,165,165,0.084,0.06,-15.153,-17.364,0.178,0.047,-3.699,0.084,0.415,20,3300,3179,0.9633,0,3174,0,0,5,0,116,0,0,5,0,0,0.613
tilt_a_r0,balanced,long,mixed,20,63,P1,91,91,-0.108,-0.11,-9.211,-10.525,-0.036,-0.109,-3.69,-0.108,0.408,20,1820,1756,0.9648,0,1756,0,0,0,0,61,0,0,3,0,0,0.607
tilt_a_r0,balanced,long,mixed,20,63,P2,74,74,0.32,0.1,-16.838,-17.364,0.44,0.238,-3.71,0.32,0.422,20.0,1480,1423,0.9615,0,1418,0,0,5,0,55,0,0,2,0,0,0.621
tilt_a_r0,balanced,long,mixed,20,63,2023,40,40,-0.317,-0.22,-9.579,-9.744,-0.353,-0.25,-5.482,-0.317,0.46,20.0,800,759,0.9487,0,759,0,0,0,0,39,0,0,2,0,0,0.578
tilt_a_r0,balanced,long,mixed,20,63,2024,51,51,0.056,0.05,-8.966,-10.525,0.213,0.002,-2.284,0.056,0.368,20,1020,997,0.9775,0,997,0,0,0,0,22,0,0,1,0,0,0.63
tilt_a_r0,balanced,long,mixed,20,63,2025,50,50,3.357,0.9,-15.366,-16.995,3.497,3.193,-0.917,3.357,0.487,20.0,1000,960,0.96,0,959,0,0,1,0,39,0,0,1,0,0,0.616
tilt_a_r0,balanced,long,mixed,20,63,2026,24,24,-6.008,-2.79,-17.079,-17.364,-5.929,-5.918,-9.529,-6.008,0.287,20.0,480,463,0.9646,0,459,0,0,4,0,16,0,0,1,0,0,0.633
tilt_a_r0,balanced,long,stock,10,5,ALL,176,176,0.119,0.51,-7.503,-11.292,0.112,0.111,-0.455,0.119,0.482,10.0,1760,1747,0.9926,0,1747,0,0,0,0,10,0,0,3,0,0,0.585
tilt_a_r0,balanced,long,stock,10,5,P1,91,91,0.053,0.22,-4.516,-5.598,0.051,0.05,-0.392,0.053,0.474,10,910,905,0.9945,0,905,0,0,0,0,4,0,0,1,0,0,0.574
tilt_a_r0,balanced,long,stock,10,5,P2,85,85,0.188,0.46,-9.13,-11.292,0.178,0.176,-0.522,0.188,0.491,10,850,842,0.9906,0,842,0,0,0,0,6,0,0,2,0,0,0.596
tilt_a_r0,balanced,long,stock,10,5,2023,40,40,-0.221,-0.68,-4.686,-5.598,-0.214,-0.222,-0.973,-0.221,0.457,10.0,400,396,0.99,0,396,0,0,0,0,3,0,0,1,0,0,0.574
tilt_a_r0,balanced,long,stock,10,5,2024,51,51,0.268,0.8,-4.403,-5.206,0.26,0.263,0.064,0.268,0.488,10,510,509,0.998,0,509,0,0,0,0,1,0,0,0,0,0,0.574
tilt_a_r0,balanced,long,stock,10,5,2025,50,50,0.048,0.11,-8.402,-9.922,0.025,0.04,-0.951,0.048,0.5,10.0,500,494,0.988,0,494,0,0,0,0,5,0,0,1,0,0,0.606
tilt_a_r0,balanced,long,stock,10,5,2026,35,35,0.389,0.51,-10.22,-11.292,0.395,0.37,0.091,0.389,0.477,10,350,348,0.9943,0,348,0,0,0,0,1,0,0,1,0,0,0.588
tilt_a_r0,balanced,long,stock,10,20,ALL,173,173,-0.03,-0.04,-14.188,-19.354,-0.02,-0.016,-1.831,-0.03,0.46,10,1730,1696,0.9803,0,1694,0,0,2,0,28,3,0,3,0,0,0.584
tilt_a_r0,balanced,long,stock,10,20,P1,91,91,0.892,1.15,-8.656,-11.039,0.888,0.896,-0.343,0.892,0.499,10,910,898,0.9868,0,898,0,0,0,0,11,0,0,1,0,0,0.574
tilt_a_r0,balanced,long,stock,10,20,P2,82,82,-1.052,-0.92,-16.479,-19.354,-1.027,-1.028,-3.483,-1.052,0.415,10.0,820,798,0.9732,0,796,0,0,2,0,17,3,0,2,0,0,0.596
tilt_a_r0,balanced,long,stock,10,20,2023,40,40,-0.319,-0.51,-8.901,-11.039,-0.302,-0.308,-2.345,-0.319,0.477,10.0,400,391,0.9775,0,391,0,0,0,0,8,0,0,1,0,0,0.574
tilt_a_r0,balanced,long,stock,10,20,2024,51,51,1.841,1.49,-8.493,-8.588,1.82,1.84,1.227,1.841,0.517,10,510,507,0.9941,0,507,0,0,0,0,3,0,0,0,0,0,0.574
tilt_a_r0,balanced,long,stock,10,20,2025,50,50,-0.969,-0.67,-16.908,-19.354,-0.848,-0.888,-3.491,-0.969,0.423,10.0,500,486,0.972,0,486,0,0,0,0,13,0,0,1,0,0,0.606
tilt_a_r0,balanced,long,stock,10,20,2026,32,32,-1.182,-0.64,-15.835,-16.198,-1.306,-1.246,-3.469,-1.182,0.403,10.0,320,312,0.975,0,310,0,0,2,0,4,3,0,1,0,0,0.587
tilt_a_r0,balanced,long,stock,10,63,ALL,165,165,1.262,0.73,-18.931,-25.271,1.491,1.178,-3.934,1.262,0.446,10,1650,1568,0.9503,0,1563,0,0,5,0,79,0,0,3,0,0,0.581
tilt_a_r0,balanced,long,stock,10,63,P1,91,91,2.386,1.73,-13.012,-16.326,2.511,2.31,-2.164,2.386,0.462,10,910,871,0.9571,0,871,0,0,0,0,38,0,0,1,0,0,0.574
tilt_a_r0,balanced,long,stock,10,63,P2,74,74,-0.119,-0.03,-22.046,-25.271,0.236,-0.215,-6.111,-0.119,0.427,10.0,740,697,0.9419,0,692,0,0,5,0,41,0,0,2,0,0,0.59
tilt_a_r0,balanced,long,stock,10,63,2023,40,40,0.951,0.54,-12.587,-13.188,0.638,0.829,-6.43,0.951,0.458,10.0,400,372,0.93,0,372,0,0,0,0,27,0,0,1,0,0,0.574
tilt_a_r0,balanced,long,stock,10,63,2024,51,51,3.512,2.17,-13.295,-16.326,3.98,3.472,1.182,3.512,0.464,10,510,499,0.9784,0,499,0,0,0,0,11,0,0,0,0,0,0.574
tilt_a_r0,balanced,long,stock,10,63,2025,50,50,3.084,0.78,-15.306,-17.051,3.616,2.923,-3.639,3.084,0.475,10.0,500,468,0.936,0,467,0,0,1,0,31,0,0,1,0,0,0.606
tilt_a_r0,balanced,long,stock,10,63,2026,24,24,-6.792,-1.73,-23.705,-25.271,-6.804,-6.752,-11.26,-6.792,0.328,10.0,240,229,0.9542,0,225,0,0,4,0,10,0,0,1,0,0,0.565
tilt_a_r0,balanced,long,stock,20,5,ALL,176,176,-0.068,-0.34,-7.076,-10.983,-0.07,-0.072,-0.556,-0.066,0.481,20.0,3515,3490,0.9929,5,3490,0,0,0,0,15,2,0,8,0,1,0.558
tilt_a_r0,balanced,long,stock,20,5,P1,91,91,-0.124,-0.61,-4.148,-5.812,-0.127,-0.127,-0.572,-0.124,0.471,20,1820,1809,0.994,0,1809,0,0,0,0,8,0,0,3,0,0,0.564
tilt_a_r0,balanced,long,stock,20,5,P2,85,85,-0.008,-0.02,-8.479,-10.983,-0.009,-0.012,-0.54,-0.004,0.492,20,1695,1681,0.9917,5,1681,0,0,0,0,7,2,0,5,0,1,0.551
tilt_a_r0,balanced,long,stock,20,5,2023,40,40,-0.373,-1.33,-3.988,-4.041,-0.371,-0.374,-1.008,-0.373,0.45,20.0,800,793,0.9912,0,793,0,0,0,0,5,0,0,2,0,0,0.553
tilt_a_r0,balanced,long,stock,20,5,2024,51,51,0.072,0.25,-4.22,-5.812,0.064,0.066,-0.23,0.072,0.487,20,1020,1016,0.9961,0,1016,0,0,0,0,3,0,0,1,0,0,0.573
tilt_a_r0,balanced,long,stock,20,5,2025,50,50,-0.047,-0.14,-6.249,-7.929,-0.054,-0.049,-0.545,-0.04,0.487,20.0,995,987,0.992,5,987,0,0,0,0,5,0,0,3,0,1,0.547
tilt_a_r0,balanced,long,stock,20,5,2026,35,35,0.047,0.07,-10.163,-10.983,0.057,0.041,-0.532,0.047,0.5,20,700,694,0.9914,0,694,0,0,0,0,2,2,0,2,0,0,0.56
tilt_a_r0,balanced,long,stock,20,20,ALL,173,173,0.03,0.06,-10.905,-14.587,0.001,0.013,-1.985,0.027,0.465,20,3455,3379,0.978,5,3376,0,0,3,0,64,4,0,8,0,1,0.557
tilt_a_r0,balanced,long,stock,20,20,P1,91,91,0.269,0.43,-6.737,-7.075,0.234,0.246,-1.721,0.269,0.481,20,1820,1782,0.9791,0,1782,0,0,0,0,35,0,0,3,0,0,0.564
tilt_a_r0,balanced,long,stock,20,20,P2,82,82,-0.235,-0.26,-12.494,-14.587,-0.258,-0.246,-2.279,-0.241,0.449,20.0,1635,1597,0.9768,5,1594,0,0,3,0,29,4,0,5,0,1,0.549
tilt_a_r0,balanced,long,stock,20,20,2023,40,40,-0.85,-1.94,-5.403,-5.851,-0.791,-0.822,-3.488,-0.85,0.447,20.0,800,777,0.9712,0,777,0,0,0,0,21,0,0,2,0,0,0.553
tilt_a_r0,balanced,long,stock,20,20,2024,51,51,1.146,1.15,-7.003,-7.075,1.038,1.084,-0.335,1.146,0.507,20,1020,1005,0.9853,0,1005,0,0,0,0,14,0,0,1,0,0,0.573
tilt_a_r0,balanced,long,stock,20,20,2025,50,50,0.001,0.0,-13.231,-14.587,-0.005,-0.0,-2.011,-0.008,0.461,20.0,995,972,0.9769,5,971,0,0,1,0,20,0,0,3,0,1,0.547
tilt_a_r0,balanced,long,stock,20,20,2026,32,32,-0.605,-0.44,-10.904,-12.527,-0.653,-0.631,-2.697,-0.605,0.43,20.0,640,625,0.9766,0,623,0,0,2,0,9,4,0,2,0,0,0.556
tilt_a_r0,balanced,long,stock,20,63,ALL,165,165,1.36,0.86,-16.756,-21.656,1.401,1.228,-3.761,1.332,0.45,20,3295,3132,0.9505,5,3124,0,0,8,0,153,2,0,8,0,1,0.557
tilt_a_r0,balanced,long,stock,20,63,P1,91,91,1.656,1.29,-9.545,-12.225,1.634,1.573,-3.045,1.656,0.46,20,1820,1738,0.9549,0,1738,0,0,0,0,79,0,0,3,0,0,0.564
tilt_a_r0,balanced,long,stock,20,63,P2,74,74,0.996,0.32,-19.683,-21.656,1.113,0.803,-4.641,0.932,0.438,20.0,1475,1394,0.9451,5,1386,0,0,8,0,74,2,0,5,0,1,0.549
tilt_a_r0,balanced,long,stock,20,63,2023,40,40,0.407,0.19,-11.832,-12.225,0.256,0.395,-6.547,0.407,0.443,20.0,800,746,0.9325,0,746,0,0,0,0,52,0,0,2,0,0,0.553
tilt_a_r0,balanced,long,stock,20,63,2024,51,51,2.636,2.63,-6.714,-7.87,2.715,2.497,-0.298,2.636,0.474,20,1020,992,0.9725,0,992,0,0,0,0,27,0,0,1,0,0,0.573
tilt_a_r0,balanced,long,stock,20,63,2025,50,50,3.991,1.06,-14.364,-16.13,4.16,3.686,-1.907,3.897,0.492,20.0,995,939,0.9437,5,935,0,0,4,0,53,0,0,3,0,1,0.547
tilt_a_r0,balanced,long,stock,20,63,2026,24,24,-5.245,-1.42,-20.833,-21.656,-5.233,-5.204,-10.338,-5.245,0.326,20.0,480,455,0.9479,0,451,0,0,4,0,21,2,0,2,0,0,0.557
tilt_a_r0,balanced,mid,mixed,10,5,ALL,176,176,-0.008,-0.04,-6.151,-10.041,-0.015,-0.011,-0.351,-0.008,0.461,10.0,1760,1753,0.996,0,1753,0,0,0,0,6,0,0,1,0,0,0.682
tilt_a_r0,balanced,mid,mixed,10,5,P1,91,91,-0.123,-0.53,-4.874,-6.309,-0.126,-0.128,-0.46,-0.123,0.426,10,910,907,0.9967,0,907,0,0,0,0,3,0,0,0,0,0,0.674
tilt_a_r0,balanced,mid,mixed,10,5,P2,85,85,0.114,0.32,-6.953,-10.041,0.105,0.114,-0.235,0.114,0.498,10,850,846,0.9953,0,846,0,0,0,0,3,0,0,1,0,0,0.692
tilt_a_r0,balanced,mid,mixed,10,5,2023,40,40,-0.318,-0.99,-5.135,-6.221,-0.313,-0.321,-0.823,-0.318,0.405,10.0,400,398,0.995,0,398,0,0,0,0,2,0,0,0,0,0,0.649
tilt_a_r0,balanced,mid,mixed,10,5,2024,51,51,0.03,0.09,-4.64,-6.309,0.021,0.024,-0.175,0.03,0.443,10,510,509,0.998,0,509,0,0,0,0,1,0,0,0,0,0,0.692
tilt_a_r0,balanced,mid,mixed,10,5,2025,50,50,0.067,0.17,-6.753,-9.4,0.051,0.067,-0.527,0.067,0.501,10.0,500,496,0.992,0,496,0,0,0,0,3,0,0,1,0,0,0.682
tilt_a_r0,balanced,mid,mixed,10,5,2026,35,35,0.181,0.27,-7.253,-10.041,0.181,0.181,0.181,0.181,0.494,10,350,350,1.0,0,350,0,0,0,0,0,0,0,0,0,0,0.715
tilt_a_r0,balanced,mid,mixed,10,20,ALL,173,173,-0.379,-0.68,-12.494,-15.296,-0.368,-0.36,-1.358,-0.379,0.433,10,1730,1712,0.9896,0,1711,0,0,1,0,15,2,0,1,0,0,0.681
tilt_a_r0,balanced,mid,mixed,10,20,P1,91,91,-0.08,-0.12,-10.213,-11.475,-0.07,-0.066,-0.745,-0.08,0.442,10,910,904,0.9934,0,904,0,0,0,0,6,0,0,0,0,0,0.674
tilt_a_r0,balanced,mid,mixed,10,20,P2,82,82,-0.711,-0.81,-13.734,-15.296,-0.698,-0.685,-2.039,-0.711,0.423,10.0,820,808,0.9854,0,807,0,0,1,0,9,2,0,1,0,0,0.69
tilt_a_r0,balanced,mid,mixed,10,20,2023,40,40,-0.837,-1.15,-11.155,-11.404,-0.822,-0.826,-1.851,-0.837,0.478,10.0,400,396,0.99,0,396,0,0,0,0,4,0,0,0,0,0,0.649
tilt_a_r0,balanced,mid,mixed,10,20,2024,51,51,0.513,0.48,-9.585,-11.475,0.519,0.529,0.123,0.513,0.413,10,510,508,0.9961,0,508,0,0,0,0,2,0,0,0,0,0,0.692
tilt_a_r0,balanced,mid,mixed,10,20,2025,50,50,-0.601,-0.56,-13.975,-15.296,-0.541,-0.557,-2.171,-0.601,0.426,10.0,500,491,0.982,0,491,0,0,0,0,8,0,0,1,0,0,0.682
tilt_a_r0,balanced,mid,mixed,10,20,2026,32,32,-0.882,-0.59,-13.373,-13.42,-0.944,-0.884,-1.834,-0.882,0.418,10.0,320,317,0.9906,0,316,0,0,1,0,1,2,0,0,0,0,0.713
tilt_a_r0,balanced,mid,mixed,10,63,ALL,165,165,0.006,0.0,-16.486,-18.043,0.132,-0.003,-3.365,0.006,0.402,10,1650,1597,0.9679,0,1593,0,0,4,0,52,0,0,1,0,0,0.679
tilt_a_r0,balanced,mid,mixed,10,63,P1,91,91,-0.332,-0.35,-14.915,-17.784,-0.322,-0.368,-3.185,-0.332,0.389,10,910,886,0.9736,0,886,0,0,0,0,24,0,0,0,0,0,0.674
tilt_a_r0,balanced,mid,mixed,10,63,P2,74,74,0.422,0.13,-16.75,-18.043,0.689,0.445,-3.587,0.422,0.417,10.0,740,711,0.9608,0,707,0,0,4,0,28,0,0,1,0,0,0.688
tilt_a_r0,balanced,mid,mixed,10,63,2023,40,40,-0.607,-0.6,-16.205,-17.784,-0.922,-0.721,-5.554,-0.607,0.458,10.0,400,382,0.955,0,382,0,0,0,0,18,0,0,0,0,0,0.649
tilt_a_r0,balanced,mid,mixed,10,63,2024,51,51,-0.117,-0.08,-13.482,-16.968,0.148,-0.09,-1.327,-0.117,0.336,10,510,504,0.9882,0,504,0,0,0,0,6,0,0,0,0,0,0.692
tilt_a_r0,balanced,mid,mixed,10,63,2025,50,50,3.805,0.96,-16.293,-18.043,4.161,3.809,-0.881,3.805,0.488,10.0,500,477,0.954,0,476,0,0,1,0,22,0,0,1,0,0,0.682
tilt_a_r0,balanced,mid,mixed,10,63,2026,24,24,-6.626,-3.27,-16.53,-16.676,-6.544,-6.562,-9.223,-6.626,0.269,10.0,240,234,0.975,0,231,0,0,3,0,6,0,0,0,0,0,0.713
tilt_a_r0,balanced,mid,mixed,20,5,ALL,176,176,-0.039,-0.23,-5.561,-8.171,-0.043,-0.041,-0.439,-0.039,0.474,20.0,3520,3502,0.9949,0,3502,0,0,0,0,13,1,0,4,0,0,0.627
tilt_a_r0,balanced,mid,mixed,20,5,P1,91,91,-0.238,-1.3,-3.808,-5.348,-0.239,-0.239,-0.572,-0.238,0.444,20,1820,1812,0.9956,0,1812,0,0,0,0,6,0,0,2,0,0,0.626
tilt_a_r0,balanced,mid,mixed,20,5,P2,85,85,0.174,0.58,-6.743,-8.171,0.168,0.171,-0.297,0.174,0.506,20,1700,1690,0.9941,0,1690,0,0,0,0,7,1,0,2,0,0,0.628
tilt_a_r0,balanced,mid,mixed,20,5,2023,40,40,-0.453,-1.82,-3.577,-3.619,-0.451,-0.451,-0.958,-0.453,0.437,20.0,800,795,0.9938,0,795,0,0,0,0,4,0,0,1,0,0,0.603
tilt_a_r0,balanced,mid,mixed,20,5,2024,51,51,-0.07,-0.27,-3.752,-5.348,-0.073,-0.073,-0.27,-0.07,0.45,20,1020,1017,0.9971,0,1017,0,0,0,0,2,0,0,1,0,0,0.643
tilt_a_r0,balanced,mid,mixed,20,5,2025,50,50,0.189,0.55,-6.099,-7.678,0.181,0.19,-0.305,0.189,0.514,20.0,1000,993,0.993,0,993,0,0,0,0,5,0,0,2,0,0,0.616
tilt_a_r0,balanced,mid,mixed,20,5,2026,35,35,0.151,0.29,-6.899,-8.171,0.15,0.143,-0.285,0.151,0.494,20,700,697,0.9957,0,697,0,0,0,0,2,1,0,0,0,0,0.646
tilt_a_r0,balanced,mid,mixed,20,20,ALL,173,173,-0.447,-0.88,-10.439,-13.431,-0.456,-0.441,-1.68,-0.447,0.433,20,3460,3414,0.9867,0,3412,0,0,2,0,39,3,0,4,0,0,0.625
tilt_a_r0,balanced,mid,mixed,20,20,P1,91,91,-0.417,-0.71,-7.865,-9.065,-0.434,-0.421,-1.492,-0.417,0.426,20,1820,1799,0.9885,0,1799,0,0,0,0,19,0,0,2,0,0,0.626
tilt_a_r0,balanced,mid,mixed,20,20,P2,82,82,-0.481,-0.57,-12.128,-13.431,-0.48,-0.463,-1.888,-0.481,0.44,20.0,1640,1615,0.9848,0,1613,0,0,2,0,20,3,0,2,0,0,0.625
tilt_a_r0,balanced,mid,mixed,20,20,2023,40,40,-1.113,-2.23,-7.199,-9.065,-1.073,-1.087,-2.618,-1.113,0.45,20.0,800,787,0.9838,0,787,0,0,0,0,12,0,0,1,0,0,0.603
tilt_a_r0,balanced,mid,mixed,20,20,2024,51,51,0.128,0.14,-7.728,-8.678,0.067,0.102,-0.609,0.128,0.407,20,1020,1012,0.9922,0,1012,0,0,0,0,7,0,0,1,0,0,0.643
tilt_a_r0,balanced,mid,mixed,20,20,2025,50,50,-0.369,-0.32,-12.806,-13.431,-0.335,-0.329,-1.844,-0.369,0.442,20.0,1000,983,0.983,0,983,0,0,0,0,15,0,0,2,0,0,0.616
tilt_a_r0,balanced,mid,mixed,20,20,2026,32,32,-0.656,-0.54,-11.11,-13.374,-0.706,-0.672,-1.956,-0.656,0.437,20.0,640,632,0.9875,0,630,0,0,2,0,5,3,0,0,0,0,0.639
tilt_a_r0,balanced,mid,mixed,20,63,ALL,165,165,-0.163,-0.1,-16.153,-18.947,-0.082,-0.202,-3.72,-0.163,0.403,20,3300,3187,0.9658,0,3182,0,0,5,0,109,0,0,4,0,0,0.624
tilt_a_r0,balanced,mid,mixed,20,63,P1,91,91,-0.886,-0.98,-10.477,-13.173,-0.782,-0.856,-3.924,-0.886,0.385,20,1820,1766,0.9703,0,1766,0,0,0,0,52,0,0,2,0,0,0.626
tilt_a_r0,balanced,mid,mixed,20,63,P2,74,74,0.726,0.2,-18.016,-18.947,0.78,0.602,-3.47,0.726,0.426,20.0,1480,1421,0.9601,0,1416,0,0,5,0,57,0,0,2,0,0,0.622
tilt_a_r0,balanced,mid,mixed,20,63,2023,40,40,-1.352,-1.09,-12.686,-13.173,-1.382,-1.264,-6.119,-1.352,0.423,20.0,800,763,0.9537,0,763,0,0,0,0,36,0,0,1,0,0,0.603
tilt_a_r0,balanced,mid,mixed,20,63,2024,51,51,-0.521,-0.46,-9.005,-9.398,-0.311,-0.536,-2.202,-0.521,0.355,20,1020,1003,0.9833,0,1003,0,0,0,0,16,0,0,1,0,0,0.643
tilt_a_r0,balanced,mid,mixed,20,63,2025,50,50,3.993,0.92,-16.34,-18.947,4.065,3.787,-0.522,3.993,0.497,20.0,1000,957,0.957,0,956,0,0,1,0,41,0,0,2,0,0,0.616
tilt_a_r0,balanced,mid,mixed,20,63,2026,24,24,-6.081,-2.24,-18.028,-18.693,-6.064,-6.035,-9.612,-6.081,0.278,20.0,480,464,0.9667,0,460,0,0,4,0,16,0,0,0,0,0,0.635
tilt_a_r0,balanced,mid,stock,10,5,ALL,176,176,0.102,0.45,-6.872,-10.387,0.096,0.099,-0.411,0.102,0.483,10.0,1760,1750,0.9943,0,1750,0,0,0,0,8,1,0,1,0,0,0.598
tilt_a_r0,balanced,mid,stock,10,5,P1,91,91,0.036,0.15,-4.554,-5.792,0.034,0.032,-0.3,0.036,0.469,10,910,907,0.9967,0,907,0,0,0,0,3,0,0,0,0,0,0.598
tilt_a_r0,balanced,mid,stock,10,5,P2,85,85,0.173,0.44,-8.221,-10.387,0.162,0.17,-0.529,0.173,0.498,10,850,843,0.9918,0,843,0,0,0,0,5,1,0,1,0,0,0.6
tilt_a_r0,balanced,mid,stock,10,5,2023,40,40,-0.124,-0.39,-4.203,-4.839,-0.118,-0.126,-0.628,-0.124,0.46,10.0,400,398,0.995,0,398,0,0,0,0,2,0,0,0,0,0,0.577
tilt_a_r0,balanced,mid,stock,10,5,2024,51,51,0.162,0.47,-4.788,-5.792,0.153,0.156,-0.044,0.162,0.476,10,510,509,0.998,0,509,0,0,0,0,1,0,0,0,0,0,0.614
tilt_a_r0,balanced,mid,stock,10,5,2025,50,50,0.141,0.33,-7.08,-9.83,0.122,0.139,-0.852,0.141,0.503,10.0,500,494,0.988,0,494,0,0,0,0,5,0,0,1,0,0,0.592
tilt_a_r0,balanced,mid,stock,10,5,2026,35,35,0.218,0.3,-9.309,-10.387,0.219,0.214,-0.069,0.218,0.49,10,350,349,0.9971,0,349,0,0,0,0,0,1,0,0,0,0,0.618
tilt_a_r0,balanced,mid,stock,10,20,ALL,173,173,0.013,0.02,-13.802,-17.351,0.03,0.039,-1.477,0.013,0.467,10,1730,1703,0.9844,0,1701,0,0,2,0,24,2,0,1,0,0,0.598
tilt_a_r0,balanced,mid,stock,10,20,P1,91,91,0.818,0.99,-9.483,-11.845,0.806,0.808,-0.205,0.818,0.504,10,910,901,0.9901,0,901,0,0,0,0,9,0,0,0,0,0,0.598
tilt_a_r0,balanced,mid,stock,10,20,P2,82,82,-0.881,-0.87,-15.187,-17.351,-0.831,-0.815,-2.889,-0.881,0.426,10.0,820,802,0.978,0,800,0,0,2,0,15,2,0,1,0,0,0.599
tilt_a_r0,balanced,mid,stock,10,20,2023,40,40,-0.154,-0.25,-8.029,-11.845,-0.148,-0.168,-1.691,-0.154,0.487,10.0,400,394,0.985,0,394,0,0,0,0,6,0,0,0,0,0,0.577
tilt_a_r0,balanced,mid,stock,10,20,2024,51,51,1.581,1.16,-9.338,-11.475,1.555,1.574,0.961,1.581,0.517,10,510,507,0.9941,0,507,0,0,0,0,3,0,0,0,0,0,0.614
tilt_a_r0,balanced,mid,stock,10,20,2025,50,50,-0.955,-0.73,-16.269,-17.351,-0.815,-0.847,-3.641,-0.955,0.429,10.0,500,485,0.97,0,485,0,0,0,0,14,0,0,1,0,0,0.592
tilt_a_r0,balanced,mid,stock,10,20,2026,32,32,-0.765,-0.48,-13.446,-14.293,-0.856,-0.765,-1.714,-0.765,0.42,10.0,320,317,0.9906,0,315,0,0,2,0,1,2,0,0,0,0,0.616
tilt_a_r0,balanced,mid,stock,10,63,ALL,165,165,1.117,0.65,-18.481,-21.619,1.272,1.052,-3.925,1.117,0.445,10,1650,1572,0.9527,0,1567,0,0,5,0,77,0,0,1,0,0,0.593
tilt_a_r0,balanced,mid,stock,10,63,P1,91,91,1.663,1.56,-14.287,-16.326,1.76,1.582,-2.786,1.663,0.455,10,910,873,0.9593,0,873,0,0,0,0,37,0,0,0,0,0,0.598
tilt_a_r0,balanced,mid,stock,10,63,P2,74,74,0.447,0.12,-20.048,-21.619,0.671,0.4,-5.325,0.447,0.434,10.0,740,699,0.9446,0,694,0,0,5,0,40,0,0,1,0,0,0.588
tilt_a_r0,balanced,mid,stock,10,63,2023,40,40,0.575,0.45,-14.0,-15.091,0.18,0.413,-6.332,0.575,0.459,10.0,400,375,0.9375,0,375,0,0,0,0,25,0,0,0,0,0,0.577
tilt_a_r0,balanced,mid,stock,10,63,2024,51,51,2.516,1.78,-14.478,-16.326,3.0,2.498,-0.004,2.516,0.452,10,510,498,0.9765,0,498,0,0,0,0,12,0,0,0,0,0,0.614
tilt_a_r0,balanced,mid,stock,10,63,2025,50,50,3.777,0.9,-17.132,-18.267,4.163,3.718,-3.045,3.777,0.489,10.0,500,467,0.934,0,466,0,0,1,0,32,0,0,1,0,0,0.592
tilt_a_r0,balanced,mid,stock,10,63,2026,24,24,-6.492,-1.58,-21.163,-21.619,-6.604,-6.514,-10.075,-6.492,0.319,10.0,240,232,0.9667,0,228,0,0,4,0,8,0,0,0,0,0,0.587
tilt_a_r0,balanced,mid,stock,20,5,ALL,176,176,-0.041,-0.22,-6.256,-8.48,-0.043,-0.045,-0.471,-0.038,0.483,20.0,3513,3491,0.9937,7,3491,0,0,0,0,13,2,0,7,0,1,0.569
tilt_a_r0,balanced,mid,stock,20,5,P1,91,91,-0.193,-0.98,-3.851,-5.131,-0.194,-0.195,-0.528,-0.193,0.469,20,1820,1810,0.9945,0,1810,0,0,0,0,6,0,0,4,0,0,0.568
tilt_a_r0,balanced,mid,stock,20,5,P2,85,85,0.122,0.37,-7.166,-8.48,0.119,0.116,-0.411,0.127,0.498,20,1693,1681,0.9929,7,1681,0,0,0,0,7,2,0,3,0,1,0.569
tilt_a_r0,balanced,mid,stock,20,5,2023,40,40,-0.457,-1.64,-3.728,-3.862,-0.454,-0.456,-0.963,-0.457,0.45,20.0,800,794,0.9925,0,794,0,0,0,0,4,0,0,2,0,0,0.56
tilt_a_r0,balanced,mid,stock,20,5,2024,51,51,0.014,0.05,-3.933,-5.131,0.01,0.01,-0.186,0.014,0.485,20,1020,1016,0.9961,0,1016,0,0,0,0,2,0,0,2,0,0,0.573
tilt_a_r0,balanced,mid,stock,20,5,2025,50,50,0.082,0.23,-6.071,-7.247,0.072,0.078,-0.417,0.091,0.487,20.0,993,986,0.993,7,986,0,0,0,0,5,0,0,2,0,1,0.56
tilt_a_r0,balanced,mid,stock,20,5,2026,35,35,0.179,0.29,-7.576,-8.48,0.185,0.169,-0.402,0.179,0.515,20,700,695,0.9929,0,695,0,0,0,0,2,2,0,1,0,0,0.585
tilt_a_r0,balanced,mid,stock,20,20,ALL,173,173,-0.251,-0.48,-11.105,-16.506,-0.272,-0.253,-2.02,-0.257,0.458,20,3453,3386,0.9806,7,3383,0,0,3,0,57,3,0,7,0,1,0.568
tilt_a_r0,balanced,mid,stock,20,20,P1,91,91,-0.078,-0.13,-7.32,-7.961,-0.094,-0.082,-1.666,-0.078,0.471,20,1820,1788,0.9824,0,1788,0,0,0,0,28,0,0,4,0,0,0.568
tilt_a_r0,balanced,mid,stock,20,20,P2,82,82,-0.443,-0.5,-13.023,-16.506,-0.469,-0.444,-2.413,-0.456,0.444,20.0,1633,1598,0.9786,7,1595,0,0,3,0,29,3,0,3,0,1,0.567
tilt_a_r0,balanced,mid,stock,20,20,2023,40,40,-1.121,-2.46,-6.733,-7.961,-1.072,-1.094,-3.53,-1.121,0.441,20.0,800,779,0.9738,0,779,0,0,0,0,19,0,0,2,0,0,0.56
tilt_a_r0,balanced,mid,stock,20,20,2024,51,51,0.74,0.79,-7.188,-7.246,0.674,0.712,-0.203,0.74,0.495,20,1020,1009,0.9892,0,1009,0,0,0,0,9,0,0,2,0,0,0.573
tilt_a_r0,balanced,mid,stock,20,20,2025,50,50,-0.288,-0.25,-14.139,-16.506,-0.277,-0.278,-2.07,-0.309,0.457,20.0,993,973,0.9799,7,972,0,0,1,0,18,0,0,2,0,1,0.56
tilt_a_r0,balanced,mid,stock,20,20,2026,32,32,-0.686,-0.51,-11.349,-11.552,-0.771,-0.703,-2.947,-0.686,0.423,20.0,640,625,0.9766,0,623,0,0,2,0,11,3,0,1,0,0,0.581
tilt_a_r0,balanced,mid,stock,20,63,ALL,165,165,0.747,0.44,-15.834,-20.044,0.762,0.657,-4.192,0.711,0.437,20,3293,3136,0.9523,7,3129,0,0,7,0,150,0,0,7,0,1,0.566
tilt_a_r0,balanced,mid,stock,20,63,P1,91,91,0.572,0.57,-9.672,-13.893,0.592,0.533,-3.712,0.572,0.439,20,1820,1744,0.9582,0,1744,0,0,0,0,72,0,0,4,0,0,0.568
tilt_a_r0,balanced,mid,stock,20,63,P2,74,74,0.963,0.27,-17.509,-20.044,0.972,0.809,-4.783,0.882,0.434,20.0,1473,1392,0.945,7,1385,0,0,7,0,78,0,0,3,0,1,0.562
tilt_a_r0,balanced,mid,stock,20,63,2023,40,40,-0.489,-0.3,-11.173,-13.893,-0.66,-0.525,-7.262,-0.489,0.421,20.0,800,748,0.935,0,748,0,0,0,0,50,0,0,2,0,0,0.56
tilt_a_r0,balanced,mid,stock,20,63,2024,51,51,1.404,1.61,-8.45,-9.07,1.574,1.363,-0.929,1.404,0.452,20,1020,996,0.9765,0,996,0,0,0,0,22,0,0,2,0,0,0.573
tilt_a_r0,balanced,mid,stock,20,63,2025,50,50,4.28,1.0,-14.938,-15.584,4.262,4.007,-1.578,4.16,0.489,20.0,993,938,0.9446,7,935,0,0,3,0,53,0,0,2,0,1,0.56
tilt_a_r0,balanced,mid,stock,20,63,2026,24,24,-5.947,-1.81,-19.316,-20.044,-5.881,-5.851,-11.459,-5.947,0.32,20.0,480,454,0.9458,0,450,0,0,4,0,25,0,0,1,0,0,0.572
tilt_a_r0,balanced,short,mixed,10,5,ALL,176,176,-0.075,-0.37,-5.818,-8.793,-0.078,-0.077,-0.25,-0.075,0.452,10.0,1760,1757,0.9983,0,1757,0,0,0,0,2,1,0,0,0,0,0.666
tilt_a_r0,balanced,short,mixed,10,5,P1,91,91,-0.18,-0.7,-4.201,-5.946,-0.185,-0.183,-0.295,-0.18,0.42,10,910,909,0.9989,0,909,0,0,0,0,1,0,0,0,0,0,0.67
tilt_a_r0,balanced,short,mixed,10,5,P2,85,85,0.038,0.12,-6.83,-8.793,0.036,0.036,-0.202,0.038,0.487,10,850,848,0.9976,0,848,0,0,0,0,1,1,0,0,0,0,0.662
tilt_a_r0,balanced,short,mixed,10,5,2023,40,40,-0.173,-0.62,-3.658,-3.788,-0.173,-0.173,-0.173,-0.173,0.422,10.0,400,400,1.0,0,400,0,0,0,0,0,0,0,0,0,0,0.636
tilt_a_r0,balanced,short,mixed,10,5,2024,51,51,-0.186,-0.46,-4.563,-5.946,-0.194,-0.191,-0.391,-0.186,0.417,10,510,509,0.998,0,509,0,0,0,0,1,0,0,0,0,0,0.698
tilt_a_r0,balanced,short,mixed,10,5,2025,50,50,-0.054,-0.15,-6.762,-8.793,-0.058,-0.054,-0.261,-0.054,0.49,10.0,500,499,0.998,0,499,0,0,0,0,1,0,0,0,0,0,0.647
tilt_a_r0,balanced,short,mixed,10,5,2026,35,35,0.17,0.29,-6.932,-8.647,0.17,0.165,-0.118,0.17,0.482,10,350,349,0.9971,0,349,0,0,0,0,0,1,0,0,0,0,0.685
tilt_a_r0,balanced,short,mixed,10,20,ALL,173,173,-0.569,-1.0,-12.677,-18.892,-0.565,-0.559,-1.145,-0.569,0.427,10,1730,1720,0.9942,0,1720,0,0,0,0,10,0,0,0,0,0,0.666
tilt_a_r0,balanced,short,mixed,10,20,P1,91,91,-0.172,-0.24,-9.493,-11.846,-0.167,-0.162,-0.609,-0.172,0.434,10,910,906,0.9956,0,906,0,0,0,0,4,0,0,0,0,0,0.67
tilt_a_r0,balanced,short,mixed,10,20,P2,82,82,-1.011,-1.13,-14.023,-18.892,-1.007,-0.998,-1.739,-1.011,0.418,10.0,820,814,0.9927,0,814,0,0,0,0,6,0,0,0,0,0,0.663
tilt_a_r0,balanced,short,mixed,10,20,2023,40,40,-0.396,-0.52,-8.112,-9.736,-0.398,-0.392,-1.151,-0.396,0.457,10.0,400,397,0.9925,0,397,0,0,0,0,3,0,0,0,0,0,0.636
tilt_a_r0,balanced,short,mixed,10,20,2024,51,51,0.003,0.0,-10.198,-11.846,0.015,0.018,-0.184,0.003,0.416,10,510,509,0.998,0,509,0,0,0,0,1,0,0,0,0,0,0.698
tilt_a_r0,balanced,short,mixed,10,20,2025,50,50,-1.018,-0.81,-16.044,-18.892,-1.002,-0.994,-1.996,-1.018,0.425,10.0,500,495,0.99,0,495,0,0,0,0,5,0,0,0,0,0,0.647
tilt_a_r0,balanced,short,mixed,10,20,2026,32,32,-1.0,-0.84,-10.992,-10.993,-1.014,-1.005,-1.337,-1.0,0.408,10.0,320,319,0.9969,0,319,0,0,0,0,1,0,0,0,0,0,0.69
tilt_a_r0,balanced,short,mixed,10,63,ALL,165,165,-1.184,-0.67,-19.383,-26.512,-1.137,-1.179,-4.138,-1.184,0.389,10,1650,1604,0.9721,0,1602,0,0,2,0,46,0,0,0,0,0,0.662
tilt_a_r0,balanced,short,mixed,10,63,P1,91,91,-1.248,-1.38,-15.576,-20.713,-1.278,-1.235,-4.078,-1.248,0.382,10,910,886,0.9736,0,884,0,0,2,0,24,0,0,0,0,0,0.67
tilt_a_r0,balanced,short,mixed,10,63,P2,74,74,-1.106,-0.29,-21.568,-26.512,-0.964,-1.109,-4.211,-1.106,0.398,10.0,740,718,0.9703,0,718,0,0,0,0,22,0,0,0,0,0,0.653
tilt_a_r0,balanced,short,mixed,10,63,2023,40,40,-1.156,-1.83,-11.776,-13.447,-1.441,-1.177,-5.813,-1.156,0.406,10.0,400,383,0.9575,0,383,0,0,0,0,17,0,0,0,0,0,0.636
tilt_a_r0,balanced,short,mixed,10,63,2024,51,51,-1.319,-0.85,-16.819,-20.713,-1.15,-1.281,-2.718,-1.319,0.362,10,510,503,0.9863,0,501,0,0,2,0,7,0,0,0,0,0,0.698
tilt_a_r0,balanced,short,mixed,10,63,2025,50,50,2.303,0.5,-18.546,-20.356,2.503,2.303,-1.248,2.303,0.467,10.0,500,483,0.966,0,483,0,0,0,0,17,0,0,0,0,0,0.647
tilt_a_r0,balanced,short,mixed,10,63,2026,24,24,-8.208,-3.97,-23.883,-26.512,-8.186,-8.217,-10.384,-8.208,0.255,10.0,240,235,0.9792,0,235,0,0,0,0,5,0,0,0,0,0,0.67
tilt_a_r0,balanced,short,mixed,20,5,ALL,176,176,-0.041,-0.25,-4.989,-6.525,-0.041,-0.041,-0.298,-0.041,0.471,20.0,3520,3509,0.9969,0,3509,0,0,0,0,8,1,0,2,0,0,0.623
tilt_a_r0,balanced,short,mixed,20,5,P1,91,91,-0.166,-0.89,-3.727,-4.474,-0.164,-0.165,-0.445,-0.166,0.447,20,1820,1814,0.9967,0,1814,0,0,0,0,5,0,0,1,0,0,0.622
tilt_a_r0,balanced,short,mixed,20,5,P2,85,85,0.093,0.35,-5.71,-6.525,0.091,0.092,-0.141,0.093,0.496,20,1700,1695,0.9971,0,1695,0,0,0,0,3,1,0,1,0,0,0.626
tilt_a_r0,balanced,short,mixed,20,5,2023,40,40,-0.223,-0.9,-4.038,-4.474,-0.217,-0.218,-0.726,-0.223,0.452,20.0,800,796,0.995,0,796,0,0,0,0,4,0,0,0,0,0,0.6
tilt_a_r0,balanced,short,mixed,20,5,2024,51,51,-0.122,-0.45,-3.519,-4.028,-0.123,-0.124,-0.224,-0.122,0.444,20,1020,1018,0.998,0,1018,0,0,0,0,1,0,0,1,0,0,0.639
tilt_a_r0,balanced,short,mixed,20,5,2025,50,50,0.062,0.22,-5.298,-6.525,0.059,0.063,-0.234,0.062,0.494,20.0,1000,996,0.996,0,996,0,0,0,0,3,0,0,1,0,0,0.602
tilt_a_r0,balanced,short,mixed,20,5,2026,35,35,0.137,0.27,-5.736,-6.115,0.137,0.135,-0.007,0.137,0.498,20,700,699,0.9986,0,699,0,0,0,0,0,1,0,0,0,0,0.662
tilt_a_r0,balanced,short,mixed,20,20,ALL,173,173,-0.684,-1.53,-10.739,-14.07,-0.693,-0.671,-1.672,-0.684,0.432,20,3460,3424,0.9896,0,3423,0,0,1,0,33,1,0,2,0,0,0.622
tilt_a_r0,balanced,short,mixed,20,20,P1,91,91,-0.511,-0.94,-7.558,-9.144,-0.511,-0.496,-1.454,-0.511,0.434,20,1820,1802,0.9901,0,1802,0,0,0,0,17,0,0,1,0,0,0.622
tilt_a_r0,balanced,short,mixed,20,20,P2,82,82,-0.876,-1.2,-11.981,-14.07,-0.894,-0.864,-1.914,-0.876,0.431,20.0,1640,1622,0.989,0,1621,0,0,1,0,16,1,0,1,0,0,0.623
tilt_a_r0,balanced,short,mixed,20,20,2023,40,40,-0.775,-1.32,-6.748,-6.945,-0.753,-0.746,-2.278,-0.775,0.462,20.0,800,788,0.985,0,788,0,0,0,0,12,0,0,0,0,0,0.6
tilt_a_r0,balanced,short,mixed,20,20,2024,51,51,-0.304,-0.36,-8.098,-9.144,-0.322,-0.301,-0.807,-0.304,0.411,20,1020,1014,0.9941,0,1014,0,0,0,0,5,0,0,1,0,0,0.639
tilt_a_r0,balanced,short,mixed,20,20,2025,50,50,-0.471,-0.47,-12.992,-14.07,-0.465,-0.459,-1.765,-0.471,0.445,20.0,1000,986,0.986,0,986,0,0,0,0,13,0,0,1,0,0,0.602
tilt_a_r0,balanced,short,mixed,20,20,2026,32,32,-1.508,-1.54,-10.362,-10.511,-1.565,-1.498,-2.146,-1.508,0.409,20.0,640,636,0.9938,0,635,0,0,1,0,3,1,0,0,0,0,0.656
tilt_a_r0,balanced,short,mixed,20,63,ALL,165,165,-1.063,-0.66,-16.849,-21.092,-1.006,-1.011,-4.193,-1.063,0.398,20,3300,3200,0.9697,0,3195,0,0,5,0,98,0,0,2,0,0,0.618
tilt_a_r0,balanced,short,mixed,20,63,P1,91,91,-1.747,-3.05,-11.709,-14.588,-1.745,-1.698,-4.78,-1.747,0.379,20,1820,1767,0.9709,0,1765,0,0,2,0,52,0,0,1,0,0,0.622
tilt_a_r0,balanced,short,mixed,20,63,P2,74,74,-0.221,-0.06,-18.732,-21.092,-0.098,-0.167,-3.472,-0.221,0.421,20.0,1480,1433,0.9682,0,1430,0,0,3,0,46,0,0,1,0,0,0.616
tilt_a_r0,balanced,short,mixed,20,63,2023,40,40,-2.041,-4.27,-10.688,-11.141,-2.241,-1.976,-7.008,-2.041,0.406,20.0,800,763,0.9537,0,763,0,0,0,0,37,0,0,0,0,0,0.6
tilt_a_r0,balanced,short,mixed,20,63,2024,51,51,-1.517,-1.66,-12.389,-14.588,-1.356,-1.479,-3.033,-1.517,0.357,20,1020,1004,0.9843,0,1002,0,0,2,0,15,0,0,1,0,0,0.639
tilt_a_r0,balanced,short,mixed,20,63,2025,50,50,2.991,0.72,-16.346,-17.268,3.133,3.017,-0.817,2.991,0.486,20.0,1000,963,0.963,0,962,0,0,1,0,36,0,0,1,0,0,0.602
tilt_a_r0,balanced,short,mixed,20,63,2026,24,24,-6.914,-3.48,-19.88,-21.092,-6.829,-6.801,-9.003,-6.914,0.287,20.0,480,470,0.9792,0,468,0,0,2,0,10,0,0,0,0,0,0.646
tilt_a_r0,balanced,short,stock,10,5,ALL,176,176,0.019,0.08,-6.033,-8.75,0.02,0.017,-0.213,0.019,0.476,10.0,1760,1755,0.9972,0,1755,0,0,0,0,3,1,0,1,0,0,0.626
tilt_a_r0,balanced,short,stock,10,5,P1,91,91,-0.077,-0.27,-4.615,-5.233,-0.072,-0.077,-0.3,-0.077,0.461,10,910,907,0.9967,0,907,0,0,0,0,2,0,0,1,0,0,0.632
tilt_a_r0,balanced,short,stock,10,5,P2,85,85,0.121,0.36,-6.923,-8.75,0.117,0.118,-0.12,0.121,0.492,10,850,848,0.9976,0,848,0,0,0,0,1,1,0,0,0,0,0.619
tilt_a_r0,balanced,short,stock,10,5,2023,40,40,-0.153,-0.5,-4.594,-4.743,-0.137,-0.147,-0.4,-0.153,0.458,10.0,400,399,0.9975,0,399,0,0,0,0,1,0,0,0,0,0,0.605
tilt_a_r0,balanced,short,stock,10,5,2024,51,51,-0.017,-0.04,-4.629,-5.233,-0.02,-0.023,-0.222,-0.017,0.463,10,510,508,0.9961,0,508,0,0,0,0,1,0,0,1,0,0,0.652
tilt_a_r0,balanced,short,stock,10,5,2025,50,50,-0.018,-0.05,-6.904,-8.75,-0.023,-0.019,-0.225,-0.018,0.493,10.0,500,499,0.998,0,499,0,0,0,0,1,0,0,0,0,0,0.622
tilt_a_r0,balanced,short,stock,10,5,2026,35,35,0.318,0.52,-6.95,-7.855,0.318,0.312,0.03,0.318,0.49,10,350,349,0.9971,0,349,0,0,0,0,0,1,0,0,0,0,0.618
tilt_a_r0,balanced,short,stock,10,20,ALL,173,173,-0.4,-0.64,-12.976,-19.406,-0.404,-0.392,-1.447,-0.4,0.446,10,1730,1711,0.989,0,1711,0,0,0,0,18,0,0,1,0,0,0.626
tilt_a_r0,balanced,short,stock,10,20,P1,91,91,0.076,0.1,-9.636,-11.846,0.073,0.081,-0.826,0.076,0.457,10,910,901,0.9901,0,901,0,0,0,0,8,0,0,1,0,0,0.632
tilt_a_r0,balanced,short,stock,10,20,P2,82,82,-0.928,-0.95,-14.43,-19.406,-0.933,-0.917,-2.135,-0.928,0.432,10.0,820,810,0.9878,0,810,0,0,0,0,10,0,0,0,0,0,0.619
tilt_a_r0,balanced,short,stock,10,20,2023,40,40,-0.501,-0.58,-8.745,-11.001,-0.481,-0.477,-1.759,-0.501,0.443,10.0,400,395,0.9875,0,395,0,0,0,0,5,0,0,0,0,0,0.605
tilt_a_r0,balanced,short,stock,10,20,2024,51,51,0.529,0.45,-10.114,-11.846,0.507,0.519,-0.095,0.529,0.469,10,510,506,0.9922,0,506,0,0,0,0,3,0,0,1,0,0,0.652
tilt_a_r0,balanced,short,stock,10,20,2025,50,50,-1.026,-0.74,-16.473,-19.406,-1.021,-1.011,-2.585,-1.026,0.432,10.0,500,492,0.984,0,492,0,0,0,0,8,0,0,0,0,0,0.622
tilt_a_r0,balanced,short,stock,10,20,2026,32,32,-0.775,-0.61,-11.367,-11.741,-0.797,-0.771,-1.433,-0.775,0.434,10.0,320,318,0.9938,0,318,0,0,0,0,2,0,0,0,0,0,0.616
tilt_a_r0,balanced,short,stock,10,63,ALL,165,165,-0.678,-0.37,-19.63,-27.388,-0.664,-0.691,-4.822,-0.678,0.407,10,1650,1585,0.9606,0,1583,0,0,2,0,64,0,0,1,0,0,0.625
tilt_a_r0,balanced,short,stock,10,63,P1,91,91,-0.406,-0.45,-15.72,-20.72,-0.477,-0.403,-4.335,-0.406,0.409,10,910,876,0.9626,0,874,0,0,2,0,33,0,0,1,0,0,0.632
tilt_a_r0,balanced,short,stock,10,63,P2,74,74,-1.013,-0.26,-22.167,-27.388,-0.894,-1.046,-5.421,-1.013,0.405,10.0,740,709,0.9581,0,709,0,0,0,0,31,0,0,0,0,0,0.616
tilt_a_r0,balanced,short,stock,10,63,2023,40,40,-0.796,-1.04,-11.065,-13.447,-1.143,-0.792,-7.363,-0.796,0.407,10.0,400,376,0.94,0,376,0,0,0,0,24,0,0,0,0,0,0.605
tilt_a_r0,balanced,short,stock,10,63,2024,51,51,-0.1,-0.07,-16.853,-20.72,0.045,-0.097,-1.96,-0.1,0.41,10,510,500,0.9804,0,498,0,0,2,0,9,0,0,1,0,0,0.652
tilt_a_r0,balanced,short,stock,10,63,2025,50,50,2.511,0.53,-18.167,-20.739,2.668,2.446,-2.783,2.511,0.465,10.0,500,475,0.95,0,475,0,0,0,0,25,0,0,0,0,0,0.622
tilt_a_r0,balanced,short,stock,10,63,2026,24,24,-8.355,-3.42,-24.89,-27.388,-8.314,-8.323,-10.918,-8.355,0.281,10.0,240,234,0.975,0,234,0,0,0,0,6,0,0,0,0,0,0.609
tilt_a_r0,balanced,short,stock,20,5,ALL,176,176,-0.094,-0.54,-5.576,-6.687,-0.095,-0.095,-0.352,-0.094,0.473,20.0,3520,3508,0.9966,0,3508,0,0,0,0,8,1,0,3,0,0,0.58
tilt_a_r0,balanced,short,stock,20,5,P1,91,91,-0.181,-0.96,-3.821,-4.584,-0.181,-0.181,-0.461,-0.181,0.461,20,1820,1813,0.9962,0,1813,0,0,0,0,5,0,0,2,0,0,0.576
tilt_a_r0,balanced,short,stock,20,5,P2,85,85,-0.002,-0.01,-6.333,-6.687,-0.004,-0.003,-0.236,-0.002,0.486,20,1700,1695,0.9971,0,1695,0,0,0,0,3,1,0,1,0,0,0.586
tilt_a_r0,balanced,short,stock,20,5,2023,40,40,-0.222,-0.9,-3.624,-4.584,-0.217,-0.218,-0.727,-0.222,0.465,20.0,800,796,0.995,0,796,0,0,0,0,4,0,0,0,0,0,0.56
tilt_a_r0,balanced,short,stock,20,5,2024,51,51,-0.15,-0.54,-3.759,-4.244,-0.153,-0.152,-0.252,-0.15,0.458,20,1020,1017,0.9971,0,1017,0,0,0,0,1,0,0,2,0,0,0.587
tilt_a_r0,balanced,short,stock,20,5,2025,50,50,0.073,0.24,-5.387,-6.648,0.069,0.073,-0.224,0.073,0.486,20.0,1000,996,0.996,0,996,0,0,0,0,3,0,0,1,0,0,0.571
tilt_a_r0,balanced,short,stock,20,5,2026,35,35,-0.109,-0.19,-6.661,-6.687,-0.108,-0.111,-0.252,-0.109,0.485,20,700,699,0.9986,0,699,0,0,0,0,0,1,0,0,0,0,0.607
tilt_a_r0,balanced,short,stock,20,20,ALL,173,173,-0.632,-1.37,-10.776,-14.267,-0.639,-0.615,-1.933,-0.632,0.443,20,3460,3412,0.9861,0,3411,0,0,1,0,44,1,0,3,0,0,0.58
tilt_a_r0,balanced,short,stock,20,20,P1,91,91,-0.407,-0.75,-7.564,-9.156,-0.413,-0.391,-1.631,-0.407,0.453,20,1820,1796,0.9868,0,1796,0,0,0,0,22,0,0,2,0,0,0.576
tilt_a_r0,balanced,short,stock,20,20,P2,82,82,-0.881,-1.16,-12.097,-14.267,-0.891,-0.865,-2.268,-0.881,0.433,20.0,1640,1616,0.9854,0,1615,0,0,1,0,22,1,0,1,0,0,0.586
tilt_a_r0,balanced,short,stock,20,20,2023,40,40,-0.75,-1.35,-6.145,-7.581,-0.734,-0.721,-2.641,-0.75,0.453,20.0,800,785,0.9812,0,785,0,0,0,0,15,0,0,0,0,0,0.56
tilt_a_r0,balanced,short,stock,20,20,2024,51,51,-0.138,-0.16,-8.223,-9.156,-0.16,-0.132,-0.839,-0.138,0.453,20,1020,1011,0.9912,0,1011,0,0,0,0,7,0,0,2,0,0,0.587
tilt_a_r0,balanced,short,stock,20,20,2025,50,50,-0.397,-0.37,-12.853,-14.267,-0.375,-0.383,-2.058,-0.397,0.451,20.0,1000,982,0.982,0,982,0,0,0,0,17,0,0,1,0,0,0.571
tilt_a_r0,balanced,short,stock,20,20,2026,32,32,-1.637,-1.76,-10.344,-11.508,-1.697,-1.616,-2.596,-1.637,0.404,20.0,640,634,0.9906,0,633,0,0,1,0,5,1,0,0,0,0,0.61
tilt_a_r0,balanced,short,stock,20,63,ALL,165,165,-0.88,-0.51,-18.021,-22.945,-0.84,-0.845,-4.932,-0.88,0.408,20,3300,3171,0.9609,0,3166,0,0,5,0,126,0,0,3,0,0,0.577
tilt_a_r0,balanced,short,stock,20,63,P1,91,91,-1.507,-2.38,-12.412,-16.635,-1.524,-1.471,-5.386,-1.507,0.394,20,1820,1752,0.9626,0,1750,0,0,2,0,66,0,0,2,0,0,0.576
tilt_a_r0,balanced,short,stock,20,63,P2,74,74,-0.109,-0.03,-19.982,-22.945,0.002,-0.076,-4.375,-0.109,0.424,20.0,1480,1419,0.9588,0,1416,0,0,3,0,60,0,0,1,0,0,0.581
tilt_a_r0,balanced,short,stock,20,63,2023,40,40,-1.837,-2.18,-10.324,-11.141,-2.078,-1.816,-8.2,-1.837,0.391,20.0,800,753,0.9413,0,753,0,0,0,0,47,0,0,0,0,0,0.56
tilt_a_r0,balanced,short,stock,20,63,2024,51,51,-1.247,-1.44,-13.436,-16.635,-1.09,-1.201,-3.178,-1.247,0.396,20,1020,999,0.9794,0,997,0,0,2,0,19,0,0,2,0,0,0.587
tilt_a_r0,balanced,short,stock,20,63,2025,50,50,3.628,0.84,-17.098,-18.183,3.713,3.568,-1.407,3.628,0.487,20.0,1000,952,0.952,0,951,0,0,1,0,47,0,0,1,0,0,0.571
tilt_a_r0,balanced,short,stock,20,63,2026,24,24,-7.895,-3.64,-21.923,-22.945,-7.729,-7.666,-10.559,-7.895,0.293,20.0,480,467,0.9729,0,465,0,0,2,0,13,0,0,0,0,0,0.6
tilt_b,aggressive,long,mixed,10,5,ALL,176,176,-0.177,-0.68,-9.196,-17.472,-0.179,-0.178,-0.685,-0.177,0.448,10.0,1760,1747,0.9926,0,1747,0,0,0,0,9,0,0,4,0,0,0.604
tilt_b,aggressive,long,mixed,10,5,P1,91,91,-0.288,-1.08,-5.315,-6.999,-0.289,-0.289,-0.84,-0.288,0.418,10,910,904,0.9934,0,904,0,0,0,0,5,0,0,1,0,0,0.594
tilt_b,aggressive,long,mixed,10,5,P2,85,85,-0.059,-0.13,-11.035,-17.472,-0.062,-0.059,-0.52,-0.059,0.479,10,850,843,0.9918,0,843,0,0,0,0,4,0,0,3,0,0,0.613
tilt_b,aggressive,long,mixed,10,5,2023,40,40,-0.522,-1.71,-4.727,-4.818,-0.523,-0.525,-1.276,-0.522,0.41,10.0,400,396,0.99,0,396,0,0,0,0,3,0,0,1,0,0,0.597
tilt_b,aggressive,long,mixed,10,5,2024,51,51,-0.105,-0.26,-5.706,-6.999,-0.105,-0.104,-0.498,-0.105,0.425,10,510,508,0.9961,0,508,0,0,0,0,2,0,0,0,0,0,0.594
tilt_b,aggressive,long,mixed,10,5,2025,50,50,0.252,0.56,-6.491,-8.186,0.247,0.261,-0.328,0.252,0.489,10.0,500,496,0.992,0,496,0,0,0,0,3,0,0,1,0,0,0.596
tilt_b,aggressive,long,mixed,10,5,2026,35,35,-0.504,-0.56,-14.332,-17.472,-0.504,-0.516,-0.794,-0.504,0.465,10,350,347,0.9914,0,347,0,0,0,0,1,0,0,2,0,0,0.635
tilt_b,aggressive,long,mixed,10,20,ALL,173,173,-0.487,-0.77,-14.205,-20.342,-0.478,-0.48,-2.285,-0.487,0.397,10,1730,1695,0.9798,0,1692,0,0,3,0,28,3,0,4,0,0,0.602
tilt_b,aggressive,long,mixed,10,20,P1,91,91,-0.663,-0.93,-9.697,-11.257,-0.628,-0.64,-2.098,-0.663,0.387,10,910,896,0.9846,0,896,0,0,0,0,13,0,0,1,0,0,0.594
tilt_b,aggressive,long,mixed,10,20,P2,82,82,-0.291,-0.27,-16.617,-20.342,-0.313,-0.302,-2.494,-0.291,0.409,10.0,820,799,0.9744,0,796,0,0,3,0,15,3,0,3,0,0,0.609
tilt_b,aggressive,long,mixed,10,20,2023,40,40,-1.692,-3.32,-9.142,-11.257,-1.578,-1.629,-3.904,-1.692,0.404,10.0,400,390,0.975,0,390,0,0,0,0,9,0,0,1,0,0,0.597
tilt_b,aggressive,long,mixed,10,20,2024,51,51,0.145,0.12,-9.625,-11.007,0.118,0.135,-0.68,0.145,0.373,10,510,506,0.9922,0,506,0,0,0,0,4,0,0,0,0,0,0.594
tilt_b,aggressive,long,mixed,10,20,2025,50,50,-0.044,-0.04,-12.232,-13.765,0.017,-0.021,-2.193,-0.044,0.402,10.0,500,488,0.976,0,488,0,0,0,0,11,0,0,1,0,0,0.596
tilt_b,aggressive,long,mixed,10,20,2026,32,32,-0.677,-0.33,-20.201,-20.342,-0.829,-0.741,-2.964,-0.677,0.42,10.0,320,311,0.9719,0,308,0,0,3,0,4,3,0,2,0,0,0.626
tilt_b,aggressive,long,mixed,10,63,ALL,165,165,-1.446,-1.03,-22.887,-30.908,-1.166,-1.534,-6.362,-1.446,0.356,10,1650,1571,0.9521,0,1564,0,0,7,0,75,0,0,4,0,0,0.598
tilt_b,aggressive,long,mixed,10,63,P1,91,91,-1.8,-1.72,-16.228,-20.307,-1.493,-1.738,-5.241,-1.8,0.345,10,910,879,0.9659,0,879,0,0,0,0,30,0,0,1,0,0,0.594
tilt_b,aggressive,long,mixed,10,63,P2,74,74,-1.01,-0.36,-27.049,-30.908,-0.763,-1.284,-7.74,-1.01,0.37,10.0,740,692,0.9351,0,685,0,0,7,0,45,0,0,3,0,0,0.601
tilt_b,aggressive,long,mixed,10,63,2023,40,40,-1.84,-0.85,-19.153,-20.307,-1.77,-1.722,-6.749,-1.84,0.386,10.0,400,380,0.95,0,380,0,0,0,0,19,0,0,1,0,0,0.597
tilt_b,aggressive,long,mixed,10,63,2024,51,51,-1.769,-2.16,-13.607,-16.206,-1.276,-1.75,-4.058,-1.769,0.313,10,510,499,0.9784,0,499,0,0,0,0,11,0,0,0,0,0,0.594
tilt_b,aggressive,long,mixed,10,63,2025,50,50,0.502,0.15,-19.081,-23.386,1.069,0.194,-6.968,0.502,0.402,10.0,500,465,0.93,0,463,0,0,2,0,34,0,0,1,0,0,0.596
tilt_b,aggressive,long,mixed,10,63,2026,24,24,-4.161,-0.8,-29.977,-30.908,-4.579,-4.363,-9.347,-4.161,0.306,10.0,240,227,0.9458,0,222,0,0,5,0,11,0,0,2,0,0,0.609
tilt_b,aggressive,long,mixed,20,5,ALL,176,176,-0.091,-0.42,-7.443,-13.494,-0.095,-0.095,-0.494,-0.091,0.458,20.0,3520,3499,0.994,0,3499,0,0,0,0,13,1,0,7,0,0,0.568
tilt_b,aggressive,long,mixed,20,5,P1,91,91,-0.137,-0.64,-4.321,-6.36,-0.14,-0.142,-0.529,-0.137,0.436,20,1820,1810,0.9945,0,1810,0,0,0,0,7,0,0,3,0,0,0.55
tilt_b,aggressive,long,mixed,20,5,P2,85,85,-0.041,-0.11,-8.866,-13.494,-0.047,-0.046,-0.457,-0.041,0.483,20,1700,1689,0.9935,0,1689,0,0,0,0,6,1,0,4,0,0,0.588
tilt_b,aggressive,long,mixed,20,5,2023,40,40,-0.335,-1.35,-3.745,-3.9,-0.333,-0.339,-0.843,-0.335,0.431,20.0,800,794,0.9925,0,794,0,0,0,0,4,0,0,2,0,0,0.568
tilt_b,aggressive,long,mixed,20,5,2024,51,51,0.019,0.06,-4.705,-6.36,0.011,0.013,-0.283,0.019,0.439,20,1020,1016,0.9961,0,1016,0,0,0,0,3,0,0,1,0,0,0.535
tilt_b,aggressive,long,mixed,20,5,2025,50,50,0.046,0.13,-4.953,-8.264,0.042,0.051,-0.347,0.046,0.48,20.0,1000,994,0.994,0,994,0,0,0,0,4,0,0,2,0,0,0.593
tilt_b,aggressive,long,mixed,20,5,2026,35,35,-0.166,-0.21,-11.173,-13.494,-0.174,-0.184,-0.614,-0.166,0.487,20,700,695,0.9929,0,695,0,0,0,0,2,1,0,2,0,0,0.579
tilt_b,aggressive,long,mixed,20,20,ALL,173,173,-0.27,-0.49,-11.358,-19.115,-0.295,-0.285,-2.225,-0.27,0.413,20,3460,3387,0.9789,0,3384,0,0,3,0,63,3,0,7,0,0,0.568
tilt_b,aggressive,long,mixed,20,20,P1,91,91,-0.389,-0.66,-6.659,-7.113,-0.411,-0.395,-2.309,-0.389,0.397,20,1820,1783,0.9797,0,1783,0,0,0,0,34,0,0,3,0,0,0.55
tilt_b,aggressive,long,mixed,20,20,P2,82,82,-0.138,-0.14,-13.557,-19.115,-0.167,-0.164,-2.131,-0.138,0.431,20.0,1640,1604,0.978,0,1601,0,0,3,0,29,3,0,4,0,0,0.588
tilt_b,aggressive,long,mixed,20,20,2023,40,40,-1.364,-3.98,-6.311,-6.619,-1.33,-1.335,-4.013,-1.364,0.409,20.0,800,777,0.9712,0,777,0,0,0,0,21,0,0,2,0,0,0.568
tilt_b,aggressive,long,mixed,20,20,2024,51,51,0.376,0.39,-6.843,-7.113,0.31,0.343,-0.972,0.376,0.387,20,1020,1006,0.9863,0,1006,0,0,0,0,13,0,0,1,0,0,0.535
tilt_b,aggressive,long,mixed,20,20,2025,50,50,0.031,0.03,-10.164,-11.838,0.021,0.003,-2.101,0.031,0.424,20.0,1000,977,0.977,0,977,0,0,0,0,21,0,0,2,0,0,0.593
tilt_b,aggressive,long,mixed,20,20,2026,32,32,-0.401,-0.23,-17.645,-19.115,-0.46,-0.424,-2.179,-0.401,0.442,20.0,640,627,0.9797,0,624,0,0,3,0,8,3,0,2,0,0,0.579
tilt_b,aggressive,long,mixed,20,63,ALL,165,165,-0.216,-0.16,-19.418,-27.848,-0.142,-0.322,-4.994,-0.216,0.386,20,3300,3147,0.9536,0,3136,0,0,11,0,144,2,0,7,0,0,0.565
tilt_b,aggressive,long,mixed,20,63,P1,91,91,-0.657,-0.66,-11.474,-13.207,-0.575,-0.664,-4.562,-0.657,0.373,20,1820,1750,0.9615,0,1750,0,0,0,0,67,0,0,3,0,0,0.55
tilt_b,aggressive,long,mixed,20,63,P2,74,74,0.327,0.12,-24.15,-27.848,0.39,0.097,-5.526,0.327,0.402,20.0,1480,1397,0.9439,0,1386,0,0,11,0,77,2,0,4,0,0,0.584
tilt_b,aggressive,long,mixed,20,63,2023,40,40,-1.007,-0.67,-11.672,-12.337,-1.037,-0.975,-6.55,-1.007,0.413,20.0,800,756,0.945,0,756,0,0,0,0,42,0,0,2,0,0,0.568
tilt_b,aggressive,long,mixed,20,63,2024,51,51,-0.383,-0.33,-11.308,-13.207,-0.212,-0.419,-3.003,-0.383,0.341,20,1020,994,0.9745,0,994,0,0,0,0,25,0,0,1,0,0,0.535
tilt_b,aggressive,long,mixed,20,63,2025,50,50,1.96,0.65,-17.364,-19.63,2.164,1.674,-4.177,1.96,0.436,20.0,1000,942,0.942,0,936,0,0,6,0,56,0,0,2,0,0,0.593
tilt_b,aggressive,long,mixed,20,63,2026,24,24,-3.074,-0.57,-26.472,-27.848,-3.306,-3.188,-8.338,-3.074,0.33,20.0,480,455,0.9479,0,450,0,0,5,0,21,2,0,2,0,0,0.563
tilt_b,aggressive,long,stock,10,5,ALL,176,176,-0.046,-0.16,-9.724,-17.472,-0.054,-0.054,-0.732,-0.046,0.472,10.0,1760,1744,0.9909,0,1744,0,0,0,0,11,1,0,4,0,0,0.583
tilt_b,aggressive,long,stock,10,5,P1,91,91,-0.138,-0.48,-5.582,-6.999,-0.144,-0.144,-0.695,-0.138,0.464,10,910,904,0.9934,0,904,0,0,0,0,5,0,0,1,0,0,0.574
tilt_b,aggressive,long,stock,10,5,P2,85,85,0.053,0.1,-11.559,-17.472,0.042,0.043,-0.772,0.053,0.48,10,850,840,0.9882,0,840,0,0,0,0,6,1,0,3,0,0,0.59
tilt_b,aggressive,long,stock,10,5,2023,40,40,-0.323,-0.85,-5.136,-5.454,-0.337,-0.337,-1.088,-0.323,0.456,10.0,400,396,0.99,0,396,0,0,0,0,3,0,0,1,0,0,0.567
tilt_b,aggressive,long,stock,10,5,2024,51,51,0.007,0.02,-5.88,-6.999,0.007,0.007,-0.386,0.007,0.47,10,510,508,0.9961,0,508,0,0,0,0,2,0,0,0,0,0,0.58
tilt_b,aggressive,long,stock,10,5,2025,50,50,0.087,0.18,-6.806,-9.225,0.068,0.085,-0.906,0.087,0.479,10.0,500,494,0.988,0,494,0,0,0,0,5,0,0,1,0,0,0.567
tilt_b,aggressive,long,stock,10,5,2026,35,35,0.004,0.0,-14.332,-17.472,0.005,-0.017,-0.582,0.004,0.482,10,350,346,0.9886,0,346,0,0,0,0,1,1,0,2,0,0,0.621
tilt_b,aggressive,long,stock,10,20,ALL,173,173,0.08,0.12,-14.072,-20.342,0.091,0.088,-2.133,0.08,0.469,10,1730,1688,0.9757,0,1685,0,0,3,0,35,3,0,4,0,0,0.581
tilt_b,aggressive,long,stock,10,20,P1,91,91,0.043,0.06,-10.38,-12.615,0.061,0.048,-1.962,0.043,0.496,10,910,891,0.9791,0,891,0,0,0,0,18,0,0,1,0,0,0.574
tilt_b,aggressive,long,stock,10,20,P2,82,82,0.12,0.11,-16.551,-20.342,0.124,0.132,-2.323,0.12,0.439,10.0,820,797,0.972,0,794,0,0,3,0,17,3,0,3,0,0,0.588
tilt_b,aggressive,long,stock,10,20,2023,40,40,-1.2,-2.56,-10.564,-12.615,-1.085,-1.145,-4.166,-1.2,0.453,10.0,400,387,0.9675,0,387,0,0,0,0,12,0,0,1,0,0,0.567
tilt_b,aggressive,long,stock,10,20,2024,51,51,1.018,0.85,-10.257,-11.007,0.96,0.984,-0.232,1.018,0.531,10,510,504,0.9882,0,504,0,0,0,0,6,0,0,0,0,0,0.58
tilt_b,aggressive,long,stock,10,20,2025,50,50,-0.053,-0.04,-11.161,-13.765,0.063,0.028,-2.575,-0.053,0.431,10.0,500,486,0.972,0,486,0,0,0,0,13,0,0,1,0,0,0.567
tilt_b,aggressive,long,stock,10,20,2026,32,32,0.391,0.18,-20.201,-20.342,0.219,0.294,-1.93,0.391,0.452,10.0,320,311,0.9719,0,308,0,0,3,0,4,3,0,2,0,0,0.616
tilt_b,aggressive,long,stock,10,63,ALL,165,165,0.396,0.25,-23.469,-30.908,0.575,0.203,-5.645,0.396,0.439,10,1650,1555,0.9424,0,1547,0,0,8,0,91,0,0,4,0,0,0.577
tilt_b,aggressive,long,stock,10,63,P1,91,91,0.221,0.17,-15.313,-22.656,0.437,0.211,-4.432,0.221,0.455,10,910,869,0.9549,0,869,0,0,0,0,40,0,0,1,0,0,0.574
tilt_b,aggressive,long,stock,10,63,P2,74,74,0.61,0.2,-26.376,-30.908,0.746,0.194,-7.137,0.61,0.419,10.0,740,686,0.927,0,678,0,0,8,0,51,0,0,3,0,0,0.579
tilt_b,aggressive,long,stock,10,63,2023,40,40,-0.272,-0.11,-18.631,-22.656,-0.199,-0.172,-6.496,-0.272,0.46,10.0,400,375,0.9375,0,375,0,0,0,0,24,0,0,1,0,0,0.567
tilt_b,aggressive,long,stock,10,63,2024,51,51,0.608,0.63,-12.246,-16.206,0.935,0.511,-2.813,0.608,0.451,10,510,494,0.9686,0,494,0,0,0,0,16,0,0,0,0,0,0.58
tilt_b,aggressive,long,stock,10,63,2025,50,50,1.894,0.57,-20.87,-23.136,2.414,1.507,-6.725,1.894,0.442,10.0,500,460,0.92,0,457,0,0,3,0,39,0,0,1,0,0,0.567
tilt_b,aggressive,long,stock,10,63,2026,24,24,-2.065,-0.33,-29.977,-30.908,-2.728,-2.542,-7.994,-2.065,0.371,10.0,240,226,0.9417,0,221,0,0,5,0,12,0,0,2,0,0,0.6
tilt_b,aggressive,long,stock,20,5,ALL,176,176,-0.022,-0.1,-7.954,-13.494,-0.031,-0.029,-0.513,-0.024,0.479,20.0,3511,3487,0.9932,9,3486,0,0,1,0,15,2,0,7,0,1,0.554
tilt_b,aggressive,long,stock,20,5,P1,91,91,0.005,0.02,-4.532,-6.36,0.001,-0.0,-0.388,0.005,0.474,20,1820,1810,0.9945,0,1810,0,0,0,0,7,0,0,3,0,0,0.539
tilt_b,aggressive,long,stock,20,5,P2,85,85,-0.051,-0.12,-9.308,-13.494,-0.065,-0.059,-0.646,-0.054,0.483,20,1691,1677,0.9917,9,1676,0,0,1,0,8,2,0,4,0,1,0.57
tilt_b,aggressive,long,stock,20,5,2023,40,40,-0.285,-0.99,-4.398,-4.79,-0.284,-0.29,-0.794,-0.285,0.454,20.0,800,794,0.9925,0,794,0,0,0,0,4,0,0,2,0,0,0.55
tilt_b,aggressive,long,stock,20,5,2024,51,51,0.232,0.7,-4.622,-6.36,0.224,0.227,-0.069,0.232,0.49,20,1020,1016,0.9961,0,1016,0,0,0,0,3,0,0,1,0,0,0.53
tilt_b,aggressive,long,stock,20,5,2025,50,50,-0.056,-0.15,-5.643,-9.463,-0.064,-0.057,-0.552,-0.062,0.48,20.0,991,984,0.9929,9,984,0,0,0,0,5,0,0,2,0,1,0.572
tilt_b,aggressive,long,stock,20,5,2026,35,35,-0.043,-0.05,-11.173,-13.494,-0.066,-0.062,-0.781,-0.043,0.488,20,700,693,0.99,0,692,0,0,1,0,3,2,0,2,0,0,0.566
tilt_b,aggressive,long,stock,20,20,ALL,173,173,0.2,0.33,-11.771,-19.874,0.17,0.185,-2.079,0.186,0.471,20,3451,3367,0.9757,9,3363,0,0,4,0,73,4,0,7,0,1,0.554
tilt_b,aggressive,long,stock,20,20,P1,91,91,0.283,0.43,-6.909,-7.265,0.247,0.271,-1.811,0.283,0.486,20,1820,1780,0.978,0,1780,0,0,0,0,37,0,0,3,0,0,0.539
tilt_b,aggressive,long,stock,20,20,P2,82,82,0.108,0.1,-13.884,-19.874,0.086,0.09,-2.377,0.078,0.454,20.0,1631,1587,0.973,9,1583,0,0,4,0,36,4,0,4,0,1,0.57
tilt_b,aggressive,long,stock,20,20,2023,40,40,-1.154,-2.71,-6.729,-6.977,-1.115,-1.121,-3.798,-1.154,0.436,20.0,800,777,0.9712,0,777,0,0,0,0,21,0,0,2,0,0,0.55
tilt_b,aggressive,long,stock,20,20,2024,51,51,1.411,1.36,-7.029,-7.265,1.315,1.363,-0.254,1.411,0.526,20,1020,1003,0.9833,0,1003,0,0,0,0,16,0,0,1,0,0,0.53
tilt_b,aggressive,long,stock,20,20,2025,50,50,0.214,0.19,-11.012,-12.925,0.224,0.201,-2.11,0.165,0.459,20.0,991,966,0.9748,9,966,0,0,0,0,23,0,0,2,0,1,0.572
tilt_b,aggressive,long,stock,20,20,2026,32,32,-0.057,-0.03,-18.024,-19.874,-0.13,-0.083,-2.793,-0.057,0.446,20.0,640,621,0.9703,0,617,0,0,4,0,13,4,0,2,0,0,0.566
tilt_b,aggressive,long,stock,20,63,ALL,165,165,1.523,0.98,-18.74,-29.756,1.533,1.345,-4.245,1.457,0.462,20,3291,3110,0.945,9,3098,0,0,12,0,172,2,0,7,0,1,0.553
tilt_b,aggressive,long,stock,20,63,P1,91,91,1.52,1.15,-11.365,-13.539,1.524,1.472,-3.193,1.52,0.478,20,1820,1737,0.9544,0,1737,0,0,0,0,80,0,0,3,0,0,0.539
tilt_b,aggressive,long,stock,20,63,P2,74,74,1.527,0.5,-24.582,-29.756,1.543,1.189,-5.538,1.38,0.441,20.0,1471,1373,0.9334,9,1361,0,0,12,0,92,2,0,4,0,1,0.569
tilt_b,aggressive,long,stock,20,63,2023,40,40,-0.045,-0.02,-13.426,-13.539,-0.097,0.015,-6.381,-0.045,0.455,20.0,800,750,0.9375,0,750,0,0,0,0,48,0,0,2,0,0,0.55
tilt_b,aggressive,long,stock,20,63,2024,51,51,2.747,2.24,-7.014,-7.733,2.796,2.615,-0.692,2.747,0.496,20,1020,987,0.9676,0,987,0,0,0,0,32,0,0,1,0,0,0.53
tilt_b,aggressive,long,stock,20,63,2025,50,50,2.93,0.88,-14.317,-17.92,3.111,2.563,-4.147,2.712,0.472,20.0,991,925,0.9334,9,919,0,0,6,0,64,0,0,2,0,1,0.572
tilt_b,aggressive,long,stock,20,63,2026,24,24,-1.395,-0.22,-27.669,-29.756,-1.722,-1.674,-8.437,-1.395,0.377,20.0,480,448,0.9333,0,442,0,0,6,0,28,2,0,2,0,0,0.561
tilt_b,aggressive,mid,mixed,10,5,ALL,176,176,-0.078,-0.31,-8.514,-15.9,-0.086,-0.084,-0.533,-0.078,0.445,10.0,1760,1747,0.9926,0,1747,0,0,0,0,8,0,0,5,0,0,0.626
tilt_b,aggressive,mid,mixed,10,5,P1,91,91,-0.124,-0.47,-4.712,-6.802,-0.13,-0.13,-0.68,-0.124,0.414,10,910,903,0.9923,0,903,0,0,0,0,5,0,0,2,0,0,0.613
tilt_b,aggressive,mid,mixed,10,5,P2,85,85,-0.029,-0.07,-10.471,-15.9,-0.039,-0.035,-0.374,-0.029,0.478,10,850,844,0.9929,0,844,0,0,0,0,3,0,0,3,0,0,0.64
tilt_b,aggressive,mid,mixed,10,5,2023,40,40,-0.292,-0.95,-4.361,-4.637,-0.301,-0.304,-1.055,-0.292,0.413,10.0,400,396,0.99,0,396,0,0,0,0,3,0,0,1,0,0,0.608
tilt_b,aggressive,mid,mixed,10,5,2024,51,51,0.008,0.02,-4.945,-6.802,0.004,0.007,-0.387,0.008,0.415,10,510,507,0.9941,0,507,0,0,0,0,2,0,0,1,0,0,0.616
tilt_b,aggressive,mid,mixed,10,5,2025,50,50,0.25,0.55,-6.392,-8.253,0.226,0.249,-0.133,0.25,0.487,10.0,500,497,0.994,0,497,0,0,0,0,2,0,0,1,0,0,0.627
tilt_b,aggressive,mid,mixed,10,5,2026,35,35,-0.428,-0.5,-13.045,-15.9,-0.417,-0.441,-0.72,-0.428,0.464,10,350,347,0.9914,0,347,0,0,0,0,1,0,0,2,0,0,0.662
tilt_b,aggressive,mid,mixed,10,20,ALL,173,173,-0.313,-0.52,-12.984,-20.081,-0.33,-0.317,-2.068,-0.313,0.396,10,1730,1695,0.9798,0,1693,0,0,2,0,27,3,0,5,0,0,0.625
tilt_b,aggressive,mid,mixed,10,20,P1,91,91,-0.449,-0.68,-8.528,-9.123,-0.456,-0.448,-1.688,-0.449,0.386,10,910,897,0.9857,0,897,0,0,0,0,11,0,0,2,0,0,0.613
tilt_b,aggressive,mid,mixed,10,20,P2,82,82,-0.163,-0.16,-15.746,-20.081,-0.19,-0.172,-2.489,-0.163,0.408,10.0,820,798,0.9732,0,796,0,0,2,0,16,3,0,3,0,0,0.638
tilt_b,aggressive,mid,mixed,10,20,2023,40,40,-1.088,-2.33,-8.448,-8.923,-1.059,-1.066,-2.848,-1.088,0.411,10.0,400,392,0.98,0,392,0,0,0,0,7,0,0,1,0,0,0.608
tilt_b,aggressive,mid,mixed,10,20,2024,51,51,0.052,0.05,-8.581,-9.123,0.017,0.037,-0.778,0.052,0.366,10,510,505,0.9902,0,505,0,0,0,0,4,0,0,1,0,0,0.616
tilt_b,aggressive,mid,mixed,10,20,2025,50,50,-0.328,-0.31,-10.121,-10.773,-0.236,-0.281,-2.238,-0.328,0.386,10.0,500,489,0.978,0,489,0,0,0,0,10,0,0,1,0,0,0.627
tilt_b,aggressive,mid,mixed,10,20,2026,32,32,0.095,0.05,-20.07,-20.081,-0.117,-0.003,-2.882,0.095,0.442,10.0,320,309,0.9656,0,307,0,0,2,0,6,3,0,2,0,0,0.658
tilt_b,aggressive,mid,mixed,10,63,ALL,165,165,-1.507,-1.15,-21.804,-30.532,-1.349,-1.619,-6.376,-1.507,0.353,10,1650,1571,0.9521,0,1566,0,0,5,0,74,0,0,5,0,0,0.62
tilt_b,aggressive,mid,mixed,10,63,P1,91,91,-1.737,-2.08,-13.962,-17.023,-1.583,-1.73,-4.776,-1.737,0.345,10,910,882,0.9692,0,882,0,0,0,0,26,0,0,2,0,0,0.613
tilt_b,aggressive,mid,mixed,10,63,P2,74,74,-1.225,-0.45,-25.865,-30.532,-1.062,-1.483,-8.343,-1.225,0.364,10.0,740,689,0.9311,0,684,0,0,5,0,48,0,0,3,0,0,0.627
tilt_b,aggressive,mid,mixed,10,63,2023,40,40,-1.987,-1.32,-14.213,-17.023,-2.075,-1.974,-6.506,-1.987,0.385,10.0,400,382,0.955,0,382,0,0,0,0,17,0,0,1,0,0,0.608
tilt_b,aggressive,mid,mixed,10,63,2024,51,51,-1.54,-1.55,-13.795,-16.206,-1.197,-1.539,-3.419,-1.54,0.314,10,510,500,0.9804,0,500,0,0,0,0,9,0,0,1,0,0,0.616
tilt_b,aggressive,mid,mixed,10,63,2025,50,50,-0.04,-0.01,-21.337,-22.771,0.443,-0.266,-7.369,-0.04,0.39,10.0,500,465,0.93,0,464,0,0,1,0,34,0,0,1,0,0,0.627
tilt_b,aggressive,mid,mixed,10,63,2026,24,24,-3.693,-0.71,-29.789,-30.532,-4.197,-4.019,-10.372,-3.693,0.308,10.0,240,224,0.9333,0,220,0,0,4,0,14,0,0,2,0,0,0.63
tilt_b,aggressive,mid,mixed,20,5,ALL,176,176,-0.139,-0.67,-6.74,-12.886,-0.14,-0.141,-0.596,-0.139,0.459,20.0,3520,3497,0.9935,0,3497,0,0,0,0,14,2,0,7,0,0,0.586
tilt_b,aggressive,mid,mixed,20,5,P1,91,91,-0.233,-1.07,-4.458,-5.93,-0.235,-0.236,-0.681,-0.233,0.429,20,1820,1809,0.994,0,1809,0,0,0,0,8,0,0,3,0,0,0.573
tilt_b,aggressive,mid,mixed,20,5,P2,85,85,-0.038,-0.11,-8.175,-12.886,-0.037,-0.04,-0.506,-0.038,0.491,20,1700,1688,0.9929,0,1688,0,0,0,0,6,2,0,4,0,0,0.601
tilt_b,aggressive,mid,mixed,20,5,2023,40,40,-0.327,-1.31,-3.723,-4.472,-0.323,-0.327,-0.962,-0.327,0.44,20.0,800,793,0.9912,0,793,0,0,0,0,5,0,0,2,0,0,0.587
tilt_b,aggressive,mid,mixed,20,5,2024,51,51,-0.16,-0.48,-4.692,-5.93,-0.166,-0.164,-0.46,-0.16,0.42,20,1020,1016,0.9961,0,1016,0,0,0,0,3,0,0,1,0,0,0.561
tilt_b,aggressive,mid,mixed,20,5,2025,50,50,0.194,0.55,-4.841,-6.741,0.19,0.197,-0.299,0.194,0.496,20.0,1000,993,0.993,0,993,0,0,0,0,5,0,0,2,0,0,0.596
tilt_b,aggressive,mid,mixed,20,5,2026,35,35,-0.369,-0.52,-10.812,-12.886,-0.362,-0.379,-0.803,-0.369,0.484,20,700,695,0.9929,0,695,0,0,0,0,1,2,0,2,0,0,0.604
tilt_b,aggressive,mid,mixed,20,20,ALL,173,173,-0.417,-0.78,-11.699,-17.166,-0.416,-0.412,-2.03,-0.417,0.406,20,3460,3398,0.9821,0,3395,0,0,3,0,52,3,0,7,0,0,0.585
tilt_b,aggressive,mid,mixed,20,20,P1,91,91,-0.483,-0.87,-6.711,-8.168,-0.48,-0.477,-2.056,-0.483,0.396,20,1820,1789,0.983,0,1789,0,0,0,0,28,0,0,3,0,0,0.573
tilt_b,aggressive,mid,mixed,20,20,P2,82,82,-0.345,-0.36,-13.662,-17.166,-0.346,-0.34,-2.002,-0.345,0.417,20.0,1640,1609,0.9811,0,1606,0,0,3,0,24,3,0,4,0,0,0.598
tilt_b,aggressive,mid,mixed,20,20,2023,40,40,-1.185,-3.79,-5.325,-5.568,-1.142,-1.156,-3.586,-1.185,0.421,20.0,800,779,0.9738,0,779,0,0,0,0,19,0,0,2,0,0,0.587
tilt_b,aggressive,mid,mixed,20,20,2024,51,51,0.068,0.07,-7.137,-8.168,0.04,0.055,-0.855,0.068,0.377,20,1020,1010,0.9902,0,1010,0,0,0,0,9,0,0,1,0,0,0.561
tilt_b,aggressive,mid,mixed,20,20,2025,50,50,-0.164,-0.15,-11.065,-12.256,-0.099,-0.14,-1.644,-0.164,0.41,20.0,1000,983,0.983,0,983,0,0,0,0,15,0,0,2,0,0,0.596
tilt_b,aggressive,mid,mixed,20,20,2026,32,32,-0.627,-0.36,-16.365,-17.166,-0.731,-0.652,-2.56,-0.627,0.429,20.0,640,626,0.9781,0,623,0,0,3,0,9,3,0,2,0,0,0.598
tilt_b,aggressive,mid,mixed,20,63,ALL,165,165,-0.768,-0.56,-19.582,-26.431,-0.662,-0.83,-5.13,-0.768,0.376,20,3300,3159,0.9573,0,3149,0,0,10,0,132,2,0,7,0,0,0.581
tilt_b,aggressive,mid,mixed,20,63,P1,91,91,-1.361,-1.56,-11.545,-13.176,-1.254,-1.323,-4.946,-1.361,0.363,20,1820,1755,0.9643,0,1755,0,0,0,0,62,0,0,3,0,0,0.573
tilt_b,aggressive,mid,mixed,20,63,P2,74,74,-0.039,-0.01,-23.689,-26.431,0.065,-0.224,-5.355,-0.039,0.392,20.0,1480,1404,0.9486,0,1394,0,0,10,0,70,2,0,4,0,0,0.592
tilt_b,aggressive,mid,mixed,20,63,2023,40,40,-1.779,-1.36,-10.552,-10.722,-1.793,-1.691,-7.42,-1.779,0.403,20.0,800,755,0.9437,0,755,0,0,0,0,43,0,0,2,0,0,0.587
tilt_b,aggressive,mid,mixed,20,63,2024,51,51,-1.032,-0.94,-12.207,-13.176,-0.831,-1.035,-3.006,-1.032,0.331,20,1020,1000,0.9804,0,1000,0,0,0,0,19,0,0,1,0,0,0.561
tilt_b,aggressive,mid,mixed,20,63,2025,50,50,1.72,0.53,-17.551,-19.63,1.952,1.461,-3.661,1.72,0.432,20.0,1000,949,0.949,0,944,0,0,5,0,49,0,0,2,0,0,0.596
tilt_b,aggressive,mid,mixed,20,63,2026,24,24,-3.703,-0.73,-26.421,-26.431,-3.864,-3.733,-8.884,-3.703,0.308,20.0,480,455,0.9479,0,450,0,0,5,0,21,2,0,2,0,0,0.578
tilt_b,aggressive,mid,stock,10,5,ALL,176,176,0.01,0.04,-8.984,-15.9,0.005,0.007,-0.672,0.01,0.47,10.0,1760,1743,0.9903,0,1743,0,0,0,0,11,1,0,5,0,0,0.607
tilt_b,aggressive,mid,stock,10,5,P1,91,91,-0.036,-0.13,-5.146,-6.802,-0.043,-0.042,-0.593,-0.036,0.458,10,910,903,0.9923,0,903,0,0,0,0,5,0,0,2,0,0,0.603
tilt_b,aggressive,mid,stock,10,5,P2,85,85,0.06,0.12,-10.907,-15.9,0.056,0.059,-0.757,0.06,0.482,10,850,840,0.9882,0,840,0,0,0,0,6,1,0,3,0,0,0.611
tilt_b,aggressive,mid,stock,10,5,2023,40,40,-0.304,-0.84,-4.753,-4.869,-0.315,-0.316,-1.067,-0.304,0.443,10.0,400,396,0.99,0,396,0,0,0,0,3,0,0,1,0,0,0.592
tilt_b,aggressive,mid,stock,10,5,2024,51,51,0.174,0.43,-5.409,-6.802,0.17,0.172,-0.221,0.174,0.469,10,510,507,0.9941,0,507,0,0,0,0,2,0,0,1,0,0,0.61
tilt_b,aggressive,mid,stock,10,5,2025,50,50,0.23,0.46,-7.083,-9.657,0.212,0.238,-0.753,0.23,0.491,10.0,500,494,0.988,0,494,0,0,0,0,5,0,0,1,0,0,0.596
tilt_b,aggressive,mid,stock,10,5,2026,35,35,-0.182,-0.19,-13.354,-15.9,-0.167,-0.197,-0.762,-0.182,0.47,10,350,346,0.9886,0,346,0,0,0,0,1,1,0,2,0,0,0.632
tilt_b,aggressive,mid,stock,10,20,ALL,173,173,0.395,0.57,-14.023,-20.081,0.384,0.395,-1.599,0.395,0.475,10,1730,1691,0.9775,0,1688,0,0,3,0,31,3,0,5,0,0,0.606
tilt_b,aggressive,mid,stock,10,20,P1,91,91,0.442,0.6,-9.19,-11.003,0.423,0.43,-0.811,0.442,0.507,10,910,897,0.9857,0,897,0,0,0,0,11,0,0,2,0,0,0.603
tilt_b,aggressive,mid,stock,10,20,P2,82,82,0.343,0.28,-16.351,-20.081,0.34,0.357,-2.474,0.343,0.439,10.0,820,794,0.9683,0,791,0,0,3,0,20,3,0,3,0,0,0.61
tilt_b,aggressive,mid,stock,10,20,2023,40,40,-0.942,-1.79,-10.105,-11.003,-0.921,-0.934,-2.717,-0.942,0.456,10.0,400,392,0.98,0,392,0,0,0,0,7,0,0,1,0,0,0.592
tilt_b,aggressive,mid,stock,10,20,2024,51,51,1.527,1.31,-8.581,-9.123,1.477,1.499,0.684,1.527,0.547,10,510,505,0.9902,0,505,0,0,0,0,4,0,0,1,0,0,0.61
tilt_b,aggressive,mid,stock,10,20,2025,50,50,0.299,0.22,-12.157,-13.039,0.46,0.415,-2.188,0.299,0.429,10.0,500,486,0.972,0,486,0,0,0,0,13,0,0,1,0,0,0.596
tilt_b,aggressive,mid,stock,10,20,2026,32,32,0.41,0.18,-20.07,-20.081,0.152,0.267,-2.919,0.41,0.454,10.0,320,308,0.9625,0,305,0,0,3,0,7,3,0,2,0,0,0.632
tilt_b,aggressive,mid,stock,10,63,ALL,165,165,0.673,0.45,-22.969,-30.532,0.85,0.478,-4.945,0.673,0.448,10,1650,1561,0.9461,0,1554,0,0,7,0,84,0,0,5,0,0,0.601
tilt_b,aggressive,mid,stock,10,63,P1,91,91,0.801,0.74,-12.983,-16.907,0.963,0.771,-2.625,0.801,0.468,10,910,879,0.9659,0,879,0,0,0,0,29,0,0,2,0,0,0.603
tilt_b,aggressive,mid,stock,10,63,P2,74,74,0.517,0.17,-26.549,-30.532,0.712,0.119,-7.799,0.517,0.423,10.0,740,682,0.9216,0,675,0,0,7,0,55,0,0,3,0,0,0.599
tilt_b,aggressive,mid,stock,10,63,2023,40,40,-0.156,-0.09,-14.221,-16.907,-0.301,-0.18,-4.712,-0.156,0.465,10.0,400,382,0.955,0,382,0,0,0,0,17,0,0,1,0,0,0.592
tilt_b,aggressive,mid,stock,10,63,2024,51,51,1.551,1.45,-11.339,-16.206,1.954,1.517,-0.987,1.551,0.471,10,510,497,0.9745,0,497,0,0,0,0,12,0,0,1,0,0,0.61
tilt_b,aggressive,mid,stock,10,63,2025,50,50,1.893,0.56,-21.043,-23.185,2.517,1.559,-6.668,1.893,0.446,10.0,500,460,0.92,0,458,0,0,2,0,39,0,0,1,0,0,0.596
tilt_b,aggressive,mid,stock,10,63,2026,24,24,-2.35,-0.38,-29.789,-30.532,-3.048,-2.883,-10.156,-2.35,0.376,10.0,240,222,0.925,0,217,0,0,5,0,16,0,0,2,0,0,0.604
tilt_b,aggressive,mid,stock,20,5,ALL,176,176,-0.003,-0.01,-7.317,-13.969,-0.008,-0.007,-0.491,-0.007,0.486,20.0,3512,3488,0.9932,8,3487,0,0,1,0,15,2,0,7,0,1,0.57
tilt_b,aggressive,mid,stock,20,5,P1,91,91,-0.063,-0.27,-4.337,-5.93,-0.066,-0.067,-0.568,-0.063,0.475,20,1820,1808,0.9934,0,1808,0,0,0,0,9,0,0,3,0,0,0.564
tilt_b,aggressive,mid,stock,20,5,P2,85,85,0.062,0.15,-8.694,-13.969,0.054,0.057,-0.409,0.053,0.498,20,1692,1680,0.9929,8,1679,0,0,1,0,6,2,0,4,0,1,0.576
tilt_b,aggressive,mid,stock,20,5,2023,40,40,-0.271,-0.95,-4.123,-4.377,-0.27,-0.274,-1.035,-0.271,0.458,20.0,800,792,0.99,0,792,0,0,0,0,6,0,0,2,0,0,0.565
tilt_b,aggressive,mid,stock,20,5,2024,51,51,0.1,0.29,-4.479,-5.93,0.094,0.095,-0.201,0.1,0.488,20,1020,1016,0.9961,0,1016,0,0,0,0,3,0,0,1,0,0,0.565
tilt_b,aggressive,mid,stock,20,5,2025,50,50,0.151,0.41,-5.194,-7.484,0.144,0.152,-0.344,0.136,0.498,20.0,992,985,0.9929,8,985,0,0,0,0,5,0,0,2,0,1,0.579
tilt_b,aggressive,mid,stock,20,5,2026,35,35,-0.065,-0.08,-11.354,-13.969,-0.076,-0.078,-0.502,-0.065,0.497,20,700,695,0.9929,0,694,0,0,1,0,1,2,0,2,0,0,0.574
tilt_b,aggressive,mid,stock,20,20,ALL,173,173,-0.055,-0.09,-11.919,-17.683,-0.062,-0.051,-2.023,-0.074,0.464,20,3452,3378,0.9786,8,3374,0,0,4,0,64,3,0,7,0,1,0.569
tilt_b,aggressive,mid,stock,20,20,P1,91,91,0.065,0.1,-7.091,-8.168,0.049,0.063,-1.965,0.065,0.482,20,1820,1781,0.9786,0,1781,0,0,0,0,36,0,0,3,0,0,0.564
tilt_b,aggressive,mid,stock,20,20,P2,82,82,-0.188,-0.19,-13.783,-17.683,-0.184,-0.178,-2.087,-0.229,0.443,20.0,1632,1597,0.9786,8,1593,0,0,4,0,28,3,0,4,0,1,0.575
tilt_b,aggressive,mid,stock,20,20,2023,40,40,-1.16,-3.28,-6.68,-7.494,-1.118,-1.128,-4.325,-1.16,0.44,20.0,800,773,0.9663,0,773,0,0,0,0,25,0,0,2,0,0,0.565
tilt_b,aggressive,mid,stock,20,20,2024,51,51,1.026,1.02,-7.175,-8.168,0.964,0.997,-0.114,1.026,0.515,20,1020,1008,0.9882,0,1008,0,0,0,0,11,0,0,1,0,0,0.565
tilt_b,aggressive,mid,stock,20,20,2025,50,50,-0.102,-0.09,-11.029,-12.73,-0.032,-0.065,-1.876,-0.169,0.446,20.0,992,972,0.9798,8,972,0,0,0,0,18,0,0,2,0,1,0.579
tilt_b,aggressive,mid,stock,20,20,2026,32,32,-0.322,-0.17,-16.624,-17.683,-0.422,-0.355,-2.418,-0.322,0.439,20.0,640,625,0.9766,0,621,0,0,4,0,10,3,0,2,0,0,0.571
tilt_b,aggressive,mid,stock,20,63,ALL,165,165,1.151,0.72,-18.935,-26.417,1.229,1.053,-4.325,1.093,0.452,20,3292,3118,0.9471,8,3107,0,0,11,0,165,2,0,7,0,1,0.567
tilt_b,aggressive,mid,stock,20,63,P1,91,91,0.805,0.74,-10.384,-12.634,0.859,0.793,-3.769,0.805,0.466,20,1820,1739,0.9555,0,1739,0,0,0,0,78,0,0,3,0,0,0.564
tilt_b,aggressive,mid,stock,20,63,P2,74,74,1.577,0.48,-25.257,-26.417,1.685,1.372,-5.008,1.448,0.435,20.0,1472,1379,0.9368,8,1368,0,0,11,0,87,2,0,4,0,1,0.571
tilt_b,aggressive,mid,stock,20,63,2023,40,40,-0.633,-0.39,-12.123,-12.634,-0.675,-0.582,-7.251,-0.633,0.448,20.0,800,748,0.935,0,748,0,0,0,0,50,0,0,2,0,0,0.565
tilt_b,aggressive,mid,stock,20,63,2024,51,51,1.933,2.06,-7.678,-8.382,2.062,1.871,-1.038,1.933,0.479,20,1020,991,0.9716,0,991,0,0,0,0,28,0,0,1,0,0,0.565
tilt_b,aggressive,mid,stock,20,63,2025,50,50,3.259,0.88,-13.559,-15.479,3.518,3.035,-3.288,3.068,0.472,20.0,992,930,0.9375,8,925,0,0,5,0,60,0,0,2,0,1,0.579
tilt_b,aggressive,mid,stock,20,63,2026,24,24,-1.927,-0.3,-26.415,-26.417,-2.135,-2.091,-8.591,-1.927,0.359,20.0,480,449,0.9354,0,443,0,0,6,0,27,2,0,2,0,0,0.557
tilt_b,aggressive,short,mixed,10,5,ALL,176,176,-0.026,-0.12,-6.475,-13.035,-0.028,-0.028,-0.367,-0.026,0.467,10.0,1760,1754,0.9966,0,1754,0,0,0,0,5,1,0,0,0,0,0.661
tilt_b,aggressive,short,mixed,10,5,P1,91,91,-0.026,-0.1,-4.138,-4.747,-0.026,-0.022,-0.249,-0.026,0.428,10,910,908,0.9978,0,908,0,0,0,0,2,0,0,0,0,0,0.65
tilt_b,aggressive,short,mixed,10,5,P2,85,85,-0.026,-0.07,-8.147,-13.035,-0.029,-0.034,-0.493,-0.026,0.509,10,850,846,0.9953,0,846,0,0,0,0,3,1,0,0,0,0,0.671
tilt_b,aggressive,short,mixed,10,5,2023,40,40,0.088,0.32,-3.581,-4.747,0.094,0.1,-0.163,0.088,0.438,10.0,400,399,0.9975,0,399,0,0,0,0,1,0,0,0,0,0,0.638
tilt_b,aggressive,short,mixed,10,5,2024,51,51,-0.116,-0.28,-4.088,-4.414,-0.121,-0.118,-0.317,-0.116,0.421,10,510,509,0.998,0,509,0,0,0,0,1,0,0,0,0,0,0.66
tilt_b,aggressive,short,mixed,10,5,2025,50,50,0.109,0.26,-7.003,-8.433,0.099,0.105,-0.283,0.109,0.532,10.0,500,498,0.996,0,498,0,0,0,0,2,0,0,0,0,0,0.669
tilt_b,aggressive,short,mixed,10,5,2026,35,35,-0.219,-0.34,-9.862,-13.035,-0.214,-0.232,-0.794,-0.219,0.476,10,350,348,0.9943,0,348,0,0,0,0,1,1,0,0,0,0,0.671
tilt_b,aggressive,short,mixed,10,20,ALL,173,173,-0.807,-1.47,-13.834,-16.652,-0.808,-0.781,-2.02,-0.807,0.399,10,1730,1709,0.9879,0,1707,0,0,2,0,20,1,0,0,0,0,0.659
tilt_b,aggressive,short,mixed,10,20,P1,91,91,-0.44,-0.67,-9.533,-12.465,-0.427,-0.414,-1.327,-0.44,0.387,10,910,902,0.9912,0,902,0,0,0,0,8,0,0,0,0,0,0.65
tilt_b,aggressive,short,mixed,10,20,P2,82,82,-1.215,-1.36,-15.167,-16.652,-1.23,-1.188,-2.79,-1.215,0.413,10.0,820,807,0.9841,0,805,0,0,2,0,12,1,0,0,0,0,0.669
tilt_b,aggressive,short,mixed,10,20,2023,40,40,-0.563,-0.98,-5.679,-6.169,-0.551,-0.544,-1.581,-0.563,0.426,10.0,400,396,0.99,0,396,0,0,0,0,4,0,0,0,0,0,0.638
tilt_b,aggressive,short,mixed,10,20,2024,51,51,-0.343,-0.32,-10.58,-12.465,-0.33,-0.312,-1.127,-0.343,0.356,10,510,506,0.9922,0,506,0,0,0,0,4,0,0,0,0,0,0.66
tilt_b,aggressive,short,mixed,10,20,2025,50,50,-1.132,-1.05,-14.102,-16.652,-1.084,-1.09,-2.876,-1.132,0.41,10.0,500,491,0.982,0,491,0,0,0,0,9,0,0,0,0,0,0.669
tilt_b,aggressive,short,mixed,10,20,2026,32,32,-1.344,-0.87,-16.311,-16.599,-1.458,-1.341,-2.655,-1.344,0.419,10.0,320,316,0.9875,0,314,0,0,2,0,3,1,0,0,0,0,0.665
tilt_b,aggressive,short,mixed,10,63,ALL,165,165,-2.192,-1.53,-20.267,-29.317,-2.031,-2.159,-5.761,-2.192,0.333,10,1650,1594,0.9661,0,1590,0,0,4,0,56,0,0,0,0,0,0.656
tilt_b,aggressive,short,mixed,10,63,P1,91,91,-1.829,-2.27,-13.232,-14.386,-1.82,-1.865,-4.685,-1.829,0.319,10,910,886,0.9736,0,886,0,0,0,0,24,0,0,0,0,0,0.65
tilt_b,aggressive,short,mixed,10,63,P2,74,74,-2.638,-0.87,-23.373,-29.317,-2.29,-2.521,-7.085,-2.638,0.352,10.0,740,708,0.9568,0,704,0,0,4,0,32,0,0,0,0,0,0.663
tilt_b,aggressive,short,mixed,10,63,2023,40,40,-1.994,-3.91,-11.503,-11.915,-2.272,-2.069,-5.848,-1.994,0.343,10.0,400,386,0.965,0,386,0,0,0,0,14,0,0,0,0,0,0.638
tilt_b,aggressive,short,mixed,10,63,2024,51,51,-1.7,-1.22,-13.746,-14.386,-1.467,-1.705,-3.773,-1.7,0.3,10,510,500,0.9804,0,500,0,0,0,0,10,0,0,0,0,0,0.66
tilt_b,aggressive,short,mixed,10,63,2025,50,50,0.022,0.01,-19.952,-22.342,0.506,0.102,-5.352,0.022,0.399,10.0,500,474,0.948,0,474,0,0,0,0,26,0,0,0,0,0,0.669
tilt_b,aggressive,short,mixed,10,63,2026,24,24,-8.181,-2.71,-25.315,-29.317,-8.114,-7.986,-10.695,-8.181,0.253,10.0,240,234,0.975,0,230,0,0,4,0,6,0,0,0,0,0,0.643
tilt_b,aggressive,short,mixed,20,5,ALL,176,176,-0.06,-0.31,-6.311,-11.962,-0.06,-0.061,-0.43,-0.06,0.462,20.0,3520,3503,0.9952,0,3503,0,0,0,0,12,1,0,4,0,0,0.598
tilt_b,aggressive,short,mixed,20,5,P1,91,91,-0.013,-0.06,-3.223,-4.324,-0.013,-0.013,-0.347,-0.013,0.438,20,1820,1811,0.9951,0,1811,0,0,0,0,6,0,0,3,0,0,0.589
tilt_b,aggressive,short,mixed,20,5,P2,85,85,-0.11,-0.33,-7.704,-11.962,-0.11,-0.112,-0.518,-0.11,0.488,20,1700,1692,0.9953,0,1692,0,0,0,0,6,1,0,1,0,0,0.608
tilt_b,aggressive,short,mixed,20,5,2023,40,40,-0.093,-0.41,-3.036,-3.158,-0.094,-0.093,-0.6,-0.093,0.452,20.0,800,795,0.9938,0,795,0,0,0,0,4,0,0,1,0,0,0.574
tilt_b,aggressive,short,mixed,20,5,2024,51,51,0.05,0.15,-3.347,-4.324,0.05,0.05,-0.148,0.05,0.427,20,1020,1016,0.9961,0,1016,0,0,0,0,2,0,0,2,0,0,0.598
tilt_b,aggressive,short,mixed,20,5,2025,50,50,0.236,0.62,-6.157,-8.049,0.234,0.238,-0.256,0.236,0.498,20.0,1000,994,0.994,0,994,0,0,0,0,5,0,0,1,0,0,0.583
tilt_b,aggressive,short,mixed,20,5,2026,35,35,-0.604,-1.03,-9.203,-11.962,-0.602,-0.612,-0.892,-0.604,0.474,20,700,698,0.9971,0,698,0,0,0,0,1,1,0,0,0,0,0.644
tilt_b,aggressive,short,mixed,20,20,ALL,173,173,-0.728,-1.44,-11.726,-14.757,-0.755,-0.722,-2.165,-0.728,0.403,20,3460,3407,0.9847,0,3404,0,0,3,0,48,1,0,4,0,0,0.596
tilt_b,aggressive,short,mixed,20,20,P1,91,91,-0.613,-1.24,-6.301,-8.068,-0.62,-0.598,-1.906,-0.613,0.389,20,1820,1794,0.9857,0,1794,0,0,0,0,23,0,0,3,0,0,0.589
tilt_b,aggressive,short,mixed,20,20,P2,82,82,-0.856,-0.93,-13.0,-14.757,-0.905,-0.861,-2.453,-0.856,0.419,20.0,1640,1613,0.9835,0,1610,0,0,3,0,25,1,0,1,0,0,0.604
tilt_b,aggressive,short,mixed,20,20,2023,40,40,-0.921,-2.1,-5.122,-5.31,-0.92,-0.898,-2.971,-0.921,0.42,20.0,800,783,0.9788,0,783,0,0,0,0,16,0,0,1,0,0,0.574
tilt_b,aggressive,short,mixed,20,20,2024,51,51,-0.371,-0.47,-6.831,-8.068,-0.384,-0.362,-1.07,-0.371,0.365,20,1020,1011,0.9912,0,1011,0,0,0,0,7,0,0,2,0,0,0.598
tilt_b,aggressive,short,mixed,20,20,2025,50,50,-0.116,-0.09,-12.375,-13.715,-0.134,-0.122,-2.003,-0.116,0.424,20.0,1000,980,0.98,0,980,0,0,0,0,19,0,0,1,0,0,0.583
tilt_b,aggressive,short,mixed,20,20,2026,32,32,-2.012,-1.61,-13.562,-14.757,-2.11,-2.016,-3.155,-2.012,0.41,20.0,640,633,0.9891,0,630,0,0,3,0,6,1,0,0,0,0,0.637
tilt_b,aggressive,short,mixed,20,63,ALL,165,165,-1.567,-1.02,-17.61,-22.717,-1.461,-1.544,-5.591,-1.567,0.359,20,3300,3171,0.9609,0,3165,0,0,6,0,125,0,0,4,0,0,0.592
tilt_b,aggressive,short,mixed,20,63,P1,91,91,-2.067,-2.76,-12.468,-13.347,-2.035,-2.035,-5.533,-2.067,0.336,20,1820,1758,0.9659,0,1758,0,0,0,0,59,0,0,3,0,0,0.589
tilt_b,aggressive,short,mixed,20,63,P2,74,74,-0.952,-0.29,-20.378,-22.717,-0.756,-0.939,-5.661,-0.952,0.387,20.0,1480,1413,0.9547,0,1407,0,0,6,0,66,0,0,1,0,0,0.597
tilt_b,aggressive,short,mixed,20,63,2023,40,40,-2.832,-3.6,-11.434,-12.866,-2.947,-2.767,-8.358,-2.832,0.361,20.0,800,758,0.9475,0,758,0,0,0,0,41,0,0,1,0,0,0.574
tilt_b,aggressive,short,mixed,20,63,2024,51,51,-1.468,-1.34,-12.849,-13.347,-1.319,-1.461,-3.318,-1.468,0.316,20,1020,1000,0.9804,0,1000,0,0,0,0,18,0,0,2,0,0,0.598
tilt_b,aggressive,short,mixed,20,63,2025,50,50,1.91,0.46,-17.855,-18.867,2.14,1.842,-3.534,1.91,0.438,20.0,1000,948,0.948,0,947,0,0,1,0,51,0,0,1,0,0,0.583
tilt_b,aggressive,short,mixed,20,63,2026,24,24,-6.913,-2.45,-22.132,-22.717,-6.789,-6.733,-10.094,-6.913,0.28,20.0,480,465,0.9688,0,460,0,0,5,0,15,0,0,0,0,0,0.626
tilt_b,aggressive,short,stock,10,5,ALL,176,176,0.143,0.59,-7.088,-13.012,0.138,0.136,-0.32,0.143,0.488,10.0,1760,1750,0.9943,0,1750,0,0,0,0,7,1,0,2,0,0,0.641
tilt_b,aggressive,short,stock,10,5,P1,91,91,0.109,0.4,-3.963,-4.747,0.11,0.109,-0.23,0.109,0.464,10,910,905,0.9945,0,905,0,0,0,0,3,0,0,2,0,0,0.647
tilt_b,aggressive,short,stock,10,5,P2,85,85,0.18,0.43,-8.603,-13.012,0.169,0.164,-0.416,0.18,0.513,10,850,845,0.9941,0,845,0,0,0,0,4,1,0,0,0,0,0.635
tilt_b,aggressive,short,stock,10,5,2023,40,40,0.17,0.53,-4.234,-4.747,0.171,0.172,-0.344,0.17,0.466,10.0,400,397,0.9925,0,397,0,0,0,0,2,0,0,1,0,0,0.603
tilt_b,aggressive,short,stock,10,5,2024,51,51,0.06,0.15,-3.782,-4.145,0.062,0.059,-0.14,0.06,0.463,10,510,508,0.9961,0,508,0,0,0,0,1,0,0,1,0,0,0.678
tilt_b,aggressive,short,stock,10,5,2025,50,50,0.19,0.41,-7.596,-8.687,0.176,0.182,-0.412,0.19,0.537,10.0,500,497,0.994,0,497,0,0,0,0,3,0,0,0,0,0,0.624
tilt_b,aggressive,short,stock,10,5,2026,35,35,0.165,0.22,-10.115,-13.012,0.158,0.139,-0.422,0.165,0.479,10,350,348,0.9943,0,348,0,0,0,0,1,1,0,0,0,0,0.653
tilt_b,aggressive,short,stock,10,20,ALL,173,173,-0.426,-0.66,-13.814,-16.652,-0.431,-0.388,-2.036,-0.426,0.463,10,1730,1700,0.9827,0,1698,0,0,2,0,27,1,0,2,0,0,0.64
tilt_b,aggressive,short,stock,10,20,P1,91,91,0.202,0.26,-10.038,-12.465,0.194,0.224,-0.911,0.202,0.493,10,910,898,0.9868,0,898,0,0,0,0,10,0,0,2,0,0,0.647
tilt_b,aggressive,short,stock,10,20,P2,82,82,-1.124,-1.09,-15.448,-16.652,-1.126,-1.066,-3.284,-1.124,0.43,10.0,820,802,0.978,0,800,0,0,2,0,17,1,0,0,0,0,0.633
tilt_b,aggressive,short,stock,10,20,2023,40,40,-0.643,-0.98,-8.32,-10.471,-0.637,-0.634,-1.925,-0.643,0.476,10.0,400,394,0.985,0,394,0,0,0,0,5,0,0,1,0,0,0.603
tilt_b,aggressive,short,stock,10,20,2024,51,51,0.865,0.68,-10.58,-12.465,0.847,0.897,-0.115,0.865,0.506,10,510,504,0.9882,0,504,0,0,0,0,5,0,0,1,0,0,0.678
tilt_b,aggressive,short,stock,10,20,2025,50,50,-0.986,-0.74,-14.786,-16.652,-0.888,-0.899,-3.488,-0.986,0.434,10.0,500,487,0.974,0,487,0,0,0,0,13,0,0,0,0,0,0.624
tilt_b,aggressive,short,stock,10,20,2026,32,32,-1.339,-0.83,-16.311,-16.599,-1.497,-1.327,-2.965,-1.339,0.423,10.0,320,315,0.9844,0,313,0,0,2,0,4,1,0,0,0,0,0.652
tilt_b,aggressive,short,stock,10,63,ALL,165,165,-0.422,-0.25,-20.604,-29.317,-0.198,-0.359,-5.221,-0.422,0.425,10,1650,1573,0.9533,0,1568,0,0,5,0,75,0,0,2,0,0,0.637
tilt_b,aggressive,short,stock,10,63,P1,91,91,0.393,0.4,-12.531,-14.953,0.413,0.32,-3.332,0.393,0.443,10,910,877,0.9637,0,877,0,0,0,0,31,0,0,2,0,0,0.647
tilt_b,aggressive,short,stock,10,63,P2,74,74,-1.424,-0.41,-23.72,-29.317,-0.95,-1.193,-7.543,-1.424,0.403,10.0,740,696,0.9405,0,691,0,0,5,0,44,0,0,0,0,0,0.625
tilt_b,aggressive,short,stock,10,63,2023,40,40,-1.09,-1.2,-11.296,-11.578,-1.32,-1.185,-6.065,-1.09,0.426,10.0,400,381,0.9525,0,381,0,0,0,0,18,0,0,1,0,0,0.603
tilt_b,aggressive,short,stock,10,63,2024,51,51,1.556,1.22,-13.355,-14.953,1.773,1.5,-1.189,1.556,0.457,10,510,496,0.9725,0,496,0,0,0,0,13,0,0,1,0,0,0.678
tilt_b,aggressive,short,stock,10,63,2025,50,50,1.231,0.28,-19.086,-20.493,1.861,1.439,-6.026,1.231,0.442,10.0,500,465,0.93,0,464,0,0,1,0,35,0,0,0,0,0,0.624
tilt_b,aggressive,short,stock,10,63,2026,24,24,-6.957,-1.72,-27.344,-29.317,-6.807,-6.678,-10.704,-6.957,0.32,10.0,240,231,0.9625,0,227,0,0,4,0,9,0,0,0,0,0,0.63
tilt_b,aggressive,short,stock,20,5,ALL,176,176,-0.089,-0.43,-6.731,-12.027,-0.09,-0.092,-0.517,-0.089,0.478,20.0,3520,3500,0.9943,0,3500,0,0,0,0,14,1,0,5,0,0,0.581
tilt_b,aggressive,short,stock,20,5,P1,91,91,-0.022,-0.1,-3.654,-5.058,-0.024,-0.023,-0.413,-0.022,0.464,20,1820,1810,0.9945,0,1810,0,0,0,0,7,0,0,3,0,0,0.576
tilt_b,aggressive,short,stock,20,5,P2,85,85,-0.161,-0.45,-8.072,-12.027,-0.16,-0.165,-0.628,-0.161,0.493,20,1700,1690,0.9941,0,1690,0,0,0,0,7,1,0,2,0,0,0.586
tilt_b,aggressive,short,stock,20,5,2023,40,40,-0.175,-0.62,-4.254,-5.058,-0.18,-0.178,-0.812,-0.175,0.469,20.0,800,794,0.9925,0,794,0,0,0,0,5,0,0,1,0,0,0.558
tilt_b,aggressive,short,stock,20,5,2024,51,51,0.098,0.28,-3.154,-3.633,0.097,0.098,-0.101,0.098,0.46,20,1020,1016,0.9961,0,1016,0,0,0,0,2,0,0,2,0,0,0.589
tilt_b,aggressive,short,stock,20,5,2025,50,50,0.138,0.34,-6.392,-8.66,0.139,0.139,-0.453,0.138,0.505,20.0,1000,993,0.993,0,993,0,0,0,0,6,0,0,1,0,0,0.558
tilt_b,aggressive,short,stock,20,5,2026,35,35,-0.59,-0.93,-9.373,-12.027,-0.587,-0.598,-0.879,-0.59,0.477,20,700,697,0.9957,0,697,0,0,0,0,1,1,0,1,0,0,0.626
tilt_b,aggressive,short,stock,20,20,ALL,173,173,-0.641,-1.17,-12.348,-14.757,-0.653,-0.631,-2.392,-0.641,0.446,20,3460,3395,0.9812,0,3392,0,0,3,0,57,3,0,5,0,0,0.579
tilt_b,aggressive,short,stock,20,20,P1,91,91,-0.23,-0.38,-7.474,-10.146,-0.248,-0.227,-1.819,-0.23,0.465,20,1820,1789,0.983,0,1789,0,0,0,0,28,0,0,3,0,0,0.576
tilt_b,aggressive,short,stock,20,20,P2,82,82,-1.097,-1.17,-13.778,-14.757,-1.102,-1.079,-3.029,-1.097,0.424,20.0,1640,1606,0.9793,0,1603,0,0,3,0,29,3,0,2,0,0,0.582
tilt_b,aggressive,short,stock,20,20,2023,40,40,-1.039,-1.96,-8.531,-10.146,-1.038,-1.02,-3.478,-1.039,0.445,20.0,800,780,0.975,0,780,0,0,0,0,19,0,0,1,0,0,0.558
tilt_b,aggressive,short,stock,20,20,2024,51,51,0.403,0.42,-6.77,-8.068,0.372,0.396,-0.518,0.403,0.481,20,1020,1009,0.9892,0,1009,0,0,0,0,9,0,0,2,0,0,0.589
tilt_b,aggressive,short,stock,20,20,2025,50,50,-0.428,-0.34,-13.458,-14.482,-0.374,-0.387,-2.659,-0.428,0.437,20.0,1000,976,0.976,0,976,0,0,0,0,23,0,0,1,0,0,0.558
tilt_b,aggressive,short,stock,20,20,2026,32,32,-2.143,-1.67,-14.258,-14.757,-2.24,-2.16,-3.606,-2.143,0.404,20.0,640,630,0.9844,0,627,0,0,3,0,6,3,0,1,0,0,0.621
tilt_b,aggressive,short,stock,20,63,ALL,165,165,-0.466,-0.28,-17.477,-23.246,-0.344,-0.456,-5.496,-0.466,0.422,20,3300,3140,0.9515,0,3132,0,0,8,0,155,0,0,5,0,0,0.576
tilt_b,aggressive,short,stock,20,63,P1,91,91,-0.567,-0.64,-11.263,-14.168,-0.502,-0.561,-5.01,-0.567,0.424,20,1820,1742,0.9571,0,1740,0,0,2,0,75,0,0,3,0,0,0.576
tilt_b,aggressive,short,stock,20,63,P2,74,74,-0.342,-0.1,-20.286,-23.246,-0.151,-0.326,-6.092,-0.342,0.42,20.0,1480,1398,0.9446,0,1392,0,0,6,0,80,0,0,2,0,0,0.577
tilt_b,aggressive,short,stock,20,63,2023,40,40,-1.94,-1.83,-12.081,-14.168,-2.108,-1.898,-8.582,-1.94,0.409,20.0,800,750,0.9375,0,750,0,0,0,0,49,0,0,1,0,0,0.558
tilt_b,aggressive,short,stock,20,63,2024,51,51,0.51,0.51,-10.717,-13.347,0.758,0.488,-2.209,0.51,0.436,20,1020,992,0.9725,0,990,0,0,2,0,26,0,0,2,0,0,0.589
tilt_b,aggressive,short,stock,20,63,2025,50,50,2.694,0.62,-16.79,-17.514,2.926,2.634,-4.068,2.694,0.474,20.0,1000,936,0.936,0,935,0,0,1,0,63,0,0,1,0,0,0.558
tilt_b,aggressive,short,stock,20,63,2026,24,24,-6.667,-2.08,-22.396,-23.246,-6.561,-6.493,-10.31,-6.667,0.309,20.0,480,462,0.9625,0,457,0,0,5,0,17,0,0,1,0,0,0.617
tilt_b,balanced,long,mixed,10,5,ALL,176,176,-0.128,-0.51,-8.899,-14.189,-0.128,-0.133,-0.582,-0.128,0.455,10.0,1760,1746,0.992,0,1746,0,0,0,0,8,0,0,6,0,0,0.619
tilt_b,balanced,long,mixed,10,5,P1,91,91,-0.183,-0.71,-5.233,-8.806,-0.181,-0.186,-0.737,-0.183,0.432,10,910,902,0.9912,0,902,0,0,0,0,5,0,0,3,0,0,0.616
tilt_b,balanced,long,mixed,10,5,P2,85,85,-0.068,-0.16,-10.987,-14.189,-0.072,-0.076,-0.416,-0.068,0.479,10,850,844,0.9929,0,844,0,0,0,0,3,0,0,3,0,0,0.624
tilt_b,balanced,long,mixed,10,5,2023,40,40,-0.502,-1.64,-4.44,-4.637,-0.494,-0.508,-1.259,-0.502,0.416,10.0,400,395,0.9875,0,395,0,0,0,0,3,0,0,2,0,0,0.615
tilt_b,balanced,long,mixed,10,5,2024,51,51,0.067,0.17,-5.763,-8.806,0.064,0.066,-0.327,0.067,0.444,10,510,507,0.9941,0,507,0,0,0,0,2,0,0,1,0,0,0.612
tilt_b,balanced,long,mixed,10,5,2025,50,50,-0.121,-0.28,-7.711,-12.219,-0.136,-0.124,-0.507,-0.121,0.474,10.0,500,497,0.994,0,497,0,0,0,0,2,0,0,1,0,0,0.624
tilt_b,balanced,long,mixed,10,5,2026,35,35,0.008,0.01,-12.045,-14.189,0.02,-0.007,-0.286,0.008,0.487,10,350,347,0.9914,0,347,0,0,0,0,1,0,0,2,0,0,0.621
tilt_b,balanced,long,mixed,10,20,ALL,173,173,-0.3,-0.48,-12.68,-17.186,-0.301,-0.31,-2.409,-0.3,0.407,10,1730,1688,0.9757,0,1686,0,0,2,0,33,3,0,6,0,0,0.618
tilt_b,balanced,long,mixed,10,20,P1,91,91,-0.479,-0.68,-9.257,-10.363,-0.457,-0.469,-2.386,-0.479,0.387,10,910,890,0.978,0,890,0,0,0,0,17,0,0,3,0,0,0.616
tilt_b,balanced,long,mixed,10,20,P2,82,82,-0.102,-0.09,-14.283,-17.186,-0.128,-0.134,-2.435,-0.102,0.429,10.0,820,798,0.9732,0,796,0,0,2,0,16,3,0,3,0,0,0.622
tilt_b,balanced,long,mixed,10,20,2023,40,40,-1.577,-3.36,-8.432,-10.363,-1.423,-1.48,-4.263,-1.577,0.402,10.0,400,387,0.9675,0,387,0,0,0,0,11,0,0,2,0,0,0.615
tilt_b,balanced,long,mixed,10,20,2024,51,51,0.383,0.34,-9.551,-9.952,0.301,0.325,-0.914,0.383,0.376,10,510,503,0.9863,0,503,0,0,0,0,6,0,0,1,0,0,0.612
tilt_b,balanced,long,mixed,10,20,2025,50,50,-0.592,-0.42,-14.279,-17.186,-0.556,-0.604,-2.561,-0.592,0.408,10.0,500,489,0.978,0,489,0,0,0,0,10,0,0,1,0,0,0.624
tilt_b,balanced,long,mixed,10,20,2026,32,32,0.664,0.41,-14.29,-14.355,0.541,0.599,-2.239,0.664,0.46,10.0,320,309,0.9656,0,307,0,0,2,0,6,3,0,2,0,0,0.616
tilt_b,balanced,long,mixed,10,63,ALL,165,165,-0.599,-0.47,-19.106,-24.805,-0.399,-0.713,-5.896,-0.599,0.367,10,1650,1563,0.9473,0,1556,0,0,7,0,80,1,0,6,0,0,0.618
tilt_b,balanced,long,mixed,10,63,P1,91,91,-1.135,-1.22,-13.707,-16.431,-1.028,-1.114,-4.944,-1.135,0.35,10,910,874,0.9604,0,874,0,0,0,0,33,0,0,3,0,0,0.616
tilt_b,balanced,long,mixed,10,63,P2,74,74,0.06,0.02,-22.78,-24.805,0.374,-0.219,-7.067,0.06,0.387,10.0,740,689,0.9311,0,682,0,0,7,0,47,1,0,3,0,0,0.622
tilt_b,balanced,long,mixed,10,63,2023,40,40,-1.831,-1.26,-14.773,-16.431,-1.753,-1.697,-7.463,-1.831,0.377,10.0,400,376,0.94,0,376,0,0,0,0,22,0,0,2,0,0,0.615
tilt_b,balanced,long,mixed,10,63,2024,51,51,-0.589,-0.5,-12.989,-13.792,-0.459,-0.657,-2.969,-0.589,0.329,10,510,498,0.9765,0,498,0,0,0,0,11,0,0,1,0,0,0.612
tilt_b,balanced,long,mixed,10,63,2025,50,50,1.688,0.52,-20.054,-22.771,2.229,1.3,-5.807,1.688,0.411,10.0,500,465,0.93,0,462,0,0,3,0,34,0,0,1,0,0,0.624
tilt_b,balanced,long,mixed,10,63,2026,24,24,-3.331,-0.89,-24.754,-24.805,-3.49,-3.383,-9.691,-3.331,0.337,10.0,240,224,0.9333,0,220,0,0,4,0,13,1,0,2,0,0,0.613
tilt_b,balanced,long,mixed,20,5,ALL,176,176,-0.088,-0.44,-7.019,-12.042,-0.093,-0.092,-0.548,-0.088,0.462,20.0,3520,3497,0.9935,0,3496,0,0,1,0,15,1,0,7,0,0,0.591
tilt_b,balanced,long,mixed,20,5,P1,91,91,-0.187,-0.87,-4.643,-6.297,-0.188,-0.189,-0.634,-0.187,0.442,20,1820,1809,0.994,0,1809,0,0,0,0,8,0,0,3,0,0,0.575
tilt_b,balanced,long,mixed,20,5,P2,85,85,0.017,0.05,-8.395,-12.042,0.008,0.012,-0.456,0.017,0.484,20,1700,1688,0.9929,0,1687,0,0,1,0,7,1,0,4,0,0,0.608
tilt_b,balanced,long,mixed,20,5,2023,40,40,-0.422,-1.58,-3.9,-4.017,-0.413,-0.418,-1.053,-0.422,0.44,20.0,800,793,0.9912,0,793,0,0,0,0,5,0,0,2,0,0,0.578
tilt_b,balanced,long,mixed,20,5,2024,51,51,-0.003,-0.01,-5.139,-6.297,-0.012,-0.009,-0.305,-0.003,0.443,20,1020,1016,0.9961,0,1016,0,0,0,0,3,0,0,1,0,0,0.569
tilt_b,balanced,long,mixed,20,5,2025,50,50,-0.05,-0.16,-5.522,-8.068,-0.054,-0.049,-0.545,-0.05,0.473,20.0,1000,993,0.993,0,993,0,0,0,0,5,0,0,2,0,0,0.605
tilt_b,balanced,long,mixed,20,5,2026,35,35,0.114,0.16,-10.546,-12.042,0.097,0.1,-0.33,0.114,0.501,20,700,695,0.9929,0,694,0,0,1,0,2,1,0,2,0,0,0.615
tilt_b,balanced,long,mixed,20,20,ALL,173,173,-0.114,-0.23,-10.148,-14.19,-0.125,-0.12,-2.206,-0.114,0.421,20,3460,3382,0.9775,0,3379,0,0,3,0,68,3,0,7,0,0,0.59
tilt_b,balanced,long,mixed,20,20,P1,91,91,-0.27,-0.49,-6.907,-7.419,-0.276,-0.268,-2.402,-0.27,0.405,20,1820,1779,0.9775,0,1779,0,0,0,0,38,0,0,3,0,0,0.575
tilt_b,balanced,long,mixed,20,20,P2,82,82,0.059,0.07,-11.63,-14.19,0.043,0.044,-1.989,0.059,0.439,20.0,1640,1603,0.9774,0,1600,0,0,3,0,30,3,0,4,0,0,0.606
tilt_b,balanced,long,mixed,20,20,2023,40,40,-1.156,-2.35,-6.516,-6.542,-1.093,-1.107,-4.286,-1.156,0.419,20.0,800,773,0.9663,0,773,0,0,0,0,25,0,0,2,0,0,0.578
tilt_b,balanced,long,mixed,20,20,2024,51,51,0.424,0.5,-7.167,-7.419,0.365,0.391,-0.925,0.424,0.394,20,1020,1006,0.9863,0,1006,0,0,0,0,13,0,0,1,0,0,0.569
tilt_b,balanced,long,mixed,20,20,2025,50,50,-0.172,-0.16,-11.332,-14.19,-0.158,-0.176,-2.288,-0.172,0.433,20.0,1000,977,0.977,0,977,0,0,0,0,21,0,0,2,0,0,0.605
tilt_b,balanced,long,mixed,20,20,2026,32,32,0.42,0.3,-12.076,-13.639,0.357,0.388,-1.52,0.42,0.448,20.0,640,626,0.9781,0,623,0,0,3,0,9,3,0,2,0,0,0.608
tilt_b,balanced,long,mixed,20,63,ALL,165,165,0.082,0.06,-17.914,-21.906,0.177,-0.014,-4.905,0.082,0.391,20,3300,3140,0.9515,0,3128,0,0,12,0,150,3,0,7,0,0,0.587
tilt_b,balanced,long,mixed,20,63,P1,91,91,-0.606,-0.62,-11.416,-13.101,-0.481,-0.588,-4.775,-0.606,0.371,20,1820,1745,0.9588,0,1745,0,0,0,0,72,0,0,3,0,0,0.575
tilt_b,balanced,long,mixed,20,63,P2,74,74,0.928,0.36,-20.856,-21.906,0.987,0.692,-5.064,0.928,0.415,20.0,1480,1395,0.9426,0,1383,0,0,12,0,78,3,0,4,0,0,0.602
tilt_b,balanced,long,mixed,20,63,2023,40,40,-0.85,-0.48,-11.57,-11.938,-0.82,-0.757,-6.991,-0.85,0.4,20.0,800,751,0.9387,0,751,0,0,0,0,47,0,0,2,0,0,0.578
tilt_b,balanced,long,mixed,20,63,2024,51,51,-0.414,-0.4,-10.451,-13.101,-0.215,-0.456,-3.037,-0.414,0.348,20,1020,994,0.9745,0,994,0,0,0,0,25,0,0,1,0,0,0.569
tilt_b,balanced,long,mixed,20,63,2025,50,50,2.592,0.82,-18.041,-19.407,2.729,2.26,-3.683,2.592,0.449,20.0,1000,941,0.941,0,934,0,0,7,0,57,0,0,2,0,0,0.605
tilt_b,balanced,long,mixed,20,63,2026,24,24,-2.54,-0.59,-21.698,-21.906,-2.644,-2.575,-7.94,-2.54,0.344,20.0,480,454,0.9458,0,449,0,0,5,0,21,3,0,2,0,0,0.598
tilt_b,balanced,long,stock,10,5,ALL,176,176,-0.025,-0.1,-9.104,-13.808,-0.029,-0.034,-0.77,-0.025,0.476,10.0,1759,1739,0.9886,1,1739,0,0,0,0,12,1,0,7,0,1,0.583
tilt_b,balanced,long,stock,10,5,P1,91,91,-0.117,-0.42,-5.981,-8.806,-0.122,-0.126,-0.788,-0.117,0.468,10,910,901,0.9901,0,901,0,0,0,0,6,0,0,3,0,0,0.581
tilt_b,balanced,long,stock,10,5,P2,85,85,0.073,0.16,-11.06,-13.808,0.07,0.065,-0.751,0.075,0.485,10,849,838,0.987,1,838,0,0,0,0,6,1,0,4,0,1,0.587
tilt_b,balanced,long,stock,10,5,2023,40,40,-0.537,-1.48,-5.49,-6.343,-0.527,-0.541,-1.292,-0.537,0.441,10.0,400,395,0.9875,0,395,0,0,0,0,3,0,0,2,0,0,0.582
tilt_b,balanced,long,stock,10,5,2024,51,51,0.212,0.52,-6.309,-8.806,0.196,0.2,-0.392,0.212,0.489,10,510,506,0.9922,0,506,0,0,0,0,3,0,0,1,0,0,0.578
tilt_b,balanced,long,stock,10,5,2025,50,50,-0.045,-0.1,-7.641,-12.964,-0.062,-0.047,-1.038,-0.043,0.477,10.0,499,492,0.986,1,492,0,0,0,0,5,0,0,2,0,1,0.584
tilt_b,balanced,long,stock,10,5,2026,35,35,0.242,0.26,-11.854,-13.808,0.259,0.225,-0.341,0.242,0.496,10,350,346,0.9886,0,346,0,0,0,0,1,1,0,2,0,0,0.588
tilt_b,balanced,long,stock,10,20,ALL,173,173,0.386,0.58,-13.063,-17.186,0.388,0.383,-2.076,0.381,0.486,10,1729,1680,0.9717,1,1678,0,0,2,0,39,3,0,7,0,1,0.583
tilt_b,balanced,long,stock,10,20,P1,91,91,0.383,0.5,-9.606,-10.363,0.396,0.391,-1.745,0.383,0.504,10,910,888,0.9758,0,888,0,0,0,0,19,0,0,3,0,0,0.581
tilt_b,balanced,long,stock,10,20,P2,82,82,0.391,0.34,-15.149,-17.186,0.379,0.375,-2.444,0.38,0.466,10.0,819,792,0.967,1,790,0,0,2,0,20,3,0,4,0,1,0.585
tilt_b,balanced,long,stock,10,20,2023,40,40,-1.014,-1.61,-9.688,-10.363,-0.866,-0.918,-3.7,-1.014,0.455,10.0,400,387,0.9675,0,387,0,0,0,0,11,0,0,2,0,0,0.582
tilt_b,balanced,long,stock,10,20,2024,51,51,1.478,1.24,-9.551,-9.952,1.386,1.417,-0.211,1.478,0.544,10,510,501,0.9824,0,501,0,0,0,0,8,0,0,1,0,0,0.578
tilt_b,balanced,long,stock,10,20,2025,50,50,-0.132,-0.09,-15.722,-17.186,-0.059,-0.096,-2.903,-0.15,0.459,10.0,499,483,0.9679,1,483,0,0,0,0,14,0,0,2,0,1,0.584
tilt_b,balanced,long,stock,10,20,2026,32,32,1.207,0.67,-14.29,-14.355,1.063,1.11,-1.728,1.207,0.476,10.0,320,309,0.9656,0,307,0,0,2,0,6,3,0,2,0,0,0.584
tilt_b,balanced,long,stock,10,63,ALL,165,165,1.841,1.37,-18.966,-24.805,1.899,1.573,-4.538,1.824,0.458,10,1649,1547,0.9381,1,1540,0,0,7,0,94,1,0,7,0,1,0.582
tilt_b,balanced,long,stock,10,63,P1,91,91,1.703,1.59,-13.349,-16.431,1.755,1.626,-3.019,1.703,0.467,10,910,867,0.9527,0,867,0,0,0,0,40,0,0,3,0,0,0.581
tilt_b,balanced,long,stock,10,63,P2,74,74,2.011,0.75,-22.215,-24.805,2.076,1.508,-6.406,1.974,0.448,10.0,739,680,0.9202,1,673,0,0,7,0,54,1,0,4,0,1,0.584
tilt_b,balanced,long,stock,10,63,2023,40,40,0.959,0.65,-15.264,-16.431,0.924,0.996,-5.038,0.959,0.468,10.0,400,375,0.9375,0,375,0,0,0,0,23,0,0,2,0,0,0.582
tilt_b,balanced,long,stock,10,63,2024,51,51,2.287,1.83,-12.073,-13.792,2.406,2.12,-1.435,2.287,0.466,10,510,492,0.9647,0,492,0,0,0,0,17,0,0,1,0,0,0.578
tilt_b,balanced,long,stock,10,63,2025,50,50,3.299,1.04,-18.607,-20.922,3.649,2.747,-5.714,3.244,0.476,10.0,499,457,0.9158,1,454,0,0,3,0,40,0,0,2,0,1,0.584
tilt_b,balanced,long,stock,10,63,2026,24,24,-0.673,-0.13,-24.754,-24.805,-1.201,-1.073,-7.849,-0.673,0.391,10.0,240,223,0.9292,0,219,0,0,4,0,14,1,0,2,0,0,0.578
tilt_b,balanced,long,stock,20,5,ALL,176,176,-0.002,-0.01,-7.452,-12.714,-0.007,-0.007,-0.519,0.001,0.484,20.0,3509,3484,0.9929,11,3483,0,0,1,0,16,2,0,7,0,1,0.563
tilt_b,balanced,long,stock,20,5,P1,91,91,-0.071,-0.31,-4.772,-6.297,-0.074,-0.076,-0.574,-0.071,0.472,20,1820,1808,0.9934,0,1808,0,0,0,0,9,0,0,3,0,0,0.546
tilt_b,balanced,long,stock,20,5,P2,85,85,0.072,0.19,-8.949,-12.714,0.065,0.067,-0.461,0.078,0.498,20,1689,1676,0.9923,11,1675,0,0,1,0,7,2,0,4,0,1,0.58
tilt_b,balanced,long,stock,20,5,2023,40,40,-0.4,-1.3,-4.403,-4.683,-0.395,-0.399,-1.034,-0.4,0.452,20.0,800,793,0.9912,0,793,0,0,0,0,5,0,0,2,0,0,0.554
tilt_b,balanced,long,stock,20,5,2024,51,51,0.187,0.56,-5.019,-6.297,0.178,0.178,-0.213,0.187,0.487,20,1020,1015,0.9951,0,1015,0,0,0,0,4,0,0,1,0,0,0.538
tilt_b,balanced,long,stock,20,5,2025,50,50,-0.097,-0.28,-6.592,-9.373,-0.102,-0.098,-0.593,-0.085,0.486,20.0,989,982,0.9929,11,982,0,0,0,0,5,0,0,2,0,1,0.582
tilt_b,balanced,long,stock,20,5,2026,35,35,0.312,0.41,-10.881,-12.714,0.302,0.302,-0.271,0.312,0.516,20,700,694,0.9914,0,693,0,0,1,0,2,2,0,2,0,0,0.582
tilt_b,balanced,long,stock,20,20,ALL,173,173,0.137,0.25,-10.968,-16.208,0.125,0.133,-2.393,0.114,0.468,20,3449,3356,0.973,11,3353,0,0,3,0,82,4,0,7,0,1,0.563
tilt_b,balanced,long,stock,20,20,P1,91,91,0.25,0.38,-7.237,-8.012,0.23,0.245,-2.338,0.25,0.483,20,1820,1771,0.9731,0,1771,0,0,0,0,46,0,0,3,0,0,0.546
tilt_b,balanced,long,stock,20,20,P2,82,82,0.013,0.01,-12.627,-16.208,0.009,0.009,-2.454,-0.037,0.451,20.0,1629,1585,0.973,11,1582,0,0,3,0,36,4,0,4,0,1,0.581
tilt_b,balanced,long,stock,20,20,2023,40,40,-1.166,-2.26,-6.953,-7.233,-1.086,-1.101,-4.538,-1.166,0.435,20.0,800,771,0.9637,0,771,0,0,0,0,27,0,0,2,0,0,0.554
tilt_b,balanced,long,stock,20,20,2024,51,51,1.359,1.36,-7.425,-8.012,1.261,1.3,-0.613,1.359,0.521,20,1020,1000,0.9804,0,1000,0,0,0,0,19,0,0,1,0,0,0.538
tilt_b,balanced,long,stock,20,20,2025,50,50,-0.098,-0.08,-12.742,-16.208,-0.069,-0.088,-2.395,-0.18,0.458,20.0,989,964,0.9747,11,964,0,0,0,0,23,0,0,2,0,1,0.582
tilt_b,balanced,long,stock,20,20,2026,32,32,0.186,0.12,-12.455,-13.639,0.131,0.161,-2.544,0.186,0.441,20.0,640,621,0.9703,0,618,0,0,3,0,13,4,0,2,0,0,0.585
tilt_b,balanced,long,stock,20,63,ALL,165,165,1.623,1.09,-17.53,-23.809,1.65,1.46,-4.409,1.548,0.462,20,3289,3099,0.9422,11,3087,0,0,12,0,180,3,0,7,0,1,0.56
tilt_b,balanced,long,stock,20,63,P1,91,91,1.336,1.03,-11.828,-13.313,1.377,1.295,-4.006,1.336,0.471,20,1820,1726,0.9484,0,1726,0,0,0,0,91,0,0,3,0,0,0.546
tilt_b,balanced,long,stock,20,63,P2,74,74,1.976,0.69,-21.358,-23.809,1.985,1.664,-4.905,1.808,0.451,20.0,1469,1373,0.9346,11,1361,0,0,12,0,89,3,0,4,0,1,0.577
tilt_b,balanced,long,stock,20,63,2023,40,40,0.07,0.03,-12.837,-13.313,0.073,0.165,-7.416,0.07,0.446,20.0,800,741,0.9263,0,741,0,0,0,0,57,0,0,2,0,0,0.554
tilt_b,balanced,long,stock,20,63,2024,51,51,2.33,1.97,-8.932,-10.475,2.399,2.181,-1.331,2.33,0.491,20,1020,985,0.9657,0,985,0,0,0,0,34,0,0,1,0,0,0.538
tilt_b,balanced,long,stock,20,63,2025,50,50,4.043,1.16,-15.252,-18.582,4.129,3.644,-2.833,3.794,0.488,20.0,989,925,0.9353,11,918,0,0,7,0,62,0,0,2,0,1,0.582
tilt_b,balanced,long,stock,20,63,2026,24,24,-2.33,-0.49,-22.679,-23.809,-2.48,-2.462,-9.221,-2.33,0.375,20.0,480,448,0.9333,0,443,0,0,5,0,27,3,0,2,0,0,0.574
tilt_b,balanced,mid,mixed,10,5,ALL,176,176,0.008,0.03,-7.234,-11.078,0.004,0.002,-0.447,0.008,0.456,10.0,1760,1747,0.9926,0,1747,0,0,0,0,8,0,0,5,0,0,0.646
tilt_b,balanced,mid,mixed,10,5,P1,91,91,-0.183,-0.78,-4.657,-5.685,-0.186,-0.186,-0.737,-0.183,0.427,10,910,903,0.9923,0,903,0,0,0,0,5,0,0,2,0,0,0.641
tilt_b,balanced,mid,mixed,10,5,P2,85,85,0.212,0.53,-9.002,-11.078,0.207,0.203,-0.136,0.212,0.487,10,850,844,0.9929,0,844,0,0,0,0,3,0,0,3,0,0,0.654
tilt_b,balanced,mid,mixed,10,5,2023,40,40,-0.527,-1.85,-4.462,-4.637,-0.524,-0.527,-1.278,-0.527,0.418,10.0,400,396,0.99,0,396,0,0,0,0,3,0,0,1,0,0,0.656
tilt_b,balanced,mid,mixed,10,5,2024,51,51,0.086,0.25,-4.787,-5.685,0.079,0.081,-0.312,0.086,0.435,10,510,507,0.9941,0,507,0,0,0,0,2,0,0,1,0,0,0.626
tilt_b,balanced,mid,mixed,10,5,2025,50,50,0.133,0.32,-6.547,-8.729,0.114,0.126,-0.256,0.133,0.49,10.0,500,497,0.994,0,497,0,0,0,0,2,0,0,1,0,0,0.655
tilt_b,balanced,mid,mixed,10,5,2026,35,35,0.324,0.42,-10.284,-11.078,0.341,0.313,0.034,0.324,0.484,10,350,347,0.9914,0,347,0,0,0,0,1,0,0,2,0,0,0.65
tilt_b,balanced,mid,mixed,10,20,ALL,173,173,-0.373,-0.67,-11.024,-12.263,-0.388,-0.387,-2.252,-0.373,0.4,10,1730,1693,0.9786,0,1691,0,0,2,0,29,3,0,5,0,0,0.646
tilt_b,balanced,mid,mixed,10,20,P1,91,91,-0.332,-0.49,-7.825,-10.821,-0.333,-0.334,-1.912,-0.332,0.38,10,910,894,0.9824,0,894,0,0,0,0,14,0,0,2,0,0,0.641
tilt_b,balanced,mid,mixed,10,20,P2,82,82,-0.418,-0.46,-11.603,-12.263,-0.448,-0.446,-2.63,-0.418,0.422,10.0,820,799,0.9744,0,797,0,0,2,0,15,3,0,3,0,0,0.653
tilt_b,balanced,mid,mixed,10,20,2023,40,40,-1.337,-2.93,-6.853,-8.312,-1.265,-1.292,-3.561,-1.337,0.4,10.0,400,390,0.975,0,390,0,0,0,0,9,0,0,1,0,0,0.656
tilt_b,balanced,mid,mixed,10,20,2024,51,51,0.456,0.42,-8.192,-10.821,0.397,0.418,-0.619,0.456,0.364,10,510,504,0.9882,0,504,0,0,0,0,5,0,0,1,0,0,0.626
tilt_b,balanced,mid,mixed,10,20,2025,50,50,-0.879,-0.77,-11.738,-12.263,-0.835,-0.882,-2.839,-0.879,0.413,10.0,500,489,0.978,0,489,0,0,0,0,10,0,0,1,0,0,0.655
tilt_b,balanced,mid,mixed,10,20,2026,32,32,0.302,0.2,-11.4,-12.174,0.155,0.234,-2.303,0.302,0.437,10.0,320,310,0.9688,0,308,0,0,2,0,5,3,0,2,0,0,0.648
tilt_b,balanced,mid,mixed,10,63,ALL,165,165,-0.775,-0.6,-18.903,-25.442,-0.655,-0.855,-5.782,-0.775,0.364,10,1650,1568,0.9503,0,1562,0,0,6,0,76,1,0,5,0,0,0.644
tilt_b,balanced,mid,mixed,10,63,P1,91,91,-0.778,-0.86,-12.462,-14.295,-0.776,-0.782,-4.052,-0.778,0.352,10,910,880,0.967,0,880,0,0,0,0,28,0,0,2,0,0,0.641
tilt_b,balanced,mid,mixed,10,63,P2,74,74,-0.771,-0.29,-22.996,-25.442,-0.506,-0.944,-7.91,-0.771,0.379,10.0,740,688,0.9297,0,682,0,0,6,0,48,1,0,3,0,0,0.649
tilt_b,balanced,mid,mixed,10,63,2023,40,40,-1.866,-1.95,-13.544,-14.295,-1.947,-1.838,-7.37,-1.866,0.373,10.0,400,378,0.945,0,378,0,0,0,0,21,0,0,1,0,0,0.656
tilt_b,balanced,mid,mixed,10,63,2024,51,51,0.075,0.06,-11.682,-12.518,0.142,0.045,-1.45,0.075,0.334,10,510,502,0.9843,0,502,0,0,0,0,7,0,0,1,0,0,0.626
tilt_b,balanced,mid,mixed,10,63,2025,50,50,1.279,0.39,-20.206,-22.771,1.695,1.006,-5.871,1.279,0.406,10.0,500,466,0.932,0,464,0,0,2,0,33,0,0,1,0,0,0.655
tilt_b,balanced,mid,mixed,10,63,2026,24,24,-5.041,-1.48,-23.999,-25.442,-5.09,-5.005,-12.159,-5.041,0.323,10.0,240,222,0.925,0,218,0,0,4,0,15,1,0,2,0,0,0.635
tilt_b,balanced,mid,mixed,20,5,ALL,176,176,-0.103,-0.52,-6.807,-13.289,-0.106,-0.105,-0.618,-0.103,0.464,20.0,3520,3495,0.9929,0,3494,0,0,1,0,16,2,0,7,0,0,0.607
tilt_b,balanced,mid,mixed,20,5,P1,91,91,-0.237,-1.11,-4.38,-6.297,-0.237,-0.238,-0.738,-0.237,0.438,20,1820,1808,0.9934,0,1808,0,0,0,0,9,0,0,3,0,0,0.6
tilt_b,balanced,mid,mixed,20,5,P2,85,85,0.04,0.12,-8.261,-13.289,0.035,0.038,-0.489,0.04,0.492,20,1700,1687,0.9924,0,1686,0,0,1,0,7,2,0,4,0,0,0.615
tilt_b,balanced,mid,mixed,20,5,2023,40,40,-0.44,-1.74,-3.673,-4.273,-0.431,-0.435,-1.07,-0.44,0.434,20.0,800,793,0.9912,0,793,0,0,0,0,5,0,0,2,0,0,0.591
tilt_b,balanced,mid,mixed,20,5,2024,51,51,-0.078,-0.24,-4.784,-6.297,-0.085,-0.082,-0.478,-0.078,0.441,20,1020,1015,0.9951,0,1015,0,0,0,0,4,0,0,1,0,0,0.602
tilt_b,balanced,mid,mixed,20,5,2025,50,50,-0.052,-0.16,-6.057,-8.141,-0.052,-0.048,-0.543,-0.052,0.485,20.0,1000,993,0.993,0,993,0,0,0,0,5,0,0,2,0,0,0.617
tilt_b,balanced,mid,mixed,20,5,2026,35,35,0.17,0.25,-10.544,-13.289,0.159,0.159,-0.412,0.17,0.503,20,700,694,0.9914,0,693,0,0,1,0,2,2,0,2,0,0,0.613
tilt_b,balanced,mid,mixed,20,20,ALL,173,173,-0.264,-0.52,-10.055,-13.278,-0.266,-0.258,-2.231,-0.264,0.413,20,3460,3386,0.9786,0,3383,0,0,3,0,64,3,0,7,0,0,0.605
tilt_b,balanced,mid,mixed,20,20,P1,91,91,-0.538,-0.98,-7.343,-9.06,-0.529,-0.527,-2.494,-0.538,0.39,20,1820,1782,0.9791,0,1782,0,0,0,0,35,0,0,3,0,0,0.6
tilt_b,balanced,mid,mixed,20,20,P2,82,82,0.039,0.04,-11.255,-13.278,0.027,0.04,-1.939,0.039,0.44,20.0,1640,1604,0.978,0,1601,0,0,3,0,29,3,0,4,0,0,0.612
tilt_b,balanced,mid,mixed,20,20,2023,40,40,-1.216,-3.11,-5.889,-6.501,-1.157,-1.172,-4.231,-1.216,0.413,20.0,800,774,0.9675,0,774,0,0,0,0,24,0,0,2,0,0,0.591
tilt_b,balanced,mid,mixed,20,20,2024,51,51,-0.006,-0.01,-7.937,-9.06,-0.038,-0.02,-1.131,-0.006,0.371,20,1020,1008,0.9882,0,1008,0,0,0,0,11,0,0,1,0,0,0.602
tilt_b,balanced,mid,mixed,20,20,2025,50,50,-0.133,-0.12,-11.335,-13.278,-0.089,-0.118,-1.926,-0.133,0.435,20.0,1000,980,0.98,0,980,0,0,0,0,18,0,0,2,0,0,0.617
tilt_b,balanced,mid,mixed,20,20,2026,32,32,0.308,0.22,-11.134,-11.96,0.209,0.287,-1.957,0.308,0.447,20.0,640,624,0.975,0,621,0,0,3,0,11,3,0,2,0,0,0.606
tilt_b,balanced,mid,mixed,20,63,ALL,165,165,-0.486,-0.36,-17.508,-20.695,-0.382,-0.553,-5.421,-0.486,0.376,20,3300,3141,0.9518,0,3131,0,0,10,0,150,2,0,7,0,0,0.602
tilt_b,balanced,mid,mixed,20,63,P1,91,91,-1.176,-1.47,-10.91,-13.103,-1.077,-1.151,-5.225,-1.176,0.354,20,1820,1747,0.9599,0,1747,0,0,0,0,70,0,0,3,0,0,0.6
tilt_b,balanced,mid,mixed,20,63,P2,74,74,0.363,0.13,-19.642,-20.695,0.472,0.182,-5.662,0.363,0.404,20.0,1480,1394,0.9419,0,1384,0,0,10,0,80,2,0,4,0,0,0.607
tilt_b,balanced,mid,mixed,20,63,2023,40,40,-1.818,-1.64,-10.065,-10.633,-1.793,-1.714,-8.083,-1.818,0.382,20.0,800,750,0.9375,0,750,0,0,0,0,48,0,0,2,0,0,0.591
tilt_b,balanced,mid,mixed,20,63,2024,51,51,-0.673,-0.64,-11.28,-13.103,-0.516,-0.709,-2.984,-0.673,0.332,20,1020,997,0.9775,0,997,0,0,0,0,22,0,0,1,0,0,0.602
tilt_b,balanced,mid,mixed,20,63,2025,50,50,2.624,0.72,-18.073,-19.191,2.769,2.308,-3.335,2.624,0.45,20.0,1000,944,0.944,0,939,0,0,5,0,54,0,0,2,0,0,0.617
tilt_b,balanced,mid,mixed,20,63,2026,24,24,-4.349,-1.24,-20.479,-20.695,-4.311,-4.247,-10.512,-4.349,0.308,20.0,480,450,0.9375,0,445,0,0,5,0,26,2,0,2,0,0,0.587
tilt_b,balanced,mid,stock,10,5,ALL,176,176,0.005,0.02,-7.807,-12.783,0.003,-0.001,-0.681,0.006,0.478,10.0,1759,1742,0.9903,1,1742,0,0,0,0,10,2,0,5,0,1,0.621
tilt_b,balanced,mid,stock,10,5,P1,91,91,-0.135,-0.52,-4.696,-5.685,-0.14,-0.138,-0.689,-0.135,0.468,10,910,903,0.9923,0,903,0,0,0,0,5,0,0,2,0,0,0.632
tilt_b,balanced,mid,stock,10,5,P2,85,85,0.156,0.35,-9.591,-12.783,0.156,0.146,-0.671,0.157,0.488,10,849,839,0.9882,1,839,0,0,0,0,5,2,0,3,0,1,0.611
tilt_b,balanced,mid,stock,10,5,2023,40,40,-0.554,-1.59,-4.507,-4.637,-0.553,-0.554,-1.305,-0.554,0.451,10.0,400,396,0.99,0,396,0,0,0,0,3,0,0,1,0,0,0.638
tilt_b,balanced,mid,stock,10,5,2024,51,51,0.193,0.52,-4.813,-5.685,0.184,0.188,-0.206,0.193,0.482,10,510,507,0.9941,0,507,0,0,0,0,2,0,0,1,0,0,0.626
tilt_b,balanced,mid,stock,10,5,2025,50,50,-0.07,-0.16,-7.392,-10.652,-0.087,-0.073,-0.868,-0.068,0.477,10.0,499,494,0.99,1,494,0,0,0,0,4,0,0,1,0,1,0.604
tilt_b,balanced,mid,stock,10,5,2026,35,35,0.478,0.55,-11.137,-12.783,0.503,0.457,-0.391,0.478,0.503,10,350,345,0.9857,0,345,0,0,0,0,1,2,0,2,0,0,0.621
tilt_b,balanced,mid,stock,10,20,ALL,173,173,0.16,0.24,-11.881,-14.94,0.164,0.162,-2.001,0.154,0.475,10,1729,1687,0.9757,1,1685,0,0,2,0,34,3,0,5,0,1,0.62
tilt_b,balanced,mid,stock,10,20,P1,91,91,0.589,0.73,-8.252,-10.821,0.588,0.589,-1.213,0.589,0.499,10,910,892,0.9802,0,892,0,0,0,0,16,0,0,2,0,0,0.632
tilt_b,balanced,mid,stock,10,20,P2,82,82,-0.317,-0.3,-13.314,-14.94,-0.307,-0.313,-2.875,-0.328,0.448,10.0,819,795,0.9707,1,793,0,0,2,0,18,3,0,3,0,1,0.609
tilt_b,balanced,mid,stock,10,20,2023,40,40,-1.111,-2.1,-8.343,-8.374,-1.027,-1.054,-3.576,-1.111,0.449,10.0,400,389,0.9725,0,389,0,0,0,0,10,0,0,1,0,0,0.638
tilt_b,balanced,mid,stock,10,20,2024,51,51,1.923,1.52,-8.192,-10.821,1.855,1.878,0.64,1.923,0.539,10,510,503,0.9863,0,503,0,0,0,0,6,0,0,1,0,0,0.626
tilt_b,balanced,mid,stock,10,20,2025,50,50,-0.875,-0.65,-14.181,-14.94,-0.771,-0.81,-3.195,-0.894,0.439,10.0,499,486,0.9739,1,486,0,0,0,0,12,0,0,1,0,1,0.604
tilt_b,balanced,mid,stock,10,20,2026,32,32,0.555,0.33,-12.014,-12.174,0.419,0.464,-2.374,0.555,0.461,10.0,320,309,0.9656,0,307,0,0,2,0,6,3,0,2,0,0,0.616
tilt_b,balanced,mid,stock,10,63,ALL,165,165,1.189,0.85,-18.473,-25.442,1.341,1.02,-5.143,1.172,0.455,10,1649,1548,0.9388,1,1542,0,0,6,0,94,2,0,5,0,1,0.621
tilt_b,balanced,mid,stock,10,63,P1,91,91,1.769,1.56,-12.04,-14.298,1.843,1.711,-2.842,1.769,0.475,10,910,869,0.9549,0,869,0,0,0,0,39,0,0,2,0,0,0.632
tilt_b,balanced,mid,stock,10,63,P2,74,74,0.476,0.17,-22.149,-25.442,0.724,0.169,-7.973,0.439,0.43,10.0,739,679,0.9188,1,673,0,0,6,0,55,2,0,3,0,1,0.608
tilt_b,balanced,mid,stock,10,63,2023,40,40,-0.029,-0.02,-13.546,-14.298,-0.16,-0.065,-6.658,-0.029,0.461,10.0,400,374,0.935,0,374,0,0,0,0,25,0,0,1,0,0,0.638
tilt_b,balanced,mid,stock,10,63,2024,51,51,3.178,2.4,-10.008,-12.484,3.414,3.104,0.151,3.178,0.487,10,510,495,0.9706,0,495,0,0,0,0,14,0,0,1,0,0,0.626
tilt_b,balanced,mid,stock,10,63,2025,50,50,2.435,0.74,-18.246,-19.84,2.889,2.003,-6.192,2.38,0.458,10.0,499,459,0.9198,1,457,0,0,2,0,39,0,0,1,0,1,0.604
tilt_b,balanced,mid,stock,10,63,2026,24,24,-3.607,-0.86,-23.999,-25.442,-3.786,-3.65,-11.685,-3.607,0.371,10.0,240,220,0.9167,0,216,0,0,4,0,16,2,0,2,0,0,0.617
tilt_b,balanced,mid,stock,20,5,ALL,176,176,-0.01,-0.05,-7.289,-13.238,-0.016,-0.015,-0.558,-0.007,0.487,20.0,3509,3482,0.9923,11,3481,0,0,1,0,17,2,0,8,0,1,0.587
tilt_b,balanced,mid,stock,20,5,P1,91,91,-0.114,-0.5,-4.456,-6.297,-0.116,-0.117,-0.675,-0.114,0.47,20,1820,1807,0.9929,0,1807,0,0,0,0,10,0,0,3,0,0,0.58
tilt_b,balanced,mid,stock,20,5,P2,85,85,0.101,0.28,-8.644,-13.238,0.091,0.093,-0.433,0.108,0.504,20,1689,1675,0.9917,11,1674,0,0,1,0,7,2,0,5,0,1,0.595
tilt_b,balanced,mid,stock,20,5,2023,40,40,-0.359,-1.23,-4.37,-4.512,-0.354,-0.36,-1.126,-0.359,0.451,20.0,800,792,0.99,0,792,0,0,0,0,6,0,0,2,0,0,0.569
tilt_b,balanced,mid,stock,20,5,2024,51,51,0.078,0.23,-4.514,-6.297,0.07,0.073,-0.322,0.078,0.485,20,1020,1015,0.9951,0,1015,0,0,0,0,4,0,0,1,0,0,0.587
tilt_b,balanced,mid,stock,20,5,2025,50,50,0.04,0.11,-6.235,-8.521,0.03,0.036,-0.459,0.051,0.504,20.0,989,981,0.9919,11,981,0,0,0,0,5,0,0,3,0,1,0.594
tilt_b,balanced,mid,stock,20,5,2026,35,35,0.188,0.26,-10.518,-13.238,0.179,0.176,-0.396,0.188,0.504,20,700,694,0.9914,0,693,0,0,1,0,2,2,0,2,0,0,0.601
tilt_b,balanced,mid,stock,20,20,ALL,173,173,0.128,0.23,-10.719,-15.615,0.104,0.121,-2.231,0.104,0.472,20,3449,3361,0.9745,11,3357,0,0,4,0,77,3,0,8,0,1,0.585
tilt_b,balanced,mid,stock,20,20,P1,91,91,0.14,0.22,-7.62,-9.06,0.122,0.134,-2.285,0.14,0.485,20,1820,1774,0.9747,0,1774,0,0,0,0,43,0,0,3,0,0,0.58
tilt_b,balanced,mid,stock,20,20,P2,82,82,0.114,0.12,-12.149,-15.615,0.085,0.106,-2.171,0.064,0.457,20.0,1629,1587,0.9742,11,1583,0,0,4,0,34,3,0,5,0,1,0.591
tilt_b,balanced,mid,stock,20,20,2023,40,40,-0.909,-1.99,-7.068,-7.123,-0.864,-0.878,-4.578,-0.909,0.451,20.0,800,769,0.9613,0,769,0,0,0,0,29,0,0,2,0,0,0.569
tilt_b,balanced,mid,stock,20,20,2024,51,51,0.962,0.93,-7.937,-9.06,0.896,0.927,-0.487,0.962,0.512,20,1020,1005,0.9853,0,1005,0,0,0,0,14,0,0,1,0,0,0.587
tilt_b,balanced,mid,stock,20,20,2025,50,50,0.023,0.02,-12.972,-15.615,0.037,0.028,-2.271,-0.059,0.46,20.0,989,963,0.9737,11,962,0,0,1,0,23,0,0,3,0,1,0.594
tilt_b,balanced,mid,stock,20,20,2026,32,32,0.257,0.18,-10.913,-11.96,0.159,0.23,-2.015,0.257,0.452,20.0,640,624,0.975,0,621,0,0,3,0,11,3,0,2,0,0,0.59
tilt_b,balanced,mid,stock,20,63,ALL,165,165,1.197,0.8,-16.7,-20.262,1.262,1.086,-4.897,1.122,0.452,20,3289,3095,0.941,11,3084,0,0,11,0,184,2,0,8,0,1,0.582
tilt_b,balanced,mid,stock,20,63,P1,91,91,1.204,1.08,-8.888,-10.681,1.251,1.167,-4.095,1.204,0.461,20,1820,1727,0.9489,0,1727,0,0,0,0,90,0,0,3,0,0,0.58
tilt_b,balanced,mid,stock,20,63,P2,74,74,1.188,0.4,-19.818,-20.262,1.275,0.986,-5.884,1.02,0.442,20.0,1469,1368,0.9312,11,1357,0,0,11,0,94,2,0,5,0,1,0.586
tilt_b,balanced,mid,stock,20,63,2023,40,40,-0.033,-0.02,-10.283,-10.681,-0.079,0.012,-7.996,-0.033,0.439,20.0,800,738,0.9225,0,738,0,0,0,0,60,0,0,2,0,0,0.569
tilt_b,balanced,mid,stock,20,63,2024,51,51,2.175,1.93,-6.744,-7.83,2.295,2.072,-1.035,2.175,0.478,20,1020,989,0.9696,0,989,0,0,0,0,30,0,0,1,0,0,0.587
tilt_b,balanced,mid,stock,20,63,2025,50,50,3.892,1.06,-15.101,-15.823,3.974,3.548,-3.399,3.644,0.49,20.0,989,920,0.9302,11,914,0,0,6,0,66,0,0,3,0,1,0.594
tilt_b,balanced,mid,stock,20,63,2026,24,24,-4.445,-1.18,-20.057,-20.262,-4.346,-4.353,-11.062,-4.445,0.342,20.0,480,448,0.9333,0,443,0,0,5,0,28,2,0,2,0,0,0.576
tilt_b,balanced,short,mixed,10,5,ALL,176,176,-0.106,-0.47,-7.077,-13.344,-0.112,-0.114,-0.45,-0.106,0.453,10.0,1760,1752,0.9955,0,1752,0,0,0,0,5,1,0,2,0,0,0.686
tilt_b,balanced,short,mixed,10,5,P1,91,91,-0.117,-0.45,-4.257,-4.954,-0.119,-0.121,-0.454,-0.117,0.422,10,910,905,0.9945,0,905,0,0,0,0,3,0,0,2,0,0,0.673
tilt_b,balanced,short,mixed,10,5,P2,85,85,-0.095,-0.25,-9.041,-13.344,-0.105,-0.105,-0.446,-0.095,0.486,10,850,847,0.9965,0,847,0,0,0,0,2,1,0,0,0,0,0.698
tilt_b,balanced,short,mixed,10,5,2023,40,40,-0.147,-0.6,-3.184,-3.189,-0.146,-0.152,-0.654,-0.147,0.43,10.0,400,397,0.9925,0,397,0,0,0,0,2,0,0,1,0,0,0.677
tilt_b,balanced,short,mixed,10,5,2024,51,51,-0.093,-0.22,-4.542,-4.954,-0.098,-0.098,-0.297,-0.093,0.416,10,510,508,0.9961,0,508,0,0,0,0,1,0,0,1,0,0,0.668
tilt_b,balanced,short,mixed,10,5,2025,50,50,-0.115,-0.29,-7.046,-10.209,-0.13,-0.127,-0.509,-0.115,0.5,10.0,500,498,0.996,0,498,0,0,0,0,2,0,0,0,0,0,0.68
tilt_b,balanced,short,mixed,10,5,2026,35,35,-0.066,-0.09,-10.938,-13.344,-0.069,-0.074,-0.357,-0.066,0.465,10,350,349,0.9971,0,349,0,0,0,0,0,1,0,0,0,0,0.721
tilt_b,balanced,short,mixed,10,20,ALL,173,173,-0.581,-1.11,-12.467,-17.722,-0.611,-0.592,-1.874,-0.581,0.399,10,1730,1706,0.9861,0,1705,0,0,1,0,21,1,0,2,0,0,0.685
tilt_b,balanced,short,mixed,10,20,P1,91,91,-0.272,-0.42,-9.126,-12.442,-0.285,-0.28,-1.41,-0.272,0.381,10,910,898,0.9868,0,898,0,0,0,0,10,0,0,2,0,0,0.673
tilt_b,balanced,short,mixed,10,20,P2,82,82,-0.923,-1.11,-13.601,-17.722,-0.972,-0.937,-2.388,-0.923,0.419,10.0,820,808,0.9854,0,807,0,0,1,0,11,1,0,0,0,0,0.696
tilt_b,balanced,short,mixed,10,20,2023,40,40,-0.296,-0.6,-5.207,-5.823,-0.294,-0.298,-2.086,-0.296,0.421,10.0,400,392,0.98,0,392,0,0,0,0,7,0,0,1,0,0,0.677
tilt_b,balanced,short,mixed,10,20,2024,51,51,-0.254,-0.24,-10.891,-12.442,-0.277,-0.267,-0.88,-0.254,0.349,10,510,506,0.9922,0,506,0,0,0,0,3,0,0,1,0,0,0.668
tilt_b,balanced,short,mixed,10,20,2025,50,50,-0.948,-0.84,-14.312,-17.722,-0.96,-0.959,-2.719,-0.948,0.414,10.0,500,491,0.982,0,491,0,0,0,0,9,0,0,0,0,0,0.68
tilt_b,balanced,short,mixed,10,20,2026,32,32,-0.884,-0.73,-12.287,-12.357,-0.991,-0.903,-1.87,-0.884,0.427,10.0,320,317,0.9906,0,316,0,0,1,0,2,1,0,0,0,0,0.719
tilt_b,balanced,short,mixed,10,63,ALL,165,165,-1.87,-1.34,-16.079,-20.035,-1.627,-1.839,-5.702,-1.87,0.34,10,1650,1587,0.9618,0,1584,0,0,3,0,61,0,0,2,0,0,0.681
tilt_b,balanced,short,mixed,10,63,P1,91,91,-1.816,-2.1,-11.998,-13.688,-1.655,-1.793,-4.832,-1.816,0.317,10,910,882,0.9692,0,882,0,0,0,0,26,0,0,2,0,0,0.673
tilt_b,balanced,short,mixed,10,63,P2,74,74,-1.937,-0.66,-18.383,-20.035,-1.594,-1.895,-6.771,-1.937,0.367,10.0,740,705,0.9527,0,702,0,0,3,0,35,0,0,0,0,0,0.689
tilt_b,balanced,short,mixed,10,63,2023,40,40,-2.408,-3.67,-10.287,-10.663,-2.414,-2.364,-7.167,-2.408,0.33,10.0,400,381,0.9525,0,381,0,0,0,0,18,0,0,1,0,0,0.677
tilt_b,balanced,short,mixed,10,63,2024,51,51,-1.352,-0.95,-12.926,-13.688,-1.059,-1.345,-3.001,-1.352,0.307,10,510,501,0.9824,0,501,0,0,0,0,8,0,0,1,0,0,0.668
tilt_b,balanced,short,mixed,10,63,2025,50,50,0.928,0.26,-18.768,-20.035,1.367,0.86,-4.265,0.928,0.416,10.0,500,475,0.95,0,475,0,0,0,0,25,0,0,0,0,0,0.68
tilt_b,balanced,short,mixed,10,63,2026,24,24,-7.905,-5.98,-15.695,-17.23,-7.764,-7.636,-11.992,-7.905,0.264,10.0,240,230,0.9583,0,227,0,0,3,0,10,0,0,0,0,0,0.704
tilt_b,balanced,short,mixed,20,5,ALL,176,176,-0.124,-0.69,-5.456,-10.969,-0.125,-0.127,-0.523,-0.124,0.458,20.0,3520,3501,0.9946,0,3501,0,0,0,0,13,1,0,5,0,0,0.625
tilt_b,balanced,short,mixed,20,5,P1,91,91,-0.211,-1.07,-3.304,-4.328,-0.212,-0.212,-0.71,-0.211,0.432,20,1820,1807,0.9929,0,1807,0,0,0,0,9,0,0,4,0,0,0.621
tilt_b,balanced,short,mixed,20,5,P2,85,85,-0.031,-0.1,-6.935,-10.969,-0.032,-0.035,-0.324,-0.031,0.486,20,1700,1694,0.9965,0,1694,0,0,0,0,4,1,0,1,0,0,0.63
tilt_b,balanced,short,mixed,20,5,2023,40,40,-0.299,-1.32,-2.859,-2.996,-0.295,-0.296,-1.052,-0.299,0.44,20.0,800,792,0.99,0,792,0,0,0,0,6,0,0,2,0,0,0.605
tilt_b,balanced,short,mixed,20,5,2024,51,51,-0.142,-0.47,-3.6,-4.328,-0.146,-0.146,-0.442,-0.142,0.425,20,1020,1015,0.9951,0,1015,0,0,0,0,3,0,0,2,0,0,0.631
tilt_b,balanced,short,mixed,20,5,2025,50,50,-0.028,-0.08,-5.64,-7.498,-0.031,-0.029,-0.323,-0.028,0.481,20.0,1000,996,0.996,0,996,0,0,0,0,3,0,0,1,0,0,0.623
tilt_b,balanced,short,mixed,20,5,2026,35,35,-0.037,-0.06,-8.72,-10.969,-0.035,-0.044,-0.325,-0.037,0.494,20,700,698,0.9971,0,698,0,0,0,0,1,1,0,0,0,0,0.641
tilt_b,balanced,short,mixed,20,20,ALL,173,173,-0.669,-1.49,-10.387,-14.725,-0.693,-0.669,-2.169,-0.669,0.399,20,3460,3404,0.9838,0,3402,0,0,2,0,49,2,0,5,0,0,0.623
tilt_b,balanced,short,mixed,20,20,P1,91,91,-0.685,-1.3,-7.567,-10.496,-0.692,-0.679,-2.206,-0.685,0.372,20,1820,1789,0.983,0,1789,0,0,0,0,27,0,0,4,0,0,0.621
tilt_b,balanced,short,mixed,20,20,P2,82,82,-0.652,-0.87,-11.326,-14.725,-0.694,-0.658,-2.128,-0.652,0.429,20.0,1640,1615,0.9848,0,1613,0,0,2,0,22,2,0,1,0,0,0.627
tilt_b,balanced,short,mixed,20,20,2023,40,40,-0.89,-2.13,-4.538,-5.014,-0.871,-0.869,-3.178,-0.89,0.406,20.0,800,780,0.975,0,780,0,0,0,0,18,0,0,2,0,0,0.605
tilt_b,balanced,short,mixed,20,20,2024,51,51,-0.525,-0.6,-8.912,-10.496,-0.551,-0.53,-1.444,-0.525,0.345,20,1020,1009,0.9892,0,1009,0,0,0,0,9,0,0,2,0,0,0.631
tilt_b,balanced,short,mixed,20,20,2025,50,50,-0.51,-0.49,-12.331,-14.725,-0.523,-0.517,-2.002,-0.51,0.431,20.0,1000,984,0.984,0,984,0,0,0,0,15,0,0,1,0,0,0.623
tilt_b,balanced,short,mixed,20,20,2026,32,32,-0.874,-0.87,-9.143,-9.497,-0.962,-0.877,-2.325,-0.874,0.426,20.0,640,631,0.9859,0,629,0,0,2,0,7,2,0,0,0,0,0.635
tilt_b,balanced,short,mixed,20,63,ALL,165,165,-1.614,-1.17,-15.865,-18.767,-1.489,-1.578,-5.798,-1.614,0.36,20,3300,3164,0.9588,0,3157,0,0,7,0,131,0,0,5,0,0,0.621
tilt_b,balanced,short,mixed,20,63,P1,91,91,-2.107,-3.23,-10.757,-13.066,-2.055,-2.068,-5.912,-2.107,0.335,20,1820,1751,0.9621,0,1749,0,0,2,0,65,0,0,4,0,0,0.621
tilt_b,balanced,short,mixed,20,63,P2,74,74,-1.007,-0.34,-17.602,-18.767,-0.793,-0.975,-5.659,-1.007,0.392,20.0,1480,1413,0.9547,0,1408,0,0,5,0,66,0,0,1,0,0,0.623
tilt_b,balanced,short,mixed,20,63,2023,40,40,-2.226,-5.15,-8.886,-8.946,-2.331,-2.141,-8.247,-2.226,0.365,20.0,800,753,0.9413,0,753,0,0,0,0,45,0,0,2,0,0,0.605
tilt_b,balanced,short,mixed,20,63,2024,51,51,-2.013,-1.79,-11.305,-13.066,-1.839,-2.01,-4.08,-2.013,0.312,20,1020,998,0.9784,0,996,0,0,2,0,20,0,0,2,0,0,0.631
tilt_b,balanced,short,mixed,20,63,2025,50,50,1.96,0.54,-17.518,-18.767,2.164,1.869,-3.15,1.96,0.44,20.0,1000,951,0.951,0,950,0,0,1,0,48,0,0,1,0,0,0.623
tilt_b,balanced,short,mixed,20,63,2026,24,24,-7.188,-5.01,-16.644,-17.854,-6.954,-6.9,-10.886,-7.188,0.29,20.0,480,462,0.9625,0,458,0,0,4,0,18,0,0,0,0,0,0.624
tilt_b,balanced,short,stock,10,5,ALL,176,176,-0.036,-0.15,-7.692,-12.649,-0.043,-0.046,-0.555,-0.036,0.483,10.0,1760,1749,0.9938,0,1749,0,0,0,0,8,1,0,2,0,0,0.673
tilt_b,balanced,short,stock,10,5,P1,91,91,-0.081,-0.3,-4.115,-4.954,-0.083,-0.085,-0.417,-0.081,0.462,10,910,905,0.9945,0,905,0,0,0,0,3,0,0,2,0,0,0.678
tilt_b,balanced,short,stock,10,5,P2,85,85,0.011,0.03,-10.071,-12.649,-0.0,-0.004,-0.703,0.011,0.506,10,850,844,0.9929,0,844,0,0,0,0,5,1,0,0,0,0,0.668
tilt_b,balanced,short,stock,10,5,2023,40,40,-0.021,-0.07,-3.592,-3.755,-0.021,-0.024,-0.526,-0.021,0.462,10.0,400,397,0.9925,0,397,0,0,0,0,2,0,0,1,0,0,0.644
tilt_b,balanced,short,stock,10,5,2024,51,51,-0.128,-0.3,-4.388,-4.954,-0.133,-0.133,-0.332,-0.128,0.461,10,510,508,0.9961,0,508,0,0,0,0,1,0,0,1,0,0,0.704
tilt_b,balanced,short,stock,10,5,2025,50,50,-0.065,-0.15,-8.724,-12.302,-0.079,-0.072,-0.867,-0.065,0.517,10.0,500,496,0.992,0,496,0,0,0,0,4,0,0,0,0,0,0.651
tilt_b,balanced,short,stock,10,5,2026,35,35,0.12,0.15,-10.59,-12.649,0.112,0.094,-0.468,0.12,0.491,10,350,348,0.9943,0,348,0,0,0,0,1,1,0,0,0,0,0.688
tilt_b,balanced,short,stock,10,20,ALL,173,173,-0.414,-0.69,-14.583,-23.988,-0.431,-0.407,-2.277,-0.414,0.464,10,1730,1696,0.9803,0,1695,0,0,1,0,31,1,0,2,0,0,0.673
tilt_b,balanced,short,stock,10,20,P1,91,91,0.162,0.23,-10.31,-12.51,0.138,0.155,-1.194,0.162,0.486,10,910,896,0.9846,0,896,0,0,0,0,12,0,0,2,0,0,0.678
tilt_b,balanced,short,stock,10,20,P2,82,82,-1.052,-1.09,-16.766,-23.988,-1.062,-1.032,-3.479,-1.052,0.439,10.0,820,800,0.9756,0,799,0,0,1,0,19,1,0,0,0,0,0.667
tilt_b,balanced,short,stock,10,20,2023,40,40,-0.069,-0.1,-8.55,-12.51,-0.052,-0.067,-2.103,-0.069,0.474,10.0,400,391,0.9775,0,391,0,0,0,0,8,0,0,1,0,0,0.644
tilt_b,balanced,short,stock,10,20,2024,51,51,0.343,0.3,-10.891,-12.442,0.287,0.329,-0.482,0.343,0.495,10,510,505,0.9902,0,505,0,0,0,0,4,0,0,1,0,0,0.704
tilt_b,balanced,short,stock,10,20,2025,50,50,-1.343,-1.03,-18.897,-23.988,-1.279,-1.273,-4.264,-1.343,0.437,10.0,500,485,0.97,0,485,0,0,0,0,15,0,0,0,0,0,0.651
tilt_b,balanced,short,stock,10,20,2026,32,32,-0.598,-0.44,-13.568,-14.779,-0.724,-0.654,-2.251,-0.598,0.443,10.0,320,315,0.9844,0,314,0,0,1,0,4,1,0,0,0,0,0.687
tilt_b,balanced,short,stock,10,63,ALL,165,165,0.092,0.06,-16.43,-19.878,0.345,0.143,-5.327,0.092,0.434,10,1650,1563,0.9473,0,1559,0,0,4,0,85,0,0,2,0,0,0.672
tilt_b,balanced,short,stock,10,63,P1,91,91,0.601,0.6,-13.451,-15.046,0.719,0.57,-3.676,0.601,0.44,10,910,872,0.9582,0,871,0,0,1,0,36,0,0,2,0,0,0.678
tilt_b,balanced,short,stock,10,63,P2,74,74,-0.533,-0.16,-18.634,-19.878,-0.115,-0.381,-7.357,-0.533,0.426,10.0,740,691,0.9338,0,688,0,0,3,0,49,0,0,0,0,0,0.664
tilt_b,balanced,short,stock,10,63,2023,40,40,-0.189,-0.22,-10.322,-10.663,-0.37,-0.253,-6.735,-0.189,0.427,10.0,400,375,0.9375,0,375,0,0,0,0,24,0,0,1,0,0,0.644
tilt_b,balanced,short,stock,10,63,2024,51,51,1.22,0.79,-14.282,-15.046,1.574,1.215,-1.277,1.22,0.45,10,510,497,0.9745,0,496,0,0,1,0,12,0,0,1,0,0,0.704
tilt_b,balanced,short,stock,10,63,2025,50,50,2.636,0.62,-18.544,-19.878,3.138,2.693,-5.1,2.636,0.47,10.0,500,463,0.926,0,463,0,0,0,0,37,0,0,0,0,0,0.651
tilt_b,balanced,short,stock,10,63,2026,24,24,-7.136,-3.41,-17.324,-18.901,-6.891,-6.787,-12.057,-7.136,0.335,10.0,240,228,0.95,0,225,0,0,3,0,12,0,0,0,0,0,0.687
tilt_b,balanced,short,stock,20,5,ALL,176,176,-0.088,-0.47,-6.021,-10.14,-0.088,-0.091,-0.545,-0.086,0.475,20.0,3513,3490,0.9935,7,3490,0,0,0,0,15,1,0,7,0,1,0.609
tilt_b,balanced,short,stock,20,5,P1,91,91,-0.159,-0.78,-3.868,-5.107,-0.16,-0.161,-0.659,-0.159,0.456,20,1820,1806,0.9923,0,1806,0,0,0,0,9,0,0,5,0,0,0.61
tilt_b,balanced,short,stock,20,5,P2,85,85,-0.011,-0.03,-7.446,-10.14,-0.01,-0.016,-0.423,-0.007,0.496,20,1693,1684,0.9947,7,1684,0,0,0,0,6,1,0,2,0,1,0.61
tilt_b,balanced,short,stock,20,5,2023,40,40,-0.362,-1.31,-4.362,-5.107,-0.358,-0.361,-1.116,-0.362,0.455,20.0,800,792,0.99,0,792,0,0,0,0,6,0,0,2,0,0,0.605
tilt_b,balanced,short,stock,20,5,2024,51,51,-0.001,-0.0,-3.539,-3.615,-0.005,-0.004,-0.3,-0.001,0.457,20,1020,1014,0.9941,0,1014,0,0,0,0,3,0,0,3,0,0,0.613
tilt_b,balanced,short,stock,20,5,2025,50,50,-0.007,-0.02,-6.264,-7.783,-0.01,-0.012,-0.507,-0.0,0.492,20.0,993,987,0.994,7,987,0,0,0,0,5,0,0,1,0,1,0.595
tilt_b,balanced,short,stock,20,5,2026,35,35,-0.016,-0.03,-8.305,-10.14,-0.011,-0.023,-0.304,-0.016,0.502,20,700,697,0.9957,0,697,0,0,0,0,1,1,0,1,0,0,0.634
tilt_b,balanced,short,stock,20,20,ALL,173,173,-0.475,-0.99,-11.039,-15.909,-0.492,-0.47,-2.439,-0.476,0.451,20,3453,3379,0.9786,7,3377,0,0,2,0,64,3,0,7,0,1,0.607
tilt_b,balanced,short,stock,20,20,P1,91,91,-0.255,-0.43,-8.472,-10.496,-0.266,-0.251,-2.115,-0.255,0.459,20,1820,1782,0.9791,0,1782,0,0,0,0,33,0,0,5,0,0,0.61
tilt_b,balanced,short,stock,20,20,P2,82,82,-0.72,-0.93,-12.489,-15.909,-0.743,-0.714,-2.798,-0.722,0.441,20.0,1633,1597,0.978,7,1595,0,0,2,0,31,3,0,2,0,1,0.605
tilt_b,balanced,short,stock,20,20,2023,40,40,-1.022,-2.03,-7.811,-8.843,-1.002,-0.997,-4.072,-1.022,0.437,20.0,800,774,0.9675,0,774,0,0,0,0,24,0,0,2,0,0,0.605
tilt_b,balanced,short,stock,20,20,2024,51,51,0.347,0.37,-8.912,-10.496,0.312,0.334,-0.58,0.347,0.476,20,1020,1008,0.9882,0,1008,0,0,0,0,9,0,0,3,0,0,0.613
tilt_b,balanced,short,stock,20,20,2025,50,50,-0.586,-0.53,-14.414,-15.909,-0.566,-0.572,-2.76,-0.589,0.449,20.0,993,970,0.9768,7,970,0,0,0,0,22,0,0,1,0,1,0.595
tilt_b,balanced,short,stock,20,20,2026,32,32,-0.93,-0.94,-9.117,-9.457,-1.019,-0.937,-2.859,-0.93,0.43,20.0,640,627,0.9797,0,625,0,0,2,0,9,3,0,1,0,0,0.624
tilt_b,balanced,short,stock,20,63,ALL,165,165,-0.525,-0.37,-15.634,-18.224,-0.39,-0.479,-5.756,-0.557,0.423,20,3293,3123,0.9484,7,3116,0,0,7,0,162,1,0,7,0,1,0.605
tilt_b,balanced,short,stock,20,63,P1,91,91,-0.643,-0.88,-10.901,-11.931,-0.582,-0.613,-5.455,-0.643,0.426,20,1820,1733,0.9522,0,1731,0,0,2,0,82,0,0,5,0,0,0.61
tilt_b,balanced,short,stock,20,63,P2,74,74,-0.38,-0.13,-17.572,-18.224,-0.154,-0.314,-6.125,-0.452,0.42,20.0,1473,1390,0.9437,7,1385,0,0,5,0,80,1,0,2,0,1,0.599
tilt_b,balanced,short,stock,20,63,2023,40,40,-1.449,-2.02,-9.555,-9.594,-1.566,-1.377,-8.805,-1.449,0.415,20.0,800,743,0.9287,0,743,0,0,0,0,55,0,0,2,0,0,0.605
tilt_b,balanced,short,stock,20,63,2024,51,51,-0.01,-0.01,-11.372,-11.931,0.189,-0.014,-2.828,-0.01,0.435,20,1020,990,0.9706,0,988,0,0,2,0,27,0,0,3,0,0,0.613
tilt_b,balanced,short,stock,20,63,2025,50,50,2.532,0.67,-17.199,-18.047,2.761,2.46,-3.67,2.426,0.467,20.0,993,934,0.9406,7,933,0,0,1,0,58,0,0,1,0,1,0.595
tilt_b,balanced,short,stock,20,63,2026,24,24,-6.448,-3.49,-17.145,-18.224,-6.227,-6.092,-11.241,-6.448,0.322,20.0,480,456,0.95,0,452,0,0,4,0,22,1,0,1,0,0,0.613
v15,aggressive,long,mixed,10,5,ALL,176,176,-0.088,-0.35,-7.853,-15.972,-0.091,-0.093,-0.542,-0.088,0.449,10.0,1760,1750,0.9943,0,1750,0,0,0,0,8,0,0,2,0,0,0.627
v15,aggressive,long,mixed,10,5,P1,91,91,-0.212,-0.78,-4.821,-7.088,-0.211,-0.212,-0.763,-0.212,0.416,10,910,904,0.9934,0,904,0,0,0,0,5,0,0,1,0,0,0.608
v15,aggressive,long,mixed,10,5,P2,85,85,0.045,0.1,-9.523,-15.972,0.037,0.034,-0.305,0.045,0.484,10,850,846,0.9953,0,846,0,0,0,0,3,0,0,1,0,0,0.649
v15,aggressive,long,mixed,10,5,2023,40,40,-0.409,-1.27,-4.462,-4.637,-0.406,-0.409,-1.16,-0.409,0.412,10.0,400,396,0.99,0,396,0,0,0,0,3,0,0,1,0,0,0.626
v15,aggressive,long,mixed,10,5,2024,51,51,-0.057,-0.14,-5.06,-7.088,-0.059,-0.058,-0.452,-0.057,0.42,10,510,508,0.9961,0,508,0,0,0,0,2,0,0,0,0,0,0.592
v15,aggressive,long,mixed,10,5,2025,50,50,0.199,0.46,-6.279,-7.883,0.185,0.19,-0.192,0.199,0.492,10.0,500,497,0.994,0,497,0,0,0,0,2,0,0,1,0,0,0.637
v15,aggressive,long,mixed,10,5,2026,35,35,-0.176,-0.21,-12.551,-15.972,-0.175,-0.189,-0.467,-0.176,0.474,10,350,349,0.9971,0,349,0,0,0,0,1,0,0,0,0,0,0.665
v15,aggressive,long,mixed,10,20,ALL,173,173,-0.425,-0.75,-13.325,-20.133,-0.468,-0.439,-2.428,-0.425,0.399,10,1730,1694,0.9792,0,1691,0,0,3,0,31,3,0,2,0,0,0.625
v15,aggressive,long,mixed,10,20,P1,91,91,-0.199,-0.29,-8.634,-10.116,-0.232,-0.218,-2.01,-0.199,0.391,10,910,893,0.9813,0,893,0,0,0,0,16,0,0,1,0,0,0.608
v15,aggressive,long,mixed,10,20,P2,82,82,-0.676,-0.73,-15.687,-20.133,-0.729,-0.685,-2.892,-0.676,0.407,10.0,820,801,0.9768,0,798,0,0,3,0,15,3,0,1,0,0,0.644
v15,aggressive,long,mixed,10,20,2023,40,40,-0.992,-1.98,-5.353,-5.449,-0.972,-1.007,-3.538,-0.992,0.407,10.0,400,389,0.9725,0,389,0,0,0,0,10,0,0,1,0,0,0.626
v15,aggressive,long,mixed,10,20,2024,51,51,0.422,0.37,-9.675,-10.116,0.349,0.4,-0.812,0.422,0.379,10,510,504,0.9882,0,504,0,0,0,0,6,0,0,0,0,0,0.592
v15,aggressive,long,mixed,10,20,2025,50,50,-0.713,-0.66,-13.924,-19.229,-0.705,-0.707,-2.681,-0.713,0.392,10.0,500,489,0.978,0,489,0,0,0,0,10,0,0,1,0,0,0.637
v15,aggressive,long,mixed,10,20,2026,32,32,-0.617,-0.36,-17.515,-20.133,-0.766,-0.651,-3.222,-0.617,0.429,10.0,320,312,0.975,0,309,0,0,3,0,5,3,0,0,0,0,0.655
v15,aggressive,long,mixed,10,63,ALL,165,165,-1.508,-1.29,-20.138,-28.361,-1.351,-1.57,-6.57,-1.508,0.354,10,1650,1570,0.9515,0,1564,0,0,6,0,78,0,0,2,0,0,0.62
v15,aggressive,long,mixed,10,63,P1,91,91,-1.046,-1.1,-13.337,-15.75,-1.029,-1.08,-5.063,-1.046,0.346,10,910,875,0.9615,0,875,0,0,0,0,34,0,0,1,0,0,0.608
v15,aggressive,long,mixed,10,63,P2,74,74,-2.077,-0.89,-24.136,-28.361,-1.748,-2.173,-8.423,-2.077,0.364,10.0,740,695,0.9392,0,689,0,0,6,0,44,0,0,1,0,0,0.634
v15,aggressive,long,mixed,10,63,2023,40,40,-1.893,-1.57,-14.565,-15.75,-1.999,-1.895,-8.045,-1.893,0.367,10.0,400,376,0.94,0,376,0,0,0,0,23,0,0,1,0,0,0.626
v15,aggressive,long,mixed,10,63,2024,51,51,-0.382,-0.29,-12.519,-12.62,-0.268,-0.441,-2.724,-0.382,0.329,10,510,499,0.9784,0,499,0,0,0,0,11,0,0,0,0,0,0.592
v15,aggressive,long,mixed,10,63,2025,50,50,-0.655,-0.23,-20.194,-22.798,-0.137,-0.82,-7.451,-0.655,0.393,10.0,500,467,0.934,0,466,0,0,1,0,32,0,0,1,0,0,0.637
v15,aggressive,long,mixed,10,63,2026,24,24,-5.038,-1.28,-26.902,-28.361,-5.102,-4.992,-10.449,-5.038,0.303,10.0,240,228,0.95,0,223,0,0,5,0,12,0,0,0,0,0,0.626
v15,aggressive,long,mixed,20,5,ALL,176,176,-0.034,-0.17,-6.558,-12.715,-0.037,-0.039,-0.465,-0.034,0.462,20.0,3520,3498,0.9938,0,3498,0,0,0,0,13,2,0,7,0,0,0.583
v15,aggressive,long,mixed,20,5,P1,91,91,-0.094,-0.45,-3.888,-4.629,-0.097,-0.098,-0.485,-0.094,0.433,20,1820,1810,0.9945,0,1810,0,0,0,0,7,0,0,3,0,0,0.566
v15,aggressive,long,mixed,20,5,P2,85,85,0.029,0.08,-8.118,-12.715,0.027,0.025,-0.444,0.029,0.494,20,1700,1688,0.9929,0,1688,0,0,0,0,6,2,0,4,0,0,0.602
v15,aggressive,long,mixed,20,5,2023,40,40,-0.247,-1.03,-3.307,-3.852,-0.246,-0.252,-0.756,-0.247,0.434,20.0,800,794,0.9925,0,794,0,0,0,0,4,0,0,2,0,0,0.569
v15,aggressive,long,mixed,20,5,2024,51,51,0.027,0.08,-4.146,-4.629,0.02,0.023,-0.273,0.027,0.433,20,1020,1016,0.9961,0,1016,0,0,0,0,3,0,0,1,0,0,0.563
v15,aggressive,long,mixed,20,5,2025,50,50,0.146,0.41,-5.225,-7.254,0.141,0.148,-0.249,0.146,0.493,20.0,1000,994,0.994,0,994,0,0,0,0,4,0,0,2,0,0,0.588
v15,aggressive,long,mixed,20,5,2026,35,35,-0.137,-0.2,-10.47,-12.715,-0.137,-0.151,-0.723,-0.137,0.495,20,700,694,0.9914,0,694,0,0,0,0,2,2,0,2,0,0,0.625
v15,aggressive,long,mixed,20,20,ALL,173,173,-0.315,-0.58,-11.443,-15.458,-0.342,-0.325,-2.237,-0.315,0.411,20,3460,3388,0.9792,0,3385,0,0,3,0,62,3,0,7,0,0,0.581
v15,aggressive,long,mixed,20,20,P1,91,91,-0.155,-0.25,-7.199,-8.501,-0.186,-0.167,-2.133,-0.155,0.397,20,1820,1782,0.9791,0,1782,0,0,0,0,35,0,0,3,0,0,0.566
v15,aggressive,long,mixed,20,20,P2,82,82,-0.492,-0.54,-13.231,-15.458,-0.514,-0.5,-2.352,-0.492,0.426,20.0,1640,1606,0.9793,0,1603,0,0,3,0,27,3,0,4,0,0,0.598
v15,aggressive,long,mixed,20,20,2023,40,40,-0.865,-2.52,-5.125,-5.682,-0.829,-0.843,-3.772,-0.865,0.423,20.0,800,775,0.9688,0,775,0,0,0,0,23,0,0,2,0,0,0.569
v15,aggressive,long,mixed,20,20,2024,51,51,0.402,0.39,-7.732,-8.501,0.318,0.363,-0.848,0.402,0.377,20,1020,1007,0.9873,0,1007,0,0,0,0,12,0,0,1,0,0,0.563
v15,aggressive,long,mixed,20,20,2025,50,50,-0.231,-0.2,-12.246,-12.911,-0.223,-0.226,-2.03,-0.231,0.425,20.0,1000,980,0.98,0,980,0,0,0,0,18,0,0,2,0,0,0.588
v15,aggressive,long,mixed,20,20,2026,32,32,-0.901,-0.61,-14.707,-15.458,-0.968,-0.927,-2.856,-0.901,0.427,20.0,640,626,0.9781,0,623,0,0,3,0,9,3,0,2,0,0,0.616
v15,aggressive,long,mixed,20,63,ALL,165,165,-1.005,-0.74,-20.169,-25.158,-0.876,-1.057,-5.692,-1.005,0.377,20,3300,3149,0.9542,0,3140,0,0,9,0,142,2,0,7,0,0,0.577
v15,aggressive,long,mixed,20,63,P1,91,91,-0.84,-1.04,-11.025,-13.066,-0.745,-0.856,-4.897,-0.84,0.368,20,1820,1748,0.9604,0,1748,0,0,0,0,69,0,0,3,0,0,0.566
v15,aggressive,long,mixed,20,63,P2,74,74,-1.208,-0.42,-23.634,-25.158,-1.037,-1.305,-6.668,-1.208,0.388,20.0,1480,1401,0.9466,0,1392,0,0,9,0,73,2,0,4,0,0,0.59
v15,aggressive,long,mixed,20,63,2023,40,40,-1.429,-1.46,-9.247,-9.882,-1.467,-1.383,-7.677,-1.429,0.402,20.0,800,751,0.9387,0,751,0,0,0,0,47,0,0,2,0,0,0.569
v15,aggressive,long,mixed,20,63,2024,51,51,-0.379,-0.33,-11.837,-13.066,-0.178,-0.443,-2.717,-0.379,0.341,20,1020,997,0.9775,0,997,0,0,0,0,22,0,0,1,0,0,0.563
v15,aggressive,long,mixed,20,63,2025,50,50,1.014,0.29,-18.288,-19.407,1.263,0.809,-4.315,1.014,0.43,20.0,1000,949,0.949,0,945,0,0,4,0,49,0,0,2,0,0,0.588
v15,aggressive,long,mixed,20,63,2026,24,24,-5.839,-1.45,-24.996,-25.158,-5.828,-5.708,-11.571,-5.839,0.3,20.0,480,452,0.9417,0,447,0,0,5,0,24,2,0,2,0,0,0.596
v15,aggressive,long,stock,10,5,ALL,176,176,-0.01,-0.03,-8.545,-15.972,-0.018,-0.02,-0.7,-0.01,0.474,10.0,1760,1745,0.9915,0,1745,0,0,0,0,12,0,0,3,0,0,0.61
v15,aggressive,long,stock,10,5,P1,91,91,-0.009,-0.03,-5.119,-7.088,-0.012,-0.012,-0.562,-0.009,0.461,10,910,904,0.9934,0,904,0,0,0,0,5,0,0,1,0,0,0.617
v15,aggressive,long,stock,10,5,P2,85,85,-0.01,-0.02,-10.226,-15.972,-0.025,-0.029,-0.848,-0.01,0.489,10,850,841,0.9894,0,841,0,0,0,0,7,0,0,2,0,0,0.604
v15,aggressive,long,stock,10,5,2023,40,40,-0.181,-0.51,-4.692,-4.748,-0.185,-0.186,-0.937,-0.181,0.455,10.0,400,396,0.99,0,396,0,0,0,0,3,0,0,1,0,0,0.618
v15,aggressive,long,stock,10,5,2024,51,51,0.126,0.3,-5.307,-7.088,0.124,0.125,-0.269,0.126,0.465,10,510,508,0.9961,0,508,0,0,0,0,2,0,0,0,0,0,0.614
v15,aggressive,long,stock,10,5,2025,50,50,-0.087,-0.18,-7.473,-8.896,-0.105,-0.095,-1.085,-0.087,0.492,10.0,500,494,0.988,0,494,0,0,0,0,5,0,0,1,0,0,0.598
v15,aggressive,long,stock,10,5,2026,35,35,0.1,0.11,-13.237,-15.972,0.089,0.065,-0.508,0.1,0.485,10,350,347,0.9914,0,347,0,0,0,0,2,0,0,1,0,0,0.612
v15,aggressive,long,stock,10,20,ALL,173,173,0.07,0.11,-13.8,-20.133,0.05,0.073,-2.339,0.07,0.463,10,1730,1686,0.9746,0,1683,0,0,3,0,38,3,0,3,0,0,0.61
v15,aggressive,long,stock,10,20,P1,91,91,0.768,0.98,-8.672,-10.116,0.722,0.74,-1.165,0.768,0.504,10,910,892,0.9802,0,892,0,0,0,0,17,0,0,1,0,0,0.617
v15,aggressive,long,stock,10,20,P2,82,82,-0.704,-0.7,-16.649,-20.133,-0.696,-0.666,-3.642,-0.704,0.419,10.0,820,794,0.9683,0,791,0,0,3,0,21,3,0,2,0,0,0.602
v15,aggressive,long,stock,10,20,2023,40,40,-0.564,-0.92,-6.739,-7.209,-0.55,-0.579,-3.11,-0.564,0.455,10.0,400,389,0.9725,0,389,0,0,0,0,10,0,0,1,0,0,0.618
v15,aggressive,long,stock,10,20,2024,51,51,1.813,1.44,-9.675,-10.116,1.719,1.774,0.361,1.813,0.542,10,510,503,0.9863,0,503,0,0,0,0,7,0,0,0,0,0,0.614
v15,aggressive,long,stock,10,20,2025,50,50,-1.137,-1.0,-14.834,-19.229,-1.02,-1.039,-3.843,-1.137,0.401,10.0,500,485,0.97,0,485,0,0,0,0,14,0,0,1,0,0,0.598
v15,aggressive,long,stock,10,20,2026,32,32,-0.028,-0.02,-17.515,-20.133,-0.189,-0.083,-3.328,-0.028,0.446,10.0,320,309,0.9656,0,306,0,0,3,0,7,3,0,1,0,0,0.61
v15,aggressive,long,stock,10,63,ALL,165,165,0.536,0.39,-20.471,-28.361,0.765,0.43,-5.771,0.536,0.45,10,1650,1551,0.94,0,1545,0,0,6,0,96,0,0,3,0,0,0.608
v15,aggressive,long,stock,10,63,P1,91,91,1.898,2.06,-10.653,-12.62,1.92,1.768,-3.156,1.898,0.486,10,910,867,0.9527,0,867,0,0,0,0,42,0,0,1,0,0,0.617
v15,aggressive,long,stock,10,63,P2,74,74,-1.139,-0.42,-24.01,-28.361,-0.656,-1.216,-8.985,-1.139,0.406,10.0,740,684,0.9243,0,678,0,0,6,0,54,0,0,2,0,0,0.597
v15,aggressive,long,stock,10,63,2023,40,40,1.041,1.11,-9.055,-9.439,0.741,0.911,-6.06,1.041,0.486,10.0,400,373,0.9325,0,373,0,0,0,0,26,0,0,1,0,0,0.618
v15,aggressive,long,stock,10,63,2024,51,51,2.57,2.02,-11.567,-12.62,2.844,2.441,-0.879,2.57,0.487,10,510,494,0.9686,0,494,0,0,0,0,16,0,0,0,0,0,0.614
v15,aggressive,long,stock,10,63,2025,50,50,0.317,0.09,-20.393,-22.33,1.167,0.256,-7.935,0.317,0.428,10.0,500,460,0.92,0,459,0,0,1,0,39,0,0,1,0,0,0.598
v15,aggressive,long,stock,10,63,2026,24,24,-4.17,-0.97,-26.902,-28.361,-4.454,-4.282,-11.172,-4.17,0.36,10.0,240,224,0.9333,0,219,0,0,5,0,15,0,0,1,0,0,0.596
v15,aggressive,long,stock,20,5,ALL,176,176,0.061,0.28,-6.697,-12.715,0.057,0.055,-0.457,0.061,0.484,20.0,3513,3487,0.9926,7,3487,0,0,0,0,15,3,0,8,0,1,0.573
v15,aggressive,long,stock,20,5,P1,91,91,0.074,0.31,-3.902,-4.629,0.07,0.068,-0.375,0.074,0.473,20,1820,1809,0.994,0,1809,0,0,0,0,8,0,0,3,0,0,0.573
v15,aggressive,long,stock,20,5,P2,85,85,0.047,0.13,-7.91,-12.715,0.044,0.042,-0.544,0.047,0.495,20,1693,1678,0.9911,7,1678,0,0,0,0,7,3,0,5,0,1,0.573
v15,aggressive,long,stock,20,5,2023,40,40,-0.226,-0.85,-3.89,-3.894,-0.228,-0.234,-0.864,-0.226,0.462,20.0,800,793,0.9912,0,793,0,0,0,0,5,0,0,2,0,0,0.555
v15,aggressive,long,stock,20,5,2024,51,51,0.309,0.83,-3.911,-4.629,0.303,0.305,0.009,0.309,0.482,20,1020,1016,0.9961,0,1016,0,0,0,0,3,0,0,1,0,0,0.589
v15,aggressive,long,stock,20,5,2025,50,50,0.123,0.34,-5.468,-6.128,0.115,0.123,-0.372,0.125,0.496,20.0,993,985,0.9919,7,985,0,0,0,0,5,0,0,3,0,1,0.574
v15,aggressive,long,stock,20,5,2026,35,35,-0.063,-0.08,-10.47,-12.715,-0.058,-0.075,-0.79,-0.063,0.494,20,700,693,0.99,0,693,0,0,0,0,2,3,0,2,0,0,0.575
v15,aggressive,long,stock,20,20,ALL,173,173,0.175,0.31,-11.59,-15.458,0.147,0.163,-2.363,0.168,0.471,20,3453,3359,0.9728,7,3356,0,0,3,0,80,6,0,8,0,1,0.573
v15,aggressive,long,stock,20,20,P1,91,91,0.396,0.62,-7.179,-8.501,0.351,0.376,-2.205,0.396,0.492,20,1820,1771,0.9731,0,1771,0,0,0,0,46,0,0,3,0,0,0.573
v15,aggressive,long,stock,20,20,P2,82,82,-0.07,-0.07,-13.338,-15.458,-0.078,-0.074,-2.538,-0.084,0.448,20.0,1633,1588,0.9724,7,1585,0,0,3,0,34,6,0,5,0,1,0.573
v15,aggressive,long,stock,20,20,2023,40,40,-0.746,-1.94,-5.528,-5.539,-0.721,-0.731,-4.554,-0.746,0.459,20.0,800,768,0.96,0,768,0,0,0,0,30,0,0,2,0,0,0.555
v15,aggressive,long,stock,20,20,2024,51,51,1.292,1.25,-7.732,-8.501,1.192,1.244,-0.363,1.292,0.517,20,1020,1003,0.9833,0,1003,0,0,0,0,16,0,0,1,0,0,0.589
v15,aggressive,long,stock,20,20,2025,50,50,0.175,0.15,-12.187,-13.459,0.211,0.196,-2.115,0.151,0.458,20.0,993,967,0.9738,7,967,0,0,0,0,23,0,0,3,0,1,0.574
v15,aggressive,long,stock,20,20,2026,32,32,-0.452,-0.28,-14.707,-15.458,-0.53,-0.496,-3.199,-0.452,0.432,20.0,640,621,0.9703,0,618,0,0,3,0,11,6,0,2,0,0,0.574
v15,aggressive,long,stock,20,63,ALL,165,165,0.989,0.66,-18.748,-26.206,1.06,0.898,-4.898,0.948,0.456,20,3293,3105,0.9429,7,3095,0,0,10,0,178,2,0,8,0,1,0.571
v15,aggressive,long,stock,20,63,P1,91,91,1.359,1.24,-9.318,-10.389,1.379,1.301,-4.019,1.359,0.474,20,1820,1726,0.9484,0,1726,0,0,0,0,91,0,0,3,0,0,0.573
v15,aggressive,long,stock,20,63,P2,74,74,0.534,0.18,-24.153,-26.206,0.668,0.403,-5.978,0.443,0.433,20.0,1473,1379,0.9362,7,1369,0,0,10,0,87,2,0,5,0,1,0.569
v15,aggressive,long,stock,20,63,2023,40,40,0.382,0.23,-9.508,-10.389,0.281,0.398,-7.484,0.382,0.458,20.0,800,739,0.9237,0,739,0,0,0,0,59,0,0,2,0,0,0.555
v15,aggressive,long,stock,20,63,2024,51,51,2.125,1.95,-9.192,-9.501,2.241,2.009,-1.302,2.125,0.487,20,1020,987,0.9676,0,987,0,0,0,0,32,0,0,1,0,0,0.589
v15,aggressive,long,stock,20,63,2025,50,50,2.988,0.83,-14.239,-17.238,3.199,2.754,-3.453,2.854,0.473,20.0,993,931,0.9376,7,926,0,0,5,0,59,0,0,3,0,1,0.574
v15,aggressive,long,stock,20,63,2026,24,24,-4.581,-0.96,-25.52,-26.206,-4.605,-4.494,-11.238,-4.581,0.348,20.0,480,448,0.9333,0,443,0,0,5,0,28,2,0,2,0,0,0.563
v15,aggressive,mid,mixed,10,5,ALL,176,176,-0.058,-0.24,-7.3,-16.299,-0.066,-0.065,-0.57,-0.058,0.446,10.0,1760,1750,0.9943,0,1750,0,0,0,0,8,1,0,1,0,0,0.655
v15,aggressive,mid,mixed,10,5,P1,91,91,-0.263,-1.03,-4.764,-6.159,-0.263,-0.266,-0.816,-0.263,0.412,10,910,905,0.9945,0,905,0,0,0,0,5,0,0,0,0,0,0.636
v15,aggressive,mid,mixed,10,5,P2,85,85,0.163,0.39,-8.927,-16.299,0.145,0.149,-0.306,0.163,0.483,10,850,845,0.9941,0,845,0,0,0,0,3,1,0,1,0,0,0.676
v15,aggressive,mid,mixed,10,5,2023,40,40,-0.382,-1.29,-4.514,-4.74,-0.379,-0.385,-1.136,-0.382,0.419,10.0,400,397,0.9925,0,397,0,0,0,0,3,0,0,0,0,0,0.654
v15,aggressive,mid,mixed,10,5,2024,51,51,-0.17,-0.44,-4.931,-6.159,-0.173,-0.172,-0.565,-0.17,0.406,10,510,508,0.9961,0,508,0,0,0,0,2,0,0,0,0,0,0.622
v15,aggressive,mid,mixed,10,5,2025,50,50,0.381,0.85,-6.241,-7.375,0.348,0.368,-0.014,0.381,0.492,10.0,500,497,0.994,0,497,0,0,0,0,2,0,0,1,0,0,0.661
v15,aggressive,mid,mixed,10,5,2026,35,35,-0.149,-0.19,-12.077,-16.299,-0.144,-0.163,-0.724,-0.149,0.47,10,350,348,0.9943,0,348,0,0,0,0,1,1,0,0,0,0,0.694
v15,aggressive,mid,mixed,10,20,ALL,173,173,-0.656,-1.24,-11.673,-14.12,-0.669,-0.66,-2.537,-0.656,0.387,10,1730,1697,0.9809,0,1696,0,0,1,0,29,3,0,1,0,0,0.653
v15,aggressive,mid,mixed,10,20,P1,91,91,-0.522,-0.8,-8.148,-9.508,-0.548,-0.54,-2.119,-0.522,0.368,10,910,896,0.9846,0,896,0,0,0,0,14,0,0,0,0,0,0.636
v15,aggressive,mid,mixed,10,20,P2,82,82,-0.804,-0.94,-12.668,-14.12,-0.803,-0.793,-3.001,-0.804,0.408,10.0,820,801,0.9768,0,800,0,0,1,0,15,3,0,1,0,0,0.672
v15,aggressive,mid,mixed,10,20,2023,40,40,-1.197,-3.25,-5.558,-5.581,-1.196,-1.205,-3.504,-1.197,0.399,10.0,400,391,0.9775,0,391,0,0,0,0,9,0,0,0,0,0,0.654
v15,aggressive,mid,mixed,10,20,2024,51,51,0.007,0.01,-8.493,-9.508,-0.04,-0.018,-1.033,0.007,0.343,10,510,505,0.9902,0,505,0,0,0,0,5,0,0,0,0,0,0.622
v15,aggressive,mid,mixed,10,20,2025,50,50,-0.691,-0.65,-11.084,-11.62,-0.662,-0.677,-2.651,-0.691,0.394,10.0,500,489,0.978,0,489,0,0,0,0,10,0,0,1,0,0,0.661
v15,aggressive,mid,mixed,10,20,2026,32,32,-0.98,-0.69,-13.715,-14.12,-1.025,-0.976,-3.548,-0.98,0.429,10.0,320,312,0.975,0,311,0,0,1,0,5,3,0,0,0,0,0.684
v15,aggressive,mid,mixed,10,63,ALL,165,165,-1.959,-1.66,-19.582,-29.054,-1.793,-1.976,-7.051,-1.959,0.336,10,1650,1570,0.9515,0,1566,0,0,4,0,79,0,0,1,0,0,0.648
v15,aggressive,mid,mixed,10,63,P1,91,91,-1.542,-1.58,-11.857,-12.518,-1.533,-1.552,-5.553,-1.542,0.327,10,910,876,0.9626,0,876,0,0,0,0,34,0,0,0,0,0,0.636
v15,aggressive,mid,mixed,10,63,P2,74,74,-2.471,-1.05,-22.653,-29.054,-2.112,-2.497,-8.895,-2.471,0.346,10.0,740,694,0.9378,0,690,0,0,4,0,45,0,0,1,0,0,0.663
v15,aggressive,mid,mixed,10,63,2023,40,40,-2.822,-3.51,-10.781,-10.865,-3.028,-2.813,-9.262,-2.822,0.336,10.0,400,376,0.94,0,376,0,0,0,0,24,0,0,0,0,0,0.654
v15,aggressive,mid,mixed,10,63,2024,51,51,-0.538,-0.37,-12.347,-12.518,-0.361,-0.563,-2.643,-0.538,0.32,10,510,500,0.9804,0,500,0,0,0,0,10,0,0,0,0,0,0.622
v15,aggressive,mid,mixed,10,63,2025,50,50,-0.675,-0.24,-20.33,-22.798,-0.162,-0.823,-7.463,-0.675,0.384,10.0,500,467,0.934,0,466,0,0,1,0,32,0,0,1,0,0,0.661
v15,aggressive,mid,mixed,10,63,2026,24,24,-6.214,-1.86,-23.936,-29.054,-6.176,-5.986,-11.878,-6.214,0.267,10.0,240,227,0.9458,0,224,0,0,3,0,13,0,0,0,0,0,0.661
v15,aggressive,mid,mixed,20,5,ALL,176,176,-0.082,-0.41,-6.565,-13.415,-0.083,-0.084,-0.482,-0.082,0.459,20.0,3520,3500,0.9943,0,3500,0,0,0,0,13,1,0,6,0,0,0.612
v15,aggressive,mid,mixed,20,5,P1,91,91,-0.091,-0.4,-3.696,-4.561,-0.09,-0.092,-0.478,-0.091,0.428,20,1820,1810,0.9945,0,1810,0,0,0,0,7,0,0,3,0,0,0.602
v15,aggressive,mid,mixed,20,5,P2,85,85,-0.073,-0.21,-8.147,-13.415,-0.075,-0.076,-0.486,-0.073,0.492,20,1700,1690,0.9941,0,1690,0,0,0,0,6,1,0,3,0,0,0.624
v15,aggressive,mid,mixed,20,5,2023,40,40,-0.308,-1.37,-3.047,-3.57,-0.302,-0.307,-0.935,-0.308,0.434,20.0,800,793,0.9912,0,793,0,0,0,0,5,0,0,2,0,0,0.595
v15,aggressive,mid,mixed,20,5,2024,51,51,0.08,0.22,-4.059,-4.561,0.076,0.077,-0.119,0.08,0.424,20,1020,1017,0.9971,0,1017,0,0,0,0,2,0,0,1,0,0,0.604
v15,aggressive,mid,mixed,20,5,2025,50,50,0.036,0.1,-5.638,-7.254,0.031,0.039,-0.358,0.036,0.49,20.0,1000,995,0.995,0,995,0,0,0,0,4,0,0,1,0,0,0.616
v15,aggressive,mid,mixed,20,5,2026,35,35,-0.229,-0.34,-10.728,-13.415,-0.225,-0.241,-0.669,-0.229,0.495,20,700,695,0.9929,0,695,0,0,0,0,2,1,0,2,0,0,0.64
v15,aggressive,mid,mixed,20,20,ALL,173,173,-0.505,-0.99,-11.508,-15.567,-0.527,-0.507,-2.188,-0.505,0.406,20,3460,3397,0.9818,0,3394,0,0,3,0,54,3,0,6,0,0,0.61
v15,aggressive,mid,mixed,20,20,P1,91,91,-0.445,-0.78,-7.177,-9.366,-0.472,-0.454,-2.095,-0.445,0.387,20,1820,1788,0.9824,0,1788,0,0,0,0,29,0,0,3,0,0,0.602
v15,aggressive,mid,mixed,20,20,P2,82,82,-0.572,-0.66,-12.801,-15.567,-0.588,-0.566,-2.291,-0.572,0.427,20.0,1640,1609,0.9811,0,1606,0,0,3,0,25,3,0,3,0,0,0.621
v15,aggressive,mid,mixed,20,20,2023,40,40,-0.975,-3.12,-4.873,-5.594,-0.942,-0.95,-3.646,-0.975,0.411,20.0,800,777,0.9712,0,777,0,0,0,0,21,0,0,2,0,0,0.595
v15,aggressive,mid,mixed,20,20,2024,51,51,-0.028,-0.03,-7.826,-9.366,-0.104,-0.064,-0.879,-0.028,0.368,20,1020,1011,0.9912,0,1011,0,0,0,0,8,0,0,1,0,0,0.604
v15,aggressive,mid,mixed,20,20,2025,50,50,-0.48,-0.46,-11.076,-11.507,-0.458,-0.466,-2.062,-0.48,0.424,20.0,1000,983,0.983,0,983,0,0,0,0,16,0,0,1,0,0,0.616
v15,aggressive,mid,mixed,20,20,2026,32,32,-0.716,-0.47,-14.169,-15.567,-0.792,-0.721,-2.65,-0.716,0.431,20.0,640,626,0.9781,0,623,0,0,3,0,9,3,0,2,0,0,0.632
v15,aggressive,mid,mixed,20,63,ALL,165,165,-1.608,-1.23,-19.705,-26.929,-1.496,-1.625,-6.01,-1.608,0.36,20,3300,3158,0.957,0,3150,0,0,8,0,134,2,0,6,0,0,0.606
v15,aggressive,mid,mixed,20,63,P1,91,91,-1.543,-2.05,-11.416,-13.066,-1.465,-1.553,-5.267,-1.543,0.344,20,1820,1754,0.9637,0,1754,0,0,0,0,63,0,0,3,0,0,0.602
v15,aggressive,mid,mixed,20,63,P2,74,74,-1.686,-0.61,-23.775,-26.929,-1.534,-1.712,-6.923,-1.686,0.379,20.0,1480,1404,0.9486,0,1396,0,0,8,0,71,2,0,3,0,0,0.612
v15,aggressive,mid,mixed,20,63,2023,40,40,-1.983,-2.16,-9.88,-11.148,-2.041,-1.935,-7.999,-1.983,0.371,20.0,800,753,0.9413,0,753,0,0,0,0,45,0,0,2,0,0,0.595
v15,aggressive,mid,mixed,20,63,2024,51,51,-1.199,-1.09,-11.998,-13.066,-1.014,-1.254,-3.124,-1.199,0.323,20,1020,1001,0.9814,0,1001,0,0,0,0,18,0,0,1,0,0,0.604
v15,aggressive,mid,mixed,20,63,2025,50,50,0.494,0.15,-17.703,-18.864,0.671,0.342,-4.562,0.494,0.42,20.0,1000,952,0.952,0,949,0,0,3,0,47,0,0,1,0,0,0.616
v15,aggressive,mid,mixed,20,63,2026,24,24,-6.228,-1.59,-26.439,-26.929,-6.128,-5.993,-11.843,-6.228,0.293,20.0,480,452,0.9417,0,447,0,0,5,0,24,2,0,2,0,0,0.609
v15,aggressive,mid,stock,10,5,ALL,176,176,0.147,0.56,-7.771,-16.299,0.137,0.138,-0.54,0.147,0.478,10.0,1760,1744,0.9909,0,1744,0,0,0,0,11,1,0,4,0,0,0.639
v15,aggressive,mid,stock,10,5,P1,91,91,0.031,0.11,-4.722,-6.159,0.023,0.024,-0.526,0.031,0.46,10,910,903,0.9923,0,903,0,0,0,0,5,0,0,2,0,0,0.636
v15,aggressive,mid,stock,10,5,P2,85,85,0.272,0.6,-9.574,-16.299,0.259,0.259,-0.554,0.272,0.497,10,850,841,0.9894,0,841,0,0,0,0,6,1,0,2,0,0,0.642
v15,aggressive,mid,stock,10,5,2023,40,40,0.027,0.07,-4.514,-4.74,0.014,0.014,-0.737,0.027,0.458,10.0,400,396,0.99,0,396,0,0,0,0,3,0,0,1,0,0,0.618
v15,aggressive,mid,stock,10,5,2024,51,51,0.034,0.08,-4.861,-6.159,0.03,0.032,-0.361,0.034,0.462,10,510,507,0.9941,0,507,0,0,0,0,2,0,0,1,0,0,0.648
v15,aggressive,mid,stock,10,5,2025,50,50,0.372,0.79,-7.158,-8.964,0.346,0.369,-0.622,0.372,0.514,10.0,500,494,0.988,0,494,0,0,0,0,5,0,0,1,0,0,0.627
v15,aggressive,mid,stock,10,5,2026,35,35,0.129,0.15,-12.638,-16.299,0.134,0.103,-0.458,0.129,0.474,10,350,347,0.9914,0,347,0,0,0,0,1,1,0,1,0,0,0.662
v15,aggressive,mid,stock,10,20,ALL,173,173,-0.117,-0.19,-12.345,-15.196,-0.123,-0.105,-2.348,-0.117,0.461,10,1730,1688,0.9757,0,1686,0,0,2,0,35,3,0,4,0,0,0.638
v15,aggressive,mid,stock,10,20,P1,91,91,0.592,0.78,-8.073,-9.508,0.522,0.553,-1.266,0.592,0.5,10,910,892,0.9802,0,892,0,0,0,0,16,0,0,2,0,0,0.636
v15,aggressive,mid,stock,10,20,P2,82,82,-0.904,-0.92,-13.686,-15.196,-0.84,-0.835,-3.548,-0.904,0.419,10.0,820,796,0.9707,0,794,0,0,2,0,19,3,0,2,0,0,0.64
v15,aggressive,mid,stock,10,20,2023,40,40,-0.454,-0.92,-6.373,-7.209,-0.489,-0.49,-3.057,-0.454,0.465,10.0,400,389,0.9725,0,389,0,0,0,0,10,0,0,1,0,0,0.618
v15,aggressive,mid,stock,10,20,2024,51,51,1.412,1.12,-8.493,-9.508,1.315,1.372,0.138,1.412,0.527,10,510,503,0.9863,0,503,0,0,0,0,6,0,0,1,0,0,0.648
v15,aggressive,mid,stock,10,20,2025,50,50,-1.125,-0.96,-12.304,-14.064,-0.958,-0.987,-3.791,-1.125,0.404,10.0,500,485,0.97,0,485,0,0,0,0,14,0,0,1,0,0,0.627
v15,aggressive,mid,stock,10,20,2026,32,32,-0.559,-0.33,-14.658,-15.196,-0.655,-0.597,-3.168,-0.559,0.441,10.0,320,311,0.9719,0,309,0,0,2,0,5,3,0,1,0,0,0.658
v15,aggressive,mid,stock,10,63,ALL,165,165,0.108,0.08,-20.785,-29.054,0.227,0.042,-6.161,0.108,0.44,10,1650,1550,0.9394,0,1545,0,0,5,0,96,0,0,4,0,0,0.636
v15,aggressive,mid,stock,10,63,P1,91,91,1.431,1.36,-9.984,-11.379,1.386,1.348,-3.503,1.431,0.475,10,910,867,0.9527,0,867,0,0,0,0,41,0,0,2,0,0,0.636
v15,aggressive,mid,stock,10,63,P2,74,74,-1.518,-0.54,-23.638,-29.054,-1.199,-1.564,-9.431,-1.518,0.397,10.0,740,683,0.923,0,678,0,0,5,0,55,0,0,2,0,0,0.636
v15,aggressive,mid,stock,10,63,2023,40,40,-0.1,-0.13,-9.387,-9.905,-0.426,-0.175,-7.465,-0.1,0.466,10.0,400,372,0.93,0,372,0,0,0,0,27,0,0,1,0,0,0.618
v15,aggressive,mid,stock,10,63,2024,51,51,2.632,1.75,-10.382,-11.379,2.808,2.542,-0.395,2.632,0.482,10,510,495,0.9706,0,495,0,0,0,0,14,0,0,1,0,0,0.648
v15,aggressive,mid,stock,10,63,2025,50,50,0.304,0.09,-21.497,-23.613,0.861,0.196,-8.414,0.304,0.43,10.0,500,458,0.916,0,457,0,0,1,0,41,0,0,1,0,0,0.627
v15,aggressive,mid,stock,10,63,2026,24,24,-5.315,-1.3,-24.837,-29.054,-5.491,-5.231,-11.55,-5.315,0.33,10.0,240,225,0.9375,0,221,0,0,4,0,14,0,0,1,0,0,0.652
v15,aggressive,mid,stock,20,5,ALL,176,176,-0.101,-0.46,-7.253,-13.415,-0.101,-0.104,-0.588,-0.103,0.483,20.0,3512,3487,0.9929,8,3487,0,0,0,0,15,2,0,8,0,2,0.61
v15,aggressive,mid,stock,20,5,P1,91,91,-0.03,-0.12,-3.956,-4.561,-0.029,-0.032,-0.475,-0.029,0.471,20,1819,1808,0.994,1,1808,0,0,0,0,8,0,0,3,0,1,0.611
v15,aggressive,mid,stock,20,5,P2,85,85,-0.177,-0.47,-8.765,-13.415,-0.178,-0.182,-0.708,-0.181,0.497,20,1693,1679,0.9917,7,1679,0,0,0,0,7,2,0,5,0,1,0.61
v15,aggressive,mid,stock,20,5,2023,40,40,-0.33,-1.24,-4.033,-4.309,-0.324,-0.331,-1.09,-0.33,0.46,20.0,800,792,0.99,0,792,0,0,0,0,6,0,0,2,0,0,0.591
v15,aggressive,mid,stock,20,5,2024,51,51,0.206,0.55,-3.905,-4.561,0.202,0.203,0.007,0.206,0.48,20,1019,1016,0.9971,1,1016,0,0,0,0,2,0,0,1,0,1,0.629
v15,aggressive,mid,stock,20,5,2025,50,50,-0.121,-0.32,-6.693,-8.682,-0.126,-0.119,-0.614,-0.128,0.497,20.0,993,985,0.9919,7,985,0,0,0,0,5,0,0,3,0,1,0.609
v15,aggressive,mid,stock,20,5,2026,35,35,-0.257,-0.35,-10.728,-13.415,-0.252,-0.271,-0.842,-0.257,0.496,20,700,694,0.9914,0,694,0,0,0,0,2,2,0,2,0,0,0.613
v15,aggressive,mid,stock,20,20,ALL,173,173,-0.102,-0.18,-11.947,-15.567,-0.125,-0.103,-2.194,-0.114,0.466,20,3452,3373,0.9771,8,3370,0,0,3,0,68,3,0,8,0,2,0.61
v15,aggressive,mid,stock,20,20,P1,91,91,0.244,0.38,-7.562,-9.366,0.211,0.229,-1.913,0.244,0.487,20,1819,1778,0.9775,1,1778,0,0,0,0,38,0,0,3,0,1,0.611
v15,aggressive,mid,stock,20,20,P2,82,82,-0.485,-0.53,-12.946,-15.567,-0.497,-0.472,-2.507,-0.51,0.443,20.0,1633,1595,0.9767,7,1592,0,0,3,0,30,3,0,5,0,1,0.61
v15,aggressive,mid,stock,20,20,2023,40,40,-0.797,-2.12,-6.851,-8.037,-0.769,-0.783,-4.361,-0.797,0.453,20.0,800,770,0.9625,0,770,0,0,0,0,28,0,0,2,0,0,0.591
v15,aggressive,mid,stock,20,20,2024,51,51,1.059,1.01,-7.826,-9.366,0.979,1.023,0.007,1.059,0.514,20,1019,1008,0.9892,1,1008,0,0,0,0,10,0,0,1,0,1,0.629
v15,aggressive,mid,stock,20,20,2025,50,50,-0.382,-0.33,-11.977,-12.723,-0.348,-0.344,-2.246,-0.422,0.454,20.0,993,971,0.9778,7,971,0,0,0,0,19,0,0,3,0,1,0.609
v15,aggressive,mid,stock,20,20,2026,32,32,-0.647,-0.42,-13.944,-15.567,-0.731,-0.671,-2.915,-0.647,0.428,20.0,640,624,0.975,0,621,0,0,3,0,11,3,0,2,0,0,0.616
v15,aggressive,mid,stock,20,63,ALL,165,165,0.115,0.07,-18.969,-26.929,0.21,0.052,-5.452,0.069,0.438,20,3292,3114,0.9459,8,3105,0,0,9,0,167,2,1,8,0,2,0.608
v15,aggressive,mid,stock,20,63,P1,91,91,0.588,0.6,-8.76,-9.415,0.622,0.537,-4.308,0.594,0.453,20,1819,1734,0.9533,1,1734,0,0,0,0,82,0,0,3,0,1,0.611
v15,aggressive,mid,stock,20,63,P2,74,74,-0.468,-0.15,-24.173,-26.929,-0.297,-0.544,-6.858,-0.576,0.419,20.0,1473,1380,0.9369,7,1371,0,0,9,0,85,2,1,5,0,1,0.605
v15,aggressive,mid,stock,20,63,2023,40,40,-0.652,-0.47,-9.226,-9.415,-0.796,-0.672,-8.11,-0.652,0.431,20.0,800,743,0.9287,0,743,0,0,0,0,55,0,0,2,0,0,0.591
v15,aggressive,mid,stock,20,63,2024,51,51,1.561,1.47,-8.449,-9.365,1.735,1.486,-1.327,1.572,0.471,20,1019,991,0.9725,1,991,0,0,0,0,27,0,0,1,0,1,0.629
v15,aggressive,mid,stock,20,63,2025,50,50,2.074,0.52,-15.229,-18.118,2.286,1.868,-4.229,1.914,0.465,20.0,993,932,0.9386,7,928,0,0,4,0,57,0,1,3,0,1,0.609
v15,aggressive,mid,stock,20,63,2026,24,24,-5.764,-1.33,-26.603,-26.929,-5.677,-5.569,-12.335,-5.764,0.325,20.0,480,448,0.9333,0,443,0,0,5,0,28,2,0,2,0,0,0.602
v15,aggressive,short,mixed,10,5,ALL,176,176,-0.189,-0.9,-5.971,-12.47,-0.195,-0.194,-0.529,-0.189,0.45,10.0,1760,1753,0.996,0,1753,0,0,0,0,5,1,0,1,0,0,0.719
v15,aggressive,short,mixed,10,5,P1,91,91,-0.182,-0.66,-4.61,-5.081,-0.185,-0.185,-0.405,-0.182,0.413,10,910,908,0.9978,0,908,0,0,0,0,2,0,0,0,0,0,0.692
v15,aggressive,short,mixed,10,5,P2,85,85,-0.196,-0.61,-6.902,-12.47,-0.206,-0.203,-0.663,-0.196,0.49,10,850,845,0.9941,0,845,0,0,0,0,3,1,0,1,0,0,0.745
v15,aggressive,short,mixed,10,5,2023,40,40,-0.318,-1.07,-4.744,-4.827,-0.318,-0.318,-0.318,-0.318,0.417,10.0,400,400,1.0,0,400,0,0,0,0,0,0,0,0,0,0,0.7
v15,aggressive,short,mixed,10,5,2024,51,51,-0.076,-0.18,-4.521,-5.081,-0.081,-0.08,-0.474,-0.076,0.41,10,510,508,0.9961,0,508,0,0,0,0,2,0,0,0,0,0,0.688
v15,aggressive,short,mixed,10,5,2025,50,50,0.058,0.15,-5.534,-6.821,0.037,0.053,-0.334,0.058,0.509,10.0,500,497,0.994,0,497,0,0,0,0,2,0,0,1,0,0,0.724
v15,aggressive,short,mixed,10,5,2026,35,35,-0.558,-0.98,-8.85,-12.47,-0.552,-0.571,-1.132,-0.558,0.462,10,350,348,0.9943,0,348,0,0,0,0,1,1,0,0,0,0,0.771
v15,aggressive,short,mixed,10,20,ALL,173,173,-0.665,-1.27,-12.459,-15.223,-0.676,-0.663,-2.016,-0.665,0.393,10,1730,1706,0.9861,0,1705,0,0,1,0,22,1,0,1,0,0,0.717
v15,aggressive,short,mixed,10,20,P1,91,91,-0.349,-0.53,-9.103,-10.552,-0.367,-0.358,-1.494,-0.349,0.381,10,910,900,0.989,0,900,0,0,0,0,10,0,0,0,0,0,0.692
v15,aggressive,short,mixed,10,20,P2,82,82,-1.017,-1.24,-14.208,-15.223,-1.019,-1.002,-2.596,-1.017,0.407,10.0,820,806,0.9829,0,805,0,0,1,0,12,1,0,1,0,0,0.742
v15,aggressive,short,mixed,10,20,2023,40,40,-1.064,-2.23,-6.066,-7.176,-1.085,-1.064,-3.133,-1.064,0.403,10.0,400,392,0.98,0,392,0,0,0,0,8,0,0,0,0,0,0.7
v15,aggressive,short,mixed,10,20,2024,51,51,0.213,0.2,-9.795,-10.552,0.195,0.196,-0.208,0.213,0.363,10,510,508,0.9961,0,508,0,0,0,0,2,0,0,0,0,0,0.688
v15,aggressive,short,mixed,10,20,2025,50,50,-0.779,-0.74,-14.195,-15.023,-0.762,-0.772,-2.544,-0.779,0.406,10.0,500,490,0.98,0,490,0,0,0,0,9,0,0,1,0,0,0.724
v15,aggressive,short,mixed,10,20,2026,32,32,-1.388,-1.06,-14.228,-15.223,-1.42,-1.363,-2.677,-1.388,0.408,10.0,320,316,0.9875,0,315,0,0,1,0,3,1,0,0,0,0,0.765
v15,aggressive,short,mixed,10,63,ALL,165,165,-2.509,-1.98,-17.919,-20.238,-2.297,-2.455,-6.571,-2.509,0.332,10,1650,1585,0.9606,0,1582,0,0,3,0,64,0,0,1,0,0,0.711
v15,aggressive,short,mixed,10,63,P1,91,91,-2.456,-2.46,-12.702,-13.275,-2.302,-2.435,-5.973,-2.456,0.312,10,910,880,0.967,0,880,0,0,0,0,30,0,0,0,0,0,0.692
v15,aggressive,short,mixed,10,63,P2,74,74,-2.574,-1.02,-19.417,-20.238,-2.291,-2.48,-7.306,-2.574,0.356,10.0,740,705,0.9527,0,702,0,0,3,0,34,0,0,1,0,0,0.732
v15,aggressive,short,mixed,10,63,2023,40,40,-3.691,-4.07,-12.151,-12.912,-3.849,-3.625,-9.301,-3.691,0.305,10.0,400,379,0.9475,0,379,0,0,0,0,21,0,0,0,0,0,0.7
v15,aggressive,short,mixed,10,63,2024,51,51,-1.487,-1.01,-12.778,-13.275,-1.088,-1.502,-3.363,-1.487,0.318,10,510,501,0.9824,0,501,0,0,0,0,9,0,0,0,0,0,0.688
v15,aggressive,short,mixed,10,63,2025,50,50,-0.739,-0.21,-19.897,-20.238,-0.38,-0.736,-5.947,-0.739,0.39,10.0,500,474,0.948,0,474,0,0,0,0,25,0,0,1,0,0,0.724
v15,aggressive,short,mixed,10,63,2026,24,24,-6.399,-3.66,-17.159,-17.976,-6.272,-6.113,-10.138,-6.399,0.286,10.0,240,231,0.9625,0,228,0,0,3,0,9,0,0,0,0,0,0.739
v15,aggressive,short,mixed,20,5,ALL,176,176,-0.031,-0.18,-5.275,-9.797,-0.035,-0.034,-0.375,-0.031,0.465,20.0,3520,3503,0.9952,0,3503,0,0,0,0,11,1,0,5,0,0,0.664
v15,aggressive,short,mixed,20,5,P1,91,91,-0.056,-0.26,-3.672,-4.326,-0.058,-0.057,-0.445,-0.056,0.434,20,1820,1811,0.9951,0,1811,0,0,0,0,7,0,0,2,0,0,0.652
v15,aggressive,short,mixed,20,5,P2,85,85,-0.005,-0.02,-6.401,-9.797,-0.011,-0.01,-0.299,-0.005,0.498,20,1700,1692,0.9953,0,1692,0,0,0,0,4,1,0,3,0,0,0.678
v15,aggressive,short,mixed,20,5,2023,40,40,-0.214,-1.0,-3.23,-3.509,-0.215,-0.214,-0.846,-0.214,0.448,20.0,800,794,0.9925,0,794,0,0,0,0,5,0,0,1,0,0,0.646
v15,aggressive,short,mixed,20,5,2024,51,51,0.069,0.2,-3.967,-4.326,0.065,0.066,-0.131,0.069,0.423,20,1020,1017,0.9971,0,1017,0,0,0,0,2,0,0,1,0,0,0.654
v15,aggressive,short,mixed,20,5,2025,50,50,0.226,0.67,-5.238,-7.724,0.216,0.223,-0.071,0.226,0.506,20.0,1000,994,0.994,0,994,0,0,0,0,3,0,0,3,0,0,0.668
v15,aggressive,short,mixed,20,5,2026,35,35,-0.335,-0.69,-7.814,-9.797,-0.334,-0.343,-0.624,-0.335,0.487,20,700,698,0.9971,0,698,0,0,0,0,1,1,0,0,0,0,0.688
v15,aggressive,short,mixed,20,20,ALL,173,173,-0.657,-1.5,-10.355,-12.059,-0.674,-0.65,-2.072,-0.657,0.406,20,3460,3407,0.9847,0,3406,0,0,1,0,46,2,0,5,0,0,0.663
v15,aggressive,short,mixed,20,20,P1,91,91,-0.545,-1.04,-7.19,-9.881,-0.558,-0.541,-2.015,-0.545,0.383,20,1820,1792,0.9846,0,1792,0,0,0,0,26,0,0,2,0,0,0.652
v15,aggressive,short,mixed,20,20,P2,82,82,-0.782,-1.08,-10.843,-12.059,-0.803,-0.77,-2.136,-0.782,0.43,20.0,1640,1615,0.9848,0,1614,0,0,1,0,20,2,0,3,0,0,0.675
v15,aggressive,short,mixed,20,20,2023,40,40,-0.923,-2.57,-4.333,-4.539,-0.917,-0.907,-3.223,-0.923,0.418,20.0,800,781,0.9762,0,781,0,0,0,0,18,0,0,1,0,0,0.646
v15,aggressive,short,mixed,20,20,2024,51,51,-0.248,-0.28,-8.252,-9.881,-0.276,-0.254,-1.066,-0.248,0.356,20,1020,1011,0.9912,0,1011,0,0,0,0,8,0,0,1,0,0,0.654
v15,aggressive,short,mixed,20,20,2025,50,50,-0.146,-0.15,-10.876,-12.059,-0.15,-0.139,-1.441,-0.146,0.438,20.0,1000,984,0.984,0,984,0,0,0,0,13,0,0,3,0,0,0.668
v15,aggressive,short,mixed,20,20,2026,32,32,-1.775,-1.77,-10.784,-10.792,-1.824,-1.757,-3.221,-1.775,0.418,20.0,640,631,0.9859,0,630,0,0,1,0,7,2,0,0,0,0,0.682
v15,aggressive,short,mixed,20,63,ALL,165,165,-2.36,-1.89,-17.89,-22.058,-2.239,-2.291,-6.319,-2.36,0.351,20,3300,3170,0.9606,0,3164,0,0,6,0,123,1,1,5,0,0,0.66
v15,aggressive,short,mixed,20,63,P1,91,91,-2.333,-3.49,-11.964,-12.979,-2.231,-2.275,-5.711,-2.333,0.334,20,1820,1760,0.967,0,1758,0,0,2,0,58,0,0,2,0,0,0.652
v15,aggressive,short,mixed,20,63,P2,74,74,-2.393,-0.9,-20.006,-22.058,-2.25,-2.311,-7.067,-2.393,0.372,20.0,1480,1410,0.9527,0,1406,0,0,4,0,65,1,1,3,0,0,0.671
v15,aggressive,short,mixed,20,63,2023,40,40,-2.9,-5.64,-8.854,-9.069,-2.908,-2.787,-8.36,-2.9,0.345,20.0,800,758,0.9475,0,758,0,0,0,0,41,0,0,1,0,0,0.646
v15,aggressive,short,mixed,20,63,2024,51,51,-1.888,-1.76,-12.747,-12.979,-1.7,-1.873,-3.632,-1.888,0.325,20,1020,1002,0.9824,0,1000,0,0,2,0,17,0,0,1,0,0,0.654
v15,aggressive,short,mixed,20,63,2025,50,50,0.38,0.12,-18.078,-18.889,0.493,0.32,-4.679,0.38,0.422,20.0,1000,949,0.949,0,948,0,0,1,0,47,0,1,3,0,0,0.668
v15,aggressive,short,mixed,20,63,2026,24,24,-8.17,-3.72,-21.183,-22.058,-7.965,-7.792,-12.042,-8.17,0.268,20.0,480,461,0.9604,0,458,0,0,3,0,18,1,0,0,0,0,0.672
v15,aggressive,short,stock,10,5,ALL,176,176,-0.153,-0.66,-7.015,-12.47,-0.163,-0.161,-0.613,-0.153,0.477,10.0,1760,1749,0.9938,0,1749,0,0,0,0,7,1,0,3,0,0,0.737
v15,aggressive,short,stock,10,5,P1,91,91,-0.054,-0.19,-4.642,-5.081,-0.058,-0.06,-0.392,-0.054,0.46,10,910,906,0.9956,0,906,0,0,0,0,3,0,0,1,0,0,0.728
v15,aggressive,short,stock,10,5,P2,85,85,-0.258,-0.69,-8.611,-12.47,-0.276,-0.269,-0.849,-0.258,0.495,10,850,843,0.9918,0,843,0,0,0,0,4,1,0,2,0,0,0.745
v15,aggressive,short,stock,10,5,2023,40,40,-0.168,-0.52,-4.744,-4.827,-0.17,-0.176,-0.429,-0.168,0.453,10.0,400,398,0.995,0,398,0,0,0,0,1,0,0,1,0,0,0.69
v15,aggressive,short,stock,10,5,2024,51,51,0.035,0.08,-4.457,-5.081,0.03,0.03,-0.363,0.035,0.465,10,510,508,0.9961,0,508,0,0,0,0,2,0,0,0,0,0,0.754
v15,aggressive,short,stock,10,5,2025,50,50,-0.001,-0.0,-7.774,-9.511,-0.035,-0.01,-0.604,-0.001,0.524,10.0,500,495,0.99,0,495,0,0,0,0,3,0,0,2,0,0,0.731
v15,aggressive,short,stock,10,5,2026,35,35,-0.627,-1.0,-9.725,-12.47,-0.62,-0.639,-1.2,-0.627,0.453,10,350,348,0.9943,0,348,0,0,0,0,1,1,0,0,0,0,0.762
v15,aggressive,short,stock,10,20,ALL,173,173,-0.617,-1.11,-13.438,-16.249,-0.636,-0.61,-2.262,-0.617,0.454,10,1730,1699,0.9821,0,1698,0,0,1,0,27,1,0,3,0,0,0.736
v15,aggressive,short,stock,10,20,P1,91,91,0.025,0.04,-9.767,-10.552,-0.011,0.014,-1.345,0.025,0.486,10,910,897,0.9857,0,897,0,0,0,0,12,0,0,1,0,0,0.728
v15,aggressive,short,stock,10,20,P2,82,82,-1.329,-1.51,-14.907,-16.249,-1.33,-1.303,-3.279,-1.329,0.418,10.0,820,802,0.978,0,801,0,0,1,0,15,1,0,2,0,0,0.743
v15,aggressive,short,stock,10,20,2023,40,40,-0.911,-1.59,-9.39,-9.918,-0.94,-0.923,-3.247,-0.911,0.457,10.0,400,390,0.975,0,390,0,0,0,0,9,0,0,1,0,0,0.69
v15,aggressive,short,stock,10,20,2024,51,51,0.759,0.69,-9.918,-10.552,0.718,0.748,0.147,0.759,0.509,10,510,507,0.9941,0,507,0,0,0,0,3,0,0,0,0,0,0.754
v15,aggressive,short,stock,10,20,2025,50,50,-0.959,-0.81,-15.276,-16.249,-0.926,-0.918,-3.317,-0.959,0.426,10.0,500,486,0.972,0,486,0,0,0,0,12,0,0,2,0,0,0.731
v15,aggressive,short,stock,10,20,2026,32,32,-1.909,-1.5,-14.09,-14.948,-1.962,-1.905,-3.219,-1.909,0.406,10.0,320,316,0.9875,0,315,0,0,1,0,3,1,0,0,0,0,0.758
v15,aggressive,short,stock,10,63,ALL,165,165,-1.391,-0.99,-18.054,-21.383,-1.116,-1.306,-6.551,-1.391,0.41,10,1650,1566,0.9491,0,1562,0,0,4,0,81,0,0,3,0,0,0.734
v15,aggressive,short,stock,10,63,P1,91,91,-0.573,-0.52,-13.546,-15.055,-0.388,-0.564,-5.176,-0.573,0.427,10,910,870,0.956,0,869,0,0,1,0,39,0,0,1,0,0,0.728
v15,aggressive,short,stock,10,63,P2,74,74,-2.397,-0.86,-20.194,-21.383,-2.01,-2.22,-8.243,-2.397,0.39,10.0,740,696,0.9405,0,693,0,0,3,0,42,0,0,2,0,0,0.738
v15,aggressive,short,stock,10,63,2023,40,40,-2.124,-1.87,-13.023,-13.135,-2.202,-2.044,-9.116,-2.124,0.393,10.0,400,373,0.9325,0,373,0,0,0,0,26,0,0,1,0,0,0.69
v15,aggressive,short,stock,10,63,2024,51,51,0.643,0.45,-13.895,-15.055,1.034,0.597,-2.086,0.643,0.454,10,510,497,0.9745,0,496,0,0,1,0,13,0,0,0,0,0,0.754
v15,aggressive,short,stock,10,63,2025,50,50,-0.337,-0.09,-20.684,-21.383,0.139,-0.23,-7.003,-0.337,0.424,10.0,500,466,0.932,0,466,0,0,0,0,32,0,0,2,0,0,0.731
v15,aggressive,short,stock,10,63,2026,24,24,-6.688,-2.7,-17.629,-18.723,-6.489,-6.364,-10.825,-6.688,0.318,10.0,240,230,0.9583,0,227,0,0,3,0,10,0,0,0,0,0,0.748
v15,aggressive,short,stock,20,5,ALL,176,176,0.021,0.11,-5.754,-9.423,0.015,0.017,-0.41,0.02,0.486,20.0,3519,3498,0.994,1,3498,0,0,0,0,14,1,0,6,0,1,0.665
v15,aggressive,short,stock,20,5,P1,91,91,0.006,0.03,-3.816,-4.888,0.004,0.006,-0.438,0.006,0.474,20,1820,1809,0.994,0,1809,0,0,0,0,8,0,0,3,0,0,0.667
v15,aggressive,short,stock,20,5,P2,85,85,0.036,0.12,-6.951,-9.423,0.026,0.03,-0.38,0.036,0.499,20,1699,1689,0.9941,1,1689,0,0,0,0,6,1,0,3,0,1,0.665
v15,aggressive,short,stock,20,5,2023,40,40,-0.21,-0.81,-4.113,-4.888,-0.208,-0.206,-0.965,-0.21,0.473,20.0,800,793,0.9912,0,793,0,0,0,0,6,0,0,1,0,0,0.647
v15,aggressive,short,stock,20,5,2024,51,51,0.175,0.52,-3.592,-3.98,0.171,0.173,-0.024,0.175,0.474,20,1020,1016,0.9961,0,1016,0,0,0,0,2,0,0,2,0,0,0.682
v15,aggressive,short,stock,20,5,2025,50,50,0.208,0.6,-5.915,-8.562,0.19,0.203,-0.297,0.207,0.509,20.0,999,991,0.992,1,991,0,0,0,0,5,0,0,3,0,1,0.652
v15,aggressive,short,stock,20,5,2026,35,35,-0.209,-0.38,-7.627,-9.423,-0.208,-0.217,-0.498,-0.209,0.485,20,700,698,0.9971,0,698,0,0,0,0,1,1,0,0,0,0,0.682
v15,aggressive,short,stock,20,20,ALL,173,173,-0.487,-1.05,-11.107,-13.611,-0.504,-0.484,-2.224,-0.488,0.455,20,3459,3394,0.9812,1,3392,0,0,2,0,55,4,0,6,0,1,0.665
v15,aggressive,short,stock,20,20,P1,91,91,-0.164,-0.29,-7.579,-9.881,-0.187,-0.169,-1.701,-0.164,0.469,20,1820,1790,0.9835,0,1790,0,0,0,0,27,0,0,3,0,0,0.667
v15,aggressive,short,stock,20,20,P2,82,82,-0.847,-1.14,-11.833,-13.611,-0.857,-0.834,-2.804,-0.849,0.441,20.0,1639,1604,0.9786,1,1602,0,0,2,0,28,4,0,3,0,1,0.664
v15,aggressive,short,stock,20,20,2023,40,40,-0.871,-1.87,-6.569,-7.474,-0.875,-0.865,-3.313,-0.871,0.452,20.0,800,780,0.975,0,780,0,0,0,0,19,0,0,1,0,0,0.647
v15,aggressive,short,stock,20,20,2024,51,51,0.391,0.43,-8.252,-9.881,0.352,0.376,-0.436,0.391,0.482,20,1020,1010,0.9902,0,1010,0,0,0,0,8,0,0,2,0,0,0.682
v15,aggressive,short,stock,20,20,2025,50,50,-0.386,-0.37,-12.532,-13.611,-0.371,-0.372,-2.47,-0.389,0.451,20.0,999,975,0.976,1,975,0,0,0,0,21,0,0,3,0,1,0.652
v15,aggressive,short,stock,20,20,2026,32,32,-1.567,-1.63,-10.784,-10.792,-1.616,-1.555,-3.326,-1.567,0.425,20.0,640,629,0.9828,0,627,0,0,2,0,7,4,0,0,0,0,0.681
v15,aggressive,short,stock,20,63,ALL,165,165,-1.18,-0.84,-17.804,-24.087,-1.046,-1.104,-5.899,-1.186,0.413,20,3299,3145,0.9533,1,3138,0,0,7,0,146,1,1,6,0,1,0.664
v15,aggressive,short,stock,20,63,P1,91,91,-0.709,-1.01,-10.848,-12.872,-0.639,-0.697,-4.671,-0.709,0.421,20,1820,1750,0.9615,0,1748,0,0,2,0,67,0,0,3,0,0,0.667
v15,aggressive,short,stock,20,63,P2,74,74,-1.76,-0.59,-20.356,-24.087,-1.546,-1.606,-7.409,-1.772,0.403,20.0,1479,1395,0.9432,1,1390,0,0,5,0,79,1,1,3,0,1,0.662
v15,aggressive,short,stock,20,63,2023,40,40,-1.337,-1.6,-9.257,-9.441,-1.447,-1.307,-7.296,-1.337,0.414,20.0,800,755,0.9437,0,755,0,0,0,0,44,0,0,1,0,0,0.647
v15,aggressive,short,stock,20,63,2024,51,51,-0.217,-0.22,-11.698,-12.872,-0.006,-0.217,-2.613,-0.217,0.426,20,1020,995,0.9755,0,993,0,0,2,0,23,0,0,2,0,0,0.682
v15,aggressive,short,stock,20,63,2025,50,50,1.17,0.32,-16.777,-17.21,1.367,1.199,-5.25,1.152,0.455,20.0,999,935,0.9359,1,934,0,0,1,0,60,0,1,3,0,1,0.652
v15,aggressive,short,stock,20,63,2026,24,24,-7.865,-3.07,-22.197,-24.087,-7.613,-7.451,-11.906,-7.865,0.294,20.0,480,460,0.9583,0,456,0,0,4,0,19,1,0,0,0,0,0.68
v15,balanced,long,mixed,10,5,ALL,176,176,-0.018,-0.07,-7.79,-12.26,-0.026,-0.025,-0.474,-0.018,0.45,10.0,1760,1750,0.9943,0,1750,0,0,0,0,8,0,0,2,0,0,0.632
v15,balanced,long,mixed,10,5,P1,91,91,-0.131,-0.49,-4.765,-7.088,-0.132,-0.133,-0.684,-0.131,0.422,10,910,904,0.9934,0,904,0,0,0,0,5,0,0,1,0,0,0.613
v15,balanced,long,mixed,10,5,P2,85,85,0.102,0.24,-9.514,-12.26,0.087,0.09,-0.249,0.102,0.48,10,850,846,0.9953,0,846,0,0,0,0,3,0,0,1,0,0,0.651
v15,balanced,long,mixed,10,5,2023,40,40,-0.369,-1.2,-4.306,-4.637,-0.367,-0.371,-1.121,-0.369,0.413,10.0,400,396,0.99,0,396,0,0,0,0,3,0,0,1,0,0,0.636
v15,balanced,long,mixed,10,5,2024,51,51,0.056,0.14,-5.071,-7.088,0.053,0.053,-0.34,0.056,0.43,10,510,508,0.9961,0,508,0,0,0,0,2,0,0,0,0,0,0.592
v15,balanced,long,mixed,10,5,2025,50,50,0.083,0.19,-6.801,-8.966,0.057,0.071,-0.311,0.083,0.48,10.0,500,497,0.994,0,497,0,0,0,0,2,0,0,1,0,0,0.649
v15,balanced,long,mixed,10,5,2026,35,35,0.13,0.16,-11.004,-12.26,0.131,0.117,-0.161,0.13,0.479,10,350,349,0.9971,0,349,0,0,0,0,1,0,0,0,0,0,0.653
v15,balanced,long,mixed,10,20,ALL,173,173,-0.245,-0.42,-11.344,-14.623,-0.296,-0.274,-2.492,-0.245,0.398,10,1730,1690,0.9769,0,1688,0,0,2,0,35,3,0,2,0,0,0.629
v15,balanced,long,mixed,10,20,P1,91,91,0.139,0.19,-7.8,-9.76,0.102,0.123,-2.008,0.139,0.383,10,910,890,0.978,0,890,0,0,0,0,19,0,0,1,0,0,0.613
v15,balanced,long,mixed,10,20,P2,82,82,-0.671,-0.72,-12.337,-14.623,-0.738,-0.713,-3.029,-0.671,0.415,10.0,820,800,0.9756,0,798,0,0,2,0,16,3,0,1,0,0,0.646
v15,balanced,long,mixed,10,20,2023,40,40,-0.586,-1.26,-6.048,-6.272,-0.572,-0.589,-3.892,-0.586,0.403,10.0,400,386,0.965,0,386,0,0,0,0,13,0,0,1,0,0,0.636
v15,balanced,long,mixed,10,20,2024,51,51,0.708,0.58,-8.358,-9.76,0.63,0.681,-0.53,0.708,0.368,10,510,504,0.9882,0,504,0,0,0,0,6,0,0,0,0,0,0.592
v15,balanced,long,mixed,10,20,2025,50,50,-0.675,-0.56,-12.686,-14.623,-0.707,-0.738,-2.889,-0.675,0.402,10.0,500,488,0.976,0,488,0,0,0,0,11,0,0,1,0,0,0.649
v15,balanced,long,mixed,10,20,2026,32,32,-0.664,-0.46,-11.491,-12.896,-0.785,-0.676,-3.247,-0.664,0.435,10.0,320,312,0.975,0,310,0,0,2,0,5,3,0,0,0,0,0.639
v15,balanced,long,mixed,10,63,ALL,165,165,-1.138,-0.98,-18.829,-22.715,-0.926,-1.19,-6.825,-1.138,0.357,10,1650,1560,0.9455,0,1555,0,0,5,0,88,0,0,2,0,0,0.627
v15,balanced,long,mixed,10,63,P1,91,91,-0.584,-0.56,-12.815,-14.697,-0.437,-0.61,-5.051,-0.584,0.349,10,910,871,0.9571,0,871,0,0,0,0,38,0,0,1,0,0,0.613
v15,balanced,long,mixed,10,63,P2,74,74,-1.819,-0.81,-21.398,-22.715,-1.526,-1.903,-9.008,-1.819,0.366,10.0,740,689,0.9311,0,684,0,0,5,0,50,0,0,1,0,0,0.642
v15,balanced,long,mixed,10,63,2023,40,40,-1.527,-1.34,-12.739,-14.036,-1.614,-1.541,-8.725,-1.527,0.363,10.0,400,372,0.93,0,372,0,0,0,0,27,0,0,1,0,0,0.636
v15,balanced,long,mixed,10,63,2024,51,51,0.156,0.1,-12.865,-14.697,0.486,0.119,-2.169,0.156,0.337,10,510,499,0.9784,0,499,0,0,0,0,11,0,0,0,0,0,0.592
v15,balanced,long,mixed,10,63,2025,50,50,0.14,0.05,-20.219,-21.213,0.598,-0.049,-7.308,0.14,0.393,10.0,500,464,0.928,0,463,0,0,1,0,35,0,0,1,0,0,0.649
v15,balanced,long,mixed,10,63,2026,24,24,-5.899,-2.15,-22.214,-22.715,-5.951,-5.765,-12.548,-5.899,0.31,10.0,240,225,0.9375,0,221,0,0,4,0,15,0,0,0,0,0,0.626
v15,balanced,long,mixed,20,5,ALL,176,176,-0.022,-0.12,-6.531,-11.669,-0.021,-0.025,-0.451,-0.019,0.464,20.0,3516,3493,0.9935,4,3493,0,0,0,0,13,2,0,8,0,1,0.605
v15,balanced,long,mixed,20,5,P1,91,91,-0.153,-0.73,-3.982,-5.128,-0.153,-0.155,-0.487,-0.146,0.433,20,1816,1807,0.995,4,1807,0,0,0,0,6,0,0,3,0,1,0.599
v15,balanced,long,mixed,20,5,P2,85,85,0.118,0.36,-7.904,-11.669,0.119,0.115,-0.412,0.118,0.497,20,1700,1686,0.9918,0,1686,0,0,0,0,7,2,0,5,0,0,0.613
v15,balanced,long,mixed,20,5,2023,40,40,-0.358,-1.51,-3.284,-3.357,-0.353,-0.36,-0.863,-0.341,0.433,20.0,796,790,0.9925,4,790,0,0,0,0,4,0,0,2,0,1,0.581
v15,balanced,long,mixed,20,5,2024,51,51,0.007,0.02,-4.399,-5.128,0.004,0.005,-0.192,0.007,0.433,20,1020,1017,0.9971,0,1017,0,0,0,0,2,0,0,1,0,0,0.609
v15,balanced,long,mixed,20,5,2025,50,50,0.09,0.27,-5.978,-7.006,0.087,0.091,-0.405,0.09,0.485,20.0,1000,992,0.992,0,992,0,0,0,0,5,0,0,3,0,0,0.606
v15,balanced,long,mixed,20,5,2026,35,35,0.158,0.24,-10.043,-11.669,0.166,0.149,-0.423,0.158,0.515,20,700,694,0.9914,0,694,0,0,0,0,2,2,0,2,0,0,0.626
v15,balanced,long,mixed,20,20,ALL,173,173,-0.061,-0.12,-9.737,-12.487,-0.088,-0.07,-2.247,-0.061,0.419,20,3456,3374,0.9763,4,3372,0,0,2,0,71,3,0,8,0,1,0.604
v15,balanced,long,mixed,20,20,P1,91,91,-0.208,-0.37,-7.023,-8.414,-0.233,-0.215,-2.35,-0.208,0.394,20,1816,1775,0.9774,4,1775,0,0,0,0,38,0,0,3,0,1,0.599
v15,balanced,long,mixed,20,20,P2,82,82,0.102,0.12,-10.989,-12.487,0.072,0.092,-2.132,0.102,0.448,20.0,1640,1599,0.975,0,1597,0,0,2,0,33,3,0,5,0,0,0.61
v15,balanced,long,mixed,20,20,2023,40,40,-0.756,-2.26,-4.792,-5.394,-0.715,-0.73,-4.041,-0.756,0.421,20.0,796,768,0.9648,4,768,0,0,0,0,26,0,0,2,0,1,0.581
v15,balanced,long,mixed,20,20,2024,51,51,0.222,0.23,-7.594,-8.414,0.145,0.188,-1.024,0.222,0.372,20,1020,1007,0.9873,0,1007,0,0,0,0,12,0,0,1,0,0,0.609
v15,balanced,long,mixed,20,20,2025,50,50,0.193,0.18,-11.039,-12.487,0.174,0.186,-1.925,0.193,0.451,20.0,1000,976,0.976,0,976,0,0,0,0,21,0,0,3,0,0,0.606
v15,balanced,long,mixed,20,20,2026,32,32,-0.042,-0.03,-10.523,-12.068,-0.087,-0.056,-2.454,-0.042,0.444,20.0,640,623,0.9734,0,621,0,0,2,0,12,3,0,2,0,0,0.623
v15,balanced,long,mixed,20,63,ALL,165,165,-0.442,-0.31,-17.392,-23.516,-0.354,-0.485,-5.596,-0.441,0.38,20,3296,3129,0.9493,4,3121,0,0,8,0,156,3,0,8,0,1,0.601
v15,balanced,long,mixed,20,63,P1,91,91,-0.83,-1.04,-10.97,-12.974,-0.793,-0.831,-5.152,-0.828,0.361,20,1816,1739,0.9576,4,1739,0,0,0,0,74,0,0,3,0,1,0.599
v15,balanced,long,mixed,20,63,P2,74,74,0.036,0.01,-19.171,-23.516,0.187,-0.061,-6.142,0.036,0.403,20.0,1480,1390,0.9392,0,1382,0,0,8,0,82,3,0,5,0,0,0.603
v15,balanced,long,mixed,20,63,2023,40,40,-1.119,-1.02,-10.508,-12.588,-1.172,-1.053,-7.992,-1.115,0.385,20.0,796,742,0.9322,4,742,0,0,0,0,52,0,0,2,0,1,0.581
v15,balanced,long,mixed,20,63,2024,51,51,-0.603,-0.54,-11.102,-12.974,-0.496,-0.657,-2.924,-0.603,0.342,20,1020,997,0.9775,0,997,0,0,0,0,22,0,0,1,0,0,0.609
v15,balanced,long,mixed,20,63,2025,50,50,2.714,0.73,-17.083,-18.864,2.852,2.455,-3.421,2.714,0.45,20.0,1000,941,0.941,0,937,0,0,4,0,56,0,0,3,0,0,0.606
v15,balanced,long,mixed,20,63,2026,24,24,-5.545,-1.9,-20.362,-23.516,-5.366,-5.301,-11.812,-5.545,0.305,20.0,480,449,0.9354,0,445,0,0,4,0,26,3,0,2,0,0,0.604
v15,balanced,long,stock,10,5,ALL,176,176,0.081,0.31,-8.218,-12.26,0.07,0.071,-0.666,0.082,0.48,10.0,1759,1743,0.9909,1,1743,0,0,0,0,12,1,0,3,0,1,0.622
v15,balanced,long,stock,10,5,P1,91,91,0.073,0.26,-4.869,-7.088,0.071,0.069,-0.481,0.073,0.469,10,910,904,0.9934,0,904,0,0,0,0,5,0,0,1,0,0,0.614
v15,balanced,long,stock,10,5,P2,85,85,0.089,0.2,-9.715,-12.26,0.069,0.072,-0.863,0.091,0.492,10,849,839,0.9882,1,839,0,0,0,0,7,1,0,2,0,1,0.63
v15,balanced,long,stock,10,5,2023,40,40,-0.22,-0.6,-4.692,-4.748,-0.22,-0.226,-0.977,-0.22,0.448,10.0,400,396,0.99,0,396,0,0,0,0,3,0,0,1,0,0,0.621
v15,balanced,long,stock,10,5,2024,51,51,0.304,0.74,-4.935,-7.088,0.3,0.301,-0.093,0.304,0.486,10,510,508,0.9961,0,508,0,0,0,0,2,0,0,0,0,0,0.608
v15,balanced,long,stock,10,5,2025,50,50,-0.015,-0.03,-8.046,-9.691,-0.035,-0.02,-1.01,-0.013,0.492,10.0,499,492,0.986,1,492,0,0,0,0,5,0,0,2,0,1,0.618
v15,balanced,long,stock,10,5,2026,35,35,0.239,0.27,-10.888,-12.26,0.217,0.203,-0.653,0.239,0.492,10,350,347,0.9914,0,347,0,0,0,0,2,1,0,0,0,0,0.647
v15,balanced,long,stock,10,20,ALL,173,173,0.15,0.23,-12.457,-17.203,0.131,0.162,-2.602,0.145,0.468,10,1729,1679,0.9711,1,1677,0,0,2,0,44,3,0,3,0,1,0.62
v15,balanced,long,stock,10,20,P1,91,91,0.875,1.11,-8.237,-9.76,0.827,0.847,-1.508,0.875,0.505,10,910,888,0.9758,0,888,0,0,0,0,21,0,0,1,0,0,0.614
v15,balanced,long,stock,10,20,P2,82,82,-0.654,-0.63,-14.251,-17.203,-0.64,-0.598,-3.815,-0.665,0.427,10.0,819,791,0.9658,1,789,0,0,2,0,23,3,0,2,0,1,0.627
v15,balanced,long,stock,10,20,2023,40,40,-0.141,-0.22,-7.623,-8.979,-0.133,-0.156,-3.713,-0.141,0.46,10.0,400,385,0.9625,0,385,0,0,0,0,14,0,0,1,0,0,0.621
v15,balanced,long,stock,10,20,2024,51,51,1.672,1.3,-8.358,-9.76,1.579,1.634,0.221,1.672,0.54,10,510,503,0.9863,0,503,0,0,0,0,7,0,0,0,0,0,0.608
v15,balanced,long,stock,10,20,2025,50,50,-0.723,-0.52,-15.866,-17.203,-0.619,-0.621,-3.831,-0.741,0.421,10.0,499,481,0.9639,1,481,0,0,0,0,16,0,0,2,0,1,0.618
v15,balanced,long,stock,10,20,2026,32,32,-0.546,-0.36,-11.686,-12.599,-0.674,-0.562,-3.789,-0.546,0.435,10.0,320,310,0.9688,0,308,0,0,2,0,7,3,0,0,0,0,0.642
v15,balanced,long,stock,10,63,ALL,165,165,1.062,0.78,-18.994,-22.715,1.293,0.96,-6.076,1.046,0.454,10,1649,1537,0.9321,1,1532,0,0,5,0,109,0,0,3,0,1,0.619
v15,balanced,long,stock,10,63,P1,91,91,2.413,2.07,-10.859,-14.697,2.485,2.282,-3.214,2.413,0.485,10,910,862,0.9473,0,862,0,0,0,0,47,0,0,1,0,0,0.614
v15,balanced,long,stock,10,63,P2,74,74,-0.599,-0.23,-20.87,-22.715,-0.172,-0.664,-9.594,-0.636,0.416,10.0,739,675,0.9134,1,670,0,0,5,0,62,0,0,2,0,1,0.625
v15,balanced,long,stock,10,63,2023,40,40,1.145,1.51,-8.492,-8.553,0.89,1.006,-7.268,1.145,0.479,10.0,400,368,0.92,0,368,0,0,0,0,31,0,0,1,0,0,0.621
v15,balanced,long,stock,10,63,2024,51,51,3.407,1.89,-12.027,-14.697,3.736,3.282,-0.035,3.407,0.49,10,510,494,0.9686,0,494,0,0,0,0,16,0,0,0,0,0,0.608
v15,balanced,long,stock,10,63,2025,50,50,1.448,0.46,-19.006,-19.553,2.168,1.35,-7.966,1.393,0.451,10.0,499,453,0.9078,1,452,0,0,1,0,44,0,0,2,0,1,0.618
v15,balanced,long,stock,10,63,2026,24,24,-4.862,-1.36,-22.214,-22.715,-5.048,-4.861,-12.987,-4.862,0.343,10.0,240,222,0.925,0,218,0,0,4,0,18,0,0,0,0,0,0.639
v15,balanced,long,stock,20,5,ALL,176,176,0.031,0.15,-6.947,-11.669,0.03,0.027,-0.515,0.039,0.484,20.0,3504,3477,0.9923,16,3477,0,0,0,0,16,3,0,8,0,2,0.588
v15,balanced,long,stock,20,5,P1,91,91,-0.03,-0.14,-4.067,-5.128,-0.033,-0.035,-0.535,-0.021,0.469,20,1815,1803,0.9934,5,1803,0,0,0,0,9,0,0,3,0,1,0.593
v15,balanced,long,stock,20,5,P2,85,85,0.096,0.28,-8.489,-11.669,0.097,0.093,-0.493,0.103,0.5,20,1689,1674,0.9911,11,1674,0,0,0,0,7,3,0,5,0,1,0.582
v15,balanced,long,stock,20,5,2023,40,40,-0.321,-1.23,-3.923,-4.354,-0.318,-0.326,-1.086,-0.3,0.454,20.0,795,787,0.9899,5,787,0,0,0,0,6,0,0,2,0,1,0.577
v15,balanced,long,stock,20,5,2024,51,51,0.198,0.61,-4.163,-5.128,0.19,0.193,-0.103,0.198,0.482,20,1020,1016,0.9961,0,1016,0,0,0,0,3,0,0,1,0,0,0.607
v15,balanced,long,stock,20,5,2025,50,50,0.071,0.2,-6.71,-8.509,0.064,0.07,-0.426,0.083,0.496,20.0,989,981,0.9919,11,981,0,0,0,0,5,0,0,3,0,1,0.572
v15,balanced,long,stock,20,5,2026,35,35,0.131,0.19,-10.043,-11.669,0.144,0.126,-0.589,0.131,0.505,20,700,693,0.99,0,693,0,0,0,0,2,3,0,2,0,0,0.603
v15,balanced,long,stock,20,20,ALL,173,173,0.295,0.55,-10.276,-14.998,0.261,0.278,-2.42,0.273,0.474,20,3444,3344,0.971,16,3342,0,0,2,0,86,6,0,8,0,2,0.587
v15,balanced,long,stock,20,20,P1,91,91,0.458,0.72,-7.222,-8.414,0.404,0.433,-2.315,0.46,0.492,20,1815,1763,0.9713,5,1763,0,0,0,0,49,0,0,3,0,1,0.593
v15,balanced,long,stock,20,20,P2,82,82,0.114,0.13,-11.77,-14.998,0.101,0.106,-2.536,0.064,0.453,20.0,1629,1581,0.9705,11,1579,0,0,2,0,37,6,0,5,0,1,0.581
v15,balanced,long,stock,20,20,2023,40,40,-0.589,-1.55,-5.425,-7.009,-0.584,-0.583,-4.789,-0.584,0.461,20.0,795,760,0.956,5,760,0,0,0,0,33,0,0,2,0,1,0.577
v15,balanced,long,stock,20,20,2024,51,51,1.279,1.23,-7.594,-8.414,1.179,1.23,-0.374,1.279,0.517,20,1020,1003,0.9833,0,1003,0,0,0,0,16,0,0,1,0,0,0.607
v15,balanced,long,stock,20,20,2025,50,50,0.323,0.28,-12.613,-14.998,0.323,0.317,-2.184,0.241,0.47,20.0,989,961,0.9717,11,961,0,0,0,0,25,0,0,3,0,1,0.572
v15,balanced,long,stock,20,20,2026,32,32,-0.212,-0.16,-10.505,-12.068,-0.244,-0.222,-3.087,-0.212,0.427,20.0,640,620,0.9688,0,618,0,0,2,0,12,6,0,2,0,0,0.602
v15,balanced,long,stock,20,63,ALL,165,165,1.161,0.79,-16.807,-23.516,1.18,1.053,-5.072,1.089,0.456,20,3284,3086,0.9397,16,3078,0,0,8,0,186,3,1,8,0,2,0.585
v15,balanced,long,stock,20,63,P1,91,91,1.3,1.29,-9.803,-11.894,1.264,1.241,-4.278,1.307,0.469,20,1815,1718,0.9466,5,1718,0,0,0,0,94,0,0,3,0,1,0.593
v15,balanced,long,stock,20,63,P2,74,74,0.989,0.33,-19.284,-23.516,1.076,0.822,-6.048,0.821,0.441,20.0,1469,1368,0.9312,11,1360,0,0,8,0,92,3,1,5,0,1,0.575
v15,balanced,long,stock,20,63,2023,40,40,0.214,0.17,-10.164,-10.864,0.049,0.204,-8.253,0.228,0.458,20.0,795,730,0.9182,5,730,0,0,0,0,63,0,0,2,0,1,0.577
v15,balanced,long,stock,20,63,2024,51,51,2.152,1.82,-9.541,-11.894,2.217,2.053,-1.161,2.152,0.478,20,1020,988,0.9686,0,988,0,0,0,0,31,0,0,1,0,0,0.607
v15,balanced,long,stock,20,63,2025,50,50,3.924,1.08,-16.153,-18.943,3.971,3.569,-3.365,3.675,0.491,20.0,989,920,0.9302,11,916,0,0,4,0,65,0,1,3,0,1,0.572
v15,balanced,long,stock,20,63,2026,24,24,-5.124,-1.51,-20.492,-23.516,-4.953,-4.901,-11.638,-5.124,0.335,20.0,480,448,0.9333,0,444,0,0,4,0,27,3,0,2,0,0,0.589
v15,balanced,mid,mixed,10,5,ALL,176,176,0.025,0.11,-7.398,-13.203,0.016,0.016,-0.489,0.025,0.455,10.0,1760,1748,0.9932,0,1748,0,0,0,0,8,1,0,3,0,0,0.676
v15,balanced,mid,mixed,10,5,P1,91,91,-0.167,-0.63,-4.791,-7.116,-0.171,-0.172,-0.722,-0.167,0.422,10,910,903,0.9923,0,903,0,0,0,0,5,0,0,2,0,0,0.654
v15,balanced,mid,mixed,10,5,P2,85,85,0.231,0.58,-8.911,-13.203,0.215,0.216,-0.24,0.231,0.49,10,850,845,0.9941,0,845,0,0,0,0,3,1,0,1,0,0,0.699
v15,balanced,mid,mixed,10,5,2023,40,40,-0.276,-0.92,-4.373,-4.74,-0.277,-0.281,-1.031,-0.276,0.426,10.0,400,396,0.99,0,396,0,0,0,0,3,0,0,1,0,0,0.662
v15,balanced,mid,mixed,10,5,2024,51,51,-0.081,-0.2,-5.07,-7.116,-0.088,-0.086,-0.479,-0.081,0.419,10,510,507,0.9941,0,507,0,0,0,0,2,0,0,1,0,0,0.646
v15,balanced,mid,mixed,10,5,2025,50,50,0.385,0.91,-6.18,-7.852,0.358,0.373,-0.009,0.385,0.498,10.0,500,497,0.994,0,497,0,0,0,0,2,0,0,1,0,0,0.692
v15,balanced,mid,mixed,10,5,2026,35,35,0.012,0.02,-10.846,-13.203,0.01,-0.008,-0.57,0.012,0.479,10,350,348,0.9943,0,348,0,0,0,0,1,1,0,0,0,0,0.706
v15,balanced,mid,mixed,10,20,ALL,173,173,-0.307,-0.58,-10.948,-12.727,-0.348,-0.334,-2.276,-0.307,0.395,10,1730,1694,0.9792,0,1693,0,0,1,0,31,2,0,3,0,0,0.674
v15,balanced,mid,mixed,10,20,P1,91,91,-0.225,-0.35,-8.825,-10.653,-0.269,-0.256,-2.073,-0.225,0.376,10,910,892,0.9802,0,892,0,0,0,0,16,0,0,2,0,0,0.654
v15,balanced,mid,mixed,10,20,P2,82,82,-0.398,-0.46,-11.995,-12.727,-0.436,-0.421,-2.501,-0.398,0.416,10.0,820,802,0.978,0,801,0,0,1,0,15,2,0,1,0,0,0.695
v15,balanced,mid,mixed,10,20,2023,40,40,-0.564,-1.25,-6.545,-7.554,-0.597,-0.596,-3.407,-0.564,0.411,10.0,400,388,0.97,0,388,0,0,0,0,11,0,0,1,0,0,0.662
v15,balanced,mid,mixed,10,20,2024,51,51,0.041,0.04,-9.772,-10.653,-0.012,0.01,-1.027,0.041,0.348,10,510,504,0.9882,0,504,0,0,0,0,5,0,0,1,0,0,0.646
v15,balanced,mid,mixed,10,20,2025,50,50,-0.124,-0.11,-12.052,-12.727,-0.142,-0.148,-2.116,-0.124,0.415,10.0,500,489,0.978,0,489,0,0,0,0,10,0,0,1,0,0,0.692
v15,balanced,mid,mixed,10,20,2026,32,32,-0.827,-0.65,-11.91,-12.468,-0.896,-0.847,-3.102,-0.827,0.418,10.0,320,313,0.9781,0,312,0,0,1,0,5,2,0,0,0,0,0.697
v15,balanced,mid,mixed,10,63,ALL,165,165,-0.818,-0.63,-18.327,-24.735,-0.66,-0.876,-5.753,-0.818,0.355,10,1650,1571,0.9521,0,1567,0,0,4,0,76,0,0,3,0,0,0.669
v15,balanced,mid,mixed,10,63,P1,91,91,-0.894,-0.86,-10.645,-12.518,-0.814,-0.901,-4.796,-0.894,0.339,10,910,875,0.9615,0,875,0,0,0,0,33,0,0,2,0,0,0.654
v15,balanced,mid,mixed,10,63,P2,74,74,-0.725,-0.28,-21.348,-24.735,-0.471,-0.845,-6.931,-0.725,0.373,10.0,740,696,0.9405,0,692,0,0,4,0,43,0,0,1,0,0,0.686
v15,balanced,mid,mixed,10,63,2023,40,40,-1.965,-1.86,-10.179,-10.421,-2.094,-1.965,-8.4,-1.965,0.351,10.0,400,375,0.9375,0,375,0,0,0,0,24,0,0,1,0,0,0.662
v15,balanced,mid,mixed,10,63,2024,51,51,-0.053,-0.03,-10.955,-12.518,0.191,-0.066,-1.969,-0.053,0.33,10,510,500,0.9804,0,500,0,0,0,0,9,0,0,1,0,0,0.646
v15,balanced,mid,mixed,10,63,2025,50,50,1.83,0.58,-20.219,-21.213,2.238,1.591,-4.798,1.83,0.413,10.0,500,468,0.936,0,467,0,0,1,0,31,0,0,1,0,0,0.692
v15,balanced,mid,mixed,10,63,2026,24,24,-6.045,-2.4,-21.276,-24.735,-6.115,-5.918,-11.374,-6.045,0.291,10.0,240,228,0.95,0,225,0,0,3,0,12,0,0,0,0,0,0.67
v15,balanced,mid,mixed,20,5,ALL,176,176,-0.094,-0.48,-6.614,-12.555,-0.093,-0.094,-0.492,-0.086,0.458,20.0,3506,3483,0.9934,14,3483,0,0,0,0,13,1,0,9,0,3,0.638
v15,balanced,mid,mixed,20,5,P1,91,91,-0.192,-0.92,-3.903,-5.233,-0.19,-0.191,-0.578,-0.178,0.435,20,1806,1796,0.9945,14,1796,0,0,0,0,7,0,0,3,0,3,0.632
v15,balanced,mid,mixed,20,5,P2,85,85,0.012,0.04,-8.113,-12.555,0.011,0.009,-0.401,0.012,0.483,20,1700,1687,0.9924,0,1687,0,0,0,0,6,1,0,6,0,0,0.646
v15,balanced,mid,mixed,20,5,2023,40,40,-0.297,-1.27,-3.13,-3.252,-0.289,-0.294,-0.796,-0.265,0.445,20.0,786,780,0.9924,14,780,0,0,0,0,4,0,0,2,0,3,0.623
v15,balanced,mid,mixed,20,5,2024,51,51,-0.109,-0.34,-4.389,-5.233,-0.113,-0.111,-0.407,-0.109,0.427,20,1020,1016,0.9961,0,1016,0,0,0,0,3,0,0,1,0,0,0.634
v15,balanced,mid,mixed,20,5,2025,50,50,0.032,0.09,-6.149,-7.281,0.027,0.033,-0.364,0.032,0.474,20.0,1000,993,0.993,0,993,0,0,0,0,4,0,0,3,0,0,0.642
v15,balanced,mid,mixed,20,5,2026,35,35,-0.017,-0.03,-10.356,-12.555,-0.012,-0.025,-0.453,-0.017,0.496,20,700,694,0.9914,0,694,0,0,0,0,2,1,0,3,0,0,0.654
v15,balanced,mid,mixed,20,20,ALL,173,173,-0.422,-0.93,-9.837,-12.058,-0.442,-0.422,-2.221,-0.426,0.409,20,3446,3376,0.9797,14,3374,0,0,2,0,58,3,0,9,0,3,0.638
v15,balanced,mid,mixed,20,20,P1,91,91,-0.521,-0.98,-7.436,-9.746,-0.537,-0.522,-2.325,-0.53,0.38,20,1806,1771,0.9806,14,1771,0,0,0,0,32,0,0,3,0,3,0.632
v15,balanced,mid,mixed,20,20,P2,82,82,-0.311,-0.41,-10.759,-12.058,-0.336,-0.31,-2.106,-0.311,0.441,20.0,1640,1605,0.9787,0,1603,0,0,2,0,26,3,0,6,0,0,0.644
v15,balanced,mid,mixed,20,20,2023,40,40,-0.802,-2.12,-5.12,-5.603,-0.756,-0.775,-3.58,-0.821,0.415,20.0,786,762,0.9695,14,762,0,0,0,0,22,0,0,2,0,3,0.623
v15,balanced,mid,mixed,20,20,2024,51,51,-0.301,-0.34,-8.456,-9.746,-0.366,-0.324,-1.341,-0.301,0.353,20,1020,1009,0.9892,0,1009,0,0,0,0,10,0,0,1,0,0,0.634
v15,balanced,mid,mixed,20,20,2025,50,50,-0.281,-0.28,-10.515,-11.732,-0.28,-0.282,-1.883,-0.281,0.442,20.0,1000,981,0.981,0,981,0,0,0,0,16,0,0,3,0,0,0.642
v15,balanced,mid,mixed,20,20,2026,32,32,-0.357,-0.3,-11.124,-12.058,-0.425,-0.355,-2.454,-0.357,0.439,20.0,640,624,0.975,0,622,0,0,2,0,10,3,0,3,0,0,0.652
v15,balanced,mid,mixed,20,63,ALL,165,165,-1.272,-0.99,-16.518,-18.864,-1.161,-1.26,-5.865,-1.273,0.361,20,3286,3134,0.9537,14,3127,0,0,7,0,139,3,1,9,0,3,0.634
v15,balanced,mid,mixed,20,63,P1,91,91,-1.428,-1.92,-10.215,-12.979,-1.406,-1.444,-5.375,-1.43,0.344,20,1806,1736,0.9612,14,1736,0,0,0,0,67,0,0,3,0,3,0.632
v15,balanced,mid,mixed,20,63,P2,74,74,-1.08,-0.4,-18.293,-18.864,-0.859,-1.035,-6.466,-1.08,0.382,20.0,1480,1398,0.9446,0,1391,0,0,7,0,72,3,1,6,0,0,0.637
v15,balanced,mid,mixed,20,63,2023,40,40,-1.243,-1.14,-8.13,-8.327,-1.333,-1.232,-7.797,-1.248,0.377,20.0,786,735,0.9351,14,735,0,0,0,0,49,0,0,2,0,3,0.623
v15,balanced,mid,mixed,20,63,2024,51,51,-1.572,-1.54,-10.938,-12.979,-1.463,-1.61,-3.476,-1.572,0.318,20,1020,1001,0.9814,0,1001,0,0,0,0,18,0,0,1,0,0,0.634
v15,balanced,mid,mixed,20,63,2025,50,50,1.505,0.44,-17.748,-18.864,1.712,1.409,-3.824,1.505,0.43,20.0,1000,947,0.947,0,944,0,0,3,0,49,0,1,3,0,0,0.642
v15,balanced,mid,mixed,20,63,2026,24,24,-6.465,-3.0,-18.021,-18.833,-6.216,-6.127,-11.972,-6.465,0.282,20.0,480,451,0.9396,0,447,0,0,4,0,23,3,0,3,0,0,0.63
v15,balanced,mid,stock,10,5,ALL,176,176,0.082,0.32,-8.074,-13.203,0.075,0.073,-0.549,0.086,0.483,10.0,1757,1741,0.9909,3,1741,0,0,0,0,10,1,0,5,0,1,0.663
v15,balanced,mid,stock,10,5,P1,91,91,-0.012,-0.04,-4.726,-7.116,-0.017,-0.016,-0.566,-0.012,0.459,10,910,903,0.9923,0,903,0,0,0,0,5,0,0,2,0,0,0.659
v15,balanced,mid,stock,10,5,P2,85,85,0.183,0.42,-9.882,-13.203,0.172,0.168,-0.531,0.191,0.508,10,847,838,0.9894,3,838,0,0,0,0,5,1,0,3,0,1,0.668
v15,balanced,mid,stock,10,5,2023,40,40,-0.216,-0.61,-4.282,-4.74,-0.218,-0.219,-0.97,-0.216,0.438,10.0,400,396,0.99,0,396,0,0,0,0,3,0,0,1,0,0,0.644
v15,balanced,mid,stock,10,5,2024,51,51,0.148,0.35,-4.958,-7.116,0.141,0.143,-0.25,0.148,0.476,10,510,507,0.9941,0,507,0,0,0,0,2,0,0,1,0,0,0.67
v15,balanced,mid,stock,10,5,2025,50,50,0.095,0.2,-8.619,-11.753,0.075,0.088,-0.708,0.109,0.515,10.0,497,491,0.9879,3,491,0,0,0,0,4,0,0,2,0,1,0.665
v15,balanced,mid,stock,10,5,2026,35,35,0.308,0.38,-10.846,-13.203,0.312,0.283,-0.278,0.308,0.499,10,350,347,0.9914,0,347,0,0,0,0,1,1,0,1,0,0,0.671
v15,balanced,mid,stock,10,20,ALL,173,173,0.071,0.11,-13.385,-19.543,0.031,0.048,-2.543,0.06,0.473,10,1727,1678,0.9716,3,1677,0,0,1,0,41,3,0,5,0,1,0.663
v15,balanced,mid,stock,10,20,P1,91,91,0.597,0.78,-9.325,-10.653,0.53,0.556,-1.822,0.597,0.502,10,910,887,0.9747,0,887,0,0,0,0,21,0,0,2,0,0,0.659
v15,balanced,mid,stock,10,20,P2,82,82,-0.512,-0.52,-15.541,-19.543,-0.523,-0.516,-3.344,-0.535,0.44,10.0,817,791,0.9682,3,790,0,0,1,0,20,3,0,3,0,1,0.667
v15,balanced,mid,stock,10,20,2023,40,40,-0.045,-0.07,-7.949,-10.363,-0.082,-0.083,-3.665,-0.045,0.48,10.0,400,385,0.9625,0,385,0,0,0,0,14,0,0,1,0,0,0.644
v15,balanced,mid,stock,10,20,2024,51,51,1.101,0.88,-9.772,-10.653,1.011,1.058,-0.377,1.101,0.52,10,510,502,0.9843,0,502,0,0,0,0,7,0,0,1,0,0,0.67
v15,balanced,mid,stock,10,20,2025,50,50,-0.426,-0.33,-16.827,-19.543,-0.397,-0.413,-3.405,-0.465,0.439,10.0,497,480,0.9658,3,480,0,0,0,0,15,0,0,2,0,1,0.665
v15,balanced,mid,stock,10,20,2026,32,32,-0.646,-0.43,-13.612,-14.624,-0.718,-0.677,-3.248,-0.646,0.441,10.0,320,311,0.9719,0,310,0,0,1,0,5,3,0,1,0,0,0.668
v15,balanced,mid,stock,10,63,ALL,165,165,1.128,0.78,-18.254,-24.735,1.174,0.987,-5.659,1.084,0.449,10,1647,1539,0.9344,3,1535,0,0,4,0,103,0,0,5,0,1,0.663
v15,balanced,mid,stock,10,63,P1,91,91,2.147,1.89,-9.207,-11.581,2.134,2.04,-3.496,2.147,0.475,10,910,861,0.9462,0,861,0,0,0,0,47,0,0,2,0,0,0.659
v15,balanced,mid,stock,10,63,P2,74,74,-0.125,-0.04,-20.21,-24.735,-0.007,-0.308,-8.32,-0.223,0.417,10.0,737,678,0.9199,3,674,0,0,4,0,56,0,0,3,0,1,0.668
v15,balanced,mid,stock,10,63,2023,40,40,0.883,0.99,-8.171,-8.252,0.592,0.776,-7.55,0.883,0.469,10.0,400,368,0.92,0,368,0,0,0,0,31,0,0,1,0,0,0.644
v15,balanced,mid,stock,10,63,2024,51,51,3.138,1.81,-9.8,-11.581,3.344,3.032,-0.316,3.138,0.479,10,510,493,0.9667,0,493,0,0,0,0,16,0,0,1,0,0,0.67
v15,balanced,mid,stock,10,63,2025,50,50,2.624,0.76,-18.281,-20.171,2.883,2.332,-6.701,2.48,0.459,10.0,497,452,0.9095,3,451,0,0,1,0,43,0,0,2,0,1,0.665
v15,balanced,mid,stock,10,63,2026,24,24,-5.853,-2.0,-21.426,-24.735,-6.027,-5.809,-11.692,-5.853,0.327,10.0,240,226,0.9417,0,223,0,0,3,0,13,0,0,1,0,0,0.674
v15,balanced,mid,stock,20,5,ALL,176,176,-0.055,-0.27,-7.045,-12.562,-0.055,-0.058,-0.57,-0.04,0.485,20.0,3481,3454,0.9922,39,3454,0,0,0,0,16,2,0,9,0,7,0.632
v15,balanced,mid,stock,20,5,P1,91,91,-0.131,-0.6,-4.149,-5.233,-0.129,-0.131,-0.631,-0.114,0.471,20,1802,1790,0.9933,18,1790,0,0,0,0,9,0,0,3,0,4,0.642
v15,balanced,mid,stock,20,5,P2,85,85,0.026,0.07,-8.614,-12.562,0.024,0.021,-0.506,0.04,0.5,20,1679,1664,0.9911,21,1664,0,0,0,0,7,2,0,6,0,3,0.621
v15,balanced,mid,stock,20,5,2023,40,40,-0.336,-1.2,-4.167,-4.833,-0.329,-0.336,-1.095,-0.299,0.462,20.0,783,775,0.9898,17,775,0,0,0,0,6,0,0,2,0,3,0.622
v15,balanced,mid,stock,20,5,2024,51,51,0.03,0.09,-4.137,-5.233,0.027,0.029,-0.267,0.031,0.478,20,1019,1015,0.9961,1,1015,0,0,0,0,3,0,0,1,0,1,0.657
v15,balanced,mid,stock,20,5,2025,50,50,0.032,0.09,-6.715,-8.585,0.024,0.03,-0.465,0.057,0.501,20.0,979,971,0.9918,21,971,0,0,0,0,5,0,0,3,0,3,0.612
v15,balanced,mid,stock,20,5,2026,35,35,0.017,0.02,-10.36,-12.562,0.023,0.008,-0.563,0.017,0.5,20,700,693,0.99,0,693,0,0,0,0,2,2,0,3,0,0,0.64
v15,balanced,mid,stock,20,20,ALL,173,173,-0.065,-0.13,-10.943,-15.855,-0.084,-0.061,-2.214,-0.093,0.466,20,3421,3339,0.976,39,3337,0,0,2,0,69,4,0,9,0,7,0.631
v15,balanced,mid,stock,20,20,P1,91,91,0.04,0.07,-7.758,-9.746,0.017,0.038,-2.047,0.03,0.479,20,1802,1762,0.9778,18,1762,0,0,0,0,37,0,0,3,0,4,0.642
v15,balanced,mid,stock,20,20,P2,82,82,-0.182,-0.21,-12.661,-15.855,-0.197,-0.171,-2.4,-0.231,0.451,20.0,1619,1577,0.9741,21,1575,0,0,2,0,32,4,0,6,0,3,0.619
v15,balanced,mid,stock,20,20,2023,40,40,-0.769,-2.06,-6.281,-7.211,-0.725,-0.735,-4.052,-0.791,0.447,20.0,783,755,0.9642,17,755,0,0,0,0,26,0,0,2,0,3,0.622
v15,balanced,mid,stock,20,20,2024,51,51,0.675,0.69,-8.456,-9.746,0.599,0.644,-0.474,0.674,0.504,20,1019,1007,0.9882,1,1007,0,0,0,0,11,0,0,1,0,1,0.657
v15,balanced,mid,stock,20,20,2025,50,50,-0.098,-0.08,-13.581,-15.855,-0.088,-0.08,-1.986,-0.177,0.464,20.0,979,957,0.9775,21,957,0,0,0,0,19,0,0,3,0,3,0.612
v15,balanced,mid,stock,20,20,2026,32,32,-0.314,-0.25,-11.281,-12.058,-0.367,-0.315,-3.048,-0.314,0.432,20.0,640,620,0.9688,0,618,0,0,2,0,13,4,0,3,0,0,0.635
v15,balanced,mid,stock,20,63,ALL,165,165,0.586,0.42,-16.037,-18.833,0.659,0.529,-5.064,0.485,0.439,20,3261,3079,0.9442,39,3072,0,0,7,0,169,3,1,9,0,7,0.629
v15,balanced,mid,stock,20,63,P1,91,91,0.578,0.62,-9.589,-11.06,0.561,0.522,-4.367,0.59,0.446,20,1802,1716,0.9523,18,1716,0,0,0,0,83,0,0,3,0,4,0.642
v15,balanced,mid,stock,20,63,P2,74,74,0.595,0.21,-17.864,-18.833,0.779,0.538,-5.922,0.355,0.429,20.0,1459,1363,0.9342,21,1356,0,0,7,0,86,3,1,6,0,3,0.614
v15,balanced,mid,stock,20,63,2023,40,40,0.054,0.04,-9.037,-9.701,-0.127,0.014,-7.652,0.077,0.436,20.0,783,724,0.9246,17,724,0,0,0,0,57,0,0,2,0,3,0.622
v15,balanced,mid,stock,20,63,2024,51,51,0.99,0.9,-9.949,-11.06,1.101,0.92,-1.79,0.993,0.454,20,1019,992,0.9735,1,992,0,0,0,0,26,0,0,1,0,1,0.657
v15,balanced,mid,stock,20,63,2025,50,50,3.445,0.98,-16.107,-18.373,3.599,3.21,-2.89,3.09,0.481,20.0,979,918,0.9377,21,915,0,0,3,0,57,0,1,3,0,3,0.612
v15,balanced,mid,stock,20,63,2026,24,24,-5.342,-1.91,-18.021,-18.833,-5.096,-5.028,-12.239,-5.342,0.323,20.0,480,445,0.9271,0,441,0,0,4,0,29,3,0,3,0,0,0.624
v15,balanced,short,mixed,10,5,ALL,176,176,-0.126,-0.6,-6.566,-11.702,-0.133,-0.132,-0.468,-0.126,0.453,10.0,1760,1753,0.996,0,1753,0,0,0,0,5,1,0,1,0,0,0.735
v15,balanced,short,mixed,10,5,P1,91,91,-0.194,-0.76,-4.621,-5.984,-0.195,-0.198,-0.639,-0.194,0.421,10,910,906,0.9956,0,906,0,0,0,0,4,0,0,0,0,0,0.712
v15,balanced,short,mixed,10,5,P2,85,85,-0.053,-0.16,-7.877,-11.702,-0.067,-0.061,-0.284,-0.053,0.486,10,850,847,0.9965,0,847,0,0,0,0,1,1,0,1,0,0,0.758
v15,balanced,short,mixed,10,5,2023,40,40,-0.405,-1.59,-4.634,-4.661,-0.396,-0.404,-0.906,-0.405,0.42,10.0,400,398,0.995,0,398,0,0,0,0,2,0,0,0,0,0,0.7
v15,balanced,short,mixed,10,5,2024,51,51,-0.029,-0.07,-4.613,-5.984,-0.037,-0.036,-0.43,-0.029,0.422,10,510,508,0.9961,0,508,0,0,0,0,2,0,0,0,0,0,0.72
v15,balanced,short,mixed,10,5,2025,50,50,0.153,0.39,-6.736,-9.138,0.13,0.144,-0.037,0.153,0.501,10.0,500,498,0.996,0,498,0,0,0,0,1,0,0,1,0,0,0.741
v15,balanced,short,mixed,10,5,2026,35,35,-0.347,-0.58,-9.385,-11.702,-0.349,-0.354,-0.637,-0.347,0.465,10,350,349,0.9971,0,349,0,0,0,0,0,1,0,0,0,0,0.782
v15,balanced,short,mixed,10,20,ALL,173,173,-0.628,-1.25,-11.548,-14.441,-0.646,-0.631,-2.279,-0.628,0.392,10,1730,1701,0.9832,0,1700,0,0,1,0,27,1,0,1,0,0,0.734
v15,balanced,short,mixed,10,20,P1,91,91,-0.439,-0.67,-8.851,-11.706,-0.445,-0.435,-2.023,-0.439,0.376,10,910,896,0.9846,0,896,0,0,0,0,14,0,0,0,0,0,0.712
v15,balanced,short,mixed,10,20,P2,82,82,-0.837,-1.07,-12.242,-14.441,-0.869,-0.848,-2.564,-0.837,0.411,10.0,820,805,0.9817,0,804,0,0,1,0,13,1,0,1,0,0,0.756
v15,balanced,short,mixed,10,20,2023,40,40,-0.912,-1.8,-6.329,-7.307,-0.908,-0.89,-3.733,-0.912,0.409,10.0,400,389,0.9725,0,389,0,0,0,0,11,0,0,0,0,0,0.7
v15,balanced,short,mixed,10,20,2024,51,51,-0.069,-0.06,-10.327,-11.706,-0.083,-0.078,-0.682,-0.069,0.35,10,510,507,0.9941,0,507,0,0,0,0,3,0,0,0,0,0,0.72
v15,balanced,short,mixed,10,20,2025,50,50,-0.531,-0.51,-11.908,-12.698,-0.547,-0.563,-2.329,-0.531,0.412,10.0,500,490,0.98,0,490,0,0,0,0,9,0,0,1,0,0,0.741
v15,balanced,short,mixed,10,20,2026,32,32,-1.315,-1.14,-12.469,-14.441,-1.372,-1.295,-2.931,-1.315,0.409,10.0,320,315,0.9844,0,314,0,0,1,0,4,1,0,0,0,0,0.777
v15,balanced,short,mixed,10,63,ALL,165,165,-2.121,-1.68,-16.696,-20.035,-1.983,-2.093,-6.708,-2.121,0.333,10,1650,1577,0.9558,0,1574,0,0,3,0,72,0,0,1,0,0,0.728
v15,balanced,short,mixed,10,63,P1,91,91,-2.448,-2.26,-12.103,-12.51,-2.351,-2.401,-6.661,-2.448,0.309,10,910,874,0.9604,0,874,0,0,0,0,36,0,0,0,0,0,0.712
v15,balanced,short,mixed,10,63,P2,74,74,-1.719,-0.69,-19.05,-20.035,-1.53,-1.714,-6.765,-1.719,0.363,10.0,740,703,0.95,0,700,0,0,3,0,36,0,0,1,0,0,0.745
v15,balanced,short,mixed,10,63,2023,40,40,-3.679,-3.65,-11.889,-12.387,-3.871,-3.608,-10.662,-3.679,0.294,10.0,400,374,0.935,0,374,0,0,0,0,26,0,0,0,0,0,0.7
v15,balanced,short,mixed,10,63,2024,51,51,-1.482,-0.91,-12.199,-12.51,-1.16,-1.454,-3.523,-1.482,0.32,10,510,500,0.9804,0,500,0,0,0,0,10,0,0,0,0,0,0.72
v15,balanced,short,mixed,10,63,2025,50,50,0.778,0.25,-19.837,-20.035,1.014,0.65,-4.27,0.778,0.403,10.0,500,475,0.95,0,475,0,0,0,0,24,0,0,1,0,0,0.741
v15,balanced,short,mixed,10,63,2026,24,24,-6.922,-7.27,-16.04,-16.332,-6.829,-6.639,-11.964,-6.922,0.279,10.0,240,228,0.95,0,225,0,0,3,0,12,0,0,0,0,0,0.752
v15,balanced,short,mixed,20,5,ALL,176,176,-0.124,-0.7,-5.392,-9.638,-0.127,-0.126,-0.494,-0.12,0.456,20.0,3501,3482,0.9946,19,3482,0,0,0,0,12,1,0,6,0,5,0.688
v15,balanced,short,mixed,20,5,P1,91,91,-0.229,-1.16,-3.743,-4.582,-0.228,-0.229,-0.671,-0.218,0.434,20,1806,1796,0.9945,14,1796,0,0,0,0,8,0,0,2,0,3,0.682
v15,balanced,short,mixed,20,5,P2,85,85,-0.01,-0.04,-6.518,-9.638,-0.018,-0.016,-0.305,-0.016,0.48,20,1695,1686,0.9947,5,1686,0,0,0,0,4,1,0,4,0,2,0.694
v15,balanced,short,mixed,20,5,2023,40,40,-0.407,-1.96,-3.157,-3.188,-0.401,-0.403,-1.031,-0.379,0.437,20.0,788,782,0.9924,12,782,0,0,0,0,5,0,0,1,0,2,0.682
v15,balanced,short,mixed,20,5,2024,51,51,-0.09,-0.29,-4.133,-4.582,-0.093,-0.093,-0.389,-0.092,0.431,20,1018,1014,0.9961,2,1014,0,0,0,0,3,0,0,1,0,1,0.679
v15,balanced,short,mixed,20,5,2025,50,50,0.075,0.23,-5.245,-7.2,0.064,0.071,-0.223,0.065,0.478,20.0,995,989,0.994,5,989,0,0,0,0,3,0,0,3,0,2,0.679
v15,balanced,short,mixed,20,5,2026,35,35,-0.132,-0.24,-8.04,-9.638,-0.135,-0.14,-0.421,-0.132,0.485,20,700,697,0.9957,0,697,0,0,0,0,1,1,0,1,0,0,0.716
v15,balanced,short,mixed,20,20,ALL,173,173,-0.483,-1.17,-9.312,-12.116,-0.504,-0.481,-1.93,-0.507,0.41,20,3441,3386,0.984,19,3385,0,0,1,0,46,3,0,6,0,5,0.687
v15,balanced,short,mixed,20,20,P1,91,91,-0.593,-1.16,-7.276,-9.427,-0.607,-0.591,-2.119,-0.615,0.377,20,1806,1777,0.9839,14,1777,0,0,0,0,27,0,0,2,0,3,0.682
v15,balanced,short,mixed,20,20,P2,82,82,-0.36,-0.54,-9.902,-12.116,-0.391,-0.359,-1.719,-0.387,0.446,20.0,1635,1609,0.9841,5,1608,0,0,1,0,19,3,0,4,0,2,0.693
v15,balanced,short,mixed,20,20,2023,40,40,-0.728,-1.87,-5.119,-5.689,-0.728,-0.72,-3.03,-0.788,0.412,20.0,788,769,0.9759,12,769,0,0,0,0,18,0,0,1,0,2,0.682
v15,balanced,short,mixed,20,20,2024,51,51,-0.487,-0.57,-8.667,-9.427,-0.512,-0.49,-1.405,-0.48,0.349,20,1018,1008,0.9902,2,1008,0,0,0,0,9,0,0,1,0,1,0.679
v15,balanced,short,mixed,20,20,2025,50,50,-0.21,-0.24,-10.442,-12.116,-0.224,-0.211,-1.513,-0.254,0.448,20.0,995,979,0.9839,5,979,0,0,0,0,13,0,0,3,0,2,0.679
v15,balanced,short,mixed,20,20,2026,32,32,-0.595,-0.61,-9.093,-9.095,-0.65,-0.592,-2.041,-0.595,0.443,20.0,640,630,0.9844,0,629,0,0,1,0,6,3,0,1,0,0,0.716
v15,balanced,short,mixed,20,63,ALL,165,165,-1.895,-1.49,-16.867,-20.482,-1.793,-1.835,-6.019,-1.929,0.355,20,3281,3145,0.9585,19,3140,0,0,5,0,127,2,1,6,0,5,0.684
v15,balanced,short,mixed,20,63,P1,91,91,-2.2,-3.24,-10.989,-12.966,-2.14,-2.16,-5.88,-2.213,0.328,20,1806,1741,0.964,14,1740,0,0,1,0,63,0,0,2,0,3,0.682
v15,balanced,short,mixed,20,63,P2,74,74,-1.52,-0.57,-18.599,-20.482,-1.366,-1.435,-6.189,-1.58,0.388,20.0,1475,1404,0.9519,5,1400,0,0,4,0,64,2,1,4,0,2,0.686
v15,balanced,short,mixed,20,63,2023,40,40,-2.387,-2.9,-10.434,-10.833,-2.409,-2.306,-8.392,-2.389,0.345,20.0,788,742,0.9416,12,742,0,0,0,0,45,0,0,1,0,2,0.682
v15,balanced,short,mixed,20,63,2024,51,51,-2.053,-1.95,-11.349,-12.966,-1.929,-2.046,-3.91,-2.075,0.315,20,1018,999,0.9813,2,998,0,0,1,0,18,0,0,1,0,1,0.679
v15,balanced,short,mixed,20,63,2025,50,50,1.198,0.36,-17.578,-19.143,1.33,1.152,-3.74,1.11,0.434,20.0,995,945,0.9497,5,944,0,0,1,0,46,0,1,3,0,2,0.679
v15,balanced,short,mixed,20,63,2026,24,24,-7.183,-5.26,-18.887,-20.482,-6.981,-6.824,-11.292,-7.183,0.291,20.0,480,459,0.9563,0,456,0,0,3,0,18,2,0,1,0,0,0.702
v15,balanced,short,stock,10,5,ALL,176,176,0.047,0.21,-6.742,-10.073,0.034,0.037,-0.583,0.048,0.483,10.0,1754,1740,0.992,6,1740,0,0,0,0,10,1,0,3,0,3,0.743
v15,balanced,short,stock,10,5,P1,91,91,-0.05,-0.19,-4.72,-5.984,-0.053,-0.056,-0.717,-0.044,0.458,10,908,901,0.9923,2,901,0,0,0,0,6,0,0,1,0,1,0.742
v15,balanced,short,stock,10,5,P2,85,85,0.152,0.41,-8.049,-10.073,0.128,0.137,-0.44,0.147,0.51,10,846,839,0.9917,4,839,0,0,0,0,4,1,0,2,0,2,0.743
v15,balanced,short,stock,10,5,2023,40,40,-0.288,-0.92,-4.744,-4.827,-0.285,-0.291,-1.293,-0.273,0.442,10.0,398,393,0.9874,2,393,0,0,0,0,4,0,0,1,0,1,0.731
v15,balanced,short,stock,10,5,2024,51,51,0.136,0.33,-4.295,-5.984,0.128,0.129,-0.265,0.136,0.471,10,510,508,0.9961,0,508,0,0,0,0,2,0,0,0,0,0,0.748
v15,balanced,short,stock,10,5,2025,50,50,0.227,0.53,-7.372,-8.643,0.188,0.217,-0.372,0.217,0.529,10.0,496,491,0.9899,4,491,0,0,0,0,3,0,0,2,0,2,0.733
v15,balanced,short,stock,10,5,2026,35,35,0.046,0.07,-8.57,-10.073,0.042,0.023,-0.538,0.046,0.482,10,350,348,0.9943,0,348,0,0,0,0,1,1,0,0,0,0,0.756
v15,balanced,short,stock,10,20,ALL,173,173,-0.228,-0.42,-12.861,-20.98,-0.257,-0.233,-2.642,-0.25,0.462,10,1724,1680,0.9745,6,1679,0,0,1,0,39,2,0,3,0,3,0.743
v15,balanced,short,stock,10,20,P1,91,91,0.261,0.38,-9.356,-11.706,0.226,0.254,-2.003,0.254,0.492,10,908,887,0.9769,2,887,0,0,0,0,20,0,0,1,0,1,0.742
v15,balanced,short,stock,10,20,P2,82,82,-0.77,-0.9,-14.493,-20.98,-0.793,-0.773,-3.351,-0.81,0.428,10.0,816,793,0.9718,4,792,0,0,1,0,19,2,0,2,0,2,0.742
v15,balanced,short,stock,10,20,2023,40,40,-0.265,-0.38,-7.409,-9.074,-0.294,-0.276,-4.389,-0.28,0.476,10.0,398,381,0.9573,2,381,0,0,0,0,16,0,0,1,0,1,0.731
v15,balanced,short,stock,10,20,2024,51,51,0.674,0.62,-10.327,-11.706,0.634,0.669,-0.131,0.674,0.504,10,510,506,0.9922,0,506,0,0,0,0,4,0,0,0,0,0,0.748
v15,balanced,short,stock,10,20,2025,50,50,-0.688,-0.6,-15.513,-20.98,-0.675,-0.679,-3.457,-0.754,0.43,10.0,496,480,0.9677,4,480,0,0,0,0,14,0,0,2,0,2,0.733
v15,balanced,short,stock,10,20,2026,32,32,-0.898,-0.71,-12.469,-14.441,-0.977,-0.92,-3.185,-0.898,0.426,10.0,320,313,0.9781,0,312,0,0,1,0,5,2,0,0,0,0,0.755
v15,balanced,short,stock,10,63,ALL,165,165,-0.314,-0.21,-16.927,-19.294,-0.184,-0.3,-6.565,-0.362,0.426,10,1644,1544,0.9392,6,1540,0,0,4,0,97,0,0,3,0,3,0.739
v15,balanced,short,stock,10,63,P1,91,91,0.443,0.39,-11.238,-13.354,0.485,0.421,-4.938,0.454,0.442,10,908,862,0.9493,2,861,0,0,1,0,45,0,0,1,0,1,0.742
v15,balanced,short,stock,10,63,P2,74,74,-1.245,-0.43,-18.247,-19.294,-1.007,-1.187,-8.566,-1.366,0.407,10.0,736,682,0.9266,4,679,0,0,3,0,52,0,0,2,0,2,0.733
v15,balanced,short,stock,10,63,2023,40,40,-0.927,-0.86,-10.598,-11.489,-1.142,-0.942,-10.237,-0.901,0.41,10.0,398,363,0.9121,2,363,0,0,0,0,34,0,0,1,0,1,0.731
v15,balanced,short,stock,10,63,2024,51,51,1.517,0.94,-11.609,-13.354,1.761,1.491,-0.782,1.517,0.467,10,510,499,0.9784,0,498,0,0,1,0,11,0,0,0,0,0,0.748
v15,balanced,short,stock,10,63,2025,50,50,1.493,0.4,-18.329,-19.294,1.724,1.394,-6.551,1.315,0.451,10.0,496,456,0.9194,4,456,0,0,0,0,38,0,0,2,0,2,0.733
v15,balanced,short,stock,10,63,2026,24,24,-6.949,-5.55,-17.078,-18.0,-6.695,-6.563,-12.765,-6.949,0.316,10.0,240,226,0.9417,0,223,0,0,3,0,14,0,0,0,0,0,0.73
v15,balanced,short,stock,20,5,ALL,176,176,-0.104,-0.56,-5.955,-9.444,-0.108,-0.107,-0.504,-0.102,0.479,20.0,3473,3452,0.994,47,3452,0,0,0,0,13,1,0,7,0,8,0.694
v15,balanced,short,stock,20,5,P1,91,91,-0.189,-0.91,-4.003,-5.001,-0.188,-0.188,-0.63,-0.174,0.47,20,1804,1793,0.9939,16,1793,0,0,0,0,8,0,0,3,0,3,0.704
v15,balanced,short,stock,20,5,P2,85,85,-0.013,-0.04,-7.054,-9.444,-0.023,-0.019,-0.368,-0.026,0.488,20,1669,1659,0.994,31,1659,0,0,0,0,5,1,0,4,0,5,0.684
v15,balanced,short,stock,20,5,2023,40,40,-0.523,-2.06,-4.27,-5.001,-0.516,-0.519,-1.146,-0.485,0.456,20.0,786,780,0.9924,14,780,0,0,0,0,5,0,0,1,0,2,0.695
v15,balanced,short,stock,20,5,2024,51,51,0.073,0.23,-3.825,-4.582,0.069,0.07,-0.226,0.071,0.481,20,1018,1013,0.9951,2,1013,0,0,0,0,3,0,0,2,0,1,0.711
v15,balanced,short,stock,20,5,2025,50,50,0.011,0.03,-6.42,-7.971,-0.004,0.005,-0.391,-0.011,0.487,20.0,969,962,0.9928,31,962,0,0,0,0,4,0,0,3,0,5,0.677
v15,balanced,short,stock,20,5,2026,35,35,-0.047,-0.08,-7.943,-9.444,-0.05,-0.055,-0.335,-0.047,0.489,20,700,697,0.9957,0,697,0,0,0,0,1,1,0,1,0,0,0.694
v15,balanced,short,stock,20,20,ALL,173,173,-0.287,-0.66,-10.209,-14.418,-0.303,-0.287,-1.964,-0.369,0.458,20,3413,3349,0.9812,47,3348,0,0,1,0,53,4,0,7,0,8,0.693
v15,balanced,short,stock,20,20,P1,91,91,-0.223,-0.41,-7.635,-9.427,-0.238,-0.221,-1.916,-0.243,0.467,20,1804,1771,0.9817,16,1771,0,0,0,0,30,0,0,3,0,3,0.704
v15,balanced,short,stock,20,20,P2,82,82,-0.359,-0.52,-11.066,-14.418,-0.375,-0.361,-2.016,-0.509,0.449,20.0,1609,1578,0.9807,31,1577,0,0,1,0,23,4,0,4,0,5,0.682
v15,balanced,short,stock,20,20,2023,40,40,-0.765,-1.73,-5.944,-7.147,-0.757,-0.75,-3.441,-0.819,0.451,20.0,786,764,0.972,14,764,0,0,0,0,21,0,0,1,0,2,0.695
v15,balanced,short,stock,20,20,2024,51,51,0.202,0.23,-8.667,-9.427,0.17,0.194,-0.721,0.209,0.48,20,1018,1007,0.9892,2,1007,0,0,0,0,9,0,0,2,0,1,0.711
v15,balanced,short,stock,20,20,2025,50,50,-0.312,-0.34,-12.357,-14.418,-0.303,-0.314,-2.003,-0.559,0.451,20.0,969,949,0.9794,31,949,0,0,0,0,17,0,0,3,0,5,0.677
v15,balanced,short,stock,20,20,2026,32,32,-0.431,-0.43,-9.131,-9.169,-0.489,-0.435,-2.037,-0.431,0.446,20.0,640,629,0.9828,0,628,0,0,1,0,6,4,0,1,0,0,0.692
v15,balanced,short,stock,20,63,ALL,165,165,-0.635,-0.47,-15.436,-17.948,-0.538,-0.582,-5.509,-0.806,0.417,20,3253,3093,0.9508,47,3087,0,0,6,0,150,2,1,7,0,8,0.693
v15,balanced,short,stock,20,63,P1,91,91,-0.581,-0.77,-10.732,-12.098,-0.54,-0.555,-4.982,-0.563,0.422,20,1804,1726,0.9568,16,1724,0,0,2,0,75,0,0,3,0,3,0.704
v15,balanced,short,stock,20,63,P2,74,74,-0.701,-0.25,-17.062,-17.948,-0.536,-0.614,-6.157,-1.104,0.412,20.0,1449,1367,0.9434,31,1363,0,0,4,0,75,2,1,4,0,5,0.68
v15,balanced,short,stock,20,63,2023,40,40,-1.245,-1.2,-10.489,-10.565,-1.322,-1.186,-7.932,-1.177,0.41,20.0,786,735,0.9351,14,735,0,0,0,0,50,0,0,1,0,2,0.695
v15,balanced,short,stock,20,63,2024,51,51,-0.06,-0.06,-10.894,-12.098,0.074,-0.061,-2.668,-0.082,0.431,20,1018,991,0.9735,2,989,0,0,2,0,25,0,0,2,0,1,0.711
v15,balanced,short,stock,20,63,2025,50,50,2.36,0.7,-15.209,-17.506,2.506,2.307,-3.543,1.764,0.463,20.0,969,910,0.9391,31,909,0,0,1,0,55,0,1,3,0,5,0.677
v15,balanced,short,stock,20,63,2026,24,24,-7.08,-4.13,-17.388,-17.948,-6.875,-6.701,-11.604,-7.08,0.305,20.0,480,457,0.9521,0,454,0,0,3,0,20,2,0,1,0,0,0.689
v15,conservative,long,mixed,10,5,ALL,176,176,-0.278,-2.01,-4.301,-6.517,-0.276,-0.274,-0.447,-0.269,0.448,10.0,1755,1752,0.9983,5,1752,0,0,0,0,3,0,0,0,0,1,0.784
v15,conservative,long,mixed,10,5,P1,91,91,-0.309,-1.83,-3.948,-4.455,-0.305,-0.304,-0.416,-0.309,0.452,10,910,909,0.9989,0,909,0,0,0,0,1,0,0,0,0,0,0.772
v15,conservative,long,mixed,10,5,P2,85,85,-0.246,-1.11,-4.42,-6.517,-0.246,-0.242,-0.481,-0.226,0.443,10,845,843,0.9976,5,843,0,0,0,0,2,0,0,0,0,1,0.798
v15,conservative,long,mixed,10,5,2023,40,40,-0.443,-1.99,-3.872,-4.075,-0.443,-0.443,-0.443,-0.443,0.44,10.0,400,400,1.0,0,400,0,0,0,0,0,0,0,0,0,0,0.777
v15,conservative,long,mixed,10,5,2024,51,51,-0.203,-0.83,-3.963,-4.455,-0.196,-0.195,-0.394,-0.203,0.461,10,510,509,0.998,0,509,0,0,0,0,1,0,0,0,0,0,0.766
v15,conservative,long,mixed,10,5,2025,50,50,-0.281,-1.0,-4.732,-6.517,-0.281,-0.275,-0.68,-0.246,0.435,10.0,495,493,0.996,5,493,0,0,0,0,2,0,0,0,0,1,0.814
v15,conservative,long,mixed,10,5,2026,35,35,-0.196,-0.54,-3.952,-4.775,-0.196,-0.196,-0.196,-0.196,0.454,10,350,350,1.0,0,350,0,0,0,0,0,0,0,0,0,0,0.774
v15,conservative,long,mixed,10,20,ALL,173,173,-1.374,-3.74,-8.825,-9.563,-1.349,-1.342,-2.226,-1.342,0.393,10,1725,1710,0.9913,5,1710,0,0,0,0,15,0,0,0,0,1,0.785
v15,conservative,long,mixed,10,20,P1,91,91,-1.211,-2.53,-7.608,-8.008,-1.179,-1.178,-1.857,-1.211,0.399,10,910,904,0.9934,0,904,0,0,0,0,6,0,0,0,0,0,0.772
v15,conservative,long,mixed,10,20,P2,82,82,-1.554,-2.77,-9.309,-9.563,-1.538,-1.525,-2.636,-1.487,0.386,10.0,815,806,0.989,5,806,0,0,0,0,9,0,0,0,0,1,0.801
v15,conservative,long,mixed,10,20,2023,40,40,-1.36,-2.14,-7.819,-8.008,-1.341,-1.342,-1.85,-1.36,0.382,10.0,400,398,0.995,0,398,0,0,0,0,2,0,0,0,0,0,0.777
v15,conservative,long,mixed,10,20,2024,51,51,-1.095,-1.56,-7.141,-7.863,-1.051,-1.048,-1.862,-1.095,0.412,10,510,506,0.9922,0,506,0,0,0,0,4,0,0,0,0,0,0.766
v15,conservative,long,mixed,10,20,2025,50,50,-1.289,-1.92,-9.345,-9.563,-1.289,-1.273,-2.486,-1.178,0.395,10.0,495,489,0.9879,5,489,0,0,0,0,6,0,0,0,0,1,0.814
v15,conservative,long,mixed,10,20,2026,32,32,-1.969,-2.07,-9.256,-9.56,-1.927,-1.918,-2.872,-1.969,0.373,10.0,320,317,0.9906,0,317,0,0,0,0,3,0,0,0,0,0,0.781
v15,conservative,long,mixed,10,63,ALL,165,165,-3.293,-3.02,-19.198,-22.648,-3.251,-3.23,-5.564,-3.304,0.348,10,1645,1608,0.9775,5,1605,0,0,3,0,35,2,0,0,0,1,0.784
v15,conservative,long,mixed,10,63,P1,91,91,-3.043,-3.29,-14.183,-18.487,-3.047,-2.974,-4.377,-3.043,0.346,10,910,898,0.9868,0,896,0,0,2,0,12,0,0,0,0,0,0.772
v15,conservative,long,mixed,10,63,P2,74,74,-3.602,-1.68,-20.38,-22.648,-3.502,-3.544,-7.023,-3.626,0.35,10.0,735,710,0.966,5,709,0,0,1,0,23,2,0,0,0,1,0.8
v15,conservative,long,mixed,10,63,2023,40,40,-4.078,-3.84,-16.878,-18.487,-4.146,-3.984,-6.121,-4.078,0.301,10.0,400,392,0.98,0,390,0,0,2,0,8,0,0,0,0,0,0.777
v15,conservative,long,mixed,10,63,2024,51,51,-2.23,-1.72,-12.387,-12.465,-2.184,-2.182,-3.009,-2.23,0.382,10,510,506,0.9922,0,506,0,0,0,0,4,0,0,0,0,0,0.766
v15,conservative,long,mixed,10,63,2025,50,50,-2.373,-0.87,-19.206,-19.802,-2.311,-2.359,-5.635,-2.409,0.391,10.0,495,479,0.9677,5,479,0,0,0,0,16,0,0,0,0,1,0.814
v15,conservative,long,mixed,10,63,2026,24,24,-6.161,-2.46,-21.15,-22.648,-5.984,-6.012,-9.915,-6.161,0.263,10.0,240,231,0.9625,0,230,0,0,1,0,7,2,0,0,0,0,0.77
v15,conservative,long,mixed,20,5,ALL,176,176,-0.309,-2.46,-4.185,-8.012,-0.308,-0.308,-0.45,-0.301,0.445,20.0,3450,3445,0.9986,70,3445,0,0,0,0,4,1,0,0,0,13,0.771
v15,conservative,long,mixed,20,5,P1,91,91,-0.309,-1.99,-3.985,-4.454,-0.306,-0.307,-0.417,-0.307,0.45,20,1800,1798,0.9989,20,1798,0,0,0,0,2,0,0,0,0,6,0.759
v15,conservative,long,mixed,20,5,P2,85,85,-0.309,-1.55,-4.123,-8.012,-0.309,-0.308,-0.486,-0.294,0.44,20,1650,1647,0.9982,50,1647,0,0,0,0,2,1,0,0,0,7,0.784
v15,conservative,long,mixed,20,5,2023,40,40,-0.423,-2.15,-3.643,-3.718,-0.423,-0.423,-0.423,-0.425,0.44,20.0,783,783,1.0,17,783,0,0,0,0,0,0,0,0,0,5,0.754
v15,conservative,long,mixed,20,5,2024,51,51,-0.219,-0.95,-4.214,-4.454,-0.215,-0.215,-0.412,-0.215,0.457,20,1017,1015,0.998,3,1015,0,0,0,0,2,0,0,0,0,1,0.759
v15,conservative,long,mixed,20,5,2025,50,50,-0.369,-1.56,-4.417,-8.012,-0.371,-0.368,-0.571,-0.326,0.432,20.0,957,955,0.9979,43,955,0,0,0,0,2,0,0,0,0,6,0.791
v15,conservative,long,mixed,20,5,2026,35,35,-0.223,-0.64,-3.336,-3.411,-0.22,-0.223,-0.364,-0.247,0.45,20,693,692,0.9986,7,692,0,0,0,0,0,1,0,0,0,1,0.771
v15,conservative,long,mixed,20,20,ALL,173,173,-1.309,-3.55,-9.114,-10.016,-1.288,-1.284,-2.224,-1.292,0.398,20,3390,3358,0.9906,70,3358,0,0,0,0,31,1,0,0,0,13,0.772
v15,conservative,long,mixed,20,20,P1,91,91,-1.145,-2.49,-7.27,-7.513,-1.12,-1.117,-1.858,-1.179,0.393,20,1800,1787,0.9928,20,1787,0,0,0,0,13,0,0,0,0,6,0.759
v15,conservative,long,mixed,20,20,P2,82,82,-1.491,-2.56,-9.671,-10.016,-1.475,-1.47,-2.629,-1.419,0.403,20.0,1590,1571,0.9881,50,1571,0,0,0,0,18,1,0,0,0,7,0.785
v15,conservative,long,mixed,20,20,2023,40,40,-1.272,-2.23,-7.177,-7.229,-1.257,-1.258,-1.906,-1.35,0.378,20.0,783,778,0.9936,17,778,0,0,0,0,5,0,0,0,0,5,0.754
v15,conservative,long,mixed,20,20,2024,51,51,-1.046,-1.51,-7.333,-7.513,-1.013,-1.007,-1.82,-1.044,0.406,20,1017,1009,0.9921,3,1009,0,0,0,0,8,0,0,0,0,1,0.759
v15,conservative,long,mixed,20,20,2025,50,50,-1.297,-1.89,-9.53,-9.693,-1.308,-1.294,-2.588,-1.175,0.411,20.0,957,944,0.9864,43,944,0,0,0,0,13,0,0,0,0,6,0.791
v15,conservative,long,mixed,20,20,2026,32,32,-1.794,-1.8,-9.883,-10.016,-1.738,-1.744,-2.694,-1.799,0.39,20.0,633,627,0.9905,7,627,0,0,0,0,5,1,0,0,0,1,0.774
v15,conservative,long,mixed,20,63,ALL,165,165,-3.292,-3.25,-17.198,-18.838,-3.251,-3.218,-5.771,-3.382,0.356,20,3230,3150,0.9752,70,3146,0,0,4,0,77,3,0,0,0,13,0.771
v15,conservative,long,mixed,20,63,P1,91,91,-3.18,-3.69,-13.185,-16.772,-3.163,-3.103,-4.875,-3.231,0.349,20,1800,1770,0.9833,20,1767,0,0,3,0,30,0,0,0,0,6,0.759
v15,conservative,long,mixed,20,63,P2,74,74,-3.43,-1.74,-18.411,-18.838,-3.359,-3.358,-6.873,-3.568,0.364,20.0,1430,1380,0.965,50,1379,0,0,1,0,47,3,0,0,0,7,0.787
v15,conservative,long,mixed,20,63,2023,40,40,-4.088,-4.92,-14.461,-16.772,-4.104,-3.988,-6.557,-4.208,0.307,20.0,783,764,0.9757,17,761,0,0,3,0,19,0,0,0,0,5,0.754
v15,conservative,long,mixed,20,63,2024,51,51,-2.468,-1.88,-12.334,-13.836,-2.424,-2.409,-3.556,-2.465,0.381,20,1017,1006,0.9892,3,1006,0,0,0,0,11,0,0,0,0,1,0.759
v15,conservative,long,mixed,20,63,2025,50,50,-2.22,-0.89,-17.501,-18.801,-2.191,-2.19,-5.392,-2.407,0.402,20.0,957,926,0.9676,43,926,0,0,0,0,31,0,0,0,0,6,0.791
v15,conservative,long,mixed,20,63,2026,24,24,-5.952,-2.75,-18.66,-18.838,-5.794,-5.793,-9.958,-5.987,0.286,20.0,473,454,0.9598,7,453,0,0,1,0,16,3,0,0,0,1,0.774
v15,conservative,long,stock,10,5,ALL,176,176,-0.279,-1.94,-4.594,-8.307,-0.279,-0.277,-0.45,-0.259,0.457,10.0,1749,1746,0.9983,11,1746,0,0,0,0,3,0,0,0,0,3,0.785
v15,conservative,long,stock,10,5,P1,91,91,-0.324,-1.86,-4.117,-4.619,-0.319,-0.319,-0.43,-0.324,0.464,10,910,909,0.9989,0,909,0,0,0,0,1,0,0,0,0,0,0.766
v15,conservative,long,stock,10,5,P2,85,85,-0.231,-1.0,-4.799,-8.307,-0.236,-0.233,-0.471,-0.19,0.45,10,839,837,0.9976,11,837,0,0,0,0,2,0,0,0,0,3,0.806
v15,conservative,long,stock,10,5,2023,40,40,-0.448,-1.91,-3.92,-4.075,-0.448,-0.448,-0.448,-0.448,0.455,10.0,400,400,1.0,0,400,0,0,0,0,0,0,0,0,0,0,0.759
v15,conservative,long,stock,10,5,2024,51,51,-0.226,-0.9,-4.159,-4.619,-0.218,-0.217,-0.416,-0.226,0.471,10,510,509,0.998,0,509,0,0,0,0,1,0,0,0,0,0,0.768
v15,conservative,long,stock,10,5,2025,50,50,-0.21,-0.71,-5.328,-8.307,-0.218,-0.212,-0.618,-0.14,0.446,10.0,489,487,0.9959,11,487,0,0,0,0,2,0,0,0,0,3,0.82
v15,conservative,long,stock,10,5,2026,35,35,-0.262,-0.7,-4.004,-4.775,-0.262,-0.262,-0.262,-0.262,0.454,10,350,350,1.0,0,350,0,0,0,0,0,0,0,0,0,0,0.785
v15,conservative,long,stock,10,20,ALL,173,173,-1.262,-3.4,-9.047,-10.181,-1.24,-1.233,-2.117,-1.226,0.414,10,1719,1704,0.9913,11,1704,0,0,0,0,15,0,0,0,0,3,0.786
v15,conservative,long,stock,10,20,P1,91,91,-1.111,-2.32,-7.954,-8.931,-1.079,-1.078,-1.757,-1.111,0.424,10,910,904,0.9934,0,904,0,0,0,0,6,0,0,0,0,0,0.766
v15,conservative,long,stock,10,20,P2,82,82,-1.428,-2.5,-9.503,-10.181,-1.419,-1.406,-2.518,-1.353,0.403,10.0,809,800,0.9889,11,800,0,0,0,0,9,0,0,0,0,3,0.81
v15,conservative,long,stock,10,20,2023,40,40,-1.368,-2.19,-8.418,-8.931,-1.349,-1.35,-1.858,-1.368,0.397,10.0,400,398,0.995,0,398,0,0,0,0,2,0,0,0,0,0,0.759
v15,conservative,long,stock,10,20,2024,51,51,-0.91,-1.3,-7.141,-7.863,-0.866,-0.864,-1.677,-0.91,0.446,10,510,506,0.9922,0,506,0,0,0,0,4,0,0,0,0,0,0.768
v15,conservative,long,stock,10,20,2025,50,50,-1.111,-1.63,-9.667,-10.181,-1.124,-1.108,-2.321,-0.989,0.42,10.0,489,483,0.9877,11,483,0,0,0,0,6,0,0,0,0,3,0.82
v15,conservative,long,stock,10,20,2026,32,32,-1.923,-1.99,-9.256,-9.56,-1.88,-1.872,-2.825,-1.923,0.376,10.0,320,317,0.9906,0,317,0,0,0,0,3,0,0,0,0,0,0.794
v15,conservative,long,stock,10,63,ALL,165,165,-2.934,-2.72,-18.975,-22.648,-2.895,-2.872,-5.398,-2.995,0.369,10,1639,1599,0.9756,11,1595,0,0,4,0,38,2,0,0,0,3,0.785
v15,conservative,long,stock,10,63,P1,91,91,-2.698,-2.96,-14.183,-18.487,-2.692,-2.616,-4.367,-2.698,0.369,10,910,895,0.9835,0,892,0,0,3,0,15,0,0,0,0,0,0.766
v15,conservative,long,stock,10,63,P2,74,74,-3.225,-1.52,-20.676,-22.648,-3.144,-3.186,-6.665,-3.361,0.368,10.0,729,704,0.9657,11,703,0,0,1,0,23,2,0,0,0,3,0.81
v15,conservative,long,stock,10,63,2023,40,40,-3.8,-3.72,-16.878,-18.487,-3.825,-3.673,-6.341,-3.8,0.317,10.0,400,390,0.975,0,387,0,0,3,0,10,0,0,0,0,0,0.759
v15,conservative,long,stock,10,63,2024,51,51,-1.834,-1.44,-12.387,-12.465,-1.803,-1.786,-2.818,-1.834,0.41,10,510,505,0.9902,0,505,0,0,0,0,5,0,0,0,0,0,0.768
v15,conservative,long,stock,10,63,2025,50,50,-1.884,-0.72,-19.495,-20.6,-1.848,-1.896,-5.171,-2.085,0.409,10.0,489,473,0.9673,11,473,0,0,0,0,16,0,0,0,0,3,0.82
v15,conservative,long,stock,10,63,2026,24,24,-6.018,-2.37,-21.15,-22.648,-5.846,-5.874,-9.777,-6.018,0.281,10.0,240,231,0.9625,0,230,0,0,1,0,7,2,0,0,0,0,0.787
v15,conservative,long,stock,20,5,ALL,176,176,-0.28,-2.19,-4.278,-8.506,-0.278,-0.279,-0.45,-0.255,0.456,20.0,3419,3413,0.9982,101,3413,0,0,0,0,5,1,0,0,0,18,0.773
v15,conservative,long,stock,20,5,P1,91,91,-0.288,-1.84,-4.053,-4.349,-0.283,-0.286,-0.451,-0.287,0.458,20,1782,1779,0.9983,38,1779,0,0,0,0,3,0,0,0,0,11,0.764
v15,conservative,long,stock,20,5,P2,85,85,-0.271,-1.32,-4.243,-8.506,-0.272,-0.271,-0.448,-0.22,0.453,20,1637,1634,0.9982,63,1634,0,0,0,0,2,1,0,0,0,7,0.783
v15,conservative,long,stock,20,5,2023,40,40,-0.448,-2.16,-3.912,-4.106,-0.442,-0.446,-0.573,-0.455,0.445,20.0,767,766,0.9987,33,766,0,0,0,0,1,0,0,0,0,9,0.764
v15,conservative,long,stock,20,5,2024,51,51,-0.163,-0.72,-4.147,-4.349,-0.159,-0.16,-0.356,-0.154,0.469,20,1015,1013,0.998,5,1013,0,0,0,0,2,0,0,0,0,2,0.761
v15,conservative,long,stock,20,5,2025,50,50,-0.307,-1.25,-4.581,-8.506,-0.311,-0.308,-0.511,-0.205,0.449,20.0,944,942,0.9979,56,942,0,0,0,0,2,0,0,0,0,6,0.79
v15,conservative,long,stock,20,5,2026,35,35,-0.219,-0.62,-3.336,-3.411,-0.215,-0.218,-0.359,-0.242,0.458,20,693,692,0.9986,7,692,0,0,0,0,0,1,0,0,0,1,0.771
v15,conservative,long,stock,20,20,ALL,173,173,-1.28,-3.44,-9.383,-10.599,-1.259,-1.253,-2.283,-1.258,0.417,20,3359,3324,0.9896,101,3324,0,0,0,0,34,1,0,0,0,18,0.774
v15,conservative,long,stock,20,20,P1,91,91,-1.079,-2.32,-7.42,-7.551,-1.051,-1.05,-1.847,-1.126,0.421,20,1782,1768,0.9921,38,1768,0,0,0,0,14,0,0,0,0,11,0.764
v15,conservative,long,stock,20,20,P2,82,82,-1.504,-2.56,-10.125,-10.599,-1.491,-1.479,-2.768,-1.404,0.412,20.0,1577,1556,0.9867,63,1556,0,0,0,0,20,1,0,0,0,7,0.785
v15,conservative,long,stock,20,20,2023,40,40,-1.279,-2.21,-7.55,-7.551,-1.257,-1.263,-2.039,-1.388,0.4,20.0,767,761,0.9922,33,761,0,0,0,0,6,0,0,0,0,9,0.764
v15,conservative,long,stock,20,20,2024,51,51,-0.922,-1.33,-7.333,-7.513,-0.889,-0.883,-1.697,-0.919,0.437,20,1015,1007,0.9921,5,1007,0,0,0,0,8,0,0,0,0,2,0.761
v15,conservative,long,stock,20,20,2025,50,50,-1.319,-1.93,-10.092,-10.471,-1.332,-1.32,-2.714,-1.151,0.423,20.0,944,930,0.9852,56,930,0,0,0,0,14,0,0,0,0,6,0.79
v15,conservative,long,stock,20,20,2026,32,32,-1.794,-1.76,-10.174,-10.599,-1.74,-1.728,-2.852,-1.8,0.395,20.0,633,626,0.9889,7,626,0,0,0,0,6,1,0,0,0,1,0.774
v15,conservative,long,stock,20,63,ALL,165,165,-2.989,-3.04,-17.3,-19.864,-2.965,-2.922,-5.637,-3.131,0.374,20,3199,3114,0.9734,101,3110,0,0,4,0,82,3,0,0,0,18,0.774
v15,conservative,long,stock,20,63,P1,91,91,-2.787,-3.36,-13.256,-16.772,-2.776,-2.716,-4.605,-2.847,0.372,20,1782,1750,0.982,38,1747,0,0,3,0,32,0,0,0,0,11,0.764
v15,conservative,long,stock,20,63,P2,74,74,-3.237,-1.68,-18.134,-19.864,-3.197,-3.175,-6.906,-3.479,0.376,20.0,1417,1364,0.9626,63,1363,0,0,1,0,50,3,0,0,0,7,0.787
v15,conservative,long,stock,20,63,2023,40,40,-3.447,-4.68,-14.638,-16.772,-3.466,-3.355,-6.062,-3.588,0.335,20.0,767,747,0.9739,33,744,0,0,3,0,20,0,0,0,0,9,0.764
v15,conservative,long,stock,20,63,2024,51,51,-2.27,-1.73,-12.334,-13.836,-2.235,-2.215,-3.463,-2.266,0.401,20,1015,1003,0.9882,5,1003,0,0,0,0,12,0,0,0,0,2,0.761
v15,conservative,long,stock,20,63,2025,50,50,-1.982,-0.83,-17.025,-17.144,-2.005,-1.984,-5.39,-2.324,0.413,20.0,944,911,0.965,56,911,0,0,0,0,33,0,0,0,0,6,0.79
v15,conservative,long,stock,20,63,2026,24,24,-5.852,-2.68,-19.174,-19.864,-5.681,-5.655,-10.064,-5.887,0.297,20.0,473,453,0.9577,7,452,0,0,1,0,17,3,0,0,0,1,0.776
v15,conservative,mid,mixed,10,5,ALL,176,176,-0.291,-2.09,-4.306,-6.517,-0.289,-0.287,-0.46,-0.263,0.45,10.0,1752,1749,0.9983,8,1749,0,0,0,0,3,0,0,0,0,2,0.791
v15,conservative,mid,mixed,10,5,P1,91,91,-0.308,-1.84,-3.956,-4.495,-0.304,-0.303,-0.415,-0.308,0.455,10,910,909,0.9989,0,909,0,0,0,0,1,0,0,0,0,0,0.779
v15,conservative,mid,mixed,10,5,P2,85,85,-0.273,-1.21,-4.448,-6.517,-0.273,-0.27,-0.508,-0.215,0.445,10,842,840,0.9976,8,840,0,0,0,0,2,0,0,0,0,2,0.806
v15,conservative,mid,mixed,10,5,2023,40,40,-0.469,-2.13,-3.872,-4.075,-0.469,-0.469,-0.469,-0.469,0.443,10.0,400,400,1.0,0,400,0,0,0,0,0,0,0,0,0,0,0.777
v15,conservative,mid,mixed,10,5,2024,51,51,-0.182,-0.75,-3.977,-4.495,-0.175,-0.173,-0.372,-0.182,0.465,10,510,509,0.998,0,509,0,0,0,0,1,0,0,0,0,0,0.778
v15,conservative,mid,mixed,10,5,2025,50,50,-0.319,-1.13,-4.732,-6.517,-0.319,-0.313,-0.718,-0.22,0.438,10.0,492,490,0.9959,8,490,0,0,0,0,2,0,0,0,0,2,0.824
v15,conservative,mid,mixed,10,5,2026,35,35,-0.208,-0.56,-4.024,-4.775,-0.208,-0.208,-0.208,-0.208,0.454,10,350,350,1.0,0,350,0,0,0,0,0,0,0,0,0,0,0.779
v15,conservative,mid,mixed,10,20,ALL,173,173,-1.352,-3.63,-8.737,-9.563,-1.324,-1.315,-2.262,-1.294,0.392,10,1722,1706,0.9907,8,1706,0,0,0,0,16,0,0,0,0,2,0.793
v15,conservative,mid,mixed,10,20,P1,91,91,-1.249,-2.55,-7.776,-8.54,-1.211,-1.206,-2.004,-1.249,0.395,10,910,903,0.9923,0,903,0,0,0,0,7,0,0,0,0,0,0.779
v15,conservative,mid,mixed,10,20,P2,82,82,-1.466,-2.59,-9.22,-9.563,-1.449,-1.437,-2.548,-1.344,0.389,10.0,812,803,0.9889,8,803,0,0,0,0,9,0,0,0,0,2,0.81
v15,conservative,mid,mixed,10,20,2023,40,40,-1.479,-2.35,-7.912,-8.008,-1.449,-1.442,-2.218,-1.479,0.369,10.0,400,397,0.9925,0,397,0,0,0,0,3,0,0,0,0,0,0.777
v15,conservative,mid,mixed,10,20,2024,51,51,-1.068,-1.47,-7.508,-8.54,-1.025,-1.022,-1.836,-1.068,0.414,10,510,506,0.9922,0,506,0,0,0,0,4,0,0,0,0,0,0.778
v15,conservative,mid,mixed,10,20,2025,50,50,-1.247,-1.85,-9.143,-9.563,-1.247,-1.231,-2.444,-1.047,0.396,10.0,492,486,0.9878,8,486,0,0,0,0,6,0,0,0,0,2,0.824
v15,conservative,mid,mixed,10,20,2026,32,32,-1.809,-1.86,-9.336,-9.56,-1.766,-1.757,-2.711,-1.809,0.379,10.0,320,317,0.9906,0,317,0,0,0,0,3,0,0,0,0,0,0.787
v15,conservative,mid,mixed,10,63,ALL,165,165,-3.283,-2.94,-19.24,-22.648,-3.238,-3.211,-5.5,-3.284,0.346,10,1642,1606,0.9781,8,1603,0,0,3,0,34,2,0,0,0,2,0.791
v15,conservative,mid,mixed,10,63,P1,91,91,-3.164,-3.29,-14.184,-18.487,-3.147,-3.076,-4.495,-3.164,0.339,10,910,898,0.9868,0,896,0,0,2,0,12,0,0,0,0,0,0.779
v15,conservative,mid,mixed,10,63,P2,74,74,-3.43,-1.58,-20.38,-22.648,-3.35,-3.376,-6.736,-3.432,0.356,10.0,732,708,0.9672,8,707,0,0,1,0,22,2,0,0,0,2,0.808
v15,conservative,mid,mixed,10,63,2023,40,40,-4.463,-4.29,-16.585,-18.487,-4.487,-4.328,-6.502,-4.463,0.282,10.0,400,392,0.98,0,390,0,0,2,0,8,0,0,0,0,0,0.777
v15,conservative,mid,mixed,10,63,2024,51,51,-2.145,-1.61,-12.477,-13.092,-2.096,-2.094,-2.921,-2.145,0.384,10,510,506,0.9922,0,506,0,0,0,0,4,0,0,0,0,0,0.778
v15,conservative,mid,mixed,10,63,2025,50,50,-2.195,-0.79,-19.206,-19.802,-2.155,-2.179,-5.278,-2.199,0.396,10.0,492,477,0.9695,8,477,0,0,0,0,15,0,0,0,0,2,0.824
v15,conservative,mid,mixed,10,63,2026,24,24,-6.001,-2.4,-21.15,-22.648,-5.841,-5.869,-9.772,-6.001,0.272,10.0,240,231,0.9625,0,230,0,0,1,0,7,2,0,0,0,0,0.774
v15,conservative,mid,mixed,20,5,ALL,176,176,-0.311,-2.47,-4.218,-8.012,-0.31,-0.31,-0.453,-0.284,0.445,20.0,3383,3378,0.9985,137,3378,0,0,0,0,4,1,0,0,0,26,0.768
v15,conservative,mid,mixed,20,5,P1,91,91,-0.331,-2.2,-3.87,-4.473,-0.329,-0.329,-0.439,-0.333,0.443,20,1753,1751,0.9989,67,1751,0,0,0,0,2,0,0,0,0,16,0.753
v15,conservative,mid,mixed,20,5,P2,85,85,-0.29,-1.41,-4.333,-8.012,-0.29,-0.289,-0.467,-0.23,0.447,20,1630,1627,0.9982,70,1627,0,0,0,0,2,1,0,0,0,10,0.784
v15,conservative,mid,mixed,20,5,2023,40,40,-0.421,-2.23,-3.544,-3.567,-0.421,-0.421,-0.421,-0.433,0.434,20.0,747,747,1.0,53,747,0,0,0,0,0,0,0,0,0,12,0.742
v15,conservative,mid,mixed,20,5,2024,51,51,-0.26,-1.17,-4.088,-4.473,-0.256,-0.257,-0.453,-0.255,0.45,20,1006,1004,0.998,14,1004,0,0,0,0,2,0,0,0,0,4,0.758
v15,conservative,mid,mixed,20,5,2025,50,50,-0.358,-1.47,-4.434,-8.012,-0.36,-0.357,-0.559,-0.248,0.443,20.0,941,939,0.9979,59,939,0,0,0,0,2,0,0,0,0,8,0.786
v15,conservative,mid,mixed,20,5,2026,35,35,-0.194,-0.54,-3.689,-3.756,-0.191,-0.193,-0.335,-0.206,0.453,20,689,688,0.9985,11,688,0,0,0,0,0,1,0,0,0,2,0.779
v15,conservative,mid,mixed,20,20,ALL,173,173,-1.309,-3.57,-8.993,-10.033,-1.297,-1.286,-2.113,-1.287,0.394,20,3323,3295,0.9916,137,3295,0,0,0,0,27,1,0,0,0,26,0.769
v15,conservative,mid,mixed,20,20,P1,91,91,-1.156,-2.58,-7.101,-7.501,-1.136,-1.136,-1.705,-1.217,0.387,20,1753,1743,0.9943,67,1743,0,0,0,0,10,0,0,0,0,16,0.753
v15,conservative,mid,mixed,20,20,P2,82,82,-1.479,-2.51,-9.538,-10.033,-1.475,-1.453,-2.567,-1.365,0.402,20.0,1570,1552,0.9885,70,1552,0,0,0,0,17,1,0,0,0,10,0.786
v15,conservative,mid,mixed,20,20,2023,40,40,-1.265,-2.33,-6.944,-7.342,-1.253,-1.255,-1.771,-1.39,0.37,20.0,747,743,0.9946,53,743,0,0,0,0,4,0,0,0,0,12,0.742
v15,conservative,mid,mixed,20,20,2024,51,51,-1.07,-1.58,-7.206,-7.501,-1.045,-1.042,-1.652,-1.08,0.401,20,1006,1000,0.994,14,1000,0,0,0,0,6,0,0,0,0,4,0.758
v15,conservative,mid,mixed,20,20,2025,50,50,-1.287,-1.87,-9.468,-9.645,-1.306,-1.284,-2.484,-1.074,0.41,20.0,941,929,0.9872,59,929,0,0,0,0,12,0,0,0,0,8,0.786
v15,conservative,mid,mixed,20,20,2026,32,32,-1.779,-1.74,-9.643,-10.033,-1.739,-1.718,-2.696,-1.82,0.389,20.0,629,623,0.9905,11,623,0,0,0,0,5,1,0,0,0,2,0.784
v15,conservative,mid,mixed,20,63,ALL,165,165,-3.217,-3.14,-16.737,-19.07,-3.193,-3.148,-5.513,-3.33,0.352,20,3163,3089,0.9766,137,3085,0,0,4,0,70,4,0,0,0,26,0.768
v15,conservative,mid,mixed,20,63,P1,91,91,-3.122,-3.61,-12.961,-15.733,-3.108,-3.052,-4.524,-3.218,0.344,20,1753,1728,0.9857,67,1725,0,0,3,0,25,0,0,0,0,16,0.753
v15,conservative,mid,mixed,20,63,P2,74,74,-3.335,-1.67,-18.201,-19.07,-3.297,-3.265,-6.728,-3.468,0.362,20.0,1410,1361,0.9652,70,1360,0,0,1,0,45,4,0,0,0,10,0.787
v15,conservative,mid,mixed,20,63,2023,40,40,-3.893,-4.22,-13.777,-15.733,-3.915,-3.802,-5.956,-4.076,0.304,20.0,747,731,0.9786,53,728,0,0,3,0,16,0,0,0,0,12,0.742
v15,conservative,mid,mixed,20,63,2024,51,51,-2.517,-1.92,-12.417,-13.5,-2.475,-2.464,-3.401,-2.545,0.376,20,1006,997,0.9911,14,997,0,0,0,0,9,0,0,0,0,4,0.758
v15,conservative,mid,mixed,20,63,2025,50,50,-2.117,-0.84,-16.949,-18.801,-2.122,-2.1,-5.113,-2.249,0.402,20.0,941,912,0.9692,59,912,0,0,0,0,29,0,0,0,0,8,0.786
v15,conservative,mid,mixed,20,63,2026,24,24,-5.874,-2.73,-18.314,-19.07,-5.743,-5.692,-10.093,-6.006,0.279,20.0,469,449,0.9574,11,448,0,0,1,0,16,4,0,0,0,2,0.785
v15,conservative,mid,stock,10,5,ALL,176,176,-0.295,-2.04,-4.613,-8.307,-0.295,-0.293,-0.466,-0.256,0.457,10.0,1744,1741,0.9983,16,1741,0,0,0,0,3,0,0,0,0,4,0.787
v15,conservative,mid,stock,10,5,P1,91,91,-0.354,-2.02,-4.152,-4.619,-0.35,-0.349,-0.46,-0.352,0.46,10,908,907,0.9989,2,907,0,0,0,0,1,0,0,0,0,1,0.769
v15,conservative,mid,stock,10,5,P2,85,85,-0.231,-0.99,-4.806,-8.307,-0.236,-0.233,-0.472,-0.153,0.453,10,836,834,0.9976,14,834,0,0,0,0,2,0,0,0,0,3,0.808
v15,conservative,mid,stock,10,5,2023,40,40,-0.49,-2.03,-3.988,-4.075,-0.49,-0.49,-0.49,-0.486,0.45,10.0,398,398,1.0,2,398,0,0,0,0,0,0,0,0,0,1,0.759
v15,conservative,mid,stock,10,5,2024,51,51,-0.247,-1.0,-4.173,-4.619,-0.24,-0.238,-0.438,-0.247,0.469,10,510,509,0.998,0,509,0,0,0,0,1,0,0,0,0,0,0.776
v15,conservative,mid,stock,10,5,2025,50,50,-0.242,-0.82,-5.328,-8.307,-0.25,-0.245,-0.65,-0.108,0.452,10.0,486,484,0.9959,14,484,0,0,0,0,2,0,0,0,0,3,0.822
v15,conservative,mid,stock,10,5,2026,35,35,-0.216,-0.57,-4.024,-4.775,-0.216,-0.216,-0.216,-0.216,0.454,10,350,350,1.0,0,350,0,0,0,0,0,0,0,0,0,0,0.788
v15,conservative,mid,stock,10,20,ALL,173,173,-1.259,-3.35,-9.177,-10.181,-1.235,-1.226,-2.173,-1.191,0.415,10,1714,1698,0.9907,16,1698,0,0,0,0,16,0,0,0,0,4,0.789
v15,conservative,mid,stock,10,20,P1,91,91,-1.184,-2.37,-8.477,-9.344,-1.146,-1.142,-1.939,-1.172,0.422,10,908,901,0.9923,2,901,0,0,0,0,7,0,0,0,0,1,0.769
v15,conservative,mid,stock,10,20,P2,82,82,-1.343,-2.37,-9.388,-10.181,-1.333,-1.32,-2.432,-1.213,0.407,10.0,806,797,0.9888,14,797,0,0,0,0,9,0,0,0,0,3,0.812
v15,conservative,mid,stock,10,20,2023,40,40,-1.521,-2.28,-9.138,-9.344,-1.491,-1.484,-2.26,-1.495,0.383,10.0,398,395,0.9925,2,395,0,0,0,0,3,0,0,0,0,1,0.759
v15,conservative,mid,stock,10,20,2024,51,51,-0.92,-1.28,-7.508,-8.54,-0.876,-0.873,-1.687,-0.92,0.452,10,510,506,0.9922,0,506,0,0,0,0,4,0,0,0,0,0,0.776
v15,conservative,mid,stock,10,20,2025,50,50,-1.098,-1.65,-9.477,-10.181,-1.11,-1.094,-2.307,-0.885,0.417,10.0,486,480,0.9877,14,480,0,0,0,0,6,0,0,0,0,3,0.822
v15,conservative,mid,stock,10,20,2026,32,32,-1.725,-1.75,-9.256,-9.56,-1.682,-1.674,-2.627,-1.725,0.392,10.0,320,317,0.9906,0,317,0,0,0,0,3,0,0,0,0,0,0.797
v15,conservative,mid,stock,10,63,ALL,165,165,-2.967,-2.76,-18.923,-22.648,-2.923,-2.896,-5.314,-3.013,0.371,10,1634,1596,0.9767,16,1593,0,0,3,0,36,2,0,0,0,4,0.788
v15,conservative,mid,stock,10,63,P1,91,91,-2.804,-3.02,-14.402,-18.487,-2.771,-2.702,-4.354,-2.796,0.369,10,908,894,0.9846,2,892,0,0,2,0,14,0,0,0,0,1,0.769
v15,conservative,mid,stock,10,63,P2,74,74,-3.168,-1.51,-20.676,-22.648,-3.109,-3.135,-6.495,-3.28,0.373,10.0,726,702,0.9669,14,701,0,0,1,0,22,2,0,0,0,3,0.812
v15,conservative,mid,stock,10,63,2023,40,40,-4.006,-4.08,-16.585,-18.487,-3.993,-3.839,-6.543,-3.988,0.313,10.0,398,388,0.9749,2,386,0,0,2,0,10,0,0,0,0,1,0.759
v15,conservative,mid,stock,10,63,2024,51,51,-1.861,-1.43,-12.477,-13.092,-1.813,-1.811,-2.638,-1.861,0.413,10,510,506,0.9922,0,506,0,0,0,0,4,0,0,0,0,0,0.776
v15,conservative,mid,stock,10,63,2025,50,50,-1.814,-0.69,-19.495,-20.6,-1.802,-1.827,-4.926,-1.98,0.416,10.0,486,471,0.9691,14,471,0,0,0,0,15,0,0,0,0,3,0.822
v15,conservative,mid,stock,10,63,2026,24,24,-5.988,-2.39,-21.15,-22.648,-5.832,-5.86,-9.763,-5.988,0.285,10.0,240,231,0.9625,0,230,0,0,1,0,7,2,0,0,0,0,0.791
v15,conservative,mid,stock,20,5,ALL,176,176,-0.292,-2.27,-4.337,-8.506,-0.291,-0.291,-0.433,-0.243,0.457,20.0,3327,3322,0.9985,193,3322,0,0,0,0,4,1,0,0,0,35,0.775
v15,conservative,mid,stock,20,5,P1,91,91,-0.31,-2.03,-3.988,-4.523,-0.307,-0.308,-0.418,-0.306,0.458,20,1713,1711,0.9988,107,1711,0,0,0,0,2,0,0,0,0,22,0.764
v15,conservative,mid,stock,20,5,P2,85,85,-0.272,-1.3,-4.43,-8.506,-0.273,-0.272,-0.45,-0.176,0.455,20,1614,1611,0.9981,86,1611,0,0,0,0,2,1,0,0,0,13,0.786
v15,conservative,mid,stock,20,5,2023,40,40,-0.456,-2.33,-3.813,-4.106,-0.456,-0.456,-0.456,-0.479,0.445,20.0,713,713,1.0,87,713,0,0,0,0,0,0,0,0,0,17,0.764
v15,conservative,mid,stock,20,5,2024,51,51,-0.195,-0.87,-4.105,-4.523,-0.191,-0.191,-0.388,-0.17,0.469,20,1000,998,0.998,20,998,0,0,0,0,2,0,0,0,0,5,0.763
v15,conservative,mid,stock,20,5,2025,50,50,-0.323,-1.29,-4.598,-8.506,-0.326,-0.324,-0.526,-0.151,0.455,20.0,925,923,0.9978,75,923,0,0,0,0,2,0,0,0,0,11,0.789
v15,conservative,mid,stock,20,5,2026,35,35,-0.2,-0.55,-3.689,-3.756,-0.197,-0.2,-0.341,-0.212,0.455,20,689,688,0.9985,11,688,0,0,0,0,0,1,0,0,0,2,0.779
v15,conservative,mid,stock,20,20,ALL,173,173,-1.227,-3.31,-9.257,-10.443,-1.215,-1.205,-2.089,-1.186,0.417,20,3267,3237,0.9908,193,3237,0,0,0,0,29,1,0,0,0,35,0.775
v15,conservative,mid,stock,20,20,P1,91,91,-0.991,-2.21,-7.425,-7.954,-0.973,-0.969,-1.595,-1.042,0.423,20,1713,1702,0.9936,107,1702,0,0,0,0,11,0,0,0,0,22,0.764
v15,conservative,mid,stock,20,20,P2,82,82,-1.489,-2.49,-9.891,-10.443,-1.483,-1.466,-2.637,-1.346,0.411,20.0,1554,1535,0.9878,86,1535,0,0,0,0,18,1,0,0,0,13,0.788
v15,conservative,mid,stock,20,20,2023,40,40,-1.221,-2.24,-7.753,-7.954,-1.209,-1.211,-1.728,-1.328,0.4,20.0,713,709,0.9944,87,709,0,0,0,0,4,0,0,0,0,17,0.764
v15,conservative,mid,stock,20,20,2024,51,51,-0.811,-1.2,-7.206,-7.501,-0.788,-0.779,-1.491,-0.817,0.442,20,1000,993,0.993,20,993,0,0,0,0,7,0,0,0,0,5,0.763
v15,conservative,mid,stock,20,20,2025,50,50,-1.325,-1.93,-10.025,-10.443,-1.34,-1.326,-2.62,-1.064,0.422,20.0,925,912,0.9859,75,912,0,0,0,0,13,0,0,0,0,11,0.789
v15,conservative,mid,stock,20,20,2026,32,32,-1.747,-1.67,-9.69,-10.127,-1.706,-1.685,-2.663,-1.787,0.394,20.0,629,623,0.9905,11,623,0,0,0,0,5,1,0,0,0,2,0.784
v15,conservative,mid,stock,20,63,ALL,165,165,-2.93,-2.96,-16.902,-19.019,-2.922,-2.867,-5.361,-3.086,0.372,20,3107,3029,0.9749,193,3025,0,0,4,0,74,4,0,0,0,35,0.775
v15,conservative,mid,stock,20,63,P1,91,91,-2.686,-3.32,-12.834,-15.733,-2.682,-2.622,-4.154,-2.779,0.372,20,1713,1687,0.9848,107,1684,0,0,3,0,26,0,0,0,0,22,0.764
v15,conservative,mid,stock,20,63,P2,74,74,-3.23,-1.66,-17.783,-19.019,-3.218,-3.168,-6.845,-3.463,0.372,20.0,1394,1342,0.9627,86,1341,0,0,1,0,48,4,0,0,0,13,0.789
v15,conservative,mid,stock,20,63,2023,40,40,-3.375,-5.09,-14.106,-15.733,-3.409,-3.296,-5.45,-3.552,0.334,20.0,713,697,0.9776,87,694,0,0,3,0,16,0,0,0,0,17,0.764
v15,conservative,mid,stock,20,63,2024,51,51,-2.145,-1.66,-11.985,-13.5,-2.111,-2.093,-3.137,-2.173,0.403,20,1000,990,0.99,20,990,0,0,0,0,10,0,0,0,0,5,0.763
v15,conservative,mid,stock,20,63,2025,50,50,-2.023,-0.83,-17.022,-17.179,-2.07,-2.034,-5.246,-2.304,0.409,20.0,925,894,0.9665,75,894,0,0,0,0,31,0,0,0,0,11,0.789
v15,conservative,mid,stock,20,63,2026,24,24,-5.746,-2.61,-18.289,-19.019,-5.612,-5.531,-10.175,-5.878,0.295,20.0,469,448,0.9552,11,447,0,0,1,0,17,4,0,0,0,2,0.787
v15,conservative,short,mixed,10,5,ALL,176,176,-0.341,-2.44,-4.331,-6.706,-0.339,-0.337,-0.51,-0.333,0.44,10.0,1735,1732,0.9983,25,1732,0,0,0,0,3,0,0,0,0,6,0.79
v15,conservative,short,mixed,10,5,P1,91,91,-0.345,-2.1,-3.847,-4.495,-0.341,-0.34,-0.452,-0.342,0.446,10,907,906,0.9989,3,906,0,0,0,0,1,0,0,0,0,1,0.776
v15,conservative,short,mixed,10,5,P2,85,85,-0.337,-1.46,-4.63,-6.706,-0.337,-0.334,-0.572,-0.323,0.433,10,828,826,0.9976,22,826,0,0,0,0,2,0,0,0,0,5,0.806
v15,conservative,short,mixed,10,5,2023,40,40,-0.433,-2.0,-3.652,-3.855,-0.433,-0.433,-0.433,-0.427,0.454,10.0,397,397,1.0,3,397,0,0,0,0,0,0,0,0,0,1,0.769
v15,conservative,short,mixed,10,5,2024,51,51,-0.276,-1.16,-3.977,-4.495,-0.268,-0.267,-0.466,-0.276,0.439,10,510,509,0.998,0,509,0,0,0,0,1,0,0,0,0,0,0.778
v15,conservative,short,mixed,10,5,2025,50,50,-0.45,-1.66,-4.626,-6.706,-0.45,-0.444,-0.85,-0.416,0.422,10.0,483,481,0.9959,17,481,0,0,0,0,2,0,0,0,0,4,0.82
v15,conservative,short,mixed,10,5,2026,35,35,-0.176,-0.44,-4.637,-4.997,-0.176,-0.176,-0.176,-0.189,0.449,10,345,345,1.0,5,345,0,0,0,0,0,0,0,0,0,1,0.785
v15,conservative,short,mixed,10,20,ALL,173,173,-1.378,-3.7,-8.91,-9.935,-1.358,-1.348,-2.239,-1.354,0.394,10,1705,1690,0.9912,25,1690,0,0,0,0,15,0,0,0,0,6,0.791
v15,conservative,short,mixed,10,20,P1,91,91,-1.143,-2.39,-7.577,-8.54,-1.106,-1.101,-1.899,-1.144,0.399,10,907,900,0.9923,3,900,0,0,0,0,7,0,0,0,0,1,0.776
v15,conservative,short,mixed,10,20,P2,82,82,-1.638,-2.85,-9.452,-9.935,-1.639,-1.621,-2.617,-1.586,0.388,10.0,798,790,0.99,22,790,0,0,0,0,8,0,0,0,0,5,0.809
v15,conservative,short,mixed,10,20,2023,40,40,-1.304,-1.98,-7.912,-8.008,-1.274,-1.267,-2.043,-1.307,0.38,10.0,397,394,0.9924,3,394,0,0,0,0,3,0,0,0,0,1,0.769
v15,conservative,short,mixed,10,20,2024,51,51,-1.017,-1.48,-7.354,-8.54,-0.974,-0.972,-1.785,-1.017,0.415,10,510,506,0.9922,0,506,0,0,0,0,4,0,0,0,0,0,0.778
v15,conservative,short,mixed,10,20,2025,50,50,-1.29,-1.82,-9.544,-9.935,-1.293,-1.282,-2.496,-1.185,0.405,10.0,483,477,0.9876,17,477,0,0,0,0,6,0,0,0,0,4,0.82
v15,conservative,short,mixed,10,20,2026,32,32,-2.181,-2.34,-9.314,-9.56,-2.179,-2.151,-2.804,-2.212,0.363,10.0,315,313,0.9937,5,313,0,0,0,0,2,0,0,0,0,1,0.79
v15,conservative,short,mixed,10,63,ALL,165,165,-3.3,-2.94,-18.912,-22.252,-3.276,-3.258,-5.216,-3.271,0.354,10,1625,1594,0.9809,25,1591,0,0,3,0,29,2,0,0,0,6,0.789
v15,conservative,short,mixed,10,63,P1,91,91,-3.168,-3.3,-13.529,-14.684,-3.151,-3.103,-4.391,-3.17,0.342,10,907,896,0.9879,3,894,0,0,2,0,11,0,0,0,0,1,0.776
v15,conservative,short,mixed,10,63,P2,74,74,-3.463,-1.59,-20.582,-22.252,-3.43,-3.448,-6.23,-3.395,0.369,10.0,718,698,0.9721,22,697,0,0,1,0,18,2,0,0,0,5,0.807
v15,conservative,short,mixed,10,63,2023,40,40,-4.273,-4.29,-13.962,-14.684,-4.302,-4.195,-6.072,-4.276,0.288,10.0,397,390,0.9824,3,388,0,0,2,0,7,0,0,0,0,1,0.769
v15,conservative,short,mixed,10,63,2024,51,51,-2.302,-1.63,-13.241,-14.187,-2.249,-2.246,-3.073,-2.302,0.384,10,510,506,0.9922,0,506,0,0,0,0,4,0,0,0,0,0,0.778
v15,conservative,short,mixed,10,63,2025,50,50,-2.13,-0.76,-19.874,-22.252,-2.101,-2.127,-4.59,-2.018,0.42,10.0,483,471,0.9752,17,471,0,0,0,0,12,0,0,0,0,4,0.82
v15,conservative,short,mixed,10,63,2026,24,24,-6.24,-2.55,-20.336,-21.019,-6.198,-6.201,-9.649,-6.262,0.264,10.0,235,227,0.966,5,226,0,0,1,0,6,2,0,0,0,1,0.778
v15,conservative,short,mixed,20,5,ALL,176,176,-0.321,-2.61,-4.162,-7.955,-0.32,-0.319,-0.434,-0.301,0.444,20.0,3258,3254,0.9988,262,3254,0,0,0,0,3,1,0,0,0,46,0.78
v15,conservative,short,mixed,20,5,P1,91,91,-0.355,-2.42,-3.705,-4.54,-0.353,-0.353,-0.408,-0.346,0.44,20,1692,1691,0.9994,128,1691,0,0,0,0,1,0,0,0,0,24,0.765
v15,conservative,short,mixed,20,5,P2,85,85,-0.285,-1.42,-4.352,-7.955,-0.284,-0.284,-0.461,-0.253,0.447,20,1566,1563,0.9981,134,1563,0,0,0,0,2,1,0,0,0,22,0.796
v15,conservative,short,mixed,20,5,2023,40,40,-0.422,-2.32,-3.37,-3.567,-0.422,-0.422,-0.422,-0.428,0.437,20.0,703,703,1.0,97,703,0,0,0,0,0,0,0,0,0,17,0.759
v15,conservative,short,mixed,20,5,2024,51,51,-0.302,-1.38,-3.928,-4.54,-0.299,-0.298,-0.398,-0.282,0.443,20,989,988,0.999,31,988,0,0,0,0,1,0,0,0,0,7,0.767
v15,conservative,short,mixed,20,5,2025,50,50,-0.342,-1.38,-4.601,-7.955,-0.344,-0.341,-0.544,-0.307,0.444,20.0,897,895,0.9978,103,895,0,0,0,0,2,0,0,0,0,16,0.799
v15,conservative,short,mixed,20,5,2026,35,35,-0.203,-0.61,-3.627,-3.841,-0.199,-0.202,-0.343,-0.175,0.452,20,669,668,0.9985,31,668,0,0,0,0,0,1,0,0,0,6,0.79
v15,conservative,short,mixed,20,20,ALL,173,173,-1.254,-3.53,-8.674,-10.834,-1.249,-1.237,-1.915,-1.299,0.395,20,3198,3175,0.9928,262,3174,0,0,1,0,23,0,0,0,0,46,0.781
v15,conservative,short,mixed,20,20,P1,91,91,-1.15,-2.61,-7.004,-7.72,-1.135,-1.131,-1.587,-1.258,0.385,20,1692,1684,0.9953,128,1684,0,0,0,0,8,0,0,0,0,24,0.765
v15,conservative,short,mixed,20,20,P2,82,82,-1.37,-2.42,-9.49,-10.834,-1.377,-1.355,-2.279,-1.343,0.406,20.0,1506,1491,0.99,134,1490,0,0,1,0,15,0,0,0,0,22,0.799
v15,conservative,short,mixed,20,20,2023,40,40,-1.273,-2.32,-7.134,-7.72,-1.266,-1.263,-1.651,-1.51,0.364,20.0,703,700,0.9957,97,700,0,0,0,0,3,0,0,0,0,17,0.759
v15,conservative,short,mixed,20,20,2024,51,51,-1.053,-1.59,-6.918,-7.501,-1.031,-1.028,-1.537,-1.061,0.402,20,989,984,0.9949,31,984,0,0,0,0,5,0,0,0,0,7,0.767
v15,conservative,short,mixed,20,20,2025,50,50,-1.172,-1.71,-9.38,-9.796,-1.189,-1.168,-2.267,-1.053,0.417,20.0,897,886,0.9877,103,886,0,0,0,0,11,0,0,0,0,16,0.799
v15,conservative,short,mixed,20,20,2026,32,32,-1.678,-1.79,-9.368,-10.834,-1.67,-1.646,-2.297,-1.797,0.39,20.0,609,605,0.9934,31,604,0,0,1,0,4,0,0,0,0,6,0.796
v15,conservative,short,mixed,20,63,ALL,165,165,-3.242,-3.26,-16.223,-19.9,-3.239,-3.193,-5.199,-3.424,0.352,20,3038,2975,0.9793,262,2970,0,0,5,0,59,4,0,0,0,46,0.781
v15,conservative,short,mixed,20,63,P1,91,91,-3.204,-3.73,-12.32,-13.824,-3.197,-3.153,-4.209,-3.394,0.341,20,1692,1674,0.9894,128,1671,0,0,3,0,18,0,0,0,0,24,0.765
v15,conservative,short,mixed,20,63,P2,74,74,-3.288,-1.71,-18.293,-19.9,-3.292,-3.242,-6.416,-3.462,0.366,20.0,1346,1301,0.9666,134,1299,0,0,2,0,41,4,0,0,0,22,0.8
v15,conservative,short,mixed,20,63,2023,40,40,-4.007,-4.32,-12.823,-13.824,-4.016,-3.929,-5.544,-4.436,0.293,20.0,703,691,0.9829,97,688,0,0,3,0,12,0,0,0,0,17,0.759
v15,conservative,short,mixed,20,63,2024,51,51,-2.573,-2.0,-11.985,-12.302,-2.554,-2.544,-3.162,-2.577,0.378,20,989,983,0.9939,31,983,0,0,0,0,6,0,0,0,0,7,0.767
v15,conservative,short,mixed,20,63,2025,50,50,-2.185,-0.88,-17.173,-18.801,-2.218,-2.175,-5.086,-2.323,0.408,20.0,897,869,0.9688,103,869,0,0,0,0,28,0,0,0,0,16,0.799
v15,conservative,short,mixed,20,63,2026,24,24,-5.587,-2.63,-18.372,-19.9,-5.528,-5.465,-9.186,-5.834,0.278,20.0,449,432,0.9621,31,430,0,0,2,0,13,4,0,0,0,6,0.798
v15,conservative,short,stock,10,5,ALL,176,176,-0.313,-2.17,-4.596,-8.307,-0.313,-0.311,-0.484,-0.283,0.453,10.0,1721,1718,0.9983,39,1718,0,0,0,0,3,0,0,0,0,9,0.795
v15,conservative,short,stock,10,5,P1,91,91,-0.351,-2.07,-4.004,-4.495,-0.347,-0.346,-0.458,-0.342,0.456,10,901,900,0.9989,9,900,0,0,0,0,1,0,0,0,0,3,0.779
v15,conservative,short,stock,10,5,P2,85,85,-0.272,-1.15,-4.951,-8.307,-0.277,-0.274,-0.512,-0.219,0.451,10,820,818,0.9976,30,818,0,0,0,0,2,0,0,0,0,6,0.814
v15,conservative,short,stock,10,5,2023,40,40,-0.434,-1.9,-3.878,-3.901,-0.434,-0.434,-0.434,-0.414,0.465,10.0,391,391,1.0,9,391,0,0,0,0,0,0,0,0,0,3,0.779
v15,conservative,short,stock,10,5,2024,51,51,-0.286,-1.18,-4.087,-4.495,-0.278,-0.277,-0.476,-0.286,0.449,10,510,509,0.998,0,509,0,0,0,0,1,0,0,0,0,0,0.778
v15,conservative,short,stock,10,5,2025,50,50,-0.336,-1.18,-5.16,-8.307,-0.346,-0.34,-0.745,-0.238,0.448,10.0,475,473,0.9958,25,473,0,0,0,0,2,0,0,0,0,5,0.829
v15,conservative,short,stock,10,5,2026,35,35,-0.179,-0.44,-4.637,-4.997,-0.179,-0.179,-0.179,-0.192,0.454,10,345,345,1.0,5,345,0,0,0,0,0,0,0,0,0,1,0.794
v15,conservative,short,stock,10,20,ALL,173,173,-1.268,-3.36,-9.298,-10.181,-1.253,-1.243,-2.134,-1.212,0.421,10,1691,1676,0.9911,39,1676,0,0,0,0,15,0,0,0,0,9,0.797
v15,conservative,short,stock,10,20,P1,91,91,-1.098,-2.24,-8.435,-9.344,-1.061,-1.056,-1.853,-1.076,0.426,10,901,894,0.9922,9,894,0,0,0,0,7,0,0,0,0,3,0.779
v15,conservative,short,stock,10,20,P2,82,82,-1.457,-2.52,-9.649,-10.181,-1.467,-1.45,-2.446,-1.364,0.415,10.0,790,782,0.9899,30,782,0,0,0,0,8,0,0,0,0,6,0.817
v15,conservative,short,stock,10,20,2023,40,40,-1.449,-2.11,-9.031,-9.344,-1.418,-1.411,-2.187,-1.4,0.391,10.0,391,388,0.9923,9,388,0,0,0,0,3,0,0,0,0,3,0.779
v15,conservative,short,stock,10,20,2024,51,51,-0.823,-1.2,-7.354,-8.54,-0.78,-0.778,-1.591,-0.823,0.454,10,510,506,0.9922,0,506,0,0,0,0,4,0,0,0,0,0,0.778
v15,conservative,short,stock,10,20,2025,50,50,-1.119,-1.62,-9.911,-10.181,-1.138,-1.127,-2.342,-0.946,0.439,10.0,475,469,0.9874,25,469,0,0,0,0,6,0,0,0,0,5,0.829
v15,conservative,short,stock,10,20,2026,32,32,-1.985,-2.02,-9.256,-9.56,-1.982,-1.954,-2.608,-2.016,0.376,10.0,315,313,0.9937,5,313,0,0,0,0,2,0,0,0,0,1,0.8
v15,conservative,short,stock,10,63,ALL,165,165,-2.823,-2.62,-18.527,-22.252,-2.804,-2.78,-4.997,-2.823,0.382,10,1611,1576,0.9783,39,1573,0,0,3,0,33,2,0,0,0,9,0.796
v15,conservative,short,stock,10,63,P1,91,91,-2.694,-2.96,-13.701,-14.684,-2.675,-2.606,-4.258,-2.672,0.376,10,901,887,0.9845,9,885,0,0,2,0,14,0,0,0,0,3,0.779
v15,conservative,short,stock,10,63,P2,74,74,-2.983,-1.41,-20.881,-22.252,-2.963,-2.993,-5.904,-3.008,0.389,10.0,710,689,0.9704,30,688,0,0,1,0,19,2,0,0,0,6,0.818
v15,conservative,short,stock,10,63,2023,40,40,-3.627,-4.18,-13.993,-14.684,-3.653,-3.499,-6.203,-3.577,0.329,10.0,391,381,0.9744,9,379,0,0,2,0,10,0,0,0,0,3,0.779
v15,conservative,short,stock,10,63,2024,51,51,-1.962,-1.41,-13.241,-14.187,-1.908,-1.906,-2.733,-1.962,0.413,10,510,506,0.9922,0,506,0,0,0,0,4,0,0,0,0,0,0.778
v15,conservative,short,stock,10,63,2025,50,50,-1.553,-0.59,-20.018,-22.252,-1.543,-1.587,-4.24,-1.581,0.44,10.0,475,462,0.9726,25,462,0,0,0,0,13,0,0,0,0,5,0.829
v15,conservative,short,stock,10,63,2026,24,24,-5.96,-2.35,-20.336,-21.019,-5.921,-5.923,-9.371,-5.982,0.281,10.0,235,227,0.966,5,226,0,0,1,0,6,2,0,0,0,1,0.796
v15,conservative,short,stock,20,5,ALL,176,176,-0.294,-2.42,-4.246,-8.506,-0.293,-0.293,-0.407,-0.244,0.459,20.0,3162,3158,0.9987,358,3158,0,0,0,0,3,1,0,0,0,60,0.788
v15,conservative,short,stock,20,5,P1,91,91,-0.321,-2.25,-3.79,-4.456,-0.319,-0.318,-0.374,-0.3,0.459,20,1634,1633,0.9994,186,1633,0,0,0,0,1,0,0,0,0,33,0.776
v15,conservative,short,stock,20,5,P2,85,85,-0.265,-1.33,-4.469,-8.506,-0.266,-0.265,-0.443,-0.184,0.459,20,1528,1525,0.998,172,1525,0,0,0,0,2,1,0,0,0,27,0.8
v15,conservative,short,stock,20,5,2023,40,40,-0.409,-2.2,-3.496,-3.819,-0.409,-0.409,-0.409,-0.42,0.454,18.0,652,652,1.0,148,652,0,0,0,0,0,0,0,0,0,25,0.78
v15,conservative,short,stock,20,5,2024,51,51,-0.251,-1.21,-3.9,-4.456,-0.248,-0.247,-0.347,-0.207,0.462,20,982,981,0.999,38,981,0,0,0,0,1,0,0,0,0,8,0.772
v15,conservative,short,stock,20,5,2025,50,50,-0.319,-1.28,-4.785,-8.506,-0.323,-0.32,-0.522,-0.193,0.46,20.0,867,865,0.9977,133,865,0,0,0,0,2,0,0,0,0,20,0.809
v15,conservative,short,stock,20,5,2026,35,35,-0.189,-0.57,-3.627,-3.841,-0.185,-0.188,-0.329,-0.17,0.459,20,661,660,0.9985,39,660,0,0,0,0,0,1,0,0,0,7,0.786
v15,conservative,short,stock,20,20,ALL,173,173,-1.125,-3.16,-8.939,-11.391,-1.124,-1.109,-1.817,-1.147,0.424,20,3102,3078,0.9923,358,3077,0,0,1,0,24,0,0,0,0,60,0.789
v15,conservative,short,stock,20,20,P1,91,91,-0.955,-2.18,-7.344,-8.05,-0.943,-0.935,-1.448,-1.06,0.424,20,1634,1625,0.9945,186,1625,0,0,0,0,9,0,0,0,0,33,0.776
v15,conservative,short,stock,20,20,P2,82,82,-1.314,-2.3,-9.816,-11.391,-1.325,-1.303,-2.227,-1.242,0.423,20.0,1468,1453,0.9898,172,1452,0,0,1,0,15,0,0,0,0,27,0.803
v15,conservative,short,stock,20,20,2023,40,40,-1.15,-2.07,-7.984,-8.05,-1.143,-1.14,-1.528,-1.374,0.403,18.0,652,649,0.9954,148,649,0,0,0,0,3,0,0,0,0,25,0.78
v15,conservative,short,stock,20,20,2024,51,51,-0.803,-1.24,-6.918,-7.501,-0.785,-0.775,-1.386,-0.814,0.441,20,982,976,0.9939,38,976,0,0,0,0,6,0,0,0,0,8,0.772
v15,conservative,short,stock,20,20,2025,50,50,-1.145,-1.63,-10.479,-11.391,-1.166,-1.145,-2.244,-0.945,0.439,20.0,867,856,0.9873,133,856,0,0,0,0,11,0,0,0,0,20,0.809
v15,conservative,short,stock,20,20,2026,32,32,-1.579,-1.71,-8.469,-9.037,-1.573,-1.549,-2.2,-1.707,0.399,20.0,601,597,0.9933,39,596,0,0,1,0,4,0,0,0,0,7,0.793
v15,conservative,short,stock,20,63,ALL,165,165,-2.804,-2.93,-16.262,-17.771,-2.812,-2.764,-4.802,-3.03,0.377,20,2942,2878,0.9782,358,2873,0,0,5,0,60,4,0,0,0,60,0.79
v15,conservative,short,stock,20,63,P1,91,91,-2.589,-3.3,-12.216,-13.824,-2.591,-2.543,-3.658,-2.79,0.376,20,1634,1615,0.9884,186,1612,0,0,3,0,19,0,0,0,0,33,0.776
v15,conservative,short,stock,20,63,P2,74,74,-3.068,-1.63,-17.331,-17.771,-3.084,-3.035,-6.209,-3.325,0.378,20.0,1308,1263,0.9656,172,1261,0,0,2,0,41,4,0,0,0,27,0.806
v15,conservative,short,stock,20,63,2023,40,40,-3.18,-4.56,-13.16,-13.824,-3.2,-3.112,-4.727,-3.631,0.334,18.0,652,640,0.9816,148,637,0,0,3,0,12,0,0,0,0,25,0.78
v15,conservative,short,stock,20,63,2024,51,51,-2.125,-1.7,-11.586,-12.302,-2.113,-2.096,-2.82,-2.13,0.41,20,982,975,0.9929,38,975,0,0,0,0,7,0,0,0,0,8,0.772
v15,conservative,short,stock,20,63,2025,50,50,-1.992,-0.82,-17.341,-17.771,-2.04,-1.997,-4.907,-2.229,0.418,20.0,867,839,0.9677,133,839,0,0,0,0,28,0,0,0,0,20,0.809
v15,conservative,short,stock,20,63,2026,24,24,-5.311,-2.54,-17.051,-17.258,-5.261,-5.199,-8.92,-5.61,0.293,20.0,441,424,0.9615,39,422,0,0,2,0,13,4,0,0,0,7,0.799
