variant,profile,view,list_type,holding,case,signal,ticker,successor,execution,split_factor,kind,label_return,approx_nav_effect
cons17+nofund,aggressive,long,mixed,63,B_tail_entry_skipped,2026-07-02,AMD,,,,,,
cons17+nofund,aggressive,long,mixed,63,B_tail_entry_skipped,2026-07-02,SIMO,,,,,,
cons17+nofund,aggressive,long,mixed,63,B_tail_entry_skipped,2026-07-02,KLIC,,,,,,
cons17+nofund,aggressive,long,mixed,63,B_tail_entry_skipped,2026-07-02,MTRN,,,,,,
cons17+nofund,aggressive,long,mixed,63,B_tail_entry_skipped,2026-07-02,NWPX,,,,,,
cons17+nofund,aggressive,long,mixed,63,B_tail_entry_skipped,2026-07-02,INTC,,,,,,
cons17+nofund,aggressive,long,mixed,63,B_tail_entry_skipped,2026-07-02,BNY,,,,,,
cons17+nofund,aggressive,long,mixed,63,B_tail_entry_skipped,2026-07-02,ATEX,,,,,,
cons17+nofund,aggressive,long,mixed,63,B_tail_entry_skipped,2026-07-02,UMC,,,,,,
cons17+nofund,aggressive,long,mixed,63,B_tail_entry_skipped,2026-07-02,AMAT,,,,,,
cons17+nofund,aggressive,long,mixed,63,B_tail_entry_skipped,2026-07-02,SYRE,,,,,,
cons17+nofund,aggressive,long,mixed,63,B_tail_entry_skipped,2026-07-02,DELL,,,,,,
cons17+nofund,aggressive,long,mixed,63,B_tail_entry_skipped,2026-07-02,BTSG,,,,,,
cons17+nofund,aggressive,long,mixed,63,B_tail_entry_skipped,2026-07-02,LQDA,,,,,,
cons17+nofund,aggressive,long,mixed,63,B_tail_entry_skipped,2026-07-02,BAND,,,,,,
cons17+nofund,aggressive,long,mixed,63,B_tail_entry_skipped,2026-07-02,PLXS,,,,,,
cons17+nofund,aggressive,long,mixed,63,B_tail_entry_skipped,2026-07-02,AXSM,,,,,,
cons17+nofund,aggressive,long,mixed,63,B_tail_entry_skipped,2026-07-02,TNGX,,,,,,
cons17+nofund,aggressive,long,mixed,63,B_tail_entry_skipped,2026-07-02,RVMD,,,,,,
cons17+nofund,aggressive,long,mixed,63,B_tail_entry_skipped,2026-07-02,TXG,,,,,,
cons17+nofund,aggressive,long,mixed,63,B_tail_entry_skipped,2026-07-10,NWPX,,,,,,
cons17+nofund,aggressive,long,mixed,63,B_tail_entry_skipped,2026-07-10,ATEX,,,,,,
cons17+nofund,aggressive,long,mixed,63,B_tail_entry_skipped,2026-07-10,LQDA,,,,,,
cons17+nofund,aggressive,long,mixed,63,B_tail_entry_skipped,2026-07-10,BTSG,,,,,,
cons17+nofund,aggressive,long,mixed,63,B_tail_entry_skipped,2026-07-10,MTRN,,,,,,
cons17+nofund,aggressive,long,mixed,63,B_tail_entry_skipped,2026-07-10,STM,,,,,,
cons17+nofund,aggressive,long,mixed,63,B_tail_entry_skipped,2026-07-10,BNY,,,,,,
cons17+nofund,aggressive,long,mixed,63,B_tail_entry_skipped,2026-07-10,MU,,,,,,
cons17+nofund,aggressive,long,mixed,63,B_tail_entry_skipped,2026-07-10,STX,,,,,,
cons17+nofund,aggressive,long,mixed,63,B_tail_entry_skipped,2026-07-10,UMC,,,,,,
cons17+nofund,aggressive,long,mixed,63,B_tail_entry_skipped,2026-07-10,WDC,,,,,,
cons17+nofund,aggressive,long,mixed,63,B_tail_entry_skipped,2026-07-10,SIMO,,,,,,
cons17+nofund,aggressive,long,mixed,63,B_tail_entry_skipped,2026-07-10,MEC,,,,,,
cons17+nofund,aggressive,long,mixed,63,B_tail_entry_skipped,2026-07-10,BB,,,,,,
cons17+nofund,aggressive,long,mixed,63,B_tail_entry_skipped,2026-07-10,ECPG,,,,,,
cons17+nofund,aggressive,long,mixed,63,B_tail_entry_skipped,2026-07-10,EVC,,,,,,
cons17+nofund,aggressive,long,mixed,63,B_tail_entry_skipped,2026-07-10,TNGX,,,,,,
cons17+nofund,aggressive,long,mixed,63,B_tail_entry_skipped,2026-07-10,SYRE,,,,,,
cons17+nofund,aggressive,long,mixed,63,B_tail_entry_skipped,2026-07-10,VSTS,,,,,,
cons17+nofund,aggressive,long,mixed,63,B_tail_entry_skipped,2026-07-10,ARM,,,,,,
cons17+nofund,aggressive,long,mixed,63,B_tail_entry_skipped,2026-07-17,ATEX,,,,,,
cons17+nofund,aggressive,long,mixed,63,B_tail_entry_skipped,2026-07-17,ORKA,,,,,,
cons17+nofund,aggressive,long,mixed,63,B_tail_entry_skipped,2026-07-17,BTSG,,,,,,
cons17+nofund,aggressive,long,mixed,63,B_tail_entry_skipped,2026-07-17,RLAY,,,,,,
cons17+nofund,aggressive,long,mixed,63,B_tail_entry_skipped,2026-07-17,SYRE,,,,,,
cons17+nofund,aggressive,long,mixed,63,B_tail_entry_skipped,2026-07-17,BNY,,,,,,
cons17+nofund,aggressive,long,mixed,63,B_tail_entry_skipped,2026-07-17,CLYM,,,,,,
cons17+nofund,aggressive,long,mixed,63,B_tail_entry_skipped,2026-07-17,NWPX,,,,,,
cons17+nofund,aggressive,long,mixed,63,B_tail_entry_skipped,2026-07-17,ATEN,,,,,,
cons17+nofund,aggressive,long,mixed,63,B_tail_entry_skipped,2026-07-17,TWST,,,,,,
cons17+nofund,aggressive,long,mixed,63,B_tail_entry_skipped,2026-07-17,EVC,,,,,,
cons17+nofund,aggressive,long,mixed,63,B_tail_entry_skipped,2026-07-17,TIGO,,,,,,
cons17+nofund,aggressive,long,mixed,63,B_tail_entry_skipped,2026-07-17,LQDA,,,,,,
cons17+nofund,aggressive,long,mixed,63,B_tail_entry_skipped,2026-07-17,URGN,,,,,,
cons17+nofund,aggressive,long,mixed,63,B_tail_entry_skipped,2026-07-17,VSTS,,,,,,
cons17+nofund,aggressive,long,mixed,63,B_tail_entry_skipped,2026-07-17,NHC,,,,,,
cons17+nofund,aggressive,long,mixed,63,B_tail_entry_skipped,2026-07-17,NESR,,,,,,
cons17+nofund,aggressive,long,mixed,63,B_tail_entry_skipped,2026-07-17,ASML,,,,,,
cons17+nofund,aggressive,long,mixed,63,B_tail_entry_skipped,2026-07-17,HPE,,,,,,
cons17+nofund,aggressive,long,mixed,63,B_tail_entry_skipped,2026-07-17,MSGS,,,,,,
cons17+nofund,aggressive,long,mixed,63,B_tail_entry_skipped,2026-07-24,XLF,,,,,,
cons17+nofund,aggressive,long,mixed,63,B_tail_entry_skipped,2026-07-24,SYRE,,,,,,
cons17+nofund,aggressive,long,mixed,63,B_tail_entry_skipped,2026-07-24,BNY,,,,,,
cons17+nofund,aggressive,long,mixed,63,B_tail_entry_skipped,2026-07-24,ECPG,,,,,,
cons17+nofund,aggressive,long,mixed,63,B_tail_entry_skipped,2026-07-24,NWPX,,,,,,
cons17+nofund,aggressive,long,mixed,63,B_tail_entry_skipped,2026-07-24,DNTH,,,,,,
cons17+nofund,aggressive,long,mixed,63,B_tail_entry_skipped,2026-07-24,ROIV,,,,,,
cons17+nofund,aggressive,long,mixed,63,B_tail_entry_skipped,2026-07-24,ETON,,,,,,
cons17+nofund,aggressive,long,mixed,63,B_tail_entry_skipped,2026-07-24,HPE,,,,,,
cons17+nofund,aggressive,long,mixed,63,B_tail_entry_skipped,2026-07-24,RVMD,,,,,,
cons17+nofund,aggressive,long,mixed,63,B_tail_entry_skipped,2026-07-24,DELL,,,,,,
cons17+nofund,aggressive,long,mixed,63,B_tail_entry_skipped,2026-07-24,RLAY,,,,,,
cons17+nofund,aggressive,long,mixed,63,B_tail_entry_skipped,2026-07-24,APGE,,,,,,
cons17+nofund,aggressive,long,mixed,63,B_tail_entry_skipped,2026-07-24,LQDA,,,,,,
cons17+nofund,aggressive,long,mixed,63,B_tail_entry_skipped,2026-07-24,EVC,,,,,,
cons17+nofund,aggressive,long,mixed,63,B_tail_entry_skipped,2026-07-24,NAT,,,,,,
cons17+nofund,aggressive,long,mixed,63,B_tail_entry_skipped,2026-07-24,JAZZ,,,,,,
cons17+nofund,aggressive,long,mixed,63,B_tail_entry_skipped,2026-07-24,CRS,,,,,,
cons17+nofund,aggressive,long,mixed,63,B_tail_entry_skipped,2026-07-24,RY,,,,,,
cons17+nofund,aggressive,long,mixed,63,B_tail_entry_skipped,2026-07-24,TRVI,,,,,,
cons17+nofund,aggressive,long,mixed,63,B_tail_entry_skipped,2026-07-31,ATEX,,,,,,
cons17+nofund,aggressive,long,mixed,63,B_tail_entry_skipped,2026-07-31,APGE,,,,,,
cons17+nofund,aggressive,long,mixed,63,B_tail_entry_skipped,2026-07-31,RVMD,,,,,,
cons17+nofund,aggressive,long,mixed,63,B_tail_entry_skipped,2026-07-31,ETON,,,,,,
cons17+nofund,aggressive,long,mixed,63,B_tail_entry_skipped,2026-07-31,TVTX,,,,,,
cons17+nofund,aggressive,long,mixed,63,B_tail_entry_skipped,2026-07-31,NHC,,,,,,
cons17+nofund,aggressive,long,mixed,63,B_tail_entry_skipped,2026-07-31,CLMT,,,,,,
cons17+nofund,aggressive,long,mixed,63,B_tail_entry_skipped,2026-07-31,TIGO,,,,,,
cons17+nofund,aggressive,long,mixed,63,B_tail_entry_skipped,2026-07-31,PEB,,,,,,
cons17+nofund,aggressive,long,mixed,63,B_tail_entry_skipped,2026-07-31,LQDA,,,,,,
cons17+nofund,aggressive,long,mixed,63,B_tail_entry_skipped,2026-07-31,JAZZ,,,,,,
cons17+nofund,aggressive,long,mixed,63,B_tail_entry_skipped,2026-07-31,DK,,,,,,
cons17+nofund,aggressive,long,mixed,63,B_tail_entry_skipped,2026-07-31,TD,,,,,,
cons17+nofund,aggressive,long,mixed,63,B_tail_entry_skipped,2026-07-31,DIA,,,,,,
cons17+nofund,aggressive,long,mixed,63,B_tail_entry_skipped,2026-07-31,QTTB,,,,,,
cons17+nofund,aggressive,long,mixed,63,B_tail_entry_skipped,2026-07-31,TRVI,,,,,,
cons17+nofund,aggressive,long,mixed,63,B_tail_entry_skipped,2026-07-31,PANW,,,,,,
cons17+nofund,aggressive,long,mixed,63,B_tail_entry_skipped,2026-07-31,BNY,,,,,,
cons17+nofund,aggressive,long,mixed,63,B_tail_entry_skipped,2026-07-31,RY,,,,,,
cons17+nofund,aggressive,long,mixed,63,B_tail_entry_skipped,2026-07-31,CVS,,,,,,
cons17+nofund,aggressive,long,mixed,63,B_tail_entry_skipped,2026-08-07,XLF,,,,,,
cons17+nofund,aggressive,long,mixed,63,B_tail_entry_skipped,2026-08-07,APGE,,,,,,
cons17+nofund,aggressive,long,mixed,63,B_tail_entry_skipped,2026-08-07,TXG,,,,,,
cons17+nofund,aggressive,long,mixed,63,B_tail_entry_skipped,2026-08-07,RVMD,,,,,,
cons17+nofund,aggressive,long,mixed,63,B_tail_entry_skipped,2026-08-07,LQDA,,,,,,
cons17+nofund,aggressive,long,mixed,63,B_tail_entry_skipped,2026-08-07,ETON,,,,,,
cons17+nofund,aggressive,long,mixed,63,B_tail_entry_skipped,2026-08-07,DNTH,,,,,,
cons17+nofund,aggressive,long,mixed,63,B_tail_entry_skipped,2026-08-07,MBX,,,,,,
cons17+nofund,aggressive,long,mixed,63,B_tail_entry_skipped,2026-08-07,DIA,,,,,,
cons17+nofund,aggressive,long,mixed,63,B_tail_entry_skipped,2026-08-07,GH,,,,,,
cons17+nofund,aggressive,long,mixed,63,B_tail_entry_skipped,2026-08-07,ELVN,,,,,,
cons17+nofund,aggressive,long,mixed,63,B_tail_entry_skipped,2026-08-07,NRIX,,,,,,
cons17+nofund,aggressive,long,mixed,63,B_tail_entry_skipped,2026-08-07,ORKA,,,,,,
cons17+nofund,aggressive,long,mixed,63,B_tail_entry_skipped,2026-08-07,LFST,,,,,,
cons17+nofund,aggressive,long,mixed,63,B_tail_entry_skipped,2026-08-07,TRVI,,,,,,
cons17+nofund,aggressive,long,mixed,63,B_tail_entry_skipped,2026-08-07,DGII,,,,,,
cons17+nofund,aggressive,long,mixed,63,B_tail_entry_skipped,2026-08-07,PSNL,,,,,,
cons17+nofund,aggressive,long,mixed,63,B_tail_entry_skipped,2026-08-07,MNPR,,,,,,
cons17+nofund,aggressive,long,mixed,63,B_tail_entry_skipped,2026-08-07,BNY,,,,,,
cons17+nofund,aggressive,long,mixed,63,B_tail_entry_skipped,2026-08-07,ATI,,,,,,
cons17+nofund,aggressive,long,mixed,63,B_tail_entry_skipped,2026-08-14,XLF,,,,,,
cons17+nofund,aggressive,long,mixed,63,B_tail_entry_skipped,2026-08-14,RLAY,,,,,,
cons17+nofund,aggressive,long,mixed,63,B_tail_entry_skipped,2026-08-14,APGE,,,,,,
cons17+nofund,aggressive,long,mixed,63,B_tail_entry_skipped,2026-08-14,SYRE,,,,,,
cons17+nofund,aggressive,long,mixed,63,B_tail_entry_skipped,2026-08-14,STT,,,,,,
cons17+nofund,aggressive,long,mixed,63,B_tail_entry_skipped,2026-08-14,RVMD,,,,,,
cons17+nofund,aggressive,long,mixed,63,B_tail_entry_skipped,2026-08-14,ORKA,,,,,,
cons17+nofund,aggressive,long,mixed,63,B_tail_entry_skipped,2026-08-14,TVTX,,,,,,
cons17+nofund,aggressive,long,mixed,63,B_tail_entry_skipped,2026-08-14,ECPG,,,,,,
cons17+nofund,aggressive,long,mixed,63,B_tail_entry_skipped,2026-08-14,FTNT,,,,,,
cons17+nofund,aggressive,long,mixed,63,B_tail_entry_skipped,2026-08-14,CDNA,,,,,,
cons17+nofund,aggressive,long,mixed,63,B_tail_entry_skipped,2026-08-14,DELL,,,,,,
cons17+nofund,aggressive,long,mixed,63,B_tail_entry_skipped,2026-08-14,ELVN,,,,,,
cons17+nofund,aggressive,long,mixed,63,B_tail_entry_skipped,2026-08-14,TXG,,,,,,
cons17+nofund,aggressive,long,mixed,63,B_tail_entry_skipped,2026-08-14,LGND,,,,,,
cons17+nofund,aggressive,long,mixed,63,B_tail_entry_skipped,2026-08-14,BNY,,,,,,
cons17+nofund,aggressive,long,mixed,63,B_tail_entry_skipped,2026-08-14,PBF,,,,,,
cons17+nofund,aggressive,long,mixed,63,B_tail_entry_skipped,2026-08-14,DNTH,,,,,,
cons17+nofund,aggressive,long,mixed,63,B_tail_entry_skipped,2026-08-14,SLS,,,,,,
cons17+nofund,aggressive,long,mixed,63,B_tail_entry_skipped,2026-08-14,MBX,,,,,,
cons17+nofund,aggressive,long,mixed,63,B_tail_entry_skipped,2026-08-21,XLF,,,,,,
cons17+nofund,aggressive,long,mixed,63,B_tail_entry_skipped,2026-08-21,TXG,,,,,,
cons17+nofund,aggressive,long,mixed,63,B_tail_entry_skipped,2026-08-21,MRVI,,,,,,
cons17+nofund,aggressive,long,mixed,63,B_tail_entry_skipped,2026-08-21,APGE,,,,,,
cons17+nofund,aggressive,long,mixed,63,B_tail_entry_skipped,2026-08-21,TWST,,,,,,
cons17+nofund,aggressive,long,mixed,63,B_tail_entry_skipped,2026-08-21,TVTX,,,,,,
cons17+nofund,aggressive,long,mixed,63,B_tail_entry_skipped,2026-08-21,ELVN,,,,,,
cons17+nofund,aggressive,long,mixed,63,B_tail_entry_skipped,2026-08-21,RVMD,,,,,,
cons17+nofund,aggressive,long,mixed,63,B_tail_entry_skipped,2026-08-21,BFLY,,,,,,
cons17+nofund,aggressive,long,mixed,63,B_tail_entry_skipped,2026-08-21,ORKA,,,,,,
cons17+nofund,aggressive,long,mixed,63,B_tail_entry_skipped,2026-08-21,XNCR,,,,,,
cons17+nofund,aggressive,long,mixed,63,B_tail_entry_skipped,2026-08-21,URGN,,,,,,
cons17+nofund,aggressive,long,mixed,63,B_tail_entry_skipped,2026-08-21,CDNA,,,,,,
cons17+nofund,aggressive,long,mixed,63,B_tail_entry_skipped,2026-08-21,ETON,,,,,,
cons17+nofund,aggressive,long,mixed,63,B_tail_entry_skipped,2026-08-21,BJRI,,,,,,
cons17+nofund,aggressive,long,mixed,63,B_tail_entry_skipped,2026-08-21,DIA,,,,,,
cons17+nofund,aggressive,long,mixed,63,B_tail_entry_skipped,2026-08-21,NHC,,,,,,
cons17+nofund,aggressive,long,mixed,63,B_tail_entry_skipped,2026-08-21,NEO,,,,,,
cons17+nofund,aggressive,long,mixed,63,B_tail_entry_skipped,2026-08-21,ARWR,,,,,,
cons17+nofund,aggressive,long,mixed,63,B_tail_entry_skipped,2026-08-21,MBX,,,,,,
cons17+nofund,aggressive,long,mixed,63,B_tail_entry_skipped,2026-08-28,XLF,,,,,,
cons17+nofund,aggressive,long,mixed,63,B_tail_entry_skipped,2026-08-28,TXG,,,,,,
cons17+nofund,aggressive,long,mixed,63,B_tail_entry_skipped,2026-08-28,BNY,,,,,,
cons17+nofund,aggressive,long,mixed,63,B_tail_entry_skipped,2026-08-28,TWST,,,,,,
cons17+nofund,aggressive,long,mixed,63,B_tail_entry_skipped,2026-08-28,MPC,,,,,,
cons17+nofund,aggressive,long,mixed,63,B_tail_entry_skipped,2026-08-28,DINO,,,,,,
cons17+nofund,aggressive,long,mixed,63,B_tail_entry_skipped,2026-08-28,PBF,,,,,,
cons17+nofund,aggressive,long,mixed,63,B_tail_entry_skipped,2026-08-28,DK,,,,,,
cons17+nofund,aggressive,long,mixed,63,B_tail_entry_skipped,2026-08-28,NRIX,,,,,,
cons17+nofund,aggressive,long,mixed,63,B_tail_entry_skipped,2026-08-28,APGE,,,,,,
cons17+nofund,aggressive,long,mixed,63,B_tail_entry_skipped,2026-08-28,DELL,,,,,,
cons17+nofund,aggressive,long,mixed,63,B_tail_entry_skipped,2026-08-28,XNCR,,,,,,
cons17+nofund,aggressive,long,mixed,63,B_tail_entry_skipped,2026-08-28,MRVI,,,,,,
cons17+nofund,aggressive,long,mixed,63,B_tail_entry_skipped,2026-08-28,CDNA,,,,,,
cons17+nofund,aggressive,long,mixed,63,B_tail_entry_skipped,2026-08-28,ETON,,,,,,
cons17+nofund,aggressive,long,mixed,63,B_tail_entry_skipped,2026-08-28,HPE,,,,,,
cons17+nofund,aggressive,long,mixed,63,B_tail_entry_skipped,2026-08-28,CAKE,,,,,,
cons17+nofund,aggressive,long,mixed,63,B_tail_entry_skipped,2026-08-28,CLMT,,,,,,
cons17+nofund,aggressive,long,mixed,63,B_tail_entry_skipped,2026-08-28,NEO,,,,,,
cons17+nofund,aggressive,long,mixed,63,B_tail_entry_skipped,2026-08-28,KNSA,,,,,,
cons17+nofund,aggressive,long,mixed,63,B_tail_entry_skipped,2026-09-04,CDNA,,,,,,
cons17+nofund,aggressive,long,mixed,63,B_tail_entry_skipped,2026-09-04,XLF,,,,,,
cons17+nofund,aggressive,long,mixed,63,B_tail_entry_skipped,2026-09-04,TXG,,,,,,
cons17+nofund,aggressive,long,mixed,63,B_tail_entry_skipped,2026-09-04,RVMD,,,,,,
cons17+nofund,aggressive,long,mixed,63,B_tail_entry_skipped,2026-09-04,ETON,,,,,,
cons17+nofund,aggressive,long,mixed,63,B_tail_entry_skipped,2026-09-04,TWST,,,,,,
cons17+nofund,aggressive,long,mixed,63,B_tail_entry_skipped,2026-09-04,CLYM,,,,,,
cons17+nofund,aggressive,long,mixed,63,B_tail_entry_skipped,2026-09-04,GH,,,,,,
cons17+nofund,aggressive,long,mixed,63,B_tail_entry_skipped,2026-09-04,STT,,,,,,
cons17+nofund,aggressive,long,mixed,63,B_tail_entry_skipped,2026-09-04,NRIX,,,,,,
cons17+nofund,aggressive,long,mixed,63,B_tail_entry_skipped,2026-09-04,XNCR,,,,,,
cons17+nofund,aggressive,long,mixed,63,B_tail_entry_skipped,2026-09-04,PLSE,,,,,,
cons17+nofund,aggressive,long,mixed,63,B_tail_entry_skipped,2026-09-04,ILMN,,,,,,
cons17+nofund,aggressive,long,mixed,63,B_tail_entry_skipped,2026-09-04,BNY,,,,,,
cons17+nofund,aggressive,long,mixed,63,B_tail_entry_skipped,2026-09-04,DELL,,,,,,
cons17+nofund,aggressive,long,mixed,63,B_tail_entry_skipped,2026-09-04,AMLX,,,,,,
cons17+nofund,aggressive,long,mixed,63,B_tail_entry_skipped,2026-09-04,VLO,,,,,,
cons17+nofund,aggressive,long,mixed,63,B_tail_entry_skipped,2026-09-04,MNPR,,,,,,
cons17+nofund,aggressive,long,mixed,63,B_tail_entry_skipped,2026-09-04,URGN,,,,,,
cons17+nofund,aggressive,long,mixed,63,B_tail_entry_skipped,2026-09-04,SLS,,,,,,
cons17+nofund,aggressive,long,mixed,63,B_tail_entry_skipped,2026-09-14,TXG,,,,,,
cons17+nofund,aggressive,long,mixed,63,B_tail_entry_skipped,2026-09-14,CDNA,,,,,,
cons17+nofund,aggressive,long,mixed,63,B_tail_entry_skipped,2026-09-14,TWST,,,,,,
cons17+nofund,aggressive,long,mixed,63,B_tail_entry_skipped,2026-09-14,CLMT,,,,,,
cons17+nofund,aggressive,long,mixed,63,B_tail_entry_skipped,2026-09-14,PLSE,,,,,,
cons17+nofund,aggressive,long,mixed,63,B_tail_entry_skipped,2026-09-14,PTGX,,,,,,
cons17+nofund,aggressive,long,mixed,63,B_tail_entry_skipped,2026-09-14,RVMD,,,,,,
cons17+nofund,aggressive,long,mixed,63,B_tail_entry_skipped,2026-09-14,MPC,,,,,,
cons17+nofund,aggressive,long,mixed,63,B_tail_entry_skipped,2026-09-14,ECO,,,,,,
cons17+nofund,aggressive,long,mixed,63,B_tail_entry_skipped,2026-09-14,FTNT,,,,,,
cons17+nofund,aggressive,long,mixed,63,B_tail_entry_skipped,2026-09-14,NEO,,,,,,
cons17+nofund,aggressive,long,mixed,63,B_tail_entry_skipped,2026-09-14,MATX,,,,,,
cons17+nofund,aggressive,long,mixed,63,B_tail_entry_skipped,2026-09-14,DELL,,,,,,
cons17+nofund,aggressive,long,mixed,63,B_tail_entry_skipped,2026-09-14,CRWD,,,,,,
cons17+nofund,aggressive,long,mixed,63,B_tail_entry_skipped,2026-09-14,INSW,,,,,,
cons17+nofund,aggressive,long,mixed,63,B_tail_entry_skipped,2026-09-14,VLO,,,,,,
cons17+nofund,aggressive,long,mixed,63,B_tail_entry_skipped,2026-09-14,GH,,,,,,
cons17+nofund,aggressive,long,mixed,63,B_tail_entry_skipped,2026-09-14,CHEF,,,,,,
cons17+nofund,aggressive,long,mixed,63,B_tail_entry_skipped,2026-09-14,RNG,,,,,,
cons17+nofund,aggressive,long,mixed,63,B_tail_entry_skipped,2026-09-14,STT,,,,,,
cons17+nofund,aggressive,long,stock,63,B_tail_entry_skipped,2026-07-02,AMD,,,,,,
cons17+nofund,aggressive,long,stock,63,B_tail_entry_skipped,2026-07-02,SIMO,,,,,,
cons17+nofund,aggressive,long,stock,63,B_tail_entry_skipped,2026-07-02,KLIC,,,,,,
cons17+nofund,aggressive,long,stock,63,B_tail_entry_skipped,2026-07-02,MTRN,,,,,,
cons17+nofund,aggressive,long,stock,63,B_tail_entry_skipped,2026-07-02,NWPX,,,,,,
cons17+nofund,aggressive,long,stock,63,B_tail_entry_skipped,2026-07-02,INTC,,,,,,
cons17+nofund,aggressive,long,stock,63,B_tail_entry_skipped,2026-07-02,BNY,,,,,,
cons17+nofund,aggressive,long,stock,63,B_tail_entry_skipped,2026-07-02,ATEX,,,,,,
cons17+nofund,aggressive,long,stock,63,B_tail_entry_skipped,2026-07-02,UMC,,,,,,
cons17+nofund,aggressive,long,stock,63,B_tail_entry_skipped,2026-07-02,AMAT,,,,,,
cons17+nofund,aggressive,long,stock,63,B_tail_entry_skipped,2026-07-02,SYRE,,,,,,
cons17+nofund,aggressive,long,stock,63,B_tail_entry_skipped,2026-07-02,DELL,,,,,,
cons17+nofund,aggressive,long,stock,63,B_tail_entry_skipped,2026-07-02,BTSG,,,,,,
cons17+nofund,aggressive,long,stock,63,B_tail_entry_skipped,2026-07-02,LQDA,,,,,,
cons17+nofund,aggressive,long,stock,63,B_tail_entry_skipped,2026-07-02,BAND,,,,,,
cons17+nofund,aggressive,long,stock,63,B_tail_entry_skipped,2026-07-02,PLXS,,,,,,
cons17+nofund,aggressive,long,stock,63,B_tail_entry_skipped,2026-07-02,AXSM,,,,,,
cons17+nofund,aggressive,long,stock,63,B_tail_entry_skipped,2026-07-02,TNGX,,,,,,
cons17+nofund,aggressive,long,stock,63,B_tail_entry_skipped,2026-07-02,RVMD,,,,,,
cons17+nofund,aggressive,long,stock,63,B_tail_entry_skipped,2026-07-02,TXG,,,,,,
cons17+nofund,aggressive,long,stock,63,B_tail_entry_skipped,2026-07-10,NWPX,,,,,,
cons17+nofund,aggressive,long,stock,63,B_tail_entry_skipped,2026-07-10,ATEX,,,,,,
cons17+nofund,aggressive,long,stock,63,B_tail_entry_skipped,2026-07-10,LQDA,,,,,,
cons17+nofund,aggressive,long,stock,63,B_tail_entry_skipped,2026-07-10,BTSG,,,,,,
cons17+nofund,aggressive,long,stock,63,B_tail_entry_skipped,2026-07-10,MTRN,,,,,,
cons17+nofund,aggressive,long,stock,63,B_tail_entry_skipped,2026-07-10,STM,,,,,,
cons17+nofund,aggressive,long,stock,63,B_tail_entry_skipped,2026-07-10,BNY,,,,,,
cons17+nofund,aggressive,long,stock,63,B_tail_entry_skipped,2026-07-10,MU,,,,,,
cons17+nofund,aggressive,long,stock,63,B_tail_entry_skipped,2026-07-10,STX,,,,,,
cons17+nofund,aggressive,long,stock,63,B_tail_entry_skipped,2026-07-10,UMC,,,,,,
cons17+nofund,aggressive,long,stock,63,B_tail_entry_skipped,2026-07-10,WDC,,,,,,
cons17+nofund,aggressive,long,stock,63,B_tail_entry_skipped,2026-07-10,SIMO,,,,,,
cons17+nofund,aggressive,long,stock,63,B_tail_entry_skipped,2026-07-10,MEC,,,,,,
cons17+nofund,aggressive,long,stock,63,B_tail_entry_skipped,2026-07-10,BB,,,,,,
cons17+nofund,aggressive,long,stock,63,B_tail_entry_skipped,2026-07-10,ECPG,,,,,,
cons17+nofund,aggressive,long,stock,63,B_tail_entry_skipped,2026-07-10,EVC,,,,,,
cons17+nofund,aggressive,long,stock,63,B_tail_entry_skipped,2026-07-10,TNGX,,,,,,
cons17+nofund,aggressive,long,stock,63,B_tail_entry_skipped,2026-07-10,SYRE,,,,,,
cons17+nofund,aggressive,long,stock,63,B_tail_entry_skipped,2026-07-10,VSTS,,,,,,
cons17+nofund,aggressive,long,stock,63,B_tail_entry_skipped,2026-07-10,ARM,,,,,,
cons17+nofund,aggressive,long,stock,63,B_tail_entry_skipped,2026-07-17,ATEX,,,,,,
cons17+nofund,aggressive,long,stock,63,B_tail_entry_skipped,2026-07-17,ORKA,,,,,,
cons17+nofund,aggressive,long,stock,63,B_tail_entry_skipped,2026-07-17,BTSG,,,,,,
cons17+nofund,aggressive,long,stock,63,B_tail_entry_skipped,2026-07-17,RLAY,,,,,,
cons17+nofund,aggressive,long,stock,63,B_tail_entry_skipped,2026-07-17,SYRE,,,,,,
cons17+nofund,aggressive,long,stock,63,B_tail_entry_skipped,2026-07-17,BNY,,,,,,
cons17+nofund,aggressive,long,stock,63,B_tail_entry_skipped,2026-07-17,CLYM,,,,,,
cons17+nofund,aggressive,long,stock,63,B_tail_entry_skipped,2026-07-17,NWPX,,,,,,
cons17+nofund,aggressive,long,stock,63,B_tail_entry_skipped,2026-07-17,ATEN,,,,,,
cons17+nofund,aggressive,long,stock,63,B_tail_entry_skipped,2026-07-17,TWST,,,,,,
cons17+nofund,aggressive,long,stock,63,B_tail_entry_skipped,2026-07-17,EVC,,,,,,
cons17+nofund,aggressive,long,stock,63,B_tail_entry_skipped,2026-07-17,TIGO,,,,,,
cons17+nofund,aggressive,long,stock,63,B_tail_entry_skipped,2026-07-17,LQDA,,,,,,
cons17+nofund,aggressive,long,stock,63,B_tail_entry_skipped,2026-07-17,URGN,,,,,,
cons17+nofund,aggressive,long,stock,63,B_tail_entry_skipped,2026-07-17,VSTS,,,,,,
cons17+nofund,aggressive,long,stock,63,B_tail_entry_skipped,2026-07-17,NHC,,,,,,
cons17+nofund,aggressive,long,stock,63,B_tail_entry_skipped,2026-07-17,NESR,,,,,,
cons17+nofund,aggressive,long,stock,63,B_tail_entry_skipped,2026-07-17,ASML,,,,,,
cons17+nofund,aggressive,long,stock,63,B_tail_entry_skipped,2026-07-17,HPE,,,,,,
cons17+nofund,aggressive,long,stock,63,B_tail_entry_skipped,2026-07-17,MSGS,,,,,,
cons17+nofund,aggressive,long,stock,63,B_tail_entry_skipped,2026-07-24,SYRE,,,,,,
cons17+nofund,aggressive,long,stock,63,B_tail_entry_skipped,2026-07-24,BNY,,,,,,
cons17+nofund,aggressive,long,stock,63,B_tail_entry_skipped,2026-07-24,ECPG,,,,,,
cons17+nofund,aggressive,long,stock,63,B_tail_entry_skipped,2026-07-24,NWPX,,,,,,
cons17+nofund,aggressive,long,stock,63,B_tail_entry_skipped,2026-07-24,DNTH,,,,,,
cons17+nofund,aggressive,long,stock,63,B_tail_entry_skipped,2026-07-24,ROIV,,,,,,
cons17+nofund,aggressive,long,stock,63,B_tail_entry_skipped,2026-07-24,ETON,,,,,,
cons17+nofund,aggressive,long,stock,63,B_tail_entry_skipped,2026-07-24,HPE,,,,,,
cons17+nofund,aggressive,long,stock,63,B_tail_entry_skipped,2026-07-24,RVMD,,,,,,
cons17+nofund,aggressive,long,stock,63,B_tail_entry_skipped,2026-07-24,DELL,,,,,,
cons17+nofund,aggressive,long,stock,63,B_tail_entry_skipped,2026-07-24,RLAY,,,,,,
cons17+nofund,aggressive,long,stock,63,B_tail_entry_skipped,2026-07-24,APGE,,,,,,
cons17+nofund,aggressive,long,stock,63,B_tail_entry_skipped,2026-07-24,LQDA,,,,,,
cons17+nofund,aggressive,long,stock,63,B_tail_entry_skipped,2026-07-24,EVC,,,,,,
cons17+nofund,aggressive,long,stock,63,B_tail_entry_skipped,2026-07-24,NAT,,,,,,
cons17+nofund,aggressive,long,stock,63,B_tail_entry_skipped,2026-07-24,JAZZ,,,,,,
cons17+nofund,aggressive,long,stock,63,B_tail_entry_skipped,2026-07-24,CRS,,,,,,
cons17+nofund,aggressive,long,stock,63,B_tail_entry_skipped,2026-07-24,RY,,,,,,
cons17+nofund,aggressive,long,stock,63,B_tail_entry_skipped,2026-07-24,TRVI,,,,,,
cons17+nofund,aggressive,long,stock,63,B_tail_entry_skipped,2026-07-24,VSTS,,,,,,
cons17+nofund,aggressive,long,stock,63,B_tail_entry_skipped,2026-07-31,ATEX,,,,,,
cons17+nofund,aggressive,long,stock,63,B_tail_entry_skipped,2026-07-31,APGE,,,,,,
cons17+nofund,aggressive,long,stock,63,B_tail_entry_skipped,2026-07-31,RVMD,,,,,,
cons17+nofund,aggressive,long,stock,63,B_tail_entry_skipped,2026-07-31,ETON,,,,,,
cons17+nofund,aggressive,long,stock,63,B_tail_entry_skipped,2026-07-31,TVTX,,,,,,
cons17+nofund,aggressive,long,stock,63,B_tail_entry_skipped,2026-07-31,NHC,,,,,,
cons17+nofund,aggressive,long,stock,63,B_tail_entry_skipped,2026-07-31,CLMT,,,,,,
cons17+nofund,aggressive,long,stock,63,B_tail_entry_skipped,2026-07-31,TIGO,,,,,,
cons17+nofund,aggressive,long,stock,63,B_tail_entry_skipped,2026-07-31,PEB,,,,,,
cons17+nofund,aggressive,long,stock,63,B_tail_entry_skipped,2026-07-31,LQDA,,,,,,
cons17+nofund,aggressive,long,stock,63,B_tail_entry_skipped,2026-07-31,JAZZ,,,,,,
cons17+nofund,aggressive,long,stock,63,B_tail_entry_skipped,2026-07-31,DK,,,,,,
cons17+nofund,aggressive,long,stock,63,B_tail_entry_skipped,2026-07-31,TD,,,,,,
cons17+nofund,aggressive,long,stock,63,B_tail_entry_skipped,2026-07-31,QTTB,,,,,,
cons17+nofund,aggressive,long,stock,63,B_tail_entry_skipped,2026-07-31,TRVI,,,,,,
cons17+nofund,aggressive,long,stock,63,B_tail_entry_skipped,2026-07-31,PANW,,,,,,
cons17+nofund,aggressive,long,stock,63,B_tail_entry_skipped,2026-07-31,BNY,,,,,,
cons17+nofund,aggressive,long,stock,63,B_tail_entry_skipped,2026-07-31,RY,,,,,,
cons17+nofund,aggressive,long,stock,63,B_tail_entry_skipped,2026-07-31,CVS,,,,,,
cons17+nofund,aggressive,long,stock,63,B_tail_entry_skipped,2026-07-31,BMO,,,,,,
cons17+nofund,aggressive,long,stock,63,B_tail_entry_skipped,2026-08-07,APGE,,,,,,
cons17+nofund,aggressive,long,stock,63,B_tail_entry_skipped,2026-08-07,TXG,,,,,,
cons17+nofund,aggressive,long,stock,63,B_tail_entry_skipped,2026-08-07,RVMD,,,,,,
cons17+nofund,aggressive,long,stock,63,B_tail_entry_skipped,2026-08-07,LQDA,,,,,,
cons17+nofund,aggressive,long,stock,63,B_tail_entry_skipped,2026-08-07,ETON,,,,,,
cons17+nofund,aggressive,long,stock,63,B_tail_entry_skipped,2026-08-07,DNTH,,,,,,
cons17+nofund,aggressive,long,stock,63,B_tail_entry_skipped,2026-08-07,MBX,,,,,,
cons17+nofund,aggressive,long,stock,63,B_tail_entry_skipped,2026-08-07,GH,,,,,,
cons17+nofund,aggressive,long,stock,63,B_tail_entry_skipped,2026-08-07,ELVN,,,,,,
cons17+nofund,aggressive,long,stock,63,B_tail_entry_skipped,2026-08-07,NRIX,,,,,,
cons17+nofund,aggressive,long,stock,63,B_tail_entry_skipped,2026-08-07,ORKA,,,,,,
cons17+nofund,aggressive,long,stock,63,B_tail_entry_skipped,2026-08-07,LFST,,,,,,
cons17+nofund,aggressive,long,stock,63,B_tail_entry_skipped,2026-08-07,TRVI,,,,,,
cons17+nofund,aggressive,long,stock,63,B_tail_entry_skipped,2026-08-07,DGII,,,,,,
cons17+nofund,aggressive,long,stock,63,B_tail_entry_skipped,2026-08-07,PSNL,,,,,,
cons17+nofund,aggressive,long,stock,63,B_tail_entry_skipped,2026-08-07,MNPR,,,,,,
cons17+nofund,aggressive,long,stock,63,B_tail_entry_skipped,2026-08-07,BNY,,,,,,
cons17+nofund,aggressive,long,stock,63,B_tail_entry_skipped,2026-08-07,ATI,,,,,,
cons17+nofund,aggressive,long,stock,63,B_tail_entry_skipped,2026-08-07,NAT,,,,,,
cons17+nofund,aggressive,long,stock,63,B_tail_entry_skipped,2026-08-07,CDNA,,,,,,
cons17+nofund,aggressive,long,stock,63,B_tail_entry_skipped,2026-08-14,RLAY,,,,,,
cons17+nofund,aggressive,long,stock,63,B_tail_entry_skipped,2026-08-14,APGE,,,,,,
cons17+nofund,aggressive,long,stock,63,B_tail_entry_skipped,2026-08-14,SYRE,,,,,,
cons17+nofund,aggressive,long,stock,63,B_tail_entry_skipped,2026-08-14,STT,,,,,,
cons17+nofund,aggressive,long,stock,63,B_tail_entry_skipped,2026-08-14,RVMD,,,,,,
cons17+nofund,aggressive,long,stock,63,B_tail_entry_skipped,2026-08-14,ORKA,,,,,,
cons17+nofund,aggressive,long,stock,63,B_tail_entry_skipped,2026-08-14,TVTX,,,,,,
cons17+nofund,aggressive,long,stock,63,B_tail_entry_skipped,2026-08-14,ECPG,,,,,,
cons17+nofund,aggressive,long,stock,63,B_tail_entry_skipped,2026-08-14,FTNT,,,,,,
cons17+nofund,aggressive,long,stock,63,B_tail_entry_skipped,2026-08-14,CDNA,,,,,,
cons17+nofund,aggressive,long,stock,63,B_tail_entry_skipped,2026-08-14,DELL,,,,,,
cons17+nofund,aggressive,long,stock,63,B_tail_entry_skipped,2026-08-14,ELVN,,,,,,
cons17+nofund,aggressive,long,stock,63,B_tail_entry_skipped,2026-08-14,TXG,,,,,,
cons17+nofund,aggressive,long,stock,63,B_tail_entry_skipped,2026-08-14,LGND,,,,,,
cons17+nofund,aggressive,long,stock,63,B_tail_entry_skipped,2026-08-14,BNY,,,,,,
cons17+nofund,aggressive,long,stock,63,B_tail_entry_skipped,2026-08-14,PBF,,,,,,
cons17+nofund,aggressive,long,stock,63,B_tail_entry_skipped,2026-08-14,DNTH,,,,,,
cons17+nofund,aggressive,long,stock,63,B_tail_entry_skipped,2026-08-14,SLS,,,,,,
cons17+nofund,aggressive,long,stock,63,B_tail_entry_skipped,2026-08-14,MBX,,,,,,
cons17+nofund,aggressive,long,stock,63,B_tail_entry_skipped,2026-08-14,URGN,,,,,,
cons17+nofund,aggressive,long,stock,63,B_tail_entry_skipped,2026-08-21,TXG,,,,,,
cons17+nofund,aggressive,long,stock,63,B_tail_entry_skipped,2026-08-21,MRVI,,,,,,
cons17+nofund,aggressive,long,stock,63,B_tail_entry_skipped,2026-08-21,APGE,,,,,,
cons17+nofund,aggressive,long,stock,63,B_tail_entry_skipped,2026-08-21,TWST,,,,,,
cons17+nofund,aggressive,long,stock,63,B_tail_entry_skipped,2026-08-21,TVTX,,,,,,
cons17+nofund,aggressive,long,stock,63,B_tail_entry_skipped,2026-08-21,ELVN,,,,,,
cons17+nofund,aggressive,long,stock,63,B_tail_entry_skipped,2026-08-21,RVMD,,,,,,
cons17+nofund,aggressive,long,stock,63,B_tail_entry_skipped,2026-08-21,BFLY,,,,,,
cons17+nofund,aggressive,long,stock,63,B_tail_entry_skipped,2026-08-21,ORKA,,,,,,
cons17+nofund,aggressive,long,stock,63,B_tail_entry_skipped,2026-08-21,XNCR,,,,,,
cons17+nofund,aggressive,long,stock,63,B_tail_entry_skipped,2026-08-21,URGN,,,,,,
cons17+nofund,aggressive,long,stock,63,B_tail_entry_skipped,2026-08-21,CDNA,,,,,,
cons17+nofund,aggressive,long,stock,63,B_tail_entry_skipped,2026-08-21,ETON,,,,,,
cons17+nofund,aggressive,long,stock,63,B_tail_entry_skipped,2026-08-21,BJRI,,,,,,
cons17+nofund,aggressive,long,stock,63,B_tail_entry_skipped,2026-08-21,NHC,,,,,,
cons17+nofund,aggressive,long,stock,63,B_tail_entry_skipped,2026-08-21,NEO,,,,,,
cons17+nofund,aggressive,long,stock,63,B_tail_entry_skipped,2026-08-21,ARWR,,,,,,
cons17+nofund,aggressive,long,stock,63,B_tail_entry_skipped,2026-08-21,MBX,,,,,,
cons17+nofund,aggressive,long,stock,63,B_tail_entry_skipped,2026-08-21,OII,,,,,,
cons17+nofund,aggressive,long,stock,63,B_tail_entry_skipped,2026-08-21,FBRX,,,,,,
cons17+nofund,aggressive,long,stock,63,B_tail_entry_skipped,2026-08-28,TXG,,,,,,
cons17+nofund,aggressive,long,stock,63,B_tail_entry_skipped,2026-08-28,BNY,,,,,,
cons17+nofund,aggressive,long,stock,63,B_tail_entry_skipped,2026-08-28,TWST,,,,,,
cons17+nofund,aggressive,long,stock,63,B_tail_entry_skipped,2026-08-28,MPC,,,,,,
cons17+nofund,aggressive,long,stock,63,B_tail_entry_skipped,2026-08-28,DINO,,,,,,
cons17+nofund,aggressive,long,stock,63,B_tail_entry_skipped,2026-08-28,PBF,,,,,,
cons17+nofund,aggressive,long,stock,63,B_tail_entry_skipped,2026-08-28,DK,,,,,,
cons17+nofund,aggressive,long,stock,63,B_tail_entry_skipped,2026-08-28,NRIX,,,,,,
cons17+nofund,aggressive,long,stock,63,B_tail_entry_skipped,2026-08-28,APGE,,,,,,
cons17+nofund,aggressive,long,stock,63,B_tail_entry_skipped,2026-08-28,DELL,,,,,,
cons17+nofund,aggressive,long,stock,63,B_tail_entry_skipped,2026-08-28,XNCR,,,,,,
cons17+nofund,aggressive,long,stock,63,B_tail_entry_skipped,2026-08-28,MRVI,,,,,,
cons17+nofund,aggressive,long,stock,63,B_tail_entry_skipped,2026-08-28,CDNA,,,,,,
cons17+nofund,aggressive,long,stock,63,B_tail_entry_skipped,2026-08-28,ETON,,,,,,
cons17+nofund,aggressive,long,stock,63,B_tail_entry_skipped,2026-08-28,HPE,,,,,,
cons17+nofund,aggressive,long,stock,63,B_tail_entry_skipped,2026-08-28,CAKE,,,,,,
cons17+nofund,aggressive,long,stock,63,B_tail_entry_skipped,2026-08-28,CLMT,,,,,,
cons17+nofund,aggressive,long,stock,63,B_tail_entry_skipped,2026-08-28,NEO,,,,,,
cons17+nofund,aggressive,long,stock,63,B_tail_entry_skipped,2026-08-28,KNSA,,,,,,
cons17+nofund,aggressive,long,stock,63,B_tail_entry_skipped,2026-08-28,SPCX,,,,,,
cons17+nofund,aggressive,long,stock,63,B_tail_entry_skipped,2026-09-04,CDNA,,,,,,
cons17+nofund,aggressive,long,stock,63,B_tail_entry_skipped,2026-09-04,TXG,,,,,,
cons17+nofund,aggressive,long,stock,63,B_tail_entry_skipped,2026-09-04,RVMD,,,,,,
cons17+nofund,aggressive,long,stock,63,B_tail_entry_skipped,2026-09-04,ETON,,,,,,
cons17+nofund,aggressive,long,stock,63,B_tail_entry_skipped,2026-09-04,TWST,,,,,,
cons17+nofund,aggressive,long,stock,63,B_tail_entry_skipped,2026-09-04,CLYM,,,,,,
cons17+nofund,aggressive,long,stock,63,B_tail_entry_skipped,2026-09-04,GH,,,,,,
cons17+nofund,aggressive,long,stock,63,B_tail_entry_skipped,2026-09-04,STT,,,,,,
cons17+nofund,aggressive,long,stock,63,B_tail_entry_skipped,2026-09-04,NRIX,,,,,,
cons17+nofund,aggressive,long,stock,63,B_tail_entry_skipped,2026-09-04,XNCR,,,,,,
cons17+nofund,aggressive,long,stock,63,B_tail_entry_skipped,2026-09-04,PLSE,,,,,,
cons17+nofund,aggressive,long,stock,63,B_tail_entry_skipped,2026-09-04,ILMN,,,,,,
cons17+nofund,aggressive,long,stock,63,B_tail_entry_skipped,2026-09-04,BNY,,,,,,
cons17+nofund,aggressive,long,stock,63,B_tail_entry_skipped,2026-09-04,DELL,,,,,,
cons17+nofund,aggressive,long,stock,63,B_tail_entry_skipped,2026-09-04,AMLX,,,,,,
cons17+nofund,aggressive,long,stock,63,B_tail_entry_skipped,2026-09-04,VLO,,,,,,
cons17+nofund,aggressive,long,stock,63,B_tail_entry_skipped,2026-09-04,MNPR,,,,,,
cons17+nofund,aggressive,long,stock,63,B_tail_entry_skipped,2026-09-04,URGN,,,,,,
cons17+nofund,aggressive,long,stock,63,B_tail_entry_skipped,2026-09-04,SLS,,,,,,
cons17+nofund,aggressive,long,stock,63,B_tail_entry_skipped,2026-09-04,ECO,,,,,,
cons17+nofund,aggressive,long,stock,63,B_tail_entry_skipped,2026-09-14,TXG,,,,,,
cons17+nofund,aggressive,long,stock,63,B_tail_entry_skipped,2026-09-14,CDNA,,,,,,
cons17+nofund,aggressive,long,stock,63,B_tail_entry_skipped,2026-09-14,TWST,,,,,,
cons17+nofund,aggressive,long,stock,63,B_tail_entry_skipped,2026-09-14,CLMT,,,,,,
cons17+nofund,aggressive,long,stock,63,B_tail_entry_skipped,2026-09-14,PLSE,,,,,,
cons17+nofund,aggressive,long,stock,63,B_tail_entry_skipped,2026-09-14,PTGX,,,,,,
cons17+nofund,aggressive,long,stock,63,B_tail_entry_skipped,2026-09-14,RVMD,,,,,,
cons17+nofund,aggressive,long,stock,63,B_tail_entry_skipped,2026-09-14,MPC,,,,,,
cons17+nofund,aggressive,long,stock,63,B_tail_entry_skipped,2026-09-14,ECO,,,,,,
cons17+nofund,aggressive,long,stock,63,B_tail_entry_skipped,2026-09-14,FTNT,,,,,,
cons17+nofund,aggressive,long,stock,63,B_tail_entry_skipped,2026-09-14,NEO,,,,,,
cons17+nofund,aggressive,long,stock,63,B_tail_entry_skipped,2026-09-14,MATX,,,,,,
cons17+nofund,aggressive,long,stock,63,B_tail_entry_skipped,2026-09-14,DELL,,,,,,
cons17+nofund,aggressive,long,stock,63,B_tail_entry_skipped,2026-09-14,CRWD,,,,,,
cons17+nofund,aggressive,long,stock,63,B_tail_entry_skipped,2026-09-14,INSW,,,,,,
cons17+nofund,aggressive,long,stock,63,B_tail_entry_skipped,2026-09-14,VLO,,,,,,
cons17+nofund,aggressive,long,stock,63,B_tail_entry_skipped,2026-09-14,GH,,,,,,
cons17+nofund,aggressive,long,stock,63,B_tail_entry_skipped,2026-09-14,CHEF,,,,,,
cons17+nofund,aggressive,long,stock,63,B_tail_entry_skipped,2026-09-14,RNG,,,,,,
cons17+nofund,aggressive,long,stock,63,B_tail_entry_skipped,2026-09-14,STT,,,,,,
cons17+nofund,aggressive,mid,mixed,63,B_tail_entry_skipped,2026-07-02,AMD,,,,,,
cons17+nofund,aggressive,mid,mixed,63,B_tail_entry_skipped,2026-07-02,KLIC,,,,,,
cons17+nofund,aggressive,mid,mixed,63,B_tail_entry_skipped,2026-07-02,SIMO,,,,,,
cons17+nofund,aggressive,mid,mixed,63,B_tail_entry_skipped,2026-07-02,ATEX,,,,,,
cons17+nofund,aggressive,mid,mixed,63,B_tail_entry_skipped,2026-07-02,MTRN,,,,,,
cons17+nofund,aggressive,mid,mixed,63,B_tail_entry_skipped,2026-07-02,NWPX,,,,,,
cons17+nofund,aggressive,mid,mixed,63,B_tail_entry_skipped,2026-07-02,INTC,,,,,,
cons17+nofund,aggressive,mid,mixed,63,B_tail_entry_skipped,2026-07-02,UMC,,,,,,
cons17+nofund,aggressive,mid,mixed,63,B_tail_entry_skipped,2026-07-02,BNY,,,,,,
cons17+nofund,aggressive,mid,mixed,63,B_tail_entry_skipped,2026-07-02,AMAT,,,,,,
cons17+nofund,aggressive,mid,mixed,63,B_tail_entry_skipped,2026-07-02,DELL,,,,,,
cons17+nofund,aggressive,mid,mixed,63,B_tail_entry_skipped,2026-07-02,SYRE,,,,,,
cons17+nofund,aggressive,mid,mixed,63,B_tail_entry_skipped,2026-07-02,PLXS,,,,,,
cons17+nofund,aggressive,mid,mixed,63,B_tail_entry_skipped,2026-07-02,ATEN,,,,,,
cons17+nofund,aggressive,mid,mixed,63,B_tail_entry_skipped,2026-07-02,BAND,,,,,,
cons17+nofund,aggressive,mid,mixed,63,B_tail_entry_skipped,2026-07-02,BTSG,,,,,,
cons17+nofund,aggressive,mid,mixed,63,B_tail_entry_skipped,2026-07-02,AXSM,,,,,,
cons17+nofund,aggressive,mid,mixed,63,B_tail_entry_skipped,2026-07-02,DCO,,,,,,
cons17+nofund,aggressive,mid,mixed,63,B_tail_entry_skipped,2026-07-02,TXG,,,,,,
cons17+nofund,aggressive,mid,mixed,63,B_tail_entry_skipped,2026-07-02,EVC,,,,,,
cons17+nofund,aggressive,mid,mixed,63,B_tail_entry_skipped,2026-07-10,ATEX,,,,,,
cons17+nofund,aggressive,mid,mixed,63,B_tail_entry_skipped,2026-07-10,NWPX,,,,,,
cons17+nofund,aggressive,mid,mixed,63,B_tail_entry_skipped,2026-07-10,STM,,,,,,
cons17+nofund,aggressive,mid,mixed,63,B_tail_entry_skipped,2026-07-10,LQDA,,,,,,
cons17+nofund,aggressive,mid,mixed,63,B_tail_entry_skipped,2026-07-10,MTRN,,,,,,
cons17+nofund,aggressive,mid,mixed,63,B_tail_entry_skipped,2026-07-10,BTSG,,,,,,
cons17+nofund,aggressive,mid,mixed,63,B_tail_entry_skipped,2026-07-10,BB,,,,,,
cons17+nofund,aggressive,mid,mixed,63,B_tail_entry_skipped,2026-07-10,UMC,,,,,,
cons17+nofund,aggressive,mid,mixed,63,B_tail_entry_skipped,2026-07-10,MEC,,,,,,
cons17+nofund,aggressive,mid,mixed,63,B_tail_entry_skipped,2026-07-10,MU,,,,,,
cons17+nofund,aggressive,mid,mixed,63,B_tail_entry_skipped,2026-07-10,BNY,,,,,,
cons17+nofund,aggressive,mid,mixed,63,B_tail_entry_skipped,2026-07-10,STX,,,,,,
cons17+nofund,aggressive,mid,mixed,63,B_tail_entry_skipped,2026-07-10,ATEN,,,,,,
cons17+nofund,aggressive,mid,mixed,63,B_tail_entry_skipped,2026-07-10,ARM,,,,,,
cons17+nofund,aggressive,mid,mixed,63,B_tail_entry_skipped,2026-07-10,SIMO,,,,,,
cons17+nofund,aggressive,mid,mixed,63,B_tail_entry_skipped,2026-07-10,VSTS,,,,,,
cons17+nofund,aggressive,mid,mixed,63,B_tail_entry_skipped,2026-07-10,ECPG,,,,,,
cons17+nofund,aggressive,mid,mixed,63,B_tail_entry_skipped,2026-07-10,EVC,,,,,,
cons17+nofund,aggressive,mid,mixed,63,B_tail_entry_skipped,2026-07-10,WDC,,,,,,
cons17+nofund,aggressive,mid,mixed,63,B_tail_entry_skipped,2026-07-10,TNGX,,,,,,
cons17+nofund,aggressive,mid,mixed,63,B_tail_entry_skipped,2026-07-17,ATEX,,,,,,
cons17+nofund,aggressive,mid,mixed,63,B_tail_entry_skipped,2026-07-17,ORKA,,,,,,
cons17+nofund,aggressive,mid,mixed,63,B_tail_entry_skipped,2026-07-17,RLAY,,,,,,
cons17+nofund,aggressive,mid,mixed,63,B_tail_entry_skipped,2026-07-17,BTSG,,,,,,
cons17+nofund,aggressive,mid,mixed,63,B_tail_entry_skipped,2026-07-17,ATEN,,,,,,
cons17+nofund,aggressive,mid,mixed,63,B_tail_entry_skipped,2026-07-17,SYRE,,,,,,
cons17+nofund,aggressive,mid,mixed,63,B_tail_entry_skipped,2026-07-17,TWST,,,,,,
cons17+nofund,aggressive,mid,mixed,63,B_tail_entry_skipped,2026-07-17,CLYM,,,,,,
cons17+nofund,aggressive,mid,mixed,63,B_tail_entry_skipped,2026-07-17,BNY,,,,,,
cons17+nofund,aggressive,mid,mixed,63,B_tail_entry_skipped,2026-07-17,NWPX,,,,,,
cons17+nofund,aggressive,mid,mixed,63,B_tail_entry_skipped,2026-07-17,EVC,,,,,,
cons17+nofund,aggressive,mid,mixed,63,B_tail_entry_skipped,2026-07-17,URGN,,,,,,
cons17+nofund,aggressive,mid,mixed,63,B_tail_entry_skipped,2026-07-17,VSTS,,,,,,
cons17+nofund,aggressive,mid,mixed,63,B_tail_entry_skipped,2026-07-17,TIGO,,,,,,
cons17+nofund,aggressive,mid,mixed,63,B_tail_entry_skipped,2026-07-17,NHC,,,,,,
cons17+nofund,aggressive,mid,mixed,63,B_tail_entry_skipped,2026-07-17,LQDA,,,,,,
cons17+nofund,aggressive,mid,mixed,63,B_tail_entry_skipped,2026-07-17,HPE,,,,,,
cons17+nofund,aggressive,mid,mixed,63,B_tail_entry_skipped,2026-07-17,PEB,,,,,,
cons17+nofund,aggressive,mid,mixed,63,B_tail_entry_skipped,2026-07-17,DCO,,,,,,
cons17+nofund,aggressive,mid,mixed,63,B_tail_entry_skipped,2026-07-17,MITK,,,,,,
cons17+nofund,aggressive,mid,mixed,63,B_tail_entry_skipped,2026-07-24,XLF,,,,,,
cons17+nofund,aggressive,mid,mixed,63,B_tail_entry_skipped,2026-07-24,SYRE,,,,,,
cons17+nofund,aggressive,mid,mixed,63,B_tail_entry_skipped,2026-07-24,ECPG,,,,,,
cons17+nofund,aggressive,mid,mixed,63,B_tail_entry_skipped,2026-07-24,ETON,,,,,,
cons17+nofund,aggressive,mid,mixed,63,B_tail_entry_skipped,2026-07-24,BNY,,,,,,
cons17+nofund,aggressive,mid,mixed,63,B_tail_entry_skipped,2026-07-24,NWPX,,,,,,
cons17+nofund,aggressive,mid,mixed,63,B_tail_entry_skipped,2026-07-24,HPE,,,,,,
cons17+nofund,aggressive,mid,mixed,63,B_tail_entry_skipped,2026-07-24,DELL,,,,,,
cons17+nofund,aggressive,mid,mixed,63,B_tail_entry_skipped,2026-07-24,DNTH,,,,,,
cons17+nofund,aggressive,mid,mixed,63,B_tail_entry_skipped,2026-07-24,VSTS,,,,,,
cons17+nofund,aggressive,mid,mixed,63,B_tail_entry_skipped,2026-07-24,ROIV,,,,,,
cons17+nofund,aggressive,mid,mixed,63,B_tail_entry_skipped,2026-07-24,TRVI,,,,,,
cons17+nofund,aggressive,mid,mixed,63,B_tail_entry_skipped,2026-07-24,ELVN,,,,,,
cons17+nofund,aggressive,mid,mixed,63,B_tail_entry_skipped,2026-07-24,EVC,,,,,,
cons17+nofund,aggressive,mid,mixed,63,B_tail_entry_skipped,2026-07-24,RLAY,,,,,,
cons17+nofund,aggressive,mid,mixed,63,B_tail_entry_skipped,2026-07-24,STT,,,,,,
cons17+nofund,aggressive,mid,mixed,63,B_tail_entry_skipped,2026-07-24,RVMD,,,,,,
cons17+nofund,aggressive,mid,mixed,63,B_tail_entry_skipped,2026-07-24,LQDA,,,,,,
cons17+nofund,aggressive,mid,mixed,63,B_tail_entry_skipped,2026-07-24,WTTR,,,,,,
cons17+nofund,aggressive,mid,mixed,63,B_tail_entry_skipped,2026-07-24,JAZZ,,,,,,
cons17+nofund,aggressive,mid,mixed,63,B_tail_entry_skipped,2026-07-31,ATEX,,,,,,
cons17+nofund,aggressive,mid,mixed,63,B_tail_entry_skipped,2026-07-31,ETON,,,,,,
cons17+nofund,aggressive,mid,mixed,63,B_tail_entry_skipped,2026-07-31,APGE,,,,,,
cons17+nofund,aggressive,mid,mixed,63,B_tail_entry_skipped,2026-07-31,PEB,,,,,,
cons17+nofund,aggressive,mid,mixed,63,B_tail_entry_skipped,2026-07-31,CLMT,,,,,,
cons17+nofund,aggressive,mid,mixed,63,B_tail_entry_skipped,2026-07-31,TIGO,,,,,,
cons17+nofund,aggressive,mid,mixed,63,B_tail_entry_skipped,2026-07-31,NHC,,,,,,
cons17+nofund,aggressive,mid,mixed,63,B_tail_entry_skipped,2026-07-31,TVTX,,,,,,
cons17+nofund,aggressive,mid,mixed,63,B_tail_entry_skipped,2026-07-31,RVMD,,,,,,
cons17+nofund,aggressive,mid,mixed,63,B_tail_entry_skipped,2026-07-31,DIA,,,,,,
cons17+nofund,aggressive,mid,mixed,63,B_tail_entry_skipped,2026-07-31,DK,,,,,,
cons17+nofund,aggressive,mid,mixed,63,B_tail_entry_skipped,2026-07-31,FTNT,,,,,,
cons17+nofund,aggressive,mid,mixed,63,B_tail_entry_skipped,2026-07-31,JAZZ,,,,,,
cons17+nofund,aggressive,mid,mixed,63,B_tail_entry_skipped,2026-07-31,PANW,,,,,,
cons17+nofund,aggressive,mid,mixed,63,B_tail_entry_skipped,2026-07-31,TRVI,,,,,,
cons17+nofund,aggressive,mid,mixed,63,B_tail_entry_skipped,2026-07-31,LQDA,,,,,,
cons17+nofund,aggressive,mid,mixed,63,B_tail_entry_skipped,2026-07-31,TD,,,,,,
cons17+nofund,aggressive,mid,mixed,63,B_tail_entry_skipped,2026-07-31,CVS,,,,,,
cons17+nofund,aggressive,mid,mixed,63,B_tail_entry_skipped,2026-07-31,URGN,,,,,,
cons17+nofund,aggressive,mid,mixed,63,B_tail_entry_skipped,2026-07-31,RLJ,,,,,,
cons17+nofund,aggressive,mid,mixed,63,B_tail_entry_skipped,2026-08-07,XLF,,,,,,
cons17+nofund,aggressive,mid,mixed,63,B_tail_entry_skipped,2026-08-07,APGE,,,,,,
cons17+nofund,aggressive,mid,mixed,63,B_tail_entry_skipped,2026-08-07,TXG,,,,,,
cons17+nofund,aggressive,mid,mixed,63,B_tail_entry_skipped,2026-08-07,ETON,,,,,,
cons17+nofund,aggressive,mid,mixed,63,B_tail_entry_skipped,2026-08-07,RVMD,,,,,,
cons17+nofund,aggressive,mid,mixed,63,B_tail_entry_skipped,2026-08-07,LQDA,,,,,,
cons17+nofund,aggressive,mid,mixed,63,B_tail_entry_skipped,2026-08-07,DNTH,,,,,,
cons17+nofund,aggressive,mid,mixed,63,B_tail_entry_skipped,2026-08-07,DIA,,,,,,
cons17+nofund,aggressive,mid,mixed,63,B_tail_entry_skipped,2026-08-07,NRIX,,,,,,
cons17+nofund,aggressive,mid,mixed,63,B_tail_entry_skipped,2026-08-07,ELVN,,,,,,
cons17+nofund,aggressive,mid,mixed,63,B_tail_entry_skipped,2026-08-07,TRVI,,,,,,
cons17+nofund,aggressive,mid,mixed,63,B_tail_entry_skipped,2026-08-07,GH,,,,,,
cons17+nofund,aggressive,mid,mixed,63,B_tail_entry_skipped,2026-08-07,MBX,,,,,,
cons17+nofund,aggressive,mid,mixed,63,B_tail_entry_skipped,2026-08-07,LFST,,,,,,
cons17+nofund,aggressive,mid,mixed,63,B_tail_entry_skipped,2026-08-07,MNPR,,,,,,
cons17+nofund,aggressive,mid,mixed,63,B_tail_entry_skipped,2026-08-07,URGN,,,,,,
cons17+nofund,aggressive,mid,mixed,63,B_tail_entry_skipped,2026-08-07,ORKA,,,,,,
cons17+nofund,aggressive,mid,mixed,63,B_tail_entry_skipped,2026-08-07,PSNL,,,,,,
cons17+nofund,aggressive,mid,mixed,63,B_tail_entry_skipped,2026-08-07,DGII,,,,,,
cons17+nofund,aggressive,mid,mixed,63,B_tail_entry_skipped,2026-08-07,CDNA,,,,,,
cons17+nofund,aggressive,mid,mixed,63,B_tail_entry_skipped,2026-08-14,XLF,,,,,,
cons17+nofund,aggressive,mid,mixed,63,B_tail_entry_skipped,2026-08-14,APGE,,,,,,
cons17+nofund,aggressive,mid,mixed,63,B_tail_entry_skipped,2026-08-14,RLAY,,,,,,
cons17+nofund,aggressive,mid,mixed,63,B_tail_entry_skipped,2026-08-14,STT,,,,,,
cons17+nofund,aggressive,mid,mixed,63,B_tail_entry_skipped,2026-08-14,FTNT,,,,,,
cons17+nofund,aggressive,mid,mixed,63,B_tail_entry_skipped,2026-08-14,SYRE,,,,,,
cons17+nofund,aggressive,mid,mixed,63,B_tail_entry_skipped,2026-08-14,ECPG,,,,,,
cons17+nofund,aggressive,mid,mixed,63,B_tail_entry_skipped,2026-08-14,ORKA,,,,,,
cons17+nofund,aggressive,mid,mixed,63,B_tail_entry_skipped,2026-08-14,URGN,,,,,,
cons17+nofund,aggressive,mid,mixed,63,B_tail_entry_skipped,2026-08-14,CDNA,,,,,,
cons17+nofund,aggressive,mid,mixed,63,B_tail_entry_skipped,2026-08-14,TVTX,,,,,,
cons17+nofund,aggressive,mid,mixed,63,B_tail_entry_skipped,2026-08-14,ELVN,,,,,,
cons17+nofund,aggressive,mid,mixed,63,B_tail_entry_skipped,2026-08-14,RVMD,,,,,,
cons17+nofund,aggressive,mid,mixed,63,B_tail_entry_skipped,2026-08-14,DELL,,,,,,
cons17+nofund,aggressive,mid,mixed,63,B_tail_entry_skipped,2026-08-14,AAMI,,,,,,
cons17+nofund,aggressive,mid,mixed,63,B_tail_entry_skipped,2026-08-14,LGND,,,,,,
cons17+nofund,aggressive,mid,mixed,63,B_tail_entry_skipped,2026-08-14,TXG,,,,,,
cons17+nofund,aggressive,mid,mixed,63,B_tail_entry_skipped,2026-08-14,DIA,,,,,,
cons17+nofund,aggressive,mid,mixed,63,B_tail_entry_skipped,2026-08-14,PANW,,,,,,
cons17+nofund,aggressive,mid,mixed,63,B_tail_entry_skipped,2026-08-14,SLS,,,,,,
cons17+nofund,aggressive,mid,mixed,63,B_tail_entry_skipped,2026-08-21,XLF,,,,,,
cons17+nofund,aggressive,mid,mixed,63,B_tail_entry_skipped,2026-08-21,TXG,,,,,,
cons17+nofund,aggressive,mid,mixed,63,B_tail_entry_skipped,2026-08-21,MRVI,,,,,,
cons17+nofund,aggressive,mid,mixed,63,B_tail_entry_skipped,2026-08-21,ELVN,,,,,,
cons17+nofund,aggressive,mid,mixed,63,B_tail_entry_skipped,2026-08-21,TWST,,,,,,
cons17+nofund,aggressive,mid,mixed,63,B_tail_entry_skipped,2026-08-21,APGE,,,,,,
cons17+nofund,aggressive,mid,mixed,63,B_tail_entry_skipped,2026-08-21,URGN,,,,,,
cons17+nofund,aggressive,mid,mixed,63,B_tail_entry_skipped,2026-08-21,TVTX,,,,,,
cons17+nofund,aggressive,mid,mixed,63,B_tail_entry_skipped,2026-08-21,BJRI,,,,,,
cons17+nofund,aggressive,mid,mixed,63,B_tail_entry_skipped,2026-08-21,CDNA,,,,,,
cons17+nofund,aggressive,mid,mixed,63,B_tail_entry_skipped,2026-08-21,XNCR,,,,,,
cons17+nofund,aggressive,mid,mixed,63,B_tail_entry_skipped,2026-08-21,BFLY,,,,,,
cons17+nofund,aggressive,mid,mixed,63,B_tail_entry_skipped,2026-08-21,ETON,,,,,,
cons17+nofund,aggressive,mid,mixed,63,B_tail_entry_skipped,2026-08-21,CXW,,,,,,
cons17+nofund,aggressive,mid,mixed,63,B_tail_entry_skipped,2026-08-21,RVMD,,,,,,
cons17+nofund,aggressive,mid,mixed,63,B_tail_entry_skipped,2026-08-21,ORKA,,,,,,
cons17+nofund,aggressive,mid,mixed,63,B_tail_entry_skipped,2026-08-21,DIA,,,,,,
cons17+nofund,aggressive,mid,mixed,63,B_tail_entry_skipped,2026-08-21,AAMI,,,,,,
cons17+nofund,aggressive,mid,mixed,63,B_tail_entry_skipped,2026-08-21,NEO,,,,,,
cons17+nofund,aggressive,mid,mixed,63,B_tail_entry_skipped,2026-08-21,NHC,,,,,,
cons17+nofund,aggressive,mid,mixed,63,B_tail_entry_skipped,2026-08-28,XLF,,,,,,
cons17+nofund,aggressive,mid,mixed,63,B_tail_entry_skipped,2026-08-28,TXG,,,,,,
cons17+nofund,aggressive,mid,mixed,63,B_tail_entry_skipped,2026-08-28,MPC,,,,,,
cons17+nofund,aggressive,mid,mixed,63,B_tail_entry_skipped,2026-08-28,DINO,,,,,,
cons17+nofund,aggressive,mid,mixed,63,B_tail_entry_skipped,2026-08-28,TWST,,,,,,
cons17+nofund,aggressive,mid,mixed,63,B_tail_entry_skipped,2026-08-28,DK,,,,,,
cons17+nofund,aggressive,mid,mixed,63,B_tail_entry_skipped,2026-08-28,PBF,,,,,,
cons17+nofund,aggressive,mid,mixed,63,B_tail_entry_skipped,2026-08-28,NRIX,,,,,,
cons17+nofund,aggressive,mid,mixed,63,B_tail_entry_skipped,2026-08-28,CAKE,,,,,,
cons17+nofund,aggressive,mid,mixed,63,B_tail_entry_skipped,2026-08-28,XNCR,,,,,,
cons17+nofund,aggressive,mid,mixed,63,B_tail_entry_skipped,2026-08-28,APGE,,,,,,
cons17+nofund,aggressive,mid,mixed,63,B_tail_entry_skipped,2026-08-28,BNY,,,,,,
cons17+nofund,aggressive,mid,mixed,63,B_tail_entry_skipped,2026-08-28,DELL,,,,,,
cons17+nofund,aggressive,mid,mixed,63,B_tail_entry_skipped,2026-08-28,CDNA,,,,,,
cons17+nofund,aggressive,mid,mixed,63,B_tail_entry_skipped,2026-08-28,MRVI,,,,,,
cons17+nofund,aggressive,mid,mixed,63,B_tail_entry_skipped,2026-08-28,HPE,,,,,,
cons17+nofund,aggressive,mid,mixed,63,B_tail_entry_skipped,2026-08-28,ETON,,,,,,
cons17+nofund,aggressive,mid,mixed,63,B_tail_entry_skipped,2026-08-28,NEO,,,,,,
cons17+nofund,aggressive,mid,mixed,63,B_tail_entry_skipped,2026-08-28,SPCX,,,,,,
cons17+nofund,aggressive,mid,mixed,63,B_tail_entry_skipped,2026-08-28,KNSA,,,,,,
cons17+nofund,aggressive,mid,mixed,63,B_tail_entry_skipped,2026-09-04,CDNA,,,,,,
cons17+nofund,aggressive,mid,mixed,63,B_tail_entry_skipped,2026-09-04,XLF,,,,,,
cons17+nofund,aggressive,mid,mixed,63,B_tail_entry_skipped,2026-09-04,TXG,,,,,,
cons17+nofund,aggressive,mid,mixed,63,B_tail_entry_skipped,2026-09-04,ETON,,,,,,
cons17+nofund,aggressive,mid,mixed,63,B_tail_entry_skipped,2026-09-04,STT,,,,,,
cons17+nofund,aggressive,mid,mixed,63,B_tail_entry_skipped,2026-09-04,TWST,,,,,,
cons17+nofund,aggressive,mid,mixed,63,B_tail_entry_skipped,2026-09-04,RVMD,,,,,,
cons17+nofund,aggressive,mid,mixed,63,B_tail_entry_skipped,2026-09-04,GH,,,,,,
cons17+nofund,aggressive,mid,mixed,63,B_tail_entry_skipped,2026-09-04,CLYM,,,,,,
cons17+nofund,aggressive,mid,mixed,63,B_tail_entry_skipped,2026-09-04,PLSE,,,,,,
cons17+nofund,aggressive,mid,mixed,63,B_tail_entry_skipped,2026-09-04,XNCR,,,,,,
cons17+nofund,aggressive,mid,mixed,63,B_tail_entry_skipped,2026-09-04,NRIX,,,,,,
cons17+nofund,aggressive,mid,mixed,63,B_tail_entry_skipped,2026-09-04,ILMN,,,,,,
cons17+nofund,aggressive,mid,mixed,63,B_tail_entry_skipped,2026-09-04,ATAI,,,,,,
cons17+nofund,aggressive,mid,mixed,63,B_tail_entry_skipped,2026-09-04,AMLX,,,,,,
cons17+nofund,aggressive,mid,mixed,63,B_tail_entry_skipped,2026-09-04,CAKE,,,,,,
cons17+nofund,aggressive,mid,mixed,63,B_tail_entry_skipped,2026-09-04,MNPR,,,,,,
cons17+nofund,aggressive,mid,mixed,63,B_tail_entry_skipped,2026-09-04,DELL,,,,,,
cons17+nofund,aggressive,mid,mixed,63,B_tail_entry_skipped,2026-09-04,URGN,,,,,,
cons17+nofund,aggressive,mid,mixed,63,B_tail_entry_skipped,2026-09-04,NTAP,,,,,,
cons17+nofund,aggressive,mid,mixed,63,B_tail_entry_skipped,2026-09-14,TXG,,,,,,
cons17+nofund,aggressive,mid,mixed,63,B_tail_entry_skipped,2026-09-14,CDNA,,,,,,
cons17+nofund,aggressive,mid,mixed,63,B_tail_entry_skipped,2026-09-14,TWST,,,,,,
cons17+nofund,aggressive,mid,mixed,63,B_tail_entry_skipped,2026-09-14,PLSE,,,,,,
cons17+nofund,aggressive,mid,mixed,63,B_tail_entry_skipped,2026-09-14,CLMT,,,,,,
cons17+nofund,aggressive,mid,mixed,63,B_tail_entry_skipped,2026-09-14,NEO,,,,,,
cons17+nofund,aggressive,mid,mixed,63,B_tail_entry_skipped,2026-09-14,PTGX,,,,,,
cons17+nofund,aggressive,mid,mixed,63,B_tail_entry_skipped,2026-09-14,FTNT,,,,,,
cons17+nofund,aggressive,mid,mixed,63,B_tail_entry_skipped,2026-09-14,MPC,,,,,,
cons17+nofund,aggressive,mid,mixed,63,B_tail_entry_skipped,2026-09-14,CRWD,,,,,,
cons17+nofund,aggressive,mid,mixed,63,B_tail_entry_skipped,2026-09-14,CHEF,,,,,,
cons17+nofund,aggressive,mid,mixed,63,B_tail_entry_skipped,2026-09-14,RVMD,,,,,,
cons17+nofund,aggressive,mid,mixed,63,B_tail_entry_skipped,2026-09-14,ECO,,,,,,
cons17+nofund,aggressive,mid,mixed,63,B_tail_entry_skipped,2026-09-14,MATX,,,,,,
cons17+nofund,aggressive,mid,mixed,63,B_tail_entry_skipped,2026-09-14,RNG,,,,,,
cons17+nofund,aggressive,mid,mixed,63,B_tail_entry_skipped,2026-09-14,DELL,,,,,,
cons17+nofund,aggressive,mid,mixed,63,B_tail_entry_skipped,2026-09-14,INSW,,,,,,
cons17+nofund,aggressive,mid,mixed,63,B_tail_entry_skipped,2026-09-14,ABCL,,,,,,
cons17+nofund,aggressive,mid,mixed,63,B_tail_entry_skipped,2026-09-14,GH,,,,,,
cons17+nofund,aggressive,mid,mixed,63,B_tail_entry_skipped,2026-09-14,VLO,,,,,,
cons17+nofund,aggressive,mid,stock,63,B_tail_entry_skipped,2026-07-02,AMD,,,,,,
cons17+nofund,aggressive,mid,stock,63,B_tail_entry_skipped,2026-07-02,KLIC,,,,,,
cons17+nofund,aggressive,mid,stock,63,B_tail_entry_skipped,2026-07-02,SIMO,,,,,,
cons17+nofund,aggressive,mid,stock,63,B_tail_entry_skipped,2026-07-02,ATEX,,,,,,
cons17+nofund,aggressive,mid,stock,63,B_tail_entry_skipped,2026-07-02,MTRN,,,,,,
cons17+nofund,aggressive,mid,stock,63,B_tail_entry_skipped,2026-07-02,NWPX,,,,,,
cons17+nofund,aggressive,mid,stock,63,B_tail_entry_skipped,2026-07-02,INTC,,,,,,
cons17+nofund,aggressive,mid,stock,63,B_tail_entry_skipped,2026-07-02,UMC,,,,,,
cons17+nofund,aggressive,mid,stock,63,B_tail_entry_skipped,2026-07-02,BNY,,,,,,
cons17+nofund,aggressive,mid,stock,63,B_tail_entry_skipped,2026-07-02,AMAT,,,,,,
cons17+nofund,aggressive,mid,stock,63,B_tail_entry_skipped,2026-07-02,DELL,,,,,,
cons17+nofund,aggressive,mid,stock,63,B_tail_entry_skipped,2026-07-02,SYRE,,,,,,
cons17+nofund,aggressive,mid,stock,63,B_tail_entry_skipped,2026-07-02,PLXS,,,,,,
cons17+nofund,aggressive,mid,stock,63,B_tail_entry_skipped,2026-07-02,ATEN,,,,,,
cons17+nofund,aggressive,mid,stock,63,B_tail_entry_skipped,2026-07-02,BAND,,,,,,
cons17+nofund,aggressive,mid,stock,63,B_tail_entry_skipped,2026-07-02,BTSG,,,,,,
cons17+nofund,aggressive,mid,stock,63,B_tail_entry_skipped,2026-07-02,AXSM,,,,,,
cons17+nofund,aggressive,mid,stock,63,B_tail_entry_skipped,2026-07-02,DCO,,,,,,
cons17+nofund,aggressive,mid,stock,63,B_tail_entry_skipped,2026-07-02,TXG,,,,,,
cons17+nofund,aggressive,mid,stock,63,B_tail_entry_skipped,2026-07-02,EVC,,,,,,
cons17+nofund,aggressive,mid,stock,63,B_tail_entry_skipped,2026-07-10,ATEX,,,,,,
cons17+nofund,aggressive,mid,stock,63,B_tail_entry_skipped,2026-07-10,NWPX,,,,,,
cons17+nofund,aggressive,mid,stock,63,B_tail_entry_skipped,2026-07-10,STM,,,,,,
cons17+nofund,aggressive,mid,stock,63,B_tail_entry_skipped,2026-07-10,LQDA,,,,,,
cons17+nofund,aggressive,mid,stock,63,B_tail_entry_skipped,2026-07-10,MTRN,,,,,,
cons17+nofund,aggressive,mid,stock,63,B_tail_entry_skipped,2026-07-10,BTSG,,,,,,
cons17+nofund,aggressive,mid,stock,63,B_tail_entry_skipped,2026-07-10,BB,,,,,,
cons17+nofund,aggressive,mid,stock,63,B_tail_entry_skipped,2026-07-10,UMC,,,,,,
cons17+nofund,aggressive,mid,stock,63,B_tail_entry_skipped,2026-07-10,MEC,,,,,,
cons17+nofund,aggressive,mid,stock,63,B_tail_entry_skipped,2026-07-10,MU,,,,,,
cons17+nofund,aggressive,mid,stock,63,B_tail_entry_skipped,2026-07-10,BNY,,,,,,
cons17+nofund,aggressive,mid,stock,63,B_tail_entry_skipped,2026-07-10,STX,,,,,,
cons17+nofund,aggressive,mid,stock,63,B_tail_entry_skipped,2026-07-10,ATEN,,,,,,
cons17+nofund,aggressive,mid,stock,63,B_tail_entry_skipped,2026-07-10,ARM,,,,,,
cons17+nofund,aggressive,mid,stock,63,B_tail_entry_skipped,2026-07-10,SIMO,,,,,,
cons17+nofund,aggressive,mid,stock,63,B_tail_entry_skipped,2026-07-10,VSTS,,,,,,
cons17+nofund,aggressive,mid,stock,63,B_tail_entry_skipped,2026-07-10,ECPG,,,,,,
cons17+nofund,aggressive,mid,stock,63,B_tail_entry_skipped,2026-07-10,EVC,,,,,,
cons17+nofund,aggressive,mid,stock,63,B_tail_entry_skipped,2026-07-10,WDC,,,,,,
cons17+nofund,aggressive,mid,stock,63,B_tail_entry_skipped,2026-07-10,TNGX,,,,,,
cons17+nofund,aggressive,mid,stock,63,B_tail_entry_skipped,2026-07-17,ATEX,,,,,,
cons17+nofund,aggressive,mid,stock,63,B_tail_entry_skipped,2026-07-17,ORKA,,,,,,
cons17+nofund,aggressive,mid,stock,63,B_tail_entry_skipped,2026-07-17,RLAY,,,,,,
cons17+nofund,aggressive,mid,stock,63,B_tail_entry_skipped,2026-07-17,BTSG,,,,,,
cons17+nofund,aggressive,mid,stock,63,B_tail_entry_skipped,2026-07-17,ATEN,,,,,,
cons17+nofund,aggressive,mid,stock,63,B_tail_entry_skipped,2026-07-17,SYRE,,,,,,
cons17+nofund,aggressive,mid,stock,63,B_tail_entry_skipped,2026-07-17,TWST,,,,,,
cons17+nofund,aggressive,mid,stock,63,B_tail_entry_skipped,2026-07-17,CLYM,,,,,,
cons17+nofund,aggressive,mid,stock,63,B_tail_entry_skipped,2026-07-17,BNY,,,,,,
cons17+nofund,aggressive,mid,stock,63,B_tail_entry_skipped,2026-07-17,NWPX,,,,,,
cons17+nofund,aggressive,mid,stock,63,B_tail_entry_skipped,2026-07-17,EVC,,,,,,
cons17+nofund,aggressive,mid,stock,63,B_tail_entry_skipped,2026-07-17,URGN,,,,,,
cons17+nofund,aggressive,mid,stock,63,B_tail_entry_skipped,2026-07-17,VSTS,,,,,,
cons17+nofund,aggressive,mid,stock,63,B_tail_entry_skipped,2026-07-17,TIGO,,,,,,
cons17+nofund,aggressive,mid,stock,63,B_tail_entry_skipped,2026-07-17,NHC,,,,,,
cons17+nofund,aggressive,mid,stock,63,B_tail_entry_skipped,2026-07-17,LQDA,,,,,,
cons17+nofund,aggressive,mid,stock,63,B_tail_entry_skipped,2026-07-17,HPE,,,,,,
cons17+nofund,aggressive,mid,stock,63,B_tail_entry_skipped,2026-07-17,PEB,,,,,,
cons17+nofund,aggressive,mid,stock,63,B_tail_entry_skipped,2026-07-17,DCO,,,,,,
cons17+nofund,aggressive,mid,stock,63,B_tail_entry_skipped,2026-07-17,MITK,,,,,,
cons17+nofund,aggressive,mid,stock,63,B_tail_entry_skipped,2026-07-24,SYRE,,,,,,
cons17+nofund,aggressive,mid,stock,63,B_tail_entry_skipped,2026-07-24,ECPG,,,,,,
cons17+nofund,aggressive,mid,stock,63,B_tail_entry_skipped,2026-07-24,ETON,,,,,,
cons17+nofund,aggressive,mid,stock,63,B_tail_entry_skipped,2026-07-24,BNY,,,,,,
cons17+nofund,aggressive,mid,stock,63,B_tail_entry_skipped,2026-07-24,NWPX,,,,,,
cons17+nofund,aggressive,mid,stock,63,B_tail_entry_skipped,2026-07-24,HPE,,,,,,
cons17+nofund,aggressive,mid,stock,63,B_tail_entry_skipped,2026-07-24,DELL,,,,,,
cons17+nofund,aggressive,mid,stock,63,B_tail_entry_skipped,2026-07-24,DNTH,,,,,,
cons17+nofund,aggressive,mid,stock,63,B_tail_entry_skipped,2026-07-24,VSTS,,,,,,
cons17+nofund,aggressive,mid,stock,63,B_tail_entry_skipped,2026-07-24,ROIV,,,,,,
cons17+nofund,aggressive,mid,stock,63,B_tail_entry_skipped,2026-07-24,TRVI,,,,,,
cons17+nofund,aggressive,mid,stock,63,B_tail_entry_skipped,2026-07-24,ELVN,,,,,,
cons17+nofund,aggressive,mid,stock,63,B_tail_entry_skipped,2026-07-24,EVC,,,,,,
cons17+nofund,aggressive,mid,stock,63,B_tail_entry_skipped,2026-07-24,RLAY,,,,,,
cons17+nofund,aggressive,mid,stock,63,B_tail_entry_skipped,2026-07-24,STT,,,,,,
cons17+nofund,aggressive,mid,stock,63,B_tail_entry_skipped,2026-07-24,RVMD,,,,,,
cons17+nofund,aggressive,mid,stock,63,B_tail_entry_skipped,2026-07-24,LQDA,,,,,,
cons17+nofund,aggressive,mid,stock,63,B_tail_entry_skipped,2026-07-24,WTTR,,,,,,
cons17+nofund,aggressive,mid,stock,63,B_tail_entry_skipped,2026-07-24,JAZZ,,,,,,
cons17+nofund,aggressive,mid,stock,63,B_tail_entry_skipped,2026-07-24,RSI,,,,,,
cons17+nofund,aggressive,mid,stock,63,B_tail_entry_skipped,2026-07-31,ATEX,,,,,,
cons17+nofund,aggressive,mid,stock,63,B_tail_entry_skipped,2026-07-31,ETON,,,,,,
cons17+nofund,aggressive,mid,stock,63,B_tail_entry_skipped,2026-07-31,APGE,,,,,,
cons17+nofund,aggressive,mid,stock,63,B_tail_entry_skipped,2026-07-31,PEB,,,,,,
cons17+nofund,aggressive,mid,stock,63,B_tail_entry_skipped,2026-07-31,CLMT,,,,,,
cons17+nofund,aggressive,mid,stock,63,B_tail_entry_skipped,2026-07-31,TIGO,,,,,,
cons17+nofund,aggressive,mid,stock,63,B_tail_entry_skipped,2026-07-31,NHC,,,,,,
cons17+nofund,aggressive,mid,stock,63,B_tail_entry_skipped,2026-07-31,TVTX,,,,,,
cons17+nofund,aggressive,mid,stock,63,B_tail_entry_skipped,2026-07-31,RVMD,,,,,,
cons17+nofund,aggressive,mid,stock,63,B_tail_entry_skipped,2026-07-31,DK,,,,,,
cons17+nofund,aggressive,mid,stock,63,B_tail_entry_skipped,2026-07-31,FTNT,,,,,,
cons17+nofund,aggressive,mid,stock,63,B_tail_entry_skipped,2026-07-31,JAZZ,,,,,,
cons17+nofund,aggressive,mid,stock,63,B_tail_entry_skipped,2026-07-31,PANW,,,,,,
cons17+nofund,aggressive,mid,stock,63,B_tail_entry_skipped,2026-07-31,TRVI,,,,,,
cons17+nofund,aggressive,mid,stock,63,B_tail_entry_skipped,2026-07-31,LQDA,,,,,,
cons17+nofund,aggressive,mid,stock,63,B_tail_entry_skipped,2026-07-31,TD,,,,,,
cons17+nofund,aggressive,mid,stock,63,B_tail_entry_skipped,2026-07-31,CVS,,,,,,
cons17+nofund,aggressive,mid,stock,63,B_tail_entry_skipped,2026-07-31,URGN,,,,,,
cons17+nofund,aggressive,mid,stock,63,B_tail_entry_skipped,2026-07-31,RLJ,,,,,,
cons17+nofund,aggressive,mid,stock,63,B_tail_entry_skipped,2026-07-31,HNGE,,,,,,
cons17+nofund,aggressive,mid,stock,63,B_tail_entry_skipped,2026-08-07,APGE,,,,,,
cons17+nofund,aggressive,mid,stock,63,B_tail_entry_skipped,2026-08-07,TXG,,,,,,
cons17+nofund,aggressive,mid,stock,63,B_tail_entry_skipped,2026-08-07,ETON,,,,,,
cons17+nofund,aggressive,mid,stock,63,B_tail_entry_skipped,2026-08-07,RVMD,,,,,,
cons17+nofund,aggressive,mid,stock,63,B_tail_entry_skipped,2026-08-07,LQDA,,,,,,
cons17+nofund,aggressive,mid,stock,63,B_tail_entry_skipped,2026-08-07,DNTH,,,,,,
cons17+nofund,aggressive,mid,stock,63,B_tail_entry_skipped,2026-08-07,NRIX,,,,,,
cons17+nofund,aggressive,mid,stock,63,B_tail_entry_skipped,2026-08-07,ELVN,,,,,,
cons17+nofund,aggressive,mid,stock,63,B_tail_entry_skipped,2026-08-07,TRVI,,,,,,
cons17+nofund,aggressive,mid,stock,63,B_tail_entry_skipped,2026-08-07,GH,,,,,,
cons17+nofund,aggressive,mid,stock,63,B_tail_entry_skipped,2026-08-07,MBX,,,,,,
cons17+nofund,aggressive,mid,stock,63,B_tail_entry_skipped,2026-08-07,LFST,,,,,,
cons17+nofund,aggressive,mid,stock,63,B_tail_entry_skipped,2026-08-07,MNPR,,,,,,
cons17+nofund,aggressive,mid,stock,63,B_tail_entry_skipped,2026-08-07,URGN,,,,,,
cons17+nofund,aggressive,mid,stock,63,B_tail_entry_skipped,2026-08-07,ORKA,,,,,,
cons17+nofund,aggressive,mid,stock,63,B_tail_entry_skipped,2026-08-07,PSNL,,,,,,
cons17+nofund,aggressive,mid,stock,63,B_tail_entry_skipped,2026-08-07,DGII,,,,,,
cons17+nofund,aggressive,mid,stock,63,B_tail_entry_skipped,2026-08-07,CDNA,,,,,,
cons17+nofund,aggressive,mid,stock,63,B_tail_entry_skipped,2026-08-07,NTAP,,,,,,
cons17+nofund,aggressive,mid,stock,63,B_tail_entry_skipped,2026-08-07,HNGE,,,,,,
cons17+nofund,aggressive,mid,stock,63,B_tail_entry_skipped,2026-08-14,APGE,,,,,,
cons17+nofund,aggressive,mid,stock,63,B_tail_entry_skipped,2026-08-14,RLAY,,,,,,
cons17+nofund,aggressive,mid,stock,63,B_tail_entry_skipped,2026-08-14,STT,,,,,,
cons17+nofund,aggressive,mid,stock,63,B_tail_entry_skipped,2026-08-14,FTNT,,,,,,
cons17+nofund,aggressive,mid,stock,63,B_tail_entry_skipped,2026-08-14,SYRE,,,,,,
cons17+nofund,aggressive,mid,stock,63,B_tail_entry_skipped,2026-08-14,ECPG,,,,,,
cons17+nofund,aggressive,mid,stock,63,B_tail_entry_skipped,2026-08-14,ORKA,,,,,,
cons17+nofund,aggressive,mid,stock,63,B_tail_entry_skipped,2026-08-14,URGN,,,,,,
cons17+nofund,aggressive,mid,stock,63,B_tail_entry_skipped,2026-08-14,CDNA,,,,,,
cons17+nofund,aggressive,mid,stock,63,B_tail_entry_skipped,2026-08-14,TVTX,,,,,,
cons17+nofund,aggressive,mid,stock,63,B_tail_entry_skipped,2026-08-14,ELVN,,,,,,
cons17+nofund,aggressive,mid,stock,63,B_tail_entry_skipped,2026-08-14,RVMD,,,,,,
cons17+nofund,aggressive,mid,stock,63,B_tail_entry_skipped,2026-08-14,DELL,,,,,,
cons17+nofund,aggressive,mid,stock,63,B_tail_entry_skipped,2026-08-14,AAMI,,,,,,
cons17+nofund,aggressive,mid,stock,63,B_tail_entry_skipped,2026-08-14,LGND,,,,,,
cons17+nofund,aggressive,mid,stock,63,B_tail_entry_skipped,2026-08-14,TXG,,,,,,
cons17+nofund,aggressive,mid,stock,63,B_tail_entry_skipped,2026-08-14,PANW,,,,,,
cons17+nofund,aggressive,mid,stock,63,B_tail_entry_skipped,2026-08-14,SLS,,,,,,
cons17+nofund,aggressive,mid,stock,63,B_tail_entry_skipped,2026-08-14,PBF,,,,,,
cons17+nofund,aggressive,mid,stock,63,B_tail_entry_skipped,2026-08-14,BNY,,,,,,
cons17+nofund,aggressive,mid,stock,63,B_tail_entry_skipped,2026-08-21,TXG,,,,,,
cons17+nofund,aggressive,mid,stock,63,B_tail_entry_skipped,2026-08-21,MRVI,,,,,,
cons17+nofund,aggressive,mid,stock,63,B_tail_entry_skipped,2026-08-21,ELVN,,,,,,
cons17+nofund,aggressive,mid,stock,63,B_tail_entry_skipped,2026-08-21,TWST,,,,,,
cons17+nofund,aggressive,mid,stock,63,B_tail_entry_skipped,2026-08-21,APGE,,,,,,
cons17+nofund,aggressive,mid,stock,63,B_tail_entry_skipped,2026-08-21,URGN,,,,,,
cons17+nofund,aggressive,mid,stock,63,B_tail_entry_skipped,2026-08-21,TVTX,,,,,,
cons17+nofund,aggressive,mid,stock,63,B_tail_entry_skipped,2026-08-21,BJRI,,,,,,
cons17+nofund,aggressive,mid,stock,63,B_tail_entry_skipped,2026-08-21,CDNA,,,,,,
cons17+nofund,aggressive,mid,stock,63,B_tail_entry_skipped,2026-08-21,XNCR,,,,,,
cons17+nofund,aggressive,mid,stock,63,B_tail_entry_skipped,2026-08-21,BFLY,,,,,,
cons17+nofund,aggressive,mid,stock,63,B_tail_entry_skipped,2026-08-21,ETON,,,,,,
cons17+nofund,aggressive,mid,stock,63,B_tail_entry_skipped,2026-08-21,CXW,,,,,,
cons17+nofund,aggressive,mid,stock,63,B_tail_entry_skipped,2026-08-21,RVMD,,,,,,
cons17+nofund,aggressive,mid,stock,63,B_tail_entry_skipped,2026-08-21,ORKA,,,,,,
cons17+nofund,aggressive,mid,stock,63,B_tail_entry_skipped,2026-08-21,AAMI,,,,,,
cons17+nofund,aggressive,mid,stock,63,B_tail_entry_skipped,2026-08-21,NEO,,,,,,
cons17+nofund,aggressive,mid,stock,63,B_tail_entry_skipped,2026-08-21,NHC,,,,,,
cons17+nofund,aggressive,mid,stock,63,B_tail_entry_skipped,2026-08-21,DYN,,,,,,
cons17+nofund,aggressive,mid,stock,63,B_tail_entry_skipped,2026-08-21,REPL,,,,,,
cons17+nofund,aggressive,mid,stock,63,B_tail_entry_skipped,2026-08-28,TXG,,,,,,
cons17+nofund,aggressive,mid,stock,63,B_tail_entry_skipped,2026-08-28,MPC,,,,,,
cons17+nofund,aggressive,mid,stock,63,B_tail_entry_skipped,2026-08-28,DINO,,,,,,
cons17+nofund,aggressive,mid,stock,63,B_tail_entry_skipped,2026-08-28,TWST,,,,,,
cons17+nofund,aggressive,mid,stock,63,B_tail_entry_skipped,2026-08-28,DK,,,,,,
cons17+nofund,aggressive,mid,stock,63,B_tail_entry_skipped,2026-08-28,PBF,,,,,,
cons17+nofund,aggressive,mid,stock,63,B_tail_entry_skipped,2026-08-28,NRIX,,,,,,
cons17+nofund,aggressive,mid,stock,63,B_tail_entry_skipped,2026-08-28,CAKE,,,,,,
cons17+nofund,aggressive,mid,stock,63,B_tail_entry_skipped,2026-08-28,XNCR,,,,,,
cons17+nofund,aggressive,mid,stock,63,B_tail_entry_skipped,2026-08-28,APGE,,,,,,
cons17+nofund,aggressive,mid,stock,63,B_tail_entry_skipped,2026-08-28,BNY,,,,,,
cons17+nofund,aggressive,mid,stock,63,B_tail_entry_skipped,2026-08-28,DELL,,,,,,
cons17+nofund,aggressive,mid,stock,63,B_tail_entry_skipped,2026-08-28,CDNA,,,,,,
cons17+nofund,aggressive,mid,stock,63,B_tail_entry_skipped,2026-08-28,MRVI,,,,,,
cons17+nofund,aggressive,mid,stock,63,B_tail_entry_skipped,2026-08-28,HPE,,,,,,
cons17+nofund,aggressive,mid,stock,63,B_tail_entry_skipped,2026-08-28,ETON,,,,,,
cons17+nofund,aggressive,mid,stock,63,B_tail_entry_skipped,2026-08-28,NEO,,,,,,
cons17+nofund,aggressive,mid,stock,63,B_tail_entry_skipped,2026-08-28,SPCX,,,,,,
cons17+nofund,aggressive,mid,stock,63,B_tail_entry_skipped,2026-08-28,KNSA,,,,,,
cons17+nofund,aggressive,mid,stock,63,B_tail_entry_skipped,2026-08-28,CLBK,,,,,,
cons17+nofund,aggressive,mid,stock,63,B_tail_entry_skipped,2026-09-04,CDNA,,,,,,
cons17+nofund,aggressive,mid,stock,63,B_tail_entry_skipped,2026-09-04,TXG,,,,,,
cons17+nofund,aggressive,mid,stock,63,B_tail_entry_skipped,2026-09-04,ETON,,,,,,
cons17+nofund,aggressive,mid,stock,63,B_tail_entry_skipped,2026-09-04,STT,,,,,,
cons17+nofund,aggressive,mid,stock,63,B_tail_entry_skipped,2026-09-04,TWST,,,,,,
cons17+nofund,aggressive,mid,stock,63,B_tail_entry_skipped,2026-09-04,RVMD,,,,,,
cons17+nofund,aggressive,mid,stock,63,B_tail_entry_skipped,2026-09-04,GH,,,,,,
cons17+nofund,aggressive,mid,stock,63,B_tail_entry_skipped,2026-09-04,CLYM,,,,,,
cons17+nofund,aggressive,mid,stock,63,B_tail_entry_skipped,2026-09-04,PLSE,,,,,,
cons17+nofund,aggressive,mid,stock,63,B_tail_entry_skipped,2026-09-04,XNCR,,,,,,
cons17+nofund,aggressive,mid,stock,63,B_tail_entry_skipped,2026-09-04,NRIX,,,,,,
cons17+nofund,aggressive,mid,stock,63,B_tail_entry_skipped,2026-09-04,ILMN,,,,,,
cons17+nofund,aggressive,mid,stock,63,B_tail_entry_skipped,2026-09-04,ATAI,,,,,,
cons17+nofund,aggressive,mid,stock,63,B_tail_entry_skipped,2026-09-04,AMLX,,,,,,
cons17+nofund,aggressive,mid,stock,63,B_tail_entry_skipped,2026-09-04,CAKE,,,,,,
cons17+nofund,aggressive,mid,stock,63,B_tail_entry_skipped,2026-09-04,MNPR,,,,,,
cons17+nofund,aggressive,mid,stock,63,B_tail_entry_skipped,2026-09-04,DELL,,,,,,
cons17+nofund,aggressive,mid,stock,63,B_tail_entry_skipped,2026-09-04,URGN,,,,,,
cons17+nofund,aggressive,mid,stock,63,B_tail_entry_skipped,2026-09-04,NTAP,,,,,,
cons17+nofund,aggressive,mid,stock,63,B_tail_entry_skipped,2026-09-04,VLO,,,,,,
cons17+nofund,aggressive,mid,stock,63,B_tail_entry_skipped,2026-09-14,TXG,,,,,,
cons17+nofund,aggressive,mid,stock,63,B_tail_entry_skipped,2026-09-14,CDNA,,,,,,
cons17+nofund,aggressive,mid,stock,63,B_tail_entry_skipped,2026-09-14,TWST,,,,,,
cons17+nofund,aggressive,mid,stock,63,B_tail_entry_skipped,2026-09-14,PLSE,,,,,,
cons17+nofund,aggressive,mid,stock,63,B_tail_entry_skipped,2026-09-14,CLMT,,,,,,
cons17+nofund,aggressive,mid,stock,63,B_tail_entry_skipped,2026-09-14,NEO,,,,,,
cons17+nofund,aggressive,mid,stock,63,B_tail_entry_skipped,2026-09-14,PTGX,,,,,,
cons17+nofund,aggressive,mid,stock,63,B_tail_entry_skipped,2026-09-14,FTNT,,,,,,
cons17+nofund,aggressive,mid,stock,63,B_tail_entry_skipped,2026-09-14,MPC,,,,,,
cons17+nofund,aggressive,mid,stock,63,B_tail_entry_skipped,2026-09-14,CRWD,,,,,,
cons17+nofund,aggressive,mid,stock,63,B_tail_entry_skipped,2026-09-14,CHEF,,,,,,
cons17+nofund,aggressive,mid,stock,63,B_tail_entry_skipped,2026-09-14,RVMD,,,,,,
cons17+nofund,aggressive,mid,stock,63,B_tail_entry_skipped,2026-09-14,ECO,,,,,,
cons17+nofund,aggressive,mid,stock,63,B_tail_entry_skipped,2026-09-14,MATX,,,,,,
cons17+nofund,aggressive,mid,stock,63,B_tail_entry_skipped,2026-09-14,RNG,,,,,,
cons17+nofund,aggressive,mid,stock,63,B_tail_entry_skipped,2026-09-14,DELL,,,,,,
cons17+nofund,aggressive,mid,stock,63,B_tail_entry_skipped,2026-09-14,INSW,,,,,,
cons17+nofund,aggressive,mid,stock,63,B_tail_entry_skipped,2026-09-14,ABCL,,,,,,
cons17+nofund,aggressive,mid,stock,63,B_tail_entry_skipped,2026-09-14,GH,,,,,,
cons17+nofund,aggressive,mid,stock,63,B_tail_entry_skipped,2026-09-14,VLO,,,,,,
cons17+nofund,aggressive,short,mixed,63,B_tail_entry_skipped,2026-07-02,AMD,,,,,,
cons17+nofund,aggressive,short,mixed,63,B_tail_entry_skipped,2026-07-02,ATEX,,,,,,
cons17+nofund,aggressive,short,mixed,63,B_tail_entry_skipped,2026-07-02,MTRN,,,,,,
cons17+nofund,aggressive,short,mixed,63,B_tail_entry_skipped,2026-07-02,KLIC,,,,,,
cons17+nofund,aggressive,short,mixed,63,B_tail_entry_skipped,2026-07-02,SIMO,,,,,,
cons17+nofund,aggressive,short,mixed,63,B_tail_entry_skipped,2026-07-02,ATEN,,,,,,
cons17+nofund,aggressive,short,mixed,63,B_tail_entry_skipped,2026-07-02,TWST,,,,,,
cons17+nofund,aggressive,short,mixed,63,B_tail_entry_skipped,2026-07-02,UMC,,,,,,
cons17+nofund,aggressive,short,mixed,63,B_tail_entry_skipped,2026-07-02,NWPX,,,,,,
cons17+nofund,aggressive,short,mixed,63,B_tail_entry_skipped,2026-07-02,SEZL,,,,,,
cons17+nofund,aggressive,short,mixed,63,B_tail_entry_skipped,2026-07-02,INTC,,,,,,
cons17+nofund,aggressive,short,mixed,63,B_tail_entry_skipped,2026-07-02,ABSI,,,,,,
cons17+nofund,aggressive,short,mixed,63,B_tail_entry_skipped,2026-07-02,AMAT,,,,,,
cons17+nofund,aggressive,short,mixed,63,B_tail_entry_skipped,2026-07-02,BNY,,,,,,
cons17+nofund,aggressive,short,mixed,63,B_tail_entry_skipped,2026-07-02,DVA,,,,,,
cons17+nofund,aggressive,short,mixed,63,B_tail_entry_skipped,2026-07-02,DCO,,,,,,
cons17+nofund,aggressive,short,mixed,63,B_tail_entry_skipped,2026-07-02,ALKS,,,,,,
cons17+nofund,aggressive,short,mixed,63,B_tail_entry_skipped,2026-07-02,RLJ,,,,,,
cons17+nofund,aggressive,short,mixed,63,B_tail_entry_skipped,2026-07-02,AXSM,,,,,,
cons17+nofund,aggressive,short,mixed,63,B_tail_entry_skipped,2026-07-02,CLOV,,,,,,
cons17+nofund,aggressive,short,mixed,63,B_tail_entry_skipped,2026-07-10,ATEX,,,,,,
cons17+nofund,aggressive,short,mixed,63,B_tail_entry_skipped,2026-07-10,STM,,,,,,
cons17+nofund,aggressive,short,mixed,63,B_tail_entry_skipped,2026-07-10,CORT,,,,,,
cons17+nofund,aggressive,short,mixed,63,B_tail_entry_skipped,2026-07-10,NWPX,,,,,,
cons17+nofund,aggressive,short,mixed,63,B_tail_entry_skipped,2026-07-10,BB,,,,,,
cons17+nofund,aggressive,short,mixed,63,B_tail_entry_skipped,2026-07-10,EXTR,,,,,,
cons17+nofund,aggressive,short,mixed,63,B_tail_entry_skipped,2026-07-10,ATEN,,,,,,
cons17+nofund,aggressive,short,mixed,63,B_tail_entry_skipped,2026-07-10,AGL,,,,,,
cons17+nofund,aggressive,short,mixed,63,B_tail_entry_skipped,2026-07-10,PBI,,,,,,
cons17+nofund,aggressive,short,mixed,63,B_tail_entry_skipped,2026-07-10,MEC,,,,,,
cons17+nofund,aggressive,short,mixed,63,B_tail_entry_skipped,2026-07-10,UMC,,,,,,
cons17+nofund,aggressive,short,mixed,63,B_tail_entry_skipped,2026-07-10,BTSG,,,,,,
cons17+nofund,aggressive,short,mixed,63,B_tail_entry_skipped,2026-07-10,FFIV,,,,,,
cons17+nofund,aggressive,short,mixed,63,B_tail_entry_skipped,2026-07-10,CON,,,,,,
cons17+nofund,aggressive,short,mixed,63,B_tail_entry_skipped,2026-07-10,DVA,,,,,,
cons17+nofund,aggressive,short,mixed,63,B_tail_entry_skipped,2026-07-10,ARM,,,,,,
cons17+nofund,aggressive,short,mixed,63,B_tail_entry_skipped,2026-07-10,MTRN,,,,,,
cons17+nofund,aggressive,short,mixed,63,B_tail_entry_skipped,2026-07-10,RLJ,,,,,,
cons17+nofund,aggressive,short,mixed,63,B_tail_entry_skipped,2026-07-10,GEO,,,,,,
cons17+nofund,aggressive,short,mixed,63,B_tail_entry_skipped,2026-07-10,VSTS,,,,,,
cons17+nofund,aggressive,short,mixed,63,B_tail_entry_skipped,2026-07-17,ATEX,,,,,,
cons17+nofund,aggressive,short,mixed,63,B_tail_entry_skipped,2026-07-17,CORT,,,,,,
cons17+nofund,aggressive,short,mixed,63,B_tail_entry_skipped,2026-07-17,HNGE,,,,,,
cons17+nofund,aggressive,short,mixed,63,B_tail_entry_skipped,2026-07-17,ATEN,,,,,,
cons17+nofund,aggressive,short,mixed,63,B_tail_entry_skipped,2026-07-17,URGN,,,,,,
cons17+nofund,aggressive,short,mixed,63,B_tail_entry_skipped,2026-07-17,TWST,,,,,,
cons17+nofund,aggressive,short,mixed,63,B_tail_entry_skipped,2026-07-17,PANW,,,,,,
cons17+nofund,aggressive,short,mixed,63,B_tail_entry_skipped,2026-07-17,ALKS,,,,,,
cons17+nofund,aggressive,short,mixed,63,B_tail_entry_skipped,2026-07-17,BTSG,,,,,,
cons17+nofund,aggressive,short,mixed,63,B_tail_entry_skipped,2026-07-17,VSTS,,,,,,
cons17+nofund,aggressive,short,mixed,63,B_tail_entry_skipped,2026-07-17,FTNT,,,,,,
cons17+nofund,aggressive,short,mixed,63,B_tail_entry_skipped,2026-07-17,CON,,,,,,
cons17+nofund,aggressive,short,mixed,63,B_tail_entry_skipped,2026-07-17,RLJ,,,,,,
cons17+nofund,aggressive,short,mixed,63,B_tail_entry_skipped,2026-07-17,TGTX,,,,,,
cons17+nofund,aggressive,short,mixed,63,B_tail_entry_skipped,2026-07-17,EVC,,,,,,
cons17+nofund,aggressive,short,mixed,63,B_tail_entry_skipped,2026-07-17,DAVE,,,,,,
cons17+nofund,aggressive,short,mixed,63,B_tail_entry_skipped,2026-07-17,ORKA,,,,,,
cons17+nofund,aggressive,short,mixed,63,B_tail_entry_skipped,2026-07-17,DVA,,,,,,
cons17+nofund,aggressive,short,mixed,63,B_tail_entry_skipped,2026-07-17,LNTH,,,,,,
cons17+nofund,aggressive,short,mixed,63,B_tail_entry_skipped,2026-07-17,NWPX,,,,,,
cons17+nofund,aggressive,short,mixed,63,B_tail_entry_skipped,2026-07-24,XLF,,,,,,
cons17+nofund,aggressive,short,mixed,63,B_tail_entry_skipped,2026-07-24,FTNT,,,,,,
cons17+nofund,aggressive,short,mixed,63,B_tail_entry_skipped,2026-07-24,CHEF,,,,,,
cons17+nofund,aggressive,short,mixed,63,B_tail_entry_skipped,2026-07-24,ETON,,,,,,
cons17+nofund,aggressive,short,mixed,63,B_tail_entry_skipped,2026-07-24,PANW,,,,,,
cons17+nofund,aggressive,short,mixed,63,B_tail_entry_skipped,2026-07-24,SYRE,,,,,,
cons17+nofund,aggressive,short,mixed,63,B_tail_entry_skipped,2026-07-24,TGTX,,,,,,
cons17+nofund,aggressive,short,mixed,63,B_tail_entry_skipped,2026-07-24,URGN,,,,,,
cons17+nofund,aggressive,short,mixed,63,B_tail_entry_skipped,2026-07-24,VSTS,,,,,,
cons17+nofund,aggressive,short,mixed,63,B_tail_entry_skipped,2026-07-24,STT,,,,,,
cons17+nofund,aggressive,short,mixed,63,B_tail_entry_skipped,2026-07-24,DVA,,,,,,
cons17+nofund,aggressive,short,mixed,63,B_tail_entry_skipped,2026-07-24,SLF,,,,,,
cons17+nofund,aggressive,short,mixed,63,B_tail_entry_skipped,2026-07-24,RHP,,,,,,
cons17+nofund,aggressive,short,mixed,63,B_tail_entry_skipped,2026-07-24,MRVI,,,,,,
cons17+nofund,aggressive,short,mixed,63,B_tail_entry_skipped,2026-07-24,HPE,,,,,,
cons17+nofund,aggressive,short,mixed,63,B_tail_entry_skipped,2026-07-24,LTH,,,,,,
cons17+nofund,aggressive,short,mixed,63,B_tail_entry_skipped,2026-07-24,CRWD,,,,,,
cons17+nofund,aggressive,short,mixed,63,B_tail_entry_skipped,2026-07-24,NTAP,,,,,,
cons17+nofund,aggressive,short,mixed,63,B_tail_entry_skipped,2026-07-24,BNY,,,,,,
cons17+nofund,aggressive,short,mixed,63,B_tail_entry_skipped,2026-07-24,BJRI,,,,,,
cons17+nofund,aggressive,short,mixed,63,B_tail_entry_skipped,2026-07-31,FTNT,,,,,,
cons17+nofund,aggressive,short,mixed,63,B_tail_entry_skipped,2026-07-31,ETON,,,,,,
cons17+nofund,aggressive,short,mixed,63,B_tail_entry_skipped,2026-07-31,PEB,,,,,,
cons17+nofund,aggressive,short,mixed,63,B_tail_entry_skipped,2026-07-31,CORT,,,,,,
cons17+nofund,aggressive,short,mixed,63,B_tail_entry_skipped,2026-07-31,WKC,,,,,,
cons17+nofund,aggressive,short,mixed,63,B_tail_entry_skipped,2026-07-31,CBRL,,,,,,
cons17+nofund,aggressive,short,mixed,63,B_tail_entry_skipped,2026-07-31,URGN,,,,,,
cons17+nofund,aggressive,short,mixed,63,B_tail_entry_skipped,2026-07-31,CLMT,,,,,,
cons17+nofund,aggressive,short,mixed,63,B_tail_entry_skipped,2026-07-31,CHEF,,,,,,
cons17+nofund,aggressive,short,mixed,63,B_tail_entry_skipped,2026-07-31,HNGE,,,,,,
cons17+nofund,aggressive,short,mixed,63,B_tail_entry_skipped,2026-07-31,RLJ,,,,,,
cons17+nofund,aggressive,short,mixed,63,B_tail_entry_skipped,2026-07-31,PANW,,,,,,
cons17+nofund,aggressive,short,mixed,63,B_tail_entry_skipped,2026-07-31,ATEX,,,,,,
cons17+nofund,aggressive,short,mixed,63,B_tail_entry_skipped,2026-07-31,CDNA,,,,,,
cons17+nofund,aggressive,short,mixed,63,B_tail_entry_skipped,2026-07-31,LTH,,,,,,
cons17+nofund,aggressive,short,mixed,63,B_tail_entry_skipped,2026-07-31,APGE,,,,,,
cons17+nofund,aggressive,short,mixed,63,B_tail_entry_skipped,2026-07-31,CAKE,,,,,,
cons17+nofund,aggressive,short,mixed,63,B_tail_entry_skipped,2026-07-31,DVA,,,,,,
cons17+nofund,aggressive,short,mixed,63,B_tail_entry_skipped,2026-07-31,DK,,,,,,
cons17+nofund,aggressive,short,mixed,63,B_tail_entry_skipped,2026-07-31,CNO,,,,,,
cons17+nofund,aggressive,short,mixed,63,B_tail_entry_skipped,2026-08-07,XLF,,,,,,
cons17+nofund,aggressive,short,mixed,63,B_tail_entry_skipped,2026-08-07,TXG,,,,,,
cons17+nofund,aggressive,short,mixed,63,B_tail_entry_skipped,2026-08-07,APGE,,,,,,
cons17+nofund,aggressive,short,mixed,63,B_tail_entry_skipped,2026-08-07,GEO,,,,,,
cons17+nofund,aggressive,short,mixed,63,B_tail_entry_skipped,2026-08-07,CORT,,,,,,
cons17+nofund,aggressive,short,mixed,63,B_tail_entry_skipped,2026-08-07,HNGE,,,,,,
cons17+nofund,aggressive,short,mixed,63,B_tail_entry_skipped,2026-08-07,ETON,,,,,,
cons17+nofund,aggressive,short,mixed,63,B_tail_entry_skipped,2026-08-07,NRIX,,,,,,
cons17+nofund,aggressive,short,mixed,63,B_tail_entry_skipped,2026-08-07,LTH,,,,,,
cons17+nofund,aggressive,short,mixed,63,B_tail_entry_skipped,2026-08-07,BJRI,,,,,,
cons17+nofund,aggressive,short,mixed,63,B_tail_entry_skipped,2026-08-07,LQDA,,,,,,
cons17+nofund,aggressive,short,mixed,63,B_tail_entry_skipped,2026-08-07,DIA,,,,,,
cons17+nofund,aggressive,short,mixed,63,B_tail_entry_skipped,2026-08-07,CDNA,,,,,,
cons17+nofund,aggressive,short,mixed,63,B_tail_entry_skipped,2026-08-07,URGN,,,,,,
cons17+nofund,aggressive,short,mixed,63,B_tail_entry_skipped,2026-08-07,SNOW,,,,,,
cons17+nofund,aggressive,short,mixed,63,B_tail_entry_skipped,2026-08-07,TENB,,,,,,
cons17+nofund,aggressive,short,mixed,63,B_tail_entry_skipped,2026-08-07,NTAP,,,,,,
cons17+nofund,aggressive,short,mixed,63,B_tail_entry_skipped,2026-08-07,PK,,,,,,
cons17+nofund,aggressive,short,mixed,63,B_tail_entry_skipped,2026-08-07,HUM,,,,,,
cons17+nofund,aggressive,short,mixed,63,B_tail_entry_skipped,2026-08-07,RVMD,,,,,,
cons17+nofund,aggressive,short,mixed,63,B_tail_entry_skipped,2026-08-14,XLF,,,,,,
cons17+nofund,aggressive,short,mixed,63,B_tail_entry_skipped,2026-08-14,CORT,,,,,,
cons17+nofund,aggressive,short,mixed,63,B_tail_entry_skipped,2026-08-14,URGN,,,,,,
cons17+nofund,aggressive,short,mixed,63,B_tail_entry_skipped,2026-08-14,CAKE,,,,,,
cons17+nofund,aggressive,short,mixed,63,B_tail_entry_skipped,2026-08-14,STT,,,,,,
cons17+nofund,aggressive,short,mixed,63,B_tail_entry_skipped,2026-08-14,MAN,,,,,,
cons17+nofund,aggressive,short,mixed,63,B_tail_entry_skipped,2026-08-14,HAE,,,,,,
cons17+nofund,aggressive,short,mixed,63,B_tail_entry_skipped,2026-08-14,TNET,,,,,,
cons17+nofund,aggressive,short,mixed,63,B_tail_entry_skipped,2026-08-14,CBZ,,,,,,
cons17+nofund,aggressive,short,mixed,63,B_tail_entry_skipped,2026-08-14,NTAP,,,,,,
cons17+nofund,aggressive,short,mixed,63,B_tail_entry_skipped,2026-08-14,IOVA,,,,,,
cons17+nofund,aggressive,short,mixed,63,B_tail_entry_skipped,2026-08-14,CON,,,,,,
cons17+nofund,aggressive,short,mixed,63,B_tail_entry_skipped,2026-08-14,NRIX,,,,,,
cons17+nofund,aggressive,short,mixed,63,B_tail_entry_skipped,2026-08-14,LTH,,,,,,
cons17+nofund,aggressive,short,mixed,63,B_tail_entry_skipped,2026-08-14,RLAY,,,,,,
cons17+nofund,aggressive,short,mixed,63,B_tail_entry_skipped,2026-08-14,LIND,,,,,,
cons17+nofund,aggressive,short,mixed,63,B_tail_entry_skipped,2026-08-14,CDNA,,,,,,
cons17+nofund,aggressive,short,mixed,63,B_tail_entry_skipped,2026-08-14,MGNI,,,,,,
cons17+nofund,aggressive,short,mixed,63,B_tail_entry_skipped,2026-08-14,DIA,,,,,,
cons17+nofund,aggressive,short,mixed,63,B_tail_entry_skipped,2026-08-14,APGE,,,,,,
cons17+nofund,aggressive,short,mixed,63,B_tail_entry_skipped,2026-08-21,CXW,,,,,,
cons17+nofund,aggressive,short,mixed,63,B_tail_entry_skipped,2026-08-21,XLF,,,,,,
cons17+nofund,aggressive,short,mixed,63,B_tail_entry_skipped,2026-08-21,TXG,,,,,,
cons17+nofund,aggressive,short,mixed,63,B_tail_entry_skipped,2026-08-21,CORT,,,,,,
cons17+nofund,aggressive,short,mixed,63,B_tail_entry_skipped,2026-08-21,MRVI,,,,,,
cons17+nofund,aggressive,short,mixed,63,B_tail_entry_skipped,2026-08-21,URGN,,,,,,
cons17+nofund,aggressive,short,mixed,63,B_tail_entry_skipped,2026-08-21,MAN,,,,,,
cons17+nofund,aggressive,short,mixed,63,B_tail_entry_skipped,2026-08-21,TWST,,,,,,
cons17+nofund,aggressive,short,mixed,63,B_tail_entry_skipped,2026-08-21,NSP,,,,,,
cons17+nofund,aggressive,short,mixed,63,B_tail_entry_skipped,2026-08-21,BJRI,,,,,,
cons17+nofund,aggressive,short,mixed,63,B_tail_entry_skipped,2026-08-21,GEO,,,,,,
cons17+nofund,aggressive,short,mixed,63,B_tail_entry_skipped,2026-08-21,HNGE,,,,,,
cons17+nofund,aggressive,short,mixed,63,B_tail_entry_skipped,2026-08-21,XNCR,,,,,,
cons17+nofund,aggressive,short,mixed,63,B_tail_entry_skipped,2026-08-21,ELVN,,,,,,
cons17+nofund,aggressive,short,mixed,63,B_tail_entry_skipped,2026-08-21,CAKE,,,,,,
cons17+nofund,aggressive,short,mixed,63,B_tail_entry_skipped,2026-08-21,CDNA,,,,,,
cons17+nofund,aggressive,short,mixed,63,B_tail_entry_skipped,2026-08-21,TVTX,,,,,,
cons17+nofund,aggressive,short,mixed,63,B_tail_entry_skipped,2026-08-21,DYN,,,,,,
cons17+nofund,aggressive,short,mixed,63,B_tail_entry_skipped,2026-08-21,ADPT,,,,,,
cons17+nofund,aggressive,short,mixed,63,B_tail_entry_skipped,2026-08-21,CBRL,,,,,,
cons17+nofund,aggressive,short,mixed,63,B_tail_entry_skipped,2026-08-28,XLF,,,,,,
cons17+nofund,aggressive,short,mixed,63,B_tail_entry_skipped,2026-08-28,MPC,,,,,,
cons17+nofund,aggressive,short,mixed,63,B_tail_entry_skipped,2026-08-28,TXG,,,,,,
cons17+nofund,aggressive,short,mixed,63,B_tail_entry_skipped,2026-08-28,CAKE,,,,,,
cons17+nofund,aggressive,short,mixed,63,B_tail_entry_skipped,2026-08-28,DINO,,,,,,
cons17+nofund,aggressive,short,mixed,63,B_tail_entry_skipped,2026-08-28,SEIC,,,,,,
cons17+nofund,aggressive,short,mixed,63,B_tail_entry_skipped,2026-08-28,NSP,,,,,,
cons17+nofund,aggressive,short,mixed,63,B_tail_entry_skipped,2026-08-28,TWST,,,,,,
cons17+nofund,aggressive,short,mixed,63,B_tail_entry_skipped,2026-08-28,DK,,,,,,
cons17+nofund,aggressive,short,mixed,63,B_tail_entry_skipped,2026-08-28,XNCR,,,,,,
cons17+nofund,aggressive,short,mixed,63,B_tail_entry_skipped,2026-08-28,NRIX,,,,,,
cons17+nofund,aggressive,short,mixed,63,B_tail_entry_skipped,2026-08-28,PBF,,,,,,
cons17+nofund,aggressive,short,mixed,63,B_tail_entry_skipped,2026-08-28,CHE,,,,,,
cons17+nofund,aggressive,short,mixed,63,B_tail_entry_skipped,2026-08-28,INTA,,,,,,
cons17+nofund,aggressive,short,mixed,63,B_tail_entry_skipped,2026-08-28,ATRC,,,,,,
cons17+nofund,aggressive,short,mixed,63,B_tail_entry_skipped,2026-08-28,CDNA,,,,,,
cons17+nofund,aggressive,short,mixed,63,B_tail_entry_skipped,2026-08-28,SN,,,,,,
cons17+nofund,aggressive,short,mixed,63,B_tail_entry_skipped,2026-08-28,NEO,,,,,,
cons17+nofund,aggressive,short,mixed,63,B_tail_entry_skipped,2026-08-28,CLBK,,,,,,
cons17+nofund,aggressive,short,mixed,63,B_tail_entry_skipped,2026-08-28,FRSH,,,,,,
cons17+nofund,aggressive,short,mixed,63,B_tail_entry_skipped,2026-09-04,CDNA,,,,,,
cons17+nofund,aggressive,short,mixed,63,B_tail_entry_skipped,2026-09-04,ATAI,,,,,,
cons17+nofund,aggressive,short,mixed,63,B_tail_entry_skipped,2026-09-04,XLF,,,,,,
cons17+nofund,aggressive,short,mixed,63,B_tail_entry_skipped,2026-09-04,TXG,,,,,,
cons17+nofund,aggressive,short,mixed,63,B_tail_entry_skipped,2026-09-04,ETON,,,,,,
cons17+nofund,aggressive,short,mixed,63,B_tail_entry_skipped,2026-09-04,XNCR,,,,,,
cons17+nofund,aggressive,short,mixed,63,B_tail_entry_skipped,2026-09-04,PLSE,,,,,,
cons17+nofund,aggressive,short,mixed,63,B_tail_entry_skipped,2026-09-04,NSIT,,,,,,
cons17+nofund,aggressive,short,mixed,63,B_tail_entry_skipped,2026-09-04,AVTR,,,,,,
cons17+nofund,aggressive,short,mixed,63,B_tail_entry_skipped,2026-09-04,HNGE,,,,,,
cons17+nofund,aggressive,short,mixed,63,B_tail_entry_skipped,2026-09-04,CRL,,,,,,
cons17+nofund,aggressive,short,mixed,63,B_tail_entry_skipped,2026-09-04,CORT,,,,,,
cons17+nofund,aggressive,short,mixed,63,B_tail_entry_skipped,2026-09-04,AMLX,,,,,,
cons17+nofund,aggressive,short,mixed,63,B_tail_entry_skipped,2026-09-04,PGY,,,,,,
cons17+nofund,aggressive,short,mixed,63,B_tail_entry_skipped,2026-09-04,STT,,,,,,
cons17+nofund,aggressive,short,mixed,63,B_tail_entry_skipped,2026-09-04,NRIX,,,,,,
cons17+nofund,aggressive,short,mixed,63,B_tail_entry_skipped,2026-09-04,VLO,,,,,,
cons17+nofund,aggressive,short,mixed,63,B_tail_entry_skipped,2026-09-04,PAYC,,,,,,
cons17+nofund,aggressive,short,mixed,63,B_tail_entry_skipped,2026-09-04,ILMN,,,,,,
cons17+nofund,aggressive,short,mixed,63,B_tail_entry_skipped,2026-09-04,CAKE,,,,,,
cons17+nofund,aggressive,short,mixed,63,B_tail_entry_skipped,2026-09-14,TXG,,,,,,
cons17+nofund,aggressive,short,mixed,63,B_tail_entry_skipped,2026-09-14,CDNA,,,,,,
cons17+nofund,aggressive,short,mixed,63,B_tail_entry_skipped,2026-09-14,AVTR,,,,,,
cons17+nofund,aggressive,short,mixed,63,B_tail_entry_skipped,2026-09-14,PLSE,,,,,,
cons17+nofund,aggressive,short,mixed,63,B_tail_entry_skipped,2026-09-14,HNGE,,,,,,
cons17+nofund,aggressive,short,mixed,63,B_tail_entry_skipped,2026-09-14,TEAM,,,,,,
cons17+nofund,aggressive,short,mixed,63,B_tail_entry_skipped,2026-09-14,TWST,,,,,,
cons17+nofund,aggressive,short,mixed,63,B_tail_entry_skipped,2026-09-14,NEO,,,,,,
cons17+nofund,aggressive,short,mixed,63,B_tail_entry_skipped,2026-09-14,NTNX,,,,,,
cons17+nofund,aggressive,short,mixed,63,B_tail_entry_skipped,2026-09-14,CLMT,,,,,,
cons17+nofund,aggressive,short,mixed,63,B_tail_entry_skipped,2026-09-14,GTLB,,,,,,
cons17+nofund,aggressive,short,mixed,63,B_tail_entry_skipped,2026-09-14,PD,,,,,,
cons17+nofund,aggressive,short,mixed,63,B_tail_entry_skipped,2026-09-14,ATRC,,,,,,
cons17+nofund,aggressive,short,mixed,63,B_tail_entry_skipped,2026-09-14,AVAH,,,,,,
cons17+nofund,aggressive,short,mixed,63,B_tail_entry_skipped,2026-09-14,MAN,,,,,,
cons17+nofund,aggressive,short,mixed,63,B_tail_entry_skipped,2026-09-14,RNG,,,,,,
cons17+nofund,aggressive,short,mixed,63,B_tail_entry_skipped,2026-09-14,MPC,,,,,,
cons17+nofund,aggressive,short,mixed,63,B_tail_entry_skipped,2026-09-14,BLFS,,,,,,
cons17+nofund,aggressive,short,mixed,63,B_tail_entry_skipped,2026-09-14,NSIT,,,,,,
cons17+nofund,aggressive,short,mixed,63,B_tail_entry_skipped,2026-09-14,ECO,,,,,,
cons17+nofund,aggressive,short,stock,63,B_tail_entry_skipped,2026-07-02,AMD,,,,,,
cons17+nofund,aggressive,short,stock,63,B_tail_entry_skipped,2026-07-02,ATEX,,,,,,
cons17+nofund,aggressive,short,stock,63,B_tail_entry_skipped,2026-07-02,MTRN,,,,,,
cons17+nofund,aggressive,short,stock,63,B_tail_entry_skipped,2026-07-02,KLIC,,,,,,
cons17+nofund,aggressive,short,stock,63,B_tail_entry_skipped,2026-07-02,SIMO,,,,,,
cons17+nofund,aggressive,short,stock,63,B_tail_entry_skipped,2026-07-02,ATEN,,,,,,
cons17+nofund,aggressive,short,stock,63,B_tail_entry_skipped,2026-07-02,TWST,,,,,,
cons17+nofund,aggressive,short,stock,63,B_tail_entry_skipped,2026-07-02,UMC,,,,,,
cons17+nofund,aggressive,short,stock,63,B_tail_entry_skipped,2026-07-02,NWPX,,,,,,
cons17+nofund,aggressive,short,stock,63,B_tail_entry_skipped,2026-07-02,SEZL,,,,,,
cons17+nofund,aggressive,short,stock,63,B_tail_entry_skipped,2026-07-02,INTC,,,,,,
cons17+nofund,aggressive,short,stock,63,B_tail_entry_skipped,2026-07-02,ABSI,,,,,,
cons17+nofund,aggressive,short,stock,63,B_tail_entry_skipped,2026-07-02,AMAT,,,,,,
cons17+nofund,aggressive,short,stock,63,B_tail_entry_skipped,2026-07-02,BNY,,,,,,
cons17+nofund,aggressive,short,stock,63,B_tail_entry_skipped,2026-07-02,DVA,,,,,,
cons17+nofund,aggressive,short,stock,63,B_tail_entry_skipped,2026-07-02,DCO,,,,,,
cons17+nofund,aggressive,short,stock,63,B_tail_entry_skipped,2026-07-02,ALKS,,,,,,
cons17+nofund,aggressive,short,stock,63,B_tail_entry_skipped,2026-07-02,RLJ,,,,,,
cons17+nofund,aggressive,short,stock,63,B_tail_entry_skipped,2026-07-02,AXSM,,,,,,
cons17+nofund,aggressive,short,stock,63,B_tail_entry_skipped,2026-07-02,CLOV,,,,,,
cons17+nofund,aggressive,short,stock,63,B_tail_entry_skipped,2026-07-10,ATEX,,,,,,
cons17+nofund,aggressive,short,stock,63,B_tail_entry_skipped,2026-07-10,STM,,,,,,
cons17+nofund,aggressive,short,stock,63,B_tail_entry_skipped,2026-07-10,CORT,,,,,,
cons17+nofund,aggressive,short,stock,63,B_tail_entry_skipped,2026-07-10,NWPX,,,,,,
cons17+nofund,aggressive,short,stock,63,B_tail_entry_skipped,2026-07-10,BB,,,,,,
cons17+nofund,aggressive,short,stock,63,B_tail_entry_skipped,2026-07-10,EXTR,,,,,,
cons17+nofund,aggressive,short,stock,63,B_tail_entry_skipped,2026-07-10,ATEN,,,,,,
cons17+nofund,aggressive,short,stock,63,B_tail_entry_skipped,2026-07-10,AGL,,,,,,
cons17+nofund,aggressive,short,stock,63,B_tail_entry_skipped,2026-07-10,PBI,,,,,,
cons17+nofund,aggressive,short,stock,63,B_tail_entry_skipped,2026-07-10,MEC,,,,,,
cons17+nofund,aggressive,short,stock,63,B_tail_entry_skipped,2026-07-10,UMC,,,,,,
cons17+nofund,aggressive,short,stock,63,B_tail_entry_skipped,2026-07-10,BTSG,,,,,,
cons17+nofund,aggressive,short,stock,63,B_tail_entry_skipped,2026-07-10,FFIV,,,,,,
cons17+nofund,aggressive,short,stock,63,B_tail_entry_skipped,2026-07-10,CON,,,,,,
cons17+nofund,aggressive,short,stock,63,B_tail_entry_skipped,2026-07-10,DVA,,,,,,
cons17+nofund,aggressive,short,stock,63,B_tail_entry_skipped,2026-07-10,ARM,,,,,,
cons17+nofund,aggressive,short,stock,63,B_tail_entry_skipped,2026-07-10,MTRN,,,,,,
cons17+nofund,aggressive,short,stock,63,B_tail_entry_skipped,2026-07-10,RLJ,,,,,,
cons17+nofund,aggressive,short,stock,63,B_tail_entry_skipped,2026-07-10,GEO,,,,,,
cons17+nofund,aggressive,short,stock,63,B_tail_entry_skipped,2026-07-10,VSTS,,,,,,
cons17+nofund,aggressive,short,stock,63,B_tail_entry_skipped,2026-07-17,ATEX,,,,,,
cons17+nofund,aggressive,short,stock,63,B_tail_entry_skipped,2026-07-17,CORT,,,,,,
cons17+nofund,aggressive,short,stock,63,B_tail_entry_skipped,2026-07-17,HNGE,,,,,,
cons17+nofund,aggressive,short,stock,63,B_tail_entry_skipped,2026-07-17,ATEN,,,,,,
cons17+nofund,aggressive,short,stock,63,B_tail_entry_skipped,2026-07-17,URGN,,,,,,
cons17+nofund,aggressive,short,stock,63,B_tail_entry_skipped,2026-07-17,TWST,,,,,,
cons17+nofund,aggressive,short,stock,63,B_tail_entry_skipped,2026-07-17,PANW,,,,,,
cons17+nofund,aggressive,short,stock,63,B_tail_entry_skipped,2026-07-17,ALKS,,,,,,
cons17+nofund,aggressive,short,stock,63,B_tail_entry_skipped,2026-07-17,BTSG,,,,,,
cons17+nofund,aggressive,short,stock,63,B_tail_entry_skipped,2026-07-17,VSTS,,,,,,
cons17+nofund,aggressive,short,stock,63,B_tail_entry_skipped,2026-07-17,FTNT,,,,,,
cons17+nofund,aggressive,short,stock,63,B_tail_entry_skipped,2026-07-17,CON,,,,,,
cons17+nofund,aggressive,short,stock,63,B_tail_entry_skipped,2026-07-17,RLJ,,,,,,
cons17+nofund,aggressive,short,stock,63,B_tail_entry_skipped,2026-07-17,TGTX,,,,,,
cons17+nofund,aggressive,short,stock,63,B_tail_entry_skipped,2026-07-17,EVC,,,,,,
cons17+nofund,aggressive,short,stock,63,B_tail_entry_skipped,2026-07-17,DAVE,,,,,,
cons17+nofund,aggressive,short,stock,63,B_tail_entry_skipped,2026-07-17,ORKA,,,,,,
cons17+nofund,aggressive,short,stock,63,B_tail_entry_skipped,2026-07-17,DVA,,,,,,
cons17+nofund,aggressive,short,stock,63,B_tail_entry_skipped,2026-07-17,LNTH,,,,,,
cons17+nofund,aggressive,short,stock,63,B_tail_entry_skipped,2026-07-17,NWPX,,,,,,
cons17+nofund,aggressive,short,stock,63,B_tail_entry_skipped,2026-07-24,FTNT,,,,,,
cons17+nofund,aggressive,short,stock,63,B_tail_entry_skipped,2026-07-24,CHEF,,,,,,
cons17+nofund,aggressive,short,stock,63,B_tail_entry_skipped,2026-07-24,ETON,,,,,,
cons17+nofund,aggressive,short,stock,63,B_tail_entry_skipped,2026-07-24,PANW,,,,,,
cons17+nofund,aggressive,short,stock,63,B_tail_entry_skipped,2026-07-24,SYRE,,,,,,
cons17+nofund,aggressive,short,stock,63,B_tail_entry_skipped,2026-07-24,TGTX,,,,,,
cons17+nofund,aggressive,short,stock,63,B_tail_entry_skipped,2026-07-24,URGN,,,,,,
cons17+nofund,aggressive,short,stock,63,B_tail_entry_skipped,2026-07-24,VSTS,,,,,,
cons17+nofund,aggressive,short,stock,63,B_tail_entry_skipped,2026-07-24,STT,,,,,,
cons17+nofund,aggressive,short,stock,63,B_tail_entry_skipped,2026-07-24,DVA,,,,,,
cons17+nofund,aggressive,short,stock,63,B_tail_entry_skipped,2026-07-24,SLF,,,,,,
cons17+nofund,aggressive,short,stock,63,B_tail_entry_skipped,2026-07-24,RHP,,,,,,
cons17+nofund,aggressive,short,stock,63,B_tail_entry_skipped,2026-07-24,MRVI,,,,,,
cons17+nofund,aggressive,short,stock,63,B_tail_entry_skipped,2026-07-24,HPE,,,,,,
cons17+nofund,aggressive,short,stock,63,B_tail_entry_skipped,2026-07-24,LTH,,,,,,
cons17+nofund,aggressive,short,stock,63,B_tail_entry_skipped,2026-07-24,CRWD,,,,,,
cons17+nofund,aggressive,short,stock,63,B_tail_entry_skipped,2026-07-24,NTAP,,,,,,
cons17+nofund,aggressive,short,stock,63,B_tail_entry_skipped,2026-07-24,BNY,,,,,,
cons17+nofund,aggressive,short,stock,63,B_tail_entry_skipped,2026-07-24,BJRI,,,,,,
cons17+nofund,aggressive,short,stock,63,B_tail_entry_skipped,2026-07-24,WKC,,,,,,
cons17+nofund,aggressive,short,stock,63,B_tail_entry_skipped,2026-07-31,FTNT,,,,,,
cons17+nofund,aggressive,short,stock,63,B_tail_entry_skipped,2026-07-31,ETON,,,,,,
cons17+nofund,aggressive,short,stock,63,B_tail_entry_skipped,2026-07-31,PEB,,,,,,
cons17+nofund,aggressive,short,stock,63,B_tail_entry_skipped,2026-07-31,CORT,,,,,,
cons17+nofund,aggressive,short,stock,63,B_tail_entry_skipped,2026-07-31,WKC,,,,,,
cons17+nofund,aggressive,short,stock,63,B_tail_entry_skipped,2026-07-31,CBRL,,,,,,
cons17+nofund,aggressive,short,stock,63,B_tail_entry_skipped,2026-07-31,URGN,,,,,,
cons17+nofund,aggressive,short,stock,63,B_tail_entry_skipped,2026-07-31,CLMT,,,,,,
cons17+nofund,aggressive,short,stock,63,B_tail_entry_skipped,2026-07-31,CHEF,,,,,,
cons17+nofund,aggressive,short,stock,63,B_tail_entry_skipped,2026-07-31,HNGE,,,,,,
cons17+nofund,aggressive,short,stock,63,B_tail_entry_skipped,2026-07-31,RLJ,,,,,,
cons17+nofund,aggressive,short,stock,63,B_tail_entry_skipped,2026-07-31,PANW,,,,,,
cons17+nofund,aggressive,short,stock,63,B_tail_entry_skipped,2026-07-31,ATEX,,,,,,
cons17+nofund,aggressive,short,stock,63,B_tail_entry_skipped,2026-07-31,CDNA,,,,,,
cons17+nofund,aggressive,short,stock,63,B_tail_entry_skipped,2026-07-31,LTH,,,,,,
cons17+nofund,aggressive,short,stock,63,B_tail_entry_skipped,2026-07-31,APGE,,,,,,
cons17+nofund,aggressive,short,stock,63,B_tail_entry_skipped,2026-07-31,CAKE,,,,,,
cons17+nofund,aggressive,short,stock,63,B_tail_entry_skipped,2026-07-31,DVA,,,,,,
cons17+nofund,aggressive,short,stock,63,B_tail_entry_skipped,2026-07-31,DK,,,,,,
cons17+nofund,aggressive,short,stock,63,B_tail_entry_skipped,2026-07-31,CNO,,,,,,
cons17+nofund,aggressive,short,stock,63,B_tail_entry_skipped,2026-08-07,TXG,,,,,,
cons17+nofund,aggressive,short,stock,63,B_tail_entry_skipped,2026-08-07,APGE,,,,,,
cons17+nofund,aggressive,short,stock,63,B_tail_entry_skipped,2026-08-07,GEO,,,,,,
cons17+nofund,aggressive,short,stock,63,B_tail_entry_skipped,2026-08-07,CORT,,,,,,
cons17+nofund,aggressive,short,stock,63,B_tail_entry_skipped,2026-08-07,HNGE,,,,,,
cons17+nofund,aggressive,short,stock,63,B_tail_entry_skipped,2026-08-07,ETON,,,,,,
cons17+nofund,aggressive,short,stock,63,B_tail_entry_skipped,2026-08-07,NRIX,,,,,,
cons17+nofund,aggressive,short,stock,63,B_tail_entry_skipped,2026-08-07,LTH,,,,,,
cons17+nofund,aggressive,short,stock,63,B_tail_entry_skipped,2026-08-07,BJRI,,,,,,
cons17+nofund,aggressive,short,stock,63,B_tail_entry_skipped,2026-08-07,LQDA,,,,,,
cons17+nofund,aggressive,short,stock,63,B_tail_entry_skipped,2026-08-07,CDNA,,,,,,
cons17+nofund,aggressive,short,stock,63,B_tail_entry_skipped,2026-08-07,URGN,,,,,,
cons17+nofund,aggressive,short,stock,63,B_tail_entry_skipped,2026-08-07,SNOW,,,,,,
cons17+nofund,aggressive,short,stock,63,B_tail_entry_skipped,2026-08-07,TENB,,,,,,
cons17+nofund,aggressive,short,stock,63,B_tail_entry_skipped,2026-08-07,NTAP,,,,,,
cons17+nofund,aggressive,short,stock,63,B_tail_entry_skipped,2026-08-07,PK,,,,,,
cons17+nofund,aggressive,short,stock,63,B_tail_entry_skipped,2026-08-07,HUM,,,,,,
cons17+nofund,aggressive,short,stock,63,B_tail_entry_skipped,2026-08-07,RVMD,,,,,,
cons17+nofund,aggressive,short,stock,63,B_tail_entry_skipped,2026-08-07,MNPR,,,,,,
cons17+nofund,aggressive,short,stock,63,B_tail_entry_skipped,2026-08-07,OMDA,,,,,,
cons17+nofund,aggressive,short,stock,63,B_tail_entry_skipped,2026-08-14,CORT,,,,,,
cons17+nofund,aggressive,short,stock,63,B_tail_entry_skipped,2026-08-14,URGN,,,,,,
cons17+nofund,aggressive,short,stock,63,B_tail_entry_skipped,2026-08-14,CAKE,,,,,,
cons17+nofund,aggressive,short,stock,63,B_tail_entry_skipped,2026-08-14,STT,,,,,,
cons17+nofund,aggressive,short,stock,63,B_tail_entry_skipped,2026-08-14,MAN,,,,,,
cons17+nofund,aggressive,short,stock,63,B_tail_entry_skipped,2026-08-14,HAE,,,,,,
cons17+nofund,aggressive,short,stock,63,B_tail_entry_skipped,2026-08-14,TNET,,,,,,
cons17+nofund,aggressive,short,stock,63,B_tail_entry_skipped,2026-08-14,CBZ,,,,,,
cons17+nofund,aggressive,short,stock,63,B_tail_entry_skipped,2026-08-14,NTAP,,,,,,
cons17+nofund,aggressive,short,stock,63,B_tail_entry_skipped,2026-08-14,IOVA,,,,,,
cons17+nofund,aggressive,short,stock,63,B_tail_entry_skipped,2026-08-14,CON,,,,,,
cons17+nofund,aggressive,short,stock,63,B_tail_entry_skipped,2026-08-14,NRIX,,,,,,
cons17+nofund,aggressive,short,stock,63,B_tail_entry_skipped,2026-08-14,LTH,,,,,,
cons17+nofund,aggressive,short,stock,63,B_tail_entry_skipped,2026-08-14,RLAY,,,,,,
cons17+nofund,aggressive,short,stock,63,B_tail_entry_skipped,2026-08-14,LIND,,,,,,
cons17+nofund,aggressive,short,stock,63,B_tail_entry_skipped,2026-08-14,CDNA,,,,,,
cons17+nofund,aggressive,short,stock,63,B_tail_entry_skipped,2026-08-14,MGNI,,,,,,
cons17+nofund,aggressive,short,stock,63,B_tail_entry_skipped,2026-08-14,APGE,,,,,,
cons17+nofund,aggressive,short,stock,63,B_tail_entry_skipped,2026-08-14,ATAI,,,,,,
cons17+nofund,aggressive,short,stock,63,B_tail_entry_skipped,2026-08-14,SAIC,,,,,,
cons17+nofund,aggressive,short,stock,63,B_tail_entry_skipped,2026-08-21,CXW,,,,,,
cons17+nofund,aggressive,short,stock,63,B_tail_entry_skipped,2026-08-21,TXG,,,,,,
cons17+nofund,aggressive,short,stock,63,B_tail_entry_skipped,2026-08-21,CORT,,,,,,
cons17+nofund,aggressive,short,stock,63,B_tail_entry_skipped,2026-08-21,MRVI,,,,,,
cons17+nofund,aggressive,short,stock,63,B_tail_entry_skipped,2026-08-21,URGN,,,,,,
cons17+nofund,aggressive,short,stock,63,B_tail_entry_skipped,2026-08-21,MAN,,,,,,
cons17+nofund,aggressive,short,stock,63,B_tail_entry_skipped,2026-08-21,TWST,,,,,,
cons17+nofund,aggressive,short,stock,63,B_tail_entry_skipped,2026-08-21,NSP,,,,,,
cons17+nofund,aggressive,short,stock,63,B_tail_entry_skipped,2026-08-21,BJRI,,,,,,
cons17+nofund,aggressive,short,stock,63,B_tail_entry_skipped,2026-08-21,GEO,,,,,,
cons17+nofund,aggressive,short,stock,63,B_tail_entry_skipped,2026-08-21,HNGE,,,,,,
cons17+nofund,aggressive,short,stock,63,B_tail_entry_skipped,2026-08-21,XNCR,,,,,,
cons17+nofund,aggressive,short,stock,63,B_tail_entry_skipped,2026-08-21,ELVN,,,,,,
cons17+nofund,aggressive,short,stock,63,B_tail_entry_skipped,2026-08-21,CAKE,,,,,,
cons17+nofund,aggressive,short,stock,63,B_tail_entry_skipped,2026-08-21,CDNA,,,,,,
cons17+nofund,aggressive,short,stock,63,B_tail_entry_skipped,2026-08-21,TVTX,,,,,,
cons17+nofund,aggressive,short,stock,63,B_tail_entry_skipped,2026-08-21,DYN,,,,,,
cons17+nofund,aggressive,short,stock,63,B_tail_entry_skipped,2026-08-21,ADPT,,,,,,
cons17+nofund,aggressive,short,stock,63,B_tail_entry_skipped,2026-08-21,CBRL,,,,,,
cons17+nofund,aggressive,short,stock,63,B_tail_entry_skipped,2026-08-21,LTH,,,,,,
cons17+nofund,aggressive,short,stock,63,B_tail_entry_skipped,2026-08-28,MPC,,,,,,
cons17+nofund,aggressive,short,stock,63,B_tail_entry_skipped,2026-08-28,TXG,,,,,,
cons17+nofund,aggressive,short,stock,63,B_tail_entry_skipped,2026-08-28,CAKE,,,,,,
cons17+nofund,aggressive,short,stock,63,B_tail_entry_skipped,2026-08-28,DINO,,,,,,
cons17+nofund,aggressive,short,stock,63,B_tail_entry_skipped,2026-08-28,SEIC,,,,,,
cons17+nofund,aggressive,short,stock,63,B_tail_entry_skipped,2026-08-28,NSP,,,,,,
cons17+nofund,aggressive,short,stock,63,B_tail_entry_skipped,2026-08-28,TWST,,,,,,
cons17+nofund,aggressive,short,stock,63,B_tail_entry_skipped,2026-08-28,DK,,,,,,
cons17+nofund,aggressive,short,stock,63,B_tail_entry_skipped,2026-08-28,XNCR,,,,,,
cons17+nofund,aggressive,short,stock,63,B_tail_entry_skipped,2026-08-28,NRIX,,,,,,
cons17+nofund,aggressive,short,stock,63,B_tail_entry_skipped,2026-08-28,PBF,,,,,,
cons17+nofund,aggressive,short,stock,63,B_tail_entry_skipped,2026-08-28,CHE,,,,,,
cons17+nofund,aggressive,short,stock,63,B_tail_entry_skipped,2026-08-28,INTA,,,,,,
cons17+nofund,aggressive,short,stock,63,B_tail_entry_skipped,2026-08-28,ATRC,,,,,,
cons17+nofund,aggressive,short,stock,63,B_tail_entry_skipped,2026-08-28,CDNA,,,,,,
cons17+nofund,aggressive,short,stock,63,B_tail_entry_skipped,2026-08-28,SN,,,,,,
cons17+nofund,aggressive,short,stock,63,B_tail_entry_skipped,2026-08-28,NEO,,,,,,
cons17+nofund,aggressive,short,stock,63,B_tail_entry_skipped,2026-08-28,CLBK,,,,,,
cons17+nofund,aggressive,short,stock,63,B_tail_entry_skipped,2026-08-28,FRSH,,,,,,
cons17+nofund,aggressive,short,stock,63,B_tail_entry_skipped,2026-08-28,HAE,,,,,,
cons17+nofund,aggressive,short,stock,63,B_tail_entry_skipped,2026-09-04,CDNA,,,,,,
cons17+nofund,aggressive,short,stock,63,B_tail_entry_skipped,2026-09-04,ATAI,,,,,,
cons17+nofund,aggressive,short,stock,63,B_tail_entry_skipped,2026-09-04,TXG,,,,,,
cons17+nofund,aggressive,short,stock,63,B_tail_entry_skipped,2026-09-04,ETON,,,,,,
cons17+nofund,aggressive,short,stock,63,B_tail_entry_skipped,2026-09-04,XNCR,,,,,,
cons17+nofund,aggressive,short,stock,63,B_tail_entry_skipped,2026-09-04,PLSE,,,,,,
cons17+nofund,aggressive,short,stock,63,B_tail_entry_skipped,2026-09-04,NSIT,,,,,,
cons17+nofund,aggressive,short,stock,63,B_tail_entry_skipped,2026-09-04,AVTR,,,,,,
cons17+nofund,aggressive,short,stock,63,B_tail_entry_skipped,2026-09-04,HNGE,,,,,,
cons17+nofund,aggressive,short,stock,63,B_tail_entry_skipped,2026-09-04,CRL,,,,,,
cons17+nofund,aggressive,short,stock,63,B_tail_entry_skipped,2026-09-04,CORT,,,,,,
cons17+nofund,aggressive,short,stock,63,B_tail_entry_skipped,2026-09-04,AMLX,,,,,,
cons17+nofund,aggressive,short,stock,63,B_tail_entry_skipped,2026-09-04,PGY,,,,,,
cons17+nofund,aggressive,short,stock,63,B_tail_entry_skipped,2026-09-04,STT,,,,,,
cons17+nofund,aggressive,short,stock,63,B_tail_entry_skipped,2026-09-04,NRIX,,,,,,
cons17+nofund,aggressive,short,stock,63,B_tail_entry_skipped,2026-09-04,VLO,,,,,,
cons17+nofund,aggressive,short,stock,63,B_tail_entry_skipped,2026-09-04,PAYC,,,,,,
cons17+nofund,aggressive,short,stock,63,B_tail_entry_skipped,2026-09-04,ILMN,,,,,,
cons17+nofund,aggressive,short,stock,63,B_tail_entry_skipped,2026-09-04,CAKE,,,,,,
cons17+nofund,aggressive,short,stock,63,B_tail_entry_skipped,2026-09-04,TWST,,,,,,
cons17+nofund,aggressive,short,stock,63,B_tail_entry_skipped,2026-09-14,TXG,,,,,,
cons17+nofund,aggressive,short,stock,63,B_tail_entry_skipped,2026-09-14,CDNA,,,,,,
cons17+nofund,aggressive,short,stock,63,B_tail_entry_skipped,2026-09-14,AVTR,,,,,,
cons17+nofund,aggressive,short,stock,63,B_tail_entry_skipped,2026-09-14,PLSE,,,,,,
cons17+nofund,aggressive,short,stock,63,B_tail_entry_skipped,2026-09-14,HNGE,,,,,,
cons17+nofund,aggressive,short,stock,63,B_tail_entry_skipped,2026-09-14,TEAM,,,,,,
cons17+nofund,aggressive,short,stock,63,B_tail_entry_skipped,2026-09-14,TWST,,,,,,
cons17+nofund,aggressive,short,stock,63,B_tail_entry_skipped,2026-09-14,NEO,,,,,,
cons17+nofund,aggressive,short,stock,63,B_tail_entry_skipped,2026-09-14,NTNX,,,,,,
cons17+nofund,aggressive,short,stock,63,B_tail_entry_skipped,2026-09-14,CLMT,,,,,,
cons17+nofund,aggressive,short,stock,63,B_tail_entry_skipped,2026-09-14,GTLB,,,,,,
cons17+nofund,aggressive,short,stock,63,B_tail_entry_skipped,2026-09-14,PD,,,,,,
cons17+nofund,aggressive,short,stock,63,B_tail_entry_skipped,2026-09-14,ATRC,,,,,,
cons17+nofund,aggressive,short,stock,63,B_tail_entry_skipped,2026-09-14,AVAH,,,,,,
cons17+nofund,aggressive,short,stock,63,B_tail_entry_skipped,2026-09-14,MAN,,,,,,
cons17+nofund,aggressive,short,stock,63,B_tail_entry_skipped,2026-09-14,RNG,,,,,,
cons17+nofund,aggressive,short,stock,63,B_tail_entry_skipped,2026-09-14,MPC,,,,,,
cons17+nofund,aggressive,short,stock,63,B_tail_entry_skipped,2026-09-14,BLFS,,,,,,
cons17+nofund,aggressive,short,stock,63,B_tail_entry_skipped,2026-09-14,NSIT,,,,,,
cons17+nofund,aggressive,short,stock,63,B_tail_entry_skipped,2026-09-14,ECO,,,,,,
cons17+nofund,balanced,long,mixed,63,B_tail_entry_skipped,2026-07-02,AMD,,,,,,
cons17+nofund,balanced,long,mixed,63,B_tail_entry_skipped,2026-07-02,KLIC,,,,,,
cons17+nofund,balanced,long,mixed,63,B_tail_entry_skipped,2026-07-02,MTRN,,,,,,
cons17+nofund,balanced,long,mixed,63,B_tail_entry_skipped,2026-07-02,ATEX,,,,,,
cons17+nofund,balanced,long,mixed,63,B_tail_entry_skipped,2026-07-02,BNY,,,,,,
cons17+nofund,balanced,long,mixed,63,B_tail_entry_skipped,2026-07-02,NWPX,,,,,,
cons17+nofund,balanced,long,mixed,63,B_tail_entry_skipped,2026-07-02,UMC,,,,,,
cons17+nofund,balanced,long,mixed,63,B_tail_entry_skipped,2026-07-02,LQDA,,,,,,
cons17+nofund,balanced,long,mixed,63,B_tail_entry_skipped,2026-07-02,SYRE,,,,,,
cons17+nofund,balanced,long,mixed,63,B_tail_entry_skipped,2026-07-02,BTSG,,,,,,
cons17+nofund,balanced,long,mixed,63,B_tail_entry_skipped,2026-07-02,DELL,,,,,,
cons17+nofund,balanced,long,mixed,63,B_tail_entry_skipped,2026-07-02,AXSM,,,,,,
cons17+nofund,balanced,long,mixed,63,B_tail_entry_skipped,2026-07-02,TXG,,,,,,
cons17+nofund,balanced,long,mixed,63,B_tail_entry_skipped,2026-07-02,PLXS,,,,,,
cons17+nofund,balanced,long,mixed,63,B_tail_entry_skipped,2026-07-02,TNGX,,,,,,
cons17+nofund,balanced,long,mixed,63,B_tail_entry_skipped,2026-07-02,RVMD,,,,,,
cons17+nofund,balanced,long,mixed,63,B_tail_entry_skipped,2026-07-02,BAND,,,,,,
cons17+nofund,balanced,long,mixed,63,B_tail_entry_skipped,2026-07-02,ATEN,,,,,,
cons17+nofund,balanced,long,mixed,63,B_tail_entry_skipped,2026-07-02,ASML,,,,,,
cons17+nofund,balanced,long,mixed,63,B_tail_entry_skipped,2026-07-02,SPHR,,,,,,
cons17+nofund,balanced,long,mixed,63,B_tail_entry_skipped,2026-07-10,NWPX,,,,,,
cons17+nofund,balanced,long,mixed,63,B_tail_entry_skipped,2026-07-10,ATEX,,,,,,
cons17+nofund,balanced,long,mixed,63,B_tail_entry_skipped,2026-07-10,LQDA,,,,,,
cons17+nofund,balanced,long,mixed,63,B_tail_entry_skipped,2026-07-10,STM,,,,,,
cons17+nofund,balanced,long,mixed,63,B_tail_entry_skipped,2026-07-10,BTSG,,,,,,
cons17+nofund,balanced,long,mixed,63,B_tail_entry_skipped,2026-07-10,MTRN,,,,,,
cons17+nofund,balanced,long,mixed,63,B_tail_entry_skipped,2026-07-10,BNY,,,,,,
cons17+nofund,balanced,long,mixed,63,B_tail_entry_skipped,2026-07-10,MEC,,,,,,
cons17+nofund,balanced,long,mixed,63,B_tail_entry_skipped,2026-07-10,VSTS,,,,,,
cons17+nofund,balanced,long,mixed,63,B_tail_entry_skipped,2026-07-10,EVC,,,,,,
cons17+nofund,balanced,long,mixed,63,B_tail_entry_skipped,2026-07-10,TNGX,,,,,,
cons17+nofund,balanced,long,mixed,63,B_tail_entry_skipped,2026-07-10,ECPG,,,,,,
cons17+nofund,balanced,long,mixed,63,B_tail_entry_skipped,2026-07-10,ATEN,,,,,,
cons17+nofund,balanced,long,mixed,63,B_tail_entry_skipped,2026-07-10,SPHR,,,,,,
cons17+nofund,balanced,long,mixed,63,B_tail_entry_skipped,2026-07-10,SYRE,,,,,,
cons17+nofund,balanced,long,mixed,63,B_tail_entry_skipped,2026-07-10,WTTR,,,,,,
cons17+nofund,balanced,long,mixed,63,B_tail_entry_skipped,2026-07-10,NESR,,,,,,
cons17+nofund,balanced,long,mixed,63,B_tail_entry_skipped,2026-07-10,DCO,,,,,,
cons17+nofund,balanced,long,mixed,63,B_tail_entry_skipped,2026-07-10,TKR,,,,,,
cons17+nofund,balanced,long,mixed,63,B_tail_entry_skipped,2026-07-10,PSMT,,,,,,
cons17+nofund,balanced,long,mixed,63,B_tail_entry_skipped,2026-07-17,ORKA,,,,,,
cons17+nofund,balanced,long,mixed,63,B_tail_entry_skipped,2026-07-17,RLAY,,,,,,
cons17+nofund,balanced,long,mixed,63,B_tail_entry_skipped,2026-07-17,BTSG,,,,,,
cons17+nofund,balanced,long,mixed,63,B_tail_entry_skipped,2026-07-17,SYRE,,,,,,
cons17+nofund,balanced,long,mixed,63,B_tail_entry_skipped,2026-07-17,TWST,,,,,,
cons17+nofund,balanced,long,mixed,63,B_tail_entry_skipped,2026-07-17,BNY,,,,,,
cons17+nofund,balanced,long,mixed,63,B_tail_entry_skipped,2026-07-17,ATEN,,,,,,
cons17+nofund,balanced,long,mixed,63,B_tail_entry_skipped,2026-07-17,NWPX,,,,,,
cons17+nofund,balanced,long,mixed,63,B_tail_entry_skipped,2026-07-17,URGN,,,,,,
cons17+nofund,balanced,long,mixed,63,B_tail_entry_skipped,2026-07-17,LQDA,,,,,,
cons17+nofund,balanced,long,mixed,63,B_tail_entry_skipped,2026-07-17,VSTS,,,,,,
cons17+nofund,balanced,long,mixed,63,B_tail_entry_skipped,2026-07-17,TIGO,,,,,,
cons17+nofund,balanced,long,mixed,63,B_tail_entry_skipped,2026-07-17,NESR,,,,,,
cons17+nofund,balanced,long,mixed,63,B_tail_entry_skipped,2026-07-17,ASML,,,,,,
cons17+nofund,balanced,long,mixed,63,B_tail_entry_skipped,2026-07-17,NHC,,,,,,
cons17+nofund,balanced,long,mixed,63,B_tail_entry_skipped,2026-07-17,MSGS,,,,,,
cons17+nofund,balanced,long,mixed,63,B_tail_entry_skipped,2026-07-17,MSGE,,,,,,
cons17+nofund,balanced,long,mixed,63,B_tail_entry_skipped,2026-07-17,LIND,,,,,,
cons17+nofund,balanced,long,mixed,63,B_tail_entry_skipped,2026-07-17,DCO,,,,,,
cons17+nofund,balanced,long,mixed,63,B_tail_entry_skipped,2026-07-17,PEB,,,,,,
cons17+nofund,balanced,long,mixed,63,B_tail_entry_skipped,2026-07-24,XLF,,,,,,
cons17+nofund,balanced,long,mixed,63,B_tail_entry_skipped,2026-07-24,SYRE,,,,,,
cons17+nofund,balanced,long,mixed,63,B_tail_entry_skipped,2026-07-24,BNY,,,,,,
cons17+nofund,balanced,long,mixed,63,B_tail_entry_skipped,2026-07-24,ECPG,,,,,,
cons17+nofund,balanced,long,mixed,63,B_tail_entry_skipped,2026-07-24,RVMD,,,,,,
cons17+nofund,balanced,long,mixed,63,B_tail_entry_skipped,2026-07-24,ETON,,,,,,
cons17+nofund,balanced,long,mixed,63,B_tail_entry_skipped,2026-07-24,ROIV,,,,,,
cons17+nofund,balanced,long,mixed,63,B_tail_entry_skipped,2026-07-24,DNTH,,,,,,
cons17+nofund,balanced,long,mixed,63,B_tail_entry_skipped,2026-07-24,HPE,,,,,,
cons17+nofund,balanced,long,mixed,63,B_tail_entry_skipped,2026-07-24,NWPX,,,,,,
cons17+nofund,balanced,long,mixed,63,B_tail_entry_skipped,2026-07-24,APGE,,,,,,
cons17+nofund,balanced,long,mixed,63,B_tail_entry_skipped,2026-07-24,LQDA,,,,,,
cons17+nofund,balanced,long,mixed,63,B_tail_entry_skipped,2026-07-24,RLAY,,,,,,
cons17+nofund,balanced,long,mixed,63,B_tail_entry_skipped,2026-07-24,DELL,,,,,,
cons17+nofund,balanced,long,mixed,63,B_tail_entry_skipped,2026-07-24,VSTS,,,,,,
cons17+nofund,balanced,long,mixed,63,B_tail_entry_skipped,2026-07-24,CRS,,,,,,
cons17+nofund,balanced,long,mixed,63,B_tail_entry_skipped,2026-07-24,JAZZ,,,,,,
cons17+nofund,balanced,long,mixed,63,B_tail_entry_skipped,2026-07-24,CNC,,,,,,
cons17+nofund,balanced,long,mixed,63,B_tail_entry_skipped,2026-07-24,RY,,,,,,
cons17+nofund,balanced,long,mixed,63,B_tail_entry_skipped,2026-07-24,ELVN,,,,,,
cons17+nofund,balanced,long,mixed,63,B_tail_entry_skipped,2026-07-31,APGE,,,,,,
cons17+nofund,balanced,long,mixed,63,B_tail_entry_skipped,2026-07-31,RVMD,,,,,,
cons17+nofund,balanced,long,mixed,63,B_tail_entry_skipped,2026-07-31,TVTX,,,,,,
cons17+nofund,balanced,long,mixed,63,B_tail_entry_skipped,2026-07-31,ETON,,,,,,
cons17+nofund,balanced,long,mixed,63,B_tail_entry_skipped,2026-07-31,ATEX,,,,,,
cons17+nofund,balanced,long,mixed,63,B_tail_entry_skipped,2026-07-31,CLMT,,,,,,
cons17+nofund,balanced,long,mixed,63,B_tail_entry_skipped,2026-07-31,NHC,,,,,,
cons17+nofund,balanced,long,mixed,63,B_tail_entry_skipped,2026-07-31,TIGO,,,,,,
cons17+nofund,balanced,long,mixed,63,B_tail_entry_skipped,2026-07-31,DIA,,,,,,
cons17+nofund,balanced,long,mixed,63,B_tail_entry_skipped,2026-07-31,PEB,,,,,,
cons17+nofund,balanced,long,mixed,63,B_tail_entry_skipped,2026-07-31,DK,,,,,,
cons17+nofund,balanced,long,mixed,63,B_tail_entry_skipped,2026-07-31,TRVI,,,,,,
cons17+nofund,balanced,long,mixed,63,B_tail_entry_skipped,2026-07-31,JAZZ,,,,,,
cons17+nofund,balanced,long,mixed,63,B_tail_entry_skipped,2026-07-31,LQDA,,,,,,
cons17+nofund,balanced,long,mixed,63,B_tail_entry_skipped,2026-07-31,PANW,,,,,,
cons17+nofund,balanced,long,mixed,63,B_tail_entry_skipped,2026-07-31,FTNT,,,,,,
cons17+nofund,balanced,long,mixed,63,B_tail_entry_skipped,2026-07-31,CVS,,,,,,
cons17+nofund,balanced,long,mixed,63,B_tail_entry_skipped,2026-07-31,RLJ,,,,,,
cons17+nofund,balanced,long,mixed,63,B_tail_entry_skipped,2026-07-31,CDNA,,,,,,
cons17+nofund,balanced,long,mixed,63,B_tail_entry_skipped,2026-07-31,URGN,,,,,,
cons17+nofund,balanced,long,mixed,63,B_tail_entry_skipped,2026-08-07,XLF,,,,,,
cons17+nofund,balanced,long,mixed,63,B_tail_entry_skipped,2026-08-07,APGE,,,,,,
cons17+nofund,balanced,long,mixed,63,B_tail_entry_skipped,2026-08-07,TXG,,,,,,
cons17+nofund,balanced,long,mixed,63,B_tail_entry_skipped,2026-08-07,RVMD,,,,,,
cons17+nofund,balanced,long,mixed,63,B_tail_entry_skipped,2026-08-07,ETON,,,,,,
cons17+nofund,balanced,long,mixed,63,B_tail_entry_skipped,2026-08-07,LQDA,,,,,,
cons17+nofund,balanced,long,mixed,63,B_tail_entry_skipped,2026-08-07,DNTH,,,,,,
cons17+nofund,balanced,long,mixed,63,B_tail_entry_skipped,2026-08-07,MBX,,,,,,
cons17+nofund,balanced,long,mixed,63,B_tail_entry_skipped,2026-08-07,NRIX,,,,,,
cons17+nofund,balanced,long,mixed,63,B_tail_entry_skipped,2026-08-07,ELVN,,,,,,
cons17+nofund,balanced,long,mixed,63,B_tail_entry_skipped,2026-08-07,TRVI,,,,,,
cons17+nofund,balanced,long,mixed,63,B_tail_entry_skipped,2026-08-07,GH,,,,,,
cons17+nofund,balanced,long,mixed,63,B_tail_entry_skipped,2026-08-07,LFST,,,,,,
cons17+nofund,balanced,long,mixed,63,B_tail_entry_skipped,2026-08-07,ORKA,,,,,,
cons17+nofund,balanced,long,mixed,63,B_tail_entry_skipped,2026-08-07,PSNL,,,,,,
cons17+nofund,balanced,long,mixed,63,B_tail_entry_skipped,2026-08-07,CDNA,,,,,,
cons17+nofund,balanced,long,mixed,63,B_tail_entry_skipped,2026-08-07,MNPR,,,,,,
cons17+nofund,balanced,long,mixed,63,B_tail_entry_skipped,2026-08-07,BJRI,,,,,,
cons17+nofund,balanced,long,mixed,63,B_tail_entry_skipped,2026-08-07,URGN,,,,,,
cons17+nofund,balanced,long,mixed,63,B_tail_entry_skipped,2026-08-07,DGII,,,,,,
cons17+nofund,balanced,long,mixed,63,B_tail_entry_skipped,2026-08-14,XLF,,,,,,
cons17+nofund,balanced,long,mixed,63,B_tail_entry_skipped,2026-08-14,APGE,,,,,,
cons17+nofund,balanced,long,mixed,63,B_tail_entry_skipped,2026-08-14,RLAY,,,,,,
cons17+nofund,balanced,long,mixed,63,B_tail_entry_skipped,2026-08-14,SYRE,,,,,,
cons17+nofund,balanced,long,mixed,63,B_tail_entry_skipped,2026-08-14,TVTX,,,,,,
cons17+nofund,balanced,long,mixed,63,B_tail_entry_skipped,2026-08-14,RVMD,,,,,,
cons17+nofund,balanced,long,mixed,63,B_tail_entry_skipped,2026-08-14,ORKA,,,,,,
cons17+nofund,balanced,long,mixed,63,B_tail_entry_skipped,2026-08-14,STT,,,,,,
cons17+nofund,balanced,long,mixed,63,B_tail_entry_skipped,2026-08-14,ELVN,,,,,,
cons17+nofund,balanced,long,mixed,63,B_tail_entry_skipped,2026-08-14,ECPG,,,,,,
cons17+nofund,balanced,long,mixed,63,B_tail_entry_skipped,2026-08-14,FTNT,,,,,,
cons17+nofund,balanced,long,mixed,63,B_tail_entry_skipped,2026-08-14,CDNA,,,,,,
cons17+nofund,balanced,long,mixed,63,B_tail_entry_skipped,2026-08-14,DELL,,,,,,
cons17+nofund,balanced,long,mixed,63,B_tail_entry_skipped,2026-08-14,MBX,,,,,,
cons17+nofund,balanced,long,mixed,63,B_tail_entry_skipped,2026-08-14,URGN,,,,,,
cons17+nofund,balanced,long,mixed,63,B_tail_entry_skipped,2026-08-14,PBF,,,,,,
cons17+nofund,balanced,long,mixed,63,B_tail_entry_skipped,2026-08-14,DIA,,,,,,
cons17+nofund,balanced,long,mixed,63,B_tail_entry_skipped,2026-08-14,LGND,,,,,,
cons17+nofund,balanced,long,mixed,63,B_tail_entry_skipped,2026-08-14,NRIX,,,,,,
cons17+nofund,balanced,long,mixed,63,B_tail_entry_skipped,2026-08-14,BNY,,,,,,
cons17+nofund,balanced,long,mixed,63,B_tail_entry_skipped,2026-08-21,XLF,,,,,,
cons17+nofund,balanced,long,mixed,63,B_tail_entry_skipped,2026-08-21,TXG,,,,,,
cons17+nofund,balanced,long,mixed,63,B_tail_entry_skipped,2026-08-21,TWST,,,,,,
cons17+nofund,balanced,long,mixed,63,B_tail_entry_skipped,2026-08-21,MRVI,,,,,,
cons17+nofund,balanced,long,mixed,63,B_tail_entry_skipped,2026-08-21,APGE,,,,,,
cons17+nofund,balanced,long,mixed,63,B_tail_entry_skipped,2026-08-21,ELVN,,,,,,
cons17+nofund,balanced,long,mixed,63,B_tail_entry_skipped,2026-08-21,TVTX,,,,,,
cons17+nofund,balanced,long,mixed,63,B_tail_entry_skipped,2026-08-21,BFLY,,,,,,
cons17+nofund,balanced,long,mixed,63,B_tail_entry_skipped,2026-08-21,URGN,,,,,,
cons17+nofund,balanced,long,mixed,63,B_tail_entry_skipped,2026-08-21,RVMD,,,,,,
cons17+nofund,balanced,long,mixed,63,B_tail_entry_skipped,2026-08-21,XNCR,,,,,,
cons17+nofund,balanced,long,mixed,63,B_tail_entry_skipped,2026-08-21,CDNA,,,,,,
cons17+nofund,balanced,long,mixed,63,B_tail_entry_skipped,2026-08-21,ORKA,,,,,,
cons17+nofund,balanced,long,mixed,63,B_tail_entry_skipped,2026-08-21,BJRI,,,,,,
cons17+nofund,balanced,long,mixed,63,B_tail_entry_skipped,2026-08-21,ETON,,,,,,
cons17+nofund,balanced,long,mixed,63,B_tail_entry_skipped,2026-08-21,DIA,,,,,,
cons17+nofund,balanced,long,mixed,63,B_tail_entry_skipped,2026-08-21,NEO,,,,,,
cons17+nofund,balanced,long,mixed,63,B_tail_entry_skipped,2026-08-21,MBX,,,,,,
cons17+nofund,balanced,long,mixed,63,B_tail_entry_skipped,2026-08-21,FBRX,,,,,,
cons17+nofund,balanced,long,mixed,63,B_tail_entry_skipped,2026-08-21,OII,,,,,,
cons17+nofund,balanced,long,mixed,63,B_tail_entry_skipped,2026-08-28,XLF,,,,,,
cons17+nofund,balanced,long,mixed,63,B_tail_entry_skipped,2026-08-28,TXG,,,,,,
cons17+nofund,balanced,long,mixed,63,B_tail_entry_skipped,2026-08-28,BNY,,,,,,
cons17+nofund,balanced,long,mixed,63,B_tail_entry_skipped,2026-08-28,TWST,,,,,,
cons17+nofund,balanced,long,mixed,63,B_tail_entry_skipped,2026-08-28,DK,,,,,,
cons17+nofund,balanced,long,mixed,63,B_tail_entry_skipped,2026-08-28,PBF,,,,,,
cons17+nofund,balanced,long,mixed,63,B_tail_entry_skipped,2026-08-28,NRIX,,,,,,
cons17+nofund,balanced,long,mixed,63,B_tail_entry_skipped,2026-08-28,DINO,,,,,,
cons17+nofund,balanced,long,mixed,63,B_tail_entry_skipped,2026-08-28,MPC,,,,,,
cons17+nofund,balanced,long,mixed,63,B_tail_entry_skipped,2026-08-28,XNCR,,,,,,
cons17+nofund,balanced,long,mixed,63,B_tail_entry_skipped,2026-08-28,APGE,,,,,,
cons17+nofund,balanced,long,mixed,63,B_tail_entry_skipped,2026-08-28,CAKE,,,,,,
cons17+nofund,balanced,long,mixed,63,B_tail_entry_skipped,2026-08-28,DELL,,,,,,
cons17+nofund,balanced,long,mixed,63,B_tail_entry_skipped,2026-08-28,ETON,,,,,,
cons17+nofund,balanced,long,mixed,63,B_tail_entry_skipped,2026-08-28,HPE,,,,,,
cons17+nofund,balanced,long,mixed,63,B_tail_entry_skipped,2026-08-28,KNSA,,,,,,
cons17+nofund,balanced,long,mixed,63,B_tail_entry_skipped,2026-08-28,NEO,,,,,,
cons17+nofund,balanced,long,mixed,63,B_tail_entry_skipped,2026-08-28,CDNA,,,,,,
cons17+nofund,balanced,long,mixed,63,B_tail_entry_skipped,2026-08-28,CLMT,,,,,,
cons17+nofund,balanced,long,mixed,63,B_tail_entry_skipped,2026-08-28,SPCX,,,,,,
cons17+nofund,balanced,long,mixed,63,B_tail_entry_skipped,2026-09-04,CDNA,,,,,,
cons17+nofund,balanced,long,mixed,63,B_tail_entry_skipped,2026-09-04,XLF,,,,,,
cons17+nofund,balanced,long,mixed,63,B_tail_entry_skipped,2026-09-04,TXG,,,,,,
cons17+nofund,balanced,long,mixed,63,B_tail_entry_skipped,2026-09-04,ETON,,,,,,
cons17+nofund,balanced,long,mixed,63,B_tail_entry_skipped,2026-09-04,RVMD,,,,,,
cons17+nofund,balanced,long,mixed,63,B_tail_entry_skipped,2026-09-04,XNCR,,,,,,
cons17+nofund,balanced,long,mixed,63,B_tail_entry_skipped,2026-09-04,GH,,,,,,
cons17+nofund,balanced,long,mixed,63,B_tail_entry_skipped,2026-09-04,NRIX,,,,,,
cons17+nofund,balanced,long,mixed,63,B_tail_entry_skipped,2026-09-04,PLSE,,,,,,
cons17+nofund,balanced,long,mixed,63,B_tail_entry_skipped,2026-09-04,STT,,,,,,
cons17+nofund,balanced,long,mixed,63,B_tail_entry_skipped,2026-09-04,ILMN,,,,,,
cons17+nofund,balanced,long,mixed,63,B_tail_entry_skipped,2026-09-04,VLO,,,,,,
cons17+nofund,balanced,long,mixed,63,B_tail_entry_skipped,2026-09-04,BNY,,,,,,
cons17+nofund,balanced,long,mixed,63,B_tail_entry_skipped,2026-09-04,ECO,,,,,,
cons17+nofund,balanced,long,mixed,63,B_tail_entry_skipped,2026-09-04,MNPR,,,,,,
cons17+nofund,balanced,long,mixed,63,B_tail_entry_skipped,2026-09-04,URGN,,,,,,
cons17+nofund,balanced,long,mixed,63,B_tail_entry_skipped,2026-09-04,KYMR,,,,,,
cons17+nofund,balanced,long,mixed,63,B_tail_entry_skipped,2026-09-04,CAKE,,,,,,
cons17+nofund,balanced,long,mixed,63,B_tail_entry_skipped,2026-09-04,DELL,,,,,,
cons17+nofund,balanced,long,mixed,63,B_tail_entry_skipped,2026-09-04,CLMT,,,,,,
cons17+nofund,balanced,long,mixed,63,B_tail_entry_skipped,2026-09-14,TXG,,,,,,
cons17+nofund,balanced,long,mixed,63,B_tail_entry_skipped,2026-09-14,CDNA,,,,,,
cons17+nofund,balanced,long,mixed,63,B_tail_entry_skipped,2026-09-14,TWST,,,,,,
cons17+nofund,balanced,long,mixed,63,B_tail_entry_skipped,2026-09-14,PLSE,,,,,,
cons17+nofund,balanced,long,mixed,63,B_tail_entry_skipped,2026-09-14,CLMT,,,,,,
cons17+nofund,balanced,long,mixed,63,B_tail_entry_skipped,2026-09-14,PTGX,,,,,,
cons17+nofund,balanced,long,mixed,63,B_tail_entry_skipped,2026-09-14,RVMD,,,,,,
cons17+nofund,balanced,long,mixed,63,B_tail_entry_skipped,2026-09-14,NEO,,,,,,
cons17+nofund,balanced,long,mixed,63,B_tail_entry_skipped,2026-09-14,ECO,,,,,,
cons17+nofund,balanced,long,mixed,63,B_tail_entry_skipped,2026-09-14,MPC,,,,,,
cons17+nofund,balanced,long,mixed,63,B_tail_entry_skipped,2026-09-14,RNG,,,,,,
cons17+nofund,balanced,long,mixed,63,B_tail_entry_skipped,2026-09-14,CRWD,,,,,,
cons17+nofund,balanced,long,mixed,63,B_tail_entry_skipped,2026-09-14,FTNT,,,,,,
cons17+nofund,balanced,long,mixed,63,B_tail_entry_skipped,2026-09-14,INSW,,,,,,
cons17+nofund,balanced,long,mixed,63,B_tail_entry_skipped,2026-09-14,MATX,,,,,,
cons17+nofund,balanced,long,mixed,63,B_tail_entry_skipped,2026-09-14,CHEF,,,,,,
cons17+nofund,balanced,long,mixed,63,B_tail_entry_skipped,2026-09-14,DELL,,,,,,
cons17+nofund,balanced,long,mixed,63,B_tail_entry_skipped,2026-09-14,VLO,,,,,,
cons17+nofund,balanced,long,mixed,63,B_tail_entry_skipped,2026-09-14,GH,,,,,,
cons17+nofund,balanced,long,mixed,63,B_tail_entry_skipped,2026-09-14,ABCL,,,,,,
cons17+nofund,balanced,long,stock,63,B_tail_entry_skipped,2026-07-02,AMD,,,,,,
cons17+nofund,balanced,long,stock,63,B_tail_entry_skipped,2026-07-02,KLIC,,,,,,
cons17+nofund,balanced,long,stock,63,B_tail_entry_skipped,2026-07-02,MTRN,,,,,,
cons17+nofund,balanced,long,stock,63,B_tail_entry_skipped,2026-07-02,ATEX,,,,,,
cons17+nofund,balanced,long,stock,63,B_tail_entry_skipped,2026-07-02,BNY,,,,,,
cons17+nofund,balanced,long,stock,63,B_tail_entry_skipped,2026-07-02,NWPX,,,,,,
cons17+nofund,balanced,long,stock,63,B_tail_entry_skipped,2026-07-02,UMC,,,,,,
cons17+nofund,balanced,long,stock,63,B_tail_entry_skipped,2026-07-02,LQDA,,,,,,
cons17+nofund,balanced,long,stock,63,B_tail_entry_skipped,2026-07-02,SYRE,,,,,,
cons17+nofund,balanced,long,stock,63,B_tail_entry_skipped,2026-07-02,BTSG,,,,,,
cons17+nofund,balanced,long,stock,63,B_tail_entry_skipped,2026-07-02,DELL,,,,,,
cons17+nofund,balanced,long,stock,63,B_tail_entry_skipped,2026-07-02,AXSM,,,,,,
cons17+nofund,balanced,long,stock,63,B_tail_entry_skipped,2026-07-02,TXG,,,,,,
cons17+nofund,balanced,long,stock,63,B_tail_entry_skipped,2026-07-02,PLXS,,,,,,
cons17+nofund,balanced,long,stock,63,B_tail_entry_skipped,2026-07-02,TNGX,,,,,,
cons17+nofund,balanced,long,stock,63,B_tail_entry_skipped,2026-07-02,RVMD,,,,,,
cons17+nofund,balanced,long,stock,63,B_tail_entry_skipped,2026-07-02,BAND,,,,,,
cons17+nofund,balanced,long,stock,63,B_tail_entry_skipped,2026-07-02,ATEN,,,,,,
cons17+nofund,balanced,long,stock,63,B_tail_entry_skipped,2026-07-02,ASML,,,,,,
cons17+nofund,balanced,long,stock,63,B_tail_entry_skipped,2026-07-02,SPHR,,,,,,
cons17+nofund,balanced,long,stock,63,B_tail_entry_skipped,2026-07-10,NWPX,,,,,,
cons17+nofund,balanced,long,stock,63,B_tail_entry_skipped,2026-07-10,ATEX,,,,,,
cons17+nofund,balanced,long,stock,63,B_tail_entry_skipped,2026-07-10,LQDA,,,,,,
cons17+nofund,balanced,long,stock,63,B_tail_entry_skipped,2026-07-10,STM,,,,,,
cons17+nofund,balanced,long,stock,63,B_tail_entry_skipped,2026-07-10,BTSG,,,,,,
cons17+nofund,balanced,long,stock,63,B_tail_entry_skipped,2026-07-10,MTRN,,,,,,
cons17+nofund,balanced,long,stock,63,B_tail_entry_skipped,2026-07-10,BNY,,,,,,
cons17+nofund,balanced,long,stock,63,B_tail_entry_skipped,2026-07-10,MEC,,,,,,
cons17+nofund,balanced,long,stock,63,B_tail_entry_skipped,2026-07-10,VSTS,,,,,,
cons17+nofund,balanced,long,stock,63,B_tail_entry_skipped,2026-07-10,EVC,,,,,,
cons17+nofund,balanced,long,stock,63,B_tail_entry_skipped,2026-07-10,TNGX,,,,,,
cons17+nofund,balanced,long,stock,63,B_tail_entry_skipped,2026-07-10,ECPG,,,,,,
cons17+nofund,balanced,long,stock,63,B_tail_entry_skipped,2026-07-10,ATEN,,,,,,
cons17+nofund,balanced,long,stock,63,B_tail_entry_skipped,2026-07-10,SPHR,,,,,,
cons17+nofund,balanced,long,stock,63,B_tail_entry_skipped,2026-07-10,SYRE,,,,,,
cons17+nofund,balanced,long,stock,63,B_tail_entry_skipped,2026-07-10,WTTR,,,,,,
cons17+nofund,balanced,long,stock,63,B_tail_entry_skipped,2026-07-10,NESR,,,,,,
cons17+nofund,balanced,long,stock,63,B_tail_entry_skipped,2026-07-10,DCO,,,,,,
cons17+nofund,balanced,long,stock,63,B_tail_entry_skipped,2026-07-10,TKR,,,,,,
cons17+nofund,balanced,long,stock,63,B_tail_entry_skipped,2026-07-10,PSMT,,,,,,
cons17+nofund,balanced,long,stock,63,B_tail_entry_skipped,2026-07-17,ORKA,,,,,,
cons17+nofund,balanced,long,stock,63,B_tail_entry_skipped,2026-07-17,RLAY,,,,,,
cons17+nofund,balanced,long,stock,63,B_tail_entry_skipped,2026-07-17,BTSG,,,,,,
cons17+nofund,balanced,long,stock,63,B_tail_entry_skipped,2026-07-17,SYRE,,,,,,
cons17+nofund,balanced,long,stock,63,B_tail_entry_skipped,2026-07-17,TWST,,,,,,
cons17+nofund,balanced,long,stock,63,B_tail_entry_skipped,2026-07-17,BNY,,,,,,
cons17+nofund,balanced,long,stock,63,B_tail_entry_skipped,2026-07-17,ATEN,,,,,,
cons17+nofund,balanced,long,stock,63,B_tail_entry_skipped,2026-07-17,NWPX,,,,,,
cons17+nofund,balanced,long,stock,63,B_tail_entry_skipped,2026-07-17,URGN,,,,,,
cons17+nofund,balanced,long,stock,63,B_tail_entry_skipped,2026-07-17,LQDA,,,,,,
cons17+nofund,balanced,long,stock,63,B_tail_entry_skipped,2026-07-17,VSTS,,,,,,
cons17+nofund,balanced,long,stock,63,B_tail_entry_skipped,2026-07-17,TIGO,,,,,,
cons17+nofund,balanced,long,stock,63,B_tail_entry_skipped,2026-07-17,NESR,,,,,,
cons17+nofund,balanced,long,stock,63,B_tail_entry_skipped,2026-07-17,ASML,,,,,,
cons17+nofund,balanced,long,stock,63,B_tail_entry_skipped,2026-07-17,NHC,,,,,,
cons17+nofund,balanced,long,stock,63,B_tail_entry_skipped,2026-07-17,MSGS,,,,,,
cons17+nofund,balanced,long,stock,63,B_tail_entry_skipped,2026-07-17,MSGE,,,,,,
cons17+nofund,balanced,long,stock,63,B_tail_entry_skipped,2026-07-17,LIND,,,,,,
cons17+nofund,balanced,long,stock,63,B_tail_entry_skipped,2026-07-17,DCO,,,,,,
cons17+nofund,balanced,long,stock,63,B_tail_entry_skipped,2026-07-17,PEB,,,,,,
cons17+nofund,balanced,long,stock,63,B_tail_entry_skipped,2026-07-24,SYRE,,,,,,
cons17+nofund,balanced,long,stock,63,B_tail_entry_skipped,2026-07-24,BNY,,,,,,
cons17+nofund,balanced,long,stock,63,B_tail_entry_skipped,2026-07-24,ECPG,,,,,,
cons17+nofund,balanced,long,stock,63,B_tail_entry_skipped,2026-07-24,RVMD,,,,,,
cons17+nofund,balanced,long,stock,63,B_tail_entry_skipped,2026-07-24,ETON,,,,,,
cons17+nofund,balanced,long,stock,63,B_tail_entry_skipped,2026-07-24,ROIV,,,,,,
cons17+nofund,balanced,long,stock,63,B_tail_entry_skipped,2026-07-24,DNTH,,,,,,
cons17+nofund,balanced,long,stock,63,B_tail_entry_skipped,2026-07-24,HPE,,,,,,
cons17+nofund,balanced,long,stock,63,B_tail_entry_skipped,2026-07-24,NWPX,,,,,,
cons17+nofund,balanced,long,stock,63,B_tail_entry_skipped,2026-07-24,APGE,,,,,,
cons17+nofund,balanced,long,stock,63,B_tail_entry_skipped,2026-07-24,LQDA,,,,,,
cons17+nofund,balanced,long,stock,63,B_tail_entry_skipped,2026-07-24,RLAY,,,,,,
cons17+nofund,balanced,long,stock,63,B_tail_entry_skipped,2026-07-24,DELL,,,,,,
cons17+nofund,balanced,long,stock,63,B_tail_entry_skipped,2026-07-24,VSTS,,,,,,
cons17+nofund,balanced,long,stock,63,B_tail_entry_skipped,2026-07-24,CRS,,,,,,
cons17+nofund,balanced,long,stock,63,B_tail_entry_skipped,2026-07-24,JAZZ,,,,,,
cons17+nofund,balanced,long,stock,63,B_tail_entry_skipped,2026-07-24,CNC,,,,,,
cons17+nofund,balanced,long,stock,63,B_tail_entry_skipped,2026-07-24,RY,,,,,,
cons17+nofund,balanced,long,stock,63,B_tail_entry_skipped,2026-07-24,ELVN,,,,,,
cons17+nofund,balanced,long,stock,63,B_tail_entry_skipped,2026-07-24,NAT,,,,,,
cons17+nofund,balanced,long,stock,63,B_tail_entry_skipped,2026-07-31,APGE,,,,,,
cons17+nofund,balanced,long,stock,63,B_tail_entry_skipped,2026-07-31,RVMD,,,,,,
cons17+nofund,balanced,long,stock,63,B_tail_entry_skipped,2026-07-31,TVTX,,,,,,
cons17+nofund,balanced,long,stock,63,B_tail_entry_skipped,2026-07-31,ETON,,,,,,
cons17+nofund,balanced,long,stock,63,B_tail_entry_skipped,2026-07-31,ATEX,,,,,,
cons17+nofund,balanced,long,stock,63,B_tail_entry_skipped,2026-07-31,CLMT,,,,,,
cons17+nofund,balanced,long,stock,63,B_tail_entry_skipped,2026-07-31,NHC,,,,,,
cons17+nofund,balanced,long,stock,63,B_tail_entry_skipped,2026-07-31,TIGO,,,,,,
cons17+nofund,balanced,long,stock,63,B_tail_entry_skipped,2026-07-31,PEB,,,,,,
cons17+nofund,balanced,long,stock,63,B_tail_entry_skipped,2026-07-31,DK,,,,,,
cons17+nofund,balanced,long,stock,63,B_tail_entry_skipped,2026-07-31,TRVI,,,,,,
cons17+nofund,balanced,long,stock,63,B_tail_entry_skipped,2026-07-31,JAZZ,,,,,,
cons17+nofund,balanced,long,stock,63,B_tail_entry_skipped,2026-07-31,LQDA,,,,,,
cons17+nofund,balanced,long,stock,63,B_tail_entry_skipped,2026-07-31,PANW,,,,,,
cons17+nofund,balanced,long,stock,63,B_tail_entry_skipped,2026-07-31,FTNT,,,,,,
cons17+nofund,balanced,long,stock,63,B_tail_entry_skipped,2026-07-31,CVS,,,,,,
cons17+nofund,balanced,long,stock,63,B_tail_entry_skipped,2026-07-31,RLJ,,,,,,
cons17+nofund,balanced,long,stock,63,B_tail_entry_skipped,2026-07-31,CDNA,,,,,,
cons17+nofund,balanced,long,stock,63,B_tail_entry_skipped,2026-07-31,URGN,,,,,,
cons17+nofund,balanced,long,stock,63,B_tail_entry_skipped,2026-07-31,TD,,,,,,
cons17+nofund,balanced,long,stock,63,B_tail_entry_skipped,2026-08-07,APGE,,,,,,
cons17+nofund,balanced,long,stock,63,B_tail_entry_skipped,2026-08-07,TXG,,,,,,
cons17+nofund,balanced,long,stock,63,B_tail_entry_skipped,2026-08-07,RVMD,,,,,,
cons17+nofund,balanced,long,stock,63,B_tail_entry_skipped,2026-08-07,ETON,,,,,,
cons17+nofund,balanced,long,stock,63,B_tail_entry_skipped,2026-08-07,LQDA,,,,,,
cons17+nofund,balanced,long,stock,63,B_tail_entry_skipped,2026-08-07,DNTH,,,,,,
cons17+nofund,balanced,long,stock,63,B_tail_entry_skipped,2026-08-07,MBX,,,,,,
cons17+nofund,balanced,long,stock,63,B_tail_entry_skipped,2026-08-07,NRIX,,,,,,
cons17+nofund,balanced,long,stock,63,B_tail_entry_skipped,2026-08-07,ELVN,,,,,,
cons17+nofund,balanced,long,stock,63,B_tail_entry_skipped,2026-08-07,TRVI,,,,,,
cons17+nofund,balanced,long,stock,63,B_tail_entry_skipped,2026-08-07,GH,,,,,,
cons17+nofund,balanced,long,stock,63,B_tail_entry_skipped,2026-08-07,LFST,,,,,,
cons17+nofund,balanced,long,stock,63,B_tail_entry_skipped,2026-08-07,ORKA,,,,,,
cons17+nofund,balanced,long,stock,63,B_tail_entry_skipped,2026-08-07,PSNL,,,,,,
cons17+nofund,balanced,long,stock,63,B_tail_entry_skipped,2026-08-07,CDNA,,,,,,
cons17+nofund,balanced,long,stock,63,B_tail_entry_skipped,2026-08-07,MNPR,,,,,,
cons17+nofund,balanced,long,stock,63,B_tail_entry_skipped,2026-08-07,BJRI,,,,,,
cons17+nofund,balanced,long,stock,63,B_tail_entry_skipped,2026-08-07,URGN,,,,,,
cons17+nofund,balanced,long,stock,63,B_tail_entry_skipped,2026-08-07,DGII,,,,,,
cons17+nofund,balanced,long,stock,63,B_tail_entry_skipped,2026-08-07,BNY,,,,,,
cons17+nofund,balanced,long,stock,63,B_tail_entry_skipped,2026-08-14,APGE,,,,,,
cons17+nofund,balanced,long,stock,63,B_tail_entry_skipped,2026-08-14,RLAY,,,,,,
cons17+nofund,balanced,long,stock,63,B_tail_entry_skipped,2026-08-14,SYRE,,,,,,
cons17+nofund,balanced,long,stock,63,B_tail_entry_skipped,2026-08-14,TVTX,,,,,,
cons17+nofund,balanced,long,stock,63,B_tail_entry_skipped,2026-08-14,RVMD,,,,,,
cons17+nofund,balanced,long,stock,63,B_tail_entry_skipped,2026-08-14,ORKA,,,,,,
cons17+nofund,balanced,long,stock,63,B_tail_entry_skipped,2026-08-14,STT,,,,,,
cons17+nofund,balanced,long,stock,63,B_tail_entry_skipped,2026-08-14,ELVN,,,,,,
cons17+nofund,balanced,long,stock,63,B_tail_entry_skipped,2026-08-14,ECPG,,,,,,
cons17+nofund,balanced,long,stock,63,B_tail_entry_skipped,2026-08-14,FTNT,,,,,,
cons17+nofund,balanced,long,stock,63,B_tail_entry_skipped,2026-08-14,CDNA,,,,,,
cons17+nofund,balanced,long,stock,63,B_tail_entry_skipped,2026-08-14,DELL,,,,,,
cons17+nofund,balanced,long,stock,63,B_tail_entry_skipped,2026-08-14,MBX,,,,,,
cons17+nofund,balanced,long,stock,63,B_tail_entry_skipped,2026-08-14,URGN,,,,,,
cons17+nofund,balanced,long,stock,63,B_tail_entry_skipped,2026-08-14,PBF,,,,,,
cons17+nofund,balanced,long,stock,63,B_tail_entry_skipped,2026-08-14,LGND,,,,,,
cons17+nofund,balanced,long,stock,63,B_tail_entry_skipped,2026-08-14,NRIX,,,,,,
cons17+nofund,balanced,long,stock,63,B_tail_entry_skipped,2026-08-14,BNY,,,,,,
cons17+nofund,balanced,long,stock,63,B_tail_entry_skipped,2026-08-14,DNTH,,,,,,
cons17+nofund,balanced,long,stock,63,B_tail_entry_skipped,2026-08-14,SLS,,,,,,
cons17+nofund,balanced,long,stock,63,B_tail_entry_skipped,2026-08-21,TXG,,,,,,
cons17+nofund,balanced,long,stock,63,B_tail_entry_skipped,2026-08-21,TWST,,,,,,
cons17+nofund,balanced,long,stock,63,B_tail_entry_skipped,2026-08-21,MRVI,,,,,,
cons17+nofund,balanced,long,stock,63,B_tail_entry_skipped,2026-08-21,APGE,,,,,,
cons17+nofund,balanced,long,stock,63,B_tail_entry_skipped,2026-08-21,ELVN,,,,,,
cons17+nofund,balanced,long,stock,63,B_tail_entry_skipped,2026-08-21,TVTX,,,,,,
cons17+nofund,balanced,long,stock,63,B_tail_entry_skipped,2026-08-21,BFLY,,,,,,
cons17+nofund,balanced,long,stock,63,B_tail_entry_skipped,2026-08-21,URGN,,,,,,
cons17+nofund,balanced,long,stock,63,B_tail_entry_skipped,2026-08-21,RVMD,,,,,,
cons17+nofund,balanced,long,stock,63,B_tail_entry_skipped,2026-08-21,XNCR,,,,,,
cons17+nofund,balanced,long,stock,63,B_tail_entry_skipped,2026-08-21,CDNA,,,,,,
cons17+nofund,balanced,long,stock,63,B_tail_entry_skipped,2026-08-21,ORKA,,,,,,
cons17+nofund,balanced,long,stock,63,B_tail_entry_skipped,2026-08-21,BJRI,,,,,,
cons17+nofund,balanced,long,stock,63,B_tail_entry_skipped,2026-08-21,ETON,,,,,,
cons17+nofund,balanced,long,stock,63,B_tail_entry_skipped,2026-08-21,NEO,,,,,,
cons17+nofund,balanced,long,stock,63,B_tail_entry_skipped,2026-08-21,MBX,,,,,,
cons17+nofund,balanced,long,stock,63,B_tail_entry_skipped,2026-08-21,FBRX,,,,,,
cons17+nofund,balanced,long,stock,63,B_tail_entry_skipped,2026-08-21,OII,,,,,,
cons17+nofund,balanced,long,stock,63,B_tail_entry_skipped,2026-08-21,CXW,,,,,,
cons17+nofund,balanced,long,stock,63,B_tail_entry_skipped,2026-08-21,ARWR,,,,,,
cons17+nofund,balanced,long,stock,63,B_tail_entry_skipped,2026-08-28,TXG,,,,,,
cons17+nofund,balanced,long,stock,63,B_tail_entry_skipped,2026-08-28,BNY,,,,,,
cons17+nofund,balanced,long,stock,63,B_tail_entry_skipped,2026-08-28,TWST,,,,,,
cons17+nofund,balanced,long,stock,63,B_tail_entry_skipped,2026-08-28,DK,,,,,,
cons17+nofund,balanced,long,stock,63,B_tail_entry_skipped,2026-08-28,PBF,,,,,,
cons17+nofund,balanced,long,stock,63,B_tail_entry_skipped,2026-08-28,NRIX,,,,,,
cons17+nofund,balanced,long,stock,63,B_tail_entry_skipped,2026-08-28,DINO,,,,,,
cons17+nofund,balanced,long,stock,63,B_tail_entry_skipped,2026-08-28,MPC,,,,,,
cons17+nofund,balanced,long,stock,63,B_tail_entry_skipped,2026-08-28,XNCR,,,,,,
cons17+nofund,balanced,long,stock,63,B_tail_entry_skipped,2026-08-28,APGE,,,,,,
cons17+nofund,balanced,long,stock,63,B_tail_entry_skipped,2026-08-28,CAKE,,,,,,
cons17+nofund,balanced,long,stock,63,B_tail_entry_skipped,2026-08-28,DELL,,,,,,
cons17+nofund,balanced,long,stock,63,B_tail_entry_skipped,2026-08-28,ETON,,,,,,
cons17+nofund,balanced,long,stock,63,B_tail_entry_skipped,2026-08-28,HPE,,,,,,
cons17+nofund,balanced,long,stock,63,B_tail_entry_skipped,2026-08-28,KNSA,,,,,,
cons17+nofund,balanced,long,stock,63,B_tail_entry_skipped,2026-08-28,NEO,,,,,,
cons17+nofund,balanced,long,stock,63,B_tail_entry_skipped,2026-08-28,CDNA,,,,,,
cons17+nofund,balanced,long,stock,63,B_tail_entry_skipped,2026-08-28,CLMT,,,,,,
cons17+nofund,balanced,long,stock,63,B_tail_entry_skipped,2026-08-28,SPCX,,,,,,
cons17+nofund,balanced,long,stock,63,B_tail_entry_skipped,2026-08-28,VLO,,,,,,
cons17+nofund,balanced,long,stock,63,B_tail_entry_skipped,2026-09-04,CDNA,,,,,,
cons17+nofund,balanced,long,stock,63,B_tail_entry_skipped,2026-09-04,TXG,,,,,,
cons17+nofund,balanced,long,stock,63,B_tail_entry_skipped,2026-09-04,ETON,,,,,,
cons17+nofund,balanced,long,stock,63,B_tail_entry_skipped,2026-09-04,RVMD,,,,,,
cons17+nofund,balanced,long,stock,63,B_tail_entry_skipped,2026-09-04,XNCR,,,,,,
cons17+nofund,balanced,long,stock,63,B_tail_entry_skipped,2026-09-04,GH,,,,,,
cons17+nofund,balanced,long,stock,63,B_tail_entry_skipped,2026-09-04,NRIX,,,,,,
cons17+nofund,balanced,long,stock,63,B_tail_entry_skipped,2026-09-04,PLSE,,,,,,
cons17+nofund,balanced,long,stock,63,B_tail_entry_skipped,2026-09-04,STT,,,,,,
cons17+nofund,balanced,long,stock,63,B_tail_entry_skipped,2026-09-04,ILMN,,,,,,
cons17+nofund,balanced,long,stock,63,B_tail_entry_skipped,2026-09-04,VLO,,,,,,
cons17+nofund,balanced,long,stock,63,B_tail_entry_skipped,2026-09-04,BNY,,,,,,
cons17+nofund,balanced,long,stock,63,B_tail_entry_skipped,2026-09-04,ECO,,,,,,
cons17+nofund,balanced,long,stock,63,B_tail_entry_skipped,2026-09-04,MNPR,,,,,,
cons17+nofund,balanced,long,stock,63,B_tail_entry_skipped,2026-09-04,URGN,,,,,,
cons17+nofund,balanced,long,stock,63,B_tail_entry_skipped,2026-09-04,KYMR,,,,,,
cons17+nofund,balanced,long,stock,63,B_tail_entry_skipped,2026-09-04,CAKE,,,,,,
cons17+nofund,balanced,long,stock,63,B_tail_entry_skipped,2026-09-04,DELL,,,,,,
cons17+nofund,balanced,long,stock,63,B_tail_entry_skipped,2026-09-04,CLMT,,,,,,
cons17+nofund,balanced,long,stock,63,B_tail_entry_skipped,2026-09-04,PTGX,,,,,,
cons17+nofund,balanced,long,stock,63,B_tail_entry_skipped,2026-09-14,TXG,,,,,,
cons17+nofund,balanced,long,stock,63,B_tail_entry_skipped,2026-09-14,CDNA,,,,,,
cons17+nofund,balanced,long,stock,63,B_tail_entry_skipped,2026-09-14,TWST,,,,,,
cons17+nofund,balanced,long,stock,63,B_tail_entry_skipped,2026-09-14,PLSE,,,,,,
cons17+nofund,balanced,long,stock,63,B_tail_entry_skipped,2026-09-14,CLMT,,,,,,
cons17+nofund,balanced,long,stock,63,B_tail_entry_skipped,2026-09-14,PTGX,,,,,,
cons17+nofund,balanced,long,stock,63,B_tail_entry_skipped,2026-09-14,RVMD,,,,,,
cons17+nofund,balanced,long,stock,63,B_tail_entry_skipped,2026-09-14,NEO,,,,,,
cons17+nofund,balanced,long,stock,63,B_tail_entry_skipped,2026-09-14,ECO,,,,,,
cons17+nofund,balanced,long,stock,63,B_tail_entry_skipped,2026-09-14,MPC,,,,,,
cons17+nofund,balanced,long,stock,63,B_tail_entry_skipped,2026-09-14,RNG,,,,,,
cons17+nofund,balanced,long,stock,63,B_tail_entry_skipped,2026-09-14,CRWD,,,,,,
cons17+nofund,balanced,long,stock,63,B_tail_entry_skipped,2026-09-14,FTNT,,,,,,
cons17+nofund,balanced,long,stock,63,B_tail_entry_skipped,2026-09-14,INSW,,,,,,
cons17+nofund,balanced,long,stock,63,B_tail_entry_skipped,2026-09-14,MATX,,,,,,
cons17+nofund,balanced,long,stock,63,B_tail_entry_skipped,2026-09-14,CHEF,,,,,,
cons17+nofund,balanced,long,stock,63,B_tail_entry_skipped,2026-09-14,DELL,,,,,,
cons17+nofund,balanced,long,stock,63,B_tail_entry_skipped,2026-09-14,VLO,,,,,,
cons17+nofund,balanced,long,stock,63,B_tail_entry_skipped,2026-09-14,GH,,,,,,
cons17+nofund,balanced,long,stock,63,B_tail_entry_skipped,2026-09-14,ABCL,,,,,,
cons17+nofund,balanced,mid,mixed,63,B_tail_entry_skipped,2026-07-02,AMD,,,,,,
cons17+nofund,balanced,mid,mixed,63,B_tail_entry_skipped,2026-07-02,KLIC,,,,,,
cons17+nofund,balanced,mid,mixed,63,B_tail_entry_skipped,2026-07-02,MTRN,,,,,,
cons17+nofund,balanced,mid,mixed,63,B_tail_entry_skipped,2026-07-02,ATEX,,,,,,
cons17+nofund,balanced,mid,mixed,63,B_tail_entry_skipped,2026-07-02,UMC,,,,,,
cons17+nofund,balanced,mid,mixed,63,B_tail_entry_skipped,2026-07-02,NWPX,,,,,,
cons17+nofund,balanced,mid,mixed,63,B_tail_entry_skipped,2026-07-02,BNY,,,,,,
cons17+nofund,balanced,mid,mixed,63,B_tail_entry_skipped,2026-07-02,SYRE,,,,,,
cons17+nofund,balanced,mid,mixed,63,B_tail_entry_skipped,2026-07-02,ATEN,,,,,,
cons17+nofund,balanced,mid,mixed,63,B_tail_entry_skipped,2026-07-02,AXSM,,,,,,
cons17+nofund,balanced,mid,mixed,63,B_tail_entry_skipped,2026-07-02,LQDA,,,,,,
cons17+nofund,balanced,mid,mixed,63,B_tail_entry_skipped,2026-07-02,DELL,,,,,,
cons17+nofund,balanced,mid,mixed,63,B_tail_entry_skipped,2026-07-02,PLXS,,,,,,
cons17+nofund,balanced,mid,mixed,63,B_tail_entry_skipped,2026-07-02,TXG,,,,,,
cons17+nofund,balanced,mid,mixed,63,B_tail_entry_skipped,2026-07-02,BTSG,,,,,,
cons17+nofund,balanced,mid,mixed,63,B_tail_entry_skipped,2026-07-02,TWST,,,,,,
cons17+nofund,balanced,mid,mixed,63,B_tail_entry_skipped,2026-07-02,TNGX,,,,,,
cons17+nofund,balanced,mid,mixed,63,B_tail_entry_skipped,2026-07-02,DCO,,,,,,
cons17+nofund,balanced,mid,mixed,63,B_tail_entry_skipped,2026-07-02,BAND,,,,,,
cons17+nofund,balanced,mid,mixed,63,B_tail_entry_skipped,2026-07-02,RVMD,,,,,,
cons17+nofund,balanced,mid,mixed,63,B_tail_entry_skipped,2026-07-10,ATEX,,,,,,
cons17+nofund,balanced,mid,mixed,63,B_tail_entry_skipped,2026-07-10,NWPX,,,,,,
cons17+nofund,balanced,mid,mixed,63,B_tail_entry_skipped,2026-07-10,STM,,,,,,
cons17+nofund,balanced,mid,mixed,63,B_tail_entry_skipped,2026-07-10,LQDA,,,,,,
cons17+nofund,balanced,mid,mixed,63,B_tail_entry_skipped,2026-07-10,MTRN,,,,,,
cons17+nofund,balanced,mid,mixed,63,B_tail_entry_skipped,2026-07-10,BTSG,,,,,,
cons17+nofund,balanced,mid,mixed,63,B_tail_entry_skipped,2026-07-10,MEC,,,,,,
cons17+nofund,balanced,mid,mixed,63,B_tail_entry_skipped,2026-07-10,BNY,,,,,,
cons17+nofund,balanced,mid,mixed,63,B_tail_entry_skipped,2026-07-10,VSTS,,,,,,
cons17+nofund,balanced,mid,mixed,63,B_tail_entry_skipped,2026-07-10,ATEN,,,,,,
cons17+nofund,balanced,mid,mixed,63,B_tail_entry_skipped,2026-07-10,EXTR,,,,,,
cons17+nofund,balanced,mid,mixed,63,B_tail_entry_skipped,2026-07-10,PBI,,,,,,
cons17+nofund,balanced,mid,mixed,63,B_tail_entry_skipped,2026-07-10,ECPG,,,,,,
cons17+nofund,balanced,mid,mixed,63,B_tail_entry_skipped,2026-07-10,PEB,,,,,,
cons17+nofund,balanced,mid,mixed,63,B_tail_entry_skipped,2026-07-10,TNGX,,,,,,
cons17+nofund,balanced,mid,mixed,63,B_tail_entry_skipped,2026-07-10,EVC,,,,,,
cons17+nofund,balanced,mid,mixed,63,B_tail_entry_skipped,2026-07-10,RSI,,,,,,
cons17+nofund,balanced,mid,mixed,63,B_tail_entry_skipped,2026-07-10,WTTR,,,,,,
cons17+nofund,balanced,mid,mixed,63,B_tail_entry_skipped,2026-07-10,RLJ,,,,,,
cons17+nofund,balanced,mid,mixed,63,B_tail_entry_skipped,2026-07-10,TKR,,,,,,
cons17+nofund,balanced,mid,mixed,63,B_tail_entry_skipped,2026-07-17,ORKA,,,,,,
cons17+nofund,balanced,mid,mixed,63,B_tail_entry_skipped,2026-07-17,RLAY,,,,,,
cons17+nofund,balanced,mid,mixed,63,B_tail_entry_skipped,2026-07-17,BTSG,,,,,,
cons17+nofund,balanced,mid,mixed,63,B_tail_entry_skipped,2026-07-17,TWST,,,,,,
cons17+nofund,balanced,mid,mixed,63,B_tail_entry_skipped,2026-07-17,ATEN,,,,,,
cons17+nofund,balanced,mid,mixed,63,B_tail_entry_skipped,2026-07-17,SYRE,,,,,,
cons17+nofund,balanced,mid,mixed,63,B_tail_entry_skipped,2026-07-17,URGN,,,,,,
cons17+nofund,balanced,mid,mixed,63,B_tail_entry_skipped,2026-07-17,VSTS,,,,,,
cons17+nofund,balanced,mid,mixed,63,B_tail_entry_skipped,2026-07-17,BNY,,,,,,
cons17+nofund,balanced,mid,mixed,63,B_tail_entry_skipped,2026-07-17,NWPX,,,,,,
cons17+nofund,balanced,mid,mixed,63,B_tail_entry_skipped,2026-07-17,LQDA,,,,,,
cons17+nofund,balanced,mid,mixed,63,B_tail_entry_skipped,2026-07-17,TIGO,,,,,,
cons17+nofund,balanced,mid,mixed,63,B_tail_entry_skipped,2026-07-17,MITK,,,,,,
cons17+nofund,balanced,mid,mixed,63,B_tail_entry_skipped,2026-07-17,NHC,,,,,,
cons17+nofund,balanced,mid,mixed,63,B_tail_entry_skipped,2026-07-17,LIND,,,,,,
cons17+nofund,balanced,mid,mixed,63,B_tail_entry_skipped,2026-07-17,ASML,,,,,,
cons17+nofund,balanced,mid,mixed,63,B_tail_entry_skipped,2026-07-17,CON,,,,,,
cons17+nofund,balanced,mid,mixed,63,B_tail_entry_skipped,2026-07-17,PEB,,,,,,
cons17+nofund,balanced,mid,mixed,63,B_tail_entry_skipped,2026-07-17,DCO,,,,,,
cons17+nofund,balanced,mid,mixed,63,B_tail_entry_skipped,2026-07-17,PANW,,,,,,
cons17+nofund,balanced,mid,mixed,63,B_tail_entry_skipped,2026-07-24,XLF,,,,,,
cons17+nofund,balanced,mid,mixed,63,B_tail_entry_skipped,2026-07-24,SYRE,,,,,,
cons17+nofund,balanced,mid,mixed,63,B_tail_entry_skipped,2026-07-24,ETON,,,,,,
cons17+nofund,balanced,mid,mixed,63,B_tail_entry_skipped,2026-07-24,ECPG,,,,,,
cons17+nofund,balanced,mid,mixed,63,B_tail_entry_skipped,2026-07-24,BNY,,,,,,
cons17+nofund,balanced,mid,mixed,63,B_tail_entry_skipped,2026-07-24,HPE,,,,,,
cons17+nofund,balanced,mid,mixed,63,B_tail_entry_skipped,2026-07-24,RVMD,,,,,,
cons17+nofund,balanced,mid,mixed,63,B_tail_entry_skipped,2026-07-24,ELVN,,,,,,
cons17+nofund,balanced,mid,mixed,63,B_tail_entry_skipped,2026-07-24,VSTS,,,,,,
cons17+nofund,balanced,mid,mixed,63,B_tail_entry_skipped,2026-07-24,NWPX,,,,,,
cons17+nofund,balanced,mid,mixed,63,B_tail_entry_skipped,2026-07-24,CHEF,,,,,,
cons17+nofund,balanced,mid,mixed,63,B_tail_entry_skipped,2026-07-24,ROIV,,,,,,
cons17+nofund,balanced,mid,mixed,63,B_tail_entry_skipped,2026-07-24,DNTH,,,,,,
cons17+nofund,balanced,mid,mixed,63,B_tail_entry_skipped,2026-07-24,URGN,,,,,,
cons17+nofund,balanced,mid,mixed,63,B_tail_entry_skipped,2026-07-24,APGE,,,,,,
cons17+nofund,balanced,mid,mixed,63,B_tail_entry_skipped,2026-07-24,WTTR,,,,,,
cons17+nofund,balanced,mid,mixed,63,B_tail_entry_skipped,2026-07-24,STT,,,,,,
cons17+nofund,balanced,mid,mixed,63,B_tail_entry_skipped,2026-07-24,CNC,,,,,,
cons17+nofund,balanced,mid,mixed,63,B_tail_entry_skipped,2026-07-24,JAZZ,,,,,,
cons17+nofund,balanced,mid,mixed,63,B_tail_entry_skipped,2026-07-24,PANW,,,,,,
cons17+nofund,balanced,mid,mixed,63,B_tail_entry_skipped,2026-07-31,APGE,,,,,,
cons17+nofund,balanced,mid,mixed,63,B_tail_entry_skipped,2026-07-31,ETON,,,,,,
cons17+nofund,balanced,mid,mixed,63,B_tail_entry_skipped,2026-07-31,CLMT,,,,,,
cons17+nofund,balanced,mid,mixed,63,B_tail_entry_skipped,2026-07-31,ATEX,,,,,,
cons17+nofund,balanced,mid,mixed,63,B_tail_entry_skipped,2026-07-31,PEB,,,,,,
cons17+nofund,balanced,mid,mixed,63,B_tail_entry_skipped,2026-07-31,TVTX,,,,,,
cons17+nofund,balanced,mid,mixed,63,B_tail_entry_skipped,2026-07-31,DIA,,,,,,
cons17+nofund,balanced,mid,mixed,63,B_tail_entry_skipped,2026-07-31,FTNT,,,,,,
cons17+nofund,balanced,mid,mixed,63,B_tail_entry_skipped,2026-07-31,NHC,,,,,,
cons17+nofund,balanced,mid,mixed,63,B_tail_entry_skipped,2026-07-31,RVMD,,,,,,
cons17+nofund,balanced,mid,mixed,63,B_tail_entry_skipped,2026-07-31,TIGO,,,,,,
cons17+nofund,balanced,mid,mixed,63,B_tail_entry_skipped,2026-07-31,DK,,,,,,
cons17+nofund,balanced,mid,mixed,63,B_tail_entry_skipped,2026-07-31,TRVI,,,,,,
cons17+nofund,balanced,mid,mixed,63,B_tail_entry_skipped,2026-07-31,PANW,,,,,,
cons17+nofund,balanced,mid,mixed,63,B_tail_entry_skipped,2026-07-31,URGN,,,,,,
cons17+nofund,balanced,mid,mixed,63,B_tail_entry_skipped,2026-07-31,RLJ,,,,,,
cons17+nofund,balanced,mid,mixed,63,B_tail_entry_skipped,2026-07-31,HNGE,,,,,,
cons17+nofund,balanced,mid,mixed,63,B_tail_entry_skipped,2026-07-31,JAZZ,,,,,,
cons17+nofund,balanced,mid,mixed,63,B_tail_entry_skipped,2026-07-31,CVS,,,,,,
cons17+nofund,balanced,mid,mixed,63,B_tail_entry_skipped,2026-07-31,LQDA,,,,,,
cons17+nofund,balanced,mid,mixed,63,B_tail_entry_skipped,2026-08-07,XLF,,,,,,
cons17+nofund,balanced,mid,mixed,63,B_tail_entry_skipped,2026-08-07,APGE,,,,,,
cons17+nofund,balanced,mid,mixed,63,B_tail_entry_skipped,2026-08-07,TXG,,,,,,
cons17+nofund,balanced,mid,mixed,63,B_tail_entry_skipped,2026-08-07,ETON,,,,,,
cons17+nofund,balanced,mid,mixed,63,B_tail_entry_skipped,2026-08-07,RVMD,,,,,,
cons17+nofund,balanced,mid,mixed,63,B_tail_entry_skipped,2026-08-07,LQDA,,,,,,
cons17+nofund,balanced,mid,mixed,63,B_tail_entry_skipped,2026-08-07,NRIX,,,,,,
cons17+nofund,balanced,mid,mixed,63,B_tail_entry_skipped,2026-08-07,DNTH,,,,,,
cons17+nofund,balanced,mid,mixed,63,B_tail_entry_skipped,2026-08-07,ELVN,,,,,,
cons17+nofund,balanced,mid,mixed,63,B_tail_entry_skipped,2026-08-07,TRVI,,,,,,
cons17+nofund,balanced,mid,mixed,63,B_tail_entry_skipped,2026-08-07,MBX,,,,,,
cons17+nofund,balanced,mid,mixed,63,B_tail_entry_skipped,2026-08-07,CDNA,,,,,,
cons17+nofund,balanced,mid,mixed,63,B_tail_entry_skipped,2026-08-07,BJRI,,,,,,
cons17+nofund,balanced,mid,mixed,63,B_tail_entry_skipped,2026-08-07,URGN,,,,,,
cons17+nofund,balanced,mid,mixed,63,B_tail_entry_skipped,2026-08-07,LTH,,,,,,
cons17+nofund,balanced,mid,mixed,63,B_tail_entry_skipped,2026-08-07,MNPR,,,,,,
cons17+nofund,balanced,mid,mixed,63,B_tail_entry_skipped,2026-08-07,LFST,,,,,,
cons17+nofund,balanced,mid,mixed,63,B_tail_entry_skipped,2026-08-07,PSNL,,,,,,
cons17+nofund,balanced,mid,mixed,63,B_tail_entry_skipped,2026-08-07,GH,,,,,,
cons17+nofund,balanced,mid,mixed,63,B_tail_entry_skipped,2026-08-07,HNGE,,,,,,
cons17+nofund,balanced,mid,mixed,63,B_tail_entry_skipped,2026-08-14,XLF,,,,,,
cons17+nofund,balanced,mid,mixed,63,B_tail_entry_skipped,2026-08-14,APGE,,,,,,
cons17+nofund,balanced,mid,mixed,63,B_tail_entry_skipped,2026-08-14,RLAY,,,,,,
cons17+nofund,balanced,mid,mixed,63,B_tail_entry_skipped,2026-08-14,URGN,,,,,,
cons17+nofund,balanced,mid,mixed,63,B_tail_entry_skipped,2026-08-14,SYRE,,,,,,
cons17+nofund,balanced,mid,mixed,63,B_tail_entry_skipped,2026-08-14,TVTX,,,,,,
cons17+nofund,balanced,mid,mixed,63,B_tail_entry_skipped,2026-08-14,STT,,,,,,
cons17+nofund,balanced,mid,mixed,63,B_tail_entry_skipped,2026-08-14,FTNT,,,,,,
cons17+nofund,balanced,mid,mixed,63,B_tail_entry_skipped,2026-08-14,ELVN,,,,,,
cons17+nofund,balanced,mid,mixed,63,B_tail_entry_skipped,2026-08-14,ORKA,,,,,,
cons17+nofund,balanced,mid,mixed,63,B_tail_entry_skipped,2026-08-14,RVMD,,,,,,
cons17+nofund,balanced,mid,mixed,63,B_tail_entry_skipped,2026-08-14,DIA,,,,,,
cons17+nofund,balanced,mid,mixed,63,B_tail_entry_skipped,2026-08-14,ECPG,,,,,,
cons17+nofund,balanced,mid,mixed,63,B_tail_entry_skipped,2026-08-14,DELL,,,,,,
cons17+nofund,balanced,mid,mixed,63,B_tail_entry_skipped,2026-08-14,CDNA,,,,,,
cons17+nofund,balanced,mid,mixed,63,B_tail_entry_skipped,2026-08-14,LGND,,,,,,
cons17+nofund,balanced,mid,mixed,63,B_tail_entry_skipped,2026-08-14,AAMI,,,,,,
cons17+nofund,balanced,mid,mixed,63,B_tail_entry_skipped,2026-08-14,PBF,,,,,,
cons17+nofund,balanced,mid,mixed,63,B_tail_entry_skipped,2026-08-14,NRIX,,,,,,
cons17+nofund,balanced,mid,mixed,63,B_tail_entry_skipped,2026-08-14,MBX,,,,,,
cons17+nofund,balanced,mid,mixed,63,B_tail_entry_skipped,2026-08-21,XLF,,,,,,
cons17+nofund,balanced,mid,mixed,63,B_tail_entry_skipped,2026-08-21,TXG,,,,,,
cons17+nofund,balanced,mid,mixed,63,B_tail_entry_skipped,2026-08-21,MRVI,,,,,,
cons17+nofund,balanced,mid,mixed,63,B_tail_entry_skipped,2026-08-21,ELVN,,,,,,
cons17+nofund,balanced,mid,mixed,63,B_tail_entry_skipped,2026-08-21,TWST,,,,,,
cons17+nofund,balanced,mid,mixed,63,B_tail_entry_skipped,2026-08-21,URGN,,,,,,
cons17+nofund,balanced,mid,mixed,63,B_tail_entry_skipped,2026-08-21,APGE,,,,,,
cons17+nofund,balanced,mid,mixed,63,B_tail_entry_skipped,2026-08-21,TVTX,,,,,,
cons17+nofund,balanced,mid,mixed,63,B_tail_entry_skipped,2026-08-21,BJRI,,,,,,
cons17+nofund,balanced,mid,mixed,63,B_tail_entry_skipped,2026-08-21,XNCR,,,,,,
cons17+nofund,balanced,mid,mixed,63,B_tail_entry_skipped,2026-08-21,BFLY,,,,,,
cons17+nofund,balanced,mid,mixed,63,B_tail_entry_skipped,2026-08-21,CXW,,,,,,
cons17+nofund,balanced,mid,mixed,63,B_tail_entry_skipped,2026-08-21,CDNA,,,,,,
cons17+nofund,balanced,mid,mixed,63,B_tail_entry_skipped,2026-08-21,DIA,,,,,,
cons17+nofund,balanced,mid,mixed,63,B_tail_entry_skipped,2026-08-21,ETON,,,,,,
cons17+nofund,balanced,mid,mixed,63,B_tail_entry_skipped,2026-08-21,RVMD,,,,,,
cons17+nofund,balanced,mid,mixed,63,B_tail_entry_skipped,2026-08-21,ORKA,,,,,,
cons17+nofund,balanced,mid,mixed,63,B_tail_entry_skipped,2026-08-21,DYN,,,,,,
cons17+nofund,balanced,mid,mixed,63,B_tail_entry_skipped,2026-08-21,NEO,,,,,,
cons17+nofund,balanced,mid,mixed,63,B_tail_entry_skipped,2026-08-21,AAMI,,,,,,
cons17+nofund,balanced,mid,mixed,63,B_tail_entry_skipped,2026-08-28,XLF,,,,,,
cons17+nofund,balanced,mid,mixed,63,B_tail_entry_skipped,2026-08-28,TXG,,,,,,
cons17+nofund,balanced,mid,mixed,63,B_tail_entry_skipped,2026-08-28,MPC,,,,,,
cons17+nofund,balanced,mid,mixed,63,B_tail_entry_skipped,2026-08-28,DINO,,,,,,
cons17+nofund,balanced,mid,mixed,63,B_tail_entry_skipped,2026-08-28,DK,,,,,,
cons17+nofund,balanced,mid,mixed,63,B_tail_entry_skipped,2026-08-28,TWST,,,,,,
cons17+nofund,balanced,mid,mixed,63,B_tail_entry_skipped,2026-08-28,NRIX,,,,,,
cons17+nofund,balanced,mid,mixed,63,B_tail_entry_skipped,2026-08-28,PBF,,,,,,
cons17+nofund,balanced,mid,mixed,63,B_tail_entry_skipped,2026-08-28,CAKE,,,,,,
cons17+nofund,balanced,mid,mixed,63,B_tail_entry_skipped,2026-08-28,XNCR,,,,,,
cons17+nofund,balanced,mid,mixed,63,B_tail_entry_skipped,2026-08-28,APGE,,,,,,
cons17+nofund,balanced,mid,mixed,63,B_tail_entry_skipped,2026-08-28,BNY,,,,,,
cons17+nofund,balanced,mid,mixed,63,B_tail_entry_skipped,2026-08-28,HPE,,,,,,
cons17+nofund,balanced,mid,mixed,63,B_tail_entry_skipped,2026-08-28,ETON,,,,,,
cons17+nofund,balanced,mid,mixed,63,B_tail_entry_skipped,2026-08-28,DELL,,,,,,
cons17+nofund,balanced,mid,mixed,63,B_tail_entry_skipped,2026-08-28,KNSA,,,,,,
cons17+nofund,balanced,mid,mixed,63,B_tail_entry_skipped,2026-08-28,CDNA,,,,,,
cons17+nofund,balanced,mid,mixed,63,B_tail_entry_skipped,2026-08-28,SPCX,,,,,,
cons17+nofund,balanced,mid,mixed,63,B_tail_entry_skipped,2026-08-28,NEO,,,,,,
cons17+nofund,balanced,mid,mixed,63,B_tail_entry_skipped,2026-08-28,QURE,,,,,,
cons17+nofund,balanced,mid,mixed,63,B_tail_entry_skipped,2026-09-04,CDNA,,,,,,
cons17+nofund,balanced,mid,mixed,63,B_tail_entry_skipped,2026-09-04,XLF,,,,,,
cons17+nofund,balanced,mid,mixed,63,B_tail_entry_skipped,2026-09-04,TXG,,,,,,
cons17+nofund,balanced,mid,mixed,63,B_tail_entry_skipped,2026-09-04,ETON,,,,,,
cons17+nofund,balanced,mid,mixed,63,B_tail_entry_skipped,2026-09-04,XNCR,,,,,,
cons17+nofund,balanced,mid,mixed,63,B_tail_entry_skipped,2026-09-04,RVMD,,,,,,
cons17+nofund,balanced,mid,mixed,63,B_tail_entry_skipped,2026-09-04,GH,,,,,,
cons17+nofund,balanced,mid,mixed,63,B_tail_entry_skipped,2026-09-04,PLSE,,,,,,
cons17+nofund,balanced,mid,mixed,63,B_tail_entry_skipped,2026-09-04,NRIX,,,,,,
cons17+nofund,balanced,mid,mixed,63,B_tail_entry_skipped,2026-09-04,ATAI,,,,,,
cons17+nofund,balanced,mid,mixed,63,B_tail_entry_skipped,2026-09-04,STT,,,,,,
cons17+nofund,balanced,mid,mixed,63,B_tail_entry_skipped,2026-09-04,ILMN,,,,,,
cons17+nofund,balanced,mid,mixed,63,B_tail_entry_skipped,2026-09-04,CAKE,,,,,,
cons17+nofund,balanced,mid,mixed,63,B_tail_entry_skipped,2026-09-04,CRL,,,,,,
cons17+nofund,balanced,mid,mixed,63,B_tail_entry_skipped,2026-09-04,VLO,,,,,,
cons17+nofund,balanced,mid,mixed,63,B_tail_entry_skipped,2026-09-04,URGN,,,,,,
cons17+nofund,balanced,mid,mixed,63,B_tail_entry_skipped,2026-09-04,GKOS,,,,,,
cons17+nofund,balanced,mid,mixed,63,B_tail_entry_skipped,2026-09-04,CORT,,,,,,
cons17+nofund,balanced,mid,mixed,63,B_tail_entry_skipped,2026-09-04,CXW,,,,,,
cons17+nofund,balanced,mid,mixed,63,B_tail_entry_skipped,2026-09-04,MNPR,,,,,,
cons17+nofund,balanced,mid,mixed,63,B_tail_entry_skipped,2026-09-14,TXG,,,,,,
cons17+nofund,balanced,mid,mixed,63,B_tail_entry_skipped,2026-09-14,CDNA,,,,,,
cons17+nofund,balanced,mid,mixed,63,B_tail_entry_skipped,2026-09-14,TWST,,,,,,
cons17+nofund,balanced,mid,mixed,63,B_tail_entry_skipped,2026-09-14,PLSE,,,,,,
cons17+nofund,balanced,mid,mixed,63,B_tail_entry_skipped,2026-09-14,CLMT,,,,,,
cons17+nofund,balanced,mid,mixed,63,B_tail_entry_skipped,2026-09-14,NEO,,,,,,
cons17+nofund,balanced,mid,mixed,63,B_tail_entry_skipped,2026-09-14,PTGX,,,,,,
cons17+nofund,balanced,mid,mixed,63,B_tail_entry_skipped,2026-09-14,CRWD,,,,,,
cons17+nofund,balanced,mid,mixed,63,B_tail_entry_skipped,2026-09-14,RNG,,,,,,
cons17+nofund,balanced,mid,mixed,63,B_tail_entry_skipped,2026-09-14,MPC,,,,,,
cons17+nofund,balanced,mid,mixed,63,B_tail_entry_skipped,2026-09-14,ECO,,,,,,
cons17+nofund,balanced,mid,mixed,63,B_tail_entry_skipped,2026-09-14,CHEF,,,,,,
cons17+nofund,balanced,mid,mixed,63,B_tail_entry_skipped,2026-09-14,RVMD,,,,,,
cons17+nofund,balanced,mid,mixed,63,B_tail_entry_skipped,2026-09-14,FTNT,,,,,,
cons17+nofund,balanced,mid,mixed,63,B_tail_entry_skipped,2026-09-14,INSW,,,,,,
cons17+nofund,balanced,mid,mixed,63,B_tail_entry_skipped,2026-09-14,MATX,,,,,,
cons17+nofund,balanced,mid,mixed,63,B_tail_entry_skipped,2026-09-14,ABCL,,,,,,
cons17+nofund,balanced,mid,mixed,63,B_tail_entry_skipped,2026-09-14,HNGE,,,,,,
cons17+nofund,balanced,mid,mixed,63,B_tail_entry_skipped,2026-09-14,HAE,,,,,,
cons17+nofund,balanced,mid,mixed,63,B_tail_entry_skipped,2026-09-14,DELL,,,,,,
cons17+nofund,balanced,mid,stock,63,B_tail_entry_skipped,2026-07-02,AMD,,,,,,
cons17+nofund,balanced,mid,stock,63,B_tail_entry_skipped,2026-07-02,KLIC,,,,,,
cons17+nofund,balanced,mid,stock,63,B_tail_entry_skipped,2026-07-02,MTRN,,,,,,
cons17+nofund,balanced,mid,stock,63,B_tail_entry_skipped,2026-07-02,ATEX,,,,,,
cons17+nofund,balanced,mid,stock,63,B_tail_entry_skipped,2026-07-02,UMC,,,,,,
cons17+nofund,balanced,mid,stock,63,B_tail_entry_skipped,2026-07-02,NWPX,,,,,,
cons17+nofund,balanced,mid,stock,63,B_tail_entry_skipped,2026-07-02,BNY,,,,,,
cons17+nofund,balanced,mid,stock,63,B_tail_entry_skipped,2026-07-02,SYRE,,,,,,
cons17+nofund,balanced,mid,stock,63,B_tail_entry_skipped,2026-07-02,ATEN,,,,,,
cons17+nofund,balanced,mid,stock,63,B_tail_entry_skipped,2026-07-02,AXSM,,,,,,
cons17+nofund,balanced,mid,stock,63,B_tail_entry_skipped,2026-07-02,LQDA,,,,,,
cons17+nofund,balanced,mid,stock,63,B_tail_entry_skipped,2026-07-02,DELL,,,,,,
cons17+nofund,balanced,mid,stock,63,B_tail_entry_skipped,2026-07-02,PLXS,,,,,,
cons17+nofund,balanced,mid,stock,63,B_tail_entry_skipped,2026-07-02,TXG,,,,,,
cons17+nofund,balanced,mid,stock,63,B_tail_entry_skipped,2026-07-02,BTSG,,,,,,
cons17+nofund,balanced,mid,stock,63,B_tail_entry_skipped,2026-07-02,TWST,,,,,,
cons17+nofund,balanced,mid,stock,63,B_tail_entry_skipped,2026-07-02,TNGX,,,,,,
cons17+nofund,balanced,mid,stock,63,B_tail_entry_skipped,2026-07-02,DCO,,,,,,
cons17+nofund,balanced,mid,stock,63,B_tail_entry_skipped,2026-07-02,BAND,,,,,,
cons17+nofund,balanced,mid,stock,63,B_tail_entry_skipped,2026-07-02,RVMD,,,,,,
cons17+nofund,balanced,mid,stock,63,B_tail_entry_skipped,2026-07-10,ATEX,,,,,,
cons17+nofund,balanced,mid,stock,63,B_tail_entry_skipped,2026-07-10,NWPX,,,,,,
cons17+nofund,balanced,mid,stock,63,B_tail_entry_skipped,2026-07-10,STM,,,,,,
cons17+nofund,balanced,mid,stock,63,B_tail_entry_skipped,2026-07-10,LQDA,,,,,,
cons17+nofund,balanced,mid,stock,63,B_tail_entry_skipped,2026-07-10,MTRN,,,,,,
cons17+nofund,balanced,mid,stock,63,B_tail_entry_skipped,2026-07-10,BTSG,,,,,,
cons17+nofund,balanced,mid,stock,63,B_tail_entry_skipped,2026-07-10,MEC,,,,,,
cons17+nofund,balanced,mid,stock,63,B_tail_entry_skipped,2026-07-10,BNY,,,,,,
cons17+nofund,balanced,mid,stock,63,B_tail_entry_skipped,2026-07-10,VSTS,,,,,,
cons17+nofund,balanced,mid,stock,63,B_tail_entry_skipped,2026-07-10,ATEN,,,,,,
cons17+nofund,balanced,mid,stock,63,B_tail_entry_skipped,2026-07-10,EXTR,,,,,,
cons17+nofund,balanced,mid,stock,63,B_tail_entry_skipped,2026-07-10,PBI,,,,,,
cons17+nofund,balanced,mid,stock,63,B_tail_entry_skipped,2026-07-10,ECPG,,,,,,
cons17+nofund,balanced,mid,stock,63,B_tail_entry_skipped,2026-07-10,PEB,,,,,,
cons17+nofund,balanced,mid,stock,63,B_tail_entry_skipped,2026-07-10,TNGX,,,,,,
cons17+nofund,balanced,mid,stock,63,B_tail_entry_skipped,2026-07-10,EVC,,,,,,
cons17+nofund,balanced,mid,stock,63,B_tail_entry_skipped,2026-07-10,RSI,,,,,,
cons17+nofund,balanced,mid,stock,63,B_tail_entry_skipped,2026-07-10,WTTR,,,,,,
cons17+nofund,balanced,mid,stock,63,B_tail_entry_skipped,2026-07-10,RLJ,,,,,,
cons17+nofund,balanced,mid,stock,63,B_tail_entry_skipped,2026-07-10,TKR,,,,,,
cons17+nofund,balanced,mid,stock,63,B_tail_entry_skipped,2026-07-17,ORKA,,,,,,
cons17+nofund,balanced,mid,stock,63,B_tail_entry_skipped,2026-07-17,RLAY,,,,,,
cons17+nofund,balanced,mid,stock,63,B_tail_entry_skipped,2026-07-17,BTSG,,,,,,
cons17+nofund,balanced,mid,stock,63,B_tail_entry_skipped,2026-07-17,TWST,,,,,,
cons17+nofund,balanced,mid,stock,63,B_tail_entry_skipped,2026-07-17,ATEN,,,,,,
cons17+nofund,balanced,mid,stock,63,B_tail_entry_skipped,2026-07-17,SYRE,,,,,,
cons17+nofund,balanced,mid,stock,63,B_tail_entry_skipped,2026-07-17,URGN,,,,,,
cons17+nofund,balanced,mid,stock,63,B_tail_entry_skipped,2026-07-17,VSTS,,,,,,
cons17+nofund,balanced,mid,stock,63,B_tail_entry_skipped,2026-07-17,BNY,,,,,,
cons17+nofund,balanced,mid,stock,63,B_tail_entry_skipped,2026-07-17,NWPX,,,,,,
cons17+nofund,balanced,mid,stock,63,B_tail_entry_skipped,2026-07-17,LQDA,,,,,,
cons17+nofund,balanced,mid,stock,63,B_tail_entry_skipped,2026-07-17,TIGO,,,,,,
cons17+nofund,balanced,mid,stock,63,B_tail_entry_skipped,2026-07-17,MITK,,,,,,
cons17+nofund,balanced,mid,stock,63,B_tail_entry_skipped,2026-07-17,NHC,,,,,,
cons17+nofund,balanced,mid,stock,63,B_tail_entry_skipped,2026-07-17,LIND,,,,,,
cons17+nofund,balanced,mid,stock,63,B_tail_entry_skipped,2026-07-17,ASML,,,,,,
cons17+nofund,balanced,mid,stock,63,B_tail_entry_skipped,2026-07-17,CON,,,,,,
cons17+nofund,balanced,mid,stock,63,B_tail_entry_skipped,2026-07-17,PEB,,,,,,
cons17+nofund,balanced,mid,stock,63,B_tail_entry_skipped,2026-07-17,DCO,,,,,,
cons17+nofund,balanced,mid,stock,63,B_tail_entry_skipped,2026-07-17,PANW,,,,,,
cons17+nofund,balanced,mid,stock,63,B_tail_entry_skipped,2026-07-24,SYRE,,,,,,
cons17+nofund,balanced,mid,stock,63,B_tail_entry_skipped,2026-07-24,ETON,,,,,,
cons17+nofund,balanced,mid,stock,63,B_tail_entry_skipped,2026-07-24,ECPG,,,,,,
cons17+nofund,balanced,mid,stock,63,B_tail_entry_skipped,2026-07-24,BNY,,,,,,
cons17+nofund,balanced,mid,stock,63,B_tail_entry_skipped,2026-07-24,HPE,,,,,,
cons17+nofund,balanced,mid,stock,63,B_tail_entry_skipped,2026-07-24,RVMD,,,,,,
cons17+nofund,balanced,mid,stock,63,B_tail_entry_skipped,2026-07-24,ELVN,,,,,,
cons17+nofund,balanced,mid,stock,63,B_tail_entry_skipped,2026-07-24,VSTS,,,,,,
cons17+nofund,balanced,mid,stock,63,B_tail_entry_skipped,2026-07-24,NWPX,,,,,,
cons17+nofund,balanced,mid,stock,63,B_tail_entry_skipped,2026-07-24,CHEF,,,,,,
cons17+nofund,balanced,mid,stock,63,B_tail_entry_skipped,2026-07-24,ROIV,,,,,,
cons17+nofund,balanced,mid,stock,63,B_tail_entry_skipped,2026-07-24,DNTH,,,,,,
cons17+nofund,balanced,mid,stock,63,B_tail_entry_skipped,2026-07-24,URGN,,,,,,
cons17+nofund,balanced,mid,stock,63,B_tail_entry_skipped,2026-07-24,APGE,,,,,,
cons17+nofund,balanced,mid,stock,63,B_tail_entry_skipped,2026-07-24,WTTR,,,,,,
cons17+nofund,balanced,mid,stock,63,B_tail_entry_skipped,2026-07-24,STT,,,,,,
cons17+nofund,balanced,mid,stock,63,B_tail_entry_skipped,2026-07-24,CNC,,,,,,
cons17+nofund,balanced,mid,stock,63,B_tail_entry_skipped,2026-07-24,JAZZ,,,,,,
cons17+nofund,balanced,mid,stock,63,B_tail_entry_skipped,2026-07-24,PANW,,,,,,
cons17+nofund,balanced,mid,stock,63,B_tail_entry_skipped,2026-07-24,FTNT,,,,,,
cons17+nofund,balanced,mid,stock,63,B_tail_entry_skipped,2026-07-31,APGE,,,,,,
cons17+nofund,balanced,mid,stock,63,B_tail_entry_skipped,2026-07-31,ETON,,,,,,
cons17+nofund,balanced,mid,stock,63,B_tail_entry_skipped,2026-07-31,CLMT,,,,,,
cons17+nofund,balanced,mid,stock,63,B_tail_entry_skipped,2026-07-31,ATEX,,,,,,
cons17+nofund,balanced,mid,stock,63,B_tail_entry_skipped,2026-07-31,PEB,,,,,,
cons17+nofund,balanced,mid,stock,63,B_tail_entry_skipped,2026-07-31,TVTX,,,,,,
cons17+nofund,balanced,mid,stock,63,B_tail_entry_skipped,2026-07-31,FTNT,,,,,,
cons17+nofund,balanced,mid,stock,63,B_tail_entry_skipped,2026-07-31,NHC,,,,,,
cons17+nofund,balanced,mid,stock,63,B_tail_entry_skipped,2026-07-31,RVMD,,,,,,
cons17+nofund,balanced,mid,stock,63,B_tail_entry_skipped,2026-07-31,TIGO,,,,,,
cons17+nofund,balanced,mid,stock,63,B_tail_entry_skipped,2026-07-31,DK,,,,,,
cons17+nofund,balanced,mid,stock,63,B_tail_entry_skipped,2026-07-31,TRVI,,,,,,
cons17+nofund,balanced,mid,stock,63,B_tail_entry_skipped,2026-07-31,PANW,,,,,,
cons17+nofund,balanced,mid,stock,63,B_tail_entry_skipped,2026-07-31,URGN,,,,,,
cons17+nofund,balanced,mid,stock,63,B_tail_entry_skipped,2026-07-31,RLJ,,,,,,
cons17+nofund,balanced,mid,stock,63,B_tail_entry_skipped,2026-07-31,HNGE,,,,,,
cons17+nofund,balanced,mid,stock,63,B_tail_entry_skipped,2026-07-31,JAZZ,,,,,,
cons17+nofund,balanced,mid,stock,63,B_tail_entry_skipped,2026-07-31,CVS,,,,,,
cons17+nofund,balanced,mid,stock,63,B_tail_entry_skipped,2026-07-31,LQDA,,,,,,
cons17+nofund,balanced,mid,stock,63,B_tail_entry_skipped,2026-07-31,CDNA,,,,,,
cons17+nofund,balanced,mid,stock,63,B_tail_entry_skipped,2026-08-07,APGE,,,,,,
cons17+nofund,balanced,mid,stock,63,B_tail_entry_skipped,2026-08-07,TXG,,,,,,
cons17+nofund,balanced,mid,stock,63,B_tail_entry_skipped,2026-08-07,ETON,,,,,,
cons17+nofund,balanced,mid,stock,63,B_tail_entry_skipped,2026-08-07,RVMD,,,,,,
cons17+nofund,balanced,mid,stock,63,B_tail_entry_skipped,2026-08-07,LQDA,,,,,,
cons17+nofund,balanced,mid,stock,63,B_tail_entry_skipped,2026-08-07,NRIX,,,,,,
cons17+nofund,balanced,mid,stock,63,B_tail_entry_skipped,2026-08-07,DNTH,,,,,,
cons17+nofund,balanced,mid,stock,63,B_tail_entry_skipped,2026-08-07,ELVN,,,,,,
cons17+nofund,balanced,mid,stock,63,B_tail_entry_skipped,2026-08-07,TRVI,,,,,,
cons17+nofund,balanced,mid,stock,63,B_tail_entry_skipped,2026-08-07,MBX,,,,,,
cons17+nofund,balanced,mid,stock,63,B_tail_entry_skipped,2026-08-07,CDNA,,,,,,
cons17+nofund,balanced,mid,stock,63,B_tail_entry_skipped,2026-08-07,BJRI,,,,,,
cons17+nofund,balanced,mid,stock,63,B_tail_entry_skipped,2026-08-07,URGN,,,,,,
cons17+nofund,balanced,mid,stock,63,B_tail_entry_skipped,2026-08-07,LTH,,,,,,
cons17+nofund,balanced,mid,stock,63,B_tail_entry_skipped,2026-08-07,MNPR,,,,,,
cons17+nofund,balanced,mid,stock,63,B_tail_entry_skipped,2026-08-07,LFST,,,,,,
cons17+nofund,balanced,mid,stock,63,B_tail_entry_skipped,2026-08-07,PSNL,,,,,,
cons17+nofund,balanced,mid,stock,63,B_tail_entry_skipped,2026-08-07,GH,,,,,,
cons17+nofund,balanced,mid,stock,63,B_tail_entry_skipped,2026-08-07,HNGE,,,,,,
cons17+nofund,balanced,mid,stock,63,B_tail_entry_skipped,2026-08-07,NTAP,,,,,,
cons17+nofund,balanced,mid,stock,63,B_tail_entry_skipped,2026-08-14,APGE,,,,,,
cons17+nofund,balanced,mid,stock,63,B_tail_entry_skipped,2026-08-14,RLAY,,,,,,
cons17+nofund,balanced,mid,stock,63,B_tail_entry_skipped,2026-08-14,URGN,,,,,,
cons17+nofund,balanced,mid,stock,63,B_tail_entry_skipped,2026-08-14,SYRE,,,,,,
cons17+nofund,balanced,mid,stock,63,B_tail_entry_skipped,2026-08-14,TVTX,,,,,,
cons17+nofund,balanced,mid,stock,63,B_tail_entry_skipped,2026-08-14,STT,,,,,,
cons17+nofund,balanced,mid,stock,63,B_tail_entry_skipped,2026-08-14,FTNT,,,,,,
cons17+nofund,balanced,mid,stock,63,B_tail_entry_skipped,2026-08-14,ELVN,,,,,,
cons17+nofund,balanced,mid,stock,63,B_tail_entry_skipped,2026-08-14,ORKA,,,,,,
cons17+nofund,balanced,mid,stock,63,B_tail_entry_skipped,2026-08-14,RVMD,,,,,,
cons17+nofund,balanced,mid,stock,63,B_tail_entry_skipped,2026-08-14,ECPG,,,,,,
cons17+nofund,balanced,mid,stock,63,B_tail_entry_skipped,2026-08-14,DELL,,,,,,
cons17+nofund,balanced,mid,stock,63,B_tail_entry_skipped,2026-08-14,CDNA,,,,,,
cons17+nofund,balanced,mid,stock,63,B_tail_entry_skipped,2026-08-14,LGND,,,,,,
cons17+nofund,balanced,mid,stock,63,B_tail_entry_skipped,2026-08-14,AAMI,,,,,,
cons17+nofund,balanced,mid,stock,63,B_tail_entry_skipped,2026-08-14,PBF,,,,,,
cons17+nofund,balanced,mid,stock,63,B_tail_entry_skipped,2026-08-14,NRIX,,,,,,
cons17+nofund,balanced,mid,stock,63,B_tail_entry_skipped,2026-08-14,MBX,,,,,,
cons17+nofund,balanced,mid,stock,63,B_tail_entry_skipped,2026-08-14,PANW,,,,,,
cons17+nofund,balanced,mid,stock,63,B_tail_entry_skipped,2026-08-14,LIND,,,,,,
cons17+nofund,balanced,mid,stock,63,B_tail_entry_skipped,2026-08-21,TXG,,,,,,
cons17+nofund,balanced,mid,stock,63,B_tail_entry_skipped,2026-08-21,MRVI,,,,,,
cons17+nofund,balanced,mid,stock,63,B_tail_entry_skipped,2026-08-21,ELVN,,,,,,
cons17+nofund,balanced,mid,stock,63,B_tail_entry_skipped,2026-08-21,TWST,,,,,,
cons17+nofund,balanced,mid,stock,63,B_tail_entry_skipped,2026-08-21,URGN,,,,,,
cons17+nofund,balanced,mid,stock,63,B_tail_entry_skipped,2026-08-21,APGE,,,,,,
cons17+nofund,balanced,mid,stock,63,B_tail_entry_skipped,2026-08-21,TVTX,,,,,,
cons17+nofund,balanced,mid,stock,63,B_tail_entry_skipped,2026-08-21,BJRI,,,,,,
cons17+nofund,balanced,mid,stock,63,B_tail_entry_skipped,2026-08-21,XNCR,,,,,,
cons17+nofund,balanced,mid,stock,63,B_tail_entry_skipped,2026-08-21,BFLY,,,,,,
cons17+nofund,balanced,mid,stock,63,B_tail_entry_skipped,2026-08-21,CXW,,,,,,
cons17+nofund,balanced,mid,stock,63,B_tail_entry_skipped,2026-08-21,CDNA,,,,,,
cons17+nofund,balanced,mid,stock,63,B_tail_entry_skipped,2026-08-21,ETON,,,,,,
cons17+nofund,balanced,mid,stock,63,B_tail_entry_skipped,2026-08-21,RVMD,,,,,,
cons17+nofund,balanced,mid,stock,63,B_tail_entry_skipped,2026-08-21,ORKA,,,,,,
cons17+nofund,balanced,mid,stock,63,B_tail_entry_skipped,2026-08-21,DYN,,,,,,
cons17+nofund,balanced,mid,stock,63,B_tail_entry_skipped,2026-08-21,NEO,,,,,,
cons17+nofund,balanced,mid,stock,63,B_tail_entry_skipped,2026-08-21,AAMI,,,,,,
cons17+nofund,balanced,mid,stock,63,B_tail_entry_skipped,2026-08-21,OII,,,,,,
cons17+nofund,balanced,mid,stock,63,B_tail_entry_skipped,2026-08-21,MBX,,,,,,
cons17+nofund,balanced,mid,stock,63,B_tail_entry_skipped,2026-08-28,TXG,,,,,,
cons17+nofund,balanced,mid,stock,63,B_tail_entry_skipped,2026-08-28,MPC,,,,,,
cons17+nofund,balanced,mid,stock,63,B_tail_entry_skipped,2026-08-28,DINO,,,,,,
cons17+nofund,balanced,mid,stock,63,B_tail_entry_skipped,2026-08-28,DK,,,,,,
cons17+nofund,balanced,mid,stock,63,B_tail_entry_skipped,2026-08-28,TWST,,,,,,
cons17+nofund,balanced,mid,stock,63,B_tail_entry_skipped,2026-08-28,NRIX,,,,,,
cons17+nofund,balanced,mid,stock,63,B_tail_entry_skipped,2026-08-28,PBF,,,,,,
cons17+nofund,balanced,mid,stock,63,B_tail_entry_skipped,2026-08-28,CAKE,,,,,,
cons17+nofund,balanced,mid,stock,63,B_tail_entry_skipped,2026-08-28,XNCR,,,,,,
cons17+nofund,balanced,mid,stock,63,B_tail_entry_skipped,2026-08-28,APGE,,,,,,
cons17+nofund,balanced,mid,stock,63,B_tail_entry_skipped,2026-08-28,BNY,,,,,,
cons17+nofund,balanced,mid,stock,63,B_tail_entry_skipped,2026-08-28,HPE,,,,,,
cons17+nofund,balanced,mid,stock,63,B_tail_entry_skipped,2026-08-28,ETON,,,,,,
cons17+nofund,balanced,mid,stock,63,B_tail_entry_skipped,2026-08-28,DELL,,,,,,
cons17+nofund,balanced,mid,stock,63,B_tail_entry_skipped,2026-08-28,KNSA,,,,,,
cons17+nofund,balanced,mid,stock,63,B_tail_entry_skipped,2026-08-28,CDNA,,,,,,
cons17+nofund,balanced,mid,stock,63,B_tail_entry_skipped,2026-08-28,SPCX,,,,,,
cons17+nofund,balanced,mid,stock,63,B_tail_entry_skipped,2026-08-28,NEO,,,,,,
cons17+nofund,balanced,mid,stock,63,B_tail_entry_skipped,2026-08-28,QURE,,,,,,
cons17+nofund,balanced,mid,stock,63,B_tail_entry_skipped,2026-08-28,TGTX,,,,,,
cons17+nofund,balanced,mid,stock,63,B_tail_entry_skipped,2026-09-04,CDNA,,,,,,
cons17+nofund,balanced,mid,stock,63,B_tail_entry_skipped,2026-09-04,TXG,,,,,,
cons17+nofund,balanced,mid,stock,63,B_tail_entry_skipped,2026-09-04,ETON,,,,,,
cons17+nofund,balanced,mid,stock,63,B_tail_entry_skipped,2026-09-04,XNCR,,,,,,
cons17+nofund,balanced,mid,stock,63,B_tail_entry_skipped,2026-09-04,RVMD,,,,,,
cons17+nofund,balanced,mid,stock,63,B_tail_entry_skipped,2026-09-04,GH,,,,,,
cons17+nofund,balanced,mid,stock,63,B_tail_entry_skipped,2026-09-04,PLSE,,,,,,
cons17+nofund,balanced,mid,stock,63,B_tail_entry_skipped,2026-09-04,NRIX,,,,,,
cons17+nofund,balanced,mid,stock,63,B_tail_entry_skipped,2026-09-04,ATAI,,,,,,
cons17+nofund,balanced,mid,stock,63,B_tail_entry_skipped,2026-09-04,STT,,,,,,
cons17+nofund,balanced,mid,stock,63,B_tail_entry_skipped,2026-09-04,ILMN,,,,,,
cons17+nofund,balanced,mid,stock,63,B_tail_entry_skipped,2026-09-04,CAKE,,,,,,
cons17+nofund,balanced,mid,stock,63,B_tail_entry_skipped,2026-09-04,CRL,,,,,,
cons17+nofund,balanced,mid,stock,63,B_tail_entry_skipped,2026-09-04,VLO,,,,,,
cons17+nofund,balanced,mid,stock,63,B_tail_entry_skipped,2026-09-04,URGN,,,,,,
cons17+nofund,balanced,mid,stock,63,B_tail_entry_skipped,2026-09-04,GKOS,,,,,,
cons17+nofund,balanced,mid,stock,63,B_tail_entry_skipped,2026-09-04,CORT,,,,,,
cons17+nofund,balanced,mid,stock,63,B_tail_entry_skipped,2026-09-04,CXW,,,,,,
cons17+nofund,balanced,mid,stock,63,B_tail_entry_skipped,2026-09-04,MNPR,,,,,,
cons17+nofund,balanced,mid,stock,63,B_tail_entry_skipped,2026-09-04,NTAP,,,,,,
cons17+nofund,balanced,mid,stock,63,B_tail_entry_skipped,2026-09-14,TXG,,,,,,
cons17+nofund,balanced,mid,stock,63,B_tail_entry_skipped,2026-09-14,CDNA,,,,,,
cons17+nofund,balanced,mid,stock,63,B_tail_entry_skipped,2026-09-14,TWST,,,,,,
cons17+nofund,balanced,mid,stock,63,B_tail_entry_skipped,2026-09-14,PLSE,,,,,,
cons17+nofund,balanced,mid,stock,63,B_tail_entry_skipped,2026-09-14,CLMT,,,,,,
cons17+nofund,balanced,mid,stock,63,B_tail_entry_skipped,2026-09-14,NEO,,,,,,
cons17+nofund,balanced,mid,stock,63,B_tail_entry_skipped,2026-09-14,PTGX,,,,,,
cons17+nofund,balanced,mid,stock,63,B_tail_entry_skipped,2026-09-14,CRWD,,,,,,
cons17+nofund,balanced,mid,stock,63,B_tail_entry_skipped,2026-09-14,RNG,,,,,,
cons17+nofund,balanced,mid,stock,63,B_tail_entry_skipped,2026-09-14,MPC,,,,,,
cons17+nofund,balanced,mid,stock,63,B_tail_entry_skipped,2026-09-14,ECO,,,,,,
cons17+nofund,balanced,mid,stock,63,B_tail_entry_skipped,2026-09-14,CHEF,,,,,,
cons17+nofund,balanced,mid,stock,63,B_tail_entry_skipped,2026-09-14,RVMD,,,,,,
cons17+nofund,balanced,mid,stock,63,B_tail_entry_skipped,2026-09-14,FTNT,,,,,,
cons17+nofund,balanced,mid,stock,63,B_tail_entry_skipped,2026-09-14,INSW,,,,,,
cons17+nofund,balanced,mid,stock,63,B_tail_entry_skipped,2026-09-14,MATX,,,,,,
cons17+nofund,balanced,mid,stock,63,B_tail_entry_skipped,2026-09-14,ABCL,,,,,,
cons17+nofund,balanced,mid,stock,63,B_tail_entry_skipped,2026-09-14,HNGE,,,,,,
cons17+nofund,balanced,mid,stock,63,B_tail_entry_skipped,2026-09-14,HAE,,,,,,
cons17+nofund,balanced,mid,stock,63,B_tail_entry_skipped,2026-09-14,DELL,,,,,,
cons17+nofund,balanced,short,mixed,63,B_tail_entry_skipped,2026-07-02,AMD,,,,,,
cons17+nofund,balanced,short,mixed,63,B_tail_entry_skipped,2026-07-02,MTRN,,,,,,
cons17+nofund,balanced,short,mixed,63,B_tail_entry_skipped,2026-07-02,KLIC,,,,,,
cons17+nofund,balanced,short,mixed,63,B_tail_entry_skipped,2026-07-02,ATEX,,,,,,
cons17+nofund,balanced,short,mixed,63,B_tail_entry_skipped,2026-07-02,SEZL,,,,,,
cons17+nofund,balanced,short,mixed,63,B_tail_entry_skipped,2026-07-02,TWST,,,,,,
cons17+nofund,balanced,short,mixed,63,B_tail_entry_skipped,2026-07-02,UMC,,,,,,
cons17+nofund,balanced,short,mixed,63,B_tail_entry_skipped,2026-07-02,APLE,,,,,,
cons17+nofund,balanced,short,mixed,63,B_tail_entry_skipped,2026-07-02,ATEN,,,,,,
cons17+nofund,balanced,short,mixed,63,B_tail_entry_skipped,2026-07-02,NWPX,,,,,,
cons17+nofund,balanced,short,mixed,63,B_tail_entry_skipped,2026-07-02,ALKS,,,,,,
cons17+nofund,balanced,short,mixed,63,B_tail_entry_skipped,2026-07-02,RLJ,,,,,,
cons17+nofund,balanced,short,mixed,63,B_tail_entry_skipped,2026-07-02,AXSM,,,,,,
cons17+nofund,balanced,short,mixed,63,B_tail_entry_skipped,2026-07-02,BNY,,,,,,
cons17+nofund,balanced,short,mixed,63,B_tail_entry_skipped,2026-07-02,CLOV,,,,,,
cons17+nofund,balanced,short,mixed,63,B_tail_entry_skipped,2026-07-02,DVA,,,,,,
cons17+nofund,balanced,short,mixed,63,B_tail_entry_skipped,2026-07-02,LQDA,,,,,,
cons17+nofund,balanced,short,mixed,63,B_tail_entry_skipped,2026-07-02,TXG,,,,,,
cons17+nofund,balanced,short,mixed,63,B_tail_entry_skipped,2026-07-02,LNTH,,,,,,
cons17+nofund,balanced,short,mixed,63,B_tail_entry_skipped,2026-07-02,DCO,,,,,,
cons17+nofund,balanced,short,mixed,63,B_tail_entry_skipped,2026-07-10,ATEX,,,,,,
cons17+nofund,balanced,short,mixed,63,B_tail_entry_skipped,2026-07-10,STM,,,,,,
cons17+nofund,balanced,short,mixed,63,B_tail_entry_skipped,2026-07-10,NWPX,,,,,,
cons17+nofund,balanced,short,mixed,63,B_tail_entry_skipped,2026-07-10,EXTR,,,,,,
cons17+nofund,balanced,short,mixed,63,B_tail_entry_skipped,2026-07-10,CORT,,,,,,
cons17+nofund,balanced,short,mixed,63,B_tail_entry_skipped,2026-07-10,ATEN,,,,,,
cons17+nofund,balanced,short,mixed,63,B_tail_entry_skipped,2026-07-10,MEC,,,,,,
cons17+nofund,balanced,short,mixed,63,B_tail_entry_skipped,2026-07-10,PBI,,,,,,
cons17+nofund,balanced,short,mixed,63,B_tail_entry_skipped,2026-07-10,BTSG,,,,,,
cons17+nofund,balanced,short,mixed,63,B_tail_entry_skipped,2026-07-10,MTRN,,,,,,
cons17+nofund,balanced,short,mixed,63,B_tail_entry_skipped,2026-07-10,CON,,,,,,
cons17+nofund,balanced,short,mixed,63,B_tail_entry_skipped,2026-07-10,VSTS,,,,,,
cons17+nofund,balanced,short,mixed,63,B_tail_entry_skipped,2026-07-10,APLE,,,,,,
cons17+nofund,balanced,short,mixed,63,B_tail_entry_skipped,2026-07-10,RLJ,,,,,,
cons17+nofund,balanced,short,mixed,63,B_tail_entry_skipped,2026-07-10,RSI,,,,,,
cons17+nofund,balanced,short,mixed,63,B_tail_entry_skipped,2026-07-10,GEO,,,,,,
cons17+nofund,balanced,short,mixed,63,B_tail_entry_skipped,2026-07-10,FFIV,,,,,,
cons17+nofund,balanced,short,mixed,63,B_tail_entry_skipped,2026-07-10,LQDA,,,,,,
cons17+nofund,balanced,short,mixed,63,B_tail_entry_skipped,2026-07-10,DVA,,,,,,
cons17+nofund,balanced,short,mixed,63,B_tail_entry_skipped,2026-07-10,PEB,,,,,,
cons17+nofund,balanced,short,mixed,63,B_tail_entry_skipped,2026-07-17,CORT,,,,,,
cons17+nofund,balanced,short,mixed,63,B_tail_entry_skipped,2026-07-17,HNGE,,,,,,
cons17+nofund,balanced,short,mixed,63,B_tail_entry_skipped,2026-07-17,TWST,,,,,,
cons17+nofund,balanced,short,mixed,63,B_tail_entry_skipped,2026-07-17,URGN,,,,,,
cons17+nofund,balanced,short,mixed,63,B_tail_entry_skipped,2026-07-17,PANW,,,,,,
cons17+nofund,balanced,short,mixed,63,B_tail_entry_skipped,2026-07-17,ATEN,,,,,,
cons17+nofund,balanced,short,mixed,63,B_tail_entry_skipped,2026-07-17,ALKS,,,,,,
cons17+nofund,balanced,short,mixed,63,B_tail_entry_skipped,2026-07-17,BTSG,,,,,,
cons17+nofund,balanced,short,mixed,63,B_tail_entry_skipped,2026-07-17,ORKA,,,,,,
cons17+nofund,balanced,short,mixed,63,B_tail_entry_skipped,2026-07-17,VSTS,,,,,,
cons17+nofund,balanced,short,mixed,63,B_tail_entry_skipped,2026-07-17,CON,,,,,,
cons17+nofund,balanced,short,mixed,63,B_tail_entry_skipped,2026-07-17,FTNT,,,,,,
cons17+nofund,balanced,short,mixed,63,B_tail_entry_skipped,2026-07-17,LIND,,,,,,
cons17+nofund,balanced,short,mixed,63,B_tail_entry_skipped,2026-07-17,RLJ,,,,,,
cons17+nofund,balanced,short,mixed,63,B_tail_entry_skipped,2026-07-17,TGTX,,,,,,
cons17+nofund,balanced,short,mixed,63,B_tail_entry_skipped,2026-07-17,DAVE,,,,,,
cons17+nofund,balanced,short,mixed,63,B_tail_entry_skipped,2026-07-17,MRVI,,,,,,
cons17+nofund,balanced,short,mixed,63,B_tail_entry_skipped,2026-07-17,MITK,,,,,,
cons17+nofund,balanced,short,mixed,63,B_tail_entry_skipped,2026-07-17,CNC,,,,,,
cons17+nofund,balanced,short,mixed,63,B_tail_entry_skipped,2026-07-17,ATLC,,,,,,
cons17+nofund,balanced,short,mixed,63,B_tail_entry_skipped,2026-07-24,XLF,,,,,,
cons17+nofund,balanced,short,mixed,63,B_tail_entry_skipped,2026-07-24,CHEF,,,,,,
cons17+nofund,balanced,short,mixed,63,B_tail_entry_skipped,2026-07-24,FTNT,,,,,,
cons17+nofund,balanced,short,mixed,63,B_tail_entry_skipped,2026-07-24,PANW,,,,,,
cons17+nofund,balanced,short,mixed,63,B_tail_entry_skipped,2026-07-24,SYRE,,,,,,
cons17+nofund,balanced,short,mixed,63,B_tail_entry_skipped,2026-07-24,ETON,,,,,,
cons17+nofund,balanced,short,mixed,63,B_tail_entry_skipped,2026-07-24,TGTX,,,,,,
cons17+nofund,balanced,short,mixed,63,B_tail_entry_skipped,2026-07-24,URGN,,,,,,
cons17+nofund,balanced,short,mixed,63,B_tail_entry_skipped,2026-07-24,SLF,,,,,,
cons17+nofund,balanced,short,mixed,63,B_tail_entry_skipped,2026-07-24,BJRI,,,,,,
cons17+nofund,balanced,short,mixed,63,B_tail_entry_skipped,2026-07-24,WKC,,,,,,
cons17+nofund,balanced,short,mixed,63,B_tail_entry_skipped,2026-07-24,CRWD,,,,,,
cons17+nofund,balanced,short,mixed,63,B_tail_entry_skipped,2026-07-24,SAH,,,,,,
cons17+nofund,balanced,short,mixed,63,B_tail_entry_skipped,2026-07-24,MRVI,,,,,,
cons17+nofund,balanced,short,mixed,63,B_tail_entry_skipped,2026-07-24,LTH,,,,,,
cons17+nofund,balanced,short,mixed,63,B_tail_entry_skipped,2026-07-24,VOYA,,,,,,
cons17+nofund,balanced,short,mixed,63,B_tail_entry_skipped,2026-07-24,STT,,,,,,
cons17+nofund,balanced,short,mixed,63,B_tail_entry_skipped,2026-07-24,VSTS,,,,,,
cons17+nofund,balanced,short,mixed,63,B_tail_entry_skipped,2026-07-24,DVA,,,,,,
cons17+nofund,balanced,short,mixed,63,B_tail_entry_skipped,2026-07-24,NTAP,,,,,,
cons17+nofund,balanced,short,mixed,63,B_tail_entry_skipped,2026-07-31,FTNT,,,,,,
cons17+nofund,balanced,short,mixed,63,B_tail_entry_skipped,2026-07-31,WKC,,,,,,
cons17+nofund,balanced,short,mixed,63,B_tail_entry_skipped,2026-07-31,CORT,,,,,,
cons17+nofund,balanced,short,mixed,63,B_tail_entry_skipped,2026-07-31,PEB,,,,,,
cons17+nofund,balanced,short,mixed,63,B_tail_entry_skipped,2026-07-31,ETON,,,,,,
cons17+nofund,balanced,short,mixed,63,B_tail_entry_skipped,2026-07-31,CDNA,,,,,,
cons17+nofund,balanced,short,mixed,63,B_tail_entry_skipped,2026-07-31,URGN,,,,,,
cons17+nofund,balanced,short,mixed,63,B_tail_entry_skipped,2026-07-31,CLMT,,,,,,
cons17+nofund,balanced,short,mixed,63,B_tail_entry_skipped,2026-07-31,DIA,,,,,,
cons17+nofund,balanced,short,mixed,63,B_tail_entry_skipped,2026-07-31,APGE,,,,,,
cons17+nofund,balanced,short,mixed,63,B_tail_entry_skipped,2026-07-31,MNPR,,,,,,
cons17+nofund,balanced,short,mixed,63,B_tail_entry_skipped,2026-07-31,CBRL,,,,,,
cons17+nofund,balanced,short,mixed,63,B_tail_entry_skipped,2026-07-31,HNGE,,,,,,
cons17+nofund,balanced,short,mixed,63,B_tail_entry_skipped,2026-07-31,LTH,,,,,,
cons17+nofund,balanced,short,mixed,63,B_tail_entry_skipped,2026-07-31,RLJ,,,,,,
cons17+nofund,balanced,short,mixed,63,B_tail_entry_skipped,2026-07-31,CAKE,,,,,,
cons17+nofund,balanced,short,mixed,63,B_tail_entry_skipped,2026-07-31,CHEF,,,,,,
cons17+nofund,balanced,short,mixed,63,B_tail_entry_skipped,2026-07-31,PANW,,,,,,
cons17+nofund,balanced,short,mixed,63,B_tail_entry_skipped,2026-07-31,DK,,,,,,
cons17+nofund,balanced,short,mixed,63,B_tail_entry_skipped,2026-07-31,ILMN,,,,,,
cons17+nofund,balanced,short,mixed,63,B_tail_entry_skipped,2026-08-07,XLF,,,,,,
cons17+nofund,balanced,short,mixed,63,B_tail_entry_skipped,2026-08-07,APGE,,,,,,
cons17+nofund,balanced,short,mixed,63,B_tail_entry_skipped,2026-08-07,TXG,,,,,,
cons17+nofund,balanced,short,mixed,63,B_tail_entry_skipped,2026-08-07,GEO,,,,,,
cons17+nofund,balanced,short,mixed,63,B_tail_entry_skipped,2026-08-07,CORT,,,,,,
cons17+nofund,balanced,short,mixed,63,B_tail_entry_skipped,2026-08-07,ETON,,,,,,
cons17+nofund,balanced,short,mixed,63,B_tail_entry_skipped,2026-08-07,HNGE,,,,,,
cons17+nofund,balanced,short,mixed,63,B_tail_entry_skipped,2026-08-07,NRIX,,,,,,
cons17+nofund,balanced,short,mixed,63,B_tail_entry_skipped,2026-08-07,LTH,,,,,,
cons17+nofund,balanced,short,mixed,63,B_tail_entry_skipped,2026-08-07,CDNA,,,,,,
cons17+nofund,balanced,short,mixed,63,B_tail_entry_skipped,2026-08-07,BJRI,,,,,,
cons17+nofund,balanced,short,mixed,63,B_tail_entry_skipped,2026-08-07,LQDA,,,,,,
cons17+nofund,balanced,short,mixed,63,B_tail_entry_skipped,2026-08-07,PK,,,,,,
cons17+nofund,balanced,short,mixed,63,B_tail_entry_skipped,2026-08-07,SNOW,,,,,,
cons17+nofund,balanced,short,mixed,63,B_tail_entry_skipped,2026-08-07,URGN,,,,,,
cons17+nofund,balanced,short,mixed,63,B_tail_entry_skipped,2026-08-07,RVMD,,,,,,
cons17+nofund,balanced,short,mixed,63,B_tail_entry_skipped,2026-08-07,CAKE,,,,,,
cons17+nofund,balanced,short,mixed,63,B_tail_entry_skipped,2026-08-07,TENB,,,,,,
cons17+nofund,balanced,short,mixed,63,B_tail_entry_skipped,2026-08-07,CBRL,,,,,,
cons17+nofund,balanced,short,mixed,63,B_tail_entry_skipped,2026-08-07,NTAP,,,,,,
cons17+nofund,balanced,short,mixed,63,B_tail_entry_skipped,2026-08-14,XLF,,,,,,
cons17+nofund,balanced,short,mixed,63,B_tail_entry_skipped,2026-08-14,URGN,,,,,,
cons17+nofund,balanced,short,mixed,63,B_tail_entry_skipped,2026-08-14,CORT,,,,,,
cons17+nofund,balanced,short,mixed,63,B_tail_entry_skipped,2026-08-14,CAKE,,,,,,
cons17+nofund,balanced,short,mixed,63,B_tail_entry_skipped,2026-08-14,CBZ,,,,,,
cons17+nofund,balanced,short,mixed,63,B_tail_entry_skipped,2026-08-14,HAE,,,,,,
cons17+nofund,balanced,short,mixed,63,B_tail_entry_skipped,2026-08-14,TNET,,,,,,
cons17+nofund,balanced,short,mixed,63,B_tail_entry_skipped,2026-08-14,IOVA,,,,,,
cons17+nofund,balanced,short,mixed,63,B_tail_entry_skipped,2026-08-14,LIND,,,,,,
cons17+nofund,balanced,short,mixed,63,B_tail_entry_skipped,2026-08-14,STT,,,,,,
cons17+nofund,balanced,short,mixed,63,B_tail_entry_skipped,2026-08-14,MAN,,,,,,
cons17+nofund,balanced,short,mixed,63,B_tail_entry_skipped,2026-08-14,APGE,,,,,,
cons17+nofund,balanced,short,mixed,63,B_tail_entry_skipped,2026-08-14,CON,,,,,,
cons17+nofund,balanced,short,mixed,63,B_tail_entry_skipped,2026-08-14,NTAP,,,,,,
cons17+nofund,balanced,short,mixed,63,B_tail_entry_skipped,2026-08-14,RLAY,,,,,,
cons17+nofund,balanced,short,mixed,63,B_tail_entry_skipped,2026-08-14,DIA,,,,,,
cons17+nofund,balanced,short,mixed,63,B_tail_entry_skipped,2026-08-14,NRIX,,,,,,
cons17+nofund,balanced,short,mixed,63,B_tail_entry_skipped,2026-08-14,LTH,,,,,,
cons17+nofund,balanced,short,mixed,63,B_tail_entry_skipped,2026-08-14,ATAI,,,,,,
cons17+nofund,balanced,short,mixed,63,B_tail_entry_skipped,2026-08-14,TVTX,,,,,,
cons17+nofund,balanced,short,mixed,63,B_tail_entry_skipped,2026-08-21,XLF,,,,,,
cons17+nofund,balanced,short,mixed,63,B_tail_entry_skipped,2026-08-21,CXW,,,,,,
cons17+nofund,balanced,short,mixed,63,B_tail_entry_skipped,2026-08-21,TXG,,,,,,
cons17+nofund,balanced,short,mixed,63,B_tail_entry_skipped,2026-08-21,MRVI,,,,,,
cons17+nofund,balanced,short,mixed,63,B_tail_entry_skipped,2026-08-21,URGN,,,,,,
cons17+nofund,balanced,short,mixed,63,B_tail_entry_skipped,2026-08-21,TWST,,,,,,
cons17+nofund,balanced,short,mixed,63,B_tail_entry_skipped,2026-08-21,BJRI,,,,,,
cons17+nofund,balanced,short,mixed,63,B_tail_entry_skipped,2026-08-21,MAN,,,,,,
cons17+nofund,balanced,short,mixed,63,B_tail_entry_skipped,2026-08-21,CORT,,,,,,
cons17+nofund,balanced,short,mixed,63,B_tail_entry_skipped,2026-08-21,NSP,,,,,,
cons17+nofund,balanced,short,mixed,63,B_tail_entry_skipped,2026-08-21,ELVN,,,,,,
cons17+nofund,balanced,short,mixed,63,B_tail_entry_skipped,2026-08-21,XNCR,,,,,,
cons17+nofund,balanced,short,mixed,63,B_tail_entry_skipped,2026-08-21,HNGE,,,,,,
cons17+nofund,balanced,short,mixed,63,B_tail_entry_skipped,2026-08-21,GEO,,,,,,
cons17+nofund,balanced,short,mixed,63,B_tail_entry_skipped,2026-08-21,CAKE,,,,,,
cons17+nofund,balanced,short,mixed,63,B_tail_entry_skipped,2026-08-21,ADPT,,,,,,
cons17+nofund,balanced,short,mixed,63,B_tail_entry_skipped,2026-08-21,DIA,,,,,,
cons17+nofund,balanced,short,mixed,63,B_tail_entry_skipped,2026-08-21,DYN,,,,,,
cons17+nofund,balanced,short,mixed,63,B_tail_entry_skipped,2026-08-21,TVTX,,,,,,
cons17+nofund,balanced,short,mixed,63,B_tail_entry_skipped,2026-08-21,CBRL,,,,,,
cons17+nofund,balanced,short,mixed,63,B_tail_entry_skipped,2026-08-28,XLF,,,,,,
cons17+nofund,balanced,short,mixed,63,B_tail_entry_skipped,2026-08-28,MPC,,,,,,
cons17+nofund,balanced,short,mixed,63,B_tail_entry_skipped,2026-08-28,CAKE,,,,,,
cons17+nofund,balanced,short,mixed,63,B_tail_entry_skipped,2026-08-28,TXG,,,,,,
cons17+nofund,balanced,short,mixed,63,B_tail_entry_skipped,2026-08-28,DINO,,,,,,
cons17+nofund,balanced,short,mixed,63,B_tail_entry_skipped,2026-08-28,NRIX,,,,,,
cons17+nofund,balanced,short,mixed,63,B_tail_entry_skipped,2026-08-28,DK,,,,,,
cons17+nofund,balanced,short,mixed,63,B_tail_entry_skipped,2026-08-28,SEIC,,,,,,
cons17+nofund,balanced,short,mixed,63,B_tail_entry_skipped,2026-08-28,NSP,,,,,,
cons17+nofund,balanced,short,mixed,63,B_tail_entry_skipped,2026-08-28,TWST,,,,,,
cons17+nofund,balanced,short,mixed,63,B_tail_entry_skipped,2026-08-28,PBF,,,,,,
cons17+nofund,balanced,short,mixed,63,B_tail_entry_skipped,2026-08-28,CHE,,,,,,
cons17+nofund,balanced,short,mixed,63,B_tail_entry_skipped,2026-08-28,XNCR,,,,,,
cons17+nofund,balanced,short,mixed,63,B_tail_entry_skipped,2026-08-28,INTA,,,,,,
cons17+nofund,balanced,short,mixed,63,B_tail_entry_skipped,2026-08-28,ATRC,,,,,,
cons17+nofund,balanced,short,mixed,63,B_tail_entry_skipped,2026-08-28,PAYC,,,,,,
cons17+nofund,balanced,short,mixed,63,B_tail_entry_skipped,2026-08-28,SN,,,,,,
cons17+nofund,balanced,short,mixed,63,B_tail_entry_skipped,2026-08-28,FRSH,,,,,,
cons17+nofund,balanced,short,mixed,63,B_tail_entry_skipped,2026-08-28,HAE,,,,,,
cons17+nofund,balanced,short,mixed,63,B_tail_entry_skipped,2026-08-28,DIA,,,,,,
cons17+nofund,balanced,short,mixed,63,B_tail_entry_skipped,2026-09-04,CDNA,,,,,,
cons17+nofund,balanced,short,mixed,63,B_tail_entry_skipped,2026-09-04,ATAI,,,,,,
cons17+nofund,balanced,short,mixed,63,B_tail_entry_skipped,2026-09-04,XLF,,,,,,
cons17+nofund,balanced,short,mixed,63,B_tail_entry_skipped,2026-09-04,ETON,,,,,,
cons17+nofund,balanced,short,mixed,63,B_tail_entry_skipped,2026-09-04,TXG,,,,,,
cons17+nofund,balanced,short,mixed,63,B_tail_entry_skipped,2026-09-04,XNCR,,,,,,
cons17+nofund,balanced,short,mixed,63,B_tail_entry_skipped,2026-09-04,NSIT,,,,,,
cons17+nofund,balanced,short,mixed,63,B_tail_entry_skipped,2026-09-04,PLSE,,,,,,
cons17+nofund,balanced,short,mixed,63,B_tail_entry_skipped,2026-09-04,AVTR,,,,,,
cons17+nofund,balanced,short,mixed,63,B_tail_entry_skipped,2026-09-04,HNGE,,,,,,
cons17+nofund,balanced,short,mixed,63,B_tail_entry_skipped,2026-09-04,CRL,,,,,,
cons17+nofund,balanced,short,mixed,63,B_tail_entry_skipped,2026-09-04,CORT,,,,,,
cons17+nofund,balanced,short,mixed,63,B_tail_entry_skipped,2026-09-04,NRIX,,,,,,
cons17+nofund,balanced,short,mixed,63,B_tail_entry_skipped,2026-09-04,PGY,,,,,,
cons17+nofund,balanced,short,mixed,63,B_tail_entry_skipped,2026-09-04,VLO,,,,,,
cons17+nofund,balanced,short,mixed,63,B_tail_entry_skipped,2026-09-04,STT,,,,,,
cons17+nofund,balanced,short,mixed,63,B_tail_entry_skipped,2026-09-04,KYMR,,,,,,
cons17+nofund,balanced,short,mixed,63,B_tail_entry_skipped,2026-09-04,ABCL,,,,,,
cons17+nofund,balanced,short,mixed,63,B_tail_entry_skipped,2026-09-04,PAYC,,,,,,
cons17+nofund,balanced,short,mixed,63,B_tail_entry_skipped,2026-09-04,ILMN,,,,,,
cons17+nofund,balanced,short,mixed,63,B_tail_entry_skipped,2026-09-14,TXG,,,,,,
cons17+nofund,balanced,short,mixed,63,B_tail_entry_skipped,2026-09-14,CDNA,,,,,,
cons17+nofund,balanced,short,mixed,63,B_tail_entry_skipped,2026-09-14,PLSE,,,,,,
cons17+nofund,balanced,short,mixed,63,B_tail_entry_skipped,2026-09-14,AVTR,,,,,,
cons17+nofund,balanced,short,mixed,63,B_tail_entry_skipped,2026-09-14,HNGE,,,,,,
cons17+nofund,balanced,short,mixed,63,B_tail_entry_skipped,2026-09-14,TWST,,,,,,
cons17+nofund,balanced,short,mixed,63,B_tail_entry_skipped,2026-09-14,NEO,,,,,,
cons17+nofund,balanced,short,mixed,63,B_tail_entry_skipped,2026-09-14,ATRC,,,,,,
cons17+nofund,balanced,short,mixed,63,B_tail_entry_skipped,2026-09-14,TEAM,,,,,,
cons17+nofund,balanced,short,mixed,63,B_tail_entry_skipped,2026-09-14,RNG,,,,,,
cons17+nofund,balanced,short,mixed,63,B_tail_entry_skipped,2026-09-14,CLMT,,,,,,
cons17+nofund,balanced,short,mixed,63,B_tail_entry_skipped,2026-09-14,NTNX,,,,,,
cons17+nofund,balanced,short,mixed,63,B_tail_entry_skipped,2026-09-14,PD,,,,,,
cons17+nofund,balanced,short,mixed,63,B_tail_entry_skipped,2026-09-14,ECO,,,,,,
cons17+nofund,balanced,short,mixed,63,B_tail_entry_skipped,2026-09-14,AVAH,,,,,,
cons17+nofund,balanced,short,mixed,63,B_tail_entry_skipped,2026-09-14,GTLB,,,,,,
cons17+nofund,balanced,short,mixed,63,B_tail_entry_skipped,2026-09-14,MPC,,,,,,
cons17+nofund,balanced,short,mixed,63,B_tail_entry_skipped,2026-09-14,HAE,,,,,,
cons17+nofund,balanced,short,mixed,63,B_tail_entry_skipped,2026-09-14,AMLX,,,,,,
cons17+nofund,balanced,short,mixed,63,B_tail_entry_skipped,2026-09-14,BLFS,,,,,,
cons17+nofund,balanced,short,stock,63,B_tail_entry_skipped,2026-07-02,AMD,,,,,,
cons17+nofund,balanced,short,stock,63,B_tail_entry_skipped,2026-07-02,MTRN,,,,,,
cons17+nofund,balanced,short,stock,63,B_tail_entry_skipped,2026-07-02,KLIC,,,,,,
cons17+nofund,balanced,short,stock,63,B_tail_entry_skipped,2026-07-02,ATEX,,,,,,
cons17+nofund,balanced,short,stock,63,B_tail_entry_skipped,2026-07-02,SEZL,,,,,,
cons17+nofund,balanced,short,stock,63,B_tail_entry_skipped,2026-07-02,TWST,,,,,,
cons17+nofund,balanced,short,stock,63,B_tail_entry_skipped,2026-07-02,UMC,,,,,,
cons17+nofund,balanced,short,stock,63,B_tail_entry_skipped,2026-07-02,APLE,,,,,,
cons17+nofund,balanced,short,stock,63,B_tail_entry_skipped,2026-07-02,ATEN,,,,,,
cons17+nofund,balanced,short,stock,63,B_tail_entry_skipped,2026-07-02,NWPX,,,,,,
cons17+nofund,balanced,short,stock,63,B_tail_entry_skipped,2026-07-02,ALKS,,,,,,
cons17+nofund,balanced,short,stock,63,B_tail_entry_skipped,2026-07-02,RLJ,,,,,,
cons17+nofund,balanced,short,stock,63,B_tail_entry_skipped,2026-07-02,AXSM,,,,,,
cons17+nofund,balanced,short,stock,63,B_tail_entry_skipped,2026-07-02,BNY,,,,,,
cons17+nofund,balanced,short,stock,63,B_tail_entry_skipped,2026-07-02,CLOV,,,,,,
cons17+nofund,balanced,short,stock,63,B_tail_entry_skipped,2026-07-02,DVA,,,,,,
cons17+nofund,balanced,short,stock,63,B_tail_entry_skipped,2026-07-02,LQDA,,,,,,
cons17+nofund,balanced,short,stock,63,B_tail_entry_skipped,2026-07-02,TXG,,,,,,
cons17+nofund,balanced,short,stock,63,B_tail_entry_skipped,2026-07-02,LNTH,,,,,,
cons17+nofund,balanced,short,stock,63,B_tail_entry_skipped,2026-07-02,DCO,,,,,,
cons17+nofund,balanced,short,stock,63,B_tail_entry_skipped,2026-07-10,ATEX,,,,,,
cons17+nofund,balanced,short,stock,63,B_tail_entry_skipped,2026-07-10,STM,,,,,,
cons17+nofund,balanced,short,stock,63,B_tail_entry_skipped,2026-07-10,NWPX,,,,,,
cons17+nofund,balanced,short,stock,63,B_tail_entry_skipped,2026-07-10,EXTR,,,,,,
cons17+nofund,balanced,short,stock,63,B_tail_entry_skipped,2026-07-10,CORT,,,,,,
cons17+nofund,balanced,short,stock,63,B_tail_entry_skipped,2026-07-10,ATEN,,,,,,
cons17+nofund,balanced,short,stock,63,B_tail_entry_skipped,2026-07-10,MEC,,,,,,
cons17+nofund,balanced,short,stock,63,B_tail_entry_skipped,2026-07-10,PBI,,,,,,
cons17+nofund,balanced,short,stock,63,B_tail_entry_skipped,2026-07-10,BTSG,,,,,,
cons17+nofund,balanced,short,stock,63,B_tail_entry_skipped,2026-07-10,MTRN,,,,,,
cons17+nofund,balanced,short,stock,63,B_tail_entry_skipped,2026-07-10,CON,,,,,,
cons17+nofund,balanced,short,stock,63,B_tail_entry_skipped,2026-07-10,VSTS,,,,,,
cons17+nofund,balanced,short,stock,63,B_tail_entry_skipped,2026-07-10,APLE,,,,,,
cons17+nofund,balanced,short,stock,63,B_tail_entry_skipped,2026-07-10,RLJ,,,,,,
cons17+nofund,balanced,short,stock,63,B_tail_entry_skipped,2026-07-10,RSI,,,,,,
cons17+nofund,balanced,short,stock,63,B_tail_entry_skipped,2026-07-10,GEO,,,,,,
cons17+nofund,balanced,short,stock,63,B_tail_entry_skipped,2026-07-10,FFIV,,,,,,
cons17+nofund,balanced,short,stock,63,B_tail_entry_skipped,2026-07-10,LQDA,,,,,,
cons17+nofund,balanced,short,stock,63,B_tail_entry_skipped,2026-07-10,DVA,,,,,,
cons17+nofund,balanced,short,stock,63,B_tail_entry_skipped,2026-07-10,PEB,,,,,,
cons17+nofund,balanced,short,stock,63,B_tail_entry_skipped,2026-07-17,CORT,,,,,,
cons17+nofund,balanced,short,stock,63,B_tail_entry_skipped,2026-07-17,HNGE,,,,,,
cons17+nofund,balanced,short,stock,63,B_tail_entry_skipped,2026-07-17,TWST,,,,,,
cons17+nofund,balanced,short,stock,63,B_tail_entry_skipped,2026-07-17,URGN,,,,,,
cons17+nofund,balanced,short,stock,63,B_tail_entry_skipped,2026-07-17,PANW,,,,,,
cons17+nofund,balanced,short,stock,63,B_tail_entry_skipped,2026-07-17,ATEN,,,,,,
cons17+nofund,balanced,short,stock,63,B_tail_entry_skipped,2026-07-17,ALKS,,,,,,
cons17+nofund,balanced,short,stock,63,B_tail_entry_skipped,2026-07-17,BTSG,,,,,,
cons17+nofund,balanced,short,stock,63,B_tail_entry_skipped,2026-07-17,ORKA,,,,,,
cons17+nofund,balanced,short,stock,63,B_tail_entry_skipped,2026-07-17,VSTS,,,,,,
cons17+nofund,balanced,short,stock,63,B_tail_entry_skipped,2026-07-17,CON,,,,,,
cons17+nofund,balanced,short,stock,63,B_tail_entry_skipped,2026-07-17,FTNT,,,,,,
cons17+nofund,balanced,short,stock,63,B_tail_entry_skipped,2026-07-17,LIND,,,,,,
cons17+nofund,balanced,short,stock,63,B_tail_entry_skipped,2026-07-17,RLJ,,,,,,
cons17+nofund,balanced,short,stock,63,B_tail_entry_skipped,2026-07-17,TGTX,,,,,,
cons17+nofund,balanced,short,stock,63,B_tail_entry_skipped,2026-07-17,DAVE,,,,,,
cons17+nofund,balanced,short,stock,63,B_tail_entry_skipped,2026-07-17,MRVI,,,,,,
cons17+nofund,balanced,short,stock,63,B_tail_entry_skipped,2026-07-17,MITK,,,,,,
cons17+nofund,balanced,short,stock,63,B_tail_entry_skipped,2026-07-17,CNC,,,,,,
cons17+nofund,balanced,short,stock,63,B_tail_entry_skipped,2026-07-17,ATLC,,,,,,
cons17+nofund,balanced,short,stock,63,B_tail_entry_skipped,2026-07-24,CHEF,,,,,,
cons17+nofund,balanced,short,stock,63,B_tail_entry_skipped,2026-07-24,FTNT,,,,,,
cons17+nofund,balanced,short,stock,63,B_tail_entry_skipped,2026-07-24,PANW,,,,,,
cons17+nofund,balanced,short,stock,63,B_tail_entry_skipped,2026-07-24,SYRE,,,,,,
cons17+nofund,balanced,short,stock,63,B_tail_entry_skipped,2026-07-24,ETON,,,,,,
cons17+nofund,balanced,short,stock,63,B_tail_entry_skipped,2026-07-24,TGTX,,,,,,
cons17+nofund,balanced,short,stock,63,B_tail_entry_skipped,2026-07-24,URGN,,,,,,
cons17+nofund,balanced,short,stock,63,B_tail_entry_skipped,2026-07-24,SLF,,,,,,
cons17+nofund,balanced,short,stock,63,B_tail_entry_skipped,2026-07-24,BJRI,,,,,,
cons17+nofund,balanced,short,stock,63,B_tail_entry_skipped,2026-07-24,WKC,,,,,,
cons17+nofund,balanced,short,stock,63,B_tail_entry_skipped,2026-07-24,CRWD,,,,,,
cons17+nofund,balanced,short,stock,63,B_tail_entry_skipped,2026-07-24,SAH,,,,,,
cons17+nofund,balanced,short,stock,63,B_tail_entry_skipped,2026-07-24,MRVI,,,,,,
cons17+nofund,balanced,short,stock,63,B_tail_entry_skipped,2026-07-24,LTH,,,,,,
cons17+nofund,balanced,short,stock,63,B_tail_entry_skipped,2026-07-24,VOYA,,,,,,
cons17+nofund,balanced,short,stock,63,B_tail_entry_skipped,2026-07-24,STT,,,,,,
cons17+nofund,balanced,short,stock,63,B_tail_entry_skipped,2026-07-24,VSTS,,,,,,
cons17+nofund,balanced,short,stock,63,B_tail_entry_skipped,2026-07-24,DVA,,,,,,
cons17+nofund,balanced,short,stock,63,B_tail_entry_skipped,2026-07-24,NTAP,,,,,,
cons17+nofund,balanced,short,stock,63,B_tail_entry_skipped,2026-07-24,CNC,,,,,,
cons17+nofund,balanced,short,stock,63,B_tail_entry_skipped,2026-07-31,FTNT,,,,,,
cons17+nofund,balanced,short,stock,63,B_tail_entry_skipped,2026-07-31,WKC,,,,,,
cons17+nofund,balanced,short,stock,63,B_tail_entry_skipped,2026-07-31,CORT,,,,,,
cons17+nofund,balanced,short,stock,63,B_tail_entry_skipped,2026-07-31,PEB,,,,,,
cons17+nofund,balanced,short,stock,63,B_tail_entry_skipped,2026-07-31,ETON,,,,,,
cons17+nofund,balanced,short,stock,63,B_tail_entry_skipped,2026-07-31,CDNA,,,,,,
cons17+nofund,balanced,short,stock,63,B_tail_entry_skipped,2026-07-31,URGN,,,,,,
cons17+nofund,balanced,short,stock,63,B_tail_entry_skipped,2026-07-31,CLMT,,,,,,
cons17+nofund,balanced,short,stock,63,B_tail_entry_skipped,2026-07-31,APGE,,,,,,
cons17+nofund,balanced,short,stock,63,B_tail_entry_skipped,2026-07-31,MNPR,,,,,,
cons17+nofund,balanced,short,stock,63,B_tail_entry_skipped,2026-07-31,CBRL,,,,,,
cons17+nofund,balanced,short,stock,63,B_tail_entry_skipped,2026-07-31,HNGE,,,,,,
cons17+nofund,balanced,short,stock,63,B_tail_entry_skipped,2026-07-31,LTH,,,,,,
cons17+nofund,balanced,short,stock,63,B_tail_entry_skipped,2026-07-31,RLJ,,,,,,
cons17+nofund,balanced,short,stock,63,B_tail_entry_skipped,2026-07-31,CAKE,,,,,,
cons17+nofund,balanced,short,stock,63,B_tail_entry_skipped,2026-07-31,CHEF,,,,,,
cons17+nofund,balanced,short,stock,63,B_tail_entry_skipped,2026-07-31,PANW,,,,,,
cons17+nofund,balanced,short,stock,63,B_tail_entry_skipped,2026-07-31,DK,,,,,,
cons17+nofund,balanced,short,stock,63,B_tail_entry_skipped,2026-07-31,ILMN,,,,,,
cons17+nofund,balanced,short,stock,63,B_tail_entry_skipped,2026-07-31,TVTX,,,,,,
cons17+nofund,balanced,short,stock,63,B_tail_entry_skipped,2026-08-07,APGE,,,,,,
cons17+nofund,balanced,short,stock,63,B_tail_entry_skipped,2026-08-07,TXG,,,,,,
cons17+nofund,balanced,short,stock,63,B_tail_entry_skipped,2026-08-07,GEO,,,,,,
cons17+nofund,balanced,short,stock,63,B_tail_entry_skipped,2026-08-07,CORT,,,,,,
cons17+nofund,balanced,short,stock,63,B_tail_entry_skipped,2026-08-07,ETON,,,,,,
cons17+nofund,balanced,short,stock,63,B_tail_entry_skipped,2026-08-07,HNGE,,,,,,
cons17+nofund,balanced,short,stock,63,B_tail_entry_skipped,2026-08-07,NRIX,,,,,,
cons17+nofund,balanced,short,stock,63,B_tail_entry_skipped,2026-08-07,LTH,,,,,,
cons17+nofund,balanced,short,stock,63,B_tail_entry_skipped,2026-08-07,CDNA,,,,,,
cons17+nofund,balanced,short,stock,63,B_tail_entry_skipped,2026-08-07,BJRI,,,,,,
cons17+nofund,balanced,short,stock,63,B_tail_entry_skipped,2026-08-07,LQDA,,,,,,
cons17+nofund,balanced,short,stock,63,B_tail_entry_skipped,2026-08-07,PK,,,,,,
cons17+nofund,balanced,short,stock,63,B_tail_entry_skipped,2026-08-07,SNOW,,,,,,
cons17+nofund,balanced,short,stock,63,B_tail_entry_skipped,2026-08-07,URGN,,,,,,
cons17+nofund,balanced,short,stock,63,B_tail_entry_skipped,2026-08-07,RVMD,,,,,,
cons17+nofund,balanced,short,stock,63,B_tail_entry_skipped,2026-08-07,CAKE,,,,,,
cons17+nofund,balanced,short,stock,63,B_tail_entry_skipped,2026-08-07,TENB,,,,,,
cons17+nofund,balanced,short,stock,63,B_tail_entry_skipped,2026-08-07,CBRL,,,,,,
cons17+nofund,balanced,short,stock,63,B_tail_entry_skipped,2026-08-07,NTAP,,,,,,
cons17+nofund,balanced,short,stock,63,B_tail_entry_skipped,2026-08-07,OMDA,,,,,,
cons17+nofund,balanced,short,stock,63,B_tail_entry_skipped,2026-08-14,URGN,,,,,,
cons17+nofund,balanced,short,stock,63,B_tail_entry_skipped,2026-08-14,CORT,,,,,,
cons17+nofund,balanced,short,stock,63,B_tail_entry_skipped,2026-08-14,CAKE,,,,,,
cons17+nofund,balanced,short,stock,63,B_tail_entry_skipped,2026-08-14,CBZ,,,,,,
cons17+nofund,balanced,short,stock,63,B_tail_entry_skipped,2026-08-14,HAE,,,,,,
cons17+nofund,balanced,short,stock,63,B_tail_entry_skipped,2026-08-14,TNET,,,,,,
cons17+nofund,balanced,short,stock,63,B_tail_entry_skipped,2026-08-14,IOVA,,,,,,
cons17+nofund,balanced,short,stock,63,B_tail_entry_skipped,2026-08-14,LIND,,,,,,
cons17+nofund,balanced,short,stock,63,B_tail_entry_skipped,2026-08-14,STT,,,,,,
cons17+nofund,balanced,short,stock,63,B_tail_entry_skipped,2026-08-14,MAN,,,,,,
cons17+nofund,balanced,short,stock,63,B_tail_entry_skipped,2026-08-14,APGE,,,,,,
cons17+nofund,balanced,short,stock,63,B_tail_entry_skipped,2026-08-14,CON,,,,,,
cons17+nofund,balanced,short,stock,63,B_tail_entry_skipped,2026-08-14,NTAP,,,,,,
cons17+nofund,balanced,short,stock,63,B_tail_entry_skipped,2026-08-14,RLAY,,,,,,
cons17+nofund,balanced,short,stock,63,B_tail_entry_skipped,2026-08-14,NRIX,,,,,,
cons17+nofund,balanced,short,stock,63,B_tail_entry_skipped,2026-08-14,LTH,,,,,,
cons17+nofund,balanced,short,stock,63,B_tail_entry_skipped,2026-08-14,ATAI,,,,,,
cons17+nofund,balanced,short,stock,63,B_tail_entry_skipped,2026-08-14,TVTX,,,,,,
cons17+nofund,balanced,short,stock,63,B_tail_entry_skipped,2026-08-14,SAIC,,,,,,
cons17+nofund,balanced,short,stock,63,B_tail_entry_skipped,2026-08-14,WKC,,,,,,
cons17+nofund,balanced,short,stock,63,B_tail_entry_skipped,2026-08-21,CXW,,,,,,
cons17+nofund,balanced,short,stock,63,B_tail_entry_skipped,2026-08-21,TXG,,,,,,
cons17+nofund,balanced,short,stock,63,B_tail_entry_skipped,2026-08-21,MRVI,,,,,,
cons17+nofund,balanced,short,stock,63,B_tail_entry_skipped,2026-08-21,URGN,,,,,,
cons17+nofund,balanced,short,stock,63,B_tail_entry_skipped,2026-08-21,TWST,,,,,,
cons17+nofund,balanced,short,stock,63,B_tail_entry_skipped,2026-08-21,BJRI,,,,,,
cons17+nofund,balanced,short,stock,63,B_tail_entry_skipped,2026-08-21,MAN,,,,,,
cons17+nofund,balanced,short,stock,63,B_tail_entry_skipped,2026-08-21,CORT,,,,,,
cons17+nofund,balanced,short,stock,63,B_tail_entry_skipped,2026-08-21,NSP,,,,,,
cons17+nofund,balanced,short,stock,63,B_tail_entry_skipped,2026-08-21,ELVN,,,,,,
cons17+nofund,balanced,short,stock,63,B_tail_entry_skipped,2026-08-21,XNCR,,,,,,
cons17+nofund,balanced,short,stock,63,B_tail_entry_skipped,2026-08-21,HNGE,,,,,,
cons17+nofund,balanced,short,stock,63,B_tail_entry_skipped,2026-08-21,GEO,,,,,,
cons17+nofund,balanced,short,stock,63,B_tail_entry_skipped,2026-08-21,CAKE,,,,,,
cons17+nofund,balanced,short,stock,63,B_tail_entry_skipped,2026-08-21,ADPT,,,,,,
cons17+nofund,balanced,short,stock,63,B_tail_entry_skipped,2026-08-21,DYN,,,,,,
cons17+nofund,balanced,short,stock,63,B_tail_entry_skipped,2026-08-21,TVTX,,,,,,
cons17+nofund,balanced,short,stock,63,B_tail_entry_skipped,2026-08-21,CBRL,,,,,,
cons17+nofund,balanced,short,stock,63,B_tail_entry_skipped,2026-08-21,CDNA,,,,,,
cons17+nofund,balanced,short,stock,63,B_tail_entry_skipped,2026-08-21,NEO,,,,,,
cons17+nofund,balanced,short,stock,63,B_tail_entry_skipped,2026-08-28,MPC,,,,,,
cons17+nofund,balanced,short,stock,63,B_tail_entry_skipped,2026-08-28,CAKE,,,,,,
cons17+nofund,balanced,short,stock,63,B_tail_entry_skipped,2026-08-28,TXG,,,,,,
cons17+nofund,balanced,short,stock,63,B_tail_entry_skipped,2026-08-28,DINO,,,,,,
cons17+nofund,balanced,short,stock,63,B_tail_entry_skipped,2026-08-28,NRIX,,,,,,
cons17+nofund,balanced,short,stock,63,B_tail_entry_skipped,2026-08-28,DK,,,,,,
cons17+nofund,balanced,short,stock,63,B_tail_entry_skipped,2026-08-28,SEIC,,,,,,
cons17+nofund,balanced,short,stock,63,B_tail_entry_skipped,2026-08-28,NSP,,,,,,
cons17+nofund,balanced,short,stock,63,B_tail_entry_skipped,2026-08-28,TWST,,,,,,
cons17+nofund,balanced,short,stock,63,B_tail_entry_skipped,2026-08-28,PBF,,,,,,
cons17+nofund,balanced,short,stock,63,B_tail_entry_skipped,2026-08-28,CHE,,,,,,
cons17+nofund,balanced,short,stock,63,B_tail_entry_skipped,2026-08-28,XNCR,,,,,,
cons17+nofund,balanced,short,stock,63,B_tail_entry_skipped,2026-08-28,INTA,,,,,,
cons17+nofund,balanced,short,stock,63,B_tail_entry_skipped,2026-08-28,ATRC,,,,,,
cons17+nofund,balanced,short,stock,63,B_tail_entry_skipped,2026-08-28,PAYC,,,,,,
cons17+nofund,balanced,short,stock,63,B_tail_entry_skipped,2026-08-28,SN,,,,,,
cons17+nofund,balanced,short,stock,63,B_tail_entry_skipped,2026-08-28,FRSH,,,,,,
cons17+nofund,balanced,short,stock,63,B_tail_entry_skipped,2026-08-28,HAE,,,,,,
cons17+nofund,balanced,short,stock,63,B_tail_entry_skipped,2026-08-28,BLFS,,,,,,
cons17+nofund,balanced,short,stock,63,B_tail_entry_skipped,2026-08-28,PAYX,,,,,,
cons17+nofund,balanced,short,stock,63,B_tail_entry_skipped,2026-09-04,CDNA,,,,,,
cons17+nofund,balanced,short,stock,63,B_tail_entry_skipped,2026-09-04,ATAI,,,,,,
cons17+nofund,balanced,short,stock,63,B_tail_entry_skipped,2026-09-04,ETON,,,,,,
cons17+nofund,balanced,short,stock,63,B_tail_entry_skipped,2026-09-04,TXG,,,,,,
cons17+nofund,balanced,short,stock,63,B_tail_entry_skipped,2026-09-04,XNCR,,,,,,
cons17+nofund,balanced,short,stock,63,B_tail_entry_skipped,2026-09-04,NSIT,,,,,,
cons17+nofund,balanced,short,stock,63,B_tail_entry_skipped,2026-09-04,PLSE,,,,,,
cons17+nofund,balanced,short,stock,63,B_tail_entry_skipped,2026-09-04,AVTR,,,,,,
cons17+nofund,balanced,short,stock,63,B_tail_entry_skipped,2026-09-04,HNGE,,,,,,
cons17+nofund,balanced,short,stock,63,B_tail_entry_skipped,2026-09-04,CRL,,,,,,
cons17+nofund,balanced,short,stock,63,B_tail_entry_skipped,2026-09-04,CORT,,,,,,
cons17+nofund,balanced,short,stock,63,B_tail_entry_skipped,2026-09-04,NRIX,,,,,,
cons17+nofund,balanced,short,stock,63,B_tail_entry_skipped,2026-09-04,PGY,,,,,,
cons17+nofund,balanced,short,stock,63,B_tail_entry_skipped,2026-09-04,VLO,,,,,,
cons17+nofund,balanced,short,stock,63,B_tail_entry_skipped,2026-09-04,STT,,,,,,
cons17+nofund,balanced,short,stock,63,B_tail_entry_skipped,2026-09-04,KYMR,,,,,,
cons17+nofund,balanced,short,stock,63,B_tail_entry_skipped,2026-09-04,ABCL,,,,,,
cons17+nofund,balanced,short,stock,63,B_tail_entry_skipped,2026-09-04,PAYC,,,,,,
cons17+nofund,balanced,short,stock,63,B_tail_entry_skipped,2026-09-04,ILMN,,,,,,
cons17+nofund,balanced,short,stock,63,B_tail_entry_skipped,2026-09-04,HAE,,,,,,
cons17+nofund,balanced,short,stock,63,B_tail_entry_skipped,2026-09-14,TXG,,,,,,
cons17+nofund,balanced,short,stock,63,B_tail_entry_skipped,2026-09-14,CDNA,,,,,,
cons17+nofund,balanced,short,stock,63,B_tail_entry_skipped,2026-09-14,PLSE,,,,,,
cons17+nofund,balanced,short,stock,63,B_tail_entry_skipped,2026-09-14,AVTR,,,,,,
cons17+nofund,balanced,short,stock,63,B_tail_entry_skipped,2026-09-14,HNGE,,,,,,
cons17+nofund,balanced,short,stock,63,B_tail_entry_skipped,2026-09-14,TWST,,,,,,
cons17+nofund,balanced,short,stock,63,B_tail_entry_skipped,2026-09-14,NEO,,,,,,
cons17+nofund,balanced,short,stock,63,B_tail_entry_skipped,2026-09-14,ATRC,,,,,,
cons17+nofund,balanced,short,stock,63,B_tail_entry_skipped,2026-09-14,TEAM,,,,,,
cons17+nofund,balanced,short,stock,63,B_tail_entry_skipped,2026-09-14,RNG,,,,,,
cons17+nofund,balanced,short,stock,63,B_tail_entry_skipped,2026-09-14,CLMT,,,,,,
cons17+nofund,balanced,short,stock,63,B_tail_entry_skipped,2026-09-14,NTNX,,,,,,
cons17+nofund,balanced,short,stock,63,B_tail_entry_skipped,2026-09-14,PD,,,,,,
cons17+nofund,balanced,short,stock,63,B_tail_entry_skipped,2026-09-14,ECO,,,,,,
cons17+nofund,balanced,short,stock,63,B_tail_entry_skipped,2026-09-14,AVAH,,,,,,
cons17+nofund,balanced,short,stock,63,B_tail_entry_skipped,2026-09-14,GTLB,,,,,,
cons17+nofund,balanced,short,stock,63,B_tail_entry_skipped,2026-09-14,MPC,,,,,,
cons17+nofund,balanced,short,stock,63,B_tail_entry_skipped,2026-09-14,HAE,,,,,,
cons17+nofund,balanced,short,stock,63,B_tail_entry_skipped,2026-09-14,AMLX,,,,,,
cons17+nofund,balanced,short,stock,63,B_tail_entry_skipped,2026-09-14,BLFS,,,,,,
cons17+nofund,conservative,long,mixed,63,B_tail_entry_skipped,2026-07-02,BNY,,,,,,
cons17+nofund,conservative,long,mixed,63,B_tail_entry_skipped,2026-07-02,AXSM,,,,,,
cons17+nofund,conservative,long,mixed,63,B_tail_entry_skipped,2026-07-02,BTSG,,,,,,
cons17+nofund,conservative,long,mixed,63,B_tail_entry_skipped,2026-07-02,PLXS,,,,,,
cons17+nofund,conservative,long,mixed,63,B_tail_entry_skipped,2026-07-02,SPHR,,,,,,
cons17+nofund,conservative,long,mixed,63,B_tail_entry_skipped,2026-07-02,RVMD,,,,,,
cons17+nofund,conservative,long,mixed,63,B_tail_entry_skipped,2026-07-02,TKR,,,,,,
cons17+nofund,conservative,long,mixed,63,B_tail_entry_skipped,2026-07-02,PSMT,,,,,,
cons17+nofund,conservative,long,mixed,63,B_tail_entry_skipped,2026-07-02,LGND,,,,,,
cons17+nofund,conservative,long,mixed,63,B_tail_entry_skipped,2026-07-10,BTSG,,,,,,
cons17+nofund,conservative,long,mixed,63,B_tail_entry_skipped,2026-07-10,BNY,,,,,,
cons17+nofund,conservative,long,mixed,63,B_tail_entry_skipped,2026-07-10,PSMT,,,,,,
cons17+nofund,conservative,long,mixed,63,B_tail_entry_skipped,2026-07-10,TVTX,,,,,,
cons17+nofund,conservative,long,mixed,63,B_tail_entry_skipped,2026-07-10,TKR,,,,,,
cons17+nofund,conservative,long,mixed,63,B_tail_entry_skipped,2026-07-10,PEB,,,,,,
cons17+nofund,conservative,long,mixed,63,B_tail_entry_skipped,2026-07-10,TD,,,,,,
cons17+nofund,conservative,long,mixed,63,B_tail_entry_skipped,2026-07-10,EXTR,,,,,,
cons17+nofund,conservative,long,mixed,63,B_tail_entry_skipped,2026-07-10,RSI,,,,,,
cons17+nofund,conservative,long,mixed,63,B_tail_entry_skipped,2026-07-10,RY,,,,,,
cons17+nofund,conservative,long,mixed,63,B_tail_entry_skipped,2026-07-10,PBI,,,,,,
cons17+nofund,conservative,long,mixed,63,B_tail_entry_skipped,2026-07-10,CNC,,,,,,
cons17+nofund,conservative,long,mixed,63,B_tail_entry_skipped,2026-07-10,ATI,,,,,,
cons17+nofund,conservative,long,mixed,63,B_tail_entry_skipped,2026-07-10,BMO,,,,,,
cons17+nofund,conservative,long,mixed,63,B_tail_entry_skipped,2026-07-10,APLE,,,,,,
cons17+nofund,conservative,long,mixed,63,B_tail_entry_skipped,2026-07-17,BTSG,,,,,,
cons17+nofund,conservative,long,mixed,63,B_tail_entry_skipped,2026-07-17,BNY,,,,,,
cons17+nofund,conservative,long,mixed,63,B_tail_entry_skipped,2026-07-17,TIGO,,,,,,
cons17+nofund,conservative,long,mixed,63,B_tail_entry_skipped,2026-07-17,MSGS,,,,,,
cons17+nofund,conservative,long,mixed,63,B_tail_entry_skipped,2026-07-17,CNC,,,,,,
cons17+nofund,conservative,long,mixed,63,B_tail_entry_skipped,2026-07-17,PEB,,,,,,
cons17+nofund,conservative,long,mixed,63,B_tail_entry_skipped,2026-07-17,RSI,,,,,,
cons17+nofund,conservative,long,mixed,63,B_tail_entry_skipped,2026-07-17,LGND,,,,,,
cons17+nofund,conservative,long,mixed,63,B_tail_entry_skipped,2026-07-17,RY,,,,,,
cons17+nofund,conservative,long,mixed,63,B_tail_entry_skipped,2026-07-17,TD,,,,,,
cons17+nofund,conservative,long,mixed,63,B_tail_entry_skipped,2026-07-17,PTGX,,,,,,
cons17+nofund,conservative,long,mixed,63,B_tail_entry_skipped,2026-07-17,KNSA,,,,,,
cons17+nofund,conservative,long,mixed,63,B_tail_entry_skipped,2026-07-17,ALKS,,,,,,
cons17+nofund,conservative,long,mixed,63,B_tail_entry_skipped,2026-07-24,XLF,,,,,,
cons17+nofund,conservative,long,mixed,63,B_tail_entry_skipped,2026-07-24,BNY,,,,,,
cons17+nofund,conservative,long,mixed,63,B_tail_entry_skipped,2026-07-24,RVMD,,,,,,
cons17+nofund,conservative,long,mixed,63,B_tail_entry_skipped,2026-07-24,ROIV,,,,,,
cons17+nofund,conservative,long,mixed,63,B_tail_entry_skipped,2026-07-24,APGE,,,,,,
cons17+nofund,conservative,long,mixed,63,B_tail_entry_skipped,2026-07-24,JAZZ,,,,,,
cons17+nofund,conservative,long,mixed,63,B_tail_entry_skipped,2026-07-24,CRS,,,,,,
cons17+nofund,conservative,long,mixed,63,B_tail_entry_skipped,2026-07-24,CNC,,,,,,
cons17+nofund,conservative,long,mixed,63,B_tail_entry_skipped,2026-07-24,ELVN,,,,,,
cons17+nofund,conservative,long,mixed,63,B_tail_entry_skipped,2026-07-24,RY,,,,,,
cons17+nofund,conservative,long,mixed,63,B_tail_entry_skipped,2026-07-24,STT,,,,,,
cons17+nofund,conservative,long,mixed,63,B_tail_entry_skipped,2026-07-24,RSI,,,,,,
cons17+nofund,conservative,long,mixed,63,B_tail_entry_skipped,2026-07-24,CHEF,,,,,,
cons17+nofund,conservative,long,mixed,63,B_tail_entry_skipped,2026-07-24,CVS,,,,,,
cons17+nofund,conservative,long,mixed,63,B_tail_entry_skipped,2026-07-24,BFH,,,,,,
cons17+nofund,conservative,long,mixed,63,B_tail_entry_skipped,2026-07-24,INSW,,,,,,
cons17+nofund,conservative,long,mixed,63,B_tail_entry_skipped,2026-07-24,LIVN,,,,,,
cons17+nofund,conservative,long,mixed,63,B_tail_entry_skipped,2026-07-31,APGE,,,,,,
cons17+nofund,conservative,long,mixed,63,B_tail_entry_skipped,2026-07-31,TVTX,,,,,,
cons17+nofund,conservative,long,mixed,63,B_tail_entry_skipped,2026-07-31,RVMD,,,,,,
cons17+nofund,conservative,long,mixed,63,B_tail_entry_skipped,2026-07-31,TIGO,,,,,,
cons17+nofund,conservative,long,mixed,63,B_tail_entry_skipped,2026-07-31,DIA,,,,,,
cons17+nofund,conservative,long,mixed,63,B_tail_entry_skipped,2026-07-31,DK,,,,,,
cons17+nofund,conservative,long,mixed,63,B_tail_entry_skipped,2026-07-31,JAZZ,,,,,,
cons17+nofund,conservative,long,mixed,63,B_tail_entry_skipped,2026-07-31,FTNT,,,,,,
cons17+nofund,conservative,long,mixed,63,B_tail_entry_skipped,2026-07-31,CVS,,,,,,
cons17+nofund,conservative,long,mixed,63,B_tail_entry_skipped,2026-07-31,TD,,,,,,
cons17+nofund,conservative,long,mixed,63,B_tail_entry_skipped,2026-07-31,BMO,,,,,,
cons17+nofund,conservative,long,mixed,63,B_tail_entry_skipped,2026-07-31,PARR,,,,,,
cons17+nofund,conservative,long,mixed,63,B_tail_entry_skipped,2026-07-31,CLBK,,,,,,
cons17+nofund,conservative,long,mixed,63,B_tail_entry_skipped,2026-08-07,XLF,,,,,,
cons17+nofund,conservative,long,mixed,63,B_tail_entry_skipped,2026-08-07,APGE,,,,,,
cons17+nofund,conservative,long,mixed,63,B_tail_entry_skipped,2026-08-07,RVMD,,,,,,
cons17+nofund,conservative,long,mixed,63,B_tail_entry_skipped,2026-08-07,ELVN,,,,,,
cons17+nofund,conservative,long,mixed,63,B_tail_entry_skipped,2026-08-07,LTH,,,,,,
cons17+nofund,conservative,long,mixed,63,B_tail_entry_skipped,2026-08-07,NTAP,,,,,,
cons17+nofund,conservative,long,mixed,63,B_tail_entry_skipped,2026-08-14,XLF,,,,,,
cons17+nofund,conservative,long,mixed,63,B_tail_entry_skipped,2026-08-14,APGE,,,,,,
cons17+nofund,conservative,long,mixed,63,B_tail_entry_skipped,2026-08-14,TVTX,,,,,,
cons17+nofund,conservative,long,mixed,63,B_tail_entry_skipped,2026-08-14,RVMD,,,,,,
cons17+nofund,conservative,long,mixed,63,B_tail_entry_skipped,2026-08-14,STT,,,,,,
cons17+nofund,conservative,long,mixed,63,B_tail_entry_skipped,2026-08-14,ELVN,,,,,,
cons17+nofund,conservative,long,mixed,63,B_tail_entry_skipped,2026-08-14,FTNT,,,,,,
cons17+nofund,conservative,long,mixed,63,B_tail_entry_skipped,2026-08-14,DIA,,,,,,
cons17+nofund,conservative,long,mixed,63,B_tail_entry_skipped,2026-08-14,LGND,,,,,,
cons17+nofund,conservative,long,mixed,63,B_tail_entry_skipped,2026-08-14,BNY,,,,,,
cons17+nofund,conservative,long,mixed,63,B_tail_entry_skipped,2026-08-14,FBRX,,,,,,
cons17+nofund,conservative,long,mixed,63,B_tail_entry_skipped,2026-08-14,DCO,,,,,,
cons17+nofund,conservative,long,mixed,63,B_tail_entry_skipped,2026-08-14,LTH,,,,,,
cons17+nofund,conservative,long,mixed,63,B_tail_entry_skipped,2026-08-14,ATAI,,,,,,
cons17+nofund,conservative,long,mixed,63,B_tail_entry_skipped,2026-08-14,WKC,,,,,,
cons17+nofund,conservative,long,mixed,63,B_tail_entry_skipped,2026-08-14,ILMN,,,,,,
cons17+nofund,conservative,long,mixed,63,B_tail_entry_skipped,2026-08-14,CM,,,,,,
cons17+nofund,conservative,long,mixed,63,B_tail_entry_skipped,2026-08-14,BFH,,,,,,
cons17+nofund,conservative,long,mixed,63,B_tail_entry_skipped,2026-08-14,ATI,,,,,,
cons17+nofund,conservative,long,mixed,63,B_tail_entry_skipped,2026-08-14,ROKU,,,,,,
cons17+nofund,conservative,long,mixed,63,B_tail_entry_skipped,2026-08-21,APGE,,,,,,
cons17+nofund,conservative,long,mixed,63,B_tail_entry_skipped,2026-08-21,ELVN,,,,,,
cons17+nofund,conservative,long,mixed,63,B_tail_entry_skipped,2026-08-21,TVTX,,,,,,
cons17+nofund,conservative,long,mixed,63,B_tail_entry_skipped,2026-08-21,RVMD,,,,,,
cons17+nofund,conservative,long,mixed,63,B_tail_entry_skipped,2026-08-21,DIA,,,,,,
cons17+nofund,conservative,long,mixed,63,B_tail_entry_skipped,2026-08-21,OII,,,,,,
cons17+nofund,conservative,long,mixed,63,B_tail_entry_skipped,2026-08-21,DYN,,,,,,
cons17+nofund,conservative,long,mixed,63,B_tail_entry_skipped,2026-08-21,ARWR,,,,,,
cons17+nofund,conservative,long,mixed,63,B_tail_entry_skipped,2026-08-21,ADPT,,,,,,
cons17+nofund,conservative,long,mixed,63,B_tail_entry_skipped,2026-08-21,MSGS,,,,,,
cons17+nofund,conservative,long,mixed,63,B_tail_entry_skipped,2026-08-21,LTH,,,,,,
cons17+nofund,conservative,long,mixed,63,B_tail_entry_skipped,2026-08-28,BNY,,,,,,
cons17+nofund,conservative,long,mixed,63,B_tail_entry_skipped,2026-08-28,DINO,,,,,,
cons17+nofund,conservative,long,mixed,63,B_tail_entry_skipped,2026-08-28,MPC,,,,,,
cons17+nofund,conservative,long,mixed,63,B_tail_entry_skipped,2026-08-28,CAKE,,,,,,
cons17+nofund,conservative,long,mixed,63,B_tail_entry_skipped,2026-08-28,CLMT,,,,,,
cons17+nofund,conservative,long,mixed,63,B_tail_entry_skipped,2026-08-28,VLO,,,,,,
cons17+nofund,conservative,long,mixed,63,B_tail_entry_skipped,2026-08-28,TGTX,,,,,,
cons17+nofund,conservative,long,mixed,63,B_tail_entry_skipped,2026-08-28,KYMR,,,,,,
cons17+nofund,conservative,long,mixed,63,B_tail_entry_skipped,2026-08-28,DIA,,,,,,
cons17+nofund,conservative,long,mixed,63,B_tail_entry_skipped,2026-08-28,CRNX,,,,,,
cons17+nofund,conservative,long,mixed,63,B_tail_entry_skipped,2026-08-28,QURE,,,,,,
cons17+nofund,conservative,long,mixed,63,B_tail_entry_skipped,2026-08-28,HAE,,,,,,
cons17+nofund,conservative,long,mixed,63,B_tail_entry_skipped,2026-09-04,XLF,,,,,,
cons17+nofund,conservative,long,mixed,63,B_tail_entry_skipped,2026-09-04,RVMD,,,,,,
cons17+nofund,conservative,long,mixed,63,B_tail_entry_skipped,2026-09-04,STT,,,,,,
cons17+nofund,conservative,long,mixed,63,B_tail_entry_skipped,2026-09-04,ILMN,,,,,,
cons17+nofund,conservative,long,mixed,63,B_tail_entry_skipped,2026-09-04,VLO,,,,,,
cons17+nofund,conservative,long,mixed,63,B_tail_entry_skipped,2026-09-04,KYMR,,,,,,
cons17+nofund,conservative,long,mixed,63,B_tail_entry_skipped,2026-09-04,CLMT,,,,,,
cons17+nofund,conservative,long,mixed,63,B_tail_entry_skipped,2026-09-04,ATAI,,,,,,
cons17+nofund,conservative,long,mixed,63,B_tail_entry_skipped,2026-09-04,CRL,,,,,,
cons17+nofund,conservative,long,mixed,63,B_tail_entry_skipped,2026-09-04,MATX,,,,,,
cons17+nofund,conservative,long,mixed,63,B_tail_entry_skipped,2026-09-04,PTGX,,,,,,
cons17+nofund,conservative,long,mixed,63,B_tail_entry_skipped,2026-09-04,GKOS,,,,,,
cons17+nofund,conservative,long,mixed,63,B_tail_entry_skipped,2026-09-04,NTAP,,,,,,
cons17+nofund,conservative,long,mixed,63,B_tail_entry_skipped,2026-09-04,MPC,,,,,,
cons17+nofund,conservative,long,mixed,63,B_tail_entry_skipped,2026-09-04,RNG,,,,,,
cons17+nofund,conservative,long,mixed,63,B_tail_entry_skipped,2026-09-04,MT,,,,,,
cons17+nofund,conservative,long,mixed,63,B_tail_entry_skipped,2026-09-04,RPRX,,,,,,
cons17+nofund,conservative,long,mixed,63,B_tail_entry_skipped,2026-09-14,CDNA,,,,,,
cons17+nofund,conservative,long,mixed,63,B_tail_entry_skipped,2026-09-14,CLMT,,,,,,
cons17+nofund,conservative,long,mixed,63,B_tail_entry_skipped,2026-09-14,PTGX,,,,,,
cons17+nofund,conservative,long,mixed,63,B_tail_entry_skipped,2026-09-14,MPC,,,,,,
cons17+nofund,conservative,long,mixed,63,B_tail_entry_skipped,2026-09-14,RVMD,,,,,,
cons17+nofund,conservative,long,mixed,63,B_tail_entry_skipped,2026-09-14,RNG,,,,,,
cons17+nofund,conservative,long,mixed,63,B_tail_entry_skipped,2026-09-14,INSW,,,,,,
cons17+nofund,conservative,long,mixed,63,B_tail_entry_skipped,2026-09-14,MATX,,,,,,
cons17+nofund,conservative,long,mixed,63,B_tail_entry_skipped,2026-09-14,CHEF,,,,,,
cons17+nofund,conservative,long,mixed,63,B_tail_entry_skipped,2026-09-14,FTNT,,,,,,
cons17+nofund,conservative,long,mixed,63,B_tail_entry_skipped,2026-09-14,VLO,,,,,,
cons17+nofund,conservative,long,mixed,63,B_tail_entry_skipped,2026-09-14,GH,,,,,,
cons17+nofund,conservative,long,mixed,63,B_tail_entry_skipped,2026-09-14,HAE,,,,,,
cons17+nofund,conservative,long,stock,63,B_tail_entry_skipped,2026-07-02,BNY,,,,,,
cons17+nofund,conservative,long,stock,63,B_tail_entry_skipped,2026-07-02,AXSM,,,,,,
cons17+nofund,conservative,long,stock,63,B_tail_entry_skipped,2026-07-02,BTSG,,,,,,
cons17+nofund,conservative,long,stock,63,B_tail_entry_skipped,2026-07-02,PLXS,,,,,,
cons17+nofund,conservative,long,stock,63,B_tail_entry_skipped,2026-07-02,SPHR,,,,,,
cons17+nofund,conservative,long,stock,63,B_tail_entry_skipped,2026-07-02,RVMD,,,,,,
cons17+nofund,conservative,long,stock,63,B_tail_entry_skipped,2026-07-02,TKR,,,,,,
cons17+nofund,conservative,long,stock,63,B_tail_entry_skipped,2026-07-02,PSMT,,,,,,
cons17+nofund,conservative,long,stock,63,B_tail_entry_skipped,2026-07-02,LGND,,,,,,
cons17+nofund,conservative,long,stock,63,B_tail_entry_skipped,2026-07-10,BTSG,,,,,,
cons17+nofund,conservative,long,stock,63,B_tail_entry_skipped,2026-07-10,BNY,,,,,,
cons17+nofund,conservative,long,stock,63,B_tail_entry_skipped,2026-07-10,PSMT,,,,,,
cons17+nofund,conservative,long,stock,63,B_tail_entry_skipped,2026-07-10,TVTX,,,,,,
cons17+nofund,conservative,long,stock,63,B_tail_entry_skipped,2026-07-10,TKR,,,,,,
cons17+nofund,conservative,long,stock,63,B_tail_entry_skipped,2026-07-10,PEB,,,,,,
cons17+nofund,conservative,long,stock,63,B_tail_entry_skipped,2026-07-10,TD,,,,,,
cons17+nofund,conservative,long,stock,63,B_tail_entry_skipped,2026-07-10,EXTR,,,,,,
cons17+nofund,conservative,long,stock,63,B_tail_entry_skipped,2026-07-10,RSI,,,,,,
cons17+nofund,conservative,long,stock,63,B_tail_entry_skipped,2026-07-10,RY,,,,,,
cons17+nofund,conservative,long,stock,63,B_tail_entry_skipped,2026-07-10,PBI,,,,,,
cons17+nofund,conservative,long,stock,63,B_tail_entry_skipped,2026-07-10,CNC,,,,,,
cons17+nofund,conservative,long,stock,63,B_tail_entry_skipped,2026-07-10,ATI,,,,,,
cons17+nofund,conservative,long,stock,63,B_tail_entry_skipped,2026-07-10,BMO,,,,,,
cons17+nofund,conservative,long,stock,63,B_tail_entry_skipped,2026-07-10,APLE,,,,,,
cons17+nofund,conservative,long,stock,63,B_tail_entry_skipped,2026-07-17,BTSG,,,,,,
cons17+nofund,conservative,long,stock,63,B_tail_entry_skipped,2026-07-17,BNY,,,,,,
cons17+nofund,conservative,long,stock,63,B_tail_entry_skipped,2026-07-17,TIGO,,,,,,
cons17+nofund,conservative,long,stock,63,B_tail_entry_skipped,2026-07-17,MSGS,,,,,,
cons17+nofund,conservative,long,stock,63,B_tail_entry_skipped,2026-07-17,CNC,,,,,,
cons17+nofund,conservative,long,stock,63,B_tail_entry_skipped,2026-07-17,PEB,,,,,,
cons17+nofund,conservative,long,stock,63,B_tail_entry_skipped,2026-07-17,RSI,,,,,,
cons17+nofund,conservative,long,stock,63,B_tail_entry_skipped,2026-07-17,LGND,,,,,,
cons17+nofund,conservative,long,stock,63,B_tail_entry_skipped,2026-07-17,RY,,,,,,
cons17+nofund,conservative,long,stock,63,B_tail_entry_skipped,2026-07-17,TD,,,,,,
cons17+nofund,conservative,long,stock,63,B_tail_entry_skipped,2026-07-17,PTGX,,,,,,
cons17+nofund,conservative,long,stock,63,B_tail_entry_skipped,2026-07-17,KNSA,,,,,,
cons17+nofund,conservative,long,stock,63,B_tail_entry_skipped,2026-07-17,ALKS,,,,,,
cons17+nofund,conservative,long,stock,63,B_tail_entry_skipped,2026-07-24,BNY,,,,,,
cons17+nofund,conservative,long,stock,63,B_tail_entry_skipped,2026-07-24,RVMD,,,,,,
cons17+nofund,conservative,long,stock,63,B_tail_entry_skipped,2026-07-24,ROIV,,,,,,
cons17+nofund,conservative,long,stock,63,B_tail_entry_skipped,2026-07-24,APGE,,,,,,
cons17+nofund,conservative,long,stock,63,B_tail_entry_skipped,2026-07-24,JAZZ,,,,,,
cons17+nofund,conservative,long,stock,63,B_tail_entry_skipped,2026-07-24,CRS,,,,,,
cons17+nofund,conservative,long,stock,63,B_tail_entry_skipped,2026-07-24,CNC,,,,,,
cons17+nofund,conservative,long,stock,63,B_tail_entry_skipped,2026-07-24,ELVN,,,,,,
cons17+nofund,conservative,long,stock,63,B_tail_entry_skipped,2026-07-24,RY,,,,,,
cons17+nofund,conservative,long,stock,63,B_tail_entry_skipped,2026-07-24,STT,,,,,,
cons17+nofund,conservative,long,stock,63,B_tail_entry_skipped,2026-07-24,RSI,,,,,,
cons17+nofund,conservative,long,stock,63,B_tail_entry_skipped,2026-07-24,CHEF,,,,,,
cons17+nofund,conservative,long,stock,63,B_tail_entry_skipped,2026-07-24,CVS,,,,,,
cons17+nofund,conservative,long,stock,63,B_tail_entry_skipped,2026-07-24,BFH,,,,,,
cons17+nofund,conservative,long,stock,63,B_tail_entry_skipped,2026-07-24,INSW,,,,,,
cons17+nofund,conservative,long,stock,63,B_tail_entry_skipped,2026-07-24,LIVN,,,,,,
cons17+nofund,conservative,long,stock,63,B_tail_entry_skipped,2026-07-31,APGE,,,,,,
cons17+nofund,conservative,long,stock,63,B_tail_entry_skipped,2026-07-31,TVTX,,,,,,
cons17+nofund,conservative,long,stock,63,B_tail_entry_skipped,2026-07-31,RVMD,,,,,,
cons17+nofund,conservative,long,stock,63,B_tail_entry_skipped,2026-07-31,TIGO,,,,,,
cons17+nofund,conservative,long,stock,63,B_tail_entry_skipped,2026-07-31,DK,,,,,,
cons17+nofund,conservative,long,stock,63,B_tail_entry_skipped,2026-07-31,JAZZ,,,,,,
cons17+nofund,conservative,long,stock,63,B_tail_entry_skipped,2026-07-31,FTNT,,,,,,
cons17+nofund,conservative,long,stock,63,B_tail_entry_skipped,2026-07-31,CVS,,,,,,
cons17+nofund,conservative,long,stock,63,B_tail_entry_skipped,2026-07-31,TD,,,,,,
cons17+nofund,conservative,long,stock,63,B_tail_entry_skipped,2026-07-31,BMO,,,,,,
cons17+nofund,conservative,long,stock,63,B_tail_entry_skipped,2026-07-31,PARR,,,,,,
cons17+nofund,conservative,long,stock,63,B_tail_entry_skipped,2026-07-31,CLBK,,,,,,
cons17+nofund,conservative,long,stock,63,B_tail_entry_skipped,2026-08-07,APGE,,,,,,
cons17+nofund,conservative,long,stock,63,B_tail_entry_skipped,2026-08-07,RVMD,,,,,,
cons17+nofund,conservative,long,stock,63,B_tail_entry_skipped,2026-08-07,ELVN,,,,,,
cons17+nofund,conservative,long,stock,63,B_tail_entry_skipped,2026-08-07,LTH,,,,,,
cons17+nofund,conservative,long,stock,63,B_tail_entry_skipped,2026-08-07,NTAP,,,,,,
cons17+nofund,conservative,long,stock,63,B_tail_entry_skipped,2026-08-14,APGE,,,,,,
cons17+nofund,conservative,long,stock,63,B_tail_entry_skipped,2026-08-14,TVTX,,,,,,
cons17+nofund,conservative,long,stock,63,B_tail_entry_skipped,2026-08-14,RVMD,,,,,,
cons17+nofund,conservative,long,stock,63,B_tail_entry_skipped,2026-08-14,STT,,,,,,
cons17+nofund,conservative,long,stock,63,B_tail_entry_skipped,2026-08-14,ELVN,,,,,,
cons17+nofund,conservative,long,stock,63,B_tail_entry_skipped,2026-08-14,FTNT,,,,,,
cons17+nofund,conservative,long,stock,63,B_tail_entry_skipped,2026-08-14,LGND,,,,,,
cons17+nofund,conservative,long,stock,63,B_tail_entry_skipped,2026-08-14,BNY,,,,,,
cons17+nofund,conservative,long,stock,63,B_tail_entry_skipped,2026-08-14,FBRX,,,,,,
cons17+nofund,conservative,long,stock,63,B_tail_entry_skipped,2026-08-14,DCO,,,,,,
cons17+nofund,conservative,long,stock,63,B_tail_entry_skipped,2026-08-14,LTH,,,,,,
cons17+nofund,conservative,long,stock,63,B_tail_entry_skipped,2026-08-14,ATAI,,,,,,
cons17+nofund,conservative,long,stock,63,B_tail_entry_skipped,2026-08-14,WKC,,,,,,
cons17+nofund,conservative,long,stock,63,B_tail_entry_skipped,2026-08-14,ILMN,,,,,,
cons17+nofund,conservative,long,stock,63,B_tail_entry_skipped,2026-08-14,CM,,,,,,
cons17+nofund,conservative,long,stock,63,B_tail_entry_skipped,2026-08-14,BFH,,,,,,
cons17+nofund,conservative,long,stock,63,B_tail_entry_skipped,2026-08-14,ATI,,,,,,
cons17+nofund,conservative,long,stock,63,B_tail_entry_skipped,2026-08-14,ROKU,,,,,,
cons17+nofund,conservative,long,stock,63,B_tail_entry_skipped,2026-08-14,DINO,,,,,,
cons17+nofund,conservative,long,stock,63,B_tail_entry_skipped,2026-08-14,HAE,,,,,,
cons17+nofund,conservative,long,stock,63,B_tail_entry_skipped,2026-08-21,APGE,,,,,,
cons17+nofund,conservative,long,stock,63,B_tail_entry_skipped,2026-08-21,ELVN,,,,,,
cons17+nofund,conservative,long,stock,63,B_tail_entry_skipped,2026-08-21,TVTX,,,,,,
cons17+nofund,conservative,long,stock,63,B_tail_entry_skipped,2026-08-21,RVMD,,,,,,
cons17+nofund,conservative,long,stock,63,B_tail_entry_skipped,2026-08-21,OII,,,,,,
cons17+nofund,conservative,long,stock,63,B_tail_entry_skipped,2026-08-21,DYN,,,,,,
cons17+nofund,conservative,long,stock,63,B_tail_entry_skipped,2026-08-21,ARWR,,,,,,
cons17+nofund,conservative,long,stock,63,B_tail_entry_skipped,2026-08-21,ADPT,,,,,,
cons17+nofund,conservative,long,stock,63,B_tail_entry_skipped,2026-08-21,MSGS,,,,,,
cons17+nofund,conservative,long,stock,63,B_tail_entry_skipped,2026-08-21,LTH,,,,,,
cons17+nofund,conservative,long,stock,63,B_tail_entry_skipped,2026-08-28,BNY,,,,,,
cons17+nofund,conservative,long,stock,63,B_tail_entry_skipped,2026-08-28,DINO,,,,,,
cons17+nofund,conservative,long,stock,63,B_tail_entry_skipped,2026-08-28,MPC,,,,,,
cons17+nofund,conservative,long,stock,63,B_tail_entry_skipped,2026-08-28,CAKE,,,,,,
cons17+nofund,conservative,long,stock,63,B_tail_entry_skipped,2026-08-28,CLMT,,,,,,
cons17+nofund,conservative,long,stock,63,B_tail_entry_skipped,2026-08-28,VLO,,,,,,
cons17+nofund,conservative,long,stock,63,B_tail_entry_skipped,2026-08-28,TGTX,,,,,,
cons17+nofund,conservative,long,stock,63,B_tail_entry_skipped,2026-08-28,KYMR,,,,,,
cons17+nofund,conservative,long,stock,63,B_tail_entry_skipped,2026-08-28,CRNX,,,,,,
cons17+nofund,conservative,long,stock,63,B_tail_entry_skipped,2026-08-28,QURE,,,,,,
cons17+nofund,conservative,long,stock,63,B_tail_entry_skipped,2026-08-28,HAE,,,,,,
cons17+nofund,conservative,long,stock,63,B_tail_entry_skipped,2026-09-04,RVMD,,,,,,
cons17+nofund,conservative,long,stock,63,B_tail_entry_skipped,2026-09-04,STT,,,,,,
cons17+nofund,conservative,long,stock,63,B_tail_entry_skipped,2026-09-04,ILMN,,,,,,
cons17+nofund,conservative,long,stock,63,B_tail_entry_skipped,2026-09-04,VLO,,,,,,
cons17+nofund,conservative,long,stock,63,B_tail_entry_skipped,2026-09-04,KYMR,,,,,,
cons17+nofund,conservative,long,stock,63,B_tail_entry_skipped,2026-09-04,CLMT,,,,,,
cons17+nofund,conservative,long,stock,63,B_tail_entry_skipped,2026-09-04,ATAI,,,,,,
cons17+nofund,conservative,long,stock,63,B_tail_entry_skipped,2026-09-04,CRL,,,,,,
cons17+nofund,conservative,long,stock,63,B_tail_entry_skipped,2026-09-04,MATX,,,,,,
cons17+nofund,conservative,long,stock,63,B_tail_entry_skipped,2026-09-04,PTGX,,,,,,
cons17+nofund,conservative,long,stock,63,B_tail_entry_skipped,2026-09-04,GKOS,,,,,,
cons17+nofund,conservative,long,stock,63,B_tail_entry_skipped,2026-09-04,NTAP,,,,,,
cons17+nofund,conservative,long,stock,63,B_tail_entry_skipped,2026-09-04,MPC,,,,,,
cons17+nofund,conservative,long,stock,63,B_tail_entry_skipped,2026-09-04,RNG,,,,,,
cons17+nofund,conservative,long,stock,63,B_tail_entry_skipped,2026-09-04,MT,,,,,,
cons17+nofund,conservative,long,stock,63,B_tail_entry_skipped,2026-09-04,RPRX,,,,,,
cons17+nofund,conservative,long,stock,63,B_tail_entry_skipped,2026-09-14,CDNA,,,,,,
cons17+nofund,conservative,long,stock,63,B_tail_entry_skipped,2026-09-14,CLMT,,,,,,
cons17+nofund,conservative,long,stock,63,B_tail_entry_skipped,2026-09-14,PTGX,,,,,,
cons17+nofund,conservative,long,stock,63,B_tail_entry_skipped,2026-09-14,MPC,,,,,,
cons17+nofund,conservative,long,stock,63,B_tail_entry_skipped,2026-09-14,RVMD,,,,,,
cons17+nofund,conservative,long,stock,63,B_tail_entry_skipped,2026-09-14,RNG,,,,,,
cons17+nofund,conservative,long,stock,63,B_tail_entry_skipped,2026-09-14,INSW,,,,,,
cons17+nofund,conservative,long,stock,63,B_tail_entry_skipped,2026-09-14,MATX,,,,,,
cons17+nofund,conservative,long,stock,63,B_tail_entry_skipped,2026-09-14,CHEF,,,,,,
cons17+nofund,conservative,long,stock,63,B_tail_entry_skipped,2026-09-14,FTNT,,,,,,
cons17+nofund,conservative,long,stock,63,B_tail_entry_skipped,2026-09-14,VLO,,,,,,
cons17+nofund,conservative,long,stock,63,B_tail_entry_skipped,2026-09-14,GH,,,,,,
cons17+nofund,conservative,long,stock,63,B_tail_entry_skipped,2026-09-14,HAE,,,,,,
cons17+nofund,conservative,mid,mixed,63,B_tail_entry_skipped,2026-07-02,BNY,,,,,,
cons17+nofund,conservative,mid,mixed,63,B_tail_entry_skipped,2026-07-02,AXSM,,,,,,
cons17+nofund,conservative,mid,mixed,63,B_tail_entry_skipped,2026-07-02,PLXS,,,,,,
cons17+nofund,conservative,mid,mixed,63,B_tail_entry_skipped,2026-07-02,BTSG,,,,,,
cons17+nofund,conservative,mid,mixed,63,B_tail_entry_skipped,2026-07-10,BTSG,,,,,,
cons17+nofund,conservative,mid,mixed,63,B_tail_entry_skipped,2026-07-10,BNY,,,,,,
cons17+nofund,conservative,mid,mixed,63,B_tail_entry_skipped,2026-07-10,EXTR,,,,,,
cons17+nofund,conservative,mid,mixed,63,B_tail_entry_skipped,2026-07-10,PEB,,,,,,
cons17+nofund,conservative,mid,mixed,63,B_tail_entry_skipped,2026-07-10,PBI,,,,,,
cons17+nofund,conservative,mid,mixed,63,B_tail_entry_skipped,2026-07-10,RSI,,,,,,
cons17+nofund,conservative,mid,mixed,63,B_tail_entry_skipped,2026-07-10,TKR,,,,,,
cons17+nofund,conservative,mid,mixed,63,B_tail_entry_skipped,2026-07-10,PSMT,,,,,,
cons17+nofund,conservative,mid,mixed,63,B_tail_entry_skipped,2026-07-10,APLE,,,,,,
cons17+nofund,conservative,mid,mixed,63,B_tail_entry_skipped,2026-07-10,TD,,,,,,
cons17+nofund,conservative,mid,mixed,63,B_tail_entry_skipped,2026-07-10,DVA,,,,,,
cons17+nofund,conservative,mid,mixed,63,B_tail_entry_skipped,2026-07-17,BTSG,,,,,,
cons17+nofund,conservative,mid,mixed,63,B_tail_entry_skipped,2026-07-17,BNY,,,,,,
cons17+nofund,conservative,mid,mixed,63,B_tail_entry_skipped,2026-07-17,TIGO,,,,,,
cons17+nofund,conservative,mid,mixed,63,B_tail_entry_skipped,2026-07-17,ALKS,,,,,,
cons17+nofund,conservative,mid,mixed,63,B_tail_entry_skipped,2026-07-17,MSGS,,,,,,
cons17+nofund,conservative,mid,mixed,63,B_tail_entry_skipped,2026-07-17,HNGE,,,,,,
cons17+nofund,conservative,mid,mixed,63,B_tail_entry_skipped,2026-07-17,CORT,,,,,,
cons17+nofund,conservative,mid,mixed,63,B_tail_entry_skipped,2026-07-17,PEB,,,,,,
cons17+nofund,conservative,mid,mixed,63,B_tail_entry_skipped,2026-07-17,RSI,,,,,,
cons17+nofund,conservative,mid,mixed,63,B_tail_entry_skipped,2026-07-24,XLF,,,,,,
cons17+nofund,conservative,mid,mixed,63,B_tail_entry_skipped,2026-07-24,BNY,,,,,,
cons17+nofund,conservative,mid,mixed,63,B_tail_entry_skipped,2026-07-24,CHEF,,,,,,
cons17+nofund,conservative,mid,mixed,63,B_tail_entry_skipped,2026-07-24,RVMD,,,,,,
cons17+nofund,conservative,mid,mixed,63,B_tail_entry_skipped,2026-07-24,ELVN,,,,,,
cons17+nofund,conservative,mid,mixed,63,B_tail_entry_skipped,2026-07-24,ROIV,,,,,,
cons17+nofund,conservative,mid,mixed,63,B_tail_entry_skipped,2026-07-24,STT,,,,,,
cons17+nofund,conservative,mid,mixed,63,B_tail_entry_skipped,2026-07-24,APGE,,,,,,
cons17+nofund,conservative,mid,mixed,63,B_tail_entry_skipped,2026-07-24,FTNT,,,,,,
cons17+nofund,conservative,mid,mixed,63,B_tail_entry_skipped,2026-07-24,CNC,,,,,,
cons17+nofund,conservative,mid,mixed,63,B_tail_entry_skipped,2026-07-24,JAZZ,,,,,,
cons17+nofund,conservative,mid,mixed,63,B_tail_entry_skipped,2026-07-24,CRS,,,,,,
cons17+nofund,conservative,mid,mixed,63,B_tail_entry_skipped,2026-07-24,RSI,,,,,,
cons17+nofund,conservative,mid,mixed,63,B_tail_entry_skipped,2026-07-24,RY,,,,,,
cons17+nofund,conservative,mid,mixed,63,B_tail_entry_skipped,2026-07-24,TGTX,,,,,,
cons17+nofund,conservative,mid,mixed,63,B_tail_entry_skipped,2026-07-24,BFH,,,,,,
cons17+nofund,conservative,mid,mixed,63,B_tail_entry_skipped,2026-07-31,APGE,,,,,,
cons17+nofund,conservative,mid,mixed,63,B_tail_entry_skipped,2026-07-31,TVTX,,,,,,
cons17+nofund,conservative,mid,mixed,63,B_tail_entry_skipped,2026-07-31,FTNT,,,,,,
cons17+nofund,conservative,mid,mixed,63,B_tail_entry_skipped,2026-07-31,DIA,,,,,,
cons17+nofund,conservative,mid,mixed,63,B_tail_entry_skipped,2026-07-31,RVMD,,,,,,
cons17+nofund,conservative,mid,mixed,63,B_tail_entry_skipped,2026-07-31,TIGO,,,,,,
cons17+nofund,conservative,mid,mixed,63,B_tail_entry_skipped,2026-07-31,DK,,,,,,
cons17+nofund,conservative,mid,mixed,63,B_tail_entry_skipped,2026-07-31,JAZZ,,,,,,
cons17+nofund,conservative,mid,mixed,63,B_tail_entry_skipped,2026-07-31,CVS,,,,,,
cons17+nofund,conservative,mid,mixed,63,B_tail_entry_skipped,2026-08-07,XLF,,,,,,
cons17+nofund,conservative,mid,mixed,63,B_tail_entry_skipped,2026-08-07,APGE,,,,,,
cons17+nofund,conservative,mid,mixed,63,B_tail_entry_skipped,2026-08-07,RVMD,,,,,,
cons17+nofund,conservative,mid,mixed,63,B_tail_entry_skipped,2026-08-07,ELVN,,,,,,
cons17+nofund,conservative,mid,mixed,63,B_tail_entry_skipped,2026-08-07,LTH,,,,,,
cons17+nofund,conservative,mid,mixed,63,B_tail_entry_skipped,2026-08-14,XLF,,,,,,
cons17+nofund,conservative,mid,mixed,63,B_tail_entry_skipped,2026-08-14,APGE,,,,,,
cons17+nofund,conservative,mid,mixed,63,B_tail_entry_skipped,2026-08-14,TVTX,,,,,,
cons17+nofund,conservative,mid,mixed,63,B_tail_entry_skipped,2026-08-14,STT,,,,,,
cons17+nofund,conservative,mid,mixed,63,B_tail_entry_skipped,2026-08-14,FTNT,,,,,,
cons17+nofund,conservative,mid,mixed,63,B_tail_entry_skipped,2026-08-14,ELVN,,,,,,
cons17+nofund,conservative,mid,mixed,63,B_tail_entry_skipped,2026-08-14,RVMD,,,,,,
cons17+nofund,conservative,mid,mixed,63,B_tail_entry_skipped,2026-08-14,DIA,,,,,,
cons17+nofund,conservative,mid,mixed,63,B_tail_entry_skipped,2026-08-14,LGND,,,,,,
cons17+nofund,conservative,mid,mixed,63,B_tail_entry_skipped,2026-08-14,LTH,,,,,,
cons17+nofund,conservative,mid,mixed,63,B_tail_entry_skipped,2026-08-14,ATAI,,,,,,
cons17+nofund,conservative,mid,mixed,63,B_tail_entry_skipped,2026-08-14,WKC,,,,,,
cons17+nofund,conservative,mid,mixed,63,B_tail_entry_skipped,2026-08-14,DCO,,,,,,
cons17+nofund,conservative,mid,mixed,63,B_tail_entry_skipped,2026-08-14,BNY,,,,,,
cons17+nofund,conservative,mid,mixed,63,B_tail_entry_skipped,2026-08-14,HAE,,,,,,
cons17+nofund,conservative,mid,mixed,63,B_tail_entry_skipped,2026-08-14,NTAP,,,,,,
cons17+nofund,conservative,mid,mixed,63,B_tail_entry_skipped,2026-08-21,ELVN,,,,,,
cons17+nofund,conservative,mid,mixed,63,B_tail_entry_skipped,2026-08-21,APGE,,,,,,
cons17+nofund,conservative,mid,mixed,63,B_tail_entry_skipped,2026-08-21,TVTX,,,,,,
cons17+nofund,conservative,mid,mixed,63,B_tail_entry_skipped,2026-08-21,DIA,,,,,,
cons17+nofund,conservative,mid,mixed,63,B_tail_entry_skipped,2026-08-21,RVMD,,,,,,
cons17+nofund,conservative,mid,mixed,63,B_tail_entry_skipped,2026-08-21,DYN,,,,,,
cons17+nofund,conservative,mid,mixed,63,B_tail_entry_skipped,2026-08-21,OII,,,,,,
cons17+nofund,conservative,mid,mixed,63,B_tail_entry_skipped,2026-08-21,GEO,,,,,,
cons17+nofund,conservative,mid,mixed,63,B_tail_entry_skipped,2026-08-21,ADPT,,,,,,
cons17+nofund,conservative,mid,mixed,63,B_tail_entry_skipped,2026-08-21,LTH,,,,,,
cons17+nofund,conservative,mid,mixed,63,B_tail_entry_skipped,2026-08-21,CORT,,,,,,
cons17+nofund,conservative,mid,mixed,63,B_tail_entry_skipped,2026-08-28,MPC,,,,,,
cons17+nofund,conservative,mid,mixed,63,B_tail_entry_skipped,2026-08-28,DINO,,,,,,
cons17+nofund,conservative,mid,mixed,63,B_tail_entry_skipped,2026-08-28,CAKE,,,,,,
cons17+nofund,conservative,mid,mixed,63,B_tail_entry_skipped,2026-08-28,BNY,,,,,,
cons17+nofund,conservative,mid,mixed,63,B_tail_entry_skipped,2026-08-28,DIA,,,,,,
cons17+nofund,conservative,mid,mixed,63,B_tail_entry_skipped,2026-08-28,QURE,,,,,,
cons17+nofund,conservative,mid,mixed,63,B_tail_entry_skipped,2026-09-04,XLF,,,,,,
cons17+nofund,conservative,mid,mixed,63,B_tail_entry_skipped,2026-09-04,ATAI,,,,,,
cons17+nofund,conservative,mid,mixed,63,B_tail_entry_skipped,2026-09-04,RVMD,,,,,,
cons17+nofund,conservative,mid,mixed,63,B_tail_entry_skipped,2026-09-04,STT,,,,,,
cons17+nofund,conservative,mid,mixed,63,B_tail_entry_skipped,2026-09-04,ILMN,,,,,,
cons17+nofund,conservative,mid,mixed,63,B_tail_entry_skipped,2026-09-04,VLO,,,,,,
cons17+nofund,conservative,mid,mixed,63,B_tail_entry_skipped,2026-09-04,CRL,,,,,,
cons17+nofund,conservative,mid,mixed,63,B_tail_entry_skipped,2026-09-04,NTAP,,,,,,
cons17+nofund,conservative,mid,mixed,63,B_tail_entry_skipped,2026-09-04,CORT,,,,,,
cons17+nofund,conservative,mid,mixed,63,B_tail_entry_skipped,2026-09-04,KYMR,,,,,,
cons17+nofund,conservative,mid,mixed,63,B_tail_entry_skipped,2026-09-04,GKOS,,,,,,
cons17+nofund,conservative,mid,mixed,63,B_tail_entry_skipped,2026-09-14,CDNA,,,,,,
cons17+nofund,conservative,mid,mixed,63,B_tail_entry_skipped,2026-09-14,CLMT,,,,,,
cons17+nofund,conservative,mid,mixed,63,B_tail_entry_skipped,2026-09-14,PTGX,,,,,,
cons17+nofund,conservative,mid,mixed,63,B_tail_entry_skipped,2026-09-14,RNG,,,,,,
cons17+nofund,conservative,mid,mixed,63,B_tail_entry_skipped,2026-09-14,CHEF,,,,,,
cons17+nofund,conservative,mid,mixed,63,B_tail_entry_skipped,2026-09-14,MPC,,,,,,
cons17+nofund,conservative,mid,mixed,63,B_tail_entry_skipped,2026-09-14,RVMD,,,,,,
cons17+nofund,conservative,mid,mixed,63,B_tail_entry_skipped,2026-09-14,INSW,,,,,,
cons17+nofund,conservative,mid,mixed,63,B_tail_entry_skipped,2026-09-14,FTNT,,,,,,
cons17+nofund,conservative,mid,mixed,63,B_tail_entry_skipped,2026-09-14,MATX,,,,,,
cons17+nofund,conservative,mid,mixed,63,B_tail_entry_skipped,2026-09-14,HAE,,,,,,
cons17+nofund,conservative,mid,mixed,63,B_tail_entry_skipped,2026-09-14,VLO,,,,,,
cons17+nofund,conservative,mid,stock,63,B_tail_entry_skipped,2026-07-02,BNY,,,,,,
cons17+nofund,conservative,mid,stock,63,B_tail_entry_skipped,2026-07-02,AXSM,,,,,,
cons17+nofund,conservative,mid,stock,63,B_tail_entry_skipped,2026-07-02,PLXS,,,,,,
cons17+nofund,conservative,mid,stock,63,B_tail_entry_skipped,2026-07-02,BTSG,,,,,,
cons17+nofund,conservative,mid,stock,63,B_tail_entry_skipped,2026-07-10,BTSG,,,,,,
cons17+nofund,conservative,mid,stock,63,B_tail_entry_skipped,2026-07-10,BNY,,,,,,
cons17+nofund,conservative,mid,stock,63,B_tail_entry_skipped,2026-07-10,EXTR,,,,,,
cons17+nofund,conservative,mid,stock,63,B_tail_entry_skipped,2026-07-10,PEB,,,,,,
cons17+nofund,conservative,mid,stock,63,B_tail_entry_skipped,2026-07-10,PBI,,,,,,
cons17+nofund,conservative,mid,stock,63,B_tail_entry_skipped,2026-07-10,RSI,,,,,,
cons17+nofund,conservative,mid,stock,63,B_tail_entry_skipped,2026-07-10,TKR,,,,,,
cons17+nofund,conservative,mid,stock,63,B_tail_entry_skipped,2026-07-10,PSMT,,,,,,
cons17+nofund,conservative,mid,stock,63,B_tail_entry_skipped,2026-07-10,APLE,,,,,,
cons17+nofund,conservative,mid,stock,63,B_tail_entry_skipped,2026-07-10,TD,,,,,,
cons17+nofund,conservative,mid,stock,63,B_tail_entry_skipped,2026-07-10,DVA,,,,,,
cons17+nofund,conservative,mid,stock,63,B_tail_entry_skipped,2026-07-17,BTSG,,,,,,
cons17+nofund,conservative,mid,stock,63,B_tail_entry_skipped,2026-07-17,BNY,,,,,,
cons17+nofund,conservative,mid,stock,63,B_tail_entry_skipped,2026-07-17,TIGO,,,,,,
cons17+nofund,conservative,mid,stock,63,B_tail_entry_skipped,2026-07-17,ALKS,,,,,,
cons17+nofund,conservative,mid,stock,63,B_tail_entry_skipped,2026-07-17,MSGS,,,,,,
cons17+nofund,conservative,mid,stock,63,B_tail_entry_skipped,2026-07-17,HNGE,,,,,,
cons17+nofund,conservative,mid,stock,63,B_tail_entry_skipped,2026-07-17,CORT,,,,,,
cons17+nofund,conservative,mid,stock,63,B_tail_entry_skipped,2026-07-17,PEB,,,,,,
cons17+nofund,conservative,mid,stock,63,B_tail_entry_skipped,2026-07-17,RSI,,,,,,
cons17+nofund,conservative,mid,stock,63,B_tail_entry_skipped,2026-07-24,BNY,,,,,,
cons17+nofund,conservative,mid,stock,63,B_tail_entry_skipped,2026-07-24,CHEF,,,,,,
cons17+nofund,conservative,mid,stock,63,B_tail_entry_skipped,2026-07-24,RVMD,,,,,,
cons17+nofund,conservative,mid,stock,63,B_tail_entry_skipped,2026-07-24,ELVN,,,,,,
cons17+nofund,conservative,mid,stock,63,B_tail_entry_skipped,2026-07-24,ROIV,,,,,,
cons17+nofund,conservative,mid,stock,63,B_tail_entry_skipped,2026-07-24,STT,,,,,,
cons17+nofund,conservative,mid,stock,63,B_tail_entry_skipped,2026-07-24,APGE,,,,,,
cons17+nofund,conservative,mid,stock,63,B_tail_entry_skipped,2026-07-24,FTNT,,,,,,
cons17+nofund,conservative,mid,stock,63,B_tail_entry_skipped,2026-07-24,CNC,,,,,,
cons17+nofund,conservative,mid,stock,63,B_tail_entry_skipped,2026-07-24,JAZZ,,,,,,
cons17+nofund,conservative,mid,stock,63,B_tail_entry_skipped,2026-07-24,CRS,,,,,,
cons17+nofund,conservative,mid,stock,63,B_tail_entry_skipped,2026-07-24,RSI,,,,,,
cons17+nofund,conservative,mid,stock,63,B_tail_entry_skipped,2026-07-24,RY,,,,,,
cons17+nofund,conservative,mid,stock,63,B_tail_entry_skipped,2026-07-24,TGTX,,,,,,
cons17+nofund,conservative,mid,stock,63,B_tail_entry_skipped,2026-07-24,BFH,,,,,,
cons17+nofund,conservative,mid,stock,63,B_tail_entry_skipped,2026-07-31,APGE,,,,,,
cons17+nofund,conservative,mid,stock,63,B_tail_entry_skipped,2026-07-31,TVTX,,,,,,
cons17+nofund,conservative,mid,stock,63,B_tail_entry_skipped,2026-07-31,FTNT,,,,,,
cons17+nofund,conservative,mid,stock,63,B_tail_entry_skipped,2026-07-31,RVMD,,,,,,
cons17+nofund,conservative,mid,stock,63,B_tail_entry_skipped,2026-07-31,TIGO,,,,,,
cons17+nofund,conservative,mid,stock,63,B_tail_entry_skipped,2026-07-31,DK,,,,,,
cons17+nofund,conservative,mid,stock,63,B_tail_entry_skipped,2026-07-31,JAZZ,,,,,,
cons17+nofund,conservative,mid,stock,63,B_tail_entry_skipped,2026-07-31,CVS,,,,,,
cons17+nofund,conservative,mid,stock,63,B_tail_entry_skipped,2026-08-07,APGE,,,,,,
cons17+nofund,conservative,mid,stock,63,B_tail_entry_skipped,2026-08-07,RVMD,,,,,,
cons17+nofund,conservative,mid,stock,63,B_tail_entry_skipped,2026-08-07,ELVN,,,,,,
cons17+nofund,conservative,mid,stock,63,B_tail_entry_skipped,2026-08-07,LTH,,,,,,
cons17+nofund,conservative,mid,stock,63,B_tail_entry_skipped,2026-08-14,APGE,,,,,,
cons17+nofund,conservative,mid,stock,63,B_tail_entry_skipped,2026-08-14,TVTX,,,,,,
cons17+nofund,conservative,mid,stock,63,B_tail_entry_skipped,2026-08-14,STT,,,,,,
cons17+nofund,conservative,mid,stock,63,B_tail_entry_skipped,2026-08-14,FTNT,,,,,,
cons17+nofund,conservative,mid,stock,63,B_tail_entry_skipped,2026-08-14,ELVN,,,,,,
cons17+nofund,conservative,mid,stock,63,B_tail_entry_skipped,2026-08-14,RVMD,,,,,,
cons17+nofund,conservative,mid,stock,63,B_tail_entry_skipped,2026-08-14,LGND,,,,,,
cons17+nofund,conservative,mid,stock,63,B_tail_entry_skipped,2026-08-14,LTH,,,,,,
cons17+nofund,conservative,mid,stock,63,B_tail_entry_skipped,2026-08-14,ATAI,,,,,,
cons17+nofund,conservative,mid,stock,63,B_tail_entry_skipped,2026-08-14,WKC,,,,,,
cons17+nofund,conservative,mid,stock,63,B_tail_entry_skipped,2026-08-14,DCO,,,,,,
cons17+nofund,conservative,mid,stock,63,B_tail_entry_skipped,2026-08-14,BNY,,,,,,
cons17+nofund,conservative,mid,stock,63,B_tail_entry_skipped,2026-08-14,HAE,,,,,,
cons17+nofund,conservative,mid,stock,63,B_tail_entry_skipped,2026-08-14,NTAP,,,,,,
cons17+nofund,conservative,mid,stock,63,B_tail_entry_skipped,2026-08-21,ELVN,,,,,,
cons17+nofund,conservative,mid,stock,63,B_tail_entry_skipped,2026-08-21,APGE,,,,,,
cons17+nofund,conservative,mid,stock,63,B_tail_entry_skipped,2026-08-21,TVTX,,,,,,
cons17+nofund,conservative,mid,stock,63,B_tail_entry_skipped,2026-08-21,RVMD,,,,,,
cons17+nofund,conservative,mid,stock,63,B_tail_entry_skipped,2026-08-21,DYN,,,,,,
cons17+nofund,conservative,mid,stock,63,B_tail_entry_skipped,2026-08-21,OII,,,,,,
cons17+nofund,conservative,mid,stock,63,B_tail_entry_skipped,2026-08-21,GEO,,,,,,
cons17+nofund,conservative,mid,stock,63,B_tail_entry_skipped,2026-08-21,ADPT,,,,,,
cons17+nofund,conservative,mid,stock,63,B_tail_entry_skipped,2026-08-21,LTH,,,,,,
cons17+nofund,conservative,mid,stock,63,B_tail_entry_skipped,2026-08-21,CORT,,,,,,
cons17+nofund,conservative,mid,stock,63,B_tail_entry_skipped,2026-08-28,MPC,,,,,,
cons17+nofund,conservative,mid,stock,63,B_tail_entry_skipped,2026-08-28,DINO,,,,,,
cons17+nofund,conservative,mid,stock,63,B_tail_entry_skipped,2026-08-28,CAKE,,,,,,
cons17+nofund,conservative,mid,stock,63,B_tail_entry_skipped,2026-08-28,BNY,,,,,,
cons17+nofund,conservative,mid,stock,63,B_tail_entry_skipped,2026-08-28,QURE,,,,,,
cons17+nofund,conservative,mid,stock,63,B_tail_entry_skipped,2026-09-04,ATAI,,,,,,
cons17+nofund,conservative,mid,stock,63,B_tail_entry_skipped,2026-09-04,RVMD,,,,,,
cons17+nofund,conservative,mid,stock,63,B_tail_entry_skipped,2026-09-04,STT,,,,,,
cons17+nofund,conservative,mid,stock,63,B_tail_entry_skipped,2026-09-04,ILMN,,,,,,
cons17+nofund,conservative,mid,stock,63,B_tail_entry_skipped,2026-09-04,VLO,,,,,,
cons17+nofund,conservative,mid,stock,63,B_tail_entry_skipped,2026-09-04,CRL,,,,,,
cons17+nofund,conservative,mid,stock,63,B_tail_entry_skipped,2026-09-04,NTAP,,,,,,
cons17+nofund,conservative,mid,stock,63,B_tail_entry_skipped,2026-09-04,CORT,,,,,,
cons17+nofund,conservative,mid,stock,63,B_tail_entry_skipped,2026-09-04,KYMR,,,,,,
cons17+nofund,conservative,mid,stock,63,B_tail_entry_skipped,2026-09-04,GKOS,,,,,,
cons17+nofund,conservative,mid,stock,63,B_tail_entry_skipped,2026-09-14,CDNA,,,,,,
cons17+nofund,conservative,mid,stock,63,B_tail_entry_skipped,2026-09-14,CLMT,,,,,,
cons17+nofund,conservative,mid,stock,63,B_tail_entry_skipped,2026-09-14,PTGX,,,,,,
cons17+nofund,conservative,mid,stock,63,B_tail_entry_skipped,2026-09-14,RNG,,,,,,
cons17+nofund,conservative,mid,stock,63,B_tail_entry_skipped,2026-09-14,CHEF,,,,,,
cons17+nofund,conservative,mid,stock,63,B_tail_entry_skipped,2026-09-14,MPC,,,,,,
cons17+nofund,conservative,mid,stock,63,B_tail_entry_skipped,2026-09-14,RVMD,,,,,,
cons17+nofund,conservative,mid,stock,63,B_tail_entry_skipped,2026-09-14,INSW,,,,,,
cons17+nofund,conservative,mid,stock,63,B_tail_entry_skipped,2026-09-14,FTNT,,,,,,
cons17+nofund,conservative,mid,stock,63,B_tail_entry_skipped,2026-09-14,MATX,,,,,,
cons17+nofund,conservative,mid,stock,63,B_tail_entry_skipped,2026-09-14,HAE,,,,,,
cons17+nofund,conservative,mid,stock,63,B_tail_entry_skipped,2026-09-14,VLO,,,,,,
cons17+nofund,conservative,short,mixed,63,B_tail_entry_skipped,2026-07-02,APLE,,,,,,
cons17+nofund,conservative,short,mixed,63,B_tail_entry_skipped,2026-07-02,AXSM,,,,,,
cons17+nofund,conservative,short,mixed,63,B_tail_entry_skipped,2026-07-02,ALKS,,,,,,
cons17+nofund,conservative,short,mixed,63,B_tail_entry_skipped,2026-07-02,DVA,,,,,,
cons17+nofund,conservative,short,mixed,63,B_tail_entry_skipped,2026-07-02,BNY,,,,,,
cons17+nofund,conservative,short,mixed,63,B_tail_entry_skipped,2026-07-10,EXTR,,,,,,
cons17+nofund,conservative,short,mixed,63,B_tail_entry_skipped,2026-07-10,CORT,,,,,,
cons17+nofund,conservative,short,mixed,63,B_tail_entry_skipped,2026-07-10,PBI,,,,,,
cons17+nofund,conservative,short,mixed,63,B_tail_entry_skipped,2026-07-10,BTSG,,,,,,
cons17+nofund,conservative,short,mixed,63,B_tail_entry_skipped,2026-07-10,FFIV,,,,,,
cons17+nofund,conservative,short,mixed,63,B_tail_entry_skipped,2026-07-10,RSI,,,,,,
cons17+nofund,conservative,short,mixed,63,B_tail_entry_skipped,2026-07-10,APLE,,,,,,
cons17+nofund,conservative,short,mixed,63,B_tail_entry_skipped,2026-07-10,GEO,,,,,,
cons17+nofund,conservative,short,mixed,63,B_tail_entry_skipped,2026-07-10,PEB,,,,,,
cons17+nofund,conservative,short,mixed,63,B_tail_entry_skipped,2026-07-10,DVA,,,,,,
cons17+nofund,conservative,short,mixed,63,B_tail_entry_skipped,2026-07-17,CORT,,,,,,
cons17+nofund,conservative,short,mixed,63,B_tail_entry_skipped,2026-07-17,HNGE,,,,,,
cons17+nofund,conservative,short,mixed,63,B_tail_entry_skipped,2026-07-17,ALKS,,,,,,
cons17+nofund,conservative,short,mixed,63,B_tail_entry_skipped,2026-07-17,BTSG,,,,,,
cons17+nofund,conservative,short,mixed,63,B_tail_entry_skipped,2026-07-17,TGTX,,,,,,
cons17+nofund,conservative,short,mixed,63,B_tail_entry_skipped,2026-07-24,XLF,,,,,,
cons17+nofund,conservative,short,mixed,63,B_tail_entry_skipped,2026-07-24,CHEF,,,,,,
cons17+nofund,conservative,short,mixed,63,B_tail_entry_skipped,2026-07-24,FTNT,,,,,,
cons17+nofund,conservative,short,mixed,63,B_tail_entry_skipped,2026-07-24,TGTX,,,,,,
cons17+nofund,conservative,short,mixed,63,B_tail_entry_skipped,2026-07-24,STT,,,,,,
cons17+nofund,conservative,short,mixed,63,B_tail_entry_skipped,2026-07-31,FTNT,,,,,,
cons17+nofund,conservative,short,mixed,63,B_tail_entry_skipped,2026-07-31,WKC,,,,,,
cons17+nofund,conservative,short,mixed,63,B_tail_entry_skipped,2026-07-31,DIA,,,,,,
cons17+nofund,conservative,short,mixed,63,B_tail_entry_skipped,2026-07-31,APGE,,,,,,
cons17+nofund,conservative,short,mixed,63,B_tail_entry_skipped,2026-07-31,CBRL,,,,,,
cons17+nofund,conservative,short,mixed,63,B_tail_entry_skipped,2026-08-07,XLF,,,,,,
cons17+nofund,conservative,short,mixed,63,B_tail_entry_skipped,2026-08-07,APGE,,,,,,
cons17+nofund,conservative,short,mixed,63,B_tail_entry_skipped,2026-08-07,LTH,,,,,,
cons17+nofund,conservative,short,mixed,63,B_tail_entry_skipped,2026-08-07,PK,,,,,,
cons17+nofund,conservative,short,mixed,63,B_tail_entry_skipped,2026-08-07,RVMD,,,,,,
cons17+nofund,conservative,short,mixed,63,B_tail_entry_skipped,2026-08-14,XLF,,,,,,
cons17+nofund,conservative,short,mixed,63,B_tail_entry_skipped,2026-08-14,CAKE,,,,,,
cons17+nofund,conservative,short,mixed,63,B_tail_entry_skipped,2026-08-14,CBZ,,,,,,
cons17+nofund,conservative,short,mixed,63,B_tail_entry_skipped,2026-08-14,HAE,,,,,,
cons17+nofund,conservative,short,mixed,63,B_tail_entry_skipped,2026-08-14,STT,,,,,,
cons17+nofund,conservative,short,mixed,63,B_tail_entry_skipped,2026-08-14,APGE,,,,,,
cons17+nofund,conservative,short,mixed,63,B_tail_entry_skipped,2026-08-14,LTH,,,,,,
cons17+nofund,conservative,short,mixed,63,B_tail_entry_skipped,2026-08-14,DIA,,,,,,
cons17+nofund,conservative,short,mixed,63,B_tail_entry_skipped,2026-08-14,NTAP,,,,,,
cons17+nofund,conservative,short,mixed,63,B_tail_entry_skipped,2026-08-14,MAN,,,,,,
cons17+nofund,conservative,short,mixed,63,B_tail_entry_skipped,2026-08-14,TVTX,,,,,,
cons17+nofund,conservative,short,mixed,63,B_tail_entry_skipped,2026-08-14,ATAI,,,,,,
cons17+nofund,conservative,short,mixed,63,B_tail_entry_skipped,2026-08-14,SAIC,,,,,,
cons17+nofund,conservative,short,mixed,63,B_tail_entry_skipped,2026-08-21,CORT,,,,,,
cons17+nofund,conservative,short,mixed,63,B_tail_entry_skipped,2026-08-21,MAN,,,,,,
cons17+nofund,conservative,short,mixed,63,B_tail_entry_skipped,2026-08-21,ELVN,,,,,,
cons17+nofund,conservative,short,mixed,63,B_tail_entry_skipped,2026-08-21,GEO,,,,,,
cons17+nofund,conservative,short,mixed,63,B_tail_entry_skipped,2026-08-21,ADPT,,,,,,
cons17+nofund,conservative,short,mixed,63,B_tail_entry_skipped,2026-08-21,DIA,,,,,,
cons17+nofund,conservative,short,mixed,63,B_tail_entry_skipped,2026-08-21,TVTX,,,,,,
cons17+nofund,conservative,short,mixed,63,B_tail_entry_skipped,2026-08-21,DYN,,,,,,
cons17+nofund,conservative,short,mixed,63,B_tail_entry_skipped,2026-08-21,CAKE,,,,,,
cons17+nofund,conservative,short,mixed,63,B_tail_entry_skipped,2026-08-21,LTH,,,,,,
cons17+nofund,conservative,short,mixed,63,B_tail_entry_skipped,2026-08-21,NTNX,,,,,,
cons17+nofund,conservative,short,mixed,63,B_tail_entry_skipped,2026-08-21,APGE,,,,,,
cons17+nofund,conservative,short,mixed,63,B_tail_entry_skipped,2026-08-21,HAE,,,,,,
cons17+nofund,conservative,short,mixed,63,B_tail_entry_skipped,2026-08-28,MPC,,,,,,
cons17+nofund,conservative,short,mixed,63,B_tail_entry_skipped,2026-08-28,CAKE,,,,,,
cons17+nofund,conservative,short,mixed,63,B_tail_entry_skipped,2026-08-28,DINO,,,,,,
cons17+nofund,conservative,short,mixed,63,B_tail_entry_skipped,2026-08-28,SEIC,,,,,,
cons17+nofund,conservative,short,mixed,63,B_tail_entry_skipped,2026-08-28,CHE,,,,,,
cons17+nofund,conservative,short,mixed,63,B_tail_entry_skipped,2026-09-04,ATAI,,,,,,
cons17+nofund,conservative,short,mixed,63,B_tail_entry_skipped,2026-09-04,XLF,,,,,,
cons17+nofund,conservative,short,mixed,63,B_tail_entry_skipped,2026-09-04,CRL,,,,,,
cons17+nofund,conservative,short,mixed,63,B_tail_entry_skipped,2026-09-04,CORT,,,,,,
cons17+nofund,conservative,short,mixed,63,B_tail_entry_skipped,2026-09-04,AVTR,,,,,,
cons17+nofund,conservative,short,mixed,63,B_tail_entry_skipped,2026-09-04,VLO,,,,,,
cons17+nofund,conservative,short,mixed,63,B_tail_entry_skipped,2026-09-04,KYMR,,,,,,
cons17+nofund,conservative,short,mixed,63,B_tail_entry_skipped,2026-09-04,HAE,,,,,,
cons17+nofund,conservative,short,mixed,63,B_tail_entry_skipped,2026-09-04,STT,,,,,,
cons17+nofund,conservative,short,mixed,63,B_tail_entry_skipped,2026-09-04,ILMN,,,,,,
cons17+nofund,conservative,short,mixed,63,B_tail_entry_skipped,2026-09-14,CDNA,,,,,,
cons17+nofund,conservative,short,mixed,63,B_tail_entry_skipped,2026-09-14,AVTR,,,,,,
cons17+nofund,conservative,short,mixed,63,B_tail_entry_skipped,2026-09-14,NTNX,,,,,,
cons17+nofund,conservative,short,mixed,63,B_tail_entry_skipped,2026-09-14,RNG,,,,,,
cons17+nofund,conservative,short,mixed,63,B_tail_entry_skipped,2026-09-14,CLMT,,,,,,
cons17+nofund,conservative,short,mixed,63,B_tail_entry_skipped,2026-09-14,HAE,,,,,,
cons17+nofund,conservative,short,mixed,63,B_tail_entry_skipped,2026-09-14,MPC,,,,,,
cons17+nofund,conservative,short,mixed,63,B_tail_entry_skipped,2026-09-14,IQV,,,,,,
cons17+nofund,conservative,short,mixed,63,B_tail_entry_skipped,2026-09-14,PTGX,,,,,,
cons17+nofund,conservative,short,mixed,63,B_tail_entry_skipped,2026-09-14,CHEF,,,,,,
cons17+nofund,conservative,short,mixed,63,B_tail_entry_skipped,2026-09-14,MAN,,,,,,
cons17+nofund,conservative,short,mixed,63,B_tail_entry_skipped,2026-09-14,FRSH,,,,,,
cons17+nofund,conservative,short,stock,63,B_tail_entry_skipped,2026-07-02,APLE,,,,,,
cons17+nofund,conservative,short,stock,63,B_tail_entry_skipped,2026-07-02,AXSM,,,,,,
cons17+nofund,conservative,short,stock,63,B_tail_entry_skipped,2026-07-02,ALKS,,,,,,
cons17+nofund,conservative,short,stock,63,B_tail_entry_skipped,2026-07-02,DVA,,,,,,
cons17+nofund,conservative,short,stock,63,B_tail_entry_skipped,2026-07-02,BNY,,,,,,
cons17+nofund,conservative,short,stock,63,B_tail_entry_skipped,2026-07-10,EXTR,,,,,,
cons17+nofund,conservative,short,stock,63,B_tail_entry_skipped,2026-07-10,CORT,,,,,,
cons17+nofund,conservative,short,stock,63,B_tail_entry_skipped,2026-07-10,PBI,,,,,,
cons17+nofund,conservative,short,stock,63,B_tail_entry_skipped,2026-07-10,BTSG,,,,,,
cons17+nofund,conservative,short,stock,63,B_tail_entry_skipped,2026-07-10,FFIV,,,,,,
cons17+nofund,conservative,short,stock,63,B_tail_entry_skipped,2026-07-10,RSI,,,,,,
cons17+nofund,conservative,short,stock,63,B_tail_entry_skipped,2026-07-10,APLE,,,,,,
cons17+nofund,conservative,short,stock,63,B_tail_entry_skipped,2026-07-10,GEO,,,,,,
cons17+nofund,conservative,short,stock,63,B_tail_entry_skipped,2026-07-10,PEB,,,,,,
cons17+nofund,conservative,short,stock,63,B_tail_entry_skipped,2026-07-10,DVA,,,,,,
cons17+nofund,conservative,short,stock,63,B_tail_entry_skipped,2026-07-17,CORT,,,,,,
cons17+nofund,conservative,short,stock,63,B_tail_entry_skipped,2026-07-17,HNGE,,,,,,
cons17+nofund,conservative,short,stock,63,B_tail_entry_skipped,2026-07-17,ALKS,,,,,,
cons17+nofund,conservative,short,stock,63,B_tail_entry_skipped,2026-07-17,BTSG,,,,,,
cons17+nofund,conservative,short,stock,63,B_tail_entry_skipped,2026-07-17,TGTX,,,,,,
cons17+nofund,conservative,short,stock,63,B_tail_entry_skipped,2026-07-24,CHEF,,,,,,
cons17+nofund,conservative,short,stock,63,B_tail_entry_skipped,2026-07-24,FTNT,,,,,,
cons17+nofund,conservative,short,stock,63,B_tail_entry_skipped,2026-07-24,TGTX,,,,,,
cons17+nofund,conservative,short,stock,63,B_tail_entry_skipped,2026-07-24,STT,,,,,,
cons17+nofund,conservative,short,stock,63,B_tail_entry_skipped,2026-07-31,FTNT,,,,,,
cons17+nofund,conservative,short,stock,63,B_tail_entry_skipped,2026-07-31,WKC,,,,,,
cons17+nofund,conservative,short,stock,63,B_tail_entry_skipped,2026-07-31,APGE,,,,,,
cons17+nofund,conservative,short,stock,63,B_tail_entry_skipped,2026-07-31,CBRL,,,,,,
cons17+nofund,conservative,short,stock,63,B_tail_entry_skipped,2026-08-07,APGE,,,,,,
cons17+nofund,conservative,short,stock,63,B_tail_entry_skipped,2026-08-07,LTH,,,,,,
cons17+nofund,conservative,short,stock,63,B_tail_entry_skipped,2026-08-07,PK,,,,,,
cons17+nofund,conservative,short,stock,63,B_tail_entry_skipped,2026-08-07,RVMD,,,,,,
cons17+nofund,conservative,short,stock,63,B_tail_entry_skipped,2026-08-14,CAKE,,,,,,
cons17+nofund,conservative,short,stock,63,B_tail_entry_skipped,2026-08-14,CBZ,,,,,,
cons17+nofund,conservative,short,stock,63,B_tail_entry_skipped,2026-08-14,HAE,,,,,,
cons17+nofund,conservative,short,stock,63,B_tail_entry_skipped,2026-08-14,STT,,,,,,
cons17+nofund,conservative,short,stock,63,B_tail_entry_skipped,2026-08-14,APGE,,,,,,
cons17+nofund,conservative,short,stock,63,B_tail_entry_skipped,2026-08-14,LTH,,,,,,
cons17+nofund,conservative,short,stock,63,B_tail_entry_skipped,2026-08-14,NTAP,,,,,,
cons17+nofund,conservative,short,stock,63,B_tail_entry_skipped,2026-08-14,MAN,,,,,,
cons17+nofund,conservative,short,stock,63,B_tail_entry_skipped,2026-08-14,TVTX,,,,,,
cons17+nofund,conservative,short,stock,63,B_tail_entry_skipped,2026-08-14,ATAI,,,,,,
cons17+nofund,conservative,short,stock,63,B_tail_entry_skipped,2026-08-14,SAIC,,,,,,
cons17+nofund,conservative,short,stock,63,B_tail_entry_skipped,2026-08-21,CORT,,,,,,
cons17+nofund,conservative,short,stock,63,B_tail_entry_skipped,2026-08-21,MAN,,,,,,
cons17+nofund,conservative,short,stock,63,B_tail_entry_skipped,2026-08-21,ELVN,,,,,,
cons17+nofund,conservative,short,stock,63,B_tail_entry_skipped,2026-08-21,GEO,,,,,,
cons17+nofund,conservative,short,stock,63,B_tail_entry_skipped,2026-08-21,ADPT,,,,,,
cons17+nofund,conservative,short,stock,63,B_tail_entry_skipped,2026-08-21,TVTX,,,,,,
cons17+nofund,conservative,short,stock,63,B_tail_entry_skipped,2026-08-21,DYN,,,,,,
cons17+nofund,conservative,short,stock,63,B_tail_entry_skipped,2026-08-21,CAKE,,,,,,
cons17+nofund,conservative,short,stock,63,B_tail_entry_skipped,2026-08-21,LTH,,,,,,
cons17+nofund,conservative,short,stock,63,B_tail_entry_skipped,2026-08-21,NTNX,,,,,,
cons17+nofund,conservative,short,stock,63,B_tail_entry_skipped,2026-08-21,APGE,,,,,,
cons17+nofund,conservative,short,stock,63,B_tail_entry_skipped,2026-08-21,HAE,,,,,,
cons17+nofund,conservative,short,stock,63,B_tail_entry_skipped,2026-08-28,MPC,,,,,,
cons17+nofund,conservative,short,stock,63,B_tail_entry_skipped,2026-08-28,CAKE,,,,,,
cons17+nofund,conservative,short,stock,63,B_tail_entry_skipped,2026-08-28,DINO,,,,,,
cons17+nofund,conservative,short,stock,63,B_tail_entry_skipped,2026-08-28,SEIC,,,,,,
cons17+nofund,conservative,short,stock,63,B_tail_entry_skipped,2026-08-28,CHE,,,,,,
cons17+nofund,conservative,short,stock,63,B_tail_entry_skipped,2026-09-04,ATAI,,,,,,
cons17+nofund,conservative,short,stock,63,B_tail_entry_skipped,2026-09-04,CRL,,,,,,
cons17+nofund,conservative,short,stock,63,B_tail_entry_skipped,2026-09-04,CORT,,,,,,
cons17+nofund,conservative,short,stock,63,B_tail_entry_skipped,2026-09-04,AVTR,,,,,,
cons17+nofund,conservative,short,stock,63,B_tail_entry_skipped,2026-09-04,VLO,,,,,,
cons17+nofund,conservative,short,stock,63,B_tail_entry_skipped,2026-09-04,KYMR,,,,,,
cons17+nofund,conservative,short,stock,63,B_tail_entry_skipped,2026-09-04,HAE,,,,,,
cons17+nofund,conservative,short,stock,63,B_tail_entry_skipped,2026-09-04,STT,,,,,,
cons17+nofund,conservative,short,stock,63,B_tail_entry_skipped,2026-09-04,ILMN,,,,,,
cons17+nofund,conservative,short,stock,63,B_tail_entry_skipped,2026-09-14,CDNA,,,,,,
cons17+nofund,conservative,short,stock,63,B_tail_entry_skipped,2026-09-14,AVTR,,,,,,
cons17+nofund,conservative,short,stock,63,B_tail_entry_skipped,2026-09-14,NTNX,,,,,,
cons17+nofund,conservative,short,stock,63,B_tail_entry_skipped,2026-09-14,RNG,,,,,,
cons17+nofund,conservative,short,stock,63,B_tail_entry_skipped,2026-09-14,CLMT,,,,,,
cons17+nofund,conservative,short,stock,63,B_tail_entry_skipped,2026-09-14,HAE,,,,,,
cons17+nofund,conservative,short,stock,63,B_tail_entry_skipped,2026-09-14,MPC,,,,,,
cons17+nofund,conservative,short,stock,63,B_tail_entry_skipped,2026-09-14,IQV,,,,,,
cons17+nofund,conservative,short,stock,63,B_tail_entry_skipped,2026-09-14,PTGX,,,,,,
cons17+nofund,conservative,short,stock,63,B_tail_entry_skipped,2026-09-14,CHEF,,,,,,
cons17+nofund,conservative,short,stock,63,B_tail_entry_skipped,2026-09-14,MAN,,,,,,
cons17+nofund,conservative,short,stock,63,B_tail_entry_skipped,2026-09-14,FRSH,,,,,,
v16,aggressive,long,mixed,63,B_tail_entry_skipped,2026-07-02,AMD,,,,,,
v16,aggressive,long,mixed,63,B_tail_entry_skipped,2026-07-02,SIMO,,,,,,
v16,aggressive,long,mixed,63,B_tail_entry_skipped,2026-07-02,KLIC,,,,,,
v16,aggressive,long,mixed,63,B_tail_entry_skipped,2026-07-02,MTRN,,,,,,
v16,aggressive,long,mixed,63,B_tail_entry_skipped,2026-07-02,NWPX,,,,,,
v16,aggressive,long,mixed,63,B_tail_entry_skipped,2026-07-02,INTC,,,,,,
v16,aggressive,long,mixed,63,B_tail_entry_skipped,2026-07-02,BNY,,,,,,
v16,aggressive,long,mixed,63,B_tail_entry_skipped,2026-07-02,ATEX,,,,,,
v16,aggressive,long,mixed,63,B_tail_entry_skipped,2026-07-02,UMC,,,,,,
v16,aggressive,long,mixed,63,B_tail_entry_skipped,2026-07-02,AMAT,,,,,,
v16,aggressive,long,mixed,63,B_tail_entry_skipped,2026-07-02,SYRE,,,,,,
v16,aggressive,long,mixed,63,B_tail_entry_skipped,2026-07-02,DELL,,,,,,
v16,aggressive,long,mixed,63,B_tail_entry_skipped,2026-07-02,BTSG,,,,,,
v16,aggressive,long,mixed,63,B_tail_entry_skipped,2026-07-02,LQDA,,,,,,
v16,aggressive,long,mixed,63,B_tail_entry_skipped,2026-07-02,BAND,,,,,,
v16,aggressive,long,mixed,63,B_tail_entry_skipped,2026-07-02,MGV,,,,,,
v16,aggressive,long,mixed,63,B_tail_entry_skipped,2026-07-02,PLXS,,,,,,
v16,aggressive,long,mixed,63,B_tail_entry_skipped,2026-07-02,UUP,,,,,,
v16,aggressive,long,mixed,63,B_tail_entry_skipped,2026-07-02,AXSM,,,,,,
v16,aggressive,long,mixed,63,B_tail_entry_skipped,2026-07-02,IWD,,,,,,
v16,aggressive,long,mixed,63,B_tail_entry_skipped,2026-07-10,NWPX,,,,,,
v16,aggressive,long,mixed,63,B_tail_entry_skipped,2026-07-10,ATEX,,,,,,
v16,aggressive,long,mixed,63,B_tail_entry_skipped,2026-07-10,LQDA,,,,,,
v16,aggressive,long,mixed,63,B_tail_entry_skipped,2026-07-10,BTSG,,,,,,
v16,aggressive,long,mixed,63,B_tail_entry_skipped,2026-07-10,MTRN,,,,,,
v16,aggressive,long,mixed,63,B_tail_entry_skipped,2026-07-10,STM,,,,,,
v16,aggressive,long,mixed,63,B_tail_entry_skipped,2026-07-10,BNY,,,,,,
v16,aggressive,long,mixed,63,B_tail_entry_skipped,2026-07-10,MU,,,,,,
v16,aggressive,long,mixed,63,B_tail_entry_skipped,2026-07-10,STX,,,,,,
v16,aggressive,long,mixed,63,B_tail_entry_skipped,2026-07-10,UMC,,,,,,
v16,aggressive,long,mixed,63,B_tail_entry_skipped,2026-07-10,WDC,,,,,,
v16,aggressive,long,mixed,63,B_tail_entry_skipped,2026-07-10,SIMO,,,,,,
v16,aggressive,long,mixed,63,B_tail_entry_skipped,2026-07-10,MEC,,,,,,
v16,aggressive,long,mixed,63,B_tail_entry_skipped,2026-07-10,BB,,,,,,
v16,aggressive,long,mixed,63,B_tail_entry_skipped,2026-07-10,ECPG,,,,,,
v16,aggressive,long,mixed,63,B_tail_entry_skipped,2026-07-10,EVC,,,,,,
v16,aggressive,long,mixed,63,B_tail_entry_skipped,2026-07-10,TNGX,,,,,,
v16,aggressive,long,mixed,63,B_tail_entry_skipped,2026-07-10,SYRE,,,,,,
v16,aggressive,long,mixed,63,B_tail_entry_skipped,2026-07-10,VSTS,,,,,,
v16,aggressive,long,mixed,63,B_tail_entry_skipped,2026-07-10,ARM,,,,,,
v16,aggressive,long,mixed,63,B_tail_entry_skipped,2026-07-17,UUP,,,,,,
v16,aggressive,long,mixed,63,B_tail_entry_skipped,2026-07-17,ATEX,,,,,,
v16,aggressive,long,mixed,63,B_tail_entry_skipped,2026-07-17,ORKA,,,,,,
v16,aggressive,long,mixed,63,B_tail_entry_skipped,2026-07-17,BTSG,,,,,,
v16,aggressive,long,mixed,63,B_tail_entry_skipped,2026-07-17,RLAY,,,,,,
v16,aggressive,long,mixed,63,B_tail_entry_skipped,2026-07-17,SYRE,,,,,,
v16,aggressive,long,mixed,63,B_tail_entry_skipped,2026-07-17,BNY,,,,,,
v16,aggressive,long,mixed,63,B_tail_entry_skipped,2026-07-17,CLYM,,,,,,
v16,aggressive,long,mixed,63,B_tail_entry_skipped,2026-07-17,NWPX,,,,,,
v16,aggressive,long,mixed,63,B_tail_entry_skipped,2026-07-17,ATEN,,,,,,
v16,aggressive,long,mixed,63,B_tail_entry_skipped,2026-07-17,TWST,,,,,,
v16,aggressive,long,mixed,63,B_tail_entry_skipped,2026-07-17,EVC,,,,,,
v16,aggressive,long,mixed,63,B_tail_entry_skipped,2026-07-17,TIGO,,,,,,
v16,aggressive,long,mixed,63,B_tail_entry_skipped,2026-07-17,LQDA,,,,,,
v16,aggressive,long,mixed,63,B_tail_entry_skipped,2026-07-17,URGN,,,,,,
v16,aggressive,long,mixed,63,B_tail_entry_skipped,2026-07-17,VSTS,,,,,,
v16,aggressive,long,mixed,63,B_tail_entry_skipped,2026-07-17,NHC,,,,,,
v16,aggressive,long,mixed,63,B_tail_entry_skipped,2026-07-17,NESR,,,,,,
v16,aggressive,long,mixed,63,B_tail_entry_skipped,2026-07-17,ASML,,,,,,
v16,aggressive,long,mixed,63,B_tail_entry_skipped,2026-07-17,HPE,,,,,,
v16,aggressive,long,mixed,63,B_tail_entry_skipped,2026-07-24,UUP,,,,,,
v16,aggressive,long,mixed,63,B_tail_entry_skipped,2026-07-24,SYRE,,,,,,
v16,aggressive,long,mixed,63,B_tail_entry_skipped,2026-07-24,IWX,,,,,,
v16,aggressive,long,mixed,63,B_tail_entry_skipped,2026-07-24,VONV,,,,,,
v16,aggressive,long,mixed,63,B_tail_entry_skipped,2026-07-24,IWD,,,,,,
v16,aggressive,long,mixed,63,B_tail_entry_skipped,2026-07-24,BNY,,,,,,
v16,aggressive,long,mixed,63,B_tail_entry_skipped,2026-07-24,ECPG,,,,,,
v16,aggressive,long,mixed,63,B_tail_entry_skipped,2026-07-24,NWPX,,,,,,
v16,aggressive,long,mixed,63,B_tail_entry_skipped,2026-07-24,DNTH,,,,,,
v16,aggressive,long,mixed,63,B_tail_entry_skipped,2026-07-24,ROIV,,,,,,
v16,aggressive,long,mixed,63,B_tail_entry_skipped,2026-07-24,ETON,,,,,,
v16,aggressive,long,mixed,63,B_tail_entry_skipped,2026-07-24,HPE,,,,,,
v16,aggressive,long,mixed,63,B_tail_entry_skipped,2026-07-24,RVMD,,,,,,
v16,aggressive,long,mixed,63,B_tail_entry_skipped,2026-07-24,XLF,,,,,,
v16,aggressive,long,mixed,63,B_tail_entry_skipped,2026-07-24,DELL,,,,,,
v16,aggressive,long,mixed,63,B_tail_entry_skipped,2026-07-24,RLAY,,,,,,
v16,aggressive,long,mixed,63,B_tail_entry_skipped,2026-07-24,APGE,,,,,,
v16,aggressive,long,mixed,63,B_tail_entry_skipped,2026-07-24,LQDA,,,,,,
v16,aggressive,long,mixed,63,B_tail_entry_skipped,2026-07-24,EVC,,,,,,
v16,aggressive,long,mixed,63,B_tail_entry_skipped,2026-07-24,NAT,,,,,,
v16,aggressive,long,mixed,63,B_tail_entry_skipped,2026-07-31,ATEX,,,,,,
v16,aggressive,long,mixed,63,B_tail_entry_skipped,2026-07-31,APGE,,,,,,
v16,aggressive,long,mixed,63,B_tail_entry_skipped,2026-07-31,RVMD,,,,,,
v16,aggressive,long,mixed,63,B_tail_entry_skipped,2026-07-31,ETON,,,,,,
v16,aggressive,long,mixed,63,B_tail_entry_skipped,2026-07-31,TVTX,,,,,,
v16,aggressive,long,mixed,63,B_tail_entry_skipped,2026-07-31,NHC,,,,,,
v16,aggressive,long,mixed,63,B_tail_entry_skipped,2026-07-31,CLMT,,,,,,
v16,aggressive,long,mixed,63,B_tail_entry_skipped,2026-07-31,TIGO,,,,,,
v16,aggressive,long,mixed,63,B_tail_entry_skipped,2026-07-31,PEB,,,,,,
v16,aggressive,long,mixed,63,B_tail_entry_skipped,2026-07-31,LQDA,,,,,,
v16,aggressive,long,mixed,63,B_tail_entry_skipped,2026-07-31,JAZZ,,,,,,
v16,aggressive,long,mixed,63,B_tail_entry_skipped,2026-07-31,VFLO,,,,,,
v16,aggressive,long,mixed,63,B_tail_entry_skipped,2026-07-31,DK,,,,,,
v16,aggressive,long,mixed,63,B_tail_entry_skipped,2026-07-31,TD,,,,,,
v16,aggressive,long,mixed,63,B_tail_entry_skipped,2026-07-31,QTTB,,,,,,
v16,aggressive,long,mixed,63,B_tail_entry_skipped,2026-07-31,TRVI,,,,,,
v16,aggressive,long,mixed,63,B_tail_entry_skipped,2026-07-31,PANW,,,,,,
v16,aggressive,long,mixed,63,B_tail_entry_skipped,2026-07-31,BNY,,,,,,
v16,aggressive,long,mixed,63,B_tail_entry_skipped,2026-07-31,RY,,,,,,
v16,aggressive,long,mixed,63,B_tail_entry_skipped,2026-07-31,CVS,,,,,,
v16,aggressive,long,mixed,63,B_tail_entry_skipped,2026-08-07,APGE,,,,,,
v16,aggressive,long,mixed,63,B_tail_entry_skipped,2026-08-07,TXG,,,,,,
v16,aggressive,long,mixed,63,B_tail_entry_skipped,2026-08-07,XLF,,,,,,
v16,aggressive,long,mixed,63,B_tail_entry_skipped,2026-08-07,RVMD,,,,,,
v16,aggressive,long,mixed,63,B_tail_entry_skipped,2026-08-07,IYF,,,,,,
v16,aggressive,long,mixed,63,B_tail_entry_skipped,2026-08-07,LQDA,,,,,,
v16,aggressive,long,mixed,63,B_tail_entry_skipped,2026-08-07,ETON,,,,,,
v16,aggressive,long,mixed,63,B_tail_entry_skipped,2026-08-07,DNTH,,,,,,
v16,aggressive,long,mixed,63,B_tail_entry_skipped,2026-08-07,MBX,,,,,,
v16,aggressive,long,mixed,63,B_tail_entry_skipped,2026-08-07,GH,,,,,,
v16,aggressive,long,mixed,63,B_tail_entry_skipped,2026-08-07,ELVN,,,,,,
v16,aggressive,long,mixed,63,B_tail_entry_skipped,2026-08-07,NRIX,,,,,,
v16,aggressive,long,mixed,63,B_tail_entry_skipped,2026-08-07,ORKA,,,,,,
v16,aggressive,long,mixed,63,B_tail_entry_skipped,2026-08-07,FTCS,,,,,,
v16,aggressive,long,mixed,63,B_tail_entry_skipped,2026-08-07,LFST,,,,,,
v16,aggressive,long,mixed,63,B_tail_entry_skipped,2026-08-07,TRVI,,,,,,
v16,aggressive,long,mixed,63,B_tail_entry_skipped,2026-08-07,VHT,,,,,,
v16,aggressive,long,mixed,63,B_tail_entry_skipped,2026-08-07,KIE,,,,,,
v16,aggressive,long,mixed,63,B_tail_entry_skipped,2026-08-07,DGII,,,,,,
v16,aggressive,long,mixed,63,B_tail_entry_skipped,2026-08-07,PSNL,,,,,,
v16,aggressive,long,mixed,63,B_tail_entry_skipped,2026-08-14,RLAY,,,,,,
v16,aggressive,long,mixed,63,B_tail_entry_skipped,2026-08-14,APGE,,,,,,
v16,aggressive,long,mixed,63,B_tail_entry_skipped,2026-08-14,XLF,,,,,,
v16,aggressive,long,mixed,63,B_tail_entry_skipped,2026-08-14,VONV,,,,,,
v16,aggressive,long,mixed,63,B_tail_entry_skipped,2026-08-14,SYRE,,,,,,
v16,aggressive,long,mixed,63,B_tail_entry_skipped,2026-08-14,IYF,,,,,,
v16,aggressive,long,mixed,63,B_tail_entry_skipped,2026-08-14,VFH,,,,,,
v16,aggressive,long,mixed,63,B_tail_entry_skipped,2026-08-14,IWD,,,,,,
v16,aggressive,long,mixed,63,B_tail_entry_skipped,2026-08-14,STT,,,,,,
v16,aggressive,long,mixed,63,B_tail_entry_skipped,2026-08-14,RVMD,,,,,,
v16,aggressive,long,mixed,63,B_tail_entry_skipped,2026-08-14,ORKA,,,,,,
v16,aggressive,long,mixed,63,B_tail_entry_skipped,2026-08-14,TVTX,,,,,,
v16,aggressive,long,mixed,63,B_tail_entry_skipped,2026-08-14,ECPG,,,,,,
v16,aggressive,long,mixed,63,B_tail_entry_skipped,2026-08-14,FTNT,,,,,,
v16,aggressive,long,mixed,63,B_tail_entry_skipped,2026-08-14,CDNA,,,,,,
v16,aggressive,long,mixed,63,B_tail_entry_skipped,2026-08-14,VIG,,,,,,
v16,aggressive,long,mixed,63,B_tail_entry_skipped,2026-08-14,DGRO,,,,,,
v16,aggressive,long,mixed,63,B_tail_entry_skipped,2026-08-14,DELL,,,,,,
v16,aggressive,long,mixed,63,B_tail_entry_skipped,2026-08-14,ELVN,,,,,,
v16,aggressive,long,mixed,63,B_tail_entry_skipped,2026-08-14,TXG,,,,,,
v16,aggressive,long,mixed,63,B_tail_entry_skipped,2026-08-21,TXG,,,,,,
v16,aggressive,long,mixed,63,B_tail_entry_skipped,2026-08-21,MRVI,,,,,,
v16,aggressive,long,mixed,63,B_tail_entry_skipped,2026-08-21,APGE,,,,,,
v16,aggressive,long,mixed,63,B_tail_entry_skipped,2026-08-21,TWST,,,,,,
v16,aggressive,long,mixed,63,B_tail_entry_skipped,2026-08-21,TVTX,,,,,,
v16,aggressive,long,mixed,63,B_tail_entry_skipped,2026-08-21,USMV,,,,,,
v16,aggressive,long,mixed,63,B_tail_entry_skipped,2026-08-21,ELVN,,,,,,
v16,aggressive,long,mixed,63,B_tail_entry_skipped,2026-08-21,RVMD,,,,,,
v16,aggressive,long,mixed,63,B_tail_entry_skipped,2026-08-21,MOAT,,,,,,
v16,aggressive,long,mixed,63,B_tail_entry_skipped,2026-08-21,BFLY,,,,,,
v16,aggressive,long,mixed,63,B_tail_entry_skipped,2026-08-21,ORKA,,,,,,
v16,aggressive,long,mixed,63,B_tail_entry_skipped,2026-08-21,XNCR,,,,,,
v16,aggressive,long,mixed,63,B_tail_entry_skipped,2026-08-21,URGN,,,,,,
v16,aggressive,long,mixed,63,B_tail_entry_skipped,2026-08-21,IYF,,,,,,
v16,aggressive,long,mixed,63,B_tail_entry_skipped,2026-08-21,CDNA,,,,,,
v16,aggressive,long,mixed,63,B_tail_entry_skipped,2026-08-21,ETON,,,,,,
v16,aggressive,long,mixed,63,B_tail_entry_skipped,2026-08-21,BJRI,,,,,,
v16,aggressive,long,mixed,63,B_tail_entry_skipped,2026-08-21,JEPI,,,,,,
v16,aggressive,long,mixed,63,B_tail_entry_skipped,2026-08-21,VFH,,,,,,
v16,aggressive,long,mixed,63,B_tail_entry_skipped,2026-08-21,VOE,,,,,,
v16,aggressive,long,mixed,63,B_tail_entry_skipped,2026-08-28,TXG,,,,,,
v16,aggressive,long,mixed,63,B_tail_entry_skipped,2026-08-28,BNY,,,,,,
v16,aggressive,long,mixed,63,B_tail_entry_skipped,2026-08-28,TWST,,,,,,
v16,aggressive,long,mixed,63,B_tail_entry_skipped,2026-08-28,MPC,,,,,,
v16,aggressive,long,mixed,63,B_tail_entry_skipped,2026-08-28,DINO,,,,,,
v16,aggressive,long,mixed,63,B_tail_entry_skipped,2026-08-28,JEPI,,,,,,
v16,aggressive,long,mixed,63,B_tail_entry_skipped,2026-08-28,PBF,,,,,,
v16,aggressive,long,mixed,63,B_tail_entry_skipped,2026-08-28,DK,,,,,,
v16,aggressive,long,mixed,63,B_tail_entry_skipped,2026-08-28,BKLN,,,,,,
v16,aggressive,long,mixed,63,B_tail_entry_skipped,2026-08-28,VO,,,,,,
v16,aggressive,long,mixed,63,B_tail_entry_skipped,2026-08-28,RSP,,,,,,
v16,aggressive,long,mixed,63,B_tail_entry_skipped,2026-08-28,NRIX,,,,,,
v16,aggressive,long,mixed,63,B_tail_entry_skipped,2026-08-28,APGE,,,,,,
v16,aggressive,long,mixed,63,B_tail_entry_skipped,2026-08-28,MOAT,,,,,,
v16,aggressive,long,mixed,63,B_tail_entry_skipped,2026-08-28,DELL,,,,,,
v16,aggressive,long,mixed,63,B_tail_entry_skipped,2026-08-28,XNCR,,,,,,
v16,aggressive,long,mixed,63,B_tail_entry_skipped,2026-08-28,IYF,,,,,,
v16,aggressive,long,mixed,63,B_tail_entry_skipped,2026-08-28,VONV,,,,,,
v16,aggressive,long,mixed,63,B_tail_entry_skipped,2026-08-28,MRVI,,,,,,
v16,aggressive,long,mixed,63,B_tail_entry_skipped,2026-08-28,IWD,,,,,,
v16,aggressive,long,mixed,63,B_tail_entry_skipped,2026-09-04,CDNA,,,,,,
v16,aggressive,long,mixed,63,B_tail_entry_skipped,2026-09-04,USMV,,,,,,
v16,aggressive,long,mixed,63,B_tail_entry_skipped,2026-09-04,TXG,,,,,,
v16,aggressive,long,mixed,63,B_tail_entry_skipped,2026-09-04,RVMD,,,,,,
v16,aggressive,long,mixed,63,B_tail_entry_skipped,2026-09-04,ETON,,,,,,
v16,aggressive,long,mixed,63,B_tail_entry_skipped,2026-09-04,TWST,,,,,,
v16,aggressive,long,mixed,63,B_tail_entry_skipped,2026-09-04,SRLN,,,,,,
v16,aggressive,long,mixed,63,B_tail_entry_skipped,2026-09-04,CLYM,,,,,,
v16,aggressive,long,mixed,63,B_tail_entry_skipped,2026-09-04,XLF,,,,,,
v16,aggressive,long,mixed,63,B_tail_entry_skipped,2026-09-04,VFH,,,,,,
v16,aggressive,long,mixed,63,B_tail_entry_skipped,2026-09-04,GH,,,,,,
v16,aggressive,long,mixed,63,B_tail_entry_skipped,2026-09-04,STT,,,,,,
v16,aggressive,long,mixed,63,B_tail_entry_skipped,2026-09-04,NRIX,,,,,,
v16,aggressive,long,mixed,63,B_tail_entry_skipped,2026-09-04,XNCR,,,,,,
v16,aggressive,long,mixed,63,B_tail_entry_skipped,2026-09-04,BKLN,,,,,,
v16,aggressive,long,mixed,63,B_tail_entry_skipped,2026-09-04,PLSE,,,,,,
v16,aggressive,long,mixed,63,B_tail_entry_skipped,2026-09-04,JEPI,,,,,,
v16,aggressive,long,mixed,63,B_tail_entry_skipped,2026-09-04,ILMN,,,,,,
v16,aggressive,long,mixed,63,B_tail_entry_skipped,2026-09-04,BNY,,,,,,
v16,aggressive,long,mixed,63,B_tail_entry_skipped,2026-09-04,DELL,,,,,,
v16,aggressive,long,mixed,63,B_tail_entry_skipped,2026-09-14,TXG,,,,,,
v16,aggressive,long,mixed,63,B_tail_entry_skipped,2026-09-14,CDNA,,,,,,
v16,aggressive,long,mixed,63,B_tail_entry_skipped,2026-09-14,TWST,,,,,,
v16,aggressive,long,mixed,63,B_tail_entry_skipped,2026-09-14,BKLN,,,,,,
v16,aggressive,long,mixed,63,B_tail_entry_skipped,2026-09-14,CLMT,,,,,,
v16,aggressive,long,mixed,63,B_tail_entry_skipped,2026-09-14,PLSE,,,,,,
v16,aggressive,long,mixed,63,B_tail_entry_skipped,2026-09-14,PTGX,,,,,,
v16,aggressive,long,mixed,63,B_tail_entry_skipped,2026-09-14,RVMD,,,,,,
v16,aggressive,long,mixed,63,B_tail_entry_skipped,2026-09-14,MPC,,,,,,
v16,aggressive,long,mixed,63,B_tail_entry_skipped,2026-09-14,VFLO,,,,,,
v16,aggressive,long,mixed,63,B_tail_entry_skipped,2026-09-14,ECO,,,,,,
v16,aggressive,long,mixed,63,B_tail_entry_skipped,2026-09-14,FTNT,,,,,,
v16,aggressive,long,mixed,63,B_tail_entry_skipped,2026-09-14,NEO,,,,,,
v16,aggressive,long,mixed,63,B_tail_entry_skipped,2026-09-14,SRLN,,,,,,
v16,aggressive,long,mixed,63,B_tail_entry_skipped,2026-09-14,MATX,,,,,,
v16,aggressive,long,mixed,63,B_tail_entry_skipped,2026-09-14,DELL,,,,,,
v16,aggressive,long,mixed,63,B_tail_entry_skipped,2026-09-14,CRWD,,,,,,
v16,aggressive,long,mixed,63,B_tail_entry_skipped,2026-09-14,INSW,,,,,,
v16,aggressive,long,mixed,63,B_tail_entry_skipped,2026-09-14,VLO,,,,,,
v16,aggressive,long,mixed,63,B_tail_entry_skipped,2026-09-14,GH,,,,,,
v16,aggressive,long,stock,63,B_tail_entry_skipped,2026-07-02,AMD,,,,,,
v16,aggressive,long,stock,63,B_tail_entry_skipped,2026-07-02,SIMO,,,,,,
v16,aggressive,long,stock,63,B_tail_entry_skipped,2026-07-02,KLIC,,,,,,
v16,aggressive,long,stock,63,B_tail_entry_skipped,2026-07-02,MTRN,,,,,,
v16,aggressive,long,stock,63,B_tail_entry_skipped,2026-07-02,NWPX,,,,,,
v16,aggressive,long,stock,63,B_tail_entry_skipped,2026-07-02,INTC,,,,,,
v16,aggressive,long,stock,63,B_tail_entry_skipped,2026-07-02,BNY,,,,,,
v16,aggressive,long,stock,63,B_tail_entry_skipped,2026-07-02,ATEX,,,,,,
v16,aggressive,long,stock,63,B_tail_entry_skipped,2026-07-02,UMC,,,,,,
v16,aggressive,long,stock,63,B_tail_entry_skipped,2026-07-02,AMAT,,,,,,
v16,aggressive,long,stock,63,B_tail_entry_skipped,2026-07-02,SYRE,,,,,,
v16,aggressive,long,stock,63,B_tail_entry_skipped,2026-07-02,DELL,,,,,,
v16,aggressive,long,stock,63,B_tail_entry_skipped,2026-07-02,BTSG,,,,,,
v16,aggressive,long,stock,63,B_tail_entry_skipped,2026-07-02,LQDA,,,,,,
v16,aggressive,long,stock,63,B_tail_entry_skipped,2026-07-02,BAND,,,,,,
v16,aggressive,long,stock,63,B_tail_entry_skipped,2026-07-02,PLXS,,,,,,
v16,aggressive,long,stock,63,B_tail_entry_skipped,2026-07-02,AXSM,,,,,,
v16,aggressive,long,stock,63,B_tail_entry_skipped,2026-07-02,TNGX,,,,,,
v16,aggressive,long,stock,63,B_tail_entry_skipped,2026-07-02,RVMD,,,,,,
v16,aggressive,long,stock,63,B_tail_entry_skipped,2026-07-02,TXG,,,,,,
v16,aggressive,long,stock,63,B_tail_entry_skipped,2026-07-10,NWPX,,,,,,
v16,aggressive,long,stock,63,B_tail_entry_skipped,2026-07-10,ATEX,,,,,,
v16,aggressive,long,stock,63,B_tail_entry_skipped,2026-07-10,LQDA,,,,,,
v16,aggressive,long,stock,63,B_tail_entry_skipped,2026-07-10,BTSG,,,,,,
v16,aggressive,long,stock,63,B_tail_entry_skipped,2026-07-10,MTRN,,,,,,
v16,aggressive,long,stock,63,B_tail_entry_skipped,2026-07-10,STM,,,,,,
v16,aggressive,long,stock,63,B_tail_entry_skipped,2026-07-10,BNY,,,,,,
v16,aggressive,long,stock,63,B_tail_entry_skipped,2026-07-10,MU,,,,,,
v16,aggressive,long,stock,63,B_tail_entry_skipped,2026-07-10,STX,,,,,,
v16,aggressive,long,stock,63,B_tail_entry_skipped,2026-07-10,UMC,,,,,,
v16,aggressive,long,stock,63,B_tail_entry_skipped,2026-07-10,WDC,,,,,,
v16,aggressive,long,stock,63,B_tail_entry_skipped,2026-07-10,SIMO,,,,,,
v16,aggressive,long,stock,63,B_tail_entry_skipped,2026-07-10,MEC,,,,,,
v16,aggressive,long,stock,63,B_tail_entry_skipped,2026-07-10,BB,,,,,,
v16,aggressive,long,stock,63,B_tail_entry_skipped,2026-07-10,ECPG,,,,,,
v16,aggressive,long,stock,63,B_tail_entry_skipped,2026-07-10,EVC,,,,,,
v16,aggressive,long,stock,63,B_tail_entry_skipped,2026-07-10,TNGX,,,,,,
v16,aggressive,long,stock,63,B_tail_entry_skipped,2026-07-10,SYRE,,,,,,
v16,aggressive,long,stock,63,B_tail_entry_skipped,2026-07-10,VSTS,,,,,,
v16,aggressive,long,stock,63,B_tail_entry_skipped,2026-07-10,ARM,,,,,,
v16,aggressive,long,stock,63,B_tail_entry_skipped,2026-07-17,ATEX,,,,,,
v16,aggressive,long,stock,63,B_tail_entry_skipped,2026-07-17,ORKA,,,,,,
v16,aggressive,long,stock,63,B_tail_entry_skipped,2026-07-17,BTSG,,,,,,
v16,aggressive,long,stock,63,B_tail_entry_skipped,2026-07-17,RLAY,,,,,,
v16,aggressive,long,stock,63,B_tail_entry_skipped,2026-07-17,SYRE,,,,,,
v16,aggressive,long,stock,63,B_tail_entry_skipped,2026-07-17,BNY,,,,,,
v16,aggressive,long,stock,63,B_tail_entry_skipped,2026-07-17,CLYM,,,,,,
v16,aggressive,long,stock,63,B_tail_entry_skipped,2026-07-17,NWPX,,,,,,
v16,aggressive,long,stock,63,B_tail_entry_skipped,2026-07-17,ATEN,,,,,,
v16,aggressive,long,stock,63,B_tail_entry_skipped,2026-07-17,TWST,,,,,,
v16,aggressive,long,stock,63,B_tail_entry_skipped,2026-07-17,EVC,,,,,,
v16,aggressive,long,stock,63,B_tail_entry_skipped,2026-07-17,TIGO,,,,,,
v16,aggressive,long,stock,63,B_tail_entry_skipped,2026-07-17,LQDA,,,,,,
v16,aggressive,long,stock,63,B_tail_entry_skipped,2026-07-17,URGN,,,,,,
v16,aggressive,long,stock,63,B_tail_entry_skipped,2026-07-17,VSTS,,,,,,
v16,aggressive,long,stock,63,B_tail_entry_skipped,2026-07-17,NHC,,,,,,
v16,aggressive,long,stock,63,B_tail_entry_skipped,2026-07-17,NESR,,,,,,
v16,aggressive,long,stock,63,B_tail_entry_skipped,2026-07-17,ASML,,,,,,
v16,aggressive,long,stock,63,B_tail_entry_skipped,2026-07-17,HPE,,,,,,
v16,aggressive,long,stock,63,B_tail_entry_skipped,2026-07-17,MSGS,,,,,,
v16,aggressive,long,stock,63,B_tail_entry_skipped,2026-07-24,SYRE,,,,,,
v16,aggressive,long,stock,63,B_tail_entry_skipped,2026-07-24,BNY,,,,,,
v16,aggressive,long,stock,63,B_tail_entry_skipped,2026-07-24,ECPG,,,,,,
v16,aggressive,long,stock,63,B_tail_entry_skipped,2026-07-24,NWPX,,,,,,
v16,aggressive,long,stock,63,B_tail_entry_skipped,2026-07-24,DNTH,,,,,,
v16,aggressive,long,stock,63,B_tail_entry_skipped,2026-07-24,ROIV,,,,,,
v16,aggressive,long,stock,63,B_tail_entry_skipped,2026-07-24,ETON,,,,,,
v16,aggressive,long,stock,63,B_tail_entry_skipped,2026-07-24,HPE,,,,,,
v16,aggressive,long,stock,63,B_tail_entry_skipped,2026-07-24,RVMD,,,,,,
v16,aggressive,long,stock,63,B_tail_entry_skipped,2026-07-24,DELL,,,,,,
v16,aggressive,long,stock,63,B_tail_entry_skipped,2026-07-24,RLAY,,,,,,
v16,aggressive,long,stock,63,B_tail_entry_skipped,2026-07-24,APGE,,,,,,
v16,aggressive,long,stock,63,B_tail_entry_skipped,2026-07-24,LQDA,,,,,,
v16,aggressive,long,stock,63,B_tail_entry_skipped,2026-07-24,EVC,,,,,,
v16,aggressive,long,stock,63,B_tail_entry_skipped,2026-07-24,NAT,,,,,,
v16,aggressive,long,stock,63,B_tail_entry_skipped,2026-07-24,JAZZ,,,,,,
v16,aggressive,long,stock,63,B_tail_entry_skipped,2026-07-24,CRS,,,,,,
v16,aggressive,long,stock,63,B_tail_entry_skipped,2026-07-24,RY,,,,,,
v16,aggressive,long,stock,63,B_tail_entry_skipped,2026-07-24,TRVI,,,,,,
v16,aggressive,long,stock,63,B_tail_entry_skipped,2026-07-24,VSTS,,,,,,
v16,aggressive,long,stock,63,B_tail_entry_skipped,2026-07-31,ATEX,,,,,,
v16,aggressive,long,stock,63,B_tail_entry_skipped,2026-07-31,APGE,,,,,,
v16,aggressive,long,stock,63,B_tail_entry_skipped,2026-07-31,RVMD,,,,,,
v16,aggressive,long,stock,63,B_tail_entry_skipped,2026-07-31,ETON,,,,,,
v16,aggressive,long,stock,63,B_tail_entry_skipped,2026-07-31,TVTX,,,,,,
v16,aggressive,long,stock,63,B_tail_entry_skipped,2026-07-31,NHC,,,,,,
v16,aggressive,long,stock,63,B_tail_entry_skipped,2026-07-31,CLMT,,,,,,
v16,aggressive,long,stock,63,B_tail_entry_skipped,2026-07-31,TIGO,,,,,,
v16,aggressive,long,stock,63,B_tail_entry_skipped,2026-07-31,PEB,,,,,,
v16,aggressive,long,stock,63,B_tail_entry_skipped,2026-07-31,LQDA,,,,,,
v16,aggressive,long,stock,63,B_tail_entry_skipped,2026-07-31,JAZZ,,,,,,
v16,aggressive,long,stock,63,B_tail_entry_skipped,2026-07-31,DK,,,,,,
v16,aggressive,long,stock,63,B_tail_entry_skipped,2026-07-31,TD,,,,,,
v16,aggressive,long,stock,63,B_tail_entry_skipped,2026-07-31,QTTB,,,,,,
v16,aggressive,long,stock,63,B_tail_entry_skipped,2026-07-31,TRVI,,,,,,
v16,aggressive,long,stock,63,B_tail_entry_skipped,2026-07-31,PANW,,,,,,
v16,aggressive,long,stock,63,B_tail_entry_skipped,2026-07-31,BNY,,,,,,
v16,aggressive,long,stock,63,B_tail_entry_skipped,2026-07-31,RY,,,,,,
v16,aggressive,long,stock,63,B_tail_entry_skipped,2026-07-31,CVS,,,,,,
v16,aggressive,long,stock,63,B_tail_entry_skipped,2026-07-31,BMO,,,,,,
v16,aggressive,long,stock,63,B_tail_entry_skipped,2026-08-07,APGE,,,,,,
v16,aggressive,long,stock,63,B_tail_entry_skipped,2026-08-07,TXG,,,,,,
v16,aggressive,long,stock,63,B_tail_entry_skipped,2026-08-07,RVMD,,,,,,
v16,aggressive,long,stock,63,B_tail_entry_skipped,2026-08-07,LQDA,,,,,,
v16,aggressive,long,stock,63,B_tail_entry_skipped,2026-08-07,ETON,,,,,,
v16,aggressive,long,stock,63,B_tail_entry_skipped,2026-08-07,DNTH,,,,,,
v16,aggressive,long,stock,63,B_tail_entry_skipped,2026-08-07,MBX,,,,,,
v16,aggressive,long,stock,63,B_tail_entry_skipped,2026-08-07,GH,,,,,,
v16,aggressive,long,stock,63,B_tail_entry_skipped,2026-08-07,ELVN,,,,,,
v16,aggressive,long,stock,63,B_tail_entry_skipped,2026-08-07,NRIX,,,,,,
v16,aggressive,long,stock,63,B_tail_entry_skipped,2026-08-07,ORKA,,,,,,
v16,aggressive,long,stock,63,B_tail_entry_skipped,2026-08-07,LFST,,,,,,
v16,aggressive,long,stock,63,B_tail_entry_skipped,2026-08-07,TRVI,,,,,,
v16,aggressive,long,stock,63,B_tail_entry_skipped,2026-08-07,DGII,,,,,,
v16,aggressive,long,stock,63,B_tail_entry_skipped,2026-08-07,PSNL,,,,,,
v16,aggressive,long,stock,63,B_tail_entry_skipped,2026-08-07,MNPR,,,,,,
v16,aggressive,long,stock,63,B_tail_entry_skipped,2026-08-07,BNY,,,,,,
v16,aggressive,long,stock,63,B_tail_entry_skipped,2026-08-07,ATI,,,,,,
v16,aggressive,long,stock,63,B_tail_entry_skipped,2026-08-07,NAT,,,,,,
v16,aggressive,long,stock,63,B_tail_entry_skipped,2026-08-07,CDNA,,,,,,
v16,aggressive,long,stock,63,B_tail_entry_skipped,2026-08-14,RLAY,,,,,,
v16,aggressive,long,stock,63,B_tail_entry_skipped,2026-08-14,APGE,,,,,,
v16,aggressive,long,stock,63,B_tail_entry_skipped,2026-08-14,SYRE,,,,,,
v16,aggressive,long,stock,63,B_tail_entry_skipped,2026-08-14,STT,,,,,,
v16,aggressive,long,stock,63,B_tail_entry_skipped,2026-08-14,RVMD,,,,,,
v16,aggressive,long,stock,63,B_tail_entry_skipped,2026-08-14,ORKA,,,,,,
v16,aggressive,long,stock,63,B_tail_entry_skipped,2026-08-14,TVTX,,,,,,
v16,aggressive,long,stock,63,B_tail_entry_skipped,2026-08-14,ECPG,,,,,,
v16,aggressive,long,stock,63,B_tail_entry_skipped,2026-08-14,FTNT,,,,,,
v16,aggressive,long,stock,63,B_tail_entry_skipped,2026-08-14,CDNA,,,,,,
v16,aggressive,long,stock,63,B_tail_entry_skipped,2026-08-14,DELL,,,,,,
v16,aggressive,long,stock,63,B_tail_entry_skipped,2026-08-14,ELVN,,,,,,
v16,aggressive,long,stock,63,B_tail_entry_skipped,2026-08-14,TXG,,,,,,
v16,aggressive,long,stock,63,B_tail_entry_skipped,2026-08-14,LGND,,,,,,
v16,aggressive,long,stock,63,B_tail_entry_skipped,2026-08-14,BNY,,,,,,
v16,aggressive,long,stock,63,B_tail_entry_skipped,2026-08-14,PBF,,,,,,
v16,aggressive,long,stock,63,B_tail_entry_skipped,2026-08-14,DNTH,,,,,,
v16,aggressive,long,stock,63,B_tail_entry_skipped,2026-08-14,SLS,,,,,,
v16,aggressive,long,stock,63,B_tail_entry_skipped,2026-08-14,MBX,,,,,,
v16,aggressive,long,stock,63,B_tail_entry_skipped,2026-08-14,URGN,,,,,,
v16,aggressive,long,stock,63,B_tail_entry_skipped,2026-08-21,TXG,,,,,,
v16,aggressive,long,stock,63,B_tail_entry_skipped,2026-08-21,MRVI,,,,,,
v16,aggressive,long,stock,63,B_tail_entry_skipped,2026-08-21,APGE,,,,,,
v16,aggressive,long,stock,63,B_tail_entry_skipped,2026-08-21,TWST,,,,,,
v16,aggressive,long,stock,63,B_tail_entry_skipped,2026-08-21,TVTX,,,,,,
v16,aggressive,long,stock,63,B_tail_entry_skipped,2026-08-21,ELVN,,,,,,
v16,aggressive,long,stock,63,B_tail_entry_skipped,2026-08-21,RVMD,,,,,,
v16,aggressive,long,stock,63,B_tail_entry_skipped,2026-08-21,BFLY,,,,,,
v16,aggressive,long,stock,63,B_tail_entry_skipped,2026-08-21,ORKA,,,,,,
v16,aggressive,long,stock,63,B_tail_entry_skipped,2026-08-21,XNCR,,,,,,
v16,aggressive,long,stock,63,B_tail_entry_skipped,2026-08-21,URGN,,,,,,
v16,aggressive,long,stock,63,B_tail_entry_skipped,2026-08-21,CDNA,,,,,,
v16,aggressive,long,stock,63,B_tail_entry_skipped,2026-08-21,ETON,,,,,,
v16,aggressive,long,stock,63,B_tail_entry_skipped,2026-08-21,BJRI,,,,,,
v16,aggressive,long,stock,63,B_tail_entry_skipped,2026-08-21,NHC,,,,,,
v16,aggressive,long,stock,63,B_tail_entry_skipped,2026-08-21,NEO,,,,,,
v16,aggressive,long,stock,63,B_tail_entry_skipped,2026-08-21,ARWR,,,,,,
v16,aggressive,long,stock,63,B_tail_entry_skipped,2026-08-21,MBX,,,,,,
v16,aggressive,long,stock,63,B_tail_entry_skipped,2026-08-21,OII,,,,,,
v16,aggressive,long,stock,63,B_tail_entry_skipped,2026-08-21,FBRX,,,,,,
v16,aggressive,long,stock,63,B_tail_entry_skipped,2026-08-28,TXG,,,,,,
v16,aggressive,long,stock,63,B_tail_entry_skipped,2026-08-28,BNY,,,,,,
v16,aggressive,long,stock,63,B_tail_entry_skipped,2026-08-28,TWST,,,,,,
v16,aggressive,long,stock,63,B_tail_entry_skipped,2026-08-28,MPC,,,,,,
v16,aggressive,long,stock,63,B_tail_entry_skipped,2026-08-28,DINO,,,,,,
v16,aggressive,long,stock,63,B_tail_entry_skipped,2026-08-28,PBF,,,,,,
v16,aggressive,long,stock,63,B_tail_entry_skipped,2026-08-28,DK,,,,,,
v16,aggressive,long,stock,63,B_tail_entry_skipped,2026-08-28,NRIX,,,,,,
v16,aggressive,long,stock,63,B_tail_entry_skipped,2026-08-28,APGE,,,,,,
v16,aggressive,long,stock,63,B_tail_entry_skipped,2026-08-28,DELL,,,,,,
v16,aggressive,long,stock,63,B_tail_entry_skipped,2026-08-28,XNCR,,,,,,
v16,aggressive,long,stock,63,B_tail_entry_skipped,2026-08-28,MRVI,,,,,,
v16,aggressive,long,stock,63,B_tail_entry_skipped,2026-08-28,CDNA,,,,,,
v16,aggressive,long,stock,63,B_tail_entry_skipped,2026-08-28,ETON,,,,,,
v16,aggressive,long,stock,63,B_tail_entry_skipped,2026-08-28,HPE,,,,,,
v16,aggressive,long,stock,63,B_tail_entry_skipped,2026-08-28,CAKE,,,,,,
v16,aggressive,long,stock,63,B_tail_entry_skipped,2026-08-28,CLMT,,,,,,
v16,aggressive,long,stock,63,B_tail_entry_skipped,2026-08-28,NEO,,,,,,
v16,aggressive,long,stock,63,B_tail_entry_skipped,2026-08-28,KNSA,,,,,,
v16,aggressive,long,stock,63,B_tail_entry_skipped,2026-08-28,SPCX,,,,,,
v16,aggressive,long,stock,63,B_tail_entry_skipped,2026-09-04,CDNA,,,,,,
v16,aggressive,long,stock,63,B_tail_entry_skipped,2026-09-04,TXG,,,,,,
v16,aggressive,long,stock,63,B_tail_entry_skipped,2026-09-04,RVMD,,,,,,
v16,aggressive,long,stock,63,B_tail_entry_skipped,2026-09-04,ETON,,,,,,
v16,aggressive,long,stock,63,B_tail_entry_skipped,2026-09-04,TWST,,,,,,
v16,aggressive,long,stock,63,B_tail_entry_skipped,2026-09-04,CLYM,,,,,,
v16,aggressive,long,stock,63,B_tail_entry_skipped,2026-09-04,GH,,,,,,
v16,aggressive,long,stock,63,B_tail_entry_skipped,2026-09-04,STT,,,,,,
v16,aggressive,long,stock,63,B_tail_entry_skipped,2026-09-04,NRIX,,,,,,
v16,aggressive,long,stock,63,B_tail_entry_skipped,2026-09-04,XNCR,,,,,,
v16,aggressive,long,stock,63,B_tail_entry_skipped,2026-09-04,PLSE,,,,,,
v16,aggressive,long,stock,63,B_tail_entry_skipped,2026-09-04,ILMN,,,,,,
v16,aggressive,long,stock,63,B_tail_entry_skipped,2026-09-04,BNY,,,,,,
v16,aggressive,long,stock,63,B_tail_entry_skipped,2026-09-04,DELL,,,,,,
v16,aggressive,long,stock,63,B_tail_entry_skipped,2026-09-04,AMLX,,,,,,
v16,aggressive,long,stock,63,B_tail_entry_skipped,2026-09-04,VLO,,,,,,
v16,aggressive,long,stock,63,B_tail_entry_skipped,2026-09-04,MNPR,,,,,,
v16,aggressive,long,stock,63,B_tail_entry_skipped,2026-09-04,URGN,,,,,,
v16,aggressive,long,stock,63,B_tail_entry_skipped,2026-09-04,SLS,,,,,,
v16,aggressive,long,stock,63,B_tail_entry_skipped,2026-09-04,ECO,,,,,,
v16,aggressive,long,stock,63,B_tail_entry_skipped,2026-09-14,TXG,,,,,,
v16,aggressive,long,stock,63,B_tail_entry_skipped,2026-09-14,CDNA,,,,,,
v16,aggressive,long,stock,63,B_tail_entry_skipped,2026-09-14,TWST,,,,,,
v16,aggressive,long,stock,63,B_tail_entry_skipped,2026-09-14,CLMT,,,,,,
v16,aggressive,long,stock,63,B_tail_entry_skipped,2026-09-14,PLSE,,,,,,
v16,aggressive,long,stock,63,B_tail_entry_skipped,2026-09-14,PTGX,,,,,,
v16,aggressive,long,stock,63,B_tail_entry_skipped,2026-09-14,RVMD,,,,,,
v16,aggressive,long,stock,63,B_tail_entry_skipped,2026-09-14,MPC,,,,,,
v16,aggressive,long,stock,63,B_tail_entry_skipped,2026-09-14,ECO,,,,,,
v16,aggressive,long,stock,63,B_tail_entry_skipped,2026-09-14,FTNT,,,,,,
v16,aggressive,long,stock,63,B_tail_entry_skipped,2026-09-14,NEO,,,,,,
v16,aggressive,long,stock,63,B_tail_entry_skipped,2026-09-14,MATX,,,,,,
v16,aggressive,long,stock,63,B_tail_entry_skipped,2026-09-14,DELL,,,,,,
v16,aggressive,long,stock,63,B_tail_entry_skipped,2026-09-14,CRWD,,,,,,
v16,aggressive,long,stock,63,B_tail_entry_skipped,2026-09-14,INSW,,,,,,
v16,aggressive,long,stock,63,B_tail_entry_skipped,2026-09-14,VLO,,,,,,
v16,aggressive,long,stock,63,B_tail_entry_skipped,2026-09-14,GH,,,,,,
v16,aggressive,long,stock,63,B_tail_entry_skipped,2026-09-14,CHEF,,,,,,
v16,aggressive,long,stock,63,B_tail_entry_skipped,2026-09-14,RNG,,,,,,
v16,aggressive,long,stock,63,B_tail_entry_skipped,2026-09-14,STT,,,,,,
v16,aggressive,mid,mixed,63,B_tail_entry_skipped,2026-07-02,AMD,,,,,,
v16,aggressive,mid,mixed,63,B_tail_entry_skipped,2026-07-02,KLIC,,,,,,
v16,aggressive,mid,mixed,63,B_tail_entry_skipped,2026-07-02,SIMO,,,,,,
v16,aggressive,mid,mixed,63,B_tail_entry_skipped,2026-07-02,ATEX,,,,,,
v16,aggressive,mid,mixed,63,B_tail_entry_skipped,2026-07-02,MTRN,,,,,,
v16,aggressive,mid,mixed,63,B_tail_entry_skipped,2026-07-02,NWPX,,,,,,
v16,aggressive,mid,mixed,63,B_tail_entry_skipped,2026-07-02,INTC,,,,,,
v16,aggressive,mid,mixed,63,B_tail_entry_skipped,2026-07-02,UMC,,,,,,
v16,aggressive,mid,mixed,63,B_tail_entry_skipped,2026-07-02,BNY,,,,,,
v16,aggressive,mid,mixed,63,B_tail_entry_skipped,2026-07-02,AMAT,,,,,,
v16,aggressive,mid,mixed,63,B_tail_entry_skipped,2026-07-02,DELL,,,,,,
v16,aggressive,mid,mixed,63,B_tail_entry_skipped,2026-07-02,MGV,,,,,,
v16,aggressive,mid,mixed,63,B_tail_entry_skipped,2026-07-02,SYRE,,,,,,
v16,aggressive,mid,mixed,63,B_tail_entry_skipped,2026-07-02,PLXS,,,,,,
v16,aggressive,mid,mixed,63,B_tail_entry_skipped,2026-07-02,ATEN,,,,,,
v16,aggressive,mid,mixed,63,B_tail_entry_skipped,2026-07-02,UUP,,,,,,
v16,aggressive,mid,mixed,63,B_tail_entry_skipped,2026-07-02,BAND,,,,,,
v16,aggressive,mid,mixed,63,B_tail_entry_skipped,2026-07-02,IWD,,,,,,
v16,aggressive,mid,mixed,63,B_tail_entry_skipped,2026-07-02,BTSG,,,,,,
v16,aggressive,mid,mixed,63,B_tail_entry_skipped,2026-07-02,AXSM,,,,,,
v16,aggressive,mid,mixed,63,B_tail_entry_skipped,2026-07-10,ATEX,,,,,,
v16,aggressive,mid,mixed,63,B_tail_entry_skipped,2026-07-10,NWPX,,,,,,
v16,aggressive,mid,mixed,63,B_tail_entry_skipped,2026-07-10,STM,,,,,,
v16,aggressive,mid,mixed,63,B_tail_entry_skipped,2026-07-10,LQDA,,,,,,
v16,aggressive,mid,mixed,63,B_tail_entry_skipped,2026-07-10,MTRN,,,,,,
v16,aggressive,mid,mixed,63,B_tail_entry_skipped,2026-07-10,BTSG,,,,,,
v16,aggressive,mid,mixed,63,B_tail_entry_skipped,2026-07-10,BB,,,,,,
v16,aggressive,mid,mixed,63,B_tail_entry_skipped,2026-07-10,UMC,,,,,,
v16,aggressive,mid,mixed,63,B_tail_entry_skipped,2026-07-10,MEC,,,,,,
v16,aggressive,mid,mixed,63,B_tail_entry_skipped,2026-07-10,MU,,,,,,
v16,aggressive,mid,mixed,63,B_tail_entry_skipped,2026-07-10,BNY,,,,,,
v16,aggressive,mid,mixed,63,B_tail_entry_skipped,2026-07-10,STX,,,,,,
v16,aggressive,mid,mixed,63,B_tail_entry_skipped,2026-07-10,ATEN,,,,,,
v16,aggressive,mid,mixed,63,B_tail_entry_skipped,2026-07-10,ARM,,,,,,
v16,aggressive,mid,mixed,63,B_tail_entry_skipped,2026-07-10,SIMO,,,,,,
v16,aggressive,mid,mixed,63,B_tail_entry_skipped,2026-07-10,VSTS,,,,,,
v16,aggressive,mid,mixed,63,B_tail_entry_skipped,2026-07-10,ECPG,,,,,,
v16,aggressive,mid,mixed,63,B_tail_entry_skipped,2026-07-10,EVC,,,,,,
v16,aggressive,mid,mixed,63,B_tail_entry_skipped,2026-07-10,WDC,,,,,,
v16,aggressive,mid,mixed,63,B_tail_entry_skipped,2026-07-10,TNGX,,,,,,
v16,aggressive,mid,mixed,63,B_tail_entry_skipped,2026-07-17,UUP,,,,,,
v16,aggressive,mid,mixed,63,B_tail_entry_skipped,2026-07-17,ATEX,,,,,,
v16,aggressive,mid,mixed,63,B_tail_entry_skipped,2026-07-17,ORKA,,,,,,
v16,aggressive,mid,mixed,63,B_tail_entry_skipped,2026-07-17,RLAY,,,,,,
v16,aggressive,mid,mixed,63,B_tail_entry_skipped,2026-07-17,BTSG,,,,,,
v16,aggressive,mid,mixed,63,B_tail_entry_skipped,2026-07-17,ATEN,,,,,,
v16,aggressive,mid,mixed,63,B_tail_entry_skipped,2026-07-17,SYRE,,,,,,
v16,aggressive,mid,mixed,63,B_tail_entry_skipped,2026-07-17,TWST,,,,,,
v16,aggressive,mid,mixed,63,B_tail_entry_skipped,2026-07-17,CLYM,,,,,,
v16,aggressive,mid,mixed,63,B_tail_entry_skipped,2026-07-17,BNY,,,,,,
v16,aggressive,mid,mixed,63,B_tail_entry_skipped,2026-07-17,NWPX,,,,,,
v16,aggressive,mid,mixed,63,B_tail_entry_skipped,2026-07-17,EVC,,,,,,
v16,aggressive,mid,mixed,63,B_tail_entry_skipped,2026-07-17,URGN,,,,,,
v16,aggressive,mid,mixed,63,B_tail_entry_skipped,2026-07-17,VSTS,,,,,,
v16,aggressive,mid,mixed,63,B_tail_entry_skipped,2026-07-17,TIGO,,,,,,
v16,aggressive,mid,mixed,63,B_tail_entry_skipped,2026-07-17,NHC,,,,,,
v16,aggressive,mid,mixed,63,B_tail_entry_skipped,2026-07-17,LQDA,,,,,,
v16,aggressive,mid,mixed,63,B_tail_entry_skipped,2026-07-17,HPE,,,,,,
v16,aggressive,mid,mixed,63,B_tail_entry_skipped,2026-07-17,PEB,,,,,,
v16,aggressive,mid,mixed,63,B_tail_entry_skipped,2026-07-17,DCO,,,,,,
v16,aggressive,mid,mixed,63,B_tail_entry_skipped,2026-07-24,UUP,,,,,,
v16,aggressive,mid,mixed,63,B_tail_entry_skipped,2026-07-24,IWX,,,,,,
v16,aggressive,mid,mixed,63,B_tail_entry_skipped,2026-07-24,SYRE,,,,,,
v16,aggressive,mid,mixed,63,B_tail_entry_skipped,2026-07-24,VONV,,,,,,
v16,aggressive,mid,mixed,63,B_tail_entry_skipped,2026-07-24,IWD,,,,,,
v16,aggressive,mid,mixed,63,B_tail_entry_skipped,2026-07-24,ECPG,,,,,,
v16,aggressive,mid,mixed,63,B_tail_entry_skipped,2026-07-24,ETON,,,,,,
v16,aggressive,mid,mixed,63,B_tail_entry_skipped,2026-07-24,BNY,,,,,,
v16,aggressive,mid,mixed,63,B_tail_entry_skipped,2026-07-24,NWPX,,,,,,
v16,aggressive,mid,mixed,63,B_tail_entry_skipped,2026-07-24,HPE,,,,,,
v16,aggressive,mid,mixed,63,B_tail_entry_skipped,2026-07-24,XLF,,,,,,
v16,aggressive,mid,mixed,63,B_tail_entry_skipped,2026-07-24,DELL,,,,,,
v16,aggressive,mid,mixed,63,B_tail_entry_skipped,2026-07-24,DNTH,,,,,,
v16,aggressive,mid,mixed,63,B_tail_entry_skipped,2026-07-24,VFH,,,,,,
v16,aggressive,mid,mixed,63,B_tail_entry_skipped,2026-07-24,VSTS,,,,,,
v16,aggressive,mid,mixed,63,B_tail_entry_skipped,2026-07-24,ROIV,,,,,,
v16,aggressive,mid,mixed,63,B_tail_entry_skipped,2026-07-24,TRVI,,,,,,
v16,aggressive,mid,mixed,63,B_tail_entry_skipped,2026-07-24,ELVN,,,,,,
v16,aggressive,mid,mixed,63,B_tail_entry_skipped,2026-07-24,EVC,,,,,,
v16,aggressive,mid,mixed,63,B_tail_entry_skipped,2026-07-24,RLAY,,,,,,
v16,aggressive,mid,mixed,63,B_tail_entry_skipped,2026-07-31,ATEX,,,,,,
v16,aggressive,mid,mixed,63,B_tail_entry_skipped,2026-07-31,ETON,,,,,,
v16,aggressive,mid,mixed,63,B_tail_entry_skipped,2026-07-31,APGE,,,,,,
v16,aggressive,mid,mixed,63,B_tail_entry_skipped,2026-07-31,PEB,,,,,,
v16,aggressive,mid,mixed,63,B_tail_entry_skipped,2026-07-31,CLMT,,,,,,
v16,aggressive,mid,mixed,63,B_tail_entry_skipped,2026-07-31,TIGO,,,,,,
v16,aggressive,mid,mixed,63,B_tail_entry_skipped,2026-07-31,NHC,,,,,,
v16,aggressive,mid,mixed,63,B_tail_entry_skipped,2026-07-31,TVTX,,,,,,
v16,aggressive,mid,mixed,63,B_tail_entry_skipped,2026-07-31,RVMD,,,,,,
v16,aggressive,mid,mixed,63,B_tail_entry_skipped,2026-07-31,VFLO,,,,,,
v16,aggressive,mid,mixed,63,B_tail_entry_skipped,2026-07-31,DK,,,,,,
v16,aggressive,mid,mixed,63,B_tail_entry_skipped,2026-07-31,FTNT,,,,,,
v16,aggressive,mid,mixed,63,B_tail_entry_skipped,2026-07-31,JAZZ,,,,,,
v16,aggressive,mid,mixed,63,B_tail_entry_skipped,2026-07-31,PANW,,,,,,
v16,aggressive,mid,mixed,63,B_tail_entry_skipped,2026-07-31,TRVI,,,,,,
v16,aggressive,mid,mixed,63,B_tail_entry_skipped,2026-07-31,LQDA,,,,,,
v16,aggressive,mid,mixed,63,B_tail_entry_skipped,2026-07-31,TD,,,,,,
v16,aggressive,mid,mixed,63,B_tail_entry_skipped,2026-07-31,CVS,,,,,,
v16,aggressive,mid,mixed,63,B_tail_entry_skipped,2026-07-31,URGN,,,,,,
v16,aggressive,mid,mixed,63,B_tail_entry_skipped,2026-07-31,RLJ,,,,,,
v16,aggressive,mid,mixed,63,B_tail_entry_skipped,2026-08-07,APGE,,,,,,
v16,aggressive,mid,mixed,63,B_tail_entry_skipped,2026-08-07,XLF,,,,,,
v16,aggressive,mid,mixed,63,B_tail_entry_skipped,2026-08-07,TXG,,,,,,
v16,aggressive,mid,mixed,63,B_tail_entry_skipped,2026-08-07,ETON,,,,,,
v16,aggressive,mid,mixed,63,B_tail_entry_skipped,2026-08-07,IYF,,,,,,
v16,aggressive,mid,mixed,63,B_tail_entry_skipped,2026-08-07,RVMD,,,,,,
v16,aggressive,mid,mixed,63,B_tail_entry_skipped,2026-08-07,LQDA,,,,,,
v16,aggressive,mid,mixed,63,B_tail_entry_skipped,2026-08-07,DNTH,,,,,,
v16,aggressive,mid,mixed,63,B_tail_entry_skipped,2026-08-07,FTCS,,,,,,
v16,aggressive,mid,mixed,63,B_tail_entry_skipped,2026-08-07,NRIX,,,,,,
v16,aggressive,mid,mixed,63,B_tail_entry_skipped,2026-08-07,ELVN,,,,,,
v16,aggressive,mid,mixed,63,B_tail_entry_skipped,2026-08-07,TRVI,,,,,,
v16,aggressive,mid,mixed,63,B_tail_entry_skipped,2026-08-07,GH,,,,,,
v16,aggressive,mid,mixed,63,B_tail_entry_skipped,2026-08-07,VHT,,,,,,
v16,aggressive,mid,mixed,63,B_tail_entry_skipped,2026-08-07,KIE,,,,,,
v16,aggressive,mid,mixed,63,B_tail_entry_skipped,2026-08-07,MBX,,,,,,
v16,aggressive,mid,mixed,63,B_tail_entry_skipped,2026-08-07,LFST,,,,,,
v16,aggressive,mid,mixed,63,B_tail_entry_skipped,2026-08-07,RSP,,,,,,
v16,aggressive,mid,mixed,63,B_tail_entry_skipped,2026-08-07,MNPR,,,,,,
v16,aggressive,mid,mixed,63,B_tail_entry_skipped,2026-08-07,URGN,,,,,,
v16,aggressive,mid,mixed,63,B_tail_entry_skipped,2026-08-14,XLF,,,,,,
v16,aggressive,mid,mixed,63,B_tail_entry_skipped,2026-08-14,VONV,,,,,,
v16,aggressive,mid,mixed,63,B_tail_entry_skipped,2026-08-14,APGE,,,,,,
v16,aggressive,mid,mixed,63,B_tail_entry_skipped,2026-08-14,RLAY,,,,,,
v16,aggressive,mid,mixed,63,B_tail_entry_skipped,2026-08-14,IYF,,,,,,
v16,aggressive,mid,mixed,63,B_tail_entry_skipped,2026-08-14,VFH,,,,,,
v16,aggressive,mid,mixed,63,B_tail_entry_skipped,2026-08-14,STT,,,,,,
v16,aggressive,mid,mixed,63,B_tail_entry_skipped,2026-08-14,IWD,,,,,,
v16,aggressive,mid,mixed,63,B_tail_entry_skipped,2026-08-14,FTNT,,,,,,
v16,aggressive,mid,mixed,63,B_tail_entry_skipped,2026-08-14,SYRE,,,,,,
v16,aggressive,mid,mixed,63,B_tail_entry_skipped,2026-08-14,DGRO,,,,,,
v16,aggressive,mid,mixed,63,B_tail_entry_skipped,2026-08-14,VIG,,,,,,
v16,aggressive,mid,mixed,63,B_tail_entry_skipped,2026-08-14,ECPG,,,,,,
v16,aggressive,mid,mixed,63,B_tail_entry_skipped,2026-08-14,ORKA,,,,,,
v16,aggressive,mid,mixed,63,B_tail_entry_skipped,2026-08-14,URGN,,,,,,
v16,aggressive,mid,mixed,63,B_tail_entry_skipped,2026-08-14,CDNA,,,,,,
v16,aggressive,mid,mixed,63,B_tail_entry_skipped,2026-08-14,TVTX,,,,,,
v16,aggressive,mid,mixed,63,B_tail_entry_skipped,2026-08-14,ELVN,,,,,,
v16,aggressive,mid,mixed,63,B_tail_entry_skipped,2026-08-14,RVMD,,,,,,
v16,aggressive,mid,mixed,63,B_tail_entry_skipped,2026-08-14,PVAL,,,,,,
v16,aggressive,mid,mixed,63,B_tail_entry_skipped,2026-08-21,TXG,,,,,,
v16,aggressive,mid,mixed,63,B_tail_entry_skipped,2026-08-21,MRVI,,,,,,
v16,aggressive,mid,mixed,63,B_tail_entry_skipped,2026-08-21,ELVN,,,,,,
v16,aggressive,mid,mixed,63,B_tail_entry_skipped,2026-08-21,USMV,,,,,,
v16,aggressive,mid,mixed,63,B_tail_entry_skipped,2026-08-21,TWST,,,,,,
v16,aggressive,mid,mixed,63,B_tail_entry_skipped,2026-08-21,APGE,,,,,,
v16,aggressive,mid,mixed,63,B_tail_entry_skipped,2026-08-21,URGN,,,,,,
v16,aggressive,mid,mixed,63,B_tail_entry_skipped,2026-08-21,MOAT,,,,,,
v16,aggressive,mid,mixed,63,B_tail_entry_skipped,2026-08-21,TVTX,,,,,,
v16,aggressive,mid,mixed,63,B_tail_entry_skipped,2026-08-21,BJRI,,,,,,
v16,aggressive,mid,mixed,63,B_tail_entry_skipped,2026-08-21,CDNA,,,,,,
v16,aggressive,mid,mixed,63,B_tail_entry_skipped,2026-08-21,JEPI,,,,,,
v16,aggressive,mid,mixed,63,B_tail_entry_skipped,2026-08-21,XNCR,,,,,,
v16,aggressive,mid,mixed,63,B_tail_entry_skipped,2026-08-21,IYF,,,,,,
v16,aggressive,mid,mixed,63,B_tail_entry_skipped,2026-08-21,BFLY,,,,,,
v16,aggressive,mid,mixed,63,B_tail_entry_skipped,2026-08-21,ETON,,,,,,
v16,aggressive,mid,mixed,63,B_tail_entry_skipped,2026-08-21,CXW,,,,,,
v16,aggressive,mid,mixed,63,B_tail_entry_skipped,2026-08-21,RVMD,,,,,,
v16,aggressive,mid,mixed,63,B_tail_entry_skipped,2026-08-21,ORKA,,,,,,
v16,aggressive,mid,mixed,63,B_tail_entry_skipped,2026-08-21,VOE,,,,,,
v16,aggressive,mid,mixed,63,B_tail_entry_skipped,2026-08-28,TXG,,,,,,
v16,aggressive,mid,mixed,63,B_tail_entry_skipped,2026-08-28,JEPI,,,,,,
v16,aggressive,mid,mixed,63,B_tail_entry_skipped,2026-08-28,MPC,,,,,,
v16,aggressive,mid,mixed,63,B_tail_entry_skipped,2026-08-28,DINO,,,,,,
v16,aggressive,mid,mixed,63,B_tail_entry_skipped,2026-08-28,BKLN,,,,,,
v16,aggressive,mid,mixed,63,B_tail_entry_skipped,2026-08-28,RSP,,,,,,
v16,aggressive,mid,mixed,63,B_tail_entry_skipped,2026-08-28,VO,,,,,,
v16,aggressive,mid,mixed,63,B_tail_entry_skipped,2026-08-28,TWST,,,,,,
v16,aggressive,mid,mixed,63,B_tail_entry_skipped,2026-08-28,DK,,,,,,
v16,aggressive,mid,mixed,63,B_tail_entry_skipped,2026-08-28,PBF,,,,,,
v16,aggressive,mid,mixed,63,B_tail_entry_skipped,2026-08-28,MOAT,,,,,,
v16,aggressive,mid,mixed,63,B_tail_entry_skipped,2026-08-28,VONV,,,,,,
v16,aggressive,mid,mixed,63,B_tail_entry_skipped,2026-08-28,NRIX,,,,,,
v16,aggressive,mid,mixed,63,B_tail_entry_skipped,2026-08-28,IYF,,,,,,
v16,aggressive,mid,mixed,63,B_tail_entry_skipped,2026-08-28,IWD,,,,,,
v16,aggressive,mid,mixed,63,B_tail_entry_skipped,2026-08-28,CAKE,,,,,,
v16,aggressive,mid,mixed,63,B_tail_entry_skipped,2026-08-28,VTV,,,,,,
v16,aggressive,mid,mixed,63,B_tail_entry_skipped,2026-08-28,XNCR,,,,,,
v16,aggressive,mid,mixed,63,B_tail_entry_skipped,2026-08-28,APGE,,,,,,
v16,aggressive,mid,mixed,63,B_tail_entry_skipped,2026-08-28,BNY,,,,,,
v16,aggressive,mid,mixed,63,B_tail_entry_skipped,2026-09-04,CDNA,,,,,,
v16,aggressive,mid,mixed,63,B_tail_entry_skipped,2026-09-04,USMV,,,,,,
v16,aggressive,mid,mixed,63,B_tail_entry_skipped,2026-09-04,TXG,,,,,,
v16,aggressive,mid,mixed,63,B_tail_entry_skipped,2026-09-04,ETON,,,,,,
v16,aggressive,mid,mixed,63,B_tail_entry_skipped,2026-09-04,SRLN,,,,,,
v16,aggressive,mid,mixed,63,B_tail_entry_skipped,2026-09-04,STT,,,,,,
v16,aggressive,mid,mixed,63,B_tail_entry_skipped,2026-09-04,TWST,,,,,,
v16,aggressive,mid,mixed,63,B_tail_entry_skipped,2026-09-04,RVMD,,,,,,
v16,aggressive,mid,mixed,63,B_tail_entry_skipped,2026-09-04,XLF,,,,,,
v16,aggressive,mid,mixed,63,B_tail_entry_skipped,2026-09-04,BKLN,,,,,,
v16,aggressive,mid,mixed,63,B_tail_entry_skipped,2026-09-04,VFH,,,,,,
v16,aggressive,mid,mixed,63,B_tail_entry_skipped,2026-09-04,GH,,,,,,
v16,aggressive,mid,mixed,63,B_tail_entry_skipped,2026-09-04,CLYM,,,,,,
v16,aggressive,mid,mixed,63,B_tail_entry_skipped,2026-09-04,PLSE,,,,,,
v16,aggressive,mid,mixed,63,B_tail_entry_skipped,2026-09-04,XNCR,,,,,,
v16,aggressive,mid,mixed,63,B_tail_entry_skipped,2026-09-04,NRIX,,,,,,
v16,aggressive,mid,mixed,63,B_tail_entry_skipped,2026-09-04,JEPI,,,,,,
v16,aggressive,mid,mixed,63,B_tail_entry_skipped,2026-09-04,ILMN,,,,,,
v16,aggressive,mid,mixed,63,B_tail_entry_skipped,2026-09-04,ATAI,,,,,,
v16,aggressive,mid,mixed,63,B_tail_entry_skipped,2026-09-04,AMLX,,,,,,
v16,aggressive,mid,mixed,63,B_tail_entry_skipped,2026-09-14,TXG,,,,,,
v16,aggressive,mid,mixed,63,B_tail_entry_skipped,2026-09-14,CDNA,,,,,,
v16,aggressive,mid,mixed,63,B_tail_entry_skipped,2026-09-14,BKLN,,,,,,
v16,aggressive,mid,mixed,63,B_tail_entry_skipped,2026-09-14,TWST,,,,,,
v16,aggressive,mid,mixed,63,B_tail_entry_skipped,2026-09-14,PLSE,,,,,,
v16,aggressive,mid,mixed,63,B_tail_entry_skipped,2026-09-14,CLMT,,,,,,
v16,aggressive,mid,mixed,63,B_tail_entry_skipped,2026-09-14,NEO,,,,,,
v16,aggressive,mid,mixed,63,B_tail_entry_skipped,2026-09-14,PTGX,,,,,,
v16,aggressive,mid,mixed,63,B_tail_entry_skipped,2026-09-14,VFLO,,,,,,
v16,aggressive,mid,mixed,63,B_tail_entry_skipped,2026-09-14,FTNT,,,,,,
v16,aggressive,mid,mixed,63,B_tail_entry_skipped,2026-09-14,SRLN,,,,,,
v16,aggressive,mid,mixed,63,B_tail_entry_skipped,2026-09-14,MPC,,,,,,
v16,aggressive,mid,mixed,63,B_tail_entry_skipped,2026-09-14,CRWD,,,,,,
v16,aggressive,mid,mixed,63,B_tail_entry_skipped,2026-09-14,CHEF,,,,,,
v16,aggressive,mid,mixed,63,B_tail_entry_skipped,2026-09-14,RVMD,,,,,,
v16,aggressive,mid,mixed,63,B_tail_entry_skipped,2026-09-14,ECO,,,,,,
v16,aggressive,mid,mixed,63,B_tail_entry_skipped,2026-09-14,MATX,,,,,,
v16,aggressive,mid,mixed,63,B_tail_entry_skipped,2026-09-14,RNG,,,,,,
v16,aggressive,mid,mixed,63,B_tail_entry_skipped,2026-09-14,DELL,,,,,,
v16,aggressive,mid,mixed,63,B_tail_entry_skipped,2026-09-14,INSW,,,,,,
v16,aggressive,mid,stock,63,B_tail_entry_skipped,2026-07-02,AMD,,,,,,
v16,aggressive,mid,stock,63,B_tail_entry_skipped,2026-07-02,KLIC,,,,,,
v16,aggressive,mid,stock,63,B_tail_entry_skipped,2026-07-02,SIMO,,,,,,
v16,aggressive,mid,stock,63,B_tail_entry_skipped,2026-07-02,ATEX,,,,,,
v16,aggressive,mid,stock,63,B_tail_entry_skipped,2026-07-02,MTRN,,,,,,
v16,aggressive,mid,stock,63,B_tail_entry_skipped,2026-07-02,NWPX,,,,,,
v16,aggressive,mid,stock,63,B_tail_entry_skipped,2026-07-02,INTC,,,,,,
v16,aggressive,mid,stock,63,B_tail_entry_skipped,2026-07-02,UMC,,,,,,
v16,aggressive,mid,stock,63,B_tail_entry_skipped,2026-07-02,BNY,,,,,,
v16,aggressive,mid,stock,63,B_tail_entry_skipped,2026-07-02,AMAT,,,,,,
v16,aggressive,mid,stock,63,B_tail_entry_skipped,2026-07-02,DELL,,,,,,
v16,aggressive,mid,stock,63,B_tail_entry_skipped,2026-07-02,SYRE,,,,,,
v16,aggressive,mid,stock,63,B_tail_entry_skipped,2026-07-02,PLXS,,,,,,
v16,aggressive,mid,stock,63,B_tail_entry_skipped,2026-07-02,ATEN,,,,,,
v16,aggressive,mid,stock,63,B_tail_entry_skipped,2026-07-02,BAND,,,,,,
v16,aggressive,mid,stock,63,B_tail_entry_skipped,2026-07-02,BTSG,,,,,,
v16,aggressive,mid,stock,63,B_tail_entry_skipped,2026-07-02,AXSM,,,,,,
v16,aggressive,mid,stock,63,B_tail_entry_skipped,2026-07-02,DCO,,,,,,
v16,aggressive,mid,stock,63,B_tail_entry_skipped,2026-07-02,TXG,,,,,,
v16,aggressive,mid,stock,63,B_tail_entry_skipped,2026-07-02,EVC,,,,,,
v16,aggressive,mid,stock,63,B_tail_entry_skipped,2026-07-10,ATEX,,,,,,
v16,aggressive,mid,stock,63,B_tail_entry_skipped,2026-07-10,NWPX,,,,,,
v16,aggressive,mid,stock,63,B_tail_entry_skipped,2026-07-10,STM,,,,,,
v16,aggressive,mid,stock,63,B_tail_entry_skipped,2026-07-10,LQDA,,,,,,
v16,aggressive,mid,stock,63,B_tail_entry_skipped,2026-07-10,MTRN,,,,,,
v16,aggressive,mid,stock,63,B_tail_entry_skipped,2026-07-10,BTSG,,,,,,
v16,aggressive,mid,stock,63,B_tail_entry_skipped,2026-07-10,BB,,,,,,
v16,aggressive,mid,stock,63,B_tail_entry_skipped,2026-07-10,UMC,,,,,,
v16,aggressive,mid,stock,63,B_tail_entry_skipped,2026-07-10,MEC,,,,,,
v16,aggressive,mid,stock,63,B_tail_entry_skipped,2026-07-10,MU,,,,,,
v16,aggressive,mid,stock,63,B_tail_entry_skipped,2026-07-10,BNY,,,,,,
v16,aggressive,mid,stock,63,B_tail_entry_skipped,2026-07-10,STX,,,,,,
v16,aggressive,mid,stock,63,B_tail_entry_skipped,2026-07-10,ATEN,,,,,,
v16,aggressive,mid,stock,63,B_tail_entry_skipped,2026-07-10,ARM,,,,,,
v16,aggressive,mid,stock,63,B_tail_entry_skipped,2026-07-10,SIMO,,,,,,
v16,aggressive,mid,stock,63,B_tail_entry_skipped,2026-07-10,VSTS,,,,,,
v16,aggressive,mid,stock,63,B_tail_entry_skipped,2026-07-10,ECPG,,,,,,
v16,aggressive,mid,stock,63,B_tail_entry_skipped,2026-07-10,EVC,,,,,,
v16,aggressive,mid,stock,63,B_tail_entry_skipped,2026-07-10,WDC,,,,,,
v16,aggressive,mid,stock,63,B_tail_entry_skipped,2026-07-10,TNGX,,,,,,
v16,aggressive,mid,stock,63,B_tail_entry_skipped,2026-07-17,ATEX,,,,,,
v16,aggressive,mid,stock,63,B_tail_entry_skipped,2026-07-17,ORKA,,,,,,
v16,aggressive,mid,stock,63,B_tail_entry_skipped,2026-07-17,RLAY,,,,,,
v16,aggressive,mid,stock,63,B_tail_entry_skipped,2026-07-17,BTSG,,,,,,
v16,aggressive,mid,stock,63,B_tail_entry_skipped,2026-07-17,ATEN,,,,,,
v16,aggressive,mid,stock,63,B_tail_entry_skipped,2026-07-17,SYRE,,,,,,
v16,aggressive,mid,stock,63,B_tail_entry_skipped,2026-07-17,TWST,,,,,,
v16,aggressive,mid,stock,63,B_tail_entry_skipped,2026-07-17,CLYM,,,,,,
v16,aggressive,mid,stock,63,B_tail_entry_skipped,2026-07-17,BNY,,,,,,
v16,aggressive,mid,stock,63,B_tail_entry_skipped,2026-07-17,NWPX,,,,,,
v16,aggressive,mid,stock,63,B_tail_entry_skipped,2026-07-17,EVC,,,,,,
v16,aggressive,mid,stock,63,B_tail_entry_skipped,2026-07-17,URGN,,,,,,
v16,aggressive,mid,stock,63,B_tail_entry_skipped,2026-07-17,VSTS,,,,,,
v16,aggressive,mid,stock,63,B_tail_entry_skipped,2026-07-17,TIGO,,,,,,
v16,aggressive,mid,stock,63,B_tail_entry_skipped,2026-07-17,NHC,,,,,,
v16,aggressive,mid,stock,63,B_tail_entry_skipped,2026-07-17,LQDA,,,,,,
v16,aggressive,mid,stock,63,B_tail_entry_skipped,2026-07-17,HPE,,,,,,
v16,aggressive,mid,stock,63,B_tail_entry_skipped,2026-07-17,PEB,,,,,,
v16,aggressive,mid,stock,63,B_tail_entry_skipped,2026-07-17,DCO,,,,,,
v16,aggressive,mid,stock,63,B_tail_entry_skipped,2026-07-17,MITK,,,,,,
v16,aggressive,mid,stock,63,B_tail_entry_skipped,2026-07-24,SYRE,,,,,,
v16,aggressive,mid,stock,63,B_tail_entry_skipped,2026-07-24,ECPG,,,,,,
v16,aggressive,mid,stock,63,B_tail_entry_skipped,2026-07-24,ETON,,,,,,
v16,aggressive,mid,stock,63,B_tail_entry_skipped,2026-07-24,BNY,,,,,,
v16,aggressive,mid,stock,63,B_tail_entry_skipped,2026-07-24,NWPX,,,,,,
v16,aggressive,mid,stock,63,B_tail_entry_skipped,2026-07-24,HPE,,,,,,
v16,aggressive,mid,stock,63,B_tail_entry_skipped,2026-07-24,DELL,,,,,,
v16,aggressive,mid,stock,63,B_tail_entry_skipped,2026-07-24,DNTH,,,,,,
v16,aggressive,mid,stock,63,B_tail_entry_skipped,2026-07-24,VSTS,,,,,,
v16,aggressive,mid,stock,63,B_tail_entry_skipped,2026-07-24,ROIV,,,,,,
v16,aggressive,mid,stock,63,B_tail_entry_skipped,2026-07-24,TRVI,,,,,,
v16,aggressive,mid,stock,63,B_tail_entry_skipped,2026-07-24,ELVN,,,,,,
v16,aggressive,mid,stock,63,B_tail_entry_skipped,2026-07-24,EVC,,,,,,
v16,aggressive,mid,stock,63,B_tail_entry_skipped,2026-07-24,RLAY,,,,,,
v16,aggressive,mid,stock,63,B_tail_entry_skipped,2026-07-24,STT,,,,,,
v16,aggressive,mid,stock,63,B_tail_entry_skipped,2026-07-24,RVMD,,,,,,
v16,aggressive,mid,stock,63,B_tail_entry_skipped,2026-07-24,LQDA,,,,,,
v16,aggressive,mid,stock,63,B_tail_entry_skipped,2026-07-24,WTTR,,,,,,
v16,aggressive,mid,stock,63,B_tail_entry_skipped,2026-07-24,JAZZ,,,,,,
v16,aggressive,mid,stock,63,B_tail_entry_skipped,2026-07-24,RSI,,,,,,
v16,aggressive,mid,stock,63,B_tail_entry_skipped,2026-07-31,ATEX,,,,,,
v16,aggressive,mid,stock,63,B_tail_entry_skipped,2026-07-31,ETON,,,,,,
v16,aggressive,mid,stock,63,B_tail_entry_skipped,2026-07-31,APGE,,,,,,
v16,aggressive,mid,stock,63,B_tail_entry_skipped,2026-07-31,PEB,,,,,,
v16,aggressive,mid,stock,63,B_tail_entry_skipped,2026-07-31,CLMT,,,,,,
v16,aggressive,mid,stock,63,B_tail_entry_skipped,2026-07-31,TIGO,,,,,,
v16,aggressive,mid,stock,63,B_tail_entry_skipped,2026-07-31,NHC,,,,,,
v16,aggressive,mid,stock,63,B_tail_entry_skipped,2026-07-31,TVTX,,,,,,
v16,aggressive,mid,stock,63,B_tail_entry_skipped,2026-07-31,RVMD,,,,,,
v16,aggressive,mid,stock,63,B_tail_entry_skipped,2026-07-31,DK,,,,,,
v16,aggressive,mid,stock,63,B_tail_entry_skipped,2026-07-31,FTNT,,,,,,
v16,aggressive,mid,stock,63,B_tail_entry_skipped,2026-07-31,JAZZ,,,,,,
v16,aggressive,mid,stock,63,B_tail_entry_skipped,2026-07-31,PANW,,,,,,
v16,aggressive,mid,stock,63,B_tail_entry_skipped,2026-07-31,TRVI,,,,,,
v16,aggressive,mid,stock,63,B_tail_entry_skipped,2026-07-31,LQDA,,,,,,
v16,aggressive,mid,stock,63,B_tail_entry_skipped,2026-07-31,TD,,,,,,
v16,aggressive,mid,stock,63,B_tail_entry_skipped,2026-07-31,CVS,,,,,,
v16,aggressive,mid,stock,63,B_tail_entry_skipped,2026-07-31,URGN,,,,,,
v16,aggressive,mid,stock,63,B_tail_entry_skipped,2026-07-31,RLJ,,,,,,
v16,aggressive,mid,stock,63,B_tail_entry_skipped,2026-07-31,HNGE,,,,,,
v16,aggressive,mid,stock,63,B_tail_entry_skipped,2026-08-07,APGE,,,,,,
v16,aggressive,mid,stock,63,B_tail_entry_skipped,2026-08-07,TXG,,,,,,
v16,aggressive,mid,stock,63,B_tail_entry_skipped,2026-08-07,ETON,,,,,,
v16,aggressive,mid,stock,63,B_tail_entry_skipped,2026-08-07,RVMD,,,,,,
v16,aggressive,mid,stock,63,B_tail_entry_skipped,2026-08-07,LQDA,,,,,,
v16,aggressive,mid,stock,63,B_tail_entry_skipped,2026-08-07,DNTH,,,,,,
v16,aggressive,mid,stock,63,B_tail_entry_skipped,2026-08-07,NRIX,,,,,,
v16,aggressive,mid,stock,63,B_tail_entry_skipped,2026-08-07,ELVN,,,,,,
v16,aggressive,mid,stock,63,B_tail_entry_skipped,2026-08-07,TRVI,,,,,,
v16,aggressive,mid,stock,63,B_tail_entry_skipped,2026-08-07,GH,,,,,,
v16,aggressive,mid,stock,63,B_tail_entry_skipped,2026-08-07,MBX,,,,,,
v16,aggressive,mid,stock,63,B_tail_entry_skipped,2026-08-07,LFST,,,,,,
v16,aggressive,mid,stock,63,B_tail_entry_skipped,2026-08-07,MNPR,,,,,,
v16,aggressive,mid,stock,63,B_tail_entry_skipped,2026-08-07,URGN,,,,,,
v16,aggressive,mid,stock,63,B_tail_entry_skipped,2026-08-07,ORKA,,,,,,
v16,aggressive,mid,stock,63,B_tail_entry_skipped,2026-08-07,PSNL,,,,,,
v16,aggressive,mid,stock,63,B_tail_entry_skipped,2026-08-07,DGII,,,,,,
v16,aggressive,mid,stock,63,B_tail_entry_skipped,2026-08-07,CDNA,,,,,,
v16,aggressive,mid,stock,63,B_tail_entry_skipped,2026-08-07,NTAP,,,,,,
v16,aggressive,mid,stock,63,B_tail_entry_skipped,2026-08-07,HNGE,,,,,,
v16,aggressive,mid,stock,63,B_tail_entry_skipped,2026-08-14,APGE,,,,,,
v16,aggressive,mid,stock,63,B_tail_entry_skipped,2026-08-14,RLAY,,,,,,
v16,aggressive,mid,stock,63,B_tail_entry_skipped,2026-08-14,STT,,,,,,
v16,aggressive,mid,stock,63,B_tail_entry_skipped,2026-08-14,FTNT,,,,,,
v16,aggressive,mid,stock,63,B_tail_entry_skipped,2026-08-14,SYRE,,,,,,
v16,aggressive,mid,stock,63,B_tail_entry_skipped,2026-08-14,ECPG,,,,,,
v16,aggressive,mid,stock,63,B_tail_entry_skipped,2026-08-14,ORKA,,,,,,
v16,aggressive,mid,stock,63,B_tail_entry_skipped,2026-08-14,URGN,,,,,,
v16,aggressive,mid,stock,63,B_tail_entry_skipped,2026-08-14,CDNA,,,,,,
v16,aggressive,mid,stock,63,B_tail_entry_skipped,2026-08-14,TVTX,,,,,,
v16,aggressive,mid,stock,63,B_tail_entry_skipped,2026-08-14,ELVN,,,,,,
v16,aggressive,mid,stock,63,B_tail_entry_skipped,2026-08-14,RVMD,,,,,,
v16,aggressive,mid,stock,63,B_tail_entry_skipped,2026-08-14,DELL,,,,,,
v16,aggressive,mid,stock,63,B_tail_entry_skipped,2026-08-14,AAMI,,,,,,
v16,aggressive,mid,stock,63,B_tail_entry_skipped,2026-08-14,LGND,,,,,,
v16,aggressive,mid,stock,63,B_tail_entry_skipped,2026-08-14,TXG,,,,,,
v16,aggressive,mid,stock,63,B_tail_entry_skipped,2026-08-14,PANW,,,,,,
v16,aggressive,mid,stock,63,B_tail_entry_skipped,2026-08-14,SLS,,,,,,
v16,aggressive,mid,stock,63,B_tail_entry_skipped,2026-08-14,PBF,,,,,,
v16,aggressive,mid,stock,63,B_tail_entry_skipped,2026-08-14,BNY,,,,,,
v16,aggressive,mid,stock,63,B_tail_entry_skipped,2026-08-21,TXG,,,,,,
v16,aggressive,mid,stock,63,B_tail_entry_skipped,2026-08-21,MRVI,,,,,,
v16,aggressive,mid,stock,63,B_tail_entry_skipped,2026-08-21,ELVN,,,,,,
v16,aggressive,mid,stock,63,B_tail_entry_skipped,2026-08-21,TWST,,,,,,
v16,aggressive,mid,stock,63,B_tail_entry_skipped,2026-08-21,APGE,,,,,,
v16,aggressive,mid,stock,63,B_tail_entry_skipped,2026-08-21,URGN,,,,,,
v16,aggressive,mid,stock,63,B_tail_entry_skipped,2026-08-21,TVTX,,,,,,
v16,aggressive,mid,stock,63,B_tail_entry_skipped,2026-08-21,BJRI,,,,,,
v16,aggressive,mid,stock,63,B_tail_entry_skipped,2026-08-21,CDNA,,,,,,
v16,aggressive,mid,stock,63,B_tail_entry_skipped,2026-08-21,XNCR,,,,,,
v16,aggressive,mid,stock,63,B_tail_entry_skipped,2026-08-21,BFLY,,,,,,
v16,aggressive,mid,stock,63,B_tail_entry_skipped,2026-08-21,ETON,,,,,,
v16,aggressive,mid,stock,63,B_tail_entry_skipped,2026-08-21,CXW,,,,,,
v16,aggressive,mid,stock,63,B_tail_entry_skipped,2026-08-21,RVMD,,,,,,
v16,aggressive,mid,stock,63,B_tail_entry_skipped,2026-08-21,ORKA,,,,,,
v16,aggressive,mid,stock,63,B_tail_entry_skipped,2026-08-21,AAMI,,,,,,
v16,aggressive,mid,stock,63,B_tail_entry_skipped,2026-08-21,NEO,,,,,,
v16,aggressive,mid,stock,63,B_tail_entry_skipped,2026-08-21,NHC,,,,,,
v16,aggressive,mid,stock,63,B_tail_entry_skipped,2026-08-21,DYN,,,,,,
v16,aggressive,mid,stock,63,B_tail_entry_skipped,2026-08-21,REPL,,,,,,
v16,aggressive,mid,stock,63,B_tail_entry_skipped,2026-08-28,TXG,,,,,,
v16,aggressive,mid,stock,63,B_tail_entry_skipped,2026-08-28,MPC,,,,,,
v16,aggressive,mid,stock,63,B_tail_entry_skipped,2026-08-28,DINO,,,,,,
v16,aggressive,mid,stock,63,B_tail_entry_skipped,2026-08-28,TWST,,,,,,
v16,aggressive,mid,stock,63,B_tail_entry_skipped,2026-08-28,DK,,,,,,
v16,aggressive,mid,stock,63,B_tail_entry_skipped,2026-08-28,PBF,,,,,,
v16,aggressive,mid,stock,63,B_tail_entry_skipped,2026-08-28,NRIX,,,,,,
v16,aggressive,mid,stock,63,B_tail_entry_skipped,2026-08-28,CAKE,,,,,,
v16,aggressive,mid,stock,63,B_tail_entry_skipped,2026-08-28,XNCR,,,,,,
v16,aggressive,mid,stock,63,B_tail_entry_skipped,2026-08-28,APGE,,,,,,
v16,aggressive,mid,stock,63,B_tail_entry_skipped,2026-08-28,BNY,,,,,,
v16,aggressive,mid,stock,63,B_tail_entry_skipped,2026-08-28,DELL,,,,,,
v16,aggressive,mid,stock,63,B_tail_entry_skipped,2026-08-28,CDNA,,,,,,
v16,aggressive,mid,stock,63,B_tail_entry_skipped,2026-08-28,MRVI,,,,,,
v16,aggressive,mid,stock,63,B_tail_entry_skipped,2026-08-28,HPE,,,,,,
v16,aggressive,mid,stock,63,B_tail_entry_skipped,2026-08-28,ETON,,,,,,
v16,aggressive,mid,stock,63,B_tail_entry_skipped,2026-08-28,NEO,,,,,,
v16,aggressive,mid,stock,63,B_tail_entry_skipped,2026-08-28,SPCX,,,,,,
v16,aggressive,mid,stock,63,B_tail_entry_skipped,2026-08-28,KNSA,,,,,,
v16,aggressive,mid,stock,63,B_tail_entry_skipped,2026-08-28,CLBK,,,,,,
v16,aggressive,mid,stock,63,B_tail_entry_skipped,2026-09-04,CDNA,,,,,,
v16,aggressive,mid,stock,63,B_tail_entry_skipped,2026-09-04,TXG,,,,,,
v16,aggressive,mid,stock,63,B_tail_entry_skipped,2026-09-04,ETON,,,,,,
v16,aggressive,mid,stock,63,B_tail_entry_skipped,2026-09-04,STT,,,,,,
v16,aggressive,mid,stock,63,B_tail_entry_skipped,2026-09-04,TWST,,,,,,
v16,aggressive,mid,stock,63,B_tail_entry_skipped,2026-09-04,RVMD,,,,,,
v16,aggressive,mid,stock,63,B_tail_entry_skipped,2026-09-04,GH,,,,,,
v16,aggressive,mid,stock,63,B_tail_entry_skipped,2026-09-04,CLYM,,,,,,
v16,aggressive,mid,stock,63,B_tail_entry_skipped,2026-09-04,PLSE,,,,,,
v16,aggressive,mid,stock,63,B_tail_entry_skipped,2026-09-04,XNCR,,,,,,
v16,aggressive,mid,stock,63,B_tail_entry_skipped,2026-09-04,NRIX,,,,,,
v16,aggressive,mid,stock,63,B_tail_entry_skipped,2026-09-04,ILMN,,,,,,
v16,aggressive,mid,stock,63,B_tail_entry_skipped,2026-09-04,ATAI,,,,,,
v16,aggressive,mid,stock,63,B_tail_entry_skipped,2026-09-04,AMLX,,,,,,
v16,aggressive,mid,stock,63,B_tail_entry_skipped,2026-09-04,CAKE,,,,,,
v16,aggressive,mid,stock,63,B_tail_entry_skipped,2026-09-04,MNPR,,,,,,
v16,aggressive,mid,stock,63,B_tail_entry_skipped,2026-09-04,DELL,,,,,,
v16,aggressive,mid,stock,63,B_tail_entry_skipped,2026-09-04,URGN,,,,,,
v16,aggressive,mid,stock,63,B_tail_entry_skipped,2026-09-04,NTAP,,,,,,
v16,aggressive,mid,stock,63,B_tail_entry_skipped,2026-09-04,VLO,,,,,,
v16,aggressive,mid,stock,63,B_tail_entry_skipped,2026-09-14,TXG,,,,,,
v16,aggressive,mid,stock,63,B_tail_entry_skipped,2026-09-14,CDNA,,,,,,
v16,aggressive,mid,stock,63,B_tail_entry_skipped,2026-09-14,TWST,,,,,,
v16,aggressive,mid,stock,63,B_tail_entry_skipped,2026-09-14,PLSE,,,,,,
v16,aggressive,mid,stock,63,B_tail_entry_skipped,2026-09-14,CLMT,,,,,,
v16,aggressive,mid,stock,63,B_tail_entry_skipped,2026-09-14,NEO,,,,,,
v16,aggressive,mid,stock,63,B_tail_entry_skipped,2026-09-14,PTGX,,,,,,
v16,aggressive,mid,stock,63,B_tail_entry_skipped,2026-09-14,FTNT,,,,,,
v16,aggressive,mid,stock,63,B_tail_entry_skipped,2026-09-14,MPC,,,,,,
v16,aggressive,mid,stock,63,B_tail_entry_skipped,2026-09-14,CRWD,,,,,,
v16,aggressive,mid,stock,63,B_tail_entry_skipped,2026-09-14,CHEF,,,,,,
v16,aggressive,mid,stock,63,B_tail_entry_skipped,2026-09-14,RVMD,,,,,,
v16,aggressive,mid,stock,63,B_tail_entry_skipped,2026-09-14,ECO,,,,,,
v16,aggressive,mid,stock,63,B_tail_entry_skipped,2026-09-14,MATX,,,,,,
v16,aggressive,mid,stock,63,B_tail_entry_skipped,2026-09-14,RNG,,,,,,
v16,aggressive,mid,stock,63,B_tail_entry_skipped,2026-09-14,DELL,,,,,,
v16,aggressive,mid,stock,63,B_tail_entry_skipped,2026-09-14,INSW,,,,,,
v16,aggressive,mid,stock,63,B_tail_entry_skipped,2026-09-14,ABCL,,,,,,
v16,aggressive,mid,stock,63,B_tail_entry_skipped,2026-09-14,GH,,,,,,
v16,aggressive,mid,stock,63,B_tail_entry_skipped,2026-09-14,VLO,,,,,,
v16,aggressive,short,mixed,63,B_tail_entry_skipped,2026-07-02,AMD,,,,,,
v16,aggressive,short,mixed,63,B_tail_entry_skipped,2026-07-02,ATEX,,,,,,
v16,aggressive,short,mixed,63,B_tail_entry_skipped,2026-07-02,MTRN,,,,,,
v16,aggressive,short,mixed,63,B_tail_entry_skipped,2026-07-02,KLIC,,,,,,
v16,aggressive,short,mixed,63,B_tail_entry_skipped,2026-07-02,SIMO,,,,,,
v16,aggressive,short,mixed,63,B_tail_entry_skipped,2026-07-02,ATEN,,,,,,
v16,aggressive,short,mixed,63,B_tail_entry_skipped,2026-07-02,TWST,,,,,,
v16,aggressive,short,mixed,63,B_tail_entry_skipped,2026-07-02,UMC,,,,,,
v16,aggressive,short,mixed,63,B_tail_entry_skipped,2026-07-02,NWPX,,,,,,
v16,aggressive,short,mixed,63,B_tail_entry_skipped,2026-07-02,SEZL,,,,,,
v16,aggressive,short,mixed,63,B_tail_entry_skipped,2026-07-02,INTC,,,,,,
v16,aggressive,short,mixed,63,B_tail_entry_skipped,2026-07-02,ABSI,,,,,,
v16,aggressive,short,mixed,63,B_tail_entry_skipped,2026-07-02,MGV,,,,,,
v16,aggressive,short,mixed,63,B_tail_entry_skipped,2026-07-02,AMAT,,,,,,
v16,aggressive,short,mixed,63,B_tail_entry_skipped,2026-07-02,BNY,,,,,,
v16,aggressive,short,mixed,63,B_tail_entry_skipped,2026-07-02,UUP,,,,,,
v16,aggressive,short,mixed,63,B_tail_entry_skipped,2026-07-02,DVA,,,,,,
v16,aggressive,short,mixed,63,B_tail_entry_skipped,2026-07-02,DCO,,,,,,
v16,aggressive,short,mixed,63,B_tail_entry_skipped,2026-07-02,IWD,,,,,,
v16,aggressive,short,mixed,63,B_tail_entry_skipped,2026-07-02,ALKS,,,,,,
v16,aggressive,short,mixed,63,B_tail_entry_skipped,2026-07-10,ATEX,,,,,,
v16,aggressive,short,mixed,63,B_tail_entry_skipped,2026-07-10,STM,,,,,,
v16,aggressive,short,mixed,63,B_tail_entry_skipped,2026-07-10,CORT,,,,,,
v16,aggressive,short,mixed,63,B_tail_entry_skipped,2026-07-10,NWPX,,,,,,
v16,aggressive,short,mixed,63,B_tail_entry_skipped,2026-07-10,BB,,,,,,
v16,aggressive,short,mixed,63,B_tail_entry_skipped,2026-07-10,EXTR,,,,,,
v16,aggressive,short,mixed,63,B_tail_entry_skipped,2026-07-10,ATEN,,,,,,
v16,aggressive,short,mixed,63,B_tail_entry_skipped,2026-07-10,AGL,,,,,,
v16,aggressive,short,mixed,63,B_tail_entry_skipped,2026-07-10,PBI,,,,,,
v16,aggressive,short,mixed,63,B_tail_entry_skipped,2026-07-10,MEC,,,,,,
v16,aggressive,short,mixed,63,B_tail_entry_skipped,2026-07-10,UMC,,,,,,
v16,aggressive,short,mixed,63,B_tail_entry_skipped,2026-07-10,BTSG,,,,,,
v16,aggressive,short,mixed,63,B_tail_entry_skipped,2026-07-10,FFIV,,,,,,
v16,aggressive,short,mixed,63,B_tail_entry_skipped,2026-07-10,CON,,,,,,
v16,aggressive,short,mixed,63,B_tail_entry_skipped,2026-07-10,DVA,,,,,,
v16,aggressive,short,mixed,63,B_tail_entry_skipped,2026-07-10,ARM,,,,,,
v16,aggressive,short,mixed,63,B_tail_entry_skipped,2026-07-10,MTRN,,,,,,
v16,aggressive,short,mixed,63,B_tail_entry_skipped,2026-07-10,RLJ,,,,,,
v16,aggressive,short,mixed,63,B_tail_entry_skipped,2026-07-10,GEO,,,,,,
v16,aggressive,short,mixed,63,B_tail_entry_skipped,2026-07-10,VSTS,,,,,,
v16,aggressive,short,mixed,63,B_tail_entry_skipped,2026-07-17,UUP,,,,,,
v16,aggressive,short,mixed,63,B_tail_entry_skipped,2026-07-17,ATEX,,,,,,
v16,aggressive,short,mixed,63,B_tail_entry_skipped,2026-07-17,CORT,,,,,,
v16,aggressive,short,mixed,63,B_tail_entry_skipped,2026-07-17,HNGE,,,,,,
v16,aggressive,short,mixed,63,B_tail_entry_skipped,2026-07-17,ATEN,,,,,,
v16,aggressive,short,mixed,63,B_tail_entry_skipped,2026-07-17,URGN,,,,,,
v16,aggressive,short,mixed,63,B_tail_entry_skipped,2026-07-17,TWST,,,,,,
v16,aggressive,short,mixed,63,B_tail_entry_skipped,2026-07-17,PANW,,,,,,
v16,aggressive,short,mixed,63,B_tail_entry_skipped,2026-07-17,ALKS,,,,,,
v16,aggressive,short,mixed,63,B_tail_entry_skipped,2026-07-17,BTSG,,,,,,
v16,aggressive,short,mixed,63,B_tail_entry_skipped,2026-07-17,VSTS,,,,,,
v16,aggressive,short,mixed,63,B_tail_entry_skipped,2026-07-17,FTNT,,,,,,
v16,aggressive,short,mixed,63,B_tail_entry_skipped,2026-07-17,CON,,,,,,
v16,aggressive,short,mixed,63,B_tail_entry_skipped,2026-07-17,RLJ,,,,,,
v16,aggressive,short,mixed,63,B_tail_entry_skipped,2026-07-17,TGTX,,,,,,
v16,aggressive,short,mixed,63,B_tail_entry_skipped,2026-07-17,EVC,,,,,,
v16,aggressive,short,mixed,63,B_tail_entry_skipped,2026-07-17,DAVE,,,,,,
v16,aggressive,short,mixed,63,B_tail_entry_skipped,2026-07-17,ORKA,,,,,,
v16,aggressive,short,mixed,63,B_tail_entry_skipped,2026-07-17,DVA,,,,,,
v16,aggressive,short,mixed,63,B_tail_entry_skipped,2026-07-17,LNTH,,,,,,
v16,aggressive,short,mixed,63,B_tail_entry_skipped,2026-07-24,UUP,,,,,,
v16,aggressive,short,mixed,63,B_tail_entry_skipped,2026-07-24,VONV,,,,,,
v16,aggressive,short,mixed,63,B_tail_entry_skipped,2026-07-24,IWX,,,,,,
v16,aggressive,short,mixed,63,B_tail_entry_skipped,2026-07-24,FTNT,,,,,,
v16,aggressive,short,mixed,63,B_tail_entry_skipped,2026-07-24,IWD,,,,,,
v16,aggressive,short,mixed,63,B_tail_entry_skipped,2026-07-24,CHEF,,,,,,
v16,aggressive,short,mixed,63,B_tail_entry_skipped,2026-07-24,ETON,,,,,,
v16,aggressive,short,mixed,63,B_tail_entry_skipped,2026-07-24,PANW,,,,,,
v16,aggressive,short,mixed,63,B_tail_entry_skipped,2026-07-24,SYRE,,,,,,
v16,aggressive,short,mixed,63,B_tail_entry_skipped,2026-07-24,TGTX,,,,,,
v16,aggressive,short,mixed,63,B_tail_entry_skipped,2026-07-24,URGN,,,,,,
v16,aggressive,short,mixed,63,B_tail_entry_skipped,2026-07-24,XLF,,,,,,
v16,aggressive,short,mixed,63,B_tail_entry_skipped,2026-07-24,VSTS,,,,,,
v16,aggressive,short,mixed,63,B_tail_entry_skipped,2026-07-24,STT,,,,,,
v16,aggressive,short,mixed,63,B_tail_entry_skipped,2026-07-24,DVA,,,,,,
v16,aggressive,short,mixed,63,B_tail_entry_skipped,2026-07-24,SLF,,,,,,
v16,aggressive,short,mixed,63,B_tail_entry_skipped,2026-07-24,RHP,,,,,,
v16,aggressive,short,mixed,63,B_tail_entry_skipped,2026-07-24,MRVI,,,,,,
v16,aggressive,short,mixed,63,B_tail_entry_skipped,2026-07-24,HPE,,,,,,
v16,aggressive,short,mixed,63,B_tail_entry_skipped,2026-07-24,LTH,,,,,,
v16,aggressive,short,mixed,63,B_tail_entry_skipped,2026-07-31,FTNT,,,,,,
v16,aggressive,short,mixed,63,B_tail_entry_skipped,2026-07-31,ETON,,,,,,
v16,aggressive,short,mixed,63,B_tail_entry_skipped,2026-07-31,PEB,,,,,,
v16,aggressive,short,mixed,63,B_tail_entry_skipped,2026-07-31,CORT,,,,,,
v16,aggressive,short,mixed,63,B_tail_entry_skipped,2026-07-31,WKC,,,,,,
v16,aggressive,short,mixed,63,B_tail_entry_skipped,2026-07-31,CBRL,,,,,,
v16,aggressive,short,mixed,63,B_tail_entry_skipped,2026-07-31,URGN,,,,,,
v16,aggressive,short,mixed,63,B_tail_entry_skipped,2026-07-31,CLMT,,,,,,
v16,aggressive,short,mixed,63,B_tail_entry_skipped,2026-07-31,CHEF,,,,,,
v16,aggressive,short,mixed,63,B_tail_entry_skipped,2026-07-31,HNGE,,,,,,
v16,aggressive,short,mixed,63,B_tail_entry_skipped,2026-07-31,RLJ,,,,,,
v16,aggressive,short,mixed,63,B_tail_entry_skipped,2026-07-31,PANW,,,,,,
v16,aggressive,short,mixed,63,B_tail_entry_skipped,2026-07-31,ATEX,,,,,,
v16,aggressive,short,mixed,63,B_tail_entry_skipped,2026-07-31,CDNA,,,,,,
v16,aggressive,short,mixed,63,B_tail_entry_skipped,2026-07-31,LTH,,,,,,
v16,aggressive,short,mixed,63,B_tail_entry_skipped,2026-07-31,APGE,,,,,,
v16,aggressive,short,mixed,63,B_tail_entry_skipped,2026-07-31,CAKE,,,,,,
v16,aggressive,short,mixed,63,B_tail_entry_skipped,2026-07-31,DVA,,,,,,
v16,aggressive,short,mixed,63,B_tail_entry_skipped,2026-07-31,DK,,,,,,
v16,aggressive,short,mixed,63,B_tail_entry_skipped,2026-07-31,CNO,,,,,,
v16,aggressive,short,mixed,63,B_tail_entry_skipped,2026-08-07,TXG,,,,,,
v16,aggressive,short,mixed,63,B_tail_entry_skipped,2026-08-07,APGE,,,,,,
v16,aggressive,short,mixed,63,B_tail_entry_skipped,2026-08-07,GEO,,,,,,
v16,aggressive,short,mixed,63,B_tail_entry_skipped,2026-08-07,XLF,,,,,,
v16,aggressive,short,mixed,63,B_tail_entry_skipped,2026-08-07,CORT,,,,,,
v16,aggressive,short,mixed,63,B_tail_entry_skipped,2026-08-07,IYF,,,,,,
v16,aggressive,short,mixed,63,B_tail_entry_skipped,2026-08-07,HNGE,,,,,,
v16,aggressive,short,mixed,63,B_tail_entry_skipped,2026-08-07,ETON,,,,,,
v16,aggressive,short,mixed,63,B_tail_entry_skipped,2026-08-07,NRIX,,,,,,
v16,aggressive,short,mixed,63,B_tail_entry_skipped,2026-08-07,LTH,,,,,,
v16,aggressive,short,mixed,63,B_tail_entry_skipped,2026-08-07,BJRI,,,,,,
v16,aggressive,short,mixed,63,B_tail_entry_skipped,2026-08-07,LQDA,,,,,,
v16,aggressive,short,mixed,63,B_tail_entry_skipped,2026-08-07,CDNA,,,,,,
v16,aggressive,short,mixed,63,B_tail_entry_skipped,2026-08-07,URGN,,,,,,
v16,aggressive,short,mixed,63,B_tail_entry_skipped,2026-08-07,SNOW,,,,,,
v16,aggressive,short,mixed,63,B_tail_entry_skipped,2026-08-07,TENB,,,,,,
v16,aggressive,short,mixed,63,B_tail_entry_skipped,2026-08-07,FTCS,,,,,,
v16,aggressive,short,mixed,63,B_tail_entry_skipped,2026-08-07,NTAP,,,,,,
v16,aggressive,short,mixed,63,B_tail_entry_skipped,2026-08-07,PK,,,,,,
v16,aggressive,short,mixed,63,B_tail_entry_skipped,2026-08-07,HUM,,,,,,
v16,aggressive,short,mixed,63,B_tail_entry_skipped,2026-08-14,XLF,,,,,,
v16,aggressive,short,mixed,63,B_tail_entry_skipped,2026-08-14,VONV,,,,,,
v16,aggressive,short,mixed,63,B_tail_entry_skipped,2026-08-14,CORT,,,,,,
v16,aggressive,short,mixed,63,B_tail_entry_skipped,2026-08-14,URGN,,,,,,
v16,aggressive,short,mixed,63,B_tail_entry_skipped,2026-08-14,IYF,,,,,,
v16,aggressive,short,mixed,63,B_tail_entry_skipped,2026-08-14,VFH,,,,,,
v16,aggressive,short,mixed,63,B_tail_entry_skipped,2026-08-14,CAKE,,,,,,
v16,aggressive,short,mixed,63,B_tail_entry_skipped,2026-08-14,IWD,,,,,,
v16,aggressive,short,mixed,63,B_tail_entry_skipped,2026-08-14,DGRO,,,,,,
v16,aggressive,short,mixed,63,B_tail_entry_skipped,2026-08-14,STT,,,,,,
v16,aggressive,short,mixed,63,B_tail_entry_skipped,2026-08-14,MAN,,,,,,
v16,aggressive,short,mixed,63,B_tail_entry_skipped,2026-08-14,HAE,,,,,,
v16,aggressive,short,mixed,63,B_tail_entry_skipped,2026-08-14,TNET,,,,,,
v16,aggressive,short,mixed,63,B_tail_entry_skipped,2026-08-14,CBZ,,,,,,
v16,aggressive,short,mixed,63,B_tail_entry_skipped,2026-08-14,NTAP,,,,,,
v16,aggressive,short,mixed,63,B_tail_entry_skipped,2026-08-14,VIG,,,,,,
v16,aggressive,short,mixed,63,B_tail_entry_skipped,2026-08-14,PVAL,,,,,,
v16,aggressive,short,mixed,63,B_tail_entry_skipped,2026-08-14,VOE,,,,,,
v16,aggressive,short,mixed,63,B_tail_entry_skipped,2026-08-14,IOVA,,,,,,
v16,aggressive,short,mixed,63,B_tail_entry_skipped,2026-08-14,CON,,,,,,
v16,aggressive,short,mixed,63,B_tail_entry_skipped,2026-08-21,CXW,,,,,,
v16,aggressive,short,mixed,63,B_tail_entry_skipped,2026-08-21,TXG,,,,,,
v16,aggressive,short,mixed,63,B_tail_entry_skipped,2026-08-21,CORT,,,,,,
v16,aggressive,short,mixed,63,B_tail_entry_skipped,2026-08-21,MRVI,,,,,,
v16,aggressive,short,mixed,63,B_tail_entry_skipped,2026-08-21,USMV,,,,,,
v16,aggressive,short,mixed,63,B_tail_entry_skipped,2026-08-21,URGN,,,,,,
v16,aggressive,short,mixed,63,B_tail_entry_skipped,2026-08-21,MAN,,,,,,
v16,aggressive,short,mixed,63,B_tail_entry_skipped,2026-08-21,TWST,,,,,,
v16,aggressive,short,mixed,63,B_tail_entry_skipped,2026-08-21,NSP,,,,,,
v16,aggressive,short,mixed,63,B_tail_entry_skipped,2026-08-21,BJRI,,,,,,
v16,aggressive,short,mixed,63,B_tail_entry_skipped,2026-08-21,GEO,,,,,,
v16,aggressive,short,mixed,63,B_tail_entry_skipped,2026-08-21,HNGE,,,,,,
v16,aggressive,short,mixed,63,B_tail_entry_skipped,2026-08-21,XNCR,,,,,,
v16,aggressive,short,mixed,63,B_tail_entry_skipped,2026-08-21,MOAT,,,,,,
v16,aggressive,short,mixed,63,B_tail_entry_skipped,2026-08-21,ELVN,,,,,,
v16,aggressive,short,mixed,63,B_tail_entry_skipped,2026-08-21,JEPI,,,,,,
v16,aggressive,short,mixed,63,B_tail_entry_skipped,2026-08-21,CAKE,,,,,,
v16,aggressive,short,mixed,63,B_tail_entry_skipped,2026-08-21,CDNA,,,,,,
v16,aggressive,short,mixed,63,B_tail_entry_skipped,2026-08-21,TVTX,,,,,,
v16,aggressive,short,mixed,63,B_tail_entry_skipped,2026-08-21,DYN,,,,,,
v16,aggressive,short,mixed,63,B_tail_entry_skipped,2026-08-28,MPC,,,,,,
v16,aggressive,short,mixed,63,B_tail_entry_skipped,2026-08-28,JEPI,,,,,,
v16,aggressive,short,mixed,63,B_tail_entry_skipped,2026-08-28,TXG,,,,,,
v16,aggressive,short,mixed,63,B_tail_entry_skipped,2026-08-28,CAKE,,,,,,
v16,aggressive,short,mixed,63,B_tail_entry_skipped,2026-08-28,DINO,,,,,,
v16,aggressive,short,mixed,63,B_tail_entry_skipped,2026-08-28,RSP,,,,,,
v16,aggressive,short,mixed,63,B_tail_entry_skipped,2026-08-28,BKLN,,,,,,
v16,aggressive,short,mixed,63,B_tail_entry_skipped,2026-08-28,SEIC,,,,,,
v16,aggressive,short,mixed,63,B_tail_entry_skipped,2026-08-28,NSP,,,,,,
v16,aggressive,short,mixed,63,B_tail_entry_skipped,2026-08-28,TWST,,,,,,
v16,aggressive,short,mixed,63,B_tail_entry_skipped,2026-08-28,VO,,,,,,
v16,aggressive,short,mixed,63,B_tail_entry_skipped,2026-08-28,VTV,,,,,,
v16,aggressive,short,mixed,63,B_tail_entry_skipped,2026-08-28,VONV,,,,,,
v16,aggressive,short,mixed,63,B_tail_entry_skipped,2026-08-28,DK,,,,,,
v16,aggressive,short,mixed,63,B_tail_entry_skipped,2026-08-28,XNCR,,,,,,
v16,aggressive,short,mixed,63,B_tail_entry_skipped,2026-08-28,IWD,,,,,,
v16,aggressive,short,mixed,63,B_tail_entry_skipped,2026-08-28,NRIX,,,,,,
v16,aggressive,short,mixed,63,B_tail_entry_skipped,2026-08-28,PBF,,,,,,
v16,aggressive,short,mixed,63,B_tail_entry_skipped,2026-08-28,IYF,,,,,,
v16,aggressive,short,mixed,63,B_tail_entry_skipped,2026-08-28,CHE,,,,,,
v16,aggressive,short,mixed,63,B_tail_entry_skipped,2026-09-04,CDNA,,,,,,
v16,aggressive,short,mixed,63,B_tail_entry_skipped,2026-09-04,ATAI,,,,,,
v16,aggressive,short,mixed,63,B_tail_entry_skipped,2026-09-04,USMV,,,,,,
v16,aggressive,short,mixed,63,B_tail_entry_skipped,2026-09-04,TXG,,,,,,
v16,aggressive,short,mixed,63,B_tail_entry_skipped,2026-09-04,ETON,,,,,,
v16,aggressive,short,mixed,63,B_tail_entry_skipped,2026-09-04,XNCR,,,,,,
v16,aggressive,short,mixed,63,B_tail_entry_skipped,2026-09-04,SRLN,,,,,,
v16,aggressive,short,mixed,63,B_tail_entry_skipped,2026-09-04,PLSE,,,,,,
v16,aggressive,short,mixed,63,B_tail_entry_skipped,2026-09-04,NSIT,,,,,,
v16,aggressive,short,mixed,63,B_tail_entry_skipped,2026-09-04,AVTR,,,,,,
v16,aggressive,short,mixed,63,B_tail_entry_skipped,2026-09-04,BKLN,,,,,,
v16,aggressive,short,mixed,63,B_tail_entry_skipped,2026-09-04,HNGE,,,,,,
v16,aggressive,short,mixed,63,B_tail_entry_skipped,2026-09-04,CRL,,,,,,
v16,aggressive,short,mixed,63,B_tail_entry_skipped,2026-09-04,CORT,,,,,,
v16,aggressive,short,mixed,63,B_tail_entry_skipped,2026-09-04,AMLX,,,,,,
v16,aggressive,short,mixed,63,B_tail_entry_skipped,2026-09-04,PGY,,,,,,
v16,aggressive,short,mixed,63,B_tail_entry_skipped,2026-09-04,STT,,,,,,
v16,aggressive,short,mixed,63,B_tail_entry_skipped,2026-09-04,NRIX,,,,,,
v16,aggressive,short,mixed,63,B_tail_entry_skipped,2026-09-04,VFH,,,,,,
v16,aggressive,short,mixed,63,B_tail_entry_skipped,2026-09-04,XLF,,,,,,
v16,aggressive,short,mixed,63,B_tail_entry_skipped,2026-09-14,TXG,,,,,,
v16,aggressive,short,mixed,63,B_tail_entry_skipped,2026-09-14,CDNA,,,,,,
v16,aggressive,short,mixed,63,B_tail_entry_skipped,2026-09-14,BKLN,,,,,,
v16,aggressive,short,mixed,63,B_tail_entry_skipped,2026-09-14,AVTR,,,,,,
v16,aggressive,short,mixed,63,B_tail_entry_skipped,2026-09-14,PLSE,,,,,,
v16,aggressive,short,mixed,63,B_tail_entry_skipped,2026-09-14,HNGE,,,,,,
v16,aggressive,short,mixed,63,B_tail_entry_skipped,2026-09-14,TEAM,,,,,,
v16,aggressive,short,mixed,63,B_tail_entry_skipped,2026-09-14,TWST,,,,,,
v16,aggressive,short,mixed,63,B_tail_entry_skipped,2026-09-14,NEO,,,,,,
v16,aggressive,short,mixed,63,B_tail_entry_skipped,2026-09-14,NTNX,,,,,,
v16,aggressive,short,mixed,63,B_tail_entry_skipped,2026-09-14,CLMT,,,,,,
v16,aggressive,short,mixed,63,B_tail_entry_skipped,2026-09-14,GTLB,,,,,,
v16,aggressive,short,mixed,63,B_tail_entry_skipped,2026-09-14,PD,,,,,,
v16,aggressive,short,mixed,63,B_tail_entry_skipped,2026-09-14,ATRC,,,,,,
v16,aggressive,short,mixed,63,B_tail_entry_skipped,2026-09-14,AVAH,,,,,,
v16,aggressive,short,mixed,63,B_tail_entry_skipped,2026-09-14,MAN,,,,,,
v16,aggressive,short,mixed,63,B_tail_entry_skipped,2026-09-14,RNG,,,,,,
v16,aggressive,short,mixed,63,B_tail_entry_skipped,2026-09-14,MPC,,,,,,
v16,aggressive,short,mixed,63,B_tail_entry_skipped,2026-09-14,BLFS,,,,,,
v16,aggressive,short,mixed,63,B_tail_entry_skipped,2026-09-14,NSIT,,,,,,
v16,aggressive,short,stock,63,B_tail_entry_skipped,2026-07-02,AMD,,,,,,
v16,aggressive,short,stock,63,B_tail_entry_skipped,2026-07-02,ATEX,,,,,,
v16,aggressive,short,stock,63,B_tail_entry_skipped,2026-07-02,MTRN,,,,,,
v16,aggressive,short,stock,63,B_tail_entry_skipped,2026-07-02,KLIC,,,,,,
v16,aggressive,short,stock,63,B_tail_entry_skipped,2026-07-02,SIMO,,,,,,
v16,aggressive,short,stock,63,B_tail_entry_skipped,2026-07-02,ATEN,,,,,,
v16,aggressive,short,stock,63,B_tail_entry_skipped,2026-07-02,TWST,,,,,,
v16,aggressive,short,stock,63,B_tail_entry_skipped,2026-07-02,UMC,,,,,,
v16,aggressive,short,stock,63,B_tail_entry_skipped,2026-07-02,NWPX,,,,,,
v16,aggressive,short,stock,63,B_tail_entry_skipped,2026-07-02,SEZL,,,,,,
v16,aggressive,short,stock,63,B_tail_entry_skipped,2026-07-02,INTC,,,,,,
v16,aggressive,short,stock,63,B_tail_entry_skipped,2026-07-02,ABSI,,,,,,
v16,aggressive,short,stock,63,B_tail_entry_skipped,2026-07-02,AMAT,,,,,,
v16,aggressive,short,stock,63,B_tail_entry_skipped,2026-07-02,BNY,,,,,,
v16,aggressive,short,stock,63,B_tail_entry_skipped,2026-07-02,DVA,,,,,,
v16,aggressive,short,stock,63,B_tail_entry_skipped,2026-07-02,DCO,,,,,,
v16,aggressive,short,stock,63,B_tail_entry_skipped,2026-07-02,ALKS,,,,,,
v16,aggressive,short,stock,63,B_tail_entry_skipped,2026-07-02,RLJ,,,,,,
v16,aggressive,short,stock,63,B_tail_entry_skipped,2026-07-02,AXSM,,,,,,
v16,aggressive,short,stock,63,B_tail_entry_skipped,2026-07-02,CLOV,,,,,,
v16,aggressive,short,stock,63,B_tail_entry_skipped,2026-07-10,ATEX,,,,,,
v16,aggressive,short,stock,63,B_tail_entry_skipped,2026-07-10,STM,,,,,,
v16,aggressive,short,stock,63,B_tail_entry_skipped,2026-07-10,CORT,,,,,,
v16,aggressive,short,stock,63,B_tail_entry_skipped,2026-07-10,NWPX,,,,,,
v16,aggressive,short,stock,63,B_tail_entry_skipped,2026-07-10,BB,,,,,,
v16,aggressive,short,stock,63,B_tail_entry_skipped,2026-07-10,EXTR,,,,,,
v16,aggressive,short,stock,63,B_tail_entry_skipped,2026-07-10,ATEN,,,,,,
v16,aggressive,short,stock,63,B_tail_entry_skipped,2026-07-10,AGL,,,,,,
v16,aggressive,short,stock,63,B_tail_entry_skipped,2026-07-10,PBI,,,,,,
v16,aggressive,short,stock,63,B_tail_entry_skipped,2026-07-10,MEC,,,,,,
v16,aggressive,short,stock,63,B_tail_entry_skipped,2026-07-10,UMC,,,,,,
v16,aggressive,short,stock,63,B_tail_entry_skipped,2026-07-10,BTSG,,,,,,
v16,aggressive,short,stock,63,B_tail_entry_skipped,2026-07-10,FFIV,,,,,,
v16,aggressive,short,stock,63,B_tail_entry_skipped,2026-07-10,CON,,,,,,
v16,aggressive,short,stock,63,B_tail_entry_skipped,2026-07-10,DVA,,,,,,
v16,aggressive,short,stock,63,B_tail_entry_skipped,2026-07-10,ARM,,,,,,
v16,aggressive,short,stock,63,B_tail_entry_skipped,2026-07-10,MTRN,,,,,,
v16,aggressive,short,stock,63,B_tail_entry_skipped,2026-07-10,RLJ,,,,,,
v16,aggressive,short,stock,63,B_tail_entry_skipped,2026-07-10,GEO,,,,,,
v16,aggressive,short,stock,63,B_tail_entry_skipped,2026-07-10,VSTS,,,,,,
v16,aggressive,short,stock,63,B_tail_entry_skipped,2026-07-17,ATEX,,,,,,
v16,aggressive,short,stock,63,B_tail_entry_skipped,2026-07-17,CORT,,,,,,
v16,aggressive,short,stock,63,B_tail_entry_skipped,2026-07-17,HNGE,,,,,,
v16,aggressive,short,stock,63,B_tail_entry_skipped,2026-07-17,ATEN,,,,,,
v16,aggressive,short,stock,63,B_tail_entry_skipped,2026-07-17,URGN,,,,,,
v16,aggressive,short,stock,63,B_tail_entry_skipped,2026-07-17,TWST,,,,,,
v16,aggressive,short,stock,63,B_tail_entry_skipped,2026-07-17,PANW,,,,,,
v16,aggressive,short,stock,63,B_tail_entry_skipped,2026-07-17,ALKS,,,,,,
v16,aggressive,short,stock,63,B_tail_entry_skipped,2026-07-17,BTSG,,,,,,
v16,aggressive,short,stock,63,B_tail_entry_skipped,2026-07-17,VSTS,,,,,,
v16,aggressive,short,stock,63,B_tail_entry_skipped,2026-07-17,FTNT,,,,,,
v16,aggressive,short,stock,63,B_tail_entry_skipped,2026-07-17,CON,,,,,,
v16,aggressive,short,stock,63,B_tail_entry_skipped,2026-07-17,RLJ,,,,,,
v16,aggressive,short,stock,63,B_tail_entry_skipped,2026-07-17,TGTX,,,,,,
v16,aggressive,short,stock,63,B_tail_entry_skipped,2026-07-17,EVC,,,,,,
v16,aggressive,short,stock,63,B_tail_entry_skipped,2026-07-17,DAVE,,,,,,
v16,aggressive,short,stock,63,B_tail_entry_skipped,2026-07-17,ORKA,,,,,,
v16,aggressive,short,stock,63,B_tail_entry_skipped,2026-07-17,DVA,,,,,,
v16,aggressive,short,stock,63,B_tail_entry_skipped,2026-07-17,LNTH,,,,,,
v16,aggressive,short,stock,63,B_tail_entry_skipped,2026-07-17,NWPX,,,,,,
v16,aggressive,short,stock,63,B_tail_entry_skipped,2026-07-24,FTNT,,,,,,
v16,aggressive,short,stock,63,B_tail_entry_skipped,2026-07-24,CHEF,,,,,,
v16,aggressive,short,stock,63,B_tail_entry_skipped,2026-07-24,ETON,,,,,,
v16,aggressive,short,stock,63,B_tail_entry_skipped,2026-07-24,PANW,,,,,,
v16,aggressive,short,stock,63,B_tail_entry_skipped,2026-07-24,SYRE,,,,,,
v16,aggressive,short,stock,63,B_tail_entry_skipped,2026-07-24,TGTX,,,,,,
v16,aggressive,short,stock,63,B_tail_entry_skipped,2026-07-24,URGN,,,,,,
v16,aggressive,short,stock,63,B_tail_entry_skipped,2026-07-24,VSTS,,,,,,
v16,aggressive,short,stock,63,B_tail_entry_skipped,2026-07-24,STT,,,,,,
v16,aggressive,short,stock,63,B_tail_entry_skipped,2026-07-24,DVA,,,,,,
v16,aggressive,short,stock,63,B_tail_entry_skipped,2026-07-24,SLF,,,,,,
v16,aggressive,short,stock,63,B_tail_entry_skipped,2026-07-24,RHP,,,,,,
v16,aggressive,short,stock,63,B_tail_entry_skipped,2026-07-24,MRVI,,,,,,
v16,aggressive,short,stock,63,B_tail_entry_skipped,2026-07-24,HPE,,,,,,
v16,aggressive,short,stock,63,B_tail_entry_skipped,2026-07-24,LTH,,,,,,
v16,aggressive,short,stock,63,B_tail_entry_skipped,2026-07-24,CRWD,,,,,,
v16,aggressive,short,stock,63,B_tail_entry_skipped,2026-07-24,NTAP,,,,,,
v16,aggressive,short,stock,63,B_tail_entry_skipped,2026-07-24,BNY,,,,,,
v16,aggressive,short,stock,63,B_tail_entry_skipped,2026-07-24,BJRI,,,,,,
v16,aggressive,short,stock,63,B_tail_entry_skipped,2026-07-24,WKC,,,,,,
v16,aggressive,short,stock,63,B_tail_entry_skipped,2026-07-31,FTNT,,,,,,
v16,aggressive,short,stock,63,B_tail_entry_skipped,2026-07-31,ETON,,,,,,
v16,aggressive,short,stock,63,B_tail_entry_skipped,2026-07-31,PEB,,,,,,
v16,aggressive,short,stock,63,B_tail_entry_skipped,2026-07-31,CORT,,,,,,
v16,aggressive,short,stock,63,B_tail_entry_skipped,2026-07-31,WKC,,,,,,
v16,aggressive,short,stock,63,B_tail_entry_skipped,2026-07-31,CBRL,,,,,,
v16,aggressive,short,stock,63,B_tail_entry_skipped,2026-07-31,URGN,,,,,,
v16,aggressive,short,stock,63,B_tail_entry_skipped,2026-07-31,CLMT,,,,,,
v16,aggressive,short,stock,63,B_tail_entry_skipped,2026-07-31,CHEF,,,,,,
v16,aggressive,short,stock,63,B_tail_entry_skipped,2026-07-31,HNGE,,,,,,
v16,aggressive,short,stock,63,B_tail_entry_skipped,2026-07-31,RLJ,,,,,,
v16,aggressive,short,stock,63,B_tail_entry_skipped,2026-07-31,PANW,,,,,,
v16,aggressive,short,stock,63,B_tail_entry_skipped,2026-07-31,ATEX,,,,,,
v16,aggressive,short,stock,63,B_tail_entry_skipped,2026-07-31,CDNA,,,,,,
v16,aggressive,short,stock,63,B_tail_entry_skipped,2026-07-31,LTH,,,,,,
v16,aggressive,short,stock,63,B_tail_entry_skipped,2026-07-31,APGE,,,,,,
v16,aggressive,short,stock,63,B_tail_entry_skipped,2026-07-31,CAKE,,,,,,
v16,aggressive,short,stock,63,B_tail_entry_skipped,2026-07-31,DVA,,,,,,
v16,aggressive,short,stock,63,B_tail_entry_skipped,2026-07-31,DK,,,,,,
v16,aggressive,short,stock,63,B_tail_entry_skipped,2026-07-31,CNO,,,,,,
v16,aggressive,short,stock,63,B_tail_entry_skipped,2026-08-07,TXG,,,,,,
v16,aggressive,short,stock,63,B_tail_entry_skipped,2026-08-07,APGE,,,,,,
v16,aggressive,short,stock,63,B_tail_entry_skipped,2026-08-07,GEO,,,,,,
v16,aggressive,short,stock,63,B_tail_entry_skipped,2026-08-07,CORT,,,,,,
v16,aggressive,short,stock,63,B_tail_entry_skipped,2026-08-07,HNGE,,,,,,
v16,aggressive,short,stock,63,B_tail_entry_skipped,2026-08-07,ETON,,,,,,
v16,aggressive,short,stock,63,B_tail_entry_skipped,2026-08-07,NRIX,,,,,,
v16,aggressive,short,stock,63,B_tail_entry_skipped,2026-08-07,LTH,,,,,,
v16,aggressive,short,stock,63,B_tail_entry_skipped,2026-08-07,BJRI,,,,,,
v16,aggressive,short,stock,63,B_tail_entry_skipped,2026-08-07,LQDA,,,,,,
v16,aggressive,short,stock,63,B_tail_entry_skipped,2026-08-07,CDNA,,,,,,
v16,aggressive,short,stock,63,B_tail_entry_skipped,2026-08-07,URGN,,,,,,
v16,aggressive,short,stock,63,B_tail_entry_skipped,2026-08-07,SNOW,,,,,,
v16,aggressive,short,stock,63,B_tail_entry_skipped,2026-08-07,TENB,,,,,,
v16,aggressive,short,stock,63,B_tail_entry_skipped,2026-08-07,NTAP,,,,,,
v16,aggressive,short,stock,63,B_tail_entry_skipped,2026-08-07,PK,,,,,,
v16,aggressive,short,stock,63,B_tail_entry_skipped,2026-08-07,HUM,,,,,,
v16,aggressive,short,stock,63,B_tail_entry_skipped,2026-08-07,RVMD,,,,,,
v16,aggressive,short,stock,63,B_tail_entry_skipped,2026-08-07,MNPR,,,,,,
v16,aggressive,short,stock,63,B_tail_entry_skipped,2026-08-07,OMDA,,,,,,
v16,aggressive,short,stock,63,B_tail_entry_skipped,2026-08-14,CORT,,,,,,
v16,aggressive,short,stock,63,B_tail_entry_skipped,2026-08-14,URGN,,,,,,
v16,aggressive,short,stock,63,B_tail_entry_skipped,2026-08-14,CAKE,,,,,,
v16,aggressive,short,stock,63,B_tail_entry_skipped,2026-08-14,STT,,,,,,
v16,aggressive,short,stock,63,B_tail_entry_skipped,2026-08-14,MAN,,,,,,
v16,aggressive,short,stock,63,B_tail_entry_skipped,2026-08-14,HAE,,,,,,
v16,aggressive,short,stock,63,B_tail_entry_skipped,2026-08-14,TNET,,,,,,
v16,aggressive,short,stock,63,B_tail_entry_skipped,2026-08-14,CBZ,,,,,,
v16,aggressive,short,stock,63,B_tail_entry_skipped,2026-08-14,NTAP,,,,,,
v16,aggressive,short,stock,63,B_tail_entry_skipped,2026-08-14,IOVA,,,,,,
v16,aggressive,short,stock,63,B_tail_entry_skipped,2026-08-14,CON,,,,,,
v16,aggressive,short,stock,63,B_tail_entry_skipped,2026-08-14,NRIX,,,,,,
v16,aggressive,short,stock,63,B_tail_entry_skipped,2026-08-14,LTH,,,,,,
v16,aggressive,short,stock,63,B_tail_entry_skipped,2026-08-14,RLAY,,,,,,
v16,aggressive,short,stock,63,B_tail_entry_skipped,2026-08-14,LIND,,,,,,
v16,aggressive,short,stock,63,B_tail_entry_skipped,2026-08-14,CDNA,,,,,,
v16,aggressive,short,stock,63,B_tail_entry_skipped,2026-08-14,MGNI,,,,,,
v16,aggressive,short,stock,63,B_tail_entry_skipped,2026-08-14,APGE,,,,,,
v16,aggressive,short,stock,63,B_tail_entry_skipped,2026-08-14,ATAI,,,,,,
v16,aggressive,short,stock,63,B_tail_entry_skipped,2026-08-14,SAIC,,,,,,
v16,aggressive,short,stock,63,B_tail_entry_skipped,2026-08-21,CXW,,,,,,
v16,aggressive,short,stock,63,B_tail_entry_skipped,2026-08-21,TXG,,,,,,
v16,aggressive,short,stock,63,B_tail_entry_skipped,2026-08-21,CORT,,,,,,
v16,aggressive,short,stock,63,B_tail_entry_skipped,2026-08-21,MRVI,,,,,,
v16,aggressive,short,stock,63,B_tail_entry_skipped,2026-08-21,URGN,,,,,,
v16,aggressive,short,stock,63,B_tail_entry_skipped,2026-08-21,MAN,,,,,,
v16,aggressive,short,stock,63,B_tail_entry_skipped,2026-08-21,TWST,,,,,,
v16,aggressive,short,stock,63,B_tail_entry_skipped,2026-08-21,NSP,,,,,,
v16,aggressive,short,stock,63,B_tail_entry_skipped,2026-08-21,BJRI,,,,,,
v16,aggressive,short,stock,63,B_tail_entry_skipped,2026-08-21,GEO,,,,,,
v16,aggressive,short,stock,63,B_tail_entry_skipped,2026-08-21,HNGE,,,,,,
v16,aggressive,short,stock,63,B_tail_entry_skipped,2026-08-21,XNCR,,,,,,
v16,aggressive,short,stock,63,B_tail_entry_skipped,2026-08-21,ELVN,,,,,,
v16,aggressive,short,stock,63,B_tail_entry_skipped,2026-08-21,CAKE,,,,,,
v16,aggressive,short,stock,63,B_tail_entry_skipped,2026-08-21,CDNA,,,,,,
v16,aggressive,short,stock,63,B_tail_entry_skipped,2026-08-21,TVTX,,,,,,
v16,aggressive,short,stock,63,B_tail_entry_skipped,2026-08-21,DYN,,,,,,
v16,aggressive,short,stock,63,B_tail_entry_skipped,2026-08-21,ADPT,,,,,,
v16,aggressive,short,stock,63,B_tail_entry_skipped,2026-08-21,CBRL,,,,,,
v16,aggressive,short,stock,63,B_tail_entry_skipped,2026-08-21,LTH,,,,,,
v16,aggressive,short,stock,63,B_tail_entry_skipped,2026-08-28,MPC,,,,,,
v16,aggressive,short,stock,63,B_tail_entry_skipped,2026-08-28,TXG,,,,,,
v16,aggressive,short,stock,63,B_tail_entry_skipped,2026-08-28,CAKE,,,,,,
v16,aggressive,short,stock,63,B_tail_entry_skipped,2026-08-28,DINO,,,,,,
v16,aggressive,short,stock,63,B_tail_entry_skipped,2026-08-28,SEIC,,,,,,
v16,aggressive,short,stock,63,B_tail_entry_skipped,2026-08-28,NSP,,,,,,
v16,aggressive,short,stock,63,B_tail_entry_skipped,2026-08-28,TWST,,,,,,
v16,aggressive,short,stock,63,B_tail_entry_skipped,2026-08-28,DK,,,,,,
v16,aggressive,short,stock,63,B_tail_entry_skipped,2026-08-28,XNCR,,,,,,
v16,aggressive,short,stock,63,B_tail_entry_skipped,2026-08-28,NRIX,,,,,,
v16,aggressive,short,stock,63,B_tail_entry_skipped,2026-08-28,PBF,,,,,,
v16,aggressive,short,stock,63,B_tail_entry_skipped,2026-08-28,CHE,,,,,,
v16,aggressive,short,stock,63,B_tail_entry_skipped,2026-08-28,INTA,,,,,,
v16,aggressive,short,stock,63,B_tail_entry_skipped,2026-08-28,ATRC,,,,,,
v16,aggressive,short,stock,63,B_tail_entry_skipped,2026-08-28,CDNA,,,,,,
v16,aggressive,short,stock,63,B_tail_entry_skipped,2026-08-28,SN,,,,,,
v16,aggressive,short,stock,63,B_tail_entry_skipped,2026-08-28,NEO,,,,,,
v16,aggressive,short,stock,63,B_tail_entry_skipped,2026-08-28,CLBK,,,,,,
v16,aggressive,short,stock,63,B_tail_entry_skipped,2026-08-28,FRSH,,,,,,
v16,aggressive,short,stock,63,B_tail_entry_skipped,2026-08-28,HAE,,,,,,
v16,aggressive,short,stock,63,B_tail_entry_skipped,2026-09-04,CDNA,,,,,,
v16,aggressive,short,stock,63,B_tail_entry_skipped,2026-09-04,ATAI,,,,,,
v16,aggressive,short,stock,63,B_tail_entry_skipped,2026-09-04,TXG,,,,,,
v16,aggressive,short,stock,63,B_tail_entry_skipped,2026-09-04,ETON,,,,,,
v16,aggressive,short,stock,63,B_tail_entry_skipped,2026-09-04,XNCR,,,,,,
v16,aggressive,short,stock,63,B_tail_entry_skipped,2026-09-04,PLSE,,,,,,
v16,aggressive,short,stock,63,B_tail_entry_skipped,2026-09-04,NSIT,,,,,,
v16,aggressive,short,stock,63,B_tail_entry_skipped,2026-09-04,AVTR,,,,,,
v16,aggressive,short,stock,63,B_tail_entry_skipped,2026-09-04,HNGE,,,,,,
v16,aggressive,short,stock,63,B_tail_entry_skipped,2026-09-04,CRL,,,,,,
v16,aggressive,short,stock,63,B_tail_entry_skipped,2026-09-04,CORT,,,,,,
v16,aggressive,short,stock,63,B_tail_entry_skipped,2026-09-04,AMLX,,,,,,
v16,aggressive,short,stock,63,B_tail_entry_skipped,2026-09-04,PGY,,,,,,
v16,aggressive,short,stock,63,B_tail_entry_skipped,2026-09-04,STT,,,,,,
v16,aggressive,short,stock,63,B_tail_entry_skipped,2026-09-04,NRIX,,,,,,
v16,aggressive,short,stock,63,B_tail_entry_skipped,2026-09-04,VLO,,,,,,
v16,aggressive,short,stock,63,B_tail_entry_skipped,2026-09-04,PAYC,,,,,,
v16,aggressive,short,stock,63,B_tail_entry_skipped,2026-09-04,ILMN,,,,,,
v16,aggressive,short,stock,63,B_tail_entry_skipped,2026-09-04,CAKE,,,,,,
v16,aggressive,short,stock,63,B_tail_entry_skipped,2026-09-04,TWST,,,,,,
v16,aggressive,short,stock,63,B_tail_entry_skipped,2026-09-14,TXG,,,,,,
v16,aggressive,short,stock,63,B_tail_entry_skipped,2026-09-14,CDNA,,,,,,
v16,aggressive,short,stock,63,B_tail_entry_skipped,2026-09-14,AVTR,,,,,,
v16,aggressive,short,stock,63,B_tail_entry_skipped,2026-09-14,PLSE,,,,,,
v16,aggressive,short,stock,63,B_tail_entry_skipped,2026-09-14,HNGE,,,,,,
v16,aggressive,short,stock,63,B_tail_entry_skipped,2026-09-14,TEAM,,,,,,
v16,aggressive,short,stock,63,B_tail_entry_skipped,2026-09-14,TWST,,,,,,
v16,aggressive,short,stock,63,B_tail_entry_skipped,2026-09-14,NEO,,,,,,
v16,aggressive,short,stock,63,B_tail_entry_skipped,2026-09-14,NTNX,,,,,,
v16,aggressive,short,stock,63,B_tail_entry_skipped,2026-09-14,CLMT,,,,,,
v16,aggressive,short,stock,63,B_tail_entry_skipped,2026-09-14,GTLB,,,,,,
v16,aggressive,short,stock,63,B_tail_entry_skipped,2026-09-14,PD,,,,,,
v16,aggressive,short,stock,63,B_tail_entry_skipped,2026-09-14,ATRC,,,,,,
v16,aggressive,short,stock,63,B_tail_entry_skipped,2026-09-14,AVAH,,,,,,
v16,aggressive,short,stock,63,B_tail_entry_skipped,2026-09-14,MAN,,,,,,
v16,aggressive,short,stock,63,B_tail_entry_skipped,2026-09-14,RNG,,,,,,
v16,aggressive,short,stock,63,B_tail_entry_skipped,2026-09-14,MPC,,,,,,
v16,aggressive,short,stock,63,B_tail_entry_skipped,2026-09-14,BLFS,,,,,,
v16,aggressive,short,stock,63,B_tail_entry_skipped,2026-09-14,NSIT,,,,,,
v16,aggressive,short,stock,63,B_tail_entry_skipped,2026-09-14,ECO,,,,,,
v16,balanced,long,mixed,63,B_tail_entry_skipped,2026-07-02,AMD,,,,,,
v16,balanced,long,mixed,63,B_tail_entry_skipped,2026-07-02,KLIC,,,,,,
v16,balanced,long,mixed,63,B_tail_entry_skipped,2026-07-02,MTRN,,,,,,
v16,balanced,long,mixed,63,B_tail_entry_skipped,2026-07-02,ATEX,,,,,,
v16,balanced,long,mixed,63,B_tail_entry_skipped,2026-07-02,BNY,,,,,,
v16,balanced,long,mixed,63,B_tail_entry_skipped,2026-07-02,NWPX,,,,,,
v16,balanced,long,mixed,63,B_tail_entry_skipped,2026-07-02,UMC,,,,,,
v16,balanced,long,mixed,63,B_tail_entry_skipped,2026-07-02,LQDA,,,,,,
v16,balanced,long,mixed,63,B_tail_entry_skipped,2026-07-02,SYRE,,,,,,
v16,balanced,long,mixed,63,B_tail_entry_skipped,2026-07-02,BTSG,,,,,,
v16,balanced,long,mixed,63,B_tail_entry_skipped,2026-07-02,MGV,,,,,,
v16,balanced,long,mixed,63,B_tail_entry_skipped,2026-07-02,UUP,,,,,,
v16,balanced,long,mixed,63,B_tail_entry_skipped,2026-07-02,DELL,,,,,,
v16,balanced,long,mixed,63,B_tail_entry_skipped,2026-07-02,AXSM,,,,,,
v16,balanced,long,mixed,63,B_tail_entry_skipped,2026-07-02,TXG,,,,,,
v16,balanced,long,mixed,63,B_tail_entry_skipped,2026-07-02,PLXS,,,,,,
v16,balanced,long,mixed,63,B_tail_entry_skipped,2026-07-02,TNGX,,,,,,
v16,balanced,long,mixed,63,B_tail_entry_skipped,2026-07-02,VTEB,,,,,,
v16,balanced,long,mixed,63,B_tail_entry_skipped,2026-07-02,IWD,,,,,,
v16,balanced,long,mixed,63,B_tail_entry_skipped,2026-07-02,RVMD,,,,,,
v16,balanced,long,mixed,63,B_tail_entry_skipped,2026-07-10,NWPX,,,,,,
v16,balanced,long,mixed,63,B_tail_entry_skipped,2026-07-10,ATEX,,,,,,
v16,balanced,long,mixed,63,B_tail_entry_skipped,2026-07-10,LQDA,,,,,,
v16,balanced,long,mixed,63,B_tail_entry_skipped,2026-07-10,STM,,,,,,
v16,balanced,long,mixed,63,B_tail_entry_skipped,2026-07-10,BTSG,,,,,,
v16,balanced,long,mixed,63,B_tail_entry_skipped,2026-07-10,MTRN,,,,,,
v16,balanced,long,mixed,63,B_tail_entry_skipped,2026-07-10,BNY,,,,,,
v16,balanced,long,mixed,63,B_tail_entry_skipped,2026-07-10,MEC,,,,,,
v16,balanced,long,mixed,63,B_tail_entry_skipped,2026-07-10,VSTS,,,,,,
v16,balanced,long,mixed,63,B_tail_entry_skipped,2026-07-10,EVC,,,,,,
v16,balanced,long,mixed,63,B_tail_entry_skipped,2026-07-10,UUP,,,,,,
v16,balanced,long,mixed,63,B_tail_entry_skipped,2026-07-10,TNGX,,,,,,
v16,balanced,long,mixed,63,B_tail_entry_skipped,2026-07-10,ECPG,,,,,,
v16,balanced,long,mixed,63,B_tail_entry_skipped,2026-07-10,ATEN,,,,,,
v16,balanced,long,mixed,63,B_tail_entry_skipped,2026-07-10,SPHR,,,,,,
v16,balanced,long,mixed,63,B_tail_entry_skipped,2026-07-10,SYRE,,,,,,
v16,balanced,long,mixed,63,B_tail_entry_skipped,2026-07-10,VONV,,,,,,
v16,balanced,long,mixed,63,B_tail_entry_skipped,2026-07-10,WTTR,,,,,,
v16,balanced,long,mixed,63,B_tail_entry_skipped,2026-07-10,NESR,,,,,,
v16,balanced,long,mixed,63,B_tail_entry_skipped,2026-07-10,DCO,,,,,,
v16,balanced,long,mixed,63,B_tail_entry_skipped,2026-07-17,UUP,,,,,,
v16,balanced,long,mixed,63,B_tail_entry_skipped,2026-07-17,ORKA,,,,,,
v16,balanced,long,mixed,63,B_tail_entry_skipped,2026-07-17,RLAY,,,,,,
v16,balanced,long,mixed,63,B_tail_entry_skipped,2026-07-17,BTSG,,,,,,
v16,balanced,long,mixed,63,B_tail_entry_skipped,2026-07-17,SYRE,,,,,,
v16,balanced,long,mixed,63,B_tail_entry_skipped,2026-07-17,TWST,,,,,,
v16,balanced,long,mixed,63,B_tail_entry_skipped,2026-07-17,BNY,,,,,,
v16,balanced,long,mixed,63,B_tail_entry_skipped,2026-07-17,ATEN,,,,,,
v16,balanced,long,mixed,63,B_tail_entry_skipped,2026-07-17,NWPX,,,,,,
v16,balanced,long,mixed,63,B_tail_entry_skipped,2026-07-17,URGN,,,,,,
v16,balanced,long,mixed,63,B_tail_entry_skipped,2026-07-17,LQDA,,,,,,
v16,balanced,long,mixed,63,B_tail_entry_skipped,2026-07-17,VSTS,,,,,,
v16,balanced,long,mixed,63,B_tail_entry_skipped,2026-07-17,TIGO,,,,,,
v16,balanced,long,mixed,63,B_tail_entry_skipped,2026-07-17,NESR,,,,,,
v16,balanced,long,mixed,63,B_tail_entry_skipped,2026-07-17,ASML,,,,,,
v16,balanced,long,mixed,63,B_tail_entry_skipped,2026-07-17,NHC,,,,,,
v16,balanced,long,mixed,63,B_tail_entry_skipped,2026-07-17,MSGS,,,,,,
v16,balanced,long,mixed,63,B_tail_entry_skipped,2026-07-17,MSGE,,,,,,
v16,balanced,long,mixed,63,B_tail_entry_skipped,2026-07-17,LIND,,,,,,
v16,balanced,long,mixed,63,B_tail_entry_skipped,2026-07-17,DCO,,,,,,
v16,balanced,long,mixed,63,B_tail_entry_skipped,2026-07-24,UUP,,,,,,
v16,balanced,long,mixed,63,B_tail_entry_skipped,2026-07-24,SYRE,,,,,,
v16,balanced,long,mixed,63,B_tail_entry_skipped,2026-07-24,IWX,,,,,,
v16,balanced,long,mixed,63,B_tail_entry_skipped,2026-07-24,VONV,,,,,,
v16,balanced,long,mixed,63,B_tail_entry_skipped,2026-07-24,IWD,,,,,,
v16,balanced,long,mixed,63,B_tail_entry_skipped,2026-07-24,BNY,,,,,,
v16,balanced,long,mixed,63,B_tail_entry_skipped,2026-07-24,ECPG,,,,,,
v16,balanced,long,mixed,63,B_tail_entry_skipped,2026-07-24,RVMD,,,,,,
v16,balanced,long,mixed,63,B_tail_entry_skipped,2026-07-24,ETON,,,,,,
v16,balanced,long,mixed,63,B_tail_entry_skipped,2026-07-24,ROIV,,,,,,
v16,balanced,long,mixed,63,B_tail_entry_skipped,2026-07-24,DNTH,,,,,,
v16,balanced,long,mixed,63,B_tail_entry_skipped,2026-07-24,HPE,,,,,,
v16,balanced,long,mixed,63,B_tail_entry_skipped,2026-07-24,NWPX,,,,,,
v16,balanced,long,mixed,63,B_tail_entry_skipped,2026-07-24,APGE,,,,,,
v16,balanced,long,mixed,63,B_tail_entry_skipped,2026-07-24,XLF,,,,,,
v16,balanced,long,mixed,63,B_tail_entry_skipped,2026-07-24,LQDA,,,,,,
v16,balanced,long,mixed,63,B_tail_entry_skipped,2026-07-24,RLAY,,,,,,
v16,balanced,long,mixed,63,B_tail_entry_skipped,2026-07-24,DELL,,,,,,
v16,balanced,long,mixed,63,B_tail_entry_skipped,2026-07-24,VSTS,,,,,,
v16,balanced,long,mixed,63,B_tail_entry_skipped,2026-07-24,CRS,,,,,,
v16,balanced,long,mixed,63,B_tail_entry_skipped,2026-07-31,APGE,,,,,,
v16,balanced,long,mixed,63,B_tail_entry_skipped,2026-07-31,RVMD,,,,,,
v16,balanced,long,mixed,63,B_tail_entry_skipped,2026-07-31,TVTX,,,,,,
v16,balanced,long,mixed,63,B_tail_entry_skipped,2026-07-31,ETON,,,,,,
v16,balanced,long,mixed,63,B_tail_entry_skipped,2026-07-31,ATEX,,,,,,
v16,balanced,long,mixed,63,B_tail_entry_skipped,2026-07-31,CLMT,,,,,,
v16,balanced,long,mixed,63,B_tail_entry_skipped,2026-07-31,NHC,,,,,,
v16,balanced,long,mixed,63,B_tail_entry_skipped,2026-07-31,TIGO,,,,,,
v16,balanced,long,mixed,63,B_tail_entry_skipped,2026-07-31,PEB,,,,,,
v16,balanced,long,mixed,63,B_tail_entry_skipped,2026-07-31,DK,,,,,,
v16,balanced,long,mixed,63,B_tail_entry_skipped,2026-07-31,TRVI,,,,,,
v16,balanced,long,mixed,63,B_tail_entry_skipped,2026-07-31,JAZZ,,,,,,
v16,balanced,long,mixed,63,B_tail_entry_skipped,2026-07-31,LQDA,,,,,,
v16,balanced,long,mixed,63,B_tail_entry_skipped,2026-07-31,PANW,,,,,,
v16,balanced,long,mixed,63,B_tail_entry_skipped,2026-07-31,FTNT,,,,,,
v16,balanced,long,mixed,63,B_tail_entry_skipped,2026-07-31,CVS,,,,,,
v16,balanced,long,mixed,63,B_tail_entry_skipped,2026-07-31,RLJ,,,,,,
v16,balanced,long,mixed,63,B_tail_entry_skipped,2026-07-31,CDNA,,,,,,
v16,balanced,long,mixed,63,B_tail_entry_skipped,2026-07-31,URGN,,,,,,
v16,balanced,long,mixed,63,B_tail_entry_skipped,2026-07-31,TD,,,,,,
v16,balanced,long,mixed,63,B_tail_entry_skipped,2026-08-07,APGE,,,,,,
v16,balanced,long,mixed,63,B_tail_entry_skipped,2026-08-07,TXG,,,,,,
v16,balanced,long,mixed,63,B_tail_entry_skipped,2026-08-07,XLF,,,,,,
v16,balanced,long,mixed,63,B_tail_entry_skipped,2026-08-07,RVMD,,,,,,
v16,balanced,long,mixed,63,B_tail_entry_skipped,2026-08-07,ETON,,,,,,
v16,balanced,long,mixed,63,B_tail_entry_skipped,2026-08-07,LQDA,,,,,,
v16,balanced,long,mixed,63,B_tail_entry_skipped,2026-08-07,IYF,,,,,,
v16,balanced,long,mixed,63,B_tail_entry_skipped,2026-08-07,DNTH,,,,,,
v16,balanced,long,mixed,63,B_tail_entry_skipped,2026-08-07,MBX,,,,,,
v16,balanced,long,mixed,63,B_tail_entry_skipped,2026-08-07,NRIX,,,,,,
v16,balanced,long,mixed,63,B_tail_entry_skipped,2026-08-07,ELVN,,,,,,
v16,balanced,long,mixed,63,B_tail_entry_skipped,2026-08-07,TRVI,,,,,,
v16,balanced,long,mixed,63,B_tail_entry_skipped,2026-08-07,FTCS,,,,,,
v16,balanced,long,mixed,63,B_tail_entry_skipped,2026-08-07,GH,,,,,,
v16,balanced,long,mixed,63,B_tail_entry_skipped,2026-08-07,LFST,,,,,,
v16,balanced,long,mixed,63,B_tail_entry_skipped,2026-08-07,ORKA,,,,,,
v16,balanced,long,mixed,63,B_tail_entry_skipped,2026-08-07,PSNL,,,,,,
v16,balanced,long,mixed,63,B_tail_entry_skipped,2026-08-07,CDNA,,,,,,
v16,balanced,long,mixed,63,B_tail_entry_skipped,2026-08-07,MNPR,,,,,,
v16,balanced,long,mixed,63,B_tail_entry_skipped,2026-08-07,BJRI,,,,,,
v16,balanced,long,mixed,63,B_tail_entry_skipped,2026-08-14,APGE,,,,,,
v16,balanced,long,mixed,63,B_tail_entry_skipped,2026-08-14,RLAY,,,,,,
v16,balanced,long,mixed,63,B_tail_entry_skipped,2026-08-14,XLF,,,,,,
v16,balanced,long,mixed,63,B_tail_entry_skipped,2026-08-14,SYRE,,,,,,
v16,balanced,long,mixed,63,B_tail_entry_skipped,2026-08-14,IYF,,,,,,
v16,balanced,long,mixed,63,B_tail_entry_skipped,2026-08-14,VFH,,,,,,
v16,balanced,long,mixed,63,B_tail_entry_skipped,2026-08-14,TVTX,,,,,,
v16,balanced,long,mixed,63,B_tail_entry_skipped,2026-08-14,RVMD,,,,,,
v16,balanced,long,mixed,63,B_tail_entry_skipped,2026-08-14,DGRO,,,,,,
v16,balanced,long,mixed,63,B_tail_entry_skipped,2026-08-14,ORKA,,,,,,
v16,balanced,long,mixed,63,B_tail_entry_skipped,2026-08-14,VIG,,,,,,
v16,balanced,long,mixed,63,B_tail_entry_skipped,2026-08-14,STT,,,,,,
v16,balanced,long,mixed,63,B_tail_entry_skipped,2026-08-14,ELVN,,,,,,
v16,balanced,long,mixed,63,B_tail_entry_skipped,2026-08-14,ECPG,,,,,,
v16,balanced,long,mixed,63,B_tail_entry_skipped,2026-08-14,FTNT,,,,,,
v16,balanced,long,mixed,63,B_tail_entry_skipped,2026-08-14,CDNA,,,,,,
v16,balanced,long,mixed,63,B_tail_entry_skipped,2026-08-14,DELL,,,,,,
v16,balanced,long,mixed,63,B_tail_entry_skipped,2026-08-14,MBX,,,,,,
v16,balanced,long,mixed,63,B_tail_entry_skipped,2026-08-14,URGN,,,,,,
v16,balanced,long,mixed,63,B_tail_entry_skipped,2026-08-14,PBF,,,,,,
v16,balanced,long,mixed,63,B_tail_entry_skipped,2026-08-21,TXG,,,,,,
v16,balanced,long,mixed,63,B_tail_entry_skipped,2026-08-21,TWST,,,,,,
v16,balanced,long,mixed,63,B_tail_entry_skipped,2026-08-21,MRVI,,,,,,
v16,balanced,long,mixed,63,B_tail_entry_skipped,2026-08-21,APGE,,,,,,
v16,balanced,long,mixed,63,B_tail_entry_skipped,2026-08-21,USMV,,,,,,
v16,balanced,long,mixed,63,B_tail_entry_skipped,2026-08-21,ELVN,,,,,,
v16,balanced,long,mixed,63,B_tail_entry_skipped,2026-08-21,TVTX,,,,,,
v16,balanced,long,mixed,63,B_tail_entry_skipped,2026-08-21,BFLY,,,,,,
v16,balanced,long,mixed,63,B_tail_entry_skipped,2026-08-21,URGN,,,,,,
v16,balanced,long,mixed,63,B_tail_entry_skipped,2026-08-21,RVMD,,,,,,
v16,balanced,long,mixed,63,B_tail_entry_skipped,2026-08-21,XNCR,,,,,,
v16,balanced,long,mixed,63,B_tail_entry_skipped,2026-08-21,CDNA,,,,,,
v16,balanced,long,mixed,63,B_tail_entry_skipped,2026-08-21,ORKA,,,,,,
v16,balanced,long,mixed,63,B_tail_entry_skipped,2026-08-21,JEPI,,,,,,
v16,balanced,long,mixed,63,B_tail_entry_skipped,2026-08-21,BJRI,,,,,,
v16,balanced,long,mixed,63,B_tail_entry_skipped,2026-08-21,ETON,,,,,,
v16,balanced,long,mixed,63,B_tail_entry_skipped,2026-08-21,VOE,,,,,,
v16,balanced,long,mixed,63,B_tail_entry_skipped,2026-08-21,IYF,,,,,,
v16,balanced,long,mixed,63,B_tail_entry_skipped,2026-08-21,NEO,,,,,,
v16,balanced,long,mixed,63,B_tail_entry_skipped,2026-08-21,VTV,,,,,,
v16,balanced,long,mixed,63,B_tail_entry_skipped,2026-08-28,TXG,,,,,,
v16,balanced,long,mixed,63,B_tail_entry_skipped,2026-08-28,BKLN,,,,,,
v16,balanced,long,mixed,63,B_tail_entry_skipped,2026-08-28,JEPI,,,,,,
v16,balanced,long,mixed,63,B_tail_entry_skipped,2026-08-28,BNY,,,,,,
v16,balanced,long,mixed,63,B_tail_entry_skipped,2026-08-28,TWST,,,,,,
v16,balanced,long,mixed,63,B_tail_entry_skipped,2026-08-28,DK,,,,,,
v16,balanced,long,mixed,63,B_tail_entry_skipped,2026-08-28,PBF,,,,,,
v16,balanced,long,mixed,63,B_tail_entry_skipped,2026-08-28,NRIX,,,,,,
v16,balanced,long,mixed,63,B_tail_entry_skipped,2026-08-28,DINO,,,,,,
v16,balanced,long,mixed,63,B_tail_entry_skipped,2026-08-28,MPC,,,,,,
v16,balanced,long,mixed,63,B_tail_entry_skipped,2026-08-28,RSP,,,,,,
v16,balanced,long,mixed,63,B_tail_entry_skipped,2026-08-28,VO,,,,,,
v16,balanced,long,mixed,63,B_tail_entry_skipped,2026-08-28,XNCR,,,,,,
v16,balanced,long,mixed,63,B_tail_entry_skipped,2026-08-28,APGE,,,,,,
v16,balanced,long,mixed,63,B_tail_entry_skipped,2026-08-28,VONV,,,,,,
v16,balanced,long,mixed,63,B_tail_entry_skipped,2026-08-28,IWD,,,,,,
v16,balanced,long,mixed,63,B_tail_entry_skipped,2026-08-28,CAKE,,,,,,
v16,balanced,long,mixed,63,B_tail_entry_skipped,2026-08-28,VTV,,,,,,
v16,balanced,long,mixed,63,B_tail_entry_skipped,2026-08-28,DELL,,,,,,
v16,balanced,long,mixed,63,B_tail_entry_skipped,2026-08-28,PVAL,,,,,,
v16,balanced,long,mixed,63,B_tail_entry_skipped,2026-09-04,CDNA,,,,,,
v16,balanced,long,mixed,63,B_tail_entry_skipped,2026-09-04,USMV,,,,,,
v16,balanced,long,mixed,63,B_tail_entry_skipped,2026-09-04,TXG,,,,,,
v16,balanced,long,mixed,63,B_tail_entry_skipped,2026-09-04,SRLN,,,,,,
v16,balanced,long,mixed,63,B_tail_entry_skipped,2026-09-04,ETON,,,,,,
v16,balanced,long,mixed,63,B_tail_entry_skipped,2026-09-04,RVMD,,,,,,
v16,balanced,long,mixed,63,B_tail_entry_skipped,2026-09-04,BKLN,,,,,,
v16,balanced,long,mixed,63,B_tail_entry_skipped,2026-09-04,XNCR,,,,,,
v16,balanced,long,mixed,63,B_tail_entry_skipped,2026-09-04,GH,,,,,,
v16,balanced,long,mixed,63,B_tail_entry_skipped,2026-09-04,NRIX,,,,,,
v16,balanced,long,mixed,63,B_tail_entry_skipped,2026-09-04,PLSE,,,,,,
v16,balanced,long,mixed,63,B_tail_entry_skipped,2026-09-04,XLF,,,,,,
v16,balanced,long,mixed,63,B_tail_entry_skipped,2026-09-04,STT,,,,,,
v16,balanced,long,mixed,63,B_tail_entry_skipped,2026-09-04,JEPI,,,,,,
v16,balanced,long,mixed,63,B_tail_entry_skipped,2026-09-04,VFH,,,,,,
v16,balanced,long,mixed,63,B_tail_entry_skipped,2026-09-04,ILMN,,,,,,
v16,balanced,long,mixed,63,B_tail_entry_skipped,2026-09-04,VLO,,,,,,
v16,balanced,long,mixed,63,B_tail_entry_skipped,2026-09-04,BNY,,,,,,
v16,balanced,long,mixed,63,B_tail_entry_skipped,2026-09-04,ECO,,,,,,
v16,balanced,long,mixed,63,B_tail_entry_skipped,2026-09-04,MNPR,,,,,,
v16,balanced,long,mixed,63,B_tail_entry_skipped,2026-09-14,TXG,,,,,,
v16,balanced,long,mixed,63,B_tail_entry_skipped,2026-09-14,CDNA,,,,,,
v16,balanced,long,mixed,63,B_tail_entry_skipped,2026-09-14,BKLN,,,,,,
v16,balanced,long,mixed,63,B_tail_entry_skipped,2026-09-14,TWST,,,,,,
v16,balanced,long,mixed,63,B_tail_entry_skipped,2026-09-14,PLSE,,,,,,
v16,balanced,long,mixed,63,B_tail_entry_skipped,2026-09-14,CLMT,,,,,,
v16,balanced,long,mixed,63,B_tail_entry_skipped,2026-09-14,PTGX,,,,,,
v16,balanced,long,mixed,63,B_tail_entry_skipped,2026-09-14,SRLN,,,,,,
v16,balanced,long,mixed,63,B_tail_entry_skipped,2026-09-14,RVMD,,,,,,
v16,balanced,long,mixed,63,B_tail_entry_skipped,2026-09-14,NEO,,,,,,
v16,balanced,long,mixed,63,B_tail_entry_skipped,2026-09-14,ECO,,,,,,
v16,balanced,long,mixed,63,B_tail_entry_skipped,2026-09-14,MPC,,,,,,
v16,balanced,long,mixed,63,B_tail_entry_skipped,2026-09-14,VFLO,,,,,,
v16,balanced,long,mixed,63,B_tail_entry_skipped,2026-09-14,RNG,,,,,,
v16,balanced,long,mixed,63,B_tail_entry_skipped,2026-09-14,CRWD,,,,,,
v16,balanced,long,mixed,63,B_tail_entry_skipped,2026-09-14,FTNT,,,,,,
v16,balanced,long,mixed,63,B_tail_entry_skipped,2026-09-14,INSW,,,,,,
v16,balanced,long,mixed,63,B_tail_entry_skipped,2026-09-14,MATX,,,,,,
v16,balanced,long,mixed,63,B_tail_entry_skipped,2026-09-14,CHEF,,,,,,
v16,balanced,long,mixed,63,B_tail_entry_skipped,2026-09-14,DELL,,,,,,
v16,balanced,long,stock,63,B_tail_entry_skipped,2026-07-02,AMD,,,,,,
v16,balanced,long,stock,63,B_tail_entry_skipped,2026-07-02,KLIC,,,,,,
v16,balanced,long,stock,63,B_tail_entry_skipped,2026-07-02,MTRN,,,,,,
v16,balanced,long,stock,63,B_tail_entry_skipped,2026-07-02,ATEX,,,,,,
v16,balanced,long,stock,63,B_tail_entry_skipped,2026-07-02,BNY,,,,,,
v16,balanced,long,stock,63,B_tail_entry_skipped,2026-07-02,NWPX,,,,,,
v16,balanced,long,stock,63,B_tail_entry_skipped,2026-07-02,UMC,,,,,,
v16,balanced,long,stock,63,B_tail_entry_skipped,2026-07-02,LQDA,,,,,,
v16,balanced,long,stock,63,B_tail_entry_skipped,2026-07-02,SYRE,,,,,,
v16,balanced,long,stock,63,B_tail_entry_skipped,2026-07-02,BTSG,,,,,,
v16,balanced,long,stock,63,B_tail_entry_skipped,2026-07-02,DELL,,,,,,
v16,balanced,long,stock,63,B_tail_entry_skipped,2026-07-02,AXSM,,,,,,
v16,balanced,long,stock,63,B_tail_entry_skipped,2026-07-02,TXG,,,,,,
v16,balanced,long,stock,63,B_tail_entry_skipped,2026-07-02,PLXS,,,,,,
v16,balanced,long,stock,63,B_tail_entry_skipped,2026-07-02,TNGX,,,,,,
v16,balanced,long,stock,63,B_tail_entry_skipped,2026-07-02,RVMD,,,,,,
v16,balanced,long,stock,63,B_tail_entry_skipped,2026-07-02,BAND,,,,,,
v16,balanced,long,stock,63,B_tail_entry_skipped,2026-07-02,ATEN,,,,,,
v16,balanced,long,stock,63,B_tail_entry_skipped,2026-07-02,ASML,,,,,,
v16,balanced,long,stock,63,B_tail_entry_skipped,2026-07-02,SPHR,,,,,,
v16,balanced,long,stock,63,B_tail_entry_skipped,2026-07-10,NWPX,,,,,,
v16,balanced,long,stock,63,B_tail_entry_skipped,2026-07-10,ATEX,,,,,,
v16,balanced,long,stock,63,B_tail_entry_skipped,2026-07-10,LQDA,,,,,,
v16,balanced,long,stock,63,B_tail_entry_skipped,2026-07-10,STM,,,,,,
v16,balanced,long,stock,63,B_tail_entry_skipped,2026-07-10,BTSG,,,,,,
v16,balanced,long,stock,63,B_tail_entry_skipped,2026-07-10,MTRN,,,,,,
v16,balanced,long,stock,63,B_tail_entry_skipped,2026-07-10,BNY,,,,,,
v16,balanced,long,stock,63,B_tail_entry_skipped,2026-07-10,MEC,,,,,,
v16,balanced,long,stock,63,B_tail_entry_skipped,2026-07-10,VSTS,,,,,,
v16,balanced,long,stock,63,B_tail_entry_skipped,2026-07-10,EVC,,,,,,
v16,balanced,long,stock,63,B_tail_entry_skipped,2026-07-10,TNGX,,,,,,
v16,balanced,long,stock,63,B_tail_entry_skipped,2026-07-10,ECPG,,,,,,
v16,balanced,long,stock,63,B_tail_entry_skipped,2026-07-10,ATEN,,,,,,
v16,balanced,long,stock,63,B_tail_entry_skipped,2026-07-10,SPHR,,,,,,
v16,balanced,long,stock,63,B_tail_entry_skipped,2026-07-10,SYRE,,,,,,
v16,balanced,long,stock,63,B_tail_entry_skipped,2026-07-10,WTTR,,,,,,
v16,balanced,long,stock,63,B_tail_entry_skipped,2026-07-10,NESR,,,,,,
v16,balanced,long,stock,63,B_tail_entry_skipped,2026-07-10,DCO,,,,,,
v16,balanced,long,stock,63,B_tail_entry_skipped,2026-07-10,TKR,,,,,,
v16,balanced,long,stock,63,B_tail_entry_skipped,2026-07-10,PSMT,,,,,,
v16,balanced,long,stock,63,B_tail_entry_skipped,2026-07-17,ORKA,,,,,,
v16,balanced,long,stock,63,B_tail_entry_skipped,2026-07-17,RLAY,,,,,,
v16,balanced,long,stock,63,B_tail_entry_skipped,2026-07-17,BTSG,,,,,,
v16,balanced,long,stock,63,B_tail_entry_skipped,2026-07-17,SYRE,,,,,,
v16,balanced,long,stock,63,B_tail_entry_skipped,2026-07-17,TWST,,,,,,
v16,balanced,long,stock,63,B_tail_entry_skipped,2026-07-17,BNY,,,,,,
v16,balanced,long,stock,63,B_tail_entry_skipped,2026-07-17,ATEN,,,,,,
v16,balanced,long,stock,63,B_tail_entry_skipped,2026-07-17,NWPX,,,,,,
v16,balanced,long,stock,63,B_tail_entry_skipped,2026-07-17,URGN,,,,,,
v16,balanced,long,stock,63,B_tail_entry_skipped,2026-07-17,LQDA,,,,,,
v16,balanced,long,stock,63,B_tail_entry_skipped,2026-07-17,VSTS,,,,,,
v16,balanced,long,stock,63,B_tail_entry_skipped,2026-07-17,TIGO,,,,,,
v16,balanced,long,stock,63,B_tail_entry_skipped,2026-07-17,NESR,,,,,,
v16,balanced,long,stock,63,B_tail_entry_skipped,2026-07-17,ASML,,,,,,
v16,balanced,long,stock,63,B_tail_entry_skipped,2026-07-17,NHC,,,,,,
v16,balanced,long,stock,63,B_tail_entry_skipped,2026-07-17,MSGS,,,,,,
v16,balanced,long,stock,63,B_tail_entry_skipped,2026-07-17,MSGE,,,,,,
v16,balanced,long,stock,63,B_tail_entry_skipped,2026-07-17,LIND,,,,,,
v16,balanced,long,stock,63,B_tail_entry_skipped,2026-07-17,DCO,,,,,,
v16,balanced,long,stock,63,B_tail_entry_skipped,2026-07-17,PEB,,,,,,
v16,balanced,long,stock,63,B_tail_entry_skipped,2026-07-24,SYRE,,,,,,
v16,balanced,long,stock,63,B_tail_entry_skipped,2026-07-24,BNY,,,,,,
v16,balanced,long,stock,63,B_tail_entry_skipped,2026-07-24,ECPG,,,,,,
v16,balanced,long,stock,63,B_tail_entry_skipped,2026-07-24,RVMD,,,,,,
v16,balanced,long,stock,63,B_tail_entry_skipped,2026-07-24,ETON,,,,,,
v16,balanced,long,stock,63,B_tail_entry_skipped,2026-07-24,ROIV,,,,,,
v16,balanced,long,stock,63,B_tail_entry_skipped,2026-07-24,DNTH,,,,,,
v16,balanced,long,stock,63,B_tail_entry_skipped,2026-07-24,HPE,,,,,,
v16,balanced,long,stock,63,B_tail_entry_skipped,2026-07-24,NWPX,,,,,,
v16,balanced,long,stock,63,B_tail_entry_skipped,2026-07-24,APGE,,,,,,
v16,balanced,long,stock,63,B_tail_entry_skipped,2026-07-24,LQDA,,,,,,
v16,balanced,long,stock,63,B_tail_entry_skipped,2026-07-24,RLAY,,,,,,
v16,balanced,long,stock,63,B_tail_entry_skipped,2026-07-24,DELL,,,,,,
v16,balanced,long,stock,63,B_tail_entry_skipped,2026-07-24,VSTS,,,,,,
v16,balanced,long,stock,63,B_tail_entry_skipped,2026-07-24,CRS,,,,,,
v16,balanced,long,stock,63,B_tail_entry_skipped,2026-07-24,JAZZ,,,,,,
v16,balanced,long,stock,63,B_tail_entry_skipped,2026-07-24,CNC,,,,,,
v16,balanced,long,stock,63,B_tail_entry_skipped,2026-07-24,RY,,,,,,
v16,balanced,long,stock,63,B_tail_entry_skipped,2026-07-24,ELVN,,,,,,
v16,balanced,long,stock,63,B_tail_entry_skipped,2026-07-24,NAT,,,,,,
v16,balanced,long,stock,63,B_tail_entry_skipped,2026-07-31,APGE,,,,,,
v16,balanced,long,stock,63,B_tail_entry_skipped,2026-07-31,RVMD,,,,,,
v16,balanced,long,stock,63,B_tail_entry_skipped,2026-07-31,TVTX,,,,,,
v16,balanced,long,stock,63,B_tail_entry_skipped,2026-07-31,ETON,,,,,,
v16,balanced,long,stock,63,B_tail_entry_skipped,2026-07-31,ATEX,,,,,,
v16,balanced,long,stock,63,B_tail_entry_skipped,2026-07-31,CLMT,,,,,,
v16,balanced,long,stock,63,B_tail_entry_skipped,2026-07-31,NHC,,,,,,
v16,balanced,long,stock,63,B_tail_entry_skipped,2026-07-31,TIGO,,,,,,
v16,balanced,long,stock,63,B_tail_entry_skipped,2026-07-31,PEB,,,,,,
v16,balanced,long,stock,63,B_tail_entry_skipped,2026-07-31,DK,,,,,,
v16,balanced,long,stock,63,B_tail_entry_skipped,2026-07-31,TRVI,,,,,,
v16,balanced,long,stock,63,B_tail_entry_skipped,2026-07-31,JAZZ,,,,,,
v16,balanced,long,stock,63,B_tail_entry_skipped,2026-07-31,LQDA,,,,,,
v16,balanced,long,stock,63,B_tail_entry_skipped,2026-07-31,PANW,,,,,,
v16,balanced,long,stock,63,B_tail_entry_skipped,2026-07-31,FTNT,,,,,,
v16,balanced,long,stock,63,B_tail_entry_skipped,2026-07-31,CVS,,,,,,
v16,balanced,long,stock,63,B_tail_entry_skipped,2026-07-31,RLJ,,,,,,
v16,balanced,long,stock,63,B_tail_entry_skipped,2026-07-31,CDNA,,,,,,
v16,balanced,long,stock,63,B_tail_entry_skipped,2026-07-31,URGN,,,,,,
v16,balanced,long,stock,63,B_tail_entry_skipped,2026-07-31,TD,,,,,,
v16,balanced,long,stock,63,B_tail_entry_skipped,2026-08-07,APGE,,,,,,
v16,balanced,long,stock,63,B_tail_entry_skipped,2026-08-07,TXG,,,,,,
v16,balanced,long,stock,63,B_tail_entry_skipped,2026-08-07,RVMD,,,,,,
v16,balanced,long,stock,63,B_tail_entry_skipped,2026-08-07,ETON,,,,,,
v16,balanced,long,stock,63,B_tail_entry_skipped,2026-08-07,LQDA,,,,,,
v16,balanced,long,stock,63,B_tail_entry_skipped,2026-08-07,DNTH,,,,,,
v16,balanced,long,stock,63,B_tail_entry_skipped,2026-08-07,MBX,,,,,,
v16,balanced,long,stock,63,B_tail_entry_skipped,2026-08-07,NRIX,,,,,,
v16,balanced,long,stock,63,B_tail_entry_skipped,2026-08-07,ELVN,,,,,,
v16,balanced,long,stock,63,B_tail_entry_skipped,2026-08-07,TRVI,,,,,,
v16,balanced,long,stock,63,B_tail_entry_skipped,2026-08-07,GH,,,,,,
v16,balanced,long,stock,63,B_tail_entry_skipped,2026-08-07,LFST,,,,,,
v16,balanced,long,stock,63,B_tail_entry_skipped,2026-08-07,ORKA,,,,,,
v16,balanced,long,stock,63,B_tail_entry_skipped,2026-08-07,PSNL,,,,,,
v16,balanced,long,stock,63,B_tail_entry_skipped,2026-08-07,CDNA,,,,,,
v16,balanced,long,stock,63,B_tail_entry_skipped,2026-08-07,MNPR,,,,,,
v16,balanced,long,stock,63,B_tail_entry_skipped,2026-08-07,BJRI,,,,,,
v16,balanced,long,stock,63,B_tail_entry_skipped,2026-08-07,URGN,,,,,,
v16,balanced,long,stock,63,B_tail_entry_skipped,2026-08-07,DGII,,,,,,
v16,balanced,long,stock,63,B_tail_entry_skipped,2026-08-07,BNY,,,,,,
v16,balanced,long,stock,63,B_tail_entry_skipped,2026-08-14,APGE,,,,,,
v16,balanced,long,stock,63,B_tail_entry_skipped,2026-08-14,RLAY,,,,,,
v16,balanced,long,stock,63,B_tail_entry_skipped,2026-08-14,SYRE,,,,,,
v16,balanced,long,stock,63,B_tail_entry_skipped,2026-08-14,TVTX,,,,,,
v16,balanced,long,stock,63,B_tail_entry_skipped,2026-08-14,RVMD,,,,,,
v16,balanced,long,stock,63,B_tail_entry_skipped,2026-08-14,ORKA,,,,,,
v16,balanced,long,stock,63,B_tail_entry_skipped,2026-08-14,STT,,,,,,
v16,balanced,long,stock,63,B_tail_entry_skipped,2026-08-14,ELVN,,,,,,
v16,balanced,long,stock,63,B_tail_entry_skipped,2026-08-14,ECPG,,,,,,
v16,balanced,long,stock,63,B_tail_entry_skipped,2026-08-14,FTNT,,,,,,
v16,balanced,long,stock,63,B_tail_entry_skipped,2026-08-14,CDNA,,,,,,
v16,balanced,long,stock,63,B_tail_entry_skipped,2026-08-14,DELL,,,,,,
v16,balanced,long,stock,63,B_tail_entry_skipped,2026-08-14,MBX,,,,,,
v16,balanced,long,stock,63,B_tail_entry_skipped,2026-08-14,URGN,,,,,,
v16,balanced,long,stock,63,B_tail_entry_skipped,2026-08-14,PBF,,,,,,
v16,balanced,long,stock,63,B_tail_entry_skipped,2026-08-14,LGND,,,,,,
v16,balanced,long,stock,63,B_tail_entry_skipped,2026-08-14,NRIX,,,,,,
v16,balanced,long,stock,63,B_tail_entry_skipped,2026-08-14,BNY,,,,,,
v16,balanced,long,stock,63,B_tail_entry_skipped,2026-08-14,DNTH,,,,,,
v16,balanced,long,stock,63,B_tail_entry_skipped,2026-08-14,SLS,,,,,,
v16,balanced,long,stock,63,B_tail_entry_skipped,2026-08-21,TXG,,,,,,
v16,balanced,long,stock,63,B_tail_entry_skipped,2026-08-21,TWST,,,,,,
v16,balanced,long,stock,63,B_tail_entry_skipped,2026-08-21,MRVI,,,,,,
v16,balanced,long,stock,63,B_tail_entry_skipped,2026-08-21,APGE,,,,,,
v16,balanced,long,stock,63,B_tail_entry_skipped,2026-08-21,ELVN,,,,,,
v16,balanced,long,stock,63,B_tail_entry_skipped,2026-08-21,TVTX,,,,,,
v16,balanced,long,stock,63,B_tail_entry_skipped,2026-08-21,BFLY,,,,,,
v16,balanced,long,stock,63,B_tail_entry_skipped,2026-08-21,URGN,,,,,,
v16,balanced,long,stock,63,B_tail_entry_skipped,2026-08-21,RVMD,,,,,,
v16,balanced,long,stock,63,B_tail_entry_skipped,2026-08-21,XNCR,,,,,,
v16,balanced,long,stock,63,B_tail_entry_skipped,2026-08-21,CDNA,,,,,,
v16,balanced,long,stock,63,B_tail_entry_skipped,2026-08-21,ORKA,,,,,,
v16,balanced,long,stock,63,B_tail_entry_skipped,2026-08-21,BJRI,,,,,,
v16,balanced,long,stock,63,B_tail_entry_skipped,2026-08-21,ETON,,,,,,
v16,balanced,long,stock,63,B_tail_entry_skipped,2026-08-21,NEO,,,,,,
v16,balanced,long,stock,63,B_tail_entry_skipped,2026-08-21,MBX,,,,,,
v16,balanced,long,stock,63,B_tail_entry_skipped,2026-08-21,FBRX,,,,,,
v16,balanced,long,stock,63,B_tail_entry_skipped,2026-08-21,OII,,,,,,
v16,balanced,long,stock,63,B_tail_entry_skipped,2026-08-21,CXW,,,,,,
v16,balanced,long,stock,63,B_tail_entry_skipped,2026-08-21,ARWR,,,,,,
v16,balanced,long,stock,63,B_tail_entry_skipped,2026-08-28,TXG,,,,,,
v16,balanced,long,stock,63,B_tail_entry_skipped,2026-08-28,BNY,,,,,,
v16,balanced,long,stock,63,B_tail_entry_skipped,2026-08-28,TWST,,,,,,
v16,balanced,long,stock,63,B_tail_entry_skipped,2026-08-28,DK,,,,,,
v16,balanced,long,stock,63,B_tail_entry_skipped,2026-08-28,PBF,,,,,,
v16,balanced,long,stock,63,B_tail_entry_skipped,2026-08-28,NRIX,,,,,,
v16,balanced,long,stock,63,B_tail_entry_skipped,2026-08-28,DINO,,,,,,
v16,balanced,long,stock,63,B_tail_entry_skipped,2026-08-28,MPC,,,,,,
v16,balanced,long,stock,63,B_tail_entry_skipped,2026-08-28,XNCR,,,,,,
v16,balanced,long,stock,63,B_tail_entry_skipped,2026-08-28,APGE,,,,,,
v16,balanced,long,stock,63,B_tail_entry_skipped,2026-08-28,CAKE,,,,,,
v16,balanced,long,stock,63,B_tail_entry_skipped,2026-08-28,DELL,,,,,,
v16,balanced,long,stock,63,B_tail_entry_skipped,2026-08-28,ETON,,,,,,
v16,balanced,long,stock,63,B_tail_entry_skipped,2026-08-28,HPE,,,,,,
v16,balanced,long,stock,63,B_tail_entry_skipped,2026-08-28,KNSA,,,,,,
v16,balanced,long,stock,63,B_tail_entry_skipped,2026-08-28,NEO,,,,,,
v16,balanced,long,stock,63,B_tail_entry_skipped,2026-08-28,CDNA,,,,,,
v16,balanced,long,stock,63,B_tail_entry_skipped,2026-08-28,CLMT,,,,,,
v16,balanced,long,stock,63,B_tail_entry_skipped,2026-08-28,SPCX,,,,,,
v16,balanced,long,stock,63,B_tail_entry_skipped,2026-08-28,VLO,,,,,,
v16,balanced,long,stock,63,B_tail_entry_skipped,2026-09-04,CDNA,,,,,,
v16,balanced,long,stock,63,B_tail_entry_skipped,2026-09-04,TXG,,,,,,
v16,balanced,long,stock,63,B_tail_entry_skipped,2026-09-04,ETON,,,,,,
v16,balanced,long,stock,63,B_tail_entry_skipped,2026-09-04,RVMD,,,,,,
v16,balanced,long,stock,63,B_tail_entry_skipped,2026-09-04,XNCR,,,,,,
v16,balanced,long,stock,63,B_tail_entry_skipped,2026-09-04,GH,,,,,,
v16,balanced,long,stock,63,B_tail_entry_skipped,2026-09-04,NRIX,,,,,,
v16,balanced,long,stock,63,B_tail_entry_skipped,2026-09-04,PLSE,,,,,,
v16,balanced,long,stock,63,B_tail_entry_skipped,2026-09-04,STT,,,,,,
v16,balanced,long,stock,63,B_tail_entry_skipped,2026-09-04,ILMN,,,,,,
v16,balanced,long,stock,63,B_tail_entry_skipped,2026-09-04,VLO,,,,,,
v16,balanced,long,stock,63,B_tail_entry_skipped,2026-09-04,BNY,,,,,,
v16,balanced,long,stock,63,B_tail_entry_skipped,2026-09-04,ECO,,,,,,
v16,balanced,long,stock,63,B_tail_entry_skipped,2026-09-04,MNPR,,,,,,
v16,balanced,long,stock,63,B_tail_entry_skipped,2026-09-04,URGN,,,,,,
v16,balanced,long,stock,63,B_tail_entry_skipped,2026-09-04,KYMR,,,,,,
v16,balanced,long,stock,63,B_tail_entry_skipped,2026-09-04,CAKE,,,,,,
v16,balanced,long,stock,63,B_tail_entry_skipped,2026-09-04,DELL,,,,,,
v16,balanced,long,stock,63,B_tail_entry_skipped,2026-09-04,CLMT,,,,,,
v16,balanced,long,stock,63,B_tail_entry_skipped,2026-09-04,PTGX,,,,,,
v16,balanced,long,stock,63,B_tail_entry_skipped,2026-09-14,TXG,,,,,,
v16,balanced,long,stock,63,B_tail_entry_skipped,2026-09-14,CDNA,,,,,,
v16,balanced,long,stock,63,B_tail_entry_skipped,2026-09-14,TWST,,,,,,
v16,balanced,long,stock,63,B_tail_entry_skipped,2026-09-14,PLSE,,,,,,
v16,balanced,long,stock,63,B_tail_entry_skipped,2026-09-14,CLMT,,,,,,
v16,balanced,long,stock,63,B_tail_entry_skipped,2026-09-14,PTGX,,,,,,
v16,balanced,long,stock,63,B_tail_entry_skipped,2026-09-14,RVMD,,,,,,
v16,balanced,long,stock,63,B_tail_entry_skipped,2026-09-14,NEO,,,,,,
v16,balanced,long,stock,63,B_tail_entry_skipped,2026-09-14,ECO,,,,,,
v16,balanced,long,stock,63,B_tail_entry_skipped,2026-09-14,MPC,,,,,,
v16,balanced,long,stock,63,B_tail_entry_skipped,2026-09-14,RNG,,,,,,
v16,balanced,long,stock,63,B_tail_entry_skipped,2026-09-14,CRWD,,,,,,
v16,balanced,long,stock,63,B_tail_entry_skipped,2026-09-14,FTNT,,,,,,
v16,balanced,long,stock,63,B_tail_entry_skipped,2026-09-14,INSW,,,,,,
v16,balanced,long,stock,63,B_tail_entry_skipped,2026-09-14,MATX,,,,,,
v16,balanced,long,stock,63,B_tail_entry_skipped,2026-09-14,CHEF,,,,,,
v16,balanced,long,stock,63,B_tail_entry_skipped,2026-09-14,DELL,,,,,,
v16,balanced,long,stock,63,B_tail_entry_skipped,2026-09-14,VLO,,,,,,
v16,balanced,long,stock,63,B_tail_entry_skipped,2026-09-14,GH,,,,,,
v16,balanced,long,stock,63,B_tail_entry_skipped,2026-09-14,ABCL,,,,,,
v16,balanced,mid,mixed,63,B_tail_entry_skipped,2026-07-02,AMD,,,,,,
v16,balanced,mid,mixed,63,B_tail_entry_skipped,2026-07-02,KLIC,,,,,,
v16,balanced,mid,mixed,63,B_tail_entry_skipped,2026-07-02,MTRN,,,,,,
v16,balanced,mid,mixed,63,B_tail_entry_skipped,2026-07-02,ATEX,,,,,,
v16,balanced,mid,mixed,63,B_tail_entry_skipped,2026-07-02,UMC,,,,,,
v16,balanced,mid,mixed,63,B_tail_entry_skipped,2026-07-02,NWPX,,,,,,
v16,balanced,mid,mixed,63,B_tail_entry_skipped,2026-07-02,BNY,,,,,,
v16,balanced,mid,mixed,63,B_tail_entry_skipped,2026-07-02,MGV,,,,,,
v16,balanced,mid,mixed,63,B_tail_entry_skipped,2026-07-02,UUP,,,,,,
v16,balanced,mid,mixed,63,B_tail_entry_skipped,2026-07-02,VTEB,,,,,,
v16,balanced,mid,mixed,63,B_tail_entry_skipped,2026-07-02,SYRE,,,,,,
v16,balanced,mid,mixed,63,B_tail_entry_skipped,2026-07-02,ATEN,,,,,,
v16,balanced,mid,mixed,63,B_tail_entry_skipped,2026-07-02,AXSM,,,,,,
v16,balanced,mid,mixed,63,B_tail_entry_skipped,2026-07-02,LQDA,,,,,,
v16,balanced,mid,mixed,63,B_tail_entry_skipped,2026-07-02,DELL,,,,,,
v16,balanced,mid,mixed,63,B_tail_entry_skipped,2026-07-02,IWD,,,,,,
v16,balanced,mid,mixed,63,B_tail_entry_skipped,2026-07-02,PLXS,,,,,,
v16,balanced,mid,mixed,63,B_tail_entry_skipped,2026-07-02,TXG,,,,,,
v16,balanced,mid,mixed,63,B_tail_entry_skipped,2026-07-02,BTSG,,,,,,
v16,balanced,mid,mixed,63,B_tail_entry_skipped,2026-07-02,TWST,,,,,,
v16,balanced,mid,mixed,63,B_tail_entry_skipped,2026-07-10,ATEX,,,,,,
v16,balanced,mid,mixed,63,B_tail_entry_skipped,2026-07-10,NWPX,,,,,,
v16,balanced,mid,mixed,63,B_tail_entry_skipped,2026-07-10,STM,,,,,,
v16,balanced,mid,mixed,63,B_tail_entry_skipped,2026-07-10,LQDA,,,,,,
v16,balanced,mid,mixed,63,B_tail_entry_skipped,2026-07-10,MTRN,,,,,,
v16,balanced,mid,mixed,63,B_tail_entry_skipped,2026-07-10,BTSG,,,,,,
v16,balanced,mid,mixed,63,B_tail_entry_skipped,2026-07-10,MEC,,,,,,
v16,balanced,mid,mixed,63,B_tail_entry_skipped,2026-07-10,BNY,,,,,,
v16,balanced,mid,mixed,63,B_tail_entry_skipped,2026-07-10,VSTS,,,,,,
v16,balanced,mid,mixed,63,B_tail_entry_skipped,2026-07-10,ATEN,,,,,,
v16,balanced,mid,mixed,63,B_tail_entry_skipped,2026-07-10,UUP,,,,,,
v16,balanced,mid,mixed,63,B_tail_entry_skipped,2026-07-10,EXTR,,,,,,
v16,balanced,mid,mixed,63,B_tail_entry_skipped,2026-07-10,PBI,,,,,,
v16,balanced,mid,mixed,63,B_tail_entry_skipped,2026-07-10,ECPG,,,,,,
v16,balanced,mid,mixed,63,B_tail_entry_skipped,2026-07-10,PEB,,,,,,
v16,balanced,mid,mixed,63,B_tail_entry_skipped,2026-07-10,VONV,,,,,,
v16,balanced,mid,mixed,63,B_tail_entry_skipped,2026-07-10,TNGX,,,,,,
v16,balanced,mid,mixed,63,B_tail_entry_skipped,2026-07-10,EVC,,,,,,
v16,balanced,mid,mixed,63,B_tail_entry_skipped,2026-07-10,RSI,,,,,,
v16,balanced,mid,mixed,63,B_tail_entry_skipped,2026-07-10,WTTR,,,,,,
v16,balanced,mid,mixed,63,B_tail_entry_skipped,2026-07-17,UUP,,,,,,
v16,balanced,mid,mixed,63,B_tail_entry_skipped,2026-07-17,ORKA,,,,,,
v16,balanced,mid,mixed,63,B_tail_entry_skipped,2026-07-17,RLAY,,,,,,
v16,balanced,mid,mixed,63,B_tail_entry_skipped,2026-07-17,BTSG,,,,,,
v16,balanced,mid,mixed,63,B_tail_entry_skipped,2026-07-17,TWST,,,,,,
v16,balanced,mid,mixed,63,B_tail_entry_skipped,2026-07-17,ATEN,,,,,,
v16,balanced,mid,mixed,63,B_tail_entry_skipped,2026-07-17,SYRE,,,,,,
v16,balanced,mid,mixed,63,B_tail_entry_skipped,2026-07-17,URGN,,,,,,
v16,balanced,mid,mixed,63,B_tail_entry_skipped,2026-07-17,VSTS,,,,,,
v16,balanced,mid,mixed,63,B_tail_entry_skipped,2026-07-17,BNY,,,,,,
v16,balanced,mid,mixed,63,B_tail_entry_skipped,2026-07-17,NWPX,,,,,,
v16,balanced,mid,mixed,63,B_tail_entry_skipped,2026-07-17,LQDA,,,,,,
v16,balanced,mid,mixed,63,B_tail_entry_skipped,2026-07-17,TIGO,,,,,,
v16,balanced,mid,mixed,63,B_tail_entry_skipped,2026-07-17,MITK,,,,,,
v16,balanced,mid,mixed,63,B_tail_entry_skipped,2026-07-17,NHC,,,,,,
v16,balanced,mid,mixed,63,B_tail_entry_skipped,2026-07-17,LIND,,,,,,
v16,balanced,mid,mixed,63,B_tail_entry_skipped,2026-07-17,VBIL,,,,,,
v16,balanced,mid,mixed,63,B_tail_entry_skipped,2026-07-17,ASML,,,,,,
v16,balanced,mid,mixed,63,B_tail_entry_skipped,2026-07-17,MINT,,,,,,
v16,balanced,mid,mixed,63,B_tail_entry_skipped,2026-07-17,CON,,,,,,
v16,balanced,mid,mixed,63,B_tail_entry_skipped,2026-07-24,UUP,,,,,,
v16,balanced,mid,mixed,63,B_tail_entry_skipped,2026-07-24,IWX,,,,,,
v16,balanced,mid,mixed,63,B_tail_entry_skipped,2026-07-24,VONV,,,,,,
v16,balanced,mid,mixed,63,B_tail_entry_skipped,2026-07-24,SYRE,,,,,,
v16,balanced,mid,mixed,63,B_tail_entry_skipped,2026-07-24,IWD,,,,,,
v16,balanced,mid,mixed,63,B_tail_entry_skipped,2026-07-24,ETON,,,,,,
v16,balanced,mid,mixed,63,B_tail_entry_skipped,2026-07-24,ECPG,,,,,,
v16,balanced,mid,mixed,63,B_tail_entry_skipped,2026-07-24,BNY,,,,,,
v16,balanced,mid,mixed,63,B_tail_entry_skipped,2026-07-24,XLF,,,,,,
v16,balanced,mid,mixed,63,B_tail_entry_skipped,2026-07-24,HPE,,,,,,
v16,balanced,mid,mixed,63,B_tail_entry_skipped,2026-07-24,RVMD,,,,,,
v16,balanced,mid,mixed,63,B_tail_entry_skipped,2026-07-24,ELVN,,,,,,
v16,balanced,mid,mixed,63,B_tail_entry_skipped,2026-07-24,VSTS,,,,,,
v16,balanced,mid,mixed,63,B_tail_entry_skipped,2026-07-24,NWPX,,,,,,
v16,balanced,mid,mixed,63,B_tail_entry_skipped,2026-07-24,CHEF,,,,,,
v16,balanced,mid,mixed,63,B_tail_entry_skipped,2026-07-24,ROIV,,,,,,
v16,balanced,mid,mixed,63,B_tail_entry_skipped,2026-07-24,DNTH,,,,,,
v16,balanced,mid,mixed,63,B_tail_entry_skipped,2026-07-24,URGN,,,,,,
v16,balanced,mid,mixed,63,B_tail_entry_skipped,2026-07-24,APGE,,,,,,
v16,balanced,mid,mixed,63,B_tail_entry_skipped,2026-07-24,WTTR,,,,,,
v16,balanced,mid,mixed,63,B_tail_entry_skipped,2026-07-31,APGE,,,,,,
v16,balanced,mid,mixed,63,B_tail_entry_skipped,2026-07-31,ETON,,,,,,
v16,balanced,mid,mixed,63,B_tail_entry_skipped,2026-07-31,CLMT,,,,,,
v16,balanced,mid,mixed,63,B_tail_entry_skipped,2026-07-31,ATEX,,,,,,
v16,balanced,mid,mixed,63,B_tail_entry_skipped,2026-07-31,PEB,,,,,,
v16,balanced,mid,mixed,63,B_tail_entry_skipped,2026-07-31,TVTX,,,,,,
v16,balanced,mid,mixed,63,B_tail_entry_skipped,2026-07-31,FTNT,,,,,,
v16,balanced,mid,mixed,63,B_tail_entry_skipped,2026-07-31,NHC,,,,,,
v16,balanced,mid,mixed,63,B_tail_entry_skipped,2026-07-31,RVMD,,,,,,
v16,balanced,mid,mixed,63,B_tail_entry_skipped,2026-07-31,TIGO,,,,,,
v16,balanced,mid,mixed,63,B_tail_entry_skipped,2026-07-31,DK,,,,,,
v16,balanced,mid,mixed,63,B_tail_entry_skipped,2026-07-31,TRVI,,,,,,
v16,balanced,mid,mixed,63,B_tail_entry_skipped,2026-07-31,PANW,,,,,,
v16,balanced,mid,mixed,63,B_tail_entry_skipped,2026-07-31,URGN,,,,,,
v16,balanced,mid,mixed,63,B_tail_entry_skipped,2026-07-31,RLJ,,,,,,
v16,balanced,mid,mixed,63,B_tail_entry_skipped,2026-07-31,HNGE,,,,,,
v16,balanced,mid,mixed,63,B_tail_entry_skipped,2026-07-31,JAZZ,,,,,,
v16,balanced,mid,mixed,63,B_tail_entry_skipped,2026-07-31,CVS,,,,,,
v16,balanced,mid,mixed,63,B_tail_entry_skipped,2026-07-31,LQDA,,,,,,
v16,balanced,mid,mixed,63,B_tail_entry_skipped,2026-07-31,CDNA,,,,,,
v16,balanced,mid,mixed,63,B_tail_entry_skipped,2026-08-07,APGE,,,,,,
v16,balanced,mid,mixed,63,B_tail_entry_skipped,2026-08-07,TXG,,,,,,
v16,balanced,mid,mixed,63,B_tail_entry_skipped,2026-08-07,XLF,,,,,,
v16,balanced,mid,mixed,63,B_tail_entry_skipped,2026-08-07,ETON,,,,,,
v16,balanced,mid,mixed,63,B_tail_entry_skipped,2026-08-07,IYF,,,,,,
v16,balanced,mid,mixed,63,B_tail_entry_skipped,2026-08-07,RVMD,,,,,,
v16,balanced,mid,mixed,63,B_tail_entry_skipped,2026-08-07,LQDA,,,,,,
v16,balanced,mid,mixed,63,B_tail_entry_skipped,2026-08-07,NRIX,,,,,,
v16,balanced,mid,mixed,63,B_tail_entry_skipped,2026-08-07,DNTH,,,,,,
v16,balanced,mid,mixed,63,B_tail_entry_skipped,2026-08-07,FTCS,,,,,,
v16,balanced,mid,mixed,63,B_tail_entry_skipped,2026-08-07,ELVN,,,,,,
v16,balanced,mid,mixed,63,B_tail_entry_skipped,2026-08-07,TRVI,,,,,,
v16,balanced,mid,mixed,63,B_tail_entry_skipped,2026-08-07,MBX,,,,,,
v16,balanced,mid,mixed,63,B_tail_entry_skipped,2026-08-07,CDNA,,,,,,
v16,balanced,mid,mixed,63,B_tail_entry_skipped,2026-08-07,BJRI,,,,,,
v16,balanced,mid,mixed,63,B_tail_entry_skipped,2026-08-07,URGN,,,,,,
v16,balanced,mid,mixed,63,B_tail_entry_skipped,2026-08-07,LTH,,,,,,
v16,balanced,mid,mixed,63,B_tail_entry_skipped,2026-08-07,MNPR,,,,,,
v16,balanced,mid,mixed,63,B_tail_entry_skipped,2026-08-07,LFST,,,,,,
v16,balanced,mid,mixed,63,B_tail_entry_skipped,2026-08-07,PSNL,,,,,,
v16,balanced,mid,mixed,63,B_tail_entry_skipped,2026-08-14,APGE,,,,,,
v16,balanced,mid,mixed,63,B_tail_entry_skipped,2026-08-14,XLF,,,,,,
v16,balanced,mid,mixed,63,B_tail_entry_skipped,2026-08-14,RLAY,,,,,,
v16,balanced,mid,mixed,63,B_tail_entry_skipped,2026-08-14,IYF,,,,,,
v16,balanced,mid,mixed,63,B_tail_entry_skipped,2026-08-14,DGRO,,,,,,
v16,balanced,mid,mixed,63,B_tail_entry_skipped,2026-08-14,VFH,,,,,,
v16,balanced,mid,mixed,63,B_tail_entry_skipped,2026-08-14,URGN,,,,,,
v16,balanced,mid,mixed,63,B_tail_entry_skipped,2026-08-14,VIG,,,,,,
v16,balanced,mid,mixed,63,B_tail_entry_skipped,2026-08-14,SYRE,,,,,,
v16,balanced,mid,mixed,63,B_tail_entry_skipped,2026-08-14,TVTX,,,,,,
v16,balanced,mid,mixed,63,B_tail_entry_skipped,2026-08-14,STT,,,,,,
v16,balanced,mid,mixed,63,B_tail_entry_skipped,2026-08-14,FTNT,,,,,,
v16,balanced,mid,mixed,63,B_tail_entry_skipped,2026-08-14,ELVN,,,,,,
v16,balanced,mid,mixed,63,B_tail_entry_skipped,2026-08-14,ORKA,,,,,,
v16,balanced,mid,mixed,63,B_tail_entry_skipped,2026-08-14,RVMD,,,,,,
v16,balanced,mid,mixed,63,B_tail_entry_skipped,2026-08-14,ECPG,,,,,,
v16,balanced,mid,mixed,63,B_tail_entry_skipped,2026-08-14,DELL,,,,,,
v16,balanced,mid,mixed,63,B_tail_entry_skipped,2026-08-14,CDNA,,,,,,
v16,balanced,mid,mixed,63,B_tail_entry_skipped,2026-08-14,LGND,,,,,,
v16,balanced,mid,mixed,63,B_tail_entry_skipped,2026-08-14,AAMI,,,,,,
v16,balanced,mid,mixed,63,B_tail_entry_skipped,2026-08-21,TXG,,,,,,
v16,balanced,mid,mixed,63,B_tail_entry_skipped,2026-08-21,USMV,,,,,,
v16,balanced,mid,mixed,63,B_tail_entry_skipped,2026-08-21,MRVI,,,,,,
v16,balanced,mid,mixed,63,B_tail_entry_skipped,2026-08-21,ELVN,,,,,,
v16,balanced,mid,mixed,63,B_tail_entry_skipped,2026-08-21,TWST,,,,,,
v16,balanced,mid,mixed,63,B_tail_entry_skipped,2026-08-21,URGN,,,,,,
v16,balanced,mid,mixed,63,B_tail_entry_skipped,2026-08-21,APGE,,,,,,
v16,balanced,mid,mixed,63,B_tail_entry_skipped,2026-08-21,TVTX,,,,,,
v16,balanced,mid,mixed,63,B_tail_entry_skipped,2026-08-21,BJRI,,,,,,
v16,balanced,mid,mixed,63,B_tail_entry_skipped,2026-08-21,JEPI,,,,,,
v16,balanced,mid,mixed,63,B_tail_entry_skipped,2026-08-21,XNCR,,,,,,
v16,balanced,mid,mixed,63,B_tail_entry_skipped,2026-08-21,BFLY,,,,,,
v16,balanced,mid,mixed,63,B_tail_entry_skipped,2026-08-21,CXW,,,,,,
v16,balanced,mid,mixed,63,B_tail_entry_skipped,2026-08-21,CDNA,,,,,,
v16,balanced,mid,mixed,63,B_tail_entry_skipped,2026-08-21,VOE,,,,,,
v16,balanced,mid,mixed,63,B_tail_entry_skipped,2026-08-21,ETON,,,,,,
v16,balanced,mid,mixed,63,B_tail_entry_skipped,2026-08-21,RVMD,,,,,,
v16,balanced,mid,mixed,63,B_tail_entry_skipped,2026-08-21,ORKA,,,,,,
v16,balanced,mid,mixed,63,B_tail_entry_skipped,2026-08-21,IYF,,,,,,
v16,balanced,mid,mixed,63,B_tail_entry_skipped,2026-08-21,VTV,,,,,,
v16,balanced,mid,mixed,63,B_tail_entry_skipped,2026-08-28,JEPI,,,,,,
v16,balanced,mid,mixed,63,B_tail_entry_skipped,2026-08-28,BKLN,,,,,,
v16,balanced,mid,mixed,63,B_tail_entry_skipped,2026-08-28,TXG,,,,,,
v16,balanced,mid,mixed,63,B_tail_entry_skipped,2026-08-28,MPC,,,,,,
v16,balanced,mid,mixed,63,B_tail_entry_skipped,2026-08-28,DINO,,,,,,
v16,balanced,mid,mixed,63,B_tail_entry_skipped,2026-08-28,RSP,,,,,,
v16,balanced,mid,mixed,63,B_tail_entry_skipped,2026-08-28,DK,,,,,,
v16,balanced,mid,mixed,63,B_tail_entry_skipped,2026-08-28,TWST,,,,,,
v16,balanced,mid,mixed,63,B_tail_entry_skipped,2026-08-28,NRIX,,,,,,
v16,balanced,mid,mixed,63,B_tail_entry_skipped,2026-08-28,PBF,,,,,,
v16,balanced,mid,mixed,63,B_tail_entry_skipped,2026-08-28,VTV,,,,,,
v16,balanced,mid,mixed,63,B_tail_entry_skipped,2026-08-28,VO,,,,,,
v16,balanced,mid,mixed,63,B_tail_entry_skipped,2026-08-28,CAKE,,,,,,
v16,balanced,mid,mixed,63,B_tail_entry_skipped,2026-08-28,VONV,,,,,,
v16,balanced,mid,mixed,63,B_tail_entry_skipped,2026-08-28,IWD,,,,,,
v16,balanced,mid,mixed,63,B_tail_entry_skipped,2026-08-28,XNCR,,,,,,
v16,balanced,mid,mixed,63,B_tail_entry_skipped,2026-08-28,APGE,,,,,,
v16,balanced,mid,mixed,63,B_tail_entry_skipped,2026-08-28,PVAL,,,,,,
v16,balanced,mid,mixed,63,B_tail_entry_skipped,2026-08-28,IYF,,,,,,
v16,balanced,mid,mixed,63,B_tail_entry_skipped,2026-08-28,BNY,,,,,,
v16,balanced,mid,mixed,63,B_tail_entry_skipped,2026-09-04,CDNA,,,,,,
v16,balanced,mid,mixed,63,B_tail_entry_skipped,2026-09-04,USMV,,,,,,
v16,balanced,mid,mixed,63,B_tail_entry_skipped,2026-09-04,SRLN,,,,,,
v16,balanced,mid,mixed,63,B_tail_entry_skipped,2026-09-04,TXG,,,,,,
v16,balanced,mid,mixed,63,B_tail_entry_skipped,2026-09-04,BKLN,,,,,,
v16,balanced,mid,mixed,63,B_tail_entry_skipped,2026-09-04,ETON,,,,,,
v16,balanced,mid,mixed,63,B_tail_entry_skipped,2026-09-04,XNCR,,,,,,
v16,balanced,mid,mixed,63,B_tail_entry_skipped,2026-09-04,RVMD,,,,,,
v16,balanced,mid,mixed,63,B_tail_entry_skipped,2026-09-04,GH,,,,,,
v16,balanced,mid,mixed,63,B_tail_entry_skipped,2026-09-04,PLSE,,,,,,
v16,balanced,mid,mixed,63,B_tail_entry_skipped,2026-09-04,NRIX,,,,,,
v16,balanced,mid,mixed,63,B_tail_entry_skipped,2026-09-04,ATAI,,,,,,
v16,balanced,mid,mixed,63,B_tail_entry_skipped,2026-09-04,STT,,,,,,
v16,balanced,mid,mixed,63,B_tail_entry_skipped,2026-09-04,JEPI,,,,,,
v16,balanced,mid,mixed,63,B_tail_entry_skipped,2026-09-04,XLF,,,,,,
v16,balanced,mid,mixed,63,B_tail_entry_skipped,2026-09-04,VFH,,,,,,
v16,balanced,mid,mixed,63,B_tail_entry_skipped,2026-09-04,ILMN,,,,,,
v16,balanced,mid,mixed,63,B_tail_entry_skipped,2026-09-04,CAKE,,,,,,
v16,balanced,mid,mixed,63,B_tail_entry_skipped,2026-09-04,CRL,,,,,,
v16,balanced,mid,mixed,63,B_tail_entry_skipped,2026-09-04,VLO,,,,,,
v16,balanced,mid,mixed,63,B_tail_entry_skipped,2026-09-14,TXG,,,,,,
v16,balanced,mid,mixed,63,B_tail_entry_skipped,2026-09-14,BKLN,,,,,,
v16,balanced,mid,mixed,63,B_tail_entry_skipped,2026-09-14,CDNA,,,,,,
v16,balanced,mid,mixed,63,B_tail_entry_skipped,2026-09-14,TWST,,,,,,
v16,balanced,mid,mixed,63,B_tail_entry_skipped,2026-09-14,PLSE,,,,,,
v16,balanced,mid,mixed,63,B_tail_entry_skipped,2026-09-14,SRLN,,,,,,
v16,balanced,mid,mixed,63,B_tail_entry_skipped,2026-09-14,CLMT,,,,,,
v16,balanced,mid,mixed,63,B_tail_entry_skipped,2026-09-14,NEO,,,,,,
v16,balanced,mid,mixed,63,B_tail_entry_skipped,2026-09-14,PTGX,,,,,,
v16,balanced,mid,mixed,63,B_tail_entry_skipped,2026-09-14,VFLO,,,,,,
v16,balanced,mid,mixed,63,B_tail_entry_skipped,2026-09-14,CRWD,,,,,,
v16,balanced,mid,mixed,63,B_tail_entry_skipped,2026-09-14,RNG,,,,,,
v16,balanced,mid,mixed,63,B_tail_entry_skipped,2026-09-14,MPC,,,,,,
v16,balanced,mid,mixed,63,B_tail_entry_skipped,2026-09-14,ECO,,,,,,
v16,balanced,mid,mixed,63,B_tail_entry_skipped,2026-09-14,CHEF,,,,,,
v16,balanced,mid,mixed,63,B_tail_entry_skipped,2026-09-14,RVMD,,,,,,
v16,balanced,mid,mixed,63,B_tail_entry_skipped,2026-09-14,FTNT,,,,,,
v16,balanced,mid,mixed,63,B_tail_entry_skipped,2026-09-14,INSW,,,,,,
v16,balanced,mid,mixed,63,B_tail_entry_skipped,2026-09-14,MATX,,,,,,
v16,balanced,mid,mixed,63,B_tail_entry_skipped,2026-09-14,ABCL,,,,,,
v16,balanced,mid,stock,63,B_tail_entry_skipped,2026-07-02,AMD,,,,,,
v16,balanced,mid,stock,63,B_tail_entry_skipped,2026-07-02,KLIC,,,,,,
v16,balanced,mid,stock,63,B_tail_entry_skipped,2026-07-02,MTRN,,,,,,
v16,balanced,mid,stock,63,B_tail_entry_skipped,2026-07-02,ATEX,,,,,,
v16,balanced,mid,stock,63,B_tail_entry_skipped,2026-07-02,UMC,,,,,,
v16,balanced,mid,stock,63,B_tail_entry_skipped,2026-07-02,NWPX,,,,,,
v16,balanced,mid,stock,63,B_tail_entry_skipped,2026-07-02,BNY,,,,,,
v16,balanced,mid,stock,63,B_tail_entry_skipped,2026-07-02,SYRE,,,,,,
v16,balanced,mid,stock,63,B_tail_entry_skipped,2026-07-02,ATEN,,,,,,
v16,balanced,mid,stock,63,B_tail_entry_skipped,2026-07-02,AXSM,,,,,,
v16,balanced,mid,stock,63,B_tail_entry_skipped,2026-07-02,LQDA,,,,,,
v16,balanced,mid,stock,63,B_tail_entry_skipped,2026-07-02,DELL,,,,,,
v16,balanced,mid,stock,63,B_tail_entry_skipped,2026-07-02,PLXS,,,,,,
v16,balanced,mid,stock,63,B_tail_entry_skipped,2026-07-02,TXG,,,,,,
v16,balanced,mid,stock,63,B_tail_entry_skipped,2026-07-02,BTSG,,,,,,
v16,balanced,mid,stock,63,B_tail_entry_skipped,2026-07-02,TWST,,,,,,
v16,balanced,mid,stock,63,B_tail_entry_skipped,2026-07-02,TNGX,,,,,,
v16,balanced,mid,stock,63,B_tail_entry_skipped,2026-07-02,DCO,,,,,,
v16,balanced,mid,stock,63,B_tail_entry_skipped,2026-07-02,BAND,,,,,,
v16,balanced,mid,stock,63,B_tail_entry_skipped,2026-07-02,RVMD,,,,,,
v16,balanced,mid,stock,63,B_tail_entry_skipped,2026-07-10,ATEX,,,,,,
v16,balanced,mid,stock,63,B_tail_entry_skipped,2026-07-10,NWPX,,,,,,
v16,balanced,mid,stock,63,B_tail_entry_skipped,2026-07-10,STM,,,,,,
v16,balanced,mid,stock,63,B_tail_entry_skipped,2026-07-10,LQDA,,,,,,
v16,balanced,mid,stock,63,B_tail_entry_skipped,2026-07-10,MTRN,,,,,,
v16,balanced,mid,stock,63,B_tail_entry_skipped,2026-07-10,BTSG,,,,,,
v16,balanced,mid,stock,63,B_tail_entry_skipped,2026-07-10,MEC,,,,,,
v16,balanced,mid,stock,63,B_tail_entry_skipped,2026-07-10,BNY,,,,,,
v16,balanced,mid,stock,63,B_tail_entry_skipped,2026-07-10,VSTS,,,,,,
v16,balanced,mid,stock,63,B_tail_entry_skipped,2026-07-10,ATEN,,,,,,
v16,balanced,mid,stock,63,B_tail_entry_skipped,2026-07-10,EXTR,,,,,,
v16,balanced,mid,stock,63,B_tail_entry_skipped,2026-07-10,PBI,,,,,,
v16,balanced,mid,stock,63,B_tail_entry_skipped,2026-07-10,ECPG,,,,,,
v16,balanced,mid,stock,63,B_tail_entry_skipped,2026-07-10,PEB,,,,,,
v16,balanced,mid,stock,63,B_tail_entry_skipped,2026-07-10,TNGX,,,,,,
v16,balanced,mid,stock,63,B_tail_entry_skipped,2026-07-10,EVC,,,,,,
v16,balanced,mid,stock,63,B_tail_entry_skipped,2026-07-10,RSI,,,,,,
v16,balanced,mid,stock,63,B_tail_entry_skipped,2026-07-10,WTTR,,,,,,
v16,balanced,mid,stock,63,B_tail_entry_skipped,2026-07-10,RLJ,,,,,,
v16,balanced,mid,stock,63,B_tail_entry_skipped,2026-07-10,TKR,,,,,,
v16,balanced,mid,stock,63,B_tail_entry_skipped,2026-07-17,ORKA,,,,,,
v16,balanced,mid,stock,63,B_tail_entry_skipped,2026-07-17,RLAY,,,,,,
v16,balanced,mid,stock,63,B_tail_entry_skipped,2026-07-17,BTSG,,,,,,
v16,balanced,mid,stock,63,B_tail_entry_skipped,2026-07-17,TWST,,,,,,
v16,balanced,mid,stock,63,B_tail_entry_skipped,2026-07-17,ATEN,,,,,,
v16,balanced,mid,stock,63,B_tail_entry_skipped,2026-07-17,SYRE,,,,,,
v16,balanced,mid,stock,63,B_tail_entry_skipped,2026-07-17,URGN,,,,,,
v16,balanced,mid,stock,63,B_tail_entry_skipped,2026-07-17,VSTS,,,,,,
v16,balanced,mid,stock,63,B_tail_entry_skipped,2026-07-17,BNY,,,,,,
v16,balanced,mid,stock,63,B_tail_entry_skipped,2026-07-17,NWPX,,,,,,
v16,balanced,mid,stock,63,B_tail_entry_skipped,2026-07-17,LQDA,,,,,,
v16,balanced,mid,stock,63,B_tail_entry_skipped,2026-07-17,TIGO,,,,,,
v16,balanced,mid,stock,63,B_tail_entry_skipped,2026-07-17,MITK,,,,,,
v16,balanced,mid,stock,63,B_tail_entry_skipped,2026-07-17,NHC,,,,,,
v16,balanced,mid,stock,63,B_tail_entry_skipped,2026-07-17,LIND,,,,,,
v16,balanced,mid,stock,63,B_tail_entry_skipped,2026-07-17,ASML,,,,,,
v16,balanced,mid,stock,63,B_tail_entry_skipped,2026-07-17,CON,,,,,,
v16,balanced,mid,stock,63,B_tail_entry_skipped,2026-07-17,PEB,,,,,,
v16,balanced,mid,stock,63,B_tail_entry_skipped,2026-07-17,DCO,,,,,,
v16,balanced,mid,stock,63,B_tail_entry_skipped,2026-07-17,PANW,,,,,,
v16,balanced,mid,stock,63,B_tail_entry_skipped,2026-07-24,SYRE,,,,,,
v16,balanced,mid,stock,63,B_tail_entry_skipped,2026-07-24,ETON,,,,,,
v16,balanced,mid,stock,63,B_tail_entry_skipped,2026-07-24,ECPG,,,,,,
v16,balanced,mid,stock,63,B_tail_entry_skipped,2026-07-24,BNY,,,,,,
v16,balanced,mid,stock,63,B_tail_entry_skipped,2026-07-24,HPE,,,,,,
v16,balanced,mid,stock,63,B_tail_entry_skipped,2026-07-24,RVMD,,,,,,
v16,balanced,mid,stock,63,B_tail_entry_skipped,2026-07-24,ELVN,,,,,,
v16,balanced,mid,stock,63,B_tail_entry_skipped,2026-07-24,VSTS,,,,,,
v16,balanced,mid,stock,63,B_tail_entry_skipped,2026-07-24,NWPX,,,,,,
v16,balanced,mid,stock,63,B_tail_entry_skipped,2026-07-24,CHEF,,,,,,
v16,balanced,mid,stock,63,B_tail_entry_skipped,2026-07-24,ROIV,,,,,,
v16,balanced,mid,stock,63,B_tail_entry_skipped,2026-07-24,DNTH,,,,,,
v16,balanced,mid,stock,63,B_tail_entry_skipped,2026-07-24,URGN,,,,,,
v16,balanced,mid,stock,63,B_tail_entry_skipped,2026-07-24,APGE,,,,,,
v16,balanced,mid,stock,63,B_tail_entry_skipped,2026-07-24,WTTR,,,,,,
v16,balanced,mid,stock,63,B_tail_entry_skipped,2026-07-24,STT,,,,,,
v16,balanced,mid,stock,63,B_tail_entry_skipped,2026-07-24,CNC,,,,,,
v16,balanced,mid,stock,63,B_tail_entry_skipped,2026-07-24,JAZZ,,,,,,
v16,balanced,mid,stock,63,B_tail_entry_skipped,2026-07-24,PANW,,,,,,
v16,balanced,mid,stock,63,B_tail_entry_skipped,2026-07-24,FTNT,,,,,,
v16,balanced,mid,stock,63,B_tail_entry_skipped,2026-07-31,APGE,,,,,,
v16,balanced,mid,stock,63,B_tail_entry_skipped,2026-07-31,ETON,,,,,,
v16,balanced,mid,stock,63,B_tail_entry_skipped,2026-07-31,CLMT,,,,,,
v16,balanced,mid,stock,63,B_tail_entry_skipped,2026-07-31,ATEX,,,,,,
v16,balanced,mid,stock,63,B_tail_entry_skipped,2026-07-31,PEB,,,,,,
v16,balanced,mid,stock,63,B_tail_entry_skipped,2026-07-31,TVTX,,,,,,
v16,balanced,mid,stock,63,B_tail_entry_skipped,2026-07-31,FTNT,,,,,,
v16,balanced,mid,stock,63,B_tail_entry_skipped,2026-07-31,NHC,,,,,,
v16,balanced,mid,stock,63,B_tail_entry_skipped,2026-07-31,RVMD,,,,,,
v16,balanced,mid,stock,63,B_tail_entry_skipped,2026-07-31,TIGO,,,,,,
v16,balanced,mid,stock,63,B_tail_entry_skipped,2026-07-31,DK,,,,,,
v16,balanced,mid,stock,63,B_tail_entry_skipped,2026-07-31,TRVI,,,,,,
v16,balanced,mid,stock,63,B_tail_entry_skipped,2026-07-31,PANW,,,,,,
v16,balanced,mid,stock,63,B_tail_entry_skipped,2026-07-31,URGN,,,,,,
v16,balanced,mid,stock,63,B_tail_entry_skipped,2026-07-31,RLJ,,,,,,
v16,balanced,mid,stock,63,B_tail_entry_skipped,2026-07-31,HNGE,,,,,,
v16,balanced,mid,stock,63,B_tail_entry_skipped,2026-07-31,JAZZ,,,,,,
v16,balanced,mid,stock,63,B_tail_entry_skipped,2026-07-31,CVS,,,,,,
v16,balanced,mid,stock,63,B_tail_entry_skipped,2026-07-31,LQDA,,,,,,
v16,balanced,mid,stock,63,B_tail_entry_skipped,2026-07-31,CDNA,,,,,,
v16,balanced,mid,stock,63,B_tail_entry_skipped,2026-08-07,APGE,,,,,,
v16,balanced,mid,stock,63,B_tail_entry_skipped,2026-08-07,TXG,,,,,,
v16,balanced,mid,stock,63,B_tail_entry_skipped,2026-08-07,ETON,,,,,,
v16,balanced,mid,stock,63,B_tail_entry_skipped,2026-08-07,RVMD,,,,,,
v16,balanced,mid,stock,63,B_tail_entry_skipped,2026-08-07,LQDA,,,,,,
v16,balanced,mid,stock,63,B_tail_entry_skipped,2026-08-07,NRIX,,,,,,
v16,balanced,mid,stock,63,B_tail_entry_skipped,2026-08-07,DNTH,,,,,,
v16,balanced,mid,stock,63,B_tail_entry_skipped,2026-08-07,ELVN,,,,,,
v16,balanced,mid,stock,63,B_tail_entry_skipped,2026-08-07,TRVI,,,,,,
v16,balanced,mid,stock,63,B_tail_entry_skipped,2026-08-07,MBX,,,,,,
v16,balanced,mid,stock,63,B_tail_entry_skipped,2026-08-07,CDNA,,,,,,
v16,balanced,mid,stock,63,B_tail_entry_skipped,2026-08-07,BJRI,,,,,,
v16,balanced,mid,stock,63,B_tail_entry_skipped,2026-08-07,URGN,,,,,,
v16,balanced,mid,stock,63,B_tail_entry_skipped,2026-08-07,LTH,,,,,,
v16,balanced,mid,stock,63,B_tail_entry_skipped,2026-08-07,MNPR,,,,,,
v16,balanced,mid,stock,63,B_tail_entry_skipped,2026-08-07,LFST,,,,,,
v16,balanced,mid,stock,63,B_tail_entry_skipped,2026-08-07,PSNL,,,,,,
v16,balanced,mid,stock,63,B_tail_entry_skipped,2026-08-07,GH,,,,,,
v16,balanced,mid,stock,63,B_tail_entry_skipped,2026-08-07,HNGE,,,,,,
v16,balanced,mid,stock,63,B_tail_entry_skipped,2026-08-07,NTAP,,,,,,
v16,balanced,mid,stock,63,B_tail_entry_skipped,2026-08-14,APGE,,,,,,
v16,balanced,mid,stock,63,B_tail_entry_skipped,2026-08-14,RLAY,,,,,,
v16,balanced,mid,stock,63,B_tail_entry_skipped,2026-08-14,URGN,,,,,,
v16,balanced,mid,stock,63,B_tail_entry_skipped,2026-08-14,SYRE,,,,,,
v16,balanced,mid,stock,63,B_tail_entry_skipped,2026-08-14,TVTX,,,,,,
v16,balanced,mid,stock,63,B_tail_entry_skipped,2026-08-14,STT,,,,,,
v16,balanced,mid,stock,63,B_tail_entry_skipped,2026-08-14,FTNT,,,,,,
v16,balanced,mid,stock,63,B_tail_entry_skipped,2026-08-14,ELVN,,,,,,
v16,balanced,mid,stock,63,B_tail_entry_skipped,2026-08-14,ORKA,,,,,,
v16,balanced,mid,stock,63,B_tail_entry_skipped,2026-08-14,RVMD,,,,,,
v16,balanced,mid,stock,63,B_tail_entry_skipped,2026-08-14,ECPG,,,,,,
v16,balanced,mid,stock,63,B_tail_entry_skipped,2026-08-14,DELL,,,,,,
v16,balanced,mid,stock,63,B_tail_entry_skipped,2026-08-14,CDNA,,,,,,
v16,balanced,mid,stock,63,B_tail_entry_skipped,2026-08-14,LGND,,,,,,
v16,balanced,mid,stock,63,B_tail_entry_skipped,2026-08-14,AAMI,,,,,,
v16,balanced,mid,stock,63,B_tail_entry_skipped,2026-08-14,PBF,,,,,,
v16,balanced,mid,stock,63,B_tail_entry_skipped,2026-08-14,NRIX,,,,,,
v16,balanced,mid,stock,63,B_tail_entry_skipped,2026-08-14,MBX,,,,,,
v16,balanced,mid,stock,63,B_tail_entry_skipped,2026-08-14,PANW,,,,,,
v16,balanced,mid,stock,63,B_tail_entry_skipped,2026-08-14,LIND,,,,,,
v16,balanced,mid,stock,63,B_tail_entry_skipped,2026-08-21,TXG,,,,,,
v16,balanced,mid,stock,63,B_tail_entry_skipped,2026-08-21,MRVI,,,,,,
v16,balanced,mid,stock,63,B_tail_entry_skipped,2026-08-21,ELVN,,,,,,
v16,balanced,mid,stock,63,B_tail_entry_skipped,2026-08-21,TWST,,,,,,
v16,balanced,mid,stock,63,B_tail_entry_skipped,2026-08-21,URGN,,,,,,
v16,balanced,mid,stock,63,B_tail_entry_skipped,2026-08-21,APGE,,,,,,
v16,balanced,mid,stock,63,B_tail_entry_skipped,2026-08-21,TVTX,,,,,,
v16,balanced,mid,stock,63,B_tail_entry_skipped,2026-08-21,BJRI,,,,,,
v16,balanced,mid,stock,63,B_tail_entry_skipped,2026-08-21,XNCR,,,,,,
v16,balanced,mid,stock,63,B_tail_entry_skipped,2026-08-21,BFLY,,,,,,
v16,balanced,mid,stock,63,B_tail_entry_skipped,2026-08-21,CXW,,,,,,
v16,balanced,mid,stock,63,B_tail_entry_skipped,2026-08-21,CDNA,,,,,,
v16,balanced,mid,stock,63,B_tail_entry_skipped,2026-08-21,ETON,,,,,,
v16,balanced,mid,stock,63,B_tail_entry_skipped,2026-08-21,RVMD,,,,,,
v16,balanced,mid,stock,63,B_tail_entry_skipped,2026-08-21,ORKA,,,,,,
v16,balanced,mid,stock,63,B_tail_entry_skipped,2026-08-21,DYN,,,,,,
v16,balanced,mid,stock,63,B_tail_entry_skipped,2026-08-21,NEO,,,,,,
v16,balanced,mid,stock,63,B_tail_entry_skipped,2026-08-21,AAMI,,,,,,
v16,balanced,mid,stock,63,B_tail_entry_skipped,2026-08-21,OII,,,,,,
v16,balanced,mid,stock,63,B_tail_entry_skipped,2026-08-21,MBX,,,,,,
v16,balanced,mid,stock,63,B_tail_entry_skipped,2026-08-28,TXG,,,,,,
v16,balanced,mid,stock,63,B_tail_entry_skipped,2026-08-28,MPC,,,,,,
v16,balanced,mid,stock,63,B_tail_entry_skipped,2026-08-28,DINO,,,,,,
v16,balanced,mid,stock,63,B_tail_entry_skipped,2026-08-28,DK,,,,,,
v16,balanced,mid,stock,63,B_tail_entry_skipped,2026-08-28,TWST,,,,,,
v16,balanced,mid,stock,63,B_tail_entry_skipped,2026-08-28,NRIX,,,,,,
v16,balanced,mid,stock,63,B_tail_entry_skipped,2026-08-28,PBF,,,,,,
v16,balanced,mid,stock,63,B_tail_entry_skipped,2026-08-28,CAKE,,,,,,
v16,balanced,mid,stock,63,B_tail_entry_skipped,2026-08-28,XNCR,,,,,,
v16,balanced,mid,stock,63,B_tail_entry_skipped,2026-08-28,APGE,,,,,,
v16,balanced,mid,stock,63,B_tail_entry_skipped,2026-08-28,BNY,,,,,,
v16,balanced,mid,stock,63,B_tail_entry_skipped,2026-08-28,HPE,,,,,,
v16,balanced,mid,stock,63,B_tail_entry_skipped,2026-08-28,ETON,,,,,,
v16,balanced,mid,stock,63,B_tail_entry_skipped,2026-08-28,DELL,,,,,,
v16,balanced,mid,stock,63,B_tail_entry_skipped,2026-08-28,KNSA,,,,,,
v16,balanced,mid,stock,63,B_tail_entry_skipped,2026-08-28,CDNA,,,,,,
v16,balanced,mid,stock,63,B_tail_entry_skipped,2026-08-28,SPCX,,,,,,
v16,balanced,mid,stock,63,B_tail_entry_skipped,2026-08-28,NEO,,,,,,
v16,balanced,mid,stock,63,B_tail_entry_skipped,2026-08-28,QURE,,,,,,
v16,balanced,mid,stock,63,B_tail_entry_skipped,2026-08-28,TGTX,,,,,,
v16,balanced,mid,stock,63,B_tail_entry_skipped,2026-09-04,CDNA,,,,,,
v16,balanced,mid,stock,63,B_tail_entry_skipped,2026-09-04,TXG,,,,,,
v16,balanced,mid,stock,63,B_tail_entry_skipped,2026-09-04,ETON,,,,,,
v16,balanced,mid,stock,63,B_tail_entry_skipped,2026-09-04,XNCR,,,,,,
v16,balanced,mid,stock,63,B_tail_entry_skipped,2026-09-04,RVMD,,,,,,
v16,balanced,mid,stock,63,B_tail_entry_skipped,2026-09-04,GH,,,,,,
v16,balanced,mid,stock,63,B_tail_entry_skipped,2026-09-04,PLSE,,,,,,
v16,balanced,mid,stock,63,B_tail_entry_skipped,2026-09-04,NRIX,,,,,,
v16,balanced,mid,stock,63,B_tail_entry_skipped,2026-09-04,ATAI,,,,,,
v16,balanced,mid,stock,63,B_tail_entry_skipped,2026-09-04,STT,,,,,,
v16,balanced,mid,stock,63,B_tail_entry_skipped,2026-09-04,ILMN,,,,,,
v16,balanced,mid,stock,63,B_tail_entry_skipped,2026-09-04,CAKE,,,,,,
v16,balanced,mid,stock,63,B_tail_entry_skipped,2026-09-04,CRL,,,,,,
v16,balanced,mid,stock,63,B_tail_entry_skipped,2026-09-04,VLO,,,,,,
v16,balanced,mid,stock,63,B_tail_entry_skipped,2026-09-04,URGN,,,,,,
v16,balanced,mid,stock,63,B_tail_entry_skipped,2026-09-04,GKOS,,,,,,
v16,balanced,mid,stock,63,B_tail_entry_skipped,2026-09-04,CORT,,,,,,
v16,balanced,mid,stock,63,B_tail_entry_skipped,2026-09-04,CXW,,,,,,
v16,balanced,mid,stock,63,B_tail_entry_skipped,2026-09-04,MNPR,,,,,,
v16,balanced,mid,stock,63,B_tail_entry_skipped,2026-09-04,NTAP,,,,,,
v16,balanced,mid,stock,63,B_tail_entry_skipped,2026-09-14,TXG,,,,,,
v16,balanced,mid,stock,63,B_tail_entry_skipped,2026-09-14,CDNA,,,,,,
v16,balanced,mid,stock,63,B_tail_entry_skipped,2026-09-14,TWST,,,,,,
v16,balanced,mid,stock,63,B_tail_entry_skipped,2026-09-14,PLSE,,,,,,
v16,balanced,mid,stock,63,B_tail_entry_skipped,2026-09-14,CLMT,,,,,,
v16,balanced,mid,stock,63,B_tail_entry_skipped,2026-09-14,NEO,,,,,,
v16,balanced,mid,stock,63,B_tail_entry_skipped,2026-09-14,PTGX,,,,,,
v16,balanced,mid,stock,63,B_tail_entry_skipped,2026-09-14,CRWD,,,,,,
v16,balanced,mid,stock,63,B_tail_entry_skipped,2026-09-14,RNG,,,,,,
v16,balanced,mid,stock,63,B_tail_entry_skipped,2026-09-14,MPC,,,,,,
v16,balanced,mid,stock,63,B_tail_entry_skipped,2026-09-14,ECO,,,,,,
v16,balanced,mid,stock,63,B_tail_entry_skipped,2026-09-14,CHEF,,,,,,
v16,balanced,mid,stock,63,B_tail_entry_skipped,2026-09-14,RVMD,,,,,,
v16,balanced,mid,stock,63,B_tail_entry_skipped,2026-09-14,FTNT,,,,,,
v16,balanced,mid,stock,63,B_tail_entry_skipped,2026-09-14,INSW,,,,,,
v16,balanced,mid,stock,63,B_tail_entry_skipped,2026-09-14,MATX,,,,,,
v16,balanced,mid,stock,63,B_tail_entry_skipped,2026-09-14,ABCL,,,,,,
v16,balanced,mid,stock,63,B_tail_entry_skipped,2026-09-14,HNGE,,,,,,
v16,balanced,mid,stock,63,B_tail_entry_skipped,2026-09-14,HAE,,,,,,
v16,balanced,mid,stock,63,B_tail_entry_skipped,2026-09-14,DELL,,,,,,
v16,balanced,short,mixed,63,B_tail_entry_skipped,2026-07-02,AMD,,,,,,
v16,balanced,short,mixed,63,B_tail_entry_skipped,2026-07-02,MTRN,,,,,,
v16,balanced,short,mixed,63,B_tail_entry_skipped,2026-07-02,KLIC,,,,,,
v16,balanced,short,mixed,63,B_tail_entry_skipped,2026-07-02,ATEX,,,,,,
v16,balanced,short,mixed,63,B_tail_entry_skipped,2026-07-02,SEZL,,,,,,
v16,balanced,short,mixed,63,B_tail_entry_skipped,2026-07-02,VTEB,,,,,,
v16,balanced,short,mixed,63,B_tail_entry_skipped,2026-07-02,MGV,,,,,,
v16,balanced,short,mixed,63,B_tail_entry_skipped,2026-07-02,UUP,,,,,,
v16,balanced,short,mixed,63,B_tail_entry_skipped,2026-07-02,TWST,,,,,,
v16,balanced,short,mixed,63,B_tail_entry_skipped,2026-07-02,UMC,,,,,,
v16,balanced,short,mixed,63,B_tail_entry_skipped,2026-07-02,APLE,,,,,,
v16,balanced,short,mixed,63,B_tail_entry_skipped,2026-07-02,ATEN,,,,,,
v16,balanced,short,mixed,63,B_tail_entry_skipped,2026-07-02,NWPX,,,,,,
v16,balanced,short,mixed,63,B_tail_entry_skipped,2026-07-02,ALKS,,,,,,
v16,balanced,short,mixed,63,B_tail_entry_skipped,2026-07-02,RLJ,,,,,,
v16,balanced,short,mixed,63,B_tail_entry_skipped,2026-07-02,AXSM,,,,,,
v16,balanced,short,mixed,63,B_tail_entry_skipped,2026-07-02,BNY,,,,,,
v16,balanced,short,mixed,63,B_tail_entry_skipped,2026-07-02,CLOV,,,,,,
v16,balanced,short,mixed,63,B_tail_entry_skipped,2026-07-02,DVA,,,,,,
v16,balanced,short,mixed,63,B_tail_entry_skipped,2026-07-02,IWD,,,,,,
v16,balanced,short,mixed,63,B_tail_entry_skipped,2026-07-10,ATEX,,,,,,
v16,balanced,short,mixed,63,B_tail_entry_skipped,2026-07-10,STM,,,,,,
v16,balanced,short,mixed,63,B_tail_entry_skipped,2026-07-10,NWPX,,,,,,
v16,balanced,short,mixed,63,B_tail_entry_skipped,2026-07-10,EXTR,,,,,,
v16,balanced,short,mixed,63,B_tail_entry_skipped,2026-07-10,CORT,,,,,,
v16,balanced,short,mixed,63,B_tail_entry_skipped,2026-07-10,ATEN,,,,,,
v16,balanced,short,mixed,63,B_tail_entry_skipped,2026-07-10,MEC,,,,,,
v16,balanced,short,mixed,63,B_tail_entry_skipped,2026-07-10,PBI,,,,,,
v16,balanced,short,mixed,63,B_tail_entry_skipped,2026-07-10,BTSG,,,,,,
v16,balanced,short,mixed,63,B_tail_entry_skipped,2026-07-10,MTRN,,,,,,
v16,balanced,short,mixed,63,B_tail_entry_skipped,2026-07-10,CON,,,,,,
v16,balanced,short,mixed,63,B_tail_entry_skipped,2026-07-10,VSTS,,,,,,
v16,balanced,short,mixed,63,B_tail_entry_skipped,2026-07-10,APLE,,,,,,
v16,balanced,short,mixed,63,B_tail_entry_skipped,2026-07-10,RLJ,,,,,,
v16,balanced,short,mixed,63,B_tail_entry_skipped,2026-07-10,RSI,,,,,,
v16,balanced,short,mixed,63,B_tail_entry_skipped,2026-07-10,GEO,,,,,,
v16,balanced,short,mixed,63,B_tail_entry_skipped,2026-07-10,FFIV,,,,,,
v16,balanced,short,mixed,63,B_tail_entry_skipped,2026-07-10,LQDA,,,,,,
v16,balanced,short,mixed,63,B_tail_entry_skipped,2026-07-10,UUP,,,,,,
v16,balanced,short,mixed,63,B_tail_entry_skipped,2026-07-10,DVA,,,,,,
v16,balanced,short,mixed,63,B_tail_entry_skipped,2026-07-17,UUP,,,,,,
v16,balanced,short,mixed,63,B_tail_entry_skipped,2026-07-17,CORT,,,,,,
v16,balanced,short,mixed,63,B_tail_entry_skipped,2026-07-17,HNGE,,,,,,
v16,balanced,short,mixed,63,B_tail_entry_skipped,2026-07-17,TWST,,,,,,
v16,balanced,short,mixed,63,B_tail_entry_skipped,2026-07-17,URGN,,,,,,
v16,balanced,short,mixed,63,B_tail_entry_skipped,2026-07-17,PANW,,,,,,
v16,balanced,short,mixed,63,B_tail_entry_skipped,2026-07-17,ATEN,,,,,,
v16,balanced,short,mixed,63,B_tail_entry_skipped,2026-07-17,ALKS,,,,,,
v16,balanced,short,mixed,63,B_tail_entry_skipped,2026-07-17,BTSG,,,,,,
v16,balanced,short,mixed,63,B_tail_entry_skipped,2026-07-17,VBIL,,,,,,
v16,balanced,short,mixed,63,B_tail_entry_skipped,2026-07-17,ORKA,,,,,,
v16,balanced,short,mixed,63,B_tail_entry_skipped,2026-07-17,VSTS,,,,,,
v16,balanced,short,mixed,63,B_tail_entry_skipped,2026-07-17,CON,,,,,,
v16,balanced,short,mixed,63,B_tail_entry_skipped,2026-07-17,MINT,,,,,,
v16,balanced,short,mixed,63,B_tail_entry_skipped,2026-07-17,FTNT,,,,,,
v16,balanced,short,mixed,63,B_tail_entry_skipped,2026-07-17,LIND,,,,,,
v16,balanced,short,mixed,63,B_tail_entry_skipped,2026-07-17,RLJ,,,,,,
v16,balanced,short,mixed,63,B_tail_entry_skipped,2026-07-17,TGTX,,,,,,
v16,balanced,short,mixed,63,B_tail_entry_skipped,2026-07-17,DAVE,,,,,,
v16,balanced,short,mixed,63,B_tail_entry_skipped,2026-07-17,MRVI,,,,,,
v16,balanced,short,mixed,63,B_tail_entry_skipped,2026-07-24,UUP,,,,,,
v16,balanced,short,mixed,63,B_tail_entry_skipped,2026-07-24,VONV,,,,,,
v16,balanced,short,mixed,63,B_tail_entry_skipped,2026-07-24,IWX,,,,,,
v16,balanced,short,mixed,63,B_tail_entry_skipped,2026-07-24,IWD,,,,,,
v16,balanced,short,mixed,63,B_tail_entry_skipped,2026-07-24,CHEF,,,,,,
v16,balanced,short,mixed,63,B_tail_entry_skipped,2026-07-24,FTNT,,,,,,
v16,balanced,short,mixed,63,B_tail_entry_skipped,2026-07-24,PANW,,,,,,
v16,balanced,short,mixed,63,B_tail_entry_skipped,2026-07-24,SYRE,,,,,,
v16,balanced,short,mixed,63,B_tail_entry_skipped,2026-07-24,ETON,,,,,,
v16,balanced,short,mixed,63,B_tail_entry_skipped,2026-07-24,TGTX,,,,,,
v16,balanced,short,mixed,63,B_tail_entry_skipped,2026-07-24,URGN,,,,,,
v16,balanced,short,mixed,63,B_tail_entry_skipped,2026-07-24,SLF,,,,,,
v16,balanced,short,mixed,63,B_tail_entry_skipped,2026-07-24,BJRI,,,,,,
v16,balanced,short,mixed,63,B_tail_entry_skipped,2026-07-24,WKC,,,,,,
v16,balanced,short,mixed,63,B_tail_entry_skipped,2026-07-24,CRWD,,,,,,
v16,balanced,short,mixed,63,B_tail_entry_skipped,2026-07-24,XLF,,,,,,
v16,balanced,short,mixed,63,B_tail_entry_skipped,2026-07-24,SAH,,,,,,
v16,balanced,short,mixed,63,B_tail_entry_skipped,2026-07-24,MRVI,,,,,,
v16,balanced,short,mixed,63,B_tail_entry_skipped,2026-07-24,LTH,,,,,,
v16,balanced,short,mixed,63,B_tail_entry_skipped,2026-07-24,VOYA,,,,,,
v16,balanced,short,mixed,63,B_tail_entry_skipped,2026-07-31,FTNT,,,,,,
v16,balanced,short,mixed,63,B_tail_entry_skipped,2026-07-31,WKC,,,,,,
v16,balanced,short,mixed,63,B_tail_entry_skipped,2026-07-31,CORT,,,,,,
v16,balanced,short,mixed,63,B_tail_entry_skipped,2026-07-31,PEB,,,,,,
v16,balanced,short,mixed,63,B_tail_entry_skipped,2026-07-31,ETON,,,,,,
v16,balanced,short,mixed,63,B_tail_entry_skipped,2026-07-31,CDNA,,,,,,
v16,balanced,short,mixed,63,B_tail_entry_skipped,2026-07-31,URGN,,,,,,
v16,balanced,short,mixed,63,B_tail_entry_skipped,2026-07-31,CLMT,,,,,,
v16,balanced,short,mixed,63,B_tail_entry_skipped,2026-07-31,APGE,,,,,,
v16,balanced,short,mixed,63,B_tail_entry_skipped,2026-07-31,MNPR,,,,,,
v16,balanced,short,mixed,63,B_tail_entry_skipped,2026-07-31,CBRL,,,,,,
v16,balanced,short,mixed,63,B_tail_entry_skipped,2026-07-31,HNGE,,,,,,
v16,balanced,short,mixed,63,B_tail_entry_skipped,2026-07-31,LTH,,,,,,
v16,balanced,short,mixed,63,B_tail_entry_skipped,2026-07-31,RLJ,,,,,,
v16,balanced,short,mixed,63,B_tail_entry_skipped,2026-07-31,CAKE,,,,,,
v16,balanced,short,mixed,63,B_tail_entry_skipped,2026-07-31,CHEF,,,,,,
v16,balanced,short,mixed,63,B_tail_entry_skipped,2026-07-31,PANW,,,,,,
v16,balanced,short,mixed,63,B_tail_entry_skipped,2026-07-31,DK,,,,,,
v16,balanced,short,mixed,63,B_tail_entry_skipped,2026-07-31,ILMN,,,,,,
v16,balanced,short,mixed,63,B_tail_entry_skipped,2026-07-31,TVTX,,,,,,
v16,balanced,short,mixed,63,B_tail_entry_skipped,2026-08-07,APGE,,,,,,
v16,balanced,short,mixed,63,B_tail_entry_skipped,2026-08-07,TXG,,,,,,
v16,balanced,short,mixed,63,B_tail_entry_skipped,2026-08-07,IYF,,,,,,
v16,balanced,short,mixed,63,B_tail_entry_skipped,2026-08-07,GEO,,,,,,
v16,balanced,short,mixed,63,B_tail_entry_skipped,2026-08-07,XLF,,,,,,
v16,balanced,short,mixed,63,B_tail_entry_skipped,2026-08-07,CORT,,,,,,
v16,balanced,short,mixed,63,B_tail_entry_skipped,2026-08-07,ETON,,,,,,
v16,balanced,short,mixed,63,B_tail_entry_skipped,2026-08-07,HNGE,,,,,,
v16,balanced,short,mixed,63,B_tail_entry_skipped,2026-08-07,NRIX,,,,,,
v16,balanced,short,mixed,63,B_tail_entry_skipped,2026-08-07,LTH,,,,,,
v16,balanced,short,mixed,63,B_tail_entry_skipped,2026-08-07,CDNA,,,,,,
v16,balanced,short,mixed,63,B_tail_entry_skipped,2026-08-07,BJRI,,,,,,
v16,balanced,short,mixed,63,B_tail_entry_skipped,2026-08-07,LQDA,,,,,,
v16,balanced,short,mixed,63,B_tail_entry_skipped,2026-08-07,FTCS,,,,,,
v16,balanced,short,mixed,63,B_tail_entry_skipped,2026-08-07,PK,,,,,,
v16,balanced,short,mixed,63,B_tail_entry_skipped,2026-08-07,SNOW,,,,,,
v16,balanced,short,mixed,63,B_tail_entry_skipped,2026-08-07,URGN,,,,,,
v16,balanced,short,mixed,63,B_tail_entry_skipped,2026-08-07,RVMD,,,,,,
v16,balanced,short,mixed,63,B_tail_entry_skipped,2026-08-07,CAKE,,,,,,
v16,balanced,short,mixed,63,B_tail_entry_skipped,2026-08-07,TENB,,,,,,
v16,balanced,short,mixed,63,B_tail_entry_skipped,2026-08-14,URGN,,,,,,
v16,balanced,short,mixed,63,B_tail_entry_skipped,2026-08-14,DGRO,,,,,,
v16,balanced,short,mixed,63,B_tail_entry_skipped,2026-08-14,XLF,,,,,,
v16,balanced,short,mixed,63,B_tail_entry_skipped,2026-08-14,IYF,,,,,,
v16,balanced,short,mixed,63,B_tail_entry_skipped,2026-08-14,CORT,,,,,,
v16,balanced,short,mixed,63,B_tail_entry_skipped,2026-08-14,CAKE,,,,,,
v16,balanced,short,mixed,63,B_tail_entry_skipped,2026-08-14,VFH,,,,,,
v16,balanced,short,mixed,63,B_tail_entry_skipped,2026-08-14,CBZ,,,,,,
v16,balanced,short,mixed,63,B_tail_entry_skipped,2026-08-14,HAE,,,,,,
v16,balanced,short,mixed,63,B_tail_entry_skipped,2026-08-14,TNET,,,,,,
v16,balanced,short,mixed,63,B_tail_entry_skipped,2026-08-14,IOVA,,,,,,
v16,balanced,short,mixed,63,B_tail_entry_skipped,2026-08-14,VIG,,,,,,
v16,balanced,short,mixed,63,B_tail_entry_skipped,2026-08-14,LIND,,,,,,
v16,balanced,short,mixed,63,B_tail_entry_skipped,2026-08-14,STT,,,,,,
v16,balanced,short,mixed,63,B_tail_entry_skipped,2026-08-14,MAN,,,,,,
v16,balanced,short,mixed,63,B_tail_entry_skipped,2026-08-14,APGE,,,,,,
v16,balanced,short,mixed,63,B_tail_entry_skipped,2026-08-14,CON,,,,,,
v16,balanced,short,mixed,63,B_tail_entry_skipped,2026-08-14,NTAP,,,,,,
v16,balanced,short,mixed,63,B_tail_entry_skipped,2026-08-14,RLAY,,,,,,
v16,balanced,short,mixed,63,B_tail_entry_skipped,2026-08-14,NRIX,,,,,,
v16,balanced,short,mixed,63,B_tail_entry_skipped,2026-08-21,CXW,,,,,,
v16,balanced,short,mixed,63,B_tail_entry_skipped,2026-08-21,USMV,,,,,,
v16,balanced,short,mixed,63,B_tail_entry_skipped,2026-08-21,TXG,,,,,,
v16,balanced,short,mixed,63,B_tail_entry_skipped,2026-08-21,MRVI,,,,,,
v16,balanced,short,mixed,63,B_tail_entry_skipped,2026-08-21,URGN,,,,,,
v16,balanced,short,mixed,63,B_tail_entry_skipped,2026-08-21,TWST,,,,,,
v16,balanced,short,mixed,63,B_tail_entry_skipped,2026-08-21,BJRI,,,,,,
v16,balanced,short,mixed,63,B_tail_entry_skipped,2026-08-21,MAN,,,,,,
v16,balanced,short,mixed,63,B_tail_entry_skipped,2026-08-21,CORT,,,,,,
v16,balanced,short,mixed,63,B_tail_entry_skipped,2026-08-21,NSP,,,,,,
v16,balanced,short,mixed,63,B_tail_entry_skipped,2026-08-21,JEPI,,,,,,
v16,balanced,short,mixed,63,B_tail_entry_skipped,2026-08-21,ELVN,,,,,,
v16,balanced,short,mixed,63,B_tail_entry_skipped,2026-08-21,XNCR,,,,,,
v16,balanced,short,mixed,63,B_tail_entry_skipped,2026-08-21,HNGE,,,,,,
v16,balanced,short,mixed,63,B_tail_entry_skipped,2026-08-21,GEO,,,,,,
v16,balanced,short,mixed,63,B_tail_entry_skipped,2026-08-21,CAKE,,,,,,
v16,balanced,short,mixed,63,B_tail_entry_skipped,2026-08-21,ADPT,,,,,,
v16,balanced,short,mixed,63,B_tail_entry_skipped,2026-08-21,VOE,,,,,,
v16,balanced,short,mixed,63,B_tail_entry_skipped,2026-08-21,DYN,,,,,,
v16,balanced,short,mixed,63,B_tail_entry_skipped,2026-08-21,TVTX,,,,,,
v16,balanced,short,mixed,63,B_tail_entry_skipped,2026-08-28,JEPI,,,,,,
v16,balanced,short,mixed,63,B_tail_entry_skipped,2026-08-28,BKLN,,,,,,
v16,balanced,short,mixed,63,B_tail_entry_skipped,2026-08-28,MPC,,,,,,
v16,balanced,short,mixed,63,B_tail_entry_skipped,2026-08-28,CAKE,,,,,,
v16,balanced,short,mixed,63,B_tail_entry_skipped,2026-08-28,VTV,,,,,,
v16,balanced,short,mixed,63,B_tail_entry_skipped,2026-08-28,TXG,,,,,,
v16,balanced,short,mixed,63,B_tail_entry_skipped,2026-08-28,RSP,,,,,,
v16,balanced,short,mixed,63,B_tail_entry_skipped,2026-08-28,DINO,,,,,,
v16,balanced,short,mixed,63,B_tail_entry_skipped,2026-08-28,VONV,,,,,,
v16,balanced,short,mixed,63,B_tail_entry_skipped,2026-08-28,NRIX,,,,,,
v16,balanced,short,mixed,63,B_tail_entry_skipped,2026-08-28,DK,,,,,,
v16,balanced,short,mixed,63,B_tail_entry_skipped,2026-08-28,SEIC,,,,,,
v16,balanced,short,mixed,63,B_tail_entry_skipped,2026-08-28,IWD,,,,,,
v16,balanced,short,mixed,63,B_tail_entry_skipped,2026-08-28,NSP,,,,,,
v16,balanced,short,mixed,63,B_tail_entry_skipped,2026-08-28,VO,,,,,,
v16,balanced,short,mixed,63,B_tail_entry_skipped,2026-08-28,TWST,,,,,,
v16,balanced,short,mixed,63,B_tail_entry_skipped,2026-08-28,PVAL,,,,,,
v16,balanced,short,mixed,63,B_tail_entry_skipped,2026-08-28,PBF,,,,,,
v16,balanced,short,mixed,63,B_tail_entry_skipped,2026-08-28,CHE,,,,,,
v16,balanced,short,mixed,63,B_tail_entry_skipped,2026-08-28,XNCR,,,,,,
v16,balanced,short,mixed,63,B_tail_entry_skipped,2026-09-04,CDNA,,,,,,
v16,balanced,short,mixed,63,B_tail_entry_skipped,2026-09-04,USMV,,,,,,
v16,balanced,short,mixed,63,B_tail_entry_skipped,2026-09-04,ATAI,,,,,,
v16,balanced,short,mixed,63,B_tail_entry_skipped,2026-09-04,SRLN,,,,,,
v16,balanced,short,mixed,63,B_tail_entry_skipped,2026-09-04,BKLN,,,,,,
v16,balanced,short,mixed,63,B_tail_entry_skipped,2026-09-04,ETON,,,,,,
v16,balanced,short,mixed,63,B_tail_entry_skipped,2026-09-04,TXG,,,,,,
v16,balanced,short,mixed,63,B_tail_entry_skipped,2026-09-04,XNCR,,,,,,
v16,balanced,short,mixed,63,B_tail_entry_skipped,2026-09-04,NSIT,,,,,,
v16,balanced,short,mixed,63,B_tail_entry_skipped,2026-09-04,PLSE,,,,,,
v16,balanced,short,mixed,63,B_tail_entry_skipped,2026-09-04,AVTR,,,,,,
v16,balanced,short,mixed,63,B_tail_entry_skipped,2026-09-04,HNGE,,,,,,
v16,balanced,short,mixed,63,B_tail_entry_skipped,2026-09-04,CRL,,,,,,
v16,balanced,short,mixed,63,B_tail_entry_skipped,2026-09-04,CORT,,,,,,
v16,balanced,short,mixed,63,B_tail_entry_skipped,2026-09-04,NRIX,,,,,,
v16,balanced,short,mixed,63,B_tail_entry_skipped,2026-09-04,PGY,,,,,,
v16,balanced,short,mixed,63,B_tail_entry_skipped,2026-09-04,JEPI,,,,,,
v16,balanced,short,mixed,63,B_tail_entry_skipped,2026-09-04,VLO,,,,,,
v16,balanced,short,mixed,63,B_tail_entry_skipped,2026-09-04,STT,,,,,,
v16,balanced,short,mixed,63,B_tail_entry_skipped,2026-09-04,KYMR,,,,,,
v16,balanced,short,mixed,63,B_tail_entry_skipped,2026-09-14,BKLN,,,,,,
v16,balanced,short,mixed,63,B_tail_entry_skipped,2026-09-14,TXG,,,,,,
v16,balanced,short,mixed,63,B_tail_entry_skipped,2026-09-14,CDNA,,,,,,
v16,balanced,short,mixed,63,B_tail_entry_skipped,2026-09-14,PLSE,,,,,,
v16,balanced,short,mixed,63,B_tail_entry_skipped,2026-09-14,AVTR,,,,,,
v16,balanced,short,mixed,63,B_tail_entry_skipped,2026-09-14,HNGE,,,,,,
v16,balanced,short,mixed,63,B_tail_entry_skipped,2026-09-14,TWST,,,,,,
v16,balanced,short,mixed,63,B_tail_entry_skipped,2026-09-14,NEO,,,,,,
v16,balanced,short,mixed,63,B_tail_entry_skipped,2026-09-14,SRLN,,,,,,
v16,balanced,short,mixed,63,B_tail_entry_skipped,2026-09-14,ATRC,,,,,,
v16,balanced,short,mixed,63,B_tail_entry_skipped,2026-09-14,TEAM,,,,,,
v16,balanced,short,mixed,63,B_tail_entry_skipped,2026-09-14,RNG,,,,,,
v16,balanced,short,mixed,63,B_tail_entry_skipped,2026-09-14,CLMT,,,,,,
v16,balanced,short,mixed,63,B_tail_entry_skipped,2026-09-14,NTNX,,,,,,
v16,balanced,short,mixed,63,B_tail_entry_skipped,2026-09-14,PD,,,,,,
v16,balanced,short,mixed,63,B_tail_entry_skipped,2026-09-14,ECO,,,,,,
v16,balanced,short,mixed,63,B_tail_entry_skipped,2026-09-14,AVAH,,,,,,
v16,balanced,short,mixed,63,B_tail_entry_skipped,2026-09-14,GTLB,,,,,,
v16,balanced,short,mixed,63,B_tail_entry_skipped,2026-09-14,MPC,,,,,,
v16,balanced,short,mixed,63,B_tail_entry_skipped,2026-09-14,HAE,,,,,,
v16,balanced,short,stock,63,B_tail_entry_skipped,2026-07-02,AMD,,,,,,
v16,balanced,short,stock,63,B_tail_entry_skipped,2026-07-02,MTRN,,,,,,
v16,balanced,short,stock,63,B_tail_entry_skipped,2026-07-02,KLIC,,,,,,
v16,balanced,short,stock,63,B_tail_entry_skipped,2026-07-02,ATEX,,,,,,
v16,balanced,short,stock,63,B_tail_entry_skipped,2026-07-02,SEZL,,,,,,
v16,balanced,short,stock,63,B_tail_entry_skipped,2026-07-02,TWST,,,,,,
v16,balanced,short,stock,63,B_tail_entry_skipped,2026-07-02,UMC,,,,,,
v16,balanced,short,stock,63,B_tail_entry_skipped,2026-07-02,APLE,,,,,,
v16,balanced,short,stock,63,B_tail_entry_skipped,2026-07-02,ATEN,,,,,,
v16,balanced,short,stock,63,B_tail_entry_skipped,2026-07-02,NWPX,,,,,,
v16,balanced,short,stock,63,B_tail_entry_skipped,2026-07-02,ALKS,,,,,,
v16,balanced,short,stock,63,B_tail_entry_skipped,2026-07-02,RLJ,,,,,,
v16,balanced,short,stock,63,B_tail_entry_skipped,2026-07-02,AXSM,,,,,,
v16,balanced,short,stock,63,B_tail_entry_skipped,2026-07-02,BNY,,,,,,
v16,balanced,short,stock,63,B_tail_entry_skipped,2026-07-02,CLOV,,,,,,
v16,balanced,short,stock,63,B_tail_entry_skipped,2026-07-02,DVA,,,,,,
v16,balanced,short,stock,63,B_tail_entry_skipped,2026-07-02,LQDA,,,,,,
v16,balanced,short,stock,63,B_tail_entry_skipped,2026-07-02,TXG,,,,,,
v16,balanced,short,stock,63,B_tail_entry_skipped,2026-07-02,LNTH,,,,,,
v16,balanced,short,stock,63,B_tail_entry_skipped,2026-07-02,DCO,,,,,,
v16,balanced,short,stock,63,B_tail_entry_skipped,2026-07-10,ATEX,,,,,,
v16,balanced,short,stock,63,B_tail_entry_skipped,2026-07-10,STM,,,,,,
v16,balanced,short,stock,63,B_tail_entry_skipped,2026-07-10,NWPX,,,,,,
v16,balanced,short,stock,63,B_tail_entry_skipped,2026-07-10,EXTR,,,,,,
v16,balanced,short,stock,63,B_tail_entry_skipped,2026-07-10,CORT,,,,,,
v16,balanced,short,stock,63,B_tail_entry_skipped,2026-07-10,ATEN,,,,,,
v16,balanced,short,stock,63,B_tail_entry_skipped,2026-07-10,MEC,,,,,,
v16,balanced,short,stock,63,B_tail_entry_skipped,2026-07-10,PBI,,,,,,
v16,balanced,short,stock,63,B_tail_entry_skipped,2026-07-10,BTSG,,,,,,
v16,balanced,short,stock,63,B_tail_entry_skipped,2026-07-10,MTRN,,,,,,
v16,balanced,short,stock,63,B_tail_entry_skipped,2026-07-10,CON,,,,,,
v16,balanced,short,stock,63,B_tail_entry_skipped,2026-07-10,VSTS,,,,,,
v16,balanced,short,stock,63,B_tail_entry_skipped,2026-07-10,APLE,,,,,,
v16,balanced,short,stock,63,B_tail_entry_skipped,2026-07-10,RLJ,,,,,,
v16,balanced,short,stock,63,B_tail_entry_skipped,2026-07-10,RSI,,,,,,
v16,balanced,short,stock,63,B_tail_entry_skipped,2026-07-10,GEO,,,,,,
v16,balanced,short,stock,63,B_tail_entry_skipped,2026-07-10,FFIV,,,,,,
v16,balanced,short,stock,63,B_tail_entry_skipped,2026-07-10,LQDA,,,,,,
v16,balanced,short,stock,63,B_tail_entry_skipped,2026-07-10,DVA,,,,,,
v16,balanced,short,stock,63,B_tail_entry_skipped,2026-07-10,PEB,,,,,,
v16,balanced,short,stock,63,B_tail_entry_skipped,2026-07-17,CORT,,,,,,
v16,balanced,short,stock,63,B_tail_entry_skipped,2026-07-17,HNGE,,,,,,
v16,balanced,short,stock,63,B_tail_entry_skipped,2026-07-17,TWST,,,,,,
v16,balanced,short,stock,63,B_tail_entry_skipped,2026-07-17,URGN,,,,,,
v16,balanced,short,stock,63,B_tail_entry_skipped,2026-07-17,PANW,,,,,,
v16,balanced,short,stock,63,B_tail_entry_skipped,2026-07-17,ATEN,,,,,,
v16,balanced,short,stock,63,B_tail_entry_skipped,2026-07-17,ALKS,,,,,,
v16,balanced,short,stock,63,B_tail_entry_skipped,2026-07-17,BTSG,,,,,,
v16,balanced,short,stock,63,B_tail_entry_skipped,2026-07-17,ORKA,,,,,,
v16,balanced,short,stock,63,B_tail_entry_skipped,2026-07-17,VSTS,,,,,,
v16,balanced,short,stock,63,B_tail_entry_skipped,2026-07-17,CON,,,,,,
v16,balanced,short,stock,63,B_tail_entry_skipped,2026-07-17,FTNT,,,,,,
v16,balanced,short,stock,63,B_tail_entry_skipped,2026-07-17,LIND,,,,,,
v16,balanced,short,stock,63,B_tail_entry_skipped,2026-07-17,RLJ,,,,,,
v16,balanced,short,stock,63,B_tail_entry_skipped,2026-07-17,TGTX,,,,,,
v16,balanced,short,stock,63,B_tail_entry_skipped,2026-07-17,DAVE,,,,,,
v16,balanced,short,stock,63,B_tail_entry_skipped,2026-07-17,MRVI,,,,,,
v16,balanced,short,stock,63,B_tail_entry_skipped,2026-07-17,MITK,,,,,,
v16,balanced,short,stock,63,B_tail_entry_skipped,2026-07-17,CNC,,,,,,
v16,balanced,short,stock,63,B_tail_entry_skipped,2026-07-17,ATLC,,,,,,
v16,balanced,short,stock,63,B_tail_entry_skipped,2026-07-24,CHEF,,,,,,
v16,balanced,short,stock,63,B_tail_entry_skipped,2026-07-24,FTNT,,,,,,
v16,balanced,short,stock,63,B_tail_entry_skipped,2026-07-24,PANW,,,,,,
v16,balanced,short,stock,63,B_tail_entry_skipped,2026-07-24,SYRE,,,,,,
v16,balanced,short,stock,63,B_tail_entry_skipped,2026-07-24,ETON,,,,,,
v16,balanced,short,stock,63,B_tail_entry_skipped,2026-07-24,TGTX,,,,,,
v16,balanced,short,stock,63,B_tail_entry_skipped,2026-07-24,URGN,,,,,,
v16,balanced,short,stock,63,B_tail_entry_skipped,2026-07-24,SLF,,,,,,
v16,balanced,short,stock,63,B_tail_entry_skipped,2026-07-24,BJRI,,,,,,
v16,balanced,short,stock,63,B_tail_entry_skipped,2026-07-24,WKC,,,,,,
v16,balanced,short,stock,63,B_tail_entry_skipped,2026-07-24,CRWD,,,,,,
v16,balanced,short,stock,63,B_tail_entry_skipped,2026-07-24,SAH,,,,,,
v16,balanced,short,stock,63,B_tail_entry_skipped,2026-07-24,MRVI,,,,,,
v16,balanced,short,stock,63,B_tail_entry_skipped,2026-07-24,LTH,,,,,,
v16,balanced,short,stock,63,B_tail_entry_skipped,2026-07-24,VOYA,,,,,,
v16,balanced,short,stock,63,B_tail_entry_skipped,2026-07-24,STT,,,,,,
v16,balanced,short,stock,63,B_tail_entry_skipped,2026-07-24,VSTS,,,,,,
v16,balanced,short,stock,63,B_tail_entry_skipped,2026-07-24,DVA,,,,,,
v16,balanced,short,stock,63,B_tail_entry_skipped,2026-07-24,NTAP,,,,,,
v16,balanced,short,stock,63,B_tail_entry_skipped,2026-07-24,CNC,,,,,,
v16,balanced,short,stock,63,B_tail_entry_skipped,2026-07-31,FTNT,,,,,,
v16,balanced,short,stock,63,B_tail_entry_skipped,2026-07-31,WKC,,,,,,
v16,balanced,short,stock,63,B_tail_entry_skipped,2026-07-31,CORT,,,,,,
v16,balanced,short,stock,63,B_tail_entry_skipped,2026-07-31,PEB,,,,,,
v16,balanced,short,stock,63,B_tail_entry_skipped,2026-07-31,ETON,,,,,,
v16,balanced,short,stock,63,B_tail_entry_skipped,2026-07-31,CDNA,,,,,,
v16,balanced,short,stock,63,B_tail_entry_skipped,2026-07-31,URGN,,,,,,
v16,balanced,short,stock,63,B_tail_entry_skipped,2026-07-31,CLMT,,,,,,
v16,balanced,short,stock,63,B_tail_entry_skipped,2026-07-31,APGE,,,,,,
v16,balanced,short,stock,63,B_tail_entry_skipped,2026-07-31,MNPR,,,,,,
v16,balanced,short,stock,63,B_tail_entry_skipped,2026-07-31,CBRL,,,,,,
v16,balanced,short,stock,63,B_tail_entry_skipped,2026-07-31,HNGE,,,,,,
v16,balanced,short,stock,63,B_tail_entry_skipped,2026-07-31,LTH,,,,,,
v16,balanced,short,stock,63,B_tail_entry_skipped,2026-07-31,RLJ,,,,,,
v16,balanced,short,stock,63,B_tail_entry_skipped,2026-07-31,CAKE,,,,,,
v16,balanced,short,stock,63,B_tail_entry_skipped,2026-07-31,CHEF,,,,,,
v16,balanced,short,stock,63,B_tail_entry_skipped,2026-07-31,PANW,,,,,,
v16,balanced,short,stock,63,B_tail_entry_skipped,2026-07-31,DK,,,,,,
v16,balanced,short,stock,63,B_tail_entry_skipped,2026-07-31,ILMN,,,,,,
v16,balanced,short,stock,63,B_tail_entry_skipped,2026-07-31,TVTX,,,,,,
v16,balanced,short,stock,63,B_tail_entry_skipped,2026-08-07,APGE,,,,,,
v16,balanced,short,stock,63,B_tail_entry_skipped,2026-08-07,TXG,,,,,,
v16,balanced,short,stock,63,B_tail_entry_skipped,2026-08-07,GEO,,,,,,
v16,balanced,short,stock,63,B_tail_entry_skipped,2026-08-07,CORT,,,,,,
v16,balanced,short,stock,63,B_tail_entry_skipped,2026-08-07,ETON,,,,,,
v16,balanced,short,stock,63,B_tail_entry_skipped,2026-08-07,HNGE,,,,,,
v16,balanced,short,stock,63,B_tail_entry_skipped,2026-08-07,NRIX,,,,,,
v16,balanced,short,stock,63,B_tail_entry_skipped,2026-08-07,LTH,,,,,,
v16,balanced,short,stock,63,B_tail_entry_skipped,2026-08-07,CDNA,,,,,,
v16,balanced,short,stock,63,B_tail_entry_skipped,2026-08-07,BJRI,,,,,,
v16,balanced,short,stock,63,B_tail_entry_skipped,2026-08-07,LQDA,,,,,,
v16,balanced,short,stock,63,B_tail_entry_skipped,2026-08-07,PK,,,,,,
v16,balanced,short,stock,63,B_tail_entry_skipped,2026-08-07,SNOW,,,,,,
v16,balanced,short,stock,63,B_tail_entry_skipped,2026-08-07,URGN,,,,,,
v16,balanced,short,stock,63,B_tail_entry_skipped,2026-08-07,RVMD,,,,,,
v16,balanced,short,stock,63,B_tail_entry_skipped,2026-08-07,CAKE,,,,,,
v16,balanced,short,stock,63,B_tail_entry_skipped,2026-08-07,TENB,,,,,,
v16,balanced,short,stock,63,B_tail_entry_skipped,2026-08-07,CBRL,,,,,,
v16,balanced,short,stock,63,B_tail_entry_skipped,2026-08-07,NTAP,,,,,,
v16,balanced,short,stock,63,B_tail_entry_skipped,2026-08-07,OMDA,,,,,,
v16,balanced,short,stock,63,B_tail_entry_skipped,2026-08-14,URGN,,,,,,
v16,balanced,short,stock,63,B_tail_entry_skipped,2026-08-14,CORT,,,,,,
v16,balanced,short,stock,63,B_tail_entry_skipped,2026-08-14,CAKE,,,,,,
v16,balanced,short,stock,63,B_tail_entry_skipped,2026-08-14,CBZ,,,,,,
v16,balanced,short,stock,63,B_tail_entry_skipped,2026-08-14,HAE,,,,,,
v16,balanced,short,stock,63,B_tail_entry_skipped,2026-08-14,TNET,,,,,,
v16,balanced,short,stock,63,B_tail_entry_skipped,2026-08-14,IOVA,,,,,,
v16,balanced,short,stock,63,B_tail_entry_skipped,2026-08-14,LIND,,,,,,
v16,balanced,short,stock,63,B_tail_entry_skipped,2026-08-14,STT,,,,,,
v16,balanced,short,stock,63,B_tail_entry_skipped,2026-08-14,MAN,,,,,,
v16,balanced,short,stock,63,B_tail_entry_skipped,2026-08-14,APGE,,,,,,
v16,balanced,short,stock,63,B_tail_entry_skipped,2026-08-14,CON,,,,,,
v16,balanced,short,stock,63,B_tail_entry_skipped,2026-08-14,NTAP,,,,,,
v16,balanced,short,stock,63,B_tail_entry_skipped,2026-08-14,RLAY,,,,,,
v16,balanced,short,stock,63,B_tail_entry_skipped,2026-08-14,NRIX,,,,,,
v16,balanced,short,stock,63,B_tail_entry_skipped,2026-08-14,LTH,,,,,,
v16,balanced,short,stock,63,B_tail_entry_skipped,2026-08-14,ATAI,,,,,,
v16,balanced,short,stock,63,B_tail_entry_skipped,2026-08-14,TVTX,,,,,,
v16,balanced,short,stock,63,B_tail_entry_skipped,2026-08-14,SAIC,,,,,,
v16,balanced,short,stock,63,B_tail_entry_skipped,2026-08-14,WKC,,,,,,
v16,balanced,short,stock,63,B_tail_entry_skipped,2026-08-21,CXW,,,,,,
v16,balanced,short,stock,63,B_tail_entry_skipped,2026-08-21,TXG,,,,,,
v16,balanced,short,stock,63,B_tail_entry_skipped,2026-08-21,MRVI,,,,,,
v16,balanced,short,stock,63,B_tail_entry_skipped,2026-08-21,URGN,,,,,,
v16,balanced,short,stock,63,B_tail_entry_skipped,2026-08-21,TWST,,,,,,
v16,balanced,short,stock,63,B_tail_entry_skipped,2026-08-21,BJRI,,,,,,
v16,balanced,short,stock,63,B_tail_entry_skipped,2026-08-21,MAN,,,,,,
v16,balanced,short,stock,63,B_tail_entry_skipped,2026-08-21,CORT,,,,,,
v16,balanced,short,stock,63,B_tail_entry_skipped,2026-08-21,NSP,,,,,,
v16,balanced,short,stock,63,B_tail_entry_skipped,2026-08-21,ELVN,,,,,,
v16,balanced,short,stock,63,B_tail_entry_skipped,2026-08-21,XNCR,,,,,,
v16,balanced,short,stock,63,B_tail_entry_skipped,2026-08-21,HNGE,,,,,,
v16,balanced,short,stock,63,B_tail_entry_skipped,2026-08-21,GEO,,,,,,
v16,balanced,short,stock,63,B_tail_entry_skipped,2026-08-21,CAKE,,,,,,
v16,balanced,short,stock,63,B_tail_entry_skipped,2026-08-21,ADPT,,,,,,
v16,balanced,short,stock,63,B_tail_entry_skipped,2026-08-21,DYN,,,,,,
v16,balanced,short,stock,63,B_tail_entry_skipped,2026-08-21,TVTX,,,,,,
v16,balanced,short,stock,63,B_tail_entry_skipped,2026-08-21,CBRL,,,,,,
v16,balanced,short,stock,63,B_tail_entry_skipped,2026-08-21,CDNA,,,,,,
v16,balanced,short,stock,63,B_tail_entry_skipped,2026-08-21,NEO,,,,,,
v16,balanced,short,stock,63,B_tail_entry_skipped,2026-08-28,MPC,,,,,,
v16,balanced,short,stock,63,B_tail_entry_skipped,2026-08-28,CAKE,,,,,,
v16,balanced,short,stock,63,B_tail_entry_skipped,2026-08-28,TXG,,,,,,
v16,balanced,short,stock,63,B_tail_entry_skipped,2026-08-28,DINO,,,,,,
v16,balanced,short,stock,63,B_tail_entry_skipped,2026-08-28,NRIX,,,,,,
v16,balanced,short,stock,63,B_tail_entry_skipped,2026-08-28,DK,,,,,,
v16,balanced,short,stock,63,B_tail_entry_skipped,2026-08-28,SEIC,,,,,,
v16,balanced,short,stock,63,B_tail_entry_skipped,2026-08-28,NSP,,,,,,
v16,balanced,short,stock,63,B_tail_entry_skipped,2026-08-28,TWST,,,,,,
v16,balanced,short,stock,63,B_tail_entry_skipped,2026-08-28,PBF,,,,,,
v16,balanced,short,stock,63,B_tail_entry_skipped,2026-08-28,CHE,,,,,,
v16,balanced,short,stock,63,B_tail_entry_skipped,2026-08-28,XNCR,,,,,,
v16,balanced,short,stock,63,B_tail_entry_skipped,2026-08-28,INTA,,,,,,
v16,balanced,short,stock,63,B_tail_entry_skipped,2026-08-28,ATRC,,,,,,
v16,balanced,short,stock,63,B_tail_entry_skipped,2026-08-28,PAYC,,,,,,
v16,balanced,short,stock,63,B_tail_entry_skipped,2026-08-28,SN,,,,,,
v16,balanced,short,stock,63,B_tail_entry_skipped,2026-08-28,FRSH,,,,,,
v16,balanced,short,stock,63,B_tail_entry_skipped,2026-08-28,HAE,,,,,,
v16,balanced,short,stock,63,B_tail_entry_skipped,2026-08-28,BLFS,,,,,,
v16,balanced,short,stock,63,B_tail_entry_skipped,2026-08-28,PAYX,,,,,,
v16,balanced,short,stock,63,B_tail_entry_skipped,2026-09-04,CDNA,,,,,,
v16,balanced,short,stock,63,B_tail_entry_skipped,2026-09-04,ATAI,,,,,,
v16,balanced,short,stock,63,B_tail_entry_skipped,2026-09-04,ETON,,,,,,
v16,balanced,short,stock,63,B_tail_entry_skipped,2026-09-04,TXG,,,,,,
v16,balanced,short,stock,63,B_tail_entry_skipped,2026-09-04,XNCR,,,,,,
v16,balanced,short,stock,63,B_tail_entry_skipped,2026-09-04,NSIT,,,,,,
v16,balanced,short,stock,63,B_tail_entry_skipped,2026-09-04,PLSE,,,,,,
v16,balanced,short,stock,63,B_tail_entry_skipped,2026-09-04,AVTR,,,,,,
v16,balanced,short,stock,63,B_tail_entry_skipped,2026-09-04,HNGE,,,,,,
v16,balanced,short,stock,63,B_tail_entry_skipped,2026-09-04,CRL,,,,,,
v16,balanced,short,stock,63,B_tail_entry_skipped,2026-09-04,CORT,,,,,,
v16,balanced,short,stock,63,B_tail_entry_skipped,2026-09-04,NRIX,,,,,,
v16,balanced,short,stock,63,B_tail_entry_skipped,2026-09-04,PGY,,,,,,
v16,balanced,short,stock,63,B_tail_entry_skipped,2026-09-04,VLO,,,,,,
v16,balanced,short,stock,63,B_tail_entry_skipped,2026-09-04,STT,,,,,,
v16,balanced,short,stock,63,B_tail_entry_skipped,2026-09-04,KYMR,,,,,,
v16,balanced,short,stock,63,B_tail_entry_skipped,2026-09-04,ABCL,,,,,,
v16,balanced,short,stock,63,B_tail_entry_skipped,2026-09-04,PAYC,,,,,,
v16,balanced,short,stock,63,B_tail_entry_skipped,2026-09-04,ILMN,,,,,,
v16,balanced,short,stock,63,B_tail_entry_skipped,2026-09-04,HAE,,,,,,
v16,balanced,short,stock,63,B_tail_entry_skipped,2026-09-14,TXG,,,,,,
v16,balanced,short,stock,63,B_tail_entry_skipped,2026-09-14,CDNA,,,,,,
v16,balanced,short,stock,63,B_tail_entry_skipped,2026-09-14,PLSE,,,,,,
v16,balanced,short,stock,63,B_tail_entry_skipped,2026-09-14,AVTR,,,,,,
v16,balanced,short,stock,63,B_tail_entry_skipped,2026-09-14,HNGE,,,,,,
v16,balanced,short,stock,63,B_tail_entry_skipped,2026-09-14,TWST,,,,,,
v16,balanced,short,stock,63,B_tail_entry_skipped,2026-09-14,NEO,,,,,,
v16,balanced,short,stock,63,B_tail_entry_skipped,2026-09-14,ATRC,,,,,,
v16,balanced,short,stock,63,B_tail_entry_skipped,2026-09-14,TEAM,,,,,,
v16,balanced,short,stock,63,B_tail_entry_skipped,2026-09-14,RNG,,,,,,
v16,balanced,short,stock,63,B_tail_entry_skipped,2026-09-14,CLMT,,,,,,
v16,balanced,short,stock,63,B_tail_entry_skipped,2026-09-14,NTNX,,,,,,
v16,balanced,short,stock,63,B_tail_entry_skipped,2026-09-14,PD,,,,,,
v16,balanced,short,stock,63,B_tail_entry_skipped,2026-09-14,ECO,,,,,,
v16,balanced,short,stock,63,B_tail_entry_skipped,2026-09-14,AVAH,,,,,,
v16,balanced,short,stock,63,B_tail_entry_skipped,2026-09-14,GTLB,,,,,,
v16,balanced,short,stock,63,B_tail_entry_skipped,2026-09-14,MPC,,,,,,
v16,balanced,short,stock,63,B_tail_entry_skipped,2026-09-14,HAE,,,,,,
v16,balanced,short,stock,63,B_tail_entry_skipped,2026-09-14,AMLX,,,,,,
v16,balanced,short,stock,63,B_tail_entry_skipped,2026-09-14,BLFS,,,,,,
v16,conservative,long,mixed,63,B_tail_entry_skipped,2026-07-02,APLE,,,,,,
v16,conservative,long,mixed,63,B_tail_entry_skipped,2026-07-02,RY,,,,,,
v16,conservative,long,mixed,63,B_tail_entry_skipped,2026-07-02,BMO,,,,,,
v16,conservative,long,mixed,63,B_tail_entry_skipped,2026-07-02,RHP,,,,,,
v16,conservative,long,mixed,63,B_tail_entry_skipped,2026-07-02,BNS,,,,,,
v16,conservative,long,mixed,63,B_tail_entry_skipped,2026-07-02,IVT,,,,,,
v16,conservative,long,mixed,63,B_tail_entry_skipped,2026-07-02,GWW,,,,,,
v16,conservative,long,mixed,63,B_tail_entry_skipped,2026-07-02,UNM,,,,,,
v16,conservative,long,mixed,63,B_tail_entry_skipped,2026-07-02,PECO,,,,,,
v16,conservative,long,mixed,63,B_tail_entry_skipped,2026-07-02,HR,,,,,,
v16,conservative,long,mixed,63,B_tail_entry_skipped,2026-07-02,CHEF,,,,,,
v16,conservative,long,mixed,63,B_tail_entry_skipped,2026-07-02,STT,,,,,,
v16,conservative,long,mixed,63,B_tail_entry_skipped,2026-07-02,AXSM,,,,,,
v16,conservative,long,mixed,63,B_tail_entry_skipped,2026-07-02,LAMR,,,,,,
v16,conservative,long,mixed,63,B_tail_entry_skipped,2026-07-02,CNI,,,,,,
v16,conservative,long,mixed,63,B_tail_entry_skipped,2026-07-02,LNTH,,,,,,
v16,conservative,long,mixed,63,B_tail_entry_skipped,2026-07-02,GEO,,,,,,
v16,conservative,long,mixed,63,B_tail_entry_skipped,2026-07-02,PAG,,,,,,
v16,conservative,long,mixed,63,B_tail_entry_skipped,2026-07-02,UNH,,,,,,
v16,conservative,long,mixed,63,B_tail_entry_skipped,2026-07-02,VMI,,,,,,
v16,conservative,long,mixed,63,B_tail_entry_skipped,2026-07-10,APLE,,,,,,
v16,conservative,long,mixed,63,B_tail_entry_skipped,2026-07-10,CBSH,,,,,,
v16,conservative,long,mixed,63,B_tail_entry_skipped,2026-07-10,HIW,,,,,,
v16,conservative,long,mixed,63,B_tail_entry_skipped,2026-07-10,CUZ,,,,,,
v16,conservative,long,mixed,63,B_tail_entry_skipped,2026-07-10,SIGI,,,,,,
v16,conservative,long,mixed,63,B_tail_entry_skipped,2026-07-10,TD,,,,,,
v16,conservative,long,mixed,63,B_tail_entry_skipped,2026-07-10,RHP,,,,,,
v16,conservative,long,mixed,63,B_tail_entry_skipped,2026-07-10,GL,,,,,,
v16,conservative,long,mixed,63,B_tail_entry_skipped,2026-07-10,THG,,,,,,
v16,conservative,long,mixed,63,B_tail_entry_skipped,2026-07-10,ESS,,,,,,
v16,conservative,long,mixed,63,B_tail_entry_skipped,2026-07-10,DOC,,,,,,
v16,conservative,long,mixed,63,B_tail_entry_skipped,2026-07-10,VNO,,,,,,
v16,conservative,long,mixed,63,B_tail_entry_skipped,2026-07-10,MNST,,,,,,
v16,conservative,long,mixed,63,B_tail_entry_skipped,2026-07-10,HR,,,,,,
v16,conservative,long,mixed,63,B_tail_entry_skipped,2026-07-10,MSM,,,,,,
v16,conservative,long,mixed,63,B_tail_entry_skipped,2026-07-10,MAA,,,,,,
v16,conservative,long,mixed,63,B_tail_entry_skipped,2026-07-10,GEO,,,,,,
v16,conservative,long,mixed,63,B_tail_entry_skipped,2026-07-10,CVS,,,,,,
v16,conservative,long,mixed,63,B_tail_entry_skipped,2026-07-10,KDP,,,,,,
v16,conservative,long,mixed,63,B_tail_entry_skipped,2026-07-10,GWW,,,,,,
v16,conservative,long,mixed,63,B_tail_entry_skipped,2026-07-17,ESS,,,,,,
v16,conservative,long,mixed,63,B_tail_entry_skipped,2026-07-17,INVH,,,,,,
v16,conservative,long,mixed,63,B_tail_entry_skipped,2026-07-17,APLE,,,,,,
v16,conservative,long,mixed,63,B_tail_entry_skipped,2026-07-17,UDR,,,,,,
v16,conservative,long,mixed,63,B_tail_entry_skipped,2026-07-17,EQR,,,,,,
v16,conservative,long,mixed,63,B_tail_entry_skipped,2026-07-17,THG,,,,,,
v16,conservative,long,mixed,63,B_tail_entry_skipped,2026-07-17,RHP,,,,,,
v16,conservative,long,mixed,63,B_tail_entry_skipped,2026-07-17,UUP,,,,,,
v16,conservative,long,mixed,63,B_tail_entry_skipped,2026-07-17,PFGC,,,,,,
v16,conservative,long,mixed,63,B_tail_entry_skipped,2026-07-17,BTSG,,,,,,
v16,conservative,long,mixed,63,B_tail_entry_skipped,2026-07-17,AVB,,,,,,
v16,conservative,long,mixed,63,B_tail_entry_skipped,2026-07-17,TROW,,,,,,
v16,conservative,long,mixed,63,B_tail_entry_skipped,2026-07-17,CPT,,,,,,
v16,conservative,long,mixed,63,B_tail_entry_skipped,2026-07-17,LTH,,,,,,
v16,conservative,long,mixed,63,B_tail_entry_skipped,2026-07-17,BEN,,,,,,
v16,conservative,long,mixed,63,B_tail_entry_skipped,2026-07-17,CACC,,,,,,
v16,conservative,long,mixed,63,B_tail_entry_skipped,2026-07-17,CVS,,,,,,
v16,conservative,long,mixed,63,B_tail_entry_skipped,2026-07-17,NBIX,,,,,,
v16,conservative,long,mixed,63,B_tail_entry_skipped,2026-07-17,SIRI,,,,,,
v16,conservative,long,mixed,63,B_tail_entry_skipped,2026-07-17,TD,,,,,,
v16,conservative,long,mixed,63,B_tail_entry_skipped,2026-07-24,RY,,,,,,
v16,conservative,long,mixed,63,B_tail_entry_skipped,2026-07-24,VOYA,,,,,,
v16,conservative,long,mixed,63,B_tail_entry_skipped,2026-07-24,INVH,,,,,,
v16,conservative,long,mixed,63,B_tail_entry_skipped,2026-07-24,BXP,,,,,,
v16,conservative,long,mixed,63,B_tail_entry_skipped,2026-07-24,LTH,,,,,,
v16,conservative,long,mixed,63,B_tail_entry_skipped,2026-07-24,VNO,,,,,,
v16,conservative,long,mixed,63,B_tail_entry_skipped,2026-07-24,AMH,,,,,,
v16,conservative,long,mixed,63,B_tail_entry_skipped,2026-07-24,STT,,,,,,
v16,conservative,long,mixed,63,B_tail_entry_skipped,2026-07-24,CVS,,,,,,
v16,conservative,long,mixed,63,B_tail_entry_skipped,2026-07-24,LAMR,,,,,,
v16,conservative,long,mixed,63,B_tail_entry_skipped,2026-07-24,FRT,,,,,,
v16,conservative,long,mixed,63,B_tail_entry_skipped,2026-07-24,NBIX,,,,,,
v16,conservative,long,mixed,63,B_tail_entry_skipped,2026-07-24,PFG,,,,,,
v16,conservative,long,mixed,63,B_tail_entry_skipped,2026-07-24,CHEF,,,,,,
v16,conservative,long,mixed,63,B_tail_entry_skipped,2026-07-24,V,,,,,,
v16,conservative,long,mixed,63,B_tail_entry_skipped,2026-07-24,ARMK,,,,,,
v16,conservative,long,mixed,63,B_tail_entry_skipped,2026-07-24,PNC,,,,,,
v16,conservative,long,mixed,63,B_tail_entry_skipped,2026-07-24,D,,,,,,
v16,conservative,long,mixed,63,B_tail_entry_skipped,2026-07-24,MTB,,,,,,
v16,conservative,long,mixed,63,B_tail_entry_skipped,2026-07-24,AFG,,,,,,
v16,conservative,long,mixed,63,B_tail_entry_skipped,2026-07-31,MET,,,,,,
v16,conservative,long,mixed,63,B_tail_entry_skipped,2026-07-31,VOYA,,,,,,
v16,conservative,long,mixed,63,B_tail_entry_skipped,2026-07-31,INVH,,,,,,
v16,conservative,long,mixed,63,B_tail_entry_skipped,2026-07-31,V,,,,,,
v16,conservative,long,mixed,63,B_tail_entry_skipped,2026-07-31,BMO,,,,,,
v16,conservative,long,mixed,63,B_tail_entry_skipped,2026-07-31,DVA,,,,,,
v16,conservative,long,mixed,63,B_tail_entry_skipped,2026-07-31,BBY,,,,,,
v16,conservative,long,mixed,63,B_tail_entry_skipped,2026-07-31,CLBK,,,,,,
v16,conservative,long,mixed,63,B_tail_entry_skipped,2026-07-31,CRBG,,,,,,
v16,conservative,long,mixed,63,B_tail_entry_skipped,2026-07-31,TRV,,,,,,
v16,conservative,long,mixed,63,B_tail_entry_skipped,2026-07-31,MUFG,,,,,,
v16,conservative,long,mixed,63,B_tail_entry_skipped,2026-07-31,CVS,,,,,,
v16,conservative,long,mixed,63,B_tail_entry_skipped,2026-07-31,KRC,,,,,,
v16,conservative,long,mixed,63,B_tail_entry_skipped,2026-07-31,PRI,,,,,,
v16,conservative,long,mixed,63,B_tail_entry_skipped,2026-07-31,APGE,,,,,,
v16,conservative,long,mixed,63,B_tail_entry_skipped,2026-07-31,HALO,,,,,,
v16,conservative,long,mixed,63,B_tail_entry_skipped,2026-07-31,HR,,,,,,
v16,conservative,long,mixed,63,B_tail_entry_skipped,2026-07-31,HQY,,,,,,
v16,conservative,long,mixed,63,B_tail_entry_skipped,2026-07-31,CCK,,,,,,
v16,conservative,long,mixed,63,B_tail_entry_skipped,2026-07-31,AON,,,,,,
v16,conservative,long,mixed,63,B_tail_entry_skipped,2026-08-07,PK,,,,,,
v16,conservative,long,mixed,63,B_tail_entry_skipped,2026-08-07,SLF,,,,,,
v16,conservative,long,mixed,63,B_tail_entry_skipped,2026-08-07,VNO,,,,,,
v16,conservative,long,mixed,63,B_tail_entry_skipped,2026-08-07,BXP,,,,,,
v16,conservative,long,mixed,63,B_tail_entry_skipped,2026-08-07,MTG,,,,,,
v16,conservative,long,mixed,63,B_tail_entry_skipped,2026-08-07,LTH,,,,,,
v16,conservative,long,mixed,63,B_tail_entry_skipped,2026-08-07,V,,,,,,
v16,conservative,long,mixed,63,B_tail_entry_skipped,2026-08-07,CNI,,,,,,
v16,conservative,long,mixed,63,B_tail_entry_skipped,2026-08-07,VOYA,,,,,,
v16,conservative,long,mixed,63,B_tail_entry_skipped,2026-08-07,PAYX,,,,,,
v16,conservative,long,mixed,63,B_tail_entry_skipped,2026-08-07,ADP,,,,,,
v16,conservative,long,mixed,63,B_tail_entry_skipped,2026-08-07,PRI,,,,,,
v16,conservative,long,mixed,63,B_tail_entry_skipped,2026-08-07,AFL,,,,,,
v16,conservative,long,mixed,63,B_tail_entry_skipped,2026-08-07,CTAS,,,,,,
v16,conservative,long,mixed,63,B_tail_entry_skipped,2026-08-07,MA,,,,,,
v16,conservative,long,mixed,63,B_tail_entry_skipped,2026-08-07,TRV,,,,,,
v16,conservative,long,mixed,63,B_tail_entry_skipped,2026-08-07,CLBK,,,,,,
v16,conservative,long,mixed,63,B_tail_entry_skipped,2026-08-07,BMO,,,,,,
v16,conservative,long,mixed,63,B_tail_entry_skipped,2026-08-07,HRL,,,,,,
v16,conservative,long,mixed,63,B_tail_entry_skipped,2026-08-07,FWONK,,,,,,
v16,conservative,long,mixed,63,B_tail_entry_skipped,2026-08-14,PRU,,,,,,
v16,conservative,long,mixed,63,B_tail_entry_skipped,2026-08-14,CFR,,,,,,
v16,conservative,long,mixed,63,B_tail_entry_skipped,2026-08-14,MTG,,,,,,
v16,conservative,long,mixed,63,B_tail_entry_skipped,2026-08-14,HSIC,,,,,,
v16,conservative,long,mixed,63,B_tail_entry_skipped,2026-08-14,THG,,,,,,
v16,conservative,long,mixed,63,B_tail_entry_skipped,2026-08-14,IBN,,,,,,
v16,conservative,long,mixed,63,B_tail_entry_skipped,2026-08-14,PRI,,,,,,
v16,conservative,long,mixed,63,B_tail_entry_skipped,2026-08-14,LH,,,,,,
v16,conservative,long,mixed,63,B_tail_entry_skipped,2026-08-14,CCK,,,,,,
v16,conservative,long,mixed,63,B_tail_entry_skipped,2026-08-14,TECH,,,,,,
v16,conservative,long,mixed,63,B_tail_entry_skipped,2026-08-14,MA,,,,,,
v16,conservative,long,mixed,63,B_tail_entry_skipped,2026-08-14,PNC,,,,,,
v16,conservative,long,mixed,63,B_tail_entry_skipped,2026-08-14,VNO,,,,,,
v16,conservative,long,mixed,63,B_tail_entry_skipped,2026-08-14,AJG,,,,,,
v16,conservative,long,mixed,63,B_tail_entry_skipped,2026-08-14,RJF,,,,,,
v16,conservative,long,mixed,63,B_tail_entry_skipped,2026-08-14,USB,,,,,,
v16,conservative,long,mixed,63,B_tail_entry_skipped,2026-08-14,DGX,,,,,,
v16,conservative,long,mixed,63,B_tail_entry_skipped,2026-08-14,MMM,,,,,,
v16,conservative,long,mixed,63,B_tail_entry_skipped,2026-08-14,LTH,,,,,,
v16,conservative,long,mixed,63,B_tail_entry_skipped,2026-08-14,CCEP,,,,,,
v16,conservative,long,mixed,63,B_tail_entry_skipped,2026-08-21,AMP,,,,,,
v16,conservative,long,mixed,63,B_tail_entry_skipped,2026-08-21,TECH,,,,,,
v16,conservative,long,mixed,63,B_tail_entry_skipped,2026-08-21,MA,,,,,,
v16,conservative,long,mixed,63,B_tail_entry_skipped,2026-08-21,IBN,,,,,,
v16,conservative,long,mixed,63,B_tail_entry_skipped,2026-08-21,PAYX,,,,,,
v16,conservative,long,mixed,63,B_tail_entry_skipped,2026-08-21,CHE,,,,,,
v16,conservative,long,mixed,63,B_tail_entry_skipped,2026-08-21,USFD,,,,,,
v16,conservative,long,mixed,63,B_tail_entry_skipped,2026-08-21,GPC,,,,,,
v16,conservative,long,mixed,63,B_tail_entry_skipped,2026-08-21,WTW,,,,,,
v16,conservative,long,mixed,63,B_tail_entry_skipped,2026-08-21,FAST,,,,,,
v16,conservative,long,mixed,63,B_tail_entry_skipped,2026-08-21,HQY,,,,,,
v16,conservative,long,mixed,63,B_tail_entry_skipped,2026-08-21,WSM,,,,,,
v16,conservative,long,mixed,63,B_tail_entry_skipped,2026-08-21,FWONK,,,,,,
v16,conservative,long,mixed,63,B_tail_entry_skipped,2026-08-21,CCEP,,,,,,
v16,conservative,long,mixed,63,B_tail_entry_skipped,2026-08-21,APGE,,,,,,
v16,conservative,long,mixed,63,B_tail_entry_skipped,2026-08-21,LW,,,,,,
v16,conservative,long,mixed,63,B_tail_entry_skipped,2026-08-21,ALLE,,,,,,
v16,conservative,long,mixed,63,B_tail_entry_skipped,2026-08-21,SWK,,,,,,
v16,conservative,long,mixed,63,B_tail_entry_skipped,2026-08-21,ICUI,,,,,,
v16,conservative,long,mixed,63,B_tail_entry_skipped,2026-08-21,LTH,,,,,,
v16,conservative,long,mixed,63,B_tail_entry_skipped,2026-08-28,LH,,,,,,
v16,conservative,long,mixed,63,B_tail_entry_skipped,2026-08-28,SCHW,,,,,,
v16,conservative,long,mixed,63,B_tail_entry_skipped,2026-08-28,AMP,,,,,,
v16,conservative,long,mixed,63,B_tail_entry_skipped,2026-08-28,BAC,,,,,,
v16,conservative,long,mixed,63,B_tail_entry_skipped,2026-08-28,IBN,,,,,,
v16,conservative,long,mixed,63,B_tail_entry_skipped,2026-08-28,TECH,,,,,,
v16,conservative,long,mixed,63,B_tail_entry_skipped,2026-08-28,AJG,,,,,,
v16,conservative,long,mixed,63,B_tail_entry_skipped,2026-08-28,CHE,,,,,,
v16,conservative,long,mixed,63,B_tail_entry_skipped,2026-08-28,LW,,,,,,
v16,conservative,long,mixed,63,B_tail_entry_skipped,2026-08-28,JPM,,,,,,
v16,conservative,long,mixed,63,B_tail_entry_skipped,2026-08-28,MTD,,,,,,
v16,conservative,long,mixed,63,B_tail_entry_skipped,2026-08-28,LPLA,,,,,,
v16,conservative,long,mixed,63,B_tail_entry_skipped,2026-08-28,MSA,,,,,,
v16,conservative,long,mixed,63,B_tail_entry_skipped,2026-08-28,AMGN,,,,,,
v16,conservative,long,mixed,63,B_tail_entry_skipped,2026-08-28,TMO,,,,,,
v16,conservative,long,mixed,63,B_tail_entry_skipped,2026-08-28,TTEK,,,,,,
v16,conservative,long,mixed,63,B_tail_entry_skipped,2026-08-28,NEU,,,,,,
v16,conservative,long,mixed,63,B_tail_entry_skipped,2026-08-28,ABT,,,,,,
v16,conservative,long,mixed,63,B_tail_entry_skipped,2026-08-28,CTAS,,,,,,
v16,conservative,long,mixed,63,B_tail_entry_skipped,2026-08-28,MKC,,,,,,
v16,conservative,long,mixed,63,B_tail_entry_skipped,2026-09-04,SEIC,,,,,,
v16,conservative,long,mixed,63,B_tail_entry_skipped,2026-09-04,CFR,,,,,,
v16,conservative,long,mixed,63,B_tail_entry_skipped,2026-09-04,JPM,,,,,,
v16,conservative,long,mixed,63,B_tail_entry_skipped,2026-09-04,LH,,,,,,
v16,conservative,long,mixed,63,B_tail_entry_skipped,2026-09-04,GPC,,,,,,
v16,conservative,long,mixed,63,B_tail_entry_skipped,2026-09-04,V,,,,,,
v16,conservative,long,mixed,63,B_tail_entry_skipped,2026-09-04,MA,,,,,,
v16,conservative,long,mixed,63,B_tail_entry_skipped,2026-09-04,TTEK,,,,,,
v16,conservative,long,mixed,63,B_tail_entry_skipped,2026-09-04,WTW,,,,,,
v16,conservative,long,mixed,63,B_tail_entry_skipped,2026-09-04,AMGN,,,,,,
v16,conservative,long,mixed,63,B_tail_entry_skipped,2026-09-04,BRO,,,,,,
v16,conservative,long,mixed,63,B_tail_entry_skipped,2026-09-04,PAG,,,,,,
v16,conservative,long,mixed,63,B_tail_entry_skipped,2026-09-04,AJG,,,,,,
v16,conservative,long,mixed,63,B_tail_entry_skipped,2026-09-04,SCHW,,,,,,
v16,conservative,long,mixed,63,B_tail_entry_skipped,2026-09-04,BAC,,,,,,
v16,conservative,long,mixed,63,B_tail_entry_skipped,2026-09-04,RSG,,,,,,
v16,conservative,long,mixed,63,B_tail_entry_skipped,2026-09-04,SSNC,,,,,,
v16,conservative,long,mixed,63,B_tail_entry_skipped,2026-09-04,STT,,,,,,
v16,conservative,long,mixed,63,B_tail_entry_skipped,2026-09-04,ATAI,,,,,,
v16,conservative,long,mixed,63,B_tail_entry_skipped,2026-09-04,DV,,,,,,
v16,conservative,long,mixed,63,B_tail_entry_skipped,2026-09-14,AMP,,,,,,
v16,conservative,long,mixed,63,B_tail_entry_skipped,2026-09-14,V,,,,,,
v16,conservative,long,mixed,63,B_tail_entry_skipped,2026-09-14,MA,,,,,,
v16,conservative,long,mixed,63,B_tail_entry_skipped,2026-09-14,PAG,,,,,,
v16,conservative,long,mixed,63,B_tail_entry_skipped,2026-09-14,PAYX,,,,,,
v16,conservative,long,mixed,63,B_tail_entry_skipped,2026-09-14,J,,,,,,
v16,conservative,long,mixed,63,B_tail_entry_skipped,2026-09-14,LH,,,,,,
v16,conservative,long,mixed,63,B_tail_entry_skipped,2026-09-14,TECH,,,,,,
v16,conservative,long,mixed,63,B_tail_entry_skipped,2026-09-14,PSX,,,,,,
v16,conservative,long,mixed,63,B_tail_entry_skipped,2026-09-14,AWK,,,,,,
v16,conservative,long,mixed,63,B_tail_entry_skipped,2026-09-14,JXN,,,,,,
v16,conservative,long,mixed,63,B_tail_entry_skipped,2026-09-14,HSIC,,,,,,
v16,conservative,long,mixed,63,B_tail_entry_skipped,2026-09-14,THG,,,,,,
v16,conservative,long,mixed,63,B_tail_entry_skipped,2026-09-14,VOYA,,,,,,
v16,conservative,long,mixed,63,B_tail_entry_skipped,2026-09-14,PTGX,,,,,,
v16,conservative,long,mixed,63,B_tail_entry_skipped,2026-09-14,DGX,,,,,,
v16,conservative,long,mixed,63,B_tail_entry_skipped,2026-09-14,IQV,,,,,,
v16,conservative,long,mixed,63,B_tail_entry_skipped,2026-09-14,BKLN,,,,,,
v16,conservative,long,mixed,63,B_tail_entry_skipped,2026-09-14,ADP,,,,,,
v16,conservative,long,mixed,63,B_tail_entry_skipped,2026-09-14,ICE,,,,,,
v16,conservative,long,stock,63,B_tail_entry_skipped,2026-07-02,APLE,,,,,,
v16,conservative,long,stock,63,B_tail_entry_skipped,2026-07-02,RY,,,,,,
v16,conservative,long,stock,63,B_tail_entry_skipped,2026-07-02,BMO,,,,,,
v16,conservative,long,stock,63,B_tail_entry_skipped,2026-07-02,RHP,,,,,,
v16,conservative,long,stock,63,B_tail_entry_skipped,2026-07-02,BNS,,,,,,
v16,conservative,long,stock,63,B_tail_entry_skipped,2026-07-02,IVT,,,,,,
v16,conservative,long,stock,63,B_tail_entry_skipped,2026-07-02,GWW,,,,,,
v16,conservative,long,stock,63,B_tail_entry_skipped,2026-07-02,UNM,,,,,,
v16,conservative,long,stock,63,B_tail_entry_skipped,2026-07-02,PECO,,,,,,
v16,conservative,long,stock,63,B_tail_entry_skipped,2026-07-02,HR,,,,,,
v16,conservative,long,stock,63,B_tail_entry_skipped,2026-07-02,CHEF,,,,,,
v16,conservative,long,stock,63,B_tail_entry_skipped,2026-07-02,STT,,,,,,
v16,conservative,long,stock,63,B_tail_entry_skipped,2026-07-02,AXSM,,,,,,
v16,conservative,long,stock,63,B_tail_entry_skipped,2026-07-02,LAMR,,,,,,
v16,conservative,long,stock,63,B_tail_entry_skipped,2026-07-02,CNI,,,,,,
v16,conservative,long,stock,63,B_tail_entry_skipped,2026-07-02,LNTH,,,,,,
v16,conservative,long,stock,63,B_tail_entry_skipped,2026-07-02,GEO,,,,,,
v16,conservative,long,stock,63,B_tail_entry_skipped,2026-07-02,PAG,,,,,,
v16,conservative,long,stock,63,B_tail_entry_skipped,2026-07-02,UNH,,,,,,
v16,conservative,long,stock,63,B_tail_entry_skipped,2026-07-02,VMI,,,,,,
v16,conservative,long,stock,63,B_tail_entry_skipped,2026-07-10,APLE,,,,,,
v16,conservative,long,stock,63,B_tail_entry_skipped,2026-07-10,CBSH,,,,,,
v16,conservative,long,stock,63,B_tail_entry_skipped,2026-07-10,HIW,,,,,,
v16,conservative,long,stock,63,B_tail_entry_skipped,2026-07-10,CUZ,,,,,,
v16,conservative,long,stock,63,B_tail_entry_skipped,2026-07-10,SIGI,,,,,,
v16,conservative,long,stock,63,B_tail_entry_skipped,2026-07-10,TD,,,,,,
v16,conservative,long,stock,63,B_tail_entry_skipped,2026-07-10,RHP,,,,,,
v16,conservative,long,stock,63,B_tail_entry_skipped,2026-07-10,GL,,,,,,
v16,conservative,long,stock,63,B_tail_entry_skipped,2026-07-10,THG,,,,,,
v16,conservative,long,stock,63,B_tail_entry_skipped,2026-07-10,ESS,,,,,,
v16,conservative,long,stock,63,B_tail_entry_skipped,2026-07-10,DOC,,,,,,
v16,conservative,long,stock,63,B_tail_entry_skipped,2026-07-10,VNO,,,,,,
v16,conservative,long,stock,63,B_tail_entry_skipped,2026-07-10,MNST,,,,,,
v16,conservative,long,stock,63,B_tail_entry_skipped,2026-07-10,HR,,,,,,
v16,conservative,long,stock,63,B_tail_entry_skipped,2026-07-10,MSM,,,,,,
v16,conservative,long,stock,63,B_tail_entry_skipped,2026-07-10,MAA,,,,,,
v16,conservative,long,stock,63,B_tail_entry_skipped,2026-07-10,GEO,,,,,,
v16,conservative,long,stock,63,B_tail_entry_skipped,2026-07-10,CVS,,,,,,
v16,conservative,long,stock,63,B_tail_entry_skipped,2026-07-10,KDP,,,,,,
v16,conservative,long,stock,63,B_tail_entry_skipped,2026-07-10,GWW,,,,,,
v16,conservative,long,stock,63,B_tail_entry_skipped,2026-07-17,ESS,,,,,,
v16,conservative,long,stock,63,B_tail_entry_skipped,2026-07-17,INVH,,,,,,
v16,conservative,long,stock,63,B_tail_entry_skipped,2026-07-17,APLE,,,,,,
v16,conservative,long,stock,63,B_tail_entry_skipped,2026-07-17,UDR,,,,,,
v16,conservative,long,stock,63,B_tail_entry_skipped,2026-07-17,EQR,,,,,,
v16,conservative,long,stock,63,B_tail_entry_skipped,2026-07-17,THG,,,,,,
v16,conservative,long,stock,63,B_tail_entry_skipped,2026-07-17,RHP,,,,,,
v16,conservative,long,stock,63,B_tail_entry_skipped,2026-07-17,PFGC,,,,,,
v16,conservative,long,stock,63,B_tail_entry_skipped,2026-07-17,BTSG,,,,,,
v16,conservative,long,stock,63,B_tail_entry_skipped,2026-07-17,AVB,,,,,,
v16,conservative,long,stock,63,B_tail_entry_skipped,2026-07-17,TROW,,,,,,
v16,conservative,long,stock,63,B_tail_entry_skipped,2026-07-17,CPT,,,,,,
v16,conservative,long,stock,63,B_tail_entry_skipped,2026-07-17,LTH,,,,,,
v16,conservative,long,stock,63,B_tail_entry_skipped,2026-07-17,BEN,,,,,,
v16,conservative,long,stock,63,B_tail_entry_skipped,2026-07-17,CACC,,,,,,
v16,conservative,long,stock,63,B_tail_entry_skipped,2026-07-17,CVS,,,,,,
v16,conservative,long,stock,63,B_tail_entry_skipped,2026-07-17,NBIX,,,,,,
v16,conservative,long,stock,63,B_tail_entry_skipped,2026-07-17,SIRI,,,,,,
v16,conservative,long,stock,63,B_tail_entry_skipped,2026-07-17,TD,,,,,,
v16,conservative,long,stock,63,B_tail_entry_skipped,2026-07-17,V,,,,,,
v16,conservative,long,stock,63,B_tail_entry_skipped,2026-07-24,RY,,,,,,
v16,conservative,long,stock,63,B_tail_entry_skipped,2026-07-24,VOYA,,,,,,
v16,conservative,long,stock,63,B_tail_entry_skipped,2026-07-24,INVH,,,,,,
v16,conservative,long,stock,63,B_tail_entry_skipped,2026-07-24,BXP,,,,,,
v16,conservative,long,stock,63,B_tail_entry_skipped,2026-07-24,LTH,,,,,,
v16,conservative,long,stock,63,B_tail_entry_skipped,2026-07-24,VNO,,,,,,
v16,conservative,long,stock,63,B_tail_entry_skipped,2026-07-24,AMH,,,,,,
v16,conservative,long,stock,63,B_tail_entry_skipped,2026-07-24,STT,,,,,,
v16,conservative,long,stock,63,B_tail_entry_skipped,2026-07-24,CVS,,,,,,
v16,conservative,long,stock,63,B_tail_entry_skipped,2026-07-24,LAMR,,,,,,
v16,conservative,long,stock,63,B_tail_entry_skipped,2026-07-24,FRT,,,,,,
v16,conservative,long,stock,63,B_tail_entry_skipped,2026-07-24,NBIX,,,,,,
v16,conservative,long,stock,63,B_tail_entry_skipped,2026-07-24,PFG,,,,,,
v16,conservative,long,stock,63,B_tail_entry_skipped,2026-07-24,CHEF,,,,,,
v16,conservative,long,stock,63,B_tail_entry_skipped,2026-07-24,V,,,,,,
v16,conservative,long,stock,63,B_tail_entry_skipped,2026-07-24,ARMK,,,,,,
v16,conservative,long,stock,63,B_tail_entry_skipped,2026-07-24,PNC,,,,,,
v16,conservative,long,stock,63,B_tail_entry_skipped,2026-07-24,D,,,,,,
v16,conservative,long,stock,63,B_tail_entry_skipped,2026-07-24,MTB,,,,,,
v16,conservative,long,stock,63,B_tail_entry_skipped,2026-07-24,AFG,,,,,,
v16,conservative,long,stock,63,B_tail_entry_skipped,2026-07-31,MET,,,,,,
v16,conservative,long,stock,63,B_tail_entry_skipped,2026-07-31,VOYA,,,,,,
v16,conservative,long,stock,63,B_tail_entry_skipped,2026-07-31,INVH,,,,,,
v16,conservative,long,stock,63,B_tail_entry_skipped,2026-07-31,V,,,,,,
v16,conservative,long,stock,63,B_tail_entry_skipped,2026-07-31,BMO,,,,,,
v16,conservative,long,stock,63,B_tail_entry_skipped,2026-07-31,DVA,,,,,,
v16,conservative,long,stock,63,B_tail_entry_skipped,2026-07-31,BBY,,,,,,
v16,conservative,long,stock,63,B_tail_entry_skipped,2026-07-31,CLBK,,,,,,
v16,conservative,long,stock,63,B_tail_entry_skipped,2026-07-31,CRBG,,,,,,
v16,conservative,long,stock,63,B_tail_entry_skipped,2026-07-31,TRV,,,,,,
v16,conservative,long,stock,63,B_tail_entry_skipped,2026-07-31,MUFG,,,,,,
v16,conservative,long,stock,63,B_tail_entry_skipped,2026-07-31,CVS,,,,,,
v16,conservative,long,stock,63,B_tail_entry_skipped,2026-07-31,KRC,,,,,,
v16,conservative,long,stock,63,B_tail_entry_skipped,2026-07-31,PRI,,,,,,
v16,conservative,long,stock,63,B_tail_entry_skipped,2026-07-31,APGE,,,,,,
v16,conservative,long,stock,63,B_tail_entry_skipped,2026-07-31,HALO,,,,,,
v16,conservative,long,stock,63,B_tail_entry_skipped,2026-07-31,HR,,,,,,
v16,conservative,long,stock,63,B_tail_entry_skipped,2026-07-31,HQY,,,,,,
v16,conservative,long,stock,63,B_tail_entry_skipped,2026-07-31,CCK,,,,,,
v16,conservative,long,stock,63,B_tail_entry_skipped,2026-07-31,AON,,,,,,
v16,conservative,long,stock,63,B_tail_entry_skipped,2026-08-07,PK,,,,,,
v16,conservative,long,stock,63,B_tail_entry_skipped,2026-08-07,SLF,,,,,,
v16,conservative,long,stock,63,B_tail_entry_skipped,2026-08-07,VNO,,,,,,
v16,conservative,long,stock,63,B_tail_entry_skipped,2026-08-07,BXP,,,,,,
v16,conservative,long,stock,63,B_tail_entry_skipped,2026-08-07,MTG,,,,,,
v16,conservative,long,stock,63,B_tail_entry_skipped,2026-08-07,LTH,,,,,,
v16,conservative,long,stock,63,B_tail_entry_skipped,2026-08-07,V,,,,,,
v16,conservative,long,stock,63,B_tail_entry_skipped,2026-08-07,CNI,,,,,,
v16,conservative,long,stock,63,B_tail_entry_skipped,2026-08-07,VOYA,,,,,,
v16,conservative,long,stock,63,B_tail_entry_skipped,2026-08-07,PAYX,,,,,,
v16,conservative,long,stock,63,B_tail_entry_skipped,2026-08-07,ADP,,,,,,
v16,conservative,long,stock,63,B_tail_entry_skipped,2026-08-07,PRI,,,,,,
v16,conservative,long,stock,63,B_tail_entry_skipped,2026-08-07,AFL,,,,,,
v16,conservative,long,stock,63,B_tail_entry_skipped,2026-08-07,CTAS,,,,,,
v16,conservative,long,stock,63,B_tail_entry_skipped,2026-08-07,MA,,,,,,
v16,conservative,long,stock,63,B_tail_entry_skipped,2026-08-07,TRV,,,,,,
v16,conservative,long,stock,63,B_tail_entry_skipped,2026-08-07,CLBK,,,,,,
v16,conservative,long,stock,63,B_tail_entry_skipped,2026-08-07,BMO,,,,,,
v16,conservative,long,stock,63,B_tail_entry_skipped,2026-08-07,HRL,,,,,,
v16,conservative,long,stock,63,B_tail_entry_skipped,2026-08-07,FWONK,,,,,,
v16,conservative,long,stock,63,B_tail_entry_skipped,2026-08-14,PRU,,,,,,
v16,conservative,long,stock,63,B_tail_entry_skipped,2026-08-14,CFR,,,,,,
v16,conservative,long,stock,63,B_tail_entry_skipped,2026-08-14,MTG,,,,,,
v16,conservative,long,stock,63,B_tail_entry_skipped,2026-08-14,HSIC,,,,,,
v16,conservative,long,stock,63,B_tail_entry_skipped,2026-08-14,THG,,,,,,
v16,conservative,long,stock,63,B_tail_entry_skipped,2026-08-14,IBN,,,,,,
v16,conservative,long,stock,63,B_tail_entry_skipped,2026-08-14,PRI,,,,,,
v16,conservative,long,stock,63,B_tail_entry_skipped,2026-08-14,LH,,,,,,
v16,conservative,long,stock,63,B_tail_entry_skipped,2026-08-14,CCK,,,,,,
v16,conservative,long,stock,63,B_tail_entry_skipped,2026-08-14,TECH,,,,,,
v16,conservative,long,stock,63,B_tail_entry_skipped,2026-08-14,MA,,,,,,
v16,conservative,long,stock,63,B_tail_entry_skipped,2026-08-14,PNC,,,,,,
v16,conservative,long,stock,63,B_tail_entry_skipped,2026-08-14,VNO,,,,,,
v16,conservative,long,stock,63,B_tail_entry_skipped,2026-08-14,AJG,,,,,,
v16,conservative,long,stock,63,B_tail_entry_skipped,2026-08-14,RJF,,,,,,
v16,conservative,long,stock,63,B_tail_entry_skipped,2026-08-14,USB,,,,,,
v16,conservative,long,stock,63,B_tail_entry_skipped,2026-08-14,DGX,,,,,,
v16,conservative,long,stock,63,B_tail_entry_skipped,2026-08-14,MMM,,,,,,
v16,conservative,long,stock,63,B_tail_entry_skipped,2026-08-14,LTH,,,,,,
v16,conservative,long,stock,63,B_tail_entry_skipped,2026-08-14,CCEP,,,,,,
v16,conservative,long,stock,63,B_tail_entry_skipped,2026-08-21,AMP,,,,,,
v16,conservative,long,stock,63,B_tail_entry_skipped,2026-08-21,TECH,,,,,,
v16,conservative,long,stock,63,B_tail_entry_skipped,2026-08-21,MA,,,,,,
v16,conservative,long,stock,63,B_tail_entry_skipped,2026-08-21,IBN,,,,,,
v16,conservative,long,stock,63,B_tail_entry_skipped,2026-08-21,PAYX,,,,,,
v16,conservative,long,stock,63,B_tail_entry_skipped,2026-08-21,CHE,,,,,,
v16,conservative,long,stock,63,B_tail_entry_skipped,2026-08-21,USFD,,,,,,
v16,conservative,long,stock,63,B_tail_entry_skipped,2026-08-21,GPC,,,,,,
v16,conservative,long,stock,63,B_tail_entry_skipped,2026-08-21,WTW,,,,,,
v16,conservative,long,stock,63,B_tail_entry_skipped,2026-08-21,FAST,,,,,,
v16,conservative,long,stock,63,B_tail_entry_skipped,2026-08-21,HQY,,,,,,
v16,conservative,long,stock,63,B_tail_entry_skipped,2026-08-21,WSM,,,,,,
v16,conservative,long,stock,63,B_tail_entry_skipped,2026-08-21,FWONK,,,,,,
v16,conservative,long,stock,63,B_tail_entry_skipped,2026-08-21,CCEP,,,,,,
v16,conservative,long,stock,63,B_tail_entry_skipped,2026-08-21,APGE,,,,,,
v16,conservative,long,stock,63,B_tail_entry_skipped,2026-08-21,LW,,,,,,
v16,conservative,long,stock,63,B_tail_entry_skipped,2026-08-21,ALLE,,,,,,
v16,conservative,long,stock,63,B_tail_entry_skipped,2026-08-21,SWK,,,,,,
v16,conservative,long,stock,63,B_tail_entry_skipped,2026-08-21,ICUI,,,,,,
v16,conservative,long,stock,63,B_tail_entry_skipped,2026-08-21,LTH,,,,,,
v16,conservative,long,stock,63,B_tail_entry_skipped,2026-08-28,LH,,,,,,
v16,conservative,long,stock,63,B_tail_entry_skipped,2026-08-28,SCHW,,,,,,
v16,conservative,long,stock,63,B_tail_entry_skipped,2026-08-28,AMP,,,,,,
v16,conservative,long,stock,63,B_tail_entry_skipped,2026-08-28,BAC,,,,,,
v16,conservative,long,stock,63,B_tail_entry_skipped,2026-08-28,IBN,,,,,,
v16,conservative,long,stock,63,B_tail_entry_skipped,2026-08-28,TECH,,,,,,
v16,conservative,long,stock,63,B_tail_entry_skipped,2026-08-28,AJG,,,,,,
v16,conservative,long,stock,63,B_tail_entry_skipped,2026-08-28,CHE,,,,,,
v16,conservative,long,stock,63,B_tail_entry_skipped,2026-08-28,LW,,,,,,
v16,conservative,long,stock,63,B_tail_entry_skipped,2026-08-28,JPM,,,,,,
v16,conservative,long,stock,63,B_tail_entry_skipped,2026-08-28,MTD,,,,,,
v16,conservative,long,stock,63,B_tail_entry_skipped,2026-08-28,LPLA,,,,,,
v16,conservative,long,stock,63,B_tail_entry_skipped,2026-08-28,MSA,,,,,,
v16,conservative,long,stock,63,B_tail_entry_skipped,2026-08-28,AMGN,,,,,,
v16,conservative,long,stock,63,B_tail_entry_skipped,2026-08-28,TMO,,,,,,
v16,conservative,long,stock,63,B_tail_entry_skipped,2026-08-28,TTEK,,,,,,
v16,conservative,long,stock,63,B_tail_entry_skipped,2026-08-28,NEU,,,,,,
v16,conservative,long,stock,63,B_tail_entry_skipped,2026-08-28,ABT,,,,,,
v16,conservative,long,stock,63,B_tail_entry_skipped,2026-08-28,CTAS,,,,,,
v16,conservative,long,stock,63,B_tail_entry_skipped,2026-08-28,MKC,,,,,,
v16,conservative,long,stock,63,B_tail_entry_skipped,2026-09-04,SEIC,,,,,,
v16,conservative,long,stock,63,B_tail_entry_skipped,2026-09-04,CFR,,,,,,
v16,conservative,long,stock,63,B_tail_entry_skipped,2026-09-04,JPM,,,,,,
v16,conservative,long,stock,63,B_tail_entry_skipped,2026-09-04,LH,,,,,,
v16,conservative,long,stock,63,B_tail_entry_skipped,2026-09-04,GPC,,,,,,
v16,conservative,long,stock,63,B_tail_entry_skipped,2026-09-04,V,,,,,,
v16,conservative,long,stock,63,B_tail_entry_skipped,2026-09-04,MA,,,,,,
v16,conservative,long,stock,63,B_tail_entry_skipped,2026-09-04,TTEK,,,,,,
v16,conservative,long,stock,63,B_tail_entry_skipped,2026-09-04,WTW,,,,,,
v16,conservative,long,stock,63,B_tail_entry_skipped,2026-09-04,AMGN,,,,,,
v16,conservative,long,stock,63,B_tail_entry_skipped,2026-09-04,BRO,,,,,,
v16,conservative,long,stock,63,B_tail_entry_skipped,2026-09-04,PAG,,,,,,
v16,conservative,long,stock,63,B_tail_entry_skipped,2026-09-04,AJG,,,,,,
v16,conservative,long,stock,63,B_tail_entry_skipped,2026-09-04,SCHW,,,,,,
v16,conservative,long,stock,63,B_tail_entry_skipped,2026-09-04,BAC,,,,,,
v16,conservative,long,stock,63,B_tail_entry_skipped,2026-09-04,RSG,,,,,,
v16,conservative,long,stock,63,B_tail_entry_skipped,2026-09-04,SSNC,,,,,,
v16,conservative,long,stock,63,B_tail_entry_skipped,2026-09-04,STT,,,,,,
v16,conservative,long,stock,63,B_tail_entry_skipped,2026-09-04,ATAI,,,,,,
v16,conservative,long,stock,63,B_tail_entry_skipped,2026-09-04,DV,,,,,,
v16,conservative,long,stock,63,B_tail_entry_skipped,2026-09-14,AMP,,,,,,
v16,conservative,long,stock,63,B_tail_entry_skipped,2026-09-14,V,,,,,,
v16,conservative,long,stock,63,B_tail_entry_skipped,2026-09-14,MA,,,,,,
v16,conservative,long,stock,63,B_tail_entry_skipped,2026-09-14,PAG,,,,,,
v16,conservative,long,stock,63,B_tail_entry_skipped,2026-09-14,PAYX,,,,,,
v16,conservative,long,stock,63,B_tail_entry_skipped,2026-09-14,J,,,,,,
v16,conservative,long,stock,63,B_tail_entry_skipped,2026-09-14,LH,,,,,,
v16,conservative,long,stock,63,B_tail_entry_skipped,2026-09-14,TECH,,,,,,
v16,conservative,long,stock,63,B_tail_entry_skipped,2026-09-14,PSX,,,,,,
v16,conservative,long,stock,63,B_tail_entry_skipped,2026-09-14,AWK,,,,,,
v16,conservative,long,stock,63,B_tail_entry_skipped,2026-09-14,JXN,,,,,,
v16,conservative,long,stock,63,B_tail_entry_skipped,2026-09-14,HSIC,,,,,,
v16,conservative,long,stock,63,B_tail_entry_skipped,2026-09-14,THG,,,,,,
v16,conservative,long,stock,63,B_tail_entry_skipped,2026-09-14,VOYA,,,,,,
v16,conservative,long,stock,63,B_tail_entry_skipped,2026-09-14,PTGX,,,,,,
v16,conservative,long,stock,63,B_tail_entry_skipped,2026-09-14,DGX,,,,,,
v16,conservative,long,stock,63,B_tail_entry_skipped,2026-09-14,IQV,,,,,,
v16,conservative,long,stock,63,B_tail_entry_skipped,2026-09-14,ADP,,,,,,
v16,conservative,long,stock,63,B_tail_entry_skipped,2026-09-14,ICE,,,,,,
v16,conservative,long,stock,63,B_tail_entry_skipped,2026-09-14,BOX,,,,,,
v16,conservative,mid,mixed,63,B_tail_entry_skipped,2026-07-02,APLE,,,,,,
v16,conservative,mid,mixed,63,B_tail_entry_skipped,2026-07-02,RY,,,,,,
v16,conservative,mid,mixed,63,B_tail_entry_skipped,2026-07-02,BMO,,,,,,
v16,conservative,mid,mixed,63,B_tail_entry_skipped,2026-07-02,RHP,,,,,,
v16,conservative,mid,mixed,63,B_tail_entry_skipped,2026-07-02,BNS,,,,,,
v16,conservative,mid,mixed,63,B_tail_entry_skipped,2026-07-02,IVT,,,,,,
v16,conservative,mid,mixed,63,B_tail_entry_skipped,2026-07-02,PECO,,,,,,
v16,conservative,mid,mixed,63,B_tail_entry_skipped,2026-07-02,UNM,,,,,,
v16,conservative,mid,mixed,63,B_tail_entry_skipped,2026-07-02,HR,,,,,,
v16,conservative,mid,mixed,63,B_tail_entry_skipped,2026-07-02,GWW,,,,,,
v16,conservative,mid,mixed,63,B_tail_entry_skipped,2026-07-02,CHEF,,,,,,
v16,conservative,mid,mixed,63,B_tail_entry_skipped,2026-07-02,STT,,,,,,
v16,conservative,mid,mixed,63,B_tail_entry_skipped,2026-07-02,LAMR,,,,,,
v16,conservative,mid,mixed,63,B_tail_entry_skipped,2026-07-02,CNI,,,,,,
v16,conservative,mid,mixed,63,B_tail_entry_skipped,2026-07-02,AXSM,,,,,,
v16,conservative,mid,mixed,63,B_tail_entry_skipped,2026-07-02,LNTH,,,,,,
v16,conservative,mid,mixed,63,B_tail_entry_skipped,2026-07-02,GEO,,,,,,
v16,conservative,mid,mixed,63,B_tail_entry_skipped,2026-07-02,PAG,,,,,,
v16,conservative,mid,mixed,63,B_tail_entry_skipped,2026-07-02,IEX,,,,,,
v16,conservative,mid,mixed,63,B_tail_entry_skipped,2026-07-02,VMI,,,,,,
v16,conservative,mid,mixed,63,B_tail_entry_skipped,2026-07-10,APLE,,,,,,
v16,conservative,mid,mixed,63,B_tail_entry_skipped,2026-07-10,CBSH,,,,,,
v16,conservative,mid,mixed,63,B_tail_entry_skipped,2026-07-10,TD,,,,,,
v16,conservative,mid,mixed,63,B_tail_entry_skipped,2026-07-10,HIW,,,,,,
v16,conservative,mid,mixed,63,B_tail_entry_skipped,2026-07-10,SIGI,,,,,,
v16,conservative,mid,mixed,63,B_tail_entry_skipped,2026-07-10,CUZ,,,,,,
v16,conservative,mid,mixed,63,B_tail_entry_skipped,2026-07-10,RHP,,,,,,
v16,conservative,mid,mixed,63,B_tail_entry_skipped,2026-07-10,GL,,,,,,
v16,conservative,mid,mixed,63,B_tail_entry_skipped,2026-07-10,DOC,,,,,,
v16,conservative,mid,mixed,63,B_tail_entry_skipped,2026-07-10,THG,,,,,,
v16,conservative,mid,mixed,63,B_tail_entry_skipped,2026-07-10,ESS,,,,,,
v16,conservative,mid,mixed,63,B_tail_entry_skipped,2026-07-10,MNST,,,,,,
v16,conservative,mid,mixed,63,B_tail_entry_skipped,2026-07-10,VNO,,,,,,
v16,conservative,mid,mixed,63,B_tail_entry_skipped,2026-07-10,HR,,,,,,
v16,conservative,mid,mixed,63,B_tail_entry_skipped,2026-07-10,MSM,,,,,,
v16,conservative,mid,mixed,63,B_tail_entry_skipped,2026-07-10,CVS,,,,,,
v16,conservative,mid,mixed,63,B_tail_entry_skipped,2026-07-10,GEO,,,,,,
v16,conservative,mid,mixed,63,B_tail_entry_skipped,2026-07-10,MAA,,,,,,
v16,conservative,mid,mixed,63,B_tail_entry_skipped,2026-07-10,KDP,,,,,,
v16,conservative,mid,mixed,63,B_tail_entry_skipped,2026-07-10,GWW,,,,,,
v16,conservative,mid,mixed,63,B_tail_entry_skipped,2026-07-17,ESS,,,,,,
v16,conservative,mid,mixed,63,B_tail_entry_skipped,2026-07-17,INVH,,,,,,
v16,conservative,mid,mixed,63,B_tail_entry_skipped,2026-07-17,APLE,,,,,,
v16,conservative,mid,mixed,63,B_tail_entry_skipped,2026-07-17,UDR,,,,,,
v16,conservative,mid,mixed,63,B_tail_entry_skipped,2026-07-17,EQR,,,,,,
v16,conservative,mid,mixed,63,B_tail_entry_skipped,2026-07-17,THG,,,,,,
v16,conservative,mid,mixed,63,B_tail_entry_skipped,2026-07-17,UUP,,,,,,
v16,conservative,mid,mixed,63,B_tail_entry_skipped,2026-07-17,AVB,,,,,,
v16,conservative,mid,mixed,63,B_tail_entry_skipped,2026-07-17,RHP,,,,,,
v16,conservative,mid,mixed,63,B_tail_entry_skipped,2026-07-17,PFGC,,,,,,
v16,conservative,mid,mixed,63,B_tail_entry_skipped,2026-07-17,LTH,,,,,,
v16,conservative,mid,mixed,63,B_tail_entry_skipped,2026-07-17,TROW,,,,,,
v16,conservative,mid,mixed,63,B_tail_entry_skipped,2026-07-17,BTSG,,,,,,
v16,conservative,mid,mixed,63,B_tail_entry_skipped,2026-07-17,CPT,,,,,,
v16,conservative,mid,mixed,63,B_tail_entry_skipped,2026-07-17,CACC,,,,,,
v16,conservative,mid,mixed,63,B_tail_entry_skipped,2026-07-17,BEN,,,,,,
v16,conservative,mid,mixed,63,B_tail_entry_skipped,2026-07-17,SIRI,,,,,,
v16,conservative,mid,mixed,63,B_tail_entry_skipped,2026-07-17,CVS,,,,,,
v16,conservative,mid,mixed,63,B_tail_entry_skipped,2026-07-17,NBIX,,,,,,
v16,conservative,mid,mixed,63,B_tail_entry_skipped,2026-07-17,V,,,,,,
v16,conservative,mid,mixed,63,B_tail_entry_skipped,2026-07-24,VOYA,,,,,,
v16,conservative,mid,mixed,63,B_tail_entry_skipped,2026-07-24,RY,,,,,,
v16,conservative,mid,mixed,63,B_tail_entry_skipped,2026-07-24,INVH,,,,,,
v16,conservative,mid,mixed,63,B_tail_entry_skipped,2026-07-24,BXP,,,,,,
v16,conservative,mid,mixed,63,B_tail_entry_skipped,2026-07-24,VNO,,,,,,
v16,conservative,mid,mixed,63,B_tail_entry_skipped,2026-07-24,LTH,,,,,,
v16,conservative,mid,mixed,63,B_tail_entry_skipped,2026-07-24,STT,,,,,,
v16,conservative,mid,mixed,63,B_tail_entry_skipped,2026-07-24,AMH,,,,,,
v16,conservative,mid,mixed,63,B_tail_entry_skipped,2026-07-24,LAMR,,,,,,
v16,conservative,mid,mixed,63,B_tail_entry_skipped,2026-07-24,CVS,,,,,,
v16,conservative,mid,mixed,63,B_tail_entry_skipped,2026-07-24,FRT,,,,,,
v16,conservative,mid,mixed,63,B_tail_entry_skipped,2026-07-24,PFG,,,,,,
v16,conservative,mid,mixed,63,B_tail_entry_skipped,2026-07-24,NBIX,,,,,,
v16,conservative,mid,mixed,63,B_tail_entry_skipped,2026-07-24,V,,,,,,
v16,conservative,mid,mixed,63,B_tail_entry_skipped,2026-07-24,PNC,,,,,,
v16,conservative,mid,mixed,63,B_tail_entry_skipped,2026-07-24,CHEF,,,,,,
v16,conservative,mid,mixed,63,B_tail_entry_skipped,2026-07-24,MTB,,,,,,
v16,conservative,mid,mixed,63,B_tail_entry_skipped,2026-07-24,D,,,,,,
v16,conservative,mid,mixed,63,B_tail_entry_skipped,2026-07-24,ARMK,,,,,,
v16,conservative,mid,mixed,63,B_tail_entry_skipped,2026-07-24,AFG,,,,,,
v16,conservative,mid,mixed,63,B_tail_entry_skipped,2026-07-31,MET,,,,,,
v16,conservative,mid,mixed,63,B_tail_entry_skipped,2026-07-31,VOYA,,,,,,
v16,conservative,mid,mixed,63,B_tail_entry_skipped,2026-07-31,INVH,,,,,,
v16,conservative,mid,mixed,63,B_tail_entry_skipped,2026-07-31,V,,,,,,
v16,conservative,mid,mixed,63,B_tail_entry_skipped,2026-07-31,BMO,,,,,,
v16,conservative,mid,mixed,63,B_tail_entry_skipped,2026-07-31,BBY,,,,,,
v16,conservative,mid,mixed,63,B_tail_entry_skipped,2026-07-31,DVA,,,,,,
v16,conservative,mid,mixed,63,B_tail_entry_skipped,2026-07-31,CRBG,,,,,,
v16,conservative,mid,mixed,63,B_tail_entry_skipped,2026-07-31,CLBK,,,,,,
v16,conservative,mid,mixed,63,B_tail_entry_skipped,2026-07-31,TRV,,,,,,
v16,conservative,mid,mixed,63,B_tail_entry_skipped,2026-07-31,PRI,,,,,,
v16,conservative,mid,mixed,63,B_tail_entry_skipped,2026-07-31,CVS,,,,,,
v16,conservative,mid,mixed,63,B_tail_entry_skipped,2026-07-31,MUFG,,,,,,
v16,conservative,mid,mixed,63,B_tail_entry_skipped,2026-07-31,HR,,,,,,
v16,conservative,mid,mixed,63,B_tail_entry_skipped,2026-07-31,CCK,,,,,,
v16,conservative,mid,mixed,63,B_tail_entry_skipped,2026-07-31,HALO,,,,,,
v16,conservative,mid,mixed,63,B_tail_entry_skipped,2026-07-31,AON,,,,,,
v16,conservative,mid,mixed,63,B_tail_entry_skipped,2026-07-31,KHC,,,,,,
v16,conservative,mid,mixed,63,B_tail_entry_skipped,2026-07-31,KRC,,,,,,
v16,conservative,mid,mixed,63,B_tail_entry_skipped,2026-07-31,HQY,,,,,,
v16,conservative,mid,mixed,63,B_tail_entry_skipped,2026-08-07,PK,,,,,,
v16,conservative,mid,mixed,63,B_tail_entry_skipped,2026-08-07,VNO,,,,,,
v16,conservative,mid,mixed,63,B_tail_entry_skipped,2026-08-07,BXP,,,,,,
v16,conservative,mid,mixed,63,B_tail_entry_skipped,2026-08-07,SLF,,,,,,
v16,conservative,mid,mixed,63,B_tail_entry_skipped,2026-08-07,MTG,,,,,,
v16,conservative,mid,mixed,63,B_tail_entry_skipped,2026-08-07,V,,,,,,
v16,conservative,mid,mixed,63,B_tail_entry_skipped,2026-08-07,LTH,,,,,,
v16,conservative,mid,mixed,63,B_tail_entry_skipped,2026-08-07,CNI,,,,,,
v16,conservative,mid,mixed,63,B_tail_entry_skipped,2026-08-07,VOYA,,,,,,
v16,conservative,mid,mixed,63,B_tail_entry_skipped,2026-08-07,PAYX,,,,,,
v16,conservative,mid,mixed,63,B_tail_entry_skipped,2026-08-07,PRI,,,,,,
v16,conservative,mid,mixed,63,B_tail_entry_skipped,2026-08-07,ADP,,,,,,
v16,conservative,mid,mixed,63,B_tail_entry_skipped,2026-08-07,MA,,,,,,
v16,conservative,mid,mixed,63,B_tail_entry_skipped,2026-08-07,CTAS,,,,,,
v16,conservative,mid,mixed,63,B_tail_entry_skipped,2026-08-07,AFL,,,,,,
v16,conservative,mid,mixed,63,B_tail_entry_skipped,2026-08-07,CLBK,,,,,,
v16,conservative,mid,mixed,63,B_tail_entry_skipped,2026-08-07,TRV,,,,,,
v16,conservative,mid,mixed,63,B_tail_entry_skipped,2026-08-07,HRL,,,,,,
v16,conservative,mid,mixed,63,B_tail_entry_skipped,2026-08-07,FWONK,,,,,,
v16,conservative,mid,mixed,63,B_tail_entry_skipped,2026-08-07,BMO,,,,,,
v16,conservative,mid,mixed,63,B_tail_entry_skipped,2026-08-14,PRU,,,,,,
v16,conservative,mid,mixed,63,B_tail_entry_skipped,2026-08-14,CFR,,,,,,
v16,conservative,mid,mixed,63,B_tail_entry_skipped,2026-08-14,MTG,,,,,,
v16,conservative,mid,mixed,63,B_tail_entry_skipped,2026-08-14,THG,,,,,,
v16,conservative,mid,mixed,63,B_tail_entry_skipped,2026-08-14,HSIC,,,,,,
v16,conservative,mid,mixed,63,B_tail_entry_skipped,2026-08-14,PRI,,,,,,
v16,conservative,mid,mixed,63,B_tail_entry_skipped,2026-08-14,IBN,,,,,,
v16,conservative,mid,mixed,63,B_tail_entry_skipped,2026-08-14,CCK,,,,,,
v16,conservative,mid,mixed,63,B_tail_entry_skipped,2026-08-14,LH,,,,,,
v16,conservative,mid,mixed,63,B_tail_entry_skipped,2026-08-14,MA,,,,,,
v16,conservative,mid,mixed,63,B_tail_entry_skipped,2026-08-14,TECH,,,,,,
v16,conservative,mid,mixed,63,B_tail_entry_skipped,2026-08-14,PNC,,,,,,
v16,conservative,mid,mixed,63,B_tail_entry_skipped,2026-08-14,RJF,,,,,,
v16,conservative,mid,mixed,63,B_tail_entry_skipped,2026-08-14,VNO,,,,,,
v16,conservative,mid,mixed,63,B_tail_entry_skipped,2026-08-14,USB,,,,,,
v16,conservative,mid,mixed,63,B_tail_entry_skipped,2026-08-14,AJG,,,,,,
v16,conservative,mid,mixed,63,B_tail_entry_skipped,2026-08-14,LTH,,,,,,
v16,conservative,mid,mixed,63,B_tail_entry_skipped,2026-08-14,DGX,,,,,,
v16,conservative,mid,mixed,63,B_tail_entry_skipped,2026-08-14,MMM,,,,,,
v16,conservative,mid,mixed,63,B_tail_entry_skipped,2026-08-14,AWK,,,,,,
v16,conservative,mid,mixed,63,B_tail_entry_skipped,2026-08-21,AMP,,,,,,
v16,conservative,mid,mixed,63,B_tail_entry_skipped,2026-08-21,TECH,,,,,,
v16,conservative,mid,mixed,63,B_tail_entry_skipped,2026-08-21,MA,,,,,,
v16,conservative,mid,mixed,63,B_tail_entry_skipped,2026-08-21,PAYX,,,,,,
v16,conservative,mid,mixed,63,B_tail_entry_skipped,2026-08-21,IBN,,,,,,
v16,conservative,mid,mixed,63,B_tail_entry_skipped,2026-08-21,CHE,,,,,,
v16,conservative,mid,mixed,63,B_tail_entry_skipped,2026-08-21,USFD,,,,,,
v16,conservative,mid,mixed,63,B_tail_entry_skipped,2026-08-21,FAST,,,,,,
v16,conservative,mid,mixed,63,B_tail_entry_skipped,2026-08-21,GPC,,,,,,
v16,conservative,mid,mixed,63,B_tail_entry_skipped,2026-08-21,HQY,,,,,,
v16,conservative,mid,mixed,63,B_tail_entry_skipped,2026-08-21,FWONK,,,,,,
v16,conservative,mid,mixed,63,B_tail_entry_skipped,2026-08-21,WTW,,,,,,
v16,conservative,mid,mixed,63,B_tail_entry_skipped,2026-08-21,WSM,,,,,,
v16,conservative,mid,mixed,63,B_tail_entry_skipped,2026-08-21,CCEP,,,,,,
v16,conservative,mid,mixed,63,B_tail_entry_skipped,2026-08-21,ALLE,,,,,,
v16,conservative,mid,mixed,63,B_tail_entry_skipped,2026-08-21,LW,,,,,,
v16,conservative,mid,mixed,63,B_tail_entry_skipped,2026-08-21,APGE,,,,,,
v16,conservative,mid,mixed,63,B_tail_entry_skipped,2026-08-21,LTH,,,,,,
v16,conservative,mid,mixed,63,B_tail_entry_skipped,2026-08-21,CPAY,,,,,,
v16,conservative,mid,mixed,63,B_tail_entry_skipped,2026-08-21,ICUI,,,,,,
v16,conservative,mid,mixed,63,B_tail_entry_skipped,2026-08-28,LH,,,,,,
v16,conservative,mid,mixed,63,B_tail_entry_skipped,2026-08-28,SCHW,,,,,,
v16,conservative,mid,mixed,63,B_tail_entry_skipped,2026-08-28,BAC,,,,,,
v16,conservative,mid,mixed,63,B_tail_entry_skipped,2026-08-28,AMP,,,,,,
v16,conservative,mid,mixed,63,B_tail_entry_skipped,2026-08-28,IBN,,,,,,
v16,conservative,mid,mixed,63,B_tail_entry_skipped,2026-08-28,TECH,,,,,,
v16,conservative,mid,mixed,63,B_tail_entry_skipped,2026-08-28,AJG,,,,,,
v16,conservative,mid,mixed,63,B_tail_entry_skipped,2026-08-28,CHE,,,,,,
v16,conservative,mid,mixed,63,B_tail_entry_skipped,2026-08-28,JPM,,,,,,
v16,conservative,mid,mixed,63,B_tail_entry_skipped,2026-08-28,LW,,,,,,
v16,conservative,mid,mixed,63,B_tail_entry_skipped,2026-08-28,MSA,,,,,,
v16,conservative,mid,mixed,63,B_tail_entry_skipped,2026-08-28,MTD,,,,,,
v16,conservative,mid,mixed,63,B_tail_entry_skipped,2026-08-28,LPLA,,,,,,
v16,conservative,mid,mixed,63,B_tail_entry_skipped,2026-08-28,AMGN,,,,,,
v16,conservative,mid,mixed,63,B_tail_entry_skipped,2026-08-28,TMO,,,,,,
v16,conservative,mid,mixed,63,B_tail_entry_skipped,2026-08-28,ABT,,,,,,
v16,conservative,mid,mixed,63,B_tail_entry_skipped,2026-08-28,TTEK,,,,,,
v16,conservative,mid,mixed,63,B_tail_entry_skipped,2026-08-28,NEU,,,,,,
v16,conservative,mid,mixed,63,B_tail_entry_skipped,2026-08-28,MKC,,,,,,
v16,conservative,mid,mixed,63,B_tail_entry_skipped,2026-08-28,MDT,,,,,,
v16,conservative,mid,mixed,63,B_tail_entry_skipped,2026-09-04,SEIC,,,,,,
v16,conservative,mid,mixed,63,B_tail_entry_skipped,2026-09-04,CFR,,,,,,
v16,conservative,mid,mixed,63,B_tail_entry_skipped,2026-09-04,JPM,,,,,,
v16,conservative,mid,mixed,63,B_tail_entry_skipped,2026-09-04,LH,,,,,,
v16,conservative,mid,mixed,63,B_tail_entry_skipped,2026-09-04,GPC,,,,,,
v16,conservative,mid,mixed,63,B_tail_entry_skipped,2026-09-04,V,,,,,,
v16,conservative,mid,mixed,63,B_tail_entry_skipped,2026-09-04,MA,,,,,,
v16,conservative,mid,mixed,63,B_tail_entry_skipped,2026-09-04,AMGN,,,,,,
v16,conservative,mid,mixed,63,B_tail_entry_skipped,2026-09-04,TTEK,,,,,,
v16,conservative,mid,mixed,63,B_tail_entry_skipped,2026-09-04,WTW,,,,,,
v16,conservative,mid,mixed,63,B_tail_entry_skipped,2026-09-04,BRO,,,,,,
v16,conservative,mid,mixed,63,B_tail_entry_skipped,2026-09-04,AJG,,,,,,
v16,conservative,mid,mixed,63,B_tail_entry_skipped,2026-09-04,PAG,,,,,,
v16,conservative,mid,mixed,63,B_tail_entry_skipped,2026-09-04,RSG,,,,,,
v16,conservative,mid,mixed,63,B_tail_entry_skipped,2026-09-04,BAC,,,,,,
v16,conservative,mid,mixed,63,B_tail_entry_skipped,2026-09-04,SCHW,,,,,,
v16,conservative,mid,mixed,63,B_tail_entry_skipped,2026-09-04,ATAI,,,,,,
v16,conservative,mid,mixed,63,B_tail_entry_skipped,2026-09-04,SSNC,,,,,,
v16,conservative,mid,mixed,63,B_tail_entry_skipped,2026-09-04,STT,,,,,,
v16,conservative,mid,mixed,63,B_tail_entry_skipped,2026-09-04,DV,,,,,,
v16,conservative,mid,mixed,63,B_tail_entry_skipped,2026-09-14,AMP,,,,,,
v16,conservative,mid,mixed,63,B_tail_entry_skipped,2026-09-14,V,,,,,,
v16,conservative,mid,mixed,63,B_tail_entry_skipped,2026-09-14,MA,,,,,,
v16,conservative,mid,mixed,63,B_tail_entry_skipped,2026-09-14,PAYX,,,,,,
v16,conservative,mid,mixed,63,B_tail_entry_skipped,2026-09-14,PAG,,,,,,
v16,conservative,mid,mixed,63,B_tail_entry_skipped,2026-09-14,J,,,,,,
v16,conservative,mid,mixed,63,B_tail_entry_skipped,2026-09-14,AWK,,,,,,
v16,conservative,mid,mixed,63,B_tail_entry_skipped,2026-09-14,LH,,,,,,
v16,conservative,mid,mixed,63,B_tail_entry_skipped,2026-09-14,TECH,,,,,,
v16,conservative,mid,mixed,63,B_tail_entry_skipped,2026-09-14,JXN,,,,,,
v16,conservative,mid,mixed,63,B_tail_entry_skipped,2026-09-14,HSIC,,,,,,
v16,conservative,mid,mixed,63,B_tail_entry_skipped,2026-09-14,PSX,,,,,,
v16,conservative,mid,mixed,63,B_tail_entry_skipped,2026-09-14,THG,,,,,,
v16,conservative,mid,mixed,63,B_tail_entry_skipped,2026-09-14,VOYA,,,,,,
v16,conservative,mid,mixed,63,B_tail_entry_skipped,2026-09-14,DGX,,,,,,
v16,conservative,mid,mixed,63,B_tail_entry_skipped,2026-09-14,BKLN,,,,,,
v16,conservative,mid,mixed,63,B_tail_entry_skipped,2026-09-14,IQV,,,,,,
v16,conservative,mid,mixed,63,B_tail_entry_skipped,2026-09-14,PTGX,,,,,,
v16,conservative,mid,mixed,63,B_tail_entry_skipped,2026-09-14,ICE,,,,,,
v16,conservative,mid,mixed,63,B_tail_entry_skipped,2026-09-14,ADP,,,,,,
v16,conservative,mid,stock,63,B_tail_entry_skipped,2026-07-02,APLE,,,,,,
v16,conservative,mid,stock,63,B_tail_entry_skipped,2026-07-02,RY,,,,,,
v16,conservative,mid,stock,63,B_tail_entry_skipped,2026-07-02,BMO,,,,,,
v16,conservative,mid,stock,63,B_tail_entry_skipped,2026-07-02,RHP,,,,,,
v16,conservative,mid,stock,63,B_tail_entry_skipped,2026-07-02,BNS,,,,,,
v16,conservative,mid,stock,63,B_tail_entry_skipped,2026-07-02,IVT,,,,,,
v16,conservative,mid,stock,63,B_tail_entry_skipped,2026-07-02,PECO,,,,,,
v16,conservative,mid,stock,63,B_tail_entry_skipped,2026-07-02,UNM,,,,,,
v16,conservative,mid,stock,63,B_tail_entry_skipped,2026-07-02,HR,,,,,,
v16,conservative,mid,stock,63,B_tail_entry_skipped,2026-07-02,GWW,,,,,,
v16,conservative,mid,stock,63,B_tail_entry_skipped,2026-07-02,CHEF,,,,,,
v16,conservative,mid,stock,63,B_tail_entry_skipped,2026-07-02,STT,,,,,,
v16,conservative,mid,stock,63,B_tail_entry_skipped,2026-07-02,LAMR,,,,,,
v16,conservative,mid,stock,63,B_tail_entry_skipped,2026-07-02,CNI,,,,,,
v16,conservative,mid,stock,63,B_tail_entry_skipped,2026-07-02,AXSM,,,,,,
v16,conservative,mid,stock,63,B_tail_entry_skipped,2026-07-02,LNTH,,,,,,
v16,conservative,mid,stock,63,B_tail_entry_skipped,2026-07-02,GEO,,,,,,
v16,conservative,mid,stock,63,B_tail_entry_skipped,2026-07-02,PAG,,,,,,
v16,conservative,mid,stock,63,B_tail_entry_skipped,2026-07-02,IEX,,,,,,
v16,conservative,mid,stock,63,B_tail_entry_skipped,2026-07-02,VMI,,,,,,
v16,conservative,mid,stock,63,B_tail_entry_skipped,2026-07-10,APLE,,,,,,
v16,conservative,mid,stock,63,B_tail_entry_skipped,2026-07-10,CBSH,,,,,,
v16,conservative,mid,stock,63,B_tail_entry_skipped,2026-07-10,TD,,,,,,
v16,conservative,mid,stock,63,B_tail_entry_skipped,2026-07-10,HIW,,,,,,
v16,conservative,mid,stock,63,B_tail_entry_skipped,2026-07-10,SIGI,,,,,,
v16,conservative,mid,stock,63,B_tail_entry_skipped,2026-07-10,CUZ,,,,,,
v16,conservative,mid,stock,63,B_tail_entry_skipped,2026-07-10,RHP,,,,,,
v16,conservative,mid,stock,63,B_tail_entry_skipped,2026-07-10,GL,,,,,,
v16,conservative,mid,stock,63,B_tail_entry_skipped,2026-07-10,DOC,,,,,,
v16,conservative,mid,stock,63,B_tail_entry_skipped,2026-07-10,THG,,,,,,
v16,conservative,mid,stock,63,B_tail_entry_skipped,2026-07-10,ESS,,,,,,
v16,conservative,mid,stock,63,B_tail_entry_skipped,2026-07-10,MNST,,,,,,
v16,conservative,mid,stock,63,B_tail_entry_skipped,2026-07-10,VNO,,,,,,
v16,conservative,mid,stock,63,B_tail_entry_skipped,2026-07-10,HR,,,,,,
v16,conservative,mid,stock,63,B_tail_entry_skipped,2026-07-10,MSM,,,,,,
v16,conservative,mid,stock,63,B_tail_entry_skipped,2026-07-10,CVS,,,,,,
v16,conservative,mid,stock,63,B_tail_entry_skipped,2026-07-10,GEO,,,,,,
v16,conservative,mid,stock,63,B_tail_entry_skipped,2026-07-10,MAA,,,,,,
v16,conservative,mid,stock,63,B_tail_entry_skipped,2026-07-10,KDP,,,,,,
v16,conservative,mid,stock,63,B_tail_entry_skipped,2026-07-10,GWW,,,,,,
v16,conservative,mid,stock,63,B_tail_entry_skipped,2026-07-17,ESS,,,,,,
v16,conservative,mid,stock,63,B_tail_entry_skipped,2026-07-17,INVH,,,,,,
v16,conservative,mid,stock,63,B_tail_entry_skipped,2026-07-17,APLE,,,,,,
v16,conservative,mid,stock,63,B_tail_entry_skipped,2026-07-17,UDR,,,,,,
v16,conservative,mid,stock,63,B_tail_entry_skipped,2026-07-17,EQR,,,,,,
v16,conservative,mid,stock,63,B_tail_entry_skipped,2026-07-17,THG,,,,,,
v16,conservative,mid,stock,63,B_tail_entry_skipped,2026-07-17,AVB,,,,,,
v16,conservative,mid,stock,63,B_tail_entry_skipped,2026-07-17,RHP,,,,,,
v16,conservative,mid,stock,63,B_tail_entry_skipped,2026-07-17,PFGC,,,,,,
v16,conservative,mid,stock,63,B_tail_entry_skipped,2026-07-17,LTH,,,,,,
v16,conservative,mid,stock,63,B_tail_entry_skipped,2026-07-17,TROW,,,,,,
v16,conservative,mid,stock,63,B_tail_entry_skipped,2026-07-17,BTSG,,,,,,
v16,conservative,mid,stock,63,B_tail_entry_skipped,2026-07-17,CPT,,,,,,
v16,conservative,mid,stock,63,B_tail_entry_skipped,2026-07-17,CACC,,,,,,
v16,conservative,mid,stock,63,B_tail_entry_skipped,2026-07-17,BEN,,,,,,
v16,conservative,mid,stock,63,B_tail_entry_skipped,2026-07-17,SIRI,,,,,,
v16,conservative,mid,stock,63,B_tail_entry_skipped,2026-07-17,CVS,,,,,,
v16,conservative,mid,stock,63,B_tail_entry_skipped,2026-07-17,NBIX,,,,,,
v16,conservative,mid,stock,63,B_tail_entry_skipped,2026-07-17,V,,,,,,
v16,conservative,mid,stock,63,B_tail_entry_skipped,2026-07-17,TD,,,,,,
v16,conservative,mid,stock,63,B_tail_entry_skipped,2026-07-24,VOYA,,,,,,
v16,conservative,mid,stock,63,B_tail_entry_skipped,2026-07-24,RY,,,,,,
v16,conservative,mid,stock,63,B_tail_entry_skipped,2026-07-24,INVH,,,,,,
v16,conservative,mid,stock,63,B_tail_entry_skipped,2026-07-24,BXP,,,,,,
v16,conservative,mid,stock,63,B_tail_entry_skipped,2026-07-24,VNO,,,,,,
v16,conservative,mid,stock,63,B_tail_entry_skipped,2026-07-24,LTH,,,,,,
v16,conservative,mid,stock,63,B_tail_entry_skipped,2026-07-24,STT,,,,,,
v16,conservative,mid,stock,63,B_tail_entry_skipped,2026-07-24,AMH,,,,,,
v16,conservative,mid,stock,63,B_tail_entry_skipped,2026-07-24,LAMR,,,,,,
v16,conservative,mid,stock,63,B_tail_entry_skipped,2026-07-24,CVS,,,,,,
v16,conservative,mid,stock,63,B_tail_entry_skipped,2026-07-24,FRT,,,,,,
v16,conservative,mid,stock,63,B_tail_entry_skipped,2026-07-24,PFG,,,,,,
v16,conservative,mid,stock,63,B_tail_entry_skipped,2026-07-24,NBIX,,,,,,
v16,conservative,mid,stock,63,B_tail_entry_skipped,2026-07-24,V,,,,,,
v16,conservative,mid,stock,63,B_tail_entry_skipped,2026-07-24,PNC,,,,,,
v16,conservative,mid,stock,63,B_tail_entry_skipped,2026-07-24,CHEF,,,,,,
v16,conservative,mid,stock,63,B_tail_entry_skipped,2026-07-24,MTB,,,,,,
v16,conservative,mid,stock,63,B_tail_entry_skipped,2026-07-24,D,,,,,,
v16,conservative,mid,stock,63,B_tail_entry_skipped,2026-07-24,ARMK,,,,,,
v16,conservative,mid,stock,63,B_tail_entry_skipped,2026-07-24,AFG,,,,,,
v16,conservative,mid,stock,63,B_tail_entry_skipped,2026-07-31,MET,,,,,,
v16,conservative,mid,stock,63,B_tail_entry_skipped,2026-07-31,VOYA,,,,,,
v16,conservative,mid,stock,63,B_tail_entry_skipped,2026-07-31,INVH,,,,,,
v16,conservative,mid,stock,63,B_tail_entry_skipped,2026-07-31,V,,,,,,
v16,conservative,mid,stock,63,B_tail_entry_skipped,2026-07-31,BMO,,,,,,
v16,conservative,mid,stock,63,B_tail_entry_skipped,2026-07-31,BBY,,,,,,
v16,conservative,mid,stock,63,B_tail_entry_skipped,2026-07-31,DVA,,,,,,
v16,conservative,mid,stock,63,B_tail_entry_skipped,2026-07-31,CRBG,,,,,,
v16,conservative,mid,stock,63,B_tail_entry_skipped,2026-07-31,CLBK,,,,,,
v16,conservative,mid,stock,63,B_tail_entry_skipped,2026-07-31,TRV,,,,,,
v16,conservative,mid,stock,63,B_tail_entry_skipped,2026-07-31,PRI,,,,,,
v16,conservative,mid,stock,63,B_tail_entry_skipped,2026-07-31,CVS,,,,,,
v16,conservative,mid,stock,63,B_tail_entry_skipped,2026-07-31,MUFG,,,,,,
v16,conservative,mid,stock,63,B_tail_entry_skipped,2026-07-31,HR,,,,,,
v16,conservative,mid,stock,63,B_tail_entry_skipped,2026-07-31,CCK,,,,,,
v16,conservative,mid,stock,63,B_tail_entry_skipped,2026-07-31,HALO,,,,,,
v16,conservative,mid,stock,63,B_tail_entry_skipped,2026-07-31,AON,,,,,,
v16,conservative,mid,stock,63,B_tail_entry_skipped,2026-07-31,KHC,,,,,,
v16,conservative,mid,stock,63,B_tail_entry_skipped,2026-07-31,KRC,,,,,,
v16,conservative,mid,stock,63,B_tail_entry_skipped,2026-07-31,HQY,,,,,,
v16,conservative,mid,stock,63,B_tail_entry_skipped,2026-08-07,PK,,,,,,
v16,conservative,mid,stock,63,B_tail_entry_skipped,2026-08-07,VNO,,,,,,
v16,conservative,mid,stock,63,B_tail_entry_skipped,2026-08-07,BXP,,,,,,
v16,conservative,mid,stock,63,B_tail_entry_skipped,2026-08-07,SLF,,,,,,
v16,conservative,mid,stock,63,B_tail_entry_skipped,2026-08-07,MTG,,,,,,
v16,conservative,mid,stock,63,B_tail_entry_skipped,2026-08-07,V,,,,,,
v16,conservative,mid,stock,63,B_tail_entry_skipped,2026-08-07,LTH,,,,,,
v16,conservative,mid,stock,63,B_tail_entry_skipped,2026-08-07,CNI,,,,,,
v16,conservative,mid,stock,63,B_tail_entry_skipped,2026-08-07,VOYA,,,,,,
v16,conservative,mid,stock,63,B_tail_entry_skipped,2026-08-07,PAYX,,,,,,
v16,conservative,mid,stock,63,B_tail_entry_skipped,2026-08-07,PRI,,,,,,
v16,conservative,mid,stock,63,B_tail_entry_skipped,2026-08-07,ADP,,,,,,
v16,conservative,mid,stock,63,B_tail_entry_skipped,2026-08-07,MA,,,,,,
v16,conservative,mid,stock,63,B_tail_entry_skipped,2026-08-07,CTAS,,,,,,
v16,conservative,mid,stock,63,B_tail_entry_skipped,2026-08-07,AFL,,,,,,
v16,conservative,mid,stock,63,B_tail_entry_skipped,2026-08-07,CLBK,,,,,,
v16,conservative,mid,stock,63,B_tail_entry_skipped,2026-08-07,TRV,,,,,,
v16,conservative,mid,stock,63,B_tail_entry_skipped,2026-08-07,HRL,,,,,,
v16,conservative,mid,stock,63,B_tail_entry_skipped,2026-08-07,FWONK,,,,,,
v16,conservative,mid,stock,63,B_tail_entry_skipped,2026-08-07,BMO,,,,,,
v16,conservative,mid,stock,63,B_tail_entry_skipped,2026-08-14,PRU,,,,,,
v16,conservative,mid,stock,63,B_tail_entry_skipped,2026-08-14,CFR,,,,,,
v16,conservative,mid,stock,63,B_tail_entry_skipped,2026-08-14,MTG,,,,,,
v16,conservative,mid,stock,63,B_tail_entry_skipped,2026-08-14,THG,,,,,,
v16,conservative,mid,stock,63,B_tail_entry_skipped,2026-08-14,HSIC,,,,,,
v16,conservative,mid,stock,63,B_tail_entry_skipped,2026-08-14,PRI,,,,,,
v16,conservative,mid,stock,63,B_tail_entry_skipped,2026-08-14,IBN,,,,,,
v16,conservative,mid,stock,63,B_tail_entry_skipped,2026-08-14,CCK,,,,,,
v16,conservative,mid,stock,63,B_tail_entry_skipped,2026-08-14,LH,,,,,,
v16,conservative,mid,stock,63,B_tail_entry_skipped,2026-08-14,MA,,,,,,
v16,conservative,mid,stock,63,B_tail_entry_skipped,2026-08-14,TECH,,,,,,
v16,conservative,mid,stock,63,B_tail_entry_skipped,2026-08-14,PNC,,,,,,
v16,conservative,mid,stock,63,B_tail_entry_skipped,2026-08-14,RJF,,,,,,
v16,conservative,mid,stock,63,B_tail_entry_skipped,2026-08-14,VNO,,,,,,
v16,conservative,mid,stock,63,B_tail_entry_skipped,2026-08-14,USB,,,,,,
v16,conservative,mid,stock,63,B_tail_entry_skipped,2026-08-14,AJG,,,,,,
v16,conservative,mid,stock,63,B_tail_entry_skipped,2026-08-14,LTH,,,,,,
v16,conservative,mid,stock,63,B_tail_entry_skipped,2026-08-14,DGX,,,,,,
v16,conservative,mid,stock,63,B_tail_entry_skipped,2026-08-14,MMM,,,,,,
v16,conservative,mid,stock,63,B_tail_entry_skipped,2026-08-14,AWK,,,,,,
v16,conservative,mid,stock,63,B_tail_entry_skipped,2026-08-21,AMP,,,,,,
v16,conservative,mid,stock,63,B_tail_entry_skipped,2026-08-21,TECH,,,,,,
v16,conservative,mid,stock,63,B_tail_entry_skipped,2026-08-21,MA,,,,,,
v16,conservative,mid,stock,63,B_tail_entry_skipped,2026-08-21,PAYX,,,,,,
v16,conservative,mid,stock,63,B_tail_entry_skipped,2026-08-21,IBN,,,,,,
v16,conservative,mid,stock,63,B_tail_entry_skipped,2026-08-21,CHE,,,,,,
v16,conservative,mid,stock,63,B_tail_entry_skipped,2026-08-21,USFD,,,,,,
v16,conservative,mid,stock,63,B_tail_entry_skipped,2026-08-21,FAST,,,,,,
v16,conservative,mid,stock,63,B_tail_entry_skipped,2026-08-21,GPC,,,,,,
v16,conservative,mid,stock,63,B_tail_entry_skipped,2026-08-21,HQY,,,,,,
v16,conservative,mid,stock,63,B_tail_entry_skipped,2026-08-21,FWONK,,,,,,
v16,conservative,mid,stock,63,B_tail_entry_skipped,2026-08-21,WTW,,,,,,
v16,conservative,mid,stock,63,B_tail_entry_skipped,2026-08-21,WSM,,,,,,
v16,conservative,mid,stock,63,B_tail_entry_skipped,2026-08-21,CCEP,,,,,,
v16,conservative,mid,stock,63,B_tail_entry_skipped,2026-08-21,ALLE,,,,,,
v16,conservative,mid,stock,63,B_tail_entry_skipped,2026-08-21,LW,,,,,,
v16,conservative,mid,stock,63,B_tail_entry_skipped,2026-08-21,APGE,,,,,,
v16,conservative,mid,stock,63,B_tail_entry_skipped,2026-08-21,LTH,,,,,,
v16,conservative,mid,stock,63,B_tail_entry_skipped,2026-08-21,CPAY,,,,,,
v16,conservative,mid,stock,63,B_tail_entry_skipped,2026-08-21,ICUI,,,,,,
v16,conservative,mid,stock,63,B_tail_entry_skipped,2026-08-28,LH,,,,,,
v16,conservative,mid,stock,63,B_tail_entry_skipped,2026-08-28,SCHW,,,,,,
v16,conservative,mid,stock,63,B_tail_entry_skipped,2026-08-28,BAC,,,,,,
v16,conservative,mid,stock,63,B_tail_entry_skipped,2026-08-28,AMP,,,,,,
v16,conservative,mid,stock,63,B_tail_entry_skipped,2026-08-28,IBN,,,,,,
v16,conservative,mid,stock,63,B_tail_entry_skipped,2026-08-28,TECH,,,,,,
v16,conservative,mid,stock,63,B_tail_entry_skipped,2026-08-28,AJG,,,,,,
v16,conservative,mid,stock,63,B_tail_entry_skipped,2026-08-28,CHE,,,,,,
v16,conservative,mid,stock,63,B_tail_entry_skipped,2026-08-28,JPM,,,,,,
v16,conservative,mid,stock,63,B_tail_entry_skipped,2026-08-28,LW,,,,,,
v16,conservative,mid,stock,63,B_tail_entry_skipped,2026-08-28,MSA,,,,,,
v16,conservative,mid,stock,63,B_tail_entry_skipped,2026-08-28,MTD,,,,,,
v16,conservative,mid,stock,63,B_tail_entry_skipped,2026-08-28,LPLA,,,,,,
v16,conservative,mid,stock,63,B_tail_entry_skipped,2026-08-28,AMGN,,,,,,
v16,conservative,mid,stock,63,B_tail_entry_skipped,2026-08-28,TMO,,,,,,
v16,conservative,mid,stock,63,B_tail_entry_skipped,2026-08-28,ABT,,,,,,
v16,conservative,mid,stock,63,B_tail_entry_skipped,2026-08-28,TTEK,,,,,,
v16,conservative,mid,stock,63,B_tail_entry_skipped,2026-08-28,NEU,,,,,,
v16,conservative,mid,stock,63,B_tail_entry_skipped,2026-08-28,MKC,,,,,,
v16,conservative,mid,stock,63,B_tail_entry_skipped,2026-08-28,MDT,,,,,,
v16,conservative,mid,stock,63,B_tail_entry_skipped,2026-09-04,SEIC,,,,,,
v16,conservative,mid,stock,63,B_tail_entry_skipped,2026-09-04,CFR,,,,,,
v16,conservative,mid,stock,63,B_tail_entry_skipped,2026-09-04,JPM,,,,,,
v16,conservative,mid,stock,63,B_tail_entry_skipped,2026-09-04,LH,,,,,,
v16,conservative,mid,stock,63,B_tail_entry_skipped,2026-09-04,GPC,,,,,,
v16,conservative,mid,stock,63,B_tail_entry_skipped,2026-09-04,V,,,,,,
v16,conservative,mid,stock,63,B_tail_entry_skipped,2026-09-04,MA,,,,,,
v16,conservative,mid,stock,63,B_tail_entry_skipped,2026-09-04,AMGN,,,,,,
v16,conservative,mid,stock,63,B_tail_entry_skipped,2026-09-04,TTEK,,,,,,
v16,conservative,mid,stock,63,B_tail_entry_skipped,2026-09-04,WTW,,,,,,
v16,conservative,mid,stock,63,B_tail_entry_skipped,2026-09-04,BRO,,,,,,
v16,conservative,mid,stock,63,B_tail_entry_skipped,2026-09-04,AJG,,,,,,
v16,conservative,mid,stock,63,B_tail_entry_skipped,2026-09-04,PAG,,,,,,
v16,conservative,mid,stock,63,B_tail_entry_skipped,2026-09-04,RSG,,,,,,
v16,conservative,mid,stock,63,B_tail_entry_skipped,2026-09-04,BAC,,,,,,
v16,conservative,mid,stock,63,B_tail_entry_skipped,2026-09-04,SCHW,,,,,,
v16,conservative,mid,stock,63,B_tail_entry_skipped,2026-09-04,ATAI,,,,,,
v16,conservative,mid,stock,63,B_tail_entry_skipped,2026-09-04,SSNC,,,,,,
v16,conservative,mid,stock,63,B_tail_entry_skipped,2026-09-04,STT,,,,,,
v16,conservative,mid,stock,63,B_tail_entry_skipped,2026-09-04,DV,,,,,,
v16,conservative,mid,stock,63,B_tail_entry_skipped,2026-09-14,AMP,,,,,,
v16,conservative,mid,stock,63,B_tail_entry_skipped,2026-09-14,V,,,,,,
v16,conservative,mid,stock,63,B_tail_entry_skipped,2026-09-14,MA,,,,,,
v16,conservative,mid,stock,63,B_tail_entry_skipped,2026-09-14,PAYX,,,,,,
v16,conservative,mid,stock,63,B_tail_entry_skipped,2026-09-14,PAG,,,,,,
v16,conservative,mid,stock,63,B_tail_entry_skipped,2026-09-14,J,,,,,,
v16,conservative,mid,stock,63,B_tail_entry_skipped,2026-09-14,AWK,,,,,,
v16,conservative,mid,stock,63,B_tail_entry_skipped,2026-09-14,LH,,,,,,
v16,conservative,mid,stock,63,B_tail_entry_skipped,2026-09-14,TECH,,,,,,
v16,conservative,mid,stock,63,B_tail_entry_skipped,2026-09-14,JXN,,,,,,
v16,conservative,mid,stock,63,B_tail_entry_skipped,2026-09-14,HSIC,,,,,,
v16,conservative,mid,stock,63,B_tail_entry_skipped,2026-09-14,PSX,,,,,,
v16,conservative,mid,stock,63,B_tail_entry_skipped,2026-09-14,THG,,,,,,
v16,conservative,mid,stock,63,B_tail_entry_skipped,2026-09-14,VOYA,,,,,,
v16,conservative,mid,stock,63,B_tail_entry_skipped,2026-09-14,DGX,,,,,,
v16,conservative,mid,stock,63,B_tail_entry_skipped,2026-09-14,IQV,,,,,,
v16,conservative,mid,stock,63,B_tail_entry_skipped,2026-09-14,PTGX,,,,,,
v16,conservative,mid,stock,63,B_tail_entry_skipped,2026-09-14,ICE,,,,,,
v16,conservative,mid,stock,63,B_tail_entry_skipped,2026-09-14,ADP,,,,,,
v16,conservative,mid,stock,63,B_tail_entry_skipped,2026-09-14,BOX,,,,,,
v16,conservative,short,mixed,63,B_tail_entry_skipped,2026-07-02,APLE,,,,,,
v16,conservative,short,mixed,63,B_tail_entry_skipped,2026-07-02,RY,,,,,,
v16,conservative,short,mixed,63,B_tail_entry_skipped,2026-07-02,BMO,,,,,,
v16,conservative,short,mixed,63,B_tail_entry_skipped,2026-07-02,BNS,,,,,,
v16,conservative,short,mixed,63,B_tail_entry_skipped,2026-07-02,RHP,,,,,,
v16,conservative,short,mixed,63,B_tail_entry_skipped,2026-07-02,IVT,,,,,,
v16,conservative,short,mixed,63,B_tail_entry_skipped,2026-07-02,PECO,,,,,,
v16,conservative,short,mixed,63,B_tail_entry_skipped,2026-07-02,HR,,,,,,
v16,conservative,short,mixed,63,B_tail_entry_skipped,2026-07-02,UNM,,,,,,
v16,conservative,short,mixed,63,B_tail_entry_skipped,2026-07-02,GWW,,,,,,
v16,conservative,short,mixed,63,B_tail_entry_skipped,2026-07-02,STT,,,,,,
v16,conservative,short,mixed,63,B_tail_entry_skipped,2026-07-02,CHEF,,,,,,
v16,conservative,short,mixed,63,B_tail_entry_skipped,2026-07-02,CNI,,,,,,
v16,conservative,short,mixed,63,B_tail_entry_skipped,2026-07-02,LAMR,,,,,,
v16,conservative,short,mixed,63,B_tail_entry_skipped,2026-07-02,AXSM,,,,,,
v16,conservative,short,mixed,63,B_tail_entry_skipped,2026-07-02,LNTH,,,,,,
v16,conservative,short,mixed,63,B_tail_entry_skipped,2026-07-02,IEX,,,,,,
v16,conservative,short,mixed,63,B_tail_entry_skipped,2026-07-02,VMI,,,,,,
v16,conservative,short,mixed,63,B_tail_entry_skipped,2026-07-02,PAG,,,,,,
v16,conservative,short,mixed,63,B_tail_entry_skipped,2026-07-02,GEO,,,,,,
v16,conservative,short,mixed,63,B_tail_entry_skipped,2026-07-10,APLE,,,,,,
v16,conservative,short,mixed,63,B_tail_entry_skipped,2026-07-10,TD,,,,,,
v16,conservative,short,mixed,63,B_tail_entry_skipped,2026-07-10,CBSH,,,,,,
v16,conservative,short,mixed,63,B_tail_entry_skipped,2026-07-10,SIGI,,,,,,
v16,conservative,short,mixed,63,B_tail_entry_skipped,2026-07-10,DOC,,,,,,
v16,conservative,short,mixed,63,B_tail_entry_skipped,2026-07-10,HIW,,,,,,
v16,conservative,short,mixed,63,B_tail_entry_skipped,2026-07-10,RHP,,,,,,
v16,conservative,short,mixed,63,B_tail_entry_skipped,2026-07-10,CUZ,,,,,,
v16,conservative,short,mixed,63,B_tail_entry_skipped,2026-07-10,GL,,,,,,
v16,conservative,short,mixed,63,B_tail_entry_skipped,2026-07-10,MNST,,,,,,
v16,conservative,short,mixed,63,B_tail_entry_skipped,2026-07-10,THG,,,,,,
v16,conservative,short,mixed,63,B_tail_entry_skipped,2026-07-10,ESS,,,,,,
v16,conservative,short,mixed,63,B_tail_entry_skipped,2026-07-10,HR,,,,,,
v16,conservative,short,mixed,63,B_tail_entry_skipped,2026-07-10,VNO,,,,,,
v16,conservative,short,mixed,63,B_tail_entry_skipped,2026-07-10,MSM,,,,,,
v16,conservative,short,mixed,63,B_tail_entry_skipped,2026-07-10,CVS,,,,,,
v16,conservative,short,mixed,63,B_tail_entry_skipped,2026-07-10,GEO,,,,,,
v16,conservative,short,mixed,63,B_tail_entry_skipped,2026-07-10,MAA,,,,,,
v16,conservative,short,mixed,63,B_tail_entry_skipped,2026-07-10,GWW,,,,,,
v16,conservative,short,mixed,63,B_tail_entry_skipped,2026-07-10,SYY,,,,,,
v16,conservative,short,mixed,63,B_tail_entry_skipped,2026-07-17,ESS,,,,,,
v16,conservative,short,mixed,63,B_tail_entry_skipped,2026-07-17,INVH,,,,,,
v16,conservative,short,mixed,63,B_tail_entry_skipped,2026-07-17,UDR,,,,,,
v16,conservative,short,mixed,63,B_tail_entry_skipped,2026-07-17,THG,,,,,,
v16,conservative,short,mixed,63,B_tail_entry_skipped,2026-07-17,EQR,,,,,,
v16,conservative,short,mixed,63,B_tail_entry_skipped,2026-07-17,APLE,,,,,,
v16,conservative,short,mixed,63,B_tail_entry_skipped,2026-07-17,UUP,,,,,,
v16,conservative,short,mixed,63,B_tail_entry_skipped,2026-07-17,AVB,,,,,,
v16,conservative,short,mixed,63,B_tail_entry_skipped,2026-07-17,PFGC,,,,,,
v16,conservative,short,mixed,63,B_tail_entry_skipped,2026-07-17,RHP,,,,,,
v16,conservative,short,mixed,63,B_tail_entry_skipped,2026-07-17,LTH,,,,,,
v16,conservative,short,mixed,63,B_tail_entry_skipped,2026-07-17,CACC,,,,,,
v16,conservative,short,mixed,63,B_tail_entry_skipped,2026-07-17,BEN,,,,,,
v16,conservative,short,mixed,63,B_tail_entry_skipped,2026-07-17,TD,,,,,,
v16,conservative,short,mixed,63,B_tail_entry_skipped,2026-07-17,TROW,,,,,,
v16,conservative,short,mixed,63,B_tail_entry_skipped,2026-07-17,SIRI,,,,,,
v16,conservative,short,mixed,63,B_tail_entry_skipped,2026-07-17,CPT,,,,,,
v16,conservative,short,mixed,63,B_tail_entry_skipped,2026-07-17,BTSG,,,,,,
v16,conservative,short,mixed,63,B_tail_entry_skipped,2026-07-17,D,,,,,,
v16,conservative,short,mixed,63,B_tail_entry_skipped,2026-07-17,V,,,,,,
v16,conservative,short,mixed,63,B_tail_entry_skipped,2026-07-24,VOYA,,,,,,
v16,conservative,short,mixed,63,B_tail_entry_skipped,2026-07-24,INVH,,,,,,
v16,conservative,short,mixed,63,B_tail_entry_skipped,2026-07-24,RY,,,,,,
v16,conservative,short,mixed,63,B_tail_entry_skipped,2026-07-24,BXP,,,,,,
v16,conservative,short,mixed,63,B_tail_entry_skipped,2026-07-24,STT,,,,,,
v16,conservative,short,mixed,63,B_tail_entry_skipped,2026-07-24,VNO,,,,,,
v16,conservative,short,mixed,63,B_tail_entry_skipped,2026-07-24,LTH,,,,,,
v16,conservative,short,mixed,63,B_tail_entry_skipped,2026-07-24,PNC,,,,,,
v16,conservative,short,mixed,63,B_tail_entry_skipped,2026-07-24,FRT,,,,,,
v16,conservative,short,mixed,63,B_tail_entry_skipped,2026-07-24,LAMR,,,,,,
v16,conservative,short,mixed,63,B_tail_entry_skipped,2026-07-24,AMH,,,,,,
v16,conservative,short,mixed,63,B_tail_entry_skipped,2026-07-24,PFG,,,,,,
v16,conservative,short,mixed,63,B_tail_entry_skipped,2026-07-24,V,,,,,,
v16,conservative,short,mixed,63,B_tail_entry_skipped,2026-07-24,CVS,,,,,,
v16,conservative,short,mixed,63,B_tail_entry_skipped,2026-07-24,NBIX,,,,,,
v16,conservative,short,mixed,63,B_tail_entry_skipped,2026-07-24,MTB,,,,,,
v16,conservative,short,mixed,63,B_tail_entry_skipped,2026-07-24,CHEF,,,,,,
v16,conservative,short,mixed,63,B_tail_entry_skipped,2026-07-24,D,,,,,,
v16,conservative,short,mixed,63,B_tail_entry_skipped,2026-07-24,AFG,,,,,,
v16,conservative,short,mixed,63,B_tail_entry_skipped,2026-07-24,ARMK,,,,,,
v16,conservative,short,mixed,63,B_tail_entry_skipped,2026-07-31,MET,,,,,,
v16,conservative,short,mixed,63,B_tail_entry_skipped,2026-07-31,VOYA,,,,,,
v16,conservative,short,mixed,63,B_tail_entry_skipped,2026-07-31,INVH,,,,,,
v16,conservative,short,mixed,63,B_tail_entry_skipped,2026-07-31,V,,,,,,
v16,conservative,short,mixed,63,B_tail_entry_skipped,2026-07-31,BMO,,,,,,
v16,conservative,short,mixed,63,B_tail_entry_skipped,2026-07-31,BBY,,,,,,
v16,conservative,short,mixed,63,B_tail_entry_skipped,2026-07-31,CRBG,,,,,,
v16,conservative,short,mixed,63,B_tail_entry_skipped,2026-07-31,DVA,,,,,,
v16,conservative,short,mixed,63,B_tail_entry_skipped,2026-07-31,PRI,,,,,,
v16,conservative,short,mixed,63,B_tail_entry_skipped,2026-07-31,BPOP,,,,,,
v16,conservative,short,mixed,63,B_tail_entry_skipped,2026-07-31,CLBK,,,,,,
v16,conservative,short,mixed,63,B_tail_entry_skipped,2026-07-31,HR,,,,,,
v16,conservative,short,mixed,63,B_tail_entry_skipped,2026-07-31,TRV,,,,,,
v16,conservative,short,mixed,63,B_tail_entry_skipped,2026-07-31,AON,,,,,,
v16,conservative,short,mixed,63,B_tail_entry_skipped,2026-07-31,CCK,,,,,,
v16,conservative,short,mixed,63,B_tail_entry_skipped,2026-07-31,HALO,,,,,,
v16,conservative,short,mixed,63,B_tail_entry_skipped,2026-07-31,CVS,,,,,,
v16,conservative,short,mixed,63,B_tail_entry_skipped,2026-07-31,MUFG,,,,,,
v16,conservative,short,mixed,63,B_tail_entry_skipped,2026-07-31,HSIC,,,,,,
v16,conservative,short,mixed,63,B_tail_entry_skipped,2026-07-31,IBN,,,,,,
v16,conservative,short,mixed,63,B_tail_entry_skipped,2026-08-07,PK,,,,,,
v16,conservative,short,mixed,63,B_tail_entry_skipped,2026-08-07,BXP,,,,,,
v16,conservative,short,mixed,63,B_tail_entry_skipped,2026-08-07,VNO,,,,,,
v16,conservative,short,mixed,63,B_tail_entry_skipped,2026-08-07,SLF,,,,,,
v16,conservative,short,mixed,63,B_tail_entry_skipped,2026-08-07,MTG,,,,,,
v16,conservative,short,mixed,63,B_tail_entry_skipped,2026-08-07,V,,,,,,
v16,conservative,short,mixed,63,B_tail_entry_skipped,2026-08-07,CNI,,,,,,
v16,conservative,short,mixed,63,B_tail_entry_skipped,2026-08-07,LTH,,,,,,
v16,conservative,short,mixed,63,B_tail_entry_skipped,2026-08-07,VOYA,,,,,,
v16,conservative,short,mixed,63,B_tail_entry_skipped,2026-08-07,PRI,,,,,,
v16,conservative,short,mixed,63,B_tail_entry_skipped,2026-08-07,PAYX,,,,,,
v16,conservative,short,mixed,63,B_tail_entry_skipped,2026-08-07,AFL,,,,,,
v16,conservative,short,mixed,63,B_tail_entry_skipped,2026-08-07,MA,,,,,,
v16,conservative,short,mixed,63,B_tail_entry_skipped,2026-08-07,ADP,,,,,,
v16,conservative,short,mixed,63,B_tail_entry_skipped,2026-08-07,CTAS,,,,,,
v16,conservative,short,mixed,63,B_tail_entry_skipped,2026-08-07,CLBK,,,,,,
v16,conservative,short,mixed,63,B_tail_entry_skipped,2026-08-07,TRV,,,,,,
v16,conservative,short,mixed,63,B_tail_entry_skipped,2026-08-07,FWONK,,,,,,
v16,conservative,short,mixed,63,B_tail_entry_skipped,2026-08-07,HRL,,,,,,
v16,conservative,short,mixed,63,B_tail_entry_skipped,2026-08-07,MRK,,,,,,
v16,conservative,short,mixed,63,B_tail_entry_skipped,2026-08-14,CFR,,,,,,
v16,conservative,short,mixed,63,B_tail_entry_skipped,2026-08-14,PRU,,,,,,
v16,conservative,short,mixed,63,B_tail_entry_skipped,2026-08-14,MTG,,,,,,
v16,conservative,short,mixed,63,B_tail_entry_skipped,2026-08-14,PRI,,,,,,
v16,conservative,short,mixed,63,B_tail_entry_skipped,2026-08-14,THG,,,,,,
v16,conservative,short,mixed,63,B_tail_entry_skipped,2026-08-14,PNC,,,,,,
v16,conservative,short,mixed,63,B_tail_entry_skipped,2026-08-14,HSIC,,,,,,
v16,conservative,short,mixed,63,B_tail_entry_skipped,2026-08-14,IBN,,,,,,
v16,conservative,short,mixed,63,B_tail_entry_skipped,2026-08-14,CCK,,,,,,
v16,conservative,short,mixed,63,B_tail_entry_skipped,2026-08-14,USB,,,,,,
v16,conservative,short,mixed,63,B_tail_entry_skipped,2026-08-14,MA,,,,,,
v16,conservative,short,mixed,63,B_tail_entry_skipped,2026-08-14,TECH,,,,,,
v16,conservative,short,mixed,63,B_tail_entry_skipped,2026-08-14,LH,,,,,,
v16,conservative,short,mixed,63,B_tail_entry_skipped,2026-08-14,RJF,,,,,,
v16,conservative,short,mixed,63,B_tail_entry_skipped,2026-08-14,VNO,,,,,,
v16,conservative,short,mixed,63,B_tail_entry_skipped,2026-08-14,AJG,,,,,,
v16,conservative,short,mixed,63,B_tail_entry_skipped,2026-08-14,AFG,,,,,,
v16,conservative,short,mixed,63,B_tail_entry_skipped,2026-08-14,AWK,,,,,,
v16,conservative,short,mixed,63,B_tail_entry_skipped,2026-08-14,LTH,,,,,,
v16,conservative,short,mixed,63,B_tail_entry_skipped,2026-08-14,BPOP,,,,,,
v16,conservative,short,mixed,63,B_tail_entry_skipped,2026-08-21,AMP,,,,,,
v16,conservative,short,mixed,63,B_tail_entry_skipped,2026-08-21,TECH,,,,,,
v16,conservative,short,mixed,63,B_tail_entry_skipped,2026-08-21,MA,,,,,,
v16,conservative,short,mixed,63,B_tail_entry_skipped,2026-08-21,PAYX,,,,,,
v16,conservative,short,mixed,63,B_tail_entry_skipped,2026-08-21,FAST,,,,,,
v16,conservative,short,mixed,63,B_tail_entry_skipped,2026-08-21,USFD,,,,,,
v16,conservative,short,mixed,63,B_tail_entry_skipped,2026-08-21,IBN,,,,,,
v16,conservative,short,mixed,63,B_tail_entry_skipped,2026-08-21,CHE,,,,,,
v16,conservative,short,mixed,63,B_tail_entry_skipped,2026-08-21,FWONK,,,,,,
v16,conservative,short,mixed,63,B_tail_entry_skipped,2026-08-21,HQY,,,,,,
v16,conservative,short,mixed,63,B_tail_entry_skipped,2026-08-21,GPC,,,,,,
v16,conservative,short,mixed,63,B_tail_entry_skipped,2026-08-21,CCEP,,,,,,
v16,conservative,short,mixed,63,B_tail_entry_skipped,2026-08-21,WSM,,,,,,
v16,conservative,short,mixed,63,B_tail_entry_skipped,2026-08-21,WTW,,,,,,
v16,conservative,short,mixed,63,B_tail_entry_skipped,2026-08-21,ALLE,,,,,,
v16,conservative,short,mixed,63,B_tail_entry_skipped,2026-08-21,ECL,,,,,,
v16,conservative,short,mixed,63,B_tail_entry_skipped,2026-08-21,LW,,,,,,
v16,conservative,short,mixed,63,B_tail_entry_skipped,2026-08-21,AWK,,,,,,
v16,conservative,short,mixed,63,B_tail_entry_skipped,2026-08-21,LTH,,,,,,
v16,conservative,short,mixed,63,B_tail_entry_skipped,2026-08-21,CPAY,,,,,,
v16,conservative,short,mixed,63,B_tail_entry_skipped,2026-08-28,SCHW,,,,,,
v16,conservative,short,mixed,63,B_tail_entry_skipped,2026-08-28,LH,,,,,,
v16,conservative,short,mixed,63,B_tail_entry_skipped,2026-08-28,BAC,,,,,,
v16,conservative,short,mixed,63,B_tail_entry_skipped,2026-08-28,AMP,,,,,,
v16,conservative,short,mixed,63,B_tail_entry_skipped,2026-08-28,IBN,,,,,,
v16,conservative,short,mixed,63,B_tail_entry_skipped,2026-08-28,TECH,,,,,,
v16,conservative,short,mixed,63,B_tail_entry_skipped,2026-08-28,CHE,,,,,,
v16,conservative,short,mixed,63,B_tail_entry_skipped,2026-08-28,AJG,,,,,,
v16,conservative,short,mixed,63,B_tail_entry_skipped,2026-08-28,JPM,,,,,,
v16,conservative,short,mixed,63,B_tail_entry_skipped,2026-08-28,MSA,,,,,,
v16,conservative,short,mixed,63,B_tail_entry_skipped,2026-08-28,LW,,,,,,
v16,conservative,short,mixed,63,B_tail_entry_skipped,2026-08-28,AMGN,,,,,,
v16,conservative,short,mixed,63,B_tail_entry_skipped,2026-08-28,LPLA,,,,,,
v16,conservative,short,mixed,63,B_tail_entry_skipped,2026-08-28,MTD,,,,,,
v16,conservative,short,mixed,63,B_tail_entry_skipped,2026-08-28,TMO,,,,,,
v16,conservative,short,mixed,63,B_tail_entry_skipped,2026-08-28,ABT,,,,,,
v16,conservative,short,mixed,63,B_tail_entry_skipped,2026-08-28,MDT,,,,,,
v16,conservative,short,mixed,63,B_tail_entry_skipped,2026-08-28,MKC,,,,,,
v16,conservative,short,mixed,63,B_tail_entry_skipped,2026-08-28,TTEK,,,,,,
v16,conservative,short,mixed,63,B_tail_entry_skipped,2026-08-28,JEPI,,,,,,
v16,conservative,short,mixed,63,B_tail_entry_skipped,2026-09-04,SEIC,,,,,,
v16,conservative,short,mixed,63,B_tail_entry_skipped,2026-09-04,CFR,,,,,,
v16,conservative,short,mixed,63,B_tail_entry_skipped,2026-09-04,JPM,,,,,,
v16,conservative,short,mixed,63,B_tail_entry_skipped,2026-09-04,V,,,,,,
v16,conservative,short,mixed,63,B_tail_entry_skipped,2026-09-04,GPC,,,,,,
v16,conservative,short,mixed,63,B_tail_entry_skipped,2026-09-04,LH,,,,,,
v16,conservative,short,mixed,63,B_tail_entry_skipped,2026-09-04,AMGN,,,,,,
v16,conservative,short,mixed,63,B_tail_entry_skipped,2026-09-04,MA,,,,,,
v16,conservative,short,mixed,63,B_tail_entry_skipped,2026-09-04,TTEK,,,,,,
v16,conservative,short,mixed,63,B_tail_entry_skipped,2026-09-04,RSG,,,,,,
v16,conservative,short,mixed,63,B_tail_entry_skipped,2026-09-04,WTW,,,,,,
v16,conservative,short,mixed,63,B_tail_entry_skipped,2026-09-04,BRO,,,,,,
v16,conservative,short,mixed,63,B_tail_entry_skipped,2026-09-04,AJG,,,,,,
v16,conservative,short,mixed,63,B_tail_entry_skipped,2026-09-04,STT,,,,,,
v16,conservative,short,mixed,63,B_tail_entry_skipped,2026-09-04,ATAI,,,,,,
v16,conservative,short,mixed,63,B_tail_entry_skipped,2026-09-04,PAG,,,,,,
v16,conservative,short,mixed,63,B_tail_entry_skipped,2026-09-04,BAC,,,,,,
v16,conservative,short,mixed,63,B_tail_entry_skipped,2026-09-04,SSNC,,,,,,
v16,conservative,short,mixed,63,B_tail_entry_skipped,2026-09-04,SCHW,,,,,,
v16,conservative,short,mixed,63,B_tail_entry_skipped,2026-09-04,TGT,,,,,,
v16,conservative,short,mixed,63,B_tail_entry_skipped,2026-09-14,AMP,,,,,,
v16,conservative,short,mixed,63,B_tail_entry_skipped,2026-09-14,V,,,,,,
v16,conservative,short,mixed,63,B_tail_entry_skipped,2026-09-14,MA,,,,,,
v16,conservative,short,mixed,63,B_tail_entry_skipped,2026-09-14,PAYX,,,,,,
v16,conservative,short,mixed,63,B_tail_entry_skipped,2026-09-14,HSIC,,,,,,
v16,conservative,short,mixed,63,B_tail_entry_skipped,2026-09-14,J,,,,,,
v16,conservative,short,mixed,63,B_tail_entry_skipped,2026-09-14,JXN,,,,,,
v16,conservative,short,mixed,63,B_tail_entry_skipped,2026-09-14,AWK,,,,,,
v16,conservative,short,mixed,63,B_tail_entry_skipped,2026-09-14,THG,,,,,,
v16,conservative,short,mixed,63,B_tail_entry_skipped,2026-09-14,PAG,,,,,,
v16,conservative,short,mixed,63,B_tail_entry_skipped,2026-09-14,TECH,,,,,,
v16,conservative,short,mixed,63,B_tail_entry_skipped,2026-09-14,VOYA,,,,,,
v16,conservative,short,mixed,63,B_tail_entry_skipped,2026-09-14,LH,,,,,,
v16,conservative,short,mixed,63,B_tail_entry_skipped,2026-09-14,PSX,,,,,,
v16,conservative,short,mixed,63,B_tail_entry_skipped,2026-09-14,DGX,,,,,,
v16,conservative,short,mixed,63,B_tail_entry_skipped,2026-09-14,BKLN,,,,,,
v16,conservative,short,mixed,63,B_tail_entry_skipped,2026-09-14,MET,,,,,,
v16,conservative,short,mixed,63,B_tail_entry_skipped,2026-09-14,IQV,,,,,,
v16,conservative,short,mixed,63,B_tail_entry_skipped,2026-09-14,ICE,,,,,,
v16,conservative,short,mixed,63,B_tail_entry_skipped,2026-09-14,PTGX,,,,,,
v16,conservative,short,stock,63,B_tail_entry_skipped,2026-07-02,APLE,,,,,,
v16,conservative,short,stock,63,B_tail_entry_skipped,2026-07-02,RY,,,,,,
v16,conservative,short,stock,63,B_tail_entry_skipped,2026-07-02,BMO,,,,,,
v16,conservative,short,stock,63,B_tail_entry_skipped,2026-07-02,BNS,,,,,,
v16,conservative,short,stock,63,B_tail_entry_skipped,2026-07-02,RHP,,,,,,
v16,conservative,short,stock,63,B_tail_entry_skipped,2026-07-02,IVT,,,,,,
v16,conservative,short,stock,63,B_tail_entry_skipped,2026-07-02,PECO,,,,,,
v16,conservative,short,stock,63,B_tail_entry_skipped,2026-07-02,HR,,,,,,
v16,conservative,short,stock,63,B_tail_entry_skipped,2026-07-02,UNM,,,,,,
v16,conservative,short,stock,63,B_tail_entry_skipped,2026-07-02,GWW,,,,,,
v16,conservative,short,stock,63,B_tail_entry_skipped,2026-07-02,STT,,,,,,
v16,conservative,short,stock,63,B_tail_entry_skipped,2026-07-02,CHEF,,,,,,
v16,conservative,short,stock,63,B_tail_entry_skipped,2026-07-02,CNI,,,,,,
v16,conservative,short,stock,63,B_tail_entry_skipped,2026-07-02,LAMR,,,,,,
v16,conservative,short,stock,63,B_tail_entry_skipped,2026-07-02,AXSM,,,,,,
v16,conservative,short,stock,63,B_tail_entry_skipped,2026-07-02,LNTH,,,,,,
v16,conservative,short,stock,63,B_tail_entry_skipped,2026-07-02,IEX,,,,,,
v16,conservative,short,stock,63,B_tail_entry_skipped,2026-07-02,VMI,,,,,,
v16,conservative,short,stock,63,B_tail_entry_skipped,2026-07-02,PAG,,,,,,
v16,conservative,short,stock,63,B_tail_entry_skipped,2026-07-02,GEO,,,,,,
v16,conservative,short,stock,63,B_tail_entry_skipped,2026-07-10,APLE,,,,,,
v16,conservative,short,stock,63,B_tail_entry_skipped,2026-07-10,TD,,,,,,
v16,conservative,short,stock,63,B_tail_entry_skipped,2026-07-10,CBSH,,,,,,
v16,conservative,short,stock,63,B_tail_entry_skipped,2026-07-10,SIGI,,,,,,
v16,conservative,short,stock,63,B_tail_entry_skipped,2026-07-10,DOC,,,,,,
v16,conservative,short,stock,63,B_tail_entry_skipped,2026-07-10,HIW,,,,,,
v16,conservative,short,stock,63,B_tail_entry_skipped,2026-07-10,RHP,,,,,,
v16,conservative,short,stock,63,B_tail_entry_skipped,2026-07-10,CUZ,,,,,,
v16,conservative,short,stock,63,B_tail_entry_skipped,2026-07-10,GL,,,,,,
v16,conservative,short,stock,63,B_tail_entry_skipped,2026-07-10,MNST,,,,,,
v16,conservative,short,stock,63,B_tail_entry_skipped,2026-07-10,THG,,,,,,
v16,conservative,short,stock,63,B_tail_entry_skipped,2026-07-10,ESS,,,,,,
v16,conservative,short,stock,63,B_tail_entry_skipped,2026-07-10,HR,,,,,,
v16,conservative,short,stock,63,B_tail_entry_skipped,2026-07-10,VNO,,,,,,
v16,conservative,short,stock,63,B_tail_entry_skipped,2026-07-10,MSM,,,,,,
v16,conservative,short,stock,63,B_tail_entry_skipped,2026-07-10,CVS,,,,,,
v16,conservative,short,stock,63,B_tail_entry_skipped,2026-07-10,GEO,,,,,,
v16,conservative,short,stock,63,B_tail_entry_skipped,2026-07-10,MAA,,,,,,
v16,conservative,short,stock,63,B_tail_entry_skipped,2026-07-10,GWW,,,,,,
v16,conservative,short,stock,63,B_tail_entry_skipped,2026-07-10,SYY,,,,,,
v16,conservative,short,stock,63,B_tail_entry_skipped,2026-07-17,ESS,,,,,,
v16,conservative,short,stock,63,B_tail_entry_skipped,2026-07-17,INVH,,,,,,
v16,conservative,short,stock,63,B_tail_entry_skipped,2026-07-17,UDR,,,,,,
v16,conservative,short,stock,63,B_tail_entry_skipped,2026-07-17,THG,,,,,,
v16,conservative,short,stock,63,B_tail_entry_skipped,2026-07-17,EQR,,,,,,
v16,conservative,short,stock,63,B_tail_entry_skipped,2026-07-17,APLE,,,,,,
v16,conservative,short,stock,63,B_tail_entry_skipped,2026-07-17,AVB,,,,,,
v16,conservative,short,stock,63,B_tail_entry_skipped,2026-07-17,PFGC,,,,,,
v16,conservative,short,stock,63,B_tail_entry_skipped,2026-07-17,RHP,,,,,,
v16,conservative,short,stock,63,B_tail_entry_skipped,2026-07-17,LTH,,,,,,
v16,conservative,short,stock,63,B_tail_entry_skipped,2026-07-17,CACC,,,,,,
v16,conservative,short,stock,63,B_tail_entry_skipped,2026-07-17,BEN,,,,,,
v16,conservative,short,stock,63,B_tail_entry_skipped,2026-07-17,TD,,,,,,
v16,conservative,short,stock,63,B_tail_entry_skipped,2026-07-17,TROW,,,,,,
v16,conservative,short,stock,63,B_tail_entry_skipped,2026-07-17,SIRI,,,,,,
v16,conservative,short,stock,63,B_tail_entry_skipped,2026-07-17,CPT,,,,,,
v16,conservative,short,stock,63,B_tail_entry_skipped,2026-07-17,BTSG,,,,,,
v16,conservative,short,stock,63,B_tail_entry_skipped,2026-07-17,D,,,,,,
v16,conservative,short,stock,63,B_tail_entry_skipped,2026-07-17,V,,,,,,
v16,conservative,short,stock,63,B_tail_entry_skipped,2026-07-17,CVS,,,,,,
v16,conservative,short,stock,63,B_tail_entry_skipped,2026-07-24,VOYA,,,,,,
v16,conservative,short,stock,63,B_tail_entry_skipped,2026-07-24,INVH,,,,,,
v16,conservative,short,stock,63,B_tail_entry_skipped,2026-07-24,RY,,,,,,
v16,conservative,short,stock,63,B_tail_entry_skipped,2026-07-24,BXP,,,,,,
v16,conservative,short,stock,63,B_tail_entry_skipped,2026-07-24,STT,,,,,,
v16,conservative,short,stock,63,B_tail_entry_skipped,2026-07-24,VNO,,,,,,
v16,conservative,short,stock,63,B_tail_entry_skipped,2026-07-24,LTH,,,,,,
v16,conservative,short,stock,63,B_tail_entry_skipped,2026-07-24,PNC,,,,,,
v16,conservative,short,stock,63,B_tail_entry_skipped,2026-07-24,FRT,,,,,,
v16,conservative,short,stock,63,B_tail_entry_skipped,2026-07-24,LAMR,,,,,,
v16,conservative,short,stock,63,B_tail_entry_skipped,2026-07-24,AMH,,,,,,
v16,conservative,short,stock,63,B_tail_entry_skipped,2026-07-24,PFG,,,,,,
v16,conservative,short,stock,63,B_tail_entry_skipped,2026-07-24,V,,,,,,
v16,conservative,short,stock,63,B_tail_entry_skipped,2026-07-24,CVS,,,,,,
v16,conservative,short,stock,63,B_tail_entry_skipped,2026-07-24,NBIX,,,,,,
v16,conservative,short,stock,63,B_tail_entry_skipped,2026-07-24,MTB,,,,,,
v16,conservative,short,stock,63,B_tail_entry_skipped,2026-07-24,CHEF,,,,,,
v16,conservative,short,stock,63,B_tail_entry_skipped,2026-07-24,D,,,,,,
v16,conservative,short,stock,63,B_tail_entry_skipped,2026-07-24,AFG,,,,,,
v16,conservative,short,stock,63,B_tail_entry_skipped,2026-07-24,ARMK,,,,,,
v16,conservative,short,stock,63,B_tail_entry_skipped,2026-07-31,MET,,,,,,
v16,conservative,short,stock,63,B_tail_entry_skipped,2026-07-31,VOYA,,,,,,
v16,conservative,short,stock,63,B_tail_entry_skipped,2026-07-31,INVH,,,,,,
v16,conservative,short,stock,63,B_tail_entry_skipped,2026-07-31,V,,,,,,
v16,conservative,short,stock,63,B_tail_entry_skipped,2026-07-31,BMO,,,,,,
v16,conservative,short,stock,63,B_tail_entry_skipped,2026-07-31,BBY,,,,,,
v16,conservative,short,stock,63,B_tail_entry_skipped,2026-07-31,CRBG,,,,,,
v16,conservative,short,stock,63,B_tail_entry_skipped,2026-07-31,DVA,,,,,,
v16,conservative,short,stock,63,B_tail_entry_skipped,2026-07-31,PRI,,,,,,
v16,conservative,short,stock,63,B_tail_entry_skipped,2026-07-31,BPOP,,,,,,
v16,conservative,short,stock,63,B_tail_entry_skipped,2026-07-31,CLBK,,,,,,
v16,conservative,short,stock,63,B_tail_entry_skipped,2026-07-31,HR,,,,,,
v16,conservative,short,stock,63,B_tail_entry_skipped,2026-07-31,TRV,,,,,,
v16,conservative,short,stock,63,B_tail_entry_skipped,2026-07-31,AON,,,,,,
v16,conservative,short,stock,63,B_tail_entry_skipped,2026-07-31,CCK,,,,,,
v16,conservative,short,stock,63,B_tail_entry_skipped,2026-07-31,HALO,,,,,,
v16,conservative,short,stock,63,B_tail_entry_skipped,2026-07-31,CVS,,,,,,
v16,conservative,short,stock,63,B_tail_entry_skipped,2026-07-31,MUFG,,,,,,
v16,conservative,short,stock,63,B_tail_entry_skipped,2026-07-31,HSIC,,,,,,
v16,conservative,short,stock,63,B_tail_entry_skipped,2026-07-31,IBN,,,,,,
v16,conservative,short,stock,63,B_tail_entry_skipped,2026-08-07,PK,,,,,,
v16,conservative,short,stock,63,B_tail_entry_skipped,2026-08-07,BXP,,,,,,
v16,conservative,short,stock,63,B_tail_entry_skipped,2026-08-07,VNO,,,,,,
v16,conservative,short,stock,63,B_tail_entry_skipped,2026-08-07,SLF,,,,,,
v16,conservative,short,stock,63,B_tail_entry_skipped,2026-08-07,MTG,,,,,,
v16,conservative,short,stock,63,B_tail_entry_skipped,2026-08-07,V,,,,,,
v16,conservative,short,stock,63,B_tail_entry_skipped,2026-08-07,CNI,,,,,,
v16,conservative,short,stock,63,B_tail_entry_skipped,2026-08-07,LTH,,,,,,
v16,conservative,short,stock,63,B_tail_entry_skipped,2026-08-07,VOYA,,,,,,
v16,conservative,short,stock,63,B_tail_entry_skipped,2026-08-07,PRI,,,,,,
v16,conservative,short,stock,63,B_tail_entry_skipped,2026-08-07,PAYX,,,,,,
v16,conservative,short,stock,63,B_tail_entry_skipped,2026-08-07,AFL,,,,,,
v16,conservative,short,stock,63,B_tail_entry_skipped,2026-08-07,MA,,,,,,
v16,conservative,short,stock,63,B_tail_entry_skipped,2026-08-07,ADP,,,,,,
v16,conservative,short,stock,63,B_tail_entry_skipped,2026-08-07,CTAS,,,,,,
v16,conservative,short,stock,63,B_tail_entry_skipped,2026-08-07,CLBK,,,,,,
v16,conservative,short,stock,63,B_tail_entry_skipped,2026-08-07,TRV,,,,,,
v16,conservative,short,stock,63,B_tail_entry_skipped,2026-08-07,FWONK,,,,,,
v16,conservative,short,stock,63,B_tail_entry_skipped,2026-08-07,HRL,,,,,,
v16,conservative,short,stock,63,B_tail_entry_skipped,2026-08-07,MRK,,,,,,
v16,conservative,short,stock,63,B_tail_entry_skipped,2026-08-14,CFR,,,,,,
v16,conservative,short,stock,63,B_tail_entry_skipped,2026-08-14,PRU,,,,,,
v16,conservative,short,stock,63,B_tail_entry_skipped,2026-08-14,MTG,,,,,,
v16,conservative,short,stock,63,B_tail_entry_skipped,2026-08-14,PRI,,,,,,
v16,conservative,short,stock,63,B_tail_entry_skipped,2026-08-14,THG,,,,,,
v16,conservative,short,stock,63,B_tail_entry_skipped,2026-08-14,PNC,,,,,,
v16,conservative,short,stock,63,B_tail_entry_skipped,2026-08-14,HSIC,,,,,,
v16,conservative,short,stock,63,B_tail_entry_skipped,2026-08-14,IBN,,,,,,
v16,conservative,short,stock,63,B_tail_entry_skipped,2026-08-14,CCK,,,,,,
v16,conservative,short,stock,63,B_tail_entry_skipped,2026-08-14,USB,,,,,,
v16,conservative,short,stock,63,B_tail_entry_skipped,2026-08-14,MA,,,,,,
v16,conservative,short,stock,63,B_tail_entry_skipped,2026-08-14,TECH,,,,,,
v16,conservative,short,stock,63,B_tail_entry_skipped,2026-08-14,LH,,,,,,
v16,conservative,short,stock,63,B_tail_entry_skipped,2026-08-14,RJF,,,,,,
v16,conservative,short,stock,63,B_tail_entry_skipped,2026-08-14,VNO,,,,,,
v16,conservative,short,stock,63,B_tail_entry_skipped,2026-08-14,AJG,,,,,,
v16,conservative,short,stock,63,B_tail_entry_skipped,2026-08-14,AFG,,,,,,
v16,conservative,short,stock,63,B_tail_entry_skipped,2026-08-14,AWK,,,,,,
v16,conservative,short,stock,63,B_tail_entry_skipped,2026-08-14,LTH,,,,,,
v16,conservative,short,stock,63,B_tail_entry_skipped,2026-08-14,BPOP,,,,,,
v16,conservative,short,stock,63,B_tail_entry_skipped,2026-08-21,AMP,,,,,,
v16,conservative,short,stock,63,B_tail_entry_skipped,2026-08-21,TECH,,,,,,
v16,conservative,short,stock,63,B_tail_entry_skipped,2026-08-21,MA,,,,,,
v16,conservative,short,stock,63,B_tail_entry_skipped,2026-08-21,PAYX,,,,,,
v16,conservative,short,stock,63,B_tail_entry_skipped,2026-08-21,FAST,,,,,,
v16,conservative,short,stock,63,B_tail_entry_skipped,2026-08-21,USFD,,,,,,
v16,conservative,short,stock,63,B_tail_entry_skipped,2026-08-21,IBN,,,,,,
v16,conservative,short,stock,63,B_tail_entry_skipped,2026-08-21,CHE,,,,,,
v16,conservative,short,stock,63,B_tail_entry_skipped,2026-08-21,FWONK,,,,,,
v16,conservative,short,stock,63,B_tail_entry_skipped,2026-08-21,HQY,,,,,,
v16,conservative,short,stock,63,B_tail_entry_skipped,2026-08-21,GPC,,,,,,
v16,conservative,short,stock,63,B_tail_entry_skipped,2026-08-21,CCEP,,,,,,
v16,conservative,short,stock,63,B_tail_entry_skipped,2026-08-21,WSM,,,,,,
v16,conservative,short,stock,63,B_tail_entry_skipped,2026-08-21,WTW,,,,,,
v16,conservative,short,stock,63,B_tail_entry_skipped,2026-08-21,ALLE,,,,,,
v16,conservative,short,stock,63,B_tail_entry_skipped,2026-08-21,ECL,,,,,,
v16,conservative,short,stock,63,B_tail_entry_skipped,2026-08-21,LW,,,,,,
v16,conservative,short,stock,63,B_tail_entry_skipped,2026-08-21,AWK,,,,,,
v16,conservative,short,stock,63,B_tail_entry_skipped,2026-08-21,LTH,,,,,,
v16,conservative,short,stock,63,B_tail_entry_skipped,2026-08-21,CPAY,,,,,,
v16,conservative,short,stock,63,B_tail_entry_skipped,2026-08-28,SCHW,,,,,,
v16,conservative,short,stock,63,B_tail_entry_skipped,2026-08-28,LH,,,,,,
v16,conservative,short,stock,63,B_tail_entry_skipped,2026-08-28,BAC,,,,,,
v16,conservative,short,stock,63,B_tail_entry_skipped,2026-08-28,AMP,,,,,,
v16,conservative,short,stock,63,B_tail_entry_skipped,2026-08-28,IBN,,,,,,
v16,conservative,short,stock,63,B_tail_entry_skipped,2026-08-28,TECH,,,,,,
v16,conservative,short,stock,63,B_tail_entry_skipped,2026-08-28,CHE,,,,,,
v16,conservative,short,stock,63,B_tail_entry_skipped,2026-08-28,AJG,,,,,,
v16,conservative,short,stock,63,B_tail_entry_skipped,2026-08-28,JPM,,,,,,
v16,conservative,short,stock,63,B_tail_entry_skipped,2026-08-28,MSA,,,,,,
v16,conservative,short,stock,63,B_tail_entry_skipped,2026-08-28,LW,,,,,,
v16,conservative,short,stock,63,B_tail_entry_skipped,2026-08-28,AMGN,,,,,,
v16,conservative,short,stock,63,B_tail_entry_skipped,2026-08-28,LPLA,,,,,,
v16,conservative,short,stock,63,B_tail_entry_skipped,2026-08-28,MTD,,,,,,
v16,conservative,short,stock,63,B_tail_entry_skipped,2026-08-28,TMO,,,,,,
v16,conservative,short,stock,63,B_tail_entry_skipped,2026-08-28,ABT,,,,,,
v16,conservative,short,stock,63,B_tail_entry_skipped,2026-08-28,MDT,,,,,,
v16,conservative,short,stock,63,B_tail_entry_skipped,2026-08-28,MKC,,,,,,
v16,conservative,short,stock,63,B_tail_entry_skipped,2026-08-28,TTEK,,,,,,
v16,conservative,short,stock,63,B_tail_entry_skipped,2026-08-28,NEU,,,,,,
v16,conservative,short,stock,63,B_tail_entry_skipped,2026-09-04,SEIC,,,,,,
v16,conservative,short,stock,63,B_tail_entry_skipped,2026-09-04,CFR,,,,,,
v16,conservative,short,stock,63,B_tail_entry_skipped,2026-09-04,JPM,,,,,,
v16,conservative,short,stock,63,B_tail_entry_skipped,2026-09-04,V,,,,,,
v16,conservative,short,stock,63,B_tail_entry_skipped,2026-09-04,GPC,,,,,,
v16,conservative,short,stock,63,B_tail_entry_skipped,2026-09-04,LH,,,,,,
v16,conservative,short,stock,63,B_tail_entry_skipped,2026-09-04,AMGN,,,,,,
v16,conservative,short,stock,63,B_tail_entry_skipped,2026-09-04,MA,,,,,,
v16,conservative,short,stock,63,B_tail_entry_skipped,2026-09-04,TTEK,,,,,,
v16,conservative,short,stock,63,B_tail_entry_skipped,2026-09-04,RSG,,,,,,
v16,conservative,short,stock,63,B_tail_entry_skipped,2026-09-04,WTW,,,,,,
v16,conservative,short,stock,63,B_tail_entry_skipped,2026-09-04,BRO,,,,,,
v16,conservative,short,stock,63,B_tail_entry_skipped,2026-09-04,AJG,,,,,,
v16,conservative,short,stock,63,B_tail_entry_skipped,2026-09-04,STT,,,,,,
v16,conservative,short,stock,63,B_tail_entry_skipped,2026-09-04,ATAI,,,,,,
v16,conservative,short,stock,63,B_tail_entry_skipped,2026-09-04,PAG,,,,,,
v16,conservative,short,stock,63,B_tail_entry_skipped,2026-09-04,BAC,,,,,,
v16,conservative,short,stock,63,B_tail_entry_skipped,2026-09-04,SSNC,,,,,,
v16,conservative,short,stock,63,B_tail_entry_skipped,2026-09-04,SCHW,,,,,,
v16,conservative,short,stock,63,B_tail_entry_skipped,2026-09-04,TGT,,,,,,
v16,conservative,short,stock,63,B_tail_entry_skipped,2026-09-14,AMP,,,,,,
v16,conservative,short,stock,63,B_tail_entry_skipped,2026-09-14,V,,,,,,
v16,conservative,short,stock,63,B_tail_entry_skipped,2026-09-14,MA,,,,,,
v16,conservative,short,stock,63,B_tail_entry_skipped,2026-09-14,PAYX,,,,,,
v16,conservative,short,stock,63,B_tail_entry_skipped,2026-09-14,HSIC,,,,,,
v16,conservative,short,stock,63,B_tail_entry_skipped,2026-09-14,J,,,,,,
v16,conservative,short,stock,63,B_tail_entry_skipped,2026-09-14,JXN,,,,,,
v16,conservative,short,stock,63,B_tail_entry_skipped,2026-09-14,AWK,,,,,,
v16,conservative,short,stock,63,B_tail_entry_skipped,2026-09-14,THG,,,,,,
v16,conservative,short,stock,63,B_tail_entry_skipped,2026-09-14,PAG,,,,,,
v16,conservative,short,stock,63,B_tail_entry_skipped,2026-09-14,TECH,,,,,,
v16,conservative,short,stock,63,B_tail_entry_skipped,2026-09-14,VOYA,,,,,,
v16,conservative,short,stock,63,B_tail_entry_skipped,2026-09-14,LH,,,,,,
v16,conservative,short,stock,63,B_tail_entry_skipped,2026-09-14,PSX,,,,,,
v16,conservative,short,stock,63,B_tail_entry_skipped,2026-09-14,DGX,,,,,,
v16,conservative,short,stock,63,B_tail_entry_skipped,2026-09-14,MET,,,,,,
v16,conservative,short,stock,63,B_tail_entry_skipped,2026-09-14,IQV,,,,,,
v16,conservative,short,stock,63,B_tail_entry_skipped,2026-09-14,ICE,,,,,,
v16,conservative,short,stock,63,B_tail_entry_skipped,2026-09-14,PTGX,,,,,,
v16,conservative,short,stock,63,B_tail_entry_skipped,2026-09-14,RSG,,,,,,
