variant,profile,view,list_type,top,holding,period,days,days_observable,mean_slot_pct,t_slot,tail_5pct_mean_pct,worst_day_pct,mean_slot_legacy_pct,mean_slot_zero_pct,mean_slot_loss_pct,mean_unfilled_pct,hit_rate,median_listed,selected_names,observable_names,observable_share,empty_slots,n_ok,n_ok_bridged,n_ok_late_exit,n_renamed,n_censored_temporary,n_censored_terminal,n_censored_unknown,n_censored_unverified,n_no_entry_bar,n_identity_uncertain,days_short,unclassified_share,extended_share,turnover
cons17,conservative,long,mixed,10,5,ALL,176,176,0.075,0.38,-6.031,-9.402,0.078,0.07,-0.436,0.08,0.473,10.0,1720,1707,0.9924,40,1707,0,0,0,0,9,0,0,4,0,12,0.138,0.489,0.65
cons17,conservative,long,mixed,10,5,P1,91,91,0.045,0.18,-5.003,-5.97,0.048,0.041,-0.512,0.059,0.456,10,884,877,0.9921,26,877,0,0,0,0,5,0,0,2,0,8,0.067,0.46,0.645
cons17,conservative,long,mixed,10,5,P2,85,85,0.106,0.35,-6.605,-9.402,0.11,0.101,-0.354,0.102,0.49,10,836,830,0.9928,14,830,0,0,0,0,4,0,0,2,0,4,0.211,0.519,0.656
cons17,conservative,long,mixed,10,5,2023,40,40,-0.26,-1.01,-4.15,-5.335,-0.233,-0.254,-0.756,-0.247,0.458,10.0,380,376,0.9895,20,376,0,0,0,0,2,0,0,2,0,7,0.078,0.463,0.627
cons17,conservative,long,mixed,10,5,2024,51,51,0.285,0.71,-5.307,-5.97,0.268,0.272,-0.32,0.299,0.455,10,504,501,0.994,6,501,0,0,0,0,3,0,0,0,0,1,0.058,0.457,0.652
cons17,conservative,long,mixed,10,5,2025,50,50,0.384,1.12,-5.371,-7.746,0.376,0.382,0.0,0.375,0.51,10.0,492,489,0.9939,8,489,0,0,0,0,2,0,0,1,0,2,0.242,0.544,0.639
cons17,conservative,long,mixed,10,5,2026,35,35,-0.291,-0.54,-8.099,-9.402,-0.272,-0.302,-0.861,-0.287,0.463,10,344,341,0.9913,6,341,0,0,0,0,2,0,0,1,0,2,0.168,0.484,0.684
cons17,conservative,long,mixed,10,20,ALL,173,173,-0.078,-0.17,-9.383,-12.027,-0.063,-0.07,-2.338,-0.048,0.431,10,1690,1647,0.9746,40,1647,0,0,0,0,36,3,0,4,0,12,0.141,0.49,0.647
cons17,conservative,long,mixed,10,20,P1,91,91,0.16,0.25,-8.018,-12.027,0.157,0.156,-1.857,0.237,0.431,10,884,864,0.9774,26,864,0,0,0,0,18,0,0,2,0,8,0.067,0.46,0.645
cons17,conservative,long,mixed,10,20,P2,82,82,-0.341,-0.5,-9.675,-10.939,-0.307,-0.321,-2.871,-0.364,0.43,10.0,806,783,0.9715,14,783,0,0,0,0,18,3,0,2,0,4,0.219,0.523,0.648
cons17,conservative,long,mixed,10,20,2023,40,40,-0.121,-0.3,-6.308,-6.514,-0.091,-0.111,-2.652,-0.049,0.467,10.0,380,368,0.9684,20,368,0,0,0,0,10,0,0,2,0,7,0.078,0.463,0.627
cons17,conservative,long,mixed,10,20,2024,51,51,0.38,0.35,-9.03,-12.027,0.352,0.365,-1.234,0.462,0.404,10,504,496,0.9841,6,496,0,0,0,0,8,0,0,0,0,1,0.058,0.457,0.652
cons17,conservative,long,mixed,10,20,2025,50,50,0.545,0.63,-8.998,-10.341,0.543,0.519,-1.425,0.596,0.463,10.0,492,481,0.9776,8,481,0,0,0,0,10,0,0,1,0,2,0.242,0.544,0.639
cons17,conservative,long,mixed,10,20,2026,32,32,-1.726,-1.94,-10.413,-10.939,-1.635,-1.635,-5.131,-1.865,0.379,10.0,314,302,0.9618,6,302,0,0,0,0,8,3,0,1,0,2,0.184,0.491,0.667
cons17,conservative,long,mixed,10,63,ALL,165,165,-0.36,-0.31,-16.672,-19.494,-0.486,-0.428,-5.314,-0.46,0.379,10,1610,1529,0.9497,40,1527,0,0,2,0,77,0,0,4,0,12,0.145,0.501,0.643
cons17,conservative,long,mixed,10,63,P1,91,91,0.113,0.15,-11.967,-15.041,-0.059,0.021,-3.308,0.155,0.38,10,884,853,0.9649,26,853,0,0,0,0,29,0,0,2,0,8,0.067,0.46,0.645
cons17,conservative,long,mixed,10,63,P2,74,74,-0.942,-0.4,-18.778,-19.494,-1.01,-0.98,-7.781,-1.217,0.377,10.0,726,676,0.9311,14,674,0,0,2,0,48,0,0,2,0,4,0.237,0.551,0.641
cons17,conservative,long,mixed,10,63,2023,40,40,0.958,1.01,-9.505,-9.535,0.683,0.831,-4.387,1.095,0.427,10.0,380,358,0.9421,20,358,0,0,0,0,20,0,0,2,0,7,0.078,0.463,0.627
cons17,conservative,long,mixed,10,63,2024,51,51,-0.55,-0.5,-13.149,-15.041,-0.642,-0.614,-2.461,-0.582,0.342,10,504,495,0.9821,6,495,0,0,0,0,9,0,0,0,0,1,0.058,0.457,0.652
cons17,conservative,long,mixed,10,63,2025,50,50,1.936,0.73,-17.806,-19.494,1.607,1.674,-4.72,1.863,0.448,10.0,492,460,0.935,8,458,0,0,2,0,31,0,0,1,0,2,0.242,0.544,0.639
cons17,conservative,long,mixed,10,63,2026,24,24,-6.939,-5.46,-18.365,-19.06,-6.461,-6.508,-14.156,-7.633,0.23,10.0,234,216,0.9231,6,216,0,0,0,0,17,0,0,1,0,2,0.225,0.567,0.651
cons17,conservative,long,mixed,20,5,ALL,176,176,0.01,0.06,-4.933,-7.421,0.01,0.007,-0.361,0.02,0.472,20.0,3178,3161,0.9947,342,3161,0,0,0,0,11,2,0,4,0,48,0.154,0.487,0.64
cons17,conservative,long,mixed,20,5,P1,91,91,-0.041,-0.21,-4.055,-5.005,-0.041,-0.044,-0.376,-0.0,0.454,20,1646,1638,0.9951,174,1638,0,0,0,0,6,0,0,2,0,20,0.082,0.476,0.636
cons17,conservative,long,mixed,20,5,P2,85,85,0.064,0.25,-5.494,-7.421,0.066,0.061,-0.345,0.041,0.491,20,1532,1523,0.9941,168,1523,0,0,0,0,5,2,0,2,0,28,0.231,0.499,0.644
cons17,conservative,long,mixed,20,5,2023,40,40,-0.22,-1.21,-3.453,-3.553,-0.213,-0.22,-0.599,-0.166,0.456,20.0,660,655,0.9924,140,655,0,0,0,0,3,0,0,2,0,15,0.087,0.468,0.615
cons17,conservative,long,mixed,20,5,2024,51,51,0.099,0.31,-4.456,-5.005,0.093,0.095,-0.202,0.129,0.452,20,986,983,0.997,34,983,0,0,0,0,3,0,0,0,0,5,0.079,0.482,0.646
cons17,conservative,long,mixed,20,5,2025,50,50,0.261,0.92,-4.374,-6.26,0.254,0.259,-0.036,0.23,0.511,20.0,911,907,0.9956,89,907,0,0,0,0,3,0,0,1,0,15,0.261,0.521,0.631
cons17,conservative,long,mixed,20,5,2026,35,35,-0.217,-0.48,-6.342,-7.421,-0.203,-0.222,-0.787,-0.228,0.463,20,621,616,0.9919,79,616,0,0,0,0,2,2,0,1,0,13,0.187,0.467,0.666
cons17,conservative,long,mixed,20,20,ALL,173,173,-0.213,-0.58,-7.686,-10.628,-0.212,-0.217,-1.792,-0.247,0.432,20,3123,3065,0.9814,337,3064,0,0,1,0,49,5,0,4,0,47,0.157,0.489,0.639
cons17,conservative,long,mixed,20,20,P1,91,91,-0.275,-0.56,-6.462,-10.274,-0.285,-0.284,-1.634,-0.146,0.426,20,1646,1620,0.9842,174,1620,0,0,0,0,24,0,0,2,0,20,0.082,0.476,0.636
cons17,conservative,long,mixed,20,20,P2,82,82,-0.144,-0.26,-8.14,-10.628,-0.131,-0.143,-1.968,-0.36,0.439,20.0,1477,1445,0.9783,163,1444,0,0,1,0,25,5,0,2,0,27,0.239,0.503,0.641
cons17,conservative,long,mixed,20,20,2023,40,40,-0.543,-2.06,-4.615,-4.762,-0.523,-0.534,-2.063,-0.38,0.452,20.0,660,646,0.9788,140,646,0,0,0,0,12,0,0,2,0,15,0.087,0.468,0.615
cons17,conservative,long,mixed,20,20,2024,51,51,-0.065,-0.08,-7.355,-10.274,-0.098,-0.088,-1.297,0.038,0.405,20,986,974,0.9878,34,974,0,0,0,0,12,0,0,0,0,5,0.079,0.482,0.646
cons17,conservative,long,mixed,20,20,2025,50,50,0.501,0.69,-8.859,-10.628,0.485,0.479,-0.802,0.486,0.473,20.0,911,897,0.9846,89,896,0,0,1,0,13,0,0,1,0,15,0.261,0.521,0.631
cons17,conservative,long,mixed,20,20,2026,32,32,-1.153,-1.84,-6.789,-7.559,-1.093,-1.115,-3.791,-1.68,0.387,20.0,566,548,0.9682,74,548,0,0,0,0,12,5,0,1,0,12,0.205,0.476,0.66
cons17,conservative,long,mixed,20,63,ALL,165,165,-0.324,-0.29,-12.814,-17.52,-0.39,-0.355,-3.629,-0.594,0.392,20,2990,2883,0.9642,310,2879,0,0,4,0,102,0,1,4,0,41,0.161,0.497,0.634
cons17,conservative,long,mixed,20,63,P1,91,91,-0.687,-1.03,-10.639,-13.254,-0.766,-0.713,-3.069,-0.603,0.383,20,1646,1603,0.9739,174,1603,0,0,0,0,41,0,0,2,0,20,0.082,0.476,0.636
cons17,conservative,long,mixed,20,63,P2,74,74,0.122,0.05,-14.035,-17.52,0.073,0.086,-4.318,-0.583,0.404,20.0,1344,1280,0.9524,136,1276,0,0,4,0,61,0,1,2,0,21,0.256,0.523,0.631
cons17,conservative,long,mixed,20,63,2023,40,40,0.082,0.08,-8.025,-9.387,-0.02,0.07,-3.184,0.324,0.432,20.0,660,633,0.9591,140,633,0,0,0,0,25,0,0,2,0,15,0.087,0.468,0.615
cons17,conservative,long,mixed,20,63,2024,51,51,-1.29,-1.66,-11.755,-13.254,-1.351,-1.326,-2.979,-1.33,0.344,20,986,970,0.9838,34,970,0,0,0,0,16,0,0,0,0,5,0.079,0.482,0.646
cons17,conservative,long,mixed,20,63,2025,50,50,2.855,1.09,-14.187,-17.52,2.644,2.686,-1.447,2.644,0.483,20.0,911,870,0.955,89,866,0,0,4,0,39,0,1,1,0,15,0.261,0.521,0.631
cons17,conservative,long,mixed,20,63,2026,24,24,-5.571,-6.23,-12.349,-13.044,-5.284,-5.332,-10.298,-7.304,0.239,20.0,433,410,0.9469,47,410,0,0,0,0,22,0,0,1,0,6,0.245,0.526,0.634
cons17,conservative,long,stock,10,5,ALL,176,176,0.221,1.06,-6.184,-11.569,0.224,0.215,-0.521,0.28,0.508,10.0,1681,1664,0.9899,79,1664,0,0,0,0,11,2,0,4,0,21,0.15,0.487,0.6
cons17,conservative,long,stock,10,5,P1,91,91,0.225,0.84,-5.004,-5.97,0.225,0.218,-0.447,0.226,0.501,10,880,872,0.9909,30,872,0,0,0,0,6,0,0,2,0,9,0.078,0.475,0.582
cons17,conservative,long,stock,10,5,P2,85,85,0.216,0.67,-6.885,-11.569,0.223,0.211,-0.6,0.338,0.515,10,801,792,0.9888,49,792,0,0,0,0,5,2,0,2,0,12,0.227,0.5,0.618
cons17,conservative,long,stock,10,5,2023,40,40,-0.121,-0.41,-4.561,-5.335,-0.1,-0.12,-0.878,-0.136,0.483,10.0,377,372,0.9867,23,372,0,0,0,0,3,0,0,2,0,7,0.081,0.491,0.569
cons17,conservative,long,stock,10,5,2024,51,51,0.496,1.2,-5.299,-5.97,0.479,0.483,-0.109,0.51,0.515,10,503,500,0.994,7,500,0,0,0,0,3,0,0,0,0,2,0.075,0.463,0.59
cons17,conservative,long,stock,10,5,2025,50,50,0.533,1.53,-4.959,-6.456,0.526,0.537,-0.052,0.715,0.546,10.0,468,464,0.9915,32,464,0,0,0,0,3,0,0,1,0,6,0.254,0.513,0.619
cons17,conservative,long,stock,10,5,2026,35,35,-0.235,-0.39,-9.188,-11.569,-0.211,-0.254,-1.383,-0.2,0.472,10,333,328,0.985,17,328,0,0,0,0,2,2,0,1,0,6,0.189,0.481,0.619
cons17,conservative,long,stock,10,20,ALL,173,173,0.387,0.74,-9.963,-13.142,0.408,0.392,-2.407,0.447,0.491,10,1651,1599,0.9685,79,1599,0,0,0,0,44,4,0,4,0,21,0.153,0.49,0.597
cons17,conservative,long,stock,10,20,P1,91,91,0.846,1.14,-8.433,-13.142,0.825,0.82,-1.65,0.93,0.523,10,880,856,0.9727,30,856,0,0,0,0,22,0,0,2,0,9,0.078,0.475,0.582
cons17,conservative,long,stock,10,20,P2,82,82,-0.122,-0.17,-10.674,-12.75,-0.055,-0.083,-3.246,-0.089,0.456,10.0,771,743,0.9637,49,743,0,0,0,0,22,4,0,2,0,12,0.235,0.506,0.612
cons17,conservative,long,stock,10,20,2023,40,40,0.091,0.16,-7.231,-7.32,0.099,0.08,-2.978,0.169,0.492,10.0,377,363,0.9629,23,363,0,0,0,0,12,0,0,2,0,7,0.081,0.491,0.569
cons17,conservative,long,stock,10,20,2024,51,51,1.437,1.17,-9.234,-13.142,1.394,1.401,-0.609,1.527,0.548,10,503,493,0.9801,7,493,0,0,0,0,10,0,0,0,0,2,0.075,0.463,0.59
cons17,conservative,long,stock,10,20,2025,50,50,0.934,1.15,-9.17,-11.41,0.951,0.935,-1.223,1.144,0.503,10.0,468,456,0.9744,32,456,0,0,0,0,11,0,0,1,0,6,0.254,0.513,0.619
cons17,conservative,long,stock,10,20,2026,32,32,-1.772,-1.71,-11.302,-12.75,-1.627,-1.675,-6.407,-2.015,0.382,10.0,303,287,0.9472,17,287,0,0,0,0,11,4,0,1,0,6,0.207,0.495,0.605
cons17,conservative,long,stock,10,63,ALL,165,165,1.546,1.18,-15.836,-19.878,1.384,1.452,-4.226,1.37,0.464,10,1577,1484,0.941,73,1482,0,0,2,0,89,0,0,4,0,19,0.155,0.498,0.594
cons17,conservative,long,stock,10,63,P1,91,91,2.519,2.35,-11.524,-17.12,2.267,2.373,-1.883,2.57,0.487,10,880,841,0.9557,30,841,0,0,0,0,37,0,0,2,0,9,0.078,0.475,0.582
cons17,conservative,long,stock,10,63,P2,74,74,0.35,0.14,-17.998,-19.878,0.298,0.319,-7.107,-0.105,0.436,10.0,697,643,0.9225,43,641,0,0,2,0,52,0,0,2,0,10,0.25,0.526,0.608
cons17,conservative,long,stock,10,63,2023,40,40,2.351,2.47,-7.613,-7.919,1.97,2.182,-4.352,2.471,0.496,10.0,377,350,0.9284,23,350,0,0,0,0,25,0,0,2,0,7,0.081,0.491,0.569
cons17,conservative,long,stock,10,63,2024,51,51,2.65,1.65,-13.043,-17.12,2.5,2.524,0.054,2.648,0.48,10,503,491,0.9761,7,491,0,0,0,0,12,0,0,0,0,2,0.075,0.463,0.59
cons17,conservative,long,stock,10,63,2025,50,50,3.833,1.56,-14.254,-17.547,3.479,3.561,-3.073,3.702,0.513,10.0,468,435,0.9295,32,433,0,0,2,0,32,0,0,1,0,6,0.254,0.513,0.619
cons17,conservative,long,stock,10,63,2026,24,24,-6.906,-5.06,-18.92,-19.878,-6.329,-6.435,-15.513,-8.038,0.275,10.0,229,208,0.9083,11,208,0,0,0,0,20,0,0,1,0,4,0.242,0.554,0.589
cons17,conservative,long,stock,20,5,ALL,176,176,0.079,0.49,-4.97,-8.182,0.079,0.075,-0.322,0.161,0.495,20.0,2943,2925,0.9939,577,2925,0,0,0,0,12,2,0,4,0,74,0.161,0.469,0.618
cons17,conservative,long,stock,20,5,P1,91,91,0.052,0.26,-3.93,-5.005,0.05,0.047,-0.343,0.101,0.48,20,1559,1550,0.9942,261,1550,0,0,0,0,7,0,0,2,0,33,0.091,0.453,0.609
cons17,conservative,long,stock,20,5,P2,85,85,0.109,0.42,-5.691,-8.182,0.11,0.105,-0.301,0.225,0.51,20,1384,1375,0.9935,316,1375,0,0,0,0,5,2,0,2,0,41,0.235,0.488,0.627
cons17,conservative,long,stock,20,5,2023,40,40,-0.175,-0.85,-3.57,-3.643,-0.171,-0.179,-0.689,-0.164,0.453,18.5,636,630,0.9906,164,630,0,0,0,0,4,0,0,2,0,21,0.101,0.454,0.614
cons17,conservative,long,stock,20,5,2024,51,51,0.23,0.72,-4.169,-5.005,0.223,0.225,-0.072,0.308,0.502,20,923,920,0.9967,97,920,0,0,0,0,3,0,0,0,0,12,0.084,0.452,0.604
cons17,conservative,long,stock,20,5,2025,50,50,0.247,0.82,-4.837,-7.336,0.239,0.243,-0.051,0.477,0.536,20.0,832,828,0.9952,168,828,0,0,0,0,3,0,0,1,0,22,0.264,0.506,0.609
cons17,conservative,long,stock,20,5,2026,35,35,-0.088,-0.2,-6.448,-8.182,-0.075,-0.093,-0.657,-0.134,0.473,19,552,547,0.9909,148,547,0,0,0,0,2,2,0,1,0,19,0.193,0.462,0.659
cons17,conservative,long,stock,20,20,ALL,173,173,0.112,0.29,-7.907,-12.198,0.102,0.102,-1.684,0.121,0.479,20,2903,2838,0.9776,557,2837,0,0,1,0,56,5,0,4,0,71,0.163,0.471,0.615
cons17,conservative,long,stock,20,20,P1,91,91,0.145,0.27,-6.683,-10.72,0.128,0.13,-1.335,0.352,0.5,20,1559,1531,0.982,261,1531,0,0,0,0,26,0,0,2,0,33,0.091,0.453,0.609
cons17,conservative,long,stock,20,20,P2,82,82,0.075,0.13,-8.487,-12.198,0.072,0.071,-2.071,-0.136,0.455,20.0,1344,1307,0.9725,296,1306,0,0,1,0,30,5,0,2,0,38,0.242,0.491,0.621
cons17,conservative,long,stock,20,20,2023,40,40,-0.452,-1.66,-5.395,-5.683,-0.437,-0.448,-2.11,-0.325,0.475,18.5,636,621,0.9764,164,621,0,0,0,0,13,0,0,2,0,21,0.101,0.454,0.614
cons17,conservative,long,stock,20,20,2024,51,51,0.613,0.66,-7.504,-10.72,0.571,0.583,-0.726,0.883,0.521,20,923,910,0.9859,97,910,0,0,0,0,13,0,0,0,0,12,0.084,0.452,0.604
cons17,conservative,long,stock,20,20,2025,50,50,0.667,0.92,-9.403,-12.198,0.645,0.644,-0.843,0.917,0.496,20.0,832,816,0.9808,168,815,0,0,1,0,15,0,0,1,0,22,0.264,0.506,0.609
cons17,conservative,long,stock,20,20,2026,32,32,-0.849,-1.27,-6.593,-7.146,-0.823,-0.825,-3.99,-1.78,0.39,19.5,512,491,0.959,128,491,0,0,0,0,15,5,0,1,0,16,0.209,0.467,0.648
cons17,conservative,long,stock,20,63,ALL,165,165,0.824,0.72,-11.786,-17.473,0.734,0.789,-3.071,0.711,0.451,20,2803,2678,0.9554,497,2674,0,0,4,0,120,0,1,4,0,64,0.167,0.477,0.609
cons17,conservative,long,stock,20,63,P1,91,91,0.81,0.85,-9.69,-11.081,0.684,0.77,-2.224,1.186,0.461,20,1559,1505,0.9654,261,1505,0,0,0,0,52,0,0,2,0,33,0.091,0.453,0.609
cons17,conservative,long,stock,20,63,P2,74,74,0.841,0.37,-13.801,-17.473,0.796,0.814,-4.111,0.127,0.44,20.0,1244,1173,0.9429,236,1169,0,0,4,0,68,0,1,2,0,31,0.26,0.507,0.609
cons17,conservative,long,stock,20,63,2023,40,40,0.931,0.61,-9.32,-9.532,0.808,0.913,-2.875,1.21,0.474,18.5,636,605,0.9513,164,605,0,0,0,0,29,0,0,2,0,21,0.101,0.454,0.614
cons17,conservative,long,stock,20,63,2024,51,51,0.715,0.72,-9.937,-11.081,0.587,0.657,-1.713,1.167,0.45,20,923,900,0.9751,97,900,0,0,0,0,23,0,0,0,0,12,0.084,0.452,0.604
cons17,conservative,long,stock,20,63,2025,50,50,3.747,1.6,-11.27,-17.473,3.507,3.563,-0.894,3.876,0.523,20.0,832,788,0.9471,168,784,0,0,4,0,42,0,1,1,0,22,0.264,0.506,0.609
cons17,conservative,long,stock,20,63,2026,24,24,-5.213,-4.64,-13.05,-13.262,-4.852,-4.915,-10.814,-7.686,0.267,20.0,412,385,0.9345,68,385,0,0,0,0,26,0,0,1,0,9,0.252,0.51,0.617
cons17,conservative,mid,mixed,10,5,ALL,176,176,-0.048,-0.26,-5.99,-8.796,-0.039,-0.046,-0.495,-0.056,0.464,10.0,1648,1636,0.9927,112,1636,0,0,0,0,7,1,0,4,0,27,0.133,0.524,0.678
cons17,conservative,mid,mixed,10,5,P1,91,91,-0.138,-0.57,-4.387,-5.692,-0.125,-0.133,-0.574,-0.141,0.437,10,849,843,0.9929,61,843,0,0,0,0,4,0,0,2,0,14,0.071,0.504,0.678
cons17,conservative,mid,mixed,10,5,P2,85,85,0.047,0.16,-7.136,-8.796,0.053,0.046,-0.409,0.036,0.493,10,799,793,0.9925,51,793,0,0,0,0,3,1,0,2,0,13,0.196,0.545,0.68
cons17,conservative,mid,mixed,10,5,2023,40,40,-0.275,-1.09,-4.129,-4.171,-0.25,-0.268,-0.769,-0.292,0.453,10.0,358,354,0.9888,42,354,0,0,0,0,2,0,0,2,0,10,0.073,0.519,0.645
cons17,conservative,mid,mixed,10,5,2024,51,51,-0.03,-0.08,-4.558,-5.692,-0.028,-0.027,-0.421,-0.023,0.424,10,491,489,0.9959,19,489,0,0,0,0,2,0,0,0,0,4,0.069,0.49,0.698
cons17,conservative,mid,mixed,10,5,2025,50,50,0.301,0.82,-6.113,-7.746,0.294,0.3,-0.082,0.264,0.516,10.0,472,469,0.9936,28,469,0,0,0,0,2,0,0,1,0,6,0.229,0.589,0.66
cons17,conservative,mid,mixed,10,5,2026,35,35,-0.315,-0.66,-8.07,-8.796,-0.291,-0.316,-0.877,-0.29,0.46,10,327,324,0.9908,23,324,0,0,0,0,1,1,0,1,0,7,0.15,0.483,0.714
cons17,conservative,mid,mixed,10,20,ALL,173,173,-0.222,-0.48,-9.327,-10.966,-0.218,-0.225,-2.086,-0.231,0.425,10,1618,1582,0.9778,112,1582,0,0,0,0,29,3,0,4,0,27,0.135,0.527,0.675
cons17,conservative,mid,mixed,10,20,P1,91,91,-0.137,-0.21,-8.624,-10.966,-0.135,-0.143,-1.493,0.035,0.421,10,849,835,0.9835,61,835,0,0,0,0,12,0,0,2,0,14,0.071,0.504,0.678
cons17,conservative,mid,mixed,10,20,P2,82,82,-0.317,-0.48,-9.4,-10.939,-0.31,-0.317,-2.745,-0.527,0.428,10.0,769,747,0.9714,51,747,0,0,0,0,17,3,0,2,0,13,0.203,0.551,0.673
cons17,conservative,mid,mixed,10,20,2023,40,40,-0.114,-0.27,-6.485,-7.146,-0.081,-0.108,-1.892,0.077,0.465,10.0,358,349,0.9749,42,349,0,0,0,0,7,0,0,2,0,10,0.073,0.519,0.645
cons17,conservative,mid,mixed,10,20,2024,51,51,-0.155,-0.14,-9.829,-10.966,-0.177,-0.171,-1.18,0.002,0.387,10,491,486,0.9898,19,486,0,0,0,0,5,0,0,0,0,4,0.069,0.49,0.698
cons17,conservative,mid,mixed,10,20,2025,50,50,0.365,0.4,-8.219,-9.543,0.344,0.324,-1.619,0.22,0.453,10.0,472,461,0.9767,28,461,0,0,0,0,10,0,0,1,0,6,0.229,0.589,0.66
cons17,conservative,mid,mixed,10,20,2026,32,32,-1.383,-1.76,-10.598,-10.939,-1.331,-1.318,-4.504,-1.693,0.39,10.0,297,286,0.963,23,286,0,0,0,0,7,3,0,1,0,7,0.164,0.493,0.699
cons17,conservative,mid,mixed,10,63,ALL,165,165,-0.411,-0.35,-15.501,-19.494,-0.505,-0.439,-4.95,-0.569,0.374,10,1544,1469,0.9514,106,1467,0,0,2,0,71,0,0,4,0,24,0.14,0.541,0.67
cons17,conservative,mid,mixed,10,63,P1,91,91,-0.727,-1.08,-12.137,-16.294,-0.827,-0.734,-3.494,-0.503,0.363,10,849,823,0.9694,61,823,0,0,0,0,24,0,0,2,0,14,0.071,0.504,0.678
cons17,conservative,mid,mixed,10,63,P2,74,74,-0.023,-0.01,-17.452,-19.494,-0.108,-0.077,-6.739,-0.65,0.387,10.0,695,646,0.9295,45,644,0,0,2,0,47,0,0,2,0,10,0.222,0.585,0.662
cons17,conservative,mid,mixed,10,63,2023,40,40,0.072,0.09,-9.577,-10.066,-0.106,0.08,-4.611,0.721,0.414,10.0,358,338,0.9441,42,338,0,0,0,0,18,0,0,2,0,10,0.073,0.519,0.645
cons17,conservative,mid,mixed,10,63,2024,51,51,-1.353,-1.29,-13.335,-16.294,-1.393,-1.373,-2.618,-1.463,0.324,10,491,485,0.9878,19,485,0,0,0,0,6,0,0,0,0,4,0.069,0.49,0.698
cons17,conservative,mid,mixed,10,63,2025,50,50,2.85,0.98,-17.501,-19.494,2.51,2.57,-3.824,2.524,0.46,10.0,472,440,0.9322,28,438,0,0,2,0,31,0,0,1,0,6,0.229,0.589,0.66
cons17,conservative,mid,mixed,10,63,2026,24,24,-6.007,-5.77,-15.713,-16.553,-5.563,-5.59,-12.813,-7.265,0.237,10.0,223,206,0.9238,17,206,0,0,0,0,16,0,0,1,0,4,0.208,0.576,0.674
cons17,conservative,mid,mixed,20,5,ALL,176,176,-0.048,-0.33,-4.749,-7.684,-0.047,-0.05,-0.361,-0.028,0.472,18.0,2775,2760,0.9946,745,2760,0,0,0,0,10,1,0,4,0,100,0.151,0.506,0.668
cons17,conservative,mid,mixed,20,5,P1,91,91,-0.111,-0.59,-3.803,-4.23,-0.11,-0.113,-0.445,-0.085,0.454,19,1477,1469,0.9946,343,1469,0,0,0,0,6,0,0,2,0,46,0.084,0.486,0.669
cons17,conservative,mid,mixed,20,5,P2,85,85,0.018,0.08,-5.4,-7.684,0.02,0.017,-0.272,0.032,0.49,16,1298,1291,0.9946,402,1291,0,0,0,0,4,1,0,2,0,54,0.222,0.526,0.669
cons17,conservative,mid,mixed,20,5,2023,40,40,-0.221,-1.36,-3.091,-3.272,-0.214,-0.221,-0.6,-0.228,0.462,16.5,583,578,0.9914,217,578,0,0,0,0,3,0,0,2,0,26,0.09,0.485,0.642
cons17,conservative,mid,mixed,20,5,2024,51,51,-0.024,-0.08,-4.04,-4.23,-0.029,-0.027,-0.324,0.028,0.448,20,894,891,0.9966,126,891,0,0,0,0,3,0,0,0,0,20,0.079,0.488,0.684
cons17,conservative,mid,mixed,20,5,2025,50,50,0.148,0.54,-4.576,-7.684,0.142,0.146,-0.148,0.189,0.507,17.0,771,767,0.9948,229,767,0,0,0,0,3,0,0,1,0,32,0.256,0.56,0.646
cons17,conservative,mid,mixed,20,5,2026,35,35,-0.167,-0.44,-5.913,-7.189,-0.153,-0.168,-0.448,-0.193,0.466,16,527,524,0.9943,173,524,0,0,0,0,1,1,0,1,0,22,0.173,0.478,0.711
cons17,conservative,mid,mixed,20,20,ALL,173,173,-0.303,-0.84,-7.384,-10.953,-0.307,-0.309,-1.739,-0.399,0.421,18,2730,2677,0.9806,730,2677,0,0,0,0,45,4,0,4,0,97,0.153,0.509,0.664
cons17,conservative,mid,mixed,20,20,P1,91,91,-0.357,-0.73,-6.246,-10.619,-0.366,-0.368,-1.602,-0.17,0.415,19,1477,1453,0.9838,343,1453,0,0,0,0,22,0,0,2,0,46,0.084,0.486,0.669
cons17,conservative,mid,mixed,20,20,P2,82,82,-0.242,-0.46,-7.764,-10.953,-0.243,-0.244,-1.891,-0.654,0.428,17.0,1253,1224,0.9769,387,1224,0,0,0,0,23,4,0,2,0,51,0.23,0.534,0.661
cons17,conservative,mid,mixed,20,20,2023,40,40,-0.494,-1.93,-3.989,-3.998,-0.47,-0.488,-1.887,-0.265,0.442,16.5,583,570,0.9777,217,570,0,0,0,0,11,0,0,2,0,26,0.09,0.485,0.642
cons17,conservative,mid,mixed,20,20,2024,51,51,-0.25,-0.3,-7.04,-10.619,-0.284,-0.273,-1.379,-0.095,0.394,20,894,883,0.9877,126,883,0,0,0,0,11,0,0,0,0,20,0.079,0.488,0.684
cons17,conservative,mid,mixed,20,20,2025,50,50,0.28,0.38,-8.432,-10.953,0.26,0.264,-1.017,0.063,0.46,17.0,771,757,0.9818,229,757,0,0,0,0,13,0,0,1,0,32,0.256,0.56,0.646
cons17,conservative,mid,mixed,20,20,2026,32,32,-1.059,-1.86,-6.764,-6.786,-1.027,-1.038,-3.257,-1.775,0.378,16.0,482,467,0.9689,158,467,0,0,0,0,10,4,0,1,0,19,0.189,0.494,0.695
cons17,conservative,mid,mixed,20,63,ALL,165,165,-0.606,-0.63,-11.791,-17.545,-0.651,-0.625,-3.641,-0.93,0.376,18,2627,2528,0.9623,673,2526,0,0,2,0,94,0,1,4,0,90,0.158,0.52,0.658
cons17,conservative,mid,mixed,20,63,P1,91,91,-1.119,-1.92,-10.546,-13.194,-1.19,-1.144,-3.202,-1.032,0.365,19,1477,1439,0.9743,343,1439,0,0,0,0,36,0,0,2,0,46,0.084,0.486,0.669
cons17,conservative,mid,mixed,20,63,P2,74,74,0.026,0.01,-12.525,-17.545,0.01,0.013,-4.18,-0.805,0.391,17.0,1150,1089,0.947,330,1087,0,0,2,0,58,0,1,2,0,44,0.249,0.561,0.648
cons17,conservative,mid,mixed,20,63,2023,40,40,-0.599,-0.75,-7.541,-8.565,-0.685,-0.607,-3.59,0.053,0.421,16.5,583,558,0.9571,217,558,0,0,0,0,23,0,0,2,0,26,0.09,0.485,0.642
cons17,conservative,mid,mixed,20,63,2024,51,51,-1.528,-1.86,-11.661,-13.194,-1.585,-1.565,-2.898,-1.883,0.321,20,894,881,0.9855,126,881,0,0,0,0,13,0,0,0,0,20,0.079,0.488,0.684
cons17,conservative,mid,mixed,20,63,2025,50,50,2.393,1.05,-13.033,-17.545,2.255,2.274,-1.758,2.568,0.467,17.0,771,731,0.9481,229,729,0,0,2,0,38,0,1,1,0,32,0.256,0.56,0.646
cons17,conservative,mid,mixed,20,63,2026,24,24,-4.906,-7.92,-10.717,-10.836,-4.666,-4.696,-9.226,-7.832,0.232,19.0,379,358,0.9446,101,358,0,0,0,0,20,0,0,1,0,12,0.235,0.562,0.665
cons17,conservative,mid,stock,10,5,ALL,176,176,0.07,0.35,-6.675,-10.963,0.078,0.069,-0.558,0.143,0.5,10.0,1560,1545,0.9904,200,1545,0,0,0,0,10,1,0,4,0,44,0.143,0.513,0.64
cons17,conservative,mid,stock,10,5,P1,91,91,0.107,0.43,-4.169,-5.692,0.113,0.106,-0.568,0.114,0.486,10,817,809,0.9902,93,809,0,0,0,0,6,0,0,2,0,23,0.078,0.497,0.623
cons17,conservative,mid,stock,10,5,P2,85,85,0.031,0.1,-8.221,-10.963,0.041,0.03,-0.547,0.173,0.516,10,743,736,0.9906,107,736,0,0,0,0,4,1,0,2,0,21,0.214,0.531,0.659
cons17,conservative,mid,stock,10,5,2023,40,40,-0.105,-0.39,-3.999,-4.689,-0.08,-0.102,-0.88,-0.151,0.478,10.0,353,348,0.9858,47,348,0,0,0,0,3,0,0,2,0,12,0.079,0.508,0.594
cons17,conservative,mid,stock,10,5,2024,51,51,0.273,0.71,-4.267,-5.692,0.265,0.268,-0.324,0.323,0.492,10,464,461,0.9935,46,461,0,0,0,0,3,0,0,0,0,11,0.076,0.488,0.644
cons17,conservative,mid,stock,10,5,2025,50,50,0.34,0.86,-7.076,-8.935,0.332,0.341,-0.248,0.565,0.549,10.0,438,434,0.9909,62,434,0,0,0,0,3,0,0,1,0,10,0.242,0.572,0.643
cons17,conservative,mid,stock,10,5,2026,35,35,-0.41,-0.75,-8.885,-10.963,-0.375,-0.413,-0.974,-0.388,0.468,10,305,302,0.9902,45,302,0,0,0,0,1,1,0,1,0,11,0.173,0.472,0.69
cons17,conservative,mid,stock,10,20,ALL,173,173,0.184,0.35,-10.305,-13.142,0.199,0.189,-2.147,0.146,0.485,10,1535,1491,0.9713,195,1491,0,0,0,0,36,4,0,4,0,43,0.146,0.517,0.634
cons17,conservative,mid,stock,10,20,P1,91,91,0.656,0.85,-9.151,-13.142,0.632,0.623,-1.299,0.916,0.521,10,817,798,0.9767,93,798,0,0,0,0,17,0,0,2,0,23,0.078,0.497,0.623
cons17,conservative,mid,stock,10,20,P2,82,82,-0.338,-0.47,-10.557,-11.706,-0.282,-0.293,-3.088,-0.708,0.445,10.0,718,693,0.9652,102,693,0,0,0,0,19,4,0,2,0,20,0.221,0.539,0.648
cons17,conservative,mid,stock,10,20,2023,40,40,0.121,0.25,-6.666,-7.102,0.118,0.092,-2.236,0.356,0.499,10.0,353,342,0.9688,47,342,0,0,0,0,9,0,0,2,0,12,0.079,0.508,0.594
cons17,conservative,mid,stock,10,20,2024,51,51,1.075,0.83,-10.722,-13.142,1.035,1.039,-0.564,1.356,0.538,10,464,456,0.9828,46,456,0,0,0,0,8,0,0,0,0,11,0.076,0.488,0.644
cons17,conservative,mid,stock,10,20,2025,50,50,0.679,0.72,-9.021,-10.566,0.695,0.684,-1.473,0.379,0.489,10.0,438,426,0.9726,62,426,0,0,0,0,11,0,0,1,0,10,0.242,0.572,0.643
cons17,conservative,mid,stock,10,20,2026,32,32,-1.929,-2.33,-11.499,-11.706,-1.807,-1.819,-5.612,-2.408,0.375,10.0,280,267,0.9536,40,267,0,0,0,0,8,4,0,1,0,10,0.189,0.488,0.663
cons17,conservative,mid,stock,10,63,ALL,165,165,1.307,1.02,-14.611,-17.963,1.166,1.242,-3.929,0.997,0.449,10,1470,1385,0.9422,180,1383,0,0,2,0,80,0,1,4,0,39,0.151,0.53,0.63
cons17,conservative,mid,stock,10,63,P1,91,91,1.834,2.05,-12.069,-17.12,1.632,1.738,-1.859,2.318,0.472,10,817,784,0.9596,93,784,0,0,0,0,31,0,0,2,0,23,0.078,0.497,0.623
cons17,conservative,mid,stock,10,63,P2,74,74,0.659,0.25,-16.356,-17.963,0.594,0.633,-6.475,-0.628,0.421,10.0,653,601,0.9204,87,599,0,0,2,0,49,0,1,2,0,16,0.241,0.57,0.641
cons17,conservative,mid,stock,10,63,2023,40,40,2.211,2.21,-7.641,-7.814,1.884,2.098,-3.448,2.966,0.497,10.0,353,330,0.9348,47,330,0,0,0,0,21,0,0,2,0,12,0.079,0.508,0.594
cons17,conservative,mid,stock,10,63,2024,51,51,1.539,1.15,-13.222,-17.12,1.433,1.455,-0.612,1.809,0.452,10,464,454,0.9784,46,454,0,0,0,0,10,0,0,0,0,11,0.076,0.488,0.644
cons17,conservative,mid,stock,10,63,2025,50,50,4.226,1.6,-11.81,-17.78,3.897,3.973,-2.861,3.329,0.5,10.0,438,404,0.9224,62,402,0,0,2,0,32,0,1,1,0,10,0.242,0.572,0.643
cons17,conservative,mid,stock,10,63,2026,24,24,-6.772,-6.54,-16.643,-17.963,-6.287,-6.326,-14.004,-8.872,0.255,10.0,215,197,0.9163,25,197,0,0,0,0,17,0,0,1,0,6,0.238,0.565,0.648
cons17,conservative,mid,stock,20,5,ALL,176,176,-0.003,-0.02,-4.593,-7.638,-0.003,-0.006,-0.347,0.114,0.497,15.0,2395,2379,0.9933,1125,2379,0,0,0,0,11,1,0,4,0,136,0.153,0.492,0.65
cons17,conservative,mid,stock,20,5,P1,91,91,-0.075,-0.4,-3.606,-4.227,-0.074,-0.077,-0.467,-0.041,0.477,15,1289,1280,0.993,531,1280,0,0,0,0,7,0,0,2,0,67,0.088,0.467,0.647
cons17,conservative,mid,stock,20,5,P2,85,85,0.073,0.33,-5.27,-7.638,0.074,0.071,-0.218,0.279,0.517,14,1106,1099,0.9937,594,1099,0,0,0,0,4,1,0,2,0,69,0.223,0.519,0.656
cons17,conservative,mid,stock,20,5,2023,40,40,-0.267,-1.54,-3.137,-3.229,-0.258,-0.267,-0.777,-0.378,0.461,13.5,517,511,0.9884,283,511,0,0,0,0,4,0,0,2,0,34,0.102,0.474,0.63
cons17,conservative,mid,stock,20,5,2024,51,51,0.076,0.25,-3.919,-4.227,0.07,0.072,-0.224,0.223,0.49,17,772,769,0.9961,248,769,0,0,0,0,3,0,0,0,0,33,0.078,0.462,0.657
cons17,conservative,mid,stock,20,5,2025,50,50,0.194,0.71,-4.6,-7.638,0.186,0.191,-0.103,0.569,0.543,14.0,666,662,0.994,334,662,0,0,0,0,3,0,0,1,0,40,0.256,0.556,0.629
cons17,conservative,mid,stock,20,5,2026,35,35,-0.1,-0.27,-5.65,-6.957,-0.086,-0.1,-0.381,-0.135,0.481,13,440,437,0.9932,260,437,0,0,0,0,1,1,0,1,0,29,0.175,0.467,0.702
cons17,conservative,mid,stock,20,20,ALL,173,173,-0.021,-0.06,-7.043,-12.025,-0.023,-0.025,-1.573,-0.176,0.474,15,2368,2311,0.9759,1092,2311,0,0,0,0,49,4,0,4,0,133,0.156,0.495,0.645
cons17,conservative,mid,stock,20,20,P1,91,91,-0.001,-0.0,-6.4,-11.224,-0.012,-0.015,-1.42,0.243,0.495,15,1289,1262,0.9791,531,1262,0,0,0,0,25,0,0,2,0,67,0.088,0.467,0.647
cons17,conservative,mid,stock,20,20,P2,82,82,-0.043,-0.08,-7.255,-12.025,-0.035,-0.037,-1.742,-0.64,0.451,14.0,1079,1049,0.9722,561,1049,0,0,0,0,24,4,0,2,0,66,0.231,0.527,0.645
cons17,conservative,mid,stock,20,20,2023,40,40,-0.471,-1.44,-4.892,-5.24,-0.446,-0.465,-2.121,-0.374,0.46,13.5,517,502,0.971,283,502,0,0,0,0,13,0,0,2,0,34,0.102,0.474,0.63
cons17,conservative,mid,stock,20,20,2024,51,51,0.368,0.41,-7.241,-11.224,0.328,0.338,-0.871,0.726,0.523,17,772,760,0.9845,248,760,0,0,0,0,12,0,0,0,0,33,0.078,0.462,0.657
cons17,conservative,mid,stock,20,20,2025,50,50,0.495,0.74,-7.69,-12.025,0.484,0.488,-0.792,0.282,0.498,14.0,666,652,0.979,334,652,0,0,0,0,13,0,0,1,0,40,0.256,0.556,0.629
cons17,conservative,mid,stock,20,20,2026,32,32,-0.883,-1.33,-6.269,-6.847,-0.845,-0.857,-3.227,-2.082,0.378,13.5,413,397,0.9613,227,397,0,0,0,0,11,4,0,1,0,26,0.191,0.482,0.679
cons17,conservative,mid,stock,20,63,ALL,165,165,0.651,0.69,-9.959,-10.952,0.578,0.61,-2.701,0.421,0.435,15,2293,2185,0.9529,1007,2183,0,0,2,0,103,0,1,4,0,125,0.161,0.505,0.639
cons17,conservative,mid,stock,20,63,P1,91,91,0.313,0.47,-9.39,-10.952,0.218,0.272,-2.204,0.952,0.449,15,1289,1244,0.9651,531,1244,0,0,0,0,43,0,0,2,0,67,0.088,0.467,0.647
cons17,conservative,mid,stock,20,63,P2,74,74,1.067,0.56,-10.589,-10.856,1.022,1.026,-3.312,-0.232,0.419,14.0,1004,941,0.9373,476,939,0,0,2,0,60,0,1,2,0,58,0.251,0.553,0.632
cons17,conservative,mid,stock,20,63,2023,40,40,0.461,0.53,-6.319,-8.286,0.35,0.438,-3.097,1.423,0.471,13.5,517,488,0.9439,283,488,0,0,0,0,27,0,0,2,0,34,0.102,0.474,0.63
cons17,conservative,mid,stock,20,63,2024,51,51,0.197,0.24,-10.099,-10.952,0.114,0.141,-1.503,0.582,0.431,17,772,756,0.9793,248,756,0,0,0,0,16,0,0,0,0,33,0.078,0.462,0.657
cons17,conservative,mid,stock,20,63,2025,50,50,3.483,1.74,-7.014,-10.423,3.311,3.334,-0.697,3.58,0.496,14.0,666,626,0.9399,334,624,0,0,2,0,38,0,1,1,0,40,0.256,0.556,0.629
cons17,conservative,mid,stock,20,63,2026,24,24,-3.966,-4.41,-10.798,-10.856,-3.748,-3.783,-8.758,-8.174,0.257,14.5,338,315,0.932,142,315,0,0,0,0,22,0,0,1,0,18,0.239,0.546,0.651
cons17,conservative,short,mixed,10,5,ALL,176,176,0.137,0.76,-5.183,-8.384,0.136,0.132,-0.26,0.185,0.48,10.0,1532,1524,0.9948,228,1524,0,0,0,0,6,1,0,1,0,56,0.131,0.624,0.718
cons17,conservative,short,mixed,10,5,P1,91,91,0.074,0.33,-3.04,-4.282,0.076,0.074,-0.258,0.113,0.439,10,775,771,0.9948,135,771,0,0,0,0,3,0,0,1,0,30,0.088,0.612,0.733
cons17,conservative,short,mixed,10,5,P2,85,85,0.204,0.71,-6.655,-8.384,0.201,0.194,-0.261,0.261,0.523,10,757,753,0.9947,93,753,0,0,0,0,3,1,0,0,0,26,0.174,0.635,0.698
cons17,conservative,short,mixed,10,5,2023,40,40,-0.061,-0.34,-2.411,-2.715,-0.051,-0.059,-0.561,-0.049,0.44,10.0,326,323,0.9908,74,323,0,0,0,0,2,0,0,1,0,16,0.087,0.594,0.701
cons17,conservative,short,mixed,10,5,2024,51,51,0.18,0.49,-3.277,-4.282,0.175,0.178,-0.021,0.242,0.438,10,449,448,0.9978,61,448,0,0,0,0,1,0,0,0,0,14,0.088,0.63,0.752
cons17,conservative,short,mixed,10,5,2025,50,50,0.277,0.76,-5.873,-8.384,0.264,0.266,-0.116,0.29,0.535,10.0,450,448,0.9956,50,448,0,0,0,0,2,0,0,0,0,13,0.183,0.69,0.669
cons17,conservative,short,mixed,10,5,2026,35,35,0.1,0.22,-7.827,-8.265,0.11,0.091,-0.47,0.221,0.505,10,307,305,0.9935,43,305,0,0,0,0,1,1,0,0,0,13,0.162,0.559,0.741
cons17,conservative,short,mixed,10,20,ALL,173,173,-0.541,-1.25,-9.497,-12.206,-0.544,-0.55,-2.058,-0.629,0.399,10,1502,1475,0.982,228,1475,0,0,0,0,24,2,0,1,0,56,0.134,0.628,0.715
cons17,conservative,short,mixed,10,20,P1,91,91,-0.309,-0.57,-7.829,-9.053,-0.296,-0.302,-1.313,-0.238,0.39,10,775,765,0.9871,135,765,0,0,0,0,9,0,0,1,0,30,0.088,0.612,0.733
cons17,conservative,short,mixed,10,20,P2,82,82,-0.798,-1.16,-10.526,-12.206,-0.819,-0.825,-2.885,-1.057,0.409,10.0,727,710,0.9766,93,710,0,0,0,0,15,2,0,0,0,26,0.181,0.643,0.692
cons17,conservative,short,mixed,10,20,2023,40,40,-0.037,-0.1,-5.936,-6.05,-0.025,-0.038,-1.313,-0.001,0.433,10.0,326,320,0.9816,74,320,0,0,0,0,5,0,0,1,0,16,0.087,0.594,0.701
cons17,conservative,short,mixed,10,20,2024,51,51,-0.522,-0.57,-8.262,-9.053,-0.509,-0.509,-1.313,-0.428,0.355,10,449,445,0.9911,61,445,0,0,0,0,4,0,0,0,0,14,0.088,0.63,0.752
cons17,conservative,short,mixed,10,20,2025,50,50,-0.133,-0.13,-10.346,-12.206,-0.163,-0.179,-2.122,-0.278,0.432,10.0,450,440,0.9778,50,440,0,0,0,0,10,0,0,0,0,13,0.183,0.69,0.669
cons17,conservative,short,mixed,10,20,2026,32,32,-1.836,-2.66,-10.37,-10.739,-1.844,-1.834,-4.077,-2.275,0.374,10.0,277,270,0.9747,43,270,0,0,0,0,5,2,0,0,0,13,0.177,0.572,0.729
cons17,conservative,short,mixed,10,63,ALL,165,164,-0.891,-0.64,-16.207,-19.494,-0.915,-0.875,-4.609,-1.254,0.36,10,1439,1379,0.9583,211,1378,0,0,1,0,58,0,1,1,0,51,0.14,0.642,0.71
cons17,conservative,short,mixed,10,63,P1,91,90,-1.162,-1.67,-10.21,-12.987,-1.187,-1.126,-3.439,-1.396,0.34,10,775,754,0.9729,135,754,0,0,0,0,20,0,0,1,0,30,0.088,0.612,0.733
cons17,conservative,short,mixed,10,63,P2,74,74,-0.561,-0.19,-18.281,-19.494,-0.581,-0.566,-6.048,-1.083,0.383,10.0,664,625,0.9413,76,624,0,0,1,0,38,0,1,0,0,21,0.2,0.677,0.678
cons17,conservative,short,mixed,10,63,2023,40,39,-0.858,-1.24,-7.783,-7.842,-0.921,-0.8,-4.244,-0.881,0.363,10.0,326,312,0.9571,74,312,0,0,0,0,13,0,0,1,0,16,0.087,0.594,0.701
cons17,conservative,short,mixed,10,63,2024,51,51,-1.395,-1.21,-10.886,-12.987,-1.395,-1.382,-2.808,-1.797,0.322,10,449,442,0.9844,61,442,0,0,0,0,7,0,0,0,0,14,0.088,0.63,0.752
cons17,conservative,short,mixed,10,63,2025,50,50,2.906,0.85,-17.2,-19.494,2.685,2.747,-3.221,2.679,0.473,10.0,450,421,0.9356,50,420,0,0,1,0,28,0,1,0,0,13,0.183,0.69,0.669
cons17,conservative,short,mixed,10,63,2026,24,24,-7.783,-12.63,-17.54,-17.778,-7.387,-7.466,-11.938,-8.92,0.198,10.0,214,204,0.9533,26,204,0,0,0,0,10,0,0,0,0,8,0.236,0.65,0.697
cons17,conservative,short,mixed,20,5,ALL,176,176,-0.032,-0.27,-4.048,-7.678,-0.032,-0.033,-0.258,0.134,0.478,12.0,2143,2133,0.9953,1377,2133,0,0,0,0,7,1,0,2,0,146,0.136,0.586,0.723
cons17,conservative,short,mixed,20,5,P1,91,91,-0.064,-0.43,-2.719,-4.228,-0.062,-0.063,-0.229,0.088,0.449,13,1157,1153,0.9965,663,1153,0,0,0,0,3,0,0,1,0,67,0.095,0.559,0.734
cons17,conservative,short,mixed,20,5,P2,85,85,0.002,0.01,-4.914,-7.678,0.001,0.0,-0.288,0.184,0.508,11,986,980,0.9939,714,980,0,0,0,0,4,1,0,1,0,79,0.179,0.614,0.708
cons17,conservative,short,mixed,20,5,2023,40,40,-0.088,-0.64,-2.119,-2.6,-0.083,-0.086,-0.337,-0.034,0.445,12.5,472,469,0.9936,328,469,0,0,0,0,2,0,0,1,0,32,0.095,0.555,0.696
cons17,conservative,short,mixed,20,5,2024,51,51,-0.045,-0.18,-2.989,-4.228,-0.047,-0.045,-0.145,0.185,0.451,13,685,684,0.9985,335,684,0,0,0,0,1,0,0,0,0,35,0.094,0.563,0.76
cons17,conservative,short,mixed,20,5,2025,50,50,0.115,0.51,-3.924,-6.113,0.109,0.114,-0.181,0.252,0.519,11.0,575,571,0.993,425,571,0,0,0,0,3,0,0,1,0,48,0.188,0.664,0.682
cons17,conservative,short,mixed,20,5,2026,35,35,-0.159,-0.48,-5.793,-7.678,-0.152,-0.161,-0.442,0.085,0.494,12,411,409,0.9951,289,409,0,0,0,0,1,1,0,0,0,31,0.166,0.542,0.747
cons17,conservative,short,mixed,20,20,ALL,173,173,-0.433,-1.59,-6.433,-7.847,-0.429,-0.431,-1.451,-0.592,0.406,12,2102,2065,0.9824,1358,2065,0,0,0,0,31,4,0,2,0,143,0.139,0.591,0.72
cons17,conservative,short,mixed,20,20,P1,91,91,-0.473,-1.29,-5.889,-7.04,-0.466,-0.468,-1.198,-0.348,0.395,13,1157,1143,0.9879,663,1143,0,0,0,0,13,0,0,1,0,67,0.095,0.559,0.734
cons17,conservative,short,mixed,20,20,P2,82,82,-0.39,-0.96,-6.67,-7.847,-0.389,-0.389,-1.731,-0.86,0.419,11.0,945,922,0.9757,695,922,0,0,0,0,18,4,0,1,0,76,0.185,0.624,0.702
cons17,conservative,short,mixed,20,20,2023,40,40,-0.381,-1.35,-5.437,-5.976,-0.369,-0.373,-1.522,-0.336,0.427,12.5,472,462,0.9788,328,462,0,0,0,0,9,0,0,1,0,32,0.095,0.555,0.696
cons17,conservative,short,mixed,20,20,2024,51,51,-0.545,-0.88,-6.19,-7.04,-0.542,-0.542,-0.944,-0.358,0.369,13,685,681,0.9942,335,681,0,0,0,0,4,0,0,0,0,35,0.094,0.563,0.76
cons17,conservative,short,mixed,20,20,2025,50,50,-0.119,-0.19,-7.328,-7.847,-0.121,-0.126,-1.205,-0.221,0.44,11.0,575,563,0.9791,425,563,0,0,0,0,11,0,0,1,0,48,0.188,0.664,0.682
cons17,conservative,short,mixed,20,20,2026,32,32,-0.813,-2.25,-5.682,-6.064,-0.807,-0.8,-2.553,-1.86,0.385,11.0,370,359,0.9703,270,359,0,0,0,0,7,4,0,0,0,28,0.181,0.562,0.735
cons17,conservative,short,mixed,20,63,ALL,165,164,-0.803,-0.88,-10.909,-18.624,-0.806,-0.772,-3.19,-1.293,0.366,12,2031,1953,0.9616,1269,1950,0,0,3,0,75,0,1,2,0,135,0.146,0.603,0.715
cons17,conservative,short,mixed,20,63,P1,91,90,-1.296,-2.4,-10.112,-13.16,-1.309,-1.267,-2.899,-1.704,0.349,13,1157,1128,0.9749,663,1126,0,0,2,0,28,0,0,1,0,67,0.095,0.559,0.734
cons17,conservative,short,mixed,20,63,P2,74,74,-0.204,-0.11,-11.906,-18.624,-0.188,-0.162,-3.548,-0.799,0.386,11.5,874,825,0.9439,606,824,0,0,1,0,47,0,1,1,0,68,0.205,0.654,0.689
cons17,conservative,short,mixed,20,63,2023,40,39,-0.773,-1.34,-7.214,-7.435,-0.807,-0.726,-3.529,-0.984,0.374,12.5,472,450,0.9534,328,450,0,0,0,0,21,0,0,1,0,32,0.095,0.555,0.696
cons17,conservative,short,mixed,20,63,2024,51,51,-1.696,-1.98,-10.907,-13.16,-1.703,-1.692,-2.405,-2.265,0.33,13,685,678,0.9898,335,676,0,0,2,0,7,0,0,0,0,35,0.094,0.563,0.76
cons17,conservative,short,mixed,20,63,2025,50,50,1.911,0.86,-12.529,-18.624,1.842,1.886,-1.52,2.761,0.469,11.0,575,541,0.9409,425,540,0,0,1,0,32,0,1,1,0,48,0.188,0.664,0.682
cons17,conservative,short,mixed,20,63,2026,24,24,-4.611,-11.16,-8.852,-9.053,-4.416,-4.429,-7.773,-8.215,0.212,12.0,299,284,0.9498,181,284,0,0,0,0,15,0,0,0,0,20,0.242,0.634,0.706
cons17,conservative,short,stock,10,5,ALL,176,175,0.19,1.0,-5.797,-9.97,0.186,0.185,-0.266,0.27,0.502,10.0,1394,1384,0.9928,366,1384,0,0,0,0,7,1,0,2,0,83,0.133,0.6,0.692
cons17,conservative,short,stock,10,5,P1,91,91,0.189,0.84,-2.943,-3.45,0.191,0.189,-0.144,0.253,0.473,9,710,706,0.9944,200,706,0,0,0,0,3,0,0,1,0,47,0.094,0.58,0.694
cons17,conservative,short,stock,10,5,P2,85,84,0.191,0.61,-7.808,-9.97,0.181,0.18,-0.397,0.289,0.532,10,684,678,0.9912,166,678,0,0,0,0,4,1,0,1,0,36,0.175,0.621,0.687
cons17,conservative,short,stock,10,5,2023,40,40,0.018,0.08,-3.067,-3.45,0.028,0.02,-0.482,0.01,0.447,9.5,312,309,0.9904,88,309,0,0,0,0,2,0,0,1,0,20,0.104,0.58,0.665
cons17,conservative,short,stock,10,5,2024,51,51,0.323,0.91,-2.861,-3.001,0.318,0.321,0.122,0.447,0.494,8,398,397,0.9975,112,397,0,0,0,0,1,0,0,0,0,27,0.086,0.581,0.715
cons17,conservative,short,stock,10,5,2025,50,49,0.301,0.8,-6.408,-9.431,0.274,0.286,-0.303,0.342,0.537,10.0,404,400,0.9901,96,400,0,0,0,0,3,0,0,1,0,18,0.185,0.671,0.662
cons17,conservative,short,stock,10,5,2026,35,35,0.038,0.07,-8.68,-9.97,0.048,0.03,-0.532,0.215,0.526,9,280,278,0.9929,70,278,0,0,0,0,1,1,0,0,0,18,0.16,0.551,0.729
cons17,conservative,short,stock,10,20,ALL,173,172,-0.163,-0.35,-10.161,-15.132,-0.161,-0.165,-1.969,-0.316,0.461,10,1370,1337,0.9759,360,1337,0,0,0,0,28,3,0,2,0,81,0.135,0.605,0.689
cons17,conservative,short,stock,10,20,P1,91,91,0.207,0.33,-8.363,-9.053,0.205,0.206,-1.033,0.386,0.489,9,710,698,0.9831,200,698,0,0,0,0,11,0,0,1,0,47,0.094,0.58,0.694
cons17,conservative,short,stock,10,20,P2,82,81,-0.578,-0.85,-11.462,-15.132,-0.568,-0.577,-3.007,-1.095,0.431,10.0,660,639,0.9682,160,639,0,0,0,0,17,3,0,1,0,34,0.181,0.632,0.679
cons17,conservative,short,stock,10,20,2023,40,40,0.132,0.27,-7.167,-8.313,0.113,0.116,-1.677,0.275,0.487,9.5,312,304,0.9744,88,304,0,0,0,0,7,0,0,1,0,20,0.104,0.58,0.665
cons17,conservative,short,stock,10,20,2024,51,51,0.266,0.25,-8.609,-9.053,0.277,0.276,-0.528,0.474,0.491,8,398,394,0.9899,112,394,0,0,0,0,4,0,0,0,0,27,0.086,0.581,0.715
cons17,conservative,short,stock,10,20,2025,50,49,0.129,0.13,-11.6,-15.132,0.123,0.108,-2.049,-0.443,0.457,10.0,404,392,0.9703,96,392,0,0,0,0,11,0,0,1,0,18,0.185,0.671,0.662
cons17,conservative,short,stock,10,20,2026,32,32,-1.66,-2.48,-10.558,-10.739,-1.647,-1.648,-4.504,-2.093,0.391,9.5,256,247,0.9648,64,247,0,0,0,0,6,3,0,0,0,16,0.175,0.57,0.712
cons17,conservative,short,stock,10,63,ALL,165,163,0.815,0.56,-15.498,-20.038,0.703,0.774,-3.56,0.21,0.426,10,1318,1248,0.9469,332,1245,0,0,3,0,67,0,1,2,0,76,0.142,0.618,0.684
cons17,conservative,short,stock,10,63,P1,91,90,1.022,1.17,-9.231,-10.926,0.851,0.943,-1.981,1.098,0.446,9,710,684,0.9634,200,682,0,0,2,0,25,0,0,1,0,47,0.094,0.58,0.694
cons17,conservative,short,stock,10,63,P2,74,73,0.561,0.18,-18.212,-20.038,0.521,0.567,-5.501,-0.872,0.402,10.0,608,564,0.9276,132,563,0,0,1,0,42,0,1,1,0,29,0.2,0.663,0.667
cons17,conservative,short,stock,10,63,2023,40,39,1.289,1.4,-7.616,-7.724,0.929,1.108,-3.724,1.629,0.454,9.5,312,293,0.9391,88,293,0,0,0,0,18,0,0,1,0,20,0.104,0.58,0.665
cons17,conservative,short,stock,10,63,2024,51,51,0.817,0.62,-9.637,-10.926,0.79,0.813,-0.613,0.683,0.439,8,398,391,0.9824,112,389,0,0,2,0,7,0,0,0,0,27,0.086,0.581,0.715
cons17,conservative,short,stock,10,63,2025,50,49,4.511,1.35,-13.873,-20.038,4.159,4.266,-2.155,3.234,0.484,10.0,404,372,0.9208,96,371,0,0,1,0,30,0,1,1,0,18,0.185,0.671,0.662
cons17,conservative,short,stock,10,63,2026,24,24,-7.505,-12.48,-18.318,-19.336,-7.059,-7.138,-12.472,-9.256,0.235,10.0,204,192,0.9412,36,192,0,0,0,0,12,0,0,0,0,11,0.233,0.646,0.686
cons17,conservative,short,stock,20,5,ALL,176,175,0.026,0.23,-3.927,-7.594,0.028,0.025,-0.2,0.235,0.501,10.0,1707,1696,0.9936,1813,1696,0,0,0,0,7,1,0,3,0,168,0.133,0.591,0.717
cons17,conservative,short,stock,20,5,P1,91,91,0.031,0.23,-2.421,-3.139,0.033,0.032,-0.134,0.212,0.484,9,881,877,0.9955,939,877,0,0,0,0,3,0,0,1,0,87,0.09,0.571,0.723
cons17,conservative,short,stock,20,5,P2,85,84,0.021,0.11,-4.898,-7.594,0.023,0.018,-0.27,0.26,0.519,10,826,819,0.9915,874,819,0,0,0,0,4,1,0,2,0,81,0.178,0.613,0.707
cons17,conservative,short,stock,20,5,2023,40,40,-0.069,-0.46,-2.561,-3.139,-0.063,-0.067,-0.318,-0.058,0.449,9.5,374,371,0.992,426,371,0,0,0,0,2,0,0,1,0,39,0.098,0.564,0.701
cons17,conservative,short,stock,20,5,2024,51,51,0.11,0.53,-2.328,-2.839,0.108,0.109,0.009,0.427,0.511,8,507,506,0.998,513,506,0,0,0,0,1,0,0,0,0,48,0.084,0.576,0.739
cons17,conservative,short,stock,20,5,2025,50,49,0.154,0.75,-3.497,-4.716,0.144,0.149,-0.145,0.302,0.527,10.0,480,476,0.9917,520,476,0,0,0,0,3,0,0,1,0,49,0.188,0.663,0.68
cons17,conservative,short,stock,20,5,2026,35,35,-0.166,-0.49,-6.395,-7.594,-0.151,-0.168,-0.449,0.2,0.508,9,346,343,0.9913,354,343,0,0,0,0,1,1,0,1,0,32,0.164,0.542,0.747
cons17,conservative,short,stock,20,20,ALL,173,172,-0.11,-0.43,-6.279,-8.318,-0.106,-0.107,-1.127,-0.287,0.462,10,1681,1643,0.9774,1779,1643,0,0,0,0,31,4,0,3,0,165,0.135,0.596,0.713
cons17,conservative,short,stock,20,20,P1,91,91,-0.013,-0.04,-5.952,-7.04,-0.007,-0.008,-0.739,0.352,0.489,9,881,867,0.9841,939,867,0,0,0,0,13,0,0,1,0,87,0.09,0.571,0.723
cons17,conservative,short,stock,20,20,P2,82,81,-0.22,-0.58,-6.181,-8.318,-0.215,-0.217,-1.559,-0.997,0.432,10.0,800,776,0.97,840,776,0,0,0,0,18,4,0,2,0,78,0.185,0.623,0.699
cons17,conservative,short,stock,20,20,2023,40,40,-0.123,-0.44,-5.367,-6.579,-0.111,-0.115,-1.264,0.037,0.474,9.5,374,364,0.9733,426,364,0,0,0,0,9,0,0,1,0,39,0.098,0.564,0.701
cons17,conservative,short,stock,20,20,2024,51,51,0.073,0.12,-6.342,-7.04,0.075,0.075,-0.327,0.604,0.501,8,507,503,0.9921,513,503,0,0,0,0,4,0,0,0,0,48,0.084,0.576,0.739
cons17,conservative,short,stock,20,20,2025,50,49,0.144,0.26,-6.683,-8.318,0.141,0.136,-0.942,-0.395,0.46,10.0,480,468,0.975,520,468,0,0,0,0,11,0,0,1,0,49,0.188,0.663,0.68
cons17,conservative,short,stock,20,20,2026,32,32,-0.776,-2.16,-5.428,-5.487,-0.773,-0.769,-2.522,-1.92,0.388,9.5,320,308,0.9625,320,308,0,0,0,0,7,4,0,1,0,29,0.179,0.561,0.731
cons17,conservative,short,stock,20,63,ALL,165,163,0.325,0.38,-8.565,-11.536,0.298,0.331,-2.117,0.018,0.421,10,1626,1546,0.9508,1674,1543,0,0,3,0,76,0,1,3,0,157,0.142,0.608,0.71
cons17,conservative,short,stock,20,63,P1,91,90,0.224,0.53,-6.756,-8.344,0.177,0.22,-1.465,0.623,0.442,9,881,851,0.9659,939,849,0,0,2,0,29,0,0,1,0,87,0.09,0.571,0.723
cons17,conservative,short,stock,20,63,P2,74,73,0.449,0.24,-9.427,-11.536,0.446,0.467,-2.919,-0.719,0.396,10.0,745,695,0.9329,735,694,0,0,1,0,47,0,1,2,0,70,0.205,0.653,0.69
cons17,conservative,short,stock,20,63,2023,40,39,0.288,0.72,-5.705,-7.548,0.195,0.278,-2.646,0.969,0.441,9.5,374,351,0.9385,426,351,0,0,0,0,22,0,0,1,0,39,0.098,0.564,0.701
cons17,conservative,short,stock,20,63,2024,51,51,0.175,0.27,-6.924,-8.344,0.163,0.175,-0.538,0.352,0.443,8,507,500,0.9862,513,498,0,0,2,0,7,0,0,0,0,48,0.084,0.576,0.739
cons17,conservative,short,stock,20,63,2025,50,49,2.795,1.42,-7.386,-11.536,2.648,2.693,-0.713,3.238,0.476,10.0,480,446,0.9292,520,445,0,0,1,0,32,0,1,1,0,49,0.188,0.663,0.68
cons17,conservative,short,stock,20,63,2026,24,24,-4.34,-11.98,-8.904,-9.158,-4.141,-4.169,-7.513,-8.798,0.232,10.0,265,249,0.9396,215,249,0,0,0,0,15,0,0,1,0,21,0.239,0.633,0.715
full3,aggressive,long,mixed,10,5,ALL,176,176,-0.082,-0.32,-8.478,-14.049,-0.086,-0.083,-0.37,-0.082,0.459,10.0,1760,1752,0.9955,0,1752,0,0,0,0,5,0,0,3,0,0,0.096,0.229,0.597
full3,aggressive,long,mixed,10,5,P1,91,91,-0.195,-0.78,-4.95,-7.391,-0.196,-0.196,-0.64,-0.195,0.432,10,910,905,0.9945,0,905,0,0,0,0,4,0,0,1,0,0,0.071,0.229,0.571
full3,aggressive,long,mixed,10,5,P2,85,85,0.038,0.08,-10.412,-14.049,0.032,0.038,-0.081,0.038,0.487,10,850,847,0.9965,0,847,0,0,0,0,1,0,0,2,0,0,0.121,0.229,0.624
full3,aggressive,long,mixed,10,5,2023,40,40,-0.266,-0.83,-4.31,-4.616,-0.258,-0.266,-0.768,-0.266,0.426,10.0,400,397,0.9925,0,397,0,0,0,0,2,0,0,1,0,0,0.077,0.222,0.569
full3,aggressive,long,mixed,10,5,2024,51,51,-0.138,-0.38,-5.376,-7.391,-0.148,-0.142,-0.54,-0.138,0.438,10,510,508,0.9961,0,508,0,0,0,0,2,0,0,0,0,0,0.067,0.235,0.576
full3,aggressive,long,mixed,10,5,2025,50,50,0.177,0.37,-6.091,-7.914,0.154,0.176,-0.025,0.177,0.49,10.0,500,498,0.996,0,498,0,0,0,0,1,0,0,1,0,0,0.151,0.268,0.61
full3,aggressive,long,mixed,10,5,2026,35,35,-0.16,-0.18,-13.429,-14.049,-0.142,-0.16,-0.16,-0.16,0.483,10,350,349,0.9971,0,349,0,0,0,0,0,0,0,1,0,0,0.079,0.173,0.644
full3,aggressive,long,mixed,10,20,ALL,173,173,-0.364,-0.51,-17.156,-28.213,-0.399,-0.383,-2.204,-0.364,0.404,10,1730,1696,0.9803,0,1693,0,0,3,0,28,3,0,3,0,0,0.097,0.233,0.596
full3,aggressive,long,mixed,10,20,P1,91,91,-0.345,-0.52,-9.004,-9.939,-0.337,-0.336,-1.913,-0.345,0.405,10,910,895,0.9835,0,895,0,0,0,0,14,0,0,1,0,0,0.071,0.229,0.571
full3,aggressive,long,mixed,10,20,P2,82,82,-0.385,-0.29,-20.811,-28.213,-0.468,-0.435,-2.527,-0.385,0.402,10.0,820,801,0.9768,0,798,0,0,3,0,14,3,0,2,0,0,0.126,0.237,0.622
full3,aggressive,long,mixed,10,20,2023,40,40,-1.117,-2.55,-6.78,-8.054,-1.048,-1.086,-2.88,-1.117,0.423,10.0,400,392,0.98,0,392,0,0,0,0,7,0,0,1,0,0,0.077,0.222,0.569
full3,aggressive,long,mixed,10,20,2024,51,51,0.261,0.24,-9.462,-9.939,0.22,0.253,-1.153,0.261,0.392,10,510,503,0.9863,0,503,0,0,0,0,7,0,0,0,0,0,0.067,0.235,0.576
full3,aggressive,long,mixed,10,20,2025,50,50,-0.341,-0.23,-17.13,-18.665,-0.334,-0.349,-2.362,-0.341,0.376,10.0,500,489,0.978,0,489,0,0,0,0,10,0,0,1,0,0,0.151,0.268,0.61
full3,aggressive,long,mixed,10,20,2026,32,32,-0.456,-0.19,-25.049,-28.213,-0.676,-0.57,-2.785,-0.456,0.442,10.0,320,312,0.975,0,309,0,0,3,0,4,3,0,1,0,0,0.086,0.189,0.642
full3,aggressive,long,mixed,10,63,ALL,165,165,-1.557,-1.05,-23.96,-37.082,-1.294,-1.666,-6.019,-1.557,0.363,10,1650,1579,0.957,0,1572,0,0,7,0,68,0,0,3,0,0,0.099,0.242,0.587
full3,aggressive,long,mixed,10,63,P1,91,91,-1.54,-1.86,-14.773,-17.704,-1.227,-1.502,-4.515,-1.54,0.355,10,910,883,0.9703,0,883,0,0,0,0,26,0,0,1,0,0,0.071,0.229,0.571
full3,aggressive,long,mixed,10,63,P2,74,74,-1.578,-0.51,-28.993,-37.082,-1.376,-1.869,-7.869,-1.578,0.373,10.0,740,696,0.9405,0,689,0,0,7,0,42,0,0,2,0,0,0.133,0.257,0.604
full3,aggressive,long,mixed,10,63,2023,40,40,-1.546,-1.44,-17.282,-17.704,-1.402,-1.436,-4.848,-1.546,0.398,10.0,400,386,0.965,0,386,0,0,0,0,13,0,0,1,0,0,0.077,0.222,0.569
full3,aggressive,long,mixed,10,63,2024,51,51,-1.534,-1.37,-13.101,-15.001,-1.089,-1.554,-4.254,-1.534,0.321,10,510,497,0.9745,0,497,0,0,0,0,13,0,0,0,0,0,0.067,0.235,0.576
full3,aggressive,long,mixed,10,63,2025,50,50,0.067,0.02,-20.832,-21.112,0.543,-0.276,-6.548,0.067,0.41,10.0,500,469,0.938,0,467,0,0,2,0,30,0,0,1,0,0,0.151,0.268,0.61
full3,aggressive,long,mixed,10,63,2026,24,24,-5.005,-0.93,-35.472,-37.082,-5.376,-5.186,-10.622,-5.005,0.296,10.0,240,227,0.9458,0,222,0,0,5,0,12,0,0,1,0,0,0.094,0.233,0.591
full3,aggressive,long,mixed,20,5,ALL,176,176,-0.048,-0.22,-6.931,-10.543,-0.053,-0.052,-0.395,-0.048,0.461,20.0,3520,3503,0.9952,0,3503,0,0,0,0,11,1,0,5,0,0,0.114,0.206,0.56
full3,aggressive,long,mixed,20,5,P1,91,91,-0.096,-0.43,-4.063,-4.887,-0.102,-0.101,-0.434,-0.096,0.44,20,1820,1812,0.9956,0,1812,0,0,0,0,6,0,0,2,0,0,0.08,0.202,0.54
full3,aggressive,long,mixed,20,5,P2,85,85,0.004,0.01,-8.129,-10.543,-0.001,0.001,-0.353,0.004,0.483,20,1700,1691,0.9947,0,1691,0,0,0,0,5,1,0,3,0,0,0.152,0.21,0.581
full3,aggressive,long,mixed,20,5,2023,40,40,-0.207,-0.79,-3.185,-3.627,-0.212,-0.213,-0.716,-0.207,0.447,20.0,800,795,0.9938,0,795,0,0,0,0,4,0,0,1,0,0,0.083,0.202,0.55
full3,aggressive,long,mixed,20,5,2024,51,51,-0.008,-0.02,-4.318,-4.887,-0.017,-0.013,-0.213,-0.008,0.434,20,1020,1017,0.9971,0,1017,0,0,0,0,2,0,0,1,0,0,0.077,0.201,0.532
full3,aggressive,long,mixed,20,5,2025,50,50,0.033,0.09,-5.23,-7.412,0.025,0.033,-0.364,0.033,0.479,20.0,1000,994,0.994,0,994,0,0,0,0,4,0,0,2,0,0,0.177,0.235,0.588
full3,aggressive,long,mixed,20,5,2026,35,35,-0.038,-0.05,-9.792,-10.543,-0.039,-0.045,-0.336,-0.038,0.489,20,700,697,0.9957,0,697,0,0,0,0,1,1,0,1,0,0,0.116,0.175,0.572
full3,aggressive,long,mixed,20,20,ALL,173,173,-0.11,-0.18,-13.145,-22.491,-0.133,-0.119,-1.677,-0.11,0.423,20,3460,3402,0.9832,0,3399,0,0,3,0,50,3,0,5,0,0,0.116,0.209,0.561
full3,aggressive,long,mixed,20,20,P1,91,91,-0.351,-0.56,-7.76,-9.611,-0.351,-0.347,-1.754,-0.351,0.41,20,1820,1793,0.9852,0,1793,0,0,0,0,25,0,0,2,0,0,0.08,0.202,0.54
full3,aggressive,long,mixed,20,20,P2,82,82,0.157,0.14,-15.471,-22.491,0.109,0.133,-1.591,0.157,0.436,20.0,1640,1609,0.9811,0,1606,0,0,3,0,25,3,0,3,0,0,0.157,0.216,0.583
full3,aggressive,long,mixed,20,20,2023,40,40,-1.218,-3.51,-6.216,-7.038,-1.181,-1.194,-2.983,-1.218,0.42,20.0,800,785,0.9812,0,785,0,0,0,0,14,0,0,1,0,0,0.083,0.202,0.55
full3,aggressive,long,mixed,20,20,2024,51,51,0.328,0.31,-8.285,-9.611,0.301,0.318,-0.79,0.328,0.403,20,1020,1008,0.9882,0,1008,0,0,0,0,11,0,0,1,0,0,0.077,0.201,0.532
full3,aggressive,long,mixed,20,20,2025,50,50,-0.029,-0.02,-11.701,-12.083,-0.051,-0.047,-1.756,-0.029,0.422,20.0,1000,981,0.981,0,981,0,0,0,0,17,0,0,2,0,0,0.177,0.235,0.588
full3,aggressive,long,mixed,20,20,2026,32,32,0.446,0.21,-20.693,-22.491,0.359,0.415,-1.332,0.446,0.459,20.0,640,628,0.9812,0,625,0,0,3,0,8,3,0,1,0,0,0.125,0.187,0.577
full3,aggressive,long,mixed,20,63,ALL,165,165,-0.203,-0.13,-20.183,-30.545,-0.086,-0.308,-4.691,-0.203,0.388,20,3300,3158,0.957,0,3146,0,0,12,0,136,1,0,5,0,0,0.119,0.214,0.555
full3,aggressive,long,mixed,20,63,P1,91,91,-1.062,-1.14,-11.348,-12.845,-0.92,-1.044,-4.593,-1.062,0.374,20,1820,1757,0.9654,0,1757,0,0,0,0,61,0,0,2,0,0,0.08,0.202,0.54
full3,aggressive,long,mixed,20,63,P2,74,74,0.852,0.28,-24.668,-30.545,0.939,0.597,-4.813,0.852,0.404,20.0,1480,1401,0.9466,0,1389,0,0,12,0,75,1,0,3,0,0,0.167,0.229,0.573
full3,aggressive,long,mixed,20,63,2023,40,40,-0.945,-0.69,-11.934,-12.845,-0.966,-0.896,-5.415,-0.945,0.41,20.0,800,765,0.9563,0,765,0,0,0,0,34,0,0,1,0,0,0.083,0.202,0.55
full3,aggressive,long,mixed,20,63,2024,51,51,-1.153,-1.0,-10.957,-12.55,-0.885,-1.16,-3.948,-1.153,0.346,20,1020,992,0.9725,0,992,0,0,0,0,27,0,0,1,0,0,0.077,0.201,0.532
full3,aggressive,long,mixed,20,63,2025,50,50,2.169,0.65,-17.748,-20.156,2.398,1.871,-3.979,2.169,0.434,20.0,1000,942,0.942,0,936,0,0,6,0,56,0,0,2,0,0,0.177,0.235,0.588
full3,aggressive,long,mixed,20,63,2026,24,24,-1.891,-0.31,-27.887,-30.545,-2.099,-2.055,-6.549,-1.891,0.341,20.0,480,459,0.9563,0,453,0,0,6,0,19,1,0,1,0,0,0.147,0.217,0.543
full3,aggressive,long,stock,10,5,ALL,176,176,0.035,0.12,-8.877,-14.049,0.027,0.031,-0.373,0.035,0.476,10.0,1760,1748,0.9932,0,1748,0,0,0,0,7,0,0,5,0,0,0.098,0.22,0.587
full3,aggressive,long,stock,10,5,P1,91,91,-0.081,-0.31,-5.359,-7.391,-0.085,-0.083,-0.527,-0.081,0.471,10,910,904,0.9934,0,904,0,0,0,0,4,0,0,2,0,0,0.075,0.214,0.571
full3,aggressive,long,stock,10,5,P2,85,85,0.158,0.31,-10.893,-14.049,0.147,0.153,-0.208,0.158,0.48,10,850,844,0.9929,0,844,0,0,0,0,3,0,0,3,0,0,0.124,0.227,0.604
full3,aggressive,long,stock,10,5,2023,40,40,-0.234,-0.67,-5.06,-5.504,-0.229,-0.234,-0.736,-0.234,0.464,10.0,400,397,0.9925,0,397,0,0,0,0,2,0,0,1,0,0,0.083,0.217,0.569
full3,aggressive,long,stock,10,5,2024,51,51,0.039,0.11,-5.489,-7.391,0.027,0.036,-0.362,0.039,0.476,10,510,507,0.9941,0,507,0,0,0,0,2,0,0,1,0,0,0.069,0.212,0.574
full3,aggressive,long,stock,10,5,2025,50,50,0.041,0.08,-6.855,-9.177,0.01,0.033,-0.582,0.041,0.474,10.0,500,495,0.99,0,495,0,0,0,0,3,0,0,2,0,0,0.148,0.262,0.592
full3,aggressive,long,stock,10,5,2026,35,35,0.326,0.33,-13.429,-14.049,0.344,0.326,0.326,0.326,0.489,10,350,349,0.9971,0,349,0,0,0,0,0,0,0,1,0,0,0.089,0.177,0.621
full3,aggressive,long,stock,10,20,ALL,173,173,0.173,0.22,-17.146,-28.213,0.139,0.157,-2.015,0.173,0.465,10,1730,1688,0.9757,0,1685,0,0,3,0,34,3,0,5,0,0,0.1,0.224,0.587
full3,aggressive,long,stock,10,20,P1,91,91,0.334,0.42,-8.993,-9.939,0.331,0.336,-1.361,0.334,0.497,10,910,893,0.9813,0,893,0,0,0,0,15,0,0,2,0,0,0.075,0.214,0.571
full3,aggressive,long,stock,10,20,P2,82,82,-0.006,-0.0,-20.811,-28.213,-0.075,-0.043,-2.741,-0.006,0.428,10.0,820,795,0.9695,0,792,0,0,3,0,19,3,0,3,0,0,0.128,0.235,0.602
full3,aggressive,long,stock,10,20,2023,40,40,-1.026,-2.05,-7.776,-7.802,-0.959,-1.002,-2.796,-1.026,0.454,10.0,400,392,0.98,0,392,0,0,0,0,7,0,0,1,0,0,0.083,0.217,0.569
full3,aggressive,long,stock,10,20,2024,51,51,1.401,1.08,-9.472,-9.939,1.343,1.386,-0.235,1.401,0.531,10,510,501,0.9824,0,501,0,0,0,0,8,0,0,1,0,0,0.069,0.212,0.574
full3,aggressive,long,stock,10,20,2025,50,50,-0.457,-0.29,-17.13,-18.665,-0.406,-0.425,-3.24,-0.457,0.405,10.0,500,484,0.968,0,484,0,0,0,0,14,0,0,2,0,0,0.148,0.262,0.592
full3,aggressive,long,stock,10,20,2026,32,32,0.698,0.26,-25.049,-28.213,0.443,0.553,-1.962,0.698,0.465,10.0,320,311,0.9719,0,308,0,0,3,0,5,3,0,1,0,0,0.097,0.194,0.619
full3,aggressive,long,stock,10,63,ALL,165,165,0.423,0.25,-23.113,-37.082,0.657,0.283,-5.008,0.423,0.437,10,1650,1563,0.9473,0,1556,0,0,7,0,82,0,0,5,0,0,0.102,0.232,0.577
full3,aggressive,long,stock,10,63,P1,91,91,1.075,0.86,-14.005,-18.285,1.299,1.06,-2.558,1.075,0.46,10,910,877,0.9637,0,877,0,0,0,0,31,0,0,2,0,0,0.075,0.214,0.571
full3,aggressive,long,stock,10,63,P2,74,74,-0.378,-0.11,-28.647,-37.082,-0.131,-0.674,-8.021,-0.378,0.408,10.0,740,686,0.927,0,679,0,0,7,0,51,0,0,3,0,0,0.135,0.254,0.582
full3,aggressive,long,stock,10,63,2023,40,40,-0.006,-0.0,-15.653,-18.285,0.097,0.096,-3.868,-0.006,0.462,10.0,400,384,0.96,0,384,0,0,0,0,15,0,0,1,0,0,0.083,0.217,0.569
full3,aggressive,long,stock,10,63,2024,51,51,1.922,1.19,-12.907,-15.001,2.241,1.817,-1.531,1.922,0.459,10,510,493,0.9667,0,493,0,0,0,0,16,0,0,1,0,0,0.069,0.212,0.574
full3,aggressive,long,stock,10,63,2025,50,50,1.172,0.3,-19.292,-19.906,1.707,0.861,-6.968,1.172,0.439,10.0,500,461,0.922,0,459,0,0,2,0,37,0,0,2,0,0,0.148,0.262,0.592
full3,aggressive,long,stock,10,63,2026,24,24,-3.607,-0.62,-35.472,-37.082,-3.96,-3.87,-10.217,-3.607,0.343,10.0,240,225,0.9375,0,220,0,0,5,0,14,0,0,1,0,0,0.108,0.238,0.561
full3,aggressive,long,stock,20,5,ALL,176,176,0.024,0.1,-7.189,-10.543,0.014,0.017,-0.382,0.028,0.482,20.0,3510,3491,0.9946,10,3490,0,0,1,0,13,1,0,5,0,1,0.117,0.206,0.546
full3,aggressive,long,stock,20,5,P1,91,91,-0.002,-0.01,-4.061,-4.887,-0.006,-0.006,-0.393,-0.002,0.47,20,1820,1811,0.9951,0,1811,0,0,0,0,7,0,0,2,0,0,0.082,0.204,0.527
full3,aggressive,long,stock,20,5,P2,85,85,0.051,0.13,-8.387,-10.543,0.036,0.042,-0.369,0.061,0.494,20,1690,1680,0.9941,10,1679,0,0,1,0,6,1,0,3,0,1,0.155,0.208,0.567
full3,aggressive,long,stock,20,5,2023,40,40,-0.205,-0.7,-3.67,-3.741,-0.209,-0.211,-0.714,-0.205,0.461,20.0,800,795,0.9938,0,795,0,0,0,0,4,0,0,1,0,0,0.084,0.209,0.533
full3,aggressive,long,stock,20,5,2024,51,51,0.157,0.45,-4.275,-4.887,0.153,0.155,-0.142,0.157,0.477,20,1020,1016,0.9961,0,1016,0,0,0,0,3,0,0,1,0,0,0.081,0.2,0.522
full3,aggressive,long,stock,20,5,2025,50,50,-0.03,-0.08,-5.837,-7.778,-0.04,-0.032,-0.43,-0.013,0.485,20.0,990,984,0.9939,10,984,0,0,0,0,4,0,0,2,0,1,0.18,0.228,0.574
full3,aggressive,long,stock,20,5,2026,35,35,0.167,0.21,-9.792,-10.543,0.145,0.148,-0.282,0.167,0.507,20,700,696,0.9943,0,695,0,0,1,0,2,1,0,1,0,0,0.119,0.18,0.559
full3,aggressive,long,stock,20,20,ALL,173,173,0.224,0.35,-13.327,-22.491,0.175,0.203,-1.802,0.212,0.474,20,3450,3377,0.9788,10,3373,0,0,4,0,65,3,0,5,0,1,0.119,0.209,0.547
full3,aggressive,long,stock,20,20,P1,91,91,0.107,0.16,-7.909,-9.611,0.098,0.113,-1.808,0.107,0.487,20,1820,1784,0.9802,0,1784,0,0,0,0,34,0,0,2,0,0,0.082,0.204,0.527
full3,aggressive,long,stock,20,20,P2,82,82,0.354,0.31,-15.471,-22.491,0.26,0.302,-1.796,0.329,0.46,20.0,1630,1593,0.9773,10,1589,0,0,4,0,31,3,0,3,0,1,0.16,0.214,0.568
full3,aggressive,long,stock,20,20,2023,40,40,-1.081,-2.72,-6.925,-7.212,-1.056,-1.043,-3.489,-1.081,0.444,20.0,800,780,0.975,0,780,0,0,0,0,19,0,0,1,0,0,0.084,0.209,0.533
full3,aggressive,long,stock,20,20,2024,51,51,1.039,0.97,-8.476,-9.611,1.003,1.021,-0.49,1.039,0.52,20,1020,1004,0.9843,0,1004,0,0,0,0,15,0,0,1,0,0,0.081,0.2,0.522
full3,aggressive,long,stock,20,20,2025,50,50,0.098,0.08,-11.701,-12.083,0.049,0.06,-1.944,0.056,0.452,20.0,990,968,0.9778,10,968,0,0,0,0,20,0,0,2,0,1,0.18,0.228,0.574
full3,aggressive,long,stock,20,20,2026,32,32,0.754,0.33,-20.693,-22.491,0.588,0.68,-1.564,0.754,0.473,20.0,640,625,0.9766,0,621,0,0,4,0,11,3,0,1,0,0,0.128,0.192,0.561
full3,aggressive,long,stock,20,63,ALL,165,165,1.222,0.76,-19.786,-30.545,1.273,1.061,-4.111,1.151,0.454,20,3290,3124,0.9495,10,3111,0,0,13,0,160,1,0,5,0,1,0.122,0.215,0.542
full3,aggressive,long,stock,20,63,P1,91,91,0.949,0.76,-10.826,-12.934,1.057,0.951,-3.552,0.949,0.472,20,1820,1741,0.9566,0,1741,0,0,0,0,77,0,0,2,0,0,0.082,0.204,0.527
full3,aggressive,long,stock,20,63,P2,74,74,1.558,0.49,-25.659,-30.545,1.539,1.196,-4.798,1.4,0.431,20.0,1470,1383,0.9408,10,1370,0,0,13,0,83,1,0,3,0,1,0.17,0.228,0.56
full3,aggressive,long,stock,20,63,2023,40,40,0.15,0.08,-11.726,-12.934,0.122,0.233,-5.544,0.15,0.461,20.0,800,756,0.945,0,756,0,0,0,0,43,0,0,1,0,0,0.084,0.209,0.533
full3,aggressive,long,stock,20,63,2024,51,51,1.576,1.17,-10.226,-10.361,1.791,1.514,-1.989,1.576,0.482,20,1020,985,0.9657,0,985,0,0,0,0,34,0,0,1,0,0,0.081,0.2,0.522
full3,aggressive,long,stock,20,63,2025,50,50,2.828,0.89,-13.078,-16.281,2.962,2.447,-3.814,2.594,0.456,20.0,990,928,0.9374,10,922,0,0,6,0,60,0,0,2,0,1,0.18,0.228,0.574
full3,aggressive,long,stock,20,63,2026,24,24,-1.087,-0.16,-27.887,-30.545,-1.427,-1.41,-6.847,-1.087,0.378,20.0,480,455,0.9479,0,448,0,0,7,0,23,1,0,1,0,0,0.15,0.229,0.533
full3,aggressive,mid,mixed,10,5,ALL,176,176,-0.18,-0.71,-8.792,-13.648,-0.188,-0.182,-0.411,-0.18,0.45,10.0,1760,1752,0.9955,0,1752,0,0,0,0,4,0,0,4,0,0,0.095,0.247,0.623
full3,aggressive,mid,mixed,10,5,P1,91,91,-0.169,-0.7,-4.659,-6.631,-0.179,-0.173,-0.505,-0.169,0.431,10,910,905,0.9945,0,905,0,0,0,0,3,0,0,2,0,0,0.073,0.243,0.609
full3,aggressive,mid,mixed,10,5,P2,85,85,-0.192,-0.42,-10.198,-13.648,-0.197,-0.193,-0.311,-0.192,0.471,10,850,847,0.9965,0,847,0,0,0,0,1,0,0,2,0,0,0.118,0.251,0.637
full3,aggressive,mid,mixed,10,5,2023,40,40,-0.171,-0.57,-3.786,-4.066,-0.178,-0.174,-0.423,-0.171,0.431,10.0,400,398,0.995,0,398,0,0,0,0,1,0,0,1,0,0,0.079,0.244,0.608
full3,aggressive,mid,mixed,10,5,2024,51,51,-0.168,-0.46,-5.129,-6.631,-0.18,-0.172,-0.57,-0.168,0.431,10,510,507,0.9941,0,507,0,0,0,0,2,0,0,1,0,0,0.068,0.242,0.612
full3,aggressive,mid,mixed,10,5,2025,50,50,-0.026,-0.05,-7.371,-8.253,-0.049,-0.027,-0.228,-0.026,0.478,10.0,500,498,0.996,0,498,0,0,0,0,1,0,0,1,0,0,0.156,0.287,0.639
full3,aggressive,mid,mixed,10,5,2026,35,35,-0.429,-0.5,-13.229,-13.648,-0.409,-0.429,-0.429,-0.429,0.46,10,350,349,0.9971,0,349,0,0,0,0,0,0,0,1,0,0,0.064,0.198,0.635
full3,aggressive,mid,mixed,10,20,ALL,173,173,-0.44,-0.6,-16.297,-27.514,-0.477,-0.446,-1.798,-0.44,0.393,10,1730,1703,0.9844,0,1701,0,0,2,0,20,3,0,4,0,0,0.097,0.251,0.622
full3,aggressive,mid,mixed,10,20,P1,91,91,-0.373,-0.58,-8.865,-10.514,-0.372,-0.361,-1.379,-0.373,0.397,10,910,899,0.9879,0,899,0,0,0,0,9,0,0,2,0,0,0.073,0.243,0.609
full3,aggressive,mid,mixed,10,20,P2,82,82,-0.514,-0.37,-19.873,-27.514,-0.594,-0.54,-2.263,-0.514,0.388,10.0,820,804,0.9805,0,802,0,0,2,0,11,3,0,2,0,0,0.122,0.26,0.636
full3,aggressive,mid,mixed,10,20,2023,40,40,-1.014,-2.22,-6.227,-7.542,-1.022,-1.026,-2.06,-1.014,0.432,10.0,400,395,0.9875,0,395,0,0,0,0,4,0,0,1,0,0,0.079,0.244,0.608
full3,aggressive,mid,mixed,10,20,2024,51,51,0.13,0.12,-9.669,-10.514,0.138,0.161,-0.846,0.13,0.369,10,510,504,0.9882,0,504,0,0,0,0,5,0,0,1,0,0,0.068,0.242,0.612
full3,aggressive,mid,mixed,10,20,2025,50,50,-0.532,-0.35,-14.276,-15.736,-0.506,-0.513,-1.715,-0.532,0.366,10.0,500,493,0.986,0,493,0,0,0,0,6,0,0,1,0,0,0.156,0.287,0.639
full3,aggressive,mid,mixed,10,20,2026,32,32,-0.486,-0.19,-24.7,-27.514,-0.732,-0.581,-3.12,-0.486,0.423,10.0,320,311,0.9719,0,309,0,0,2,0,5,3,0,1,0,0,0.07,0.217,0.632
full3,aggressive,mid,mixed,10,63,ALL,165,165,-1.883,-1.2,-24.311,-37.042,-1.635,-1.931,-5.586,-1.883,0.35,10,1650,1589,0.963,0,1583,0,0,6,0,57,0,0,4,0,0,0.099,0.261,0.614
full3,aggressive,mid,mixed,10,63,P1,91,91,-1.766,-2.4,-13.642,-15.488,-1.487,-1.7,-4.018,-1.766,0.345,10,910,888,0.9758,0,888,0,0,0,0,20,0,0,2,0,0,0.073,0.243,0.609
full3,aggressive,mid,mixed,10,63,P2,74,74,-2.027,-0.6,-29.66,-37.042,-1.817,-2.214,-7.514,-2.027,0.357,10.0,740,701,0.9473,0,695,0,0,6,0,37,0,0,2,0,0,0.13,0.282,0.619
full3,aggressive,mid,mixed,10,63,2023,40,40,-1.748,-1.77,-10.801,-11.172,-1.731,-1.706,-4.324,-1.748,0.395,10.0,400,389,0.9725,0,389,0,0,0,0,10,0,0,1,0,0,0.079,0.244,0.608
full3,aggressive,mid,mixed,10,63,2024,51,51,-1.779,-1.67,-14.528,-15.488,-1.295,-1.696,-3.777,-1.779,0.306,10,510,499,0.9784,0,499,0,0,0,0,10,0,0,1,0,0,0.068,0.242,0.612
full3,aggressive,mid,mixed,10,63,2025,50,50,-0.534,-0.13,-20.514,-22.771,-0.033,-0.731,-5.968,-0.534,0.389,10.0,500,474,0.948,0,472,0,0,2,0,25,0,0,1,0,0,0.156,0.287,0.639
full3,aggressive,mid,mixed,10,63,2026,24,24,-5.139,-0.87,-35.452,-37.042,-5.532,-5.304,-10.735,-5.139,0.288,10.0,240,227,0.9458,0,223,0,0,4,0,12,0,0,1,0,0,0.076,0.27,0.578
full3,aggressive,mid,mixed,20,5,ALL,176,176,-0.077,-0.37,-6.428,-10.279,-0.078,-0.076,-0.392,-0.077,0.46,20.0,3520,3504,0.9955,0,3504,0,0,0,0,11,0,0,5,0,0,0.116,0.219,0.581
full3,aggressive,mid,mixed,20,5,P1,91,91,-0.162,-0.75,-3.989,-5.165,-0.164,-0.163,-0.497,-0.162,0.434,20,1820,1812,0.9956,0,1812,0,0,0,0,6,0,0,2,0,0,0.079,0.215,0.558
full3,aggressive,mid,mixed,20,5,P2,85,85,0.014,0.04,-7.443,-10.279,0.015,0.017,-0.28,0.014,0.488,20,1700,1692,0.9953,0,1692,0,0,0,0,5,0,0,3,0,0,0.156,0.223,0.605
full3,aggressive,mid,mixed,20,5,2023,40,40,-0.241,-0.88,-3.448,-4.02,-0.24,-0.239,-0.621,-0.241,0.438,20.0,800,796,0.995,0,796,0,0,0,0,3,0,0,1,0,0,0.078,0.219,0.559
full3,aggressive,mid,mixed,20,5,2024,51,51,-0.1,-0.31,-4.274,-5.165,-0.105,-0.104,-0.4,-0.1,0.431,20,1020,1016,0.9961,0,1016,0,0,0,0,3,0,0,1,0,0,0.079,0.211,0.557
full3,aggressive,mid,mixed,20,5,2025,50,50,0.086,0.24,-4.874,-6.494,0.083,0.091,-0.413,0.086,0.487,20.0,1000,993,0.993,0,993,0,0,0,0,5,0,0,2,0,0,0.189,0.248,0.601
full3,aggressive,mid,mixed,20,5,2026,35,35,-0.089,-0.13,-9.633,-10.279,-0.081,-0.089,-0.089,-0.089,0.489,20,700,699,0.9986,0,699,0,0,0,0,0,0,0,1,0,0,0.109,0.188,0.616
full3,aggressive,mid,mixed,20,20,ALL,173,173,-0.358,-0.61,-12.962,-20.985,-0.387,-0.361,-1.843,-0.358,0.414,20,3460,3405,0.9841,0,3402,0,0,3,0,47,3,0,5,0,0,0.118,0.222,0.581
full3,aggressive,mid,mixed,20,20,P1,91,91,-0.569,-0.92,-7.813,-9.982,-0.571,-0.564,-1.871,-0.569,0.403,20,1820,1795,0.9863,0,1795,0,0,0,0,23,0,0,2,0,0,0.079,0.215,0.558
full3,aggressive,mid,mixed,20,20,P2,82,82,-0.125,-0.12,-15.506,-20.985,-0.182,-0.137,-1.812,-0.125,0.427,20.0,1640,1610,0.9817,0,1607,0,0,3,0,24,3,0,3,0,0,0.161,0.23,0.605
full3,aggressive,mid,mixed,20,20,2023,40,40,-1.295,-4.07,-6.445,-7.604,-1.273,-1.279,-2.841,-1.295,0.419,20.0,800,787,0.9838,0,787,0,0,0,0,12,0,0,1,0,0,0.078,0.219,0.559
full3,aggressive,mid,mixed,20,20,2024,51,51,0.001,0.0,-8.229,-9.982,-0.021,-0.004,-1.11,0.001,0.39,20,1020,1008,0.9882,0,1008,0,0,0,0,11,0,0,1,0,0,0.079,0.211,0.557
full3,aggressive,mid,mixed,20,20,2025,50,50,-0.343,-0.31,-11.395,-14.062,-0.355,-0.341,-2.067,-0.343,0.41,20.0,1000,981,0.981,0,981,0,0,0,0,17,0,0,2,0,0,0.189,0.248,0.601
full3,aggressive,mid,mixed,20,20,2026,32,32,0.215,0.11,-19.505,-20.985,0.088,0.183,-1.414,0.215,0.454,20.0,640,629,0.9828,0,626,0,0,3,0,7,3,0,1,0,0,0.117,0.202,0.616
full3,aggressive,mid,mixed,20,63,ALL,165,165,-0.893,-0.58,-19.797,-26.112,-0.772,-0.975,-5.171,-0.893,0.375,20,3300,3164,0.9588,0,3153,0,0,11,0,130,1,0,5,0,0,0.12,0.228,0.573
full3,aggressive,mid,mixed,20,63,P1,91,91,-1.773,-2.12,-11.034,-12.063,-1.636,-1.743,-4.733,-1.773,0.356,20,1820,1767,0.9709,0,1767,0,0,0,0,51,0,0,2,0,0,0.079,0.215,0.558
full3,aggressive,mid,mixed,20,63,P2,74,74,0.189,0.06,-23.776,-26.112,0.291,-0.03,-5.709,0.189,0.397,20.0,1480,1397,0.9439,0,1386,0,0,11,0,79,1,0,3,0,0,0.172,0.244,0.591
full3,aggressive,mid,mixed,20,63,2023,40,40,-2.035,-1.83,-10.628,-11.489,-2.034,-1.964,-6.115,-2.035,0.387,20.0,800,768,0.96,0,768,0,0,0,0,31,0,0,1,0,0,0.078,0.219,0.559
full3,aggressive,mid,mixed,20,63,2024,51,51,-1.567,-1.45,-11.14,-12.063,-1.324,-1.57,-3.649,-1.567,0.332,20,1020,999,0.9794,0,999,0,0,0,0,20,0,0,1,0,0,0.079,0.211,0.557
full3,aggressive,mid,mixed,20,63,2025,50,50,2.086,0.55,-17.529,-20.39,2.279,1.784,-3.961,2.086,0.433,20.0,1000,943,0.943,0,938,0,0,5,0,55,0,0,2,0,0,0.189,0.248,0.601
full3,aggressive,mid,mixed,20,63,2026,24,24,-3.763,-0.72,-25.986,-26.112,-3.849,-3.811,-9.351,-3.763,0.322,20.0,480,454,0.9458,0,448,0,0,6,0,24,1,0,1,0,0,0.137,0.236,0.576
full3,aggressive,mid,stock,10,5,ALL,176,176,-0.039,-0.15,-8.831,-13.648,-0.049,-0.042,-0.389,-0.038,0.472,10.0,1759,1749,0.9943,1,1749,0,0,0,0,6,0,0,4,0,1,0.1,0.243,0.6
full3,aggressive,mid,stock,10,5,P1,91,91,-0.091,-0.36,-4.746,-6.631,-0.102,-0.094,-0.427,-0.091,0.464,10,910,905,0.9945,0,905,0,0,0,0,3,0,0,2,0,0,0.079,0.23,0.591
full3,aggressive,mid,stock,10,5,P2,85,85,0.017,0.04,-10.404,-13.648,0.008,0.014,-0.348,0.018,0.48,10,849,844,0.9941,1,844,0,0,0,0,3,0,0,2,0,1,0.123,0.257,0.608
full3,aggressive,mid,stock,10,5,2023,40,40,-0.232,-0.69,-4.05,-4.066,-0.236,-0.232,-0.481,-0.232,0.451,10.0,400,398,0.995,0,398,0,0,0,0,1,0,0,1,0,0,0.087,0.235,0.582
full3,aggressive,mid,stock,10,5,2024,51,51,0.019,0.05,-5.175,-6.631,0.004,0.014,-0.385,0.019,0.475,10,510,507,0.9941,0,507,0,0,0,0,2,0,0,1,0,0,0.073,0.225,0.598
full3,aggressive,mid,stock,10,5,2025,50,50,0.075,0.15,-6.927,-8.285,0.045,0.07,-0.545,0.077,0.485,10.0,499,495,0.992,1,495,0,0,0,0,3,0,0,1,0,1,0.154,0.3,0.602
full3,aggressive,mid,stock,10,5,2026,35,35,-0.066,-0.07,-13.229,-13.648,-0.045,-0.066,-0.066,-0.066,0.475,10,350,349,0.9971,0,349,0,0,0,0,0,0,0,1,0,0,0.077,0.194,0.621
full3,aggressive,mid,stock,10,20,ALL,173,173,-0.066,-0.08,-16.417,-27.514,-0.092,-0.066,-1.83,-0.071,0.456,10,1729,1695,0.9803,1,1692,0,0,3,0,27,3,0,4,0,1,0.102,0.247,0.599
full3,aggressive,mid,stock,10,20,P1,91,91,0.189,0.25,-9.099,-10.514,0.178,0.187,-1.065,0.189,0.49,10,910,897,0.9857,0,897,0,0,0,0,11,0,0,2,0,0,0.079,0.23,0.591
full3,aggressive,mid,stock,10,20,P2,82,82,-0.349,-0.24,-19.873,-27.514,-0.392,-0.347,-2.68,-0.36,0.417,10.0,819,798,0.9744,1,795,0,0,3,0,16,3,0,2,0,1,0.127,0.266,0.606
full3,aggressive,mid,stock,10,20,2023,40,40,-1.193,-2.53,-8.003,-8.752,-1.18,-1.201,-2.483,-1.193,0.454,10.0,400,394,0.985,0,394,0,0,0,0,5,0,0,1,0,0,0.087,0.235,0.582
full3,aggressive,mid,stock,10,20,2024,51,51,1.273,1.05,-9.655,-10.514,1.243,1.276,0.048,1.273,0.519,10,510,503,0.9863,0,503,0,0,0,0,6,0,0,1,0,0,0.073,0.225,0.598
full3,aggressive,mid,stock,10,20,2025,50,50,-0.833,-0.51,-14.372,-15.736,-0.734,-0.759,-2.961,-0.851,0.393,10.0,499,487,0.976,1,487,0,0,0,0,11,0,0,1,0,1,0.154,0.3,0.602
full3,aggressive,mid,stock,10,20,2026,32,32,0.407,0.15,-24.7,-27.514,0.142,0.297,-2.241,0.407,0.455,10.0,320,311,0.9719,0,308,0,0,3,0,5,3,0,1,0,0,0.084,0.212,0.616
full3,aggressive,mid,stock,10,63,ALL,165,165,-0.234,-0.14,-23.83,-37.042,0.052,-0.326,-5.034,-0.25,0.425,10,1649,1572,0.9533,1,1565,0,0,7,0,73,0,0,4,0,1,0.104,0.256,0.59
full3,aggressive,mid,stock,10,63,P1,91,91,0.276,0.26,-14.405,-17.944,0.52,0.288,-2.868,0.276,0.447,10,910,881,0.9681,0,881,0,0,0,0,27,0,0,2,0,0,0.079,0.23,0.591
full3,aggressive,mid,stock,10,63,P2,74,74,-0.86,-0.25,-29.649,-37.042,-0.523,-1.081,-7.699,-0.898,0.398,10.0,739,691,0.935,1,684,0,0,7,0,46,0,0,2,0,1,0.135,0.288,0.586
full3,aggressive,mid,stock,10,63,2023,40,40,-0.549,-0.52,-13.876,-17.944,-0.548,-0.506,-4.21,-0.549,0.458,10.0,400,385,0.9625,0,385,0,0,0,0,14,0,0,1,0,0,0.087,0.235,0.582
full3,aggressive,mid,stock,10,63,2024,51,51,0.923,0.61,-14.057,-15.488,1.358,0.911,-1.816,0.923,0.438,10,510,496,0.9725,0,496,0,0,0,0,13,0,0,1,0,0,0.073,0.225,0.598
full3,aggressive,mid,stock,10,63,2025,50,50,0.661,0.16,-19.653,-23.193,1.388,0.466,-6.722,0.606,0.427,10.0,499,464,0.9299,1,462,0,0,2,0,34,0,0,1,0,1,0.154,0.3,0.602
full3,aggressive,mid,stock,10,63,2026,24,24,-4.03,-0.65,-35.452,-37.042,-4.503,-4.304,-9.735,-4.03,0.337,10.0,240,227,0.9458,0,222,0,0,5,0,12,0,0,1,0,0,0.096,0.263,0.557
full3,aggressive,mid,stock,20,5,ALL,176,176,0.053,0.24,-6.639,-10.279,0.05,0.05,-0.407,0.056,0.483,20.0,3509,3488,0.994,11,3488,0,0,0,0,14,2,0,5,0,1,0.121,0.216,0.568
full3,aggressive,mid,stock,20,5,P1,91,91,-0.075,-0.33,-4.13,-5.165,-0.077,-0.076,-0.52,-0.075,0.465,20,1820,1810,0.9945,0,1810,0,0,0,0,8,0,0,2,0,0,0.088,0.213,0.557
full3,aggressive,mid,stock,20,5,P2,85,85,0.189,0.5,-7.685,-10.279,0.187,0.184,-0.287,0.196,0.502,20,1689,1678,0.9935,11,1678,0,0,0,0,6,2,0,3,0,1,0.156,0.22,0.579
full3,aggressive,mid,stock,20,5,2023,40,40,-0.152,-0.48,-4.079,-4.121,-0.155,-0.153,-0.66,-0.152,0.46,20.0,800,795,0.9938,0,795,0,0,0,0,4,0,0,1,0,0,0.085,0.225,0.549
full3,aggressive,mid,stock,20,5,2024,51,51,-0.014,-0.04,-4.164,-5.165,-0.016,-0.015,-0.409,-0.014,0.469,20,1020,1015,0.9951,0,1015,0,0,0,0,4,0,0,1,0,0,0.091,0.203,0.562
full3,aggressive,mid,stock,20,5,2025,50,50,0.246,0.63,-5.29,-7.491,0.238,0.246,-0.259,0.258,0.504,20.0,989,982,0.9929,11,982,0,0,0,0,5,0,0,2,0,1,0.184,0.246,0.582
full3,aggressive,mid,stock,20,5,2026,35,35,0.108,0.15,-9.633,-10.279,0.114,0.096,-0.328,0.108,0.5,20,700,696,0.9943,0,696,0,0,0,0,1,2,0,1,0,0,0.116,0.181,0.581
full3,aggressive,mid,stock,20,20,ALL,173,173,0.104,0.17,-13.186,-20.985,0.059,0.086,-1.777,0.081,0.469,20,3449,3381,0.9803,11,3378,0,0,3,0,60,3,0,5,0,1,0.123,0.219,0.568
full3,aggressive,mid,stock,20,20,P1,91,91,0.009,0.01,-7.795,-9.982,-0.003,0.012,-1.75,0.009,0.483,20,1820,1787,0.9819,0,1787,0,0,0,0,31,0,0,2,0,0,0.088,0.213,0.557
full3,aggressive,mid,stock,20,20,P2,82,82,0.209,0.19,-15.65,-20.985,0.128,0.167,-1.807,0.159,0.454,20.0,1629,1594,0.9785,11,1591,0,0,3,0,29,3,0,3,0,1,0.161,0.226,0.58
full3,aggressive,mid,stock,20,20,2023,40,40,-0.99,-2.76,-6.618,-6.926,-0.984,-0.971,-3.182,-0.99,0.448,20.0,800,782,0.9775,0,782,0,0,0,0,17,0,0,1,0,0,0.085,0.225,0.549
full3,aggressive,mid,stock,20,20,2024,51,51,0.793,0.75,-8.313,-9.982,0.767,0.783,-0.626,0.793,0.51,20,1020,1005,0.9853,0,1005,0,0,0,0,14,0,0,1,0,0,0.091,0.203,0.562
full3,aggressive,mid,stock,20,20,2025,50,50,0.107,0.09,-11.559,-13.644,0.084,0.087,-1.822,0.025,0.447,20.0,989,968,0.9788,11,968,0,0,0,0,19,0,0,2,0,1,0.184,0.246,0.582
full3,aggressive,mid,stock,20,20,2026,32,32,0.37,0.17,-19.505,-20.985,0.197,0.292,-1.783,0.37,0.464,20.0,640,626,0.9781,0,623,0,0,3,0,10,3,0,1,0,0,0.125,0.195,0.584
full3,aggressive,mid,stock,20,63,ALL,165,165,1.089,0.63,-18.656,-26.112,1.116,0.925,-4.05,1.013,0.446,20,3289,3129,0.9514,11,3118,0,0,11,0,154,1,0,5,0,1,0.126,0.226,0.563
full3,aggressive,mid,stock,20,63,P1,91,91,0.398,0.36,-10.572,-12.064,0.485,0.397,-3.473,0.398,0.455,20,1820,1752,0.9626,0,1752,0,0,0,0,66,0,0,2,0,0,0.088,0.213,0.557
full3,aggressive,mid,stock,20,63,P2,74,74,1.937,0.56,-24.379,-26.112,1.892,1.575,-4.759,1.769,0.435,20.0,1469,1377,0.9374,11,1366,0,0,11,0,88,1,0,3,0,1,0.172,0.241,0.571
full3,aggressive,mid,stock,20,63,2023,40,40,-0.596,-0.4,-10.794,-12.064,-0.627,-0.527,-5.768,-0.596,0.435,20.0,800,760,0.95,0,760,0,0,0,0,39,0,0,1,0,0,0.085,0.225,0.549
full3,aggressive,mid,stock,20,63,2024,51,51,1.179,0.97,-10.425,-11.072,1.357,1.122,-1.673,1.179,0.471,20,1020,992,0.9725,0,992,0,0,0,0,27,0,0,1,0,0,0.091,0.203,0.562
full3,aggressive,mid,stock,20,63,2025,50,50,3.809,0.94,-13.57,-16.098,3.878,3.377,-3.007,3.56,0.467,20.0,989,926,0.9363,11,921,0,0,5,0,61,0,0,2,0,1,0.184,0.246,0.582
full3,aggressive,mid,stock,20,63,2026,24,24,-1.961,-0.31,-25.986,-26.112,-2.243,-2.178,-8.41,-1.961,0.368,20.0,480,451,0.9396,0,445,0,0,6,0,27,1,0,1,0,0,0.146,0.231,0.554
full3,aggressive,short,mixed,10,5,ALL,176,176,-0.25,-1.06,-8.207,-12.656,-0.251,-0.247,-0.536,-0.25,0.463,10.0,1760,1754,0.9966,0,1754,0,0,0,0,4,1,0,1,0,0,0.073,0.328,0.66
full3,aggressive,short,mixed,10,5,P1,91,91,-0.001,-0.0,-4.688,-6.106,-0.001,0.005,-0.222,-0.001,0.443,10,910,907,0.9967,0,907,0,0,0,0,2,0,0,1,0,0,0.071,0.324,0.638
full3,aggressive,short,mixed,10,5,P2,85,85,-0.518,-1.27,-9.849,-12.656,-0.518,-0.517,-0.873,-0.518,0.484,10,850,847,0.9965,0,847,0,0,0,0,2,1,0,0,0,0,0.074,0.331,0.683
full3,aggressive,short,mixed,10,5,2023,40,40,0.07,0.21,-5.226,-6.106,0.074,0.086,-0.177,0.07,0.45,10.0,400,398,0.995,0,398,0,0,0,0,1,0,0,1,0,0,0.062,0.348,0.631
full3,aggressive,short,mixed,10,5,2024,51,51,-0.056,-0.15,-4.33,-4.762,-0.061,-0.058,-0.257,-0.056,0.438,10,510,509,0.998,0,509,0,0,0,0,1,0,0,0,0,0,0.079,0.305,0.644
full3,aggressive,short,mixed,10,5,2025,50,50,-0.23,-0.47,-8.331,-9.932,-0.23,-0.224,-0.632,-0.23,0.489,10.0,500,498,0.996,0,498,0,0,0,0,2,0,0,0,0,0,0.097,0.375,0.68
full3,aggressive,short,mixed,10,5,2026,35,35,-0.929,-1.34,-11.381,-12.656,-0.929,-0.934,-1.217,-0.929,0.476,10,350,349,0.9971,0,349,0,0,0,0,0,1,0,0,0,0,0.042,0.268,0.694
full3,aggressive,short,mixed,10,20,ALL,173,173,-0.992,-1.64,-14.513,-20.097,-0.993,-0.969,-1.862,-0.992,0.406,10,1730,1714,0.9908,0,1714,0,0,0,0,14,1,0,1,0,0,0.074,0.332,0.658
full3,aggressive,short,mixed,10,20,P1,91,91,-0.261,-0.4,-8.102,-9.124,-0.259,-0.251,-0.936,-0.261,0.405,10,910,903,0.9923,0,903,0,0,0,0,6,0,0,1,0,0,0.071,0.324,0.638
full3,aggressive,short,mixed,10,20,P2,82,82,-1.804,-1.75,-16.881,-20.097,-1.808,-1.766,-2.89,-1.804,0.408,10.0,820,811,0.989,0,811,0,0,0,0,8,1,0,0,0,0,0.077,0.341,0.68
full3,aggressive,short,mixed,10,20,2023,40,40,-0.432,-0.71,-7.316,-9.124,-0.394,-0.401,-1.178,-0.432,0.439,10.0,400,396,0.99,0,396,0,0,0,0,3,0,0,1,0,0,0.062,0.348,0.631
full3,aggressive,short,mixed,10,20,2024,51,51,-0.128,-0.12,-8.039,-8.91,-0.153,-0.133,-0.747,-0.128,0.378,10,510,507,0.9941,0,507,0,0,0,0,3,0,0,0,0,0,0.079,0.305,0.644
full3,aggressive,short,mixed,10,20,2025,50,50,-1.534,-1.19,-14.612,-15.888,-1.496,-1.487,-2.489,-1.534,0.385,10.0,500,495,0.99,0,495,0,0,0,0,5,0,0,0,0,0,0.097,0.375,0.68
full3,aggressive,short,mixed,10,20,2026,32,32,-2.224,-1.32,-19.018,-20.097,-2.295,-2.203,-3.518,-2.224,0.443,10.0,320,316,0.9875,0,316,0,0,0,0,3,1,0,0,0,0,0.046,0.286,0.687
full3,aggressive,short,mixed,10,63,ALL,165,165,-1.926,-1.16,-20.739,-29.249,-1.764,-1.862,-4.617,-1.926,0.345,10,1650,1606,0.9733,0,1604,0,0,2,0,43,0,0,1,0,0,0.076,0.34,0.654
full3,aggressive,short,mixed,10,63,P1,91,91,-1.675,-1.88,-14.381,-16.857,-1.504,-1.632,-3.527,-1.675,0.333,10,910,893,0.9813,0,893,0,0,0,0,16,0,0,1,0,0,0.071,0.324,0.638
full3,aggressive,short,mixed,10,63,P2,74,74,-2.235,-0.64,-23.608,-29.249,-2.084,-2.144,-5.957,-2.235,0.36,10.0,740,713,0.9635,0,711,0,0,2,0,27,0,0,0,0,0,0.082,0.36,0.674
full3,aggressive,short,mixed,10,63,2023,40,40,-1.864,-2.43,-11.82,-13.003,-1.785,-1.775,-4.23,-1.864,0.371,10.0,400,390,0.975,0,390,0,0,0,0,9,0,0,1,0,0,0.062,0.348,0.631
full3,aggressive,short,mixed,10,63,2024,51,51,-1.526,-1.03,-15.462,-16.857,-1.283,-1.52,-2.976,-1.526,0.303,10,510,503,0.9863,0,503,0,0,0,0,7,0,0,0,0,0,0.079,0.305,0.644
full3,aggressive,short,mixed,10,63,2025,50,50,0.34,0.08,-20.388,-22.013,0.617,0.433,-3.511,0.34,0.411,10.0,500,481,0.962,0,481,0,0,0,0,19,0,0,0,0,0,0.097,0.375,0.68
full3,aggressive,short,mixed,10,63,2026,24,24,-7.599,-1.98,-25.54,-29.249,-7.711,-7.513,-11.054,-7.599,0.254,10.0,240,232,0.9667,0,230,0,0,2,0,8,0,0,0,0,0,0.053,0.326,0.67
full3,aggressive,short,mixed,20,5,ALL,176,176,-0.146,-0.75,-6.328,-9.595,-0.148,-0.148,-0.407,-0.146,0.462,20.0,3520,3508,0.9966,0,3508,0,0,0,0,8,1,0,3,0,0,0.1,0.304,0.61
full3,aggressive,short,mixed,20,5,P1,91,91,-0.075,-0.34,-3.893,-4.736,-0.077,-0.076,-0.3,-0.075,0.441,20,1820,1814,0.9967,0,1814,0,0,0,0,4,0,0,2,0,0,0.087,0.304,0.602
full3,aggressive,short,mixed,20,5,P2,85,85,-0.223,-0.68,-7.526,-9.595,-0.223,-0.226,-0.522,-0.223,0.485,20,1700,1694,0.9965,0,1694,0,0,0,0,4,1,0,1,0,0,0.113,0.305,0.618
full3,aggressive,short,mixed,20,5,2023,40,40,-0.016,-0.06,-3.629,-3.93,-0.017,-0.016,-0.398,-0.016,0.456,20.0,800,796,0.995,0,796,0,0,0,0,3,0,0,1,0,0,0.084,0.313,0.583
full3,aggressive,short,mixed,20,5,2024,51,51,-0.121,-0.36,-4.069,-4.736,-0.125,-0.123,-0.223,-0.121,0.429,20,1020,1018,0.998,0,1018,0,0,0,0,1,0,0,1,0,0,0.089,0.297,0.615
full3,aggressive,short,mixed,20,5,2025,50,50,0.022,0.06,-6.124,-8.486,0.021,0.023,-0.284,0.022,0.493,20.0,1000,996,0.996,0,996,0,0,0,0,3,0,0,1,0,0,0.141,0.344,0.61
full3,aggressive,short,mixed,20,5,2026,35,35,-0.573,-1.04,-8.239,-9.595,-0.572,-0.581,-0.862,-0.573,0.472,20,700,698,0.9971,0,698,0,0,0,0,1,1,0,0,0,0,0.074,0.249,0.632
full3,aggressive,short,mixed,20,20,ALL,173,173,-0.681,-1.35,-12.9,-16.295,-0.7,-0.678,-1.57,-0.681,0.41,20,3460,3427,0.9905,0,3425,0,0,2,0,29,1,0,3,0,0,0.101,0.309,0.608
full3,aggressive,short,mixed,20,20,P1,91,91,-0.434,-0.82,-7.165,-8.066,-0.437,-0.432,-1.172,-0.434,0.406,20,1820,1805,0.9918,0,1805,0,0,0,0,13,0,0,2,0,0,0.087,0.304,0.602
full3,aggressive,short,mixed,20,20,P2,82,82,-0.954,-1.08,-14.471,-16.295,-0.991,-0.951,-2.011,-0.954,0.414,20.0,1640,1622,0.989,0,1620,0,0,2,0,16,1,0,1,0,0,0.117,0.314,0.615
full3,aggressive,short,mixed,20,20,2023,40,40,-0.684,-1.46,-6.738,-7.7,-0.674,-0.677,-1.708,-0.684,0.432,20.0,800,791,0.9888,0,791,0,0,0,0,8,0,0,1,0,0,0.084,0.313,0.583
full3,aggressive,short,mixed,20,20,2024,51,51,-0.237,-0.28,-7.45,-8.066,-0.251,-0.24,-0.752,-0.237,0.385,20,1020,1014,0.9941,0,1014,0,0,0,0,5,0,0,1,0,0,0.089,0.297,0.615
full3,aggressive,short,mixed,20,20,2025,50,50,-0.242,-0.21,-12.773,-14.824,-0.242,-0.235,-1.244,-0.242,0.42,20.0,1000,989,0.989,0,989,0,0,0,0,10,0,0,1,0,0,0.141,0.344,0.61
full3,aggressive,short,mixed,20,20,2026,32,32,-2.067,-1.54,-16.242,-16.295,-2.162,-2.071,-3.211,-2.067,0.405,20.0,640,633,0.9891,0,631,0,0,2,0,6,1,0,0,0,0,0.081,0.267,0.624
full3,aggressive,short,mixed,20,63,ALL,165,165,-1.576,-0.95,-20.257,-25.505,-1.456,-1.561,-4.757,-1.576,0.357,20,3300,3198,0.9691,0,3194,0,0,4,0,99,0,0,3,0,0,0.105,0.316,0.607
full3,aggressive,short,mixed,20,63,P1,91,91,-2.106,-3.34,-12.067,-12.849,-1.953,-2.065,-4.797,-2.106,0.335,20,1820,1772,0.9736,0,1772,0,0,0,0,46,0,0,2,0,0,0.087,0.304,0.602
full3,aggressive,short,mixed,20,63,P2,74,74,-0.924,-0.26,-22.57,-25.505,-0.844,-0.942,-4.708,-0.924,0.384,20.0,1480,1426,0.9635,0,1422,0,0,4,0,53,0,0,1,0,0,0.127,0.33,0.612
full3,aggressive,short,mixed,20,63,2023,40,40,-2.19,-3.62,-10.259,-10.581,-2.246,-2.124,-6.619,-2.19,0.37,20.0,800,766,0.9575,0,766,0,0,0,0,33,0,0,1,0,0,0.084,0.313,0.583
full3,aggressive,short,mixed,20,63,2024,51,51,-2.039,-1.97,-12.526,-12.849,-1.724,-2.019,-3.368,-2.039,0.308,20,1020,1006,0.9863,0,1006,0,0,0,0,13,0,0,1,0,0,0.089,0.297,0.615
full3,aggressive,short,mixed,20,63,2025,50,50,2.179,0.5,-18.993,-19.362,2.256,2.073,-1.675,2.179,0.432,20.0,1000,963,0.963,0,963,0,0,0,0,36,0,0,1,0,0,0.141,0.344,0.61
full3,aggressive,short,mixed,20,63,2026,24,24,-7.389,-2.15,-24.326,-25.505,-7.301,-7.222,-11.026,-7.389,0.285,20.0,480,463,0.9646,0,459,0,0,4,0,17,0,0,0,0,0,0.1,0.301,0.62
full3,aggressive,short,stock,10,5,ALL,176,176,-0.091,-0.36,-8.344,-12.656,-0.096,-0.092,-0.44,-0.091,0.479,10.0,1760,1753,0.996,0,1753,0,0,0,0,5,1,0,1,0,0,0.08,0.319,0.651
full3,aggressive,short,stock,10,5,P1,91,91,0.115,0.44,-5.235,-6.106,0.114,0.121,-0.106,0.115,0.471,10,910,907,0.9967,0,907,0,0,0,0,2,0,0,1,0,0,0.077,0.314,0.638
full3,aggressive,short,stock,10,5,P2,85,85,-0.311,-0.71,-10.075,-12.656,-0.321,-0.32,-0.797,-0.311,0.488,10,850,846,0.9953,0,846,0,0,0,0,3,1,0,0,0,0,0.082,0.324,0.664
full3,aggressive,short,stock,10,5,2023,40,40,0.286,0.73,-5.934,-6.106,0.29,0.301,0.039,0.286,0.48,10.0,400,398,0.995,0,398,0,0,0,0,1,0,0,1,0,0,0.072,0.328,0.603
full3,aggressive,short,stock,10,5,2024,51,51,-0.019,-0.05,-4.401,-4.794,-0.024,-0.021,-0.22,-0.019,0.464,10,510,509,0.998,0,509,0,0,0,0,1,0,0,0,0,0,0.08,0.304,0.66
full3,aggressive,short,stock,10,5,2025,50,50,-0.0,-0.0,-8.627,-9.932,-0.017,-0.011,-0.626,-0.0,0.499,10.0,500,497,0.994,0,497,0,0,0,0,3,0,0,0,0,0,0.11,0.37,0.651
full3,aggressive,short,stock,10,5,2026,35,35,-0.754,-1.0,-11.381,-12.656,-0.755,-0.76,-1.043,-0.754,0.473,10,350,349,0.9971,0,349,0,0,0,0,0,1,0,0,0,0,0.043,0.257,0.688
full3,aggressive,short,stock,10,20,ALL,173,173,-0.652,-0.99,-14.772,-20.097,-0.663,-0.631,-1.88,-0.652,0.46,10,1730,1708,0.9873,0,1708,0,0,0,0,20,1,0,1,0,0,0.081,0.323,0.65
full3,aggressive,short,stock,10,20,P1,91,91,0.259,0.38,-8.559,-9.555,0.251,0.264,-0.421,0.259,0.493,10,910,903,0.9923,0,903,0,0,0,0,6,0,0,1,0,0,0.077,0.314,0.638
full3,aggressive,short,stock,10,20,P2,82,82,-1.664,-1.48,-16.881,-20.097,-1.677,-1.625,-3.499,-1.664,0.423,10.0,820,805,0.9817,0,805,0,0,0,0,14,1,0,0,0,0,0.085,0.333,0.663
full3,aggressive,short,stock,10,20,2023,40,40,0.178,0.25,-9.339,-9.555,0.196,0.201,-0.576,0.178,0.49,10.0,400,396,0.99,0,396,0,0,0,0,3,0,0,1,0,0,0.072,0.328,0.603
full3,aggressive,short,stock,10,20,2024,51,51,0.323,0.3,-8.039,-8.91,0.294,0.314,-0.299,0.323,0.495,10,510,507,0.9941,0,507,0,0,0,0,3,0,0,0,0,0,0.08,0.304,0.66
full3,aggressive,short,stock,10,20,2025,50,50,-1.269,-0.88,-14.62,-15.888,-1.227,-1.211,-3.23,-1.269,0.408,10.0,500,490,0.98,0,490,0,0,0,0,10,0,0,0,0,0,0.11,0.37,0.651
full3,aggressive,short,stock,10,20,2026,32,32,-2.28,-1.29,-19.018,-20.097,-2.38,-2.271,-3.921,-2.28,0.446,10.0,320,315,0.9844,0,315,0,0,0,0,4,1,0,0,0,0,0.047,0.275,0.687
full3,aggressive,short,stock,10,63,ALL,165,165,-0.967,-0.52,-21.56,-29.249,-0.766,-0.874,-4.365,-0.967,0.395,10,1650,1595,0.9667,0,1593,0,0,2,0,54,0,0,1,0,0,0.084,0.331,0.645
full3,aggressive,short,stock,10,63,P1,91,91,-0.296,-0.34,-15.064,-16.857,-0.118,-0.28,-2.646,-0.296,0.411,10,910,889,0.9769,0,889,0,0,0,0,20,0,0,1,0,0,0.077,0.314,0.638
full3,aggressive,short,stock,10,63,P2,74,74,-1.791,-0.45,-23.433,-29.249,-1.562,-1.604,-6.48,-1.791,0.376,10.0,740,706,0.9541,0,704,0,0,2,0,34,0,0,0,0,0,0.092,0.351,0.653
full3,aggressive,short,stock,10,63,2023,40,40,-0.182,-0.18,-14.036,-15.069,-0.163,-0.152,-3.407,-0.182,0.437,10.0,400,387,0.9675,0,387,0,0,0,0,12,0,0,1,0,0,0.072,0.328,0.603
full3,aggressive,short,stock,10,63,2024,51,51,-0.385,-0.28,-15.462,-16.857,-0.083,-0.38,-2.048,-0.385,0.391,10,510,502,0.9843,0,502,0,0,0,0,8,0,0,0,0,0,0.08,0.304,0.66
full3,aggressive,short,stock,10,63,2025,50,50,0.709,0.14,-20.548,-20.922,1.098,0.93,-4.366,0.709,0.419,10.0,500,475,0.95,0,475,0,0,0,0,25,0,0,0,0,0,0.11,0.37,0.651
full3,aggressive,short,stock,10,63,2026,24,24,-7.001,-1.51,-25.664,-29.249,-7.104,-6.883,-10.884,-7.001,0.285,10.0,240,231,0.9625,0,229,0,0,2,0,9,0,0,0,0,0,0.054,0.312,0.665
full3,aggressive,short,stock,20,5,ALL,176,176,-0.196,-0.97,-6.663,-9.595,-0.197,-0.199,-0.483,-0.197,0.47,20.0,3517,3503,0.996,3,3503,0,0,0,0,9,1,0,4,0,1,0.104,0.294,0.597
full3,aggressive,short,stock,20,5,P1,91,91,-0.098,-0.44,-4.139,-5.135,-0.1,-0.099,-0.323,-0.098,0.459,20,1820,1813,0.9962,0,1813,0,0,0,0,4,0,0,3,0,0,0.093,0.288,0.592
full3,aggressive,short,stock,20,5,P2,85,85,-0.301,-0.88,-7.91,-9.595,-0.301,-0.305,-0.654,-0.302,0.482,20,1697,1690,0.9959,3,1690,0,0,0,0,5,1,0,1,0,1,0.117,0.301,0.602
full3,aggressive,short,stock,20,5,2023,40,40,-0.062,-0.21,-4.374,-5.135,-0.063,-0.062,-0.444,-0.062,0.463,20.0,800,796,0.995,0,796,0,0,0,0,3,0,0,1,0,0,0.091,0.31,0.556
full3,aggressive,short,stock,20,5,2024,51,51,-0.127,-0.39,-3.983,-4.736,-0.129,-0.129,-0.229,-0.127,0.456,20,1020,1017,0.9971,0,1017,0,0,0,0,1,0,0,2,0,0,0.094,0.271,0.62
full3,aggressive,short,stock,20,5,2025,50,50,-0.052,-0.13,-6.297,-8.451,-0.053,-0.053,-0.45,-0.054,0.489,20.0,997,992,0.995,3,992,0,0,0,0,4,0,0,1,0,1,0.14,0.342,0.593
full3,aggressive,short,stock,20,5,2026,35,35,-0.656,-1.13,-8.839,-9.595,-0.655,-0.665,-0.945,-0.656,0.472,20,700,698,0.9971,0,698,0,0,0,0,1,1,0,0,0,0,0.084,0.241,0.618
full3,aggressive,short,stock,20,20,ALL,173,173,-0.717,-1.38,-13.13,-16.295,-0.744,-0.716,-1.816,-0.72,0.445,20,3457,3416,0.9881,3,3414,0,0,2,0,36,1,0,4,0,1,0.106,0.298,0.597
full3,aggressive,short,stock,20,20,P1,91,91,-0.292,-0.55,-7.364,-8.066,-0.315,-0.297,-1.268,-0.292,0.463,20,1820,1800,0.989,0,1800,0,0,0,0,17,0,0,3,0,0,0.093,0.288,0.592
full3,aggressive,short,stock,20,20,P2,82,82,-1.188,-1.3,-14.711,-16.295,-1.22,-1.182,-2.423,-1.196,0.424,20.0,1637,1616,0.9872,3,1614,0,0,2,0,19,1,0,1,0,1,0.121,0.31,0.602
full3,aggressive,short,stock,20,20,2023,40,40,-0.804,-1.64,-7.235,-7.453,-0.813,-0.806,-2.236,-0.804,0.444,20.0,800,788,0.985,0,788,0,0,0,0,11,0,0,1,0,0,0.091,0.31,0.556
full3,aggressive,short,stock,20,20,2024,51,51,0.109,0.13,-7.45,-8.066,0.075,0.102,-0.509,0.109,0.479,20,1020,1012,0.9922,0,1012,0,0,0,0,6,0,0,2,0,0,0.094,0.271,0.62
full3,aggressive,short,stock,20,20,2025,50,50,-0.403,-0.33,-13.415,-14.824,-0.397,-0.392,-1.699,-0.416,0.437,20.0,997,983,0.986,3,983,0,0,0,0,13,0,0,1,0,1,0.14,0.342,0.593
full3,aggressive,short,stock,20,20,2026,32,32,-2.414,-1.9,-16.242,-16.295,-2.507,-2.415,-3.555,-2.414,0.404,20.0,640,633,0.9891,0,631,0,0,2,0,6,1,0,0,0,0,0.092,0.259,0.618
full3,aggressive,short,stock,20,63,ALL,165,165,-0.894,-0.5,-20.558,-25.505,-0.765,-0.873,-4.759,-0.912,0.401,20,3297,3173,0.9624,3,3169,0,0,4,0,120,0,0,4,0,1,0.11,0.305,0.595
full3,aggressive,short,stock,20,63,P1,91,91,-1.163,-1.55,-11.523,-12.849,-1.03,-1.137,-4.462,-1.163,0.401,20,1820,1761,0.9676,0,1761,0,0,0,0,56,0,0,3,0,0,0.093,0.288,0.592
full3,aggressive,short,stock,20,63,P2,74,74,-0.565,-0.15,-23.409,-25.505,-0.439,-0.547,-5.126,-0.604,0.401,20.0,1477,1412,0.956,3,1408,0,0,4,0,64,0,0,1,0,1,0.131,0.326,0.599
full3,aggressive,short,stock,20,63,2023,40,40,-1.926,-2.14,-9.926,-9.964,-2.016,-1.878,-6.924,-1.926,0.395,20.0,800,762,0.9525,0,762,0,0,0,0,37,0,0,1,0,0,0.091,0.31,0.556
full3,aggressive,short,stock,20,63,2024,51,51,-0.563,-0.62,-12.174,-12.849,-0.256,-0.556,-2.53,-0.563,0.406,20,1020,999,0.9794,0,999,0,0,0,0,19,0,0,2,0,0,0.094,0.271,0.62
full3,aggressive,short,stock,20,63,2025,50,50,2.754,0.58,-19.071,-19.499,2.896,2.697,-2.253,2.696,0.444,20.0,997,949,0.9519,3,949,0,0,0,0,47,0,0,1,0,1,0.14,0.342,0.593
full3,aggressive,short,stock,20,63,2026,24,24,-7.479,-2.22,-25.443,-25.505,-7.386,-7.307,-11.111,-7.479,0.311,20.0,480,463,0.9646,0,459,0,0,4,0,17,0,0,0,0,0,0.113,0.292,0.615
full3,balanced,long,mixed,10,5,ALL,176,176,-0.095,-0.42,-7.571,-11.381,-0.1,-0.097,-0.384,-0.095,0.46,10.0,1760,1751,0.9949,0,1751,0,0,0,0,5,0,0,4,0,0,0.092,0.345,0.617
full3,balanced,long,mixed,10,5,P1,91,91,-0.193,-0.8,-5.217,-8.258,-0.199,-0.197,-0.641,-0.193,0.444,10,910,904,0.9934,0,904,0,0,0,0,4,0,0,2,0,0,0.081,0.336,0.604
full3,balanced,long,mixed,10,5,P2,85,85,0.011,0.03,-8.853,-11.381,0.006,0.01,-0.108,0.011,0.477,10,850,847,0.9965,0,847,0,0,0,0,1,0,0,2,0,0,0.104,0.354,0.629
full3,balanced,long,mixed,10,5,2023,40,40,-0.363,-1.11,-4.595,-4.616,-0.354,-0.361,-0.863,-0.363,0.431,10.0,400,397,0.9925,0,397,0,0,0,0,2,0,0,1,0,0,0.078,0.336,0.603
full3,balanced,long,mixed,10,5,2024,51,51,-0.06,-0.18,-5.632,-8.258,-0.077,-0.069,-0.467,-0.06,0.454,10,510,507,0.9941,0,507,0,0,0,0,2,0,0,1,0,0,0.084,0.336,0.608
full3,balanced,long,mixed,10,5,2025,50,50,-0.179,-0.43,-7.702,-10.136,-0.194,-0.18,-0.381,-0.179,0.474,10.0,500,498,0.996,0,498,0,0,0,0,1,0,0,1,0,0,0.126,0.366,0.635
full3,balanced,long,mixed,10,5,2026,35,35,0.282,0.39,-9.808,-11.381,0.291,0.282,0.282,0.282,0.48,10,350,349,0.9971,0,349,0,0,0,0,0,0,0,1,0,0,0.072,0.336,0.621
full3,balanced,long,mixed,10,20,ALL,173,173,-0.076,-0.11,-14.162,-18.143,-0.13,-0.107,-1.803,-0.076,0.417,10,1730,1697,0.9809,0,1695,0,0,2,0,26,3,0,4,0,0,0.094,0.348,0.615
full3,balanced,long,mixed,10,20,P1,91,91,-0.155,-0.23,-7.794,-10.346,-0.162,-0.154,-1.506,-0.155,0.413,10,910,896,0.9846,0,896,0,0,0,0,12,0,0,2,0,0,0.081,0.336,0.604
full3,balanced,long,mixed,10,20,P2,82,82,0.012,0.01,-16.822,-18.143,-0.095,-0.055,-2.133,0.012,0.421,10.0,820,801,0.9768,0,799,0,0,2,0,14,3,0,2,0,0,0.108,0.361,0.626
full3,balanced,long,mixed,10,20,2023,40,40,-0.994,-2.14,-6.38,-6.51,-0.928,-0.951,-2.743,-0.994,0.435,10.0,400,392,0.98,0,392,0,0,0,0,7,0,0,1,0,0,0.078,0.336,0.603
full3,balanced,long,mixed,10,20,2024,51,51,0.503,0.45,-8.691,-10.346,0.44,0.471,-0.536,0.503,0.396,10,510,504,0.9882,0,504,0,0,0,0,5,0,0,1,0,0,0.084,0.336,0.608
full3,balanced,long,mixed,10,20,2025,50,50,-0.697,-0.48,-17.511,-18.143,-0.725,-0.724,-2.714,-0.697,0.403,10.0,500,489,0.978,0,489,0,0,0,0,10,0,0,1,0,0,0.126,0.366,0.635
full3,balanced,long,mixed,10,20,2026,32,32,1.119,0.53,-15.789,-16.157,0.89,0.989,-1.225,1.119,0.448,10.0,320,312,0.975,0,310,0,0,2,0,4,3,0,1,0,0,0.079,0.352,0.613
full3,balanced,long,mixed,10,63,ALL,165,165,-0.911,-0.69,-19.608,-23.927,-0.642,-0.996,-5.149,-0.911,0.364,10,1650,1581,0.9582,0,1574,0,0,7,0,65,0,0,4,0,0,0.097,0.36,0.61
full3,balanced,long,mixed,10,63,P1,91,91,-1.327,-1.63,-13.783,-15.162,-1.063,-1.264,-4.167,-1.327,0.355,10,910,883,0.9703,0,883,0,0,0,0,25,0,0,2,0,0,0.081,0.336,0.604
full3,balanced,long,mixed,10,63,P2,74,74,-0.4,-0.15,-22.578,-23.927,-0.124,-0.665,-6.358,-0.4,0.376,10.0,740,698,0.9432,0,691,0,0,7,0,40,0,0,2,0,0,0.116,0.387,0.616
full3,balanced,long,mixed,10,63,2023,40,40,-1.775,-1.85,-13.245,-15.074,-1.601,-1.68,-5.364,-1.775,0.393,10.0,400,385,0.9625,0,385,0,0,0,0,14,0,0,1,0,0,0.078,0.336,0.603
full3,balanced,long,mixed,10,63,2024,51,51,-0.975,-0.81,-13.961,-15.162,-0.641,-0.939,-3.228,-0.975,0.325,10,510,498,0.9765,0,498,0,0,0,0,11,0,0,1,0,0,0.084,0.336,0.608
full3,balanced,long,mixed,10,63,2025,50,50,0.882,0.26,-20.738,-22.44,1.425,0.595,-5.644,0.882,0.401,10.0,500,469,0.938,0,466,0,0,3,0,30,0,0,1,0,0,0.126,0.366,0.635
full3,balanced,long,mixed,10,63,2026,24,24,-3.07,-0.76,-23.55,-23.927,-3.35,-3.291,-7.846,-3.07,0.325,10.0,240,229,0.9542,0,225,0,0,4,0,10,0,0,1,0,0,0.093,0.432,0.578
full3,balanced,long,mixed,20,5,ALL,176,176,-0.065,-0.34,-6.556,-9.665,-0.07,-0.067,-0.382,-0.061,0.465,20.0,3515,3499,0.9954,5,3498,0,0,1,0,11,0,0,5,0,1,0.11,0.338,0.575
full3,balanced,long,mixed,20,5,P1,91,91,-0.122,-0.59,-4.152,-5.474,-0.126,-0.123,-0.458,-0.114,0.446,20,1815,1807,0.9956,5,1807,0,0,0,0,6,0,0,2,0,1,0.076,0.336,0.55
full3,balanced,long,mixed,20,5,P2,85,85,-0.005,-0.01,-7.753,-9.665,-0.01,-0.007,-0.3,-0.005,0.486,20,1700,1692,0.9953,0,1691,0,0,1,0,5,0,0,3,0,0,0.147,0.341,0.601
full3,balanced,long,mixed,20,5,2023,40,40,-0.333,-1.27,-3.528,-3.604,-0.332,-0.33,-0.836,-0.314,0.435,20.0,795,790,0.9937,5,790,0,0,0,0,4,0,0,1,0,1,0.077,0.337,0.545
full3,balanced,long,mixed,20,5,2024,51,51,0.043,0.14,-4.493,-5.474,0.035,0.038,-0.161,0.043,0.455,20,1020,1017,0.9971,0,1017,0,0,0,0,2,0,0,1,0,0,0.076,0.335,0.552
full3,balanced,long,mixed,20,5,2025,50,50,-0.121,-0.37,-5.894,-8.214,-0.124,-0.121,-0.522,-0.121,0.473,20.0,1000,994,0.994,0,994,0,0,0,0,4,0,0,2,0,0,0.167,0.369,0.614
full3,balanced,long,mixed,20,5,2026,35,35,0.162,0.25,-8.734,-9.665,0.153,0.155,0.016,0.162,0.504,20,700,698,0.9971,0,697,0,0,1,0,1,0,0,1,0,0,0.118,0.299,0.582
full3,balanced,long,mixed,20,20,ALL,173,173,0.002,0.0,-10.75,-15.505,-0.028,-0.008,-1.743,0.003,0.43,20,3455,3391,0.9815,5,3388,0,0,3,0,56,3,0,5,0,1,0.112,0.341,0.575
full3,balanced,long,mixed,20,20,P1,91,91,-0.218,-0.35,-7.903,-9.179,-0.224,-0.216,-1.853,-0.216,0.416,20,1815,1784,0.9829,5,1784,0,0,0,0,29,0,0,2,0,1,0.076,0.336,0.55
full3,balanced,long,mixed,20,20,P2,82,82,0.246,0.27,-12.183,-15.505,0.19,0.223,-1.621,0.246,0.446,20.0,1640,1607,0.9799,0,1604,0,0,3,0,27,3,0,3,0,0,0.151,0.347,0.602
full3,balanced,long,mixed,20,20,2023,40,40,-1.248,-3.14,-6.918,-6.986,-1.196,-1.203,-3.251,-1.244,0.417,20.0,795,778,0.9786,5,778,0,0,0,0,16,0,0,1,0,1,0.077,0.337,0.545
full3,balanced,long,mixed,20,20,2024,51,51,0.589,0.57,-8.56,-9.179,0.538,0.559,-0.756,0.589,0.416,20,1020,1006,0.9863,0,1006,0,0,0,0,13,0,0,1,0,0,0.076,0.335,0.552
full3,balanced,long,mixed,20,20,2025,50,50,-0.047,-0.04,-12.126,-15.505,-0.065,-0.056,-1.866,-0.047,0.437,20.0,1000,980,0.98,0,980,0,0,0,0,18,0,0,2,0,0,0.167,0.369,0.614
full3,balanced,long,mixed,20,20,2026,32,32,0.704,0.46,-12.268,-12.27,0.59,0.659,-1.237,0.704,0.46,20.0,640,627,0.9797,0,624,0,0,3,0,9,3,0,1,0,0,0.127,0.311,0.585
full3,balanced,long,mixed,20,63,ALL,165,165,0.259,0.18,-18.067,-23.948,0.321,0.128,-4.413,0.258,0.396,20,3295,3148,0.9554,5,3136,0,0,12,0,140,2,0,5,0,1,0.116,0.351,0.572
full3,balanced,long,mixed,20,63,P1,91,91,-0.612,-0.73,-10.622,-12.625,-0.518,-0.602,-4.402,-0.613,0.38,20,1815,1748,0.9631,5,1748,0,0,0,0,65,0,0,2,0,1,0.076,0.336,0.55
full3,balanced,long,mixed,20,63,P2,74,74,1.329,0.46,-20.724,-23.948,1.353,1.027,-4.427,1.329,0.415,20.0,1480,1400,0.9459,0,1388,0,0,12,0,75,2,0,3,0,0,0.164,0.369,0.598
full3,balanced,long,mixed,20,63,2023,40,40,-0.707,-0.6,-11.75,-12.625,-0.707,-0.641,-5.591,-0.71,0.405,20.0,795,757,0.9522,5,757,0,0,0,0,37,0,0,1,0,1,0.077,0.337,0.545
full3,balanced,long,mixed,20,63,2024,51,51,-0.536,-0.48,-9.87,-10.64,-0.371,-0.572,-3.469,-0.536,0.36,20,1020,991,0.9716,0,991,0,0,0,0,28,0,0,1,0,0,0.076,0.335,0.552
full3,balanced,long,mixed,20,63,2025,50,50,3.175,0.91,-17.907,-20.111,3.252,2.765,-3.057,3.175,0.45,20.0,1000,942,0.942,0,936,0,0,6,0,56,0,0,2,0,0,0.167,0.369,0.614
full3,balanced,long,mixed,20,63,2026,24,24,-2.516,-0.56,-22.024,-23.948,-2.602,-2.594,-7.279,-2.516,0.343,20.0,480,458,0.9542,0,452,0,0,6,0,19,2,0,1,0,0,0.158,0.369,0.565
full3,balanced,long,stock,10,5,ALL,176,176,0.066,0.27,-7.75,-11.381,0.06,0.061,-0.284,0.073,0.483,10.0,1757,1746,0.9937,3,1746,0,0,0,0,6,0,0,5,0,1,0.095,0.345,0.59
full3,balanced,long,stock,10,5,P1,91,91,-0.05,-0.19,-5.704,-8.258,-0.059,-0.057,-0.5,-0.05,0.474,10,910,904,0.9934,0,904,0,0,0,0,4,0,0,2,0,0,0.082,0.341,0.586
full3,balanced,long,stock,10,5,P2,85,85,0.191,0.46,-8.895,-11.381,0.188,0.187,-0.053,0.205,0.491,10,847,842,0.9941,3,842,0,0,0,0,2,0,0,3,0,1,0.108,0.351,0.593
full3,balanced,long,stock,10,5,2023,40,40,-0.21,-0.55,-5.288,-5.96,-0.209,-0.213,-0.715,-0.21,0.457,10.0,400,397,0.9925,0,397,0,0,0,0,2,0,0,1,0,0,0.087,0.328,0.582
full3,balanced,long,stock,10,5,2024,51,51,0.076,0.21,-5.981,-8.258,0.058,0.066,-0.332,0.076,0.488,10,510,507,0.9941,0,507,0,0,0,0,2,0,0,1,0,0,0.078,0.351,0.59
full3,balanced,long,stock,10,5,2025,50,50,0.007,0.02,-7.361,-11.026,-0.007,-0.0,-0.408,0.031,0.484,10.0,497,493,0.992,3,493,0,0,0,0,2,0,0,2,0,1,0.124,0.37,0.592
full3,balanced,long,stock,10,5,2026,35,35,0.454,0.57,-9.808,-11.381,0.467,0.454,0.454,0.454,0.501,10,350,349,0.9971,0,349,0,0,0,0,0,0,0,1,0,0,0.086,0.323,0.594
full3,balanced,long,stock,10,20,ALL,173,173,0.337,0.47,-14.259,-18.143,0.288,0.302,-1.862,0.329,0.478,10,1727,1685,0.9757,3,1683,0,0,2,0,34,3,0,5,0,1,0.096,0.348,0.59
full3,balanced,long,stock,10,20,P1,91,91,0.526,0.67,-9.382,-10.346,0.5,0.508,-1.19,0.526,0.508,10,910,893,0.9813,0,893,0,0,0,0,15,0,0,2,0,0,0.082,0.341,0.586
full3,balanced,long,stock,10,20,P2,82,82,0.129,0.1,-16.822,-18.143,0.053,0.073,-2.607,0.11,0.443,10.0,817,792,0.9694,3,790,0,0,2,0,19,3,0,3,0,1,0.111,0.356,0.594
full3,balanced,long,stock,10,20,2023,40,40,-0.589,-1.01,-8.924,-9.096,-0.533,-0.561,-2.353,-0.589,0.473,10.0,400,392,0.98,0,392,0,0,0,0,7,0,0,1,0,0,0.087,0.328,0.582
full3,balanced,long,stock,10,20,2024,51,51,1.4,1.1,-9.688,-10.346,1.311,1.347,-0.278,1.4,0.536,10,510,501,0.9824,0,501,0,0,0,0,8,0,0,1,0,0,0.078,0.351,0.59
full3,balanced,long,stock,10,20,2025,50,50,-0.461,-0.32,-17.511,-18.143,-0.459,-0.483,-3.268,-0.49,0.436,10.0,497,481,0.9678,3,481,0,0,0,0,14,0,0,2,0,1,0.124,0.37,0.592
full3,balanced,long,stock,10,20,2026,32,32,1.049,0.48,-15.789,-16.157,0.854,0.941,-1.574,1.049,0.455,10.0,320,311,0.9719,0,309,0,0,2,0,5,3,0,1,0,0,0.091,0.334,0.597
full3,balanced,long,stock,10,63,ALL,165,165,1.557,1.02,-18.666,-23.927,1.707,1.359,-3.471,1.507,0.446,10,1647,1567,0.9514,3,1560,0,0,7,0,75,0,0,5,0,1,0.099,0.359,0.582
full3,balanced,long,stock,10,63,P1,91,91,1.636,1.41,-13.706,-15.162,1.77,1.583,-1.797,1.636,0.466,10,910,879,0.9659,0,879,0,0,0,0,29,0,0,2,0,0,0.082,0.341,0.586
full3,balanced,long,stock,10,63,P2,74,74,1.459,0.49,-21.39,-23.927,1.629,1.083,-5.529,1.349,0.423,10.0,737,688,0.9335,3,681,0,0,7,0,46,0,0,3,0,1,0.119,0.381,0.577
full3,balanced,long,stock,10,63,2023,40,40,0.892,0.76,-13.229,-15.074,0.969,0.912,-2.772,0.892,0.466,10.0,400,385,0.9625,0,385,0,0,0,0,14,0,0,1,0,0,0.087,0.328,0.582
full3,balanced,long,stock,10,63,2024,51,51,2.219,1.36,-13.832,-15.162,2.399,2.11,-1.032,2.219,0.465,10,510,494,0.9686,0,494,0,0,0,0,15,0,0,1,0,0,0.078,0.351,0.59
full3,balanced,long,stock,10,63,2025,50,50,2.643,0.74,-17.791,-18.964,3.092,2.271,-4.891,2.48,0.449,10.0,497,461,0.9276,3,458,0,0,3,0,34,0,0,2,0,1,0.124,0.37,0.592
full3,balanced,long,stock,10,63,2026,24,24,-1.006,-0.19,-23.55,-23.927,-1.419,-1.391,-6.857,-1.006,0.368,10.0,240,227,0.9458,0,223,0,0,4,0,12,0,0,1,0,0,0.108,0.404,0.543
full3,balanced,long,stock,20,5,ALL,176,176,-0.007,-0.03,-6.739,-9.328,-0.012,-0.01,-0.496,0.013,0.48,20.0,3500,3477,0.9934,20,3476,0,0,1,0,15,2,0,6,0,3,0.119,0.329,0.559
full3,balanced,long,stock,20,5,P1,91,91,-0.08,-0.37,-4.242,-5.474,-0.083,-0.081,-0.527,-0.07,0.467,20,1814,1804,0.9945,6,1804,0,0,0,0,8,0,0,2,0,1,0.084,0.327,0.537
full3,balanced,long,stock,20,5,P2,85,85,0.072,0.2,-7.816,-9.328,0.064,0.067,-0.463,0.102,0.494,20,1686,1673,0.9923,14,1672,0,0,1,0,7,2,0,4,0,2,0.155,0.33,0.581
full3,balanced,long,stock,20,5,2023,40,40,-0.269,-0.91,-3.979,-4.355,-0.27,-0.269,-0.904,-0.246,0.456,20.0,794,788,0.9924,6,788,0,0,0,0,5,0,0,1,0,1,0.081,0.326,0.537
full3,balanced,long,stock,20,5,2024,51,51,0.068,0.22,-4.417,-5.474,0.064,0.066,-0.231,0.068,0.476,20,1020,1016,0.9961,0,1016,0,0,0,0,3,0,0,1,0,0,0.087,0.328,0.535
full3,balanced,long,stock,20,5,2025,50,50,-0.018,-0.05,-6.388,-8.751,-0.024,-0.021,-0.519,0.034,0.485,20.0,986,978,0.9919,14,978,0,0,0,0,5,0,0,3,0,2,0.177,0.354,0.584
full3,balanced,long,stock,20,5,2026,35,35,0.2,0.3,-8.565,-9.328,0.189,0.191,-0.382,0.2,0.508,20,700,695,0.9929,0,694,0,0,1,0,2,2,0,1,0,0,0.124,0.296,0.581
full3,balanced,long,stock,20,20,ALL,173,173,0.205,0.36,-10.905,-15.505,0.17,0.192,-1.896,0.191,0.475,20,3440,3363,0.9776,20,3360,0,0,3,0,67,4,0,6,0,3,0.12,0.331,0.559
full3,balanced,long,stock,20,20,P1,91,91,0.137,0.2,-8.283,-9.478,0.125,0.135,-1.839,0.141,0.486,20,1814,1777,0.9796,6,1777,0,0,0,0,35,0,0,2,0,1,0.084,0.327,0.537
full3,balanced,long,stock,20,20,P2,82,82,0.28,0.3,-12.25,-15.505,0.22,0.255,-1.959,0.247,0.462,20.0,1626,1586,0.9754,14,1583,0,0,3,0,32,4,0,4,0,2,0.16,0.335,0.583
full3,balanced,long,stock,20,20,2023,40,40,-1.185,-2.81,-7.487,-8.124,-1.13,-1.137,-3.443,-1.175,0.441,20.0,794,775,0.9761,6,775,0,0,0,0,18,0,0,1,0,1,0.081,0.326,0.537
full3,balanced,long,stock,20,20,2024,51,51,1.173,1.1,-8.814,-9.478,1.109,1.133,-0.58,1.173,0.521,20,1020,1002,0.9824,0,1002,0,0,0,0,17,0,0,1,0,0,0.087,0.328,0.535
full3,balanced,long,stock,20,20,2025,50,50,-0.011,-0.01,-12.238,-15.505,-0.032,-0.018,-2.029,-0.064,0.458,20.0,986,963,0.9767,14,963,0,0,0,0,20,0,0,3,0,2,0.177,0.354,0.584
full3,balanced,long,stock,20,20,2026,32,32,0.733,0.46,-12.268,-12.27,0.614,0.682,-1.85,0.733,0.469,20.0,640,623,0.9734,0,620,0,0,3,0,12,4,0,1,0,0,0.133,0.306,0.587
full3,balanced,long,stock,20,63,ALL,165,165,1.454,0.97,-16.83,-23.948,1.479,1.265,-3.958,1.36,0.455,20,3280,3111,0.9485,20,3099,0,0,12,0,161,2,0,6,0,3,0.124,0.34,0.555
full3,balanced,long,stock,20,63,P1,91,91,0.929,0.84,-10.789,-12.625,0.962,0.9,-3.647,0.932,0.465,20,1814,1734,0.9559,6,1734,0,0,0,0,78,0,0,2,0,1,0.084,0.327,0.537
full3,balanced,long,stock,20,63,P2,74,74,2.101,0.71,-20.099,-23.948,2.115,1.713,-4.341,1.886,0.443,20.0,1466,1377,0.9393,14,1365,0,0,12,0,83,2,0,4,0,2,0.172,0.356,0.575
full3,balanced,long,stock,20,63,2023,40,40,0.07,0.04,-11.7,-12.625,0.023,0.128,-5.876,0.076,0.451,20.0,794,748,0.9421,6,748,0,0,0,0,45,0,0,1,0,1,0.081,0.326,0.537
full3,balanced,long,stock,20,63,2024,51,51,1.603,1.31,-10.182,-11.286,1.699,1.505,-1.898,1.603,0.476,20,1020,986,0.9667,0,986,0,0,0,0,33,0,0,1,0,0,0.087,0.328,0.535
full3,balanced,long,stock,20,63,2025,50,50,4.008,1.15,-14.751,-15.114,4.091,3.511,-2.747,3.691,0.475,20.0,986,923,0.9361,14,917,0,0,6,0,60,0,0,3,0,2,0.177,0.354,0.584
full3,balanced,long,stock,20,63,2026,24,24,-1.874,-0.38,-22.332,-23.948,-2.002,-2.032,-7.661,-1.874,0.376,20.0,480,454,0.9458,0,448,0,0,6,0,23,2,0,1,0,0,0.163,0.36,0.563
full3,balanced,mid,mixed,10,5,ALL,176,176,-0.057,-0.25,-7.283,-11.591,-0.061,-0.057,-0.229,-0.057,0.458,10.0,1760,1753,0.996,0,1753,0,0,0,0,3,0,0,4,0,0,0.086,0.379,0.642
full3,balanced,mid,mixed,10,5,P1,91,91,-0.098,-0.37,-5.08,-8.258,-0.103,-0.098,-0.319,-0.098,0.441,10,910,906,0.9956,0,906,0,0,0,0,2,0,0,2,0,0,0.076,0.373,0.633
full3,balanced,mid,mixed,10,5,P2,85,85,-0.013,-0.03,-8.58,-11.591,-0.017,-0.014,-0.132,-0.013,0.476,10,850,847,0.9965,0,847,0,0,0,0,1,0,0,2,0,0,0.096,0.386,0.651
full3,balanced,mid,mixed,10,5,2023,40,40,-0.217,-0.69,-3.818,-4.029,-0.22,-0.216,-0.465,-0.217,0.436,10.0,400,398,0.995,0,398,0,0,0,0,1,0,0,1,0,0,0.076,0.354,0.636
full3,balanced,mid,mixed,10,5,2024,51,51,-0.004,-0.01,-5.722,-8.258,-0.011,-0.005,-0.205,-0.004,0.445,10,510,508,0.9961,0,508,0,0,0,0,1,0,0,1,0,0,0.075,0.389,0.63
full3,balanced,mid,mixed,10,5,2025,50,50,-0.089,-0.21,-6.665,-8.964,-0.106,-0.092,-0.293,-0.089,0.478,10.0,500,498,0.996,0,498,0,0,0,0,1,0,0,1,0,0,0.117,0.405,0.653
full3,balanced,mid,mixed,10,5,2026,35,35,0.097,0.14,-10.455,-11.591,0.11,0.097,0.097,0.097,0.472,10,350,349,0.9971,0,349,0,0,0,0,0,0,0,1,0,0,0.066,0.359,0.65
full3,balanced,mid,mixed,10,20,ALL,173,173,-0.35,-0.54,-14.483,-18.004,-0.414,-0.378,-1.784,-0.35,0.408,10,1730,1702,0.9838,0,1700,0,0,2,0,21,3,0,4,0,0,0.087,0.383,0.642
full3,balanced,mid,mixed,10,20,P1,91,91,-0.096,-0.14,-7.835,-10.346,-0.117,-0.102,-1.126,-0.096,0.413,10,910,899,0.9879,0,899,0,0,0,0,9,0,0,2,0,0,0.076,0.373,0.633
full3,balanced,mid,mixed,10,20,P2,82,82,-0.632,-0.55,-16.848,-18.004,-0.744,-0.683,-2.515,-0.632,0.403,10.0,820,803,0.9793,0,801,0,0,2,0,12,3,0,2,0,0,0.099,0.394,0.651
full3,balanced,mid,mixed,10,20,2023,40,40,-0.6,-1.43,-5.856,-6.25,-0.591,-0.587,-1.621,-0.6,0.452,10.0,400,395,0.9875,0,395,0,0,0,0,4,0,0,1,0,0,0.076,0.354,0.636
full3,balanced,mid,mixed,10,20,2024,51,51,0.3,0.26,-8.603,-10.346,0.255,0.278,-0.738,0.3,0.383,10,510,504,0.9882,0,504,0,0,0,0,5,0,0,1,0,0,0.075,0.389,0.63
full3,balanced,mid,mixed,10,20,2025,50,50,-1.239,-0.93,-17.295,-18.004,-1.25,-1.248,-2.626,-1.239,0.378,10.0,500,492,0.984,0,492,0,0,0,0,7,0,0,1,0,0,0.117,0.405,0.653
full3,balanced,mid,mixed,10,20,2026,32,32,0.317,0.15,-16.177,-16.381,0.047,0.198,-2.34,0.317,0.443,10.0,320,311,0.9719,0,309,0,0,2,0,5,3,0,1,0,0,0.072,0.375,0.648
full3,balanced,mid,mixed,10,63,ALL,165,165,-0.897,-0.61,-19.933,-26.105,-0.638,-0.953,-4.589,-0.897,0.362,10,1650,1589,0.963,0,1584,0,0,5,0,57,0,0,4,0,0,0.09,0.394,0.635
full3,balanced,mid,mixed,10,63,P1,91,91,-1.02,-1.15,-13.275,-15.162,-0.807,-0.976,-3.298,-1.02,0.352,10,910,888,0.9758,0,888,0,0,0,0,20,0,0,2,0,0,0.076,0.373,0.633
full3,balanced,mid,mixed,10,63,P2,74,74,-0.747,-0.24,-22.897,-26.105,-0.43,-0.924,-6.176,-0.747,0.375,10.0,740,701,0.9473,0,696,0,0,5,0,37,0,0,2,0,0,0.107,0.419,0.636
full3,balanced,mid,mixed,10,63,2023,40,40,-1.568,-1.88,-10.784,-10.963,-1.472,-1.499,-4.396,-1.568,0.385,10.0,400,388,0.97,0,388,0,0,0,0,11,0,0,1,0,0,0.076,0.354,0.636
full3,balanced,mid,mixed,10,63,2024,51,51,-0.589,-0.42,-13.991,-15.162,-0.285,-0.565,-2.438,-0.589,0.325,10,510,500,0.9804,0,500,0,0,0,0,9,0,0,1,0,0,0.075,0.389,0.63
full3,balanced,mid,mixed,10,63,2025,50,50,1.263,0.34,-21.464,-22.459,1.846,1.036,-4.131,1.263,0.413,10.0,500,474,0.948,0,473,0,0,1,0,25,0,0,1,0,0,0.117,0.405,0.653
full3,balanced,mid,mixed,10,63,2026,24,24,-4.936,-1.2,-23.966,-26.105,-5.171,-5.008,-10.438,-4.936,0.295,10.0,240,227,0.9458,0,223,0,0,4,0,12,0,0,1,0,0,0.087,0.448,0.6
full3,balanced,mid,mixed,20,5,ALL,176,176,0.045,0.23,-6.264,-8.896,0.044,0.043,-0.327,0.051,0.473,20.0,3506,3487,0.9946,14,3487,0,0,0,0,12,1,0,6,0,2,0.114,0.357,0.597
full3,balanced,mid,mixed,20,5,P1,91,91,-0.17,-0.83,-4.265,-5.511,-0.171,-0.17,-0.559,-0.158,0.444,20,1806,1797,0.995,14,1797,0,0,0,0,7,0,0,2,0,2,0.084,0.358,0.581
full3,balanced,mid,mixed,20,5,P2,85,85,0.274,0.85,-7.299,-8.896,0.275,0.271,-0.079,0.274,0.503,20,1700,1690,0.9941,0,1690,0,0,0,0,5,1,0,4,0,0,0.146,0.356,0.614
full3,balanced,mid,mixed,20,5,2023,40,40,-0.327,-1.24,-3.919,-3.987,-0.324,-0.323,-0.705,-0.3,0.442,20.0,786,782,0.9949,14,782,0,0,0,0,3,0,0,1,0,2,0.08,0.35,0.575
full3,balanced,mid,mixed,20,5,2024,51,51,-0.047,-0.16,-4.496,-5.511,-0.051,-0.05,-0.444,-0.047,0.446,20,1020,1015,0.9951,0,1015,0,0,0,0,4,0,0,1,0,0,0.088,0.364,0.583
full3,balanced,mid,mixed,20,5,2025,50,50,0.244,0.77,-5.455,-7.303,0.239,0.244,-0.154,0.244,0.499,20.0,1000,993,0.993,0,993,0,0,0,0,4,0,0,3,0,0,0.177,0.374,0.617
full3,balanced,mid,mixed,20,5,2026,35,35,0.317,0.49,-8.58,-8.896,0.326,0.309,0.028,0.317,0.509,20,700,697,0.9957,0,697,0,0,0,0,1,1,0,1,0,0,0.101,0.33,0.613
full3,balanced,mid,mixed,20,20,ALL,173,173,-0.091,-0.17,-10.324,-14.109,-0.115,-0.095,-1.599,-0.092,0.428,20,3446,3389,0.9835,14,3387,0,0,2,0,47,4,0,6,0,2,0.116,0.36,0.596
full3,balanced,mid,mixed,20,20,P1,91,91,-0.419,-0.7,-7.835,-9.136,-0.419,-0.415,-1.826,-0.421,0.407,20,1806,1779,0.985,14,1779,0,0,0,0,25,0,0,2,0,2,0.084,0.358,0.581
full3,balanced,mid,mixed,20,20,P2,82,82,0.274,0.3,-11.837,-14.109,0.223,0.26,-1.346,0.274,0.451,20.0,1640,1610,0.9817,0,1608,0,0,2,0,22,4,0,4,0,0,0.15,0.362,0.613
full3,balanced,mid,mixed,20,20,2023,40,40,-1.08,-3.2,-5.666,-6.026,-1.039,-1.05,-2.977,-1.084,0.423,20.0,786,770,0.9796,14,770,0,0,0,0,15,0,0,1,0,2,0.08,0.35,0.575
full3,balanced,mid,mixed,20,20,2024,51,51,0.099,0.1,-8.53,-9.136,0.067,0.082,-0.924,0.099,0.394,20,1020,1009,0.9892,0,1009,0,0,0,0,10,0,0,1,0,0,0.088,0.364,0.583
full3,balanced,mid,mixed,20,20,2025,50,50,0.1,0.09,-11.291,-14.109,0.091,0.098,-1.409,0.1,0.442,20.0,1000,982,0.982,0,982,0,0,0,0,15,0,0,3,0,0,0.177,0.374,0.617
full3,balanced,mid,mixed,20,20,2026,32,32,0.546,0.35,-11.572,-12.348,0.43,0.513,-1.248,0.546,0.465,20.0,640,628,0.9812,0,626,0,0,2,0,7,4,0,1,0,0,0.109,0.344,0.611
full3,balanced,mid,mixed,20,63,ALL,165,165,-0.205,-0.14,-17.838,-20.062,-0.133,-0.298,-4.508,-0.202,0.388,20,3286,3149,0.9583,14,3140,0,0,9,0,130,1,0,6,0,2,0.12,0.369,0.592
full3,balanced,mid,mixed,20,63,P1,91,91,-1.38,-1.96,-9.885,-10.926,-1.256,-1.333,-4.741,-1.374,0.363,20,1806,1746,0.9668,14,1746,0,0,0,0,58,0,0,2,0,2,0.084,0.358,0.581
full3,balanced,mid,mixed,20,63,P2,74,74,1.239,0.4,-19.618,-20.062,1.248,0.975,-4.223,1.239,0.417,20.0,1480,1403,0.948,0,1394,0,0,9,0,72,1,0,4,0,0,0.164,0.382,0.605
full3,balanced,mid,mixed,20,63,2023,40,40,-1.585,-2.21,-9.056,-9.063,-1.571,-1.481,-6.585,-1.571,0.393,20.0,786,747,0.9504,14,747,0,0,0,0,38,0,0,1,0,2,0.08,0.35,0.575
full3,balanced,mid,mixed,20,63,2024,51,51,-1.219,-1.1,-10.329,-10.926,-1.008,-1.216,-3.294,-1.219,0.34,20,1020,999,0.9794,0,999,0,0,0,0,20,0,0,1,0,0,0.088,0.364,0.583
full3,balanced,mid,mixed,20,63,2025,50,50,3.26,0.85,-18.592,-20.062,3.328,2.918,-2.413,3.26,0.457,20.0,1000,946,0.946,0,941,0,0,5,0,51,0,0,3,0,0,0.177,0.374,0.617
full3,balanced,mid,mixed,20,63,2026,24,24,-2.972,-0.74,-19.787,-19.888,-3.086,-3.075,-7.994,-2.972,0.334,20.0,480,457,0.9521,0,453,0,0,4,0,21,1,0,1,0,0,0.139,0.4,0.587
full3,balanced,mid,stock,10,5,ALL,176,176,0.063,0.26,-8.04,-11.591,0.057,0.059,-0.288,0.074,0.476,10.0,1757,1747,0.9943,3,1747,0,0,0,0,6,0,0,4,0,1,0.094,0.378,0.621
full3,balanced,mid,stock,10,5,P1,91,91,-0.01,-0.04,-5.296,-8.258,-0.012,-0.011,-0.343,-0.01,0.459,10,910,905,0.9945,0,905,0,0,0,0,3,0,0,2,0,0,0.079,0.374,0.619
full3,balanced,mid,stock,10,5,P2,85,85,0.142,0.35,-9.333,-11.591,0.13,0.133,-0.228,0.164,0.493,10,847,842,0.9941,3,842,0,0,0,0,3,0,0,2,0,1,0.11,0.384,0.623
full3,balanced,mid,stock,10,5,2023,40,40,-0.228,-0.62,-4.577,-5.091,-0.222,-0.227,-0.729,-0.228,0.444,10.0,400,397,0.9925,0,397,0,0,0,0,2,0,0,1,0,0,0.08,0.362,0.603
full3,balanced,mid,stock,10,5,2024,51,51,0.161,0.4,-5.776,-8.258,0.153,0.159,-0.04,0.161,0.471,10,510,508,0.9961,0,508,0,0,0,0,1,0,0,1,0,0,0.078,0.382,0.632
full3,balanced,mid,stock,10,5,2025,50,50,0.129,0.28,-7.498,-9.867,0.093,0.114,-0.501,0.166,0.5,10.0,497,493,0.992,3,493,0,0,0,0,3,0,0,1,0,1,0.134,0.402,0.622
full3,balanced,mid,stock,10,5,2026,35,35,0.161,0.21,-10.236,-11.591,0.182,0.161,0.161,0.161,0.483,10,350,349,0.9971,0,349,0,0,0,0,0,0,0,1,0,0,0.077,0.357,0.624
full3,balanced,mid,stock,10,20,ALL,173,173,0.113,0.16,-15.588,-18.004,0.053,0.077,-1.92,0.111,0.469,10,1727,1689,0.978,3,1687,0,0,2,0,31,3,0,4,0,1,0.096,0.381,0.62
full3,balanced,mid,stock,10,20,P1,91,91,0.561,0.7,-8.433,-10.346,0.538,0.543,-0.826,0.561,0.504,10,910,896,0.9846,0,896,0,0,0,0,12,0,0,2,0,0,0.079,0.374,0.619
full3,balanced,mid,stock,10,20,P2,82,82,-0.383,-0.31,-16.848,-18.004,-0.485,-0.439,-3.134,-0.388,0.431,10.0,817,793,0.9706,3,791,0,0,2,0,19,3,0,2,0,1,0.114,0.389,0.621
full3,balanced,mid,stock,10,20,2023,40,40,-0.448,-0.85,-6.992,-8.752,-0.416,-0.441,-1.979,-0.448,0.481,10.0,400,393,0.9825,0,393,0,0,0,0,6,0,0,1,0,0,0.08,0.362,0.603
full3,balanced,mid,stock,10,20,2024,51,51,1.352,1.02,-8.785,-10.346,1.286,1.315,0.077,1.352,0.522,10,510,503,0.9863,0,503,0,0,0,0,6,0,0,1,0,0,0.078,0.382,0.632
full3,balanced,mid,stock,10,20,2025,50,50,-0.93,-0.64,-17.295,-18.004,-0.917,-0.931,-3.725,-0.937,0.414,10.0,497,482,0.9698,3,482,0,0,0,0,14,0,0,1,0,1,0.134,0.402,0.622
full3,balanced,mid,stock,10,20,2026,32,32,0.47,0.21,-16.177,-16.381,0.188,0.328,-2.21,0.47,0.458,10.0,320,311,0.9719,0,309,0,0,2,0,5,3,0,1,0,0,0.084,0.369,0.619
full3,balanced,mid,stock,10,63,ALL,165,165,1.138,0.7,-19.333,-26.105,1.356,1.026,-3.671,1.081,0.453,10,1647,1570,0.9532,3,1565,0,0,5,0,73,0,0,4,0,1,0.099,0.392,0.612
full3,balanced,mid,stock,10,63,P1,91,91,1.64,1.44,-13.665,-16.665,1.815,1.617,-1.541,1.64,0.468,10,910,881,0.9681,0,881,0,0,0,0,27,0,0,2,0,0,0.079,0.374,0.619
full3,balanced,mid,stock,10,63,P2,74,74,0.52,0.16,-22.172,-26.105,0.792,0.301,-6.29,0.393,0.434,10.0,737,689,0.9349,3,684,0,0,5,0,46,0,0,2,0,1,0.124,0.414,0.601
full3,balanced,mid,stock,10,63,2023,40,40,0.35,0.44,-10.502,-11.912,0.409,0.372,-3.586,0.35,0.467,10.0,400,384,0.96,0,384,0,0,0,0,15,0,0,1,0,0,0.08,0.362,0.603
full3,balanced,mid,stock,10,63,2024,51,51,2.652,1.55,-15.091,-16.665,2.918,2.592,0.062,2.652,0.469,10,510,497,0.9745,0,497,0,0,0,0,12,0,0,1,0,0,0.078,0.382,0.632
full3,balanced,mid,stock,10,63,2025,50,50,2.796,0.69,-18.823,-21.26,3.345,2.538,-4.61,2.607,0.466,10.0,497,462,0.9296,3,461,0,0,1,0,34,0,0,1,0,1,0.134,0.402,0.622
full3,balanced,mid,stock,10,63,2026,24,24,-4.22,-0.97,-23.966,-26.105,-4.527,-4.359,-9.79,-4.22,0.368,10.0,240,227,0.9458,0,223,0,0,4,0,12,0,0,1,0,0,0.104,0.438,0.557
full3,balanced,mid,stock,20,5,ALL,176,176,0.072,0.36,-6.642,-8.896,0.065,0.067,-0.389,0.103,0.49,20.0,3484,3462,0.9937,36,3461,0,0,1,0,14,2,0,6,0,4,0.118,0.345,0.582
full3,balanced,mid,stock,20,5,P1,91,91,-0.099,-0.47,-4.28,-5.511,-0.101,-0.1,-0.544,-0.084,0.47,20,1805,1795,0.9945,15,1795,0,0,0,0,8,0,0,2,0,2,0.089,0.34,0.57
full3,balanced,mid,stock,20,5,P2,85,85,0.255,0.74,-7.956,-8.896,0.243,0.246,-0.223,0.303,0.511,20,1679,1667,0.9929,21,1666,0,0,1,0,6,2,0,4,0,2,0.149,0.351,0.593
full3,balanced,mid,stock,20,5,2023,40,40,-0.261,-0.92,-4.146,-4.335,-0.262,-0.261,-0.767,-0.227,0.457,20.0,785,780,0.9936,15,780,0,0,0,0,4,0,0,1,0,2,0.085,0.342,0.559
full3,balanced,mid,stock,20,5,2024,51,51,0.028,0.09,-4.369,-5.511,0.025,0.026,-0.368,0.028,0.481,20,1020,1015,0.9951,0,1015,0,0,0,0,4,0,0,1,0,0,0.092,0.337,0.577
full3,balanced,mid,stock,20,5,2025,50,50,0.19,0.53,-6.576,-8.74,0.181,0.186,-0.212,0.271,0.508,20.0,979,972,0.9928,21,972,0,0,0,0,4,0,0,3,0,2,0.175,0.372,0.596
full3,balanced,mid,stock,20,5,2026,35,35,0.348,0.52,-8.412,-8.896,0.331,0.331,-0.24,0.348,0.515,20,700,695,0.9929,0,694,0,0,1,0,2,2,0,1,0,0,0.113,0.321,0.594
full3,balanced,mid,stock,20,20,ALL,173,173,0.127,0.23,-11.14,-15.577,0.1,0.118,-1.59,0.131,0.473,20,3424,3360,0.9813,36,3357,0,0,3,0,54,4,0,6,0,4,0.12,0.348,0.583
full3,balanced,mid,stock,20,20,P1,91,91,-0.013,-0.02,-8.203,-9.136,-0.014,-0.01,-1.645,-0.009,0.48,20,1805,1774,0.9828,15,1774,0,0,0,0,29,0,0,2,0,2,0.089,0.34,0.57
full3,balanced,mid,stock,20,20,P2,82,82,0.282,0.29,-12.545,-15.577,0.227,0.26,-1.529,0.286,0.466,20.0,1619,1586,0.9796,21,1583,0,0,3,0,25,4,0,4,0,2,0.154,0.358,0.596
full3,balanced,mid,stock,20,20,2023,40,40,-1.097,-3.06,-6.743,-7.62,-1.051,-1.06,-3.11,-1.088,0.438,20.0,785,768,0.9783,15,768,0,0,0,0,16,0,0,1,0,2,0.085,0.342,0.559
full3,balanced,mid,stock,20,20,2024,51,51,0.837,0.82,-8.53,-9.136,0.798,0.813,-0.495,0.837,0.512,20,1020,1006,0.9863,0,1006,0,0,0,0,13,0,0,1,0,0,0.092,0.337,0.577
full3,balanced,mid,stock,20,20,2025,50,50,0.196,0.16,-13.087,-15.577,0.176,0.178,-1.421,0.203,0.466,20.0,979,960,0.9806,21,960,0,0,0,0,16,0,0,3,0,2,0.175,0.372,0.596
full3,balanced,mid,stock,20,20,2026,32,32,0.417,0.26,-11.733,-12.348,0.306,0.388,-1.697,0.417,0.465,20.0,640,626,0.9781,0,623,0,0,3,0,9,4,0,1,0,0,0.122,0.336,0.602
full3,balanced,mid,stock,20,63,ALL,165,165,1.407,0.88,-16.473,-21.057,1.427,1.24,-3.522,1.299,0.449,20,3264,3110,0.9528,36,3100,0,0,10,0,147,1,0,6,0,4,0.125,0.356,0.579
full3,balanced,mid,stock,20,63,P1,91,91,0.595,0.58,-9.768,-12.153,0.672,0.593,-3.518,0.613,0.452,20,1805,1733,0.9601,15,1733,0,0,0,0,70,0,0,2,0,2,0.089,0.34,0.57
full3,balanced,mid,stock,20,63,P2,74,74,2.406,0.75,-19.399,-21.057,2.355,2.035,-3.527,2.143,0.446,20.0,1459,1377,0.9438,21,1367,0,0,10,0,77,1,0,4,0,2,0.169,0.377,0.589
full3,balanced,mid,stock,20,63,2023,40,40,-0.468,-0.37,-9.055,-9.061,-0.483,-0.406,-5.921,-0.426,0.433,20.0,785,743,0.9465,15,743,0,0,0,0,41,0,0,1,0,2,0.085,0.342,0.559
full3,balanced,mid,stock,20,63,2024,51,51,1.428,1.17,-10.243,-12.153,1.578,1.376,-1.634,1.428,0.467,20,1020,990,0.9706,0,990,0,0,0,0,29,0,0,1,0,0,0.092,0.337,0.577
full3,balanced,mid,stock,20,63,2025,50,50,4.761,1.21,-14.751,-15.566,4.752,4.274,-1.371,4.371,0.489,20.0,979,922,0.9418,21,917,0,0,5,0,54,0,0,3,0,2,0.175,0.372,0.596
full3,balanced,mid,stock,20,63,2026,24,24,-2.5,-0.57,-20.592,-21.057,-2.637,-2.628,-8.019,-2.5,0.356,20.0,480,455,0.9479,0,450,0,0,5,0,23,1,0,1,0,0,0.156,0.388,0.58
full3,balanced,short,mixed,10,5,ALL,176,176,-0.016,-0.07,-6.429,-10.624,-0.021,-0.02,-0.248,-0.016,0.474,10.0,1760,1754,0.9966,0,1754,0,0,0,0,3,1,0,2,0,0,0.067,0.485,0.667
full3,balanced,short,mixed,10,5,P1,91,91,0.101,0.39,-4.552,-5.175,0.095,0.098,-0.123,0.101,0.451,10,910,906,0.9956,0,906,0,0,0,0,2,0,0,2,0,0,0.07,0.484,0.647
full3,balanced,short,mixed,10,5,P2,85,85,-0.141,-0.4,-7.697,-10.624,-0.144,-0.146,-0.381,-0.141,0.499,10,850,848,0.9976,0,848,0,0,0,0,1,1,0,0,0,0,0.064,0.485,0.688
full3,balanced,short,mixed,10,5,2023,40,40,0.181,0.47,-4.501,-4.743,0.17,0.177,-0.072,0.181,0.464,10.0,400,398,0.995,0,398,0,0,0,0,1,0,0,1,0,0,0.052,0.483,0.636
full3,balanced,short,mixed,10,5,2024,51,51,0.038,0.11,-4.587,-5.175,0.035,0.036,-0.164,0.038,0.441,10,510,508,0.9961,0,508,0,0,0,0,1,0,0,1,0,0,0.085,0.486,0.652
full3,balanced,short,mixed,10,5,2025,50,50,0.001,0.0,-7.408,-10.624,-0.005,-0.004,-0.205,0.001,0.509,10.0,500,499,0.998,0,499,0,0,0,0,1,0,0,0,0,0,0.076,0.521,0.676
full3,balanced,short,mixed,10,5,2026,35,35,-0.343,-0.57,-7.102,-7.243,-0.343,-0.349,-0.631,-0.343,0.485,10,350,349,0.9971,0,349,0,0,0,0,0,1,0,0,0,0,0.048,0.433,0.709
full3,balanced,short,mixed,10,20,ALL,173,173,-0.762,-1.36,-13.568,-22.552,-0.766,-0.757,-1.629,-0.762,0.41,10,1730,1713,0.9902,0,1713,0,0,0,0,14,1,0,2,0,0,0.068,0.489,0.665
full3,balanced,short,mixed,10,20,P1,91,91,-0.315,-0.51,-7.861,-8.58,-0.301,-0.303,-0.976,-0.315,0.403,10,910,902,0.9912,0,902,0,0,0,0,6,0,0,2,0,0,0.07,0.484,0.647
full3,balanced,short,mixed,10,20,P2,82,82,-1.257,-1.31,-16.315,-22.552,-1.282,-1.26,-2.354,-1.257,0.418,10.0,820,811,0.989,0,811,0,0,0,0,8,1,0,0,0,0,0.067,0.494,0.685
full3,balanced,short,mixed,10,20,2023,40,40,-0.099,-0.17,-7.229,-8.209,-0.087,-0.09,-1.363,-0.099,0.461,10.0,400,394,0.985,0,394,0,0,0,0,5,0,0,1,0,0,0.052,0.483,0.636
full3,balanced,short,mixed,10,20,2024,51,51,-0.485,-0.5,-7.92,-8.58,-0.469,-0.47,-0.672,-0.485,0.358,10,510,508,0.9961,0,508,0,0,0,0,1,0,0,1,0,0,0.085,0.486,0.652
full3,balanced,short,mixed,10,20,2025,50,50,-1.236,-0.93,-17.085,-22.552,-1.238,-1.236,-2.214,-1.236,0.4,10.0,500,495,0.99,0,495,0,0,0,0,5,0,0,0,0,0,0.076,0.521,0.676
full3,balanced,short,mixed,10,20,2026,32,32,-1.29,-0.99,-15.159,-17.439,-1.351,-1.298,-2.572,-1.29,0.447,10.0,320,316,0.9875,0,316,0,0,0,0,3,1,0,0,0,0,0.052,0.451,0.703
full3,balanced,short,mixed,10,63,ALL,165,165,-1.543,-0.93,-19.065,-22.464,-1.321,-1.508,-3.972,-1.543,0.343,10,1650,1609,0.9752,0,1607,0,0,2,0,39,0,0,2,0,0,0.071,0.499,0.66
full3,balanced,short,mixed,10,63,P1,91,91,-1.806,-1.94,-13.346,-15.717,-1.548,-1.731,-3.251,-1.806,0.317,10,910,895,0.9835,0,895,0,0,0,0,13,0,0,2,0,0,0.07,0.484,0.647
full3,balanced,short,mixed,10,63,P2,74,74,-1.22,-0.35,-20.871,-22.464,-1.042,-1.233,-4.859,-1.22,0.374,10.0,740,714,0.9649,0,712,0,0,2,0,26,0,0,0,0,0,0.073,0.517,0.675
full3,balanced,short,mixed,10,63,2023,40,40,-1.997,-2.97,-12.174,-13.043,-1.888,-1.911,-4.317,-1.997,0.35,10.0,400,390,0.975,0,390,0,0,0,0,9,0,0,1,0,0,0.052,0.483,0.636
full3,balanced,short,mixed,10,63,2024,51,51,-1.657,-1.05,-14.087,-15.717,-1.282,-1.59,-2.415,-1.657,0.292,10,510,505,0.9902,0,505,0,0,0,0,4,0,0,1,0,0,0.085,0.486,0.652
full3,balanced,short,mixed,10,63,2025,50,50,1.667,0.38,-21.171,-22.464,1.949,1.578,-2.316,1.667,0.421,10.0,500,481,0.962,0,481,0,0,0,0,19,0,0,0,0,0,0.076,0.521,0.676
full3,balanced,short,mixed,10,63,2026,24,24,-7.236,-3.19,-19.296,-19.972,-7.272,-7.089,-10.159,-7.236,0.276,10.0,240,233,0.9708,0,231,0,0,2,0,7,0,0,0,0,0,0.066,0.507,0.678
full3,balanced,short,mixed,20,5,ALL,176,176,-0.09,-0.51,-5.791,-8.269,-0.09,-0.09,-0.292,-0.083,0.462,20.0,3504,3494,0.9971,16,3494,0,0,0,0,6,1,0,3,0,5,0.099,0.445,0.631
full3,balanced,short,mixed,20,5,P1,91,91,-0.104,-0.52,-4.242,-5.527,-0.104,-0.103,-0.327,-0.091,0.442,20,1810,1804,0.9967,10,1804,0,0,0,0,4,0,0,2,0,3,0.085,0.445,0.624
full3,balanced,short,mixed,20,5,P2,85,85,-0.075,-0.25,-6.682,-8.269,-0.075,-0.076,-0.254,-0.075,0.484,20,1694,1690,0.9976,6,1690,0,0,0,0,2,1,0,1,0,2,0.113,0.445,0.638
full3,balanced,short,mixed,20,5,2023,40,40,-0.002,-0.01,-3.919,-4.083,0.001,0.002,-0.381,0.028,0.46,20.0,791,787,0.9949,9,787,0,0,0,0,3,0,0,1,0,2,0.072,0.447,0.592
full3,balanced,short,mixed,20,5,2024,51,51,-0.184,-0.65,-4.458,-5.527,-0.187,-0.185,-0.285,-0.184,0.428,20,1019,1017,0.998,1,1017,0,0,0,0,1,0,0,1,0,1,0.095,0.444,0.645
full3,balanced,short,mixed,20,5,2025,50,50,0.06,0.16,-5.905,-8.269,0.059,0.059,-0.145,0.059,0.486,20.0,994,991,0.997,6,991,0,0,0,0,2,0,0,1,0,2,0.137,0.467,0.632
full3,balanced,short,mixed,20,5,2026,35,35,-0.268,-0.52,-6.41,-6.545,-0.267,-0.269,-0.411,-0.268,0.482,20,700,699,0.9986,0,699,0,0,0,0,0,1,0,0,0,0,0.08,0.413,0.65
full3,balanced,short,mixed,20,20,ALL,173,173,-0.459,-0.98,-10.539,-15.693,-0.466,-0.454,-1.339,-0.465,0.413,20,3444,3411,0.9904,16,3410,0,0,1,0,29,1,0,3,0,5,0.1,0.448,0.63
full3,balanced,short,mixed,20,20,P1,91,91,-0.431,-0.78,-7.588,-9.212,-0.428,-0.421,-1.33,-0.437,0.397,20,1810,1792,0.9901,10,1792,0,0,0,0,16,0,0,2,0,3,0.085,0.445,0.624
full3,balanced,short,mixed,20,20,P2,82,82,-0.491,-0.63,-11.487,-15.693,-0.508,-0.49,-1.349,-0.495,0.43,20.0,1634,1619,0.9908,6,1618,0,0,1,0,13,1,0,1,0,2,0.117,0.452,0.636
full3,balanced,short,mixed,20,20,2023,40,40,-0.333,-0.73,-5.252,-5.646,-0.309,-0.308,-1.595,-0.35,0.437,20.0,791,780,0.9861,9,780,0,0,0,0,10,0,0,1,0,2,0.072,0.447,0.592
full3,balanced,short,mixed,20,20,2024,51,51,-0.507,-0.56,-8.913,-9.212,-0.521,-0.51,-1.123,-0.505,0.366,20,1019,1012,0.9931,1,1012,0,0,0,0,6,0,0,1,0,1,0.095,0.444,0.645
full3,balanced,short,mixed,20,20,2025,50,50,-0.288,-0.27,-12.425,-15.693,-0.28,-0.279,-1.181,-0.294,0.43,20.0,994,984,0.9899,6,984,0,0,0,0,9,0,0,1,0,2,0.137,0.467,0.632
full3,balanced,short,mixed,20,20,2026,32,32,-0.809,-0.78,-10.079,-10.343,-0.863,-0.82,-1.611,-0.809,0.43,20.0,640,635,0.9922,0,634,0,0,1,0,4,1,0,0,0,0,0.086,0.429,0.645
full3,balanced,short,mixed,20,63,ALL,165,165,-0.971,-0.6,-16.823,-20.596,-0.902,-0.974,-4.19,-0.995,0.364,20,3284,3181,0.9686,16,3177,0,0,4,0,99,1,0,3,0,5,0.104,0.457,0.627
full3,balanced,short,mixed,20,63,P1,91,91,-1.926,-3.04,-12.851,-13.92,-1.829,-1.887,-4.838,-1.928,0.335,20,1810,1758,0.9713,10,1758,0,0,0,0,50,0,0,2,0,3,0.085,0.445,0.624
full3,balanced,short,mixed,20,63,P2,74,74,0.204,0.06,-18.868,-20.596,0.237,0.149,-3.392,0.153,0.4,20.0,1474,1423,0.9654,6,1419,0,0,4,0,49,1,0,1,0,2,0.127,0.472,0.631
full3,balanced,short,mixed,20,63,2023,40,40,-1.577,-3.93,-8.821,-10.363,-1.639,-1.525,-6.131,-1.564,0.366,20.0,791,756,0.9558,9,756,0,0,0,0,34,0,0,1,0,2,0.072,0.447,0.592
full3,balanced,short,mixed,20,63,2024,51,51,-2.2,-1.97,-13.2,-13.92,-1.978,-2.171,-3.825,-2.213,0.31,20,1019,1002,0.9833,1,1002,0,0,0,0,16,0,0,1,0,1,0.095,0.444,0.645
full3,balanced,short,mixed,20,63,2025,50,50,3.417,0.83,-18.292,-19.173,3.432,3.263,-0.167,3.342,0.448,20.0,994,960,0.9658,6,959,0,0,1,0,33,0,0,1,0,2,0.137,0.467,0.632
full3,balanced,short,mixed,20,63,2026,24,24,-6.49,-3.07,-19.147,-20.596,-6.418,-6.34,-10.11,-6.49,0.3,20.0,480,463,0.9646,0,460,0,0,3,0,16,1,0,0,0,0,0.107,0.484,0.633
full3,balanced,short,stock,10,5,ALL,176,176,0.115,0.5,-6.93,-11.2,0.108,0.11,-0.176,0.126,0.499,10.0,1756,1749,0.996,4,1749,0,0,0,0,4,1,0,2,0,1,0.08,0.465,0.661
full3,balanced,short,stock,10,5,P1,91,91,0.283,1.04,-4.884,-5.739,0.276,0.28,0.058,0.283,0.486,10,910,906,0.9956,0,906,0,0,0,0,2,0,0,2,0,0,0.079,0.455,0.652
full3,balanced,short,stock,10,5,P2,85,85,-0.065,-0.17,-8.187,-11.2,-0.073,-0.071,-0.428,-0.041,0.513,10,846,843,0.9965,4,843,0,0,0,0,2,1,0,0,0,1,0.082,0.475,0.669
full3,balanced,short,stock,10,5,2023,40,40,0.31,0.74,-5.199,-5.739,0.301,0.306,0.057,0.31,0.488,10.0,400,398,0.995,0,398,0,0,0,0,1,0,0,1,0,0,0.062,0.463,0.633
full3,balanced,short,stock,10,5,2024,51,51,0.261,0.73,-4.553,-5.175,0.258,0.259,0.06,0.261,0.485,10,510,508,0.9961,0,508,0,0,0,0,1,0,0,1,0,0,0.092,0.449,0.662
full3,balanced,short,stock,10,5,2025,50,50,0.027,0.06,-8.51,-11.2,0.013,0.019,-0.389,0.068,0.527,10.0,496,494,0.996,4,494,0,0,0,0,2,0,0,0,0,1,0.105,0.512,0.659
full3,balanced,short,stock,10,5,2026,35,35,-0.197,-0.31,-7.159,-7.243,-0.195,-0.2,-0.483,-0.197,0.493,10,350,349,0.9971,0,349,0,0,0,0,0,1,0,0,0,0,0.049,0.423,0.688
full3,balanced,short,stock,10,20,ALL,173,173,-0.384,-0.63,-13.808,-22.552,-0.392,-0.376,-1.372,-0.387,0.463,10,1726,1707,0.989,4,1707,0,0,0,0,16,1,0,2,0,1,0.082,0.469,0.66
full3,balanced,short,stock,10,20,P1,91,91,0.243,0.35,-8.682,-11.361,0.251,0.256,-0.417,0.243,0.484,10,910,902,0.9912,0,902,0,0,0,0,6,0,0,2,0,0,0.079,0.455,0.652
full3,balanced,short,stock,10,20,P2,82,82,-1.081,-1.05,-16.441,-22.552,-1.105,-1.077,-2.432,-1.085,0.44,10.0,816,805,0.9865,4,805,0,0,0,0,10,1,0,0,0,1,0.085,0.484,0.668
full3,balanced,short,stock,10,20,2023,40,40,0.242,0.31,-9.785,-11.361,0.246,0.253,-1.02,0.242,0.484,10.0,400,394,0.985,0,394,0,0,0,0,5,0,0,1,0,0,0.062,0.463,0.633
full3,balanced,short,stock,10,20,2024,51,51,0.244,0.23,-7.92,-8.58,0.255,0.259,0.057,0.244,0.484,10,510,508,0.9961,0,508,0,0,0,0,1,0,0,1,0,0,0.092,0.449,0.662
full3,balanced,short,stock,10,20,2025,50,50,-1.031,-0.73,-17.706,-22.552,-1.038,-1.026,-2.433,-1.039,0.436,10.0,496,489,0.9859,4,489,0,0,0,0,7,0,0,0,0,1,0.105,0.512,0.659
full3,balanced,short,stock,10,20,2026,32,32,-1.158,-0.81,-14.037,-17.439,-1.209,-1.156,-2.431,-1.158,0.447,10.0,320,316,0.9875,0,316,0,0,0,0,3,1,0,0,0,0,0.053,0.441,0.687
full3,balanced,short,stock,10,63,ALL,165,165,-0.113,-0.06,-18.101,-22.354,0.117,-0.082,-3.216,-0.169,0.409,10,1646,1595,0.969,4,1593,0,0,2,0,49,0,0,2,0,1,0.085,0.479,0.655
full3,balanced,short,stock,10,63,P1,91,91,-0.137,-0.14,-13.708,-15.717,0.134,-0.092,-2.435,-0.137,0.406,10,910,888,0.9758,0,888,0,0,0,0,20,0,0,2,0,0,0.079,0.455,0.652
full3,balanced,short,stock,10,63,P2,74,74,-0.084,-0.02,-20.788,-22.354,0.097,-0.07,-4.176,-0.209,0.412,10.0,736,707,0.9606,4,705,0,0,2,0,29,0,0,0,0,1,0.092,0.508,0.658
full3,balanced,short,stock,10,63,2023,40,40,-0.393,-0.42,-12.986,-15.062,-0.447,-0.357,-3.841,-0.393,0.413,10.0,400,386,0.965,0,386,0,0,0,0,13,0,0,1,0,0,0.062,0.463,0.633
full3,balanced,short,stock,10,63,2024,51,51,0.064,0.04,-14.017,-15.717,0.59,0.115,-1.332,0.064,0.401,10,510,502,0.9843,0,502,0,0,0,0,7,0,0,1,0,0,0.092,0.449,0.662
full3,balanced,short,stock,10,63,2025,50,50,2.881,0.62,-20.682,-22.354,3.174,2.839,-1.765,2.697,0.461,10.0,496,474,0.9556,4,474,0,0,0,0,22,0,0,0,0,1,0.105,0.512,0.659
full3,balanced,short,stock,10,63,2026,24,24,-6.262,-2.62,-19.066,-21.107,-6.314,-6.13,-9.2,-6.262,0.311,10.0,240,233,0.9708,0,231,0,0,2,0,7,0,0,0,0,0,0.067,0.5,0.661
full3,balanced,short,stock,20,5,ALL,176,176,-0.107,-0.59,-6.072,-8.772,-0.108,-0.109,-0.365,-0.079,0.478,20.0,3490,3477,0.9963,30,3477,0,0,0,0,8,1,0,4,0,5,0.104,0.425,0.613
full3,balanced,short,stock,20,5,P1,91,91,-0.149,-0.75,-4.28,-5.527,-0.15,-0.149,-0.428,-0.134,0.463,20,1809,1802,0.9961,11,1802,0,0,0,0,5,0,0,2,0,3,0.091,0.414,0.605
full3,balanced,short,stock,20,5,P2,85,85,-0.063,-0.2,-6.908,-8.772,-0.063,-0.066,-0.297,-0.02,0.493,20,1681,1675,0.9964,19,1675,0,0,0,0,3,1,0,2,0,2,0.119,0.436,0.621
full3,balanced,short,stock,20,5,2023,40,40,-0.062,-0.21,-4.39,-4.851,-0.062,-0.061,-0.569,-0.027,0.469,20.0,790,785,0.9937,10,785,0,0,0,0,4,0,0,1,0,2,0.089,0.425,0.568
full3,balanced,short,stock,20,5,2024,51,51,-0.216,-0.82,-4.105,-5.527,-0.22,-0.218,-0.318,-0.217,0.458,20,1019,1017,0.998,1,1017,0,0,0,0,1,0,0,1,0,1,0.091,0.406,0.633
full3,balanced,short,stock,20,5,2025,50,50,0.044,0.12,-6.411,-8.772,0.039,0.041,-0.253,0.118,0.494,20.0,981,977,0.9959,19,977,0,0,0,0,3,0,0,1,0,2,0.144,0.46,0.611
full3,balanced,short,stock,20,5,2026,35,35,-0.216,-0.39,-6.418,-6.545,-0.207,-0.218,-0.36,-0.216,0.493,20,700,698,0.9971,0,698,0,0,0,0,0,1,0,1,0,0,0.083,0.403,0.637
full3,balanced,short,stock,20,20,ALL,173,173,-0.425,-0.86,-11.358,-17.422,-0.438,-0.424,-1.548,-0.426,0.452,20,3430,3388,0.9878,30,3387,0,0,1,0,37,1,0,4,0,5,0.106,0.429,0.612
full3,balanced,short,stock,20,20,P1,91,91,-0.249,-0.44,-8.088,-9.212,-0.255,-0.25,-1.386,-0.253,0.462,20,1809,1787,0.9878,11,1787,0,0,0,0,20,0,0,2,0,3,0.091,0.414,0.605
full3,balanced,short,stock,20,20,P2,82,82,-0.619,-0.74,-12.865,-17.422,-0.642,-0.618,-1.727,-0.617,0.44,20.0,1621,1601,0.9877,19,1600,0,0,1,0,17,1,0,2,0,2,0.123,0.445,0.62
full3,balanced,short,stock,20,20,2023,40,40,-0.402,-0.73,-6.85,-7.165,-0.394,-0.398,-2.203,-0.414,0.461,20.0,790,775,0.981,10,775,0,0,0,0,14,0,0,1,0,2,0.089,0.425,0.568
full3,balanced,short,stock,20,20,2024,51,51,-0.129,-0.14,-8.913,-9.212,-0.145,-0.133,-0.746,-0.128,0.463,20,1019,1012,0.9931,1,1012,0,0,0,0,6,0,0,1,0,1,0.091,0.406,0.633
full3,balanced,short,stock,20,20,2025,50,50,-0.409,-0.35,-14.316,-17.422,-0.402,-0.404,-1.498,-0.406,0.448,20.0,981,969,0.9878,19,969,0,0,0,0,11,0,0,1,0,2,0.144,0.46,0.611
full3,balanced,short,stock,20,20,2026,32,32,-0.947,-0.88,-10.324,-10.834,-1.016,-0.953,-2.085,-0.947,0.428,20.0,640,632,0.9875,0,631,0,0,1,0,6,1,0,1,0,0,0.089,0.422,0.635
full3,balanced,short,stock,20,63,ALL,165,165,-0.175,-0.1,-17.255,-22.454,-0.077,-0.191,-3.925,-0.262,0.413,20,3270,3150,0.9633,30,3146,0,0,4,0,115,1,0,4,0,5,0.11,0.438,0.61
full3,balanced,short,stock,20,63,P1,91,91,-0.784,-1.24,-13.03,-16.243,-0.697,-0.766,-4.246,-0.777,0.409,20,1809,1748,0.9663,11,1748,0,0,0,0,59,0,0,2,0,3,0.091,0.414,0.605
full3,balanced,short,stock,20,63,P2,74,74,0.573,0.16,-19.418,-22.454,0.686,0.515,-3.531,0.37,0.418,20.0,1461,1402,0.9596,19,1398,0,0,4,0,56,1,0,2,0,2,0.134,0.466,0.616
full3,balanced,short,stock,20,63,2023,40,40,-0.752,-1.41,-8.622,-9.759,-0.862,-0.737,-6.271,-0.718,0.41,20.0,790,748,0.9468,10,748,0,0,0,0,41,0,0,1,0,2,0.089,0.425,0.568
full3,balanced,short,stock,20,63,2024,51,51,-0.809,-0.8,-13.764,-16.243,-0.569,-0.789,-2.658,-0.822,0.408,20,1019,1000,0.9814,1,1000,0,0,0,0,18,0,0,1,0,1,0.091,0.406,0.633
full3,balanced,short,stock,20,63,2025,50,50,4.001,0.92,-18.256,-20.134,4.122,3.818,-0.134,3.701,0.464,20.0,981,942,0.9602,19,941,0,0,1,0,38,0,0,1,0,2,0.144,0.46,0.611
full3,balanced,short,stock,20,63,2026,24,24,-6.568,-2.8,-19.89,-22.454,-6.472,-6.365,-10.608,-6.568,0.321,20.0,480,460,0.9583,0,457,0,0,3,0,18,1,0,1,0,0,0.113,0.479,0.628
full3,conservative,long,mixed,10,5,ALL,176,176,-0.266,-2.11,-3.926,-6.51,-0.264,-0.262,-0.378,-0.223,0.446,10.0,1752,1750,0.9989,8,1750,0,0,0,0,2,0,0,0,0,1,0.087,0.0,0.783
full3,conservative,long,mixed,10,5,P1,91,91,-0.376,-2.53,-3.506,-3.778,-0.373,-0.372,-0.484,-0.376,0.436,10,910,909,0.9989,0,909,0,0,0,0,1,0,0,0,0,0,0.058,0.0,0.766
full3,conservative,long,mixed,10,5,P2,85,85,-0.148,-0.72,-4.146,-6.51,-0.147,-0.144,-0.266,-0.059,0.456,10,842,841,0.9988,8,841,0,0,0,0,1,0,0,0,0,1,0.118,0.0,0.804
full3,conservative,long,mixed,10,5,2023,40,40,-0.429,-2.06,-3.462,-3.545,-0.429,-0.429,-0.429,-0.429,0.432,10.0,400,400,1.0,0,400,0,0,0,0,0,0,0,0,0,0,0.041,0.0,0.746
full3,conservative,long,mixed,10,5,2024,51,51,-0.334,-1.6,-3.536,-3.778,-0.328,-0.327,-0.526,-0.334,0.439,10,510,509,0.998,0,509,0,0,0,0,1,0,0,0,0,0,0.071,0.0,0.778
full3,conservative,long,mixed,10,5,2025,50,50,-0.378,-1.37,-4.832,-6.51,-0.376,-0.371,-0.578,-0.226,0.44,10.0,492,491,0.998,8,491,0,0,0,0,1,0,0,0,0,1,0.121,0.0,0.79
full3,conservative,long,mixed,10,5,2026,35,35,0.18,0.6,-2.757,-2.871,0.18,0.18,0.18,0.18,0.48,10,350,350,1.0,0,350,0,0,0,0,0,0,0,0,0,0,0.113,0.0,0.821
full3,conservative,long,mixed,10,20,ALL,173,173,-0.972,-2.68,-8.603,-10.176,-0.937,-0.934,-1.946,-0.885,0.41,10,1722,1705,0.9901,8,1705,0,0,0,0,17,0,0,0,0,1,0.088,0.0,0.783
full3,conservative,long,mixed,10,20,P1,91,91,-0.951,-2.24,-6.866,-7.521,-0.91,-0.908,-1.819,-0.951,0.402,10,910,902,0.9912,0,902,0,0,0,0,8,0,0,0,0,0,0.058,0.0,0.766
full3,conservative,long,mixed,10,20,P2,82,82,-0.995,-1.65,-9.589,-10.176,-0.967,-0.963,-2.087,-0.812,0.418,10.0,812,803,0.9889,8,803,0,0,0,0,9,0,0,0,0,1,0.121,0.0,0.804
full3,conservative,long,mixed,10,20,2023,40,40,-1.23,-2.35,-7.344,-7.521,-1.206,-1.199,-1.975,-1.23,0.377,10.0,400,397,0.9925,0,397,0,0,0,0,3,0,0,0,0,0,0.041,0.0,0.746
full3,conservative,long,mixed,10,20,2024,51,51,-0.733,-1.16,-6.547,-6.736,-0.677,-0.68,-1.697,-0.733,0.422,10,510,505,0.9902,0,505,0,0,0,0,5,0,0,0,0,0,0.071,0.0,0.778
full3,conservative,long,mixed,10,20,2025,50,50,-1.015,-1.33,-9.965,-10.176,-1.018,-1.005,-1.816,-0.715,0.409,10.0,492,488,0.9919,8,488,0,0,0,0,4,0,0,0,0,1,0.121,0.0,0.79
full3,conservative,long,mixed,10,20,2026,32,32,-0.964,-1.0,-8.707,-9.832,-0.887,-0.896,-2.511,-0.964,0.432,10.0,320,315,0.9844,0,315,0,0,0,0,5,0,0,0,0,0,0.12,0.0,0.823
full3,conservative,long,mixed,10,63,ALL,165,165,-3.078,-2.91,-17.054,-19.241,-2.965,-2.915,-6.096,-3.093,0.355,10,1642,1593,0.9702,8,1591,0,0,2,0,47,2,0,0,0,1,0.086,0.0,0.779
full3,conservative,long,mixed,10,63,P1,91,91,-2.84,-3.47,-13.576,-15.258,-2.81,-2.744,-5.243,-2.84,0.354,10,910,889,0.9769,0,887,0,0,2,0,21,0,0,0,0,0,0.058,0.0,0.766
full3,conservative,long,mixed,10,63,P2,74,74,-3.371,-1.6,-18.597,-19.241,-3.155,-3.125,-7.144,-3.403,0.357,10.0,732,704,0.9617,8,704,0,0,0,0,26,2,0,0,0,1,0.122,0.0,0.797
full3,conservative,long,mixed,10,63,2023,40,40,-3.559,-4.32,-13.351,-14.569,-3.576,-3.434,-7.524,-3.559,0.31,10.0,400,385,0.9625,0,383,0,0,2,0,15,0,0,0,0,0,0.041,0.0,0.746
full3,conservative,long,mixed,10,63,2024,51,51,-2.276,-1.8,-13.726,-15.258,-2.209,-2.204,-3.454,-2.276,0.389,10,510,504,0.9882,0,504,0,0,0,0,6,0,0,0,0,0,0.071,0.0,0.778
full3,conservative,long,mixed,10,63,2025,50,50,-2.265,-0.84,-18.577,-19.241,-2.13,-2.147,-4.876,-2.312,0.387,10.0,492,479,0.9736,8,479,0,0,0,0,13,0,0,0,0,1,0.121,0.0,0.79
full3,conservative,long,mixed,10,63,2026,24,24,-5.676,-2.61,-18.185,-18.318,-5.291,-5.163,-11.869,-5.676,0.294,10.0,240,225,0.9375,0,225,0,0,0,0,13,2,0,0,0,0,0.123,0.0,0.809
full3,conservative,long,mixed,20,5,ALL,176,176,-0.277,-2.44,-3.697,-7.223,-0.273,-0.276,-0.504,-0.239,0.448,20.0,3434,3426,0.9977,86,3426,0,0,0,0,8,0,0,0,0,18,0.097,0.0,0.77
full3,conservative,long,mixed,20,5,P1,91,91,-0.274,-1.96,-3.494,-4.269,-0.269,-0.272,-0.493,-0.282,0.449,20,1791,1787,0.9978,29,1787,0,0,0,0,4,0,0,0,0,9,0.071,0.0,0.76
full3,conservative,long,mixed,20,5,P2,85,85,-0.28,-1.54,-3.677,-7.223,-0.278,-0.281,-0.515,-0.193,0.448,20,1643,1639,0.9976,57,1639,0,0,0,0,4,0,0,0,0,9,0.126,0.0,0.782
full3,conservative,long,mixed,20,5,2023,40,40,-0.451,-2.42,-3.842,-4.269,-0.442,-0.448,-0.7,-0.469,0.433,20.0,774,772,0.9974,26,772,0,0,0,0,2,0,0,0,0,7,0.065,0.0,0.761
full3,conservative,long,mixed,20,5,2024,51,51,-0.136,-0.68,-3.262,-3.854,-0.133,-0.134,-0.33,-0.135,0.462,20,1017,1015,0.998,3,1015,0,0,0,0,2,0,0,0,0,2,0.076,0.0,0.758
full3,conservative,long,mixed,20,5,2025,50,50,-0.366,-1.56,-4.144,-7.223,-0.368,-0.365,-0.567,-0.213,0.439,20.0,955,953,0.9979,45,953,0,0,0,0,2,0,0,0,0,6,0.137,0.0,0.785
full3,conservative,long,mixed,20,5,2026,35,35,-0.157,-0.55,-2.976,-3.016,-0.149,-0.161,-0.44,-0.164,0.46,20,688,686,0.9971,12,686,0,0,0,0,2,0,0,0,0,3,0.109,0.0,0.774
full3,conservative,long,mixed,20,20,ALL,173,173,-1.052,-3.13,-8.257,-10.201,-1.032,-1.03,-2.121,-1.011,0.404,20,3374,3337,0.989,86,3335,0,0,2,0,35,2,0,0,0,18,0.099,0.0,0.771
full3,conservative,long,mixed,20,20,P1,91,91,-0.983,-2.37,-6.303,-7.131,-0.958,-0.961,-1.809,-1.026,0.4,20,1791,1776,0.9916,29,1775,0,0,1,0,15,0,0,0,0,9,0.071,0.0,0.76
full3,conservative,long,mixed,20,20,P2,82,82,-1.129,-2.1,-9.335,-10.201,-1.114,-1.107,-2.467,-0.994,0.409,20.0,1583,1561,0.9861,57,1560,0,0,1,0,20,2,0,0,0,9,0.13,0.0,0.783
full3,conservative,long,mixed,20,20,2023,40,40,-1.211,-2.43,-6.63,-7.131,-1.184,-1.198,-2.218,-1.302,0.386,20.0,774,766,0.9897,26,766,0,0,0,0,8,0,0,0,0,7,0.065,0.0,0.761
full3,conservative,long,mixed,20,20,2024,51,51,-0.805,-1.28,-5.901,-6.263,-0.781,-0.776,-1.488,-0.809,0.411,20,1017,1010,0.9931,3,1009,0,0,1,0,7,0,0,0,0,2,0.076,0.0,0.758
full3,conservative,long,mixed,20,20,2025,50,50,-1.162,-1.62,-9.723,-10.201,-1.177,-1.162,-2.065,-0.881,0.403,20.0,955,946,0.9906,45,946,0,0,0,0,9,0,0,0,0,6,0.137,0.0,0.785
full3,conservative,long,mixed,20,20,2026,32,32,-1.077,-1.37,-8.529,-8.945,-1.015,-1.02,-3.097,-1.171,0.418,20.0,628,615,0.9793,12,614,0,0,1,0,11,2,0,0,0,3,0.118,0.0,0.777
full3,conservative,long,mixed,20,63,ALL,165,165,-3.297,-3.45,-15.293,-16.9,-3.237,-3.188,-6.266,-3.412,0.356,20,3214,3119,0.9704,86,3113,0,0,6,0,90,5,0,0,0,18,0.1,0.0,0.768
full3,conservative,long,mixed,20,63,P1,91,91,-3.176,-3.94,-12.794,-15.968,-3.131,-3.095,-5.174,-3.221,0.356,20,1791,1756,0.9805,29,1753,0,0,3,0,35,0,0,0,0,9,0.071,0.0,0.76
full3,conservative,long,mixed,20,63,P2,74,74,-3.444,-1.84,-16.31,-16.9,-3.367,-3.303,-7.608,-3.646,0.357,20.0,1423,1363,0.9578,57,1360,0,0,3,0,55,5,0,0,0,9,0.135,0.0,0.779
full3,conservative,long,mixed,20,63,2023,40,40,-3.834,-4.84,-13.566,-15.968,-3.808,-3.719,-6.984,-3.933,0.321,20.0,774,750,0.969,26,748,0,0,2,0,24,0,0,0,0,7,0.065,0.0,0.761
full3,conservative,long,mixed,20,63,2024,51,51,-2.661,-2.11,-12.28,-13.109,-2.601,-2.606,-3.755,-2.662,0.383,20,1017,1006,0.9892,3,1005,0,0,1,0,11,0,0,0,0,2,0.076,0.0,0.758
full3,conservative,long,mixed,20,63,2025,50,50,-2.474,-1.02,-16.554,-16.9,-2.503,-2.465,-5.617,-2.633,0.384,20.0,955,925,0.9686,45,924,0,0,1,0,30,0,0,0,0,6,0.137,0.0,0.785
full3,conservative,long,mixed,20,63,2026,24,24,-5.464,-2.75,-14.641,-15.578,-5.167,-5.05,-11.757,-5.757,0.301,20.0,468,438,0.9359,12,436,0,0,2,0,25,5,0,0,0,3,0.13,0.0,0.762
full3,conservative,long,stock,10,5,ALL,176,176,-0.257,-2.01,-4.11,-7.882,-0.257,-0.256,-0.372,-0.201,0.455,10.0,1746,1744,0.9989,14,1744,0,0,0,0,2,0,0,0,0,2,0.091,0.0,0.788
full3,conservative,long,stock,10,5,P1,91,91,-0.377,-2.46,-3.557,-3.971,-0.374,-0.373,-0.485,-0.377,0.448,10,910,909,0.9989,0,909,0,0,0,0,1,0,0,0,0,0,0.066,0.0,0.768
full3,conservative,long,stock,10,5,P2,85,85,-0.129,-0.62,-4.395,-7.882,-0.133,-0.13,-0.252,-0.012,0.462,10,836,835,0.9988,14,835,0,0,0,0,1,0,0,0,0,2,0.118,0.0,0.811
full3,conservative,long,stock,10,5,2023,40,40,-0.44,-1.94,-3.758,-3.971,-0.44,-0.44,-0.44,-0.44,0.438,10.0,400,400,1.0,0,400,0,0,0,0,0,0,0,0,0,0,0.055,0.0,0.754
full3,conservative,long,stock,10,5,2024,51,51,-0.327,-1.58,-3.408,-3.495,-0.322,-0.321,-0.52,-0.327,0.457,10,510,509,0.998,0,509,0,0,0,0,1,0,0,0,0,0,0.075,0.0,0.778
full3,conservative,long,stock,10,5,2025,50,50,-0.371,-1.31,-5.289,-7.882,-0.378,-0.374,-0.58,-0.173,0.445,10.0,486,485,0.9979,14,485,0,0,0,0,1,0,0,0,0,2,0.123,0.0,0.796
full3,conservative,long,stock,10,5,2026,35,35,0.217,0.75,-2.699,-2.871,0.217,0.217,0.217,0.217,0.486,10,350,350,1.0,0,350,0,0,0,0,0,0,0,0,0,0,0.111,0.0,0.829
full3,conservative,long,stock,10,20,ALL,173,173,-0.844,-2.33,-8.875,-11.215,-0.814,-0.805,-1.881,-0.753,0.43,10,1716,1698,0.9895,14,1698,0,0,0,0,18,0,0,0,0,2,0.092,0.0,0.788
full3,conservative,long,stock,10,20,P1,91,91,-0.879,-1.99,-7.276,-8.797,-0.837,-0.836,-1.747,-0.879,0.427,10,910,902,0.9912,0,902,0,0,0,0,8,0,0,0,0,0,0.066,0.0,0.768
full3,conservative,long,stock,10,20,P2,82,82,-0.806,-1.37,-9.753,-11.215,-0.789,-0.77,-2.03,-0.614,0.433,10.0,806,796,0.9876,14,796,0,0,0,0,10,0,0,0,0,2,0.121,0.0,0.811
full3,conservative,long,stock,10,20,2023,40,40,-1.179,-1.99,-8.159,-8.797,-1.155,-1.148,-1.924,-1.179,0.384,10.0,400,397,0.9925,0,397,0,0,0,0,3,0,0,0,0,0,0.055,0.0,0.754
full3,conservative,long,stock,10,20,2024,51,51,-0.644,-1.01,-6.544,-6.736,-0.588,-0.591,-1.608,-0.644,0.461,10,510,505,0.9902,0,505,0,0,0,0,5,0,0,0,0,0,0.075,0.0,0.778
full3,conservative,long,stock,10,20,2025,50,50,-0.759,-1.02,-10.329,-11.215,-0.776,-0.763,-1.574,-0.444,0.428,10.0,486,482,0.9918,14,482,0,0,0,0,4,0,0,0,0,2,0.123,0.0,0.796
full3,conservative,long,stock,10,20,2026,32,32,-0.879,-0.94,-8.57,-9.559,-0.808,-0.781,-2.744,-0.879,0.442,10.0,320,314,0.9812,0,314,0,0,0,0,6,0,0,0,0,0,0.119,0.0,0.832
full3,conservative,long,stock,10,63,ALL,165,165,-2.677,-2.59,-16.803,-21.166,-2.583,-2.516,-5.832,-2.742,0.379,10,1636,1585,0.9688,14,1583,0,0,2,0,49,2,0,0,0,2,0.091,0.0,0.784
full3,conservative,long,stock,10,63,P1,91,91,-2.475,-3.15,-13.547,-15.258,-2.468,-2.384,-5.0,-2.475,0.383,10,910,888,0.9758,0,886,0,0,2,0,22,0,0,0,0,0,0.066,0.0,0.768
full3,conservative,long,stock,10,63,P2,74,74,-2.925,-1.4,-18.722,-21.166,-2.726,-2.679,-6.857,-3.07,0.374,10.0,726,697,0.9601,14,697,0,0,0,0,27,2,0,0,0,2,0.122,0.0,0.805
full3,conservative,long,stock,10,63,2023,40,40,-3.069,-3.67,-13.279,-14.569,-3.137,-2.953,-7.31,-3.069,0.337,10.0,400,384,0.96,0,382,0,0,2,0,16,0,0,0,0,0,0.055,0.0,0.754
full3,conservative,long,stock,10,63,2024,51,51,-2.01,-1.66,-13.726,-15.258,-1.943,-1.937,-3.188,-2.01,0.418,10,510,504,0.9882,0,504,0,0,0,0,6,0,0,0,0,0,0.075,0.0,0.778
full3,conservative,long,stock,10,63,2025,50,50,-1.728,-0.65,-18.63,-21.166,-1.627,-1.643,-4.373,-1.943,0.404,10.0,486,473,0.9733,14,473,0,0,0,0,13,0,0,0,0,2,0.123,0.0,0.796
full3,conservative,long,stock,10,63,2026,24,24,-5.418,-2.44,-18.063,-18.075,-5.015,-4.838,-12.031,-5.418,0.311,10.0,240,224,0.9333,0,224,0,0,0,0,14,2,0,0,0,0,0.121,0.0,0.822
full3,conservative,long,stock,20,5,ALL,176,176,-0.237,-2.1,-3.713,-7.667,-0.233,-0.236,-0.464,-0.181,0.459,20.0,3390,3382,0.9976,130,3382,0,0,0,0,8,0,0,0,0,23,0.1,0.0,0.771
full3,conservative,long,stock,20,5,P1,91,91,-0.206,-1.5,-3.443,-4.242,-0.2,-0.204,-0.425,-0.216,0.466,20,1763,1759,0.9977,57,1759,0,0,0,0,4,0,0,0,0,14,0.074,0.0,0.764
full3,conservative,long,stock,20,5,P2,85,85,-0.269,-1.48,-3.754,-7.667,-0.268,-0.271,-0.506,-0.143,0.452,20,1627,1623,0.9975,73,1623,0,0,0,0,4,0,0,0,0,9,0.127,0.0,0.78
full3,conservative,long,stock,20,5,2023,40,40,-0.419,-2.29,-3.828,-4.242,-0.409,-0.415,-0.668,-0.452,0.447,20.0,749,747,0.9973,51,747,0,0,0,0,2,0,0,0,0,11,0.071,0.0,0.776
full3,conservative,long,stock,20,5,2024,51,51,-0.039,-0.2,-3.187,-3.627,-0.037,-0.037,-0.234,-0.031,0.481,20,1014,1012,0.998,6,1012,0,0,0,0,2,0,0,0,0,3,0.077,0.0,0.752
full3,conservative,long,stock,20,5,2025,50,50,-0.344,-1.48,-4.259,-7.667,-0.348,-0.345,-0.548,-0.119,0.445,20.0,942,940,0.9979,58,940,0,0,0,0,2,0,0,0,0,6,0.138,0.0,0.781
full3,conservative,long,stock,20,5,2026,35,35,-0.162,-0.56,-2.976,-3.016,-0.155,-0.166,-0.446,-0.177,0.463,20,685,683,0.9971,15,683,0,0,0,0,2,0,0,0,0,3,0.112,0.0,0.775
full3,conservative,long,stock,20,20,ALL,173,173,-0.922,-2.79,-8.109,-11.426,-0.904,-0.902,-1.993,-0.881,0.427,20,3330,3293,0.9889,130,3291,0,0,2,0,35,2,0,0,0,23,0.101,0.0,0.771
full3,conservative,long,stock,20,20,P1,91,91,-0.753,-1.87,-6.038,-6.36,-0.729,-0.733,-1.58,-0.808,0.436,20,1763,1748,0.9915,57,1747,0,0,1,0,15,0,0,0,0,14,0.074,0.0,0.764
full3,conservative,long,stock,20,20,P2,82,82,-1.109,-2.08,-9.584,-11.426,-1.097,-1.09,-2.451,-0.963,0.416,20.0,1567,1545,0.986,73,1544,0,0,1,0,20,2,0,0,0,9,0.131,0.0,0.781
full3,conservative,long,stock,20,20,2023,40,40,-0.976,-2.21,-6.244,-6.36,-0.951,-0.965,-1.985,-1.095,0.414,20.0,749,741,0.9893,51,741,0,0,0,0,8,0,0,0,0,11,0.071,0.0,0.776
full3,conservative,long,stock,20,20,2024,51,51,-0.579,-0.92,-5.901,-6.263,-0.556,-0.55,-1.262,-0.583,0.454,20,1014,1007,0.9931,6,1006,0,0,1,0,7,0,0,0,0,3,0.077,0.0,0.752
full3,conservative,long,stock,20,20,2025,50,50,-1.122,-1.58,-10.296,-11.426,-1.141,-1.127,-2.029,-0.794,0.413,20.0,942,933,0.9904,58,933,0,0,0,0,9,0,0,0,0,6,0.138,0.0,0.781
full3,conservative,long,stock,20,20,2026,32,32,-1.089,-1.4,-7.628,-8.945,-1.028,-1.033,-3.11,-1.227,0.421,20.0,625,612,0.9792,15,611,0,0,1,0,11,2,0,0,0,3,0.121,0.0,0.777
full3,conservative,long,stock,20,63,ALL,165,165,-2.851,-3.11,-15.495,-17.423,-2.799,-2.751,-5.957,-3.014,0.381,20,3170,3071,0.9688,130,3065,0,0,6,0,94,5,0,0,0,23,0.102,0.0,0.769
full3,conservative,long,stock,20,63,P1,91,91,-2.473,-3.3,-12.736,-15.968,-2.439,-2.404,-4.602,-2.508,0.391,20,1763,1726,0.979,57,1723,0,0,3,0,37,0,0,0,0,14,0.074,0.0,0.764
full3,conservative,long,stock,20,63,P2,74,74,-3.315,-1.85,-16.621,-17.423,-3.242,-3.178,-7.623,-3.635,0.368,20.0,1407,1345,0.9559,73,1342,0,0,3,0,57,5,0,0,0,9,0.137,0.0,0.777
full3,conservative,long,stock,20,63,2023,40,40,-2.952,-5.64,-13.315,-15.968,-2.945,-2.86,-6.258,-3.033,0.359,20.0,749,724,0.9666,51,722,0,0,2,0,25,0,0,0,0,11,0.071,0.0,0.776
full3,conservative,long,stock,20,63,2024,51,51,-2.098,-1.69,-12.35,-13.956,-2.042,-2.045,-3.304,-2.097,0.417,20,1014,1002,0.9882,6,1001,0,0,1,0,12,0,0,0,0,3,0.077,0.0,0.752
full3,conservative,long,stock,20,63,2025,50,50,-2.26,-0.99,-16.846,-17.423,-2.299,-2.26,-5.619,-2.542,0.398,20.0,942,910,0.966,58,909,0,0,1,0,32,0,0,0,0,6,0.138,0.0,0.781
full3,conservative,long,stock,20,63,2026,24,24,-5.512,-2.78,-14.696,-15.578,-5.208,-5.092,-11.798,-5.913,0.306,20.0,465,435,0.9355,15,433,0,0,2,0,25,5,0,0,0,3,0.134,0.0,0.763
full3,conservative,mid,mixed,10,5,ALL,176,176,-0.292,-2.37,-3.95,-5.453,-0.29,-0.288,-0.405,-0.267,0.446,10.0,1750,1748,0.9989,10,1748,0,0,0,0,2,0,0,0,0,2,0.085,0.0,0.789
full3,conservative,mid,mixed,10,5,P1,91,91,-0.407,-2.7,-3.786,-4.599,-0.404,-0.403,-0.515,-0.407,0.436,10,910,909,0.9989,0,909,0,0,0,0,1,0,0,0,0,0,0.058,0.0,0.768
full3,conservative,mid,mixed,10,5,P2,85,85,-0.169,-0.86,-3.914,-5.453,-0.168,-0.165,-0.287,-0.118,0.456,10,840,839,0.9988,10,839,0,0,0,0,1,0,0,0,0,2,0.115,0.0,0.813
full3,conservative,mid,mixed,10,5,2023,40,40,-0.451,-2.16,-3.598,-3.825,-0.451,-0.451,-0.451,-0.451,0.432,10.0,400,400,1.0,0,400,0,0,0,0,0,0,0,0,0,0,0.041,0.0,0.746
full3,conservative,mid,mixed,10,5,2024,51,51,-0.373,-1.74,-3.816,-4.599,-0.366,-0.365,-0.564,-0.373,0.439,10,510,509,0.998,0,509,0,0,0,0,1,0,0,0,0,0,0.07,0.0,0.782
full3,conservative,mid,mixed,10,5,2025,50,50,-0.42,-1.63,-4.437,-5.453,-0.418,-0.413,-0.62,-0.332,0.437,10.0,490,489,0.998,10,489,0,0,0,0,1,0,0,0,0,2,0.122,0.0,0.806
full3,conservative,mid,mixed,10,5,2026,35,35,0.189,0.64,-2.911,-2.952,0.189,0.189,0.189,0.189,0.483,10,350,350,1.0,0,350,0,0,0,0,0,0,0,0,0,0,0.104,0.0,0.821
full3,conservative,mid,mixed,10,20,ALL,173,173,-1.025,-2.87,-8.478,-10.765,-0.992,-0.987,-2.058,-0.942,0.407,10,1720,1702,0.9895,10,1702,0,0,0,0,18,0,0,0,0,2,0.086,0.0,0.789
full3,conservative,mid,mixed,10,20,P1,91,91,-0.989,-2.28,-7.265,-7.521,-0.945,-0.944,-1.855,-0.989,0.398,10,910,902,0.9912,0,902,0,0,0,0,8,0,0,0,0,0,0.058,0.0,0.768
full3,conservative,mid,mixed,10,20,P2,82,82,-1.064,-1.84,-9.338,-10.765,-1.043,-1.035,-2.284,-0.89,0.418,10.0,810,800,0.9877,10,800,0,0,0,0,10,0,0,0,0,2,0.118,0.0,0.814
full3,conservative,mid,mixed,10,20,2023,40,40,-1.227,-2.2,-7.344,-7.521,-1.203,-1.196,-1.973,-1.227,0.367,10.0,400,397,0.9925,0,397,0,0,0,0,3,0,0,0,0,0,0.041,0.0,0.746
full3,conservative,mid,mixed,10,20,2024,51,51,-0.802,-1.25,-7.212,-7.345,-0.742,-0.745,-1.762,-0.802,0.422,10,510,505,0.9902,0,505,0,0,0,0,5,0,0,0,0,0,0.07,0.0,0.782
full3,conservative,mid,mixed,10,20,2025,50,50,-1.057,-1.51,-9.339,-10.008,-1.069,-1.049,-2.065,-0.772,0.407,10.0,490,485,0.9898,10,485,0,0,0,0,5,0,0,0,0,2,0.122,0.0,0.806
full3,conservative,mid,mixed,10,20,2026,32,32,-1.076,-1.1,-9.173,-10.765,-1.003,-1.012,-2.627,-1.076,0.435,10.0,320,315,0.9844,0,315,0,0,0,0,5,0,0,0,0,0,0.111,0.0,0.823
full3,conservative,mid,mixed,10,63,ALL,165,165,-3.108,-2.94,-17.233,-19.241,-3.011,-2.96,-6.135,-3.117,0.355,10,1640,1591,0.9701,10,1589,0,0,2,0,47,2,0,0,0,2,0.085,0.0,0.787
full3,conservative,mid,mixed,10,63,P1,91,91,-2.904,-3.47,-13.852,-16.054,-2.87,-2.805,-5.181,-2.904,0.351,10,910,890,0.978,0,888,0,0,2,0,20,0,0,0,0,0,0.058,0.0,0.768
full3,conservative,mid,mixed,10,63,P2,74,74,-3.358,-1.6,-18.673,-19.241,-3.185,-3.15,-7.308,-3.38,0.359,10.0,730,701,0.9603,10,701,0,0,0,0,27,2,0,0,0,2,0.119,0.0,0.811
full3,conservative,mid,mixed,10,63,2023,40,40,-3.586,-4.04,-14.094,-16.054,-3.618,-3.477,-7.289,-3.586,0.303,10.0,400,386,0.965,0,384,0,0,2,0,14,0,0,0,0,0,0.041,0.0,0.746
full3,conservative,mid,mixed,10,63,2024,51,51,-2.369,-1.85,-13.69,-15.258,-2.284,-2.278,-3.529,-2.369,0.389,10,510,504,0.9882,0,504,0,0,0,0,6,0,0,0,0,0,0.07,0.0,0.782
full3,conservative,mid,mixed,10,63,2025,50,50,-2.265,-0.85,-18.529,-19.241,-2.188,-2.197,-5.134,-2.296,0.388,10.0,490,476,0.9714,10,476,0,0,0,0,14,0,0,0,0,2,0.122,0.0,0.806
full3,conservative,mid,mixed,10,63,2026,24,24,-5.637,-2.52,-18.337,-18.622,-5.262,-5.134,-11.84,-5.637,0.299,10.0,240,225,0.9375,0,225,0,0,0,0,13,2,0,0,0,0,0.115,0.0,0.817
full3,conservative,mid,mixed,20,5,ALL,176,176,-0.296,-2.65,-3.757,-7.223,-0.294,-0.296,-0.467,-0.29,0.446,20.0,3353,3347,0.9982,167,3347,0,0,0,0,6,0,0,0,0,32,0.094,0.0,0.769
full3,conservative,mid,mixed,20,5,P1,91,91,-0.315,-2.28,-3.511,-4.199,-0.31,-0.313,-0.479,-0.341,0.443,20,1736,1733,0.9983,84,1733,0,0,0,0,3,0,0,0,0,19,0.067,0.0,0.759
full3,conservative,mid,mixed,20,5,P2,85,85,-0.277,-1.55,-3.777,-7.223,-0.277,-0.278,-0.455,-0.235,0.45,20,1617,1614,0.9981,83,1614,0,0,0,0,3,0,0,0,0,13,0.123,0.0,0.78
full3,conservative,mid,mixed,20,5,2023,40,40,-0.487,-2.63,-3.795,-4.199,-0.481,-0.486,-0.612,-0.537,0.427,20.0,731,730,0.9986,69,730,0,0,0,0,1,0,0,0,0,15,0.062,0.0,0.758
full3,conservative,mid,mixed,20,5,2024,51,51,-0.18,-0.91,-3.322,-3.844,-0.177,-0.177,-0.374,-0.188,0.455,20,1005,1003,0.998,15,1003,0,0,0,0,2,0,0,0,0,4,0.071,0.0,0.759
full3,conservative,mid,mixed,20,5,2025,50,50,-0.381,-1.63,-4.162,-7.223,-0.383,-0.38,-0.583,-0.304,0.442,20.0,937,935,0.9979,63,935,0,0,0,0,2,0,0,0,0,9,0.133,0.0,0.778
full3,conservative,mid,mixed,20,5,2026,35,35,-0.128,-0.47,-3.201,-3.309,-0.127,-0.132,-0.272,-0.136,0.462,20,680,679,0.9985,20,679,0,0,0,0,1,0,0,0,0,4,0.109,0.0,0.781
full3,conservative,mid,mixed,20,20,ALL,173,173,-0.985,-3.0,-7.981,-10.217,-0.97,-0.965,-1.941,-0.974,0.406,20,3293,3260,0.99,167,3258,0,0,2,0,31,2,0,0,0,32,0.095,0.0,0.769
full3,conservative,mid,mixed,20,20,P1,91,91,-0.943,-2.39,-6.042,-6.72,-0.919,-0.922,-1.658,-1.034,0.401,20,1736,1723,0.9925,84,1722,0,0,1,0,13,0,0,0,0,19,0.067,0.0,0.759
full3,conservative,mid,mixed,20,20,P2,82,82,-1.032,-1.92,-9.314,-10.217,-1.027,-1.014,-2.254,-0.908,0.413,20.0,1557,1537,0.9872,83,1536,0,0,1,0,18,2,0,0,0,13,0.127,0.0,0.781
full3,conservative,mid,mixed,20,20,2023,40,40,-1.064,-2.18,-6.359,-6.72,-1.039,-1.052,-1.821,-1.222,0.389,20.0,731,725,0.9918,69,725,0,0,0,0,6,0,0,0,0,15,0.062,0.0,0.758
full3,conservative,mid,mixed,20,20,2024,51,51,-0.847,-1.43,-5.79,-6.152,-0.825,-0.819,-1.531,-0.886,0.409,20,1005,998,0.993,15,997,0,0,1,0,7,0,0,0,0,4,0.071,0.0,0.759
full3,conservative,mid,mixed,20,20,2025,50,50,-1.129,-1.58,-9.729,-10.217,-1.145,-1.13,-2.032,-0.851,0.407,20.0,937,928,0.9904,63,928,0,0,0,0,9,0,0,0,0,9,0.133,0.0,0.778
full3,conservative,mid,mixed,20,20,2026,32,32,-0.88,-1.12,-7.668,-8.945,-0.843,-0.832,-2.601,-0.998,0.422,20.0,620,609,0.9823,20,608,0,0,1,0,9,2,0,0,0,4,0.117,0.0,0.782
full3,conservative,mid,mixed,20,63,ALL,165,165,-3.233,-3.47,-14.911,-16.9,-3.173,-3.129,-6.008,-3.435,0.353,20,3133,3044,0.9716,167,3038,0,0,6,0,84,5,0,0,0,32,0.096,0.0,0.768
full3,conservative,mid,mixed,20,63,P1,91,91,-3.079,-3.73,-12.238,-13.66,-3.041,-3.002,-4.902,-3.243,0.352,20,1736,1704,0.9816,84,1701,0,0,3,0,32,0,0,0,0,19,0.067,0.0,0.759
full3,conservative,mid,mixed,20,63,P2,74,74,-3.422,-1.92,-16.236,-16.9,-3.336,-3.285,-7.368,-3.671,0.355,20.0,1397,1340,0.9592,83,1337,0,0,3,0,52,5,0,0,0,13,0.133,0.0,0.779
full3,conservative,mid,mixed,20,63,2023,40,40,-3.731,-4.48,-12.309,-13.452,-3.702,-3.617,-6.476,-4.036,0.31,20.0,731,710,0.9713,69,708,0,0,2,0,21,0,0,0,0,15,0.062,0.0,0.758
full3,conservative,mid,mixed,20,63,2024,51,51,-2.567,-2.0,-12.192,-13.66,-2.522,-2.519,-3.668,-2.62,0.384,20,1005,994,0.9891,15,993,0,0,1,0,11,0,0,0,0,4,0.071,0.0,0.759
full3,conservative,mid,mixed,20,63,2025,50,50,-2.646,-1.13,-16.412,-16.9,-2.607,-2.598,-5.647,-2.826,0.38,20.0,937,908,0.9691,63,907,0,0,1,0,29,0,0,0,0,9,0.133,0.0,0.778
full3,conservative,mid,mixed,20,63,2026,24,24,-5.039,-2.55,-14.666,-15.708,-4.855,-4.717,-10.955,-5.43,0.302,20.0,460,432,0.9391,20,430,0,0,2,0,23,5,0,0,0,4,0.131,0.0,0.776
full3,conservative,mid,stock,10,5,ALL,176,176,-0.281,-2.23,-4.182,-7.882,-0.281,-0.28,-0.396,-0.241,0.456,10.0,1739,1737,0.9988,21,1737,0,0,0,0,2,0,0,0,0,5,0.087,0.0,0.792
full3,conservative,mid,stock,10,5,P1,91,91,-0.408,-2.67,-3.742,-4.118,-0.404,-0.404,-0.515,-0.403,0.451,10,906,905,0.9989,4,905,0,0,0,0,1,0,0,0,0,1,0.064,0.0,0.767
full3,conservative,mid,stock,10,5,P2,85,85,-0.146,-0.72,-4.358,-7.882,-0.15,-0.147,-0.269,-0.067,0.461,10,833,832,0.9988,17,832,0,0,0,0,1,0,0,0,0,4,0.112,0.0,0.82
full3,conservative,mid,stock,10,5,2023,40,40,-0.5,-2.2,-3.913,-4.0,-0.5,-0.5,-0.5,-0.489,0.444,10.0,396,396,1.0,4,396,0,0,0,0,0,0,0,0,0,1,0.055,0.0,0.754
full3,conservative,mid,stock,10,5,2024,51,51,-0.336,-1.64,-3.565,-4.118,-0.33,-0.328,-0.527,-0.336,0.457,10,510,509,0.998,0,509,0,0,0,0,1,0,0,0,0,0,0.071,0.0,0.776
full3,conservative,mid,stock,10,5,2025,50,50,-0.427,-1.53,-5.247,-7.882,-0.433,-0.429,-0.636,-0.292,0.44,10.0,483,482,0.9979,17,482,0,0,0,0,1,0,0,0,0,4,0.117,0.0,0.812
full3,conservative,mid,stock,10,5,2026,35,35,0.256,0.92,-2.699,-2.871,0.256,0.256,0.256,0.256,0.491,10,350,350,1.0,0,350,0,0,0,0,0,0,0,0,0,0,0.106,0.0,0.829
full3,conservative,mid,stock,10,20,ALL,173,173,-0.893,-2.51,-8.765,-11.215,-0.865,-0.853,-1.989,-0.803,0.432,10,1709,1690,0.9889,21,1690,0,0,0,0,19,0,0,0,0,5,0.088,0.0,0.792
full3,conservative,mid,stock,10,20,P1,91,91,-0.868,-1.98,-7.296,-7.675,-0.824,-0.822,-1.733,-0.858,0.433,10,906,898,0.9912,4,898,0,0,0,0,8,0,0,0,0,1,0.064,0.0,0.767
full3,conservative,mid,stock,10,20,P2,82,82,-0.921,-1.61,-9.753,-11.215,-0.911,-0.888,-2.273,-0.741,0.431,10.0,803,792,0.9863,17,792,0,0,0,0,11,0,0,0,0,4,0.115,0.0,0.821
full3,conservative,mid,stock,10,20,2023,40,40,-1.125,-1.94,-7.598,-7.675,-1.101,-1.094,-1.871,-1.103,0.394,10.0,396,393,0.9924,4,393,0,0,0,0,3,0,0,0,0,1,0.055,0.0,0.754
full3,conservative,mid,stock,10,20,2024,51,51,-0.666,-1.05,-7.095,-7.345,-0.606,-0.609,-1.626,-0.666,0.463,10,510,505,0.9902,0,505,0,0,0,0,5,0,0,0,0,0,0.071,0.0,0.776
full3,conservative,mid,stock,10,20,2025,50,50,-0.988,-1.44,-10.329,-11.215,-1.014,-0.994,-2.01,-0.694,0.421,10.0,483,478,0.9896,17,478,0,0,0,0,5,0,0,0,0,4,0.117,0.0,0.812
full3,conservative,mid,stock,10,20,2026,32,32,-0.815,-0.84,-8.57,-9.559,-0.749,-0.722,-2.684,-0.815,0.448,10.0,320,314,0.9812,0,314,0,0,0,0,6,0,0,0,0,0,0.113,0.0,0.832
full3,conservative,mid,stock,10,63,ALL,165,165,-2.589,-2.57,-16.783,-21.166,-2.524,-2.451,-5.959,-2.639,0.383,10,1629,1575,0.9669,21,1573,0,0,2,0,52,2,0,0,0,5,0.088,0.0,0.79
full3,conservative,mid,stock,10,63,P1,91,91,-2.374,-3.06,-13.831,-16.054,-2.366,-2.277,-5.014,-2.349,0.389,10,906,883,0.9746,4,881,0,0,2,0,23,0,0,0,0,1,0.064,0.0,0.767
full3,conservative,mid,stock,10,63,P2,74,74,-2.853,-1.42,-18.605,-21.166,-2.718,-2.665,-7.12,-2.996,0.376,10.0,723,692,0.9571,17,692,0,0,0,0,29,2,0,0,0,4,0.117,0.0,0.819
full3,conservative,mid,stock,10,63,2023,40,40,-2.847,-3.71,-14.041,-16.054,-2.936,-2.742,-7.374,-2.791,0.346,10.0,396,379,0.9571,4,377,0,0,2,0,17,0,0,0,0,1,0.055,0.0,0.754
full3,conservative,mid,stock,10,63,2024,51,51,-2.003,-1.63,-13.69,-15.258,-1.919,-1.913,-3.164,-2.003,0.422,10,510,504,0.9882,0,504,0,0,0,0,6,0,0,0,0,0,0.071,0.0,0.776
full3,conservative,mid,stock,10,63,2025,50,50,-1.73,-0.68,-17.962,-21.166,-1.719,-1.726,-4.866,-1.942,0.403,10.0,483,468,0.9689,17,468,0,0,0,0,15,0,0,0,0,4,0.117,0.0,0.812
full3,conservative,mid,stock,10,63,2026,24,24,-5.191,-2.22,-18.063,-18.075,-4.8,-4.622,-11.815,-5.191,0.32,10.0,240,224,0.9333,0,224,0,0,0,0,14,2,0,0,0,0,0.117,0.0,0.83
full3,conservative,mid,stock,20,5,ALL,176,176,-0.256,-2.28,-3.872,-8.404,-0.255,-0.256,-0.427,-0.225,0.458,20.0,3285,3279,0.9982,235,3279,0,0,0,0,6,0,0,0,0,41,0.096,0.0,0.774
full3,conservative,mid,stock,20,5,P1,91,91,-0.251,-1.88,-3.482,-4.267,-0.246,-0.249,-0.415,-0.273,0.46,20,1692,1689,0.9982,128,1689,0,0,0,0,3,0,0,0,0,24,0.072,0.0,0.763
full3,conservative,mid,stock,20,5,P2,85,85,-0.262,-1.43,-4.004,-8.404,-0.263,-0.264,-0.441,-0.172,0.455,20,1593,1590,0.9981,107,1590,0,0,0,0,3,0,0,0,0,17,0.122,0.0,0.786
full3,conservative,mid,stock,20,5,2023,40,40,-0.448,-2.46,-3.829,-4.267,-0.441,-0.446,-0.572,-0.505,0.442,20.0,693,692,0.9986,107,692,0,0,0,0,1,0,0,0,0,18,0.07,0.0,0.774
full3,conservative,mid,stock,20,5,2024,51,51,-0.097,-0.51,-3.25,-3.627,-0.094,-0.095,-0.291,-0.092,0.474,20,999,997,0.998,21,997,0,0,0,0,2,0,0,0,0,6,0.073,0.0,0.754
full3,conservative,mid,stock,20,5,2025,50,50,-0.344,-1.39,-4.539,-8.404,-0.348,-0.345,-0.547,-0.187,0.452,20.0,918,916,0.9978,82,916,0,0,0,0,2,0,0,0,0,12,0.13,0.0,0.785
full3,conservative,mid,stock,20,5,2026,35,35,-0.145,-0.54,-3.201,-3.309,-0.143,-0.148,-0.288,-0.151,0.461,20,675,674,0.9985,25,674,0,0,0,0,1,0,0,0,0,5,0.11,0.0,0.783
full3,conservative,mid,stock,20,20,ALL,173,173,-0.894,-2.72,-8.157,-10.959,-0.881,-0.876,-1.851,-0.871,0.43,20,3225,3192,0.9898,235,3190,0,0,2,0,31,2,0,0,0,41,0.097,0.0,0.774
full3,conservative,mid,stock,20,20,P1,91,91,-0.78,-1.99,-6.079,-6.519,-0.757,-0.76,-1.496,-0.868,0.437,20,1692,1679,0.9923,128,1678,0,0,1,0,13,0,0,0,0,24,0.072,0.0,0.763
full3,conservative,mid,stock,20,20,P2,82,82,-1.02,-1.9,-9.679,-10.959,-1.018,-1.005,-2.246,-0.874,0.421,20.0,1533,1513,0.987,107,1512,0,0,1,0,18,2,0,0,0,17,0.126,0.0,0.786
full3,conservative,mid,stock,20,20,2023,40,40,-0.924,-1.95,-6.513,-6.519,-0.899,-0.912,-1.681,-1.067,0.419,20.0,693,687,0.9913,107,687,0,0,0,0,6,0,0,0,0,18,0.07,0.0,0.774
full3,conservative,mid,stock,20,20,2024,51,51,-0.667,-1.12,-5.79,-6.152,-0.645,-0.64,-1.352,-0.711,0.451,20,999,992,0.993,21,991,0,0,1,0,7,0,0,0,0,6,0.073,0.0,0.754
full3,conservative,mid,stock,20,20,2025,50,50,-1.091,-1.53,-10.241,-10.959,-1.111,-1.097,-1.999,-0.764,0.419,20.0,918,909,0.9902,82,909,0,0,0,0,9,0,0,0,0,12,0.13,0.0,0.785
full3,conservative,mid,stock,20,20,2026,32,32,-0.909,-1.16,-7.077,-8.945,-0.873,-0.862,-2.631,-1.047,0.425,20.0,615,604,0.9821,25,603,0,0,1,0,9,2,0,0,0,5,0.119,0.0,0.784
full3,conservative,mid,stock,20,63,ALL,165,165,-2.812,-3.11,-14.979,-16.416,-2.765,-2.72,-5.633,-3.05,0.38,20,3065,2975,0.9706,235,2969,0,0,6,0,85,5,0,0,0,41,0.099,0.0,0.772
full3,conservative,mid,stock,20,63,P1,91,91,-2.551,-3.3,-12.274,-13.452,-2.525,-2.486,-4.447,-2.679,0.388,20,1692,1659,0.9805,128,1656,0,0,3,0,33,0,0,0,0,24,0.072,0.0,0.763
full3,conservative,mid,stock,20,63,P2,74,74,-3.134,-1.79,-16.219,-16.416,-3.059,-3.008,-7.091,-3.506,0.37,20.0,1373,1316,0.9585,107,1313,0,0,3,0,52,5,0,0,0,17,0.131,0.0,0.785
full3,conservative,mid,stock,20,63,2023,40,40,-3.046,-5.03,-12.563,-13.452,-3.042,-2.957,-5.816,-3.261,0.356,20.0,693,672,0.9697,107,670,0,0,2,0,21,0,0,0,0,18,0.07,0.0,0.774
full3,conservative,mid,stock,20,63,2024,51,51,-2.163,-1.71,-12.082,-13.331,-2.12,-2.116,-3.374,-2.222,0.413,20,999,987,0.988,21,986,0,0,1,0,12,0,0,0,0,6,0.073,0.0,0.754
full3,conservative,mid,stock,20,63,2025,50,50,-2.218,-0.98,-16.315,-16.416,-2.198,-2.189,-5.238,-2.55,0.399,20.0,918,889,0.9684,82,888,0,0,1,0,29,0,0,0,0,12,0.13,0.0,0.785
full3,conservative,mid,stock,20,63,2026,24,24,-5.042,-2.57,-14.761,-15.708,-4.852,-4.714,-10.953,-5.497,0.308,20.0,455,427,0.9385,25,425,0,0,2,0,23,5,0,0,0,5,0.134,0.0,0.779
full3,conservative,short,mixed,10,5,ALL,176,176,-0.281,-2.33,-3.708,-5.952,-0.28,-0.278,-0.451,-0.283,0.436,10.0,1741,1738,0.9983,19,1738,0,0,0,0,3,0,0,0,0,4,0.086,0.0,0.794
full3,conservative,short,mixed,10,5,P1,91,91,-0.456,-3.05,-3.575,-5.017,-0.454,-0.454,-0.565,-0.456,0.428,10,910,909,0.9989,0,909,0,0,0,0,1,0,0,0,0,0,0.059,0.0,0.784
full3,conservative,short,mixed,10,5,P2,85,85,-0.094,-0.49,-3.628,-5.952,-0.094,-0.09,-0.329,-0.095,0.444,10,831,829,0.9976,19,829,0,0,0,0,2,0,0,0,0,4,0.116,0.0,0.806
full3,conservative,short,mixed,10,5,2023,40,40,-0.573,-2.7,-3.598,-3.825,-0.573,-0.573,-0.573,-0.573,0.425,10.0,400,400,1.0,0,400,0,0,0,0,0,0,0,0,0,0,0.041,0.0,0.762
full3,conservative,short,mixed,10,5,2024,51,51,-0.364,-1.75,-3.373,-5.017,-0.361,-0.36,-0.559,-0.364,0.43,10,510,509,0.998,0,509,0,0,0,0,1,0,0,0,0,0,0.074,0.0,0.8
full3,conservative,short,mixed,10,5,2025,50,50,-0.306,-1.24,-4.12,-5.952,-0.306,-0.3,-0.706,-0.307,0.42,10.0,483,481,0.9959,17,481,0,0,0,0,2,0,0,0,0,3,0.125,0.0,0.806
full3,conservative,short,mixed,10,5,2026,35,35,0.21,0.73,-2.777,-3.077,0.21,0.21,0.21,0.202,0.479,10,348,348,1.0,2,348,0,0,0,0,0,0,0,0,0,1,0.103,0.0,0.803
full3,conservative,short,mixed,10,20,ALL,173,173,-0.943,-2.6,-8.601,-10.927,-0.927,-0.911,-2.161,-0.947,0.406,10,1711,1690,0.9877,19,1690,0,0,0,0,21,0,0,0,0,4,0.087,0.0,0.795
full3,conservative,short,mixed,10,20,P1,91,91,-0.984,-2.26,-7.107,-7.939,-0.945,-0.943,-1.854,-0.984,0.395,10,910,902,0.9912,0,902,0,0,0,0,8,0,0,0,0,0,0.059,0.0,0.784
full3,conservative,short,mixed,10,20,P2,82,82,-0.898,-1.52,-9.318,-10.927,-0.906,-0.875,-2.501,-0.904,0.418,10.0,801,788,0.9838,19,788,0,0,0,0,13,0,0,0,0,4,0.119,0.0,0.807
full3,conservative,short,mixed,10,20,2023,40,40,-1.423,-2.38,-7.73,-7.939,-1.399,-1.392,-2.168,-1.423,0.352,10.0,400,397,0.9925,0,397,0,0,0,0,3,0,0,0,0,0,0.041,0.0,0.762
full3,conservative,short,mixed,10,20,2024,51,51,-0.64,-1.05,-6.673,-6.82,-0.589,-0.591,-1.608,-0.64,0.428,10,510,505,0.9902,0,505,0,0,0,0,5,0,0,0,0,0,0.074,0.0,0.8
full3,conservative,short,mixed,10,20,2025,50,50,-0.845,-1.14,-9.042,-10.111,-0.865,-0.842,-2.26,-0.849,0.404,10.0,483,476,0.9855,17,476,0,0,0,0,7,0,0,0,0,3,0.125,0.0,0.806
full3,conservative,short,mixed,10,20,2026,32,32,-0.98,-1.02,-9.733,-10.927,-0.971,-0.927,-2.878,-0.989,0.44,10.0,318,312,0.9811,2,312,0,0,0,0,6,0,0,0,0,1,0.109,0.0,0.806
full3,conservative,short,mixed,10,63,ALL,165,165,-3.071,-2.83,-17.389,-19.58,-3.011,-2.953,-6.174,-3.086,0.359,10,1631,1581,0.9693,19,1579,0,0,2,0,48,2,0,0,0,4,0.087,0.0,0.793
full3,conservative,short,mixed,10,63,P1,91,91,-2.872,-3.16,-13.284,-16.054,-2.854,-2.799,-4.932,-2.872,0.354,10,910,892,0.9802,0,890,0,0,2,0,18,0,0,0,0,0,0.059,0.0,0.784
full3,conservative,short,mixed,10,63,P2,74,74,-3.316,-1.57,-18.512,-19.58,-3.205,-3.141,-7.701,-3.352,0.364,10.0,721,689,0.9556,19,689,0,0,0,0,30,2,0,0,0,4,0.121,0.0,0.805
full3,conservative,short,mixed,10,63,2023,40,40,-3.983,-4.07,-14.155,-16.054,-4.008,-3.881,-7.415,-3.983,0.293,10.0,400,387,0.9675,0,385,0,0,2,0,13,0,0,0,0,0,0.041,0.0,0.762
full3,conservative,short,mixed,10,63,2024,51,51,-2.001,-1.53,-12.17,-15.258,-1.948,-1.951,-2.985,-2.001,0.403,10,510,505,0.9902,0,505,0,0,0,0,5,0,0,0,0,0,0.074,0.0,0.8
full3,conservative,short,mixed,10,63,2025,50,50,-2.01,-0.76,-17.775,-18.776,-1.989,-1.991,-5.303,-2.024,0.404,10.0,483,467,0.9669,17,467,0,0,0,0,16,0,0,0,0,3,0.125,0.0,0.806
full3,conservative,short,mixed,10,63,2026,24,24,-6.037,-2.69,-18.816,-19.58,-5.737,-5.537,-12.698,-6.063,0.281,10.0,238,222,0.9328,2,222,0,0,0,0,14,2,0,0,0,1,0.112,0.0,0.8
full3,conservative,short,mixed,20,5,ALL,176,176,-0.282,-2.61,-3.575,-7.223,-0.281,-0.281,-0.424,-0.293,0.443,20.0,3217,3212,0.9984,303,3212,0,0,0,0,4,1,0,0,0,54,0.09,0.0,0.771
full3,conservative,short,mixed,20,5,P1,91,91,-0.302,-2.3,-3.178,-4.157,-0.301,-0.301,-0.411,-0.327,0.444,20,1664,1662,0.9988,156,1662,0,0,0,0,2,0,0,0,0,28,0.06,0.0,0.758
full3,conservative,short,mixed,20,5,P2,85,85,-0.26,-1.49,-3.725,-7.223,-0.261,-0.26,-0.437,-0.256,0.443,20,1553,1550,0.9981,147,1550,0,0,0,0,2,1,0,0,0,26,0.122,0.0,0.786
full3,conservative,short,mixed,20,5,2023,40,40,-0.398,-2.28,-3.264,-4.157,-0.398,-0.398,-0.398,-0.453,0.436,19.0,680,680,1.0,120,680,0,0,0,0,0,0,0,0,0,21,0.058,0.0,0.755
full3,conservative,short,mixed,20,5,2024,51,51,-0.228,-1.2,-3.12,-3.844,-0.225,-0.226,-0.422,-0.228,0.451,20,984,982,0.998,36,982,0,0,0,0,2,0,0,0,0,7,0.06,0.0,0.758
full3,conservative,short,mixed,20,5,2025,50,50,-0.387,-1.62,-4.219,-7.223,-0.389,-0.386,-0.589,-0.402,0.427,20.0,903,901,0.9978,97,901,0,0,0,0,2,0,0,0,0,15,0.134,0.0,0.782
full3,conservative,short,mixed,20,5,2026,35,35,-0.08,-0.32,-2.985,-3.093,-0.077,-0.08,-0.221,-0.052,0.464,20,650,649,0.9985,50,649,0,0,0,0,0,1,0,0,0,11,0.105,0.0,0.788
full3,conservative,short,mixed,20,20,ALL,173,173,-0.952,-3.02,-7.949,-10.217,-0.943,-0.936,-1.734,-1.071,0.404,20,3157,3130,0.9914,303,3129,0,0,1,0,25,2,0,0,0,54,0.091,0.0,0.771
full3,conservative,short,mixed,20,20,P1,91,91,-0.899,-2.45,-5.907,-6.932,-0.884,-0.884,-1.396,-1.073,0.396,20,1664,1655,0.9946,156,1655,0,0,0,0,9,0,0,0,0,28,0.06,0.0,0.758
full3,conservative,short,mixed,20,20,P2,82,82,-1.011,-1.92,-9.372,-10.217,-1.008,-0.993,-2.11,-1.07,0.413,20.0,1493,1475,0.9879,147,1474,0,0,1,0,16,2,0,0,0,26,0.126,0.0,0.786
full3,conservative,short,mixed,20,20,2023,40,40,-0.991,-2.1,-6.442,-6.932,-0.987,-0.984,-1.372,-1.301,0.38,19.0,680,677,0.9956,120,677,0,0,0,0,3,0,0,0,0,21,0.058,0.0,0.755
full3,conservative,short,mixed,20,20,2024,51,51,-0.827,-1.52,-5.551,-5.996,-0.803,-0.805,-1.415,-0.893,0.409,20,984,978,0.9939,36,978,0,0,0,0,6,0,0,0,0,7,0.06,0.0,0.758
full3,conservative,short,mixed,20,20,2025,50,50,-1.123,-1.56,-9.851,-10.217,-1.139,-1.125,-1.924,-1.102,0.406,20.0,903,895,0.9911,97,895,0,0,0,0,8,0,0,0,0,15,0.134,0.0,0.782
full3,conservative,short,mixed,20,20,2026,32,32,-0.835,-1.17,-7.302,-8.799,-0.803,-0.786,-2.4,-1.021,0.423,20.0,590,580,0.9831,50,579,0,0,1,0,8,2,0,0,0,11,0.114,0.0,0.79
full3,conservative,short,mixed,20,63,ALL,165,165,-2.995,-3.25,-15.192,-18.322,-2.961,-2.912,-5.561,-3.331,0.353,20,2999,2917,0.9727,301,2912,0,0,5,0,77,5,0,0,0,53,0.092,0.0,0.77
full3,conservative,short,mixed,20,63,P1,91,91,-2.81,-3.4,-10.931,-12.737,-2.805,-2.756,-4.359,-3.114,0.35,20,1664,1637,0.9838,156,1635,0,0,2,0,27,0,0,0,0,28,0.06,0.0,0.758
full3,conservative,short,mixed,20,63,P2,74,74,-3.223,-1.84,-16.657,-18.322,-3.153,-3.103,-7.039,-3.601,0.358,20.0,1335,1280,0.9588,145,1277,0,0,3,0,50,5,0,0,0,25,0.132,0.0,0.784
full3,conservative,short,mixed,20,63,2023,40,40,-3.323,-4.37,-10.307,-10.651,-3.343,-3.246,-5.562,-3.909,0.305,19.0,680,663,0.975,120,661,0,0,2,0,17,0,0,0,0,21,0.058,0.0,0.755
full3,conservative,short,mixed,20,63,2024,51,51,-2.408,-1.81,-11.348,-12.737,-2.383,-2.372,-3.415,-2.491,0.384,20,984,974,0.9898,36,974,0,0,0,0,10,0,0,0,0,7,0.06,0.0,0.758
full3,conservative,short,mixed,20,63,2025,50,50,-2.394,-1.05,-16.875,-18.322,-2.361,-2.356,-5.289,-2.615,0.391,20.0,903,875,0.969,97,874,0,0,1,0,28,0,0,0,0,15,0.134,0.0,0.782
full3,conservative,short,mixed,20,63,2026,24,24,-4.951,-2.65,-15.426,-16.004,-4.804,-4.659,-10.685,-5.614,0.291,20.0,432,405,0.9375,48,403,0,0,2,0,22,5,0,0,0,10,0.126,0.0,0.784
full3,conservative,short,stock,10,5,ALL,176,176,-0.25,-2.04,-3.756,-7.882,-0.251,-0.249,-0.422,-0.218,0.451,10.0,1724,1721,0.9983,36,1721,0,0,0,0,3,0,0,0,0,8,0.087,0.0,0.796
full3,conservative,short,stock,10,5,P1,91,91,-0.432,-2.94,-3.44,-3.825,-0.43,-0.43,-0.541,-0.419,0.445,10,901,900,0.9989,9,900,0,0,0,0,1,0,0,0,0,3,0.062,0.0,0.778
full3,conservative,short,stock,10,5,P2,85,85,-0.054,-0.27,-3.861,-7.882,-0.059,-0.056,-0.294,-0.0,0.456,10,823,821,0.9976,27,821,0,0,0,0,2,0,0,0,0,5,0.115,0.0,0.817
full3,conservative,short,stock,10,5,2023,40,40,-0.562,-2.52,-3.808,-3.825,-0.562,-0.562,-0.562,-0.532,0.44,10.0,391,391,1.0,9,391,0,0,0,0,0,0,0,0,0,3,0.054,0.0,0.767
full3,conservative,short,stock,10,5,2024,51,51,-0.331,-1.7,-2.927,-3.394,-0.327,-0.326,-0.525,-0.331,0.449,10,510,509,0.998,0,509,0,0,0,0,1,0,0,0,0,0,0.069,0.0,0.786
full3,conservative,short,stock,10,5,2025,50,50,-0.283,-1.05,-4.634,-7.882,-0.292,-0.286,-0.692,-0.19,0.434,10.0,475,473,0.9958,25,473,0,0,0,0,2,0,0,0,0,4,0.125,0.0,0.818
full3,conservative,short,stock,10,5,2026,35,35,0.274,1.0,-2.347,-2.477,0.274,0.274,0.274,0.265,0.488,10,348,348,1.0,2,348,0,0,0,0,0,0,0,0,0,1,0.101,0.0,0.812
full3,conservative,short,stock,10,20,ALL,173,173,-0.827,-2.34,-8.717,-11.215,-0.817,-0.801,-2.051,-0.801,0.436,10,1694,1673,0.9876,36,1673,0,0,0,0,21,0,0,0,0,8,0.088,0.0,0.797
full3,conservative,short,stock,10,20,P1,91,91,-0.858,-2.01,-6.853,-7.521,-0.819,-0.817,-1.728,-0.849,0.433,10,901,893,0.9911,9,893,0,0,0,0,8,0,0,0,0,3,0.062,0.0,0.778
full3,conservative,short,stock,10,20,P2,82,82,-0.793,-1.38,-9.714,-11.215,-0.814,-0.783,-2.409,-0.746,0.439,10.0,793,780,0.9836,27,780,0,0,0,0,13,0,0,0,0,5,0.118,0.0,0.819
full3,conservative,short,stock,10,20,2023,40,40,-1.273,-2.25,-7.09,-7.521,-1.249,-1.242,-2.018,-1.252,0.388,10.0,391,388,0.9923,9,388,0,0,0,0,3,0,0,0,0,3,0.054,0.0,0.767
full3,conservative,short,stock,10,20,2024,51,51,-0.533,-0.87,-6.127,-6.82,-0.482,-0.485,-1.501,-0.533,0.467,10,510,505,0.9902,0,505,0,0,0,0,5,0,0,0,0,0,0.069,0.0,0.786
full3,conservative,short,stock,10,20,2025,50,50,-0.835,-1.16,-10.525,-11.215,-0.871,-0.848,-2.266,-0.753,0.43,10.0,475,468,0.9853,25,468,0,0,0,0,7,0,0,0,0,4,0.125,0.0,0.818
full3,conservative,short,stock,10,20,2026,32,32,-0.728,-0.78,-8.496,-8.539,-0.726,-0.682,-2.633,-0.737,0.453,10.0,318,312,0.9811,2,312,0,0,0,0,6,0,0,0,0,1,0.107,0.0,0.816
full3,conservative,short,stock,10,63,ALL,165,165,-2.516,-2.49,-16.912,-21.166,-2.479,-2.414,-5.902,-2.535,0.392,10,1614,1560,0.9665,36,1558,0,0,2,0,52,2,0,0,0,8,0.088,0.0,0.795
full3,conservative,short,stock,10,63,P1,91,91,-2.234,-2.8,-12.993,-16.054,-2.214,-2.149,-4.648,-2.192,0.395,10,901,880,0.9767,9,878,0,0,2,0,21,0,0,0,0,3,0.062,0.0,0.778
full3,conservative,short,stock,10,63,P2,74,74,-2.864,-1.43,-18.643,-21.166,-2.804,-2.74,-7.446,-2.963,0.389,10.0,713,680,0.9537,27,680,0,0,0,0,31,2,0,0,0,5,0.12,0.0,0.818
full3,conservative,short,stock,10,63,2023,40,40,-3.048,-4.4,-14.022,-16.054,-3.072,-2.92,-7.285,-2.952,0.341,10.0,391,375,0.9591,9,373,0,0,2,0,16,0,0,0,0,3,0.054,0.0,0.767
full3,conservative,short,stock,10,63,2024,51,51,-1.595,-1.28,-12.256,-15.258,-1.542,-1.545,-2.579,-1.595,0.438,10,510,505,0.9902,0,505,0,0,0,0,5,0,0,0,0,0,0.069,0.0,0.786
full3,conservative,short,stock,10,63,2025,50,50,-1.634,-0.65,-18.535,-21.166,-1.663,-1.664,-5.191,-1.743,0.424,10.0,475,458,0.9642,25,458,0,0,0,0,17,0,0,0,0,4,0.125,0.0,0.818
full3,conservative,short,stock,10,63,2026,24,24,-5.426,-2.48,-17.24,-18.052,-5.182,-4.983,-12.143,-5.452,0.316,10.0,238,222,0.9328,2,222,0,0,0,0,14,2,0,0,0,1,0.109,0.0,0.813
full3,conservative,short,stock,20,5,ALL,176,176,-0.229,-2.2,-3.495,-6.649,-0.227,-0.228,-0.4,-0.21,0.461,20.0,3116,3110,0.9981,404,3110,0,0,0,0,5,1,0,0,0,64,0.092,0.0,0.776
full3,conservative,short,stock,20,5,P1,91,91,-0.259,-2.05,-3.154,-4.183,-0.254,-0.257,-0.423,-0.281,0.465,20,1605,1602,0.9981,215,1602,0,0,0,0,3,0,0,0,0,33,0.065,0.0,0.763
full3,conservative,short,stock,20,5,P2,85,85,-0.197,-1.18,-3.578,-6.649,-0.199,-0.198,-0.375,-0.133,0.456,20,1511,1508,0.998,189,1508,0,0,0,0,2,1,0,0,0,31,0.122,0.0,0.791
full3,conservative,short,stock,20,5,2023,40,40,-0.356,-2.07,-3.209,-4.183,-0.35,-0.355,-0.481,-0.426,0.456,15.5,627,626,0.9984,173,626,0,0,0,0,1,0,0,0,0,25,0.066,0.0,0.773
full3,conservative,short,stock,20,5,2024,51,51,-0.182,-1.01,-3.117,-3.835,-0.18,-0.18,-0.377,-0.167,0.472,20,978,976,0.998,42,976,0,0,0,0,2,0,0,0,0,8,0.065,0.0,0.754
full3,conservative,short,stock,20,5,2025,50,50,-0.304,-1.33,-3.974,-6.649,-0.308,-0.305,-0.508,-0.215,0.444,20.0,871,869,0.9977,129,869,0,0,0,0,2,0,0,0,0,19,0.134,0.0,0.79
full3,conservative,short,stock,20,5,2026,35,35,-0.044,-0.18,-2.985,-3.093,-0.042,-0.045,-0.186,-0.02,0.474,20,640,639,0.9984,60,639,0,0,0,0,0,1,0,0,0,12,0.105,0.0,0.788
full3,conservative,short,stock,20,20,ALL,173,173,-0.82,-2.68,-7.905,-10.803,-0.811,-0.803,-1.69,-0.922,0.433,20,3056,3026,0.9902,404,3025,0,0,1,0,28,2,0,0,0,64,0.094,0.0,0.776
full3,conservative,short,stock,20,20,P1,91,91,-0.723,-2.0,-5.947,-6.703,-0.706,-0.705,-1.33,-0.907,0.438,20,1605,1594,0.9931,215,1594,0,0,0,0,11,0,0,0,0,33,0.065,0.0,0.763
full3,conservative,short,stock,20,20,P2,82,82,-0.927,-1.84,-9.337,-10.803,-0.927,-0.913,-2.09,-0.939,0.427,20.0,1451,1432,0.9869,189,1431,0,0,1,0,17,2,0,0,0,31,0.126,0.0,0.792
full3,conservative,short,stock,20,20,2023,40,40,-0.882,-1.91,-6.541,-6.703,-0.871,-0.873,-1.388,-1.208,0.412,15.5,627,623,0.9936,173,623,0,0,0,0,4,0,0,0,0,25,0.066,0.0,0.773
full3,conservative,short,stock,20,20,2024,51,51,-0.598,-1.12,-5.551,-5.996,-0.577,-0.573,-1.285,-0.671,0.458,20,978,971,0.9928,42,971,0,0,0,0,7,0,0,0,0,8,0.065,0.0,0.754
full3,conservative,short,stock,20,20,2025,50,50,-1.041,-1.51,-9.831,-10.803,-1.06,-1.046,-1.846,-0.934,0.423,20.0,871,863,0.9908,129,863,0,0,0,0,8,0,0,0,0,19,0.134,0.0,0.79
full3,conservative,short,stock,20,20,2026,32,32,-0.75,-1.1,-7.004,-8.799,-0.718,-0.704,-2.471,-0.947,0.433,20.0,580,569,0.981,60,568,0,0,1,0,9,2,0,0,0,12,0.113,0.0,0.79
full3,conservative,short,stock,20,63,ALL,165,165,-2.531,-2.91,-14.978,-17.318,-2.504,-2.453,-5.233,-2.882,0.383,20,2899,2813,0.9703,401,2808,0,0,5,0,81,5,0,0,0,63,0.095,0.0,0.775
full3,conservative,short,stock,20,63,P1,91,91,-2.217,-2.93,-10.9,-12.976,-2.216,-2.163,-3.948,-2.467,0.391,20,1605,1575,0.9813,215,1573,0,0,2,0,30,0,0,0,0,33,0.065,0.0,0.763
full3,conservative,short,stock,20,63,P2,74,74,-2.916,-1.76,-16.163,-17.318,-2.858,-2.808,-6.813,-3.399,0.374,20.0,1294,1238,0.9567,186,1235,0,0,3,0,51,5,0,0,0,30,0.131,0.0,0.791
full3,conservative,short,stock,20,63,2023,40,40,-2.653,-4.8,-10.075,-11.44,-2.675,-2.579,-5.173,-3.113,0.35,15.5,627,608,0.9697,173,606,0,0,2,0,19,0,0,0,0,25,0.066,0.0,0.773
full3,conservative,short,stock,20,63,2024,51,51,-1.875,-1.48,-11.372,-12.976,-1.856,-1.838,-2.987,-1.96,0.423,20,978,967,0.9888,42,967,0,0,0,0,11,0,0,0,0,8,0.065,0.0,0.754
full3,conservative,short,stock,20,63,2025,50,50,-2.035,-0.96,-16.216,-17.318,-2.013,-2.008,-4.941,-2.382,0.408,20.0,871,843,0.9679,129,842,0,0,1,0,28,0,0,0,0,19,0.134,0.0,0.79
full3,conservative,short,stock,20,63,2026,24,24,-4.753,-2.61,-15.426,-16.004,-4.617,-4.475,-10.714,-5.475,0.304,20.0,423,395,0.9338,57,393,0,0,2,0,23,5,0,0,0,11,0.125,0.0,0.787
full4,aggressive,long,mixed,10,5,ALL,176,176,-0.061,-0.24,-7.833,-11.935,-0.065,-0.063,-0.409,-0.061,0.465,10.0,1760,1749,0.9938,0,1749,0,0,0,0,6,0,0,5,0,0,0.093,0.226,0.601
full4,aggressive,long,mixed,10,5,P1,91,91,-0.2,-0.72,-5.123,-8.107,-0.204,-0.205,-0.649,-0.2,0.438,10,910,904,0.9934,0,904,0,0,0,0,4,0,0,2,0,0,0.071,0.226,0.58
full4,aggressive,long,mixed,10,5,P2,85,85,0.087,0.2,-8.937,-11.935,0.084,0.088,-0.152,0.087,0.495,10,850,845,0.9941,0,845,0,0,0,0,2,0,0,3,0,0,0.117,0.225,0.621
full4,aggressive,long,mixed,10,5,2023,40,40,-0.41,-1.36,-4.229,-4.616,-0.4,-0.408,-0.91,-0.41,0.431,10.0,400,397,0.9925,0,397,0,0,0,0,2,0,0,1,0,0,0.076,0.225,0.577
full4,aggressive,long,mixed,10,5,2024,51,51,-0.035,-0.08,-5.65,-8.107,-0.051,-0.045,-0.443,-0.035,0.443,10,510,507,0.9941,0,507,0,0,0,0,2,0,0,1,0,0,0.066,0.227,0.588
full4,aggressive,long,mixed,10,5,2025,50,50,0.159,0.33,-6.129,-6.489,0.144,0.162,-0.246,0.159,0.489,10.0,500,496,0.992,0,496,0,0,0,0,2,0,0,2,0,0,0.141,0.267,0.618
full4,aggressive,long,mixed,10,5,2026,35,35,-0.017,-0.02,-11.917,-11.935,-0.001,-0.017,-0.017,-0.017,0.503,10,350,349,0.9971,0,349,0,0,0,0,0,0,0,1,0,0,0.082,0.164,0.626
full4,aggressive,long,mixed,10,20,ALL,173,173,-0.704,-1.02,-15.935,-27.861,-0.733,-0.719,-2.549,-0.704,0.4,10,1730,1694,0.9792,0,1691,0,0,3,0,28,3,0,5,0,0,0.095,0.23,0.601
full4,aggressive,long,mixed,10,20,P1,91,91,-0.854,-1.32,-8.083,-9.917,-0.844,-0.843,-2.321,-0.854,0.402,10,910,895,0.9835,0,895,0,0,0,0,13,0,0,2,0,0,0.071,0.226,0.58
full4,aggressive,long,mixed,10,20,P2,82,82,-0.538,-0.42,-19.326,-27.861,-0.61,-0.58,-2.803,-0.538,0.399,10.0,820,799,0.9744,0,796,0,0,3,0,15,3,0,3,0,0,0.121,0.233,0.623
full4,aggressive,long,mixed,10,20,2023,40,40,-1.861,-4.88,-7.384,-8.054,-1.785,-1.823,-3.618,-1.861,0.408,10.0,400,392,0.98,0,392,0,0,0,0,7,0,0,1,0,0,0.076,0.225,0.577
full4,aggressive,long,mixed,10,20,2024,51,51,-0.064,-0.06,-8.42,-9.917,-0.106,-0.075,-1.303,-0.064,0.397,10,510,503,0.9863,0,503,0,0,0,0,6,0,0,1,0,0,0.066,0.227,0.588
full4,aggressive,long,mixed,10,20,2025,50,50,-0.414,-0.29,-14.924,-18.29,-0.393,-0.413,-2.641,-0.414,0.373,10.0,500,487,0.974,0,487,0,0,0,0,11,0,0,2,0,0,0.141,0.267,0.618
full4,aggressive,long,mixed,10,20,2026,32,32,-0.733,-0.31,-24.033,-27.861,-0.949,-0.841,-3.056,-0.733,0.439,10.0,320,312,0.975,0,309,0,0,3,0,4,3,0,1,0,0,0.09,0.18,0.632
full4,aggressive,long,mixed,10,63,ALL,165,165,-1.304,-0.74,-23.693,-35.337,-1.072,-1.404,-5.842,-1.304,0.362,10,1650,1576,0.9552,0,1569,0,0,7,0,69,0,0,5,0,0,0.096,0.238,0.594
full4,aggressive,long,mixed,10,63,P1,91,91,-2.223,-2.7,-15.173,-17.704,-1.918,-2.148,-5.28,-2.223,0.348,10,910,881,0.9681,0,881,0,0,0,0,27,0,0,2,0,0,0.071,0.226,0.58
full4,aggressive,long,mixed,10,63,P2,74,74,-0.175,-0.05,-28.35,-35.337,-0.032,-0.489,-6.532,-0.175,0.378,10.0,740,695,0.9392,0,688,0,0,7,0,42,0,0,3,0,0,0.126,0.252,0.61
full4,aggressive,long,mixed,10,63,2023,40,40,-2.171,-1.49,-17.282,-17.704,-2.043,-2.019,-5.672,-2.171,0.391,10.0,400,385,0.9625,0,385,0,0,0,0,14,0,0,1,0,0,0.076,0.225,0.577
full4,aggressive,long,mixed,10,63,2024,51,51,-2.263,-2.32,-13.766,-15.622,-1.819,-2.25,-4.972,-2.263,0.315,10,510,496,0.9725,0,496,0,0,0,0,13,0,0,1,0,0,0.066,0.227,0.588
full4,aggressive,long,mixed,10,63,2025,50,50,0.85,0.2,-20.889,-21.235,1.333,0.575,-5.541,0.85,0.412,10.0,500,469,0.938,0,467,0,0,2,0,29,0,0,2,0,0,0.141,0.267,0.618
full4,aggressive,long,mixed,10,63,2026,24,24,-2.312,-0.34,-32.456,-35.337,-2.876,-2.705,-8.596,-2.312,0.307,10.0,240,226,0.9417,0,221,0,0,5,0,13,0,0,1,0,0,0.094,0.221,0.591
full4,aggressive,long,mixed,20,5,ALL,176,176,-0.126,-0.58,-7.261,-11.796,-0.13,-0.129,-0.5,-0.126,0.46,20.0,3520,3502,0.9949,0,3502,0,0,0,0,12,1,0,5,0,0,0.116,0.204,0.565
full4,aggressive,long,mixed,20,5,P1,91,91,-0.171,-0.75,-4.458,-6.064,-0.178,-0.177,-0.51,-0.171,0.439,20,1820,1812,0.9956,0,1812,0,0,0,0,6,0,0,2,0,0,0.08,0.197,0.546
full4,aggressive,long,mixed,20,5,P2,85,85,-0.077,-0.2,-8.621,-11.796,-0.078,-0.079,-0.49,-0.077,0.484,20,1700,1690,0.9941,0,1690,0,0,0,0,6,1,0,3,0,0,0.155,0.212,0.586
full4,aggressive,long,mixed,20,5,2023,40,40,-0.325,-1.22,-3.313,-3.627,-0.329,-0.33,-0.834,-0.325,0.439,20.0,800,795,0.9938,0,795,0,0,0,0,4,0,0,1,0,0,0.081,0.21,0.556
full4,aggressive,long,mixed,20,5,2024,51,51,-0.051,-0.15,-4.877,-6.064,-0.059,-0.056,-0.255,-0.051,0.439,20,1020,1017,0.9971,0,1017,0,0,0,0,2,0,0,1,0,0,0.079,0.187,0.537
full4,aggressive,long,mixed,20,5,2025,50,50,-0.022,-0.06,-5.31,-7.182,-0.026,-0.018,-0.416,-0.022,0.479,20.0,1000,994,0.994,0,994,0,0,0,0,4,0,0,2,0,0,0.178,0.243,0.588
full4,aggressive,long,mixed,20,5,2026,35,35,-0.154,-0.21,-11.633,-11.796,-0.153,-0.166,-0.596,-0.154,0.49,20,700,696,0.9943,0,696,0,0,0,0,2,1,0,1,0,0,0.122,0.168,0.584
full4,aggressive,long,mixed,20,20,ALL,173,173,-0.206,-0.33,-13.344,-23.514,-0.247,-0.223,-2.022,-0.206,0.423,20,3460,3394,0.9809,0,3391,0,0,3,0,58,3,0,5,0,0,0.118,0.207,0.566
full4,aggressive,long,mixed,20,20,P1,91,91,-0.364,-0.57,-7.584,-8.431,-0.378,-0.367,-1.952,-0.364,0.415,20,1820,1790,0.9835,0,1790,0,0,0,0,28,0,0,2,0,0,0.08,0.197,0.546
full4,aggressive,long,mixed,20,20,P2,82,82,-0.031,-0.03,-16.172,-23.514,-0.101,-0.063,-2.099,-0.031,0.432,20.0,1640,1604,0.978,0,1601,0,0,3,0,30,3,0,3,0,0,0.16,0.218,0.589
full4,aggressive,long,mixed,20,20,2023,40,40,-1.362,-3.74,-6.406,-7.322,-1.331,-1.332,-3.39,-1.362,0.419,20.0,800,783,0.9788,0,783,0,0,0,0,16,0,0,1,0,0,0.081,0.21,0.556
full4,aggressive,long,mixed,20,20,2024,51,51,0.419,0.4,-7.929,-8.431,0.37,0.39,-0.825,0.419,0.411,20,1020,1007,0.9873,0,1007,0,0,0,0,12,0,0,1,0,0,0.079,0.187,0.537
full4,aggressive,long,mixed,20,20,2025,50,50,-0.109,-0.09,-12.687,-13.136,-0.134,-0.132,-2.035,-0.109,0.416,20.0,1000,979,0.979,0,979,0,0,0,0,19,0,0,2,0,0,0.178,0.243,0.588
full4,aggressive,long,mixed,20,20,2026,32,32,0.091,0.04,-21.401,-23.514,-0.049,0.044,-2.2,0.091,0.456,20.0,640,625,0.9766,0,622,0,0,3,0,11,3,0,1,0,0,0.132,0.18,0.592
full4,aggressive,long,mixed,20,63,ALL,165,165,-0.166,-0.11,-20.798,-30.947,-0.044,-0.259,-4.876,-0.166,0.388,20,3300,3151,0.9548,0,3139,0,0,12,0,143,1,0,5,0,0,0.12,0.213,0.56
full4,aggressive,long,mixed,20,63,P1,91,91,-0.99,-1.03,-11.253,-13.675,-0.867,-0.979,-4.77,-0.99,0.375,20,1820,1753,0.9632,0,1753,0,0,0,0,65,0,0,2,0,0,0.08,0.197,0.546
full4,aggressive,long,mixed,20,63,P2,74,74,0.848,0.27,-25.574,-30.947,0.968,0.627,-5.007,0.848,0.403,20.0,1480,1398,0.9446,0,1386,0,0,12,0,78,1,0,3,0,0,0.17,0.234,0.577
full4,aggressive,long,mixed,20,63,2023,40,40,-1.103,-0.75,-13.217,-13.675,-1.12,-1.038,-5.846,-1.103,0.405,20.0,800,763,0.9537,0,763,0,0,0,0,36,0,0,1,0,0,0.081,0.21,0.556
full4,aggressive,long,mixed,20,63,2024,51,51,-0.901,-0.81,-9.943,-10.262,-0.668,-0.932,-3.926,-0.901,0.352,20,1020,990,0.9706,0,990,0,0,0,0,29,0,0,1,0,0,0.079,0.187,0.537
full4,aggressive,long,mixed,20,63,2025,50,50,2.43,0.74,-17.51,-19.63,2.71,2.166,-3.576,2.43,0.437,20.0,1000,943,0.943,0,937,0,0,6,0,55,0,0,2,0,0,0.178,0.243,0.588
full4,aggressive,long,mixed,20,63,2026,24,24,-2.448,-0.39,-28.887,-30.947,-2.66,-2.581,-7.987,-2.448,0.33,20.0,480,455,0.9479,0,449,0,0,6,0,23,1,0,1,0,0,0.154,0.215,0.557
full4,aggressive,long,stock,10,5,ALL,176,176,0.041,0.15,-8.269,-11.935,0.034,0.036,-0.368,0.041,0.48,10.0,1760,1748,0.9932,0,1748,0,0,0,0,7,0,0,5,0,0,0.096,0.218,0.584
full4,aggressive,long,stock,10,5,P1,91,91,-0.103,-0.35,-5.309,-8.107,-0.109,-0.109,-0.552,-0.103,0.469,10,910,904,0.9934,0,904,0,0,0,0,4,0,0,2,0,0,0.073,0.21,0.57
full4,aggressive,long,stock,10,5,P2,85,85,0.195,0.42,-9.397,-11.935,0.188,0.191,-0.171,0.195,0.491,10,850,844,0.9929,0,844,0,0,0,0,3,0,0,3,0,0,0.121,0.226,0.598
full4,aggressive,long,stock,10,5,2023,40,40,-0.406,-1.2,-4.193,-4.616,-0.399,-0.406,-0.908,-0.406,0.449,10.0,400,397,0.9925,0,397,0,0,0,0,2,0,0,1,0,0,0.08,0.212,0.564
full4,aggressive,long,stock,10,5,2024,51,51,0.135,0.3,-5.961,-8.107,0.119,0.124,-0.274,0.135,0.484,10,510,507,0.9941,0,507,0,0,0,0,2,0,0,1,0,0,0.067,0.208,0.574
full4,aggressive,long,stock,10,5,2025,50,50,0.101,0.21,-6.541,-7.751,0.075,0.094,-0.52,0.101,0.482,10.0,500,495,0.99,0,495,0,0,0,0,3,0,0,2,0,0,0.142,0.274,0.598
full4,aggressive,long,stock,10,5,2026,35,35,0.328,0.36,-11.917,-11.935,0.349,0.328,0.328,0.328,0.503,10,350,349,0.9971,0,349,0,0,0,0,0,0,0,1,0,0,0.091,0.157,0.6
full4,aggressive,long,stock,10,20,ALL,173,173,-0.088,-0.11,-15.827,-27.861,-0.122,-0.11,-2.219,-0.088,0.461,10,1730,1689,0.9763,0,1686,0,0,3,0,33,3,0,5,0,0,0.098,0.221,0.586
full4,aggressive,long,stock,10,20,P1,91,91,0.159,0.19,-9.196,-10.521,0.143,0.143,-1.334,0.159,0.497,10,910,895,0.9835,0,895,0,0,0,0,13,0,0,2,0,0,0.073,0.21,0.57
full4,aggressive,long,stock,10,20,P2,82,82,-0.362,-0.27,-19.326,-27.861,-0.416,-0.392,-3.202,-0.362,0.42,10.0,820,794,0.9683,0,791,0,0,3,0,20,3,0,3,0,0,0.126,0.234,0.602
full4,aggressive,long,stock,10,20,2023,40,40,-1.49,-2.92,-10.113,-10.521,-1.424,-1.465,-3.259,-1.49,0.441,10.0,400,392,0.98,0,392,0,0,0,0,7,0,0,1,0,0,0.08,0.212,0.564
full4,aggressive,long,stock,10,20,2024,51,51,1.453,1.07,-8.486,-9.917,1.372,1.405,0.176,1.453,0.541,10,510,503,0.9863,0,503,0,0,0,0,6,0,0,1,0,0,0.067,0.208,0.574
full4,aggressive,long,stock,10,20,2025,50,50,-0.62,-0.43,-14.542,-18.29,-0.546,-0.579,-3.578,-0.62,0.399,10.0,500,483,0.966,0,483,0,0,0,0,15,0,0,2,0,0,0.142,0.274,0.598
full4,aggressive,long,stock,10,20,2026,32,32,0.042,0.02,-24.033,-27.861,-0.212,-0.101,-2.616,0.042,0.453,10.0,320,311,0.9719,0,308,0,0,3,0,5,3,0,1,0,0,0.1,0.172,0.613
full4,aggressive,long,stock,10,63,ALL,165,165,1.242,0.62,-23.497,-35.337,1.389,1.04,-4.183,1.242,0.437,10,1650,1564,0.9479,0,1557,0,0,7,0,81,0,0,5,0,0,0.099,0.23,0.578
full4,aggressive,long,stock,10,63,P1,91,91,1.014,0.65,-13.913,-18.285,1.227,0.982,-2.625,1.014,0.453,10,910,877,0.9637,0,877,0,0,0,0,31,0,0,2,0,0,0.073,0.21,0.57
full4,aggressive,long,stock,10,63,P2,74,74,1.522,0.39,-28.652,-35.337,1.589,1.111,-6.1,1.522,0.418,10.0,740,687,0.9284,0,680,0,0,7,0,50,0,0,3,0,0,0.131,0.254,0.586
full4,aggressive,long,stock,10,63,2023,40,40,0.173,0.07,-14.942,-18.285,0.268,0.253,-4.207,0.173,0.446,10.0,400,382,0.955,0,382,0,0,0,0,17,0,0,1,0,0,0.08,0.212,0.564
full4,aggressive,long,stock,10,63,2024,51,51,1.673,1.05,-13.227,-15.622,1.979,1.554,-1.383,1.673,0.458,10,510,495,0.9706,0,495,0,0,0,0,14,0,0,1,0,0,0.067,0.208,0.574
full4,aggressive,long,stock,10,63,2025,50,50,1.947,0.46,-21.32,-25.201,2.476,1.678,-5.949,1.947,0.444,10.0,500,462,0.924,0,460,0,0,2,0,36,0,0,2,0,0,0.142,0.274,0.598
full4,aggressive,long,stock,10,63,2026,24,24,0.639,0.08,-32.456,-35.337,-0.257,-0.068,-6.416,0.639,0.363,10.0,240,225,0.9375,0,220,0,0,5,0,14,0,0,1,0,0,0.108,0.212,0.565
full4,aggressive,long,stock,20,5,ALL,176,176,-0.03,-0.13,-7.428,-11.796,-0.039,-0.035,-0.434,-0.026,0.478,20.0,3510,3491,0.9946,10,3490,0,0,1,0,13,1,0,5,0,1,0.119,0.207,0.549
full4,aggressive,long,stock,20,5,P1,91,91,-0.02,-0.08,-4.468,-6.064,-0.024,-0.023,-0.411,-0.02,0.469,20,1820,1811,0.9951,0,1811,0,0,0,0,7,0,0,2,0,0,0.081,0.209,0.536
full4,aggressive,long,stock,20,5,P2,85,85,-0.042,-0.1,-8.892,-11.796,-0.055,-0.048,-0.459,-0.032,0.487,20,1690,1680,0.9941,10,1679,0,0,1,0,6,1,0,3,0,1,0.159,0.205,0.562
full4,aggressive,long,stock,20,5,2023,40,40,-0.236,-0.78,-3.86,-3.929,-0.24,-0.241,-0.745,-0.236,0.459,20.0,800,795,0.9938,0,795,0,0,0,0,4,0,0,1,0,0,0.081,0.217,0.546
full4,aggressive,long,stock,20,5,2024,51,51,0.15,0.44,-4.873,-6.064,0.145,0.148,-0.149,0.15,0.478,20,1020,1016,0.9961,0,1016,0,0,0,0,3,0,0,1,0,0,0.081,0.202,0.527
full4,aggressive,long,stock,20,5,2025,50,50,-0.05,-0.13,-5.6,-7.748,-0.06,-0.052,-0.45,-0.034,0.48,20.0,990,984,0.9939,10,984,0,0,0,0,4,0,0,2,0,1,0.182,0.231,0.562
full4,aggressive,long,stock,20,5,2026,35,35,-0.03,-0.04,-11.633,-11.796,-0.048,-0.043,-0.473,-0.03,0.497,20,700,696,0.9943,0,695,0,0,1,0,2,1,0,1,0,0,0.126,0.167,0.563
full4,aggressive,long,stock,20,20,ALL,173,173,0.196,0.3,-13.617,-23.514,0.137,0.169,-1.894,0.184,0.472,20,3450,3375,0.9783,10,3371,0,0,4,0,67,3,0,5,0,1,0.121,0.21,0.549
full4,aggressive,long,stock,20,20,P1,91,91,0.238,0.35,-7.492,-8.431,0.205,0.228,-1.805,0.238,0.488,20,1820,1782,0.9791,0,1782,0,0,0,0,36,0,0,2,0,0,0.081,0.209,0.536
full4,aggressive,long,stock,20,20,P2,82,82,0.149,0.13,-16.172,-23.514,0.062,0.104,-1.993,0.124,0.454,20.0,1630,1593,0.9773,10,1589,0,0,4,0,31,3,0,3,0,1,0.164,0.21,0.564
full4,aggressive,long,stock,20,20,2023,40,40,-1.057,-2.73,-6.479,-6.556,-1.034,-1.024,-3.592,-1.057,0.444,20.0,800,779,0.9738,0,779,0,0,0,0,20,0,0,1,0,0,0.081,0.217,0.546
full4,aggressive,long,stock,20,20,2024,51,51,1.254,1.14,-8.032,-8.431,1.177,1.211,-0.404,1.254,0.523,20,1020,1003,0.9833,0,1003,0,0,0,0,16,0,0,1,0,0,0.081,0.202,0.527
full4,aggressive,long,stock,20,20,2025,50,50,0.064,0.05,-12.687,-13.136,0.019,0.028,-1.974,0.023,0.447,20.0,990,968,0.9778,10,968,0,0,0,0,20,0,0,2,0,1,0.182,0.231,0.562
full4,aggressive,long,stock,20,20,2026,32,32,0.281,0.13,-21.401,-23.514,0.128,0.223,-2.022,0.281,0.464,20.0,640,625,0.9766,0,621,0,0,4,0,11,3,0,1,0,0,0.136,0.178,0.569
full4,aggressive,long,stock,20,63,ALL,165,165,1.327,0.8,-20.286,-30.947,1.377,1.152,-4.107,1.256,0.455,20,3290,3121,0.9486,10,3108,0,0,13,0,163,1,0,5,0,1,0.123,0.216,0.545
full4,aggressive,long,stock,20,63,P1,91,91,1.125,0.87,-10.774,-12.934,1.199,1.09,-3.463,1.125,0.475,20,1820,1740,0.956,0,1740,0,0,0,0,78,0,0,2,0,0,0.081,0.209,0.536
full4,aggressive,long,stock,20,63,P2,74,74,1.576,0.48,-26.341,-30.947,1.595,1.229,-4.898,1.417,0.43,20.0,1470,1381,0.9395,10,1368,0,0,13,0,85,1,0,3,0,1,0.174,0.225,0.555
full4,aggressive,long,stock,20,63,2023,40,40,0.31,0.15,-11.726,-12.934,0.267,0.373,-5.523,0.31,0.46,20.0,800,755,0.9437,0,755,0,0,0,0,44,0,0,1,0,0,0.081,0.217,0.546
full4,aggressive,long,stock,20,63,2024,51,51,1.764,1.46,-10.14,-10.475,1.93,1.651,-1.848,1.764,0.487,20,1020,985,0.9657,0,985,0,0,0,0,34,0,0,1,0,0,0.081,0.202,0.527
full4,aggressive,long,stock,20,63,2025,50,50,3.367,1.01,-13.179,-16.281,3.515,2.972,-3.285,3.133,0.462,20.0,990,928,0.9374,10,922,0,0,6,0,60,0,0,2,0,1,0.182,0.231,0.562
full4,aggressive,long,stock,20,63,2026,24,24,-2.156,-0.31,-28.887,-30.947,-2.403,-2.401,-8.259,-2.156,0.362,20.0,480,453,0.9437,0,446,0,0,7,0,25,1,0,1,0,0,0.158,0.212,0.541
full4,aggressive,mid,mixed,10,5,ALL,176,176,-0.165,-0.66,-8.004,-12.313,-0.167,-0.164,-0.394,-0.165,0.454,10.0,1760,1751,0.9949,0,1751,0,0,0,0,4,0,0,5,0,0,0.092,0.245,0.625
full4,aggressive,mid,mixed,10,5,P1,91,91,-0.181,-0.66,-4.787,-6.48,-0.189,-0.185,-0.406,-0.181,0.432,10,910,906,0.9956,0,906,0,0,0,0,2,0,0,2,0,0,0.071,0.239,0.601
full4,aggressive,mid,mixed,10,5,P2,85,85,-0.147,-0.35,-9.265,-12.313,-0.143,-0.141,-0.381,-0.147,0.478,10,850,845,0.9941,0,845,0,0,0,0,2,0,0,3,0,0,0.115,0.251,0.65
full4,aggressive,mid,mixed,10,5,2023,40,40,-0.261,-0.88,-4.12,-4.368,-0.27,-0.264,-0.512,-0.261,0.433,10.0,400,398,0.995,0,398,0,0,0,0,1,0,0,1,0,0,0.076,0.235,0.61
full4,aggressive,mid,mixed,10,5,2024,51,51,-0.119,-0.28,-5.17,-6.48,-0.125,-0.123,-0.322,-0.119,0.431,10,510,508,0.9961,0,508,0,0,0,0,1,0,0,1,0,0,0.066,0.242,0.596
full4,aggressive,mid,mixed,10,5,2025,50,50,0.074,0.16,-6.872,-7.715,0.067,0.084,-0.324,0.074,0.484,10.0,500,496,0.992,0,496,0,0,0,0,2,0,0,2,0,0,0.151,0.298,0.635
full4,aggressive,mid,mixed,10,5,2026,35,35,-0.463,-0.58,-11.855,-12.313,-0.442,-0.463,-0.463,-0.463,0.469,10,350,349,0.9971,0,349,0,0,0,0,0,0,0,1,0,0,0.063,0.183,0.671
full4,aggressive,mid,mixed,10,20,ALL,173,173,-0.758,-1.11,-15.832,-22.948,-0.802,-0.772,-2.246,-0.758,0.395,10,1730,1700,0.9827,0,1698,0,0,2,0,22,3,0,5,0,0,0.094,0.249,0.625
full4,aggressive,mid,mixed,10,20,P1,91,91,-0.608,-1.03,-7.495,-8.21,-0.629,-0.618,-1.529,-0.608,0.399,10,910,900,0.989,0,900,0,0,0,0,8,0,0,2,0,0,0.071,0.239,0.601
full4,aggressive,mid,mixed,10,20,P2,82,82,-0.923,-0.72,-18.686,-22.948,-0.994,-0.943,-3.042,-0.923,0.391,10.0,820,800,0.9756,0,798,0,0,2,0,14,3,0,3,0,0,0.119,0.26,0.651
full4,aggressive,mid,mixed,10,20,2023,40,40,-1.308,-3.4,-6.937,-7.164,-1.309,-1.315,-2.349,-1.308,0.419,10.0,400,395,0.9875,0,395,0,0,0,0,4,0,0,1,0,0,0.076,0.235,0.61
full4,aggressive,mid,mixed,10,20,2024,51,51,-0.06,-0.06,-7.8,-8.21,-0.096,-0.071,-0.886,-0.06,0.383,10,510,505,0.9902,0,505,0,0,0,0,4,0,0,1,0,0,0.066,0.242,0.596
full4,aggressive,mid,mixed,10,20,2025,50,50,-0.8,-0.57,-14.033,-16.386,-0.748,-0.762,-2.581,-0.8,0.375,10.0,500,489,0.978,0,489,0,0,0,0,9,0,0,2,0,0,0.151,0.298,0.635
full4,aggressive,mid,mixed,10,20,2026,32,32,-1.116,-0.46,-22.023,-22.948,-1.378,-1.224,-3.763,-1.116,0.417,10.0,320,311,0.9719,0,309,0,0,2,0,5,3,0,1,0,0,0.069,0.201,0.674
full4,aggressive,mid,mixed,10,63,ALL,165,165,-1.476,-0.83,-22.993,-34.588,-1.292,-1.561,-5.535,-1.476,0.356,10,1650,1583,0.9594,0,1577,0,0,6,0,62,0,0,5,0,0,0.096,0.258,0.619
full4,aggressive,mid,mixed,10,63,P1,91,91,-2.355,-3.36,-13.129,-14.664,-2.113,-2.299,-4.836,-2.355,0.345,10,910,886,0.9736,0,886,0,0,0,0,22,0,0,2,0,0,0.071,0.239,0.601
full4,aggressive,mid,mixed,10,63,P2,74,74,-0.395,-0.1,-27.9,-34.588,-0.282,-0.654,-6.395,-0.395,0.37,10.0,740,697,0.9419,0,691,0,0,6,0,40,0,0,3,0,0,0.127,0.282,0.64
full4,aggressive,mid,mixed,10,63,2023,40,40,-2.473,-2.12,-12.918,-14.664,-2.481,-2.417,-5.546,-2.473,0.386,10.0,400,387,0.9675,0,387,0,0,0,0,12,0,0,1,0,0,0.076,0.235,0.61
full4,aggressive,mid,mixed,10,63,2024,51,51,-2.262,-2.47,-12.838,-12.98,-1.823,-2.206,-4.279,-2.262,0.312,10,510,499,0.9784,0,499,0,0,0,0,10,0,0,1,0,0,0.066,0.242,0.596
full4,aggressive,mid,mixed,10,63,2025,50,50,1.231,0.27,-20.654,-23.191,1.626,0.967,-4.716,1.231,0.403,10.0,500,471,0.942,0,469,0,0,2,0,27,0,0,2,0,0,0.151,0.298,0.635
full4,aggressive,mid,mixed,10,63,2026,24,24,-3.782,-0.61,-31.348,-34.588,-4.257,-4.031,-9.892,-3.782,0.303,10.0,240,226,0.9417,0,222,0,0,4,0,13,0,0,1,0,0,0.075,0.248,0.648
full4,aggressive,mid,mixed,20,5,ALL,176,176,-0.141,-0.68,-6.58,-10.565,-0.144,-0.143,-0.514,-0.141,0.457,20.0,3520,3502,0.9949,0,3502,0,0,0,0,12,1,0,5,0,0,0.116,0.22,0.585
full4,aggressive,mid,mixed,20,5,P1,91,91,-0.24,-1.12,-4.113,-5.261,-0.245,-0.243,-0.632,-0.24,0.428,20,1820,1811,0.9951,0,1811,0,0,0,0,7,0,0,2,0,0,0.078,0.218,0.568
full4,aggressive,mid,mixed,20,5,P2,85,85,-0.035,-0.1,-7.594,-10.565,-0.035,-0.037,-0.387,-0.035,0.487,20,1700,1691,0.9947,0,1691,0,0,0,0,5,1,0,3,0,0,0.157,0.223,0.604
full4,aggressive,mid,mixed,20,5,2023,40,40,-0.392,-1.55,-3.248,-3.599,-0.392,-0.391,-0.897,-0.392,0.428,20.0,800,795,0.9938,0,795,0,0,0,0,4,0,0,1,0,0,0.076,0.229,0.574
full4,aggressive,mid,mixed,20,5,2024,51,51,-0.121,-0.37,-4.369,-5.261,-0.129,-0.127,-0.423,-0.121,0.429,20,1020,1016,0.9961,0,1016,0,0,0,0,3,0,0,1,0,0,0.079,0.21,0.562
full4,aggressive,mid,mixed,20,5,2025,50,50,0.102,0.27,-5.848,-6.751,0.098,0.106,-0.292,0.102,0.49,20.0,1000,994,0.994,0,994,0,0,0,0,4,0,0,2,0,0,0.189,0.254,0.599
full4,aggressive,mid,mixed,20,5,2026,35,35,-0.232,-0.34,-9.394,-10.565,-0.226,-0.241,-0.523,-0.232,0.483,20,700,697,0.9957,0,697,0,0,0,0,1,1,0,1,0,0,0.112,0.178,0.615
full4,aggressive,mid,mixed,20,20,ALL,173,173,-0.496,-0.83,-13.165,-23.256,-0.535,-0.507,-2.073,-0.496,0.416,20,3460,3402,0.9832,0,3399,0,0,3,0,50,3,0,5,0,0,0.118,0.223,0.585
full4,aggressive,mid,mixed,20,20,P1,91,91,-0.724,-1.25,-7.233,-9.174,-0.737,-0.72,-2.139,-0.724,0.402,20,1820,1793,0.9852,0,1793,0,0,0,0,25,0,0,2,0,0,0.078,0.218,0.568
full4,aggressive,mid,mixed,20,20,P2,82,82,-0.244,-0.22,-16.363,-23.256,-0.311,-0.27,-1.999,-0.244,0.431,20.0,1640,1609,0.9811,0,1606,0,0,3,0,25,3,0,3,0,0,0.162,0.229,0.604
full4,aggressive,mid,mixed,20,20,2023,40,40,-1.522,-4.9,-6.134,-6.263,-1.501,-1.502,-3.318,-1.522,0.415,20.0,800,785,0.9812,0,785,0,0,0,0,14,0,0,1,0,0,0.076,0.229,0.574
full4,aggressive,mid,mixed,20,20,2024,51,51,-0.098,-0.1,-7.944,-9.174,-0.137,-0.106,-1.215,-0.098,0.392,20,1020,1008,0.9882,0,1008,0,0,0,0,11,0,0,1,0,0,0.079,0.21,0.562
full4,aggressive,mid,mixed,20,20,2025,50,50,-0.219,-0.19,-10.596,-12.96,-0.24,-0.231,-1.94,-0.219,0.422,20.0,1000,981,0.981,0,981,0,0,0,0,17,0,0,2,0,0,0.189,0.254,0.599
full4,aggressive,mid,mixed,20,20,2026,32,32,-0.283,-0.13,-20.781,-23.256,-0.421,-0.332,-2.09,-0.283,0.445,20.0,640,628,0.9812,0,625,0,0,3,0,8,3,0,1,0,0,0.12,0.191,0.616
full4,aggressive,mid,mixed,20,63,ALL,165,165,-0.718,-0.44,-20.499,-29.851,-0.625,-0.816,-5.172,-0.718,0.378,20,3300,3159,0.9573,0,3148,0,0,11,0,135,1,0,5,0,0,0.12,0.231,0.577
full4,aggressive,mid,mixed,20,63,P1,91,91,-2.022,-2.5,-10.966,-12.063,-1.901,-1.972,-5.316,-2.022,0.353,20,1820,1761,0.9676,0,1761,0,0,0,0,57,0,0,2,0,0,0.078,0.218,0.568
full4,aggressive,mid,mixed,20,63,P2,74,74,0.885,0.26,-25.441,-29.851,0.944,0.606,-4.995,0.885,0.409,20.0,1480,1398,0.9446,0,1387,0,0,11,0,78,1,0,3,0,0,0.173,0.246,0.589
full4,aggressive,mid,mixed,20,63,2023,40,40,-2.304,-1.86,-10.633,-11.813,-2.276,-2.198,-6.767,-2.304,0.384,20.0,800,765,0.9563,0,765,0,0,0,0,34,0,0,1,0,0,0.076,0.229,0.574
full4,aggressive,mid,mixed,20,63,2024,51,51,-1.8,-1.85,-10.955,-12.063,-1.606,-1.795,-4.178,-1.8,0.328,20,1020,996,0.9765,0,996,0,0,0,0,23,0,0,1,0,0,0.079,0.21,0.562
full4,aggressive,mid,mixed,20,63,2025,50,50,2.799,0.72,-17.509,-20.39,2.98,2.461,-3.165,2.799,0.446,20.0,1000,944,0.944,0,939,0,0,5,0,54,0,0,2,0,0,0.189,0.254,0.599
full4,aggressive,mid,mixed,20,63,2026,24,24,-3.104,-0.54,-28.036,-29.851,-3.297,-3.258,-8.807,-3.104,0.332,20.0,480,454,0.9458,0,448,0,0,6,0,24,1,0,1,0,0,0.141,0.23,0.572
full4,aggressive,mid,stock,10,5,ALL,176,176,-0.013,-0.05,-8.233,-12.313,-0.016,-0.015,-0.413,-0.012,0.478,10.0,1759,1747,0.9932,1,1747,0,0,0,0,7,0,0,5,0,1,0.094,0.239,0.597
full4,aggressive,mid,stock,10,5,P1,91,91,-0.092,-0.32,-4.865,-6.48,-0.095,-0.095,-0.428,-0.092,0.469,10,910,905,0.9945,0,905,0,0,0,0,3,0,0,2,0,0,0.075,0.229,0.574
full4,aggressive,mid,stock,10,5,P2,85,85,0.073,0.16,-9.569,-12.313,0.068,0.071,-0.397,0.074,0.487,10,849,842,0.9918,1,842,0,0,0,0,4,0,0,3,0,1,0.116,0.25,0.619
full4,aggressive,mid,stock,10,5,2023,40,40,-0.394,-1.18,-4.275,-4.368,-0.393,-0.396,-0.898,-0.394,0.447,10.0,400,397,0.9925,0,397,0,0,0,0,2,0,0,1,0,0,0.085,0.23,0.577
full4,aggressive,mid,stock,10,5,2024,51,51,0.145,0.33,-5.258,-6.48,0.138,0.141,-0.059,0.145,0.486,10,510,508,0.9961,0,508,0,0,0,0,1,0,0,1,0,0,0.067,0.227,0.572
full4,aggressive,mid,stock,10,5,2025,50,50,0.144,0.29,-7.358,-8.768,0.121,0.142,-0.653,0.147,0.486,10.0,499,493,0.988,1,493,0,0,0,0,4,0,0,2,0,1,0.144,0.296,0.6
full4,aggressive,mid,stock,10,5,2026,35,35,-0.03,-0.04,-11.855,-12.313,-0.008,-0.03,-0.03,-0.03,0.489,10,350,349,0.9971,0,349,0,0,0,0,0,0,0,1,0,0,0.074,0.183,0.647
full4,aggressive,mid,stock,10,20,ALL,173,173,-0.166,-0.21,-15.767,-22.948,-0.199,-0.173,-2.17,-0.171,0.456,10,1729,1690,0.9774,1,1687,0,0,3,0,31,3,0,5,0,1,0.096,0.243,0.597
full4,aggressive,mid,stock,10,20,P1,91,91,0.014,0.02,-8.45,-10.521,-0.021,-0.015,-1.272,0.014,0.493,10,910,897,0.9857,0,897,0,0,0,0,11,0,0,2,0,0,0.075,0.229,0.574
full4,aggressive,mid,stock,10,20,P2,82,82,-0.365,-0.26,-18.657,-22.948,-0.395,-0.348,-3.166,-0.376,0.415,10.0,819,793,0.9683,1,790,0,0,3,0,20,3,0,3,0,1,0.12,0.259,0.621
full4,aggressive,mid,stock,10,20,2023,40,40,-1.636,-3.78,-9.446,-10.521,-1.613,-1.638,-3.175,-1.636,0.44,10.0,400,393,0.9825,0,393,0,0,0,0,6,0,0,1,0,0,0.085,0.23,0.577
full4,aggressive,mid,stock,10,20,2024,51,51,1.308,1.07,-7.786,-8.168,1.228,1.257,0.222,1.308,0.534,10,510,504,0.9882,0,504,0,0,0,0,5,0,0,1,0,0,0.067,0.227,0.572
full4,aggressive,mid,stock,10,20,2025,50,50,-0.529,-0.32,-13.927,-16.386,-0.414,-0.44,-3.438,-0.547,0.393,10.0,499,482,0.9659,1,482,0,0,0,0,15,0,0,2,0,1,0.144,0.296,0.6
full4,aggressive,mid,stock,10,20,2026,32,32,-0.109,-0.04,-22.023,-22.948,-0.367,-0.204,-2.742,-0.109,0.449,10.0,320,311,0.9719,0,308,0,0,3,0,5,3,0,1,0,0,0.081,0.2,0.655
full4,aggressive,mid,stock,10,63,ALL,165,165,0.299,0.15,-22.61,-34.588,0.485,0.142,-4.826,0.282,0.433,10,1649,1567,0.9503,1,1560,0,0,7,0,77,0,0,5,0,1,0.098,0.252,0.589
full4,aggressive,mid,stock,10,63,P1,91,91,-0.172,-0.16,-13.671,-17.944,0.037,-0.188,-3.337,-0.172,0.451,10,910,881,0.9681,0,881,0,0,0,0,27,0,0,2,0,0,0.075,0.229,0.574
full4,aggressive,mid,stock,10,63,P2,74,74,0.878,0.22,-28.306,-34.588,1.036,0.548,-6.657,0.841,0.412,10.0,739,686,0.9283,1,679,0,0,7,0,50,0,0,3,0,1,0.126,0.28,0.605
full4,aggressive,mid,stock,10,63,2023,40,40,-1.412,-1.06,-14.405,-17.944,-1.418,-1.379,-5.337,-1.412,0.455,10.0,400,384,0.96,0,384,0,0,0,0,15,0,0,1,0,0,0.085,0.23,0.577
full4,aggressive,mid,stock,10,63,2024,51,51,0.801,0.63,-12.658,-12.98,1.177,0.746,-1.769,0.801,0.447,10,510,497,0.9745,0,497,0,0,0,0,12,0,0,1,0,0,0.067,0.227,0.572
full4,aggressive,mid,stock,10,63,2025,50,50,2.316,0.49,-17.887,-18.852,2.816,2.043,-5.588,2.261,0.442,10.0,499,461,0.9238,1,459,0,0,2,0,36,0,0,2,0,1,0.144,0.296,0.6
full4,aggressive,mid,stock,10,63,2026,24,24,-2.118,-0.29,-31.348,-34.588,-2.673,-2.567,-8.885,-2.118,0.35,10.0,240,225,0.9375,0,220,0,0,5,0,14,0,0,1,0,0,0.088,0.246,0.617
full4,aggressive,mid,stock,20,5,ALL,176,176,-0.007,-0.03,-6.694,-10.565,-0.011,-0.011,-0.496,-0.004,0.479,20.0,3509,3486,0.9934,11,3486,0,0,0,0,15,2,0,6,0,1,0.122,0.212,0.571
full4,aggressive,mid,stock,20,5,P1,91,91,-0.12,-0.52,-4.391,-5.261,-0.123,-0.121,-0.62,-0.12,0.46,20,1820,1809,0.994,0,1809,0,0,0,0,9,0,0,2,0,0,0.088,0.213,0.564
full4,aggressive,mid,stock,20,5,P2,85,85,0.114,0.3,-7.792,-10.565,0.108,0.106,-0.363,0.12,0.5,20,1689,1677,0.9929,11,1677,0,0,0,0,6,2,0,4,0,1,0.157,0.21,0.579
full4,aggressive,mid,stock,20,5,2023,40,40,-0.31,-1.0,-4.09,-4.189,-0.312,-0.311,-0.944,-0.31,0.449,20.0,800,794,0.9925,0,794,0,0,0,0,5,0,0,1,0,0,0.085,0.225,0.564
full4,aggressive,mid,stock,20,5,2024,51,51,0.029,0.09,-4.592,-5.261,0.026,0.027,-0.367,0.029,0.468,20,1020,1015,0.9951,0,1015,0,0,0,0,4,0,0,1,0,0,0.091,0.204,0.564
full4,aggressive,mid,stock,20,5,2025,50,50,0.173,0.43,-6.204,-7.284,0.165,0.171,-0.227,0.185,0.5,20.0,989,982,0.9929,11,982,0,0,0,0,4,0,0,3,0,1,0.186,0.24,0.583
full4,aggressive,mid,stock,20,5,2026,35,35,0.029,0.04,-9.394,-10.565,0.028,0.014,-0.557,0.029,0.5,20,700,695,0.9929,0,695,0,0,0,0,2,2,0,1,0,0,0.116,0.167,0.578
full4,aggressive,mid,stock,20,20,ALL,173,173,-0.028,-0.04,-13.596,-23.256,-0.08,-0.049,-1.941,-0.051,0.467,20,3449,3379,0.9797,11,3376,0,0,3,0,61,3,0,6,0,1,0.124,0.215,0.572
full4,aggressive,mid,stock,20,20,P1,91,91,-0.119,-0.19,-7.458,-9.174,-0.14,-0.121,-1.937,-0.119,0.479,20,1820,1786,0.9813,0,1786,0,0,0,0,32,0,0,2,0,0,0.088,0.213,0.564
full4,aggressive,mid,stock,20,20,P2,82,82,0.074,0.06,-16.468,-23.256,-0.013,0.03,-1.946,0.024,0.452,20.0,1629,1593,0.9779,11,1590,0,0,3,0,29,3,0,4,0,1,0.162,0.217,0.581
full4,aggressive,mid,stock,20,20,2023,40,40,-1.097,-2.53,-6.347,-6.383,-1.087,-1.078,-3.538,-1.097,0.444,20.0,800,780,0.975,0,780,0,0,0,0,19,0,0,1,0,0,0.085,0.225,0.564
full4,aggressive,mid,stock,20,20,2024,51,51,0.647,0.64,-8.198,-9.174,0.602,0.63,-0.681,0.647,0.507,20,1020,1006,0.9863,0,1006,0,0,0,0,13,0,0,1,0,0,0.091,0.204,0.564
full4,aggressive,mid,stock,20,20,2025,50,50,0.111,0.09,-11.82,-13.487,0.078,0.085,-1.716,0.029,0.449,20.0,989,968,0.9788,11,968,0,0,0,0,18,0,0,3,0,1,0.186,0.24,0.583
full4,aggressive,mid,stock,20,20,2026,32,32,0.016,0.01,-20.781,-23.256,-0.154,-0.055,-2.305,0.016,0.458,20.0,640,625,0.9766,0,622,0,0,3,0,11,3,0,1,0,0,0.125,0.18,0.584
full4,aggressive,mid,stock,20,63,ALL,165,165,0.981,0.56,-19.462,-29.851,1.014,0.812,-4.234,0.905,0.443,20,3289,3126,0.9504,11,3115,0,0,11,0,156,1,0,6,0,1,0.126,0.222,0.566
full4,aggressive,mid,stock,20,63,P1,91,91,0.134,0.12,-10.133,-12.388,0.217,0.131,-3.916,0.134,0.45,20,1820,1749,0.961,0,1749,0,0,0,0,69,0,0,2,0,0,0.088,0.213,0.564
full4,aggressive,mid,stock,20,63,P2,74,74,2.021,0.56,-25.862,-29.851,1.994,1.65,-4.625,1.853,0.436,20.0,1469,1377,0.9374,11,1366,0,0,11,0,87,1,0,4,0,1,0.173,0.233,0.569
full4,aggressive,mid,stock,20,63,2023,40,40,-0.748,-0.43,-10.904,-12.388,-0.757,-0.679,-6.191,-0.748,0.427,20.0,800,758,0.9475,0,758,0,0,0,0,41,0,0,1,0,0,0.085,0.225,0.564
full4,aggressive,mid,stock,20,63,2024,51,51,0.826,0.8,-9.619,-10.152,0.98,0.767,-2.132,0.826,0.467,20,1020,991,0.9716,0,991,0,0,0,0,28,0,0,1,0,0,0.091,0.204,0.564
full4,aggressive,mid,stock,20,63,2025,50,50,4.065,1.0,-14.44,-15.967,4.158,3.638,-2.53,3.816,0.47,20.0,989,927,0.9373,11,922,0,0,5,0,59,0,0,3,0,1,0.186,0.24,0.583
full4,aggressive,mid,stock,20,63,2026,24,24,-2.236,-0.35,-28.036,-29.851,-2.513,-2.492,-8.988,-2.236,0.365,20.0,480,450,0.9375,0,444,0,0,6,0,28,1,0,1,0,0,0.146,0.217,0.546
full4,aggressive,short,mixed,10,5,ALL,176,176,-0.231,-1.03,-7.824,-9.187,-0.23,-0.227,-0.46,-0.231,0.468,10.0,1760,1754,0.9966,0,1754,0,0,0,0,3,1,0,2,0,0,0.075,0.33,0.662
full4,aggressive,short,mixed,10,5,P1,91,91,-0.096,-0.39,-4.52,-6.106,-0.096,-0.09,-0.318,-0.096,0.445,10,910,906,0.9956,0,906,0,0,0,0,2,0,0,2,0,0,0.07,0.327,0.634
full4,aggressive,short,mixed,10,5,P2,85,85,-0.376,-0.99,-8.729,-9.187,-0.374,-0.374,-0.612,-0.376,0.493,10,850,848,0.9976,0,848,0,0,0,0,1,1,0,0,0,0,0.079,0.333,0.69
full4,aggressive,short,mixed,10,5,2023,40,40,-0.016,-0.05,-4.819,-6.106,-0.012,-0.001,-0.264,-0.016,0.463,10.0,400,398,0.995,0,398,0,0,0,0,1,0,0,1,0,0,0.06,0.358,0.623
full4,aggressive,short,mixed,10,5,2024,51,51,-0.159,-0.43,-4.282,-4.618,-0.162,-0.161,-0.36,-0.159,0.431,10,510,508,0.9961,0,508,0,0,0,0,1,0,0,1,0,0,0.078,0.303,0.644
full4,aggressive,short,mixed,10,5,2025,50,50,-0.138,-0.31,-8.391,-8.884,-0.135,-0.131,-0.338,-0.138,0.496,10.0,500,499,0.998,0,499,0,0,0,0,1,0,0,0,0,0,0.102,0.378,0.682
full4,aggressive,short,mixed,10,5,2026,35,35,-0.715,-1.09,-9.099,-9.187,-0.715,-0.721,-1.004,-0.715,0.488,10,350,349,0.9971,0,349,0,0,0,0,0,1,0,0,0,0,0.047,0.267,0.706
full4,aggressive,short,mixed,10,20,ALL,173,173,-1.218,-1.99,-14.196,-18.609,-1.229,-1.2,-2.033,-1.218,0.393,10,1730,1714,0.9908,0,1714,0,0,0,0,13,1,0,2,0,0,0.076,0.334,0.66
full4,aggressive,short,mixed,10,20,P1,91,91,-0.588,-0.9,-8.61,-9.281,-0.598,-0.579,-1.26,-0.588,0.389,10,910,902,0.9912,0,902,0,0,0,0,6,0,0,2,0,0,0.07,0.327,0.634
full4,aggressive,short,mixed,10,20,P2,82,82,-1.916,-1.82,-16.817,-18.609,-1.929,-1.888,-2.889,-1.916,0.399,10.0,820,812,0.9902,0,812,0,0,0,0,7,1,0,0,0,0,0.082,0.342,0.689
full4,aggressive,short,mixed,10,20,2023,40,40,-0.946,-1.57,-8.471,-9.124,-0.91,-0.915,-1.692,-0.946,0.417,10.0,400,396,0.99,0,396,0,0,0,0,3,0,0,1,0,0,0.06,0.358,0.623
full4,aggressive,short,mixed,10,20,2024,51,51,-0.308,-0.29,-8.704,-9.281,-0.353,-0.316,-0.922,-0.308,0.366,10,510,506,0.9922,0,506,0,0,0,0,3,0,0,1,0,0,0.078,0.303,0.644
full4,aggressive,short,mixed,10,20,2025,50,50,-1.065,-0.81,-14.263,-16.968,-1.051,-1.043,-1.843,-1.065,0.39,10.0,500,496,0.992,0,496,0,0,0,0,4,0,0,0,0,0,0.102,0.378,0.682
full4,aggressive,short,mixed,10,20,2026,32,32,-3.245,-2.0,-18.378,-18.609,-3.3,-3.209,-4.524,-3.245,0.412,10.0,320,316,0.9875,0,316,0,0,0,0,3,1,0,0,0,0,0.051,0.285,0.703
full4,aggressive,short,mixed,10,63,ALL,165,165,-1.953,-1.06,-21.046,-28.661,-1.818,-1.921,-4.6,-1.953,0.345,10,1650,1606,0.9733,0,1605,0,0,1,0,42,0,0,2,0,0,0.078,0.341,0.656
full4,aggressive,short,mixed,10,63,P1,91,91,-2.259,-2.64,-13.949,-16.857,-2.13,-2.229,-4.225,-2.259,0.324,10,910,891,0.9791,0,891,0,0,0,0,17,0,0,2,0,0,0.07,0.327,0.634
full4,aggressive,short,mixed,10,63,P2,74,74,-1.577,-0.4,-23.322,-28.661,-1.434,-1.542,-5.062,-1.577,0.371,10.0,740,715,0.9662,0,714,0,0,1,0,25,0,0,0,0,0,0.089,0.358,0.682
full4,aggressive,short,mixed,10,63,2023,40,40,-2.481,-3.88,-12.206,-13.003,-2.424,-2.381,-4.813,-2.481,0.363,10.0,400,390,0.975,0,390,0,0,0,0,9,0,0,1,0,0,0.06,0.358,0.623
full4,aggressive,short,mixed,10,63,2024,51,51,-2.084,-1.43,-14.741,-16.857,-1.899,-2.109,-3.763,-2.084,0.293,10,510,501,0.9824,0,501,0,0,0,0,8,0,0,1,0,0,0.078,0.303,0.644
full4,aggressive,short,mixed,10,63,2025,50,50,1.676,0.35,-19.559,-22.013,1.848,1.622,-1.679,1.676,0.425,10.0,500,484,0.968,0,484,0,0,0,0,16,0,0,0,0,0,0.102,0.378,0.682
full4,aggressive,short,mixed,10,63,2026,24,24,-8.354,-1.93,-25.311,-28.661,-8.27,-8.134,-12.111,-8.354,0.258,10.0,240,231,0.9625,0,230,0,0,1,0,9,0,0,0,0,0,0.06,0.316,0.687
full4,aggressive,short,mixed,20,5,ALL,176,176,-0.16,-0.78,-6.857,-9.466,-0.159,-0.162,-0.421,-0.16,0.461,20.0,3520,3506,0.996,0,3506,0,0,0,0,8,1,0,5,0,0,0.099,0.306,0.608
full4,aggressive,short,mixed,20,5,P1,91,91,-0.098,-0.45,-3.828,-4.385,-0.098,-0.098,-0.322,-0.098,0.437,20,1820,1813,0.9962,0,1813,0,0,0,0,4,0,0,3,0,0,0.085,0.307,0.596
full4,aggressive,short,mixed,20,5,P2,85,85,-0.226,-0.64,-8.29,-9.466,-0.224,-0.23,-0.526,-0.226,0.487,20,1700,1693,0.9959,0,1693,0,0,0,0,4,1,0,2,0,0,0.115,0.306,0.621
full4,aggressive,short,mixed,20,5,2023,40,40,-0.125,-0.5,-3.53,-4.034,-0.125,-0.124,-0.506,-0.125,0.446,20.0,800,796,0.995,0,796,0,0,0,0,3,0,0,1,0,0,0.078,0.319,0.586
full4,aggressive,short,mixed,20,5,2024,51,51,-0.077,-0.23,-4.026,-4.385,-0.077,-0.078,-0.178,-0.077,0.43,20,1020,1017,0.9971,0,1017,0,0,0,0,1,0,0,2,0,0,0.09,0.297,0.601
full4,aggressive,short,mixed,20,5,2025,50,50,0.101,0.25,-6.296,-8.984,0.105,0.102,-0.205,0.101,0.497,20.0,1000,995,0.995,0,995,0,0,0,0,3,0,0,2,0,0,0.142,0.338,0.602
full4,aggressive,short,mixed,20,5,2026,35,35,-0.694,-1.11,-9.188,-9.466,-0.695,-0.704,-0.985,-0.694,0.471,20,700,698,0.9971,0,698,0,0,0,0,1,1,0,0,0,0,0.077,0.26,0.651
full4,aggressive,short,mixed,20,20,ALL,173,173,-0.709,-1.31,-13.143,-16.447,-0.734,-0.709,-1.72,-0.709,0.405,20,3460,3421,0.9887,0,3419,0,0,2,0,32,2,0,5,0,0,0.101,0.31,0.607
full4,aggressive,short,mixed,20,20,P1,91,91,-0.569,-1.03,-7.211,-8.236,-0.586,-0.571,-1.482,-0.569,0.396,20,1820,1801,0.9896,0,1801,0,0,0,0,16,0,0,3,0,0,0.085,0.307,0.596
full4,aggressive,short,mixed,20,20,P2,82,82,-0.865,-0.9,-14.845,-16.447,-0.899,-0.861,-1.983,-0.865,0.416,20.0,1640,1620,0.9878,0,1618,0,0,2,0,16,2,0,2,0,0,0.119,0.315,0.62
full4,aggressive,short,mixed,20,20,2023,40,40,-1.003,-1.98,-7.117,-8.236,-0.998,-0.996,-2.162,-1.003,0.417,20.0,800,790,0.9875,0,790,0,0,0,0,9,0,0,1,0,0,0.078,0.319,0.586
full4,aggressive,short,mixed,20,20,2024,51,51,-0.228,-0.26,-7.274,-7.81,-0.262,-0.238,-0.949,-0.228,0.38,20,1020,1011,0.9912,0,1011,0,0,0,0,7,0,0,2,0,0,0.09,0.297,0.601
full4,aggressive,short,mixed,20,20,2025,50,50,-0.033,-0.03,-12.889,-16.006,-0.031,-0.028,-1.037,-0.033,0.423,20.0,1000,988,0.988,0,988,0,0,0,0,10,0,0,2,0,0,0.142,0.338,0.602
full4,aggressive,short,mixed,20,20,2026,32,32,-2.164,-1.52,-16.319,-16.447,-2.255,-2.163,-3.461,-2.164,0.404,20.0,640,632,0.9875,0,630,0,0,2,0,6,2,0,0,0,0,0.084,0.279,0.65
full4,aggressive,short,mixed,20,63,ALL,165,165,-1.655,-1.0,-20.832,-25.812,-1.523,-1.659,-5.075,-1.655,0.36,20,3300,3189,0.9664,0,3185,0,0,4,0,106,0,0,5,0,0,0.105,0.318,0.603
full4,aggressive,short,mixed,20,63,P1,91,91,-2.36,-3.23,-11.983,-12.849,-2.224,-2.33,-5.285,-2.36,0.334,20,1820,1767,0.9709,0,1767,0,0,0,0,50,0,0,3,0,0,0.085,0.307,0.596
full4,aggressive,short,mixed,20,63,P2,74,74,-0.789,-0.22,-23.139,-25.812,-0.66,-0.835,-4.817,-0.789,0.391,20.0,1480,1422,0.9608,0,1418,0,0,4,0,56,0,0,2,0,0,0.129,0.332,0.612
full4,aggressive,short,mixed,20,63,2023,40,40,-2.731,-3.49,-9.852,-10.821,-2.793,-2.681,-7.299,-2.731,0.362,20.0,800,765,0.9563,0,765,0,0,0,0,34,0,0,1,0,0,0.078,0.319,0.586
full4,aggressive,short,mixed,20,63,2024,51,51,-2.068,-1.85,-12.522,-12.849,-1.778,-2.054,-3.706,-2.068,0.313,20,1020,1002,0.9824,0,1002,0,0,0,0,16,0,0,2,0,0,0.09,0.297,0.601
full4,aggressive,short,mixed,20,63,2025,50,50,2.416,0.57,-19.042,-19.362,2.562,2.263,-1.914,2.416,0.438,20.0,1000,958,0.958,0,958,0,0,0,0,40,0,0,2,0,0,0.142,0.338,0.602
full4,aggressive,short,mixed,20,63,2026,24,24,-7.467,-2.02,-24.743,-25.812,-7.372,-7.287,-10.864,-7.467,0.294,20.0,480,464,0.9667,0,460,0,0,4,0,16,0,0,0,0,0,0.103,0.32,0.635
full4,aggressive,short,stock,10,5,ALL,176,176,-0.108,-0.46,-8.104,-9.754,-0.112,-0.108,-0.457,-0.108,0.486,10.0,1760,1751,0.9949,0,1751,0,0,0,0,5,1,0,3,0,0,0.079,0.328,0.655
full4,aggressive,short,stock,10,5,P1,91,91,0.023,0.09,-5.29,-6.867,0.022,0.029,-0.199,0.023,0.477,10,910,906,0.9956,0,906,0,0,0,0,2,0,0,2,0,0,0.071,0.322,0.642
full4,aggressive,short,stock,10,5,P2,85,85,-0.248,-0.62,-8.98,-9.754,-0.256,-0.255,-0.733,-0.248,0.495,10,850,845,0.9941,0,845,0,0,0,0,3,1,0,1,0,0,0.087,0.335,0.668
full4,aggressive,short,stock,10,5,2023,40,40,0.066,0.19,-6.487,-6.867,0.069,0.081,-0.181,0.066,0.485,10.0,400,398,0.995,0,398,0,0,0,0,1,0,0,1,0,0,0.06,0.34,0.623
full4,aggressive,short,stock,10,5,2024,51,51,-0.011,-0.03,-4.492,-5.211,-0.014,-0.013,-0.212,-0.011,0.47,10,510,508,0.9961,0,508,0,0,0,0,1,0,0,1,0,0,0.08,0.308,0.654
full4,aggressive,short,stock,10,5,2025,50,50,-0.053,-0.11,-8.587,-9.754,-0.067,-0.062,-0.677,-0.053,0.502,10.0,500,496,0.992,0,496,0,0,0,0,3,0,0,1,0,0,0.11,0.386,0.645
full4,aggressive,short,stock,10,5,2026,35,35,-0.526,-0.77,-9.099,-9.187,-0.526,-0.531,-0.814,-0.526,0.485,10,350,349,0.9971,0,349,0,0,0,0,0,1,0,0,0,0,0.054,0.263,0.703
full4,aggressive,short,stock,10,20,ALL,173,173,-0.765,-1.15,-14.627,-18.609,-0.785,-0.744,-1.989,-0.765,0.446,10,1730,1706,0.9861,0,1706,0,0,0,0,20,1,0,3,0,0,0.08,0.333,0.653
full4,aggressive,short,stock,10,20,P1,91,91,-0.06,-0.08,-9.595,-10.656,-0.085,-0.056,-0.851,-0.06,0.478,10,910,901,0.9901,0,901,0,0,0,0,7,0,0,2,0,0,0.071,0.322,0.642
full4,aggressive,short,stock,10,20,P2,82,82,-1.546,-1.39,-17.253,-18.609,-1.562,-1.508,-3.252,-1.546,0.412,10.0,820,805,0.9817,0,805,0,0,0,0,13,1,0,1,0,0,0.09,0.345,0.665
full4,aggressive,short,stock,10,20,2023,40,40,-0.667,-0.83,-10.329,-10.656,-0.649,-0.644,-1.421,-0.667,0.457,10.0,400,396,0.99,0,396,0,0,0,0,3,0,0,1,0,0,0.06,0.34,0.623
full4,aggressive,short,stock,10,20,2024,51,51,0.415,0.37,-8.704,-9.281,0.358,0.405,-0.405,0.415,0.494,10,510,505,0.9902,0,505,0,0,0,0,4,0,0,1,0,0,0.08,0.308,0.654
full4,aggressive,short,stock,10,20,2025,50,50,-0.885,-0.62,-14.99,-16.968,-0.87,-0.841,-2.86,-0.885,0.408,10.0,500,489,0.978,0,489,0,0,0,0,10,0,0,1,0,0,0.11,0.386,0.645
full4,aggressive,short,stock,10,20,2026,32,32,-2.579,-1.51,-18.378,-18.609,-2.642,-2.55,-3.865,-2.579,0.418,10.0,320,316,0.9875,0,316,0,0,0,0,3,1,0,0,0,0,0.059,0.281,0.7
full4,aggressive,short,stock,10,63,ALL,165,165,-0.745,-0.37,-21.353,-28.661,-0.603,-0.683,-4.161,-0.745,0.404,10,1650,1593,0.9655,0,1591,0,0,2,0,54,0,0,3,0,0,0.083,0.34,0.649
full4,aggressive,short,stock,10,63,P1,91,91,-0.716,-0.75,-14.219,-16.857,-0.618,-0.733,-3.084,-0.716,0.408,10,910,888,0.9758,0,888,0,0,0,0,20,0,0,2,0,0,0.071,0.322,0.642
full4,aggressive,short,stock,10,63,P2,74,74,-0.781,-0.18,-23.066,-28.661,-0.585,-0.622,-5.486,-0.781,0.398,10.0,740,705,0.9527,0,703,0,0,2,0,34,0,0,1,0,0,0.097,0.362,0.656
full4,aggressive,short,stock,10,63,2023,40,40,-1.086,-0.86,-11.683,-13.003,-1.158,-1.084,-3.787,-1.086,0.423,10.0,400,389,0.9725,0,389,0,0,0,0,10,0,0,1,0,0,0.06,0.34,0.623
full4,aggressive,short,stock,10,63,2024,51,51,-0.426,-0.32,-14.822,-16.857,-0.194,-0.457,-2.532,-0.426,0.397,10,510,499,0.9784,0,499,0,0,0,0,10,0,0,1,0,0,0.08,0.308,0.654
full4,aggressive,short,stock,10,63,2025,50,50,2.364,0.43,-20.211,-21.226,2.631,2.498,-2.792,2.364,0.447,10.0,500,474,0.948,0,474,0,0,0,0,25,0,0,1,0,0,0.11,0.386,0.645
full4,aggressive,short,stock,10,63,2026,24,24,-7.331,-1.54,-24.985,-28.661,-7.285,-7.122,-11.099,-7.331,0.296,10.0,240,231,0.9625,0,229,0,0,2,0,9,0,0,0,0,0,0.071,0.312,0.683
full4,aggressive,short,stock,20,5,ALL,176,176,-0.169,-0.81,-7.134,-9.466,-0.169,-0.172,-0.456,-0.17,0.472,20.0,3518,3503,0.9957,2,3503,0,0,0,0,9,1,0,5,0,1,0.105,0.296,0.598
full4,aggressive,short,stock,20,5,P1,91,91,-0.063,-0.28,-4.001,-5.123,-0.064,-0.064,-0.288,-0.063,0.462,20,1820,1813,0.9962,0,1813,0,0,0,0,4,0,0,3,0,0,0.095,0.29,0.589
full4,aggressive,short,stock,20,5,P2,85,85,-0.283,-0.78,-8.559,-9.466,-0.281,-0.288,-0.637,-0.284,0.484,20,1698,1690,0.9953,2,1690,0,0,0,0,5,1,0,2,0,1,0.116,0.302,0.607
full4,aggressive,short,stock,20,5,2023,40,40,-0.159,-0.56,-4.32,-5.123,-0.159,-0.159,-0.541,-0.159,0.456,20.0,800,796,0.995,0,796,0,0,0,0,3,0,0,1,0,0,0.091,0.309,0.559
full4,aggressive,short,stock,20,5,2024,51,51,0.012,0.04,-3.789,-4.385,0.011,0.011,-0.089,0.012,0.466,20,1020,1017,0.9971,0,1017,0,0,0,0,1,0,0,2,0,0,0.098,0.275,0.613
full4,aggressive,short,stock,20,5,2025,50,50,-0.011,-0.03,-6.502,-9.372,-0.007,-0.011,-0.408,-0.013,0.493,20.0,998,992,0.994,2,992,0,0,0,0,4,0,0,2,0,1,0.138,0.338,0.588
full4,aggressive,short,stock,20,5,2026,35,35,-0.673,-1.05,-9.188,-9.466,-0.674,-0.683,-0.964,-0.673,0.471,20,700,698,0.9971,0,698,0,0,0,0,1,1,0,0,0,0,0.084,0.25,0.637
full4,aggressive,short,stock,20,20,ALL,173,173,-0.686,-1.22,-13.438,-16.447,-0.709,-0.685,-1.866,-0.689,0.444,20,3458,3413,0.987,2,3411,0,0,2,0,38,2,0,5,0,1,0.107,0.299,0.598
full4,aggressive,short,stock,20,20,P1,91,91,-0.274,-0.46,-7.239,-7.81,-0.297,-0.281,-1.248,-0.274,0.466,20,1820,1800,0.989,0,1800,0,0,0,0,17,0,0,3,0,0,0.095,0.29,0.589
full4,aggressive,short,stock,20,20,P2,82,82,-1.143,-1.17,-15.105,-16.447,-1.166,-1.135,-2.552,-1.149,0.419,20.0,1638,1613,0.9847,2,1611,0,0,2,0,21,2,0,2,0,1,0.12,0.31,0.607
full4,aggressive,short,stock,20,20,2023,40,40,-0.992,-1.98,-7.186,-7.715,-0.989,-0.986,-2.279,-0.992,0.443,20.0,800,789,0.9862,0,789,0,0,0,0,10,0,0,1,0,0,0.091,0.309,0.559
full4,aggressive,short,stock,20,20,2024,51,51,0.29,0.31,-7.274,-7.81,0.245,0.272,-0.439,0.29,0.483,20,1020,1011,0.9912,0,1011,0,0,0,0,7,0,0,2,0,0,0.098,0.275,0.613
full4,aggressive,short,stock,20,20,2025,50,50,-0.349,-0.28,-13.627,-16.006,-0.327,-0.334,-1.829,-0.36,0.432,20.0,998,981,0.983,2,981,0,0,0,0,15,0,0,2,0,1,0.138,0.338,0.588
full4,aggressive,short,stock,20,20,2026,32,32,-2.383,-1.68,-16.319,-16.447,-2.476,-2.385,-3.683,-2.383,0.399,20.0,640,632,0.9875,0,630,0,0,2,0,6,2,0,0,0,0,0.091,0.266,0.639
full4,aggressive,short,stock,20,63,ALL,165,165,-1.027,-0.58,-21.311,-25.812,-0.88,-1.01,-5.158,-1.041,0.399,20,3298,3165,0.9597,2,3161,0,0,4,0,128,0,0,5,0,1,0.11,0.306,0.594
full4,aggressive,short,stock,20,63,P1,91,91,-1.356,-1.62,-11.818,-12.849,-1.227,-1.328,-4.884,-1.356,0.401,20,1820,1757,0.9654,0,1757,0,0,0,0,60,0,0,3,0,0,0.095,0.29,0.589
full4,aggressive,short,stock,20,63,P2,74,74,-0.623,-0.17,-24.218,-25.812,-0.454,-0.619,-5.495,-0.653,0.397,20.0,1478,1408,0.9526,2,1404,0,0,4,0,68,0,0,2,0,1,0.129,0.327,0.599
full4,aggressive,short,stock,20,63,2023,40,40,-2.602,-2.57,-10.615,-11.266,-2.671,-2.536,-7.712,-2.602,0.382,20.0,800,761,0.9513,0,761,0,0,0,0,38,0,0,1,0,0,0.091,0.309,0.559
full4,aggressive,short,stock,20,63,2024,51,51,-0.378,-0.41,-12.159,-12.849,-0.095,-0.381,-2.665,-0.378,0.416,20,1020,996,0.9765,0,996,0,0,0,0,22,0,0,2,0,0,0.098,0.275,0.613
full4,aggressive,short,stock,20,63,2025,50,50,2.473,0.54,-19.45,-20.008,2.686,2.401,-3.099,2.429,0.439,20.0,998,944,0.9459,2,944,0,0,0,0,52,0,0,2,0,1,0.138,0.338,0.588
full4,aggressive,short,stock,20,63,2026,24,24,-7.074,-1.71,-25.089,-25.812,-6.995,-6.909,-10.487,-7.074,0.309,20.0,480,464,0.9667,0,460,0,0,4,0,16,0,0,0,0,0,0.11,0.304,0.626
full4,balanced,long,mixed,10,5,ALL,176,176,-0.038,-0.16,-7.882,-13.655,-0.042,-0.043,-0.329,-0.038,0.461,10.0,1760,1750,0.9943,0,1750,0,0,0,0,5,0,0,5,0,0,0.092,0.345,0.615
full4,balanced,long,mixed,10,5,P1,91,91,-0.115,-0.43,-5.245,-8.107,-0.122,-0.122,-0.566,-0.115,0.441,10,910,904,0.9934,0,904,0,0,0,0,4,0,0,2,0,0,0.076,0.35,0.593
full4,balanced,long,mixed,10,5,P2,85,85,0.044,0.11,-9.733,-13.655,0.044,0.042,-0.076,0.044,0.482,10,850,846,0.9953,0,846,0,0,0,0,1,0,0,3,0,0,0.108,0.34,0.637
full4,balanced,long,mixed,10,5,2023,40,40,-0.46,-1.53,-4.633,-5.222,-0.451,-0.458,-0.96,-0.46,0.421,10.0,400,397,0.9925,0,397,0,0,0,0,2,0,0,1,0,0,0.073,0.341,0.6
full4,balanced,long,mixed,10,5,2024,51,51,0.156,0.38,-5.607,-8.107,0.135,0.141,-0.257,0.156,0.456,10,510,507,0.9941,0,507,0,0,0,0,2,0,0,1,0,0,0.078,0.358,0.588
full4,balanced,long,mixed,10,5,2025,50,50,-0.082,-0.19,-7.825,-11.832,-0.091,-0.085,-0.286,-0.082,0.475,10.0,500,497,0.994,0,497,0,0,0,0,1,0,0,2,0,0,0.129,0.359,0.645
full4,balanced,long,mixed,10,5,2026,35,35,0.224,0.3,-11.959,-13.655,0.236,0.224,0.224,0.224,0.492,10,350,349,0.9971,0,349,0,0,0,0,0,0,0,1,0,0,0.079,0.314,0.624
full4,balanced,long,mixed,10,20,ALL,173,173,-0.042,-0.06,-14.691,-18.689,-0.101,-0.083,-1.834,-0.042,0.42,10,1730,1695,0.9798,0,1693,0,0,2,0,27,3,0,5,0,0,0.094,0.348,0.615
full4,balanced,long,mixed,10,20,P1,91,91,-0.306,-0.41,-7.837,-9.917,-0.319,-0.313,-1.665,-0.306,0.409,10,910,896,0.9846,0,896,0,0,0,0,12,0,0,2,0,0,0.076,0.35,0.593
full4,balanced,long,mixed,10,20,P2,82,82,0.25,0.2,-17.294,-18.689,0.14,0.173,-2.022,0.25,0.433,10.0,820,799,0.9744,0,797,0,0,2,0,15,3,0,3,0,0,0.112,0.347,0.637
full4,balanced,long,mixed,10,20,2023,40,40,-1.471,-3.5,-6.613,-6.716,-1.402,-1.425,-3.217,-1.471,0.424,10.0,400,392,0.98,0,392,0,0,0,0,7,0,0,1,0,0,0.073,0.341,0.6
full4,balanced,long,mixed,10,20,2024,51,51,0.607,0.5,-8.617,-9.917,0.531,0.558,-0.449,0.607,0.397,10,510,504,0.9882,0,504,0,0,0,0,5,0,0,1,0,0,0.078,0.358,0.588
full4,balanced,long,mixed,10,20,2025,50,50,-0.392,-0.27,-16.689,-17.95,-0.417,-0.428,-2.418,-0.392,0.418,10.0,500,488,0.976,0,488,0,0,0,0,10,0,0,2,0,0,0.129,0.359,0.645
full4,balanced,long,mixed,10,20,2026,32,32,1.254,0.6,-18.202,-18.689,1.01,1.114,-1.402,1.254,0.456,10.0,320,311,0.9719,0,309,0,0,2,0,5,3,0,1,0,0,0.087,0.328,0.623
full4,balanced,long,mixed,10,63,ALL,165,165,-0.059,-0.03,-20.24,-26.963,0.085,-0.245,-4.341,-0.059,0.374,10,1650,1581,0.9582,0,1575,0,0,6,0,64,0,0,5,0,0,0.096,0.359,0.61
full4,balanced,long,mixed,10,63,P1,91,91,-1.306,-1.43,-12.803,-15.074,-1.11,-1.293,-3.841,-1.306,0.35,10,910,886,0.9736,0,886,0,0,0,0,22,0,0,2,0,0,0.076,0.35,0.593
full4,balanced,long,mixed,10,63,P2,74,74,1.475,0.43,-23.801,-26.963,1.555,1.043,-4.955,1.475,0.404,10.0,740,695,0.9392,0,689,0,0,6,0,42,0,0,3,0,0,0.12,0.371,0.629
full4,balanced,long,mixed,10,63,2023,40,40,-1.915,-1.59,-13.882,-15.074,-1.784,-1.846,-5.252,-1.915,0.38,10.0,400,386,0.965,0,386,0,0,0,0,13,0,0,1,0,0,0.073,0.341,0.6
full4,balanced,long,mixed,10,63,2024,51,51,-0.829,-0.66,-11.98,-12.691,-0.581,-0.858,-2.735,-0.829,0.327,10,510,500,0.9804,0,500,0,0,0,0,9,0,0,1,0,0,0.078,0.358,0.588
full4,balanced,long,mixed,10,63,2025,50,50,2.934,0.7,-20.738,-22.44,3.235,2.469,-3.785,2.934,0.438,10.0,500,468,0.936,0,466,0,0,2,0,30,0,0,2,0,0,0.129,0.359,0.645
full4,balanced,long,mixed,10,63,2026,24,24,-1.563,-0.29,-25.997,-26.963,-1.945,-1.927,-7.393,-1.563,0.333,10.0,240,227,0.9458,0,223,0,0,4,0,12,0,0,1,0,0,0.103,0.395,0.591
full4,balanced,long,mixed,20,5,ALL,176,176,-0.103,-0.54,-6.772,-10.296,-0.109,-0.106,-0.505,-0.097,0.467,20.0,3514,3495,0.9946,6,3494,0,0,1,0,13,1,0,5,0,1,0.117,0.342,0.579
full4,balanced,long,mixed,20,5,P1,91,91,-0.133,-0.61,-4.631,-6.776,-0.137,-0.134,-0.58,-0.122,0.448,20,1814,1804,0.9945,6,1804,0,0,0,0,8,0,0,2,0,1,0.08,0.345,0.558
full4,balanced,long,mixed,20,5,P2,85,85,-0.071,-0.22,-8.022,-10.296,-0.079,-0.075,-0.426,-0.071,0.488,20,1700,1691,0.9947,0,1690,0,0,1,0,5,1,0,3,0,0,0.155,0.338,0.601
full4,balanced,long,mixed,20,5,2023,40,40,-0.345,-1.29,-3.429,-3.58,-0.344,-0.343,-0.978,-0.319,0.436,20.0,794,788,0.9924,6,788,0,0,0,0,5,0,0,1,0,1,0.079,0.34,0.565
full4,balanced,long,mixed,20,5,2024,51,51,0.032,0.1,-5.203,-6.776,0.026,0.029,-0.268,0.032,0.457,20,1020,1016,0.9961,0,1016,0,0,0,0,3,0,0,1,0,0,0.081,0.349,0.55
full4,balanced,long,mixed,20,5,2025,50,50,-0.159,-0.49,-6.004,-8.354,-0.162,-0.16,-0.454,-0.159,0.479,20.0,1000,995,0.995,0,995,0,0,0,0,3,0,0,2,0,0,0.178,0.365,0.608
full4,balanced,long,mixed,20,5,2026,35,35,0.055,0.09,-9.83,-10.296,0.041,0.045,-0.385,0.055,0.501,20,700,696,0.9943,0,695,0,0,1,0,2,1,0,1,0,0,0.121,0.299,0.593
full4,balanced,long,mixed,20,20,ALL,173,173,-0.138,-0.25,-11.154,-16.355,-0.173,-0.152,-1.945,-0.137,0.425,20,3454,3388,0.9809,6,3385,0,0,3,0,58,3,0,5,0,1,0.118,0.344,0.58
full4,balanced,long,mixed,20,20,P1,91,91,-0.372,-0.6,-7.959,-8.681,-0.388,-0.371,-2.175,-0.369,0.413,20,1814,1780,0.9813,6,1780,0,0,0,0,32,0,0,2,0,1,0.08,0.345,0.558
full4,balanced,long,mixed,20,20,P2,82,82,0.121,0.13,-13.075,-16.355,0.066,0.091,-1.689,0.121,0.439,20.0,1640,1608,0.9805,0,1605,0,0,3,0,26,3,0,3,0,0,0.16,0.343,0.604
full4,balanced,long,mixed,20,20,2023,40,40,-1.486,-3.76,-7.259,-7.836,-1.433,-1.441,-3.617,-1.48,0.409,20.0,794,776,0.9773,6,776,0,0,0,0,17,0,0,1,0,1,0.079,0.34,0.565
full4,balanced,long,mixed,20,20,2024,51,51,0.502,0.5,-8.135,-8.681,0.432,0.468,-1.044,0.502,0.416,20,1020,1004,0.9843,0,1004,0,0,0,0,15,0,0,1,0,0,0.081,0.349,0.55
full4,balanced,long,mixed,20,20,2025,50,50,-0.009,-0.01,-12.195,-16.355,-0.032,-0.036,-1.73,-0.009,0.431,20.0,1000,981,0.981,0,981,0,0,0,0,17,0,0,2,0,0,0.178,0.365,0.608
full4,balanced,long,mixed,20,20,2026,32,32,0.322,0.21,-14.396,-14.464,0.218,0.29,-1.627,0.322,0.453,20.0,640,627,0.9797,0,624,0,0,3,0,9,3,0,1,0,0,0.13,0.309,0.598
full4,balanced,long,mixed,20,63,ALL,165,165,0.371,0.24,-18.381,-25.573,0.404,0.226,-4.347,0.368,0.394,20,3294,3146,0.9551,6,3134,0,0,12,0,142,1,0,5,0,1,0.122,0.355,0.576
full4,balanced,long,mixed,20,63,P1,91,91,-0.838,-1.0,-11.008,-13.101,-0.771,-0.831,-4.905,-0.842,0.375,20,1814,1742,0.9603,6,1742,0,0,0,0,70,0,0,2,0,1,0.08,0.345,0.558
full4,balanced,long,mixed,20,63,P2,74,74,1.856,0.6,-21.792,-25.573,1.849,1.526,-3.66,1.856,0.418,20.0,1480,1404,0.9486,0,1392,0,0,12,0,72,1,0,3,0,0,0.173,0.366,0.597
full4,balanced,long,mixed,20,63,2023,40,40,-1.031,-0.91,-9.363,-9.482,-1.044,-0.959,-6.158,-1.041,0.393,20.0,794,754,0.9496,6,754,0,0,0,0,39,0,0,1,0,1,0.079,0.34,0.565
full4,balanced,long,mixed,20,63,2024,51,51,-0.686,-0.6,-11.824,-13.101,-0.557,-0.731,-3.923,-0.686,0.361,20,1020,988,0.9686,0,988,0,0,0,0,31,0,0,1,0,0,0.081,0.349,0.55
full4,balanced,long,mixed,20,63,2025,50,50,4.132,1.1,-17.907,-20.111,4.167,3.684,-1.833,4.132,0.456,20.0,1000,945,0.945,0,939,0,0,6,0,53,0,0,2,0,0,0.178,0.365,0.608
full4,balanced,long,mixed,20,63,2026,24,24,-2.884,-0.65,-23.396,-25.573,-2.98,-2.969,-7.468,-2.884,0.338,20.0,480,459,0.9563,0,453,0,0,6,0,19,1,0,1,0,0,0.161,0.368,0.574
full4,balanced,long,stock,10,5,ALL,176,176,0.119,0.48,-7.861,-13.655,0.11,0.111,-0.293,0.124,0.489,10.0,1758,1746,0.9932,2,1746,0,0,0,0,7,0,0,5,0,1,0.093,0.341,0.583
full4,balanced,long,stock,10,5,P1,91,91,-0.038,-0.14,-5.546,-8.107,-0.049,-0.047,-0.491,-0.038,0.475,10,910,904,0.9934,0,904,0,0,0,0,4,0,0,2,0,0,0.076,0.337,0.569
full4,balanced,long,stock,10,5,P2,85,85,0.288,0.69,-9.394,-13.655,0.279,0.28,-0.081,0.298,0.504,10,848,842,0.9929,2,842,0,0,0,0,3,0,0,3,0,1,0.112,0.345,0.598
full4,balanced,long,stock,10,5,2023,40,40,-0.427,-1.21,-5.081,-5.222,-0.422,-0.426,-0.928,-0.427,0.447,10.0,400,397,0.9925,0,397,0,0,0,0,2,0,0,1,0,0,0.08,0.33,0.582
full4,balanced,long,stock,10,5,2024,51,51,0.267,0.65,-5.856,-8.107,0.244,0.25,-0.148,0.267,0.497,10,510,507,0.9941,0,507,0,0,0,0,2,0,0,1,0,0,0.073,0.343,0.558
full4,balanced,long,stock,10,5,2025,50,50,0.101,0.24,-7.156,-11.538,0.077,0.088,-0.527,0.119,0.493,10.0,498,493,0.99,2,493,0,0,0,0,3,0,0,2,0,1,0.127,0.362,0.59
full4,balanced,long,stock,10,5,2026,35,35,0.555,0.68,-11.959,-13.655,0.567,0.555,0.555,0.555,0.521,10,350,349,0.9971,0,349,0,0,0,0,0,0,0,1,0,0,0.091,0.32,0.606
full4,balanced,long,stock,10,20,ALL,173,173,0.367,0.52,-14.681,-18.689,0.318,0.334,-1.833,0.361,0.48,10,1728,1686,0.9757,2,1684,0,0,2,0,34,3,0,5,0,1,0.095,0.343,0.584
full4,balanced,long,stock,10,20,P1,91,91,0.437,0.54,-8.723,-10.521,0.415,0.422,-1.166,0.437,0.503,10,910,894,0.9824,0,894,0,0,0,0,14,0,0,2,0,0,0.076,0.337,0.569
full4,balanced,long,stock,10,20,P2,82,82,0.29,0.24,-17.294,-18.689,0.21,0.236,-2.574,0.276,0.456,10.0,818,792,0.9682,2,790,0,0,2,0,20,3,0,3,0,1,0.115,0.35,0.6
full4,balanced,long,stock,10,20,2023,40,40,-1.053,-2.01,-8.665,-10.521,-0.991,-1.019,-2.811,-1.053,0.455,10.0,400,392,0.98,0,392,0,0,0,0,7,0,0,1,0,0,0.08,0.33,0.582
full4,balanced,long,stock,10,20,2024,51,51,1.606,1.23,-8.763,-9.917,1.518,1.552,0.125,1.606,0.54,10,510,502,0.9843,0,502,0,0,0,0,7,0,0,1,0,0,0.073,0.343,0.558
full4,balanced,long,stock,10,20,2025,50,50,-0.345,-0.25,-16.689,-17.95,-0.338,-0.357,-3.356,-0.367,0.446,10.0,498,481,0.9659,2,481,0,0,0,0,15,0,0,2,0,1,0.127,0.362,0.59
full4,balanced,long,stock,10,20,2026,32,32,1.281,0.6,-18.202,-18.689,1.067,1.164,-1.351,1.281,0.471,10.0,320,311,0.9719,0,309,0,0,2,0,5,3,0,1,0,0,0.097,0.331,0.613
full4,balanced,long,stock,10,63,ALL,165,165,2.182,1.23,-19.553,-26.963,2.238,1.91,-3.183,2.145,0.452,10,1648,1564,0.949,2,1558,0,0,6,0,79,0,0,5,0,1,0.097,0.355,0.578
full4,balanced,long,stock,10,63,P1,91,91,1.606,1.28,-12.855,-15.074,1.714,1.523,-1.856,1.606,0.458,10,910,879,0.9659,0,879,0,0,0,0,29,0,0,2,0,0,0.076,0.337,0.569
full4,balanced,long,stock,10,63,P2,74,74,2.891,0.82,-22.804,-26.963,2.881,2.386,-4.814,2.807,0.445,10.0,738,685,0.9282,2,679,0,0,6,0,50,0,0,3,0,1,0.124,0.376,0.589
full4,balanced,long,stock,10,63,2023,40,40,0.727,0.47,-12.949,-15.074,0.81,0.752,-2.932,0.727,0.451,10.0,400,385,0.9625,0,385,0,0,0,0,14,0,0,1,0,0,0.08,0.33,0.582
full4,balanced,long,stock,10,63,2024,51,51,2.296,1.51,-12.792,-14.317,2.423,2.127,-1.013,2.296,0.463,10,510,494,0.9686,0,494,0,0,0,0,15,0,0,1,0,0,0.073,0.343,0.558
full4,balanced,long,stock,10,63,2025,50,50,4.376,1.03,-18.022,-18.964,4.608,3.835,-4.197,4.252,0.481,10.0,498,458,0.9197,2,456,0,0,2,0,38,0,0,2,0,1,0.127,0.362,0.59
full4,balanced,long,stock,10,63,2026,24,24,-0.202,-0.03,-25.997,-26.963,-0.715,-0.634,-6.1,-0.202,0.37,10.0,240,227,0.9458,0,223,0,0,4,0,12,0,0,1,0,0,0.117,0.404,0.583
full4,balanced,long,stock,20,5,ALL,176,176,-0.007,-0.03,-6.933,-11.063,-0.014,-0.011,-0.496,0.014,0.486,20.0,3501,3478,0.9934,19,3477,0,0,1,0,15,2,0,6,0,2,0.12,0.331,0.558
full4,balanced,long,stock,20,5,P1,91,91,-0.057,-0.25,-4.727,-6.776,-0.061,-0.06,-0.505,-0.043,0.471,20,1813,1803,0.9945,7,1803,0,0,0,0,8,0,0,2,0,1,0.083,0.332,0.539
full4,balanced,long,stock,20,5,P2,85,85,0.047,0.14,-8.333,-11.063,0.037,0.041,-0.486,0.076,0.501,20,1688,1675,0.9923,12,1674,0,0,1,0,7,2,0,4,0,1,0.16,0.329,0.579
full4,balanced,long,stock,20,5,2023,40,40,-0.307,-1.02,-4.187,-4.738,-0.31,-0.309,-0.944,-0.276,0.453,20.0,793,787,0.9924,7,787,0,0,0,0,5,0,0,1,0,1,0.08,0.329,0.544
full4,balanced,long,stock,20,5,2024,51,51,0.139,0.42,-5.087,-6.776,0.133,0.136,-0.161,0.139,0.485,20,1020,1016,0.9961,0,1016,0,0,0,0,3,0,0,1,0,0,0.085,0.334,0.534
full4,balanced,long,stock,20,5,2025,50,50,-0.076,-0.22,-6.314,-9.081,-0.086,-0.081,-0.577,-0.027,0.49,20.0,988,980,0.9919,12,980,0,0,0,0,5,0,0,3,0,1,0.182,0.355,0.578
full4,balanced,long,stock,20,5,2026,35,35,0.223,0.34,-10.214,-11.063,0.212,0.217,-0.357,0.223,0.518,20,700,695,0.9929,0,694,0,0,1,0,2,2,0,1,0,0,0.129,0.293,0.585
full4,balanced,long,stock,20,20,ALL,173,173,0.207,0.36,-11.157,-16.355,0.166,0.192,-1.84,0.194,0.473,20,3441,3366,0.9782,19,3363,0,0,3,0,65,4,0,6,0,2,0.122,0.333,0.559
full4,balanced,long,stock,20,20,P1,91,91,0.104,0.16,-8.202,-8.989,0.081,0.098,-1.877,0.109,0.483,20,1813,1776,0.9796,7,1776,0,0,0,0,35,0,0,2,0,1,0.083,0.332,0.539
full4,balanced,long,stock,20,20,P2,82,82,0.322,0.33,-12.974,-16.355,0.261,0.296,-1.799,0.288,0.462,20.0,1628,1590,0.9767,12,1587,0,0,3,0,30,4,0,4,0,1,0.165,0.335,0.581
full4,balanced,long,stock,20,20,2023,40,40,-1.193,-2.69,-7.714,-8.746,-1.141,-1.148,-3.581,-1.18,0.44,20.0,793,773,0.9748,7,773,0,0,0,0,19,0,0,1,0,1,0.08,0.329,0.544
full4,balanced,long,stock,20,20,2024,51,51,1.121,1.11,-8.238,-8.989,1.04,1.076,-0.54,1.121,0.516,20,1020,1003,0.9833,0,1003,0,0,0,0,16,0,0,1,0,0,0.085,0.334,0.534
full4,balanced,long,stock,20,20,2025,50,50,0.084,0.07,-12.027,-16.355,0.06,0.071,-1.939,0.028,0.461,20.0,988,965,0.9767,12,965,0,0,0,0,20,0,0,3,0,1,0.182,0.355,0.578
full4,balanced,long,stock,20,20,2026,32,32,0.694,0.42,-14.396,-14.464,0.574,0.648,-1.581,0.694,0.464,20.0,640,625,0.9766,0,622,0,0,3,0,10,4,0,1,0,0,0.138,0.303,0.592
full4,balanced,long,stock,20,63,ALL,165,165,1.72,1.05,-17.107,-25.573,1.711,1.518,-3.746,1.627,0.458,20,3281,3111,0.9482,19,3099,0,0,12,0,163,1,0,6,0,2,0.125,0.343,0.553
full4,balanced,long,stock,20,63,P1,91,91,0.814,0.79,-10.541,-11.88,0.835,0.784,-3.82,0.813,0.465,20,1813,1732,0.9553,7,1732,0,0,0,0,79,0,0,2,0,1,0.083,0.332,0.539
full4,balanced,long,stock,20,63,P2,74,74,2.835,0.86,-20.629,-25.573,2.79,2.42,-3.654,2.627,0.45,20.0,1468,1379,0.9394,12,1367,0,0,12,0,84,1,0,4,0,1,0.176,0.356,0.571
full4,balanced,long,stock,20,63,2023,40,40,0.021,0.01,-10.128,-10.775,-0.038,0.067,-6.075,0.019,0.446,20.0,793,746,0.9407,7,746,0,0,0,0,46,0,0,1,0,1,0.08,0.329,0.544
full4,balanced,long,stock,20,63,2024,51,51,1.436,1.31,-10.816,-11.88,1.519,1.347,-2.052,1.436,0.479,20,1020,986,0.9667,0,986,0,0,0,0,33,0,0,1,0,0,0.085,0.334,0.534
full4,balanced,long,stock,20,63,2025,50,50,5.193,1.32,-14.657,-15.552,5.19,4.659,-1.944,4.886,0.484,20.0,988,922,0.9332,12,916,0,0,6,0,63,0,0,3,0,1,0.182,0.355,0.578
full4,balanced,long,stock,20,63,2026,24,24,-2.079,-0.43,-23.396,-25.573,-2.21,-2.246,-7.218,-2.079,0.38,20.0,480,457,0.9521,0,451,0,0,6,0,21,1,0,1,0,0,0.165,0.358,0.563
full4,balanced,mid,mixed,10,5,ALL,176,176,-0.033,-0.15,-7.057,-12.225,-0.034,-0.034,-0.205,-0.033,0.458,10.0,1760,1752,0.9955,0,1752,0,0,0,0,3,0,0,5,0,0,0.088,0.375,0.641
full4,balanced,mid,mixed,10,5,P1,91,91,-0.134,-0.52,-4.829,-6.621,-0.14,-0.136,-0.358,-0.134,0.432,10,910,906,0.9956,0,906,0,0,0,0,2,0,0,2,0,0,0.075,0.372,0.628
full4,balanced,mid,mixed,10,5,P2,85,85,0.076,0.2,-8.461,-12.225,0.08,0.076,-0.042,0.076,0.486,10,850,846,0.9953,0,846,0,0,0,0,1,0,0,3,0,0,0.1,0.378,0.655
full4,balanced,mid,mixed,10,5,2023,40,40,-0.418,-1.48,-3.631,-3.85,-0.42,-0.416,-0.665,-0.418,0.421,10.0,400,398,0.995,0,398,0,0,0,0,1,0,0,1,0,0,0.074,0.365,0.644
full4,balanced,mid,mixed,10,5,2024,51,51,0.088,0.22,-5.293,-6.621,0.081,0.083,-0.116,0.088,0.441,10,510,508,0.9961,0,508,0,0,0,0,1,0,0,1,0,0,0.077,0.377,0.616
full4,balanced,mid,mixed,10,5,2025,50,50,0.118,0.29,-6.349,-8.015,0.113,0.119,-0.083,0.118,0.486,10.0,500,497,0.994,0,497,0,0,0,0,1,0,0,2,0,0,0.12,0.398,0.647
full4,balanced,mid,mixed,10,5,2026,35,35,0.016,0.02,-10.743,-12.225,0.031,0.016,0.016,0.016,0.486,10,350,349,0.9971,0,349,0,0,0,0,0,0,0,1,0,0,0.071,0.35,0.662
full4,balanced,mid,mixed,10,20,ALL,173,173,-0.2,-0.3,-14.379,-19.663,-0.273,-0.236,-1.76,-0.2,0.406,10,1730,1699,0.9821,0,1697,0,0,2,0,23,3,0,5,0,0,0.089,0.379,0.641
full4,balanced,mid,mixed,10,20,P1,91,91,-0.344,-0.52,-7.309,-8.837,-0.381,-0.366,-1.277,-0.344,0.392,10,910,900,0.989,0,900,0,0,0,0,8,0,0,2,0,0,0.075,0.372,0.628
full4,balanced,mid,mixed,10,20,P2,82,82,-0.041,-0.03,-16.652,-19.663,-0.153,-0.093,-2.297,-0.041,0.421,10.0,820,799,0.9744,0,797,0,0,2,0,15,3,0,3,0,0,0.104,0.386,0.656
full4,balanced,mid,mixed,10,20,2023,40,40,-1.119,-3.31,-5.605,-5.748,-1.11,-1.107,-2.141,-1.119,0.422,10.0,400,395,0.9875,0,395,0,0,0,0,4,0,0,1,0,0,0.074,0.365,0.644
full4,balanced,mid,mixed,10,20,2024,51,51,0.264,0.24,-8.163,-8.837,0.191,0.216,-0.599,0.264,0.368,10,510,505,0.9902,0,505,0,0,0,0,4,0,0,1,0,0,0.077,0.377,0.616
full4,balanced,mid,mixed,10,20,2025,50,50,-0.359,-0.26,-14.868,-17.95,-0.363,-0.367,-2.356,-0.359,0.401,10.0,500,488,0.976,0,488,0,0,0,0,10,0,0,2,0,0,0.12,0.398,0.647
full4,balanced,mid,mixed,10,20,2026,32,32,0.457,0.21,-18.332,-19.663,0.177,0.335,-2.204,0.457,0.452,10.0,320,311,0.9719,0,309,0,0,2,0,5,3,0,1,0,0,0.078,0.367,0.665
full4,balanced,mid,mixed,10,63,ALL,165,165,-0.171,-0.09,-20.131,-30.317,-0.02,-0.308,-4.063,-0.171,0.367,10,1650,1586,0.9612,0,1580,0,0,6,0,59,0,0,5,0,0,0.092,0.391,0.635
full4,balanced,mid,mixed,10,63,P1,91,91,-1.508,-1.53,-12.66,-14.459,-1.37,-1.508,-3.69,-1.508,0.343,10,910,889,0.9769,0,889,0,0,0,0,19,0,0,2,0,0,0.075,0.372,0.628
full4,balanced,mid,mixed,10,63,P2,74,74,1.473,0.39,-23.916,-30.317,1.641,1.167,-4.523,1.473,0.396,10.0,740,697,0.9419,0,691,0,0,6,0,40,0,0,3,0,0,0.111,0.413,0.642
full4,balanced,mid,mixed,10,63,2023,40,40,-2.828,-4.28,-13.703,-14.459,-2.714,-2.77,-5.626,-2.828,0.365,10.0,400,388,0.97,0,388,0,0,0,0,11,0,0,1,0,0,0.074,0.365,0.644
full4,balanced,mid,mixed,10,63,2024,51,51,-0.473,-0.31,-11.965,-12.518,-0.315,-0.518,-2.171,-0.473,0.325,10,510,501,0.9824,0,501,0,0,0,0,8,0,0,1,0,0,0.077,0.377,0.616
full4,balanced,mid,mixed,10,63,2025,50,50,3.647,0.78,-20.479,-22.459,4.117,3.322,-2.491,3.647,0.433,10.0,500,470,0.94,0,468,0,0,2,0,28,0,0,2,0,0,0.12,0.398,0.647
full4,balanced,mid,mixed,10,63,2026,24,24,-3.055,-0.57,-26.616,-30.317,-3.519,-3.323,-8.754,-3.055,0.318,10.0,240,227,0.9458,0,223,0,0,4,0,12,0,0,1,0,0,0.091,0.443,0.626
full4,balanced,mid,mixed,20,5,ALL,176,176,-0.115,-0.6,-6.729,-9.855,-0.115,-0.116,-0.544,-0.108,0.465,20.0,3506,3485,0.994,14,3485,0,0,0,0,13,2,0,6,0,2,0.117,0.361,0.598
full4,balanced,mid,mixed,20,5,P1,91,91,-0.252,-1.18,-4.615,-6.667,-0.253,-0.252,-0.64,-0.24,0.437,20,1806,1797,0.995,14,1797,0,0,0,0,7,0,0,2,0,2,0.086,0.367,0.586
full4,balanced,mid,mixed,20,5,P2,85,85,0.033,0.1,-7.927,-9.855,0.032,0.029,-0.44,0.033,0.495,20,1700,1688,0.9929,0,1688,0,0,0,0,6,2,0,4,0,0,0.149,0.354,0.612
full4,balanced,mid,mixed,20,5,2023,40,40,-0.462,-1.78,-3.854,-3.865,-0.459,-0.458,-0.84,-0.435,0.435,20.0,786,782,0.9949,14,782,0,0,0,0,3,0,0,1,0,2,0.079,0.352,0.583
full4,balanced,mid,mixed,20,5,2024,51,51,-0.087,-0.27,-5.122,-6.667,-0.091,-0.09,-0.484,-0.087,0.439,20,1020,1015,0.9951,0,1015,0,0,0,0,4,0,0,1,0,0,0.092,0.38,0.585
full4,balanced,mid,mixed,20,5,2025,50,50,0.108,0.34,-5.834,-8.208,0.104,0.108,-0.29,0.108,0.492,20.0,1000,993,0.993,0,993,0,0,0,0,4,0,0,3,0,0,0.178,0.38,0.61
full4,balanced,mid,mixed,20,5,2026,35,35,-0.074,-0.12,-9.61,-9.855,-0.07,-0.083,-0.655,-0.074,0.499,20,700,695,0.9929,0,695,0,0,0,0,2,2,0,1,0,0,0.108,0.317,0.618
full4,balanced,mid,mixed,20,20,ALL,173,173,-0.352,-0.66,-10.649,-14.329,-0.378,-0.356,-1.92,-0.353,0.42,20,3446,3387,0.9829,14,3385,0,0,2,0,50,3,0,6,0,2,0.119,0.364,0.599
full4,balanced,mid,mixed,20,20,P1,91,91,-0.549,-0.95,-7.746,-8.799,-0.557,-0.545,-2.014,-0.55,0.401,20,1806,1778,0.9845,14,1778,0,0,0,0,26,0,0,2,0,2,0.086,0.367,0.586
full4,balanced,mid,mixed,20,20,P2,82,82,-0.133,-0.15,-12.23,-14.329,-0.179,-0.147,-1.816,-0.133,0.442,20.0,1640,1609,0.9811,0,1607,0,0,2,0,24,3,0,4,0,0,0.154,0.36,0.613
full4,balanced,mid,mixed,20,20,2023,40,40,-1.308,-3.79,-6.429,-6.824,-1.269,-1.28,-3.08,-1.312,0.414,20.0,786,771,0.9809,14,771,0,0,0,0,14,0,0,1,0,2,0.079,0.352,0.583
full4,balanced,mid,mixed,20,20,2024,51,51,0.047,0.05,-8.329,-8.799,0.001,0.031,-1.178,0.047,0.39,20,1020,1007,0.9873,0,1007,0,0,0,0,12,0,0,1,0,0,0.092,0.38,0.585
full4,balanced,mid,mixed,20,20,2025,50,50,-0.064,-0.06,-11.402,-14.109,-0.072,-0.076,-1.675,-0.064,0.438,20.0,1000,981,0.981,0,981,0,0,0,0,16,0,0,3,0,0,0.178,0.38,0.61
full4,balanced,mid,mixed,20,20,2026,32,32,-0.241,-0.16,-13.051,-14.329,-0.346,-0.257,-2.036,-0.241,0.447,20.0,640,628,0.9812,0,626,0,0,2,0,8,3,0,1,0,0,0.116,0.328,0.621
full4,balanced,mid,mixed,20,63,ALL,165,165,-0.215,-0.14,-17.952,-21.219,-0.134,-0.299,-4.573,-0.212,0.388,20,3286,3147,0.9577,14,3138,0,0,9,0,132,1,0,6,0,2,0.123,0.374,0.594
full4,balanced,mid,mixed,20,63,P1,91,91,-1.611,-2.24,-10.548,-13.103,-1.489,-1.566,-5.024,-1.605,0.356,20,1806,1745,0.9662,14,1745,0,0,0,0,59,0,0,2,0,2,0.086,0.367,0.586
full4,balanced,mid,mixed,20,63,P2,74,74,1.502,0.47,-20.187,-21.219,1.532,1.259,-4.017,1.502,0.427,20.0,1480,1402,0.9473,0,1393,0,0,9,0,73,1,0,4,0,0,0.168,0.382,0.605
full4,balanced,mid,mixed,20,63,2023,40,40,-1.799,-2.01,-8.847,-8.93,-1.783,-1.693,-6.661,-1.785,0.383,20.0,786,748,0.9517,14,748,0,0,0,0,37,0,0,1,0,2,0.079,0.352,0.583
full4,balanced,mid,mixed,20,63,2024,51,51,-1.464,-1.35,-11.269,-13.103,-1.257,-1.466,-3.741,-1.464,0.335,20,1020,997,0.9775,0,997,0,0,0,0,22,0,0,1,0,0,0.092,0.38,0.585
full4,balanced,mid,mixed,20,63,2025,50,50,3.87,1.0,-18.564,-20.062,3.93,3.504,-2.033,3.87,0.47,20.0,1000,944,0.944,0,939,0,0,5,0,53,0,0,3,0,0,0.178,0.38,0.61
full4,balanced,mid,mixed,20,63,2026,24,24,-3.43,-0.83,-20.592,-21.219,-3.463,-3.419,-8.151,-3.43,0.336,20.0,480,458,0.9542,0,454,0,0,4,0,20,1,0,1,0,0,0.146,0.386,0.598
full4,balanced,mid,stock,10,5,ALL,176,176,0.033,0.14,-7.657,-12.225,0.03,0.029,-0.369,0.044,0.482,10.0,1757,1745,0.9932,3,1745,0,0,0,0,7,0,0,5,0,1,0.096,0.371,0.615
full4,balanced,mid,stock,10,5,P1,91,91,-0.033,-0.12,-5.293,-6.621,-0.034,-0.035,-0.367,-0.033,0.465,10,910,905,0.9945,0,905,0,0,0,0,3,0,0,2,0,0,0.079,0.368,0.603
full4,balanced,mid,stock,10,5,P2,85,85,0.104,0.26,-9.264,-12.225,0.099,0.096,-0.372,0.126,0.5,10,847,840,0.9917,3,840,0,0,0,0,4,0,0,3,0,1,0.114,0.374,0.626
full4,balanced,mid,stock,10,5,2023,40,40,-0.292,-0.82,-4.731,-5.611,-0.286,-0.29,-0.792,-0.292,0.447,10.0,400,397,0.9925,0,397,0,0,0,0,2,0,0,1,0,0,0.083,0.358,0.603
full4,balanced,mid,stock,10,5,2024,51,51,0.171,0.43,-5.387,-6.621,0.163,0.166,-0.034,0.171,0.479,10,510,508,0.9961,0,508,0,0,0,0,1,0,0,1,0,0,0.076,0.376,0.602
full4,balanced,mid,stock,10,5,2025,50,50,0.169,0.39,-7.515,-9.859,0.149,0.155,-0.64,0.207,0.503,10.0,497,491,0.9879,3,491,0,0,0,0,4,0,0,2,0,1,0.142,0.396,0.618
full4,balanced,mid,stock,10,5,2026,35,35,0.012,0.02,-10.732,-12.225,0.029,0.012,0.012,0.012,0.495,10,350,349,0.9971,0,349,0,0,0,0,0,0,0,1,0,0,0.074,0.343,0.638
full4,balanced,mid,stock,10,20,ALL,173,173,0.179,0.25,-14.664,-19.663,0.121,0.143,-1.97,0.176,0.47,10,1727,1686,0.9763,3,1684,0,0,2,0,33,3,0,5,0,1,0.098,0.373,0.615
full4,balanced,mid,stock,10,20,P1,91,91,0.354,0.44,-8.851,-10.521,0.326,0.331,-1.038,0.354,0.494,10,910,896,0.9846,0,896,0,0,0,0,12,0,0,2,0,0,0.079,0.368,0.603
full4,balanced,mid,stock,10,20,P2,82,82,-0.016,-0.01,-16.652,-19.663,-0.107,-0.064,-3.005,-0.021,0.444,10.0,817,790,0.967,3,788,0,0,2,0,21,3,0,3,0,1,0.118,0.379,0.626
full4,balanced,mid,stock,10,20,2023,40,40,-0.879,-1.57,-9.671,-10.521,-0.85,-0.87,-2.407,-0.879,0.463,10.0,400,393,0.9825,0,393,0,0,0,0,6,0,0,1,0,0,0.083,0.358,0.603
full4,balanced,mid,stock,10,20,2024,51,51,1.322,1.02,-8.304,-8.837,1.248,1.272,0.035,1.322,0.518,10,510,503,0.9863,0,503,0,0,0,0,6,0,0,1,0,0,0.076,0.376,0.602
full4,balanced,mid,stock,10,20,2025,50,50,-0.292,-0.21,-15.076,-17.95,-0.263,-0.29,-3.488,-0.299,0.433,10.0,497,479,0.9638,3,479,0,0,0,0,16,0,0,2,0,1,0.142,0.396,0.618
full4,balanced,mid,stock,10,20,2026,32,32,0.414,0.19,-18.332,-19.663,0.137,0.289,-2.25,0.414,0.461,10.0,320,311,0.9719,0,309,0,0,2,0,5,3,0,1,0,0,0.081,0.353,0.639
full4,balanced,mid,stock,10,63,ALL,165,165,1.703,0.91,-19.843,-30.317,1.856,1.525,-3.426,1.646,0.452,10,1647,1565,0.9502,3,1559,0,0,6,0,77,0,0,5,0,1,0.101,0.384,0.607
full4,balanced,mid,stock,10,63,P1,91,91,1.013,0.96,-12.852,-14.459,1.209,1.011,-2.135,1.013,0.457,10,910,881,0.9681,0,881,0,0,0,0,27,0,0,2,0,0,0.079,0.368,0.603
full4,balanced,mid,stock,10,63,P2,74,74,2.551,0.66,-22.658,-30.317,2.651,2.157,-5.014,2.424,0.445,10.0,737,684,0.9281,3,678,0,0,6,0,50,0,0,3,0,1,0.127,0.403,0.61
full4,balanced,mid,stock,10,63,2023,40,40,-0.468,-0.43,-12.663,-14.459,-0.366,-0.416,-4.097,-0.468,0.456,10.0,400,385,0.9625,0,385,0,0,0,0,14,0,0,1,0,0,0.083,0.358,0.603
full4,balanced,mid,stock,10,63,2024,51,51,2.174,1.63,-12.712,-13.475,2.444,2.131,-0.596,2.174,0.458,10,510,496,0.9725,0,496,0,0,0,0,13,0,0,1,0,0,0.076,0.376,0.602
full4,balanced,mid,stock,10,63,2025,50,50,5.061,1.08,-18.202,-18.527,5.424,4.626,-2.977,4.872,0.487,10.0,497,459,0.9235,3,457,0,0,2,0,36,0,0,2,0,1,0.142,0.396,0.618
full4,balanced,mid,stock,10,63,2026,24,24,-2.678,-0.47,-26.616,-30.317,-3.125,-2.986,-9.258,-2.678,0.355,10.0,240,225,0.9375,0,221,0,0,4,0,14,0,0,1,0,0,0.096,0.417,0.591
full4,balanced,mid,stock,20,5,ALL,176,176,-0.021,-0.1,-7.031,-10.443,-0.027,-0.025,-0.481,0.01,0.488,20.0,3485,3463,0.9937,35,3462,0,0,1,0,14,2,0,6,0,4,0.118,0.343,0.581
full4,balanced,mid,stock,20,5,P1,91,91,-0.134,-0.6,-4.576,-6.667,-0.136,-0.135,-0.579,-0.119,0.472,20,1805,1795,0.9945,15,1795,0,0,0,0,8,0,0,2,0,2,0.089,0.338,0.57
full4,balanced,mid,stock,20,5,P2,85,85,0.101,0.29,-8.388,-10.443,0.09,0.093,-0.376,0.148,0.505,20,1680,1668,0.9929,20,1667,0,0,1,0,6,2,0,4,0,2,0.148,0.348,0.592
full4,balanced,mid,stock,20,5,2023,40,40,-0.402,-1.36,-3.958,-4.08,-0.401,-0.4,-0.907,-0.368,0.459,20.0,785,780,0.9936,15,780,0,0,0,0,4,0,0,1,0,2,0.084,0.338,0.575
full4,balanced,mid,stock,20,5,2024,51,51,0.076,0.24,-4.988,-6.667,0.072,0.073,-0.321,0.076,0.482,20,1020,1015,0.9951,0,1015,0,0,0,0,4,0,0,1,0,0,0.092,0.338,0.566
full4,balanced,mid,stock,20,5,2025,50,50,0.088,0.25,-6.406,-8.62,0.079,0.084,-0.314,0.167,0.499,20.0,980,973,0.9929,20,973,0,0,0,0,4,0,0,3,0,2,0.172,0.374,0.589
full4,balanced,mid,stock,20,5,2026,35,35,0.12,0.17,-9.904,-10.443,0.106,0.108,-0.464,0.12,0.514,20,700,695,0.9929,0,694,0,0,1,0,2,2,0,1,0,0,0.114,0.311,0.601
full4,balanced,mid,stock,20,20,ALL,173,173,0.023,0.04,-11.282,-15.424,-0.013,0.011,-1.725,0.028,0.47,20,3425,3360,0.981,35,3357,0,0,3,0,56,3,0,6,0,4,0.119,0.346,0.582
full4,balanced,mid,stock,20,20,P1,91,91,-0.078,-0.13,-8.026,-8.799,-0.091,-0.079,-1.77,-0.074,0.478,20,1805,1773,0.9823,15,1773,0,0,0,0,30,0,0,2,0,2,0.089,0.338,0.57
full4,balanced,mid,stock,20,20,P2,82,82,0.136,0.14,-12.996,-15.424,0.074,0.11,-1.676,0.141,0.462,20.0,1620,1587,0.9796,20,1584,0,0,3,0,26,3,0,4,0,2,0.153,0.355,0.594
full4,balanced,mid,stock,20,20,2023,40,40,-1.15,-2.73,-6.945,-7.461,-1.107,-1.116,-3.166,-1.141,0.437,20.0,785,768,0.9783,15,768,0,0,0,0,16,0,0,1,0,2,0.084,0.338,0.575
full4,balanced,mid,stock,20,20,2024,51,51,0.762,0.76,-8.38,-8.799,0.706,0.735,-0.674,0.762,0.51,20,1020,1005,0.9853,0,1005,0,0,0,0,14,0,0,1,0,0,0.092,0.338,0.566
full4,balanced,mid,stock,20,20,2025,50,50,0.22,0.18,-12.818,-15.424,0.194,0.198,-1.496,0.228,0.467,20.0,980,960,0.9796,20,960,0,0,0,0,17,0,0,3,0,2,0.172,0.374,0.589
full4,balanced,mid,stock,20,20,2026,32,32,0.006,0.0,-13.262,-14.329,-0.115,-0.028,-1.957,0.006,0.454,20.0,640,627,0.9797,0,624,0,0,3,0,9,3,0,1,0,0,0.123,0.327,0.61
full4,balanced,mid,stock,20,63,ALL,165,165,1.336,0.81,-16.753,-21.335,1.351,1.163,-3.564,1.229,0.452,20,3265,3112,0.9531,35,3102,0,0,10,0,146,1,0,6,0,4,0.124,0.355,0.578
full4,balanced,mid,stock,20,63,P1,91,91,0.308,0.31,-10.314,-12.153,0.381,0.304,-3.687,0.326,0.448,20,1805,1735,0.9612,15,1735,0,0,0,0,68,0,0,2,0,2,0.089,0.338,0.57
full4,balanced,mid,stock,20,63,P2,74,74,2.599,0.78,-19.684,-21.335,2.543,2.22,-3.413,2.338,0.456,20.0,1460,1377,0.9432,20,1367,0,0,10,0,78,1,0,4,0,2,0.167,0.377,0.586
full4,balanced,mid,stock,20,63,2023,40,40,-0.659,-0.48,-9.659,-9.701,-0.66,-0.576,-6.096,-0.618,0.43,20.0,785,743,0.9465,15,743,0,0,0,0,41,0,0,1,0,2,0.084,0.338,0.575
full4,balanced,mid,stock,20,63,2024,51,51,1.067,0.99,-10.751,-12.153,1.197,0.994,-1.798,1.067,0.462,20,1020,992,0.9725,0,992,0,0,0,0,27,0,0,1,0,0,0.092,0.338,0.566
full4,balanced,mid,stock,20,63,2025,50,50,5.238,1.31,-14.982,-15.91,5.196,4.719,-1.031,4.851,0.501,20.0,980,922,0.9408,20,917,0,0,5,0,55,0,0,3,0,2,0.172,0.374,0.589
full4,balanced,mid,stock,20,63,2026,24,24,-2.898,-0.64,-21.277,-21.335,-2.982,-2.987,-8.375,-2.898,0.362,20.0,480,455,0.9479,0,450,0,0,5,0,23,1,0,1,0,0,0.156,0.383,0.589
full4,balanced,short,mixed,10,5,ALL,176,176,-0.159,-0.78,-6.923,-10.394,-0.162,-0.161,-0.333,-0.159,0.467,10.0,1760,1755,0.9972,0,1755,0,0,0,0,2,1,0,2,0,0,0.071,0.486,0.672
full4,balanced,short,mixed,10,5,P1,91,91,-0.099,-0.45,-4.562,-5.59,-0.102,-0.1,-0.212,-0.099,0.449,10,910,907,0.9967,0,907,0,0,0,0,1,0,0,2,0,0,0.07,0.489,0.652
full4,balanced,short,mixed,10,5,P2,85,85,-0.223,-0.64,-8.334,-10.394,-0.225,-0.227,-0.461,-0.223,0.486,10,850,848,0.9976,0,848,0,0,0,0,1,1,0,0,0,0,0.072,0.483,0.693
full4,balanced,short,mixed,10,5,2023,40,40,0.026,0.08,-4.496,-5.454,0.021,0.026,0.026,0.026,0.47,10.0,400,399,0.9975,0,399,0,0,0,0,0,0,0,1,0,0,0.052,0.481,0.641
full4,balanced,short,mixed,10,5,2024,51,51,-0.197,-0.64,-4.583,-5.59,-0.199,-0.2,-0.399,-0.197,0.433,10,510,508,0.9961,0,508,0,0,0,0,1,0,0,1,0,0,0.087,0.495,0.658
full4,balanced,short,mixed,10,5,2025,50,50,-0.098,-0.23,-7.44,-10.394,-0.104,-0.102,-0.304,-0.098,0.485,10.0,500,499,0.998,0,499,0,0,0,0,1,0,0,0,0,0,0.088,0.525,0.663
full4,balanced,short,mixed,10,5,2026,35,35,-0.402,-0.67,-7.963,-8.636,-0.399,-0.404,-0.687,-0.402,0.488,10,350,349,0.9971,0,349,0,0,0,0,0,1,0,0,0,0,0.048,0.424,0.735
full4,balanced,short,mixed,10,20,ALL,173,173,-1.083,-2.07,-13.467,-20.551,-1.09,-1.072,-1.943,-1.083,0.395,10,1730,1713,0.9902,0,1713,0,0,0,0,14,1,0,2,0,0,0.072,0.49,0.67
full4,balanced,short,mixed,10,20,P1,91,91,-0.814,-1.43,-8.816,-9.734,-0.812,-0.799,-1.469,-0.814,0.38,10,910,902,0.9912,0,902,0,0,0,0,6,0,0,2,0,0,0.07,0.489,0.652
full4,balanced,short,mixed,10,20,P2,82,82,-1.381,-1.52,-15.644,-20.551,-1.398,-1.375,-2.469,-1.381,0.411,10.0,820,811,0.989,0,811,0,0,0,0,8,1,0,0,0,0,0.074,0.492,0.69
full4,balanced,short,mixed,10,20,2023,40,40,-0.772,-1.33,-8.128,-9.389,-0.74,-0.745,-1.76,-0.772,0.424,10.0,400,395,0.9875,0,395,0,0,0,0,4,0,0,1,0,0,0.052,0.481,0.641
full4,balanced,short,mixed,10,20,2024,51,51,-0.848,-0.94,-9.276,-9.734,-0.869,-0.841,-1.24,-0.848,0.346,10,510,507,0.9941,0,507,0,0,0,0,2,0,0,1,0,0,0.087,0.495,0.658
full4,balanced,short,mixed,10,20,2025,50,50,-1.337,-1.05,-16.268,-20.551,-1.332,-1.329,-2.308,-1.337,0.398,10.0,500,495,0.99,0,495,0,0,0,0,5,0,0,0,0,0,0.088,0.525,0.663
full4,balanced,short,mixed,10,20,2026,32,32,-1.45,-1.18,-14.709,-16.538,-1.501,-1.447,-2.722,-1.45,0.431,10.0,320,316,0.9875,0,316,0,0,0,0,3,1,0,0,0,0,0.053,0.44,0.732
full4,balanced,short,mixed,10,63,ALL,165,165,-1.89,-1.03,-19.044,-22.464,-1.74,-1.896,-4.482,-1.89,0.343,10,1650,1607,0.9739,0,1606,0,0,1,0,41,0,0,2,0,0,0.075,0.501,0.664
full4,balanced,short,mixed,10,63,P1,91,91,-2.689,-3.18,-14.056,-16.59,-2.514,-2.651,-4.64,-2.689,0.307,10,910,891,0.9791,0,891,0,0,0,0,17,0,0,2,0,0,0.07,0.489,0.652
full4,balanced,short,mixed,10,63,P2,74,74,-0.908,-0.23,-20.871,-22.464,-0.787,-0.966,-4.287,-0.908,0.388,10.0,740,716,0.9676,0,715,0,0,1,0,24,0,0,0,0,0,0.081,0.516,0.678
full4,balanced,short,mixed,10,63,2023,40,40,-3.038,-4.86,-12.554,-13.043,-3.002,-2.96,-5.657,-3.038,0.341,10.0,400,389,0.9725,0,389,0,0,0,0,10,0,0,1,0,0,0.052,0.481,0.641
full4,balanced,short,mixed,10,63,2024,51,51,-2.415,-1.7,-14.891,-16.59,-2.131,-2.409,-3.843,-2.415,0.281,10,510,502,0.9843,0,502,0,0,0,0,7,0,0,1,0,0,0.087,0.495,0.658
full4,balanced,short,mixed,10,63,2025,50,50,2.545,0.52,-21.171,-22.464,2.688,2.364,-0.868,2.545,0.434,10.0,500,484,0.968,0,484,0,0,0,0,16,0,0,0,0,0,0.088,0.525,0.663
full4,balanced,short,mixed,10,63,2026,24,24,-8.102,-3.35,-19.101,-19.972,-8.027,-7.906,-11.41,-8.102,0.291,10.0,240,232,0.9667,0,231,0,0,1,0,8,0,0,0,0,0,0.066,0.499,0.709
full4,balanced,short,mixed,20,5,ALL,176,176,-0.08,-0.44,-5.776,-8.6,-0.08,-0.081,-0.337,-0.07,0.463,20.0,3507,3494,0.9963,13,3494,0,0,0,0,8,1,0,4,0,3,0.1,0.446,0.632
full4,balanced,short,mixed,20,5,P1,91,91,-0.11,-0.54,-4.038,-5.019,-0.11,-0.11,-0.333,-0.092,0.438,20,1811,1805,0.9967,9,1805,0,0,0,0,4,0,0,2,0,1,0.087,0.444,0.619
full4,balanced,short,mixed,20,5,P2,85,85,-0.047,-0.15,-6.99,-8.6,-0.048,-0.05,-0.342,-0.048,0.49,20,1696,1689,0.9959,4,1689,0,0,0,0,4,1,0,2,0,2,0.113,0.448,0.645
full4,balanced,short,mixed,20,5,2023,40,40,-0.177,-0.71,-3.662,-3.83,-0.175,-0.174,-0.556,-0.136,0.443,20.0,791,787,0.9949,9,787,0,0,0,0,3,0,0,1,0,1,0.074,0.441,0.595
full4,balanced,short,mixed,20,5,2024,51,51,-0.057,-0.19,-4.289,-5.019,-0.059,-0.059,-0.159,-0.057,0.434,20,1020,1018,0.998,0,1018,0,0,0,0,1,0,0,1,0,0,0.099,0.447,0.635
full4,balanced,short,mixed,20,5,2025,50,50,0.116,0.32,-6.188,-8.6,0.116,0.114,-0.284,0.116,0.495,20.0,996,990,0.994,4,990,0,0,0,0,4,0,0,2,0,2,0.136,0.472,0.64
full4,balanced,short,mixed,20,5,2026,35,35,-0.281,-0.53,-6.894,-8.083,-0.281,-0.283,-0.425,-0.281,0.482,20,700,699,0.9986,0,699,0,0,0,0,0,1,0,0,0,0,0.081,0.413,0.659
full4,balanced,short,mixed,20,20,ALL,173,173,-0.501,-1.07,-10.742,-15.654,-0.517,-0.498,-1.59,-0.501,0.411,20,3447,3406,0.9881,13,3405,0,0,1,0,35,2,0,4,0,3,0.102,0.449,0.632
full4,balanced,short,mixed,20,20,P1,91,91,-0.522,-1.0,-6.963,-8.18,-0.53,-0.516,-1.48,-0.521,0.392,20,1811,1792,0.9895,9,1792,0,0,0,0,17,0,0,2,0,1,0.087,0.444,0.619
full4,balanced,short,mixed,20,20,P2,82,82,-0.478,-0.59,-11.734,-15.654,-0.502,-0.478,-1.713,-0.48,0.433,20.0,1636,1614,0.9866,4,1613,0,0,1,0,18,2,0,2,0,2,0.117,0.455,0.646
full4,balanced,short,mixed,20,20,2023,40,40,-0.568,-1.3,-5.215,-5.99,-0.551,-0.549,-1.836,-0.566,0.425,20.0,791,780,0.9861,9,780,0,0,0,0,10,0,0,1,0,1,0.074,0.441,0.595
full4,balanced,short,mixed,20,20,2024,51,51,-0.485,-0.57,-7.681,-8.18,-0.513,-0.489,-1.2,-0.485,0.365,20,1020,1012,0.9922,0,1012,0,0,0,0,7,0,0,1,0,0,0.099,0.447,0.635
full4,balanced,short,mixed,20,20,2025,50,50,-0.184,-0.16,-12.775,-15.654,-0.183,-0.187,-1.387,-0.188,0.432,20.0,996,982,0.9859,4,982,0,0,0,0,12,0,0,2,0,2,0.136,0.472,0.64
full4,balanced,short,mixed,20,20,2026,32,32,-0.936,-0.95,-10.05,-10.154,-1.001,-0.932,-2.222,-0.936,0.435,20.0,640,632,0.9875,0,631,0,0,1,0,6,2,0,0,0,0,0.087,0.428,0.661
full4,balanced,short,mixed,20,63,ALL,165,165,-1.08,-0.67,-17.424,-20.649,-0.992,-1.086,-4.657,-1.086,0.362,20,3287,3172,0.965,13,3168,0,0,4,0,111,0,0,4,0,3,0.105,0.458,0.627
full4,balanced,short,mixed,20,63,P1,91,91,-2.109,-3.24,-12.718,-13.625,-2.03,-2.073,-5.084,-2.091,0.332,20,1811,1758,0.9707,9,1758,0,0,0,0,51,0,0,2,0,1,0.087,0.444,0.619
full4,balanced,short,mixed,20,63,P2,74,74,0.185,0.05,-19.474,-20.649,0.285,0.129,-4.134,0.149,0.4,20.0,1476,1414,0.958,4,1410,0,0,4,0,60,0,0,2,0,2,0.127,0.475,0.638
full4,balanced,short,mixed,20,63,2023,40,40,-2.145,-6.75,-9.518,-10.91,-2.173,-2.071,-6.817,-2.104,0.358,20.0,791,755,0.9545,9,755,0,0,0,0,35,0,0,1,0,1,0.074,0.441,0.595
full4,balanced,short,mixed,20,63,2024,51,51,-2.081,-1.81,-13.422,-13.625,-1.919,-2.075,-3.724,-2.081,0.312,20,1020,1003,0.9833,0,1003,0,0,0,0,16,0,0,1,0,0,0.099,0.447,0.635
full4,balanced,short,mixed,20,63,2025,50,50,3.38,0.82,-18.409,-18.96,3.481,3.194,-1.192,3.326,0.449,20.0,996,952,0.9558,4,951,0,0,1,0,42,0,0,2,0,2,0.136,0.472,0.64
full4,balanced,short,mixed,20,63,2026,24,24,-6.469,-2.62,-20.265,-20.649,-6.372,-6.257,-10.263,-6.469,0.298,20.0,480,462,0.9625,0,459,0,0,3,0,18,0,0,0,0,0,0.109,0.481,0.641
full4,balanced,short,stock,10,5,ALL,176,176,0.017,0.08,-7.388,-10.775,0.01,0.012,-0.277,0.027,0.491,10.0,1757,1750,0.996,3,1750,0,0,0,0,4,1,0,2,0,1,0.079,0.465,0.66
full4,balanced,short,stock,10,5,P1,91,91,0.077,0.32,-4.864,-5.59,0.074,0.075,-0.036,0.077,0.487,10,910,907,0.9967,0,907,0,0,0,0,1,0,0,2,0,0,0.078,0.458,0.651
full4,balanced,short,stock,10,5,P2,85,85,-0.046,-0.12,-8.745,-10.775,-0.057,-0.056,-0.534,-0.026,0.495,10,847,843,0.9953,3,843,0,0,0,0,3,1,0,0,0,1,0.08,0.472,0.669
full4,balanced,short,stock,10,5,2023,40,40,0.142,0.38,-5.248,-5.454,0.136,0.142,0.142,0.142,0.497,10.0,400,399,0.9975,0,399,0,0,0,0,0,0,0,1,0,0,0.06,0.45,0.623
full4,balanced,short,stock,10,5,2024,51,51,0.026,0.08,-4.596,-5.59,0.025,0.023,-0.176,0.026,0.478,10,510,508,0.9961,0,508,0,0,0,0,1,0,0,1,0,0,0.092,0.465,0.668
full4,balanced,short,stock,10,5,2025,50,50,0.028,0.06,-8.061,-10.775,0.008,0.014,-0.601,0.063,0.497,10.0,497,494,0.994,3,494,0,0,0,0,3,0,0,0,0,1,0.098,0.514,0.645
full4,balanced,short,stock,10,5,2026,35,35,-0.152,-0.23,-7.951,-8.636,-0.15,-0.156,-0.438,-0.152,0.493,10,350,349,0.9971,0,349,0,0,0,0,0,1,0,0,0,0,0.054,0.411,0.706
full4,balanced,short,stock,10,20,ALL,173,173,-0.758,-1.34,-13.58,-20.551,-0.768,-0.745,-1.855,-0.76,0.45,10,1727,1706,0.9878,3,1706,0,0,0,0,18,1,0,2,0,1,0.08,0.468,0.659
full4,balanced,short,stock,10,20,P1,91,91,-0.225,-0.35,-9.54,-10.484,-0.23,-0.21,-0.88,-0.225,0.472,10,910,902,0.9912,0,902,0,0,0,0,6,0,0,2,0,0,0.078,0.458,0.651
full4,balanced,short,stock,10,20,P2,82,82,-1.349,-1.43,-15.842,-20.551,-1.365,-1.34,-2.937,-1.353,0.426,10.0,817,804,0.9841,3,804,0,0,0,0,12,1,0,0,0,1,0.083,0.479,0.667
full4,balanced,short,stock,10,20,2023,40,40,-0.28,-0.37,-9.936,-10.484,-0.262,-0.252,-1.268,-0.28,0.47,10.0,400,395,0.9875,0,395,0,0,0,0,4,0,0,1,0,0,0.06,0.45,0.623
full4,balanced,short,stock,10,20,2024,51,51,-0.182,-0.19,-9.276,-9.734,-0.205,-0.176,-0.575,-0.182,0.473,10,510,507,0.9941,0,507,0,0,0,0,2,0,0,1,0,0,0.092,0.465,0.668
full4,balanced,short,stock,10,20,2025,50,50,-1.336,-0.99,-17.017,-20.551,-1.33,-1.323,-3.127,-1.342,0.423,10.0,497,488,0.9819,3,488,0,0,0,0,9,0,0,0,0,1,0.098,0.514,0.645
full4,balanced,short,stock,10,20,2026,32,32,-1.369,-1.13,-13.919,-16.538,-1.419,-1.366,-2.641,-1.369,0.431,10.0,320,316,0.9875,0,316,0,0,0,0,3,1,0,0,0,0,0.059,0.425,0.703
full4,balanced,short,stock,10,63,ALL,165,165,-0.396,-0.21,-19.205,-22.476,-0.188,-0.394,-4.241,-0.444,0.411,10,1647,1585,0.9624,3,1583,0,0,2,0,60,0,0,2,0,1,0.084,0.479,0.652
full4,balanced,short,stock,10,63,P1,91,91,-0.544,-0.55,-14.379,-17.63,-0.323,-0.53,-3.698,-0.544,0.407,10,910,881,0.9681,0,881,0,0,0,0,27,0,0,2,0,0,0.078,0.458,0.651
full4,balanced,short,stock,10,63,P2,74,74,-0.213,-0.05,-21.151,-22.476,-0.022,-0.228,-4.908,-0.32,0.416,10.0,737,704,0.9552,3,702,0,0,2,0,33,0,0,0,0,1,0.09,0.504,0.652
full4,balanced,short,stock,10,63,2023,40,40,-0.699,-0.52,-11.527,-12.064,-0.756,-0.651,-5.238,-0.699,0.409,10.0,400,382,0.955,0,382,0,0,0,0,17,0,0,1,0,0,0.06,0.45,0.623
full4,balanced,short,stock,10,63,2024,51,51,-0.423,-0.3,-15.722,-17.63,0.016,-0.434,-2.491,-0.423,0.406,10,510,499,0.9784,0,499,0,0,0,0,10,0,0,1,0,0,0.092,0.465,0.668
full4,balanced,short,stock,10,63,2025,50,50,3.257,0.65,-20.607,-22.162,3.494,3.135,-1.901,3.099,0.463,10.0,497,473,0.9517,3,473,0,0,0,0,24,0,0,0,0,1,0.098,0.514,0.645
full4,balanced,short,stock,10,63,2026,24,24,-7.441,-2.42,-21.094,-22.476,-7.347,-7.235,-11.171,-7.441,0.318,10.0,240,231,0.9625,0,229,0,0,2,0,9,0,0,0,0,0,0.075,0.483,0.67
full4,balanced,short,stock,20,5,ALL,176,176,-0.063,-0.33,-6.159,-8.822,-0.063,-0.065,-0.35,-0.032,0.48,20.0,3493,3478,0.9957,27,3478,0,0,0,0,9,1,0,5,0,3,0.104,0.429,0.613
full4,balanced,short,stock,20,5,P1,91,91,-0.088,-0.43,-4.187,-5.019,-0.088,-0.088,-0.367,-0.067,0.466,20,1810,1803,0.9961,10,1803,0,0,0,0,5,0,0,2,0,1,0.09,0.42,0.602
full4,balanced,short,stock,20,5,P2,85,85,-0.036,-0.11,-7.237,-8.822,-0.035,-0.04,-0.332,0.006,0.496,20,1683,1675,0.9952,17,1675,0,0,0,0,4,1,0,3,0,2,0.12,0.439,0.624
full4,balanced,short,stock,20,5,2023,40,40,-0.207,-0.72,-4.453,-4.729,-0.206,-0.205,-0.713,-0.159,0.457,20.0,790,785,0.9937,10,785,0,0,0,0,4,0,0,1,0,1,0.084,0.434,0.578
full4,balanced,short,stock,20,5,2024,51,51,0.006,0.02,-3.856,-5.019,0.004,0.004,-0.096,0.006,0.474,20,1020,1018,0.998,0,1018,0,0,0,0,1,0,0,1,0,0,0.094,0.41,0.62
full4,balanced,short,stock,20,5,2025,50,50,0.075,0.19,-6.717,-8.822,0.07,0.07,-0.328,0.146,0.498,20.0,983,977,0.9939,17,977,0,0,0,0,4,0,0,2,0,2,0.143,0.466,0.616
full4,balanced,short,stock,20,5,2026,35,35,-0.193,-0.33,-6.981,-8.256,-0.185,-0.195,-0.337,-0.193,0.493,20,700,698,0.9971,0,698,0,0,0,0,0,1,0,1,0,0,0.087,0.4,0.641
full4,balanced,short,stock,20,20,ALL,173,173,-0.426,-0.85,-11.283,-17.65,-0.44,-0.424,-1.659,-0.422,0.453,20,3433,3386,0.9863,27,3385,0,0,1,0,39,3,0,5,0,3,0.106,0.433,0.613
full4,balanced,short,stock,20,20,P1,91,91,-0.214,-0.37,-7.637,-8.18,-0.222,-0.208,-1.23,-0.209,0.466,20,1810,1790,0.989,10,1790,0,0,0,0,18,0,0,2,0,1,0.09,0.42,0.602
full4,balanced,short,stock,20,20,P2,82,82,-0.66,-0.79,-13.101,-17.65,-0.683,-0.663,-2.135,-0.658,0.439,20.0,1623,1596,0.9834,17,1595,0,0,1,0,21,3,0,3,0,2,0.124,0.447,0.625
full4,balanced,short,stock,20,20,2023,40,40,-0.586,-1.13,-7.572,-7.982,-0.565,-0.565,-1.982,-0.574,0.463,20.0,790,778,0.9848,10,778,0,0,0,0,11,0,0,1,0,1,0.084,0.434,0.578
full4,balanced,short,stock,20,20,2024,51,51,0.078,0.08,-7.681,-8.18,0.047,0.072,-0.639,0.078,0.468,20,1020,1012,0.9922,0,1012,0,0,0,0,7,0,0,1,0,0,0.094,0.41,0.62
full4,balanced,short,stock,20,20,2025,50,50,-0.477,-0.39,-14.817,-17.65,-0.472,-0.48,-1.971,-0.474,0.439,20.0,983,966,0.9827,17,966,0,0,0,0,15,0,0,2,0,2,0.143,0.466,0.616
full4,balanced,short,stock,20,20,2026,32,32,-0.946,-0.96,-9.653,-10.154,-1.012,-0.948,-2.392,-0.946,0.44,20.0,640,630,0.9844,0,629,0,0,1,0,6,3,0,1,0,0,0.094,0.417,0.644
full4,balanced,short,stock,20,63,ALL,165,165,-0.301,-0.18,-17.237,-21.42,-0.202,-0.305,-4.332,-0.374,0.41,20,3273,3143,0.9603,27,3139,0,0,4,0,125,0,0,5,0,3,0.11,0.441,0.61
full4,balanced,short,stock,20,63,P1,91,91,-1.057,-1.51,-13.666,-16.648,-0.955,-1.016,-4.497,-1.026,0.403,20,1810,1749,0.9663,10,1749,0,0,0,0,59,0,0,2,0,1,0.09,0.42,0.602
full4,balanced,short,stock,20,63,P2,74,74,0.628,0.18,-19.251,-21.42,0.724,0.569,-4.13,0.429,0.42,20.0,1463,1394,0.9528,17,1390,0,0,4,0,66,0,0,3,0,2,0.135,0.466,0.62
full4,balanced,short,stock,20,63,2023,40,40,-1.521,-2.56,-9.285,-10.129,-1.565,-1.45,-6.732,-1.451,0.4,20.0,790,750,0.9494,10,750,0,0,0,0,39,0,0,1,0,1,0.084,0.434,0.578
full4,balanced,short,stock,20,63,2024,51,51,-0.693,-0.63,-14.696,-16.648,-0.477,-0.675,-2.744,-0.693,0.405,20,1020,999,0.9794,0,999,0,0,0,0,20,0,0,1,0,0,0.094,0.41,0.62
full4,balanced,short,stock,20,63,2025,50,50,3.912,0.89,-18.498,-20.33,4.011,3.726,-1.306,3.618,0.469,20.0,983,933,0.9491,17,932,0,0,1,0,48,0,0,2,0,2,0.143,0.466,0.616
full4,balanced,short,stock,20,63,2026,24,24,-6.215,-2.37,-19.242,-21.42,-6.125,-6.008,-10.014,-6.215,0.318,20.0,480,461,0.9604,0,458,0,0,3,0,18,0,0,1,0,0,0.119,0.467,0.635
full4,conservative,long,mixed,10,5,ALL,176,176,-0.294,-2.34,-3.92,-6.566,-0.293,-0.291,-0.464,-0.251,0.445,10.0,1752,1749,0.9983,8,1749,0,0,0,0,3,0,0,0,0,1,0.088,0.0,0.793
full4,conservative,long,mixed,10,5,P1,91,91,-0.414,-2.72,-3.542,-4.313,-0.411,-0.411,-0.522,-0.414,0.434,10,910,909,0.9989,0,909,0,0,0,0,1,0,0,0,0,0,0.055,0.0,0.779
full4,conservative,long,mixed,10,5,P2,85,85,-0.166,-0.82,-4.087,-6.566,-0.166,-0.162,-0.401,-0.077,0.456,10,842,840,0.9976,8,840,0,0,0,0,2,0,0,0,0,1,0.123,0.0,0.808
full4,conservative,long,mixed,10,5,2023,40,40,-0.538,-2.58,-3.519,-3.922,-0.538,-0.538,-0.538,-0.538,0.425,10.0,400,400,1.0,0,400,0,0,0,0,0,0,0,0,0,0,0.039,0.0,0.759
full4,conservative,long,mixed,10,5,2024,51,51,-0.318,-1.47,-3.531,-4.313,-0.312,-0.311,-0.51,-0.318,0.441,10,510,509,0.998,0,509,0,0,0,0,1,0,0,0,0,0,0.068,0.0,0.79
full4,conservative,long,mixed,10,5,2025,50,50,-0.384,-1.47,-4.674,-6.566,-0.384,-0.378,-0.783,-0.232,0.443,10.0,492,490,0.9959,8,490,0,0,0,0,2,0,0,0,0,1,0.13,0.0,0.786
full4,conservative,long,mixed,10,5,2026,35,35,0.146,0.47,-3.117,-3.26,0.146,0.146,0.146,0.146,0.474,10,350,350,1.0,0,350,0,0,0,0,0,0,0,0,0,0,0.114,0.0,0.838
full4,conservative,long,mixed,10,20,ALL,173,173,-1.028,-2.82,-8.275,-10.788,-0.998,-0.992,-2.003,-0.941,0.406,10,1722,1705,0.9901,8,1705,0,0,0,0,17,0,0,0,0,1,0.089,0.0,0.793
full4,conservative,long,mixed,10,20,P1,91,91,-1.124,-2.56,-6.922,-7.521,-1.083,-1.082,-1.993,-1.124,0.397,10,910,902,0.9912,0,902,0,0,0,0,8,0,0,0,0,0,0.055,0.0,0.779
full4,conservative,long,mixed,10,20,P2,82,82,-0.922,-1.55,-9.1,-10.788,-0.904,-0.893,-2.014,-0.739,0.417,10.0,812,803,0.9889,8,803,0,0,0,0,9,0,0,0,0,1,0.126,0.0,0.81
full4,conservative,long,mixed,10,20,2023,40,40,-1.318,-2.22,-7.344,-7.521,-1.298,-1.291,-2.067,-1.318,0.372,10.0,400,397,0.9925,0,397,0,0,0,0,3,0,0,0,0,0,0.039,0.0,0.759
full4,conservative,long,mixed,10,20,2024,51,51,-0.972,-1.54,-6.64,-6.992,-0.915,-0.918,-1.934,-0.972,0.416,10,510,505,0.9902,0,505,0,0,0,0,5,0,0,0,0,0,0.068,0.0,0.79
full4,conservative,long,mixed,10,20,2025,50,50,-0.978,-1.36,-8.939,-9.71,-0.983,-0.969,-1.981,-0.678,0.405,10.0,492,487,0.9898,8,487,0,0,0,0,5,0,0,0,0,1,0.13,0.0,0.786
full4,conservative,long,mixed,10,20,2026,32,32,-0.834,-0.82,-9.013,-10.788,-0.78,-0.775,-2.066,-0.834,0.438,10.0,320,316,0.9875,0,316,0,0,0,0,4,0,0,0,0,0,0.121,0.0,0.845
full4,conservative,long,mixed,10,63,ALL,165,165,-2.985,-2.73,-17.812,-19.551,-2.891,-2.845,-5.882,-2.999,0.358,10,1642,1595,0.9714,8,1593,0,0,2,0,45,2,0,0,0,1,0.088,0.0,0.789
full4,conservative,long,mixed,10,63,P1,91,91,-3.038,-3.43,-13.754,-15.774,-3.012,-2.949,-5.325,-3.038,0.349,10,910,890,0.978,0,888,0,0,2,0,20,0,0,0,0,0,0.055,0.0,0.779
full4,conservative,long,mixed,10,63,P2,74,74,-2.92,-1.35,-18.852,-19.551,-2.744,-2.717,-6.567,-2.951,0.37,10.0,732,705,0.9631,8,705,0,0,0,0,25,2,0,0,0,1,0.129,0.0,0.803
full4,conservative,long,mixed,10,63,2023,40,40,-3.827,-4.47,-13.545,-15.774,-3.852,-3.715,-7.527,-3.827,0.302,10.0,400,386,0.965,0,384,0,0,2,0,14,0,0,0,0,0,0.039,0.0,0.759
full4,conservative,long,mixed,10,63,2024,51,51,-2.419,-1.75,-13.665,-14.53,-2.353,-2.347,-3.598,-2.419,0.385,10,510,504,0.9882,0,504,0,0,0,0,6,0,0,0,0,0,0.068,0.0,0.79
full4,conservative,long,mixed,10,63,2025,50,50,-2.002,-0.71,-18.558,-19.551,-1.872,-1.887,-4.812,-2.049,0.392,10.0,492,478,0.9715,8,478,0,0,0,0,14,0,0,0,0,1,0.13,0.0,0.786
full4,conservative,long,mixed,10,63,2026,24,24,-4.833,-2.09,-18.541,-18.726,-4.559,-4.445,-10.224,-4.833,0.324,10.0,240,227,0.9458,0,227,0,0,0,0,11,2,0,0,0,0,0.128,0.0,0.835
full4,conservative,long,mixed,20,5,ALL,176,176,-0.269,-2.3,-3.813,-6.975,-0.265,-0.268,-0.495,-0.231,0.45,20.0,3432,3424,0.9977,88,3424,0,0,0,0,8,0,0,0,0,18,0.099,0.0,0.769
full4,conservative,long,mixed,20,5,P1,91,91,-0.273,-1.9,-3.595,-4.436,-0.267,-0.27,-0.492,-0.282,0.451,20,1790,1786,0.9978,30,1786,0,0,0,0,4,0,0,0,0,9,0.07,0.0,0.761
full4,conservative,long,mixed,20,5,P2,85,85,-0.264,-1.41,-3.76,-6.975,-0.262,-0.265,-0.499,-0.177,0.449,20,1642,1638,0.9976,58,1638,0,0,0,0,4,0,0,0,0,9,0.13,0.0,0.778
full4,conservative,long,mixed,20,5,2023,40,40,-0.45,-2.35,-3.919,-4.436,-0.44,-0.446,-0.698,-0.471,0.434,20.0,773,771,0.9974,27,771,0,0,0,0,2,0,0,0,0,7,0.063,0.0,0.759
full4,conservative,long,mixed,20,5,2024,51,51,-0.135,-0.66,-3.379,-3.618,-0.132,-0.133,-0.33,-0.133,0.464,20,1017,1015,0.998,3,1015,0,0,0,0,2,0,0,0,0,2,0.076,0.0,0.759
full4,conservative,long,mixed,20,5,2025,50,50,-0.369,-1.59,-4.019,-6.975,-0.371,-0.368,-0.571,-0.216,0.441,20.0,955,953,0.9979,45,953,0,0,0,0,2,0,0,0,0,6,0.137,0.0,0.777
full4,conservative,long,mixed,20,5,2026,35,35,-0.113,-0.37,-3.371,-3.498,-0.107,-0.118,-0.398,-0.122,0.461,20,687,685,0.9971,13,685,0,0,0,0,2,0,0,0,0,3,0.119,0.0,0.777
full4,conservative,long,mixed,20,20,ALL,173,173,-1.037,-3.05,-8.172,-10.201,-1.017,-1.017,-2.109,-0.997,0.407,20,3372,3335,0.989,88,3333,0,0,2,0,35,2,0,0,0,18,0.1,0.0,0.769
full4,conservative,long,mixed,20,20,P1,91,91,-0.959,-2.24,-6.248,-7.131,-0.936,-0.939,-1.786,-1.01,0.403,20,1790,1775,0.9916,30,1774,0,0,1,0,15,0,0,0,0,9,0.07,0.0,0.761
full4,conservative,long,mixed,20,20,P2,82,82,-1.123,-2.09,-9.202,-10.201,-1.108,-1.104,-2.467,-0.983,0.412,20.0,1582,1560,0.9861,58,1559,0,0,1,0,20,2,0,0,0,9,0.134,0.0,0.779
full4,conservative,long,mixed,20,20,2023,40,40,-1.092,-2.1,-6.696,-7.131,-1.066,-1.08,-2.1,-1.208,0.389,20.0,773,765,0.9897,27,765,0,0,0,0,8,0,0,0,0,7,0.063,0.0,0.759
full4,conservative,long,mixed,20,20,2024,51,51,-0.855,-1.31,-5.846,-6.033,-0.834,-0.828,-1.54,-0.854,0.414,20,1017,1010,0.9931,3,1009,0,0,1,0,7,0,0,0,0,2,0.076,0.0,0.759
full4,conservative,long,mixed,20,20,2025,50,50,-1.143,-1.61,-9.566,-10.201,-1.157,-1.143,-2.057,-0.854,0.408,20.0,955,946,0.9906,45,946,0,0,0,0,9,0,0,0,0,6,0.137,0.0,0.777
full4,conservative,long,mixed,20,20,2026,32,32,-1.092,-1.35,-8.523,-8.934,-1.031,-1.042,-3.107,-1.184,0.418,20.0,627,614,0.9793,13,613,0,0,1,0,11,2,0,0,0,3,0.128,0.0,0.78
full4,conservative,long,mixed,20,63,ALL,165,165,-3.151,-3.3,-15.663,-17.111,-3.084,-3.047,-6.152,-3.279,0.361,20,3212,3116,0.9701,88,3109,0,0,7,0,90,6,0,0,0,18,0.101,0.0,0.767
full4,conservative,long,mixed,20,63,P1,91,91,-2.996,-3.61,-13.235,-16.387,-2.953,-2.916,-4.995,-3.058,0.362,20,1790,1755,0.9804,30,1752,0,0,3,0,35,0,0,0,0,9,0.07,0.0,0.761
full4,conservative,long,mixed,20,63,P2,74,74,-3.343,-1.81,-16.722,-17.111,-3.245,-3.207,-7.574,-3.55,0.359,20.0,1422,1361,0.9571,58,1357,0,0,4,0,55,6,0,0,0,9,0.138,0.0,0.777
full4,conservative,long,mixed,20,63,2023,40,40,-3.6,-4.79,-14.053,-16.387,-3.574,-3.485,-6.75,-3.746,0.325,20.0,773,749,0.969,27,747,0,0,2,0,24,0,0,0,0,7,0.063,0.0,0.759
full4,conservative,long,mixed,20,63,2024,51,51,-2.521,-1.9,-12.689,-14.055,-2.465,-2.471,-3.619,-2.518,0.39,20,1017,1006,0.9892,3,1005,0,0,1,0,11,0,0,0,0,2,0.076,0.0,0.759
full4,conservative,long,mixed,20,63,2025,50,50,-2.491,-1.04,-16.916,-17.111,-2.474,-2.471,-5.511,-2.656,0.383,20.0,955,926,0.9696,45,924,0,0,2,0,29,0,0,0,0,6,0.137,0.0,0.777
full4,conservative,long,mixed,20,63,2026,24,24,-5.117,-2.31,-15.217,-16.141,-4.85,-4.74,-11.872,-5.414,0.31,20.0,467,435,0.9315,13,433,0,0,2,0,26,6,0,0,0,3,0.139,0.0,0.773
full4,conservative,long,stock,10,5,ALL,176,176,-0.295,-2.3,-3.953,-7.401,-0.292,-0.292,-0.523,-0.238,0.448,10.0,1746,1742,0.9977,14,1742,0,0,0,0,4,0,0,0,0,2,0.093,0.0,0.797
full4,conservative,long,stock,10,5,P1,91,91,-0.435,-2.81,-3.524,-3.922,-0.425,-0.428,-0.651,-0.435,0.441,10,910,908,0.9978,0,908,0,0,0,0,2,0,0,0,0,0,0.066,0.0,0.78
full4,conservative,long,stock,10,5,P2,85,85,-0.145,-0.7,-4.187,-7.401,-0.15,-0.147,-0.385,-0.028,0.455,10,836,834,0.9976,14,834,0,0,0,0,2,0,0,0,0,2,0.123,0.0,0.817
full4,conservative,long,stock,10,5,2023,40,40,-0.624,-2.84,-3.809,-3.922,-0.608,-0.618,-0.871,-0.624,0.42,10.0,400,399,0.9975,0,399,0,0,0,0,1,0,0,0,0,0,0.053,0.0,0.762
full4,conservative,long,stock,10,5,2024,51,51,-0.287,-1.34,-3.296,-3.495,-0.281,-0.28,-0.479,-0.287,0.457,10,510,509,0.998,0,509,0,0,0,0,1,0,0,0,0,0,0.076,0.0,0.792
full4,conservative,long,stock,10,5,2025,50,50,-0.342,-1.26,-4.901,-7.401,-0.351,-0.345,-0.75,-0.144,0.444,10.0,486,484,0.9959,14,484,0,0,0,0,2,0,0,0,0,2,0.131,0.0,0.796
full4,conservative,long,stock,10,5,2026,35,35,0.136,0.44,-3.117,-3.26,0.136,0.136,0.136,0.136,0.471,10,350,350,1.0,0,350,0,0,0,0,0,0,0,0,0,0,0.111,0.0,0.844
full4,conservative,long,stock,10,20,ALL,173,173,-0.947,-2.58,-8.713,-10.793,-0.918,-0.911,-2.041,-0.856,0.427,10,1716,1697,0.9889,14,1697,0,0,0,0,19,0,0,0,0,2,0.095,0.0,0.798
full4,conservative,long,stock,10,20,P1,91,91,-1.005,-2.25,-7.07,-7.83,-0.959,-0.954,-2.092,-1.005,0.425,10,910,900,0.989,0,900,0,0,0,0,10,0,0,0,0,0,0.066,0.0,0.78
full4,conservative,long,stock,10,20,P2,82,82,-0.882,-1.48,-9.757,-10.793,-0.873,-0.862,-1.984,-0.69,0.429,10.0,806,797,0.9888,14,797,0,0,0,0,9,0,0,0,0,2,0.126,0.0,0.819
full4,conservative,long,stock,10,20,2023,40,40,-1.252,-2.07,-7.675,-7.83,-1.216,-1.219,-2.25,-1.252,0.388,10.0,400,396,0.99,0,396,0,0,0,0,4,0,0,0,0,0,0.053,0.0,0.762
full4,conservative,long,stock,10,20,2024,51,51,-0.81,-1.27,-6.64,-6.992,-0.757,-0.746,-1.968,-0.81,0.454,10,510,504,0.9882,0,504,0,0,0,0,6,0,0,0,0,0,0.076,0.0,0.792
full4,conservative,long,stock,10,20,2025,50,50,-0.917,-1.3,-10.165,-10.793,-0.936,-0.921,-1.934,-0.602,0.419,10.0,486,481,0.9897,14,481,0,0,0,0,5,0,0,0,0,2,0.131,0.0,0.796
full4,conservative,long,stock,10,20,2026,32,32,-0.829,-0.79,-8.815,-10.391,-0.775,-0.77,-2.061,-0.829,0.444,10.0,320,316,0.9875,0,316,0,0,0,0,4,0,0,0,0,0,0.119,0.0,0.852
full4,conservative,long,stock,10,63,ALL,165,165,-2.655,-2.51,-17.886,-19.787,-2.582,-2.522,-5.954,-2.721,0.379,10,1636,1583,0.9676,14,1581,0,0,2,0,50,3,0,0,0,2,0.094,0.0,0.794
full4,conservative,long,stock,10,63,P1,91,91,-2.588,-3.08,-13.974,-15.774,-2.549,-2.478,-5.217,-2.588,0.377,10,910,887,0.9747,0,885,0,0,2,0,23,0,0,0,0,0,0.066,0.0,0.78
full4,conservative,long,stock,10,63,P2,74,74,-2.738,-1.3,-19.439,-19.787,-2.622,-2.576,-6.86,-2.883,0.382,10.0,726,696,0.9587,14,696,0,0,0,0,27,3,0,0,0,2,0.129,0.0,0.812
full4,conservative,long,stock,10,63,2023,40,40,-3.409,-4.49,-14.436,-15.774,-3.398,-3.261,-7.626,-3.409,0.326,10.0,400,384,0.96,0,382,0,0,2,0,16,0,0,0,0,0,0.053,0.0,0.762
full4,conservative,long,stock,10,63,2024,51,51,-1.945,-1.48,-13.665,-14.53,-1.883,-1.864,-3.327,-1.945,0.417,10,510,503,0.9863,0,503,0,0,0,0,7,0,0,0,0,0,0.076,0.0,0.792
full4,conservative,long,stock,10,63,2025,50,50,-1.722,-0.64,-18.99,-19.703,-1.678,-1.678,-5.028,-1.937,0.405,10.0,486,470,0.9671,14,470,0,0,0,0,16,0,0,0,0,2,0.131,0.0,0.796
full4,conservative,long,stock,10,63,2026,24,24,-4.854,-2.03,-19.256,-19.787,-4.588,-4.446,-10.677,-4.854,0.334,10.0,240,226,0.9417,0,226,0,0,0,0,11,3,0,0,0,0,0.125,0.0,0.843
full4,conservative,long,stock,20,5,ALL,176,176,-0.235,-2.01,-3.874,-7.667,-0.232,-0.235,-0.462,-0.177,0.462,20.0,3389,3381,0.9976,131,3381,0,0,0,0,8,0,0,0,0,23,0.102,0.0,0.772
full4,conservative,long,stock,20,5,P1,91,91,-0.222,-1.55,-3.566,-4.408,-0.216,-0.219,-0.44,-0.227,0.468,20,1763,1759,0.9977,57,1759,0,0,0,0,4,0,0,0,0,14,0.077,0.0,0.764
full4,conservative,long,stock,20,5,P2,85,85,-0.249,-1.33,-3.898,-7.667,-0.249,-0.252,-0.486,-0.124,0.455,20,1626,1622,0.9975,74,1622,0,0,0,0,4,0,0,0,0,9,0.129,0.0,0.78
full4,conservative,long,stock,20,5,2023,40,40,-0.43,-2.28,-3.905,-4.408,-0.42,-0.426,-0.679,-0.459,0.447,20.0,750,748,0.9973,50,748,0,0,0,0,2,0,0,0,0,11,0.079,0.0,0.77
full4,conservative,long,stock,20,5,2024,51,51,-0.059,-0.29,-3.34,-3.501,-0.056,-0.056,-0.253,-0.045,0.485,20,1013,1011,0.998,7,1011,0,0,0,0,2,0,0,0,0,3,0.075,0.0,0.758
full4,conservative,long,stock,20,5,2025,50,50,-0.36,-1.54,-4.249,-7.667,-0.364,-0.361,-0.564,-0.135,0.448,20.0,942,940,0.9979,58,940,0,0,0,0,2,0,0,0,0,6,0.139,0.0,0.776
full4,conservative,long,stock,20,5,2026,35,35,-0.091,-0.3,-3.371,-3.498,-0.084,-0.096,-0.376,-0.107,0.465,20,684,682,0.9971,16,682,0,0,0,0,2,0,0,0,0,3,0.115,0.0,0.784
full4,conservative,long,stock,20,20,ALL,173,173,-0.926,-2.75,-8.048,-10.771,-0.908,-0.907,-2.029,-0.888,0.429,20,3329,3291,0.9886,131,3289,0,0,2,0,36,2,0,0,0,23,0.104,0.0,0.772
full4,conservative,long,stock,20,20,P1,91,91,-0.781,-1.84,-6.147,-6.936,-0.757,-0.76,-1.608,-0.845,0.439,20,1763,1748,0.9915,57,1747,0,0,1,0,15,0,0,0,0,14,0.077,0.0,0.764
full4,conservative,long,stock,20,20,P2,82,82,-1.088,-2.06,-9.379,-10.771,-1.075,-1.069,-2.497,-0.935,0.419,20.0,1566,1543,0.9853,74,1542,0,0,1,0,21,2,0,0,0,9,0.133,0.0,0.781
full4,conservative,long,stock,20,20,2023,40,40,-0.968,-1.95,-6.598,-6.936,-0.942,-0.956,-1.976,-1.115,0.413,20.0,750,742,0.9893,50,742,0,0,0,0,8,0,0,0,0,11,0.079,0.0,0.77
full4,conservative,long,stock,20,20,2024,51,51,-0.634,-0.97,-5.846,-6.033,-0.612,-0.607,-1.319,-0.633,0.459,20,1013,1006,0.9931,7,1005,0,0,1,0,7,0,0,0,0,3,0.075,0.0,0.758
full4,conservative,long,stock,20,20,2025,50,50,-1.151,-1.67,-9.935,-10.771,-1.169,-1.155,-2.069,-0.813,0.416,20.0,942,933,0.9904,58,933,0,0,0,0,9,0,0,0,0,6,0.139,0.0,0.776
full4,conservative,long,stock,20,20,2026,32,32,-0.99,-1.23,-7.623,-8.934,-0.928,-0.935,-3.165,-1.125,0.423,20.0,624,610,0.9776,16,609,0,0,1,0,12,2,0,0,0,3,0.125,0.0,0.787
full4,conservative,long,stock,20,63,ALL,165,165,-2.71,-2.97,-15.438,-17.423,-2.665,-2.62,-5.82,-2.89,0.385,20,3169,3070,0.9688,131,3063,0,0,7,0,93,6,0,0,0,23,0.104,0.0,0.771
full4,conservative,long,stock,20,63,P1,91,91,-2.384,-2.96,-13.227,-16.387,-2.354,-2.318,-4.397,-2.445,0.396,20,1763,1728,0.9801,57,1725,0,0,3,0,35,0,0,0,0,14,0.077,0.0,0.764
full4,conservative,long,stock,20,63,P2,74,74,-3.11,-1.78,-16.183,-17.423,-3.047,-2.992,-7.57,-3.437,0.372,20.0,1406,1342,0.9545,74,1338,0,0,4,0,58,6,0,0,0,9,0.138,0.0,0.779
full4,conservative,long,stock,20,63,2023,40,40,-2.955,-4.78,-14.123,-16.387,-2.951,-2.861,-6.126,-3.105,0.359,20.0,750,726,0.968,50,724,0,0,2,0,24,0,0,0,0,11,0.079,0.0,0.77
full4,conservative,long,stock,20,63,2024,51,51,-1.936,-1.47,-12.63,-13.877,-1.887,-1.892,-3.041,-1.928,0.425,20,1013,1002,0.9891,7,1001,0,0,1,0,11,0,0,0,0,3,0.075,0.0,0.758
full4,conservative,long,stock,20,63,2025,50,50,-2.256,-1.02,-16.197,-17.423,-2.293,-2.266,-5.509,-2.545,0.394,20.0,942,911,0.9671,58,909,0,0,2,0,31,0,0,0,0,6,0.139,0.0,0.776
full4,conservative,long,stock,20,63,2026,24,24,-4.889,-2.22,-15.217,-16.141,-4.619,-4.503,-11.861,-5.294,0.325,20.0,464,431,0.9289,16,429,0,0,2,0,27,6,0,0,0,3,0.135,0.0,0.783
full4,conservative,mid,mixed,10,5,ALL,176,176,-0.315,-2.51,-4.056,-6.566,-0.313,-0.311,-0.484,-0.317,0.439,10.0,1748,1745,0.9983,12,1745,0,0,0,0,3,0,0,0,0,3,0.089,0.0,0.8
full4,conservative,mid,mixed,10,5,P1,91,91,-0.425,-2.76,-3.811,-4.363,-0.421,-0.421,-0.532,-0.425,0.435,10,910,909,0.9989,0,909,0,0,0,0,1,0,0,0,0,0,0.061,0.0,0.791
full4,conservative,mid,mixed,10,5,P2,85,85,-0.198,-0.99,-4.079,-6.566,-0.198,-0.194,-0.433,-0.2,0.442,10,838,836,0.9976,12,836,0,0,0,0,2,0,0,0,0,3,0.119,0.0,0.811
full4,conservative,mid,mixed,10,5,2023,40,40,-0.535,-2.48,-3.93,-4.363,-0.535,-0.535,-0.535,-0.535,0.435,10.0,400,400,1.0,0,400,0,0,0,0,0,0,0,0,0,0,0.049,0.0,0.777
full4,conservative,mid,mixed,10,5,2024,51,51,-0.338,-1.57,-3.634,-4.26,-0.332,-0.331,-0.53,-0.338,0.435,10,510,509,0.998,0,509,0,0,0,0,1,0,0,0,0,0,0.071,0.0,0.798
full4,conservative,mid,mixed,10,5,2025,50,50,-0.45,-1.72,-4.712,-6.566,-0.449,-0.443,-0.848,-0.458,0.423,10.0,488,486,0.9959,12,486,0,0,0,0,2,0,0,0,0,3,0.12,0.0,0.8
full4,conservative,mid,mixed,10,5,2026,35,35,0.161,0.53,-2.715,-2.952,0.161,0.161,0.161,0.161,0.469,10,350,350,1.0,0,350,0,0,0,0,0,0,0,0,0,0,0.117,0.0,0.824
full4,conservative,mid,mixed,10,20,ALL,173,173,-1.12,-3.11,-8.431,-10.765,-1.09,-1.084,-2.095,-1.128,0.402,10,1718,1701,0.9901,12,1701,0,0,0,0,17,0,0,0,0,3,0.09,0.0,0.801
full4,conservative,mid,mixed,10,20,P1,91,91,-1.164,-2.68,-7.146,-8.008,-1.123,-1.122,-2.033,-1.164,0.392,10,910,902,0.9912,0,902,0,0,0,0,8,0,0,0,0,0,0.061,0.0,0.791
full4,conservative,mid,mixed,10,20,P2,82,82,-1.071,-1.82,-9.214,-10.765,-1.053,-1.042,-2.164,-1.086,0.413,10.0,808,799,0.9889,12,799,0,0,0,0,9,0,0,0,0,3,0.122,0.0,0.812
full4,conservative,mid,mixed,10,20,2023,40,40,-1.333,-2.28,-7.764,-8.008,-1.313,-1.306,-2.083,-1.333,0.364,10.0,400,397,0.9925,0,397,0,0,0,0,3,0,0,0,0,0,0.049,0.0,0.777
full4,conservative,mid,mixed,10,20,2024,51,51,-1.031,-1.65,-6.586,-6.718,-0.974,-0.977,-1.994,-1.031,0.414,10,510,505,0.9902,0,505,0,0,0,0,5,0,0,0,0,0,0.071,0.0,0.798
full4,conservative,mid,mixed,10,20,2025,50,50,-1.223,-1.8,-9.106,-10.209,-1.225,-1.211,-2.223,-1.251,0.386,10.0,488,483,0.9898,12,483,0,0,0,0,5,0,0,0,0,3,0.12,0.0,0.8
full4,conservative,mid,mixed,10,20,2026,32,32,-0.834,-0.79,-9.002,-10.765,-0.784,-0.779,-2.07,-0.834,0.453,10.0,320,316,0.9875,0,316,0,0,0,0,4,0,0,0,0,0,0.125,0.0,0.829
full4,conservative,mid,mixed,10,63,ALL,165,165,-3.169,-2.94,-17.815,-19.551,-3.086,-3.036,-6.13,-3.188,0.354,10,1638,1590,0.9707,12,1588,0,0,2,0,45,3,0,0,0,3,0.089,0.0,0.799
full4,conservative,mid,mixed,10,63,P1,91,91,-3.163,-3.4,-13.714,-16.636,-3.138,-3.076,-5.329,-3.163,0.344,10,910,891,0.9791,0,889,0,0,2,0,19,0,0,0,0,0,0.061,0.0,0.791
full4,conservative,mid,mixed,10,63,P2,74,74,-3.176,-1.52,-18.75,-19.551,-3.021,-2.987,-7.114,-3.219,0.367,10.0,728,699,0.9602,12,699,0,0,0,0,26,3,0,0,0,3,0.124,0.0,0.81
full4,conservative,mid,mixed,10,63,2023,40,40,-3.977,-4.22,-14.356,-16.636,-4.005,-3.871,-7.403,-3.977,0.296,10.0,400,387,0.9675,0,385,0,0,2,0,13,0,0,0,0,0,0.049,0.0,0.777
full4,conservative,mid,mixed,10,63,2024,51,51,-2.526,-1.77,-13.285,-14.96,-2.458,-2.452,-3.703,-2.526,0.381,10,510,504,0.9882,0,504,0,0,0,0,6,0,0,0,0,0,0.071,0.0,0.798
full4,conservative,mid,mixed,10,63,2025,50,50,-2.359,-0.87,-18.558,-19.551,-2.265,-2.278,-5.406,-2.408,0.387,10.0,488,473,0.9693,12,473,0,0,0,0,15,0,0,0,0,3,0.12,0.0,0.8
full4,conservative,mid,mixed,10,63,2026,24,24,-4.877,-2.04,-18.337,-18.622,-4.597,-4.465,-10.672,-4.877,0.325,10.0,240,226,0.9417,0,226,0,0,0,0,11,3,0,0,0,0,0.134,0.0,0.826
full4,conservative,mid,mixed,20,5,ALL,176,176,-0.282,-2.46,-3.859,-7.318,-0.281,-0.281,-0.424,-0.3,0.444,20.0,3344,3339,0.9985,176,3339,0,0,0,0,5,0,0,0,0,31,0.097,0.0,0.77
full4,conservative,mid,mixed,20,5,P1,91,91,-0.305,-2.15,-3.592,-4.705,-0.3,-0.303,-0.469,-0.325,0.444,20,1733,1730,0.9983,87,1730,0,0,0,0,3,0,0,0,0,19,0.068,0.0,0.761
full4,conservative,mid,mixed,20,5,P2,85,85,-0.258,-1.42,-3.849,-7.318,-0.259,-0.258,-0.377,-0.273,0.445,20,1611,1609,0.9988,89,1609,0,0,0,0,2,0,0,0,0,12,0.129,0.0,0.78
full4,conservative,mid,mixed,20,5,2023,40,40,-0.492,-2.56,-4.048,-4.705,-0.484,-0.489,-0.616,-0.535,0.428,20.0,730,729,0.9986,70,729,0,0,0,0,1,0,0,0,0,13,0.062,0.0,0.76
full4,conservative,mid,mixed,20,5,2024,51,51,-0.159,-0.79,-3.288,-3.618,-0.156,-0.156,-0.353,-0.161,0.456,20,1003,1001,0.998,17,1001,0,0,0,0,2,0,0,0,0,6,0.072,0.0,0.759
full4,conservative,mid,mixed,20,5,2025,50,50,-0.362,-1.56,-4.14,-7.318,-0.364,-0.361,-0.564,-0.381,0.435,20.0,934,932,0.9979,66,932,0,0,0,0,2,0,0,0,0,8,0.136,0.0,0.775
full4,conservative,mid,mixed,20,5,2026,35,35,-0.11,-0.38,-3.412,-3.607,-0.11,-0.11,-0.11,-0.121,0.459,20,677,677,1.0,23,677,0,0,0,0,0,0,0,0,0,4,0.119,0.0,0.785
full4,conservative,mid,mixed,20,20,ALL,173,173,-0.985,-2.93,-7.91,-10.217,-0.967,-0.966,-1.883,-1.069,0.408,20,3284,3253,0.9906,176,3251,0,0,2,0,29,2,0,0,0,31,0.099,0.0,0.77
full4,conservative,mid,mixed,20,20,P1,91,91,-0.98,-2.47,-5.957,-7.131,-0.958,-0.961,-1.698,-1.068,0.404,20,1733,1720,0.9925,87,1719,0,0,1,0,13,0,0,0,0,19,0.068,0.0,0.761
full4,conservative,mid,mixed,20,20,P2,82,82,-0.99,-1.79,-9.233,-10.217,-0.978,-0.972,-2.089,-1.071,0.413,20.0,1551,1533,0.9884,89,1532,0,0,1,0,16,2,0,0,0,12,0.133,0.0,0.781
full4,conservative,mid,mixed,20,20,2023,40,40,-1.137,-2.2,-6.653,-7.131,-1.111,-1.124,-1.892,-1.308,0.385,20.0,730,724,0.9918,70,724,0,0,0,0,6,0,0,0,0,13,0.062,0.0,0.76
full4,conservative,mid,mixed,20,20,2024,51,51,-0.858,-1.46,-5.493,-5.648,-0.839,-0.833,-1.545,-0.879,0.418,20,1003,996,0.993,17,995,0,0,1,0,7,0,0,0,0,6,0.072,0.0,0.759
full4,conservative,mid,mixed,20,20,2025,50,50,-1.03,-1.41,-9.617,-10.217,-1.043,-1.031,-1.843,-1.065,0.404,20.0,934,926,0.9914,66,926,0,0,0,0,8,0,0,0,0,8,0.136,0.0,0.775
full4,conservative,mid,mixed,20,20,2026,32,32,-0.927,-1.12,-7.503,-8.934,-0.875,-0.879,-2.473,-1.079,0.427,20.0,617,607,0.9838,23,606,0,0,1,0,8,2,0,0,0,4,0.129,0.0,0.788
full4,conservative,mid,mixed,20,63,ALL,165,165,-3.093,-3.29,-15.393,-17.475,-3.03,-2.995,-5.839,-3.319,0.364,20,3124,3036,0.9718,176,3029,0,0,7,0,82,6,0,0,0,31,0.099,0.0,0.769
full4,conservative,mid,mixed,20,63,P1,91,91,-3.023,-3.68,-12.749,-14.055,-2.979,-2.945,-4.845,-3.191,0.359,20,1733,1701,0.9815,87,1698,0,0,3,0,32,0,0,0,0,19,0.068,0.0,0.761
full4,conservative,mid,mixed,20,63,P2,74,74,-3.18,-1.75,-16.696,-17.475,-3.094,-3.058,-7.061,-3.479,0.37,20.0,1391,1335,0.9597,89,1331,0,0,4,0,50,6,0,0,0,12,0.139,0.0,0.779
full4,conservative,mid,mixed,20,63,2023,40,40,-3.604,-4.28,-12.509,-13.452,-3.575,-3.49,-6.349,-3.927,0.319,20.0,730,709,0.9712,70,707,0,0,2,0,21,0,0,0,0,13,0.062,0.0,0.76
full4,conservative,mid,mixed,20,63,2024,51,51,-2.567,-2.0,-12.909,-14.055,-2.512,-2.517,-3.666,-2.614,0.391,20,1003,992,0.989,17,991,0,0,1,0,11,0,0,0,0,6,0.072,0.0,0.759
full4,conservative,mid,mixed,20,63,2025,50,50,-2.47,-1.04,-16.995,-17.475,-2.425,-2.43,-5.371,-2.679,0.394,20.0,934,906,0.97,66,904,0,0,2,0,28,0,0,0,0,8,0.136,0.0,0.775
full4,conservative,mid,mixed,20,63,2026,24,24,-4.66,-2.09,-15.417,-15.799,-4.488,-4.366,-10.582,-5.112,0.321,20.0,457,429,0.9387,23,427,0,0,2,0,22,6,0,0,0,4,0.144,0.0,0.784
full4,conservative,mid,stock,10,5,ALL,176,176,-0.295,-2.33,-4.107,-7.401,-0.296,-0.294,-0.467,-0.271,0.449,10.0,1739,1736,0.9983,21,1736,0,0,0,0,3,0,0,0,0,5,0.092,0.0,0.805
full4,conservative,mid,stock,10,5,P1,91,91,-0.44,-2.83,-3.773,-4.363,-0.437,-0.436,-0.547,-0.44,0.443,10,909,908,0.9989,1,908,0,0,0,0,1,0,0,0,0,1,0.066,0.0,0.791
full4,conservative,mid,stock,10,5,P2,85,85,-0.14,-0.69,-4.141,-7.401,-0.145,-0.141,-0.38,-0.089,0.455,10,830,828,0.9976,20,828,0,0,0,0,2,0,0,0,0,4,0.121,0.0,0.82
full4,conservative,mid,stock,10,5,2023,40,40,-0.593,-2.61,-4.029,-4.363,-0.593,-0.593,-0.593,-0.592,0.431,10.0,399,399,1.0,1,399,0,0,0,0,0,0,0,0,0,1,0.053,0.0,0.782
full4,conservative,mid,stock,10,5,2024,51,51,-0.32,-1.52,-3.479,-3.921,-0.314,-0.313,-0.512,-0.32,0.453,10,510,509,0.998,0,509,0,0,0,0,1,0,0,0,0,0,0.076,0.0,0.796
full4,conservative,mid,stock,10,5,2025,50,50,-0.378,-1.4,-4.99,-7.401,-0.387,-0.381,-0.786,-0.295,0.439,10.0,480,478,0.9958,20,478,0,0,0,0,2,0,0,0,0,4,0.127,0.0,0.812
full4,conservative,mid,stock,10,5,2026,35,35,0.201,0.69,-2.403,-2.478,0.201,0.201,0.201,0.201,0.477,10,350,350,1.0,0,350,0,0,0,0,0,0,0,0,0,0,0.111,0.0,0.829
full4,conservative,mid,stock,10,20,ALL,173,173,-0.954,-2.68,-8.537,-10.793,-0.927,-0.921,-1.932,-0.934,0.43,10,1709,1692,0.9901,21,1692,0,0,0,0,17,0,0,0,0,5,0.093,0.0,0.805
full4,conservative,mid,stock,10,20,P1,91,91,-0.998,-2.31,-7.203,-7.83,-0.956,-0.954,-1.865,-0.995,0.429,10,909,901,0.9912,1,901,0,0,0,0,8,0,0,0,0,1,0.066,0.0,0.791
full4,conservative,mid,stock,10,20,P2,82,82,-0.904,-1.57,-9.44,-10.793,-0.896,-0.885,-2.006,-0.865,0.431,10.0,800,791,0.9888,20,791,0,0,0,0,9,0,0,0,0,4,0.124,0.0,0.822
full4,conservative,mid,stock,10,20,2023,40,40,-1.195,-2.02,-7.675,-7.83,-1.171,-1.164,-1.94,-1.188,0.394,10.0,399,396,0.9925,1,396,0,0,0,0,3,0,0,0,0,1,0.053,0.0,0.782
full4,conservative,mid,stock,10,20,2024,51,51,-0.844,-1.36,-6.439,-6.718,-0.786,-0.789,-1.806,-0.844,0.457,10,510,505,0.9902,0,505,0,0,0,0,5,0,0,0,0,0,0.076,0.0,0.796
full4,conservative,mid,stock,10,20,2025,50,50,-1.093,-1.66,-10.165,-10.793,-1.111,-1.096,-2.109,-1.032,0.408,10.0,480,475,0.9896,20,475,0,0,0,0,5,0,0,0,0,4,0.127,0.0,0.812
full4,conservative,mid,stock,10,20,2026,32,32,-0.609,-0.58,-7.977,-8.716,-0.559,-0.554,-1.845,-0.609,0.466,10.0,320,316,0.9875,0,316,0,0,0,0,4,0,0,0,0,0,0.119,0.0,0.835
full4,conservative,mid,stock,10,63,ALL,165,165,-2.64,-2.61,-17.091,-19.703,-2.576,-2.52,-5.814,-2.68,0.383,10,1629,1578,0.9687,21,1576,0,0,2,0,47,4,0,0,0,5,0.093,0.0,0.804
full4,conservative,mid,stock,10,63,P1,91,91,-2.588,-3.06,-13.856,-16.636,-2.562,-2.494,-4.992,-2.582,0.381,10,909,888,0.9769,1,886,0,0,2,0,21,0,0,0,0,1,0.066,0.0,0.791
full4,conservative,mid,stock,10,63,P2,74,74,-2.705,-1.36,-18.827,-19.703,-2.594,-2.551,-6.825,-2.803,0.386,10.0,720,690,0.9583,20,690,0,0,0,0,26,4,0,0,0,4,0.126,0.0,0.821
full4,conservative,mid,stock,10,63,2023,40,40,-3.209,-4.23,-14.712,-16.636,-3.236,-3.09,-7.177,-3.196,0.335,10.0,399,384,0.9624,1,382,0,0,2,0,15,0,0,0,0,1,0.053,0.0,0.782
full4,conservative,mid,stock,10,63,2024,51,51,-2.101,-1.54,-13.285,-14.96,-2.033,-2.028,-3.278,-2.101,0.417,10,510,504,0.9882,0,504,0,0,0,0,6,0,0,0,0,0,0.076,0.0,0.796
full4,conservative,mid,stock,10,63,2025,50,50,-1.899,-0.76,-18.663,-19.703,-1.848,-1.861,-4.989,-2.028,0.406,10.0,480,465,0.9688,20,465,0,0,0,0,15,0,0,0,0,4,0.127,0.0,0.812
full4,conservative,mid,stock,10,63,2026,24,24,-4.384,-1.81,-18.033,-18.052,-4.15,-3.99,-10.649,-4.384,0.344,10.0,240,225,0.9375,0,225,0,0,0,0,11,4,0,0,0,0,0.125,0.0,0.835
full4,conservative,mid,stock,20,5,ALL,176,176,-0.25,-2.21,-3.892,-7.668,-0.249,-0.249,-0.393,-0.233,0.459,20.0,3277,3272,0.9985,243,3272,0,0,0,0,5,0,0,0,0,41,0.099,0.0,0.777
full4,conservative,mid,stock,20,5,P1,91,91,-0.276,-2.0,-3.582,-4.772,-0.271,-0.274,-0.439,-0.295,0.46,20,1690,1687,0.9982,130,1687,0,0,0,0,3,0,0,0,0,25,0.072,0.0,0.769
full4,conservative,mid,stock,20,5,P2,85,85,-0.223,-1.23,-3.908,-7.668,-0.225,-0.224,-0.343,-0.166,0.458,20,1587,1585,0.9987,113,1585,0,0,0,0,2,0,0,0,0,16,0.128,0.0,0.786
full4,conservative,mid,stock,20,5,2023,40,40,-0.466,-2.52,-4.082,-4.772,-0.459,-0.464,-0.59,-0.525,0.441,20.0,693,692,0.9986,107,692,0,0,0,0,1,0,0,0,0,18,0.074,0.0,0.785
full4,conservative,mid,stock,20,5,2024,51,51,-0.127,-0.65,-3.249,-3.501,-0.124,-0.124,-0.321,-0.115,0.475,20,997,995,0.998,23,995,0,0,0,0,2,0,0,0,0,7,0.071,0.0,0.755
full4,conservative,mid,stock,20,5,2025,50,50,-0.305,-1.31,-4.238,-7.668,-0.309,-0.306,-0.509,-0.203,0.453,20.0,915,913,0.9978,85,913,0,0,0,0,2,0,0,0,0,11,0.136,0.0,0.782
full4,conservative,mid,stock,20,5,2026,35,35,-0.105,-0.36,-3.412,-3.607,-0.105,-0.105,-0.105,-0.115,0.464,20,672,672,1.0,28,672,0,0,0,0,0,0,0,0,0,5,0.117,0.0,0.788
full4,conservative,mid,stock,20,20,ALL,173,173,-0.875,-2.68,-7.801,-10.771,-0.86,-0.859,-1.804,-0.921,0.432,20,3217,3185,0.9901,243,3183,0,0,2,0,30,2,0,0,0,41,0.1,0.0,0.777
full4,conservative,mid,stock,20,20,P1,91,91,-0.815,-2.12,-5.728,-6.936,-0.793,-0.796,-1.532,-0.896,0.44,20,1690,1677,0.9923,130,1676,0,0,1,0,13,0,0,0,0,25,0.072,0.0,0.769
full4,conservative,mid,stock,20,20,P2,82,82,-0.942,-1.75,-9.358,-10.771,-0.934,-0.928,-2.106,-0.95,0.423,20.0,1527,1508,0.9876,113,1507,0,0,1,0,17,2,0,0,0,16,0.132,0.0,0.787
full4,conservative,mid,stock,20,20,2023,40,40,-0.938,-1.99,-6.082,-6.936,-0.913,-0.926,-1.695,-1.091,0.415,20.0,693,687,0.9913,107,687,0,0,0,0,6,0,0,0,0,18,0.074,0.0,0.785
full4,conservative,mid,stock,20,20,2024,51,51,-0.718,-1.23,-5.493,-5.648,-0.699,-0.693,-1.405,-0.743,0.459,20,997,990,0.993,23,989,0,0,1,0,7,0,0,0,0,7,0.071,0.0,0.755
full4,conservative,mid,stock,20,20,2025,50,50,-0.996,-1.42,-9.901,-10.771,-1.013,-1.001,-1.813,-0.899,0.419,20.0,915,907,0.9913,85,907,0,0,0,0,8,0,0,0,0,11,0.136,0.0,0.782
full4,conservative,mid,stock,20,20,2026,32,32,-0.857,-1.04,-7.017,-8.934,-0.809,-0.815,-2.564,-1.027,0.43,20.0,612,601,0.982,28,600,0,0,1,0,9,2,0,0,0,5,0.127,0.0,0.792
full4,conservative,mid,stock,20,63,ALL,165,165,-2.644,-2.98,-15.143,-16.833,-2.593,-2.558,-5.463,-2.874,0.389,20,3058,2968,0.9706,242,2961,0,0,7,0,84,6,0,0,0,40,0.101,0.0,0.776
full4,conservative,mid,stock,20,63,P1,91,91,-2.435,-3.18,-12.865,-14.341,-2.403,-2.369,-4.269,-2.575,0.395,20,1690,1658,0.9811,130,1655,0,0,3,0,32,0,0,0,0,25,0.072,0.0,0.769
full4,conservative,mid,stock,20,63,P2,74,74,-2.9,-1.69,-15.95,-16.833,-2.825,-2.791,-6.931,-3.247,0.382,20.0,1368,1310,0.9576,112,1306,0,0,4,0,52,6,0,0,0,15,0.138,0.0,0.786
full4,conservative,mid,stock,20,63,2023,40,40,-2.913,-4.75,-12.655,-13.452,-2.905,-2.82,-5.679,-3.167,0.359,20.0,693,672,0.9697,107,670,0,0,2,0,21,0,0,0,0,18,0.074,0.0,0.785
full4,conservative,mid,stock,20,63,2024,51,51,-2.06,-1.65,-13.004,-14.341,-2.01,-2.015,-3.164,-2.111,0.424,20,997,986,0.989,23,985,0,0,1,0,11,0,0,0,0,7,0.071,0.0,0.755
full4,conservative,mid,stock,20,63,2025,50,50,-2.143,-0.98,-16.001,-16.833,-2.113,-2.118,-5.059,-2.391,0.408,20.0,915,887,0.9694,85,885,0,0,2,0,28,0,0,0,0,11,0.136,0.0,0.782
full4,conservative,mid,stock,20,63,2026,24,24,-4.478,-2.07,-15.417,-15.799,-4.31,-4.192,-10.831,-4.996,0.33,20.0,453,423,0.9338,27,421,0,0,2,0,24,6,0,0,0,4,0.142,0.0,0.789
full4,conservative,short,mixed,10,5,ALL,176,176,-0.311,-2.52,-3.875,-6.226,-0.309,-0.307,-0.48,-0.314,0.433,10.0,1741,1738,0.9983,19,1738,0,0,0,0,3,0,0,0,0,5,0.087,0.0,0.801
full4,conservative,short,mixed,10,5,P1,91,91,-0.455,-2.87,-3.863,-4.577,-0.452,-0.451,-0.563,-0.457,0.426,10,909,908,0.9989,1,908,0,0,0,0,1,0,0,0,0,1,0.061,0.0,0.8
full4,conservative,short,mixed,10,5,P2,85,85,-0.157,-0.83,-3.671,-6.226,-0.156,-0.153,-0.391,-0.16,0.441,10,832,830,0.9976,18,830,0,0,0,0,2,0,0,0,0,4,0.116,0.0,0.802
full4,conservative,short,mixed,10,5,2023,40,40,-0.529,-2.32,-3.866,-4.234,-0.529,-0.529,-0.529,-0.533,0.428,10.0,399,399,1.0,1,399,0,0,0,0,0,0,0,0,0,1,0.048,0.0,0.782
full4,conservative,short,mixed,10,5,2024,51,51,-0.397,-1.81,-3.784,-4.577,-0.391,-0.39,-0.589,-0.397,0.424,10,510,509,0.998,0,509,0,0,0,0,1,0,0,0,0,0,0.071,0.0,0.81
full4,conservative,short,mixed,10,5,2025,50,50,-0.354,-1.49,-4.115,-6.226,-0.353,-0.347,-0.752,-0.359,0.417,10.0,483,481,0.9959,17,481,0,0,0,0,2,0,0,0,0,3,0.119,0.0,0.794
full4,conservative,short,mixed,10,5,2026,35,35,0.124,0.41,-3.005,-3.17,0.124,0.124,0.124,0.119,0.475,10,349,349,1.0,1,349,0,0,0,0,0,0,0,0,0,1,0.111,0.0,0.812
full4,conservative,short,mixed,10,20,ALL,173,173,-1.015,-2.7,-8.554,-10.884,-0.99,-0.982,-2.109,-1.019,0.402,10,1711,1692,0.9889,19,1692,0,0,0,0,19,0,0,0,0,5,0.088,0.0,0.802
full4,conservative,short,mixed,10,20,P1,91,91,-1.102,-2.5,-7.203,-7.939,-1.06,-1.058,-1.969,-1.104,0.392,10,909,901,0.9912,1,901,0,0,0,0,8,0,0,0,0,1,0.061,0.0,0.8
full4,conservative,short,mixed,10,20,P2,82,82,-0.917,-1.47,-9.24,-10.884,-0.913,-0.896,-2.265,-0.924,0.413,10.0,802,791,0.9863,18,791,0,0,0,0,11,0,0,0,0,4,0.119,0.0,0.805
full4,conservative,short,mixed,10,20,2023,40,40,-1.39,-2.34,-7.73,-7.939,-1.367,-1.36,-2.136,-1.394,0.358,10.0,399,396,0.9925,1,396,0,0,0,0,3,0,0,0,0,1,0.048,0.0,0.782
full4,conservative,short,mixed,10,20,2024,51,51,-0.877,-1.39,-6.852,-7.13,-0.819,-0.822,-1.839,-0.877,0.418,10,510,505,0.9902,0,505,0,0,0,0,5,0,0,0,0,0,0.071,0.0,0.81
full4,conservative,short,mixed,10,20,2025,50,50,-0.955,-1.27,-9.479,-10.884,-0.973,-0.95,-2.367,-0.97,0.394,10.0,483,476,0.9855,17,476,0,0,0,0,7,0,0,0,0,3,0.119,0.0,0.794
full4,conservative,short,mixed,10,20,2026,32,32,-0.857,-0.8,-8.744,-9.776,-0.819,-0.813,-2.105,-0.855,0.443,10.0,319,315,0.9875,1,315,0,0,0,0,4,0,0,0,0,1,0.119,0.0,0.819
full4,conservative,short,mixed,10,63,ALL,165,165,-3.116,-2.97,-16.767,-18.776,-3.061,-3.016,-6.026,-3.125,0.358,10,1631,1584,0.9712,19,1582,0,0,2,0,43,4,0,0,0,5,0.087,0.0,0.8
full4,conservative,short,mixed,10,63,P1,91,91,-3.03,-3.16,-13.22,-15.873,-3.01,-2.954,-4.964,-3.035,0.35,10,909,892,0.9813,1,890,0,0,2,0,17,0,0,0,0,1,0.061,0.0,0.8
full4,conservative,short,mixed,10,63,P2,74,74,-3.222,-1.63,-17.749,-18.776,-3.123,-3.092,-7.331,-3.237,0.368,10.0,722,692,0.9584,18,692,0,0,0,0,26,4,0,0,0,4,0.12,0.0,0.801
full4,conservative,short,mixed,10,63,2023,40,40,-4.046,-4.19,-13.975,-15.873,-4.08,-3.948,-7.202,-4.056,0.291,10.0,399,387,0.9699,1,385,0,0,2,0,12,0,0,0,0,1,0.048,0.0,0.782
full4,conservative,short,mixed,10,63,2024,51,51,-2.234,-1.54,-12.702,-14.96,-2.171,-2.174,-3.208,-2.234,0.397,10,510,505,0.9902,0,505,0,0,0,0,5,0,0,0,0,0,0.071,0.0,0.81
full4,conservative,short,mixed,10,63,2025,50,50,-2.498,-0.96,-17.648,-18.776,-2.447,-2.449,-5.761,-2.507,0.39,10.0,483,467,0.9669,17,467,0,0,0,0,16,0,0,0,0,3,0.119,0.0,0.794
full4,conservative,short,mixed,10,63,2026,24,24,-4.73,-2.13,-16.737,-18.052,-4.532,-4.431,-10.603,-4.727,0.324,10.0,239,225,0.9414,1,225,0,0,0,0,10,4,0,0,0,1,0.121,0.0,0.813
full4,conservative,short,mixed,20,5,ALL,176,176,-0.263,-2.35,-3.672,-7.318,-0.261,-0.262,-0.433,-0.28,0.447,20.0,3186,3180,0.9981,334,3180,0,0,0,0,5,1,0,0,0,62,0.091,0.0,0.779
full4,conservative,short,mixed,20,5,P1,91,91,-0.302,-2.26,-3.193,-4.127,-0.298,-0.3,-0.466,-0.333,0.445,20,1661,1658,0.9982,159,1658,0,0,0,0,3,0,0,0,0,30,0.06,0.0,0.768
full4,conservative,short,mixed,20,5,P2,85,85,-0.221,-1.22,-3.904,-7.318,-0.221,-0.221,-0.398,-0.223,0.45,20,1525,1522,0.998,175,1522,0,0,0,0,2,1,0,0,0,32,0.125,0.0,0.791
full4,conservative,short,mixed,20,5,2023,40,40,-0.435,-2.54,-3.249,-4.127,-0.429,-0.434,-0.56,-0.514,0.432,19.0,679,678,0.9985,121,678,0,0,0,0,1,0,0,0,0,22,0.059,0.0,0.762
full4,conservative,short,mixed,20,5,2024,51,51,-0.198,-1.01,-3.132,-3.627,-0.195,-0.195,-0.392,-0.191,0.455,20,982,980,0.998,38,980,0,0,0,0,2,0,0,0,0,8,0.06,0.0,0.771
full4,conservative,short,mixed,20,5,2025,50,50,-0.345,-1.43,-4.148,-7.318,-0.347,-0.344,-0.547,-0.363,0.433,20.0,893,891,0.9978,107,891,0,0,0,0,2,0,0,0,0,17,0.134,0.0,0.785
full4,conservative,short,mixed,20,5,2026,35,35,-0.044,-0.16,-3.537,-3.783,-0.041,-0.044,-0.185,-0.026,0.473,20,632,631,0.9984,68,631,0,0,0,0,0,1,0,0,0,15,0.112,0.0,0.797
full4,conservative,short,mixed,20,20,ALL,173,173,-0.895,-2.74,-7.916,-10.557,-0.884,-0.882,-1.71,-1.005,0.409,20,3126,3098,0.991,334,3096,0,0,2,0,27,1,0,0,0,62,0.093,0.0,0.779
full4,conservative,short,mixed,20,20,P1,91,91,-0.973,-2.53,-5.916,-6.932,-0.954,-0.955,-1.524,-1.139,0.397,20,1661,1651,0.994,159,1650,0,0,1,0,10,0,0,0,0,30,0.06,0.0,0.768
full4,conservative,short,mixed,20,20,P2,82,82,-0.81,-1.5,-9.417,-10.557,-0.807,-0.801,-1.917,-0.854,0.422,20.0,1465,1447,0.9877,175,1446,0,0,1,0,17,1,0,0,0,32,0.129,0.0,0.792
full4,conservative,short,mixed,20,20,2023,40,40,-1.046,-2.09,-6.53,-6.932,-1.035,-1.036,-1.552,-1.371,0.383,19.0,679,675,0.9941,121,675,0,0,0,0,4,0,0,0,0,22,0.059,0.0,0.762
full4,conservative,short,mixed,20,20,2024,51,51,-0.915,-1.61,-5.455,-5.648,-0.891,-0.892,-1.501,-0.957,0.409,20,982,976,0.9939,38,975,0,0,1,0,6,0,0,0,0,8,0.06,0.0,0.771
full4,conservative,short,mixed,20,20,2025,50,50,-0.911,-1.24,-9.852,-10.557,-0.924,-0.912,-1.724,-0.876,0.415,20.0,893,885,0.991,107,885,0,0,0,0,8,0,0,0,0,17,0.134,0.0,0.785
full4,conservative,short,mixed,20,20,2026,32,32,-0.65,-0.87,-7.263,-9.088,-0.623,-0.628,-2.219,-0.819,0.432,20.0,572,562,0.9825,68,561,0,0,1,0,9,1,0,0,0,15,0.121,0.0,0.801
full4,conservative,short,mixed,20,63,ALL,165,165,-2.809,-3.05,-15.722,-18.401,-2.767,-2.732,-5.249,-3.128,0.367,20,2970,2892,0.9737,330,2887,0,0,5,0,73,5,0,0,0,61,0.093,0.0,0.778
full4,conservative,short,mixed,20,63,P1,91,91,-2.716,-3.33,-11.586,-13.132,-2.685,-2.648,-4.196,-3.007,0.363,20,1661,1635,0.9843,159,1632,0,0,3,0,26,0,0,0,0,30,0.06,0.0,0.768
full4,conservative,short,mixed,20,63,P2,74,74,-2.923,-1.66,-17.359,-18.401,-2.867,-2.836,-6.544,-3.277,0.372,20.0,1309,1257,0.9603,171,1255,0,0,2,0,47,5,0,0,0,31,0.135,0.0,0.789
full4,conservative,short,mixed,20,63,2023,40,40,-3.291,-3.9,-10.535,-11.05,-3.288,-3.196,-5.651,-3.876,0.317,19.0,679,661,0.9735,121,659,0,0,2,0,18,0,0,0,0,22,0.059,0.0,0.762
full4,conservative,short,mixed,20,63,2024,51,51,-2.266,-1.78,-12.287,-13.132,-2.212,-2.218,-3.056,-2.326,0.398,20,982,974,0.9919,38,973,0,0,1,0,8,0,0,0,0,8,0.06,0.0,0.771
full4,conservative,short,mixed,20,63,2025,50,50,-2.235,-0.96,-17.457,-18.401,-2.202,-2.199,-5.034,-2.457,0.398,20.0,893,866,0.9698,107,865,0,0,1,0,27,0,0,0,0,17,0.134,0.0,0.785
full4,conservative,short,mixed,20,63,2026,24,24,-4.356,-2.04,-16.597,-17.066,-4.251,-4.162,-9.69,-4.952,0.321,18.5,416,391,0.9399,64,390,0,0,1,0,20,5,0,0,0,14,0.138,0.0,0.795
full4,conservative,short,stock,10,5,ALL,176,176,-0.261,-2.13,-3.849,-7.088,-0.262,-0.26,-0.433,-0.237,0.449,10.0,1724,1721,0.9983,36,1721,0,0,0,0,3,0,0,0,0,10,0.094,0.0,0.805
full4,conservative,short,stock,10,5,P1,91,91,-0.441,-2.83,-3.754,-4.234,-0.437,-0.437,-0.548,-0.435,0.441,10,902,901,0.9989,8,901,0,0,0,0,1,0,0,0,0,4,0.068,0.0,0.799
full4,conservative,short,stock,10,5,P2,85,85,-0.069,-0.37,-3.629,-7.088,-0.074,-0.071,-0.309,-0.022,0.457,10,822,820,0.9976,28,820,0,0,0,0,2,0,0,0,0,6,0.122,0.0,0.812
full4,conservative,short,stock,10,5,2023,40,40,-0.564,-2.44,-3.979,-4.234,-0.564,-0.564,-0.564,-0.552,0.438,10.0,392,392,1.0,8,392,0,0,0,0,0,0,0,0,0,4,0.064,0.0,0.789
full4,conservative,short,stock,10,5,2024,51,51,-0.344,-1.64,-3.482,-3.921,-0.338,-0.337,-0.536,-0.344,0.443,10,510,509,0.998,0,509,0,0,0,0,1,0,0,0,0,0,0.071,0.0,0.804
full4,conservative,short,stock,10,5,2025,50,50,-0.276,-1.1,-4.201,-7.088,-0.284,-0.278,-0.683,-0.186,0.436,10.0,475,473,0.9958,25,473,0,0,0,0,2,0,0,0,0,4,0.127,0.0,0.81
full4,conservative,short,stock,10,5,2026,35,35,0.225,0.79,-2.5,-2.84,0.225,0.225,0.225,0.207,0.488,10,347,347,1.0,3,347,0,0,0,0,0,0,0,0,0,2,0.115,0.0,0.812
full4,conservative,short,stock,10,20,ALL,173,173,-0.87,-2.42,-8.346,-10.605,-0.85,-0.842,-1.97,-0.863,0.429,10,1694,1675,0.9888,36,1675,0,0,0,0,19,0,0,0,0,10,0.095,0.0,0.806
full4,conservative,short,stock,10,20,P1,91,91,-0.962,-2.21,-6.933,-7.521,-0.919,-0.917,-1.828,-0.968,0.429,10,902,894,0.9911,8,894,0,0,0,0,8,0,0,0,0,4,0.068,0.0,0.799
full4,conservative,short,stock,10,20,P2,82,82,-0.769,-1.32,-9.214,-10.605,-0.774,-0.758,-2.126,-0.745,0.431,10.0,792,781,0.9861,28,781,0,0,0,0,11,0,0,0,0,6,0.126,0.0,0.815
full4,conservative,short,stock,10,20,2023,40,40,-1.27,-2.13,-7.266,-7.521,-1.245,-1.238,-2.015,-1.283,0.389,10.0,392,389,0.9923,8,389,0,0,0,0,3,0,0,0,0,4,0.064,0.0,0.789
full4,conservative,short,stock,10,20,2024,51,51,-0.72,-1.17,-6.566,-6.718,-0.663,-0.665,-1.682,-0.72,0.459,10,510,505,0.9902,0,505,0,0,0,0,5,0,0,0,0,0,0.071,0.0,0.804
full4,conservative,short,stock,10,20,2025,50,50,-0.906,-1.34,-10.138,-10.605,-0.939,-0.916,-2.334,-0.833,0.412,10.0,475,468,0.9853,25,468,0,0,0,0,7,0,0,0,0,4,0.127,0.0,0.81
full4,conservative,short,stock,10,20,2026,32,32,-0.555,-0.54,-7.56,-7.665,-0.516,-0.511,-1.802,-0.61,0.459,10.0,317,313,0.9874,3,313,0,0,0,0,4,0,0,0,0,2,0.123,0.0,0.819
full4,conservative,short,stock,10,63,ALL,165,165,-2.48,-2.52,-17.018,-20.829,-2.445,-2.388,-5.669,-2.517,0.394,10,1614,1563,0.9684,36,1561,0,0,2,0,47,4,0,0,0,10,0.094,0.0,0.805
full4,conservative,short,stock,10,63,P1,91,91,-2.22,-2.56,-13.353,-15.873,-2.206,-2.144,-4.397,-2.192,0.397,10,902,883,0.9789,8,881,0,0,2,0,19,0,0,0,0,4,0.068,0.0,0.799
full4,conservative,short,stock,10,63,P2,74,74,-2.8,-1.48,-19.033,-20.829,-2.74,-2.689,-7.232,-2.922,0.39,10.0,712,680,0.9551,28,680,0,0,0,0,28,4,0,0,0,6,0.127,0.0,0.814
full4,conservative,short,stock,10,63,2023,40,40,-2.946,-3.89,-14.331,-15.873,-2.993,-2.849,-6.658,-2.883,0.351,10.0,392,378,0.9643,8,376,0,0,2,0,14,0,0,0,0,4,0.064,0.0,0.789
full4,conservative,short,stock,10,63,2024,51,51,-1.65,-1.19,-12.702,-14.96,-1.588,-1.591,-2.625,-1.65,0.434,10,510,505,0.9902,0,505,0,0,0,0,5,0,0,0,0,0,0.071,0.0,0.804
full4,conservative,short,stock,10,63,2025,50,50,-2.118,-0.86,-19.36,-20.829,-2.118,-2.119,-5.646,-2.223,0.408,10.0,475,458,0.9642,25,458,0,0,0,0,17,0,0,0,0,4,0.127,0.0,0.81
full4,conservative,short,stock,10,63,2026,24,24,-4.22,-1.87,-16.69,-18.052,-4.038,-3.878,-10.537,-4.349,0.352,10.0,237,222,0.9367,3,222,0,0,0,0,11,4,0,0,0,2,0.127,0.0,0.817
full4,conservative,short,stock,20,5,ALL,176,176,-0.23,-2.16,-3.567,-6.456,-0.228,-0.229,-0.401,-0.224,0.462,20.0,3078,3072,0.9981,442,3072,0,0,0,0,5,1,0,0,0,70,0.095,0.0,0.785
full4,conservative,short,stock,20,5,P1,91,91,-0.289,-2.27,-3.155,-4.153,-0.284,-0.287,-0.453,-0.326,0.462,20,1599,1596,0.9981,221,1596,0,0,0,0,3,0,0,0,0,35,0.066,0.0,0.776
full4,conservative,short,stock,20,5,P2,85,85,-0.166,-0.96,-3.708,-6.456,-0.168,-0.167,-0.345,-0.114,0.462,20,1479,1476,0.998,221,1476,0,0,0,0,2,1,0,0,0,35,0.127,0.0,0.794
full4,conservative,short,stock,20,5,2023,40,40,-0.406,-2.49,-3.183,-4.153,-0.399,-0.404,-0.531,-0.522,0.448,16.0,624,623,0.9984,176,623,0,0,0,0,1,0,0,0,0,26,0.068,0.0,0.786
full4,conservative,short,stock,20,5,2024,51,51,-0.197,-1.05,-3.136,-3.639,-0.194,-0.195,-0.392,-0.171,0.473,20,975,973,0.9979,45,973,0,0,0,0,2,0,0,0,0,9,0.065,0.0,0.768
full4,conservative,short,stock,20,5,2025,50,50,-0.256,-1.14,-3.822,-6.456,-0.26,-0.258,-0.46,-0.177,0.45,20.0,861,859,0.9977,139,859,0,0,0,0,2,0,0,0,0,20,0.136,0.0,0.788
full4,conservative,short,stock,20,5,2026,35,35,-0.038,-0.14,-3.537,-3.783,-0.036,-0.038,-0.18,-0.025,0.479,20,618,617,0.9984,82,617,0,0,0,0,0,1,0,0,0,15,0.114,0.0,0.801
full4,conservative,short,stock,20,20,ALL,173,173,-0.776,-2.5,-7.626,-10.672,-0.767,-0.763,-1.622,-0.879,0.435,20,3018,2989,0.9904,442,2987,0,0,2,0,28,1,0,0,0,70,0.097,0.0,0.786
full4,conservative,short,stock,20,20,P1,91,91,-0.82,-2.19,-5.626,-6.752,-0.803,-0.801,-1.427,-1.018,0.434,20,1599,1588,0.9931,221,1587,0,0,1,0,11,0,0,0,0,35,0.066,0.0,0.776
full4,conservative,short,stock,20,20,P2,82,82,-0.727,-1.44,-9.103,-10.672,-0.727,-0.722,-1.838,-0.723,0.435,20.0,1419,1401,0.9873,221,1400,0,0,1,0,17,1,0,0,0,35,0.131,0.0,0.796
full4,conservative,short,stock,20,20,2023,40,40,-0.877,-1.89,-5.882,-6.752,-0.866,-0.867,-1.383,-1.265,0.412,16.0,624,620,0.9936,176,620,0,0,0,0,4,0,0,0,0,26,0.068,0.0,0.786
full4,conservative,short,stock,20,20,2024,51,51,-0.775,-1.38,-5.455,-5.648,-0.755,-0.749,-1.461,-0.825,0.452,20,975,968,0.9928,45,967,0,0,1,0,7,0,0,0,0,9,0.065,0.0,0.768
full4,conservative,short,stock,20,20,2025,50,50,-0.82,-1.2,-9.495,-10.672,-0.837,-0.824,-1.636,-0.702,0.43,20.0,861,853,0.9907,139,853,0,0,0,0,8,0,0,0,0,20,0.136,0.0,0.788
full4,conservative,short,stock,20,20,2026,32,32,-0.583,-0.81,-7.001,-9.088,-0.556,-0.561,-2.152,-0.755,0.443,20.0,558,548,0.9821,82,547,0,0,1,0,9,1,0,0,0,15,0.123,0.0,0.806
full4,conservative,short,stock,20,63,ALL,165,165,-2.331,-2.72,-15.055,-17.066,-2.3,-2.263,-4.846,-2.676,0.396,20,2863,2783,0.9721,437,2778,0,0,5,0,75,5,0,0,0,69,0.098,0.0,0.784
full4,conservative,short,stock,20,63,P1,91,91,-2.194,-2.88,-11.626,-13.511,-2.173,-2.131,-3.8,-2.443,0.4,20,1599,1571,0.9825,221,1568,0,0,3,0,28,0,0,0,0,35,0.066,0.0,0.776
full4,conservative,short,stock,20,63,P2,74,74,-2.499,-1.52,-16.369,-17.066,-2.456,-2.425,-6.133,-2.966,0.391,20.0,1264,1212,0.9589,216,1210,0,0,2,0,47,5,0,0,0,34,0.137,0.0,0.794
full4,conservative,short,stock,20,63,2023,40,40,-2.467,-4.48,-10.346,-11.117,-2.485,-2.388,-4.983,-2.954,0.361,16.0,624,605,0.9696,176,603,0,0,2,0,19,0,0,0,0,26,0.068,0.0,0.786
full4,conservative,short,stock,20,63,2024,51,51,-1.98,-1.54,-12.413,-13.511,-1.929,-1.929,-2.872,-2.041,0.43,20,975,966,0.9908,45,965,0,0,1,0,9,0,0,0,0,9,0.065,0.0,0.768
full4,conservative,short,stock,20,63,2025,50,50,-1.735,-0.82,-15.836,-16.684,-1.715,-1.712,-4.547,-2.103,0.417,20.0,861,834,0.9686,139,833,0,0,1,0,27,0,0,0,0,20,0.136,0.0,0.788
full4,conservative,short,stock,20,63,2026,24,24,-4.092,-1.93,-16.597,-17.066,-4.0,-3.91,-9.438,-4.73,0.337,18.0,403,378,0.938,77,377,0,0,1,0,20,5,0,0,0,14,0.138,0.0,0.804
g3,aggressive,long,mixed,10,5,ALL,176,176,-0.062,-0.22,-9.003,-14.665,-0.067,-0.063,-0.292,-0.062,0.461,10.0,1760,1751,0.9949,0,1751,0,0,0,0,4,0,0,5,0,0,0.085,0.227,0.594
g3,aggressive,long,mixed,10,5,P1,91,91,-0.226,-0.81,-5.377,-8.413,-0.234,-0.227,-0.56,-0.226,0.437,10,910,905,0.9945,0,905,0,0,0,0,3,0,0,2,0,0,0.068,0.223,0.567
g3,aggressive,long,mixed,10,5,P2,85,85,0.113,0.23,-10.476,-14.665,0.111,0.113,-0.005,0.113,0.487,10,850,846,0.9953,0,846,0,0,0,0,1,0,0,3,0,0,0.104,0.23,0.621
g3,aggressive,long,mixed,10,5,2023,40,40,-0.374,-1.08,-4.606,-4.616,-0.376,-0.372,-0.621,-0.374,0.428,10.0,400,398,0.995,0,398,0,0,0,0,1,0,0,1,0,0,0.073,0.232,0.556
g3,aggressive,long,mixed,10,5,2024,51,51,-0.11,-0.26,-5.855,-8.413,-0.121,-0.113,-0.511,-0.11,0.445,10,510,507,0.9941,0,507,0,0,0,0,2,0,0,1,0,0,0.063,0.217,0.58
g3,aggressive,long,mixed,10,5,2025,50,50,0.031,0.06,-7.322,-9.177,0.013,0.031,-0.17,0.031,0.482,10.0,500,497,0.994,0,497,0,0,0,0,1,0,0,2,0,0,0.134,0.265,0.618
g3,aggressive,long,mixed,10,5,2026,35,35,0.231,0.24,-13.042,-14.665,0.252,0.231,0.231,0.231,0.495,10,350,349,0.9971,0,349,0,0,0,0,0,0,0,1,0,0,0.061,0.18,0.624
g3,aggressive,long,mixed,10,20,ALL,173,173,-0.278,-0.36,-16.639,-26.652,-0.332,-0.307,-1.9,-0.278,0.405,10,1730,1698,0.9815,0,1695,0,0,3,0,24,3,0,5,0,0,0.087,0.231,0.594
g3,aggressive,long,mixed,10,20,P1,91,91,-0.372,-0.54,-9.36,-10.548,-0.396,-0.379,-1.522,-0.372,0.409,10,910,898,0.9868,0,898,0,0,0,0,10,0,0,2,0,0,0.068,0.223,0.567
g3,aggressive,long,mixed,10,20,P2,82,82,-0.173,-0.12,-20.13,-26.652,-0.261,-0.227,-2.319,-0.173,0.401,10.0,820,800,0.9756,0,797,0,0,3,0,14,3,0,3,0,0,0.108,0.239,0.622
g3,aggressive,long,mixed,10,20,2023,40,40,-1.15,-2.48,-6.903,-7.682,-1.136,-1.137,-2.171,-1.15,0.431,10.0,400,395,0.9875,0,395,0,0,0,0,4,0,0,1,0,0,0.073,0.232,0.556
g3,aggressive,long,mixed,10,20,2024,51,51,0.237,0.2,-10.18,-10.548,0.185,0.215,-1.013,0.237,0.392,10,510,503,0.9863,0,503,0,0,0,0,6,0,0,1,0,0,0.063,0.217,0.58
g3,aggressive,long,mixed,10,20,2025,50,50,-0.854,-0.53,-16.989,-18.665,-0.838,-0.853,-2.866,-0.854,0.364,10.0,500,488,0.976,0,488,0,0,0,0,10,0,0,2,0,0,0.134,0.265,0.618
g3,aggressive,long,mixed,10,20,2026,32,32,0.889,0.33,-23.689,-26.652,0.641,0.75,-1.465,0.889,0.458,10.0,320,312,0.975,0,309,0,0,3,0,4,3,0,1,0,0,0.066,0.197,0.626
g3,aggressive,long,mixed,10,63,ALL,165,165,-1.494,-0.94,-23.125,-36.733,-1.265,-1.545,-5.845,-1.494,0.357,10,1650,1578,0.9564,0,1572,0,0,6,0,65,2,0,5,0,0,0.089,0.239,0.586
g3,aggressive,long,mixed,10,63,P1,91,91,-1.981,-2.34,-16.779,-19.554,-1.708,-1.952,-4.63,-1.981,0.343,10,910,885,0.9725,0,885,0,0,0,0,23,0,0,2,0,0,0.068,0.223,0.567
g3,aggressive,long,mixed,10,63,P2,74,74,-0.896,-0.27,-28.638,-36.733,-0.72,-1.043,-7.339,-0.896,0.375,10.0,740,693,0.9365,0,687,0,0,6,0,42,2,0,3,0,0,0.115,0.258,0.608
g3,aggressive,long,mixed,10,63,2023,40,40,-1.802,-1.47,-18.968,-19.554,-1.779,-1.7,-4.311,-1.802,0.389,10.0,400,389,0.9725,0,389,0,0,0,0,10,0,0,1,0,0,0.073,0.232,0.556
g3,aggressive,long,mixed,10,63,2024,51,51,-2.12,-1.96,-15.321,-18.141,-1.653,-2.15,-4.88,-2.12,0.307,10,510,496,0.9725,0,496,0,0,0,0,13,0,0,1,0,0,0.063,0.217,0.58
g3,aggressive,long,mixed,10,63,2025,50,50,0.027,0.01,-19.521,-21.065,0.46,-0.143,-6.656,0.027,0.395,10.0,500,467,0.934,0,466,0,0,1,0,31,0,0,2,0,0,0.134,0.265,0.618
g3,aggressive,long,mixed,10,63,2026,24,24,-2.82,-0.46,-34.768,-36.733,-3.178,-2.92,-8.761,-2.82,0.332,10.0,240,226,0.9417,0,221,0,0,5,0,11,2,0,1,0,0,0.076,0.244,0.583
g3,aggressive,long,mixed,20,5,ALL,176,176,-0.069,-0.31,-7.216,-11.075,-0.071,-0.07,-0.441,-0.069,0.459,20.0,3520,3502,0.9949,0,3502,0,0,0,0,12,1,0,5,0,0,0.108,0.205,0.559
g3,aggressive,long,mixed,20,5,P1,91,91,-0.195,-0.87,-4.147,-4.815,-0.197,-0.197,-0.583,-0.195,0.437,20,1820,1811,0.9951,0,1811,0,0,0,0,7,0,0,2,0,0,0.077,0.201,0.544
g3,aggressive,long,mixed,20,5,P2,85,85,0.065,0.17,-8.424,-11.075,0.064,0.065,-0.288,0.065,0.482,20,1700,1691,0.9947,0,1691,0,0,0,0,5,1,0,3,0,0,0.142,0.21,0.573
g3,aggressive,long,mixed,20,5,2023,40,40,-0.298,-1.08,-3.448,-3.871,-0.3,-0.301,-0.676,-0.298,0.438,20.0,800,796,0.995,0,796,0,0,0,0,3,0,0,1,0,0,0.08,0.204,0.545
g3,aggressive,long,mixed,20,5,2024,51,51,-0.114,-0.34,-4.294,-4.815,-0.117,-0.116,-0.51,-0.114,0.436,20,1020,1015,0.9951,0,1015,0,0,0,0,4,0,0,1,0,0,0.074,0.198,0.544
g3,aggressive,long,mixed,20,5,2025,50,50,0.0,0.0,-5.525,-7.865,-0.003,0.005,-0.393,0.0,0.476,20.0,1000,994,0.994,0,994,0,0,0,0,4,0,0,2,0,0,0.17,0.241,0.573
g3,aggressive,long,mixed,20,5,2026,35,35,0.158,0.2,-10.031,-11.075,0.159,0.152,-0.139,0.158,0.49,20,700,697,0.9957,0,697,0,0,0,0,1,1,0,1,0,0,0.103,0.166,0.575
g3,aggressive,long,mixed,20,20,ALL,173,173,-0.016,-0.02,-13.281,-22.181,-0.046,-0.025,-1.707,-0.016,0.425,20,3460,3398,0.9821,0,3395,0,0,3,0,54,3,0,5,0,0,0.11,0.208,0.558
g3,aggressive,long,mixed,20,20,P1,91,91,-0.339,-0.52,-7.411,-9.15,-0.341,-0.333,-1.856,-0.339,0.412,20,1820,1791,0.9841,0,1791,0,0,0,0,27,0,0,2,0,0,0.077,0.201,0.544
g3,aggressive,long,mixed,20,20,P2,82,82,0.343,0.3,-15.65,-22.181,0.281,0.317,-1.541,0.343,0.439,20.0,1640,1607,0.9799,0,1604,0,0,3,0,27,3,0,3,0,0,0.147,0.216,0.573
g3,aggressive,long,mixed,20,20,2023,40,40,-1.271,-3.45,-6.051,-7.038,-1.24,-1.24,-3.036,-1.271,0.419,20.0,800,785,0.9812,0,785,0,0,0,0,14,0,0,1,0,0,0.08,0.204,0.545
g3,aggressive,long,mixed,20,20,2024,51,51,0.393,0.37,-8.003,-9.15,0.364,0.379,-0.93,0.393,0.407,20,1020,1006,0.9863,0,1006,0,0,0,0,13,0,0,1,0,0,0.074,0.198,0.544
g3,aggressive,long,mixed,20,20,2025,50,50,0.055,0.05,-11.932,-13.909,0.023,0.035,-1.878,0.055,0.422,20.0,1000,979,0.979,0,979,0,0,0,0,19,0,0,2,0,0,0.17,0.241,0.573
g3,aggressive,long,mixed,20,20,2026,32,32,0.793,0.36,-20.662,-22.181,0.684,0.757,-1.014,0.793,0.467,20.0,640,628,0.9812,0,625,0,0,3,0,8,3,0,1,0,0,0.111,0.178,0.574
g3,aggressive,long,mixed,20,63,ALL,165,165,-0.248,-0.16,-21.215,-32.824,-0.105,-0.341,-4.856,-0.248,0.385,20,3300,3154,0.9558,0,3142,0,0,12,0,138,3,0,5,0,0,0.112,0.214,0.553
g3,aggressive,long,mixed,20,63,P1,91,91,-1.137,-1.11,-11.847,-13.215,-0.94,-1.11,-4.558,-1.137,0.368,20,1820,1759,0.9665,0,1759,0,0,0,0,59,0,0,2,0,0,0.077,0.201,0.544
g3,aggressive,long,mixed,20,63,P2,74,74,0.845,0.27,-26.112,-32.824,0.921,0.605,-5.222,0.845,0.407,20.0,1480,1395,0.9426,0,1383,0,0,12,0,79,3,0,3,0,0,0.156,0.231,0.563
g3,aggressive,long,mixed,20,63,2023,40,40,-1.426,-0.95,-12.253,-12.594,-1.374,-1.319,-5.596,-1.426,0.396,20.0,800,767,0.9587,0,767,0,0,0,0,32,0,0,1,0,0,0.08,0.204,0.545
g3,aggressive,long,mixed,20,63,2024,51,51,-0.911,-0.77,-11.194,-13.215,-0.6,-0.947,-3.744,-0.911,0.346,20,1020,992,0.9725,0,992,0,0,0,0,27,0,0,1,0,0,0.074,0.198,0.544
g3,aggressive,long,mixed,20,63,2025,50,50,2.093,0.64,-17.326,-19.63,2.306,1.788,-4.266,2.093,0.435,20.0,1000,940,0.94,0,934,0,0,6,0,58,0,0,2,0,0,0.17,0.241,0.573
g3,aggressive,long,mixed,20,63,2026,24,24,-1.754,-0.27,-29.844,-32.824,-1.963,-1.861,-7.215,-1.754,0.348,20.0,480,455,0.9479,0,449,0,0,6,0,21,3,0,1,0,0,0.129,0.211,0.543
g3,aggressive,long,stock,10,5,ALL,176,176,0.06,0.2,-9.054,-14.665,0.054,0.058,-0.346,0.061,0.475,10.0,1759,1747,0.9932,1,1747,0,0,0,0,7,0,0,5,0,1,0.088,0.217,0.578
g3,aggressive,long,stock,10,5,P1,91,91,-0.092,-0.32,-5.582,-8.413,-0.097,-0.095,-0.539,-0.092,0.469,10,910,904,0.9934,0,904,0,0,0,0,4,0,0,2,0,0,0.071,0.207,0.554
g3,aggressive,long,stock,10,5,P2,85,85,0.223,0.42,-10.497,-14.665,0.216,0.222,-0.14,0.225,0.482,10,849,843,0.9929,1,843,0,0,0,0,3,0,0,3,0,1,0.106,0.228,0.602
g3,aggressive,long,stock,10,5,2023,40,40,-0.278,-0.73,-4.819,-5.023,-0.273,-0.28,-0.782,-0.278,0.464,10.0,400,397,0.9925,0,397,0,0,0,0,2,0,0,1,0,0,0.08,0.21,0.533
g3,aggressive,long,stock,10,5,2024,51,51,0.054,0.13,-5.893,-8.413,0.042,0.05,-0.348,0.054,0.472,10,510,507,0.9941,0,507,0,0,0,0,2,0,0,1,0,0,0.065,0.204,0.572
g3,aggressive,long,stock,10,5,2025,50,50,-0.025,-0.05,-7.521,-9.177,-0.052,-0.028,-0.642,-0.023,0.475,10.0,499,494,0.99,1,494,0,0,0,0,3,0,0,2,0,1,0.132,0.266,0.6
g3,aggressive,long,stock,10,5,2026,35,35,0.578,0.56,-13.042,-14.665,0.599,0.578,0.578,0.578,0.492,10,350,349,0.9971,0,349,0,0,0,0,0,0,0,1,0,0,0.069,0.174,0.603
g3,aggressive,long,stock,10,20,ALL,173,173,0.053,0.06,-16.738,-26.652,0.02,0.037,-2.014,0.048,0.46,10,1729,1689,0.9769,1,1686,0,0,3,0,32,3,0,5,0,1,0.09,0.221,0.578
g3,aggressive,long,stock,10,20,P1,91,91,0.152,0.19,-9.823,-10.763,0.13,0.138,-1.334,0.152,0.497,10,910,895,0.9835,0,895,0,0,0,0,13,0,0,2,0,0,0.071,0.207,0.554
g3,aggressive,long,stock,10,20,P2,82,82,-0.056,-0.04,-20.13,-26.652,-0.103,-0.075,-2.768,-0.067,0.418,10.0,819,794,0.9695,1,791,0,0,3,0,19,3,0,3,0,1,0.11,0.237,0.602
g3,aggressive,long,stock,10,20,2023,40,40,-1.114,-2.1,-9.012,-10.763,-1.09,-1.118,-2.655,-1.114,0.454,10.0,400,393,0.9825,0,393,0,0,0,0,6,0,0,1,0,0,0.08,0.21,0.533
g3,aggressive,long,stock,10,20,2024,51,51,1.144,0.9,-10.18,-10.548,1.087,1.122,-0.299,1.144,0.531,10,510,502,0.9843,0,502,0,0,0,0,7,0,0,1,0,0,0.065,0.204,0.572
g3,aggressive,long,stock,10,20,2025,50,50,-1.033,-0.61,-16.989,-18.665,-0.942,-0.963,-3.962,-1.051,0.385,10.0,499,482,0.9659,1,482,0,0,0,0,15,0,0,2,0,1,0.132,0.266,0.6
g3,aggressive,long,stock,10,20,2026,32,32,1.47,0.53,-23.689,-26.652,1.208,1.313,-0.902,1.47,0.47,10.0,320,312,0.975,0,309,0,0,3,0,4,3,0,1,0,0,0.075,0.191,0.603
g3,aggressive,long,stock,10,63,ALL,165,165,0.673,0.36,-22.695,-36.733,0.85,0.55,-4.797,0.656,0.43,10,1649,1561,0.9466,1,1555,0,0,6,0,81,2,0,5,0,1,0.092,0.229,0.57
g3,aggressive,long,stock,10,63,P1,91,91,0.769,0.55,-16.131,-18.827,0.959,0.708,-2.685,0.769,0.448,10,910,879,0.9659,0,879,0,0,0,0,29,0,0,2,0,0,0.071,0.207,0.554
g3,aggressive,long,stock,10,63,P2,74,74,0.554,0.15,-28.838,-36.733,0.716,0.356,-7.394,0.517,0.407,10.0,739,682,0.9229,1,676,0,0,6,0,52,2,0,3,0,1,0.118,0.256,0.588
g3,aggressive,long,stock,10,63,2023,40,40,0.427,0.21,-16.796,-18.827,0.4,0.437,-3.003,0.427,0.449,10.0,400,386,0.965,0,386,0,0,0,0,13,0,0,1,0,0,0.08,0.21,0.533
g3,aggressive,long,stock,10,63,2024,51,51,1.038,0.63,-14.997,-18.141,1.398,0.92,-2.435,1.038,0.448,10,510,493,0.9667,0,493,0,0,0,0,16,0,0,1,0,0,0.065,0.204,0.572
g3,aggressive,long,stock,10,63,2025,50,50,1.224,0.29,-17.311,-18.852,1.738,1.024,-7.429,1.169,0.422,10.0,499,457,0.9158,1,456,0,0,1,0,40,0,0,2,0,1,0.132,0.266,0.6
g3,aggressive,long,stock,10,63,2026,24,24,-0.841,-0.12,-34.768,-36.733,-1.413,-1.035,-7.322,-0.841,0.377,10.0,240,225,0.9375,0,220,0,0,5,0,12,2,0,1,0,0,0.088,0.233,0.557
g3,aggressive,long,stock,20,5,ALL,176,176,0.019,0.08,-7.798,-11.075,0.014,0.013,-0.414,0.022,0.478,20.0,3509,3489,0.9943,11,3489,0,0,0,0,14,1,0,5,0,1,0.111,0.205,0.542
g3,aggressive,long,stock,20,5,P1,91,91,-0.025,-0.11,-4.176,-4.815,-0.029,-0.029,-0.471,-0.025,0.467,20,1820,1810,0.9945,0,1810,0,0,0,0,8,0,0,2,0,0,0.079,0.205,0.529
g3,aggressive,long,stock,20,5,P2,85,85,0.065,0.16,-9.06,-11.075,0.059,0.058,-0.353,0.072,0.49,20,1689,1679,0.9941,11,1679,0,0,0,0,6,1,0,3,0,1,0.146,0.205,0.557
g3,aggressive,long,stock,20,5,2023,40,40,-0.234,-0.78,-4.01,-4.149,-0.239,-0.241,-0.744,-0.234,0.461,20.0,800,795,0.9938,0,795,0,0,0,0,4,0,0,1,0,0,0.08,0.22,0.535
g3,aggressive,long,stock,20,5,2024,51,51,0.139,0.41,-4.286,-4.815,0.136,0.138,-0.256,0.139,0.472,20,1020,1015,0.9951,0,1015,0,0,0,0,4,0,0,1,0,0,0.077,0.194,0.525
g3,aggressive,long,stock,20,5,2025,50,50,0.021,0.05,-5.792,-8.23,0.012,0.02,-0.377,0.032,0.486,20.0,989,983,0.9939,11,983,0,0,0,0,4,0,0,2,0,1,0.173,0.232,0.554
g3,aggressive,long,stock,20,5,2026,35,35,0.129,0.15,-10.031,-11.075,0.127,0.111,-0.319,0.129,0.496,20,700,696,0.9943,0,696,0,0,0,0,2,1,0,1,0,0,0.106,0.167,0.563
g3,aggressive,long,stock,20,20,ALL,173,173,0.271,0.42,-13.369,-22.181,0.218,0.245,-1.791,0.247,0.473,20,3449,3375,0.9785,11,3372,0,0,3,0,66,3,0,5,0,1,0.113,0.208,0.542
g3,aggressive,long,stock,20,20,P1,91,91,0.189,0.28,-7.507,-9.15,0.173,0.187,-1.737,0.189,0.488,20,1820,1784,0.9802,0,1784,0,0,0,0,34,0,0,2,0,0,0.079,0.205,0.529
g3,aggressive,long,stock,20,20,P2,82,82,0.361,0.32,-15.65,-22.181,0.269,0.308,-1.851,0.311,0.456,20.0,1629,1591,0.9767,11,1588,0,0,3,0,32,3,0,3,0,1,0.15,0.211,0.557
g3,aggressive,long,stock,20,20,2023,40,40,-1.065,-3.14,-6.482,-7.515,-1.043,-1.031,-3.354,-1.065,0.442,20.0,800,781,0.9762,0,781,0,0,0,0,18,0,0,1,0,0,0.08,0.22,0.535
g3,aggressive,long,stock,20,20,2024,51,51,1.172,1.06,-8.003,-9.15,1.127,1.143,-0.469,1.172,0.525,20,1020,1003,0.9833,0,1003,0,0,0,0,16,0,0,1,0,0,0.077,0.194,0.525
g3,aggressive,long,stock,20,20,2025,50,50,0.168,0.14,-12.198,-13.909,0.116,0.127,-1.979,0.086,0.45,20.0,989,966,0.9767,11,966,0,0,0,0,21,0,0,2,0,1,0.173,0.232,0.554
g3,aggressive,long,stock,20,20,2026,32,32,0.663,0.3,-20.662,-22.181,0.507,0.593,-1.652,0.663,0.464,20.0,640,625,0.9766,0,622,0,0,3,0,11,3,0,1,0,0,0.114,0.178,0.565
g3,aggressive,long,stock,20,63,ALL,165,165,1.196,0.72,-20.588,-32.824,1.252,1.038,-4.214,1.12,0.449,20,3289,3120,0.9486,11,3108,0,0,12,0,161,3,0,5,0,1,0.115,0.215,0.537
g3,aggressive,long,stock,20,63,P1,91,91,0.949,0.75,-11.668,-12.922,1.072,0.941,-3.325,0.949,0.467,20,1820,1745,0.9588,0,1745,0,0,0,0,73,0,0,2,0,0,0.079,0.205,0.529
g3,aggressive,long,stock,20,63,P2,74,74,1.499,0.45,-26.738,-32.824,1.474,1.157,-5.307,1.331,0.428,20.0,1469,1375,0.936,11,1363,0,0,12,0,88,3,0,3,0,1,0.16,0.226,0.547
g3,aggressive,long,stock,20,63,2023,40,40,-0.058,-0.03,-12.686,-12.922,-0.081,0.018,-5.347,-0.058,0.446,20.0,800,759,0.9487,0,759,0,0,0,0,40,0,0,1,0,0,0.08,0.22,0.535
g3,aggressive,long,stock,20,63,2024,51,51,1.739,1.39,-10.024,-10.8,1.976,1.664,-1.74,1.739,0.483,20,1020,986,0.9667,0,986,0,0,0,0,33,0,0,1,0,0,0.077,0.194,0.525
g3,aggressive,long,stock,20,63,2025,50,50,3.04,0.89,-12.879,-15.684,3.16,2.629,-3.941,2.791,0.453,20.0,989,924,0.9343,11,918,0,0,6,0,63,0,0,2,0,1,0.173,0.232,0.554
g3,aggressive,long,stock,20,63,2026,24,24,-1.712,-0.24,-29.844,-32.824,-2.039,-1.91,-8.151,-1.712,0.375,20.0,480,451,0.9396,0,445,0,0,6,0,25,3,0,1,0,0,0.133,0.213,0.537
g3,aggressive,mid,mixed,10,5,ALL,176,176,-0.208,-0.82,-8.519,-14.601,-0.214,-0.209,-0.438,-0.208,0.449,10.0,1760,1752,0.9955,0,1752,0,0,0,0,4,0,0,4,0,0,0.084,0.246,0.617
g3,aggressive,mid,mixed,10,5,P1,91,91,-0.239,-0.97,-4.797,-6.449,-0.249,-0.242,-0.574,-0.239,0.426,10,910,905,0.9945,0,905,0,0,0,0,3,0,0,2,0,0,0.067,0.242,0.6
g3,aggressive,mid,mixed,10,5,P2,85,85,-0.174,-0.38,-10.075,-14.601,-0.178,-0.173,-0.291,-0.174,0.474,10,850,847,0.9965,0,847,0,0,0,0,1,0,0,2,0,0,0.101,0.25,0.635
g3,aggressive,mid,mixed,10,5,2023,40,40,-0.28,-0.84,-4.39,-4.752,-0.287,-0.283,-0.532,-0.28,0.426,10.0,400,398,0.995,0,398,0,0,0,0,1,0,0,1,0,0,0.075,0.248,0.592
g3,aggressive,mid,mixed,10,5,2024,51,51,-0.207,-0.58,-5.068,-6.449,-0.218,-0.21,-0.608,-0.207,0.427,10,510,507,0.9941,0,507,0,0,0,0,2,0,0,1,0,0,0.061,0.237,0.608
g3,aggressive,mid,mixed,10,5,2025,50,50,-0.127,-0.26,-7.599,-8.253,-0.148,-0.126,-0.327,-0.127,0.474,10.0,500,498,0.996,0,498,0,0,0,0,1,0,0,1,0,0,0.138,0.286,0.631
g3,aggressive,mid,mixed,10,5,2026,35,35,-0.241,-0.28,-13.01,-14.601,-0.22,-0.241,-0.241,-0.241,0.475,10,350,349,0.9971,0,349,0,0,0,0,0,0,0,1,0,0,0.048,0.198,0.638
g3,aggressive,mid,mixed,10,20,ALL,173,173,-0.568,-0.81,-15.729,-26.652,-0.612,-0.573,-1.935,-0.568,0.393,10,1730,1703,0.9844,0,1701,0,0,2,0,20,3,0,4,0,0,0.085,0.25,0.616
g3,aggressive,mid,mixed,10,20,P1,91,91,-0.445,-0.69,-9.036,-10.548,-0.445,-0.432,-1.347,-0.445,0.4,10,910,900,0.989,0,900,0,0,0,0,8,0,0,2,0,0,0.067,0.242,0.6
g3,aggressive,mid,mixed,10,20,P2,82,82,-0.705,-0.54,-18.681,-26.652,-0.797,-0.729,-2.588,-0.705,0.385,10.0,820,803,0.9793,0,801,0,0,2,0,12,3,0,2,0,0,0.104,0.259,0.633
g3,aggressive,mid,mixed,10,20,2023,40,40,-1.044,-2.39,-6.434,-6.843,-1.041,-1.046,-1.562,-1.044,0.426,10.0,400,397,0.9925,0,397,0,0,0,0,2,0,0,1,0,0,0.075,0.248,0.592
g3,aggressive,mid,mixed,10,20,2024,51,51,0.026,0.02,-9.986,-10.548,0.023,0.05,-1.178,0.026,0.38,10,510,503,0.9863,0,503,0,0,0,0,6,0,0,1,0,0,0.061,0.237,0.608
g3,aggressive,mid,mixed,10,20,2025,50,50,-1.194,-0.86,-15.174,-17.892,-1.144,-1.152,-2.353,-1.194,0.351,10.0,500,493,0.986,0,493,0,0,0,0,6,0,0,1,0,0,0.138,0.286,0.631
g3,aggressive,mid,mixed,10,20,2026,32,32,0.059,0.02,-23.689,-26.652,-0.255,-0.069,-2.955,0.059,0.439,10.0,320,310,0.9688,0,308,0,0,2,0,6,3,0,1,0,0,0.053,0.217,0.635
g3,aggressive,mid,mixed,10,63,ALL,165,165,-2.11,-1.32,-24.051,-36.733,-1.874,-2.122,-6.298,-2.11,0.345,10,1650,1581,0.9582,0,1576,0,0,5,0,63,2,0,4,0,0,0.087,0.26,0.609
g3,aggressive,mid,mixed,10,63,P1,91,91,-2.156,-2.86,-15.441,-18.141,-1.897,-2.088,-4.664,-2.156,0.339,10,910,886,0.9736,0,886,0,0,0,0,22,0,0,2,0,0,0.067,0.242,0.6
g3,aggressive,mid,mixed,10,63,P2,74,74,-2.054,-0.6,-29.711,-36.733,-1.846,-2.165,-8.308,-2.054,0.352,10.0,740,695,0.9392,0,690,0,0,5,0,41,2,0,2,0,0,0.112,0.281,0.619
g3,aggressive,mid,mixed,10,63,2023,40,40,-1.897,-1.98,-12.482,-13.791,-1.908,-1.837,-4.753,-1.897,0.396,10.0,400,388,0.97,0,388,0,0,0,0,11,0,0,1,0,0,0.075,0.248,0.592
g3,aggressive,mid,mixed,10,63,2024,51,51,-2.36,-2.08,-16.593,-18.141,-1.889,-2.284,-4.594,-2.36,0.295,10,510,498,0.9765,0,498,0,0,0,0,11,0,0,1,0,0,0.061,0.237,0.608
g3,aggressive,mid,mixed,10,63,2025,50,50,-0.413,-0.1,-21.39,-23.593,0.022,-0.614,-6.248,-0.413,0.383,10.0,500,472,0.944,0,471,0,0,1,0,27,0,0,1,0,0,0.138,0.286,0.631
g3,aggressive,mid,mixed,10,63,2026,24,24,-5.473,-0.96,-34.768,-36.733,-5.739,-5.397,-12.601,-5.473,0.289,10.0,240,223,0.9292,0,219,0,0,4,0,14,2,0,1,0,0,0.058,0.27,0.591
g3,aggressive,mid,mixed,20,5,ALL,176,176,-0.16,-0.74,-7.255,-11.412,-0.159,-0.158,-0.53,-0.16,0.455,20.0,3520,3502,0.9949,0,3502,0,0,0,0,12,1,0,5,0,0,0.105,0.218,0.577
g3,aggressive,mid,mixed,20,5,P1,91,91,-0.192,-0.87,-4.314,-5.165,-0.191,-0.19,-0.579,-0.192,0.431,20,1820,1811,0.9951,0,1811,0,0,0,0,7,0,0,2,0,0,0.076,0.217,0.563
g3,aggressive,mid,mixed,20,5,P2,85,85,-0.126,-0.33,-8.648,-11.412,-0.124,-0.124,-0.478,-0.126,0.48,20,1700,1691,0.9947,0,1691,0,0,0,0,5,1,0,3,0,0,0.135,0.219,0.593
g3,aggressive,mid,mixed,20,5,2023,40,40,-0.255,-0.9,-3.473,-4.02,-0.253,-0.252,-0.634,-0.255,0.434,20.0,800,796,0.995,0,796,0,0,0,0,3,0,0,1,0,0,0.073,0.222,0.558
g3,aggressive,mid,mixed,20,5,2024,51,51,-0.142,-0.44,-4.515,-5.165,-0.142,-0.141,-0.535,-0.142,0.43,20,1020,1015,0.9951,0,1015,0,0,0,0,4,0,0,1,0,0,0.079,0.213,0.567
g3,aggressive,mid,mixed,20,5,2025,50,50,-0.162,-0.42,-6.356,-7.768,-0.165,-0.156,-0.661,-0.162,0.477,20.0,1000,993,0.993,0,993,0,0,0,0,5,0,0,2,0,0,0.17,0.244,0.588
g3,aggressive,mid,mixed,20,5,2026,35,35,-0.074,-0.1,-10.2,-11.412,-0.066,-0.077,-0.218,-0.074,0.484,20,700,698,0.9971,0,698,0,0,0,0,0,1,0,1,0,0,0.084,0.184,0.606
g3,aggressive,mid,mixed,20,20,ALL,173,173,-0.456,-0.75,-13.52,-20.475,-0.492,-0.463,-1.913,-0.456,0.411,20,3460,3406,0.9844,0,3403,0,0,3,0,46,3,0,5,0,0,0.106,0.221,0.576
g3,aggressive,mid,mixed,20,20,P1,91,91,-0.486,-0.79,-7.739,-8.827,-0.492,-0.486,-1.618,-0.486,0.406,20,1820,1798,0.9879,0,1798,0,0,0,0,20,0,0,2,0,0,0.076,0.217,0.563
g3,aggressive,mid,mixed,20,20,P2,82,82,-0.423,-0.38,-16.6,-20.475,-0.493,-0.439,-2.241,-0.423,0.417,20.0,1640,1608,0.9805,0,1605,0,0,3,0,26,3,0,3,0,0,0.139,0.225,0.591
g3,aggressive,mid,mixed,20,20,2023,40,40,-1.174,-3.97,-5.77,-6.983,-1.16,-1.168,-2.205,-1.174,0.422,20.0,800,791,0.9888,0,791,0,0,0,0,8,0,0,1,0,0,0.073,0.222,0.558
g3,aggressive,mid,mixed,20,20,2024,51,51,0.053,0.05,-8.2,-8.827,0.032,0.05,-1.157,0.053,0.394,20,1020,1007,0.9873,0,1007,0,0,0,0,12,0,0,1,0,0,0.079,0.213,0.567
g3,aggressive,mid,mixed,20,20,2025,50,50,-0.677,-0.58,-12.213,-15.084,-0.692,-0.671,-2.496,-0.677,0.403,20.0,1000,980,0.98,0,980,0,0,0,0,18,0,0,2,0,0,0.17,0.244,0.588
g3,aggressive,mid,mixed,20,20,2026,32,32,-0.025,-0.01,-20.232,-20.475,-0.181,-0.077,-1.841,-0.025,0.44,20.0,640,628,0.9812,0,625,0,0,3,0,8,3,0,1,0,0,0.09,0.197,0.603
g3,aggressive,mid,mixed,20,63,ALL,165,165,-1.001,-0.64,-20.736,-27.093,-0.87,-1.062,-5.407,-1.001,0.37,20,3300,3159,0.9573,0,3149,0,0,10,0,133,3,0,5,0,0,0.109,0.227,0.569
g3,aggressive,mid,mixed,20,63,P1,91,91,-1.919,-2.38,-11.032,-12.063,-1.742,-1.892,-4.872,-1.919,0.351,20,1820,1767,0.9709,0,1767,0,0,0,0,51,0,0,2,0,0,0.076,0.217,0.563
g3,aggressive,mid,mixed,20,63,P2,74,74,0.127,0.04,-25.331,-27.093,0.204,-0.042,-6.065,0.127,0.393,20.0,1480,1392,0.9405,0,1382,0,0,10,0,82,3,0,3,0,0,0.148,0.24,0.576
g3,aggressive,mid,mixed,20,63,2023,40,40,-2.172,-1.89,-11.003,-11.056,-2.193,-2.125,-5.735,-2.172,0.381,20.0,800,772,0.965,0,772,0,0,0,0,27,0,0,1,0,0,0.073,0.222,0.558
g3,aggressive,mid,mixed,20,63,2024,51,51,-1.72,-1.71,-10.763,-12.063,-1.389,-1.709,-4.195,-1.72,0.328,20,1020,995,0.9755,0,995,0,0,0,0,24,0,0,1,0,0,0.079,0.213,0.567
g3,aggressive,mid,mixed,20,63,2025,50,50,1.686,0.46,-17.744,-20.39,1.852,1.441,-4.607,1.686,0.429,20.0,1000,940,0.94,0,936,0,0,4,0,58,0,0,2,0,0,0.17,0.244,0.588
g3,aggressive,mid,mixed,20,63,2026,24,24,-3.12,-0.53,-26.956,-27.093,-3.231,-3.129,-9.101,-3.12,0.319,20.0,480,452,0.9417,0,446,0,0,6,0,24,3,0,1,0,0,0.103,0.233,0.559
g3,aggressive,mid,stock,10,5,ALL,176,176,-0.054,-0.2,-8.853,-14.601,-0.063,-0.057,-0.403,-0.053,0.471,10.0,1759,1749,0.9943,1,1749,0,0,0,0,6,0,0,4,0,1,0.09,0.237,0.6
g3,aggressive,mid,stock,10,5,P1,91,91,-0.082,-0.31,-4.806,-6.449,-0.093,-0.086,-0.419,-0.082,0.465,10,910,905,0.9945,0,905,0,0,0,0,3,0,0,2,0,0,0.074,0.227,0.583
g3,aggressive,mid,stock,10,5,P2,85,85,-0.023,-0.05,-10.507,-14.601,-0.031,-0.025,-0.386,-0.022,0.477,10,849,844,0.9941,1,844,0,0,0,0,3,0,0,2,0,1,0.107,0.247,0.617
g3,aggressive,mid,stock,10,5,2023,40,40,-0.082,-0.22,-4.493,-4.752,-0.091,-0.084,-0.333,-0.082,0.463,10.0,400,398,0.995,0,398,0,0,0,0,1,0,0,1,0,0,0.083,0.237,0.567
g3,aggressive,mid,stock,10,5,2024,51,51,-0.082,-0.23,-4.96,-6.449,-0.095,-0.087,-0.486,-0.082,0.466,10,510,507,0.9941,0,507,0,0,0,0,2,0,0,1,0,0,0.067,0.22,0.598
g3,aggressive,mid,stock,10,5,2025,50,50,-0.053,-0.1,-7.834,-9.515,-0.081,-0.056,-0.67,-0.05,0.477,10.0,499,495,0.992,1,495,0,0,0,0,3,0,0,1,0,1,0.144,0.288,0.618
g3,aggressive,mid,stock,10,5,2026,35,35,0.019,0.02,-13.01,-14.601,0.04,0.019,0.019,0.019,0.477,10,350,349,0.9971,0,349,0,0,0,0,0,0,0,1,0,0,0.054,0.189,0.615
g3,aggressive,mid,stock,10,20,ALL,173,173,-0.076,-0.1,-15.898,-26.652,-0.104,-0.073,-1.783,-0.081,0.457,10,1729,1696,0.9809,1,1694,0,0,2,0,26,3,0,4,0,1,0.091,0.241,0.599
g3,aggressive,mid,stock,10,20,P1,91,91,0.194,0.27,-9.15,-10.548,0.194,0.198,-0.827,0.194,0.496,10,910,899,0.9879,0,899,0,0,0,0,9,0,0,2,0,0,0.074,0.227,0.583
g3,aggressive,mid,stock,10,20,P2,82,82,-0.376,-0.26,-18.681,-26.652,-0.434,-0.374,-2.844,-0.387,0.413,10.0,819,797,0.9731,1,795,0,0,2,0,17,3,0,2,0,1,0.111,0.256,0.616
g3,aggressive,mid,stock,10,20,2023,40,40,-0.816,-1.53,-7.211,-8.395,-0.805,-0.827,-1.592,-0.816,0.461,10.0,400,396,0.99,0,396,0,0,0,0,3,0,0,1,0,0,0.083,0.237,0.567
g3,aggressive,mid,stock,10,20,2024,51,51,0.986,0.84,-9.742,-10.548,0.976,1.001,-0.227,0.986,0.524,10,510,503,0.9863,0,503,0,0,0,0,6,0,0,1,0,0,0.067,0.22,0.598
g3,aggressive,mid,stock,10,20,2025,50,50,-0.973,-0.58,-15.174,-17.892,-0.852,-0.872,-3.075,-0.991,0.384,10.0,499,487,0.976,1,487,0,0,0,0,11,0,0,1,0,1,0.144,0.288,0.618
g3,aggressive,mid,stock,10,20,2026,32,32,0.557,0.21,-23.689,-26.652,0.219,0.403,-2.483,0.557,0.458,10.0,320,310,0.9688,0,308,0,0,2,0,6,3,0,1,0,0,0.059,0.206,0.613
g3,aggressive,mid,stock,10,63,ALL,165,165,-0.247,-0.14,-23.395,-36.733,-0.011,-0.283,-5.186,-0.263,0.42,10,1649,1569,0.9515,1,1563,0,0,6,0,74,2,0,4,0,1,0.094,0.25,0.591
g3,aggressive,mid,stock,10,63,P1,91,91,0.395,0.32,-14.024,-18.141,0.602,0.383,-2.546,0.395,0.446,10,910,883,0.9703,0,883,0,0,0,0,25,0,0,2,0,0,0.074,0.227,0.583
g3,aggressive,mid,stock,10,63,P2,74,74,-1.037,-0.28,-28.972,-36.733,-0.765,-1.101,-8.433,-1.074,0.388,10.0,739,686,0.9283,1,680,0,0,6,0,49,2,0,2,0,1,0.119,0.277,0.6
g3,aggressive,mid,stock,10,63,2023,40,40,0.197,0.11,-11.057,-12.258,0.082,0.162,-3.284,0.197,0.46,10.0,400,386,0.965,0,386,0,0,0,0,13,0,0,1,0,0,0.083,0.237,0.567
g3,aggressive,mid,stock,10,63,2024,51,51,0.551,0.36,-15.557,-18.141,1.01,0.557,-1.967,0.551,0.436,10,510,497,0.9745,0,497,0,0,0,0,12,0,0,1,0,0,0.067,0.22,0.598
g3,aggressive,mid,stock,10,63,2025,50,50,0.885,0.19,-19.537,-20.637,1.43,0.774,-6.62,0.83,0.413,10.0,499,463,0.9279,1,461,0,0,2,0,35,0,0,1,0,1,0.144,0.288,0.618
g3,aggressive,mid,stock,10,63,2026,24,24,-5.039,-0.85,-34.768,-36.733,-5.338,-5.007,-12.211,-5.039,0.334,10.0,240,223,0.9292,0,219,0,0,4,0,14,2,0,1,0,0,0.067,0.254,0.561
g3,aggressive,mid,stock,20,5,ALL,176,176,-0.057,-0.25,-7.218,-11.412,-0.059,-0.06,-0.517,-0.054,0.475,20.0,3509,3488,0.994,11,3488,0,0,0,0,14,2,0,5,0,1,0.112,0.213,0.561
g3,aggressive,mid,stock,20,5,P1,91,91,-0.127,-0.56,-4.302,-5.165,-0.128,-0.127,-0.571,-0.127,0.463,20,1820,1810,0.9945,0,1810,0,0,0,0,8,0,0,2,0,0,0.085,0.211,0.553
g3,aggressive,mid,stock,20,5,P2,85,85,0.018,0.05,-8.563,-11.412,0.016,0.013,-0.458,0.025,0.488,20,1689,1678,0.9935,11,1678,0,0,0,0,6,2,0,3,0,1,0.141,0.214,0.569
g3,aggressive,mid,stock,20,5,2023,40,40,-0.223,-0.71,-4.141,-4.161,-0.226,-0.224,-0.731,-0.223,0.457,20.0,800,795,0.9938,0,795,0,0,0,0,4,0,0,1,0,0,0.08,0.224,0.546
g3,aggressive,mid,stock,20,5,2024,51,51,-0.052,-0.16,-4.41,-5.165,-0.052,-0.051,-0.445,-0.052,0.467,20,1020,1015,0.9951,0,1015,0,0,0,0,4,0,0,1,0,0,0.088,0.201,0.56
g3,aggressive,mid,stock,20,5,2025,50,50,0.041,0.1,-5.735,-7.827,0.032,0.04,-0.464,0.052,0.492,20.0,989,982,0.9929,11,982,0,0,0,0,5,0,0,2,0,1,0.173,0.239,0.571
g3,aggressive,mid,stock,20,5,2026,35,35,-0.014,-0.02,-10.2,-11.412,-0.007,-0.026,-0.45,-0.014,0.483,20,700,696,0.9943,0,696,0,0,0,0,1,2,0,1,0,0,0.094,0.179,0.571
g3,aggressive,mid,stock,20,20,ALL,173,173,-0.092,-0.15,-13.888,-20.475,-0.141,-0.114,-1.946,-0.116,0.459,20,3449,3382,0.9806,11,3379,0,0,3,0,59,3,0,5,0,1,0.113,0.216,0.562
g3,aggressive,mid,stock,20,20,P1,91,91,-0.006,-0.01,-7.777,-8.827,-0.025,-0.011,-1.662,-0.006,0.477,20,1820,1789,0.983,0,1789,0,0,0,0,29,0,0,2,0,0,0.085,0.211,0.553
g3,aggressive,mid,stock,20,20,P2,82,82,-0.188,-0.17,-16.863,-20.475,-0.27,-0.227,-2.262,-0.238,0.439,20.0,1629,1593,0.9779,11,1590,0,0,3,0,30,3,0,3,0,1,0.145,0.221,0.572
g3,aggressive,mid,stock,20,20,2023,40,40,-0.979,-3.15,-6.445,-7.33,-0.983,-0.971,-3.057,-0.979,0.441,20.0,800,783,0.9788,0,783,0,0,0,0,16,0,0,1,0,0,0.08,0.224,0.546
g3,aggressive,mid,stock,20,20,2024,51,51,0.757,0.71,-8.148,-8.827,0.726,0.741,-0.568,0.757,0.505,20,1020,1006,0.9863,0,1006,0,0,0,0,13,0,0,1,0,0,0.088,0.201,0.56
g3,aggressive,mid,stock,20,20,2025,50,50,-0.374,-0.32,-13.401,-15.084,-0.398,-0.388,-2.396,-0.456,0.431,20.0,989,967,0.9778,11,967,0,0,0,0,20,0,0,2,0,1,0.173,0.239,0.571
g3,aggressive,mid,stock,20,20,2026,32,32,0.103,0.05,-20.232,-20.475,-0.07,0.024,-2.052,0.103,0.452,20.0,640,626,0.9781,0,623,0,0,3,0,10,3,0,1,0,0,0.102,0.192,0.577
g3,aggressive,mid,stock,20,63,ALL,165,165,0.596,0.36,-20.628,-27.093,0.684,0.478,-4.728,0.521,0.433,20,3289,3122,0.9492,11,3112,0,0,10,0,159,3,0,5,0,1,0.116,0.222,0.556
g3,aggressive,mid,stock,20,63,P1,91,91,0.33,0.3,-9.692,-11.214,0.458,0.316,-3.453,0.33,0.45,20,1820,1754,0.9637,0,1754,0,0,0,0,64,0,0,2,0,0,0.085,0.211,0.553
g3,aggressive,mid,stock,20,63,P2,74,74,0.924,0.28,-26.04,-27.093,0.961,0.676,-6.296,0.756,0.413,20.0,1469,1368,0.9312,11,1358,0,0,10,0,95,3,0,3,0,1,0.155,0.237,0.561
g3,aggressive,mid,stock,20,63,2023,40,40,-0.642,-0.4,-10.192,-11.214,-0.685,-0.604,-5.609,-0.642,0.431,20.0,800,762,0.9525,0,762,0,0,0,0,37,0,0,1,0,0,0.08,0.224,0.546
g3,aggressive,mid,stock,20,63,2024,51,51,1.093,0.97,-9.359,-9.508,1.355,1.037,-1.762,1.093,0.464,20,1020,992,0.9725,0,992,0,0,0,0,27,0,0,1,0,0,0.088,0.201,0.56
g3,aggressive,mid,stock,20,63,2025,50,50,2.475,0.67,-16.19,-17.914,2.628,2.157,-4.864,2.226,0.442,20.0,989,920,0.9302,11,916,0,0,4,0,67,0,0,2,0,1,0.173,0.239,0.571
g3,aggressive,mid,stock,20,63,2026,24,24,-2.308,-0.35,-26.959,-27.093,-2.513,-2.408,-9.278,-2.308,0.353,20.0,480,448,0.9333,0,442,0,0,6,0,28,3,0,1,0,0,0.117,0.231,0.546
g3,aggressive,short,mixed,10,5,ALL,176,176,-0.097,-0.4,-7.38,-9.932,-0.096,-0.094,-0.383,-0.097,0.471,10.0,1760,1754,0.9966,0,1754,0,0,0,0,4,1,0,1,0,0,0.06,0.316,0.644
g3,aggressive,short,mixed,10,5,P1,91,91,0.004,0.01,-4.579,-6.106,0.005,0.009,-0.218,0.004,0.445,10,910,907,0.9967,0,907,0,0,0,0,2,0,0,1,0,0,0.061,0.317,0.618
g3,aggressive,short,mixed,10,5,P2,85,85,-0.204,-0.48,-8.472,-9.932,-0.205,-0.204,-0.56,-0.204,0.498,10,850,847,0.9965,0,847,0,0,0,0,2,1,0,0,0,0,0.058,0.315,0.671
g3,aggressive,short,mixed,10,5,2023,40,40,0.166,0.48,-5.226,-6.106,0.175,0.181,-0.082,0.166,0.461,10.0,400,399,0.9975,0,399,0,0,0,0,1,0,0,0,0,0,0.046,0.344,0.608
g3,aggressive,short,mixed,10,5,2024,51,51,-0.124,-0.35,-4.148,-4.414,-0.128,-0.125,-0.324,-0.124,0.433,10,510,508,0.9961,0,508,0,0,0,0,1,0,0,1,0,0,0.073,0.294,0.626
g3,aggressive,short,mixed,10,5,2025,50,50,0.047,0.09,-8.357,-9.932,0.047,0.053,-0.355,0.047,0.503,10.0,500,498,0.996,0,498,0,0,0,0,2,0,0,0,0,0,0.083,0.358,0.671
g3,aggressive,short,mixed,10,5,2026,35,35,-0.563,-0.85,-8.581,-8.683,-0.565,-0.57,-0.853,-0.563,0.491,10,350,349,0.9971,0,349,0,0,0,0,0,1,0,0,0,0,0.023,0.252,0.676
g3,aggressive,short,mixed,10,20,ALL,173,173,-0.79,-1.29,-14.054,-16.232,-0.788,-0.764,-1.717,-0.79,0.408,10,1730,1713,0.9902,0,1713,0,0,0,0,15,1,0,1,0,0,0.061,0.32,0.643
g3,aggressive,short,mixed,10,20,P1,91,91,-0.136,-0.21,-7.865,-9.124,-0.125,-0.117,-0.915,-0.136,0.414,10,910,902,0.9912,0,902,0,0,0,0,7,0,0,1,0,0,0.061,0.317,0.618
g3,aggressive,short,mixed,10,20,P2,82,82,-1.515,-1.45,-15.459,-16.232,-1.524,-1.483,-2.607,-1.515,0.4,10.0,820,811,0.989,0,811,0,0,0,0,8,1,0,0,0,0,0.06,0.324,0.67
g3,aggressive,short,mixed,10,20,2023,40,40,-0.229,-0.36,-7.843,-9.124,-0.207,-0.203,-0.98,-0.229,0.459,10.0,400,397,0.9925,0,397,0,0,0,0,3,0,0,0,0,0,0.046,0.344,0.608
g3,aggressive,short,mixed,10,20,2024,51,51,-0.063,-0.06,-7.879,-8.91,-0.062,-0.05,-0.864,-0.063,0.38,10,510,505,0.9902,0,505,0,0,0,0,4,0,0,1,0,0,0.073,0.294,0.626
g3,aggressive,short,mixed,10,20,2025,50,50,-1.454,-1.05,-14.686,-15.888,-1.407,-1.398,-2.4,-1.454,0.378,10.0,500,495,0.99,0,495,0,0,0,0,5,0,0,0,0,0,0.083,0.358,0.671
g3,aggressive,short,mixed,10,20,2026,32,32,-1.611,-1.01,-15.641,-16.232,-1.708,-1.616,-2.931,-1.611,0.434,10.0,320,316,0.9875,0,316,0,0,0,0,3,1,0,0,0,0,0.025,0.269,0.674
g3,aggressive,short,mixed,10,63,ALL,165,165,-2.219,-1.28,-21.765,-31.606,-1.963,-2.082,-5.108,-2.219,0.335,10,1650,1602,0.9709,0,1602,0,0,0,0,47,0,0,1,0,0,0.063,0.329,0.64
g3,aggressive,short,mixed,10,63,P1,91,91,-1.829,-1.85,-14.209,-18.451,-1.604,-1.775,-3.896,-1.829,0.326,10,910,891,0.9791,0,891,0,0,0,0,18,0,0,1,0,0,0.061,0.317,0.618
g3,aggressive,short,mixed,10,63,P2,74,74,-2.698,-0.74,-24.171,-31.606,-2.405,-2.46,-6.597,-2.698,0.346,10.0,740,711,0.9608,0,711,0,0,0,0,29,0,0,0,0,0,0.066,0.343,0.666
g3,aggressive,short,mixed,10,63,2023,40,40,-1.696,-1.88,-12.146,-13.003,-1.727,-1.652,-4.101,-1.696,0.373,10.0,400,391,0.9775,0,391,0,0,0,0,9,0,0,0,0,0,0.046,0.344,0.608
g3,aggressive,short,mixed,10,63,2024,51,51,-1.934,-1.18,-15.122,-18.451,-1.508,-1.872,-3.736,-1.934,0.288,10,510,500,0.9804,0,500,0,0,0,0,9,0,0,1,0,0,0.073,0.294,0.626
g3,aggressive,short,mixed,10,63,2025,50,50,-0.136,-0.03,-21.693,-22.013,0.242,0.14,-4.268,-0.136,0.4,10.0,500,479,0.958,0,479,0,0,0,0,21,0,0,0,0,0,0.083,0.358,0.671
g3,aggressive,short,mixed,10,63,2026,24,24,-8.033,-1.89,-26.356,-31.606,-7.922,-7.878,-11.448,-8.033,0.235,10.0,240,232,0.9667,0,232,0,0,0,0,8,0,0,0,0,0,0.03,0.312,0.661
g3,aggressive,short,mixed,20,5,ALL,176,176,-0.127,-0.67,-6.182,-8.648,-0.127,-0.127,-0.33,-0.127,0.463,20.0,3520,3510,0.9972,0,3510,0,0,0,0,6,1,0,3,0,0,0.089,0.297,0.603
g3,aggressive,short,mixed,20,5,P1,91,91,-0.058,-0.26,-4.023,-4.828,-0.059,-0.058,-0.227,-0.058,0.438,20,1820,1815,0.9973,0,1815,0,0,0,0,3,0,0,2,0,0,0.082,0.292,0.591
g3,aggressive,short,mixed,20,5,P2,85,85,-0.201,-0.64,-7.222,-8.648,-0.2,-0.201,-0.44,-0.201,0.489,20,1700,1695,0.9971,0,1695,0,0,0,0,3,1,0,1,0,0,0.095,0.302,0.617
g3,aggressive,short,mixed,20,5,2023,40,40,-0.02,-0.07,-3.77,-4.039,-0.018,-0.018,-0.276,-0.02,0.458,20.0,800,797,0.9962,0,797,0,0,0,0,2,0,0,1,0,0,0.077,0.307,0.564
g3,aggressive,short,mixed,20,5,2024,51,51,-0.087,-0.27,-4.188,-4.828,-0.092,-0.089,-0.189,-0.087,0.423,20,1020,1018,0.998,0,1018,0,0,0,0,1,0,0,1,0,0,0.086,0.28,0.61
g3,aggressive,short,mixed,20,5,2025,50,50,-0.08,-0.21,-6.257,-8.648,-0.079,-0.08,-0.387,-0.08,0.492,20.0,1000,996,0.996,0,996,0,0,0,0,3,0,0,1,0,0,0.123,0.34,0.611
g3,aggressive,short,mixed,20,5,2026,35,35,-0.374,-0.7,-7.492,-8.42,-0.373,-0.376,-0.517,-0.374,0.484,20,700,699,0.9986,0,699,0,0,0,0,0,1,0,0,0,0,0.056,0.248,0.626
g3,aggressive,short,mixed,20,20,ALL,173,173,-0.623,-1.18,-12.501,-15.617,-0.644,-0.621,-1.542,-0.623,0.411,20,3460,3426,0.9902,0,3424,0,0,2,0,30,1,0,3,0,0,0.09,0.301,0.601
g3,aggressive,short,mixed,20,20,P1,91,91,-0.515,-0.95,-8.117,-10.149,-0.514,-0.509,-1.305,-0.515,0.406,20,1820,1804,0.9912,0,1804,0,0,0,0,14,0,0,2,0,0,0.082,0.292,0.591
g3,aggressive,short,mixed,20,20,P2,82,82,-0.743,-0.79,-13.58,-15.617,-0.79,-0.745,-1.804,-0.743,0.415,20.0,1640,1622,0.989,0,1620,0,0,2,0,16,1,0,1,0,0,0.099,0.311,0.612
g3,aggressive,short,mixed,20,20,2023,40,40,-0.602,-1.3,-7.098,-8.681,-0.587,-0.59,-1.62,-0.602,0.438,20.0,800,791,0.9888,0,791,0,0,0,0,8,0,0,1,0,0,0.077,0.307,0.564
g3,aggressive,short,mixed,20,20,2024,51,51,-0.446,-0.51,-8.796,-10.149,-0.456,-0.445,-1.058,-0.446,0.381,20,1020,1013,0.9931,0,1013,0,0,0,0,6,0,0,1,0,0,0.086,0.28,0.61
g3,aggressive,short,mixed,20,20,2025,50,50,-0.107,-0.09,-13.104,-15.617,-0.114,-0.104,-1.214,-0.107,0.417,20.0,1000,988,0.988,0,988,0,0,0,0,11,0,0,1,0,0,0.123,0.34,0.611
g3,aggressive,short,mixed,20,20,2026,32,32,-1.737,-1.34,-14.159,-15.109,-1.846,-1.747,-2.725,-1.737,0.412,20.0,640,634,0.9906,0,632,0,0,2,0,5,1,0,0,0,0,0.061,0.265,0.616
g3,aggressive,short,mixed,20,63,ALL,165,165,-1.724,-1.06,-20.132,-25.62,-1.581,-1.699,-5.119,-1.724,0.353,20,3300,3191,0.967,0,3187,0,0,4,0,106,0,0,3,0,0,0.093,0.309,0.599
g3,aggressive,short,mixed,20,63,P1,91,91,-2.273,-3.48,-12.56,-14.805,-2.108,-2.219,-5.006,-2.273,0.327,20,1820,1771,0.9731,0,1771,0,0,0,0,47,0,0,2,0,0,0.082,0.292,0.591
g3,aggressive,short,mixed,20,63,P2,74,74,-1.049,-0.3,-22.45,-25.62,-0.934,-1.06,-5.258,-1.049,0.383,20.0,1480,1420,0.9595,0,1416,0,0,4,0,59,0,0,1,0,0,0.107,0.329,0.608
g3,aggressive,short,mixed,20,63,2023,40,40,-1.835,-2.48,-9.023,-9.071,-1.857,-1.764,-5.995,-1.835,0.37,20.0,800,768,0.96,0,768,0,0,0,0,31,0,0,1,0,0,0.077,0.307,0.564
g3,aggressive,short,mixed,20,63,2024,51,51,-2.616,-2.55,-13.306,-14.805,-2.304,-2.576,-4.23,-2.616,0.294,20,1020,1003,0.9833,0,1003,0,0,0,0,16,0,0,1,0,0,0.086,0.28,0.61
g3,aggressive,short,mixed,20,63,2025,50,50,1.875,0.45,-19.056,-19.544,2.027,1.799,-2.809,1.875,0.427,20.0,1000,955,0.955,0,955,0,0,0,0,44,0,0,1,0,0,0.123,0.34,0.611
g3,aggressive,short,mixed,20,63,2026,24,24,-7.14,-1.92,-25.448,-25.62,-7.104,-7.016,-10.361,-7.14,0.293,20.0,480,465,0.9688,0,461,0,0,4,0,15,0,0,0,0,0,0.075,0.308,0.604
g3,aggressive,short,stock,10,5,ALL,176,176,-0.086,-0.35,-7.427,-9.932,-0.091,-0.088,-0.436,-0.086,0.481,10.0,1760,1753,0.996,0,1753,0,0,0,0,5,1,0,1,0,0,0.065,0.306,0.637
g3,aggressive,short,stock,10,5,P1,91,91,-0.059,-0.23,-5.281,-6.106,-0.058,-0.053,-0.281,-0.059,0.462,10,910,907,0.9967,0,907,0,0,0,0,2,0,0,1,0,0,0.064,0.312,0.62
g3,aggressive,short,stock,10,5,P2,85,85,-0.115,-0.27,-8.543,-9.932,-0.126,-0.125,-0.602,-0.115,0.501,10,850,846,0.9953,0,846,0,0,0,0,3,1,0,0,0,0,0.067,0.3,0.654
g3,aggressive,short,stock,10,5,2023,40,40,0.019,0.05,-5.955,-6.106,0.028,0.034,-0.229,0.019,0.471,10.0,400,399,0.9975,0,399,0,0,0,0,1,0,0,0,0,0,0.05,0.338,0.605
g3,aggressive,short,stock,10,5,2024,51,51,-0.12,-0.34,-4.351,-5.528,-0.126,-0.122,-0.321,-0.12,0.455,10,510,508,0.9961,0,508,0,0,0,0,1,0,0,1,0,0,0.075,0.292,0.63
g3,aggressive,short,stock,10,5,2025,50,50,0.151,0.27,-8.518,-9.932,0.133,0.139,-0.475,0.151,0.513,10.0,500,497,0.994,0,497,0,0,0,0,3,0,0,0,0,0,0.094,0.344,0.641
g3,aggressive,short,stock,10,5,2026,35,35,-0.494,-0.73,-8.581,-8.683,-0.496,-0.501,-0.784,-0.494,0.485,10,350,349,0.9971,0,349,0,0,0,0,0,1,0,0,0,0,0.029,0.237,0.676
g3,aggressive,short,stock,10,20,ALL,173,173,-0.637,-1.0,-14.073,-16.232,-0.644,-0.614,-1.873,-0.637,0.449,10,1730,1708,0.9873,0,1708,0,0,0,0,20,1,0,1,0,0,0.066,0.31,0.637
g3,aggressive,short,stock,10,20,P1,91,91,-0.03,-0.04,-8.806,-9.889,-0.026,-0.014,-0.936,-0.03,0.482,10,910,901,0.9901,0,901,0,0,0,0,8,0,0,1,0,0,0.064,0.312,0.62
g3,aggressive,short,stock,10,20,P2,82,82,-1.31,-1.23,-15.459,-16.232,-1.329,-1.28,-2.912,-1.31,0.413,10.0,820,807,0.9841,0,807,0,0,0,0,12,1,0,0,0,0,0.07,0.309,0.654
g3,aggressive,short,stock,10,20,2023,40,40,-0.353,-0.51,-9.507,-9.889,-0.331,-0.327,-1.104,-0.353,0.476,10.0,400,397,0.9925,0,397,0,0,0,0,3,0,0,0,0,0,0.05,0.338,0.605
g3,aggressive,short,stock,10,20,2024,51,51,0.223,0.2,-8.339,-8.91,0.213,0.231,-0.804,0.223,0.487,10,510,504,0.9882,0,504,0,0,0,0,5,0,0,1,0,0,0.075,0.292,0.63
g3,aggressive,short,stock,10,20,2025,50,50,-1.289,-0.92,-14.686,-15.888,-1.253,-1.232,-3.067,-1.289,0.397,10.0,500,491,0.982,0,491,0,0,0,0,9,0,0,0,0,0,0.094,0.344,0.641
g3,aggressive,short,stock,10,20,2026,32,32,-1.342,-0.82,-15.641,-16.232,-1.447,-1.355,-2.67,-1.342,0.438,10.0,320,316,0.9875,0,316,0,0,0,0,3,1,0,0,0,0,0.031,0.253,0.681
g3,aggressive,short,stock,10,63,ALL,165,165,-1.408,-0.77,-21.924,-31.606,-1.123,-1.234,-5.001,-1.408,0.381,10,1650,1591,0.9642,0,1589,0,0,2,0,58,0,0,1,0,0,0.069,0.319,0.632
g3,aggressive,short,stock,10,63,P1,91,91,-0.922,-0.92,-14.725,-18.451,-0.69,-0.886,-3.487,-0.922,0.391,10,910,887,0.9747,0,887,0,0,0,0,22,0,0,1,0,0,0.064,0.312,0.62
g3,aggressive,short,stock,10,63,P2,74,74,-2.005,-0.52,-24.448,-31.606,-1.656,-1.662,-6.863,-2.005,0.369,10.0,740,704,0.9514,0,702,0,0,2,0,36,0,0,0,0,0,0.076,0.328,0.647
g3,aggressive,short,stock,10,63,2023,40,40,-1.01,-0.88,-11.933,-13.003,-1.085,-0.998,-3.978,-1.01,0.415,10.0,400,389,0.9725,0,389,0,0,0,0,11,0,0,0,0,0,0.05,0.338,0.605
g3,aggressive,short,stock,10,63,2024,51,51,-0.853,-0.54,-15.985,-18.451,-0.38,-0.799,-3.103,-0.853,0.372,10,510,498,0.9765,0,498,0,0,0,0,11,0,0,1,0,0,0.075,0.292,0.63
g3,aggressive,short,stock,10,63,2025,50,50,0.503,0.1,-21.6,-23.156,0.998,0.934,-5.05,0.503,0.419,10.0,500,472,0.944,0,472,0,0,0,0,28,0,0,0,0,0,0.094,0.344,0.641
g3,aggressive,short,stock,10,63,2026,24,24,-7.23,-1.56,-26.764,-31.606,-7.183,-7.07,-10.64,-7.23,0.265,10.0,240,232,0.9667,0,230,0,0,2,0,8,0,0,0,0,0,0.037,0.296,0.665
g3,aggressive,short,stock,20,5,ALL,176,176,-0.17,-0.86,-6.337,-8.53,-0.171,-0.171,-0.399,-0.17,0.469,20.0,3517,3506,0.9969,3,3506,0,0,0,0,7,1,0,3,0,1,0.094,0.29,0.594
g3,aggressive,short,stock,20,5,P1,91,91,-0.101,-0.45,-4.196,-4.828,-0.103,-0.102,-0.271,-0.101,0.456,20,1820,1815,0.9973,0,1815,0,0,0,0,3,0,0,2,0,0,0.088,0.284,0.589
g3,aggressive,short,stock,20,5,P2,85,85,-0.243,-0.74,-7.452,-8.53,-0.243,-0.245,-0.537,-0.245,0.484,20,1697,1691,0.9965,3,1691,0,0,0,0,4,1,0,1,0,1,0.101,0.296,0.599
g3,aggressive,short,stock,20,5,2023,40,40,-0.103,-0.35,-4.302,-4.592,-0.102,-0.102,-0.36,-0.103,0.463,20.0,800,797,0.9962,0,797,0,0,0,0,2,0,0,1,0,0,0.086,0.304,0.558
g3,aggressive,short,stock,20,5,2024,51,51,-0.099,-0.3,-4.126,-4.828,-0.104,-0.101,-0.201,-0.099,0.45,20,1020,1018,0.998,0,1018,0,0,0,0,1,0,0,1,0,0,0.089,0.269,0.615
g3,aggressive,short,stock,20,5,2025,50,50,-0.151,-0.38,-6.491,-8.53,-0.152,-0.153,-0.55,-0.154,0.49,20.0,997,992,0.995,3,992,0,0,0,0,4,0,0,1,0,1,0.128,0.335,0.592
g3,aggressive,short,stock,20,5,2026,35,35,-0.374,-0.67,-7.949,-8.42,-0.373,-0.376,-0.517,-0.374,0.475,20,700,699,0.9986,0,699,0,0,0,0,0,1,0,0,0,0,0.064,0.24,0.61
g3,aggressive,short,stock,20,20,ALL,173,173,-0.574,-1.05,-12.847,-15.617,-0.603,-0.576,-1.699,-0.578,0.445,20,3457,3416,0.9881,3,3414,0,0,2,0,37,1,0,3,0,1,0.096,0.294,0.594
g3,aggressive,short,stock,20,20,P1,91,91,-0.357,-0.63,-8.351,-10.149,-0.366,-0.357,-1.324,-0.357,0.461,20,1820,1801,0.9896,0,1801,0,0,0,0,17,0,0,2,0,0,0.088,0.284,0.589
g3,aggressive,short,stock,20,20,P2,82,82,-0.816,-0.84,-14.054,-15.617,-0.867,-0.819,-2.114,-0.824,0.428,20.0,1637,1615,0.9866,3,1613,0,0,2,0,20,1,0,1,0,1,0.105,0.305,0.598
g3,aggressive,short,stock,20,20,2023,40,40,-0.741,-1.51,-7.685,-8.41,-0.732,-0.73,-2.02,-0.741,0.45,20.0,800,789,0.9862,0,789,0,0,0,0,10,0,0,1,0,0,0.086,0.304,0.558
g3,aggressive,short,stock,20,20,2024,51,51,-0.055,-0.06,-8.796,-10.149,-0.078,-0.065,-0.779,-0.055,0.47,20,1020,1012,0.9922,0,1012,0,0,0,0,7,0,0,1,0,0,0.089,0.269,0.615
g3,aggressive,short,stock,20,20,2025,50,50,-0.229,-0.17,-13.984,-15.617,-0.24,-0.226,-1.723,-0.241,0.436,20.0,997,981,0.984,3,981,0,0,0,0,15,0,0,1,0,1,0.128,0.335,0.592
g3,aggressive,short,stock,20,20,2026,32,32,-1.733,-1.32,-14.159,-15.109,-1.845,-1.746,-2.725,-1.733,0.414,20.0,640,634,0.9906,0,632,0,0,2,0,5,1,0,0,0,0,0.07,0.258,0.61
g3,aggressive,short,stock,20,63,ALL,165,165,-1.102,-0.64,-20.455,-26.675,-0.938,-1.062,-5.143,-1.122,0.395,20,3297,3168,0.9609,3,3164,0,0,4,0,126,0,0,3,0,1,0.1,0.302,0.591
g3,aggressive,short,stock,20,63,P1,91,91,-1.326,-1.69,-12.52,-14.805,-1.178,-1.288,-4.612,-1.326,0.392,20,1820,1762,0.9681,0,1762,0,0,0,0,56,0,0,2,0,0,0.088,0.284,0.589
g3,aggressive,short,stock,20,63,P2,74,74,-0.827,-0.23,-23.08,-26.675,-0.643,-0.784,-5.796,-0.871,0.398,20.0,1477,1406,0.9519,3,1402,0,0,4,0,70,0,0,1,0,1,0.115,0.323,0.593
g3,aggressive,short,stock,20,63,2023,40,40,-1.759,-1.83,-9.636,-9.865,-1.815,-1.694,-6.611,-1.759,0.393,20.0,800,763,0.9537,0,763,0,0,0,0,36,0,0,1,0,0,0.086,0.304,0.558
g3,aggressive,short,stock,20,63,2024,51,51,-0.986,-0.96,-13.333,-14.805,-0.678,-0.97,-3.044,-0.986,0.391,20,1020,999,0.9794,0,999,0,0,0,0,20,0,0,1,0,0,0.089,0.269,0.615
g3,aggressive,short,stock,20,63,2025,50,50,2.212,0.49,-19.615,-20.647,2.461,2.209,-3.603,2.148,0.44,20.0,997,941,0.9438,3,941,0,0,0,0,55,0,0,1,0,1,0.128,0.335,0.592
g3,aggressive,short,stock,20,63,2026,24,24,-7.159,-1.88,-26.148,-26.675,-7.109,-7.021,-10.366,-7.159,0.312,20.0,480,465,0.9688,0,461,0,0,4,0,15,0,0,0,0,0,0.088,0.298,0.598
g3,balanced,long,mixed,10,5,ALL,176,176,-0.004,-0.02,-7.713,-11.526,-0.006,-0.006,-0.292,-0.004,0.46,10.0,1760,1750,0.9943,0,1750,0,0,0,0,5,0,0,5,0,0,0.068,0.348,0.61
g3,balanced,long,mixed,10,5,P1,91,91,-0.139,-0.56,-5.165,-8.258,-0.146,-0.144,-0.588,-0.139,0.444,10,910,904,0.9934,0,904,0,0,0,0,4,0,0,2,0,0,0.073,0.348,0.594
g3,balanced,long,mixed,10,5,P2,85,85,0.141,0.34,-9.058,-11.526,0.144,0.142,0.024,0.141,0.478,10,850,846,0.9953,0,846,0,0,0,0,1,0,0,3,0,0,0.064,0.348,0.625
g3,balanced,long,mixed,10,5,2023,40,40,-0.317,-0.98,-4.567,-4.616,-0.312,-0.317,-0.819,-0.317,0.434,10.0,400,397,0.9925,0,397,0,0,0,0,2,0,0,1,0,0,0.071,0.351,0.59
g3,balanced,long,mixed,10,5,2024,51,51,-0.0,-0.0,-5.564,-8.258,-0.017,-0.008,-0.406,-0.0,0.451,10,510,507,0.9941,0,507,0,0,0,0,2,0,0,1,0,0,0.074,0.345,0.598
g3,balanced,long,mixed,10,5,2025,50,50,-0.056,-0.13,-7.173,-9.583,-0.061,-0.054,-0.255,-0.056,0.464,10.0,500,497,0.994,0,497,0,0,0,0,1,0,0,2,0,0,0.078,0.36,0.627
g3,balanced,long,mixed,10,5,2026,35,35,0.421,0.55,-10.914,-11.526,0.437,0.421,0.421,0.421,0.498,10,350,349,0.9971,0,349,0,0,0,0,0,0,0,1,0,0,0.044,0.332,0.621
g3,balanced,long,mixed,10,20,ALL,173,173,0.125,0.17,-14.23,-19.589,0.088,0.112,-1.883,0.125,0.42,10,1730,1691,0.9775,0,1689,0,0,2,0,31,3,0,5,0,0,0.07,0.352,0.607
g3,balanced,long,mixed,10,20,P1,91,91,-0.044,-0.06,-8.003,-10.346,-0.035,-0.026,-1.727,-0.044,0.42,10,910,893,0.9813,0,893,0,0,0,0,15,0,0,2,0,0,0.073,0.348,0.594
g3,balanced,long,mixed,10,20,P2,82,82,0.313,0.24,-16.474,-19.589,0.225,0.266,-2.056,0.313,0.419,10.0,820,798,0.9732,0,796,0,0,2,0,16,3,0,3,0,0,0.066,0.356,0.62
g3,balanced,long,mixed,10,20,2023,40,40,-0.775,-1.33,-6.976,-7.048,-0.709,-0.728,-2.274,-0.775,0.454,10.0,400,393,0.9825,0,393,0,0,0,0,6,0,0,1,0,0,0.071,0.351,0.59
g3,balanced,long,mixed,10,20,2024,51,51,0.529,0.44,-8.687,-10.346,0.493,0.525,-1.298,0.529,0.394,10,510,500,0.9804,0,500,0,0,0,0,9,0,0,1,0,0,0.074,0.345,0.598
g3,balanced,long,mixed,10,20,2025,50,50,-0.47,-0.33,-15.554,-16.386,-0.475,-0.468,-2.859,-0.47,0.392,10.0,500,486,0.972,0,486,0,0,0,0,12,0,0,2,0,0,0.078,0.36,0.627
g3,balanced,long,mixed,10,20,2026,32,32,1.537,0.65,-17.855,-19.589,1.318,1.413,-0.802,1.537,0.46,10.0,320,312,0.975,0,310,0,0,2,0,4,3,0,1,0,0,0.048,0.349,0.606
g3,balanced,long,mixed,10,63,ALL,165,165,-0.355,-0.24,-22.098,-31.036,-0.085,-0.422,-5.588,-0.355,0.363,10,1650,1564,0.9479,0,1558,0,0,6,0,79,2,0,5,0,0,0.071,0.363,0.603
g3,balanced,long,mixed,10,63,P1,91,91,-1.154,-1.19,-14.635,-16.044,-0.805,-1.083,-4.345,-1.154,0.346,10,910,880,0.967,0,880,0,0,0,0,28,0,0,2,0,0,0.073,0.348,0.594
g3,balanced,long,mixed,10,63,P2,74,74,0.627,0.21,-25.521,-31.036,0.8,0.392,-7.117,0.627,0.384,10.0,740,684,0.9243,0,678,0,0,6,0,51,2,0,3,0,0,0.069,0.382,0.612
g3,balanced,long,mixed,10,63,2023,40,40,-1.297,-1.53,-12.724,-14.063,-1.182,-1.181,-4.611,-1.297,0.391,10.0,400,386,0.965,0,386,0,0,0,0,13,0,0,1,0,0,0.071,0.351,0.59
g3,balanced,long,mixed,10,63,2024,51,51,-1.042,-0.64,-15.474,-16.044,-0.509,-1.006,-4.136,-1.042,0.311,10,510,494,0.9686,0,494,0,0,0,0,15,0,0,1,0,0,0.074,0.345,0.598
g3,balanced,long,mixed,10,63,2025,50,50,1.764,0.51,-21.617,-22.44,2.204,1.484,-6.826,1.764,0.408,10.0,500,458,0.916,0,456,0,0,2,0,40,0,0,2,0,0,0.078,0.36,0.627
g3,balanced,long,mixed,10,63,2026,24,24,-1.743,-0.31,-28.833,-31.036,-2.126,-1.883,-7.724,-1.743,0.335,10.0,240,226,0.9417,0,222,0,0,4,0,11,2,0,1,0,0,0.052,0.428,0.578
g3,balanced,long,mixed,20,5,ALL,176,176,-0.04,-0.19,-6.843,-9.407,-0.039,-0.041,-0.412,-0.033,0.467,20.0,3513,3495,0.9949,7,3495,0,0,0,0,12,1,0,5,0,1,0.094,0.332,0.57
g3,balanced,long,mixed,20,5,P1,91,91,-0.112,-0.52,-4.284,-5.399,-0.114,-0.113,-0.502,-0.099,0.445,20,1813,1804,0.995,7,1804,0,0,0,0,7,0,0,2,0,1,0.07,0.329,0.558
g3,balanced,long,mixed,20,5,P2,85,85,0.038,0.11,-7.918,-9.407,0.04,0.036,-0.316,0.038,0.49,20,1700,1691,0.9947,0,1691,0,0,0,0,5,1,0,3,0,0,0.121,0.335,0.583
g3,balanced,long,mixed,20,5,2023,40,40,-0.156,-0.56,-3.923,-3.924,-0.154,-0.152,-0.535,-0.125,0.444,20.0,793,789,0.995,7,789,0,0,0,0,3,0,0,1,0,1,0.067,0.33,0.55
g3,balanced,long,mixed,20,5,2024,51,51,-0.078,-0.25,-4.524,-5.399,-0.082,-0.081,-0.476,-0.078,0.446,20,1020,1015,0.9951,0,1015,0,0,0,0,4,0,0,1,0,0,0.072,0.328,0.562
g3,balanced,long,mixed,20,5,2025,50,50,-0.087,-0.24,-6.532,-9.407,-0.091,-0.086,-0.487,-0.087,0.486,20.0,1000,994,0.994,0,994,0,0,0,0,4,0,0,2,0,0,0.15,0.362,0.58
g3,balanced,long,mixed,20,5,2026,35,35,0.218,0.32,-8.52,-9.163,0.227,0.211,-0.072,0.218,0.495,20,700,697,0.9957,0,697,0,0,0,0,1,1,0,1,0,0,0.08,0.297,0.594
g3,balanced,long,mixed,20,20,ALL,173,173,-0.02,-0.04,-11.69,-18.074,-0.054,-0.033,-1.798,-0.019,0.43,20,3453,3388,0.9812,7,3386,0,0,2,0,57,3,0,5,0,1,0.096,0.335,0.571
g3,balanced,long,mixed,20,20,P1,91,91,-0.13,-0.2,-8.152,-9.179,-0.135,-0.129,-1.711,-0.127,0.42,20,1813,1783,0.9835,7,1783,0,0,0,0,28,0,0,2,0,1,0.07,0.329,0.558
g3,balanced,long,mixed,20,20,P2,82,82,0.101,0.1,-13.611,-18.074,0.036,0.073,-1.894,0.101,0.441,20.0,1640,1605,0.9787,0,1603,0,0,2,0,29,3,0,3,0,0,0.125,0.341,0.585
g3,balanced,long,mixed,20,20,2023,40,40,-0.864,-2.66,-5.457,-6.761,-0.833,-0.838,-2.51,-0.858,0.429,20.0,793,779,0.9823,7,779,0,0,0,0,13,0,0,1,0,1,0.067,0.33,0.55
g3,balanced,long,mixed,20,20,2024,51,51,0.446,0.42,-8.71,-9.179,0.413,0.428,-1.084,0.446,0.413,20,1020,1004,0.9843,0,1004,0,0,0,0,15,0,0,1,0,0,0.072,0.328,0.562
g3,balanced,long,mixed,20,20,2025,50,50,-0.31,-0.26,-13.332,-18.074,-0.332,-0.324,-2.226,-0.31,0.436,20.0,1000,979,0.979,0,979,0,0,0,0,19,0,0,2,0,0,0.15,0.362,0.58
g3,balanced,long,mixed,20,20,2026,32,32,0.744,0.44,-14.029,-14.04,0.61,0.694,-1.376,0.744,0.449,20.0,640,626,0.9781,0,624,0,0,2,0,10,3,0,1,0,0,0.086,0.308,0.598
g3,balanced,long,mixed,20,63,ALL,165,165,0.256,0.16,-19.664,-25.643,0.302,0.127,-4.725,0.253,0.391,20,3293,3136,0.9523,7,3123,0,0,13,0,148,4,0,5,0,1,0.099,0.344,0.567
g3,balanced,long,mixed,20,63,P1,91,91,-0.883,-0.98,-10.595,-11.652,-0.779,-0.867,-4.426,-0.888,0.369,20,1813,1750,0.9653,7,1750,0,0,0,0,61,0,0,2,0,1,0.07,0.329,0.558
g3,balanced,long,mixed,20,63,P2,74,74,1.656,0.52,-22.595,-25.643,1.631,1.349,-5.092,1.656,0.418,20.0,1480,1386,0.9365,0,1373,0,0,13,0,87,4,0,3,0,0,0.135,0.363,0.577
g3,balanced,long,mixed,20,63,2023,40,40,-0.854,-0.71,-10.358,-10.816,-0.863,-0.797,-4.933,-0.866,0.391,20.0,793,761,0.9596,7,761,0,0,0,0,31,0,0,1,0,1,0.067,0.33,0.55
g3,balanced,long,mixed,20,63,2024,51,51,-0.906,-0.77,-10.752,-11.652,-0.714,-0.921,-4.029,-0.906,0.351,20,1020,989,0.9696,0,989,0,0,0,0,30,0,0,1,0,0,0.072,0.328,0.562
g3,balanced,long,mixed,20,63,2025,50,50,3.548,0.94,-17.599,-20.111,3.576,3.126,-3.328,3.548,0.45,20.0,1000,936,0.936,0,929,0,0,7,0,62,0,0,2,0,0,0.15,0.362,0.58
g3,balanced,long,mixed,20,63,2026,24,24,-2.287,-0.44,-24.206,-25.643,-2.421,-2.355,-8.768,-2.287,0.35,20.0,480,450,0.9375,0,444,0,0,6,0,25,4,0,1,0,0,0.105,0.363,0.58
g3,balanced,long,stock,10,5,ALL,176,176,0.03,0.12,-8.063,-11.526,0.023,0.025,-0.379,0.035,0.474,10.0,1758,1746,0.9932,2,1746,0,0,0,0,7,0,0,5,0,1,0.078,0.34,0.586
g3,balanced,long,stock,10,5,P1,91,91,-0.163,-0.59,-5.628,-8.258,-0.17,-0.167,-0.611,-0.163,0.468,10,910,904,0.9934,0,904,0,0,0,0,4,0,0,2,0,0,0.076,0.333,0.576
g3,balanced,long,stock,10,5,P2,85,85,0.236,0.54,-9.485,-11.526,0.229,0.23,-0.131,0.247,0.481,10,848,842,0.9929,2,842,0,0,0,0,3,0,0,3,0,1,0.081,0.348,0.596
g3,balanced,long,stock,10,5,2023,40,40,-0.379,-0.99,-5.113,-5.203,-0.376,-0.38,-0.882,-0.379,0.455,10.0,400,397,0.9925,0,397,0,0,0,0,2,0,0,1,0,0,0.075,0.328,0.562
g3,balanced,long,stock,10,5,2024,51,51,0.007,0.02,-5.971,-8.258,-0.009,-0.001,-0.399,0.007,0.478,10,510,507,0.9941,0,507,0,0,0,0,2,0,0,1,0,0,0.076,0.337,0.588
g3,balanced,long,stock,10,5,2025,50,50,-0.04,-0.09,-7.885,-10.188,-0.063,-0.051,-0.665,-0.022,0.464,10.0,498,493,0.99,2,493,0,0,0,0,3,0,0,2,0,1,0.103,0.36,0.588
g3,balanced,long,stock,10,5,2026,35,35,0.631,0.76,-10.914,-11.526,0.648,0.631,0.631,0.631,0.503,10,350,349,0.9971,0,349,0,0,0,0,0,0,0,1,0,0,0.049,0.331,0.606
g3,balanced,long,stock,10,20,ALL,173,173,0.349,0.47,-14.126,-19.589,0.314,0.333,-2.071,0.343,0.473,10,1728,1682,0.9734,2,1680,0,0,2,0,38,3,0,5,0,1,0.079,0.344,0.585
g3,balanced,long,stock,10,20,P1,91,91,0.299,0.39,-8.92,-10.763,0.305,0.306,-1.619,0.299,0.501,10,910,891,0.9791,0,891,0,0,0,0,17,0,0,2,0,0,0.076,0.333,0.576
g3,balanced,long,stock,10,20,P2,82,82,0.405,0.31,-16.474,-19.589,0.324,0.364,-2.573,0.391,0.442,10.0,818,791,0.967,2,789,0,0,2,0,21,3,0,3,0,1,0.084,0.356,0.595
g3,balanced,long,stock,10,20,2023,40,40,-0.677,-1.07,-8.834,-10.763,-0.603,-0.639,-2.433,-0.677,0.482,10.0,400,392,0.98,0,392,0,0,0,0,7,0,0,1,0,0,0.075,0.328,0.562
g3,balanced,long,stock,10,20,2024,51,51,1.065,0.85,-8.92,-10.346,1.017,1.047,-0.98,1.065,0.516,10,510,499,0.9784,0,499,0,0,0,0,10,0,0,1,0,0,0.076,0.337,0.588
g3,balanced,long,stock,10,20,2025,50,50,-0.541,-0.37,-15.554,-16.386,-0.53,-0.526,-3.926,-0.563,0.421,10.0,498,479,0.9618,2,479,0,0,0,0,17,0,0,2,0,1,0.103,0.36,0.588
g3,balanced,long,stock,10,20,2026,32,32,1.882,0.78,-17.855,-19.589,1.658,1.755,-0.46,1.882,0.476,10.0,320,312,0.975,0,310,0,0,2,0,4,3,0,1,0,0,0.053,0.35,0.603
g3,balanced,long,stock,10,63,ALL,165,165,1.382,0.87,-20.367,-31.036,1.614,1.255,-4.573,1.345,0.435,10,1648,1552,0.9417,2,1546,0,0,6,0,89,2,0,5,0,1,0.082,0.355,0.58
g3,balanced,long,stock,10,63,P1,91,91,1.602,1.21,-14.54,-15.738,1.857,1.545,-2.29,1.602,0.452,10,910,875,0.9615,0,875,0,0,0,0,33,0,0,2,0,0,0.076,0.333,0.576
g3,balanced,long,stock,10,63,P2,74,74,1.112,0.36,-24.512,-31.036,1.315,0.899,-7.379,1.028,0.413,10.0,738,677,0.9173,2,671,0,0,6,0,56,2,0,3,0,1,0.089,0.381,0.585
g3,balanced,long,stock,10,63,2023,40,40,1.402,0.88,-12.724,-14.063,1.43,1.413,-2.527,1.402,0.469,10.0,400,384,0.96,0,384,0,0,0,0,15,0,0,1,0,0,0.075,0.328,0.562
g3,balanced,long,stock,10,63,2024,51,51,1.76,0.98,-15.372,-15.738,2.191,1.648,-2.104,1.76,0.439,10,510,491,0.9627,0,491,0,0,0,0,18,0,0,1,0,0,0.076,0.337,0.588
g3,balanced,long,stock,10,63,2025,50,50,2.258,0.65,-17.693,-18.077,2.755,2.023,-7.426,2.134,0.436,10.0,498,451,0.9056,2,449,0,0,2,0,45,0,0,2,0,1,0.103,0.36,0.588
g3,balanced,long,stock,10,63,2026,24,24,-1.277,-0.21,-28.833,-31.036,-1.684,-1.442,-7.283,-1.277,0.366,10.0,240,226,0.9417,0,222,0,0,4,0,11,2,0,1,0,0,0.058,0.425,0.574
g3,balanced,long,stock,20,5,ALL,176,176,-0.02,-0.1,-7.049,-9.387,-0.025,-0.023,-0.509,0.002,0.481,20.0,3499,3477,0.9937,21,3476,0,0,1,0,15,2,0,5,0,3,0.1,0.327,0.558
g3,balanced,long,stock,20,5,P1,91,91,-0.076,-0.34,-4.292,-5.399,-0.08,-0.079,-0.579,-0.06,0.467,20,1812,1801,0.9939,8,1801,0,0,0,0,9,0,0,2,0,1,0.078,0.324,0.549
g3,balanced,long,stock,20,5,P2,85,85,0.04,0.11,-8.182,-9.387,0.034,0.038,-0.435,0.069,0.495,20,1687,1676,0.9935,13,1675,0,0,1,0,6,2,0,3,0,2,0.123,0.33,0.567
g3,balanced,long,stock,20,5,2023,40,40,-0.153,-0.49,-4.073,-4.221,-0.157,-0.156,-0.791,-0.117,0.462,20.0,792,786,0.9924,8,786,0,0,0,0,5,0,0,1,0,1,0.076,0.326,0.546
g3,balanced,long,stock,20,5,2024,51,51,-0.016,-0.05,-4.36,-5.399,-0.02,-0.019,-0.413,-0.016,0.472,20,1020,1015,0.9951,0,1015,0,0,0,0,4,0,0,1,0,0,0.08,0.323,0.552
g3,balanced,long,stock,20,5,2025,50,50,-0.138,-0.37,-6.768,-9.387,-0.146,-0.14,-0.644,-0.087,0.489,20.0,987,980,0.9929,13,980,0,0,0,0,5,0,0,2,0,2,0.15,0.354,0.567
g3,balanced,long,stock,20,5,2026,35,35,0.293,0.42,-8.52,-9.163,0.292,0.291,-0.136,0.293,0.504,20,700,696,0.9943,0,695,0,0,1,0,1,2,0,1,0,0,0.084,0.294,0.572
g3,balanced,long,stock,20,20,ALL,173,173,0.173,0.3,-11.883,-18.074,0.14,0.162,-1.75,0.161,0.472,20,3439,3369,0.9796,21,3366,0,0,3,0,61,4,0,5,0,3,0.101,0.329,0.559
g3,balanced,long,stock,20,20,P1,91,91,0.206,0.32,-8.289,-9.179,0.196,0.203,-1.545,0.212,0.488,20,1812,1779,0.9818,8,1779,0,0,0,0,31,0,0,2,0,1,0.078,0.324,0.549
g3,balanced,long,stock,20,20,P2,82,82,0.137,0.14,-13.948,-18.074,0.078,0.116,-1.978,0.105,0.455,20.0,1627,1590,0.9773,13,1587,0,0,3,0,30,4,0,3,0,2,0.127,0.335,0.569
g3,balanced,long,stock,20,20,2023,40,40,-0.721,-2.02,-6.525,-7.603,-0.693,-0.696,-2.619,-0.707,0.455,20.0,792,776,0.9798,8,776,0,0,0,0,15,0,0,1,0,1,0.076,0.326,0.546
g3,balanced,long,stock,20,20,2024,51,51,0.933,0.88,-8.659,-9.179,0.894,0.909,-0.702,0.933,0.513,20,1020,1003,0.9833,0,1003,0,0,0,0,16,0,0,1,0,0,0.08,0.323,0.552
g3,balanced,long,stock,20,20,2025,50,50,-0.191,-0.16,-13.894,-18.074,-0.21,-0.201,-2.21,-0.243,0.457,20.0,987,965,0.9777,13,965,0,0,0,0,20,0,0,2,0,2,0.15,0.354,0.567
g3,balanced,long,stock,20,20,2026,32,32,0.65,0.38,-14.029,-14.04,0.527,0.612,-1.616,0.65,0.451,20.0,640,625,0.9766,0,622,0,0,3,0,10,4,0,1,0,0,0.091,0.306,0.576
g3,balanced,long,stock,20,63,ALL,165,165,1.489,0.91,-19.104,-25.643,1.495,1.314,-4.027,1.395,0.451,20,3279,3107,0.9475,21,3093,0,0,14,0,163,4,0,5,0,3,0.105,0.338,0.556
g3,balanced,long,stock,20,63,P1,91,91,0.797,0.69,-10.359,-11.421,0.871,0.776,-3.489,0.797,0.459,20,1812,1737,0.9586,8,1737,0,0,0,0,73,0,0,2,0,1,0.078,0.324,0.549
g3,balanced,long,stock,20,63,P2,74,74,2.34,0.72,-22.528,-25.643,2.263,1.976,-4.69,2.13,0.442,20.0,1467,1370,0.9339,13,1356,0,0,14,0,90,4,0,3,0,2,0.137,0.356,0.564
g3,balanced,long,stock,20,63,2023,40,40,0.193,0.12,-10.411,-10.816,0.135,0.219,-5.266,0.192,0.447,20.0,792,750,0.947,8,750,0,0,0,0,41,0,0,1,0,1,0.076,0.326,0.546
g3,balanced,long,stock,20,63,2024,51,51,1.271,0.92,-10.325,-11.421,1.448,1.212,-2.095,1.271,0.468,20,1020,987,0.9676,0,987,0,0,0,0,32,0,0,1,0,0,0.08,0.323,0.552
g3,balanced,long,stock,20,63,2025,50,50,4.354,1.16,-16.711,-18.118,4.307,3.86,-2.927,4.044,0.474,20.0,987,920,0.9321,13,913,0,0,7,0,65,0,0,2,0,2,0.15,0.354,0.567
g3,balanced,long,stock,20,63,2026,24,24,-1.857,-0.34,-24.206,-25.643,-1.994,-1.949,-8.363,-1.857,0.375,20.0,480,450,0.9375,0,443,0,0,7,0,25,4,0,1,0,0,0.108,0.36,0.563
g3,balanced,mid,mixed,10,5,ALL,176,176,-0.049,-0.21,-7.902,-11.484,-0.056,-0.051,-0.28,-0.049,0.462,10.0,1760,1752,0.9955,0,1752,0,0,0,0,4,0,0,4,0,0,0.069,0.376,0.628
g3,balanced,mid,mixed,10,5,P1,91,91,-0.151,-0.58,-5.106,-8.258,-0.162,-0.155,-0.487,-0.151,0.446,10,910,905,0.9945,0,905,0,0,0,0,3,0,0,2,0,0,0.067,0.377,0.622
g3,balanced,mid,mixed,10,5,P2,85,85,0.059,0.15,-9.368,-11.484,0.057,0.06,-0.059,0.059,0.478,10,850,847,0.9965,0,847,0,0,0,0,1,0,0,2,0,0,0.07,0.375,0.635
g3,balanced,mid,mixed,10,5,2023,40,40,-0.229,-0.68,-4.326,-4.364,-0.239,-0.232,-0.481,-0.229,0.441,10.0,400,398,0.995,0,398,0,0,0,0,1,0,0,1,0,0,0.067,0.377,0.613
g3,balanced,mid,mixed,10,5,2024,51,51,-0.089,-0.24,-5.626,-8.258,-0.101,-0.094,-0.492,-0.089,0.45,10,510,507,0.9941,0,507,0,0,0,0,2,0,0,1,0,0,0.067,0.377,0.628
g3,balanced,mid,mixed,10,5,2025,50,50,-0.113,-0.26,-7.816,-9.787,-0.127,-0.111,-0.313,-0.113,0.472,10.0,500,498,0.996,0,498,0,0,0,0,1,0,0,1,0,0,0.097,0.391,0.645
g3,balanced,mid,mixed,10,5,2026,35,35,0.304,0.4,-10.998,-11.484,0.321,0.304,0.304,0.304,0.486,10,350,349,0.9971,0,349,0,0,0,0,0,0,0,1,0,0,0.033,0.353,0.618
g3,balanced,mid,mixed,10,20,ALL,173,173,-0.276,-0.41,-14.656,-17.268,-0.331,-0.3,-1.947,-0.276,0.41,10,1730,1698,0.9815,0,1697,0,0,1,0,25,3,0,4,0,0,0.07,0.379,0.626
g3,balanced,mid,mixed,10,20,P1,91,91,-0.209,-0.3,-8.649,-10.346,-0.229,-0.216,-1.471,-0.209,0.405,10,910,897,0.9857,0,897,0,0,0,0,11,0,0,2,0,0,0.067,0.377,0.622
g3,balanced,mid,mixed,10,20,P2,82,82,-0.349,-0.29,-16.092,-17.268,-0.443,-0.394,-2.474,-0.349,0.415,10.0,820,801,0.9768,0,800,0,0,1,0,14,3,0,2,0,0,0.073,0.382,0.631
g3,balanced,mid,mixed,10,20,2023,40,40,-0.864,-1.78,-8.772,-10.216,-0.851,-0.852,-1.886,-0.864,0.444,10.0,400,395,0.9875,0,395,0,0,0,0,4,0,0,1,0,0,0.067,0.377,0.613
g3,balanced,mid,mixed,10,20,2024,51,51,0.304,0.26,-8.566,-10.346,0.258,0.284,-1.146,0.304,0.374,10,510,502,0.9843,0,502,0,0,0,0,7,0,0,1,0,0,0.067,0.377,0.628
g3,balanced,mid,mixed,10,20,2025,50,50,-1.107,-0.78,-15.912,-17.268,-1.122,-1.094,-2.881,-1.107,0.381,10.0,500,490,0.98,0,490,0,0,0,0,9,0,0,1,0,0,0.097,0.391,0.645
g3,balanced,mid,mixed,10,20,2026,32,32,0.835,0.4,-16.361,-16.783,0.617,0.7,-1.838,0.835,0.468,10.0,320,311,0.9719,0,310,0,0,1,0,5,3,0,1,0,0,0.036,0.367,0.606
g3,balanced,mid,mixed,10,63,ALL,165,165,-1.224,-0.84,-21.169,-27.452,-0.911,-1.246,-6.013,-1.224,0.351,10,1650,1571,0.9521,0,1567,0,0,4,0,73,2,0,4,0,0,0.072,0.391,0.622
g3,balanced,mid,mixed,10,63,P1,91,91,-1.327,-1.45,-14.604,-16.044,-1.054,-1.294,-3.982,-1.327,0.339,10,910,885,0.9725,0,885,0,0,0,0,23,0,0,2,0,0,0.067,0.377,0.622
g3,balanced,mid,mixed,10,63,P2,74,74,-1.096,-0.36,-24.105,-27.452,-0.736,-1.187,-8.511,-1.096,0.366,10.0,740,686,0.927,0,682,0,0,4,0,50,2,0,2,0,0,0.078,0.408,0.622
g3,balanced,mid,mixed,10,63,2023,40,40,-1.394,-1.91,-13.799,-14.651,-1.388,-1.353,-4.267,-1.394,0.391,10.0,400,388,0.97,0,388,0,0,0,0,11,0,0,1,0,0,0.067,0.377,0.613
g3,balanced,mid,mixed,10,63,2024,51,51,-1.274,-0.82,-15.14,-16.044,-0.792,-1.248,-3.758,-1.274,0.298,10,510,497,0.9745,0,497,0,0,0,0,12,0,0,1,0,0,0.067,0.377,0.628
g3,balanced,mid,mixed,10,63,2025,50,50,0.921,0.25,-21.724,-22.459,1.501,0.731,-6.285,0.921,0.406,10.0,500,465,0.93,0,464,0,0,1,0,34,0,0,1,0,0,0.097,0.391,0.645
g3,balanced,mid,mixed,10,63,2026,24,24,-5.298,-1.2,-25.991,-27.452,-5.396,-5.183,-13.15,-5.298,0.283,10.0,240,221,0.9208,0,218,0,0,3,0,16,2,0,1,0,0,0.039,0.443,0.57
g3,balanced,mid,mixed,20,5,ALL,176,176,-0.091,-0.46,-6.207,-8.954,-0.091,-0.09,-0.432,-0.084,0.459,20.0,3507,3489,0.9949,13,3489,0,0,0,0,11,1,0,6,0,2,0.095,0.352,0.599
g3,balanced,mid,mixed,20,5,P1,91,91,-0.243,-1.13,-4.294,-5.15,-0.242,-0.241,-0.63,-0.229,0.433,20,1807,1798,0.995,13,1798,0,0,0,0,7,0,0,2,0,2,0.077,0.353,0.589
g3,balanced,mid,mixed,20,5,P2,85,85,0.072,0.21,-7.224,-8.954,0.072,0.071,-0.221,0.072,0.487,20,1700,1691,0.9947,0,1691,0,0,0,0,4,1,0,4,0,0,0.114,0.351,0.61
g3,balanced,mid,mixed,20,5,2023,40,40,-0.348,-1.23,-3.886,-4.121,-0.346,-0.344,-0.727,-0.317,0.435,20.0,787,783,0.9949,13,783,0,0,0,0,3,0,0,1,0,2,0.07,0.343,0.573
g3,balanced,mid,mixed,20,5,2024,51,51,-0.16,-0.51,-4.482,-5.15,-0.161,-0.16,-0.554,-0.16,0.431,20,1020,1015,0.9951,0,1015,0,0,0,0,4,0,0,1,0,0,0.082,0.36,0.6
g3,balanced,mid,mixed,20,5,2025,50,50,-0.021,-0.06,-5.633,-7.181,-0.028,-0.021,-0.418,-0.021,0.483,20.0,1000,993,0.993,0,993,0,0,0,0,4,0,0,3,0,0,0.143,0.377,0.614
g3,balanced,mid,mixed,20,5,2026,35,35,0.204,0.32,-8.024,-8.954,0.214,0.203,0.061,0.204,0.492,20,700,698,0.9971,0,698,0,0,0,0,0,1,0,1,0,0,0.073,0.314,0.607
g3,balanced,mid,mixed,20,20,ALL,173,173,-0.29,-0.53,-11.626,-16.587,-0.315,-0.289,-1.88,-0.29,0.416,20,3447,3387,0.9826,13,3385,0,0,2,0,51,3,0,6,0,2,0.096,0.355,0.599
g3,balanced,mid,mixed,20,20,P1,91,91,-0.477,-0.79,-8.007,-10.1,-0.471,-0.468,-1.936,-0.477,0.403,20,1807,1779,0.9845,13,1779,0,0,0,0,26,0,0,2,0,2,0.077,0.353,0.589
g3,balanced,mid,mixed,20,20,P2,82,82,-0.083,-0.09,-13.356,-16.587,-0.142,-0.091,-1.817,-0.083,0.43,20.0,1640,1608,0.9805,0,1606,0,0,2,0,25,3,0,4,0,0,0.118,0.358,0.61
g3,balanced,mid,mixed,20,20,2023,40,40,-1.136,-3.41,-5.767,-6.749,-1.097,-1.109,-2.781,-1.136,0.421,20.0,787,773,0.9822,13,773,0,0,0,0,13,0,0,1,0,2,0.07,0.343,0.573
g3,balanced,mid,mixed,20,20,2024,51,51,0.04,0.04,-8.66,-10.1,0.02,0.035,-1.274,0.04,0.389,20,1020,1006,0.9863,0,1006,0,0,0,0,13,0,0,1,0,0,0.082,0.36,0.6
g3,balanced,mid,mixed,20,20,2025,50,50,-0.53,-0.49,-12.444,-16.587,-0.549,-0.522,-2.331,-0.53,0.422,20.0,1000,979,0.979,0,979,0,0,0,0,18,0,0,3,0,0,0.143,0.377,0.614
g3,balanced,mid,mixed,20,20,2026,32,32,0.615,0.36,-14.333,-15.583,0.493,0.583,-1.014,0.615,0.444,20.0,640,629,0.9828,0,627,0,0,2,0,7,3,0,1,0,0,0.078,0.327,0.608
g3,balanced,mid,mixed,20,63,ALL,165,165,-0.48,-0.32,-19.708,-27.873,-0.401,-0.567,-5.048,-0.476,0.376,20,3287,3141,0.9556,13,3133,0,0,8,0,136,4,0,6,0,2,0.1,0.365,0.595
g3,balanced,mid,mixed,20,63,P1,91,91,-1.722,-2.34,-10.395,-10.926,-1.553,-1.687,-4.914,-1.714,0.351,20,1807,1750,0.9685,13,1750,0,0,0,0,55,0,0,2,0,2,0.077,0.353,0.589
g3,balanced,mid,mixed,20,63,P2,74,74,1.046,0.34,-22.687,-27.873,1.016,0.81,-5.212,1.046,0.408,20.0,1480,1391,0.9399,0,1383,0,0,8,0,81,4,0,4,0,0,0.128,0.38,0.601
g3,balanced,mid,mixed,20,63,2023,40,40,-1.685,-1.66,-8.925,-9.101,-1.675,-1.631,-6.056,-1.667,0.38,20.0,787,753,0.9568,13,753,0,0,0,0,33,0,0,1,0,2,0.07,0.343,0.573
g3,balanced,mid,mixed,20,63,2024,51,51,-1.751,-1.68,-10.85,-10.926,-1.457,-1.731,-4.019,-1.751,0.328,20,1020,997,0.9775,0,997,0,0,0,0,22,0,0,1,0,0,0.082,0.36,0.6
g3,balanced,mid,mixed,20,63,2025,50,50,2.733,0.76,-18.162,-20.062,2.811,2.407,-3.746,2.733,0.443,20.0,1000,938,0.938,0,934,0,0,4,0,59,0,0,3,0,0,0.143,0.377,0.614
g3,balanced,mid,mixed,20,63,2026,24,24,-2.468,-0.47,-24.866,-27.873,-2.725,-2.518,-8.268,-2.468,0.334,20.0,480,453,0.9437,0,449,0,0,4,0,22,4,0,1,0,0,0.097,0.385,0.58
g3,balanced,mid,stock,10,5,ALL,176,176,0.075,0.3,-8.125,-11.484,0.064,0.068,-0.335,0.086,0.481,10.0,1757,1745,0.9932,3,1745,0,0,0,0,6,1,0,5,0,1,0.077,0.364,0.607
g3,balanced,mid,stock,10,5,P1,91,91,-0.058,-0.21,-5.326,-8.258,-0.07,-0.063,-0.395,-0.058,0.468,10,910,905,0.9945,0,905,0,0,0,0,3,0,0,2,0,0,0.074,0.36,0.607
g3,balanced,mid,stock,10,5,P2,85,85,0.218,0.51,-9.482,-11.484,0.207,0.208,-0.269,0.24,0.495,10,847,840,0.9917,3,840,0,0,0,0,3,1,0,3,0,1,0.08,0.368,0.608
g3,balanced,mid,stock,10,5,2023,40,40,-0.16,-0.42,-4.648,-4.892,-0.168,-0.162,-0.411,-0.16,0.464,10.0,400,398,0.995,0,398,0,0,0,0,1,0,0,1,0,0,0.072,0.365,0.579
g3,balanced,mid,stock,10,5,2024,51,51,0.021,0.05,-5.779,-8.258,0.007,0.015,-0.383,0.021,0.472,10,510,507,0.9941,0,507,0,0,0,0,2,0,0,1,0,0,0.075,0.357,0.626
g3,balanced,mid,stock,10,5,2025,50,50,0.087,0.19,-8.006,-10.677,0.057,0.076,-0.538,0.125,0.497,10.0,497,492,0.9899,3,492,0,0,0,0,3,0,0,2,0,1,0.108,0.386,0.612
g3,balanced,mid,stock,10,5,2026,35,35,0.404,0.5,-10.998,-11.484,0.421,0.398,0.115,0.404,0.494,10,350,348,0.9943,0,348,0,0,0,0,0,1,0,1,0,0,0.04,0.343,0.603
g3,balanced,mid,stock,10,20,ALL,173,173,0.133,0.18,-14.79,-17.268,0.084,0.106,-2.007,0.131,0.476,10,1727,1686,0.9763,3,1685,0,0,1,0,33,3,0,5,0,1,0.078,0.368,0.606
g3,balanced,mid,stock,10,20,P1,91,91,0.364,0.47,-9.002,-11.052,0.339,0.346,-1.133,0.364,0.505,10,910,895,0.9835,0,895,0,0,0,0,13,0,0,2,0,0,0.074,0.36,0.607
g3,balanced,mid,stock,10,20,P2,82,82,-0.123,-0.1,-16.601,-17.268,-0.2,-0.16,-2.977,-0.128,0.443,10.0,817,791,0.9682,3,790,0,0,1,0,20,3,0,3,0,1,0.083,0.376,0.605
g3,balanced,mid,stock,10,20,2023,40,40,-0.304,-0.6,-8.673,-11.052,-0.29,-0.303,-1.585,-0.304,0.507,10.0,400,394,0.985,0,394,0,0,0,0,5,0,0,1,0,0,0.072,0.365,0.579
g3,balanced,mid,stock,10,20,2024,51,51,0.887,0.68,-8.809,-10.346,0.833,0.855,-0.779,0.887,0.504,10,510,501,0.9824,0,501,0,0,0,0,8,0,0,1,0,0,0.075,0.357,0.626
g3,balanced,mid,stock,10,20,2025,50,50,-0.839,-0.56,-16.761,-17.268,-0.826,-0.818,-3.812,-0.847,0.425,10.0,497,480,0.9658,3,480,0,0,0,0,15,0,0,2,0,1,0.108,0.386,0.612
g3,balanced,mid,stock,10,20,2026,32,32,0.995,0.46,-16.361,-16.783,0.778,0.867,-1.672,0.995,0.471,10.0,320,311,0.9719,0,310,0,0,1,0,5,3,0,1,0,0,0.044,0.359,0.594
g3,balanced,mid,stock,10,63,ALL,165,165,0.76,0.47,-20.133,-27.452,1.03,0.686,-5.012,0.702,0.432,10,1647,1553,0.9429,3,1549,0,0,4,0,87,2,0,5,0,1,0.081,0.379,0.601
g3,balanced,mid,stock,10,63,P1,91,91,1.311,1.1,-14.933,-16.665,1.542,1.279,-2.004,1.311,0.45,10,910,880,0.967,0,880,0,0,0,0,28,0,0,2,0,0,0.074,0.36,0.607
g3,balanced,mid,stock,10,63,P2,74,74,0.081,0.02,-23.262,-27.452,0.401,-0.045,-8.713,-0.046,0.41,10.0,737,673,0.9132,3,669,0,0,4,0,59,2,0,3,0,1,0.089,0.403,0.593
g3,balanced,mid,stock,10,63,2023,40,40,1.356,0.93,-13.541,-14.651,1.275,1.319,-2.143,1.356,0.482,10.0,400,386,0.965,0,386,0,0,0,0,13,0,0,1,0,0,0.072,0.365,0.579
g3,balanced,mid,stock,10,63,2024,51,51,1.276,0.75,-15.523,-16.665,1.752,1.248,-1.894,1.276,0.424,10,510,494,0.9686,0,494,0,0,0,0,15,0,0,1,0,0,0.075,0.357,0.626
g3,balanced,mid,stock,10,63,2025,50,50,2.386,0.6,-19.321,-20.735,2.939,2.164,-6.84,2.198,0.449,10.0,497,452,0.9095,3,451,0,0,1,0,43,0,0,2,0,1,0.108,0.386,0.612
g3,balanced,mid,stock,10,63,2026,24,24,-4.722,-1.04,-25.991,-27.452,-4.888,-4.646,-12.613,-4.722,0.329,10.0,240,221,0.9208,0,218,0,0,3,0,16,2,0,1,0,0,0.05,0.438,0.552
g3,balanced,mid,stock,20,5,ALL,176,176,-0.004,-0.02,-6.67,-8.954,-0.004,-0.006,-0.404,0.028,0.481,20.0,3485,3465,0.9943,35,3465,0,0,0,0,12,2,0,6,0,4,0.099,0.344,0.583
g3,balanced,mid,stock,20,5,P1,91,91,-0.117,-0.54,-4.269,-5.15,-0.117,-0.115,-0.504,-0.1,0.464,20,1806,1797,0.995,14,1797,0,0,0,0,7,0,0,2,0,2,0.081,0.336,0.577
g3,balanced,mid,stock,20,5,P2,85,85,0.117,0.33,-8.058,-8.954,0.116,0.111,-0.297,0.165,0.5,20,1679,1668,0.9934,21,1668,0,0,0,0,5,2,0,4,0,2,0.119,0.352,0.588
g3,balanced,mid,stock,20,5,2023,40,40,-0.227,-0.76,-4.1,-4.121,-0.225,-0.224,-0.606,-0.189,0.465,20.0,786,782,0.9949,14,782,0,0,0,0,3,0,0,1,0,2,0.077,0.34,0.563
g3,balanced,mid,stock,20,5,2024,51,51,-0.03,-0.1,-4.381,-5.15,-0.032,-0.031,-0.425,-0.03,0.464,20,1020,1015,0.9951,0,1015,0,0,0,0,4,0,0,1,0,0,0.084,0.333,0.587
g3,balanced,mid,stock,20,5,2025,50,50,-0.03,-0.08,-6.244,-8.409,-0.04,-0.033,-0.431,0.051,0.494,20.0,979,972,0.9928,21,972,0,0,0,0,4,0,0,3,0,2,0.149,0.375,0.594
g3,balanced,mid,stock,20,5,2026,35,35,0.327,0.48,-8.605,-8.954,0.338,0.318,-0.106,0.327,0.507,20,700,696,0.9943,0,696,0,0,0,0,1,2,0,1,0,0,0.076,0.32,0.585
g3,balanced,mid,stock,20,20,ALL,173,173,-0.017,-0.03,-12.219,-18.295,-0.048,-0.026,-1.762,-0.012,0.462,20,3425,3360,0.981,35,3358,0,0,2,0,56,3,0,6,0,4,0.101,0.347,0.583
g3,balanced,mid,stock,20,20,P1,91,91,-0.052,-0.08,-8.157,-10.1,-0.052,-0.048,-1.686,-0.047,0.472,20,1806,1775,0.9828,14,1775,0,0,0,0,29,0,0,2,0,2,0.081,0.336,0.577
g3,balanced,mid,stock,20,20,P2,82,82,0.023,0.02,-14.085,-18.295,-0.043,-0.003,-1.848,0.027,0.451,20.0,1619,1585,0.979,21,1583,0,0,2,0,27,3,0,4,0,2,0.122,0.359,0.59
g3,balanced,mid,stock,20,20,2023,40,40,-0.981,-2.73,-6.171,-7.192,-0.939,-0.948,-2.747,-0.967,0.438,20.0,786,771,0.9809,14,771,0,0,0,0,14,0,0,1,0,2,0.077,0.34,0.563
g3,balanced,mid,stock,20,20,2024,51,51,0.676,0.64,-8.762,-10.1,0.644,0.658,-0.853,0.676,0.499,20,1020,1004,0.9843,0,1004,0,0,0,0,15,0,0,1,0,0,0.084,0.333,0.587
g3,balanced,mid,stock,20,20,2025,50,50,-0.451,-0.39,-13.92,-18.295,-0.472,-0.456,-2.356,-0.444,0.447,20.0,979,957,0.9775,21,957,0,0,0,0,19,0,0,3,0,2,0.149,0.375,0.594
g3,balanced,mid,stock,20,20,2026,32,32,0.764,0.43,-14.333,-15.583,0.626,0.706,-1.052,0.764,0.457,20.0,640,628,0.9812,0,626,0,0,2,0,8,3,0,1,0,0,0.081,0.334,0.59
g3,balanced,mid,stock,20,63,ALL,165,165,1.09,0.68,-18.667,-27.873,1.098,0.935,-4.166,0.982,0.439,20,3265,3100,0.9495,35,3092,0,0,8,0,155,4,0,6,0,4,0.105,0.356,0.581
g3,balanced,mid,stock,20,63,P1,91,91,0.312,0.29,-9.412,-10.327,0.408,0.3,-3.64,0.331,0.439,20,1806,1737,0.9618,14,1737,0,0,0,0,67,0,0,2,0,2,0.081,0.336,0.577
g3,balanced,mid,stock,20,63,P2,74,74,2.046,0.64,-22.128,-27.873,1.946,1.717,-4.813,1.782,0.439,20.0,1459,1363,0.9342,21,1355,0,0,8,0,88,4,0,4,0,2,0.134,0.38,0.586
g3,balanced,mid,stock,20,63,2023,40,40,-0.568,-0.41,-8.925,-9.101,-0.598,-0.514,-5.768,-0.523,0.423,20.0,786,746,0.9491,14,746,0,0,0,0,39,0,0,1,0,2,0.077,0.34,0.563
g3,balanced,mid,stock,20,63,2024,51,51,1.001,0.82,-9.65,-10.327,1.197,0.938,-1.971,1.001,0.451,20,1020,991,0.9716,0,991,0,0,0,0,28,0,0,1,0,0,0.084,0.333,0.587
g3,balanced,mid,stock,20,63,2025,50,50,3.793,1.05,-16.559,-17.532,3.793,3.392,-3.189,3.402,0.474,20.0,979,913,0.9326,21,909,0,0,4,0,63,0,0,3,0,2,0.149,0.375,0.594
g3,balanced,mid,stock,20,63,2026,24,24,-1.592,-0.28,-24.742,-27.873,-1.902,-1.774,-8.198,-1.592,0.366,20.0,480,450,0.9375,0,446,0,0,4,0,25,4,0,1,0,0,0.102,0.39,0.576
g3,balanced,short,mixed,10,5,ALL,176,176,-0.035,-0.16,-6.748,-10.624,-0.035,-0.034,-0.265,-0.035,0.471,10.0,1760,1754,0.9966,0,1754,0,0,0,0,3,1,0,2,0,0,0.05,0.463,0.658
g3,balanced,short,mixed,10,5,P1,91,91,0.027,0.11,-5.057,-5.734,0.028,0.032,-0.195,0.027,0.45,10,910,906,0.9956,0,906,0,0,0,0,2,0,0,2,0,0,0.057,0.472,0.651
g3,balanced,short,mixed,10,5,P2,85,85,-0.102,-0.27,-7.963,-10.624,-0.103,-0.104,-0.339,-0.102,0.493,10,850,848,0.9976,0,848,0,0,0,0,1,1,0,0,0,0,0.042,0.453,0.667
g3,balanced,short,mixed,10,5,2023,40,40,0.128,0.36,-5.097,-5.451,0.131,0.141,-0.122,0.128,0.466,10.0,400,398,0.995,0,398,0,0,0,0,1,0,0,1,0,0,0.041,0.488,0.636
g3,balanced,short,mixed,10,5,2024,51,51,-0.052,-0.14,-5.031,-5.734,-0.053,-0.054,-0.253,-0.052,0.437,10,510,508,0.9961,0,508,0,0,0,0,1,0,0,1,0,0,0.07,0.459,0.66
g3,balanced,short,mixed,10,5,2025,50,50,0.105,0.23,-7.37,-10.624,0.101,0.103,-0.098,0.105,0.499,10.0,500,499,0.998,0,499,0,0,0,0,1,0,0,0,0,0,0.055,0.487,0.673
g3,balanced,short,mixed,10,5,2026,35,35,-0.398,-0.64,-7.946,-8.131,-0.394,-0.399,-0.682,-0.398,0.485,10,350,349,0.9971,0,349,0,0,0,0,0,1,0,0,0,0,0.024,0.405,0.656
g3,balanced,short,mixed,10,20,ALL,173,173,-0.824,-1.43,-13.867,-19.762,-0.83,-0.816,-1.759,-0.824,0.401,10,1730,1712,0.9896,0,1712,0,0,0,0,15,1,0,2,0,0,0.05,0.466,0.657
g3,balanced,short,mixed,10,20,P1,91,91,-0.215,-0.35,-8.297,-9.677,-0.183,-0.185,-0.991,-0.215,0.399,10,910,901,0.9901,0,901,0,0,0,0,7,0,0,2,0,0,0.057,0.472,0.651
g3,balanced,short,mixed,10,20,P2,82,82,-1.501,-1.52,-15.614,-19.762,-1.547,-1.515,-2.611,-1.501,0.404,10.0,820,811,0.989,0,811,0,0,0,0,8,1,0,0,0,0,0.044,0.46,0.664
g3,balanced,short,mixed,10,20,2023,40,40,-0.088,-0.14,-8.01,-9.677,-0.064,-0.061,-1.098,-0.088,0.451,10.0,400,395,0.9875,0,395,0,0,0,0,4,0,0,1,0,0,0.041,0.488,0.636
g3,balanced,short,mixed,10,20,2024,51,51,-0.314,-0.32,-8.306,-9.112,-0.276,-0.283,-0.907,-0.314,0.357,10,510,506,0.9922,0,506,0,0,0,0,3,0,0,1,0,0,0.07,0.459,0.66
g3,balanced,short,mixed,10,20,2025,50,50,-1.756,-1.48,-16.114,-19.762,-1.754,-1.737,-2.916,-1.756,0.383,10.0,500,494,0.988,0,494,0,0,0,0,6,0,0,0,0,0,0.055,0.487,0.673
g3,balanced,short,mixed,10,20,2026,32,32,-1.102,-0.65,-14.607,-17.335,-1.224,-1.168,-2.135,-1.102,0.437,10.0,320,317,0.9906,0,317,0,0,0,0,2,1,0,0,0,0,0.026,0.418,0.648
g3,balanced,short,mixed,10,63,ALL,165,165,-2.196,-1.41,-20.871,-22.72,-1.945,-2.086,-5.129,-2.196,0.329,10,1650,1600,0.9697,0,1598,0,0,2,0,48,0,0,2,0,0,0.052,0.479,0.655
g3,balanced,short,mixed,10,63,P1,91,91,-2.193,-2.11,-15.094,-22.108,-1.843,-2.064,-4.184,-2.193,0.308,10,910,890,0.978,0,890,0,0,0,0,18,0,0,2,0,0,0.057,0.472,0.651
g3,balanced,short,mixed,10,63,P2,74,74,-2.2,-0.69,-21.988,-22.72,-2.071,-2.113,-6.291,-2.2,0.356,10.0,740,710,0.9595,0,708,0,0,2,0,30,0,0,0,0,0,0.047,0.486,0.662
g3,balanced,short,mixed,10,63,2023,40,40,-2.107,-2.98,-12.426,-13.043,-2.044,-1.986,-4.945,-2.107,0.354,10.0,400,388,0.97,0,388,0,0,0,0,11,0,0,1,0,0,0.041,0.488,0.636
g3,balanced,short,mixed,10,63,2024,51,51,-2.261,-1.27,-16.575,-22.108,-1.686,-2.126,-3.587,-2.261,0.272,10,510,502,0.9843,0,502,0,0,0,0,7,0,0,1,0,0,0.07,0.459,0.66
g3,balanced,short,mixed,10,63,2025,50,50,0.315,0.08,-21.233,-22.464,0.565,0.43,-3.858,0.315,0.402,10.0,500,479,0.958,0,479,0,0,0,0,21,0,0,0,0,0,0.055,0.487,0.673
g3,balanced,short,mixed,10,63,2026,24,24,-7.44,-2.49,-22.343,-22.72,-7.561,-7.411,-11.36,-7.44,0.259,10.0,240,231,0.9625,0,229,0,0,2,0,9,0,0,0,0,0,0.031,0.484,0.635
g3,balanced,short,mixed,20,5,ALL,176,176,-0.105,-0.59,-5.706,-7.908,-0.108,-0.106,-0.308,-0.101,0.464,20.0,3510,3499,0.9969,10,3499,0,0,0,0,6,1,0,4,0,3,0.08,0.436,0.619
g3,balanced,short,mixed,20,5,P1,91,91,-0.201,-1.01,-4.384,-5.862,-0.202,-0.201,-0.425,-0.193,0.436,20,1815,1809,0.9967,5,1809,0,0,0,0,4,0,0,2,0,1,0.072,0.439,0.613
g3,balanced,short,mixed,20,5,P2,85,85,-0.003,-0.01,-6.457,-7.908,-0.006,-0.004,-0.182,-0.003,0.495,20,1695,1690,0.9971,5,1690,0,0,0,0,2,1,0,2,0,2,0.088,0.433,0.627
g3,balanced,short,mixed,20,5,2023,40,40,-0.155,-0.58,-3.9,-3.984,-0.153,-0.152,-0.535,-0.136,0.45,20.0,795,791,0.995,5,791,0,0,0,0,3,0,0,1,0,1,0.061,0.437,0.583
g3,balanced,short,mixed,20,5,2024,51,51,-0.237,-0.82,-4.707,-5.862,-0.241,-0.24,-0.339,-0.237,0.425,20,1020,1018,0.998,0,1018,0,0,0,0,1,0,0,1,0,0,0.082,0.44,0.631
g3,balanced,short,mixed,20,5,2025,50,50,-0.006,-0.02,-6.075,-7.908,-0.012,-0.007,-0.211,-0.005,0.49,20.0,995,991,0.996,5,991,0,0,0,0,2,0,0,2,0,2,0.115,0.46,0.623
g3,balanced,short,mixed,20,5,2026,35,35,0.001,0.0,-6.345,-6.394,0.002,-0.001,-0.142,0.001,0.501,20,700,699,0.9986,0,699,0,0,0,0,0,1,0,0,0,0,0.048,0.394,0.635
g3,balanced,short,mixed,20,20,ALL,173,173,-0.534,-1.1,-11.386,-17.174,-0.547,-0.529,-1.418,-0.536,0.411,20,3450,3416,0.9901,10,3415,0,0,1,0,29,1,0,4,0,3,0.081,0.44,0.619
g3,balanced,short,mixed,20,20,P1,91,91,-0.565,-1.05,-8.193,-9.631,-0.563,-0.557,-1.466,-0.568,0.395,20,1815,1797,0.9901,5,1797,0,0,0,0,16,0,0,2,0,1,0.072,0.439,0.613
g3,balanced,short,mixed,20,20,P2,82,82,-0.501,-0.6,-12.367,-17.174,-0.529,-0.498,-1.365,-0.5,0.429,20.0,1635,1619,0.9902,5,1618,0,0,1,0,13,1,0,2,0,2,0.09,0.441,0.625
g3,balanced,short,mixed,20,20,2023,40,40,-0.548,-1.2,-6.855,-8.134,-0.526,-0.526,-1.813,-0.556,0.434,20.0,795,784,0.9862,5,784,0,0,0,0,10,0,0,1,0,1,0.061,0.437,0.583
g3,balanced,short,mixed,20,20,2024,51,51,-0.578,-0.66,-9.085,-9.631,-0.592,-0.581,-1.194,-0.578,0.365,20,1020,1013,0.9931,0,1013,0,0,0,0,6,0,0,1,0,0,0.082,0.44,0.631
g3,balanced,short,mixed,20,20,2025,50,50,-0.279,-0.24,-13.321,-17.174,-0.288,-0.275,-1.178,-0.278,0.427,20.0,995,984,0.9889,5,984,0,0,0,0,9,0,0,2,0,2,0.115,0.46,0.623
g3,balanced,short,mixed,20,20,2026,32,32,-0.847,-0.73,-10.537,-10.887,-0.905,-0.845,-1.656,-0.847,0.433,20.0,640,635,0.9922,0,634,0,0,1,0,4,1,0,0,0,0,0.051,0.412,0.632
g3,balanced,short,mixed,20,63,ALL,165,165,-1.509,-0.91,-17.462,-18.963,-1.378,-1.487,-4.72,-1.526,0.351,20,3290,3185,0.9681,10,3182,0,0,3,0,100,1,0,4,0,3,0.085,0.45,0.617
g3,balanced,short,mixed,20,63,P1,91,91,-2.372,-3.69,-13.086,-13.992,-2.209,-2.312,-4.972,-2.373,0.323,20,1815,1768,0.9741,5,1768,0,0,0,0,45,0,0,2,0,1,0.072,0.439,0.613
g3,balanced,short,mixed,20,63,P2,74,74,-0.448,-0.13,-18.444,-18.963,-0.356,-0.473,-4.41,-0.483,0.385,20.0,1475,1417,0.9607,5,1414,0,0,3,0,55,1,0,2,0,2,0.099,0.463,0.622
g3,balanced,short,mixed,20,63,2023,40,40,-1.849,-3.46,-9.466,-10.758,-1.817,-1.764,-5.967,-1.852,0.355,20.0,795,763,0.9597,5,763,0,0,0,0,31,0,0,1,0,1,0.061,0.437,0.583
g3,balanced,short,mixed,20,63,2024,51,51,-2.782,-2.51,-13.624,-13.992,-2.517,-2.741,-4.192,-2.782,0.298,20,1020,1005,0.9853,0,1005,0,0,0,0,14,0,0,1,0,0,0.082,0.44,0.631
g3,balanced,short,mixed,20,63,2025,50,50,2.812,0.66,-18.8,-18.963,2.9,2.664,-1.366,2.759,0.432,20.0,995,954,0.9588,5,954,0,0,0,0,39,0,0,2,0,2,0.115,0.46,0.623
g3,balanced,short,mixed,20,63,2026,24,24,-7.239,-3.01,-17.261,-17.377,-7.138,-7.009,-10.752,-7.239,0.285,20.0,480,463,0.9646,0,460,0,0,3,0,16,1,0,0,0,0,0.065,0.47,0.624
g3,balanced,short,stock,10,5,ALL,176,176,0.032,0.14,-7.31,-11.111,0.028,0.031,-0.258,0.04,0.489,10.0,1757,1750,0.996,3,1750,0,0,0,0,4,1,0,2,0,1,0.06,0.445,0.648
g3,balanced,short,stock,10,5,P1,91,91,0.045,0.17,-5.406,-5.734,0.045,0.05,-0.177,0.045,0.472,10,910,906,0.9956,0,906,0,0,0,0,2,0,0,2,0,0,0.059,0.442,0.65
g3,balanced,short,stock,10,5,P2,85,85,0.018,0.05,-8.702,-11.111,0.009,0.011,-0.346,0.034,0.508,10,847,844,0.9965,3,844,0,0,0,0,2,1,0,0,0,1,0.061,0.449,0.646
g3,balanced,short,stock,10,5,2023,40,40,0.137,0.35,-5.431,-5.451,0.14,0.151,-0.112,0.137,0.483,10.0,400,398,0.995,0,398,0,0,0,0,1,0,0,1,0,0,0.043,0.455,0.623
g3,balanced,short,stock,10,5,2024,51,51,-0.027,-0.07,-5.047,-5.734,-0.029,-0.029,-0.228,-0.027,0.463,10,510,508,0.9961,0,508,0,0,0,0,1,0,0,1,0,0,0.073,0.431,0.666
g3,balanced,short,stock,10,5,2025,50,50,0.123,0.26,-8.193,-11.111,0.108,0.114,-0.294,0.15,0.515,10.0,497,495,0.996,3,495,0,0,0,0,2,0,0,0,0,1,0.086,0.478,0.653
g3,balanced,short,stock,10,5,2026,35,35,-0.131,-0.2,-7.946,-8.131,-0.132,-0.137,-0.42,-0.131,0.499,10,350,349,0.9971,0,349,0,0,0,0,0,1,0,0,0,0,0.026,0.409,0.638
g3,balanced,short,stock,10,20,ALL,173,173,-0.52,-0.88,-13.984,-19.762,-0.529,-0.512,-1.58,-0.521,0.461,10,1727,1707,0.9884,3,1707,0,0,0,0,17,1,0,2,0,1,0.061,0.45,0.648
g3,balanced,short,stock,10,20,P1,91,91,0.058,0.09,-8.892,-9.677,0.088,0.086,-0.72,0.058,0.487,10,910,901,0.9901,0,901,0,0,0,0,7,0,0,2,0,0,0.059,0.442,0.65
g3,balanced,short,stock,10,20,P2,82,82,-1.162,-1.15,-15.845,-19.762,-1.215,-1.176,-2.534,-1.162,0.431,10.0,817,806,0.9865,3,806,0,0,0,0,10,1,0,0,0,1,0.063,0.459,0.647
g3,balanced,short,stock,10,20,2023,40,40,0.082,0.12,-9.185,-9.677,0.111,0.111,-0.926,0.082,0.494,10.0,400,395,0.9875,0,395,0,0,0,0,4,0,0,1,0,0,0.043,0.455,0.623
g3,balanced,short,stock,10,20,2024,51,51,0.039,0.04,-8.306,-9.112,0.07,0.066,-0.558,0.039,0.482,10,510,506,0.9922,0,506,0,0,0,0,3,0,0,1,0,0,0.073,0.431,0.666
g3,balanced,short,stock,10,20,2025,50,50,-1.48,-1.2,-16.575,-19.762,-1.489,-1.463,-3.07,-1.481,0.417,10.0,497,489,0.9839,3,489,0,0,0,0,8,0,0,0,0,1,0.086,0.478,0.653
g3,balanced,short,stock,10,20,2026,32,32,-0.665,-0.39,-14.607,-17.335,-0.785,-0.729,-1.696,-0.665,0.453,10.0,320,317,0.9906,0,317,0,0,0,0,2,1,0,0,0,0,0.028,0.428,0.639
g3,balanced,short,stock,10,63,ALL,165,165,-0.82,-0.48,-20.66,-23.772,-0.546,-0.722,-4.497,-0.86,0.391,10,1647,1586,0.963,3,1584,0,0,2,0,59,0,0,2,0,1,0.064,0.459,0.647
g3,balanced,short,stock,10,63,P1,91,91,-0.669,-0.61,-15.728,-22.108,-0.303,-0.56,-3.387,-0.669,0.395,10,910,884,0.9714,0,884,0,0,0,0,24,0,0,2,0,0,0.059,0.442,0.65
g3,balanced,short,stock,10,63,P2,74,74,-1.006,-0.29,-21.951,-23.772,-0.844,-0.92,-5.862,-1.095,0.387,10.0,737,702,0.9525,3,700,0,0,2,0,35,0,0,0,0,1,0.069,0.481,0.644
g3,balanced,short,stock,10,63,2023,40,40,-0.463,-0.41,-11.336,-11.809,-0.41,-0.38,-4.157,-0.463,0.428,10.0,400,385,0.9625,0,385,0,0,0,0,14,0,0,1,0,0,0.043,0.455,0.623
g3,balanced,short,stock,10,63,2024,51,51,-0.83,-0.47,-17.797,-22.108,-0.219,-0.702,-2.783,-0.83,0.369,10,510,499,0.9784,0,499,0,0,0,0,10,0,0,1,0,0,0.073,0.431,0.666
g3,balanced,short,stock,10,63,2025,50,50,1.939,0.46,-20.211,-20.719,2.237,2.053,-3.366,1.807,0.439,10.0,497,471,0.9477,3,471,0,0,0,0,26,0,0,0,0,1,0.086,0.478,0.653
g3,balanced,short,stock,10,63,2026,24,24,-7.142,-2.08,-23.246,-23.772,-7.263,-7.114,-11.063,-7.142,0.281,10.0,240,231,0.9625,0,229,0,0,2,0,9,0,0,0,0,0,0.033,0.487,0.626
g3,balanced,short,stock,20,5,ALL,176,176,-0.154,-0.83,-6.089,-8.559,-0.158,-0.156,-0.441,-0.131,0.474,20.0,3496,3482,0.996,24,3482,0,0,0,0,9,1,0,4,0,3,0.085,0.422,0.606
g3,balanced,short,stock,20,5,P1,91,91,-0.232,-1.17,-4.35,-5.862,-0.235,-0.234,-0.569,-0.222,0.455,20,1814,1806,0.9956,6,1806,0,0,0,0,6,0,0,2,0,1,0.078,0.411,0.601
g3,balanced,short,stock,20,5,P2,85,85,-0.07,-0.22,-7.157,-8.559,-0.076,-0.073,-0.304,-0.034,0.494,20,1682,1676,0.9964,18,1676,0,0,0,0,3,1,0,2,0,2,0.093,0.433,0.613
g3,balanced,short,stock,20,5,2023,40,40,-0.192,-0.66,-4.297,-4.509,-0.191,-0.19,-0.698,-0.169,0.463,20.0,794,789,0.9937,6,789,0,0,0,0,4,0,0,1,0,1,0.068,0.42,0.573
g3,balanced,short,stock,20,5,2024,51,51,-0.264,-0.97,-4.35,-5.862,-0.271,-0.268,-0.467,-0.264,0.449,20,1020,1017,0.9971,0,1017,0,0,0,0,2,0,0,1,0,0,0.085,0.404,0.62
g3,balanced,short,stock,20,5,2025,50,50,-0.078,-0.2,-6.825,-8.559,-0.088,-0.082,-0.376,-0.016,0.491,20.0,982,977,0.9949,18,977,0,0,0,0,3,0,0,2,0,2,0.12,0.46,0.606
g3,balanced,short,stock,20,5,2026,35,35,-0.059,-0.11,-6.45,-6.507,-0.058,-0.061,-0.202,-0.059,0.498,20,700,699,0.9986,0,699,0,0,0,0,0,1,0,0,0,0,0.053,0.394,0.626
g3,balanced,short,stock,20,20,ALL,173,173,-0.503,-1.03,-11.876,-17.944,-0.516,-0.499,-1.62,-0.501,0.449,20,3436,3394,0.9878,24,3393,0,0,1,0,37,1,0,4,0,3,0.086,0.425,0.604
g3,balanced,short,stock,20,20,P1,91,91,-0.427,-0.81,-8.114,-9.631,-0.429,-0.423,-1.558,-0.43,0.458,20,1814,1792,0.9879,6,1792,0,0,0,0,20,0,0,2,0,1,0.078,0.411,0.601
g3,balanced,short,stock,20,20,P2,82,82,-0.588,-0.69,-13.429,-17.944,-0.612,-0.584,-1.688,-0.579,0.439,20.0,1622,1602,0.9877,18,1601,0,0,1,0,17,1,0,2,0,2,0.095,0.441,0.609
g3,balanced,short,stock,20,20,2023,40,40,-0.451,-0.99,-6.604,-7.632,-0.437,-0.436,-1.985,-0.457,0.461,20.0,794,781,0.9836,6,781,0,0,0,0,12,0,0,1,0,1,0.068,0.42,0.573
g3,balanced,short,stock,20,20,2024,51,51,-0.408,-0.47,-9.085,-9.631,-0.423,-0.413,-1.224,-0.408,0.456,20,1020,1011,0.9912,0,1011,0,0,0,0,8,0,0,1,0,0,0.085,0.404,0.62
g3,balanced,short,stock,20,20,2025,50,50,-0.43,-0.36,-15.132,-17.944,-0.435,-0.429,-1.623,-0.416,0.443,20.0,982,968,0.9857,18,968,0,0,0,0,12,0,0,2,0,2,0.12,0.46,0.606
g3,balanced,short,stock,20,20,2026,32,32,-0.834,-0.74,-10.874,-10.887,-0.887,-0.826,-1.791,-0.834,0.432,20.0,640,634,0.9906,0,633,0,0,1,0,5,1,0,0,0,0,0.056,0.411,0.619
g3,balanced,short,stock,20,63,ALL,165,165,-0.768,-0.45,-17.925,-20.766,-0.635,-0.746,-4.569,-0.848,0.394,20,3276,3153,0.9625,24,3149,0,0,4,0,118,1,0,4,0,3,0.09,0.434,0.603
g3,balanced,short,stock,20,63,P1,91,91,-1.368,-2.09,-13.258,-15.089,-1.205,-1.306,-4.619,-1.366,0.386,20,1814,1756,0.968,6,1756,0,0,0,0,56,0,0,2,0,1,0.078,0.411,0.601
g3,balanced,short,stock,20,63,P2,74,74,-0.031,-0.01,-19.374,-20.766,0.066,-0.056,-4.507,-0.212,0.404,20.0,1462,1397,0.9555,18,1393,0,0,4,0,62,1,0,2,0,2,0.104,0.461,0.607
g3,balanced,short,stock,20,63,2023,40,40,-1.181,-1.71,-9.731,-10.891,-1.186,-1.098,-6.115,-1.176,0.394,20.0,794,756,0.9521,6,756,0,0,0,0,37,0,0,1,0,1,0.068,0.42,0.573
g3,balanced,short,stock,20,63,2024,51,51,-1.514,-1.46,-14.314,-15.089,-1.221,-1.47,-3.447,-1.514,0.381,20,1020,1000,0.9804,0,1000,0,0,0,0,19,0,0,1,0,0,0.085,0.404,0.62
g3,balanced,short,stock,20,63,2025,50,50,3.498,0.79,-18.761,-20.766,3.587,3.348,-1.225,3.231,0.452,20.0,982,936,0.9532,18,935,0,0,1,0,44,0,0,2,0,2,0.12,0.46,0.606
g3,balanced,short,stock,20,63,2026,24,24,-7.384,-2.82,-19.215,-19.745,-7.271,-7.148,-11.343,-7.384,0.304,20.0,480,461,0.9604,0,458,0,0,3,0,18,1,0,0,0,0,0.071,0.465,0.615
g3x2,aggressive,long,mixed,10,5,ALL,176,176,0.019,0.07,-8.275,-11.926,0.012,0.018,-0.268,0.019,0.465,10.0,1760,1751,0.9949,0,1751,0,0,0,0,5,0,0,4,0,0,0.049,0.219,0.575
g3x2,aggressive,long,mixed,10,5,P1,91,91,-0.099,-0.36,-4.99,-6.155,-0.108,-0.102,-0.435,-0.099,0.451,10,910,905,0.9945,0,905,0,0,0,0,3,0,0,2,0,0,0.049,0.207,0.557
g3x2,aggressive,long,mixed,10,5,P2,85,85,0.145,0.3,-9.733,-11.926,0.14,0.147,-0.09,0.145,0.481,10,850,846,0.9953,0,846,0,0,0,0,2,0,0,2,0,0,0.048,0.232,0.594
g3x2,aggressive,long,mixed,10,5,2023,40,40,-0.132,-0.36,-4.532,-4.563,-0.141,-0.135,-0.384,-0.132,0.449,10.0,400,398,0.995,0,398,0,0,0,0,1,0,0,1,0,0,0.047,0.232,0.51
g3x2,aggressive,long,mixed,10,5,2024,51,51,-0.074,-0.18,-5.17,-6.155,-0.083,-0.076,-0.475,-0.074,0.453,10,510,507,0.9941,0,507,0,0,0,0,2,0,0,1,0,0,0.051,0.188,0.594
g3x2,aggressive,long,mixed,10,5,2025,50,50,-0.116,-0.22,-7.632,-8.105,-0.138,-0.112,-0.516,-0.116,0.469,10.0,500,497,0.994,0,497,0,0,0,0,2,0,0,1,0,0,0.067,0.254,0.598
g3x2,aggressive,long,mixed,10,5,2026,35,35,0.518,0.59,-11.673,-11.926,0.538,0.518,0.518,0.518,0.498,10,350,349,0.9971,0,349,0,0,0,0,0,0,0,1,0,0,0.02,0.2,0.585
g3x2,aggressive,long,mixed,10,20,ALL,173,173,-0.306,-0.42,-17.034,-25.88,-0.346,-0.332,-1.87,-0.306,0.428,10,1730,1700,0.9827,0,1700,0,0,0,0,24,2,0,4,0,0,0.049,0.222,0.577
g3x2,aggressive,long,mixed,10,20,P1,91,91,-0.047,-0.07,-7.955,-9.354,-0.075,-0.061,-1.196,-0.047,0.451,10,910,898,0.9868,0,898,0,0,0,0,10,0,0,2,0,0,0.049,0.207,0.557
g3x2,aggressive,long,mixed,10,20,P2,82,82,-0.594,-0.44,-20.342,-25.88,-0.648,-0.634,-2.619,-0.594,0.402,10.0,820,802,0.978,0,802,0,0,0,0,14,2,0,2,0,0,0.05,0.239,0.598
g3x2,aggressive,long,mixed,10,20,2023,40,40,-0.408,-0.61,-6.959,-9.045,-0.405,-0.414,-0.671,-0.408,0.46,10.0,400,398,0.995,0,398,0,0,0,0,1,0,0,1,0,0,0.047,0.232,0.51
g3x2,aggressive,long,mixed,10,20,2024,51,51,0.237,0.23,-8.047,-9.354,0.184,0.216,-1.607,0.237,0.443,10,510,500,0.9804,0,500,0,0,0,0,9,0,0,1,0,0,0.051,0.188,0.594
g3x2,aggressive,long,mixed,10,20,2025,50,50,-1.709,-1.29,-18.162,-22.962,-1.714,-1.696,-3.535,-1.709,0.357,10.0,500,490,0.98,0,490,0,0,0,0,9,0,0,1,0,0,0.067,0.254,0.598
g3x2,aggressive,long,mixed,10,20,2026,32,32,1.147,0.42,-23.302,-25.88,1.019,1.027,-1.189,1.147,0.474,10.0,320,312,0.975,0,312,0,0,0,0,5,2,0,1,0,0,0.022,0.216,0.594
g3x2,aggressive,long,mixed,10,63,ALL,165,165,-1.451,-0.94,-23.207,-34.951,-1.122,-1.424,-5.794,-1.451,0.365,10,1650,1578,0.9564,0,1575,0,0,3,0,66,2,0,4,0,0,0.051,0.228,0.571
g3x2,aggressive,long,mixed,10,63,P1,91,91,-1.118,-1.09,-14.34,-18.653,-0.718,-1.011,-3.697,-1.118,0.365,10,910,885,0.9725,0,885,0,0,0,0,23,0,0,2,0,0,0.049,0.207,0.557
g3x2,aggressive,long,mixed,10,63,P2,74,74,-1.861,-0.59,-27.841,-34.951,-1.619,-1.932,-8.373,-1.861,0.364,10.0,740,693,0.9365,0,690,0,0,3,0,43,2,0,2,0,0,0.052,0.253,0.586
g3x2,aggressive,long,mixed,10,63,2023,40,40,0.567,0.37,-11.196,-11.387,0.578,0.607,-0.465,0.567,0.407,10.0,400,395,0.9875,0,395,0,0,0,0,4,0,0,1,0,0,0.047,0.232,0.51
g3x2,aggressive,long,mixed,10,63,2024,51,51,-2.439,-2.13,-16.203,-18.653,-1.735,-2.279,-6.231,-2.439,0.333,10,510,490,0.9608,0,490,0,0,0,0,19,0,0,1,0,0,0.051,0.188,0.594
g3x2,aggressive,long,mixed,10,63,2025,50,50,-0.637,-0.18,-20.533,-21.065,-0.202,-0.766,-7.497,-0.637,0.381,10.0,500,467,0.934,0,467,0,0,0,0,32,0,0,1,0,0,0.067,0.254,0.598
g3x2,aggressive,long,mixed,10,63,2026,24,24,-4.41,-0.74,-33.877,-34.951,-4.57,-4.362,-10.199,-4.41,0.327,10.0,240,226,0.9417,0,223,0,0,3,0,11,2,0,1,0,0,0.021,0.253,0.557
g3x2,aggressive,long,mixed,20,5,ALL,176,176,-0.022,-0.1,-7.288,-12.321,-0.021,-0.021,-0.31,-0.022,0.469,20.0,3520,3505,0.9957,0,3505,0,0,0,0,10,0,0,5,0,0,0.07,0.202,0.557
g3x2,aggressive,long,mixed,20,5,P1,91,91,-0.134,-0.56,-4.116,-4.574,-0.133,-0.131,-0.521,-0.134,0.447,20,1820,1811,0.9951,0,1811,0,0,0,0,7,0,0,2,0,0,0.062,0.202,0.539
g3x2,aggressive,long,mixed,20,5,P2,85,85,0.097,0.24,-8.84,-12.321,0.099,0.098,-0.085,0.097,0.493,20,1700,1694,0.9965,0,1694,0,0,0,0,3,0,0,3,0,0,0.08,0.203,0.574
g3x2,aggressive,long,mixed,20,5,2023,40,40,-0.189,-0.65,-3.686,-4.32,-0.187,-0.186,-0.568,-0.189,0.446,20.0,800,796,0.995,0,796,0,0,0,0,3,0,0,1,0,0,0.064,0.215,0.527
g3x2,aggressive,long,mixed,20,5,2024,51,51,-0.09,-0.25,-4.242,-4.574,-0.091,-0.088,-0.484,-0.09,0.447,20,1020,1015,0.9951,0,1015,0,0,0,0,4,0,0,1,0,0,0.06,0.191,0.551
g3x2,aggressive,long,mixed,20,5,2025,50,50,0.009,0.02,-7.097,-8.178,0.006,0.011,-0.3,0.009,0.485,20.0,1000,995,0.995,0,995,0,0,0,0,3,0,0,2,0,0,0.107,0.228,0.572
g3x2,aggressive,long,mixed,20,5,2026,35,35,0.222,0.29,-10.105,-12.321,0.232,0.222,0.222,0.222,0.505,20,700,699,0.9986,0,699,0,0,0,0,0,0,0,1,0,0,0.041,0.167,0.578
g3x2,aggressive,long,mixed,20,20,ALL,173,173,-0.099,-0.15,-13.407,-20.86,-0.146,-0.118,-1.716,-0.099,0.424,20,3460,3401,0.9829,0,3398,0,0,3,0,50,3,1,5,0,0,0.071,0.205,0.557
g3x2,aggressive,long,mixed,20,20,P1,91,91,-0.433,-0.74,-7.192,-7.827,-0.436,-0.429,-1.896,-0.433,0.418,20,1820,1792,0.9846,0,1792,0,0,0,0,26,0,0,2,0,0,0.062,0.202,0.539
g3x2,aggressive,long,mixed,20,20,P2,82,82,0.271,0.22,-16.707,-20.86,0.175,0.228,-1.515,0.271,0.43,20.0,1640,1609,0.9811,0,1606,0,0,3,0,24,3,1,3,0,0,0.082,0.209,0.575
g3x2,aggressive,long,mixed,20,20,2023,40,40,-1.058,-3.65,-5.498,-6.868,-1.034,-1.04,-2.46,-1.058,0.422,20.0,800,788,0.985,0,788,0,0,0,0,11,0,0,1,0,0,0.064,0.215,0.527
g3x2,aggressive,long,mixed,20,20,2024,51,51,0.057,0.06,-7.697,-7.827,0.034,0.051,-1.454,0.057,0.416,20,1020,1004,0.9843,0,1004,0,0,0,0,15,0,0,1,0,0,0.06,0.191,0.551
g3x2,aggressive,long,mixed,20,20,2025,50,50,0.117,0.09,-11.367,-14.007,0.057,0.083,-1.557,0.117,0.413,20.0,1000,982,0.982,0,982,0,0,0,0,16,0,0,2,0,0,0.107,0.228,0.572
g3x2,aggressive,long,mixed,20,20,2026,32,32,0.513,0.22,-20.781,-20.86,0.359,0.453,-1.45,0.513,0.455,20.0,640,627,0.9797,0,624,0,0,3,0,8,3,1,1,0,0,0.043,0.18,0.581
g3x2,aggressive,long,mixed,20,63,ALL,165,165,-0.652,-0.39,-22.334,-30.241,-0.552,-0.72,-5.191,-0.652,0.382,20,3300,3155,0.9561,0,3145,0,0,10,0,137,3,0,5,0,0,0.073,0.21,0.549
g3x2,aggressive,long,mixed,20,63,P1,91,91,-1.56,-1.63,-11.12,-13.33,-1.367,-1.506,-5.062,-1.56,0.368,20,1820,1757,0.9654,0,1757,0,0,0,0,61,0,0,2,0,0,0.062,0.202,0.539
g3x2,aggressive,long,mixed,20,63,P2,74,74,0.464,0.13,-26.861,-30.241,0.45,0.247,-5.348,0.464,0.398,20.0,1480,1398,0.9446,0,1388,0,0,10,0,76,3,0,3,0,0,0.087,0.22,0.561
g3x2,aggressive,long,mixed,20,63,2023,40,40,-0.841,-0.55,-10.278,-10.527,-0.828,-0.766,-4.64,-0.841,0.403,20.0,800,770,0.9625,0,770,0,0,0,0,29,0,0,1,0,0,0.064,0.215,0.527
g3x2,aggressive,long,mixed,20,63,2024,51,51,-2.123,-2.2,-11.681,-13.33,-1.789,-2.087,-5.393,-2.123,0.341,20,1020,987,0.9676,0,987,0,0,0,0,32,0,0,1,0,0,0.06,0.191,0.551
g3x2,aggressive,long,mixed,20,63,2025,50,50,1.696,0.45,-18.656,-20.111,1.77,1.422,-4.092,1.696,0.418,20.0,1000,945,0.945,0,941,0,0,4,0,53,0,0,2,0,0,0.107,0.228,0.572
g3x2,aggressive,long,mixed,20,63,2026,24,24,-2.105,-0.31,-29.727,-30.241,-2.299,-2.201,-7.965,-2.105,0.356,20.0,480,453,0.9437,0,447,0,0,6,0,23,3,0,1,0,0,0.045,0.205,0.537
g3x2,aggressive,long,stock,10,5,ALL,176,176,0.007,0.03,-8.315,-11.926,-0.003,0.004,-0.407,0.012,0.468,10.0,1758,1746,0.9932,2,1746,0,0,0,0,7,0,0,5,0,1,0.052,0.216,0.573
g3x2,aggressive,long,stock,10,5,P1,91,91,-0.137,-0.47,-5.015,-6.155,-0.146,-0.14,-0.472,-0.137,0.453,10,910,905,0.9945,0,905,0,0,0,0,3,0,0,2,0,0,0.056,0.204,0.551
g3x2,aggressive,long,stock,10,5,P2,85,85,0.161,0.32,-9.733,-11.926,0.151,0.158,-0.336,0.172,0.483,10,848,841,0.9917,2,841,0,0,0,0,4,0,0,3,0,1,0.048,0.229,0.594
g3x2,aggressive,long,stock,10,5,2023,40,40,-0.202,-0.52,-4.702,-4.841,-0.212,-0.206,-0.454,-0.202,0.446,10.0,400,398,0.995,0,398,0,0,0,0,1,0,0,1,0,0,0.058,0.225,0.5
g3x2,aggressive,long,stock,10,5,2024,51,51,-0.085,-0.21,-5.099,-6.155,-0.094,-0.088,-0.486,-0.085,0.458,10,510,507,0.9941,0,507,0,0,0,0,2,0,0,1,0,0,0.055,0.188,0.592
g3x2,aggressive,long,stock,10,5,2025,50,50,-0.125,-0.22,-7.632,-8.105,-0.157,-0.131,-0.971,-0.107,0.469,10.0,498,492,0.988,2,492,0,0,0,0,4,0,0,2,0,1,0.067,0.25,0.6
g3x2,aggressive,long,stock,10,5,2026,35,35,0.571,0.63,-11.673,-11.926,0.59,0.571,0.571,0.571,0.503,10,350,349,0.9971,0,349,0,0,0,0,0,0,0,1,0,0,0.02,0.2,0.585
g3x2,aggressive,long,stock,10,20,ALL,173,173,-0.154,-0.2,-17.094,-25.88,-0.192,-0.183,-1.912,-0.16,0.457,10,1728,1694,0.9803,2,1694,0,0,0,0,27,2,0,5,0,1,0.053,0.22,0.574
g3x2,aggressive,long,stock,10,20,P1,91,91,0.066,0.1,-8.413,-11.335,0.039,0.05,-1.199,0.066,0.493,10,910,897,0.9857,0,897,0,0,0,0,11,0,0,2,0,0,0.056,0.204,0.551
g3x2,aggressive,long,stock,10,20,P2,82,82,-0.398,-0.28,-20.342,-25.88,-0.449,-0.442,-2.703,-0.412,0.417,10.0,818,797,0.9743,2,797,0,0,0,0,16,2,0,3,0,1,0.049,0.237,0.598
g3x2,aggressive,long,stock,10,20,2023,40,40,-0.518,-0.75,-8.542,-11.335,-0.514,-0.524,-0.781,-0.518,0.463,10.0,400,398,0.995,0,398,0,0,0,0,1,0,0,1,0,0,0.058,0.225,0.5
g3x2,aggressive,long,stock,10,20,2024,51,51,0.525,0.48,-8.047,-9.354,0.472,0.5,-1.528,0.525,0.517,10,510,499,0.9784,0,499,0,0,0,0,10,0,0,1,0,0,0.055,0.188,0.592
g3x2,aggressive,long,stock,10,20,2025,50,50,-1.61,-1.18,-18.162,-22.962,-1.593,-1.588,-3.877,-1.633,0.377,10.0,498,485,0.9739,2,485,0,0,0,0,11,0,0,2,0,1,0.067,0.25,0.6
g3x2,aggressive,long,stock,10,20,2026,32,32,1.496,0.53,-23.302,-25.88,1.339,1.347,-0.868,1.496,0.481,10.0,320,312,0.975,0,312,0,0,0,0,5,2,0,1,0,0,0.022,0.216,0.594
g3x2,aggressive,long,stock,10,63,ALL,165,165,-0.422,-0.26,-22.903,-34.951,-0.115,-0.418,-5.132,-0.46,0.406,10,1648,1570,0.9527,2,1567,0,0,3,0,71,2,0,5,0,1,0.054,0.225,0.567
g3x2,aggressive,long,stock,10,63,P1,91,91,0.19,0.16,-14.03,-18.653,0.564,0.271,-2.528,0.19,0.43,10,910,884,0.9714,0,884,0,0,0,0,24,0,0,2,0,0,0.056,0.204,0.551
g3x2,aggressive,long,stock,10,63,P2,74,74,-1.175,-0.35,-27.632,-34.951,-0.949,-1.265,-8.335,-1.259,0.376,10.0,738,686,0.9295,2,683,0,0,3,0,47,2,0,3,0,1,0.052,0.25,0.585
g3x2,aggressive,long,stock,10,63,2023,40,40,1.136,0.68,-11.75,-12.673,1.148,1.179,0.107,1.136,0.442,10.0,400,395,0.9875,0,395,0,0,0,0,4,0,0,1,0,0,0.058,0.225,0.5
g3x2,aggressive,long,stock,10,63,2024,51,51,-0.551,-0.37,-15.337,-18.653,0.107,-0.441,-4.596,-0.551,0.421,10,510,489,0.9588,0,489,0,0,0,0,20,0,0,1,0,0,0.055,0.188,0.592
g3x2,aggressive,long,stock,10,63,2025,50,50,0.133,0.03,-19.819,-20.23,0.567,-0.001,-7.662,0.009,0.395,10.0,498,460,0.9237,2,460,0,0,0,0,36,0,0,2,0,1,0.067,0.25,0.6
g3x2,aggressive,long,stock,10,63,2026,24,24,-3.899,-0.63,-33.877,-34.951,-4.108,-3.9,-9.736,-3.899,0.336,10.0,240,226,0.9417,0,223,0,0,3,0,11,2,0,1,0,0,0.021,0.25,0.552
g3x2,aggressive,long,stock,20,5,ALL,176,176,0.067,0.29,-7.332,-12.321,0.066,0.068,-0.309,0.081,0.482,20.0,3508,3490,0.9949,12,3490,0,0,0,0,12,1,0,5,0,1,0.073,0.202,0.548
g3x2,aggressive,long,stock,20,5,P1,91,91,-0.019,-0.08,-4.24,-4.574,-0.019,-0.017,-0.406,-0.019,0.466,20,1820,1811,0.9951,0,1811,0,0,0,0,7,0,0,2,0,0,0.063,0.203,0.535
g3x2,aggressive,long,stock,20,5,P2,85,85,0.16,0.39,-8.992,-12.321,0.156,0.158,-0.204,0.189,0.499,20,1688,1679,0.9947,12,1679,0,0,0,0,5,1,0,3,0,1,0.084,0.201,0.562
g3x2,aggressive,long,stock,20,5,2023,40,40,-0.062,-0.19,-4.153,-4.32,-0.06,-0.059,-0.441,-0.062,0.469,20.0,800,796,0.995,0,796,0,0,0,0,3,0,0,1,0,0,0.064,0.217,0.514
g3x2,aggressive,long,stock,20,5,2024,51,51,0.014,0.04,-4.299,-4.574,0.014,0.017,-0.379,0.014,0.463,20,1020,1015,0.9951,0,1015,0,0,0,0,4,0,0,1,0,0,0.063,0.192,0.553
g3x2,aggressive,long,stock,20,5,2025,50,50,0.065,0.15,-7.279,-8.547,0.051,0.062,-0.454,0.114,0.493,20.0,988,981,0.9929,12,981,0,0,0,0,5,0,0,2,0,1,0.111,0.23,0.562
g3x2,aggressive,long,stock,20,5,2026,35,35,0.296,0.38,-10.21,-12.321,0.306,0.296,0.153,0.296,0.507,20,700,698,0.9971,0,698,0,0,0,0,0,1,0,1,0,0,0.046,0.16,0.563
g3x2,aggressive,long,stock,20,20,ALL,173,173,0.21,0.31,-13.859,-20.86,0.152,0.185,-1.734,0.194,0.464,20,3448,3378,0.9797,12,3375,0,0,3,0,61,3,1,5,0,1,0.074,0.205,0.549
g3x2,aggressive,long,stock,20,20,P1,91,91,0.033,0.05,-7.298,-7.827,0.018,0.037,-1.723,0.033,0.479,20,1820,1787,0.9819,0,1787,0,0,0,0,31,0,0,2,0,0,0.063,0.203,0.535
g3x2,aggressive,long,stock,20,20,P2,82,82,0.406,0.32,-16.707,-20.86,0.301,0.35,-1.746,0.372,0.446,20.0,1628,1591,0.9773,12,1588,0,0,3,0,30,3,1,3,0,1,0.087,0.207,0.564
g3x2,aggressive,long,stock,20,20,2023,40,40,-0.717,-2.31,-6.614,-6.997,-0.722,-0.699,-2.783,-0.717,0.449,20.0,800,783,0.9788,0,783,0,0,0,0,16,0,0,1,0,0,0.064,0.217,0.514
g3x2,aggressive,long,stock,20,20,2024,51,51,0.622,0.6,-7.697,-7.827,0.598,0.614,-0.891,0.622,0.503,20,1020,1004,0.9843,0,1004,0,0,0,0,15,0,0,1,0,0,0.063,0.192,0.553
g3x2,aggressive,long,stock,20,20,2025,50,50,0.214,0.15,-12.155,-14.007,0.137,0.157,-2.062,0.158,0.44,20.0,988,964,0.9757,12,964,0,0,0,0,22,0,0,2,0,1,0.111,0.23,0.562
g3x2,aggressive,long,stock,20,20,2026,32,32,0.707,0.29,-20.781,-20.86,0.557,0.652,-1.251,0.707,0.457,20.0,640,627,0.9797,0,624,0,0,3,0,8,3,1,1,0,0,0.048,0.172,0.569
g3x2,aggressive,long,stock,20,63,ALL,165,165,0.365,0.21,-21.652,-30.241,0.451,0.269,-4.919,0.272,0.428,20,3288,3121,0.9492,12,3111,0,0,10,0,158,4,0,5,0,1,0.076,0.211,0.542
g3x2,aggressive,long,stock,20,63,P1,91,91,-0.126,-0.11,-10.597,-11.859,0.059,-0.077,-4.125,-0.126,0.439,20,1820,1749,0.961,0,1749,0,0,0,0,69,0,0,2,0,0,0.063,0.203,0.535
g3x2,aggressive,long,stock,20,63,P2,74,74,0.969,0.28,-26.861,-30.241,0.934,0.695,-5.895,0.761,0.414,20.0,1468,1372,0.9346,12,1362,0,0,10,0,89,4,0,3,0,1,0.091,0.22,0.551
g3x2,aggressive,long,stock,20,63,2023,40,40,-0.243,-0.14,-10.386,-10.656,-0.244,-0.171,-5.166,-0.243,0.436,20.0,800,762,0.9525,0,762,0,0,0,0,37,0,0,1,0,0,0.064,0.217,0.514
g3x2,aggressive,long,stock,20,63,2024,51,51,-0.035,-0.03,-10.738,-11.859,0.297,-0.003,-3.309,-0.035,0.442,20,1020,987,0.9676,0,987,0,0,0,0,32,0,0,1,0,0,0.063,0.192,0.553
g3x2,aggressive,long,stock,20,63,2025,50,50,2.407,0.64,-16.425,-18.557,2.45,2.049,-4.633,2.099,0.435,20.0,988,922,0.9332,12,918,0,0,4,0,64,0,0,2,0,1,0.111,0.23,0.562
g3x2,aggressive,long,stock,20,63,2026,24,24,-2.026,-0.29,-29.727,-30.241,-2.225,-2.126,-8.526,-2.026,0.369,20.0,480,450,0.9375,0,444,0,0,6,0,25,4,0,1,0,0,0.05,0.198,0.528
g3x2,aggressive,mid,mixed,10,5,ALL,176,176,-0.069,-0.25,-8.467,-11.926,-0.072,-0.068,-0.298,-0.069,0.465,10.0,1760,1753,0.996,0,1753,0,0,0,0,4,0,0,3,0,0,0.04,0.229,0.602
g3x2,aggressive,mid,mixed,10,5,P1,91,91,-0.167,-0.6,-4.92,-5.519,-0.171,-0.168,-0.392,-0.167,0.447,10,910,907,0.9967,0,907,0,0,0,0,2,0,0,1,0,0,0.045,0.22,0.584
g3x2,aggressive,mid,mixed,10,5,P2,85,85,0.037,0.08,-9.84,-11.926,0.034,0.04,-0.197,0.037,0.485,10,850,846,0.9953,0,846,0,0,0,0,2,0,0,2,0,0,0.034,0.238,0.619
g3x2,aggressive,mid,mixed,10,5,2023,40,40,-0.118,-0.31,-4.634,-4.723,-0.118,-0.118,-0.118,-0.118,0.453,10.0,400,400,1.0,0,400,0,0,0,0,0,0,0,0,0,0,0.05,0.235,0.521
g3x2,aggressive,mid,mixed,10,5,2024,51,51,-0.206,-0.52,-4.865,-5.519,-0.213,-0.208,-0.606,-0.206,0.442,10,510,507,0.9941,0,507,0,0,0,0,2,0,0,1,0,0,0.042,0.208,0.636
g3x2,aggressive,mid,mixed,10,5,2025,50,50,-0.179,-0.33,-7.579,-8.798,-0.198,-0.172,-0.576,-0.179,0.478,10.0,500,497,0.994,0,497,0,0,0,0,2,0,0,1,0,0,0.054,0.263,0.631
g3x2,aggressive,mid,mixed,10,5,2026,35,35,0.344,0.39,-11.673,-11.926,0.365,0.344,0.344,0.344,0.495,10,350,349,0.9971,0,349,0,0,0,0,0,0,0,1,0,0,0.006,0.203,0.6
g3x2,aggressive,mid,mixed,10,20,ALL,173,173,-0.334,-0.44,-17.056,-25.88,-0.378,-0.355,-1.657,-0.334,0.425,10,1730,1705,0.9855,0,1705,0,0,0,0,20,2,0,3,0,0,0.041,0.232,0.603
g3x2,aggressive,mid,mixed,10,20,P1,91,91,-0.035,-0.06,-7.22,-8.998,-0.06,-0.042,-1.064,-0.035,0.452,10,910,900,0.989,0,900,0,0,0,0,9,0,0,1,0,0,0.045,0.22,0.584
g3x2,aggressive,mid,mixed,10,20,P2,82,82,-0.667,-0.46,-19.832,-25.88,-0.732,-0.701,-2.316,-0.667,0.396,10.0,820,805,0.9817,0,805,0,0,0,0,11,2,0,2,0,0,0.035,0.246,0.621
g3x2,aggressive,mid,mixed,10,20,2023,40,40,-0.317,-0.52,-6.947,-7.625,-0.317,-0.317,-0.317,-0.317,0.467,10.0,400,400,1.0,0,400,0,0,0,0,0,0,0,0,0,0,0.05,0.235,0.521
g3x2,aggressive,mid,mixed,10,20,2024,51,51,0.186,0.19,-7.402,-8.998,0.142,0.173,-1.65,0.186,0.439,10,510,500,0.9804,0,500,0,0,0,0,9,0,0,1,0,0,0.042,0.208,0.636
g3x2,aggressive,mid,mixed,10,20,2025,50,50,-1.647,-1.21,-15.817,-18.71,-1.604,-1.594,-2.814,-1.647,0.356,10.0,500,493,0.986,0,493,0,0,0,0,6,0,0,1,0,0,0.054,0.263,0.631
g3x2,aggressive,mid,mixed,10,20,2026,32,32,0.865,0.3,-23.302,-25.88,0.631,0.693,-1.539,0.865,0.458,10.0,320,312,0.975,0,312,0,0,0,0,5,2,0,1,0,0,0.006,0.219,0.603
g3x2,aggressive,mid,mixed,10,63,ALL,165,165,-1.406,-0.83,-23.686,-34.951,-1.146,-1.401,-5.704,-1.406,0.366,10,1650,1580,0.9576,0,1579,0,0,1,0,65,2,0,3,0,0,0.042,0.239,0.595
g3x2,aggressive,mid,mixed,10,63,P1,91,91,-1.255,-1.21,-14.273,-16.527,-1.002,-1.205,-3.671,-1.255,0.366,10,910,888,0.9758,0,888,0,0,0,0,21,0,0,1,0,0,0.045,0.22,0.584
g3x2,aggressive,mid,mixed,10,63,P2,74,74,-1.59,-0.45,-28.368,-34.951,-1.323,-1.642,-8.205,-1.59,0.365,10.0,740,692,0.9351,0,691,0,0,1,0,44,2,0,2,0,0,0.038,0.262,0.604
g3x2,aggressive,mid,mixed,10,63,2023,40,40,0.201,0.13,-10.488,-10.577,0.117,0.2,-1.148,0.201,0.415,10.0,400,395,0.9875,0,395,0,0,0,0,5,0,0,0,0,0,0.05,0.235,0.521
g3x2,aggressive,mid,mixed,10,63,2024,51,51,-2.398,-1.9,-15.269,-16.527,-1.88,-2.306,-5.649,-2.398,0.328,10,510,493,0.9667,0,493,0,0,0,0,16,0,0,1,0,0,0.042,0.208,0.636
g3x2,aggressive,mid,mixed,10,63,2025,50,50,-0.092,-0.02,-21.984,-23.174,0.319,-0.228,-6.937,-0.092,0.388,10.0,500,467,0.934,0,466,0,0,1,0,32,0,0,1,0,0,0.054,0.263,0.631
g3x2,aggressive,mid,mixed,10,63,2026,24,24,-4.713,-0.82,-33.877,-34.951,-4.742,-4.587,-10.847,-4.713,0.318,10.0,240,225,0.9375,0,225,0,0,0,0,12,2,0,1,0,0,0.004,0.261,0.543
g3x2,aggressive,mid,mixed,20,5,ALL,176,176,-0.09,-0.41,-7.045,-12.014,-0.088,-0.088,-0.464,-0.09,0.469,20.0,3520,3502,0.9949,0,3502,0,0,0,0,12,1,0,5,0,0,0.063,0.208,0.576
g3x2,aggressive,mid,mixed,20,5,P1,91,91,-0.242,-1.03,-4.212,-4.957,-0.24,-0.239,-0.683,-0.242,0.44,20,1820,1810,0.9945,0,1810,0,0,0,0,8,0,0,2,0,0,0.061,0.207,0.564
g3x2,aggressive,mid,mixed,20,5,P2,85,85,0.072,0.19,-8.246,-12.014,0.074,0.073,-0.229,0.072,0.5,20,1700,1692,0.9953,0,1692,0,0,0,0,4,1,0,3,0,0,0.066,0.209,0.59
g3x2,aggressive,mid,mixed,20,5,2023,40,40,-0.328,-1.07,-4.009,-4.532,-0.326,-0.325,-0.707,-0.328,0.444,20.0,800,796,0.995,0,796,0,0,0,0,3,0,0,1,0,0,0.059,0.216,0.559
g3x2,aggressive,mid,mixed,20,5,2024,51,51,-0.174,-0.51,-4.303,-4.957,-0.173,-0.171,-0.664,-0.174,0.438,20,1020,1014,0.9941,0,1014,0,0,0,0,5,0,0,1,0,0,0.063,0.2,0.57
g3x2,aggressive,mid,mixed,20,5,2025,50,50,-0.108,-0.28,-6.859,-8.062,-0.112,-0.104,-0.518,-0.108,0.492,20.0,1000,994,0.994,0,994,0,0,0,0,4,0,0,2,0,0,0.094,0.237,0.598
g3x2,aggressive,mid,mixed,20,5,2026,35,35,0.329,0.45,-9.58,-12.014,0.339,0.326,0.185,0.329,0.513,20,700,698,0.9971,0,698,0,0,0,0,0,1,0,1,0,0,0.026,0.169,0.581
g3x2,aggressive,mid,mixed,20,20,ALL,173,173,-0.313,-0.49,-13.353,-20.802,-0.357,-0.327,-1.781,-0.313,0.425,20,3460,3406,0.9844,0,3404,0,0,2,0,46,3,0,5,0,0,0.065,0.211,0.576
g3x2,aggressive,mid,mixed,20,20,P1,91,91,-0.553,-1.03,-6.998,-7.701,-0.562,-0.555,-1.852,-0.553,0.422,20,1820,1795,0.9863,0,1795,0,0,0,0,23,0,0,2,0,0,0.061,0.207,0.564
g3x2,aggressive,mid,mixed,20,20,P2,82,82,-0.046,-0.04,-16.04,-20.802,-0.129,-0.073,-1.703,-0.046,0.429,20.0,1640,1611,0.9823,0,1609,0,0,2,0,23,3,0,3,0,0,0.068,0.216,0.589
g3x2,aggressive,mid,mixed,20,20,2023,40,40,-1.09,-3.54,-6.346,-7.701,-1.079,-1.081,-2.114,-1.09,0.425,20.0,800,791,0.9888,0,791,0,0,0,0,8,0,0,1,0,0,0.059,0.216,0.559
g3x2,aggressive,mid,mixed,20,20,2024,51,51,-0.132,-0.15,-7.04,-7.573,-0.157,-0.142,-1.646,-0.132,0.419,20,1020,1004,0.9843,0,1004,0,0,0,0,15,0,0,1,0,0,0.063,0.2,0.57
g3x2,aggressive,mid,mixed,20,20,2025,50,50,-0.671,-0.55,-11.678,-13.893,-0.69,-0.661,-2.205,-0.671,0.401,20.0,1000,983,0.983,0,983,0,0,0,0,15,0,0,2,0,0,0.094,0.237,0.598
g3x2,aggressive,mid,mixed,20,20,2026,32,32,0.93,0.39,-20.627,-20.802,0.746,0.845,-0.919,0.93,0.472,20.0,640,628,0.9812,0,626,0,0,2,0,8,3,0,1,0,0,0.029,0.183,0.577
g3x2,aggressive,mid,mixed,20,63,ALL,165,165,-1.103,-0.66,-22.428,-30.481,-0.982,-1.14,-5.493,-1.103,0.374,20,3300,3159,0.9573,0,3152,0,0,7,0,133,3,0,5,0,0,0.066,0.217,0.571
g3x2,aggressive,mid,mixed,20,63,P1,91,91,-2.217,-3.14,-11.835,-13.07,-2.009,-2.159,-5.305,-2.217,0.351,20,1820,1764,0.9692,0,1764,0,0,0,0,54,0,0,2,0,0,0.061,0.207,0.564
g3x2,aggressive,mid,mixed,20,63,P2,74,74,0.267,0.08,-27.24,-30.481,0.282,0.113,-5.725,0.267,0.401,20.0,1480,1395,0.9426,0,1388,0,0,7,0,79,3,0,3,0,0,0.073,0.228,0.581
g3x2,aggressive,mid,mixed,20,63,2023,40,40,-1.991,-1.91,-11.953,-13.07,-1.981,-1.934,-5.141,-1.991,0.386,20.0,800,775,0.9688,0,775,0,0,0,0,24,0,0,1,0,0,0.059,0.216,0.559
g3x2,aggressive,mid,mixed,20,63,2024,51,51,-2.395,-2.9,-11.757,-12.811,-2.032,-2.336,-5.434,-2.395,0.324,20,1020,989,0.9696,0,989,0,0,0,0,30,0,0,1,0,0,0.063,0.2,0.57
g3x2,aggressive,mid,mixed,20,63,2025,50,50,1.635,0.43,-19.152,-20.062,1.73,1.441,-4.332,1.635,0.434,20.0,1000,943,0.943,0,941,0,0,2,0,55,0,0,2,0,0,0.094,0.237,0.598
g3x2,aggressive,mid,mixed,20,63,2026,24,24,-2.582,-0.38,-29.416,-30.481,-2.735,-2.655,-8.627,-2.582,0.333,20.0,480,452,0.9417,0,447,0,0,5,0,24,3,0,1,0,0,0.03,0.21,0.548
g3x2,aggressive,mid,stock,10,5,ALL,176,176,-0.017,-0.06,-8.548,-11.926,-0.027,-0.02,-0.367,-0.012,0.472,10.0,1758,1748,0.9943,2,1748,0,0,0,0,6,0,0,4,0,1,0.043,0.232,0.598
g3x2,aggressive,mid,stock,10,5,P1,91,91,-0.129,-0.45,-5.102,-5.902,-0.135,-0.13,-0.353,-0.129,0.452,10,910,906,0.9956,0,906,0,0,0,0,2,0,0,2,0,0,0.048,0.224,0.579
g3x2,aggressive,mid,stock,10,5,P2,85,85,0.103,0.21,-9.913,-11.926,0.089,0.098,-0.382,0.114,0.494,10,848,842,0.9929,2,842,0,0,0,0,4,0,0,2,0,1,0.038,0.24,0.615
g3x2,aggressive,mid,stock,10,5,2023,40,40,0.046,0.11,-4.788,-5.033,0.043,0.046,0.046,0.046,0.462,10.0,400,399,0.9975,0,399,0,0,0,0,0,0,0,1,0,0,0.053,0.245,0.531
g3x2,aggressive,mid,stock,10,5,2024,51,51,-0.266,-0.67,-5.05,-5.902,-0.274,-0.268,-0.666,-0.266,0.444,10,510,507,0.9941,0,507,0,0,0,0,2,0,0,1,0,0,0.045,0.208,0.616
g3x2,aggressive,mid,stock,10,5,2025,50,50,-0.068,-0.12,-7.579,-8.798,-0.107,-0.077,-0.894,-0.05,0.489,10.0,498,493,0.99,2,493,0,0,0,0,4,0,0,1,0,1,0.061,0.264,0.631
g3x2,aggressive,mid,stock,10,5,2026,35,35,0.348,0.4,-11.673,-11.926,0.369,0.348,0.348,0.348,0.5,10,350,349,0.9971,0,349,0,0,0,0,0,0,0,1,0,0,0.006,0.206,0.594
g3x2,aggressive,mid,stock,10,20,ALL,173,173,-0.192,-0.26,-16.956,-25.88,-0.235,-0.212,-1.761,-0.199,0.456,10,1728,1698,0.9826,2,1698,0,0,0,0,24,2,0,4,0,1,0.044,0.235,0.598
g3x2,aggressive,mid,stock,10,20,P1,91,91,0.24,0.37,-7.628,-9.915,0.217,0.228,-0.908,0.24,0.501,10,910,898,0.9868,0,898,0,0,0,0,10,0,0,2,0,0,0.048,0.224,0.579
g3x2,aggressive,mid,stock,10,20,P2,82,82,-0.671,-0.47,-19.832,-25.88,-0.737,-0.701,-2.708,-0.685,0.406,10.0,818,800,0.978,2,800,0,0,0,0,14,2,0,2,0,1,0.04,0.248,0.617
g3x2,aggressive,mid,stock,10,20,2023,40,40,-0.041,-0.07,-7.376,-9.915,-0.032,-0.041,-0.041,-0.041,0.489,10.0,400,399,0.9975,0,399,0,0,0,0,0,0,0,1,0,0,0.053,0.245,0.531
g3x2,aggressive,mid,stock,10,20,2024,51,51,0.459,0.44,-7.402,-8.998,0.412,0.44,-1.588,0.459,0.51,10,510,499,0.9784,0,499,0,0,0,0,10,0,0,1,0,0,0.045,0.208,0.616
g3x2,aggressive,mid,stock,10,20,2025,50,50,-1.646,-1.26,-15.817,-18.71,-1.603,-1.583,-3.445,-1.668,0.37,10.0,498,488,0.9799,2,488,0,0,0,0,9,0,0,1,0,1,0.061,0.264,0.631
g3x2,aggressive,mid,stock,10,20,2026,32,32,0.852,0.29,-23.302,-25.88,0.615,0.677,-1.555,0.852,0.462,10.0,320,312,0.975,0,312,0,0,0,0,5,2,0,1,0,0,0.006,0.222,0.597
g3x2,aggressive,mid,stock,10,63,ALL,165,165,-0.551,-0.32,-22.773,-34.951,-0.276,-0.531,-5.243,-0.589,0.407,10,1648,1571,0.9533,2,1570,0,0,1,0,71,2,0,4,0,1,0.046,0.242,0.59
g3x2,aggressive,mid,stock,10,63,P1,91,91,0.073,0.06,-15.152,-16.543,0.317,0.118,-2.577,0.073,0.428,10,910,885,0.9725,0,885,0,0,0,0,23,0,0,2,0,0,0.048,0.224,0.579
g3x2,aggressive,mid,stock,10,63,P2,74,74,-1.317,-0.37,-27.7,-34.951,-1.006,-1.328,-8.521,-1.401,0.38,10.0,738,686,0.9295,2,685,0,0,1,0,48,2,0,2,0,1,0.043,0.264,0.601
g3x2,aggressive,mid,stock,10,63,2023,40,40,1.46,0.88,-11.825,-13.251,1.37,1.461,0.112,1.46,0.449,10.0,400,394,0.985,0,394,0,0,0,0,5,0,0,1,0,0,0.053,0.245,0.531
g3x2,aggressive,mid,stock,10,63,2024,51,51,-1.016,-0.69,-16.071,-16.543,-0.509,-0.935,-4.687,-1.016,0.412,10,510,491,0.9627,0,491,0,0,0,0,18,0,0,1,0,0,0.045,0.208,0.616
g3x2,aggressive,mid,stock,10,63,2025,50,50,0.304,0.07,-19.842,-20.501,0.788,0.236,-7.405,0.18,0.405,10.0,498,461,0.9257,2,460,0,0,1,0,36,0,0,1,0,1,0.061,0.264,0.631
g3x2,aggressive,mid,stock,10,63,2026,24,24,-4.696,-0.81,-33.877,-34.951,-4.742,-4.587,-10.847,-4.696,0.327,10.0,240,225,0.9375,0,225,0,0,0,0,12,2,0,1,0,0,0.004,0.263,0.539
g3x2,aggressive,mid,stock,20,5,ALL,176,176,-0.048,-0.22,-7.102,-12.014,-0.047,-0.047,-0.451,-0.034,0.483,20.0,3508,3489,0.9946,12,3489,0,0,0,0,12,2,0,5,0,1,0.067,0.208,0.566
g3x2,aggressive,mid,stock,20,5,P1,91,91,-0.151,-0.64,-4.256,-4.957,-0.15,-0.148,-0.592,-0.151,0.468,20,1820,1810,0.9945,0,1810,0,0,0,0,8,0,0,2,0,0,0.062,0.207,0.564
g3x2,aggressive,mid,stock,20,5,P2,85,85,0.063,0.16,-8.308,-12.014,0.062,0.061,-0.3,0.091,0.5,20,1688,1679,0.9947,12,1679,0,0,0,0,4,2,0,3,0,1,0.072,0.208,0.568
g3x2,aggressive,mid,stock,20,5,2023,40,40,-0.27,-0.86,-4.259,-4.532,-0.268,-0.267,-0.649,-0.27,0.472,20.0,800,796,0.995,0,796,0,0,0,0,3,0,0,1,0,0,0.064,0.219,0.547
g3x2,aggressive,mid,stock,20,5,2024,51,51,-0.058,-0.17,-4.255,-4.957,-0.057,-0.055,-0.548,-0.058,0.464,20,1020,1014,0.9941,0,1014,0,0,0,0,5,0,0,1,0,0,0.061,0.198,0.579
g3x2,aggressive,mid,stock,20,5,2025,50,50,-0.118,-0.3,-6.926,-8.062,-0.127,-0.12,-0.534,-0.07,0.494,20.0,988,982,0.9939,12,982,0,0,0,0,4,0,0,2,0,1,0.103,0.237,0.571
g3x2,aggressive,mid,stock,20,5,2026,35,35,0.321,0.44,-9.645,-12.014,0.332,0.319,0.034,0.321,0.509,20,700,697,0.9957,0,697,0,0,0,0,0,2,0,1,0,0,0.029,0.167,0.565
g3x2,aggressive,mid,stock,20,20,ALL,173,173,-0.161,-0.25,-13.754,-20.802,-0.206,-0.177,-1.891,-0.178,0.457,20,3448,3385,0.9817,12,3383,0,0,2,0,55,3,0,5,0,1,0.068,0.211,0.567
g3x2,aggressive,mid,stock,20,20,P1,91,91,-0.209,-0.36,-6.954,-7.573,-0.216,-0.209,-1.848,-0.209,0.473,20,1820,1789,0.983,0,1789,0,0,0,0,29,0,0,2,0,0,0.062,0.207,0.564
g3x2,aggressive,mid,stock,20,20,P2,82,82,-0.109,-0.09,-16.04,-20.802,-0.194,-0.14,-1.939,-0.143,0.44,20.0,1628,1596,0.9803,12,1594,0,0,2,0,26,3,0,3,0,1,0.074,0.215,0.57
g3x2,aggressive,mid,stock,20,20,2023,40,40,-0.991,-3.68,-5.814,-6.997,-0.969,-0.973,-2.656,-0.991,0.441,20.0,800,786,0.9825,0,786,0,0,0,0,13,0,0,1,0,0,0.064,0.219,0.547
g3x2,aggressive,mid,stock,20,20,2024,51,51,0.405,0.42,-7.196,-7.573,0.374,0.39,-1.214,0.405,0.497,20,1020,1003,0.9833,0,1003,0,0,0,0,16,0,0,1,0,0,0.061,0.198,0.579
g3x2,aggressive,mid,stock,20,20,2025,50,50,-0.719,-0.58,-12.234,-13.893,-0.751,-0.725,-2.546,-0.775,0.422,20.0,988,968,0.9798,12,968,0,0,0,0,18,0,0,2,0,1,0.103,0.237,0.571
g3x2,aggressive,mid,stock,20,20,2026,32,32,0.844,0.36,-20.627,-20.802,0.675,0.774,-0.99,0.844,0.469,20.0,640,628,0.9812,0,626,0,0,2,0,8,3,0,1,0,0,0.03,0.18,0.571
g3x2,aggressive,mid,stock,20,63,ALL,165,165,-0.003,-0.0,-21.895,-30.481,0.096,-0.062,-4.808,-0.096,0.42,20,3288,3135,0.9535,12,3128,0,0,7,0,145,3,0,5,0,1,0.07,0.216,0.562
g3x2,aggressive,mid,stock,20,63,P1,91,91,-0.568,-0.57,-11.105,-12.103,-0.374,-0.523,-4.149,-0.568,0.429,20,1820,1756,0.9648,0,1756,0,0,0,0,62,0,0,2,0,0,0.062,0.207,0.564
g3x2,aggressive,mid,stock,20,63,P2,74,74,0.693,0.2,-27.24,-30.481,0.674,0.505,-5.618,0.485,0.41,20.0,1468,1379,0.9394,12,1372,0,0,7,0,83,3,0,3,0,1,0.08,0.228,0.56
g3x2,aggressive,mid,stock,20,63,2023,40,40,-0.883,-0.59,-11.481,-12.103,-0.882,-0.837,-4.736,-0.883,0.427,20.0,800,770,0.9625,0,770,0,0,0,0,29,0,0,1,0,0,0.064,0.219,0.547
g3x2,aggressive,mid,stock,20,63,2024,51,51,-0.321,-0.28,-10.567,-11.918,0.024,-0.276,-3.689,-0.321,0.431,20,1020,986,0.9667,0,986,0,0,0,0,33,0,0,1,0,0,0.061,0.198,0.579
g3x2,aggressive,mid,stock,20,63,2025,50,50,2.212,0.59,-17.734,-18.141,2.263,1.973,-4.222,1.905,0.441,20.0,988,927,0.9383,12,925,0,0,2,0,59,0,0,2,0,1,0.103,0.237,0.571
g3x2,aggressive,mid,stock,20,63,2026,24,24,-2.473,-0.37,-29.416,-30.481,-2.636,-2.553,-8.525,-2.473,0.344,20.0,480,452,0.9417,0,447,0,0,5,0,24,3,0,1,0,0,0.031,0.208,0.537
g3x2,aggressive,short,mixed,10,5,ALL,176,176,-0.123,-0.49,-7.553,-9.633,-0.123,-0.121,-0.352,-0.123,0.468,10.0,1760,1755,0.9972,0,1755,0,0,0,0,3,1,0,1,0,0,0.018,0.3,0.622
g3x2,aggressive,short,mixed,10,5,P1,91,91,0.118,0.44,-4.399,-5.362,0.114,0.12,-0.108,0.118,0.457,10,910,907,0.9967,0,907,0,0,0,0,2,0,0,1,0,0,0.021,0.303,0.614
g3x2,aggressive,short,mixed,10,5,P2,85,85,-0.381,-0.88,-8.901,-9.633,-0.378,-0.379,-0.614,-0.381,0.48,10,850,848,0.9976,0,848,0,0,0,0,1,1,0,0,0,0,0.016,0.297,0.63
g3x2,aggressive,short,mixed,10,5,2023,40,40,0.153,0.44,-4.408,-4.683,0.157,0.162,-0.1,0.153,0.481,10.0,400,399,0.9975,0,399,0,0,0,0,1,0,0,0,0,0,0.018,0.33,0.579
g3x2,aggressive,short,mixed,10,5,2024,51,51,0.09,0.23,-4.198,-5.362,0.082,0.086,-0.113,0.09,0.438,10,510,508,0.9961,0,508,0,0,0,0,1,0,0,1,0,0,0.022,0.281,0.642
g3x2,aggressive,short,mixed,10,5,2025,50,50,-0.161,-0.29,-7.861,-9.633,-0.158,-0.157,-0.358,-0.161,0.482,10.0,500,499,0.998,0,499,0,0,0,0,1,0,0,0,0,0,0.025,0.321,0.622
g3x2,aggressive,short,mixed,10,5,2026,35,35,-0.696,-1.0,-9.0,-9.52,-0.692,-0.697,-0.98,-0.696,0.476,10,350,349,0.9971,0,349,0,0,0,0,0,1,0,0,0,0,0.003,0.263,0.641
g3x2,aggressive,short,mixed,10,20,ALL,173,173,-0.837,-1.39,-14.49,-19.547,-0.846,-0.833,-1.494,-0.837,0.419,10,1730,1718,0.9931,0,1718,0,0,0,0,11,0,0,1,0,0,0.019,0.304,0.623
g3x2,aggressive,short,mixed,10,20,P1,91,91,-0.202,-0.41,-7.25,-10.103,-0.198,-0.197,-0.89,-0.202,0.444,10,910,903,0.9923,0,903,0,0,0,0,6,0,0,1,0,0,0.021,0.303,0.614
g3x2,aggressive,short,mixed,10,20,P2,82,82,-1.542,-1.37,-16.934,-19.547,-1.565,-1.538,-2.164,-1.542,0.39,10.0,820,815,0.9939,0,815,0,0,0,0,5,0,0,0,0,0,0.016,0.305,0.633
g3x2,aggressive,short,mixed,10,20,2023,40,40,-0.167,-0.3,-7.921,-10.103,-0.169,-0.166,-0.689,-0.167,0.483,10.0,400,398,0.995,0,398,0,0,0,0,2,0,0,0,0,0,0.018,0.33,0.579
g3x2,aggressive,short,mixed,10,20,2024,51,51,-0.23,-0.31,-6.803,-7.873,-0.221,-0.222,-1.048,-0.23,0.414,10,510,505,0.9902,0,505,0,0,0,0,4,0,0,1,0,0,0.022,0.281,0.642
g3x2,aggressive,short,mixed,10,20,2025,50,50,-1.456,-0.98,-15.774,-19.265,-1.431,-1.426,-2.033,-1.456,0.374,10.0,500,497,0.994,0,497,0,0,0,0,3,0,0,0,0,0,0.025,0.321,0.622
g3x2,aggressive,short,mixed,10,20,2026,32,32,-1.675,-0.98,-17.566,-19.547,-1.775,-1.714,-2.37,-1.675,0.416,10.0,320,318,0.9938,0,318,0,0,0,0,2,0,0,0,0,0,0.003,0.281,0.652
g3x2,aggressive,short,mixed,10,63,ALL,165,165,-2.381,-1.37,-22.933,-31.606,-2.208,-2.284,-5.054,-2.381,0.342,10,1650,1606,0.9733,0,1606,0,0,0,0,43,0,0,1,0,0,0.019,0.312,0.621
g3x2,aggressive,short,mixed,10,63,P1,91,91,-2.022,-1.66,-16.089,-18.676,-1.739,-1.974,-3.878,-2.022,0.34,10,910,893,0.9813,0,893,0,0,0,0,16,0,0,1,0,0,0.021,0.303,0.614
g3x2,aggressive,short,mixed,10,63,P2,74,74,-2.821,-0.8,-25.385,-31.606,-2.785,-2.665,-6.499,-2.821,0.345,10.0,740,713,0.9635,0,713,0,0,0,0,27,0,0,0,0,0,0.018,0.325,0.629
g3x2,aggressive,short,mixed,10,63,2023,40,40,0.296,0.16,-11.458,-11.959,0.227,0.25,-1.689,0.296,0.408,10.0,400,393,0.9825,0,393,0,0,0,0,7,0,0,0,0,0,0.018,0.33,0.579
g3x2,aggressive,short,mixed,10,63,2024,51,51,-3.841,-2.57,-16.796,-18.676,-3.282,-3.718,-5.595,-3.841,0.287,10,510,500,0.9804,0,500,0,0,0,0,9,0,0,1,0,0,0.022,0.281,0.642
g3x2,aggressive,short,mixed,10,63,2025,50,50,0.103,0.02,-22.489,-23.045,0.163,0.306,-4.097,0.103,0.394,10.0,500,479,0.958,0,479,0,0,0,0,21,0,0,0,0,0,0.025,0.321,0.622
g3x2,aggressive,short,mixed,10,63,2026,24,24,-8.914,-2.27,-28.002,-31.606,-8.926,-8.854,-11.503,-8.914,0.243,10.0,240,234,0.975,0,234,0,0,0,0,6,0,0,0,0,0,0.004,0.333,0.643
g3x2,aggressive,short,mixed,20,5,ALL,176,176,-0.166,-0.84,-6.414,-9.022,-0.168,-0.166,-0.34,-0.166,0.463,20.0,3520,3511,0.9974,0,3511,0,0,0,0,5,1,0,3,0,0,0.043,0.284,0.594
g3x2,aggressive,short,mixed,20,5,P1,91,91,-0.141,-0.64,-4.362,-5.576,-0.144,-0.14,-0.309,-0.141,0.444,20,1820,1815,0.9973,0,1815,0,0,0,0,3,0,0,2,0,0,0.049,0.278,0.588
g3x2,aggressive,short,mixed,20,5,P2,85,85,-0.194,-0.57,-7.514,-9.022,-0.193,-0.195,-0.373,-0.194,0.483,20,1700,1696,0.9976,0,1696,0,0,0,0,2,1,0,1,0,0,0.036,0.29,0.601
g3x2,aggressive,short,mixed,20,5,2023,40,40,-0.094,-0.32,-4.648,-5.576,-0.095,-0.09,-0.221,-0.094,0.464,20.0,800,798,0.9975,0,798,0,0,0,0,1,0,0,1,0,0,0.049,0.296,0.574
g3x2,aggressive,short,mixed,20,5,2024,51,51,-0.178,-0.55,-4.172,-4.718,-0.183,-0.179,-0.379,-0.178,0.428,20,1020,1017,0.9971,0,1017,0,0,0,0,2,0,0,1,0,0,0.049,0.265,0.598
g3x2,aggressive,short,mixed,20,5,2025,50,50,-0.084,-0.2,-6.522,-8.546,-0.082,-0.084,-0.288,-0.084,0.486,20.0,1000,997,0.997,0,997,0,0,0,0,2,0,0,1,0,0,0.054,0.322,0.602
g3x2,aggressive,short,mixed,20,5,2026,35,35,-0.35,-0.62,-8.625,-9.022,-0.351,-0.354,-0.495,-0.35,0.478,20,700,699,0.9986,0,699,0,0,0,0,0,1,0,0,0,0,0.01,0.244,0.6
g3x2,aggressive,short,mixed,20,20,ALL,173,173,-0.727,-1.41,-12.26,-15.572,-0.741,-0.723,-1.589,-0.727,0.414,20,3460,3428,0.9908,0,3428,0,0,0,0,28,1,0,3,0,0,0.043,0.288,0.593
g3x2,aggressive,short,mixed,20,20,P1,91,91,-0.621,-1.21,-7.191,-7.988,-0.62,-0.614,-1.463,-0.621,0.408,20,1820,1803,0.9907,0,1803,0,0,0,0,15,0,0,2,0,0,0.049,0.278,0.588
g3x2,aggressive,short,mixed,20,20,P2,82,82,-0.846,-0.92,-13.394,-15.572,-0.875,-0.845,-1.729,-0.846,0.421,20.0,1640,1625,0.9909,0,1625,0,0,0,0,13,1,0,1,0,0,0.037,0.299,0.599
g3x2,aggressive,short,mixed,20,20,2023,40,40,-0.739,-1.55,-6.935,-7.113,-0.719,-0.721,-1.622,-0.739,0.434,20.0,800,792,0.99,0,792,0,0,0,0,7,0,0,1,0,0,0.049,0.296,0.574
g3x2,aggressive,short,mixed,20,20,2024,51,51,-0.527,-0.64,-7.361,-7.988,-0.543,-0.53,-1.339,-0.527,0.388,20,1020,1011,0.9912,0,1011,0,0,0,0,8,0,0,1,0,0,0.049,0.265,0.598
g3x2,aggressive,short,mixed,20,20,2025,50,50,-0.49,-0.41,-12.099,-13.134,-0.505,-0.491,-1.412,-0.49,0.413,20.0,1000,990,0.99,0,990,0,0,0,0,9,0,0,1,0,0,0.054,0.322,0.602
g3x2,aggressive,short,mixed,20,20,2026,32,32,-1.401,-0.99,-14.838,-15.572,-1.454,-1.399,-2.224,-1.401,0.432,20.0,640,635,0.9922,0,635,0,0,0,0,4,1,0,0,0,0,0.011,0.262,0.595
g3x2,aggressive,short,mixed,20,63,ALL,165,165,-2.404,-1.38,-21.814,-26.879,-2.284,-2.338,-5.775,-2.404,0.346,20,3300,3190,0.9667,0,3189,0,0,1,0,106,1,0,3,0,0,0.045,0.294,0.591
g3x2,aggressive,short,mixed,20,63,P1,91,91,-3.075,-4.84,-13.957,-15.927,-2.883,-2.989,-5.643,-3.075,0.32,20,1820,1773,0.9742,0,1773,0,0,0,0,45,0,0,2,0,0,0.049,0.278,0.588
g3x2,aggressive,short,mixed,20,63,P2,74,74,-1.58,-0.43,-24.75,-26.879,-1.547,-1.537,-5.938,-1.58,0.379,20.0,1480,1417,0.9574,0,1416,0,0,1,0,61,1,0,1,0,0,0.04,0.313,0.595
g3x2,aggressive,short,mixed,20,63,2023,40,40,-2.577,-3.08,-13.099,-13.154,-2.565,-2.496,-5.898,-2.577,0.355,20.0,800,774,0.9675,0,774,0,0,0,0,25,0,0,1,0,0,0.049,0.296,0.574
g3x2,aggressive,short,mixed,20,63,2024,51,51,-3.465,-3.65,-14.528,-15.927,-3.133,-3.375,-5.443,-3.465,0.292,20,1020,999,0.9794,0,999,0,0,0,0,20,0,0,1,0,0,0.049,0.265,0.598
g3x2,aggressive,short,mixed,20,63,2025,50,50,1.686,0.39,-19.717,-20.011,1.714,1.643,-2.951,1.686,0.428,20.0,1000,955,0.955,0,955,0,0,0,0,44,0,0,1,0,0,0.054,0.322,0.602
g3x2,aggressive,short,mixed,20,63,2026,24,24,-8.384,-2.06,-26.599,-26.879,-8.342,-8.16,-12.161,-8.384,0.277,20.0,480,462,0.9625,0,461,0,0,1,0,17,1,0,0,0,0,0.011,0.295,0.58
g3x2,aggressive,short,stock,10,5,ALL,176,176,-0.104,-0.41,-7.673,-9.633,-0.109,-0.105,-0.454,-0.104,0.474,10.0,1760,1752,0.9955,0,1752,0,0,0,0,5,1,0,2,0,0,0.019,0.297,0.615
g3x2,aggressive,short,stock,10,5,P1,91,91,0.101,0.38,-4.498,-5.335,0.096,0.103,-0.124,0.101,0.462,10,910,906,0.9956,0,906,0,0,0,0,2,0,0,2,0,0,0.022,0.299,0.606
g3x2,aggressive,short,stock,10,5,P2,85,85,-0.324,-0.74,-8.901,-9.633,-0.33,-0.329,-0.806,-0.324,0.487,10,850,846,0.9953,0,846,0,0,0,0,3,1,0,0,0,0,0.016,0.295,0.626
g3x2,aggressive,short,stock,10,5,2023,40,40,0.09,0.25,-4.914,-5.335,0.09,0.1,-0.163,0.09,0.465,10.0,400,398,0.995,0,398,0,0,0,0,1,0,0,1,0,0,0.02,0.328,0.577
g3x2,aggressive,short,stock,10,5,2024,51,51,0.11,0.28,-4.065,-5.169,0.102,0.106,-0.093,0.11,0.459,10,510,508,0.9961,0,508,0,0,0,0,1,0,0,1,0,0,0.024,0.276,0.628
g3x2,aggressive,short,stock,10,5,2025,50,50,-0.001,-0.0,-7.861,-9.633,-0.014,-0.008,-0.622,-0.001,0.494,10.0,500,497,0.994,0,497,0,0,0,0,3,0,0,0,0,0,0.026,0.318,0.618
g3x2,aggressive,short,stock,10,5,2026,35,35,-0.786,-1.11,-9.0,-9.52,-0.782,-0.787,-1.07,-0.786,0.476,10,350,349,0.9971,0,349,0,0,0,0,0,1,0,0,0,0,0.003,0.263,0.641
g3x2,aggressive,short,stock,10,20,ALL,173,173,-0.803,-1.34,-14.537,-19.547,-0.811,-0.796,-1.643,-0.803,0.438,10,1730,1714,0.9908,0,1714,0,0,0,0,14,0,0,2,0,0,0.02,0.301,0.617
g3x2,aggressive,short,stock,10,20,P1,91,91,-0.094,-0.19,-7.14,-9.951,-0.089,-0.09,-0.783,-0.094,0.472,10,910,902,0.9912,0,902,0,0,0,0,6,0,0,2,0,0,0.022,0.299,0.606
g3x2,aggressive,short,stock,10,20,P2,82,82,-1.589,-1.44,-16.934,-19.547,-1.612,-1.579,-2.597,-1.589,0.4,10.0,820,812,0.9902,0,812,0,0,0,0,8,0,0,0,0,0,0.017,0.304,0.63
g3x2,aggressive,short,stock,10,20,2023,40,40,-0.286,-0.53,-7.845,-9.951,-0.287,-0.288,-0.811,-0.286,0.479,10.0,400,397,0.9925,0,397,0,0,0,0,2,0,0,1,0,0,0.02,0.328,0.577
g3x2,aggressive,short,stock,10,20,2024,51,51,0.057,0.07,-6.67,-7.474,0.065,0.065,-0.761,0.057,0.467,10,510,505,0.9902,0,505,0,0,0,0,4,0,0,1,0,0,0.024,0.276,0.628
g3x2,aggressive,short,stock,10,20,2025,50,50,-1.481,-1.02,-15.87,-19.265,-1.455,-1.44,-2.69,-1.481,0.39,10.0,500,494,0.988,0,494,0,0,0,0,6,0,0,0,0,0,0.026,0.318,0.618
g3x2,aggressive,short,stock,10,20,2026,32,32,-1.757,-1.04,-17.566,-19.547,-1.857,-1.796,-2.452,-1.757,0.416,10.0,320,318,0.9938,0,318,0,0,0,0,2,0,0,0,0,0,0.003,0.281,0.652
g3x2,aggressive,short,stock,10,63,ALL,165,165,-1.862,-1.03,-22.898,-31.606,-1.68,-1.738,-4.848,-1.862,0.364,10,1650,1600,0.9697,0,1600,0,0,0,0,48,0,0,2,0,0,0.021,0.31,0.614
g3x2,aggressive,short,stock,10,63,P1,91,91,-1.166,-0.91,-16.089,-18.676,-0.919,-1.129,-3.15,-1.166,0.376,10,910,891,0.9791,0,891,0,0,0,0,17,0,0,2,0,0,0.022,0.299,0.606
g3x2,aggressive,short,stock,10,63,P2,74,74,-2.718,-0.74,-25.779,-31.606,-2.614,-2.488,-6.936,-2.718,0.349,10.0,740,709,0.9581,0,709,0,0,0,0,31,0,0,0,0,0,0.019,0.323,0.625
g3x2,aggressive,short,stock,10,63,2023,40,40,0.354,0.17,-11.58,-12.202,0.24,0.277,-1.661,0.354,0.418,10.0,400,392,0.98,0,392,0,0,0,0,7,0,0,1,0,0,0.02,0.328,0.577
g3x2,aggressive,short,stock,10,63,2024,51,51,-2.359,-1.4,-16.796,-18.676,-1.829,-2.231,-4.318,-2.359,0.343,10,510,499,0.9784,0,499,0,0,0,0,10,0,0,1,0,0,0.024,0.276,0.628
g3x2,aggressive,short,stock,10,63,2025,50,50,0.363,0.08,-23.014,-24.239,0.512,0.665,-4.647,0.363,0.398,10.0,500,475,0.95,0,475,0,0,0,0,25,0,0,0,0,0,0.026,0.318,0.618
g3x2,aggressive,short,stock,10,63,2026,24,24,-9.138,-2.38,-28.002,-31.606,-9.129,-9.057,-11.706,-9.138,0.247,10.0,240,234,0.975,0,234,0,0,0,0,6,0,0,0,0,0,0.004,0.333,0.643
g3x2,aggressive,short,stock,20,5,ALL,176,176,-0.142,-0.7,-6.425,-9.022,-0.144,-0.143,-0.346,-0.137,0.468,20.0,3511,3501,0.9972,9,3501,0,0,0,0,6,1,0,3,0,1,0.045,0.281,0.586
g3x2,aggressive,short,stock,20,5,P1,91,91,-0.083,-0.37,-4.473,-5.453,-0.086,-0.082,-0.251,-0.083,0.457,20,1820,1815,0.9973,0,1815,0,0,0,0,3,0,0,2,0,0,0.054,0.274,0.581
g3x2,aggressive,short,stock,20,5,P2,85,85,-0.206,-0.6,-7.559,-9.022,-0.207,-0.209,-0.447,-0.194,0.48,20,1691,1686,0.997,9,1686,0,0,0,0,3,1,0,1,0,1,0.036,0.289,0.592
g3x2,aggressive,short,stock,20,5,2023,40,40,0.011,0.04,-4.71,-5.453,0.01,0.015,-0.116,0.011,0.478,20.0,800,798,0.9975,0,798,0,0,0,0,1,0,0,1,0,0,0.053,0.297,0.553
g3x2,aggressive,short,stock,20,5,2024,51,51,-0.156,-0.48,-4.315,-4.718,-0.161,-0.158,-0.357,-0.156,0.441,20,1020,1017,0.9971,0,1017,0,0,0,0,2,0,0,1,0,0,0.055,0.256,0.603
g3x2,aggressive,short,stock,20,5,2025,50,50,-0.142,-0.34,-6.596,-8.405,-0.143,-0.144,-0.451,-0.122,0.482,20.0,991,987,0.996,9,987,0,0,0,0,3,0,0,1,0,1,0.054,0.321,0.595
g3x2,aggressive,short,stock,20,5,2026,35,35,-0.297,-0.51,-8.625,-9.022,-0.298,-0.3,-0.442,-0.297,0.477,20,700,699,0.9986,0,699,0,0,0,0,0,1,0,0,0,0,0.01,0.243,0.59
g3x2,aggressive,short,stock,20,20,ALL,173,173,-0.647,-1.24,-12.619,-15.572,-0.666,-0.647,-1.628,-0.65,0.444,20,3451,3415,0.9896,9,3415,0,0,0,0,32,1,0,3,0,1,0.046,0.285,0.585
g3x2,aggressive,short,stock,20,20,P1,91,91,-0.409,-0.78,-7.262,-7.988,-0.413,-0.405,-1.313,-0.409,0.456,20,1820,1802,0.9901,0,1802,0,0,0,0,16,0,0,2,0,0,0.054,0.274,0.581
g3x2,aggressive,short,stock,20,20,P2,82,82,-0.91,-0.98,-13.801,-15.572,-0.945,-0.916,-1.978,-0.918,0.43,20.0,1631,1613,0.989,9,1613,0,0,0,0,16,1,0,1,0,1,0.037,0.297,0.59
g3x2,aggressive,short,stock,20,20,2023,40,40,-0.614,-1.34,-6.942,-7.127,-0.601,-0.599,-1.633,-0.614,0.453,20.0,800,791,0.9888,0,791,0,0,0,0,8,0,0,1,0,0,0.053,0.297,0.553
g3x2,aggressive,short,stock,20,20,2024,51,51,-0.249,-0.29,-7.382,-7.988,-0.267,-0.253,-1.062,-0.249,0.459,20,1020,1011,0.9912,0,1011,0,0,0,0,8,0,0,1,0,0,0.055,0.256,0.603
g3x2,aggressive,short,stock,20,20,2025,50,50,-0.657,-0.54,-13.049,-13.134,-0.681,-0.667,-1.882,-0.67,0.423,20.0,991,978,0.9869,9,978,0,0,0,0,12,0,0,1,0,1,0.054,0.321,0.595
g3x2,aggressive,short,stock,20,20,2026,32,32,-1.305,-0.94,-14.929,-15.572,-1.358,-1.304,-2.129,-1.305,0.442,20.0,640,635,0.9922,0,635,0,0,0,0,4,1,0,0,0,0,0.011,0.261,0.584
g3x2,aggressive,short,stock,20,63,ALL,165,165,-1.746,-0.97,-22.017,-26.879,-1.638,-1.689,-5.454,-1.803,0.375,20,3291,3171,0.9635,9,3170,0,0,1,0,116,1,0,3,0,1,0.047,0.291,0.584
g3x2,aggressive,short,stock,20,63,P1,91,91,-2.041,-2.51,-13.927,-15.927,-1.873,-1.968,-4.976,-2.041,0.369,20,1820,1767,0.9709,0,1767,0,0,0,0,51,0,0,2,0,0,0.054,0.274,0.581
g3x2,aggressive,short,stock,20,63,P2,74,74,-1.383,-0.36,-25.159,-26.879,-1.349,-1.346,-6.042,-1.51,0.382,20.0,1471,1404,0.9545,9,1403,0,0,1,0,65,1,0,1,0,1,0.04,0.311,0.588
g3x2,aggressive,short,stock,20,63,2023,40,40,-1.96,-1.76,-13.342,-13.599,-1.979,-1.887,-5.967,-1.96,0.384,20.0,800,769,0.9613,0,769,0,0,0,0,30,0,0,1,0,0,0.053,0.297,0.553
g3x2,aggressive,short,stock,20,63,2024,51,51,-2.104,-1.93,-14.294,-15.927,-1.789,-2.031,-4.2,-2.104,0.358,20,1020,998,0.9784,0,998,0,0,0,0,21,0,0,1,0,0,0.055,0.256,0.603
g3x2,aggressive,short,stock,20,63,2025,50,50,1.865,0.43,-20.146,-20.952,1.895,1.812,-3.217,1.677,0.428,20.0,991,942,0.9506,9,942,0,0,0,0,48,0,0,1,0,1,0.054,0.321,0.595
g3x2,aggressive,short,stock,20,63,2026,24,24,-8.149,-1.88,-26.682,-26.879,-8.108,-7.926,-11.926,-8.149,0.288,20.0,480,462,0.9625,0,461,0,0,1,0,17,1,0,0,0,0,0.01,0.292,0.574
g3x2,balanced,long,mixed,10,5,ALL,176,176,0.057,0.24,-7.081,-10.847,0.054,0.058,-0.286,0.057,0.467,10.0,1760,1750,0.9943,0,1750,0,0,0,0,6,0,0,4,0,0,0.036,0.347,0.587
g3x2,balanced,long,mixed,10,5,P1,91,91,-0.11,-0.41,-4.865,-6.198,-0.117,-0.112,-0.555,-0.11,0.449,10,910,904,0.9934,0,904,0,0,0,0,4,0,0,2,0,0,0.048,0.345,0.57
g3x2,balanced,long,mixed,10,5,P2,85,85,0.236,0.6,-8.18,-10.847,0.237,0.24,0.002,0.236,0.485,10,850,846,0.9953,0,846,0,0,0,0,2,0,0,2,0,0,0.024,0.348,0.605
g3x2,balanced,long,mixed,10,5,2023,40,40,-0.216,-0.57,-4.812,-4.903,-0.225,-0.219,-0.468,-0.216,0.434,10.0,400,398,0.995,0,398,0,0,0,0,1,0,0,1,0,0,0.05,0.349,0.526
g3x2,balanced,long,mixed,10,5,2024,51,51,-0.027,-0.07,-4.901,-6.198,-0.033,-0.028,-0.623,-0.027,0.461,10,510,506,0.9922,0,506,0,0,0,0,3,0,0,1,0,0,0.046,0.343,0.604
g3x2,balanced,long,mixed,10,5,2025,50,50,-0.114,-0.26,-7.489,-9.028,-0.124,-0.108,-0.512,-0.114,0.468,10.0,500,497,0.994,0,497,0,0,0,0,2,0,0,1,0,0,0.032,0.352,0.608
g3x2,balanced,long,mixed,10,5,2026,35,35,0.737,1.03,-9.217,-10.847,0.754,0.737,0.737,0.737,0.509,10,350,349,0.9971,0,349,0,0,0,0,0,0,0,1,0,0,0.011,0.342,0.597
g3x2,balanced,long,mixed,10,20,ALL,173,173,-0.033,-0.05,-14.476,-19.589,-0.063,-0.05,-1.646,-0.033,0.429,10,1730,1699,0.9821,0,1699,0,0,0,0,25,2,0,4,0,0,0.037,0.349,0.587
g3x2,balanced,long,mixed,10,20,P1,91,91,-0.199,-0.32,-7.981,-10.289,-0.227,-0.213,-1.574,-0.199,0.437,10,910,896,0.9846,0,896,0,0,0,0,12,0,0,2,0,0,0.048,0.345,0.57
g3x2,balanced,long,mixed,10,20,P2,82,82,0.152,0.12,-16.379,-19.589,0.119,0.131,-1.726,0.152,0.421,10.0,820,803,0.9793,0,803,0,0,0,0,13,2,0,2,0,0,0.024,0.353,0.605
g3x2,balanced,long,mixed,10,20,2023,40,40,-0.378,-0.61,-7.7,-10.289,-0.377,-0.384,-0.901,-0.378,0.474,10.0,400,397,0.9925,0,397,0,0,0,0,2,0,0,1,0,0,0.05,0.349,0.526
g3x2,balanced,long,mixed,10,20,2024,51,51,-0.058,-0.06,-7.507,-7.979,-0.109,-0.079,-2.102,-0.058,0.408,10,510,499,0.9784,0,499,0,0,0,0,10,0,0,1,0,0,0.046,0.343,0.604
g3x2,balanced,long,mixed,10,20,2025,50,50,-0.744,-0.52,-15.331,-19.253,-0.73,-0.705,-2.334,-0.744,0.396,10.0,500,491,0.982,0,491,0,0,0,0,8,0,0,1,0,0,0.032,0.352,0.608
g3x2,balanced,long,mixed,10,20,2026,32,32,1.552,0.64,-17.95,-19.589,1.444,1.438,-0.778,1.552,0.46,10.0,320,312,0.975,0,312,0,0,0,0,5,2,0,1,0,0,0.013,0.355,0.597
g3x2,balanced,long,mixed,10,63,ALL,165,165,-0.705,-0.42,-22.202,-31.036,-0.456,-0.727,-5.272,-0.705,0.367,10,1650,1575,0.9545,0,1575,0,0,0,0,69,2,0,4,0,0,0.038,0.359,0.582
g3x2,balanced,long,mixed,10,63,P1,91,91,-1.411,-1.34,-14.771,-17.747,-1.073,-1.293,-4.211,-1.411,0.351,10,910,883,0.9703,0,883,0,0,0,0,25,0,0,2,0,0,0.048,0.345,0.57
g3x2,balanced,long,mixed,10,63,P2,74,74,0.164,0.05,-25.66,-31.036,0.303,-0.033,-6.576,0.164,0.387,10.0,740,692,0.9351,0,692,0,0,0,0,44,2,0,2,0,0,0.026,0.376,0.596
g3x2,balanced,long,mixed,10,63,2023,40,40,0.252,0.19,-10.094,-10.136,0.265,0.297,-1.309,0.252,0.399,10.0,400,393,0.9825,0,393,0,0,0,0,6,0,0,1,0,0,0.05,0.349,0.526
g3x2,balanced,long,mixed,10,63,2024,51,51,-2.716,-1.94,-16.319,-17.747,-2.123,-2.539,-6.487,-2.716,0.312,10,510,490,0.9608,0,490,0,0,0,0,19,0,0,1,0,0,0.046,0.343,0.604
g3x2,balanced,long,mixed,10,63,2025,50,50,2.422,0.58,-21.82,-22.44,2.625,2.09,-4.805,2.422,0.411,10.0,500,466,0.932,0,466,0,0,0,0,33,0,0,1,0,0,0.032,0.352,0.608
g3x2,balanced,long,mixed,10,63,2026,24,24,-4.54,-0.95,-29.147,-31.036,-4.534,-4.455,-10.266,-4.54,0.335,10.0,240,226,0.9417,0,226,0,0,0,0,11,2,0,1,0,0,0.012,0.425,0.565
g3x2,balanced,long,mixed,20,5,ALL,176,176,-0.095,-0.48,-6.476,-10.338,-0.096,-0.093,-0.411,-0.094,0.468,20.0,3501,3485,0.9954,19,3485,0,0,0,0,11,0,0,5,0,3,0.057,0.325,0.565
g3x2,balanced,long,mixed,20,5,P1,91,91,-0.211,-1.02,-4.327,-5.387,-0.212,-0.21,-0.599,-0.202,0.445,20,1807,1798,0.995,13,1798,0,0,0,0,7,0,0,2,0,2,0.056,0.319,0.545
g3x2,balanced,long,mixed,20,5,P2,85,85,0.03,0.09,-7.524,-10.338,0.027,0.031,-0.209,0.022,0.493,20,1694,1687,0.9959,6,1687,0,0,0,0,4,0,0,3,0,1,0.058,0.331,0.586
g3x2,balanced,long,mixed,20,5,2023,40,40,-0.184,-0.62,-4.21,-4.31,-0.182,-0.181,-0.563,-0.162,0.45,20.0,787,783,0.9949,13,783,0,0,0,0,3,0,0,1,0,2,0.053,0.326,0.54
g3x2,balanced,long,mixed,20,5,2024,51,51,-0.233,-0.81,-4.405,-5.387,-0.235,-0.232,-0.628,-0.233,0.442,20,1020,1015,0.9951,0,1015,0,0,0,0,4,0,0,1,0,0,0.058,0.314,0.549
g3x2,balanced,long,mixed,20,5,2025,50,50,-0.122,-0.33,-6.495,-7.652,-0.133,-0.12,-0.528,-0.136,0.487,20.0,994,988,0.994,6,988,0,0,0,0,4,0,0,2,0,1,0.079,0.347,0.58
g3x2,balanced,long,mixed,20,5,2026,35,35,0.247,0.39,-8.704,-10.338,0.257,0.247,0.247,0.247,0.5,20,700,699,0.9986,0,699,0,0,0,0,0,0,0,1,0,0,0.026,0.309,0.6
g3x2,balanced,long,mixed,20,20,ALL,173,173,-0.063,-0.11,-11.829,-17.752,-0.093,-0.068,-1.628,-0.081,0.428,20,3441,3383,0.9831,19,3381,0,0,2,0,50,3,0,5,0,3,0.057,0.327,0.565
g3x2,balanced,long,mixed,20,20,P1,91,91,-0.313,-0.55,-7.26,-8.05,-0.309,-0.304,-1.825,-0.323,0.419,20,1807,1778,0.984,13,1778,0,0,0,0,27,0,0,2,0,2,0.056,0.319,0.545
g3x2,balanced,long,mixed,20,20,P2,82,82,0.214,0.2,-13.991,-17.752,0.145,0.193,-1.41,0.189,0.438,20.0,1634,1605,0.9823,6,1603,0,0,2,0,23,3,0,3,0,1,0.059,0.337,0.588
g3x2,balanced,long,mixed,20,20,2023,40,40,-0.711,-2.28,-6.0,-7.393,-0.686,-0.694,-2.108,-0.734,0.431,20.0,787,775,0.9848,13,775,0,0,0,0,11,0,0,1,0,2,0.053,0.326,0.54
g3x2,balanced,long,mixed,20,20,2024,51,51,-0.001,-0.0,-7.474,-8.05,-0.013,0.002,-1.602,-0.001,0.409,20,1020,1003,0.9833,0,1003,0,0,0,0,16,0,0,1,0,0,0.058,0.314,0.549
g3x2,balanced,long,mixed,20,20,2025,50,50,-0.249,-0.2,-12.951,-17.752,-0.286,-0.252,-1.875,-0.291,0.424,20.0,994,976,0.9819,6,976,0,0,0,0,16,0,0,2,0,1,0.079,0.347,0.58
g3x2,balanced,long,mixed,20,20,2026,32,32,0.938,0.5,-15.551,-15.602,0.819,0.889,-0.685,0.938,0.46,20.0,640,629,0.9828,0,627,0,0,2,0,7,3,0,1,0,0,0.027,0.321,0.605
g3x2,balanced,long,mixed,20,63,ALL,165,165,-0.377,-0.23,-19.534,-27.572,-0.283,-0.466,-4.924,-0.426,0.385,20,3281,3136,0.9558,19,3125,0,0,11,0,136,4,0,5,0,3,0.059,0.334,0.56
g3x2,balanced,long,mixed,20,63,P1,91,91,-1.809,-2.38,-11.055,-12.452,-1.633,-1.752,-5.139,-1.827,0.361,20,1807,1747,0.9668,13,1747,0,0,0,0,58,0,0,2,0,2,0.056,0.319,0.545
g3x2,balanced,long,mixed,20,63,P2,74,74,1.383,0.41,-22.887,-27.572,1.377,1.114,-4.659,1.295,0.415,20.0,1474,1389,0.9423,6,1378,0,0,11,0,78,4,0,3,0,1,0.063,0.352,0.579
g3x2,balanced,long,mixed,20,63,2023,40,40,-1.194,-1.05,-11.655,-12.452,-1.165,-1.142,-4.763,-1.234,0.394,20.0,787,759,0.9644,13,759,0,0,0,0,27,0,0,1,0,2,0.053,0.326,0.54
g3x2,balanced,long,mixed,20,63,2024,51,51,-2.292,-2.48,-10.655,-12.028,-2.0,-2.23,-5.434,-2.292,0.335,20,1020,988,0.9686,0,988,0,0,0,0,31,0,0,1,0,0,0.058,0.314,0.549
g3x2,balanced,long,mixed,20,63,2025,50,50,3.28,0.82,-17.257,-18.281,3.305,2.904,-2.891,3.15,0.445,20.0,994,936,0.9416,6,931,0,0,5,0,56,0,0,2,0,1,0.079,0.347,0.58
g3x2,balanced,long,mixed,20,63,2026,24,24,-2.568,-0.48,-25.77,-27.572,-2.638,-2.613,-8.342,-2.568,0.352,20.0,480,453,0.9437,0,447,0,0,6,0,22,4,0,1,0,0,0.03,0.363,0.585
g3x2,balanced,long,stock,10,5,ALL,176,176,0.087,0.36,-7.31,-10.847,0.085,0.089,-0.255,0.091,0.475,10.0,1754,1744,0.9943,6,1744,0,0,0,0,6,0,0,4,0,1,0.044,0.337,0.582
g3x2,balanced,long,stock,10,5,P1,91,91,-0.172,-0.63,-5.08,-6.198,-0.178,-0.173,-0.616,-0.172,0.456,10,910,904,0.9934,0,904,0,0,0,0,4,0,0,2,0,0,0.055,0.323,0.57
g3x2,balanced,long,stock,10,5,P2,85,85,0.366,0.89,-8.514,-10.847,0.367,0.369,0.132,0.373,0.496,10,844,840,0.9953,6,840,0,0,0,0,2,0,0,2,0,1,0.032,0.353,0.593
g3x2,balanced,long,stock,10,5,2023,40,40,-0.206,-0.51,-5.07,-5.299,-0.215,-0.209,-0.458,-0.206,0.454,10.0,400,398,0.995,0,398,0,0,0,0,1,0,0,1,0,0,0.057,0.328,0.528
g3x2,balanced,long,stock,10,5,2024,51,51,-0.146,-0.4,-5.087,-6.198,-0.149,-0.145,-0.739,-0.146,0.457,10,510,506,0.9922,0,506,0,0,0,0,3,0,0,1,0,0,0.053,0.32,0.602
g3x2,balanced,long,stock,10,5,2025,50,50,0.01,0.02,-8.046,-9.773,-0.0,0.016,-0.388,0.023,0.48,10.0,494,491,0.9939,6,491,0,0,0,0,2,0,0,1,0,1,0.045,0.356,0.592
g3x2,balanced,long,stock,10,5,2026,35,35,0.874,1.18,-9.217,-10.847,0.891,0.874,0.874,0.874,0.518,10,350,349,0.9971,0,349,0,0,0,0,0,0,0,1,0,0,0.014,0.349,0.591
g3x2,balanced,long,stock,10,20,ALL,173,173,0.16,0.23,-14.418,-19.589,0.126,0.14,-1.637,0.139,0.467,10,1724,1690,0.9803,6,1690,0,0,0,0,28,2,0,4,0,1,0.045,0.339,0.581
g3x2,balanced,long,stock,10,20,P1,91,91,-0.061,-0.1,-8.352,-11.335,-0.087,-0.077,-1.552,-0.061,0.491,10,910,895,0.9835,0,895,0,0,0,0,13,0,0,2,0,0,0.055,0.323,0.57
g3x2,balanced,long,stock,10,20,P2,82,82,0.406,0.31,-16.379,-19.589,0.363,0.38,-1.731,0.362,0.441,10.0,814,795,0.9767,6,795,0,0,0,0,15,2,0,2,0,1,0.034,0.357,0.593
g3x2,balanced,long,stock,10,20,2023,40,40,-0.401,-0.66,-8.223,-11.335,-0.396,-0.407,-0.925,-0.401,0.476,10.0,400,397,0.9925,0,397,0,0,0,0,2,0,0,1,0,0,0.057,0.328,0.528
g3x2,balanced,long,stock,10,20,2024,51,51,0.205,0.2,-7.762,-7.979,0.155,0.183,-2.045,0.205,0.503,10,510,498,0.9765,0,498,0,0,0,0,11,0,0,1,0,0,0.053,0.32,0.602
g3x2,balanced,long,stock,10,20,2025,50,50,-0.448,-0.32,-15.331,-19.253,-0.439,-0.408,-2.451,-0.52,0.417,10.0,494,483,0.9777,6,483,0,0,0,0,10,0,0,1,0,1,0.045,0.356,0.592
g3x2,balanced,long,stock,10,20,2026,32,32,1.74,0.7,-17.95,-19.589,1.617,1.611,-0.605,1.74,0.477,10.0,320,312,0.975,0,312,0,0,0,0,5,2,0,1,0,0,0.016,0.359,0.59
g3x2,balanced,long,stock,10,63,ALL,165,165,0.446,0.27,-21.05,-31.036,0.656,0.392,-4.603,0.348,0.416,10,1644,1562,0.9501,6,1561,0,0,1,0,76,2,0,4,0,1,0.046,0.348,0.576
g3x2,balanced,long,stock,10,63,P1,91,91,0.244,0.2,-15.275,-17.747,0.546,0.332,-2.936,0.244,0.422,10,910,880,0.967,0,880,0,0,0,0,28,0,0,2,0,0,0.055,0.323,0.57
g3x2,balanced,long,stock,10,63,P2,74,74,0.695,0.21,-24.897,-31.036,0.792,0.465,-6.654,0.477,0.408,10.0,734,682,0.9292,6,681,0,0,1,0,48,2,0,2,0,1,0.036,0.38,0.582
g3x2,balanced,long,stock,10,63,2023,40,40,1.404,0.86,-10.875,-11.292,1.418,1.45,-0.156,1.404,0.439,10.0,400,393,0.9825,0,393,0,0,0,0,6,0,0,1,0,0,0.057,0.328,0.528
g3x2,balanced,long,stock,10,63,2024,51,51,-0.666,-0.41,-16.026,-17.747,-0.137,-0.544,-5.116,-0.666,0.408,10,510,487,0.9549,0,487,0,0,0,0,22,0,0,1,0,0,0.053,0.32,0.602
g3x2,balanced,long,stock,10,63,2025,50,50,3.025,0.76,-19.438,-21.245,3.209,2.667,-5.079,2.702,0.434,10.0,494,456,0.9231,6,456,0,0,0,0,37,0,0,1,0,1,0.045,0.356,0.592
g3x2,balanced,long,stock,10,63,2026,24,24,-4.158,-0.84,-29.147,-31.036,-4.245,-4.124,-9.935,-4.158,0.354,10.0,240,226,0.9417,0,225,0,0,1,0,11,2,0,1,0,0,0.017,0.429,0.557
g3x2,balanced,long,stock,20,5,ALL,176,176,-0.072,-0.36,-6.598,-10.338,-0.073,-0.07,-0.416,-0.058,0.48,20.0,3482,3465,0.9951,38,3465,0,0,0,0,11,1,0,5,0,4,0.059,0.324,0.557
g3x2,balanced,long,stock,20,5,P1,91,91,-0.136,-0.65,-4.44,-5.387,-0.137,-0.134,-0.524,-0.124,0.468,20,1806,1797,0.995,14,1797,0,0,0,0,7,0,0,2,0,2,0.058,0.319,0.541
g3x2,balanced,long,stock,20,5,P2,85,85,-0.003,-0.01,-7.743,-10.338,-0.006,-0.002,-0.301,0.013,0.494,20,1676,1668,0.9952,24,1668,0,0,0,0,4,1,0,3,0,2,0.06,0.33,0.575
g3x2,balanced,long,stock,20,5,2023,40,40,-0.166,-0.52,-4.359,-4.408,-0.164,-0.163,-0.545,-0.139,0.467,20.0,786,782,0.9949,14,782,0,0,0,0,3,0,0,1,0,2,0.055,0.327,0.531
g3x2,balanced,long,stock,20,5,2024,51,51,-0.113,-0.4,-4.257,-5.387,-0.115,-0.112,-0.508,-0.113,0.468,20,1020,1015,0.9951,0,1015,0,0,0,0,4,0,0,1,0,0,0.06,0.313,0.549
g3x2,balanced,long,stock,20,5,2025,50,50,-0.198,-0.53,-6.838,-8.172,-0.211,-0.197,-0.604,-0.172,0.484,20.0,976,970,0.9939,24,970,0,0,0,0,4,0,0,2,0,2,0.084,0.347,0.576
g3x2,balanced,long,stock,20,5,2026,35,35,0.276,0.43,-8.738,-10.338,0.287,0.277,0.133,0.276,0.508,20,700,698,0.9971,0,698,0,0,0,0,0,1,0,1,0,0,0.026,0.306,0.579
g3x2,balanced,long,stock,20,20,ALL,173,173,0.047,0.08,-11.943,-17.752,0.014,0.037,-1.608,0.024,0.46,20,3422,3361,0.9822,38,3359,0,0,2,0,53,3,0,5,0,4,0.06,0.326,0.558
g3x2,balanced,long,stock,20,20,P1,91,91,-0.009,-0.01,-7.337,-8.05,-0.011,-0.005,-1.584,-0.014,0.473,20,1806,1776,0.9834,14,1776,0,0,0,0,28,0,0,2,0,2,0.058,0.319,0.541
g3x2,balanced,long,stock,20,20,P2,82,82,0.109,0.1,-14.075,-17.752,0.042,0.083,-1.634,0.067,0.445,20.0,1616,1585,0.9808,24,1583,0,0,2,0,25,3,0,3,0,2,0.062,0.335,0.577
g3x2,balanced,long,stock,20,20,2023,40,40,-0.568,-1.79,-6.128,-7.779,-0.54,-0.549,-1.963,-0.581,0.451,20.0,786,774,0.9847,14,774,0,0,0,0,11,0,0,1,0,2,0.055,0.327,0.531
g3x2,balanced,long,stock,20,20,2024,51,51,0.431,0.43,-7.474,-8.05,0.404,0.423,-1.287,0.431,0.49,20,1020,1002,0.9824,0,1002,0,0,0,0,17,0,0,1,0,0,0.06,0.313,0.549
g3x2,balanced,long,stock,20,20,2025,50,50,-0.377,-0.31,-13.092,-17.752,-0.413,-0.389,-2.199,-0.446,0.438,20.0,976,956,0.9795,24,956,0,0,0,0,18,0,0,2,0,2,0.084,0.347,0.576
g3x2,balanced,long,stock,20,20,2026,32,32,0.869,0.45,-15.551,-15.602,0.753,0.821,-0.752,0.869,0.456,20.0,640,629,0.9828,0,627,0,0,2,0,7,3,0,1,0,0,0.027,0.316,0.585
g3x2,balanced,long,stock,20,63,ALL,165,165,0.615,0.37,-19.447,-27.572,0.683,0.503,-4.405,0.471,0.426,20,3262,3103,0.9513,38,3092,0,0,11,0,150,4,0,5,0,4,0.062,0.333,0.554
g3x2,balanced,long,stock,20,63,P1,91,91,-0.274,-0.27,-10.78,-12.344,-0.134,-0.234,-3.975,-0.283,0.425,20,1806,1740,0.9635,14,1740,0,0,0,0,64,0,0,2,0,2,0.058,0.319,0.541
g3x2,balanced,long,stock,20,63,P2,74,74,1.709,0.5,-23.013,-27.572,1.688,1.411,-4.933,1.399,0.427,20.0,1456,1363,0.9361,24,1352,0,0,11,0,86,4,0,3,0,2,0.066,0.35,0.571
g3x2,balanced,long,stock,20,63,2023,40,40,-0.079,-0.05,-10.758,-11.095,-0.092,-0.035,-4.19,-0.099,0.427,20.0,786,754,0.9593,14,754,0,0,0,0,31,0,0,1,0,2,0.055,0.327,0.531
g3x2,balanced,long,stock,20,63,2024,51,51,-0.427,-0.37,-10.512,-12.344,-0.167,-0.391,-3.808,-0.427,0.423,20,1020,986,0.9667,0,986,0,0,0,0,33,0,0,1,0,0,0.06,0.313,0.549
g3x2,balanced,long,stock,20,63,2025,50,50,3.731,0.94,-17.268,-18.557,3.738,3.326,-3.211,3.273,0.459,20.0,976,911,0.9334,24,906,0,0,5,0,63,0,0,2,0,2,0.084,0.347,0.576
g3x2,balanced,long,stock,20,63,2026,24,24,-2.504,-0.47,-25.77,-27.572,-2.582,-2.579,-8.521,-2.504,0.36,20.0,480,452,0.9417,0,446,0,0,6,0,23,4,0,1,0,0,0.029,0.356,0.567
g3x2,balanced,mid,mixed,10,5,ALL,176,176,-0.046,-0.2,-7.129,-9.576,-0.048,-0.042,-0.332,-0.042,0.469,10.0,1758,1749,0.9949,2,1749,0,0,0,0,5,0,0,4,0,1,0.028,0.374,0.605
g3x2,balanced,mid,mixed,10,5,P1,91,91,-0.12,-0.46,-4.485,-4.759,-0.12,-0.113,-0.562,-0.113,0.45,10,908,902,0.9934,2,902,0,0,0,0,4,0,0,2,0,1,0.036,0.365,0.593
g3x2,balanced,mid,mixed,10,5,P2,85,85,0.033,0.08,-8.45,-9.576,0.029,0.034,-0.085,0.033,0.489,10,850,847,0.9965,0,847,0,0,0,0,1,0,0,2,0,0,0.018,0.383,0.617
g3x2,balanced,mid,mixed,10,5,2023,40,40,-0.172,-0.45,-4.463,-4.486,-0.17,-0.161,-0.424,-0.154,0.442,10.0,398,396,0.995,2,396,0,0,0,0,1,0,0,1,0,1,0.038,0.36,0.551
g3x2,balanced,mid,mixed,10,5,2024,51,51,-0.08,-0.23,-4.482,-4.759,-0.081,-0.076,-0.671,-0.08,0.456,10,510,506,0.9922,0,506,0,0,0,0,3,0,0,1,0,0,0.035,0.369,0.626
g3x2,balanced,mid,mixed,10,5,2025,50,50,-0.073,-0.15,-7.121,-9.034,-0.093,-0.071,-0.272,-0.073,0.488,10.0,500,498,0.996,0,498,0,0,0,0,1,0,0,1,0,0,0.026,0.391,0.62
g3x2,balanced,mid,mixed,10,5,2026,35,35,0.183,0.25,-9.449,-9.576,0.204,0.183,0.183,0.183,0.489,10,350,349,0.9971,0,349,0,0,0,0,0,0,0,1,0,0,0.006,0.373,0.609
g3x2,balanced,mid,mixed,10,20,ALL,173,173,-0.268,-0.39,-14.488,-19.253,-0.32,-0.292,-1.714,-0.269,0.426,10,1728,1700,0.9838,2,1700,0,0,0,0,23,1,0,4,0,1,0.028,0.376,0.605
g3x2,balanced,mid,mixed,10,20,P1,91,91,-0.115,-0.19,-7.796,-11.101,-0.137,-0.12,-1.374,-0.116,0.435,10,908,895,0.9857,2,895,0,0,0,0,11,0,0,2,0,1,0.036,0.365,0.593
g3x2,balanced,mid,mixed,10,20,P2,82,82,-0.438,-0.35,-16.717,-19.253,-0.524,-0.483,-2.091,-0.438,0.416,10.0,820,805,0.9817,0,805,0,0,0,0,12,1,0,2,0,0,0.019,0.389,0.616
g3x2,balanced,mid,mixed,10,20,2023,40,40,-0.256,-0.44,-8.423,-11.101,-0.248,-0.247,-0.522,-0.257,0.469,10.0,398,396,0.995,2,396,0,0,0,0,1,0,0,1,0,1,0.038,0.36,0.551
g3x2,balanced,mid,mixed,10,20,2024,51,51,-0.005,-0.01,-7.378,-8.473,-0.05,-0.02,-2.043,-0.005,0.409,10,510,499,0.9784,0,499,0,0,0,0,10,0,0,1,0,0,0.035,0.369,0.626
g3x2,balanced,mid,mixed,10,20,2025,50,50,-1.34,-0.97,-16.089,-19.253,-1.358,-1.324,-2.539,-1.34,0.39,10.0,500,493,0.986,0,493,0,0,0,0,6,0,0,1,0,0,0.026,0.391,0.62
g3x2,balanced,mid,mixed,10,20,2026,32,32,0.971,0.42,-16.565,-16.783,0.779,0.832,-1.392,0.971,0.457,10.0,320,312,0.975,0,312,0,0,0,0,6,1,0,1,0,0,0.006,0.385,0.606
g3x2,balanced,mid,mixed,10,63,ALL,165,165,-1.195,-0.71,-21.748,-27.452,-0.925,-1.187,-5.344,-1.196,0.361,10,1648,1579,0.9581,2,1578,0,0,1,0,63,2,0,4,0,1,0.029,0.384,0.599
g3x2,balanced,mid,mixed,10,63,P1,91,91,-1.642,-1.68,-14.152,-15.762,-1.337,-1.538,-4.018,-1.644,0.346,10,908,885,0.9747,2,885,0,0,0,0,21,0,0,2,0,1,0.036,0.365,0.593
g3x2,balanced,mid,mixed,10,63,P2,74,74,-0.645,-0.19,-24.365,-27.452,-0.419,-0.755,-6.974,-0.645,0.38,10.0,740,694,0.9378,0,693,0,0,1,0,42,2,0,2,0,0,0.021,0.407,0.605
g3x2,balanced,mid,mixed,10,63,2023,40,40,0.126,0.11,-9.575,-9.96,0.112,0.151,-0.983,0.123,0.405,10.0,398,393,0.9874,2,393,0,0,0,0,4,0,0,1,0,1,0.038,0.36,0.551
g3x2,balanced,mid,mixed,10,63,2024,51,51,-3.029,-2.14,-14.817,-15.762,-2.473,-2.863,-6.398,-3.029,0.3,10,510,492,0.9647,0,492,0,0,0,0,17,0,0,1,0,0,0.035,0.369,0.626
g3x2,balanced,mid,mixed,10,63,2025,50,50,1.8,0.42,-21.623,-22.459,2.097,1.55,-4.247,1.8,0.413,10.0,500,471,0.942,0,470,0,0,1,0,28,0,0,1,0,0,0.026,0.391,0.62
g3x2,balanced,mid,mixed,10,63,2026,24,24,-5.737,-1.3,-26.852,-27.452,-5.66,-5.559,-12.656,-5.737,0.311,10.0,240,223,0.9292,0,223,0,0,0,0,14,2,0,1,0,0,0.008,0.441,0.57
g3x2,balanced,mid,mixed,20,5,ALL,176,176,-0.064,-0.33,-6.176,-9.601,-0.064,-0.063,-0.352,-0.061,0.473,20.0,3473,3457,0.9954,47,3457,0,0,0,0,9,1,0,6,0,10,0.052,0.333,0.585
g3x2,balanced,mid,mixed,20,5,P1,91,91,-0.199,-0.94,-4.292,-5.098,-0.2,-0.198,-0.533,-0.19,0.447,20,1790,1782,0.9955,30,1782,0,0,0,0,6,0,0,2,0,8,0.055,0.331,0.572
g3x2,balanced,mid,mixed,20,5,P2,85,85,0.081,0.25,-7.185,-9.601,0.08,0.081,-0.159,0.077,0.502,20,1683,1675,0.9952,17,1675,0,0,0,0,3,1,0,4,0,2,0.05,0.335,0.599
g3x2,balanced,mid,mixed,20,5,2023,40,40,-0.223,-0.77,-4.345,-4.458,-0.222,-0.221,-0.603,-0.203,0.457,20.0,770,766,0.9948,30,766,0,0,0,0,3,0,0,1,0,8,0.053,0.335,0.573
g3x2,balanced,mid,mixed,20,5,2024,51,51,-0.18,-0.59,-4.256,-5.098,-0.183,-0.18,-0.477,-0.18,0.439,20,1020,1016,0.9961,0,1016,0,0,0,0,3,0,0,1,0,0,0.057,0.329,0.571
g3x2,balanced,mid,mixed,20,5,2025,50,50,-0.09,-0.24,-6.457,-7.399,-0.096,-0.088,-0.397,-0.095,0.495,20.0,983,977,0.9939,17,977,0,0,0,0,3,0,0,3,0,2,0.07,0.35,0.603
g3x2,balanced,mid,mixed,20,5,2026,35,35,0.324,0.56,-7.826,-9.601,0.333,0.322,0.18,0.324,0.511,20,700,698,0.9971,0,698,0,0,0,0,0,1,0,1,0,0,0.02,0.314,0.597
g3x2,balanced,mid,mixed,20,20,ALL,173,173,-0.125,-0.22,-11.589,-19.118,-0.162,-0.13,-1.463,-0.145,0.428,20,3413,3362,0.9851,47,3360,0,0,2,0,43,2,0,6,0,10,0.053,0.336,0.585
g3x2,balanced,mid,mixed,20,20,P1,91,91,-0.316,-0.59,-7.102,-7.981,-0.319,-0.31,-1.61,-0.344,0.421,20,1790,1765,0.986,30,1765,0,0,0,0,23,0,0,2,0,8,0.055,0.331,0.572
g3x2,balanced,mid,mixed,20,20,P2,82,82,0.088,0.09,-13.519,-19.118,0.012,0.07,-1.301,0.077,0.435,20.0,1623,1597,0.984,17,1595,0,0,2,0,20,2,0,4,0,2,0.051,0.341,0.601
g3x2,balanced,mid,mixed,20,20,2023,40,40,-0.67,-1.78,-6.081,-7.981,-0.654,-0.654,-1.815,-0.733,0.435,20.0,770,760,0.987,30,760,0,0,0,0,9,0,0,1,0,8,0.053,0.335,0.573
g3x2,balanced,mid,mixed,20,20,2024,51,51,-0.039,-0.04,-7.164,-7.58,-0.057,-0.04,-1.448,-0.039,0.41,20,1020,1005,0.9853,0,1005,0,0,0,0,14,0,0,1,0,0,0.057,0.329,0.571
g3x2,balanced,mid,mixed,20,20,2025,50,50,-0.393,-0.33,-13.313,-19.118,-0.438,-0.401,-1.727,-0.411,0.419,20.0,983,967,0.9837,17,967,0,0,0,0,13,0,0,3,0,2,0.07,0.35,0.603
g3x2,balanced,mid,mixed,20,20,2026,32,32,0.839,0.46,-13.644,-13.846,0.715,0.807,-0.636,0.839,0.459,20.0,640,630,0.9844,0,628,0,0,2,0,7,2,0,1,0,0,0.022,0.325,0.602
g3x2,balanced,mid,mixed,20,63,ALL,165,165,-0.744,-0.44,-19.25,-24.23,-0.675,-0.815,-4.923,-0.836,0.371,20,3253,3118,0.9585,47,3111,0,0,7,0,125,4,0,6,0,10,0.055,0.342,0.582
g3x2,balanced,mid,mixed,20,63,P1,91,91,-2.184,-2.83,-11.285,-12.563,-2.001,-2.12,-5.151,-2.231,0.341,20,1790,1736,0.9698,30,1736,0,0,0,0,52,0,0,2,0,8,0.055,0.331,0.572
g3x2,balanced,mid,mixed,20,63,P2,74,74,1.027,0.3,-21.765,-24.23,0.955,0.79,-4.644,0.88,0.408,20.0,1463,1382,0.9446,17,1375,0,0,7,0,73,4,0,4,0,2,0.056,0.355,0.595
g3x2,balanced,mid,mixed,20,63,2023,40,40,-1.73,-1.62,-10.735,-12.409,-1.691,-1.677,-4.617,-1.837,0.379,20.0,770,747,0.9701,30,747,0,0,0,0,22,0,0,1,0,8,0.053,0.335,0.573
g3x2,balanced,mid,mixed,20,63,2024,51,51,-2.541,-2.6,-11.253,-12.563,-2.244,-2.467,-5.569,-2.541,0.311,20,1020,989,0.9696,0,989,0,0,0,0,30,0,0,1,0,0,0.057,0.329,0.571
g3x2,balanced,mid,mixed,20,63,2025,50,50,2.997,0.72,-18.303,-19.179,2.928,2.652,-2.53,2.779,0.442,20.0,983,930,0.9461,17,928,0,0,2,0,50,0,0,3,0,2,0.07,0.35,0.603
g3x2,balanced,mid,mixed,20,63,2026,24,24,-3.077,-0.6,-23.24,-24.23,-3.156,-3.089,-9.047,-3.077,0.338,20.0,480,452,0.9417,0,447,0,0,5,0,23,4,0,1,0,0,0.026,0.365,0.585
g3x2,balanced,mid,stock,10,5,ALL,176,176,0.006,0.02,-7.499,-9.576,0.004,0.01,-0.279,0.023,0.478,10.0,1748,1739,0.9949,12,1739,0,0,0,0,5,0,0,4,0,3,0.033,0.363,0.601
g3x2,balanced,mid,stock,10,5,P1,91,91,-0.136,-0.5,-5.235,-6.415,-0.134,-0.127,-0.576,-0.124,0.46,10,907,901,0.9934,3,901,0,0,0,0,4,0,0,2,0,1,0.038,0.347,0.592
g3x2,balanced,mid,stock,10,5,P2,85,85,0.158,0.38,-8.581,-9.576,0.153,0.157,0.039,0.181,0.497,10,841,838,0.9964,9,838,0,0,0,0,1,0,0,2,0,2,0.027,0.38,0.608
g3x2,balanced,mid,stock,10,5,2023,40,40,-0.153,-0.37,-5.281,-5.672,-0.152,-0.142,-0.405,-0.125,0.461,10.0,397,395,0.995,3,395,0,0,0,0,1,0,0,1,0,1,0.042,0.355,0.541
g3x2,balanced,mid,stock,10,5,2024,51,51,-0.123,-0.34,-5.017,-6.415,-0.121,-0.116,-0.71,-0.123,0.46,10,510,506,0.9922,0,506,0,0,0,0,3,0,0,1,0,0,0.035,0.341,0.632
g3x2,balanced,mid,stock,10,5,2025,50,50,0.06,0.12,-7.396,-9.404,0.037,0.059,-0.143,0.099,0.498,10.0,491,489,0.9959,9,489,0,0,0,0,1,0,0,1,0,2,0.042,0.385,0.616
g3x2,balanced,mid,stock,10,5,2026,35,35,0.297,0.4,-9.449,-9.576,0.318,0.297,0.297,0.297,0.495,10,350,349,0.9971,0,349,0,0,0,0,0,0,0,1,0,0,0.006,0.374,0.6
g3x2,balanced,mid,stock,10,20,ALL,173,173,0.036,0.05,-14.389,-19.253,-0.023,0.003,-1.479,0.017,0.47,10,1718,1689,0.9831,12,1689,0,0,0,0,24,1,0,4,0,3,0.033,0.365,0.6
g3x2,balanced,mid,stock,10,20,P1,91,91,0.273,0.44,-7.767,-11.261,0.25,0.264,-1.105,0.276,0.505,10,907,893,0.9846,3,893,0,0,0,0,12,0,0,2,0,1,0.038,0.347,0.592
g3x2,balanced,mid,stock,10,20,P2,82,82,-0.228,-0.18,-16.717,-19.253,-0.327,-0.286,-1.895,-0.271,0.432,10.0,811,796,0.9815,9,796,0,0,0,0,12,1,0,2,0,2,0.028,0.384,0.607
g3x2,balanced,mid,stock,10,20,2023,40,40,-0.07,-0.12,-7.881,-11.261,-0.058,-0.062,-0.336,-0.064,0.485,10.0,397,395,0.995,3,395,0,0,0,0,1,0,0,1,0,1,0.042,0.355,0.541
g3x2,balanced,mid,stock,10,20,2024,51,51,0.543,0.54,-7.378,-8.473,0.493,0.519,-1.708,0.543,0.52,10,510,498,0.9765,0,498,0,0,0,0,11,0,0,1,0,0,0.035,0.341,0.632
g3x2,balanced,mid,stock,10,20,2025,50,50,-1.078,-0.79,-16.269,-19.253,-1.105,-1.071,-2.287,-1.149,0.409,10.0,491,484,0.9857,9,484,0,0,0,0,6,0,0,1,0,2,0.042,0.385,0.616
g3x2,balanced,mid,stock,10,20,2026,32,32,1.1,0.46,-16.565,-16.783,0.889,0.941,-1.282,1.1,0.467,10.0,320,312,0.975,0,312,0,0,0,0,6,1,0,1,0,0,0.006,0.384,0.597
g3x2,balanced,mid,stock,10,63,ALL,165,165,0.36,0.2,-21.106,-27.452,0.579,0.31,-4.238,0.252,0.414,10,1638,1563,0.9542,12,1562,0,0,1,0,69,2,0,4,0,3,0.035,0.372,0.595
g3x2,balanced,mid,stock,10,63,P1,91,91,0.413,0.32,-14.738,-16.079,0.688,0.455,-2.379,0.418,0.42,10,907,881,0.9713,3,881,0,0,0,0,24,0,0,2,0,1,0.038,0.347,0.592
g3x2,balanced,mid,stock,10,63,P2,74,74,0.296,0.08,-24.14,-27.452,0.445,0.133,-6.525,0.048,0.407,10.0,731,682,0.933,9,681,0,0,1,0,45,2,0,2,0,2,0.031,0.403,0.596
g3x2,balanced,mid,stock,10,63,2023,40,40,1.347,0.78,-10.67,-10.865,1.337,1.376,0.242,1.358,0.452,10.0,397,392,0.9874,3,392,0,0,0,0,4,0,0,1,0,1,0.042,0.355,0.541
g3x2,balanced,mid,stock,10,63,2024,51,51,-0.32,-0.19,-15.212,-16.079,0.18,-0.268,-4.435,-0.32,0.396,10,510,489,0.9588,0,489,0,0,0,0,20,0,0,1,0,0,0.035,0.341,0.632
g3x2,balanced,mid,stock,10,63,2025,50,50,3.038,0.71,-21.251,-21.63,3.234,2.724,-3.526,2.671,0.447,10.0,491,460,0.9369,9,459,0,0,1,0,30,0,0,1,0,2,0.042,0.385,0.616
g3x2,balanced,mid,stock,10,63,2026,24,24,-5.419,-1.21,-26.852,-27.452,-5.364,-5.265,-12.772,-5.419,0.323,10.0,240,222,0.925,0,222,0,0,0,0,15,2,0,1,0,0,0.008,0.442,0.557
g3x2,balanced,mid,stock,20,5,ALL,176,176,-0.025,-0.13,-6.291,-9.601,-0.026,-0.025,-0.314,-0.003,0.488,20.0,3452,3436,0.9954,68,3436,0,0,0,0,9,1,0,6,0,11,0.057,0.331,0.578
g3x2,balanced,mid,stock,20,5,P1,91,91,-0.144,-0.68,-4.338,-5.098,-0.145,-0.143,-0.478,-0.132,0.467,20,1784,1776,0.9955,36,1776,0,0,0,0,6,0,0,2,0,8,0.059,0.329,0.569
g3x2,balanced,mid,stock,20,5,P2,85,85,0.102,0.31,-7.393,-9.601,0.102,0.102,-0.138,0.135,0.51,20,1668,1660,0.9952,32,1660,0,0,0,0,3,1,0,4,0,3,0.054,0.334,0.587
g3x2,balanced,mid,stock,20,5,2023,40,40,-0.182,-0.59,-4.433,-4.458,-0.18,-0.179,-0.561,-0.154,0.469,20.0,764,760,0.9948,36,760,0,0,0,0,3,0,0,1,0,8,0.059,0.334,0.566
g3x2,balanced,mid,stock,20,5,2024,51,51,-0.114,-0.39,-4.074,-5.098,-0.118,-0.115,-0.412,-0.114,0.466,20,1020,1016,0.9961,0,1016,0,0,0,0,3,0,0,1,0,0,0.059,0.325,0.572
g3x2,balanced,mid,stock,20,5,2025,50,50,-0.08,-0.21,-6.621,-7.689,-0.088,-0.079,-0.388,-0.025,0.507,20.0,968,962,0.9938,32,962,0,0,0,0,3,0,0,3,0,3,0.076,0.35,0.591
g3x2,balanced,mid,stock,20,5,2026,35,35,0.363,0.61,-8.101,-9.601,0.373,0.36,0.219,0.363,0.514,20,700,698,0.9971,0,698,0,0,0,0,0,1,0,1,0,0,0.021,0.311,0.587
g3x2,balanced,mid,stock,20,20,ALL,173,173,0.11,0.18,-11.965,-19.118,0.075,0.105,-1.373,0.073,0.461,20,3392,3336,0.9835,68,3334,0,0,2,0,47,3,0,6,0,11,0.057,0.334,0.578
g3x2,balanced,mid,stock,20,20,P1,91,91,0.012,0.02,-7.032,-7.58,0.016,0.021,-1.447,-0.015,0.474,20,1784,1756,0.9843,36,1756,0,0,0,0,26,0,0,2,0,8,0.059,0.329,0.569
g3x2,balanced,mid,stock,20,20,P2,82,82,0.219,0.2,-13.877,-19.118,0.141,0.199,-1.291,0.172,0.446,20.0,1608,1580,0.9826,32,1578,0,0,2,0,21,3,0,4,0,3,0.055,0.339,0.589
g3x2,balanced,mid,stock,20,20,2023,40,40,-0.519,-1.35,-5.857,-7.351,-0.492,-0.501,-1.786,-0.582,0.452,20.0,764,753,0.9856,36,753,0,0,0,0,10,0,0,1,0,8,0.059,0.334,0.566
g3x2,balanced,mid,stock,20,20,2024,51,51,0.429,0.43,-7.164,-7.58,0.414,0.429,-1.182,0.429,0.49,20,1020,1003,0.9833,0,1003,0,0,0,0,16,0,0,1,0,0,0.059,0.325,0.572
g3x2,balanced,mid,stock,20,20,2025,50,50,-0.304,-0.23,-14.033,-19.118,-0.349,-0.313,-1.734,-0.382,0.432,20.0,968,951,0.9824,32,951,0,0,0,0,14,0,0,3,0,3,0.076,0.35,0.591
g3x2,balanced,mid,stock,20,20,2026,32,32,1.037,0.56,-13.644,-13.846,0.908,0.998,-0.599,1.037,0.468,20.0,640,629,0.9828,0,627,0,0,2,0,7,3,0,1,0,0,0.022,0.323,0.592
g3x2,balanced,mid,stock,20,63,ALL,165,165,0.281,0.16,-19.096,-24.23,0.329,0.193,-4.112,0.105,0.417,20,3232,3091,0.9564,68,3084,0,0,7,0,131,4,0,6,0,11,0.059,0.34,0.576
g3x2,balanced,mid,stock,20,63,P1,91,91,-0.8,-0.86,-11.282,-12.947,-0.635,-0.755,-4.019,-0.836,0.409,20,1784,1726,0.9675,36,1726,0,0,0,0,56,0,0,2,0,8,0.059,0.329,0.569
g3x2,balanced,mid,stock,20,63,P2,74,74,1.61,0.46,-21.68,-24.23,1.515,1.359,-4.227,1.262,0.426,20.0,1448,1365,0.9427,32,1358,0,0,7,0,75,4,0,4,0,3,0.06,0.353,0.584
g3x2,balanced,mid,stock,20,63,2023,40,40,-0.72,-0.48,-11.306,-11.967,-0.718,-0.705,-3.916,-0.802,0.421,20.0,764,739,0.9673,36,739,0,0,0,0,24,0,0,1,0,8,0.059,0.334,0.566
g3x2,balanced,mid,stock,20,63,2024,51,51,-0.862,-0.8,-11.12,-12.947,-0.57,-0.794,-4.1,-0.862,0.4,20,1020,987,0.9676,0,987,0,0,0,0,32,0,0,1,0,0,0.059,0.325,0.572
g3x2,balanced,mid,stock,20,63,2025,50,50,3.682,0.89,-17.502,-18.723,3.596,3.331,-2.075,3.166,0.46,20.0,968,913,0.9432,32,911,0,0,2,0,52,0,0,3,0,3,0.076,0.35,0.591
g3x2,balanced,mid,stock,20,63,2026,24,24,-2.706,-0.52,-23.24,-24.23,-2.82,-2.752,-8.71,-2.706,0.354,20.0,480,452,0.9417,0,447,0,0,5,0,23,4,0,1,0,0,0.025,0.36,0.578
g3x2,balanced,short,mixed,10,5,ALL,176,176,-0.121,-0.55,-6.908,-10.492,-0.122,-0.12,-0.351,-0.116,0.469,10.0,1757,1751,0.9966,3,1751,0,0,0,0,3,1,0,2,0,1,0.015,0.451,0.623
g3x2,balanced,short,mixed,10,5,P1,91,91,0.007,0.03,-5.035,-5.559,0.003,0.009,-0.218,0.007,0.461,10,910,906,0.9956,0,906,0,0,0,0,2,0,0,2,0,0,0.017,0.451,0.62
g3x2,balanced,short,mixed,10,5,P2,85,85,-0.258,-0.69,-8.203,-10.492,-0.256,-0.258,-0.492,-0.248,0.478,10,847,845,0.9976,3,845,0,0,0,0,1,1,0,0,0,1,0.013,0.451,0.626
g3x2,balanced,short,mixed,10,5,2023,40,40,0.148,0.42,-5.005,-5.559,0.149,0.159,-0.104,0.148,0.483,10.0,400,398,0.995,0,398,0,0,0,0,1,0,0,1,0,0,0.016,0.458,0.595
g3x2,balanced,short,mixed,10,5,2024,51,51,-0.104,-0.31,-5.055,-5.502,-0.111,-0.108,-0.308,-0.104,0.444,10,510,508,0.9961,0,508,0,0,0,0,1,0,0,1,0,0,0.018,0.446,0.638
g3x2,balanced,short,mixed,10,5,2025,50,50,0.007,0.01,-7.052,-9.065,0.006,0.007,-0.194,0.024,0.478,10.0,497,496,0.998,3,496,0,0,0,0,1,0,0,0,0,1,0.019,0.473,0.633
g3x2,balanced,short,mixed,10,5,2026,35,35,-0.637,-1.03,-8.754,-10.492,-0.631,-0.636,-0.919,-0.637,0.479,10,350,349,0.9971,0,349,0,0,0,0,0,1,0,0,0,0,0.003,0.42,0.615
g3x2,balanced,short,mixed,10,20,ALL,173,173,-0.856,-1.56,-12.79,-19.265,-0.861,-0.846,-1.445,-0.839,0.411,10,1727,1715,0.9931,3,1715,0,0,0,0,10,0,0,2,0,1,0.015,0.455,0.622
g3x2,balanced,short,mixed,10,20,P1,91,91,-0.361,-0.67,-9.131,-11.247,-0.345,-0.347,-0.927,-0.361,0.419,10,910,903,0.9923,0,903,0,0,0,0,5,0,0,2,0,0,0.017,0.451,0.62
g3x2,balanced,short,mixed,10,20,P2,82,82,-1.405,-1.43,-14.372,-19.265,-1.434,-1.401,-2.02,-1.369,0.402,10.0,817,812,0.9939,3,812,0,0,0,0,5,0,0,0,0,1,0.013,0.458,0.625
g3x2,balanced,short,mixed,10,20,2023,40,40,0.023,0.04,-8.554,-11.247,0.024,0.025,-0.498,0.023,0.479,10.0,400,397,0.9925,0,397,0,0,0,0,2,0,0,1,0,0,0.016,0.458,0.595
g3x2,balanced,short,mixed,10,20,2024,51,51,-0.663,-0.82,-9.023,-10.296,-0.635,-0.638,-1.263,-0.663,0.372,10,510,506,0.9922,0,506,0,0,0,0,3,0,0,1,0,0,0.018,0.446,0.638
g3x2,balanced,short,mixed,10,20,2025,50,50,-1.795,-1.44,-15.184,-19.265,-1.792,-1.772,-2.58,-1.735,0.382,10.0,497,493,0.992,3,493,0,0,0,0,4,0,0,0,0,1,0.019,0.473,0.633
g3x2,balanced,short,mixed,10,20,2026,32,32,-0.796,-0.5,-13.155,-15.064,-0.873,-0.821,-1.145,-0.796,0.433,10.0,320,319,0.9969,0,319,0,0,0,0,1,0,0,0,0,0,0.003,0.434,0.61
g3x2,balanced,short,mixed,10,63,ALL,165,165,-2.204,-1.22,-22.193,-27.12,-1.922,-2.051,-4.634,-2.204,0.341,10,1647,1604,0.9739,3,1604,0,0,0,0,41,0,0,2,0,1,0.016,0.466,0.623
g3x2,balanced,short,mixed,10,63,P1,91,91,-2.679,-2.24,-20.307,-27.12,-2.271,-2.537,-4.313,-2.679,0.323,10,910,893,0.9813,0,893,0,0,0,0,15,0,0,2,0,0,0.017,0.451,0.62
g3x2,balanced,short,mixed,10,63,P2,74,74,-1.621,-0.44,-22.565,-25.263,-1.493,-1.452,-5.028,-1.619,0.363,10.0,737,711,0.9647,3,711,0,0,0,0,26,0,0,0,0,1,0.014,0.483,0.626
g3x2,balanced,short,mixed,10,63,2023,40,40,-0.593,-0.34,-10.481,-11.188,-0.533,-0.535,-2.452,-0.593,0.392,10.0,400,392,0.98,0,392,0,0,0,0,7,0,0,1,0,0,0.016,0.458,0.595
g3x2,balanced,short,mixed,10,63,2024,51,51,-4.314,-2.66,-22.891,-27.12,-3.635,-4.107,-5.773,-4.314,0.269,10,510,501,0.9824,0,501,0,0,0,0,8,0,0,1,0,0,0.018,0.446,0.638
g3x2,balanced,short,mixed,10,63,2025,50,50,1.591,0.36,-21.617,-22.464,1.722,1.773,-2.464,1.593,0.409,10.0,497,476,0.9577,3,476,0,0,0,0,21,0,0,0,0,1,0.019,0.473,0.633
g3x2,balanced,short,mixed,10,63,2026,24,24,-8.313,-2.68,-23.178,-25.263,-8.192,-8.171,-10.371,-8.313,0.269,10.0,240,235,0.9792,0,235,0,0,0,0,5,0,0,0,0,0,0.004,0.502,0.609
g3x2,balanced,short,mixed,20,5,ALL,176,176,-0.085,-0.47,-6.02,-7.977,-0.087,-0.086,-0.259,-0.087,0.465,20.0,3464,3454,0.9971,56,3454,0,0,0,0,5,1,0,4,0,10,0.027,0.412,0.606
g3x2,balanced,short,mixed,20,5,P1,91,91,-0.136,-0.7,-4.459,-5.564,-0.137,-0.136,-0.361,-0.143,0.449,20,1789,1783,0.9966,31,1783,0,0,0,0,4,0,0,2,0,6,0.034,0.4,0.6
g3x2,balanced,short,mixed,20,5,P2,85,85,-0.031,-0.1,-6.64,-7.977,-0.034,-0.032,-0.149,-0.027,0.483,20,1675,1671,0.9976,25,1671,0,0,0,0,1,1,0,2,0,4,0.019,0.426,0.614
g3x2,balanced,short,mixed,20,5,2023,40,40,-0.051,-0.18,-4.7,-5.564,-0.053,-0.048,-0.18,-0.066,0.468,20.0,771,769,0.9974,29,769,0,0,0,0,1,0,0,1,0,5,0.027,0.417,0.579
g3x2,balanced,short,mixed,20,5,2024,51,51,-0.203,-0.75,-4.298,-5.408,-0.204,-0.205,-0.503,-0.204,0.434,20,1018,1014,0.9961,2,1014,0,0,0,0,3,0,0,1,0,1,0.039,0.386,0.614
g3x2,balanced,short,mixed,20,5,2025,50,50,0.016,0.04,-6.91,-7.977,0.009,0.014,-0.086,0.022,0.488,20.0,975,972,0.9969,25,972,0,0,0,0,1,0,0,2,0,4,0.029,0.442,0.61
g3x2,balanced,short,mixed,20,5,2026,35,35,-0.097,-0.18,-6.125,-6.441,-0.095,-0.098,-0.239,-0.097,0.475,20,700,699,0.9986,0,699,0,0,0,0,0,1,0,0,0,0,0.004,0.403,0.622
g3x2,balanced,short,mixed,20,20,ALL,173,173,-0.606,-1.24,-11.464,-16.467,-0.61,-0.603,-1.282,-0.614,0.418,20,3404,3377,0.9921,56,3377,0,0,0,0,22,1,0,4,0,10,0.027,0.416,0.605
g3x2,balanced,short,mixed,20,20,P1,91,91,-0.575,-1.22,-6.766,-8.328,-0.565,-0.565,-1.354,-0.623,0.407,20,1789,1773,0.9911,31,1773,0,0,0,0,14,0,0,2,0,6,0.034,0.4,0.6
g3x2,balanced,short,mixed,20,20,P2,82,82,-0.64,-0.72,-13.159,-16.467,-0.66,-0.646,-1.201,-0.604,0.429,20.0,1615,1604,0.9932,25,1604,0,0,0,0,8,1,0,2,0,4,0.02,0.434,0.611
g3x2,balanced,short,mixed,20,20,2023,40,40,-0.391,-0.87,-5.763,-6.912,-0.375,-0.378,-1.151,-0.507,0.435,20.0,771,764,0.9909,29,764,0,0,0,0,6,0,0,1,0,5,0.027,0.417,0.579
g3x2,balanced,short,mixed,20,20,2024,51,51,-0.719,-0.96,-7.114,-8.328,-0.714,-0.711,-1.513,-0.715,0.386,20,1018,1009,0.9912,2,1009,0,0,0,0,8,0,0,1,0,1,0.039,0.386,0.614
g3x2,balanced,short,mixed,20,20,2025,50,50,-0.639,-0.55,-13.308,-16.467,-0.646,-0.64,-1.143,-0.579,0.42,20.0,975,968,0.9928,25,968,0,0,0,0,5,0,0,2,0,4,0.029,0.442,0.61
g3x2,balanced,short,mixed,20,20,2026,32,32,-0.642,-0.47,-12.935,-13.662,-0.681,-0.655,-1.292,-0.642,0.444,20.0,640,636,0.9938,0,636,0,0,0,0,3,1,0,0,0,0,0.005,0.421,0.616
g3x2,balanced,short,mixed,20,63,ALL,165,165,-1.981,-1.15,-18.982,-26.479,-1.88,-1.937,-4.981,-2.093,0.342,20,3244,3144,0.9692,56,3144,0,0,0,0,92,3,1,4,0,10,0.028,0.424,0.604
g3x2,balanced,short,mixed,20,63,P1,91,91,-3.285,-4.91,-13.953,-17.509,-3.118,-3.202,-5.485,-3.39,0.309,20,1789,1748,0.9771,31,1748,0,0,0,0,39,0,0,2,0,6,0.034,0.4,0.6
g3x2,balanced,short,mixed,20,63,P2,74,74,-0.378,-0.11,-21.674,-26.479,-0.359,-0.38,-4.362,-0.498,0.383,20.0,1455,1396,0.9595,25,1396,0,0,0,0,53,3,1,2,0,4,0.021,0.453,0.608
g3x2,balanced,short,mixed,20,63,2023,40,40,-2.217,-2.94,-12.757,-12.919,-2.216,-2.161,-5.255,-2.408,0.345,20.0,771,747,0.9689,29,747,0,0,0,0,23,0,0,1,0,5,0.027,0.417,0.579
g3x2,balanced,short,mixed,20,63,2024,51,51,-4.122,-4.12,-14.734,-17.509,-3.825,-4.019,-5.665,-4.161,0.281,20,1018,1001,0.9833,2,1001,0,0,0,0,16,0,0,1,0,1,0.039,0.386,0.614
g3x2,balanced,short,mixed,20,63,2025,50,50,2.87,0.69,-19.704,-20.072,2.871,2.776,-1.22,2.693,0.428,20.0,975,934,0.9579,25,934,0,0,0,0,38,0,1,2,0,4,0.029,0.442,0.61
g3x2,balanced,short,mixed,20,63,2026,24,24,-7.147,-2.14,-23.483,-26.479,-7.088,-6.956,-10.907,-7.147,0.29,20.0,480,462,0.9625,0,462,0,0,0,0,15,3,0,0,0,0,0.004,0.477,0.609
g3x2,balanced,short,stock,10,5,ALL,176,176,-0.144,-0.63,-7.263,-10.492,-0.145,-0.143,-0.374,-0.149,0.475,10.0,1747,1741,0.9966,13,1741,0,0,0,0,3,1,0,2,0,2,0.014,0.441,0.617
g3x2,balanced,short,stock,10,5,P1,91,91,-0.036,-0.14,-5.362,-6.211,-0.039,-0.033,-0.261,-0.036,0.47,10,910,906,0.9956,0,906,0,0,0,0,2,0,0,2,0,0,0.016,0.431,0.616
g3x2,balanced,short,stock,10,5,P2,85,85,-0.259,-0.67,-8.601,-10.492,-0.258,-0.26,-0.494,-0.27,0.48,10,837,835,0.9976,13,835,0,0,0,0,1,1,0,0,0,2,0.012,0.452,0.619
g3x2,balanced,short,stock,10,5,2023,40,40,0.056,0.14,-5.619,-6.211,0.057,0.067,-0.195,0.056,0.483,10.0,400,398,0.995,0,398,0,0,0,0,1,0,0,1,0,0,0.015,0.443,0.59
g3x2,balanced,short,stock,10,5,2024,51,51,-0.109,-0.33,-4.883,-5.875,-0.114,-0.113,-0.312,-0.109,0.459,10,510,508,0.9961,0,508,0,0,0,0,1,0,0,1,0,0,0.018,0.422,0.632
g3x2,balanced,short,stock,10,5,2025,50,50,0.007,0.01,-7.852,-10.13,0.005,0.006,-0.195,-0.011,0.479,10.0,487,486,0.9979,13,486,0,0,0,0,1,0,0,0,0,2,0.018,0.476,0.622
g3x2,balanced,short,stock,10,5,2026,35,35,-0.639,-1.02,-8.754,-10.492,-0.634,-0.639,-0.922,-0.639,0.482,10,350,349,0.9971,0,349,0,0,0,0,0,1,0,0,0,0,0.003,0.417,0.618
g3x2,balanced,short,stock,10,20,ALL,173,173,-0.838,-1.48,-13.361,-19.265,-0.843,-0.829,-1.428,-0.88,0.441,10,1717,1705,0.993,13,1705,0,0,0,0,10,0,0,2,0,2,0.014,0.444,0.616
g3x2,balanced,short,stock,10,20,P1,91,91,-0.354,-0.65,-9.439,-12.287,-0.337,-0.339,-0.919,-0.354,0.466,10,910,903,0.9923,0,903,0,0,0,0,5,0,0,2,0,0,0.016,0.431,0.616
g3x2,balanced,short,stock,10,20,P2,82,82,-1.375,-1.35,-14.96,-19.265,-1.405,-1.373,-1.992,-1.464,0.413,10.0,807,802,0.9938,13,802,0,0,0,0,5,0,0,0,0,2,0.012,0.459,0.617
g3x2,balanced,short,stock,10,20,2023,40,40,-0.192,-0.32,-9.074,-12.287,-0.189,-0.19,-0.713,-0.192,0.492,10.0,400,397,0.9925,0,397,0,0,0,0,2,0,0,1,0,0,0.015,0.443,0.59
g3x2,balanced,short,stock,10,20,2024,51,51,-0.482,-0.57,-9.19,-10.797,-0.452,-0.456,-1.081,-0.482,0.446,10,510,506,0.9922,0,506,0,0,0,0,3,0,0,1,0,0,0.018,0.422,0.632
g3x2,balanced,short,stock,10,20,2025,50,50,-1.739,-1.34,-16.163,-19.265,-1.739,-1.719,-2.527,-1.884,0.395,10.0,487,483,0.9918,13,483,0,0,0,0,4,0,0,0,0,2,0.018,0.476,0.622
g3x2,balanced,short,stock,10,20,2026,32,32,-0.806,-0.5,-13.155,-15.064,-0.884,-0.832,-1.155,-0.806,0.442,10.0,320,319,0.9969,0,319,0,0,0,0,1,0,0,0,0,0,0.003,0.431,0.613
g3x2,balanced,short,stock,10,63,ALL,165,165,-1.689,-0.89,-22.909,-27.12,-1.434,-1.556,-4.338,-1.826,0.366,10,1637,1591,0.9719,13,1591,0,0,0,0,44,0,0,2,0,2,0.015,0.455,0.616
g3x2,balanced,short,stock,10,63,P1,91,91,-2.163,-1.59,-20.959,-27.12,-1.8,-2.068,-4.077,-2.163,0.359,10,910,891,0.9791,0,891,0,0,0,0,17,0,0,2,0,0,0.016,0.431,0.616
g3x2,balanced,short,stock,10,63,P2,74,74,-1.105,-0.29,-23.324,-25.263,-0.985,-0.926,-4.66,-1.411,0.374,10.0,727,700,0.9629,13,700,0,0,0,0,27,0,0,0,0,2,0.014,0.484,0.616
g3x2,balanced,short,stock,10,63,2023,40,40,-0.125,-0.06,-10.704,-11.432,-0.148,-0.16,-2.606,-0.125,0.415,10.0,400,390,0.975,0,390,0,0,0,0,9,0,0,1,0,0,0.015,0.443,0.59
g3x2,balanced,short,stock,10,63,2024,51,51,-3.761,-2.11,-23.978,-27.12,-3.095,-3.564,-5.23,-3.761,0.315,10,510,501,0.9824,0,501,0,0,0,0,8,0,0,1,0,0,0.018,0.422,0.632
g3x2,balanced,short,stock,10,63,2025,50,50,2.444,0.55,-22.678,-24.054,2.564,2.641,-1.831,1.991,0.425,10.0,487,465,0.9548,13,465,0,0,0,0,22,0,0,0,0,2,0.018,0.476,0.622
g3x2,balanced,short,stock,10,63,2026,24,24,-8.499,-2.82,-23.178,-25.263,-8.377,-8.356,-10.556,-8.499,0.269,10.0,240,235,0.9792,0,235,0,0,0,0,5,0,0,0,0,0,0.004,0.5,0.609
g3x2,balanced,short,stock,20,5,ALL,176,176,-0.089,-0.47,-6.165,-8.624,-0.089,-0.089,-0.319,-0.098,0.47,20.0,3441,3429,0.9965,79,3429,0,0,0,0,7,1,0,4,0,13,0.03,0.406,0.597
g3x2,balanced,short,stock,20,5,P1,91,91,-0.187,-0.94,-4.59,-5.908,-0.183,-0.184,-0.52,-0.194,0.456,20,1787,1779,0.9955,33,1779,0,0,0,0,6,0,0,2,0,6,0.037,0.39,0.588
g3x2,balanced,short,stock,20,5,P2,85,85,0.016,0.05,-6.842,-8.624,0.011,0.014,-0.104,0.004,0.485,20,1654,1650,0.9976,46,1650,0,0,0,0,1,1,0,2,0,7,0.022,0.424,0.606
g3x2,balanced,short,stock,20,5,2023,40,40,-0.06,-0.2,-4.872,-5.908,-0.055,-0.055,-0.313,-0.074,0.476,20.0,769,766,0.9961,31,766,0,0,0,0,2,0,0,1,0,5,0.033,0.408,0.561
g3x2,balanced,short,stock,20,5,2024,51,51,-0.287,-1.08,-4.401,-5.408,-0.283,-0.285,-0.682,-0.288,0.44,20,1018,1013,0.9951,2,1013,0,0,0,0,4,0,0,1,0,1,0.041,0.377,0.609
g3x2,balanced,short,stock,20,5,2025,50,50,-0.01,-0.02,-7.247,-8.624,-0.018,-0.012,-0.112,-0.029,0.485,20.0,954,951,0.9969,46,951,0,0,0,0,1,0,0,2,0,7,0.034,0.44,0.607
g3x2,balanced,short,stock,20,5,2026,35,35,0.052,0.1,-6.125,-6.441,0.052,0.05,-0.092,0.052,0.485,20,700,699,0.9986,0,699,0,0,0,0,0,1,0,0,0,0,0.006,0.401,0.607
g3x2,balanced,short,stock,20,20,ALL,173,173,-0.531,-1.08,-11.761,-16.467,-0.533,-0.526,-1.383,-0.593,0.445,20,3381,3348,0.9902,79,3348,0,0,0,0,28,1,0,4,0,13,0.031,0.41,0.596
g3x2,balanced,short,stock,20,20,P1,91,91,-0.487,-1.01,-6.857,-8.328,-0.469,-0.47,-1.543,-0.535,0.451,20,1787,1766,0.9882,33,1766,0,0,0,0,19,0,0,2,0,6,0.037,0.39,0.588
g3x2,balanced,short,stock,20,20,P2,82,82,-0.58,-0.65,-13.702,-16.467,-0.603,-0.587,-1.206,-0.657,0.438,20.0,1594,1582,0.9925,46,1582,0,0,0,0,9,1,0,2,0,7,0.023,0.432,0.605
g3x2,balanced,short,stock,20,20,2023,40,40,-0.323,-0.67,-6.42,-6.628,-0.297,-0.3,-1.461,-0.436,0.455,20.0,769,759,0.987,31,759,0,0,0,0,9,0,0,1,0,5,0.033,0.408,0.561
g3x2,balanced,short,stock,20,20,2024,51,51,-0.617,-0.82,-7.148,-8.328,-0.604,-0.604,-1.607,-0.613,0.448,20,1018,1007,0.9892,2,1007,0,0,0,0,10,0,0,1,0,1,0.041,0.377,0.609
g3x2,balanced,short,stock,20,20,2025,50,50,-0.606,-0.51,-14.171,-16.467,-0.619,-0.61,-1.217,-0.732,0.428,20.0,954,946,0.9916,46,946,0,0,0,0,6,0,0,2,0,7,0.034,0.44,0.607
g3x2,balanced,short,stock,20,20,2026,32,32,-0.539,-0.4,-12.997,-13.787,-0.579,-0.552,-1.19,-0.539,0.455,20.0,640,636,0.9938,0,636,0,0,0,0,3,1,0,0,0,0,0.006,0.42,0.605
g3x2,balanced,short,stock,20,63,ALL,165,165,-1.382,-0.8,-18.736,-27.036,-1.292,-1.345,-4.813,-1.61,0.376,20,3221,3108,0.9649,79,3107,0,0,1,0,105,3,1,4,0,13,0.032,0.418,0.595
g3x2,balanced,short,stock,20,63,P1,91,91,-2.486,-3.16,-14.595,-17.509,-2.319,-2.404,-5.396,-2.586,0.358,20,1787,1734,0.9703,33,1734,0,0,0,0,51,0,0,2,0,6,0.037,0.39,0.588
g3x2,balanced,short,stock,20,63,P2,74,74,-0.024,-0.01,-21.893,-27.036,-0.028,-0.042,-4.096,-0.41,0.399,20.0,1434,1374,0.9582,46,1373,0,0,1,0,54,3,1,2,0,7,0.025,0.452,0.603
g3x2,balanced,short,stock,20,63,2023,40,40,-1.82,-2.04,-13.535,-13.716,-1.854,-1.771,-5.824,-2.0,0.374,20.0,769,738,0.9597,31,738,0,0,0,0,30,0,0,1,0,5,0.033,0.408,0.561
g3x2,balanced,short,stock,20,63,2024,51,51,-3.007,-2.52,-15.296,-17.509,-2.684,-2.9,-5.06,-3.046,0.346,20,1018,996,0.9784,2,996,0,0,0,0,21,0,0,1,0,1,0.041,0.377,0.609
g3x2,balanced,short,stock,20,63,2025,50,50,3.292,0.81,-19.131,-20.597,3.27,3.176,-0.927,2.721,0.445,20.0,954,912,0.956,46,912,0,0,0,0,39,0,1,2,0,7,0.034,0.44,0.607
g3x2,balanced,short,stock,20,63,2026,24,24,-6.931,-2.0,-23.761,-27.036,-6.9,-6.747,-10.698,-6.931,0.303,20.0,480,462,0.9625,0,461,0,0,1,0,15,3,0,0,0,0,0.006,0.477,0.598
g4,aggressive,long,mixed,10,5,ALL,176,176,-0.073,-0.27,-8.538,-15.001,-0.078,-0.075,-0.362,-0.073,0.462,10.0,1760,1750,0.9943,0,1750,0,0,0,0,5,0,0,5,0,0,0.086,0.23,0.611
g4,aggressive,long,mixed,10,5,P1,91,91,-0.212,-0.77,-5.154,-8.262,-0.223,-0.218,-0.55,-0.212,0.434,10,910,905,0.9945,0,905,0,0,0,0,3,0,0,2,0,0,0.069,0.23,0.591
g4,aggressive,long,mixed,10,5,P2,85,85,0.075,0.16,-10.0,-15.001,0.078,0.078,-0.161,0.075,0.492,10,850,845,0.9941,0,845,0,0,0,0,2,0,0,3,0,0,0.104,0.229,0.631
g4,aggressive,long,mixed,10,5,2023,40,40,-0.325,-1.07,-4.229,-4.616,-0.329,-0.324,-0.573,-0.325,0.433,10.0,400,398,0.995,0,398,0,0,0,0,1,0,0,1,0,0,0.073,0.228,0.587
g4,aggressive,long,mixed,10,5,2024,51,51,-0.124,-0.29,-5.702,-8.262,-0.14,-0.134,-0.532,-0.124,0.435,10,510,507,0.9941,0,507,0,0,0,0,2,0,0,1,0,0,0.066,0.232,0.598
g4,aggressive,long,mixed,10,5,2025,50,50,-0.001,-0.0,-6.842,-8.044,-0.012,0.004,-0.404,-0.001,0.481,10.0,500,496,0.992,0,496,0,0,0,0,2,0,0,2,0,0,0.132,0.268,0.633
g4,aggressive,long,mixed,10,5,2026,35,35,0.185,0.21,-13.814,-15.001,0.205,0.185,0.185,0.185,0.509,10,350,349,0.9971,0,349,0,0,0,0,0,0,0,1,0,0,0.063,0.174,0.626
g4,aggressive,long,mixed,10,20,ALL,173,173,-0.434,-0.6,-15.626,-25.572,-0.464,-0.445,-2.101,-0.434,0.408,10,1730,1697,0.9809,0,1694,0,0,3,0,25,3,0,5,0,0,0.088,0.234,0.612
g4,aggressive,long,mixed,10,20,P1,91,91,-0.738,-1.12,-8.385,-9.624,-0.734,-0.725,-1.981,-0.738,0.405,10,910,897,0.9857,0,897,0,0,0,0,11,0,0,2,0,0,0.069,0.23,0.591
g4,aggressive,long,mixed,10,20,P2,82,82,-0.096,-0.07,-19.201,-25.572,-0.164,-0.134,-2.234,-0.096,0.41,10.0,820,800,0.9756,0,797,0,0,3,0,14,3,0,3,0,0,0.108,0.238,0.633
g4,aggressive,long,mixed,10,20,2023,40,40,-1.601,-3.54,-8.094,-8.297,-1.553,-1.569,-2.86,-1.601,0.419,10.0,400,394,0.985,0,394,0,0,0,0,5,0,0,1,0,0,0.073,0.228,0.587
g4,aggressive,long,mixed,10,20,2024,51,51,-0.062,-0.06,-8.475,-9.624,-0.091,-0.064,-1.292,-0.062,0.394,10,510,503,0.9863,0,503,0,0,0,0,6,0,0,1,0,0,0.066,0.232,0.598
g4,aggressive,long,mixed,10,20,2025,50,50,-0.63,-0.43,-14.678,-18.479,-0.58,-0.6,-2.626,-0.63,0.378,10.0,500,488,0.976,0,488,0,0,0,0,10,0,0,2,0,0,0.132,0.268,0.633
g4,aggressive,long,mixed,10,20,2026,32,32,0.737,0.3,-23.967,-25.572,0.487,0.593,-1.622,0.737,0.46,10.0,320,312,0.975,0,309,0,0,3,0,4,3,0,1,0,0,0.069,0.191,0.632
g4,aggressive,long,mixed,10,63,ALL,165,165,-1.237,-0.71,-23.273,-35.607,-1.041,-1.307,-5.611,-1.237,0.356,10,1650,1578,0.9564,0,1571,0,0,7,0,65,2,0,5,0,0,0.09,0.242,0.606
g4,aggressive,long,mixed,10,63,P1,91,91,-2.339,-2.58,-15.871,-18.381,-2.063,-2.291,-5.18,-2.339,0.337,10,910,883,0.9703,0,883,0,0,0,0,25,0,0,2,0,0,0.069,0.23,0.591
g4,aggressive,long,mixed,10,63,P2,74,74,0.117,0.03,-28.668,-35.607,0.215,-0.099,-6.14,0.117,0.38,10.0,740,695,0.9392,0,688,0,0,7,0,40,2,0,3,0,0,0.114,0.257,0.623
g4,aggressive,long,mixed,10,63,2023,40,40,-1.962,-1.11,-18.044,-18.381,-1.91,-1.874,-4.977,-1.962,0.383,10.0,400,387,0.9675,0,387,0,0,0,0,12,0,0,1,0,0,0.073,0.228,0.587
g4,aggressive,long,mixed,10,63,2024,51,51,-2.635,-2.79,-14.423,-16.206,-2.183,-2.617,-5.339,-2.635,0.301,10,510,496,0.9725,0,496,0,0,0,0,13,0,0,1,0,0,0.066,0.232,0.598
g4,aggressive,long,mixed,10,63,2025,50,50,0.738,0.19,-19.565,-21.235,1.137,0.508,-5.63,0.738,0.403,10.0,500,469,0.938,0,467,0,0,2,0,29,0,0,2,0,0,0.132,0.268,0.633
g4,aggressive,long,mixed,10,63,2026,24,24,-1.175,-0.16,-34.196,-35.607,-1.706,-1.362,-7.203,-1.175,0.331,10.0,240,226,0.9417,0,221,0,0,5,0,11,2,0,1,0,0,0.075,0.235,0.6
g4,aggressive,long,mixed,20,5,ALL,176,176,-0.124,-0.56,-7.52,-11.826,-0.127,-0.127,-0.554,-0.124,0.459,20.0,3520,3500,0.9943,0,3500,0,0,0,0,14,1,0,5,0,0,0.109,0.202,0.565
g4,aggressive,long,mixed,20,5,P1,91,91,-0.229,-1.02,-4.193,-5.181,-0.232,-0.232,-0.674,-0.229,0.433,20,1820,1810,0.9945,0,1810,0,0,0,0,8,0,0,2,0,0,0.075,0.195,0.551
g4,aggressive,long,mixed,20,5,P2,85,85,-0.013,-0.03,-9.071,-11.826,-0.014,-0.015,-0.426,-0.013,0.486,20,1700,1690,0.9941,0,1690,0,0,0,0,6,1,0,3,0,0,0.145,0.208,0.579
g4,aggressive,long,mixed,20,5,2023,40,40,-0.389,-1.43,-3.292,-3.423,-0.394,-0.395,-0.899,-0.389,0.427,20.0,800,795,0.9938,0,795,0,0,0,0,4,0,0,1,0,0,0.079,0.209,0.553
g4,aggressive,long,mixed,20,5,2024,51,51,-0.103,-0.31,-4.539,-5.181,-0.105,-0.104,-0.498,-0.103,0.438,20,1020,1015,0.9951,0,1015,0,0,0,0,4,0,0,1,0,0,0.072,0.185,0.55
g4,aggressive,long,mixed,20,5,2025,50,50,0.005,0.01,-6.167,-7.749,0.003,0.01,-0.387,0.005,0.478,20.0,1000,994,0.994,0,994,0,0,0,0,4,0,0,2,0,0,0.174,0.244,0.582
g4,aggressive,long,mixed,20,5,2026,35,35,-0.039,-0.05,-11.588,-11.826,-0.038,-0.05,-0.48,-0.039,0.497,20,700,696,0.9943,0,696,0,0,0,0,2,1,0,1,0,0,0.103,0.158,0.578
g4,aggressive,long,mixed,20,20,ALL,173,173,-0.234,-0.38,-13.325,-23.156,-0.283,-0.258,-2.145,-0.234,0.424,20,3460,3391,0.9801,0,3388,0,0,3,0,61,3,0,5,0,0,0.11,0.205,0.566
g4,aggressive,long,mixed,20,20,P1,91,91,-0.404,-0.66,-6.905,-7.694,-0.425,-0.415,-2.113,-0.404,0.415,20,1820,1788,0.9824,0,1788,0,0,0,0,30,0,0,2,0,0,0.075,0.195,0.551
g4,aggressive,long,mixed,20,20,P2,82,82,-0.044,-0.04,-16.112,-23.156,-0.125,-0.085,-2.182,-0.044,0.435,20.0,1640,1603,0.9774,0,1600,0,0,3,0,31,3,0,3,0,0,0.15,0.215,0.582
g4,aggressive,long,mixed,20,20,2023,40,40,-1.406,-4.38,-6.275,-7.495,-1.382,-1.383,-3.441,-1.406,0.411,20.0,800,783,0.9788,0,783,0,0,0,0,16,0,0,1,0,0,0.079,0.209,0.553
g4,aggressive,long,mixed,20,20,2024,51,51,0.381,0.38,-7.087,-7.694,0.326,0.345,-1.071,0.381,0.417,20,1020,1005,0.9853,0,1005,0,0,0,0,14,0,0,1,0,0,0.072,0.185,0.55
g4,aggressive,long,mixed,20,20,2025,50,50,-0.37,-0.32,-12.276,-13.622,-0.402,-0.395,-2.398,-0.37,0.416,20.0,1000,978,0.978,0,978,0,0,0,0,20,0,0,2,0,0,0.174,0.244,0.582
g4,aggressive,long,mixed,20,20,2026,32,32,0.466,0.22,-21.409,-23.156,0.307,0.4,-1.844,0.466,0.463,20.0,640,625,0.9766,0,622,0,0,3,0,11,3,0,1,0,0,0.111,0.169,0.585
g4,aggressive,long,mixed,20,63,ALL,165,165,-0.413,-0.26,-21.163,-33.481,-0.308,-0.509,-5.405,-0.413,0.383,20,3300,3142,0.9521,0,3131,0,0,11,0,150,3,0,5,0,0,0.113,0.211,0.56
g4,aggressive,long,mixed,20,63,P1,91,91,-1.343,-1.37,-11.374,-13.215,-1.216,-1.331,-5.239,-1.343,0.366,20,1820,1751,0.9621,0,1751,0,0,0,0,67,0,0,2,0,0,0.075,0.195,0.551
g4,aggressive,long,mixed,20,63,P2,74,74,0.731,0.23,-26.298,-33.481,0.81,0.503,-5.608,0.731,0.403,20.0,1480,1391,0.9399,0,1380,0,0,11,0,83,3,0,3,0,0,0.159,0.231,0.572
g4,aggressive,long,mixed,20,63,2023,40,40,-1.685,-1.22,-11.825,-12.805,-1.678,-1.596,-6.404,-1.685,0.387,20.0,800,763,0.9537,0,763,0,0,0,0,36,0,0,1,0,0,0.079,0.209,0.553
g4,aggressive,long,mixed,20,63,2024,51,51,-1.075,-0.95,-11.073,-13.215,-0.855,-1.123,-4.326,-1.075,0.35,20,1020,988,0.9686,0,988,0,0,0,0,31,0,0,1,0,0,0.072,0.185,0.55
g4,aggressive,long,mixed,20,63,2025,50,50,1.989,0.6,-17.382,-19.63,2.229,1.712,-4.336,1.989,0.433,20.0,1000,940,0.94,0,935,0,0,5,0,58,0,0,2,0,0,0.174,0.244,0.582
g4,aggressive,long,mixed,20,63,2026,24,24,-1.89,-0.29,-29.771,-33.481,-2.147,-2.017,-8.258,-1.89,0.341,20.0,480,451,0.9396,0,445,0,0,6,0,25,3,0,1,0,0,0.128,0.203,0.554
g4,aggressive,long,stock,10,5,ALL,176,176,-0.003,-0.01,-8.837,-15.001,-0.007,-0.006,-0.41,-0.003,0.474,10.0,1759,1747,0.9932,1,1747,0,0,0,0,7,0,0,5,0,1,0.087,0.219,0.587
g4,aggressive,long,stock,10,5,P1,91,91,-0.058,-0.19,-5.755,-8.262,-0.065,-0.063,-0.507,-0.058,0.471,10,910,904,0.9934,0,904,0,0,0,0,4,0,0,2,0,0,0.07,0.212,0.568
g4,aggressive,long,stock,10,5,P2,85,85,0.055,0.11,-10.479,-15.001,0.054,0.055,-0.307,0.056,0.478,10,849,843,0.9929,1,843,0,0,0,0,3,0,0,3,0,1,0.105,0.226,0.607
g4,aggressive,long,stock,10,5,2023,40,40,-0.239,-0.68,-4.193,-4.616,-0.234,-0.238,-0.74,-0.239,0.459,10.0,400,397,0.9925,0,397,0,0,0,0,2,0,0,1,0,0,0.08,0.215,0.564
g4,aggressive,long,stock,10,5,2024,51,51,0.084,0.18,-6.575,-8.262,0.068,0.074,-0.325,0.084,0.48,10,510,507,0.9941,0,507,0,0,0,0,2,0,0,1,0,0,0.063,0.21,0.57
g4,aggressive,long,stock,10,5,2025,50,50,-0.16,-0.32,-7.634,-9.448,-0.178,-0.161,-0.775,-0.158,0.456,10.0,499,494,0.99,1,494,0,0,0,0,3,0,0,2,0,1,0.13,0.27,0.612
g4,aggressive,long,stock,10,5,2026,35,35,0.362,0.39,-13.814,-15.001,0.385,0.362,0.362,0.362,0.509,10,350,349,0.9971,0,349,0,0,0,0,0,0,0,1,0,0,0.069,0.163,0.6
g4,aggressive,long,stock,10,20,ALL,173,173,-0.009,-0.01,-15.833,-25.572,-0.033,-0.027,-2.078,-0.014,0.463,10,1729,1689,0.9769,1,1686,0,0,3,0,32,3,0,5,0,1,0.089,0.223,0.588
g4,aggressive,long,stock,10,20,P1,91,91,0.097,0.12,-9.13,-10.521,0.085,0.083,-1.394,0.097,0.497,10,910,895,0.9835,0,895,0,0,0,0,13,0,0,2,0,0,0.07,0.212,0.568
g4,aggressive,long,stock,10,20,P2,82,82,-0.125,-0.09,-19.201,-25.572,-0.163,-0.148,-2.836,-0.136,0.426,10.0,819,794,0.9695,1,791,0,0,3,0,19,3,0,3,0,1,0.109,0.234,0.609
g4,aggressive,long,stock,10,20,2023,40,40,-1.255,-2.3,-10.113,-10.521,-1.193,-1.233,-3.027,-1.255,0.448,10.0,400,392,0.98,0,392,0,0,0,0,7,0,0,1,0,0,0.08,0.215,0.564
g4,aggressive,long,stock,10,20,2024,51,51,1.157,0.91,-8.475,-9.624,1.087,1.115,-0.113,1.157,0.535,10,510,503,0.9863,0,503,0,0,0,0,6,0,0,1,0,0,0.063,0.21,0.57
g4,aggressive,long,stock,10,20,2025,50,50,-1.076,-0.7,-14.952,-18.479,-0.952,-0.994,-3.792,-1.095,0.39,10.0,499,483,0.9679,1,483,0,0,0,0,14,0,0,2,0,1,0.13,0.27,0.612
g4,aggressive,long,stock,10,20,2026,32,32,1.361,0.51,-23.967,-25.572,1.069,1.172,-1.343,1.361,0.481,10.0,320,311,0.9719,0,308,0,0,3,0,5,3,0,1,0,0,0.075,0.178,0.603
g4,aggressive,long,stock,10,63,ALL,165,165,0.894,0.45,-22.729,-35.607,1.061,0.739,-4.544,0.878,0.424,10,1649,1562,0.9472,1,1555,0,0,7,0,80,2,0,5,0,1,0.09,0.231,0.582
g4,aggressive,long,stock,10,63,P1,91,91,0.485,0.33,-13.732,-16.889,0.706,0.464,-2.79,0.485,0.44,10,910,880,0.967,0,880,0,0,0,0,28,0,0,2,0,0,0.07,0.212,0.568
g4,aggressive,long,stock,10,63,P2,74,74,1.397,0.36,-28.931,-35.607,1.499,1.077,-6.701,1.36,0.405,10.0,739,682,0.9229,1,675,0,0,7,0,52,2,0,3,0,1,0.115,0.254,0.599
g4,aggressive,long,stock,10,63,2023,40,40,0.124,0.05,-14.137,-16.889,0.192,0.188,-3.744,0.124,0.438,10.0,400,384,0.96,0,384,0,0,0,0,15,0,0,1,0,0,0.08,0.215,0.564
g4,aggressive,long,stock,10,63,2024,51,51,0.769,0.5,-13.346,-16.206,1.109,0.68,-2.042,0.769,0.441,10,510,496,0.9725,0,496,0,0,0,0,13,0,0,1,0,0,0.063,0.21,0.57
g4,aggressive,long,stock,10,63,2025,50,50,1.632,0.4,-18.581,-20.424,2.177,1.413,-6.642,1.577,0.42,10.0,499,459,0.9198,1,457,0,0,2,0,38,0,0,2,0,1,0.13,0.27,0.612
g4,aggressive,long,stock,10,63,2026,24,24,0.909,0.11,-34.196,-35.607,0.086,0.376,-6.822,0.909,0.373,10.0,240,223,0.9292,0,218,0,0,5,0,14,2,0,1,0,0,0.083,0.221,0.57
g4,aggressive,long,stock,20,5,ALL,176,176,-0.023,-0.1,-7.302,-11.826,-0.031,-0.028,-0.455,-0.02,0.474,20.0,3509,3489,0.9943,11,3488,0,0,1,0,14,1,0,5,0,1,0.113,0.205,0.548
g4,aggressive,long,stock,20,5,P1,91,91,-0.099,-0.42,-4.263,-5.181,-0.102,-0.102,-0.545,-0.099,0.462,20,1820,1810,0.9945,0,1810,0,0,0,0,8,0,0,2,0,0,0.078,0.207,0.533
g4,aggressive,long,stock,20,5,P2,85,85,0.058,0.14,-8.96,-11.826,0.045,0.051,-0.36,0.064,0.487,20,1689,1679,0.9941,11,1678,0,0,1,0,6,1,0,3,0,1,0.15,0.203,0.565
g4,aggressive,long,stock,20,5,2023,40,40,-0.341,-1.11,-3.696,-3.894,-0.345,-0.347,-0.851,-0.341,0.45,20.0,800,795,0.9938,0,795,0,0,0,0,4,0,0,1,0,0,0.079,0.22,0.54
g4,aggressive,long,stock,20,5,2024,51,51,0.091,0.27,-4.509,-5.181,0.088,0.09,-0.305,0.091,0.471,20,1020,1015,0.9951,0,1015,0,0,0,0,4,0,0,1,0,0,0.077,0.196,0.528
g4,aggressive,long,stock,20,5,2025,50,50,0.009,0.02,-5.509,-8.122,0.001,0.009,-0.389,0.021,0.48,20.0,989,983,0.9939,11,983,0,0,0,0,4,0,0,2,0,1,0.176,0.234,0.56
g4,aggressive,long,stock,20,5,2026,35,35,0.126,0.16,-11.588,-11.826,0.107,0.111,-0.319,0.126,0.497,20,700,696,0.9943,0,695,0,0,1,0,2,1,0,1,0,0,0.111,0.159,0.574
g4,aggressive,long,stock,20,20,ALL,173,173,0.222,0.34,-13.445,-23.156,0.156,0.188,-1.85,0.198,0.472,20,3449,3375,0.9785,11,3371,0,0,4,0,66,3,0,5,0,1,0.114,0.208,0.549
g4,aggressive,long,stock,20,20,P1,91,91,0.133,0.19,-6.758,-7.852,0.093,0.117,-1.811,0.133,0.488,20,1820,1784,0.9802,0,1784,0,0,0,0,34,0,0,2,0,0,0.078,0.207,0.533
g4,aggressive,long,stock,20,20,P2,82,82,0.32,0.28,-16.112,-23.156,0.226,0.268,-1.892,0.27,0.455,20.0,1629,1591,0.9767,11,1587,0,0,4,0,32,3,0,3,0,1,0.155,0.209,0.567
g4,aggressive,long,stock,20,20,2023,40,40,-1.25,-3.61,-6.186,-6.415,-1.229,-1.217,-3.54,-1.25,0.439,20.0,800,781,0.9762,0,781,0,0,0,0,18,0,0,1,0,0,0.079,0.22,0.54
g4,aggressive,long,stock,20,20,2024,51,51,1.217,1.11,-7.14,-7.852,1.13,1.163,-0.455,1.217,0.527,20,1020,1003,0.9833,0,1003,0,0,0,0,16,0,0,1,0,0,0.077,0.196,0.528
g4,aggressive,long,stock,20,20,2025,50,50,0.115,0.1,-12.409,-13.622,0.068,0.079,-2.027,0.033,0.448,20.0,989,966,0.9767,11,966,0,0,0,0,21,0,0,2,0,1,0.176,0.234,0.56
g4,aggressive,long,stock,20,20,2026,32,32,0.641,0.28,-21.409,-23.156,0.472,0.563,-1.681,0.641,0.466,20.0,640,625,0.9766,0,621,0,0,4,0,11,3,0,1,0,0,0.12,0.169,0.579
g4,aggressive,long,stock,20,63,ALL,165,165,1.254,0.75,-20.674,-33.481,1.286,1.08,-4.299,1.179,0.451,20,3289,3116,0.9474,11,3104,0,0,12,0,165,3,0,5,0,1,0.117,0.215,0.544
g4,aggressive,long,stock,20,63,P1,91,91,0.897,0.67,-12.252,-15.261,0.96,0.859,-3.639,0.897,0.469,20,1820,1741,0.9566,0,1741,0,0,0,0,77,0,0,2,0,0,0.078,0.207,0.533
g4,aggressive,long,stock,20,63,P2,74,74,1.694,0.51,-27.007,-33.481,1.687,1.351,-5.111,1.526,0.428,20.0,1469,1375,0.936,11,1363,0,0,12,0,88,3,0,3,0,1,0.164,0.224,0.557
g4,aggressive,long,stock,20,63,2023,40,40,-0.37,-0.18,-14.634,-15.261,-0.385,-0.286,-5.652,-0.37,0.441,20.0,800,759,0.9487,0,759,0,0,0,0,40,0,0,1,0,0,0.079,0.22,0.54
g4,aggressive,long,stock,20,63,2024,51,51,1.89,1.54,-9.154,-10.475,2.015,1.758,-2.061,1.89,0.492,20,1020,982,0.9627,0,982,0,0,0,0,37,0,0,1,0,0,0.077,0.196,0.528
g4,aggressive,long,stock,20,63,2025,50,50,3.074,0.92,-13.415,-17.009,3.225,2.683,-3.885,2.826,0.456,20.0,989,924,0.9343,11,919,0,0,5,0,63,0,0,2,0,1,0.176,0.234,0.56
g4,aggressive,long,stock,20,63,2026,24,24,-1.182,-0.16,-29.771,-33.481,-1.519,-1.424,-7.665,-1.182,0.369,20.0,480,451,0.9396,0,444,0,0,7,0,25,3,0,1,0,0,0.14,0.204,0.552
g4,aggressive,mid,mixed,10,5,ALL,176,176,-0.124,-0.5,-7.945,-12.313,-0.128,-0.124,-0.412,-0.124,0.459,10.0,1760,1750,0.9943,0,1750,0,0,0,0,5,0,0,5,0,0,0.081,0.238,0.614
g4,aggressive,mid,mixed,10,5,P1,91,91,-0.248,-0.91,-4.726,-6.48,-0.26,-0.253,-0.585,-0.248,0.43,10,910,905,0.9945,0,905,0,0,0,0,3,0,0,2,0,0,0.067,0.234,0.583
g4,aggressive,mid,mixed,10,5,P2,85,85,0.008,0.02,-9.345,-12.313,0.013,0.014,-0.226,0.008,0.491,10,850,845,0.9941,0,845,0,0,0,0,2,0,0,3,0,0,0.097,0.243,0.645
g4,aggressive,mid,mixed,10,5,2023,40,40,-0.311,-0.93,-4.272,-4.672,-0.322,-0.314,-0.563,-0.311,0.434,10.0,400,398,0.995,0,398,0,0,0,0,1,0,0,1,0,0,0.073,0.238,0.582
g4,aggressive,mid,mixed,10,5,2024,51,51,-0.199,-0.48,-4.988,-6.48,-0.211,-0.205,-0.603,-0.199,0.427,10,510,507,0.9941,0,507,0,0,0,0,2,0,0,1,0,0,0.062,0.23,0.588
g4,aggressive,mid,mixed,10,5,2025,50,50,0.102,0.22,-7.087,-7.843,0.095,0.111,-0.296,0.102,0.486,10.0,500,496,0.992,0,496,0,0,0,0,2,0,0,2,0,0,0.133,0.288,0.633
g4,aggressive,mid,mixed,10,5,2026,35,35,-0.125,-0.16,-11.817,-12.313,-0.103,-0.125,-0.125,-0.125,0.497,10,350,349,0.9971,0,349,0,0,0,0,0,0,0,1,0,0,0.046,0.179,0.662
g4,aggressive,mid,mixed,10,20,ALL,173,173,-0.533,-0.79,-15.454,-25.63,-0.587,-0.557,-2.213,-0.533,0.397,10,1730,1697,0.9809,0,1695,0,0,2,0,25,3,0,5,0,0,0.083,0.242,0.614
g4,aggressive,mid,mixed,10,20,P1,91,91,-0.624,-1.0,-7.771,-8.352,-0.654,-0.644,-1.787,-0.624,0.395,10,910,898,0.9868,0,898,0,0,0,0,10,0,0,2,0,0,0.067,0.234,0.583
g4,aggressive,mid,mixed,10,20,P2,82,82,-0.432,-0.35,-18.409,-25.63,-0.512,-0.46,-2.687,-0.432,0.399,10.0,820,799,0.9744,0,797,0,0,2,0,15,3,0,3,0,0,0.1,0.252,0.647
g4,aggressive,mid,mixed,10,20,2023,40,40,-1.311,-2.9,-7.274,-7.838,-1.31,-1.321,-2.098,-1.311,0.42,10.0,400,396,0.99,0,396,0,0,0,0,3,0,0,1,0,0,0.073,0.238,0.582
g4,aggressive,mid,mixed,10,20,2024,51,51,-0.086,-0.08,-7.969,-8.352,-0.139,-0.113,-1.543,-0.086,0.376,10,510,502,0.9843,0,502,0,0,0,0,7,0,0,1,0,0,0.062,0.23,0.588
g4,aggressive,mid,mixed,10,20,2025,50,50,-0.73,-0.54,-14.033,-16.386,-0.682,-0.695,-2.721,-0.73,0.374,10.0,500,488,0.976,0,488,0,0,0,0,10,0,0,2,0,0,0.133,0.288,0.633
g4,aggressive,mid,mixed,10,20,2026,32,32,0.035,0.01,-23.002,-25.63,-0.248,-0.094,-2.632,0.035,0.44,10.0,320,311,0.9719,0,309,0,0,2,0,5,3,0,1,0,0,0.05,0.195,0.668
g4,aggressive,mid,mixed,10,63,ALL,165,165,-1.361,-0.75,-24.324,-38.599,-1.183,-1.446,-6.066,-1.361,0.355,10,1650,1573,0.9533,0,1567,0,0,6,0,70,2,0,5,0,0,0.085,0.251,0.607
g4,aggressive,mid,mixed,10,63,P1,91,91,-2.322,-3.06,-13.967,-16.206,-2.097,-2.297,-5.313,-2.322,0.339,10,910,882,0.9692,0,882,0,0,0,0,26,0,0,2,0,0,0.067,0.234,0.583
g4,aggressive,mid,mixed,10,63,P2,74,74,-0.179,-0.05,-30.033,-38.599,-0.059,-0.401,-6.993,-0.179,0.375,10.0,740,691,0.9338,0,685,0,0,6,0,44,2,0,3,0,0,0.107,0.273,0.634
g4,aggressive,mid,mixed,10,63,2023,40,40,-2.266,-1.88,-13.355,-13.791,-2.262,-2.233,-5.639,-2.266,0.395,10.0,400,386,0.965,0,386,0,0,0,0,13,0,0,1,0,0,0.073,0.238,0.582
g4,aggressive,mid,mixed,10,63,2024,51,51,-2.366,-2.36,-14.376,-16.206,-1.967,-2.347,-5.057,-2.366,0.296,10,510,496,0.9725,0,496,0,0,0,0,13,0,0,1,0,0,0.062,0.23,0.588
g4,aggressive,mid,mixed,10,63,2025,50,50,1.353,0.31,-20.654,-23.191,1.69,1.043,-5.282,1.353,0.406,10.0,500,468,0.936,0,466,0,0,2,0,30,0,0,2,0,0,0.133,0.288,0.633
g4,aggressive,mid,mixed,10,63,2026,24,24,-3.37,-0.46,-34.672,-38.599,-3.701,-3.41,-10.557,-3.37,0.311,10.0,240,223,0.9292,0,219,0,0,4,0,14,2,0,1,0,0,0.054,0.241,0.635
g4,aggressive,mid,mixed,20,5,ALL,176,176,-0.179,-0.86,-6.911,-11.41,-0.179,-0.18,-0.578,-0.179,0.458,20.0,3520,3501,0.9946,0,3501,0,0,0,0,12,2,0,5,0,0,0.104,0.216,0.576
g4,aggressive,mid,mixed,20,5,P1,91,91,-0.278,-1.26,-4.252,-5.261,-0.278,-0.277,-0.666,-0.278,0.429,20,1820,1811,0.9951,0,1811,0,0,0,0,7,0,0,2,0,0,0.071,0.211,0.562
g4,aggressive,mid,mixed,20,5,P2,85,85,-0.073,-0.2,-8.345,-11.41,-0.072,-0.075,-0.484,-0.073,0.488,20,1700,1690,0.9941,0,1690,0,0,0,0,5,2,0,3,0,0,0.139,0.222,0.592
g4,aggressive,mid,mixed,20,5,2023,40,40,-0.419,-1.53,-3.398,-3.599,-0.417,-0.416,-0.798,-0.419,0.425,20.0,800,796,0.995,0,796,0,0,0,0,3,0,0,1,0,0,0.067,0.22,0.563
g4,aggressive,mid,mixed,20,5,2024,51,51,-0.167,-0.51,-4.523,-5.261,-0.17,-0.169,-0.563,-0.167,0.433,20,1020,1015,0.9951,0,1015,0,0,0,0,4,0,0,1,0,0,0.074,0.203,0.56
g4,aggressive,mid,mixed,20,5,2025,50,50,-0.051,-0.14,-5.881,-7.564,-0.054,-0.047,-0.445,-0.051,0.485,20.0,1000,994,0.994,0,994,0,0,0,0,4,0,0,2,0,0,0.172,0.256,0.589
g4,aggressive,mid,mixed,20,5,2026,35,35,-0.104,-0.15,-10.46,-11.41,-0.098,-0.115,-0.539,-0.104,0.493,20,700,696,0.9943,0,696,0,0,0,0,1,2,0,1,0,0,0.092,0.173,0.599
g4,aggressive,mid,mixed,20,20,ALL,173,173,-0.468,-0.76,-13.748,-22.966,-0.513,-0.482,-2.08,-0.468,0.413,20,3460,3401,0.9829,0,3398,0,0,3,0,51,3,0,5,0,0,0.105,0.219,0.576
g4,aggressive,mid,mixed,20,20,P1,91,91,-0.684,-1.22,-7.205,-8.178,-0.701,-0.685,-2.05,-0.684,0.404,20,1820,1794,0.9857,0,1794,0,0,0,0,24,0,0,2,0,0,0.071,0.211,0.562
g4,aggressive,mid,mixed,20,20,P2,82,82,-0.227,-0.2,-16.737,-22.966,-0.304,-0.258,-2.113,-0.227,0.422,20.0,1640,1607,0.9799,0,1604,0,0,3,0,27,3,0,3,0,0,0.144,0.229,0.591
g4,aggressive,mid,mixed,20,20,2023,40,40,-1.491,-4.49,-6.121,-7.694,-1.473,-1.474,-3.039,-1.491,0.414,20.0,800,787,0.9838,0,787,0,0,0,0,12,0,0,1,0,0,0.067,0.22,0.563
g4,aggressive,mid,mixed,20,20,2024,51,51,-0.052,-0.06,-7.422,-8.178,-0.096,-0.066,-1.275,-0.052,0.397,20,1020,1007,0.9873,0,1007,0,0,0,0,12,0,0,1,0,0,0.074,0.203,0.56
g4,aggressive,mid,mixed,20,20,2025,50,50,-0.213,-0.17,-12.191,-15.128,-0.239,-0.225,-2.034,-0.213,0.414,20.0,1000,980,0.98,0,980,0,0,0,0,18,0,0,2,0,0,0.172,0.256,0.589
g4,aggressive,mid,mixed,20,20,2026,32,32,-0.248,-0.12,-20.958,-22.966,-0.407,-0.31,-2.235,-0.248,0.435,20.0,640,627,0.9797,0,624,0,0,3,0,9,3,0,1,0,0,0.099,0.185,0.597
g4,aggressive,mid,mixed,20,63,ALL,165,165,-0.91,-0.54,-21.209,-33.801,-0.769,-0.984,-5.558,-0.91,0.37,20,3300,3152,0.9552,0,3142,0,0,10,0,140,3,0,5,0,0,0.108,0.226,0.568
g4,aggressive,mid,mixed,20,63,P1,91,91,-2.273,-2.88,-11.057,-12.063,-2.083,-2.22,-5.618,-2.273,0.346,20,1820,1760,0.967,0,1760,0,0,0,0,58,0,0,2,0,0,0.071,0.211,0.562
g4,aggressive,mid,mixed,20,63,P2,74,74,0.765,0.22,-26.058,-33.801,0.847,0.536,-5.483,0.765,0.399,20.0,1480,1392,0.9405,0,1382,0,0,10,0,82,3,0,3,0,0,0.153,0.246,0.576
g4,aggressive,mid,mixed,20,63,2023,40,40,-2.508,-1.92,-11.666,-11.913,-2.478,-2.421,-6.727,-2.508,0.377,20.0,800,767,0.9587,0,767,0,0,0,0,32,0,0,1,0,0,0.067,0.22,0.563
g4,aggressive,mid,mixed,20,63,2024,51,51,-2.088,-2.39,-10.651,-12.063,-1.774,-2.063,-4.749,-2.088,0.322,20,1020,993,0.9735,0,993,0,0,0,0,26,0,0,1,0,0,0.074,0.203,0.56
g4,aggressive,mid,mixed,20,63,2025,50,50,2.4,0.64,-17.657,-20.39,2.631,2.108,-3.93,2.4,0.436,20.0,1000,940,0.94,0,935,0,0,5,0,58,0,0,2,0,0,0.172,0.256,0.589
g4,aggressive,mid,mixed,20,63,2026,24,24,-2.641,-0.4,-29.783,-33.801,-2.87,-2.739,-8.719,-2.641,0.322,20.0,480,452,0.9417,0,447,0,0,5,0,24,3,0,1,0,0,0.113,0.224,0.552
g4,aggressive,mid,stock,10,5,ALL,176,176,-0.028,-0.11,-8.015,-12.313,-0.035,-0.03,-0.377,-0.027,0.472,10.0,1759,1748,0.9937,1,1748,0,0,0,0,6,0,0,5,0,1,0.089,0.235,0.598
g4,aggressive,mid,stock,10,5,P1,91,91,-0.101,-0.35,-4.948,-6.48,-0.112,-0.105,-0.438,-0.101,0.463,10,910,905,0.9945,0,905,0,0,0,0,3,0,0,2,0,0,0.074,0.226,0.571
g4,aggressive,mid,stock,10,5,P2,85,85,0.05,0.11,-9.398,-12.313,0.047,0.05,-0.312,0.051,0.482,10,849,843,0.9929,1,843,0,0,0,0,3,0,0,3,0,1,0.105,0.245,0.626
g4,aggressive,mid,stock,10,5,2023,40,40,-0.269,-0.8,-4.262,-4.672,-0.277,-0.269,-0.518,-0.269,0.456,10.0,400,398,0.995,0,398,0,0,0,0,1,0,0,1,0,0,0.08,0.227,0.564
g4,aggressive,mid,stock,10,5,2024,51,51,0.031,0.07,-5.36,-6.48,0.018,0.023,-0.375,0.031,0.468,10,510,507,0.9941,0,507,0,0,0,0,2,0,0,1,0,0,0.069,0.225,0.576
g4,aggressive,mid,stock,10,5,2025,50,50,0.074,0.15,-7.097,-8.415,0.054,0.073,-0.541,0.076,0.477,10.0,499,494,0.99,1,494,0,0,0,0,3,0,0,2,0,1,0.14,0.29,0.608
g4,aggressive,mid,stock,10,5,2026,35,35,0.016,0.02,-11.817,-12.313,0.038,0.016,0.016,0.016,0.489,10,350,349,0.9971,0,349,0,0,0,0,0,0,0,1,0,0,0.054,0.18,0.65
g4,aggressive,mid,stock,10,20,ALL,173,173,-0.155,-0.21,-15.35,-25.63,-0.197,-0.173,-2.17,-0.16,0.46,10,1729,1690,0.9774,1,1688,0,0,2,0,31,3,0,5,0,1,0.09,0.239,0.598
g4,aggressive,mid,stock,10,20,P1,91,91,-0.126,-0.17,-8.322,-10.424,-0.154,-0.148,-1.513,-0.126,0.493,10,910,896,0.9846,0,896,0,0,0,0,12,0,0,2,0,0,0.074,0.226,0.571
g4,aggressive,mid,stock,10,20,P2,82,82,-0.186,-0.14,-18.409,-25.63,-0.246,-0.202,-2.899,-0.197,0.424,10.0,819,794,0.9695,1,792,0,0,2,0,19,3,0,3,0,1,0.109,0.254,0.627
g4,aggressive,mid,stock,10,20,2023,40,40,-1.587,-3.66,-8.839,-10.424,-1.571,-1.588,-2.87,-1.587,0.441,10.0,400,394,0.985,0,394,0,0,0,0,5,0,0,1,0,0,0.08,0.227,0.564
g4,aggressive,mid,stock,10,20,2024,51,51,1.019,0.85,-7.914,-8.352,0.957,0.981,-0.448,1.019,0.535,10,510,502,0.9843,0,502,0,0,0,0,7,0,0,1,0,0,0.069,0.225,0.576
g4,aggressive,mid,stock,10,20,2025,50,50,-0.782,-0.55,-14.368,-16.386,-0.682,-0.71,-3.508,-0.8,0.401,10.0,499,483,0.9679,1,483,0,0,0,0,14,0,0,2,0,1,0.14,0.29,0.608
g4,aggressive,mid,stock,10,20,2026,32,32,0.745,0.3,-23.002,-25.63,0.436,0.593,-1.946,0.745,0.459,10.0,320,311,0.9719,0,309,0,0,2,0,5,3,0,1,0,0,0.059,0.197,0.655
g4,aggressive,mid,stock,10,63,ALL,165,165,0.193,0.1,-24.041,-38.599,0.371,0.056,-5.533,0.176,0.42,10,1649,1557,0.9442,1,1551,0,0,6,0,85,2,0,5,0,1,0.093,0.248,0.59
g4,aggressive,mid,stock,10,63,P1,91,91,-0.457,-0.37,-14.699,-17.944,-0.263,-0.47,-4.068,-0.457,0.437,10,910,877,0.9637,0,877,0,0,0,0,31,0,0,2,0,0,0.074,0.226,0.571
g4,aggressive,mid,stock,10,63,P2,74,74,0.992,0.25,-30.221,-38.599,1.149,0.702,-7.335,0.955,0.4,10.0,739,680,0.9202,1,674,0,0,6,0,54,2,0,3,0,1,0.117,0.274,0.611
g4,aggressive,mid,stock,10,63,2023,40,40,-1.18,-0.59,-15.942,-17.944,-1.263,-1.195,-5.391,-1.18,0.445,10.0,400,383,0.9575,0,383,0,0,0,0,16,0,0,1,0,0,0.08,0.227,0.564
g4,aggressive,mid,stock,10,63,2024,51,51,0.11,0.08,-13.87,-16.206,0.522,0.098,-3.032,0.11,0.43,10,510,494,0.9686,0,494,0,0,0,0,15,0,0,1,0,0,0.069,0.225,0.576
g4,aggressive,mid,stock,10,63,2025,50,50,2.493,0.57,-19.071,-20.077,2.908,2.155,-6.091,2.438,0.428,10.0,499,458,0.9178,1,456,0,0,2,0,39,0,0,2,0,1,0.14,0.29,0.608
g4,aggressive,mid,stock,10,63,2026,24,24,-2.135,-0.28,-34.672,-38.599,-2.513,-2.323,-9.927,-2.135,0.34,10.0,240,222,0.925,0,218,0,0,4,0,15,2,0,1,0,0,0.067,0.242,0.613
g4,aggressive,mid,stock,20,5,ALL,176,176,-0.058,-0.26,-7.151,-11.41,-0.059,-0.06,-0.487,-0.055,0.476,20.0,3509,3489,0.9943,11,3489,0,0,0,0,13,2,0,5,0,1,0.113,0.213,0.563
g4,aggressive,mid,stock,20,5,P1,91,91,-0.133,-0.53,-4.574,-5.261,-0.135,-0.133,-0.577,-0.133,0.458,20,1820,1810,0.9945,0,1810,0,0,0,0,8,0,0,2,0,0,0.084,0.213,0.56
g4,aggressive,mid,stock,20,5,P2,85,85,0.022,0.06,-8.461,-11.41,0.021,0.018,-0.391,0.029,0.494,20,1689,1679,0.9941,11,1679,0,0,0,0,5,2,0,3,0,1,0.145,0.212,0.567
g4,aggressive,mid,stock,20,5,2023,40,40,-0.346,-1.12,-4.267,-4.543,-0.349,-0.348,-0.854,-0.346,0.452,20.0,800,795,0.9938,0,795,0,0,0,0,4,0,0,1,0,0,0.081,0.225,0.551
g4,aggressive,mid,stock,20,5,2024,51,51,0.035,0.09,-4.772,-5.261,0.034,0.034,-0.36,0.035,0.463,20,1020,1015,0.9951,0,1015,0,0,0,0,4,0,0,1,0,0,0.086,0.204,0.568
g4,aggressive,mid,stock,20,5,2025,50,50,0.017,0.04,-5.977,-7.417,0.009,0.017,-0.381,0.028,0.489,20.0,989,983,0.9939,11,983,0,0,0,0,4,0,0,2,0,1,0.177,0.241,0.569
g4,aggressive,mid,stock,20,5,2026,35,35,0.03,0.04,-10.46,-11.41,0.039,0.019,-0.405,0.03,0.502,20,700,696,0.9943,0,696,0,0,0,0,1,2,0,1,0,0,0.099,0.171,0.565
g4,aggressive,mid,stock,20,20,ALL,173,173,-0.118,-0.18,-14.014,-22.966,-0.174,-0.143,-2.032,-0.142,0.459,20,3449,3380,0.98,11,3377,0,0,3,0,61,3,0,5,0,1,0.115,0.216,0.564
g4,aggressive,mid,stock,20,20,P1,91,91,-0.09,-0.15,-7.163,-8.178,-0.123,-0.102,-1.918,-0.09,0.477,20,1820,1786,0.9813,0,1786,0,0,0,0,32,0,0,2,0,0,0.084,0.213,0.56
g4,aggressive,mid,stock,20,20,P2,82,82,-0.149,-0.13,-16.861,-22.966,-0.229,-0.189,-2.158,-0.199,0.439,20.0,1629,1594,0.9785,11,1591,0,0,3,0,29,3,0,3,0,1,0.15,0.219,0.568
g4,aggressive,mid,stock,20,20,2023,40,40,-1.158,-2.83,-6.4,-6.629,-1.156,-1.143,-3.475,-1.158,0.436,20.0,800,781,0.9762,0,781,0,0,0,0,18,0,0,1,0,0,0.081,0.225,0.551
g4,aggressive,mid,stock,20,20,2024,51,51,0.747,0.75,-7.574,-8.178,0.686,0.714,-0.697,0.747,0.51,20,1020,1005,0.9853,0,1005,0,0,0,0,14,0,0,1,0,0,0.086,0.204,0.568
g4,aggressive,mid,stock,20,20,2025,50,50,-0.084,-0.06,-12.781,-15.128,-0.11,-0.102,-2.003,-0.166,0.435,20.0,989,968,0.9788,11,968,0,0,0,0,19,0,0,2,0,1,0.177,0.241,0.569
g4,aggressive,mid,stock,20,20,2026,32,32,-0.251,-0.11,-20.958,-22.966,-0.416,-0.325,-2.401,-0.251,0.445,20.0,640,626,0.9781,0,623,0,0,3,0,10,3,0,1,0,0,0.106,0.184,0.568
g4,aggressive,mid,stock,20,63,ALL,165,165,0.835,0.46,-20.965,-33.801,0.896,0.696,-4.566,0.76,0.437,20,3289,3120,0.9486,11,3109,0,0,11,0,161,3,0,5,0,1,0.118,0.223,0.559
g4,aggressive,mid,stock,20,63,P1,91,91,0.192,0.17,-9.759,-12.387,0.299,0.184,-3.927,0.192,0.446,20,1820,1748,0.9604,0,1748,0,0,0,0,70,0,0,2,0,0,0.084,0.213,0.56
g4,aggressive,mid,stock,20,63,P2,74,74,1.626,0.44,-26.767,-33.801,1.629,1.326,-5.351,1.458,0.426,20.0,1469,1372,0.934,11,1361,0,0,11,0,91,3,0,3,0,1,0.159,0.236,0.557
g4,aggressive,mid,stock,20,63,2023,40,40,-0.843,-0.47,-10.903,-12.387,-0.88,-0.771,-6.301,-0.843,0.425,20.0,800,758,0.9475,0,758,0,0,0,0,41,0,0,1,0,0,0.081,0.225,0.551
g4,aggressive,mid,stock,20,63,2024,51,51,1.003,0.96,-8.848,-9.674,1.223,0.933,-2.065,1.003,0.462,20,1020,990,0.9706,0,990,0,0,0,0,29,0,0,1,0,0,0.086,0.204,0.568
g4,aggressive,mid,stock,20,63,2025,50,50,3.469,0.84,-15.854,-17.713,3.601,3.103,-3.591,3.22,0.458,20.0,989,923,0.9333,11,918,0,0,5,0,64,0,0,2,0,1,0.177,0.241,0.569
g4,aggressive,mid,stock,20,63,2026,24,24,-2.213,-0.32,-29.967,-33.801,-2.479,-2.375,-9.019,-2.213,0.359,20.0,480,449,0.9354,0,443,0,0,6,0,27,3,0,1,0,0,0.121,0.225,0.533
g4,aggressive,short,mixed,10,5,ALL,176,176,-0.161,-0.7,-7.574,-9.582,-0.161,-0.156,-0.389,-0.161,0.474,10.0,1760,1754,0.9966,0,1754,0,0,0,0,3,1,0,2,0,0,0.058,0.328,0.652
g4,aggressive,short,mixed,10,5,P1,91,91,-0.097,-0.38,-5.079,-6.106,-0.098,-0.09,-0.317,-0.097,0.453,10,910,906,0.9956,0,906,0,0,0,0,2,0,0,2,0,0,0.057,0.333,0.624
g4,aggressive,short,mixed,10,5,P2,85,85,-0.229,-0.58,-8.655,-9.582,-0.228,-0.227,-0.465,-0.229,0.497,10,850,848,0.9976,0,848,0,0,0,0,1,1,0,0,0,0,0.058,0.323,0.681
g4,aggressive,short,mixed,10,5,2023,40,40,-0.061,-0.2,-5.041,-6.106,-0.059,-0.045,-0.308,-0.061,0.471,10.0,400,398,0.995,0,398,0,0,0,0,1,0,0,1,0,0,0.043,0.361,0.623
g4,aggressive,short,mixed,10,5,2024,51,51,-0.125,-0.32,-4.958,-5.227,-0.128,-0.125,-0.325,-0.125,0.439,10,510,508,0.9961,0,508,0,0,0,0,1,0,0,1,0,0,0.069,0.311,0.626
g4,aggressive,short,mixed,10,5,2025,50,50,-0.069,-0.14,-8.625,-9.582,-0.066,-0.061,-0.268,-0.069,0.496,10.0,500,499,0.998,0,499,0,0,0,0,1,0,0,0,0,0,0.078,0.362,0.673
g4,aggressive,short,mixed,10,5,2026,35,35,-0.459,-0.71,-8.476,-9.187,-0.459,-0.465,-0.747,-0.459,0.499,10,350,349,0.9971,0,349,0,0,0,0,0,1,0,0,0,0,0.028,0.268,0.694
g4,aggressive,short,mixed,10,20,ALL,173,173,-1.0,-1.63,-14.555,-18.27,-1.01,-0.978,-1.996,-1.0,0.397,10,1730,1711,0.989,0,1711,0,0,0,0,16,1,0,2,0,0,0.059,0.333,0.651
g4,aggressive,short,mixed,10,20,P1,91,91,-0.534,-0.82,-8.154,-9.124,-0.537,-0.515,-1.547,-0.534,0.396,10,910,899,0.9879,0,899,0,0,0,0,9,0,0,2,0,0,0.057,0.333,0.624
g4,aggressive,short,mixed,10,20,P2,82,82,-1.518,-1.43,-16.66,-18.27,-1.533,-1.493,-2.494,-1.518,0.397,10.0,820,812,0.9902,0,812,0,0,0,0,7,1,0,0,0,0,0.06,0.332,0.68
g4,aggressive,short,mixed,10,20,2023,40,40,-1.0,-1.61,-7.937,-9.124,-0.966,-0.972,-1.749,-1.0,0.422,10.0,400,396,0.99,0,396,0,0,0,0,3,0,0,1,0,0,0.043,0.361,0.623
g4,aggressive,short,mixed,10,20,2024,51,51,-0.168,-0.16,-8.182,-8.711,-0.202,-0.156,-1.389,-0.168,0.376,10,510,503,0.9863,0,503,0,0,0,0,6,0,0,1,0,0,0.069,0.311,0.626
g4,aggressive,short,mixed,10,20,2025,50,50,-0.91,-0.68,-15.016,-16.968,-0.886,-0.878,-1.678,-0.91,0.39,10.0,500,496,0.992,0,496,0,0,0,0,4,0,0,0,0,0,0.078,0.362,0.673
g4,aggressive,short,mixed,10,20,2026,32,32,-2.467,-1.48,-18.208,-18.27,-2.545,-2.454,-3.769,-2.467,0.408,10.0,320,316,0.9875,0,316,0,0,0,0,3,1,0,0,0,0,0.031,0.286,0.694
g4,aggressive,short,mixed,10,63,ALL,165,165,-2.115,-1.19,-21.635,-28.661,-1.914,-2.033,-5.117,-2.115,0.344,10,1650,1600,0.9697,0,1600,0,0,0,0,48,0,0,2,0,0,0.06,0.34,0.646
g4,aggressive,short,mixed,10,63,P1,91,91,-2.092,-2.21,-14.606,-18.451,-1.94,-2.069,-4.667,-2.092,0.324,10,910,886,0.9736,0,886,0,0,0,0,22,0,0,2,0,0,0.057,0.333,0.624
g4,aggressive,short,mixed,10,63,P2,74,74,-2.143,-0.57,-23.537,-28.661,-1.881,-1.989,-5.67,-2.143,0.369,10.0,740,714,0.9649,0,714,0,0,0,0,26,0,0,0,0,0,0.064,0.349,0.671
g4,aggressive,short,mixed,10,63,2023,40,40,-2.295,-2.81,-12.457,-13.003,-2.37,-2.233,-5.234,-2.295,0.365,10.0,400,388,0.97,0,388,0,0,0,0,11,0,0,1,0,0,0.043,0.361,0.623
g4,aggressive,short,mixed,10,63,2024,51,51,-1.932,-1.23,-15.726,-18.451,-1.603,-1.941,-4.223,-1.932,0.292,10,510,498,0.9765,0,498,0,0,0,0,11,0,0,1,0,0,0.069,0.311,0.626
g4,aggressive,short,mixed,10,63,2025,50,50,0.81,0.17,-21.163,-22.013,1.107,0.959,-2.787,0.81,0.42,10.0,500,482,0.964,0,482,0,0,0,0,18,0,0,0,0,0,0.078,0.362,0.673
g4,aggressive,short,mixed,10,63,2026,24,24,-8.294,-1.87,-25.174,-28.661,-8.106,-8.131,-11.677,-8.294,0.261,10.0,240,232,0.9667,0,232,0,0,0,0,8,0,0,0,0,0,0.033,0.321,0.67
g4,aggressive,short,mixed,20,5,ALL,176,176,-0.14,-0.73,-6.431,-8.97,-0.14,-0.141,-0.344,-0.14,0.462,20.0,3520,3509,0.9969,0,3509,0,0,0,0,6,1,0,4,0,0,0.089,0.297,0.605
g4,aggressive,short,mixed,20,5,P1,91,91,-0.102,-0.47,-3.946,-4.385,-0.104,-0.103,-0.272,-0.102,0.439,20,1820,1815,0.9973,0,1815,0,0,0,0,3,0,0,2,0,0,0.077,0.294,0.59
g4,aggressive,short,mixed,20,5,P2,85,85,-0.181,-0.56,-7.864,-8.97,-0.179,-0.182,-0.421,-0.181,0.487,20,1700,1694,0.9965,0,1694,0,0,0,0,3,1,0,2,0,0,0.101,0.3,0.619
g4,aggressive,short,mixed,20,5,2023,40,40,-0.089,-0.36,-3.413,-3.72,-0.088,-0.088,-0.345,-0.089,0.456,20.0,800,797,0.9962,0,797,0,0,0,0,2,0,0,1,0,0,0.069,0.305,0.572
g4,aggressive,short,mixed,20,5,2024,51,51,-0.113,-0.33,-4.209,-4.385,-0.116,-0.115,-0.215,-0.113,0.427,20,1020,1018,0.998,0,1018,0,0,0,0,1,0,0,1,0,0,0.083,0.286,0.602
g4,aggressive,short,mixed,20,5,2025,50,50,0.016,0.04,-6.189,-8.97,0.02,0.017,-0.29,0.016,0.49,20.0,1000,995,0.995,0,995,0,0,0,0,3,0,0,2,0,0,0.128,0.338,0.599
g4,aggressive,short,mixed,20,5,2026,35,35,-0.463,-0.82,-8.324,-8.68,-0.463,-0.466,-0.607,-0.463,0.482,20,700,699,0.9986,0,699,0,0,0,0,0,1,0,0,0,0,0.064,0.246,0.651
g4,aggressive,short,mixed,20,20,ALL,173,173,-0.805,-1.55,-12.601,-16.583,-0.829,-0.802,-1.81,-0.805,0.404,20,3460,3422,0.989,0,3420,0,0,2,0,32,2,0,4,0,0,0.09,0.301,0.603
g4,aggressive,short,mixed,20,20,P1,91,91,-0.732,-1.37,-7.894,-9.024,-0.741,-0.728,-1.636,-0.732,0.396,20,1820,1802,0.9901,0,1802,0,0,0,0,16,0,0,2,0,0,0.077,0.294,0.59
g4,aggressive,short,mixed,20,20,P2,82,82,-0.885,-0.96,-14.159,-16.583,-0.926,-0.883,-2.003,-0.885,0.413,20.0,1640,1620,0.9878,0,1618,0,0,2,0,16,2,0,2,0,0,0.105,0.309,0.616
g4,aggressive,short,mixed,20,20,2023,40,40,-0.889,-1.71,-6.929,-8.977,-0.87,-0.872,-1.902,-0.889,0.425,20.0,800,791,0.9888,0,791,0,0,0,0,8,0,0,1,0,0,0.069,0.305,0.572
g4,aggressive,short,mixed,20,20,2024,51,51,-0.61,-0.72,-8.395,-9.024,-0.641,-0.616,-1.427,-0.61,0.373,20,1020,1011,0.9912,0,1011,0,0,0,0,8,0,0,1,0,0,0.083,0.286,0.602
g4,aggressive,short,mixed,20,20,2025,50,50,-0.166,-0.13,-12.923,-16.146,-0.174,-0.166,-1.276,-0.166,0.418,20.0,1000,987,0.987,0,987,0,0,0,0,11,0,0,2,0,0,0.128,0.338,0.599
g4,aggressive,short,mixed,20,20,2026,32,32,-2.01,-1.58,-15.079,-16.583,-2.103,-2.004,-3.141,-2.01,0.406,20.0,640,633,0.9891,0,631,0,0,2,0,5,2,0,0,0,0,0.07,0.264,0.647
g4,aggressive,short,mixed,20,63,ALL,165,165,-2.096,-1.3,-20.922,-25.099,-1.97,-2.073,-5.615,-2.096,0.349,20,3300,3186,0.9655,0,3182,0,0,4,0,110,0,0,4,0,0,0.094,0.309,0.599
g4,aggressive,short,mixed,20,63,P1,91,91,-2.649,-3.78,-12.407,-14.055,-2.503,-2.594,-5.547,-2.649,0.326,20,1820,1768,0.9714,0,1768,0,0,0,0,50,0,0,2,0,0,0.077,0.294,0.59
g4,aggressive,short,mixed,20,63,P2,74,74,-1.416,-0.42,-23.692,-25.099,-1.313,-1.433,-5.699,-1.416,0.377,20.0,1480,1418,0.9581,0,1414,0,0,4,0,60,0,0,2,0,0,0.115,0.328,0.609
g4,aggressive,short,mixed,20,63,2023,40,40,-2.551,-2.81,-9.386,-9.585,-2.575,-2.468,-6.692,-2.551,0.36,20.0,800,768,0.96,0,768,0,0,0,0,31,0,0,1,0,0,0.069,0.305,0.572
g4,aggressive,short,mixed,20,63,2024,51,51,-2.726,-2.64,-13.026,-14.055,-2.447,-2.693,-4.649,-2.726,0.3,20,1020,1000,0.9804,0,1000,0,0,0,0,19,0,0,1,0,0,0.083,0.286,0.602
g4,aggressive,short,mixed,20,63,2025,50,50,1.812,0.45,-18.778,-19.362,1.924,1.702,-3.016,1.812,0.423,20.0,1000,953,0.953,0,953,0,0,0,0,45,0,0,2,0,0,0.128,0.338,0.599
g4,aggressive,short,mixed,20,63,2026,24,24,-8.14,-2.16,-24.996,-25.099,-8.059,-7.964,-11.288,-8.14,0.282,20.0,480,465,0.9688,0,461,0,0,4,0,15,0,0,0,0,0,0.089,0.306,0.635
g4,aggressive,short,stock,10,5,ALL,176,176,-0.108,-0.46,-7.743,-10.136,-0.113,-0.11,-0.401,-0.108,0.485,10.0,1760,1753,0.996,0,1753,0,0,0,0,4,1,0,2,0,0,0.062,0.32,0.637
g4,aggressive,short,stock,10,5,P1,91,91,-0.019,-0.07,-5.497,-6.365,-0.019,-0.012,-0.239,-0.019,0.474,10,910,906,0.9956,0,906,0,0,0,0,2,0,0,2,0,0,0.06,0.32,0.617
g4,aggressive,short,stock,10,5,P2,85,85,-0.204,-0.51,-8.772,-10.136,-0.214,-0.214,-0.573,-0.204,0.497,10,850,847,0.9965,0,847,0,0,0,0,2,1,0,0,0,0,0.064,0.32,0.658
g4,aggressive,short,stock,10,5,2023,40,40,0.005,0.02,-6.236,-6.365,0.008,0.02,-0.242,0.005,0.485,10.0,400,398,0.995,0,398,0,0,0,0,1,0,0,1,0,0,0.048,0.34,0.597
g4,aggressive,short,stock,10,5,2024,51,51,-0.038,-0.1,-5.004,-5.227,-0.041,-0.038,-0.237,-0.038,0.464,10,510,508,0.9961,0,508,0,0,0,0,1,0,0,1,0,0,0.071,0.304,0.63
g4,aggressive,short,stock,10,5,2025,50,50,-0.024,-0.05,-8.821,-10.136,-0.039,-0.035,-0.448,-0.024,0.498,10.0,500,498,0.996,0,498,0,0,0,0,2,0,0,0,0,0,0.09,0.362,0.641
g4,aggressive,short,stock,10,5,2026,35,35,-0.463,-0.71,-8.476,-9.187,-0.464,-0.47,-0.752,-0.463,0.497,10,350,349,0.9971,0,349,0,0,0,0,0,1,0,0,0,0,0.026,0.26,0.685
g4,aggressive,short,stock,10,20,ALL,173,173,-0.696,-1.06,-14.729,-18.27,-0.709,-0.674,-2.043,-0.696,0.444,10,1730,1705,0.9855,0,1705,0,0,0,0,22,1,0,2,0,0,0.063,0.324,0.637
g4,aggressive,short,stock,10,20,P1,91,91,-0.127,-0.18,-8.522,-9.124,-0.133,-0.109,-1.141,-0.127,0.475,10,910,899,0.9879,0,899,0,0,0,0,9,0,0,2,0,0,0.06,0.32,0.617
g4,aggressive,short,stock,10,20,P2,82,82,-1.327,-1.18,-17.096,-18.27,-1.348,-1.301,-3.043,-1.327,0.409,10.0,820,806,0.9829,0,806,0,0,0,0,13,1,0,0,0,0,0.066,0.329,0.659
g4,aggressive,short,stock,10,20,2023,40,40,-0.697,-0.99,-9.031,-9.124,-0.668,-0.67,-1.447,-0.697,0.457,10.0,400,396,0.99,0,396,0,0,0,0,3,0,0,1,0,0,0.048,0.34,0.597
g4,aggressive,short,stock,10,20,2024,51,51,0.32,0.29,-8.182,-8.711,0.286,0.332,-0.901,0.32,0.49,10,510,503,0.9863,0,503,0,0,0,0,6,0,0,1,0,0,0.071,0.304,0.63
g4,aggressive,short,stock,10,20,2025,50,50,-0.513,-0.36,-15.491,-18.132,-0.516,-0.498,-2.513,-0.513,0.413,10.0,500,490,0.98,0,490,0,0,0,0,10,0,0,0,0,0,0.09,0.362,0.641
g4,aggressive,short,stock,10,20,2026,32,32,-2.6,-1.54,-18.208,-18.27,-2.649,-2.557,-3.872,-2.6,0.402,10.0,320,316,0.9875,0,316,0,0,0,0,3,1,0,0,0,0,0.028,0.278,0.69
g4,aggressive,short,stock,10,63,ALL,165,165,-0.892,-0.45,-21.813,-28.661,-0.66,-0.78,-4.606,-0.892,0.399,10,1650,1589,0.963,0,1589,0,0,0,0,59,0,0,2,0,0,0.065,0.332,0.631
g4,aggressive,short,stock,10,63,P1,91,91,-0.842,-0.84,-14.743,-18.451,-0.691,-0.845,-3.677,-0.842,0.402,10,910,884,0.9714,0,884,0,0,0,0,24,0,0,2,0,0,0.06,0.32,0.617
g4,aggressive,short,stock,10,63,P2,74,74,-0.953,-0.23,-23.819,-28.661,-0.622,-0.699,-5.748,-0.953,0.397,10.0,740,705,0.9527,0,705,0,0,0,0,35,0,0,0,0,0,0.07,0.346,0.648
g4,aggressive,short,stock,10,63,2023,40,40,-0.974,-0.71,-12.11,-13.003,-1.129,-0.985,-3.986,-0.974,0.429,10.0,400,388,0.97,0,388,0,0,0,0,11,0,0,1,0,0,0.048,0.34,0.597
g4,aggressive,short,stock,10,63,2024,51,51,-0.739,-0.53,-15.726,-18.451,-0.347,-0.736,-3.436,-0.739,0.38,10,510,496,0.9725,0,496,0,0,0,0,13,0,0,1,0,0,0.071,0.304,0.63
g4,aggressive,short,stock,10,63,2025,50,50,2.189,0.43,-20.29,-20.769,2.599,2.497,-3.273,2.189,0.445,10.0,500,473,0.946,0,473,0,0,0,0,27,0,0,0,0,0,0.09,0.362,0.641
g4,aggressive,short,stock,10,63,2026,24,24,-7.499,-1.46,-26.411,-28.661,-7.333,-7.358,-10.904,-7.499,0.296,10.0,240,232,0.9667,0,232,0,0,0,0,8,0,0,0,0,0,0.029,0.312,0.665
g4,aggressive,short,stock,20,5,ALL,176,176,-0.142,-0.71,-6.666,-9.182,-0.142,-0.144,-0.4,-0.142,0.47,20.0,3518,3504,0.996,2,3504,0,0,0,0,8,1,0,5,0,1,0.095,0.292,0.596
g4,aggressive,short,stock,20,5,P1,91,91,-0.073,-0.33,-3.896,-4.537,-0.073,-0.074,-0.243,-0.073,0.457,20,1820,1814,0.9967,0,1814,0,0,0,0,3,0,0,3,0,0,0.087,0.286,0.587
g4,aggressive,short,stock,20,5,P2,85,85,-0.215,-0.64,-8.072,-9.182,-0.214,-0.219,-0.569,-0.216,0.485,20,1698,1690,0.9953,2,1690,0,0,0,0,5,1,0,2,0,1,0.103,0.298,0.605
g4,aggressive,short,stock,20,5,2023,40,40,-0.193,-0.71,-3.845,-4.537,-0.191,-0.192,-0.45,-0.193,0.456,20.0,800,797,0.9962,0,797,0,0,0,0,2,0,0,1,0,0,0.08,0.301,0.558
g4,aggressive,short,stock,20,5,2024,51,51,0.021,0.06,-3.93,-4.385,0.019,0.019,-0.081,0.021,0.457,20,1020,1017,0.9971,0,1017,0,0,0,0,1,0,0,2,0,0,0.093,0.274,0.611
g4,aggressive,short,stock,20,5,2025,50,50,-0.093,-0.24,-6.449,-9.182,-0.091,-0.093,-0.491,-0.095,0.487,20.0,998,992,0.994,2,992,0,0,0,0,4,0,0,2,0,1,0.13,0.335,0.586
g4,aggressive,short,stock,20,5,2026,35,35,-0.39,-0.66,-8.324,-8.68,-0.39,-0.4,-0.68,-0.39,0.482,20,700,698,0.9971,0,698,0,0,0,0,1,1,0,0,0,0,0.064,0.246,0.637
g4,aggressive,short,stock,20,20,ALL,173,173,-0.606,-1.07,-13.055,-16.583,-0.634,-0.608,-1.844,-0.609,0.443,20,3458,3411,0.9864,2,3409,0,0,2,0,40,2,0,5,0,1,0.097,0.295,0.596
g4,aggressive,short,stock,20,20,P1,91,91,-0.315,-0.49,-8.177,-9.024,-0.334,-0.319,-1.286,-0.315,0.461,20,1820,1800,0.989,0,1800,0,0,0,0,17,0,0,3,0,0,0.087,0.286,0.587
g4,aggressive,short,stock,20,20,P2,82,82,-0.929,-0.97,-14.441,-16.583,-0.967,-0.929,-2.463,-0.935,0.423,20.0,1638,1611,0.9835,2,1609,0,0,2,0,23,2,0,2,0,1,0.107,0.306,0.605
g4,aggressive,short,stock,20,20,2023,40,40,-0.947,-1.74,-7.85,-8.058,-0.933,-0.931,-2.096,-0.947,0.445,20.0,800,790,0.9875,0,790,0,0,0,0,9,0,0,1,0,0,0.08,0.301,0.558
g4,aggressive,short,stock,20,20,2024,51,51,0.18,0.17,-8.395,-9.024,0.135,0.161,-0.651,0.18,0.474,20,1020,1010,0.9902,0,1010,0,0,0,0,8,0,0,2,0,0,0.093,0.274,0.611
g4,aggressive,short,stock,20,20,2025,50,50,-0.268,-0.21,-13.807,-16.146,-0.269,-0.265,-1.95,-0.278,0.434,20.0,998,979,0.981,2,979,0,0,0,0,17,0,0,2,0,1,0.13,0.335,0.586
g4,aggressive,short,stock,20,20,2026,32,32,-1.962,-1.53,-15.079,-16.583,-2.059,-1.967,-3.265,-1.962,0.406,20.0,640,632,0.9875,0,630,0,0,2,0,6,2,0,0,0,0,0.07,0.261,0.639
g4,aggressive,short,stock,20,63,ALL,165,165,-1.188,-0.68,-21.485,-26.032,-1.047,-1.155,-5.488,-1.202,0.396,20,3298,3159,0.9579,2,3155,0,0,4,0,133,1,0,5,0,1,0.1,0.303,0.592
g4,aggressive,short,stock,20,63,P1,91,91,-1.391,-1.56,-12.194,-14.055,-1.261,-1.359,-4.852,-1.391,0.394,20,1820,1758,0.9659,0,1758,0,0,0,0,59,0,0,3,0,0,0.087,0.286,0.587
g4,aggressive,short,stock,20,63,P2,74,74,-0.939,-0.26,-23.977,-26.032,-0.784,-0.905,-6.27,-0.969,0.398,20.0,1478,1401,0.9479,2,1397,0,0,4,0,74,1,0,2,0,1,0.116,0.324,0.598
g4,aggressive,short,stock,20,63,2023,40,40,-2.337,-2.03,-9.796,-10.267,-2.393,-2.264,-7.182,-2.337,0.384,20.0,800,763,0.9537,0,763,0,0,0,0,36,0,0,1,0,0,0.08,0.301,0.558
g4,aggressive,short,stock,20,63,2024,51,51,-0.649,-0.62,-12.904,-14.055,-0.374,-0.649,-3.025,-0.649,0.402,20,1020,995,0.9755,0,995,0,0,0,0,23,0,0,2,0,0,0.093,0.274,0.611
g4,aggressive,short,stock,20,63,2025,50,50,2.201,0.5,-19.504,-19.919,2.391,2.157,-3.972,2.157,0.44,20.0,998,938,0.9399,2,938,0,0,0,0,58,0,0,2,0,1,0.13,0.335,0.586
g4,aggressive,short,stock,20,63,2026,24,24,-7.481,-1.76,-25.566,-26.032,-7.397,-7.286,-11.056,-7.481,0.311,20.0,480,463,0.9646,0,459,0,0,4,0,16,1,0,0,0,0,0.088,0.3,0.628
g4,balanced,long,mixed,10,5,ALL,176,176,0.103,0.43,-7.784,-11.405,0.1,0.099,-0.188,0.103,0.471,10.0,1760,1750,0.9943,0,1750,0,0,0,0,5,0,0,5,0,0,0.073,0.346,0.617
g4,balanced,long,mixed,10,5,P1,91,91,-0.105,-0.39,-5.093,-8.107,-0.114,-0.113,-0.557,-0.105,0.449,10,910,904,0.9934,0,904,0,0,0,0,4,0,0,2,0,0,0.068,0.348,0.599
g4,balanced,long,mixed,10,5,P2,85,85,0.325,0.8,-9.345,-11.405,0.329,0.326,0.208,0.325,0.495,10,850,846,0.9953,0,846,0,0,0,0,1,0,0,3,0,0,0.077,0.343,0.635
g4,balanced,long,mixed,10,5,2023,40,40,-0.354,-1.1,-4.1,-4.157,-0.349,-0.354,-0.856,-0.354,0.442,10.0,400,397,0.9925,0,397,0,0,0,0,2,0,0,1,0,0,0.066,0.339,0.603
g4,balanced,long,mixed,10,5,2024,51,51,0.091,0.23,-5.709,-8.107,0.071,0.076,-0.322,0.091,0.455,10,510,507,0.9941,0,507,0,0,0,0,2,0,0,1,0,0,0.07,0.355,0.596
g4,balanced,long,mixed,10,5,2025,50,50,0.129,0.3,-7.121,-9.573,0.126,0.132,-0.07,0.129,0.476,10.0,500,497,0.994,0,497,0,0,0,0,1,0,0,2,0,0,0.097,0.357,0.641
g4,balanced,long,mixed,10,5,2026,35,35,0.604,0.78,-11.385,-11.405,0.62,0.604,0.604,0.604,0.521,10,350,349,0.9971,0,349,0,0,0,0,0,0,0,1,0,0,0.047,0.323,0.626
g4,balanced,long,mixed,10,20,ALL,173,173,0.043,0.06,-14.959,-17.835,-0.002,0.017,-1.808,0.043,0.427,10,1730,1694,0.9792,0,1692,0,0,2,0,28,3,0,5,0,0,0.074,0.348,0.616
g4,balanced,long,mixed,10,20,P1,91,91,-0.347,-0.52,-8.563,-10.419,-0.353,-0.348,-1.829,-0.347,0.415,10,910,895,0.9835,0,895,0,0,0,0,13,0,0,2,0,0,0.068,0.348,0.599
g4,balanced,long,mixed,10,20,P2,82,82,0.475,0.4,-16.978,-17.835,0.389,0.423,-1.785,0.475,0.441,10.0,820,799,0.9744,0,797,0,0,2,0,15,3,0,3,0,0,0.08,0.349,0.633
g4,balanced,long,mixed,10,20,2023,40,40,-1.286,-2.43,-9.046,-10.419,-1.229,-1.244,-2.79,-1.286,0.442,10.0,400,393,0.9825,0,393,0,0,0,0,6,0,0,1,0,0,0.066,0.339,0.603
g4,balanced,long,mixed,10,20,2024,51,51,0.39,0.37,-8.242,-9.917,0.333,0.354,-1.075,0.39,0.394,10,510,502,0.9843,0,502,0,0,0,0,7,0,0,1,0,0,0.07,0.355,0.596
g4,balanced,long,mixed,10,20,2025,50,50,-0.414,-0.28,-16.495,-17.179,-0.413,-0.417,-2.622,-0.414,0.421,10.0,500,487,0.974,0,487,0,0,0,0,11,0,0,2,0,0,0.097,0.357,0.641
g4,balanced,long,mixed,10,20,2026,32,32,1.863,0.97,-17.702,-17.835,1.642,1.737,-0.478,1.863,0.473,10.0,320,312,0.975,0,310,0,0,2,0,4,3,0,1,0,0,0.052,0.336,0.623
g4,balanced,long,mixed,10,63,ALL,165,165,0.019,0.01,-20.355,-29.865,0.251,-0.106,-4.754,0.019,0.37,10,1650,1572,0.9527,0,1566,0,0,6,0,71,2,0,5,0,0,0.076,0.36,0.612
g4,balanced,long,mixed,10,63,P1,91,91,-1.205,-1.49,-12.554,-14.063,-0.871,-1.167,-4.06,-1.205,0.348,10,910,883,0.9703,0,883,0,0,0,0,25,0,0,2,0,0,0.068,0.348,0.599
g4,balanced,long,mixed,10,63,P2,74,74,1.524,0.49,-23.959,-29.865,1.63,1.198,-5.608,1.524,0.398,10.0,740,689,0.9311,0,683,0,0,6,0,46,2,0,3,0,0,0.084,0.374,0.626
g4,balanced,long,mixed,10,63,2023,40,40,-0.928,-0.78,-12.375,-14.063,-0.841,-0.865,-3.972,-0.928,0.396,10.0,400,387,0.9675,0,387,0,0,0,0,12,0,0,1,0,0,0.066,0.339,0.603
g4,balanced,long,mixed,10,63,2024,51,51,-1.421,-1.14,-12.324,-12.691,-0.895,-1.404,-4.129,-1.421,0.311,10,510,496,0.9725,0,496,0,0,0,0,13,0,0,1,0,0,0.07,0.355,0.596
g4,balanced,long,mixed,10,63,2025,50,50,2.663,0.74,-20.849,-22.771,3.051,2.27,-5.011,2.663,0.423,10.0,500,463,0.926,0,461,0,0,2,0,35,0,0,2,0,0,0.097,0.357,0.641
g4,balanced,long,mixed,10,63,2026,24,24,-0.85,-0.15,-26.147,-29.865,-1.33,-1.036,-6.851,-0.85,0.345,10.0,240,226,0.9417,0,222,0,0,4,0,11,2,0,1,0,0,0.057,0.407,0.596
g4,balanced,long,mixed,20,5,ALL,176,176,-0.102,-0.51,-6.677,-11.089,-0.106,-0.102,-0.474,-0.096,0.466,20.0,3514,3496,0.9949,6,3495,0,0,1,0,12,1,0,5,0,1,0.098,0.342,0.572
g4,balanced,long,mixed,20,5,P1,91,91,-0.226,-1.05,-4.448,-5.399,-0.227,-0.226,-0.672,-0.215,0.441,20,1814,1804,0.9945,6,1804,0,0,0,0,8,0,0,2,0,1,0.073,0.34,0.564
g4,balanced,long,mixed,20,5,P2,85,85,0.031,0.09,-8.082,-11.089,0.025,0.031,-0.261,0.031,0.492,20,1700,1692,0.9953,0,1691,0,0,1,0,4,1,0,3,0,0,0.125,0.343,0.58
g4,balanced,long,mixed,20,5,2023,40,40,-0.428,-1.55,-3.954,-4.037,-0.426,-0.425,-0.936,-0.402,0.43,20.0,794,789,0.9937,6,789,0,0,0,0,4,0,0,1,0,1,0.07,0.326,0.563
g4,balanced,long,mixed,20,5,2024,51,51,-0.068,-0.21,-4.777,-5.399,-0.071,-0.07,-0.465,-0.068,0.449,20,1020,1015,0.9951,0,1015,0,0,0,0,4,0,0,1,0,0,0.076,0.352,0.562
g4,balanced,long,mixed,20,5,2025,50,50,-0.13,-0.37,-6.044,-8.647,-0.135,-0.129,-0.527,-0.13,0.483,20.0,1000,994,0.994,0,994,0,0,0,0,4,0,0,2,0,0,0.154,0.366,0.584
g4,balanced,long,mixed,20,5,2026,35,35,0.261,0.39,-9.745,-11.089,0.252,0.261,0.117,0.261,0.505,20,700,698,0.9971,0,697,0,0,1,0,0,1,0,1,0,0,0.083,0.311,0.576
g4,balanced,long,mixed,20,20,ALL,173,173,-0.149,-0.26,-11.464,-17.105,-0.191,-0.162,-1.959,-0.148,0.421,20,3454,3388,0.9809,6,3385,0,0,3,0,58,3,0,5,0,1,0.1,0.344,0.572
g4,balanced,long,mixed,20,20,P1,91,91,-0.393,-0.66,-7.598,-8.227,-0.418,-0.4,-2.1,-0.39,0.408,20,1814,1782,0.9824,6,1782,0,0,0,0,30,0,0,2,0,1,0.073,0.34,0.564
g4,balanced,long,mixed,20,20,P2,82,82,0.121,0.12,-13.424,-17.105,0.06,0.102,-1.802,0.121,0.436,20.0,1640,1606,0.9793,0,1603,0,0,3,0,28,3,0,3,0,0,0.129,0.349,0.581
g4,balanced,long,mixed,20,20,2023,40,40,-1.321,-3.99,-6.038,-7.569,-1.285,-1.287,-3.098,-1.315,0.409,20.0,794,779,0.9811,6,779,0,0,0,0,14,0,0,1,0,1,0.07,0.326,0.563
g4,balanced,long,mixed,20,20,2024,51,51,0.336,0.34,-7.915,-8.227,0.263,0.296,-1.317,0.336,0.408,20,1020,1003,0.9833,0,1003,0,0,0,0,16,0,0,1,0,0,0.076,0.352,0.562
g4,balanced,long,mixed,20,20,2025,50,50,-0.395,-0.34,-12.209,-17.105,-0.415,-0.407,-2.308,-0.395,0.425,20.0,1000,979,0.979,0,979,0,0,0,0,19,0,0,2,0,0,0.154,0.366,0.584
g4,balanced,long,mixed,20,20,2026,32,32,0.929,0.51,-15.247,-15.952,0.802,0.897,-1.012,0.929,0.453,20.0,640,627,0.9797,0,624,0,0,3,0,9,3,0,1,0,0,0.088,0.322,0.579
g4,balanced,long,mixed,20,63,ALL,165,165,0.163,0.1,-19.14,-26.601,0.205,0.041,-4.87,0.161,0.385,20,3294,3135,0.9517,6,3122,0,0,13,0,150,4,0,5,0,1,0.103,0.354,0.568
g4,balanced,long,mixed,20,63,P1,91,91,-1.41,-1.59,-11.055,-13.101,-1.319,-1.384,-5.172,-1.415,0.355,20,1814,1747,0.9631,6,1747,0,0,0,0,65,0,0,2,0,1,0.073,0.34,0.564
g4,balanced,long,mixed,20,63,P2,74,74,2.098,0.66,-22.342,-26.601,2.078,1.793,-4.497,2.098,0.421,20.0,1480,1388,0.9378,0,1375,0,0,13,0,85,4,0,3,0,0,0.14,0.371,0.573
g4,balanced,long,mixed,20,63,2023,40,40,-1.52,-1.27,-10.455,-11.209,-1.504,-1.425,-5.963,-1.53,0.374,20.0,794,759,0.9559,6,759,0,0,0,0,34,0,0,1,0,1,0.07,0.326,0.563
g4,balanced,long,mixed,20,63,2024,51,51,-1.324,-1.15,-11.455,-13.101,-1.174,-1.352,-4.552,-1.324,0.341,20,1020,988,0.9686,0,988,0,0,0,0,31,0,0,1,0,0,0.076,0.352,0.562
g4,balanced,long,mixed,20,63,2025,50,50,3.948,1.06,-17.388,-20.156,4.001,3.539,-2.804,3.948,0.455,20.0,1000,937,0.937,0,930,0,0,7,0,61,0,0,2,0,0,0.154,0.366,0.584
g4,balanced,long,mixed,20,63,2026,24,24,-1.756,-0.33,-24.731,-26.601,-1.928,-1.845,-8.024,-1.756,0.349,20.0,480,451,0.9396,0,445,0,0,6,0,24,4,0,1,0,0,0.109,0.381,0.552
g4,balanced,long,stock,10,5,ALL,176,176,0.143,0.57,-8.029,-11.405,0.137,0.137,-0.324,0.148,0.484,10.0,1758,1745,0.9926,2,1745,0,0,0,0,8,0,0,5,0,1,0.081,0.345,0.586
g4,balanced,long,stock,10,5,P1,91,91,-0.085,-0.31,-5.228,-8.107,-0.09,-0.089,-0.643,-0.085,0.466,10,910,903,0.9923,0,903,0,0,0,0,5,0,0,2,0,0,0.073,0.342,0.571
g4,balanced,long,stock,10,5,P2,85,85,0.386,0.91,-9.701,-11.405,0.379,0.379,0.018,0.397,0.503,10,848,842,0.9929,2,842,0,0,0,0,3,0,0,3,0,1,0.09,0.348,0.601
g4,balanced,long,stock,10,5,2023,40,40,-0.355,-1.04,-4.216,-4.275,-0.352,-0.356,-0.857,-0.355,0.447,10.0,400,397,0.9925,0,397,0,0,0,0,2,0,0,1,0,0,0.068,0.338,0.556
g4,balanced,long,stock,10,5,2024,51,51,0.127,0.31,-5.825,-8.107,0.116,0.12,-0.474,0.127,0.481,10,510,506,0.9922,0,506,0,0,0,0,3,0,0,1,0,0,0.076,0.345,0.582
g4,balanced,long,stock,10,5,2025,50,50,0.179,0.4,-7.714,-10.613,0.155,0.167,-0.447,0.197,0.484,10.0,498,493,0.99,2,493,0,0,0,0,3,0,0,2,0,1,0.115,0.362,0.616
g4,balanced,long,stock,10,5,2026,35,35,0.683,0.85,-11.385,-11.405,0.699,0.683,0.683,0.683,0.529,10,350,349,0.9971,0,349,0,0,0,0,0,0,0,1,0,0,0.054,0.329,0.582
g4,balanced,long,stock,10,20,ALL,173,173,0.386,0.57,-14.675,-17.835,0.343,0.356,-1.876,0.38,0.485,10,1728,1685,0.9751,2,1683,0,0,2,0,35,3,0,5,0,1,0.082,0.347,0.588
g4,balanced,long,stock,10,20,P1,91,91,0.11,0.15,-8.273,-9.917,0.109,0.103,-1.713,0.11,0.5,10,910,892,0.9802,0,892,0,0,0,0,16,0,0,2,0,0,0.073,0.342,0.571
g4,balanced,long,stock,10,20,P2,82,82,0.693,0.57,-16.978,-17.835,0.602,0.636,-2.057,0.68,0.468,10.0,818,793,0.9694,2,791,0,0,2,0,19,3,0,3,0,1,0.093,0.354,0.605
g4,balanced,long,stock,10,20,2023,40,40,-0.835,-1.24,-8.319,-9.483,-0.765,-0.801,-2.596,-0.835,0.472,10.0,400,392,0.98,0,392,0,0,0,0,7,0,0,1,0,0,0.068,0.338,0.556
g4,balanced,long,stock,10,20,2024,51,51,0.851,0.77,-8.242,-9.917,0.795,0.812,-1.021,0.851,0.522,10,510,500,0.9804,0,500,0,0,0,0,9,0,0,1,0,0,0.076,0.345,0.582
g4,balanced,long,stock,10,20,2025,50,50,-0.312,-0.22,-16.495,-17.179,-0.309,-0.316,-3.315,-0.335,0.449,10.0,498,481,0.9659,2,481,0,0,0,0,15,0,0,2,0,1,0.115,0.362,0.616
g4,balanced,long,stock,10,20,2026,32,32,2.265,1.13,-17.702,-17.835,2.026,2.123,-0.092,2.265,0.499,10.0,320,312,0.975,0,310,0,0,2,0,4,3,0,1,0,0,0.059,0.341,0.59
g4,balanced,long,stock,10,63,ALL,165,165,2.089,1.22,-19.271,-29.865,2.201,1.881,-3.875,2.051,0.442,10,1648,1553,0.9424,2,1547,0,0,6,0,87,3,0,5,0,1,0.085,0.358,0.584
g4,balanced,long,stock,10,63,P1,91,91,1.506,1.21,-12.464,-14.063,1.708,1.453,-2.374,1.506,0.452,10,910,875,0.9615,0,875,0,0,0,0,33,0,0,2,0,0,0.073,0.342,0.571
g4,balanced,long,stock,10,63,P2,74,74,2.805,0.83,-22.413,-29.865,2.806,2.407,-5.721,2.721,0.43,10.0,738,678,0.9187,2,672,0,0,6,0,54,3,0,3,0,1,0.099,0.378,0.599
g4,balanced,long,stock,10,63,2023,40,40,1.526,0.86,-11.104,-14.063,1.525,1.555,-2.377,1.526,0.461,10.0,400,384,0.96,0,384,0,0,0,0,15,0,0,1,0,0,0.068,0.338,0.556
g4,balanced,long,stock,10,63,2024,51,51,1.491,1.01,-12.175,-12.243,1.852,1.374,-2.372,1.491,0.445,10,510,491,0.9627,0,491,0,0,0,0,18,0,0,1,0,0,0.076,0.345,0.582
g4,balanced,long,stock,10,63,2025,50,50,3.885,1.03,-17.681,-18.139,4.156,3.4,-5.635,3.76,0.452,10.0,498,453,0.9096,2,451,0,0,2,0,43,0,0,2,0,1,0.115,0.362,0.616
g4,balanced,long,stock,10,63,2026,24,24,0.557,0.09,-26.147,-29.865,-0.007,0.338,-5.901,0.557,0.385,10.0,240,225,0.9375,0,221,0,0,4,0,11,3,0,1,0,0,0.067,0.413,0.565
g4,balanced,long,stock,20,5,ALL,176,176,-0.033,-0.16,-6.77,-11.089,-0.039,-0.036,-0.522,-0.012,0.482,20.0,3501,3479,0.9937,19,3478,0,0,1,0,15,2,0,5,0,2,0.104,0.33,0.554
g4,balanced,long,stock,20,5,P1,91,91,-0.12,-0.53,-4.563,-5.399,-0.123,-0.123,-0.623,-0.106,0.464,20,1813,1802,0.9939,7,1802,0,0,0,0,9,0,0,2,0,1,0.079,0.33,0.545
g4,balanced,long,stock,20,5,P2,85,85,0.061,0.17,-8.256,-11.089,0.052,0.057,-0.413,0.089,0.501,20,1688,1677,0.9935,12,1676,0,0,1,0,6,2,0,3,0,1,0.132,0.329,0.562
g4,balanced,long,stock,20,5,2023,40,40,-0.34,-1.06,-4.451,-4.864,-0.344,-0.343,-0.978,-0.309,0.451,20.0,793,787,0.9924,7,787,0,0,0,0,5,0,0,1,0,1,0.075,0.326,0.547
g4,balanced,long,stock,20,5,2024,51,51,0.053,0.17,-4.638,-5.399,0.05,0.051,-0.343,0.053,0.474,20,1020,1015,0.9951,0,1015,0,0,0,0,4,0,0,1,0,0,0.081,0.333,0.542
g4,balanced,long,stock,20,5,2025,50,50,-0.199,-0.54,-6.7,-8.501,-0.206,-0.201,-0.599,-0.15,0.486,20.0,988,982,0.9939,12,982,0,0,0,0,4,0,0,2,0,1,0.164,0.353,0.562
g4,balanced,long,stock,20,5,2026,35,35,0.432,0.63,-9.745,-11.089,0.42,0.425,-0.149,0.432,0.522,20,700,695,0.9929,0,694,0,0,1,0,2,2,0,1,0,0,0.086,0.296,0.565
g4,balanced,long,stock,20,20,ALL,173,173,0.147,0.24,-11.843,-17.105,0.101,0.126,-1.906,0.134,0.469,20,3441,3367,0.9785,19,3364,0,0,3,0,65,4,0,5,0,2,0.106,0.333,0.554
g4,balanced,long,stock,20,20,P1,91,91,0.041,0.06,-7.857,-8.671,0.014,0.029,-1.945,0.047,0.483,20,1813,1776,0.9796,7,1776,0,0,0,0,35,0,0,2,0,1,0.079,0.33,0.545
g4,balanced,long,stock,20,20,P2,82,82,0.265,0.25,-13.88,-17.105,0.196,0.234,-1.863,0.231,0.454,20.0,1628,1591,0.9773,12,1588,0,0,3,0,30,4,0,3,0,1,0.136,0.335,0.563
g4,balanced,long,stock,20,20,2023,40,40,-1.16,-2.87,-7.338,-8.671,-1.121,-1.13,-3.432,-1.146,0.44,20.0,793,774,0.976,7,774,0,0,0,0,18,0,0,1,0,1,0.075,0.326,0.547
g4,balanced,long,stock,20,20,2024,51,51,0.983,0.96,-7.98,-8.422,0.905,0.937,-0.779,0.983,0.517,20,1020,1002,0.9824,0,1002,0,0,0,0,17,0,0,1,0,0,0.081,0.333,0.542
g4,balanced,long,stock,20,20,2025,50,50,-0.218,-0.17,-12.969,-17.105,-0.241,-0.236,-2.137,-0.273,0.448,20.0,988,967,0.9787,12,967,0,0,0,0,19,0,0,2,0,1,0.164,0.353,0.562
g4,balanced,long,stock,20,20,2026,32,32,1.018,0.56,-15.247,-15.952,0.881,0.967,-1.435,1.018,0.463,20.0,640,624,0.975,0,621,0,0,3,0,11,4,0,1,0,0,0.092,0.308,0.566
g4,balanced,long,stock,20,63,ALL,165,165,1.541,0.89,-18.733,-26.601,1.519,1.346,-4.282,1.447,0.452,20,3281,3100,0.9448,19,3086,0,0,14,0,172,4,0,5,0,2,0.109,0.342,0.55
g4,balanced,long,stock,20,63,P1,91,91,0.443,0.37,-11.282,-12.846,0.496,0.423,-4.252,0.442,0.454,20,1813,1731,0.9548,7,1731,0,0,0,0,80,0,0,2,0,1,0.079,0.33,0.545
g4,balanced,long,stock,20,63,P2,74,74,2.89,0.85,-22.516,-26.601,2.776,2.481,-4.319,2.683,0.449,20.0,1468,1369,0.9326,12,1355,0,0,14,0,92,4,0,3,0,1,0.146,0.357,0.555
g4,balanced,long,stock,20,63,2023,40,40,-0.558,-0.33,-12.028,-12.846,-0.57,-0.482,-6.519,-0.559,0.428,20.0,793,747,0.942,7,747,0,0,0,0,45,0,0,1,0,1,0.075,0.326,0.547
g4,balanced,long,stock,20,63,2024,51,51,1.228,0.98,-10.785,-12.448,1.333,1.132,-2.475,1.228,0.473,20,1020,984,0.9647,0,984,0,0,0,0,35,0,0,1,0,0,0.081,0.333,0.542
g4,balanced,long,stock,20,63,2025,50,50,4.586,1.19,-15.91,-17.181,4.556,4.093,-2.677,4.278,0.48,20.0,988,921,0.9322,12,914,0,0,7,0,65,0,0,2,0,1,0.164,0.353,0.562
g4,balanced,long,stock,20,63,2026,24,24,-0.641,-0.11,-24.731,-26.601,-0.932,-0.877,-7.738,-0.641,0.385,20.0,480,448,0.9333,0,441,0,0,7,0,27,4,0,1,0,0,0.108,0.367,0.543
g4,balanced,mid,mixed,10,5,ALL,176,176,-0.002,-0.01,-7.438,-11.365,-0.006,-0.004,-0.233,-0.002,0.463,10.0,1760,1751,0.9949,0,1751,0,0,0,0,4,0,0,5,0,0,0.074,0.38,0.639
g4,balanced,mid,mixed,10,5,P1,91,91,-0.171,-0.65,-5.094,-8.107,-0.183,-0.176,-0.509,-0.171,0.44,10,910,905,0.9945,0,905,0,0,0,0,3,0,0,2,0,0,0.071,0.376,0.623
g4,balanced,mid,mixed,10,5,P2,85,85,0.178,0.47,-8.642,-11.365,0.183,0.18,0.062,0.178,0.488,10,850,846,0.9953,0,846,0,0,0,0,1,0,0,3,0,0,0.077,0.383,0.656
g4,balanced,mid,mixed,10,5,2023,40,40,-0.377,-1.18,-4.152,-4.157,-0.383,-0.377,-0.625,-0.377,0.439,10.0,400,398,0.995,0,398,0,0,0,0,1,0,0,1,0,0,0.065,0.362,0.623
g4,balanced,mid,mixed,10,5,2024,51,51,-0.01,-0.02,-5.723,-8.107,-0.025,-0.019,-0.418,-0.01,0.44,10,510,507,0.9941,0,507,0,0,0,0,2,0,0,1,0,0,0.076,0.388,0.622
g4,balanced,mid,mixed,10,5,2025,50,50,0.047,0.11,-7.3,-9.386,0.042,0.05,-0.151,0.047,0.476,10.0,500,497,0.994,0,497,0,0,0,0,1,0,0,2,0,0,0.105,0.401,0.667
g4,balanced,mid,mixed,10,5,2026,35,35,0.366,0.52,-10.101,-11.365,0.383,0.366,0.366,0.366,0.506,10,350,349,0.9971,0,349,0,0,0,0,0,0,0,1,0,0,0.038,0.358,0.638
g4,balanced,mid,mixed,10,20,ALL,173,173,-0.343,-0.52,-14.853,-17.835,-0.395,-0.376,-2.023,-0.343,0.407,10,1730,1697,0.9809,0,1696,0,0,1,0,25,3,0,5,0,0,0.075,0.383,0.64
g4,balanced,mid,mixed,10,20,P1,91,91,-0.614,-0.89,-8.25,-10.419,-0.631,-0.618,-1.874,-0.614,0.394,10,910,897,0.9857,0,897,0,0,0,0,11,0,0,2,0,0,0.071,0.376,0.623
g4,balanced,mid,mixed,10,20,P2,82,82,-0.042,-0.04,-16.978,-17.835,-0.133,-0.107,-2.189,-0.042,0.422,10.0,820,800,0.9756,0,799,0,0,1,0,14,3,0,3,0,0,0.08,0.39,0.657
g4,balanced,mid,mixed,10,20,2023,40,40,-1.414,-3.32,-8.525,-10.419,-1.396,-1.394,-2.428,-1.414,0.424,10.0,400,395,0.9875,0,395,0,0,0,0,4,0,0,1,0,0,0.065,0.362,0.623
g4,balanced,mid,mixed,10,20,2024,51,51,0.013,0.01,-8.034,-9.917,-0.03,-0.009,-1.439,0.013,0.37,10,510,502,0.9843,0,502,0,0,0,0,7,0,0,1,0,0,0.076,0.388,0.622
g4,balanced,mid,mixed,10,20,2025,50,50,-0.645,-0.47,-16.495,-17.179,-0.633,-0.65,-2.439,-0.645,0.392,10.0,500,489,0.978,0,489,0,0,0,0,9,0,0,2,0,0,0.105,0.401,0.667
g4,balanced,mid,mixed,10,20,2026,32,32,0.9,0.44,-17.702,-17.835,0.648,0.74,-1.799,0.9,0.469,10.0,320,311,0.9719,0,310,0,0,1,0,5,3,0,1,0,0,0.042,0.373,0.639
g4,balanced,mid,mixed,10,63,ALL,165,165,-0.719,-0.44,-20.499,-29.865,-0.459,-0.807,-5.629,-0.719,0.356,10,1650,1569,0.9509,0,1565,0,0,4,0,74,2,0,5,0,0,0.077,0.395,0.636
g4,balanced,mid,mixed,10,63,P1,91,91,-1.889,-2.1,-13.687,-15.422,-1.623,-1.861,-4.641,-1.889,0.333,10,910,884,0.9714,0,884,0,0,0,0,24,0,0,2,0,0,0.071,0.376,0.623
g4,balanced,mid,mixed,10,63,P2,74,74,0.721,0.22,-23.782,-29.865,0.973,0.489,-6.845,0.721,0.384,10.0,740,685,0.9257,0,681,0,0,4,0,50,2,0,3,0,0,0.085,0.418,0.651
g4,balanced,mid,mixed,10,63,2023,40,40,-1.967,-1.99,-14.01,-15.074,-1.942,-1.932,-4.806,-1.967,0.378,10.0,400,388,0.97,0,388,0,0,0,0,11,0,0,1,0,0,0.065,0.362,0.623
g4,balanced,mid,mixed,10,63,2024,51,51,-1.829,-1.19,-13.471,-15.422,-1.373,-1.805,-4.512,-1.829,0.297,10,510,496,0.9725,0,496,0,0,0,0,13,0,0,1,0,0,0.076,0.388,0.622
g4,balanced,mid,mixed,10,63,2025,50,50,2.388,0.62,-20.479,-22.459,2.913,2.066,-5.187,2.388,0.419,10.0,500,463,0.926,0,462,0,0,1,0,35,0,0,2,0,0,0.105,0.401,0.667
g4,balanced,mid,mixed,10,63,2026,24,24,-2.753,-0.48,-26.147,-29.865,-3.069,-2.798,-10.297,-2.753,0.31,10.0,240,222,0.925,0,219,0,0,3,0,15,2,0,1,0,0,0.044,0.455,0.613
g4,balanced,mid,mixed,20,5,ALL,176,176,-0.129,-0.67,-6.536,-11.26,-0.129,-0.129,-0.499,-0.124,0.46,20.0,3509,3490,0.9946,11,3490,0,0,0,0,11,2,0,6,0,2,0.098,0.361,0.594
g4,balanced,mid,mixed,20,5,P1,91,91,-0.297,-1.41,-4.281,-5.164,-0.297,-0.296,-0.685,-0.286,0.432,20,1809,1800,0.995,11,1800,0,0,0,0,7,0,0,2,0,2,0.076,0.364,0.589
g4,balanced,mid,mixed,20,5,P2,85,85,0.05,0.15,-7.693,-11.26,0.051,0.05,-0.301,0.05,0.49,20,1700,1690,0.9941,0,1690,0,0,0,0,4,2,0,4,0,0,0.12,0.358,0.6
g4,balanced,mid,mixed,20,5,2023,40,40,-0.493,-1.83,-3.653,-3.698,-0.49,-0.489,-0.871,-0.47,0.428,20.0,789,785,0.9949,11,785,0,0,0,0,3,0,0,1,0,2,0.068,0.344,0.582
g4,balanced,mid,mixed,20,5,2024,51,51,-0.142,-0.46,-4.628,-5.164,-0.145,-0.144,-0.538,-0.142,0.435,20,1020,1015,0.9951,0,1015,0,0,0,0,4,0,0,1,0,0,0.083,0.38,0.591
g4,balanced,mid,mixed,20,5,2025,50,50,-0.06,-0.19,-5.564,-7.267,-0.064,-0.058,-0.456,-0.06,0.482,20.0,1000,993,0.993,0,993,0,0,0,0,4,0,0,3,0,0,0.154,0.383,0.601
g4,balanced,mid,mixed,20,5,2026,35,35,0.208,0.31,-9.537,-11.26,0.216,0.205,-0.08,0.208,0.501,20,700,697,0.9957,0,697,0,0,0,0,0,2,0,1,0,0,0.071,0.322,0.603
g4,balanced,mid,mixed,20,20,ALL,173,173,-0.394,-0.71,-11.324,-16.816,-0.427,-0.4,-2.106,-0.392,0.414,20,3449,3385,0.9814,11,3383,0,0,2,0,55,3,0,6,0,2,0.099,0.364,0.594
g4,balanced,mid,mixed,20,20,P1,91,91,-0.654,-1.13,-7.744,-8.656,-0.662,-0.651,-2.289,-0.652,0.398,20,1809,1778,0.9829,11,1778,0,0,0,0,29,0,0,2,0,2,0.076,0.364,0.589
g4,balanced,mid,mixed,20,20,P2,82,82,-0.104,-0.11,-13.098,-16.816,-0.165,-0.122,-1.903,-0.104,0.432,20.0,1640,1607,0.9799,0,1605,0,0,2,0,26,3,0,4,0,0,0.124,0.364,0.6
g4,balanced,mid,mixed,20,20,2023,40,40,-1.396,-4.08,-6.303,-8.146,-1.354,-1.366,-3.166,-1.391,0.412,20.0,789,774,0.981,11,774,0,0,0,0,14,0,0,1,0,2,0.068,0.344,0.582
g4,balanced,mid,mixed,20,20,2024,51,51,-0.073,-0.08,-7.878,-8.656,-0.119,-0.091,-1.6,-0.073,0.387,20,1020,1004,0.9843,0,1004,0,0,0,0,15,0,0,1,0,0,0.083,0.38,0.591
g4,balanced,mid,mixed,20,20,2025,50,50,-0.443,-0.38,-12.1,-16.816,-0.465,-0.45,-2.35,-0.443,0.423,20.0,1000,978,0.978,0,978,0,0,0,0,19,0,0,3,0,0,0.154,0.383,0.601
g4,balanced,mid,mixed,20,20,2026,32,32,0.425,0.26,-14.529,-15.547,0.303,0.392,-1.205,0.425,0.445,20.0,640,629,0.9828,0,627,0,0,2,0,7,3,0,1,0,0,0.076,0.334,0.603
g4,balanced,mid,mixed,20,63,ALL,165,165,-0.412,-0.26,-19.334,-24.744,-0.361,-0.512,-5.235,-0.41,0.375,20,3289,3135,0.9532,11,3127,0,0,8,0,143,4,1,6,0,2,0.103,0.375,0.59
g4,balanced,mid,mixed,20,63,P1,91,91,-1.913,-2.45,-11.168,-13.103,-1.775,-1.871,-5.378,-1.909,0.342,20,1809,1747,0.9657,11,1747,0,0,0,0,60,0,0,2,0,2,0.076,0.364,0.589
g4,balanced,mid,mixed,20,63,P2,74,74,1.434,0.45,-22.18,-24.744,1.378,1.158,-5.059,1.434,0.417,20.0,1480,1388,0.9378,0,1380,0,0,8,0,83,4,1,4,0,0,0.135,0.388,0.591
g4,balanced,mid,mixed,20,63,2023,40,40,-1.958,-1.72,-10.096,-10.414,-1.906,-1.855,-6.547,-1.948,0.367,20.0,789,753,0.9544,11,753,0,0,0,0,35,0,0,1,0,2,0.068,0.344,0.582
g4,balanced,mid,mixed,20,63,2024,51,51,-1.878,-1.75,-11.587,-13.103,-1.672,-1.883,-4.462,-1.878,0.321,20,1020,994,0.9745,0,994,0,0,0,0,25,0,0,1,0,0,0.083,0.38,0.591
g4,balanced,mid,mixed,20,63,2025,50,50,3.219,0.87,-18.377,-20.062,3.266,2.848,-3.497,3.219,0.451,20.0,1000,936,0.936,0,932,0,0,4,0,60,0,1,3,0,0,0.154,0.383,0.601
g4,balanced,mid,mixed,20,63,2026,24,24,-2.284,-0.43,-24.427,-24.744,-2.556,-2.362,-8.314,-2.284,0.346,20.0,480,452,0.9417,0,448,0,0,4,0,23,4,0,1,0,0,0.095,0.399,0.576
g4,balanced,mid,stock,10,5,ALL,176,176,0.056,0.23,-7.816,-11.365,0.051,0.053,-0.458,0.066,0.483,10.0,1757,1743,0.992,3,1743,0,0,0,0,8,1,0,5,0,1,0.079,0.369,0.624
g4,balanced,mid,stock,10,5,P1,91,91,-0.101,-0.36,-5.456,-8.107,-0.105,-0.1,-0.542,-0.101,0.465,10,910,904,0.9934,0,904,0,0,0,0,4,0,0,2,0,0,0.071,0.362,0.618
g4,balanced,mid,stock,10,5,P2,85,85,0.223,0.55,-9.102,-11.365,0.218,0.217,-0.367,0.245,0.501,10,847,839,0.9906,3,839,0,0,0,0,4,1,0,3,0,1,0.087,0.376,0.63
g4,balanced,mid,stock,10,5,2023,40,40,-0.303,-0.82,-4.416,-4.674,-0.309,-0.302,-0.551,-0.303,0.454,10.0,400,398,0.995,0,398,0,0,0,0,1,0,0,1,0,0,0.07,0.36,0.603
g4,balanced,mid,stock,10,5,2024,51,51,0.058,0.14,-6.149,-8.107,0.055,0.059,-0.535,0.058,0.474,10,510,506,0.9922,0,506,0,0,0,0,3,0,0,1,0,0,0.073,0.363,0.628
g4,balanced,mid,stock,10,5,2025,50,50,0.116,0.26,-7.848,-10.648,0.095,0.11,-0.685,0.154,0.497,10.0,497,491,0.9879,3,491,0,0,0,0,4,0,0,2,0,1,0.12,0.4,0.633
g4,balanced,mid,stock,10,5,2026,35,35,0.375,0.51,-10.101,-11.365,0.394,0.369,0.086,0.375,0.508,10,350,348,0.9943,0,348,0,0,0,0,0,1,0,1,0,0,0.04,0.343,0.626
g4,balanced,mid,stock,10,20,ALL,173,173,0.16,0.23,-14.898,-17.835,0.112,0.125,-2.106,0.158,0.474,10,1727,1684,0.9751,3,1683,0,0,1,0,35,3,0,5,0,1,0.08,0.372,0.623
g4,balanced,mid,stock,10,20,P1,91,91,0.124,0.16,-8.425,-10.488,0.105,0.107,-1.594,0.124,0.495,10,910,893,0.9813,0,893,0,0,0,0,15,0,0,2,0,0,0.071,0.362,0.618
g4,balanced,mid,stock,10,20,P2,82,82,0.201,0.17,-17.131,-17.835,0.119,0.145,-2.674,0.197,0.45,10.0,817,791,0.9682,3,790,0,0,1,0,20,3,0,3,0,1,0.09,0.384,0.628
g4,balanced,mid,stock,10,20,2023,40,40,-0.971,-1.81,-8.499,-10.488,-0.96,-0.978,-2.509,-0.971,0.471,10.0,400,393,0.9825,0,393,0,0,0,0,6,0,0,1,0,0,0.07,0.36,0.603
g4,balanced,mid,stock,10,20,2024,51,51,0.982,0.77,-8.242,-9.917,0.941,0.958,-0.876,0.982,0.514,10,510,500,0.9804,0,500,0,0,0,0,9,0,0,1,0,0,0.073,0.363,0.628
g4,balanced,mid,stock,10,20,2025,50,50,-0.512,-0.36,-16.751,-17.179,-0.482,-0.498,-3.496,-0.52,0.432,10.0,497,480,0.9658,3,480,0,0,0,0,15,0,0,2,0,1,0.12,0.4,0.633
g4,balanced,mid,stock,10,20,2026,32,32,1.316,0.62,-17.702,-17.835,1.06,1.15,-1.389,1.316,0.478,10.0,320,311,0.9719,0,310,0,0,1,0,5,3,0,1,0,0,0.044,0.359,0.623
g4,balanced,mid,stock,10,63,ALL,165,165,1.071,0.64,-19.576,-29.865,1.272,0.929,-5.08,1.014,0.434,10,1647,1548,0.9399,3,1544,0,0,4,0,92,2,0,5,0,1,0.082,0.384,0.618
g4,balanced,mid,stock,10,63,P1,91,91,0.386,0.35,-13.348,-15.074,0.618,0.394,-3.442,0.386,0.436,10,910,875,0.9615,0,875,0,0,0,0,33,0,0,2,0,0,0.071,0.362,0.618
g4,balanced,mid,stock,10,63,P2,74,74,1.914,0.57,-22.88,-29.865,2.076,1.588,-7.094,1.786,0.432,10.0,737,673,0.9132,3,669,0,0,4,0,59,2,0,3,0,1,0.096,0.412,0.618
g4,balanced,mid,stock,10,63,2023,40,40,0.028,0.02,-12.97,-15.074,-0.109,-0.01,-3.96,0.028,0.455,10.0,400,384,0.96,0,384,0,0,0,0,15,0,0,1,0,0,0.07,0.36,0.603
g4,balanced,mid,stock,10,63,2024,51,51,0.667,0.46,-13.175,-14.15,1.189,0.711,-3.035,0.667,0.42,10,510,491,0.9627,0,491,0,0,0,0,18,0,0,1,0,0,0.073,0.363,0.628
g4,balanced,mid,stock,10,63,2025,50,50,3.798,0.97,-17.919,-18.852,4.246,3.404,-5.425,3.61,0.47,10.0,497,453,0.9115,3,452,0,0,1,0,42,0,0,2,0,1,0.12,0.4,0.633
g4,balanced,mid,stock,10,63,2026,24,24,-2.012,-0.35,-26.147,-29.865,-2.445,-2.195,-10.572,-2.012,0.351,10.0,240,220,0.9167,0,217,0,0,3,0,17,2,0,1,0,0,0.046,0.438,0.587
g4,balanced,mid,stock,20,5,ALL,176,176,-0.077,-0.37,-6.961,-11.26,-0.081,-0.079,-0.506,-0.047,0.479,20.0,3488,3467,0.994,32,3466,0,0,1,0,13,2,0,6,0,4,0.101,0.342,0.585
g4,balanced,mid,stock,20,5,P1,91,91,-0.197,-0.9,-4.463,-5.209,-0.199,-0.198,-0.641,-0.184,0.462,20,1808,1798,0.9945,12,1798,0,0,0,0,8,0,0,2,0,2,0.082,0.338,0.577
g4,balanced,mid,stock,20,5,P2,85,85,0.052,0.15,-8.466,-11.26,0.044,0.047,-0.361,0.099,0.496,20,1680,1669,0.9935,20,1668,0,0,1,0,5,2,0,4,0,2,0.123,0.346,0.592
g4,balanced,mid,stock,20,5,2023,40,40,-0.417,-1.35,-4.499,-5.209,-0.418,-0.416,-0.923,-0.388,0.454,20.0,788,783,0.9937,12,783,0,0,0,0,4,0,0,1,0,2,0.077,0.334,0.571
g4,balanced,mid,stock,20,5,2024,51,51,-0.024,-0.08,-4.439,-5.164,-0.027,-0.026,-0.42,-0.024,0.468,20,1020,1015,0.9951,0,1015,0,0,0,0,4,0,0,1,0,0,0.085,0.341,0.582
g4,balanced,mid,stock,20,5,2025,50,50,-0.115,-0.33,-6.465,-8.361,-0.122,-0.117,-0.515,-0.036,0.484,20.0,980,973,0.9929,20,973,0,0,0,0,4,0,0,3,0,2,0.153,0.37,0.594
g4,balanced,mid,stock,20,5,2026,35,35,0.291,0.42,-10.118,-11.26,0.282,0.282,-0.142,0.291,0.513,20,700,696,0.9943,0,695,0,0,1,0,1,2,0,1,0,0,0.079,0.313,0.594
g4,balanced,mid,stock,20,20,ALL,173,173,-0.075,-0.13,-12.11,-18.334,-0.116,-0.09,-1.969,-0.069,0.463,20,3428,3358,0.9796,32,3355,0,0,3,0,61,3,0,6,0,4,0.103,0.345,0.585
g4,balanced,mid,stock,20,20,P1,91,91,-0.093,-0.15,-8.021,-9.686,-0.104,-0.092,-1.897,-0.086,0.474,20,1808,1774,0.9812,12,1774,0,0,0,0,32,0,0,2,0,2,0.082,0.338,0.577
g4,balanced,mid,stock,20,20,P2,82,82,-0.055,-0.05,-14.09,-18.334,-0.129,-0.087,-2.049,-0.05,0.45,20.0,1620,1584,0.9778,20,1581,0,0,3,0,29,3,0,4,0,2,0.126,0.353,0.594
g4,balanced,mid,stock,20,20,2023,40,40,-1.26,-2.98,-7.905,-9.686,-1.216,-1.224,-3.274,-1.244,0.428,20.0,788,771,0.9784,12,771,0,0,0,0,16,0,0,1,0,2,0.077,0.334,0.571
g4,balanced,mid,stock,20,20,2024,51,51,0.822,0.81,-7.878,-8.656,0.769,0.796,-0.817,0.822,0.511,20,1020,1003,0.9833,0,1003,0,0,0,0,16,0,0,1,0,0,0.085,0.341,0.582
g4,balanced,mid,stock,20,20,2025,50,50,-0.429,-0.34,-13.797,-18.334,-0.459,-0.443,-2.439,-0.42,0.442,20.0,980,957,0.9765,20,957,0,0,0,0,20,0,0,3,0,2,0.153,0.37,0.594
g4,balanced,mid,stock,20,20,2026,32,32,0.528,0.32,-14.529,-15.547,0.387,0.469,-1.44,0.528,0.463,20.0,640,627,0.9797,0,624,0,0,3,0,9,3,0,1,0,0,0.084,0.327,0.598
g4,balanced,mid,stock,20,63,ALL,165,165,1.214,0.72,-18.606,-24.744,1.211,1.037,-4.31,1.105,0.441,20,3268,3095,0.9471,32,3086,0,0,9,0,162,4,1,6,0,4,0.107,0.355,0.583
g4,balanced,mid,stock,20,63,P1,91,91,0.277,0.25,-9.884,-10.796,0.357,0.269,-3.949,0.291,0.437,20,1808,1734,0.9591,12,1734,0,0,0,0,72,0,0,2,0,2,0.082,0.338,0.577
g4,balanced,mid,stock,20,63,P2,74,74,2.366,0.7,-22.118,-24.744,2.261,1.981,-4.754,2.105,0.444,20.0,1460,1361,0.9322,20,1352,0,0,9,0,90,4,1,4,0,2,0.138,0.376,0.59
g4,balanced,mid,stock,20,63,2023,40,40,-0.822,-0.53,-10.287,-10.796,-0.826,-0.739,-6.258,-0.79,0.417,20.0,788,746,0.9467,12,746,0,0,0,0,41,0,0,1,0,2,0.077,0.334,0.571
g4,balanced,mid,stock,20,63,2024,51,51,1.139,0.98,-9.615,-10.327,1.285,1.059,-2.137,1.139,0.454,20,1020,988,0.9686,0,988,0,0,0,0,31,0,0,1,0,0,0.085,0.341,0.582
g4,balanced,mid,stock,20,63,2025,50,50,4.457,1.17,-16.498,-16.744,4.438,3.973,-2.806,4.07,0.482,20.0,980,912,0.9306,20,908,0,0,4,0,64,0,1,3,0,2,0.153,0.37,0.594
g4,balanced,mid,stock,20,63,2026,24,24,-1.99,-0.35,-24.427,-24.744,-2.275,-2.17,-8.812,-1.99,0.365,20.0,480,449,0.9354,0,444,0,0,5,0,26,4,0,1,0,0,0.106,0.39,0.589
g4,balanced,short,mixed,10,5,ALL,176,176,-0.281,-1.32,-7.353,-11.064,-0.28,-0.28,-0.568,-0.281,0.465,10.0,1760,1752,0.9955,0,1752,0,0,0,0,4,1,0,3,0,0,0.051,0.466,0.675
g4,balanced,short,mixed,10,5,P1,91,91,-0.143,-0.65,-4.774,-5.59,-0.147,-0.141,-0.478,-0.143,0.45,10,910,905,0.9945,0,905,0,0,0,0,3,0,0,2,0,0,0.058,0.475,0.662
g4,balanced,short,mixed,10,5,P2,85,85,-0.428,-1.15,-9.001,-11.064,-0.423,-0.429,-0.664,-0.428,0.482,10,850,847,0.9965,0,847,0,0,0,0,1,1,0,1,0,0,0.044,0.456,0.688
g4,balanced,short,mixed,10,5,2023,40,40,0.025,0.09,-4.624,-5.451,0.02,0.033,-0.478,0.025,0.473,10.0,400,397,0.9925,0,397,0,0,0,0,2,0,0,1,0,0,0.038,0.493,0.651
g4,balanced,short,mixed,10,5,2024,51,51,-0.276,-0.87,-4.874,-5.59,-0.277,-0.278,-0.477,-0.276,0.431,10,510,508,0.9961,0,508,0,0,0,0,1,0,0,1,0,0,0.075,0.461,0.668
g4,balanced,short,mixed,10,5,2025,50,50,-0.36,-0.81,-8.099,-11.064,-0.355,-0.362,-0.563,-0.36,0.474,10.0,500,498,0.996,0,498,0,0,0,0,1,0,0,1,0,0,0.063,0.493,0.69
g4,balanced,short,mixed,10,5,2026,35,35,-0.524,-0.82,-8.922,-9.372,-0.52,-0.526,-0.808,-0.524,0.494,10,350,349,0.9971,0,349,0,0,0,0,0,1,0,0,0,0,0.018,0.402,0.685
g4,balanced,short,mixed,10,20,ALL,173,173,-1.155,-2.1,-14.403,-20.568,-1.166,-1.146,-2.264,-1.155,0.388,10,1730,1708,0.9873,0,1708,0,0,0,0,18,1,0,3,0,0,0.052,0.469,0.674
g4,balanced,short,mixed,10,20,P1,91,91,-0.706,-1.29,-8.644,-9.734,-0.7,-0.687,-1.716,-0.706,0.382,10,910,899,0.9879,0,899,0,0,0,0,9,0,0,2,0,0,0.058,0.475,0.662
g4,balanced,short,mixed,10,20,P2,82,82,-1.653,-1.69,-16.539,-20.568,-1.684,-1.655,-2.871,-1.653,0.394,10.0,820,809,0.9866,0,809,0,0,0,0,9,1,0,1,0,0,0.046,0.461,0.686
g4,balanced,short,mixed,10,20,2023,40,40,-0.535,-0.9,-8.284,-9.677,-0.519,-0.52,-1.814,-0.535,0.441,10.0,400,394,0.985,0,394,0,0,0,0,5,0,0,1,0,0,0.038,0.493,0.651
g4,balanced,short,mixed,10,20,2024,51,51,-0.84,-0.99,-8.884,-9.734,-0.842,-0.818,-1.639,-0.84,0.337,10,510,505,0.9902,0,505,0,0,0,0,4,0,0,1,0,0,0.075,0.461,0.668
g4,balanced,short,mixed,10,20,2025,50,50,-1.549,-1.2,-17.221,-20.568,-1.546,-1.532,-2.712,-1.549,0.382,10.0,500,493,0.986,0,493,0,0,0,0,6,0,0,1,0,0,0.063,0.493,0.69
g4,balanced,short,mixed,10,20,2026,32,32,-1.816,-1.22,-15.516,-16.687,-1.899,-1.846,-3.121,-1.816,0.412,10.0,320,316,0.9875,0,316,0,0,0,0,3,1,0,0,0,0,0.019,0.412,0.681
g4,balanced,short,mixed,10,63,ALL,165,165,-2.105,-1.22,-20.425,-22.464,-1.922,-2.01,-5.29,-2.105,0.336,10,1650,1595,0.9667,0,1594,0,0,1,0,52,0,0,3,0,0,0.054,0.48,0.67
g4,balanced,short,mixed,10,63,P1,91,91,-2.751,-2.83,-15.742,-21.277,-2.543,-2.633,-5.448,-2.751,0.302,10,910,884,0.9714,0,884,0,0,0,0,24,0,0,2,0,0,0.058,0.475,0.662
g4,balanced,short,mixed,10,63,P2,74,74,-1.311,-0.37,-21.455,-22.464,-1.159,-1.244,-5.097,-1.311,0.378,10.0,740,711,0.9608,0,710,0,0,1,0,28,0,0,1,0,0,0.049,0.486,0.679
g4,balanced,short,mixed,10,63,2023,40,40,-2.773,-4.03,-12.426,-13.043,-2.762,-2.619,-6.384,-2.773,0.336,10.0,400,385,0.9625,0,385,0,0,0,0,14,0,0,1,0,0,0.038,0.493,0.651
g4,balanced,short,mixed,10,63,2024,51,51,-2.733,-1.63,-17.716,-21.277,-2.371,-2.643,-4.713,-2.733,0.276,10,510,499,0.9784,0,499,0,0,0,0,10,0,0,1,0,0,0.075,0.461,0.668
g4,balanced,short,mixed,10,63,2025,50,50,2.216,0.52,-21.233,-22.464,2.356,2.189,-1.625,2.216,0.43,10.0,500,480,0.96,0,480,0,0,0,0,19,0,0,1,0,0,0.063,0.493,0.69
g4,balanced,short,mixed,10,63,2026,24,24,-8.657,-3.14,-21.277,-21.966,-8.48,-8.395,-12.331,-8.657,0.27,10.0,240,231,0.9625,0,230,0,0,1,0,9,0,0,0,0,0,0.022,0.47,0.657
g4,balanced,short,mixed,20,5,ALL,176,176,-0.124,-0.68,-6.006,-8.25,-0.125,-0.125,-0.355,-0.124,0.461,20.0,3515,3502,0.9963,5,3502,0,0,0,0,7,1,0,5,0,3,0.08,0.441,0.624
g4,balanced,short,mixed,20,5,P1,91,91,-0.095,-0.46,-3.992,-5.183,-0.096,-0.096,-0.375,-0.093,0.437,20,1819,1812,0.9962,1,1812,0,0,0,0,5,0,0,2,0,1,0.071,0.44,0.611
g4,balanced,short,mixed,20,5,P2,85,85,-0.156,-0.51,-7.185,-8.25,-0.156,-0.156,-0.334,-0.156,0.487,20,1696,1690,0.9965,4,1690,0,0,0,0,2,1,0,3,0,2,0.09,0.443,0.637
g4,balanced,short,mixed,20,5,2023,40,40,-0.14,-0.58,-3.21,-3.331,-0.14,-0.139,-0.647,-0.138,0.443,20.0,799,794,0.9937,1,794,0,0,0,0,4,0,0,1,0,1,0.061,0.43,0.582
g4,balanced,short,mixed,20,5,2024,51,51,-0.059,-0.19,-4.513,-5.183,-0.062,-0.061,-0.161,-0.059,0.433,20,1020,1018,0.998,0,1018,0,0,0,0,1,0,0,1,0,0,0.078,0.447,0.628
g4,balanced,short,mixed,20,5,2025,50,50,-0.036,-0.1,-6.058,-8.25,-0.036,-0.035,-0.239,-0.036,0.487,20.0,996,991,0.995,4,991,0,0,0,0,2,0,0,3,0,2,0.117,0.463,0.626
g4,balanced,short,mixed,20,5,2026,35,35,-0.327,-0.59,-7.365,-7.959,-0.327,-0.329,-0.471,-0.327,0.487,20,700,699,0.9986,0,699,0,0,0,0,0,1,0,0,0,0,0.051,0.414,0.66
g4,balanced,short,mixed,20,20,ALL,173,173,-0.692,-1.47,-11.091,-17.386,-0.713,-0.694,-1.815,-0.693,0.402,20,3455,3412,0.9876,5,3411,0,0,1,0,36,2,0,5,0,3,0.081,0.445,0.623
g4,balanced,short,mixed,20,20,P1,91,91,-0.693,-1.35,-7.483,-8.826,-0.702,-0.688,-1.709,-0.694,0.385,20,1819,1799,0.989,1,1799,0,0,0,0,18,0,0,2,0,1,0.071,0.44,0.611
g4,balanced,short,mixed,20,20,P2,82,82,-0.69,-0.84,-12.279,-17.386,-0.726,-0.7,-1.932,-0.691,0.422,20.0,1636,1613,0.9859,4,1612,0,0,1,0,18,2,0,3,0,2,0.093,0.451,0.637
g4,balanced,short,mixed,20,20,2023,40,40,-0.789,-1.77,-6.095,-7.123,-0.772,-0.772,-2.188,-0.792,0.413,20.0,799,787,0.985,1,787,0,0,0,0,11,0,0,1,0,1,0.061,0.43,0.582
g4,balanced,short,mixed,20,20,2024,51,51,-0.618,-0.74,-8.301,-8.826,-0.646,-0.623,-1.334,-0.618,0.363,20,1020,1012,0.9922,0,1012,0,0,0,0,7,0,0,1,0,0,0.078,0.447,0.628
g4,balanced,short,mixed,20,20,2025,50,50,-0.203,-0.18,-13.029,-17.386,-0.23,-0.226,-1.626,-0.205,0.423,20.0,996,979,0.9829,4,979,0,0,0,0,14,0,0,3,0,2,0.117,0.463,0.626
g4,balanced,short,mixed,20,20,2026,32,32,-1.451,-1.37,-11.152,-11.647,-1.5,-1.44,-2.41,-1.451,0.419,20.0,640,634,0.9906,0,633,0,0,1,0,4,2,0,0,0,0,0.056,0.431,0.661
g4,balanced,short,mixed,20,63,ALL,165,165,-1.597,-0.97,-17.68,-21.109,-1.49,-1.584,-5.394,-1.614,0.349,20,3295,3171,0.9624,5,3167,0,0,4,0,117,1,1,5,0,3,0.085,0.455,0.619
g4,balanced,short,mixed,20,63,P1,91,91,-2.491,-3.92,-12.781,-14.219,-2.355,-2.431,-5.609,-2.494,0.321,20,1819,1763,0.9692,1,1763,0,0,0,0,54,0,0,2,0,1,0.071,0.44,0.611
g4,balanced,short,mixed,20,63,P2,74,74,-0.497,-0.14,-18.99,-21.109,-0.427,-0.543,-5.13,-0.531,0.384,20.0,1476,1408,0.9539,4,1404,0,0,4,0,63,1,1,3,0,2,0.102,0.475,0.629
g4,balanced,short,mixed,20,63,2023,40,40,-2.316,-3.62,-9.015,-9.575,-2.283,-2.219,-7.213,-2.321,0.346,20.0,799,761,0.9524,1,761,0,0,0,0,37,0,0,1,0,1,0.061,0.43,0.582
g4,balanced,short,mixed,20,63,2024,51,51,-2.629,-2.51,-13.625,-14.219,-2.411,-2.596,-4.352,-2.629,0.301,20,1020,1002,0.9824,0,1002,0,0,0,0,17,0,0,1,0,0,0.078,0.447,0.628
g4,balanced,short,mixed,20,63,2025,50,50,3.005,0.73,-18.236,-18.79,3.047,2.813,-2.179,2.954,0.431,20.0,996,945,0.9488,4,944,0,0,1,0,47,0,1,3,0,2,0.117,0.463,0.626
g4,balanced,short,mixed,20,63,2026,24,24,-7.793,-3.06,-19.243,-21.109,-7.665,-7.536,-11.278,-7.793,0.287,20.0,480,463,0.9646,0,460,0,0,3,0,16,1,0,0,0,0,0.07,0.498,0.643
g4,balanced,short,stock,10,5,ALL,176,176,-0.11,-0.5,-7.728,-11.55,-0.113,-0.112,-0.458,-0.102,0.484,10.0,1757,1748,0.9949,3,1748,0,0,0,0,5,1,0,3,0,1,0.059,0.454,0.664
g4,balanced,short,stock,10,5,P1,91,91,0.007,0.03,-5.049,-5.59,0.003,0.009,-0.327,0.007,0.478,10,910,905,0.9945,0,905,0,0,0,0,3,0,0,2,0,0,0.06,0.458,0.658
g4,balanced,short,stock,10,5,P2,85,85,-0.235,-0.62,-9.378,-11.55,-0.238,-0.241,-0.598,-0.219,0.49,10,847,843,0.9953,3,843,0,0,0,0,2,1,0,1,0,1,0.057,0.449,0.67
g4,balanced,short,stock,10,5,2023,40,40,0.12,0.35,-5.16,-5.451,0.114,0.128,-0.384,0.12,0.497,10.0,400,397,0.9925,0,397,0,0,0,0,2,0,0,1,0,0,0.043,0.455,0.641
g4,balanced,short,stock,10,5,2024,51,51,-0.081,-0.25,-4.975,-5.59,-0.083,-0.083,-0.283,-0.081,0.463,10,510,508,0.9961,0,508,0,0,0,0,1,0,0,1,0,0,0.075,0.461,0.666
g4,balanced,short,stock,10,5,2025,50,50,-0.197,-0.43,-8.727,-11.55,-0.201,-0.204,-0.612,-0.169,0.49,10.0,497,494,0.994,3,494,0,0,0,0,2,0,0,1,0,1,0.084,0.484,0.663
g4,balanced,short,stock,10,5,2026,35,35,-0.289,-0.44,-8.922,-9.372,-0.289,-0.295,-0.577,-0.289,0.49,10,350,349,0.9971,0,349,0,0,0,0,0,1,0,0,0,0,0.02,0.4,0.679
g4,balanced,short,stock,10,20,ALL,173,173,-0.652,-1.11,-14.43,-20.568,-0.678,-0.654,-2.006,-0.652,0.446,10,1727,1701,0.9849,3,1701,0,0,0,0,22,1,0,3,0,1,0.06,0.457,0.664
g4,balanced,short,stock,10,20,P1,91,91,-0.238,-0.38,-9.599,-11.325,-0.24,-0.224,-1.253,-0.238,0.471,10,910,899,0.9879,0,899,0,0,0,0,9,0,0,2,0,0,0.06,0.458,0.658
g4,balanced,short,stock,10,20,P2,82,82,-1.111,-1.09,-16.816,-20.568,-1.165,-1.131,-2.841,-1.111,0.418,10.0,817,802,0.9816,3,802,0,0,0,0,13,1,0,1,0,1,0.06,0.456,0.67
g4,balanced,short,stock,10,20,2023,40,40,-0.271,-0.35,-10.501,-11.325,-0.258,-0.256,-1.55,-0.271,0.489,10.0,400,394,0.985,0,394,0,0,0,0,5,0,0,1,0,0,0.043,0.455,0.641
g4,balanced,short,stock,10,20,2024,51,51,-0.212,-0.23,-8.884,-9.734,-0.225,-0.199,-1.02,-0.212,0.458,10,510,505,0.9902,0,505,0,0,0,0,4,0,0,1,0,0,0.075,0.461,0.666
g4,balanced,short,stock,10,20,2025,50,50,-0.947,-0.72,-17.683,-20.568,-0.971,-0.95,-2.939,-0.947,0.421,10.0,497,486,0.9779,3,486,0,0,0,0,10,0,0,1,0,1,0.084,0.484,0.663
g4,balanced,short,stock,10,20,2026,32,32,-1.367,-0.87,-15.516,-16.687,-1.468,-1.415,-2.689,-1.367,0.412,10.0,320,316,0.9875,0,316,0,0,0,0,3,1,0,0,0,0,0.022,0.412,0.681
g4,balanced,short,stock,10,63,ALL,165,165,-0.537,-0.29,-19.276,-21.277,-0.337,-0.455,-4.4,-0.576,0.401,10,1647,1582,0.9605,3,1581,0,0,1,0,62,0,0,3,0,1,0.062,0.468,0.659
g4,balanced,short,stock,10,63,P1,91,91,-0.763,-0.65,-15.882,-21.277,-0.508,-0.686,-3.855,-0.763,0.399,10,910,881,0.9681,0,881,0,0,0,0,27,0,0,2,0,0,0.06,0.458,0.658
g4,balanced,short,stock,10,63,P2,74,74,-0.258,-0.07,-20.04,-20.592,-0.127,-0.171,-5.07,-0.346,0.404,10.0,737,701,0.9512,3,700,0,0,1,0,35,0,0,1,0,1,0.065,0.481,0.66
g4,balanced,short,stock,10,63,2023,40,40,-0.273,-0.16,-11.4,-11.809,-0.371,-0.198,-4.236,-0.273,0.422,10.0,400,384,0.96,0,384,0,0,0,0,15,0,0,1,0,0,0.043,0.455,0.641
g4,balanced,short,stock,10,63,2024,51,51,-1.148,-0.69,-18.351,-21.277,-0.615,-1.068,-3.556,-1.148,0.381,10,510,497,0.9745,0,497,0,0,0,0,12,0,0,1,0,0,0.075,0.461,0.666
g4,balanced,short,stock,10,63,2025,50,50,3.451,0.74,-19.857,-20.592,3.569,3.463,-1.898,3.319,0.458,10.0,497,470,0.9457,3,470,0,0,0,0,26,0,0,1,0,1,0.084,0.484,0.663
g4,balanced,short,stock,10,63,2026,24,24,-7.983,-2.71,-19.361,-20.589,-7.827,-7.742,-11.677,-7.983,0.292,10.0,240,231,0.9625,0,230,0,0,1,0,9,0,0,0,0,0,0.025,0.475,0.652
g4,balanced,short,stock,20,5,ALL,176,176,-0.179,-0.94,-6.45,-9.24,-0.181,-0.18,-0.436,-0.16,0.474,20.0,3501,3487,0.996,19,3487,0,0,0,0,8,1,0,5,0,3,0.088,0.426,0.612
g4,balanced,short,stock,20,5,P1,91,91,-0.161,-0.78,-4.236,-5.183,-0.161,-0.161,-0.44,-0.158,0.459,20,1818,1811,0.9961,2,1811,0,0,0,0,5,0,0,2,0,1,0.08,0.413,0.606
g4,balanced,short,stock,20,5,P2,85,85,-0.198,-0.61,-7.748,-9.24,-0.201,-0.2,-0.431,-0.162,0.49,20,1683,1676,0.9958,17,1676,0,0,0,0,3,1,0,3,0,2,0.096,0.44,0.62
g4,balanced,short,stock,20,5,2023,40,40,-0.256,-0.93,-4.3,-4.514,-0.254,-0.253,-0.761,-0.25,0.456,20.0,798,793,0.9937,2,793,0,0,0,0,4,0,0,1,0,1,0.068,0.417,0.577
g4,balanced,short,stock,20,5,2024,51,51,-0.086,-0.29,-4.106,-5.183,-0.089,-0.089,-0.189,-0.086,0.461,20,1020,1018,0.998,0,1018,0,0,0,0,1,0,0,1,0,0,0.089,0.411,0.626
g4,balanced,short,stock,20,5,2025,50,50,-0.113,-0.3,-7.011,-9.24,-0.118,-0.115,-0.409,-0.052,0.488,20.0,983,977,0.9939,17,977,0,0,0,0,3,0,0,3,0,2,0.124,0.464,0.603
g4,balanced,short,stock,20,5,2026,35,35,-0.319,-0.55,-7.539,-7.959,-0.319,-0.321,-0.463,-0.319,0.492,20,700,699,0.9986,0,699,0,0,0,0,0,1,0,0,0,0,0.057,0.406,0.649
g4,balanced,short,stock,20,20,ALL,173,173,-0.629,-1.23,-11.751,-17.815,-0.646,-0.63,-1.92,-0.626,0.443,20,3441,3392,0.9858,19,3391,0,0,1,0,41,3,0,5,0,3,0.089,0.43,0.611
g4,balanced,short,stock,20,20,P1,91,91,-0.496,-0.84,-7.986,-8.826,-0.503,-0.491,-1.569,-0.498,0.45,20,1818,1797,0.9884,2,1797,0,0,0,0,19,0,0,2,0,1,0.08,0.413,0.606
g4,balanced,short,stock,20,20,P2,82,82,-0.778,-0.9,-13.396,-17.815,-0.805,-0.784,-2.31,-0.769,0.434,20.0,1623,1595,0.9827,17,1594,0,0,1,0,22,3,0,3,0,2,0.099,0.447,0.618
g4,balanced,short,stock,20,20,2023,40,40,-0.828,-1.6,-7.513,-8.168,-0.805,-0.805,-2.222,-0.834,0.441,20.0,798,786,0.985,2,786,0,0,0,0,11,0,0,1,0,1,0.068,0.417,0.577
g4,balanced,short,stock,20,20,2024,51,51,-0.235,-0.25,-8.301,-8.826,-0.265,-0.244,-1.057,-0.235,0.458,20,1020,1011,0.9912,0,1011,0,0,0,0,8,0,0,1,0,0,0.089,0.411,0.626
g4,balanced,short,stock,20,20,2025,50,50,-0.355,-0.3,-14.705,-17.815,-0.371,-0.373,-2.059,-0.34,0.44,20.0,983,963,0.9797,17,963,0,0,0,0,17,0,0,3,0,2,0.124,0.464,0.603
g4,balanced,short,stock,20,20,2026,32,32,-1.438,-1.28,-11.152,-11.647,-1.484,-1.426,-2.702,-1.438,0.425,20.0,640,632,0.9875,0,631,0,0,1,0,5,3,0,0,0,0,0.061,0.422,0.647
g4,balanced,short,stock,20,63,ALL,165,165,-0.784,-0.46,-17.628,-22.648,-0.702,-0.788,-5.189,-0.866,0.396,20,3281,3139,0.9567,19,3135,0,0,4,0,135,1,1,5,0,3,0.093,0.44,0.608
g4,balanced,short,stock,20,63,P1,91,91,-1.376,-1.75,-13.416,-15.494,-1.262,-1.334,-4.992,-1.38,0.388,20,1818,1754,0.9648,2,1754,0,0,0,0,62,0,0,2,0,1,0.08,0.413,0.606
g4,balanced,short,stock,20,63,P2,74,74,-0.055,-0.02,-19.464,-22.648,-0.012,-0.116,-5.432,-0.235,0.407,20.0,1463,1385,0.9467,17,1381,0,0,4,0,73,1,1,3,0,2,0.108,0.472,0.611
g4,balanced,short,stock,20,63,2023,40,40,-1.746,-1.82,-10.089,-10.891,-1.761,-1.666,-7.079,-1.754,0.386,20.0,798,757,0.9486,2,757,0,0,0,0,40,0,0,1,0,1,0.068,0.417,0.577
g4,balanced,short,stock,20,63,2024,51,51,-1.086,-1.03,-14.348,-15.494,-0.872,-1.074,-3.354,-1.086,0.391,20,1020,997,0.9775,0,997,0,0,0,0,22,0,0,1,0,0,0.089,0.411,0.626
g4,balanced,short,stock,20,63,2025,50,50,3.715,0.89,-17.875,-19.281,3.72,3.504,-2.458,3.449,0.457,20.0,983,923,0.939,17,922,0,0,1,0,56,0,1,3,0,2,0.124,0.464,0.603
g4,balanced,short,stock,20,63,2026,24,24,-7.91,-2.93,-20.54,-22.648,-7.788,-7.658,-11.628,-7.91,0.301,20.0,480,462,0.9625,0,459,0,0,3,0,17,1,0,0,0,0,0.075,0.49,0.635
nofund,aggressive,long,mixed,10,5,ALL,176,176,-0.055,-0.19,-9.597,-16.328,-0.063,-0.062,-0.74,-0.055,0.47,10.0,1760,1744,0.9909,0,1744,0,0,0,0,11,1,0,4,0,0,0.136,0.224,0.586
nofund,aggressive,long,mixed,10,5,P1,91,91,-0.152,-0.54,-5.431,-6.999,-0.158,-0.158,-0.708,-0.152,0.456,10,910,904,0.9934,0,904,0,0,0,0,5,0,0,1,0,0,0.09,0.218,0.582
nofund,aggressive,long,mixed,10,5,P2,85,85,0.049,0.1,-11.33,-16.328,0.039,0.041,-0.775,0.049,0.484,10,850,840,0.9882,0,840,0,0,0,0,6,1,0,3,0,0,0.185,0.231,0.588
nofund,aggressive,long,mixed,10,5,2023,40,40,-0.316,-0.84,-5.136,-5.454,-0.33,-0.331,-1.081,-0.316,0.456,10.0,400,396,0.99,0,396,0,0,0,0,3,0,0,1,0,0,0.098,0.23,0.585
nofund,aggressive,long,mixed,10,5,2024,51,51,-0.022,-0.06,-5.628,-6.999,-0.023,-0.022,-0.416,-0.022,0.457,10,510,508,0.9961,0,508,0,0,0,0,2,0,0,0,0,0,0.083,0.209,0.58
nofund,aggressive,long,mixed,10,5,2025,50,50,0.092,0.19,-6.806,-9.225,0.072,0.09,-0.901,0.092,0.482,10.0,500,494,0.988,0,494,0,0,0,0,5,0,0,1,0,0,0.212,0.27,0.569
nofund,aggressive,long,mixed,10,5,2026,35,35,-0.013,-0.01,-13.76,-16.328,-0.008,-0.029,-0.594,-0.013,0.487,10,350,346,0.9886,0,346,0,0,0,0,1,1,0,2,0,0,0.148,0.176,0.612
nofund,aggressive,long,mixed,10,20,ALL,173,173,0.094,0.14,-14.072,-20.342,0.109,0.105,-2.056,0.094,0.47,10,1730,1689,0.9763,0,1686,0,0,3,0,34,3,0,4,0,0,0.138,0.228,0.585
nofund,aggressive,long,mixed,10,20,P1,91,91,0.021,0.03,-10.38,-12.615,0.049,0.035,-1.862,0.021,0.491,10,910,892,0.9802,0,892,0,0,0,0,17,0,0,1,0,0,0.09,0.218,0.582
nofund,aggressive,long,mixed,10,20,P2,82,82,0.175,0.15,-16.551,-20.342,0.176,0.184,-2.271,0.175,0.446,10.0,820,797,0.972,0,794,0,0,3,0,17,3,0,3,0,0,0.191,0.238,0.588
nofund,aggressive,long,mixed,10,20,2023,40,40,-1.331,-2.73,-10.564,-12.615,-1.219,-1.279,-4.301,-1.331,0.453,10.0,400,387,0.9675,0,387,0,0,0,0,12,0,0,1,0,0,0.098,0.23,0.585
nofund,aggressive,long,mixed,10,20,2024,51,51,1.083,0.88,-10.257,-11.007,1.044,1.065,0.05,1.083,0.521,10,510,505,0.9902,0,505,0,0,0,0,5,0,0,0,0,0,0.083,0.209,0.58
nofund,aggressive,long,mixed,10,20,2025,50,50,0.153,0.13,-11.241,-13.765,0.263,0.228,-2.375,0.153,0.441,10.0,500,486,0.972,0,486,0,0,0,0,13,0,0,1,0,0,0.212,0.27,0.569
nofund,aggressive,long,mixed,10,20,2026,32,32,0.208,0.1,-20.201,-20.342,0.04,0.115,-2.108,0.208,0.452,10.0,320,311,0.9719,0,308,0,0,3,0,4,3,0,2,0,0,0.159,0.19,0.613
nofund,aggressive,long,mixed,10,63,ALL,165,165,0.214,0.14,-23.434,-30.908,0.413,0.04,-5.562,0.214,0.434,10,1650,1559,0.9448,0,1551,0,0,8,0,87,0,0,4,0,0,0.141,0.235,0.583
nofund,aggressive,long,mixed,10,63,P1,91,91,0.139,0.11,-14.986,-22.656,0.366,0.133,-4.28,0.139,0.443,10,910,871,0.9571,0,871,0,0,0,0,38,0,0,1,0,0,0.09,0.218,0.582
nofund,aggressive,long,mixed,10,63,P2,74,74,0.305,0.1,-26.376,-30.908,0.47,-0.075,-7.139,0.305,0.422,10.0,740,688,0.9297,0,680,0,0,8,0,49,0,0,3,0,0,0.205,0.257,0.582
nofund,aggressive,long,mixed,10,63,2023,40,40,-0.476,-0.19,-18.631,-22.656,-0.413,-0.387,-6.71,-0.476,0.461,10.0,400,375,0.9375,0,375,0,0,0,0,24,0,0,1,0,0,0.098,0.23,0.585
nofund,aggressive,long,mixed,10,63,2024,51,51,0.622,0.67,-12.246,-16.206,0.978,0.541,-2.374,0.622,0.429,10,510,496,0.9725,0,496,0,0,0,0,14,0,0,0,0,0,0.083,0.209,0.58
nofund,aggressive,long,mixed,10,63,2025,50,50,1.92,0.58,-20.764,-23.136,2.435,1.539,-6.299,1.92,0.451,10.0,500,462,0.924,0,459,0,0,3,0,37,0,0,1,0,0,0.212,0.27,0.569
nofund,aggressive,long,mixed,10,63,2026,24,24,-3.06,-0.52,-29.977,-30.908,-3.624,-3.437,-8.889,-3.06,0.362,10.0,240,226,0.9417,0,221,0,0,5,0,12,0,0,2,0,0,0.191,0.23,0.604
nofund,aggressive,long,mixed,20,5,ALL,176,176,-0.047,-0.21,-7.9,-13.736,-0.057,-0.055,-0.51,-0.049,0.476,20.0,3511,3488,0.9934,9,3487,0,0,1,0,15,1,0,7,0,1,0.142,0.205,0.554
nofund,aggressive,long,mixed,20,5,P1,91,91,-0.039,-0.17,-4.472,-6.36,-0.043,-0.044,-0.432,-0.039,0.468,20,1820,1810,0.9945,0,1810,0,0,0,0,7,0,0,3,0,0,0.094,0.201,0.538
nofund,aggressive,long,mixed,20,5,P2,85,85,-0.056,-0.14,-9.357,-13.736,-0.072,-0.066,-0.594,-0.059,0.485,20,1691,1678,0.9923,9,1677,0,0,1,0,8,1,0,4,0,1,0.193,0.209,0.571
nofund,aggressive,long,mixed,20,5,2023,40,40,-0.35,-1.23,-4.398,-4.79,-0.349,-0.356,-0.859,-0.35,0.453,20.0,800,794,0.9925,0,794,0,0,0,0,4,0,0,2,0,0,0.095,0.211,0.553
nofund,aggressive,long,mixed,20,5,2024,51,51,0.205,0.63,-4.521,-6.36,0.197,0.2,-0.096,0.205,0.481,20,1020,1016,0.9961,0,1016,0,0,0,0,3,0,0,1,0,0,0.093,0.193,0.525
nofund,aggressive,long,mixed,20,5,2025,50,50,-0.061,-0.17,-5.658,-9.463,-0.069,-0.062,-0.557,-0.067,0.481,20.0,991,984,0.9929,9,984,0,0,0,0,5,0,0,2,0,1,0.219,0.237,0.574
nofund,aggressive,long,mixed,20,5,2026,35,35,-0.047,-0.06,-11.294,-13.736,-0.076,-0.072,-0.647,-0.047,0.489,20,700,694,0.9914,0,693,0,0,1,0,3,1,0,2,0,0,0.155,0.169,0.566
nofund,aggressive,long,mixed,20,20,ALL,173,173,0.163,0.27,-11.751,-19.874,0.132,0.146,-2.031,0.148,0.468,20,3451,3370,0.9765,9,3366,0,0,4,0,71,3,0,7,0,1,0.144,0.208,0.554
nofund,aggressive,long,mixed,20,20,P1,91,91,0.218,0.33,-6.909,-7.265,0.184,0.208,-1.874,0.218,0.48,20,1820,1780,0.978,0,1780,0,0,0,0,37,0,0,3,0,0,0.094,0.201,0.538
nofund,aggressive,long,mixed,20,20,P2,82,82,0.101,0.1,-13.995,-19.874,0.075,0.077,-2.205,0.071,0.455,20.0,1631,1590,0.9749,9,1586,0,0,4,0,34,3,0,4,0,1,0.199,0.215,0.572
nofund,aggressive,long,mixed,20,20,2023,40,40,-1.18,-2.83,-6.729,-6.977,-1.14,-1.145,-3.822,-1.18,0.434,20.0,800,777,0.9712,0,777,0,0,0,0,21,0,0,2,0,0,0.095,0.211,0.553
nofund,aggressive,long,mixed,20,20,2024,51,51,1.315,1.27,-7.029,-7.265,1.223,1.27,-0.346,1.315,0.516,20,1020,1003,0.9833,0,1003,0,0,0,0,16,0,0,1,0,0,0.093,0.193,0.525
nofund,aggressive,long,mixed,20,20,2025,50,50,0.19,0.17,-11.196,-12.925,0.201,0.175,-1.936,0.141,0.46,20.0,991,968,0.9768,9,968,0,0,0,0,21,0,0,2,0,1,0.219,0.237,0.574
nofund,aggressive,long,mixed,20,20,2026,32,32,-0.04,-0.02,-18.024,-19.874,-0.122,-0.076,-2.627,-0.04,0.447,20.0,640,622,0.9719,0,618,0,0,4,0,13,3,0,2,0,0,0.168,0.182,0.568
nofund,aggressive,long,mixed,20,63,ALL,165,165,1.364,0.9,-18.382,-29.756,1.376,1.208,-4.193,1.297,0.457,20,3291,3116,0.9468,9,3104,0,0,12,0,166,2,0,7,0,1,0.147,0.214,0.553
nofund,aggressive,long,mixed,20,63,P1,91,91,1.3,1.01,-11.189,-13.539,1.326,1.27,-3.278,1.3,0.469,20,1820,1739,0.9555,0,1739,0,0,0,0,78,0,0,3,0,0,0.094,0.201,0.538
nofund,aggressive,long,mixed,20,63,P2,74,74,1.442,0.49,-24.066,-29.756,1.438,1.132,-5.317,1.295,0.442,20.0,1471,1377,0.9361,9,1365,0,0,12,0,88,2,0,4,0,1,0.212,0.23,0.571
nofund,aggressive,long,mixed,20,63,2023,40,40,-0.092,-0.05,-13.516,-13.539,-0.132,-0.023,-6.285,-0.092,0.457,20.0,800,751,0.9387,0,751,0,0,0,0,47,0,0,2,0,0,0.095,0.211,0.553
nofund,aggressive,long,mixed,20,63,2024,51,51,2.392,1.99,-7.424,-7.838,2.469,2.285,-0.92,2.392,0.479,20,1020,988,0.9686,0,988,0,0,0,0,31,0,0,1,0,0,0.093,0.193,0.525
nofund,aggressive,long,mixed,20,63,2025,50,50,2.882,0.9,-13.872,-16.585,3.03,2.555,-3.744,2.664,0.476,20.0,991,929,0.9374,9,923,0,0,6,0,60,0,0,2,0,1,0.219,0.237,0.574
nofund,aggressive,long,mixed,20,63,2026,24,24,-1.559,-0.26,-27.669,-29.756,-1.879,-1.831,-8.594,-1.559,0.373,20.0,480,448,0.9333,0,442,0,0,6,0,28,2,0,2,0,0,0.196,0.217,0.563
nofund,aggressive,long,stock,10,5,ALL,176,176,-0.046,-0.16,-9.724,-17.472,-0.054,-0.054,-0.732,-0.046,0.472,10.0,1760,1744,0.9909,0,1744,0,0,0,0,11,1,0,4,0,0,0.135,0.224,0.583
nofund,aggressive,long,stock,10,5,P1,91,91,-0.138,-0.48,-5.582,-6.999,-0.144,-0.144,-0.695,-0.138,0.464,10,910,904,0.9934,0,904,0,0,0,0,5,0,0,1,0,0,0.089,0.218,0.574
nofund,aggressive,long,stock,10,5,P2,85,85,0.053,0.1,-11.559,-17.472,0.042,0.043,-0.772,0.053,0.48,10,850,840,0.9882,0,840,0,0,0,0,6,1,0,3,0,0,0.184,0.232,0.59
nofund,aggressive,long,stock,10,5,2023,40,40,-0.323,-0.85,-5.136,-5.454,-0.337,-0.337,-1.088,-0.323,0.456,10.0,400,396,0.99,0,396,0,0,0,0,3,0,0,1,0,0,0.095,0.227,0.567
nofund,aggressive,long,stock,10,5,2024,51,51,0.007,0.02,-5.88,-6.999,0.007,0.007,-0.386,0.007,0.47,10,510,508,0.9961,0,508,0,0,0,0,2,0,0,0,0,0,0.084,0.21,0.58
nofund,aggressive,long,stock,10,5,2025,50,50,0.087,0.18,-6.806,-9.225,0.068,0.085,-0.906,0.087,0.479,10.0,500,494,0.988,0,494,0,0,0,0,5,0,0,1,0,0,0.208,0.27,0.567
nofund,aggressive,long,stock,10,5,2026,35,35,0.004,0.0,-14.332,-17.472,0.005,-0.017,-0.582,0.004,0.482,10,350,346,0.9886,0,346,0,0,0,0,1,1,0,2,0,0,0.149,0.177,0.621
nofund,aggressive,long,stock,10,20,ALL,173,173,0.08,0.12,-14.072,-20.342,0.091,0.088,-2.133,0.08,0.469,10,1730,1688,0.9757,0,1685,0,0,3,0,35,3,0,4,0,0,0.136,0.228,0.581
nofund,aggressive,long,stock,10,20,P1,91,91,0.043,0.06,-10.38,-12.615,0.061,0.048,-1.962,0.043,0.496,10,910,891,0.9791,0,891,0,0,0,0,18,0,0,1,0,0,0.089,0.218,0.574
nofund,aggressive,long,stock,10,20,P2,82,82,0.12,0.11,-16.551,-20.342,0.124,0.132,-2.323,0.12,0.439,10.0,820,797,0.972,0,794,0,0,3,0,17,3,0,3,0,0,0.189,0.239,0.588
nofund,aggressive,long,stock,10,20,2023,40,40,-1.2,-2.56,-10.564,-12.615,-1.085,-1.145,-4.166,-1.2,0.453,10.0,400,387,0.9675,0,387,0,0,0,0,12,0,0,1,0,0,0.095,0.227,0.567
nofund,aggressive,long,stock,10,20,2024,51,51,1.018,0.85,-10.257,-11.007,0.96,0.984,-0.232,1.018,0.531,10,510,504,0.9882,0,504,0,0,0,0,6,0,0,0,0,0,0.084,0.21,0.58
nofund,aggressive,long,stock,10,20,2025,50,50,-0.053,-0.04,-11.161,-13.765,0.063,0.028,-2.575,-0.053,0.431,10.0,500,486,0.972,0,486,0,0,0,0,13,0,0,1,0,0,0.208,0.27,0.567
nofund,aggressive,long,stock,10,20,2026,32,32,0.391,0.18,-20.201,-20.342,0.219,0.294,-1.93,0.391,0.452,10.0,320,311,0.9719,0,308,0,0,3,0,4,3,0,2,0,0,0.159,0.191,0.616
nofund,aggressive,long,stock,10,63,ALL,165,165,0.396,0.25,-23.469,-30.908,0.575,0.203,-5.645,0.396,0.439,10,1650,1555,0.9424,0,1547,0,0,8,0,91,0,0,4,0,0,0.14,0.235,0.577
nofund,aggressive,long,stock,10,63,P1,91,91,0.221,0.17,-15.313,-22.656,0.437,0.211,-4.432,0.221,0.455,10,910,869,0.9549,0,869,0,0,0,0,40,0,0,1,0,0,0.089,0.218,0.574
nofund,aggressive,long,stock,10,63,P2,74,74,0.61,0.2,-26.376,-30.908,0.746,0.194,-7.137,0.61,0.419,10.0,740,686,0.927,0,678,0,0,8,0,51,0,0,3,0,0,0.203,0.257,0.579
nofund,aggressive,long,stock,10,63,2023,40,40,-0.272,-0.11,-18.631,-22.656,-0.199,-0.172,-6.496,-0.272,0.46,10.0,400,375,0.9375,0,375,0,0,0,0,24,0,0,1,0,0,0.095,0.227,0.567
nofund,aggressive,long,stock,10,63,2024,51,51,0.608,0.63,-12.246,-16.206,0.935,0.511,-2.813,0.608,0.451,10,510,494,0.9686,0,494,0,0,0,0,16,0,0,0,0,0,0.084,0.21,0.58
nofund,aggressive,long,stock,10,63,2025,50,50,1.894,0.57,-20.87,-23.136,2.414,1.507,-6.725,1.894,0.442,10.0,500,460,0.92,0,457,0,0,3,0,39,0,0,1,0,0,0.208,0.27,0.567
nofund,aggressive,long,stock,10,63,2026,24,24,-2.065,-0.33,-29.977,-30.908,-2.728,-2.542,-7.994,-2.065,0.371,10.0,240,226,0.9417,0,221,0,0,5,0,12,0,0,2,0,0,0.192,0.229,0.6
nofund,aggressive,long,stock,20,5,ALL,176,176,-0.022,-0.1,-7.954,-13.494,-0.031,-0.029,-0.513,-0.024,0.479,20.0,3511,3487,0.9932,9,3486,0,0,1,0,15,2,0,7,0,1,0.142,0.204,0.554
nofund,aggressive,long,stock,20,5,P1,91,91,0.005,0.02,-4.532,-6.36,0.001,-0.0,-0.388,0.005,0.474,20,1820,1810,0.9945,0,1810,0,0,0,0,7,0,0,3,0,0,0.093,0.2,0.539
nofund,aggressive,long,stock,20,5,P2,85,85,-0.051,-0.12,-9.308,-13.494,-0.065,-0.059,-0.646,-0.054,0.483,20,1691,1677,0.9917,9,1676,0,0,1,0,8,2,0,4,0,1,0.193,0.208,0.57
nofund,aggressive,long,stock,20,5,2023,40,40,-0.285,-0.99,-4.398,-4.79,-0.284,-0.29,-0.794,-0.285,0.454,20.0,800,794,0.9925,0,794,0,0,0,0,4,0,0,2,0,0,0.095,0.209,0.55
nofund,aggressive,long,stock,20,5,2024,51,51,0.232,0.7,-4.622,-6.36,0.224,0.227,-0.069,0.232,0.49,20,1020,1016,0.9961,0,1016,0,0,0,0,3,0,0,1,0,0,0.092,0.193,0.53
nofund,aggressive,long,stock,20,5,2025,50,50,-0.056,-0.15,-5.643,-9.463,-0.064,-0.057,-0.552,-0.062,0.48,20.0,991,984,0.9929,9,984,0,0,0,0,5,0,0,2,0,1,0.219,0.236,0.572
nofund,aggressive,long,stock,20,5,2026,35,35,-0.043,-0.05,-11.173,-13.494,-0.066,-0.062,-0.781,-0.043,0.488,20,700,693,0.99,0,692,0,0,1,0,3,2,0,2,0,0,0.157,0.169,0.566
nofund,aggressive,long,stock,20,20,ALL,173,173,0.2,0.33,-11.771,-19.874,0.17,0.185,-2.079,0.186,0.471,20,3451,3367,0.9757,9,3363,0,0,4,0,73,4,0,7,0,1,0.144,0.207,0.554
nofund,aggressive,long,stock,20,20,P1,91,91,0.283,0.43,-6.909,-7.265,0.247,0.271,-1.811,0.283,0.486,20,1820,1780,0.978,0,1780,0,0,0,0,37,0,0,3,0,0,0.093,0.2,0.539
nofund,aggressive,long,stock,20,20,P2,82,82,0.108,0.1,-13.884,-19.874,0.086,0.09,-2.377,0.078,0.454,20.0,1631,1587,0.973,9,1583,0,0,4,0,36,4,0,4,0,1,0.199,0.214,0.57
nofund,aggressive,long,stock,20,20,2023,40,40,-1.154,-2.71,-6.729,-6.977,-1.115,-1.121,-3.798,-1.154,0.436,20.0,800,777,0.9712,0,777,0,0,0,0,21,0,0,2,0,0,0.095,0.209,0.55
nofund,aggressive,long,stock,20,20,2024,51,51,1.411,1.36,-7.029,-7.265,1.315,1.363,-0.254,1.411,0.526,20,1020,1003,0.9833,0,1003,0,0,0,0,16,0,0,1,0,0,0.092,0.193,0.53
nofund,aggressive,long,stock,20,20,2025,50,50,0.214,0.19,-11.012,-12.925,0.224,0.201,-2.11,0.165,0.459,20.0,991,966,0.9748,9,966,0,0,0,0,23,0,0,2,0,1,0.219,0.236,0.572
nofund,aggressive,long,stock,20,20,2026,32,32,-0.057,-0.03,-18.024,-19.874,-0.13,-0.083,-2.793,-0.057,0.446,20.0,640,621,0.9703,0,617,0,0,4,0,13,4,0,2,0,0,0.169,0.18,0.566
nofund,aggressive,long,stock,20,63,ALL,165,165,1.523,0.98,-18.74,-29.756,1.533,1.345,-4.245,1.457,0.462,20,3291,3110,0.945,9,3098,0,0,12,0,172,2,0,7,0,1,0.146,0.213,0.553
nofund,aggressive,long,stock,20,63,P1,91,91,1.52,1.15,-11.365,-13.539,1.524,1.472,-3.193,1.52,0.478,20,1820,1737,0.9544,0,1737,0,0,0,0,80,0,0,3,0,0,0.093,0.2,0.539
nofund,aggressive,long,stock,20,63,P2,74,74,1.527,0.5,-24.582,-29.756,1.543,1.189,-5.538,1.38,0.441,20.0,1471,1373,0.9334,9,1361,0,0,12,0,92,2,0,4,0,1,0.211,0.229,0.569
nofund,aggressive,long,stock,20,63,2023,40,40,-0.045,-0.02,-13.426,-13.539,-0.097,0.015,-6.381,-0.045,0.455,20.0,800,750,0.9375,0,750,0,0,0,0,48,0,0,2,0,0,0.095,0.209,0.55
nofund,aggressive,long,stock,20,63,2024,51,51,2.747,2.24,-7.014,-7.733,2.796,2.615,-0.692,2.747,0.496,20,1020,987,0.9676,0,987,0,0,0,0,32,0,0,1,0,0,0.092,0.193,0.53
nofund,aggressive,long,stock,20,63,2025,50,50,2.93,0.88,-14.317,-17.92,3.111,2.563,-4.147,2.712,0.472,20.0,991,925,0.9334,9,919,0,0,6,0,64,0,0,2,0,1,0.219,0.236,0.572
nofund,aggressive,long,stock,20,63,2026,24,24,-1.395,-0.22,-27.669,-29.756,-1.722,-1.674,-8.437,-1.395,0.377,20.0,480,448,0.9333,0,442,0,0,6,0,28,2,0,2,0,0,0.196,0.215,0.561
nofund,aggressive,mid,mixed,10,5,ALL,176,176,0.036,0.13,-8.852,-14.711,0.028,0.03,-0.591,0.036,0.471,10.0,1760,1744,0.9909,0,1744,0,0,0,0,11,0,0,5,0,0,0.131,0.237,0.605
nofund,aggressive,mid,mixed,10,5,P1,91,91,-0.047,-0.17,-5.087,-6.802,-0.054,-0.053,-0.603,-0.047,0.453,10,910,903,0.9923,0,903,0,0,0,0,5,0,0,2,0,0,0.09,0.229,0.601
nofund,aggressive,mid,mixed,10,5,P2,85,85,0.124,0.26,-10.669,-14.711,0.117,0.12,-0.578,0.124,0.491,10,850,841,0.9894,0,841,0,0,0,0,6,0,0,3,0,0,0.175,0.244,0.61
nofund,aggressive,mid,mixed,10,5,2023,40,40,-0.262,-0.73,-4.753,-4.869,-0.274,-0.274,-1.025,-0.262,0.448,10.0,400,396,0.99,0,396,0,0,0,0,3,0,0,1,0,0,0.094,0.229,0.592
nofund,aggressive,mid,mixed,10,5,2024,51,51,0.122,0.32,-5.225,-6.802,0.118,0.121,-0.273,0.122,0.456,10,510,507,0.9941,0,507,0,0,0,0,2,0,0,1,0,0,0.087,0.23,0.604
nofund,aggressive,mid,mixed,10,5,2025,50,50,0.239,0.5,-6.758,-9.657,0.219,0.245,-0.746,0.239,0.499,10.0,500,494,0.988,0,494,0,0,0,0,5,0,0,1,0,0,0.206,0.288,0.594
nofund,aggressive,mid,mixed,10,5,2026,35,35,-0.041,-0.04,-12.76,-14.711,-0.029,-0.059,-0.337,-0.041,0.479,10,350,347,0.9914,0,347,0,0,0,0,1,0,0,2,0,0,0.131,0.182,0.632
nofund,aggressive,mid,mixed,10,20,ALL,173,173,0.215,0.32,-14.197,-20.081,0.204,0.215,-1.779,0.215,0.47,10,1730,1691,0.9775,0,1688,0,0,3,0,31,3,0,5,0,0,0.133,0.241,0.604
nofund,aggressive,mid,mixed,10,20,P1,91,91,0.296,0.42,-9.19,-11.003,0.281,0.288,-0.953,0.296,0.495,10,910,897,0.9857,0,897,0,0,0,0,11,0,0,2,0,0,0.09,0.229,0.601
nofund,aggressive,mid,mixed,10,20,P2,82,82,0.125,0.11,-16.664,-20.081,0.118,0.135,-2.695,0.125,0.442,10.0,820,794,0.9683,0,791,0,0,3,0,20,3,0,3,0,0,0.182,0.253,0.607
nofund,aggressive,mid,mixed,10,20,2023,40,40,-0.951,-1.84,-10.105,-11.003,-0.928,-0.941,-2.723,-0.951,0.459,10.0,400,392,0.98,0,392,0,0,0,0,7,0,0,1,0,0,0.094,0.229,0.592
nofund,aggressive,mid,mixed,10,20,2024,51,51,1.275,1.14,-8.581,-9.123,1.229,1.252,0.436,1.275,0.524,10,510,505,0.9902,0,505,0,0,0,0,4,0,0,1,0,0,0.087,0.23,0.604
nofund,aggressive,mid,mixed,10,20,2025,50,50,0.022,0.02,-12.68,-14.607,0.178,0.133,-2.47,0.022,0.434,10.0,500,486,0.972,0,486,0,0,0,0,13,0,0,1,0,0,0.206,0.288,0.594
nofund,aggressive,mid,mixed,10,20,2026,32,32,0.285,0.13,-20.07,-20.081,0.024,0.139,-3.048,0.285,0.454,10.0,320,308,0.9625,0,305,0,0,3,0,7,3,0,2,0,0,0.143,0.199,0.629
nofund,aggressive,mid,mixed,10,63,ALL,165,165,0.32,0.22,-22.678,-30.532,0.475,0.141,-5.219,0.32,0.439,10,1650,1562,0.9467,0,1555,0,0,7,0,83,0,0,5,0,0,0.137,0.249,0.6
nofund,aggressive,mid,mixed,10,63,P1,91,91,0.565,0.55,-12.998,-16.907,0.653,0.531,-2.75,0.565,0.454,10,910,880,0.967,0,880,0,0,0,0,28,0,0,2,0,0,0.09,0.229,0.601
nofund,aggressive,mid,mixed,10,63,P2,74,74,0.019,0.01,-26.549,-30.532,0.257,-0.337,-8.255,0.019,0.42,10.0,740,682,0.9216,0,675,0,0,7,0,55,0,0,3,0,0,0.194,0.273,0.599
nofund,aggressive,mid,mixed,10,63,2023,40,40,-0.071,-0.04,-14.221,-16.907,-0.227,-0.107,-4.639,-0.071,0.473,10.0,400,382,0.955,0,382,0,0,0,0,17,0,0,1,0,0,0.094,0.229,0.592
nofund,aggressive,mid,mixed,10,63,2024,51,51,1.064,1.05,-11.546,-16.206,1.343,1.031,-1.269,1.064,0.44,10,510,498,0.9765,0,498,0,0,0,0,11,0,0,1,0,0,0.087,0.23,0.604
nofund,aggressive,mid,mixed,10,63,2025,50,50,1.217,0.39,-20.452,-23.185,1.897,0.939,-7.288,1.217,0.446,10.0,500,460,0.92,0,458,0,0,2,0,39,0,0,1,0,0,0.206,0.288,0.594
nofund,aggressive,mid,mixed,10,63,2026,24,24,-2.476,-0.4,-29.789,-30.532,-3.161,-2.996,-10.269,-2.476,0.367,10.0,240,222,0.925,0,217,0,0,5,0,16,0,0,2,0,0,0.17,0.242,0.609
nofund,aggressive,mid,mixed,20,5,ALL,176,176,-0.002,-0.01,-7.106,-12.909,-0.008,-0.006,-0.49,-0.006,0.486,20.0,3512,3488,0.9932,8,3487,0,0,1,0,15,2,0,7,0,1,0.148,0.211,0.568
nofund,aggressive,mid,mixed,20,5,P1,91,91,-0.065,-0.29,-4.356,-5.93,-0.069,-0.069,-0.57,-0.065,0.473,20,1820,1808,0.9934,0,1808,0,0,0,0,9,0,0,3,0,0,0.102,0.209,0.564
nofund,aggressive,mid,mixed,20,5,P2,85,85,0.065,0.17,-8.482,-12.909,0.058,0.061,-0.405,0.057,0.5,20,1692,1680,0.9929,8,1679,0,0,1,0,6,2,0,4,0,1,0.198,0.213,0.573
nofund,aggressive,mid,mixed,20,5,2023,40,40,-0.269,-0.94,-4.123,-4.377,-0.268,-0.272,-1.033,-0.269,0.463,20.0,800,792,0.99,0,792,0,0,0,0,6,0,0,2,0,0,0.099,0.216,0.563
nofund,aggressive,mid,mixed,20,5,2024,51,51,0.094,0.28,-4.512,-5.93,0.088,0.09,-0.206,0.094,0.481,20,1020,1016,0.9961,0,1016,0,0,0,0,3,0,0,1,0,0,0.104,0.204,0.566
nofund,aggressive,mid,mixed,20,5,2025,50,50,0.144,0.39,-5.194,-7.484,0.139,0.146,-0.349,0.13,0.5,20.0,992,985,0.9929,8,985,0,0,0,0,5,0,0,2,0,1,0.22,0.238,0.577
nofund,aggressive,mid,mixed,20,5,2026,35,35,-0.048,-0.06,-10.824,-12.909,-0.058,-0.06,-0.484,-0.048,0.5,20,700,695,0.9929,0,694,0,0,1,0,1,2,0,2,0,0,0.168,0.176,0.568
nofund,aggressive,mid,mixed,20,20,ALL,173,173,-0.093,-0.16,-11.892,-17.683,-0.101,-0.091,-2.063,-0.113,0.462,20,3452,3378,0.9786,8,3374,0,0,4,0,64,3,0,7,0,1,0.151,0.214,0.568
nofund,aggressive,mid,mixed,20,20,P1,91,91,0.004,0.01,-7.091,-8.168,-0.012,0.002,-2.026,0.004,0.478,20,1820,1781,0.9786,0,1781,0,0,0,0,36,0,0,3,0,0,0.102,0.209,0.564
nofund,aggressive,mid,mixed,20,20,P2,82,82,-0.202,-0.2,-13.783,-17.683,-0.201,-0.195,-2.104,-0.242,0.445,20.0,1632,1597,0.9786,8,1593,0,0,4,0,28,3,0,4,0,1,0.205,0.219,0.573
nofund,aggressive,mid,mixed,20,20,2023,40,40,-1.197,-3.56,-6.68,-7.494,-1.157,-1.167,-4.364,-1.197,0.442,20.0,800,773,0.9663,0,773,0,0,0,0,25,0,0,2,0,0,0.099,0.216,0.563
nofund,aggressive,mid,mixed,20,20,2024,51,51,0.946,0.96,-7.175,-8.168,0.886,0.92,-0.192,0.946,0.506,20,1020,1008,0.9882,0,1008,0,0,0,0,11,0,0,1,0,0,0.104,0.204,0.566
nofund,aggressive,mid,mixed,20,20,2025,50,50,-0.132,-0.12,-10.947,-12.73,-0.064,-0.097,-1.908,-0.199,0.448,20.0,992,972,0.9798,8,972,0,0,0,0,18,0,0,2,0,1,0.22,0.238,0.577
nofund,aggressive,mid,mixed,20,20,2026,32,32,-0.31,-0.17,-16.624,-17.683,-0.414,-0.348,-2.41,-0.31,0.441,20.0,640,625,0.9766,0,621,0,0,4,0,10,3,0,2,0,0,0.182,0.189,0.566
nofund,aggressive,mid,mixed,20,63,ALL,165,165,1.06,0.67,-18.704,-26.417,1.121,0.95,-4.33,1.001,0.448,20,3292,3121,0.9481,8,3111,0,0,10,0,162,2,0,7,0,1,0.155,0.221,0.567
nofund,aggressive,mid,mixed,20,63,P1,91,91,0.67,0.63,-10.046,-12.634,0.727,0.66,-3.844,0.67,0.459,20,1820,1740,0.956,0,1740,0,0,0,0,77,0,0,3,0,0,0.102,0.209,0.564
nofund,aggressive,mid,mixed,20,63,P2,74,74,1.538,0.48,-24.775,-26.417,1.604,1.308,-4.928,1.409,0.435,20.0,1472,1381,0.9382,8,1371,0,0,10,0,85,2,0,4,0,1,0.221,0.234,0.571
nofund,aggressive,mid,mixed,20,63,2023,40,40,-0.654,-0.4,-12.123,-12.634,-0.698,-0.604,-7.273,-0.654,0.451,20.0,800,748,0.935,0,748,0,0,0,0,50,0,0,2,0,0,0.099,0.216,0.563
nofund,aggressive,mid,mixed,20,63,2024,51,51,1.709,1.89,-7.736,-7.906,1.845,1.651,-1.155,1.709,0.465,20,1020,992,0.9725,0,992,0,0,0,0,27,0,0,1,0,0,0.104,0.204,0.566
nofund,aggressive,mid,mixed,20,63,2025,50,50,3.308,0.9,-13.44,-15.329,3.5,3.041,-3.068,3.117,0.474,20.0,992,932,0.9395,8,928,0,0,4,0,58,0,0,2,0,1,0.22,0.238,0.577
nofund,aggressive,mid,mixed,20,63,2026,24,24,-2.15,-0.35,-26.415,-26.417,-2.346,-2.303,-8.802,-2.15,0.355,20.0,480,449,0.9354,0,443,0,0,6,0,27,2,0,2,0,0,0.223,0.226,0.559
nofund,aggressive,mid,stock,10,5,ALL,176,176,0.01,0.04,-8.984,-15.9,0.005,0.007,-0.672,0.01,0.47,10.0,1760,1743,0.9903,0,1743,0,0,0,0,11,1,0,5,0,0,0.132,0.238,0.607
nofund,aggressive,mid,stock,10,5,P1,91,91,-0.036,-0.13,-5.146,-6.802,-0.043,-0.042,-0.593,-0.036,0.458,10,910,903,0.9923,0,903,0,0,0,0,5,0,0,2,0,0,0.091,0.232,0.603
nofund,aggressive,mid,stock,10,5,P2,85,85,0.06,0.12,-10.907,-15.9,0.056,0.059,-0.757,0.06,0.482,10,850,840,0.9882,0,840,0,0,0,0,6,1,0,3,0,0,0.175,0.245,0.611
nofund,aggressive,mid,stock,10,5,2023,40,40,-0.304,-0.84,-4.753,-4.869,-0.315,-0.316,-1.067,-0.304,0.443,10.0,400,396,0.99,0,396,0,0,0,0,3,0,0,1,0,0,0.098,0.235,0.592
nofund,aggressive,mid,stock,10,5,2024,51,51,0.174,0.43,-5.409,-6.802,0.17,0.172,-0.221,0.174,0.469,10,510,507,0.9941,0,507,0,0,0,0,2,0,0,1,0,0,0.086,0.229,0.61
nofund,aggressive,mid,stock,10,5,2025,50,50,0.23,0.46,-7.083,-9.657,0.212,0.238,-0.753,0.23,0.491,10.0,500,494,0.988,0,494,0,0,0,0,5,0,0,1,0,0,0.206,0.288,0.596
nofund,aggressive,mid,stock,10,5,2026,35,35,-0.182,-0.19,-13.354,-15.9,-0.167,-0.197,-0.762,-0.182,0.47,10,350,346,0.9886,0,346,0,0,0,0,1,1,0,2,0,0,0.131,0.183,0.632
nofund,aggressive,mid,stock,10,20,ALL,173,173,0.395,0.57,-14.023,-20.081,0.384,0.395,-1.599,0.395,0.475,10,1730,1691,0.9775,0,1688,0,0,3,0,31,3,0,5,0,0,0.134,0.242,0.606
nofund,aggressive,mid,stock,10,20,P1,91,91,0.442,0.6,-9.19,-11.003,0.423,0.43,-0.811,0.442,0.507,10,910,897,0.9857,0,897,0,0,0,0,11,0,0,2,0,0,0.091,0.232,0.603
nofund,aggressive,mid,stock,10,20,P2,82,82,0.343,0.28,-16.351,-20.081,0.34,0.357,-2.474,0.343,0.439,10.0,820,794,0.9683,0,791,0,0,3,0,20,3,0,3,0,0,0.182,0.254,0.61
nofund,aggressive,mid,stock,10,20,2023,40,40,-0.942,-1.79,-10.105,-11.003,-0.921,-0.934,-2.717,-0.942,0.456,10.0,400,392,0.98,0,392,0,0,0,0,7,0,0,1,0,0,0.098,0.235,0.592
nofund,aggressive,mid,stock,10,20,2024,51,51,1.527,1.31,-8.581,-9.123,1.477,1.499,0.684,1.527,0.547,10,510,505,0.9902,0,505,0,0,0,0,4,0,0,1,0,0,0.086,0.229,0.61
nofund,aggressive,mid,stock,10,20,2025,50,50,0.299,0.22,-12.157,-13.039,0.46,0.415,-2.188,0.299,0.429,10.0,500,486,0.972,0,486,0,0,0,0,13,0,0,1,0,0,0.206,0.288,0.596
nofund,aggressive,mid,stock,10,20,2026,32,32,0.41,0.18,-20.07,-20.081,0.152,0.267,-2.919,0.41,0.454,10.0,320,308,0.9625,0,305,0,0,3,0,7,3,0,2,0,0,0.144,0.2,0.632
nofund,aggressive,mid,stock,10,63,ALL,165,165,0.673,0.45,-22.969,-30.532,0.85,0.478,-4.945,0.673,0.448,10,1650,1561,0.9461,0,1554,0,0,7,0,84,0,0,5,0,0,0.138,0.25,0.601
nofund,aggressive,mid,stock,10,63,P1,91,91,0.801,0.74,-12.983,-16.907,0.963,0.771,-2.625,0.801,0.468,10,910,879,0.9659,0,879,0,0,0,0,29,0,0,2,0,0,0.091,0.232,0.603
nofund,aggressive,mid,stock,10,63,P2,74,74,0.517,0.17,-26.549,-30.532,0.712,0.119,-7.799,0.517,0.423,10.0,740,682,0.9216,0,675,0,0,7,0,55,0,0,3,0,0,0.195,0.273,0.599
nofund,aggressive,mid,stock,10,63,2023,40,40,-0.156,-0.09,-14.221,-16.907,-0.301,-0.18,-4.712,-0.156,0.465,10.0,400,382,0.955,0,382,0,0,0,0,17,0,0,1,0,0,0.098,0.235,0.592
nofund,aggressive,mid,stock,10,63,2024,51,51,1.551,1.45,-11.339,-16.206,1.954,1.517,-0.987,1.551,0.471,10,510,497,0.9745,0,497,0,0,0,0,12,0,0,1,0,0,0.086,0.229,0.61
nofund,aggressive,mid,stock,10,63,2025,50,50,1.893,0.56,-21.043,-23.185,2.517,1.559,-6.668,1.893,0.446,10.0,500,460,0.92,0,458,0,0,2,0,39,0,0,1,0,0,0.206,0.288,0.596
nofund,aggressive,mid,stock,10,63,2026,24,24,-2.35,-0.38,-29.789,-30.532,-3.048,-2.883,-10.156,-2.35,0.376,10.0,240,222,0.925,0,217,0,0,5,0,16,0,0,2,0,0,0.171,0.242,0.604
nofund,aggressive,mid,stock,20,5,ALL,176,176,-0.003,-0.01,-7.317,-13.969,-0.008,-0.007,-0.491,-0.007,0.486,20.0,3512,3488,0.9932,8,3487,0,0,1,0,15,2,0,7,0,1,0.149,0.213,0.57
nofund,aggressive,mid,stock,20,5,P1,91,91,-0.063,-0.27,-4.337,-5.93,-0.066,-0.067,-0.568,-0.063,0.475,20,1820,1808,0.9934,0,1808,0,0,0,0,9,0,0,3,0,0,0.102,0.213,0.564
nofund,aggressive,mid,stock,20,5,P2,85,85,0.062,0.15,-8.694,-13.969,0.054,0.057,-0.409,0.053,0.498,20,1692,1680,0.9929,8,1679,0,0,1,0,6,2,0,4,0,1,0.199,0.213,0.576
nofund,aggressive,mid,stock,20,5,2023,40,40,-0.271,-0.95,-4.123,-4.377,-0.27,-0.274,-1.035,-0.271,0.458,20.0,800,792,0.99,0,792,0,0,0,0,6,0,0,2,0,0,0.099,0.216,0.565
nofund,aggressive,mid,stock,20,5,2024,51,51,0.1,0.29,-4.479,-5.93,0.094,0.095,-0.201,0.1,0.488,20,1020,1016,0.9961,0,1016,0,0,0,0,3,0,0,1,0,0,0.104,0.21,0.565
nofund,aggressive,mid,stock,20,5,2025,50,50,0.151,0.41,-5.194,-7.484,0.144,0.152,-0.344,0.136,0.498,20.0,992,985,0.9929,8,985,0,0,0,0,5,0,0,2,0,1,0.221,0.238,0.579
nofund,aggressive,mid,stock,20,5,2026,35,35,-0.065,-0.08,-11.354,-13.969,-0.076,-0.078,-0.502,-0.065,0.497,20,700,695,0.9929,0,694,0,0,1,0,1,2,0,2,0,0,0.167,0.177,0.574
nofund,aggressive,mid,stock,20,20,ALL,173,173,-0.055,-0.09,-11.919,-17.683,-0.062,-0.051,-2.023,-0.074,0.464,20,3452,3378,0.9786,8,3374,0,0,4,0,64,3,0,7,0,1,0.151,0.216,0.569
nofund,aggressive,mid,stock,20,20,P1,91,91,0.065,0.1,-7.091,-8.168,0.049,0.063,-1.965,0.065,0.482,20,1820,1781,0.9786,0,1781,0,0,0,0,36,0,0,3,0,0,0.102,0.213,0.564
nofund,aggressive,mid,stock,20,20,P2,82,82,-0.188,-0.19,-13.783,-17.683,-0.184,-0.178,-2.087,-0.229,0.443,20.0,1632,1597,0.9786,8,1593,0,0,4,0,28,3,0,4,0,1,0.206,0.219,0.575
nofund,aggressive,mid,stock,20,20,2023,40,40,-1.16,-3.28,-6.68,-7.494,-1.118,-1.128,-4.325,-1.16,0.44,20.0,800,773,0.9663,0,773,0,0,0,0,25,0,0,2,0,0,0.099,0.216,0.565
nofund,aggressive,mid,stock,20,20,2024,51,51,1.026,1.02,-7.175,-8.168,0.964,0.997,-0.114,1.026,0.515,20,1020,1008,0.9882,0,1008,0,0,0,0,11,0,0,1,0,0,0.104,0.21,0.565
nofund,aggressive,mid,stock,20,20,2025,50,50,-0.102,-0.09,-11.029,-12.73,-0.032,-0.065,-1.876,-0.169,0.446,20.0,992,972,0.9798,8,972,0,0,0,0,18,0,0,2,0,1,0.221,0.238,0.579
nofund,aggressive,mid,stock,20,20,2026,32,32,-0.322,-0.17,-16.624,-17.683,-0.422,-0.355,-2.418,-0.322,0.439,20.0,640,625,0.9766,0,621,0,0,4,0,10,3,0,2,0,0,0.181,0.191,0.571
nofund,aggressive,mid,stock,20,63,ALL,165,165,1.151,0.72,-18.935,-26.417,1.229,1.053,-4.325,1.093,0.452,20,3292,3118,0.9471,8,3107,0,0,11,0,165,2,0,7,0,1,0.156,0.223,0.567
nofund,aggressive,mid,stock,20,63,P1,91,91,0.805,0.74,-10.384,-12.634,0.859,0.793,-3.769,0.805,0.466,20,1820,1739,0.9555,0,1739,0,0,0,0,78,0,0,3,0,0,0.102,0.213,0.564
nofund,aggressive,mid,stock,20,63,P2,74,74,1.577,0.48,-25.257,-26.417,1.685,1.372,-5.008,1.448,0.435,20.0,1472,1379,0.9368,8,1368,0,0,11,0,87,2,0,4,0,1,0.222,0.235,0.571
nofund,aggressive,mid,stock,20,63,2023,40,40,-0.633,-0.39,-12.123,-12.634,-0.675,-0.582,-7.251,-0.633,0.448,20.0,800,748,0.935,0,748,0,0,0,0,50,0,0,2,0,0,0.099,0.216,0.565
nofund,aggressive,mid,stock,20,63,2024,51,51,1.933,2.06,-7.678,-8.382,2.062,1.871,-1.038,1.933,0.479,20,1020,991,0.9716,0,991,0,0,0,0,28,0,0,1,0,0,0.104,0.21,0.565
nofund,aggressive,mid,stock,20,63,2025,50,50,3.259,0.88,-13.559,-15.479,3.518,3.035,-3.288,3.068,0.472,20.0,992,930,0.9375,8,925,0,0,5,0,60,0,0,2,0,1,0.221,0.238,0.579
nofund,aggressive,mid,stock,20,63,2026,24,24,-1.927,-0.3,-26.415,-26.417,-2.135,-2.091,-8.591,-1.927,0.359,20.0,480,449,0.9354,0,443,0,0,6,0,27,2,0,2,0,0,0.223,0.229,0.557
nofund,aggressive,short,mixed,10,5,ALL,176,176,0.148,0.61,-7.038,-13.082,0.142,0.141,-0.315,0.148,0.487,10.0,1760,1751,0.9949,0,1751,0,0,0,0,7,1,0,1,0,0,0.138,0.326,0.632
nofund,aggressive,short,mixed,10,5,P1,91,91,0.074,0.27,-3.994,-4.747,0.072,0.074,-0.265,0.074,0.458,10,910,906,0.9956,0,906,0,0,0,0,3,0,0,1,0,0,0.116,0.316,0.634
nofund,aggressive,short,mixed,10,5,P2,85,85,0.228,0.55,-8.617,-13.082,0.217,0.212,-0.368,0.228,0.518,10,850,845,0.9941,0,845,0,0,0,0,4,1,0,0,0,0,0.162,0.336,0.63
nofund,aggressive,short,mixed,10,5,2023,40,40,0.161,0.51,-4.234,-4.747,0.162,0.163,-0.353,0.161,0.466,10.0,400,397,0.9925,0,397,0,0,0,0,2,0,0,1,0,0,0.104,0.316,0.605
nofund,aggressive,short,mixed,10,5,2024,51,51,0.006,0.01,-3.835,-4.145,0.001,0.004,-0.195,0.006,0.452,10,510,509,0.998,0,509,0,0,0,0,1,0,0,0,0,0,0.126,0.316,0.654
nofund,aggressive,short,mixed,10,5,2025,50,50,0.273,0.58,-7.596,-8.687,0.258,0.264,-0.33,0.273,0.543,10.0,500,497,0.994,0,497,0,0,0,0,3,0,0,0,0,0,0.184,0.377,0.622
nofund,aggressive,short,mixed,10,5,2026,35,35,0.164,0.22,-10.15,-13.082,0.157,0.138,-0.423,0.164,0.482,10,350,348,0.9943,0,348,0,0,0,0,1,1,0,0,0,0,0.131,0.278,0.641
nofund,aggressive,short,mixed,10,20,ALL,173,173,-0.443,-0.69,-13.809,-16.652,-0.453,-0.41,-2.059,-0.443,0.459,10,1730,1701,0.9832,0,1699,0,0,2,0,27,1,0,1,0,0,0.141,0.331,0.633
nofund,aggressive,short,mixed,10,20,P1,91,91,0.092,0.12,-10.032,-12.465,0.088,0.116,-1.019,0.092,0.48,10,910,899,0.9879,0,899,0,0,0,0,10,0,0,1,0,0,0.116,0.316,0.634
nofund,aggressive,short,mixed,10,20,P2,82,82,-1.037,-1.02,-15.448,-16.652,-1.054,-0.995,-3.212,-1.037,0.437,10.0,820,802,0.978,0,800,0,0,2,0,17,1,0,0,0,0,0.168,0.347,0.631
nofund,aggressive,short,mixed,10,20,2023,40,40,-0.651,-0.99,-8.32,-10.471,-0.645,-0.642,-1.933,-0.651,0.476,10.0,400,394,0.985,0,394,0,0,0,0,5,0,0,1,0,0,0.104,0.316,0.605
nofund,aggressive,short,mixed,10,20,2024,51,51,0.675,0.53,-10.58,-12.465,0.663,0.71,-0.302,0.675,0.483,10,510,505,0.9902,0,505,0,0,0,0,5,0,0,0,0,0,0.126,0.316,0.654
nofund,aggressive,short,mixed,10,20,2025,50,50,-0.879,-0.67,-14.786,-16.652,-0.8,-0.811,-3.4,-0.879,0.443,10.0,500,487,0.974,0,487,0,0,0,0,13,0,0,0,0,0,0.184,0.377,0.622
nofund,aggressive,short,mixed,10,20,2026,32,32,-1.284,-0.79,-16.311,-16.599,-1.45,-1.281,-2.919,-1.284,0.426,10.0,320,315,0.9844,0,313,0,0,2,0,4,1,0,0,0,0,0.143,0.301,0.645
nofund,aggressive,short,mixed,10,63,ALL,165,165,-0.677,-0.41,-20.713,-29.317,-0.458,-0.61,-5.344,-0.677,0.417,10,1650,1576,0.9552,0,1572,0,0,4,0,73,0,0,1,0,0,0.146,0.338,0.63
nofund,aggressive,short,mixed,10,63,P1,91,91,0.07,0.08,-12.809,-14.386,0.09,0.007,-3.527,0.07,0.426,10,910,879,0.9659,0,879,0,0,0,0,30,0,0,1,0,0,0.116,0.316,0.634
nofund,aggressive,short,mixed,10,63,P2,74,74,-1.595,-0.46,-23.72,-29.317,-1.131,-1.37,-7.58,-1.595,0.405,10.0,740,697,0.9419,0,693,0,0,4,0,43,0,0,0,0,0,0.182,0.366,0.625
nofund,aggressive,short,mixed,10,63,2023,40,40,-1.025,-1.15,-11.12,-11.578,-1.262,-1.126,-5.737,-1.025,0.428,10.0,400,382,0.955,0,382,0,0,0,0,17,0,0,1,0,0,0.104,0.316,0.605
nofund,aggressive,short,mixed,10,63,2024,51,51,0.929,0.71,-13.58,-14.386,1.15,0.896,-1.793,0.929,0.424,10,510,497,0.9745,0,497,0,0,0,0,13,0,0,0,0,0,0.126,0.316,0.654
nofund,aggressive,short,mixed,10,63,2025,50,50,0.994,0.23,-19.336,-20.493,1.66,1.228,-6.237,0.994,0.447,10.0,500,465,0.93,0,465,0,0,0,0,35,0,0,0,0,0,0.184,0.377,0.622
nofund,aggressive,short,mixed,10,63,2026,24,24,-6.989,-1.73,-27.344,-29.317,-6.947,-6.782,-10.377,-6.989,0.319,10.0,240,232,0.9667,0,228,0,0,4,0,8,0,0,0,0,0,0.178,0.344,0.63
nofund,aggressive,short,mixed,20,5,ALL,176,176,-0.091,-0.44,-6.726,-11.986,-0.091,-0.093,-0.519,-0.091,0.477,20.0,3520,3500,0.9943,0,3500,0,0,0,0,14,1,0,5,0,0,0.143,0.294,0.577
nofund,aggressive,short,mixed,20,5,P1,91,91,-0.026,-0.12,-3.517,-5.058,-0.028,-0.027,-0.417,-0.026,0.46,20,1820,1810,0.9945,0,1810,0,0,0,0,7,0,0,3,0,0,0.119,0.288,0.573
nofund,aggressive,short,mixed,20,5,P2,85,85,-0.161,-0.45,-8.064,-11.986,-0.158,-0.164,-0.627,-0.161,0.495,20,1700,1690,0.9941,0,1690,0,0,0,0,7,1,0,2,0,0,0.17,0.3,0.582
nofund,aggressive,short,mixed,20,5,2023,40,40,-0.191,-0.68,-4.254,-5.058,-0.195,-0.193,-0.827,-0.191,0.465,20.0,800,794,0.9925,0,794,0,0,0,0,5,0,0,1,0,0,0.119,0.298,0.559
nofund,aggressive,short,mixed,20,5,2024,51,51,0.102,0.3,-2.912,-2.97,0.102,0.102,-0.096,0.102,0.456,20,1020,1016,0.9961,0,1016,0,0,0,0,2,0,0,2,0,0,0.119,0.281,0.582
nofund,aggressive,short,mixed,20,5,2025,50,50,0.154,0.38,-6.392,-8.66,0.156,0.155,-0.437,0.154,0.507,20.0,1000,993,0.993,0,993,0,0,0,0,6,0,0,1,0,0,0.186,0.32,0.553
nofund,aggressive,short,mixed,20,5,2026,35,35,-0.611,-0.97,-9.352,-11.986,-0.607,-0.618,-0.899,-0.611,0.479,20,700,697,0.9957,0,697,0,0,0,0,1,1,0,1,0,0,0.146,0.27,0.625
nofund,aggressive,short,mixed,20,20,ALL,173,173,-0.609,-1.11,-12.289,-14.757,-0.624,-0.598,-2.276,-0.609,0.447,20,3460,3398,0.9821,0,3395,0,0,3,0,55,2,0,5,0,0,0.146,0.297,0.575
nofund,aggressive,short,mixed,20,20,P1,91,91,-0.225,-0.38,-7.474,-10.146,-0.24,-0.219,-1.755,-0.225,0.463,20,1820,1790,0.9835,0,1790,0,0,0,0,27,0,0,3,0,0,0.119,0.288,0.573
nofund,aggressive,short,mixed,20,20,P2,82,82,-1.035,-1.1,-13.671,-14.757,-1.05,-1.019,-2.853,-1.035,0.428,20.0,1640,1608,0.9805,0,1605,0,0,3,0,28,2,0,2,0,0,0.175,0.307,0.578
nofund,aggressive,short,mixed,20,20,2023,40,40,-1.061,-1.98,-8.531,-10.146,-1.058,-1.04,-3.498,-1.061,0.446,20.0,800,780,0.975,0,780,0,0,0,0,19,0,0,1,0,0,0.119,0.298,0.559
nofund,aggressive,short,mixed,20,20,2024,51,51,0.43,0.46,-6.77,-8.068,0.401,0.425,-0.388,0.43,0.476,20,1020,1010,0.9902,0,1010,0,0,0,0,8,0,0,2,0,0,0.119,0.281,0.582
nofund,aggressive,short,mixed,20,20,2025,50,50,-0.329,-0.26,-13.28,-14.482,-0.289,-0.293,-2.474,-0.329,0.442,20.0,1000,977,0.977,0,977,0,0,0,0,22,0,0,1,0,0,0.186,0.32,0.553
nofund,aggressive,short,mixed,20,20,2026,32,32,-2.139,-1.67,-14.258,-14.757,-2.238,-2.152,-3.445,-2.139,0.407,20.0,640,631,0.9859,0,628,0,0,3,0,6,2,0,1,0,0,0.158,0.287,0.619
nofund,aggressive,short,mixed,20,63,ALL,165,165,-0.508,-0.32,-17.365,-23.246,-0.395,-0.504,-5.481,-0.508,0.421,20,3300,3142,0.9521,0,3134,0,0,8,0,153,0,0,5,0,0,0.151,0.304,0.573
nofund,aggressive,short,mixed,20,63,P1,91,91,-0.606,-0.7,-11.055,-14.168,-0.542,-0.602,-4.995,-0.606,0.419,20,1820,1743,0.9577,0,1741,0,0,2,0,74,0,0,3,0,0,0.119,0.288,0.573
nofund,aggressive,short,mixed,20,63,P2,74,74,-0.388,-0.11,-20.212,-23.246,-0.213,-0.385,-6.08,-0.388,0.423,20.0,1480,1399,0.9453,0,1393,0,0,6,0,79,0,0,2,0,0,0.19,0.323,0.573
nofund,aggressive,short,mixed,20,63,2023,40,40,-1.909,-1.84,-12.022,-14.168,-2.076,-1.866,-8.55,-1.909,0.413,20.0,800,750,0.9375,0,750,0,0,0,0,49,0,0,1,0,0,0.119,0.298,0.559
nofund,aggressive,short,mixed,20,63,2024,51,51,0.416,0.42,-10.383,-13.347,0.661,0.39,-2.206,0.416,0.424,20,1020,993,0.9735,0,991,0,0,2,0,25,0,0,2,0,0,0.119,0.281,0.582
nofund,aggressive,short,mixed,20,63,2025,50,50,2.626,0.62,-16.456,-17.219,2.834,2.547,-4.049,2.626,0.478,20.0,1000,937,0.937,0,936,0,0,1,0,62,0,0,1,0,0,0.186,0.32,0.553
nofund,aggressive,short,mixed,20,63,2026,24,24,-6.668,-2.08,-22.396,-23.246,-6.561,-6.493,-10.31,-6.668,0.306,20.0,480,462,0.9625,0,457,0,0,5,0,17,0,0,1,0,0,0.198,0.328,0.617
nofund,aggressive,short,stock,10,5,ALL,176,176,0.143,0.59,-7.088,-13.012,0.138,0.136,-0.32,0.143,0.488,10.0,1760,1750,0.9943,0,1750,0,0,0,0,7,1,0,2,0,0,0.141,0.323,0.641
nofund,aggressive,short,stock,10,5,P1,91,91,0.109,0.4,-3.963,-4.747,0.11,0.109,-0.23,0.109,0.464,10,910,905,0.9945,0,905,0,0,0,0,3,0,0,2,0,0,0.119,0.314,0.647
nofund,aggressive,short,stock,10,5,P2,85,85,0.18,0.43,-8.603,-13.012,0.169,0.164,-0.416,0.18,0.513,10,850,845,0.9941,0,845,0,0,0,0,4,1,0,0,0,0,0.166,0.333,0.635
nofund,aggressive,short,stock,10,5,2023,40,40,0.17,0.53,-4.234,-4.747,0.171,0.172,-0.344,0.17,0.466,10.0,400,397,0.9925,0,397,0,0,0,0,2,0,0,1,0,0,0.103,0.315,0.603
nofund,aggressive,short,stock,10,5,2024,51,51,0.06,0.15,-3.782,-4.145,0.062,0.059,-0.14,0.06,0.463,10,510,508,0.9961,0,508,0,0,0,0,1,0,0,1,0,0,0.131,0.314,0.678
nofund,aggressive,short,stock,10,5,2025,50,50,0.19,0.41,-7.596,-8.687,0.176,0.182,-0.412,0.19,0.537,10.0,500,497,0.994,0,497,0,0,0,0,3,0,0,0,0,0,0.192,0.372,0.624
nofund,aggressive,short,stock,10,5,2026,35,35,0.165,0.22,-10.115,-13.012,0.158,0.139,-0.422,0.165,0.479,10,350,348,0.9943,0,348,0,0,0,0,1,1,0,0,0,0,0.129,0.277,0.653
nofund,aggressive,short,stock,10,20,ALL,173,173,-0.426,-0.66,-13.814,-16.652,-0.431,-0.388,-2.036,-0.426,0.463,10,1730,1700,0.9827,0,1698,0,0,2,0,27,1,0,2,0,0,0.144,0.328,0.64
nofund,aggressive,short,stock,10,20,P1,91,91,0.202,0.26,-10.038,-12.465,0.194,0.224,-0.911,0.202,0.493,10,910,898,0.9868,0,898,0,0,0,0,10,0,0,2,0,0,0.119,0.314,0.647
nofund,aggressive,short,stock,10,20,P2,82,82,-1.124,-1.09,-15.448,-16.652,-1.126,-1.066,-3.284,-1.124,0.43,10.0,820,802,0.978,0,800,0,0,2,0,17,1,0,0,0,0,0.172,0.344,0.633
nofund,aggressive,short,stock,10,20,2023,40,40,-0.643,-0.98,-8.32,-10.471,-0.637,-0.634,-1.925,-0.643,0.476,10.0,400,394,0.985,0,394,0,0,0,0,5,0,0,1,0,0,0.103,0.315,0.603
nofund,aggressive,short,stock,10,20,2024,51,51,0.865,0.68,-10.58,-12.465,0.847,0.897,-0.115,0.865,0.506,10,510,504,0.9882,0,504,0,0,0,0,5,0,0,1,0,0,0.131,0.314,0.678
nofund,aggressive,short,stock,10,20,2025,50,50,-0.986,-0.74,-14.786,-16.652,-0.888,-0.899,-3.488,-0.986,0.434,10.0,500,487,0.974,0,487,0,0,0,0,13,0,0,0,0,0,0.192,0.372,0.624
nofund,aggressive,short,stock,10,20,2026,32,32,-1.339,-0.83,-16.311,-16.599,-1.497,-1.327,-2.965,-1.339,0.423,10.0,320,315,0.9844,0,313,0,0,2,0,4,1,0,0,0,0,0.141,0.3,0.652
nofund,aggressive,short,stock,10,63,ALL,165,165,-0.422,-0.25,-20.604,-29.317,-0.198,-0.359,-5.221,-0.422,0.425,10,1650,1573,0.9533,0,1568,0,0,5,0,75,0,0,2,0,0,0.149,0.336,0.637
nofund,aggressive,short,stock,10,63,P1,91,91,0.393,0.4,-12.531,-14.953,0.413,0.32,-3.332,0.393,0.443,10,910,877,0.9637,0,877,0,0,0,0,31,0,0,2,0,0,0.119,0.314,0.647
nofund,aggressive,short,stock,10,63,P2,74,74,-1.424,-0.41,-23.72,-29.317,-0.95,-1.193,-7.543,-1.424,0.403,10.0,740,696,0.9405,0,691,0,0,5,0,44,0,0,0,0,0,0.186,0.362,0.625
nofund,aggressive,short,stock,10,63,2023,40,40,-1.09,-1.2,-11.296,-11.578,-1.32,-1.185,-6.065,-1.09,0.426,10.0,400,381,0.9525,0,381,0,0,0,0,18,0,0,1,0,0,0.103,0.315,0.603
nofund,aggressive,short,stock,10,63,2024,51,51,1.556,1.22,-13.355,-14.953,1.773,1.5,-1.189,1.556,0.457,10,510,496,0.9725,0,496,0,0,0,0,13,0,0,1,0,0,0.131,0.314,0.678
nofund,aggressive,short,stock,10,63,2025,50,50,1.231,0.28,-19.086,-20.493,1.861,1.439,-6.026,1.231,0.442,10.0,500,465,0.93,0,464,0,0,1,0,35,0,0,0,0,0,0.192,0.372,0.624
nofund,aggressive,short,stock,10,63,2026,24,24,-6.957,-1.72,-27.344,-29.317,-6.807,-6.678,-10.704,-6.957,0.32,10.0,240,231,0.9625,0,227,0,0,4,0,9,0,0,0,0,0,0.175,0.342,0.63
nofund,aggressive,short,stock,20,5,ALL,176,176,-0.089,-0.43,-6.731,-12.027,-0.09,-0.092,-0.517,-0.089,0.478,20.0,3520,3500,0.9943,0,3500,0,0,0,0,14,1,0,5,0,0,0.144,0.294,0.581
nofund,aggressive,short,stock,20,5,P1,91,91,-0.022,-0.1,-3.654,-5.058,-0.024,-0.023,-0.413,-0.022,0.464,20,1820,1810,0.9945,0,1810,0,0,0,0,7,0,0,3,0,0,0.12,0.288,0.576
nofund,aggressive,short,stock,20,5,P2,85,85,-0.161,-0.45,-8.072,-12.027,-0.16,-0.165,-0.628,-0.161,0.493,20,1700,1690,0.9941,0,1690,0,0,0,0,7,1,0,2,0,0,0.169,0.3,0.586
nofund,aggressive,short,stock,20,5,2023,40,40,-0.175,-0.62,-4.254,-5.058,-0.18,-0.178,-0.812,-0.175,0.469,20.0,800,794,0.9925,0,794,0,0,0,0,5,0,0,1,0,0,0.119,0.299,0.558
nofund,aggressive,short,stock,20,5,2024,51,51,0.098,0.28,-3.154,-3.633,0.097,0.098,-0.101,0.098,0.46,20,1020,1016,0.9961,0,1016,0,0,0,0,2,0,0,2,0,0,0.121,0.279,0.589
nofund,aggressive,short,stock,20,5,2025,50,50,0.138,0.34,-6.392,-8.66,0.139,0.139,-0.453,0.138,0.505,20.0,1000,993,0.993,0,993,0,0,0,0,6,0,0,1,0,0,0.186,0.322,0.558
nofund,aggressive,short,stock,20,5,2026,35,35,-0.59,-0.93,-9.373,-12.027,-0.587,-0.598,-0.879,-0.59,0.477,20,700,697,0.9957,0,697,0,0,0,0,1,1,0,1,0,0,0.146,0.269,0.626
nofund,aggressive,short,stock,20,20,ALL,173,173,-0.641,-1.17,-12.348,-14.757,-0.653,-0.631,-2.392,-0.641,0.446,20,3460,3395,0.9812,0,3392,0,0,3,0,57,3,0,5,0,0,0.146,0.297,0.579
nofund,aggressive,short,stock,20,20,P1,91,91,-0.23,-0.38,-7.474,-10.146,-0.248,-0.227,-1.819,-0.23,0.465,20,1820,1789,0.983,0,1789,0,0,0,0,28,0,0,3,0,0,0.12,0.288,0.576
nofund,aggressive,short,stock,20,20,P2,82,82,-1.097,-1.17,-13.778,-14.757,-1.102,-1.079,-3.029,-1.097,0.424,20.0,1640,1606,0.9793,0,1603,0,0,3,0,29,3,0,2,0,0,0.175,0.308,0.582
nofund,aggressive,short,stock,20,20,2023,40,40,-1.039,-1.96,-8.531,-10.146,-1.038,-1.02,-3.478,-1.039,0.445,20.0,800,780,0.975,0,780,0,0,0,0,19,0,0,1,0,0,0.119,0.299,0.558
nofund,aggressive,short,stock,20,20,2024,51,51,0.403,0.42,-6.77,-8.068,0.372,0.396,-0.518,0.403,0.481,20,1020,1009,0.9892,0,1009,0,0,0,0,9,0,0,2,0,0,0.121,0.279,0.589
nofund,aggressive,short,stock,20,20,2025,50,50,-0.428,-0.34,-13.458,-14.482,-0.374,-0.387,-2.659,-0.428,0.437,20.0,1000,976,0.976,0,976,0,0,0,0,23,0,0,1,0,0,0.186,0.322,0.558
nofund,aggressive,short,stock,20,20,2026,32,32,-2.143,-1.67,-14.258,-14.757,-2.24,-2.16,-3.606,-2.143,0.404,20.0,640,630,0.9844,0,627,0,0,3,0,6,3,0,1,0,0,0.158,0.286,0.621
nofund,aggressive,short,stock,20,63,ALL,165,165,-0.466,-0.28,-17.477,-23.246,-0.344,-0.456,-5.496,-0.466,0.422,20,3300,3140,0.9515,0,3132,0,0,8,0,155,0,0,5,0,0,0.151,0.304,0.576
nofund,aggressive,short,stock,20,63,P1,91,91,-0.567,-0.64,-11.263,-14.168,-0.502,-0.561,-5.01,-0.567,0.424,20,1820,1742,0.9571,0,1740,0,0,2,0,75,0,0,3,0,0,0.12,0.288,0.576
nofund,aggressive,short,stock,20,63,P2,74,74,-0.342,-0.1,-20.286,-23.246,-0.151,-0.326,-6.092,-0.342,0.42,20.0,1480,1398,0.9446,0,1392,0,0,6,0,80,0,0,2,0,0,0.19,0.324,0.577
nofund,aggressive,short,stock,20,63,2023,40,40,-1.94,-1.83,-12.081,-14.168,-2.108,-1.898,-8.582,-1.94,0.409,20.0,800,750,0.9375,0,750,0,0,0,0,49,0,0,1,0,0,0.119,0.299,0.558
nofund,aggressive,short,stock,20,63,2024,51,51,0.51,0.51,-10.717,-13.347,0.758,0.488,-2.209,0.51,0.436,20,1020,992,0.9725,0,990,0,0,2,0,26,0,0,2,0,0,0.121,0.279,0.589
nofund,aggressive,short,stock,20,63,2025,50,50,2.694,0.62,-16.79,-17.514,2.926,2.634,-4.068,2.694,0.474,20.0,1000,936,0.936,0,935,0,0,1,0,63,0,0,1,0,0,0.186,0.322,0.558
nofund,aggressive,short,stock,20,63,2026,24,24,-6.667,-2.08,-22.396,-23.246,-6.561,-6.493,-10.31,-6.667,0.309,20.0,480,462,0.9625,0,457,0,0,5,0,17,0,0,1,0,0,0.198,0.327,0.617
nofund,balanced,long,mixed,10,5,ALL,176,176,-0.024,-0.09,-9.151,-14.236,-0.029,-0.033,-0.712,-0.024,0.475,10.0,1759,1740,0.9892,1,1740,0,0,0,0,12,0,0,7,0,1,0.133,0.35,0.586
nofund,balanced,long,mixed,10,5,P1,91,91,-0.152,-0.56,-5.792,-8.806,-0.157,-0.16,-0.822,-0.152,0.46,10,910,901,0.9901,0,901,0,0,0,0,6,0,0,3,0,0,0.095,0.348,0.586
nofund,balanced,long,mixed,10,5,P2,85,85,0.113,0.25,-11.146,-14.236,0.109,0.104,-0.594,0.114,0.491,10,849,839,0.9882,1,839,0,0,0,0,6,0,0,4,0,1,0.173,0.353,0.587
nofund,balanced,long,mixed,10,5,2023,40,40,-0.533,-1.46,-5.49,-6.343,-0.523,-0.536,-1.287,-0.533,0.443,10.0,400,395,0.9875,0,395,0,0,0,0,3,0,0,2,0,0,0.091,0.342,0.59
nofund,balanced,long,mixed,10,5,2024,51,51,0.146,0.37,-5.928,-8.806,0.13,0.135,-0.457,0.146,0.474,10,510,506,0.9922,0,506,0,0,0,0,3,0,0,1,0,0,0.098,0.352,0.58
nofund,balanced,long,mixed,10,5,2025,50,50,-0.008,-0.02,-7.202,-12.964,-0.025,-0.01,-1.001,-0.005,0.483,10.0,499,492,0.986,1,492,0,0,0,0,5,0,0,2,0,1,0.195,0.376,0.586
nofund,balanced,long,mixed,10,5,2026,35,35,0.284,0.31,-12.068,-14.236,0.3,0.266,-0.012,0.284,0.502,10,350,347,0.9914,0,347,0,0,0,0,1,0,0,2,0,0,0.14,0.321,0.585
nofund,balanced,long,mixed,10,20,ALL,173,173,0.358,0.53,-13.166,-17.186,0.358,0.353,-2.106,0.353,0.483,10,1729,1680,0.9717,1,1678,0,0,2,0,39,3,0,7,0,1,0.134,0.354,0.585
nofund,balanced,long,mixed,10,20,P1,91,91,0.304,0.4,-9.606,-10.363,0.321,0.315,-1.82,0.304,0.495,10,910,888,0.9758,0,888,0,0,0,0,19,0,0,3,0,0,0.095,0.348,0.586
nofund,balanced,long,mixed,10,20,P2,82,82,0.418,0.37,-15.149,-17.186,0.4,0.396,-2.424,0.407,0.47,10.0,819,792,0.967,1,790,0,0,2,0,20,3,0,4,0,1,0.178,0.361,0.585
nofund,balanced,long,mixed,10,20,2023,40,40,-1.088,-1.8,-9.688,-10.363,-0.938,-0.99,-3.772,-1.088,0.449,10.0,400,387,0.9675,0,387,0,0,0,0,11,0,0,2,0,0,0.091,0.342,0.59
nofund,balanced,long,mixed,10,20,2024,51,51,1.396,1.17,-9.551,-9.952,1.309,1.339,-0.289,1.396,0.531,10,510,501,0.9824,0,501,0,0,0,0,8,0,0,1,0,0,0.098,0.352,0.58
nofund,balanced,long,mixed,10,20,2025,50,50,-0.041,-0.03,-15.722,-17.186,0.022,-0.015,-2.823,-0.059,0.465,10.0,499,483,0.9679,1,483,0,0,0,0,14,0,0,2,0,1,0.195,0.376,0.586
nofund,balanced,long,mixed,10,20,2026,32,32,1.136,0.63,-14.29,-14.355,0.991,1.038,-1.8,1.136,0.477,10.0,320,309,0.9656,0,307,0,0,2,0,6,3,0,2,0,0,0.15,0.338,0.581
nofund,balanced,long,mixed,10,63,ALL,165,165,1.61,1.23,-18.854,-24.805,1.683,1.359,-4.632,1.593,0.452,10,1649,1549,0.9394,1,1542,0,0,7,0,92,1,0,7,0,1,0.139,0.367,0.585
nofund,balanced,long,mixed,10,63,P1,91,91,1.419,1.34,-13.349,-16.431,1.487,1.356,-3.289,1.419,0.454,10,910,867,0.9527,0,867,0,0,0,0,40,0,0,3,0,0,0.095,0.348,0.586
nofund,balanced,long,mixed,10,63,P2,74,74,1.845,0.71,-21.963,-24.805,1.924,1.363,-6.285,1.808,0.45,10.0,739,682,0.9229,1,675,0,0,7,0,52,1,0,4,0,1,0.193,0.39,0.585
nofund,balanced,long,mixed,10,63,2023,40,40,0.576,0.38,-15.264,-16.431,0.567,0.64,-5.395,0.576,0.462,10.0,400,375,0.9375,0,375,0,0,0,0,23,0,0,2,0,0,0.091,0.342,0.59
nofund,balanced,long,mixed,10,63,2024,51,51,2.081,1.76,-12.073,-13.792,2.207,1.918,-1.637,2.081,0.448,10,510,492,0.9647,0,492,0,0,0,0,17,0,0,1,0,0,0.098,0.352,0.58
nofund,balanced,long,mixed,10,63,2025,50,50,3.158,1.05,-18.271,-19.913,3.517,2.627,-5.441,3.103,0.48,10.0,499,459,0.9198,1,456,0,0,3,0,38,0,0,2,0,1,0.195,0.376,0.586
nofund,balanced,long,mixed,10,63,2026,24,24,-0.89,-0.18,-24.754,-24.805,-1.397,-1.269,-8.045,-0.89,0.386,10.0,240,223,0.9292,0,219,0,0,4,0,14,1,0,2,0,0,0.187,0.418,0.578
nofund,balanced,long,mixed,20,5,ALL,176,176,-0.012,-0.05,-7.38,-12.066,-0.016,-0.015,-0.5,-0.008,0.484,20.0,3509,3485,0.9932,11,3484,0,0,1,0,15,2,0,7,0,1,0.14,0.321,0.563
nofund,balanced,long,mixed,20,5,P1,91,91,-0.068,-0.3,-4.772,-6.297,-0.071,-0.071,-0.516,-0.068,0.47,20,1820,1809,0.994,0,1809,0,0,0,0,8,0,0,3,0,0,0.093,0.319,0.544
nofund,balanced,long,mixed,20,5,P2,85,85,0.049,0.13,-8.819,-12.066,0.042,0.045,-0.483,0.056,0.499,20,1689,1676,0.9923,11,1675,0,0,1,0,7,2,0,4,0,1,0.191,0.324,0.583
nofund,balanced,long,mixed,20,5,2023,40,40,-0.38,-1.25,-4.403,-4.683,-0.375,-0.379,-1.014,-0.38,0.454,20.0,800,793,0.9912,0,793,0,0,0,0,5,0,0,2,0,0,0.087,0.322,0.554
nofund,balanced,long,mixed,20,5,2024,51,51,0.177,0.54,-5.019,-6.297,0.168,0.17,-0.126,0.177,0.483,20,1020,1016,0.9961,0,1016,0,0,0,0,3,0,0,1,0,0,0.098,0.317,0.535
nofund,balanced,long,mixed,20,5,2025,50,50,-0.107,-0.31,-6.499,-9.373,-0.111,-0.107,-0.603,-0.095,0.487,20.0,989,982,0.9929,11,982,0,0,0,0,5,0,0,2,0,1,0.218,0.345,0.586
nofund,balanced,long,mixed,20,5,2026,35,35,0.272,0.36,-10.557,-12.066,0.262,0.262,-0.312,0.272,0.517,20,700,694,0.9914,0,693,0,0,1,0,2,2,0,2,0,0,0.152,0.293,0.581
nofund,balanced,long,mixed,20,20,ALL,173,173,0.104,0.19,-11.019,-16.208,0.092,0.1,-2.338,0.08,0.467,20,3449,3359,0.9739,11,3356,0,0,3,0,79,4,0,7,0,1,0.142,0.324,0.563
nofund,balanced,long,mixed,20,20,P1,91,91,0.213,0.33,-7.237,-8.012,0.196,0.21,-2.204,0.213,0.48,20,1820,1774,0.9747,0,1774,0,0,0,0,43,0,0,3,0,0,0.093,0.319,0.544
nofund,balanced,long,mixed,20,20,P2,82,82,-0.018,-0.02,-12.627,-16.208,-0.023,-0.023,-2.485,-0.068,0.453,20.0,1629,1585,0.973,11,1582,0,0,3,0,36,4,0,4,0,1,0.196,0.33,0.584
nofund,balanced,long,mixed,20,20,2023,40,40,-1.163,-2.31,-6.953,-7.233,-1.087,-1.104,-4.41,-1.163,0.437,20.0,800,772,0.965,0,772,0,0,0,0,26,0,0,2,0,0,0.087,0.322,0.554
nofund,balanced,long,mixed,20,20,2024,51,51,1.292,1.3,-7.425,-8.012,1.201,1.241,-0.474,1.292,0.514,20,1020,1002,0.9824,0,1002,0,0,0,0,17,0,0,1,0,0,0.098,0.317,0.535
nofund,balanced,long,mixed,20,20,2025,50,50,-0.142,-0.12,-12.742,-16.208,-0.114,-0.133,-2.44,-0.224,0.459,20.0,989,964,0.9747,11,964,0,0,0,0,23,0,0,2,0,1,0.218,0.345,0.586
nofund,balanced,long,mixed,20,20,2026,32,32,0.177,0.12,-12.455,-13.639,0.12,0.15,-2.556,0.177,0.443,20.0,640,621,0.9703,0,618,0,0,3,0,13,4,0,2,0,0,0.163,0.306,0.584
nofund,balanced,long,mixed,20,63,ALL,165,165,1.551,1.06,-17.412,-23.809,1.582,1.392,-4.384,1.476,0.459,20,3289,3102,0.9431,11,3090,0,0,12,0,177,3,0,7,0,1,0.147,0.334,0.561
nofund,balanced,long,mixed,20,63,P1,91,91,1.247,0.99,-11.349,-12.361,1.296,1.213,-3.918,1.247,0.464,20,1820,1729,0.95,0,1729,0,0,0,0,88,0,0,3,0,0,0.093,0.319,0.544
nofund,balanced,long,mixed,20,63,P2,74,74,1.925,0.68,-21.322,-23.809,1.933,1.611,-4.957,1.757,0.454,20.0,1469,1373,0.9346,11,1361,0,0,12,0,89,3,0,4,0,1,0.213,0.352,0.581
nofund,balanced,long,mixed,20,63,2023,40,40,0.106,0.05,-12.034,-12.361,0.097,0.186,-7.268,0.106,0.447,20.0,800,742,0.9275,0,742,0,0,0,0,56,0,0,2,0,0,0.087,0.322,0.554
nofund,balanced,long,mixed,20,63,2024,51,51,2.142,1.86,-8.875,-10.302,2.236,2.018,-1.29,2.142,0.478,20,1020,987,0.9676,0,987,0,0,0,0,32,0,0,1,0,0,0.098,0.317,0.535
nofund,balanced,long,mixed,20,63,2025,50,50,3.937,1.16,-15.205,-18.439,4.024,3.539,-2.938,3.688,0.491,20.0,989,925,0.9353,11,918,0,0,7,0,62,0,0,2,0,1,0.218,0.345,0.586
nofund,balanced,long,mixed,20,63,2026,24,24,-2.268,-0.48,-22.679,-23.809,-2.423,-2.405,-9.164,-2.268,0.375,20.0,480,448,0.9333,0,443,0,0,5,0,27,3,0,2,0,0,0.202,0.366,0.574
nofund,balanced,long,stock,10,5,ALL,176,176,-0.025,-0.1,-9.104,-13.808,-0.029,-0.034,-0.77,-0.025,0.476,10.0,1759,1739,0.9886,1,1739,0,0,0,0,12,1,0,7,0,1,0.131,0.351,0.583
nofund,balanced,long,stock,10,5,P1,91,91,-0.117,-0.42,-5.981,-8.806,-0.122,-0.126,-0.788,-0.117,0.468,10,910,901,0.9901,0,901,0,0,0,0,6,0,0,3,0,0,0.095,0.347,0.581
nofund,balanced,long,stock,10,5,P2,85,85,0.073,0.16,-11.06,-13.808,0.07,0.065,-0.751,0.075,0.485,10,849,838,0.987,1,838,0,0,0,0,6,1,0,4,0,1,0.171,0.355,0.587
nofund,balanced,long,stock,10,5,2023,40,40,-0.537,-1.48,-5.49,-6.343,-0.527,-0.541,-1.292,-0.537,0.441,10.0,400,395,0.9875,0,395,0,0,0,0,3,0,0,2,0,0,0.092,0.345,0.582
nofund,balanced,long,stock,10,5,2024,51,51,0.212,0.52,-6.309,-8.806,0.196,0.2,-0.392,0.212,0.489,10,510,506,0.9922,0,506,0,0,0,0,3,0,0,1,0,0,0.096,0.349,0.578
nofund,balanced,long,stock,10,5,2025,50,50,-0.045,-0.1,-7.641,-12.964,-0.062,-0.047,-1.038,-0.043,0.477,10.0,499,492,0.986,1,492,0,0,0,0,5,0,0,2,0,1,0.194,0.374,0.584
nofund,balanced,long,stock,10,5,2026,35,35,0.242,0.26,-11.854,-13.808,0.259,0.225,-0.341,0.242,0.496,10,350,346,0.9886,0,346,0,0,0,0,1,1,0,2,0,0,0.137,0.329,0.588
nofund,balanced,long,stock,10,20,ALL,173,173,0.386,0.58,-13.063,-17.186,0.388,0.383,-2.076,0.381,0.486,10,1729,1680,0.9717,1,1678,0,0,2,0,39,3,0,7,0,1,0.133,0.354,0.583
nofund,balanced,long,stock,10,20,P1,91,91,0.383,0.5,-9.606,-10.363,0.396,0.391,-1.745,0.383,0.504,10,910,888,0.9758,0,888,0,0,0,0,19,0,0,3,0,0,0.095,0.347,0.581
nofund,balanced,long,stock,10,20,P2,82,82,0.391,0.34,-15.149,-17.186,0.379,0.375,-2.444,0.38,0.466,10.0,819,792,0.967,1,790,0,0,2,0,20,3,0,4,0,1,0.176,0.362,0.585
nofund,balanced,long,stock,10,20,2023,40,40,-1.014,-1.61,-9.688,-10.363,-0.866,-0.918,-3.7,-1.014,0.455,10.0,400,387,0.9675,0,387,0,0,0,0,11,0,0,2,0,0,0.092,0.345,0.582
nofund,balanced,long,stock,10,20,2024,51,51,1.478,1.24,-9.551,-9.952,1.386,1.417,-0.211,1.478,0.544,10,510,501,0.9824,0,501,0,0,0,0,8,0,0,1,0,0,0.096,0.349,0.578
nofund,balanced,long,stock,10,20,2025,50,50,-0.132,-0.09,-15.722,-17.186,-0.059,-0.096,-2.903,-0.15,0.459,10.0,499,483,0.9679,1,483,0,0,0,0,14,0,0,2,0,1,0.194,0.374,0.584
nofund,balanced,long,stock,10,20,2026,32,32,1.207,0.67,-14.29,-14.355,1.063,1.11,-1.728,1.207,0.476,10.0,320,309,0.9656,0,307,0,0,2,0,6,3,0,2,0,0,0.147,0.344,0.584
nofund,balanced,long,stock,10,63,ALL,165,165,1.841,1.37,-18.966,-24.805,1.899,1.573,-4.538,1.824,0.458,10,1649,1547,0.9381,1,1540,0,0,7,0,94,1,0,7,0,1,0.138,0.366,0.582
nofund,balanced,long,stock,10,63,P1,91,91,1.703,1.59,-13.349,-16.431,1.755,1.626,-3.019,1.703,0.467,10,910,867,0.9527,0,867,0,0,0,0,40,0,0,3,0,0,0.095,0.347,0.581
nofund,balanced,long,stock,10,63,P2,74,74,2.011,0.75,-22.215,-24.805,2.076,1.508,-6.406,1.974,0.448,10.0,739,680,0.9202,1,673,0,0,7,0,54,1,0,4,0,1,0.191,0.389,0.584
nofund,balanced,long,stock,10,63,2023,40,40,0.959,0.65,-15.264,-16.431,0.924,0.996,-5.038,0.959,0.468,10.0,400,375,0.9375,0,375,0,0,0,0,23,0,0,2,0,0,0.092,0.345,0.582
nofund,balanced,long,stock,10,63,2024,51,51,2.287,1.83,-12.073,-13.792,2.406,2.12,-1.435,2.287,0.466,10,510,492,0.9647,0,492,0,0,0,0,17,0,0,1,0,0,0.096,0.349,0.578
nofund,balanced,long,stock,10,63,2025,50,50,3.299,1.04,-18.607,-20.922,3.649,2.747,-5.714,3.244,0.476,10.0,499,457,0.9158,1,454,0,0,3,0,40,0,0,2,0,1,0.194,0.374,0.584
nofund,balanced,long,stock,10,63,2026,24,24,-0.673,-0.13,-24.754,-24.805,-1.201,-1.073,-7.849,-0.673,0.391,10.0,240,223,0.9292,0,219,0,0,4,0,14,1,0,2,0,0,0.183,0.421,0.578
nofund,balanced,long,stock,20,5,ALL,176,176,-0.002,-0.01,-7.452,-12.714,-0.007,-0.007,-0.519,0.001,0.484,20.0,3509,3484,0.9929,11,3483,0,0,1,0,16,2,0,7,0,1,0.143,0.321,0.563
nofund,balanced,long,stock,20,5,P1,91,91,-0.071,-0.31,-4.772,-6.297,-0.074,-0.076,-0.574,-0.071,0.472,20,1820,1808,0.9934,0,1808,0,0,0,0,9,0,0,3,0,0,0.095,0.318,0.546
nofund,balanced,long,stock,20,5,P2,85,85,0.072,0.19,-8.949,-12.714,0.065,0.067,-0.461,0.078,0.498,20,1689,1676,0.9923,11,1675,0,0,1,0,7,2,0,4,0,1,0.194,0.325,0.58
nofund,balanced,long,stock,20,5,2023,40,40,-0.4,-1.3,-4.403,-4.683,-0.395,-0.399,-1.034,-0.4,0.452,20.0,800,793,0.9912,0,793,0,0,0,0,5,0,0,2,0,0,0.089,0.318,0.554
nofund,balanced,long,stock,20,5,2024,51,51,0.187,0.56,-5.019,-6.297,0.178,0.178,-0.213,0.187,0.487,20,1020,1015,0.9951,0,1015,0,0,0,0,4,0,0,1,0,0,0.1,0.319,0.538
nofund,balanced,long,stock,20,5,2025,50,50,-0.097,-0.28,-6.592,-9.373,-0.102,-0.098,-0.593,-0.085,0.486,20.0,989,982,0.9929,11,982,0,0,0,0,5,0,0,2,0,1,0.221,0.349,0.582
nofund,balanced,long,stock,20,5,2026,35,35,0.312,0.41,-10.881,-12.714,0.302,0.302,-0.271,0.312,0.516,20,700,694,0.9914,0,693,0,0,1,0,2,2,0,2,0,0,0.156,0.29,0.582
nofund,balanced,long,stock,20,20,ALL,173,173,0.137,0.25,-10.968,-16.208,0.125,0.133,-2.393,0.114,0.468,20,3449,3356,0.973,11,3353,0,0,3,0,82,4,0,7,0,1,0.145,0.324,0.563
nofund,balanced,long,stock,20,20,P1,91,91,0.25,0.38,-7.237,-8.012,0.23,0.245,-2.338,0.25,0.483,20,1820,1771,0.9731,0,1771,0,0,0,0,46,0,0,3,0,0,0.095,0.318,0.546
nofund,balanced,long,stock,20,20,P2,82,82,0.013,0.01,-12.627,-16.208,0.009,0.009,-2.454,-0.037,0.451,20.0,1629,1585,0.973,11,1582,0,0,3,0,36,4,0,4,0,1,0.2,0.331,0.581
nofund,balanced,long,stock,20,20,2023,40,40,-1.166,-2.26,-6.953,-7.233,-1.086,-1.101,-4.538,-1.166,0.435,20.0,800,771,0.9637,0,771,0,0,0,0,27,0,0,2,0,0,0.089,0.318,0.554
nofund,balanced,long,stock,20,20,2024,51,51,1.359,1.36,-7.425,-8.012,1.261,1.3,-0.613,1.359,0.521,20,1020,1000,0.9804,0,1000,0,0,0,0,19,0,0,1,0,0,0.1,0.319,0.538
nofund,balanced,long,stock,20,20,2025,50,50,-0.098,-0.08,-12.742,-16.208,-0.069,-0.088,-2.395,-0.18,0.458,20.0,989,964,0.9747,11,964,0,0,0,0,23,0,0,2,0,1,0.221,0.349,0.582
nofund,balanced,long,stock,20,20,2026,32,32,0.186,0.12,-12.455,-13.639,0.131,0.161,-2.544,0.186,0.441,20.0,640,621,0.9703,0,618,0,0,3,0,13,4,0,2,0,0,0.167,0.303,0.585
nofund,balanced,long,stock,20,63,ALL,165,165,1.623,1.09,-17.53,-23.809,1.65,1.46,-4.409,1.548,0.462,20,3289,3099,0.9422,11,3087,0,0,12,0,180,3,0,7,0,1,0.149,0.334,0.56
nofund,balanced,long,stock,20,63,P1,91,91,1.336,1.03,-11.828,-13.313,1.377,1.295,-4.006,1.336,0.471,20,1820,1726,0.9484,0,1726,0,0,0,0,91,0,0,3,0,0,0.095,0.318,0.546
nofund,balanced,long,stock,20,63,P2,74,74,1.976,0.69,-21.358,-23.809,1.985,1.664,-4.905,1.808,0.451,20.0,1469,1373,0.9346,11,1361,0,0,12,0,89,3,0,4,0,1,0.216,0.354,0.577
nofund,balanced,long,stock,20,63,2023,40,40,0.07,0.03,-12.837,-13.313,0.073,0.165,-7.416,0.07,0.446,20.0,800,741,0.9263,0,741,0,0,0,0,57,0,0,2,0,0,0.089,0.318,0.554
nofund,balanced,long,stock,20,63,2024,51,51,2.33,1.97,-8.932,-10.475,2.399,2.181,-1.331,2.33,0.491,20,1020,985,0.9657,0,985,0,0,0,0,34,0,0,1,0,0,0.1,0.319,0.538
nofund,balanced,long,stock,20,63,2025,50,50,4.043,1.16,-15.252,-18.582,4.129,3.644,-2.833,3.794,0.488,20.0,989,925,0.9353,11,918,0,0,7,0,62,0,0,2,0,1,0.221,0.349,0.582
nofund,balanced,long,stock,20,63,2026,24,24,-2.33,-0.49,-22.679,-23.809,-2.48,-2.462,-9.221,-2.33,0.375,20.0,480,448,0.9333,0,443,0,0,5,0,27,3,0,2,0,0,0.204,0.365,0.574
nofund,balanced,mid,mixed,10,5,ALL,176,176,0.009,0.04,-7.532,-11.125,0.007,0.002,-0.62,0.01,0.475,10.0,1759,1743,0.9909,1,1743,0,0,0,0,10,1,0,5,0,1,0.134,0.373,0.616
nofund,balanced,mid,mixed,10,5,P1,91,91,-0.142,-0.55,-4.65,-5.685,-0.146,-0.145,-0.695,-0.142,0.462,10,910,903,0.9923,0,903,0,0,0,0,5,0,0,2,0,0,0.096,0.369,0.622
nofund,balanced,mid,mixed,10,5,P2,85,85,0.17,0.4,-9.259,-11.125,0.17,0.16,-0.539,0.172,0.489,10,849,840,0.9894,1,840,0,0,0,0,5,1,0,3,0,1,0.175,0.376,0.611
nofund,balanced,mid,mixed,10,5,2023,40,40,-0.54,-1.57,-4.507,-4.637,-0.539,-0.54,-1.291,-0.54,0.448,10.0,400,396,0.99,0,396,0,0,0,0,3,0,0,1,0,0,0.089,0.36,0.636
nofund,balanced,mid,mixed,10,5,2024,51,51,0.17,0.47,-4.707,-5.685,0.163,0.165,-0.228,0.17,0.472,10,510,507,0.9941,0,507,0,0,0,0,2,0,0,1,0,0,0.101,0.376,0.61
nofund,balanced,mid,mixed,10,5,2025,50,50,-0.049,-0.11,-6.93,-10.652,-0.065,-0.05,-0.845,-0.046,0.479,10.0,499,494,0.99,1,494,0,0,0,0,4,0,0,1,0,1,0.201,0.409,0.608
nofund,balanced,mid,mixed,10,5,2026,35,35,0.483,0.58,-10.308,-11.125,0.505,0.46,-0.102,0.483,0.504,10,350,346,0.9886,0,346,0,0,0,0,1,1,0,2,0,0,0.137,0.33,0.612
nofund,balanced,mid,mixed,10,20,ALL,173,173,0.103,0.16,-11.913,-14.94,0.104,0.1,-2.062,0.097,0.473,10,1729,1687,0.9757,1,1685,0,0,2,0,34,3,0,5,0,1,0.136,0.377,0.616
nofund,balanced,mid,mixed,10,20,P1,91,91,0.42,0.53,-8.252,-10.821,0.423,0.421,-1.382,0.42,0.489,10,910,892,0.9802,0,892,0,0,0,0,16,0,0,2,0,0,0.096,0.369,0.622
nofund,balanced,mid,mixed,10,20,P2,82,82,-0.249,-0.24,-13.314,-14.94,-0.25,-0.256,-2.818,-0.26,0.455,10.0,819,795,0.9707,1,793,0,0,2,0,18,3,0,3,0,1,0.181,0.385,0.61
nofund,balanced,mid,mixed,10,20,2023,40,40,-1.056,-1.98,-8.343,-8.374,-0.976,-1.003,-3.525,-1.056,0.451,10.0,400,389,0.9725,0,389,0,0,0,0,10,0,0,1,0,0,0.089,0.36,0.636
nofund,balanced,mid,mixed,10,20,2024,51,51,1.578,1.24,-8.192,-10.821,1.52,1.538,0.3,1.578,0.519,10,510,503,0.9863,0,503,0,0,0,0,6,0,0,1,0,0,0.101,0.376,0.61
nofund,balanced,mid,mixed,10,20,2025,50,50,-0.748,-0.56,-14.181,-14.94,-0.657,-0.696,-3.081,-0.766,0.45,10.0,499,486,0.9739,1,486,0,0,0,0,12,0,0,1,0,1,0.201,0.409,0.608
nofund,balanced,mid,mixed,10,20,2026,32,32,0.529,0.31,-12.014,-12.174,0.386,0.431,-2.407,0.529,0.464,10.0,320,309,0.9656,0,307,0,0,2,0,6,3,0,2,0,0,0.149,0.348,0.61
nofund,balanced,mid,mixed,10,63,ALL,165,165,1.061,0.78,-18.361,-25.442,1.175,0.888,-5.145,1.044,0.452,10,1649,1550,0.94,1,1544,0,0,6,0,92,2,0,5,0,1,0.142,0.389,0.616
nofund,balanced,mid,mixed,10,63,P1,91,91,1.628,1.47,-12.04,-14.298,1.642,1.573,-2.745,1.628,0.464,10,910,871,0.9571,0,871,0,0,0,0,37,0,0,2,0,0,0.096,0.369,0.622
nofund,balanced,mid,mixed,10,63,P2,74,74,0.364,0.13,-21.897,-25.442,0.6,0.045,-8.097,0.327,0.436,10.0,739,679,0.9188,1,673,0,0,6,0,55,2,0,3,0,1,0.198,0.414,0.611
nofund,balanced,mid,mixed,10,63,2023,40,40,0.073,0.06,-13.546,-14.298,-0.065,0.03,-6.563,0.073,0.461,10.0,400,374,0.935,0,374,0,0,0,0,25,0,0,1,0,0,0.089,0.36,0.636
nofund,balanced,mid,mixed,10,63,2024,51,51,2.847,2.08,-10.008,-12.484,2.98,2.783,0.25,2.847,0.467,10,510,497,0.9745,0,497,0,0,0,0,12,0,0,1,0,0,0.101,0.376,0.61
nofund,balanced,mid,mixed,10,63,2025,50,50,2.375,0.74,-17.91,-18.832,2.803,1.917,-6.278,2.32,0.469,10.0,499,459,0.9198,1,457,0,0,2,0,39,0,0,1,0,1,0.201,0.409,0.608
nofund,balanced,mid,mixed,10,63,2026,24,24,-3.825,-0.92,-23.999,-25.442,-3.989,-3.853,-11.888,-3.825,0.367,10.0,240,220,0.9167,0,216,0,0,4,0,16,2,0,2,0,0,0.191,0.423,0.613
nofund,balanced,mid,mixed,20,5,ALL,176,176,-0.005,-0.03,-7.298,-13.313,-0.01,-0.01,-0.553,-0.002,0.488,20.0,3509,3482,0.9923,11,3481,0,0,1,0,17,2,0,8,0,1,0.142,0.338,0.586
nofund,balanced,mid,mixed,20,5,P1,91,91,-0.101,-0.45,-4.456,-6.297,-0.103,-0.104,-0.663,-0.101,0.47,20,1820,1807,0.9929,0,1807,0,0,0,0,10,0,0,3,0,0,0.099,0.337,0.581
nofund,balanced,mid,mixed,20,5,P2,85,85,0.098,0.27,-8.659,-13.313,0.089,0.092,-0.435,0.104,0.507,20,1689,1675,0.9917,11,1674,0,0,1,0,7,2,0,5,0,1,0.189,0.339,0.593
nofund,balanced,mid,mixed,20,5,2023,40,40,-0.356,-1.23,-4.37,-4.512,-0.35,-0.356,-1.122,-0.356,0.454,20.0,800,792,0.99,0,792,0,0,0,0,6,0,0,2,0,0,0.088,0.342,0.572
nofund,balanced,mid,mixed,20,5,2024,51,51,0.098,0.3,-4.514,-6.297,0.091,0.093,-0.302,0.098,0.483,20,1020,1015,0.9951,0,1015,0,0,0,0,4,0,0,1,0,0,0.107,0.334,0.587
nofund,balanced,mid,mixed,20,5,2025,50,50,0.032,0.09,-6.099,-8.521,0.024,0.03,-0.465,0.044,0.508,20.0,989,981,0.9919,11,981,0,0,0,0,5,0,0,3,0,1,0.216,0.364,0.591
nofund,balanced,mid,mixed,20,5,2026,35,35,0.191,0.27,-10.555,-13.313,0.182,0.179,-0.392,0.191,0.506,20,700,694,0.9914,0,693,0,0,1,0,2,2,0,2,0,0,0.15,0.304,0.599
nofund,balanced,mid,mixed,20,20,ALL,173,173,0.118,0.22,-10.727,-15.615,0.099,0.114,-2.207,0.095,0.471,20,3449,3362,0.9748,11,3358,0,0,4,0,76,3,0,8,0,1,0.144,0.342,0.585
nofund,balanced,mid,mixed,20,20,P1,91,91,0.133,0.21,-7.62,-9.06,0.122,0.132,-2.228,0.133,0.481,20,1820,1775,0.9753,0,1775,0,0,0,0,42,0,0,3,0,0,0.099,0.337,0.581
nofund,balanced,mid,mixed,20,20,P2,82,82,0.102,0.11,-12.149,-15.615,0.073,0.095,-2.183,0.052,0.459,20.0,1629,1587,0.9742,11,1583,0,0,4,0,34,3,0,5,0,1,0.195,0.347,0.59
nofund,balanced,mid,mixed,20,20,2023,40,40,-0.917,-2.01,-7.068,-7.123,-0.86,-0.878,-4.445,-0.917,0.451,20.0,800,770,0.9625,0,770,0,0,0,0,28,0,0,2,0,0,0.088,0.342,0.572
nofund,balanced,mid,mixed,20,20,2024,51,51,0.957,0.93,-7.937,-9.06,0.892,0.924,-0.49,0.957,0.505,20,1020,1005,0.9853,0,1005,0,0,0,0,14,0,0,1,0,0,0.107,0.334,0.587
nofund,balanced,mid,mixed,20,20,2025,50,50,-0.019,-0.02,-12.972,-15.615,-0.002,-0.012,-2.311,-0.101,0.461,20.0,989,963,0.9737,11,962,0,0,1,0,23,0,0,3,0,1,0.216,0.364,0.591
nofund,balanced,mid,mixed,20,20,2026,32,32,0.291,0.2,-10.913,-11.96,0.19,0.261,-1.984,0.291,0.455,20.0,640,624,0.975,0,621,0,0,3,0,11,3,0,2,0,0,0.163,0.319,0.59
nofund,balanced,mid,mixed,20,63,ALL,165,165,1.183,0.81,-16.69,-20.262,1.246,1.065,-4.783,1.108,0.45,20,3289,3099,0.9422,11,3088,0,0,11,0,180,2,0,8,0,1,0.15,0.352,0.582
nofund,balanced,mid,mixed,20,63,P1,91,91,1.181,1.1,-8.763,-10.681,1.231,1.142,-3.999,1.181,0.456,20,1820,1729,0.95,0,1729,0,0,0,0,88,0,0,3,0,0,0.099,0.337,0.581
nofund,balanced,mid,mixed,20,63,P2,74,74,1.186,0.4,-19.818,-20.262,1.264,0.971,-5.748,1.018,0.444,20.0,1469,1370,0.9326,11,1359,0,0,11,0,92,2,0,5,0,1,0.213,0.37,0.585
nofund,balanced,mid,mixed,20,63,2023,40,40,0.055,0.03,-10.283,-10.681,0.02,0.101,-7.633,0.055,0.441,20.0,800,740,0.925,0,740,0,0,0,0,58,0,0,2,0,0,0.088,0.342,0.572
nofund,balanced,mid,mixed,20,63,2024,51,51,2.065,1.92,-7.27,-8.268,2.18,1.959,-1.149,2.065,0.467,20,1020,989,0.9696,0,989,0,0,0,0,30,0,0,1,0,0,0.107,0.334,0.587
nofund,balanced,mid,mixed,20,63,2025,50,50,3.906,1.08,-15.123,-15.888,3.972,3.541,-3.183,3.657,0.494,20.0,989,922,0.9323,11,916,0,0,6,0,64,0,0,3,0,1,0.216,0.364,0.591
nofund,balanced,mid,mixed,20,63,2026,24,24,-4.48,-1.19,-20.057,-20.262,-4.377,-4.384,-11.093,-4.48,0.34,20.0,480,448,0.9333,0,443,0,0,5,0,28,2,0,2,0,0,0.206,0.384,0.576
nofund,balanced,mid,stock,10,5,ALL,176,176,0.005,0.02,-7.807,-12.783,0.003,-0.001,-0.681,0.006,0.478,10.0,1759,1742,0.9903,1,1742,0,0,0,0,10,2,0,5,0,1,0.136,0.373,0.621
nofund,balanced,mid,stock,10,5,P1,91,91,-0.135,-0.52,-4.696,-5.685,-0.14,-0.138,-0.689,-0.135,0.468,10,910,903,0.9923,0,903,0,0,0,0,5,0,0,2,0,0,0.099,0.37,0.632
nofund,balanced,mid,stock,10,5,P2,85,85,0.156,0.35,-9.591,-12.783,0.156,0.146,-0.671,0.157,0.488,10,849,839,0.9882,1,839,0,0,0,0,5,2,0,3,0,1,0.177,0.377,0.611
nofund,balanced,mid,stock,10,5,2023,40,40,-0.554,-1.59,-4.507,-4.637,-0.553,-0.554,-1.305,-0.554,0.451,10.0,400,396,0.99,0,396,0,0,0,0,3,0,0,1,0,0,0.09,0.362,0.638
nofund,balanced,mid,stock,10,5,2024,51,51,0.193,0.52,-4.813,-5.685,0.184,0.188,-0.206,0.193,0.482,10,510,507,0.9941,0,507,0,0,0,0,2,0,0,1,0,0,0.106,0.376,0.626
nofund,balanced,mid,stock,10,5,2025,50,50,-0.07,-0.16,-7.392,-10.652,-0.087,-0.073,-0.868,-0.068,0.477,10.0,499,494,0.99,1,494,0,0,0,0,4,0,0,1,0,1,0.202,0.408,0.604
nofund,balanced,mid,stock,10,5,2026,35,35,0.478,0.55,-11.137,-12.783,0.503,0.457,-0.391,0.478,0.503,10,350,345,0.9857,0,345,0,0,0,0,1,2,0,2,0,0,0.14,0.331,0.621
nofund,balanced,mid,stock,10,20,ALL,173,173,0.16,0.24,-11.881,-14.94,0.164,0.162,-2.001,0.154,0.475,10,1729,1687,0.9757,1,1685,0,0,2,0,34,3,0,5,0,1,0.139,0.377,0.62
nofund,balanced,mid,stock,10,20,P1,91,91,0.589,0.73,-8.252,-10.821,0.588,0.589,-1.213,0.589,0.499,10,910,892,0.9802,0,892,0,0,0,0,16,0,0,2,0,0,0.099,0.37,0.632
nofund,balanced,mid,stock,10,20,P2,82,82,-0.317,-0.3,-13.314,-14.94,-0.307,-0.313,-2.875,-0.328,0.448,10.0,819,795,0.9707,1,793,0,0,2,0,18,3,0,3,0,1,0.183,0.384,0.609
nofund,balanced,mid,stock,10,20,2023,40,40,-1.111,-2.1,-8.343,-8.374,-1.027,-1.054,-3.576,-1.111,0.449,10.0,400,389,0.9725,0,389,0,0,0,0,10,0,0,1,0,0,0.09,0.362,0.638
nofund,balanced,mid,stock,10,20,2024,51,51,1.923,1.52,-8.192,-10.821,1.855,1.878,0.64,1.923,0.539,10,510,503,0.9863,0,503,0,0,0,0,6,0,0,1,0,0,0.106,0.376,0.626
nofund,balanced,mid,stock,10,20,2025,50,50,-0.875,-0.65,-14.181,-14.94,-0.771,-0.81,-3.195,-0.894,0.439,10.0,499,486,0.9739,1,486,0,0,0,0,12,0,0,1,0,1,0.202,0.408,0.604
nofund,balanced,mid,stock,10,20,2026,32,32,0.555,0.33,-12.014,-12.174,0.419,0.464,-2.374,0.555,0.461,10.0,320,309,0.9656,0,307,0,0,2,0,6,3,0,2,0,0,0.153,0.347,0.616
nofund,balanced,mid,stock,10,63,ALL,165,165,1.189,0.85,-18.473,-25.442,1.341,1.02,-5.143,1.172,0.455,10,1649,1548,0.9388,1,1542,0,0,6,0,94,2,0,5,0,1,0.144,0.39,0.621
nofund,balanced,mid,stock,10,63,P1,91,91,1.769,1.56,-12.04,-14.298,1.843,1.711,-2.842,1.769,0.475,10,910,869,0.9549,0,869,0,0,0,0,39,0,0,2,0,0,0.099,0.37,0.632
nofund,balanced,mid,stock,10,63,P2,74,74,0.476,0.17,-22.149,-25.442,0.724,0.169,-7.973,0.439,0.43,10.0,739,679,0.9188,1,673,0,0,6,0,55,2,0,3,0,1,0.199,0.414,0.608
nofund,balanced,mid,stock,10,63,2023,40,40,-0.029,-0.02,-13.546,-14.298,-0.16,-0.065,-6.658,-0.029,0.461,10.0,400,374,0.935,0,374,0,0,0,0,25,0,0,1,0,0,0.09,0.362,0.638
nofund,balanced,mid,stock,10,63,2024,51,51,3.178,2.4,-10.008,-12.484,3.414,3.104,0.151,3.178,0.487,10,510,495,0.9706,0,495,0,0,0,0,14,0,0,1,0,0,0.106,0.376,0.626
nofund,balanced,mid,stock,10,63,2025,50,50,2.435,0.74,-18.246,-19.84,2.889,2.003,-6.192,2.38,0.458,10.0,499,459,0.9198,1,457,0,0,2,0,39,0,0,1,0,1,0.202,0.408,0.604
nofund,balanced,mid,stock,10,63,2026,24,24,-3.607,-0.86,-23.999,-25.442,-3.786,-3.65,-11.685,-3.607,0.371,10.0,240,220,0.9167,0,216,0,0,4,0,16,2,0,2,0,0,0.192,0.425,0.617
nofund,balanced,mid,stock,20,5,ALL,176,176,-0.01,-0.05,-7.289,-13.238,-0.016,-0.015,-0.558,-0.007,0.487,20.0,3509,3482,0.9923,11,3481,0,0,1,0,17,2,0,8,0,1,0.142,0.337,0.587
nofund,balanced,mid,stock,20,5,P1,91,91,-0.114,-0.5,-4.456,-6.297,-0.116,-0.117,-0.675,-0.114,0.47,20,1820,1807,0.9929,0,1807,0,0,0,0,10,0,0,3,0,0,0.098,0.335,0.58
nofund,balanced,mid,stock,20,5,P2,85,85,0.101,0.28,-8.644,-13.238,0.091,0.093,-0.433,0.108,0.504,20,1689,1675,0.9917,11,1674,0,0,1,0,7,2,0,5,0,1,0.188,0.34,0.595
nofund,balanced,mid,stock,20,5,2023,40,40,-0.359,-1.23,-4.37,-4.512,-0.354,-0.36,-1.126,-0.359,0.451,20.0,800,792,0.99,0,792,0,0,0,0,6,0,0,2,0,0,0.087,0.339,0.569
nofund,balanced,mid,stock,20,5,2024,51,51,0.078,0.23,-4.514,-6.297,0.07,0.073,-0.322,0.078,0.485,20,1020,1015,0.9951,0,1015,0,0,0,0,4,0,0,1,0,0,0.107,0.331,0.587
nofund,balanced,mid,stock,20,5,2025,50,50,0.04,0.11,-6.235,-8.521,0.03,0.036,-0.459,0.051,0.504,20.0,989,981,0.9919,11,981,0,0,0,0,5,0,0,3,0,1,0.215,0.363,0.594
nofund,balanced,mid,stock,20,5,2026,35,35,0.188,0.26,-10.518,-13.238,0.179,0.176,-0.396,0.188,0.504,20,700,694,0.9914,0,693,0,0,1,0,2,2,0,2,0,0,0.15,0.306,0.601
nofund,balanced,mid,stock,20,20,ALL,173,173,0.128,0.23,-10.719,-15.615,0.104,0.121,-2.231,0.104,0.472,20,3449,3361,0.9745,11,3357,0,0,4,0,77,3,0,8,0,1,0.144,0.341,0.585
nofund,balanced,mid,stock,20,20,P1,91,91,0.14,0.22,-7.62,-9.06,0.122,0.134,-2.285,0.14,0.485,20,1820,1774,0.9747,0,1774,0,0,0,0,43,0,0,3,0,0,0.098,0.335,0.58
nofund,balanced,mid,stock,20,20,P2,82,82,0.114,0.12,-12.149,-15.615,0.085,0.106,-2.171,0.064,0.457,20.0,1629,1587,0.9742,11,1583,0,0,4,0,34,3,0,5,0,1,0.195,0.347,0.591
nofund,balanced,mid,stock,20,20,2023,40,40,-0.909,-1.99,-7.068,-7.123,-0.864,-0.878,-4.578,-0.909,0.451,20.0,800,769,0.9613,0,769,0,0,0,0,29,0,0,2,0,0,0.087,0.339,0.569
nofund,balanced,mid,stock,20,20,2024,51,51,0.962,0.93,-7.937,-9.06,0.896,0.927,-0.487,0.962,0.512,20,1020,1005,0.9853,0,1005,0,0,0,0,14,0,0,1,0,0,0.107,0.331,0.587
nofund,balanced,mid,stock,20,20,2025,50,50,0.023,0.02,-12.972,-15.615,0.037,0.028,-2.271,-0.059,0.46,20.0,989,963,0.9737,11,962,0,0,1,0,23,0,0,3,0,1,0.215,0.363,0.594
nofund,balanced,mid,stock,20,20,2026,32,32,0.257,0.18,-10.913,-11.96,0.159,0.23,-2.015,0.257,0.452,20.0,640,624,0.975,0,621,0,0,3,0,11,3,0,2,0,0,0.163,0.322,0.59
nofund,balanced,mid,stock,20,63,ALL,165,165,1.197,0.8,-16.7,-20.262,1.262,1.086,-4.897,1.122,0.452,20,3289,3095,0.941,11,3084,0,0,11,0,184,2,0,8,0,1,0.15,0.35,0.582
nofund,balanced,mid,stock,20,63,P1,91,91,1.204,1.08,-8.888,-10.681,1.251,1.167,-4.095,1.204,0.461,20,1820,1727,0.9489,0,1727,0,0,0,0,90,0,0,3,0,0,0.098,0.335,0.58
nofund,balanced,mid,stock,20,63,P2,74,74,1.188,0.4,-19.818,-20.262,1.275,0.986,-5.884,1.02,0.442,20.0,1469,1368,0.9312,11,1357,0,0,11,0,94,2,0,5,0,1,0.212,0.37,0.586
nofund,balanced,mid,stock,20,63,2023,40,40,-0.033,-0.02,-10.283,-10.681,-0.079,0.012,-7.996,-0.033,0.439,20.0,800,738,0.9225,0,738,0,0,0,0,60,0,0,2,0,0,0.087,0.339,0.569
nofund,balanced,mid,stock,20,63,2024,51,51,2.175,1.93,-6.744,-7.83,2.295,2.072,-1.035,2.175,0.478,20,1020,989,0.9696,0,989,0,0,0,0,30,0,0,1,0,0,0.107,0.331,0.587
nofund,balanced,mid,stock,20,63,2025,50,50,3.892,1.06,-15.101,-15.823,3.974,3.548,-3.399,3.644,0.49,20.0,989,920,0.9302,11,914,0,0,6,0,66,0,0,3,0,1,0.215,0.363,0.594
nofund,balanced,mid,stock,20,63,2026,24,24,-4.445,-1.18,-20.057,-20.262,-4.346,-4.353,-11.062,-4.445,0.342,20.0,480,448,0.9333,0,443,0,0,5,0,28,2,0,2,0,0,0.206,0.383,0.576
nofund,balanced,short,mixed,10,5,ALL,176,176,-0.022,-0.09,-7.774,-13.391,-0.03,-0.032,-0.542,-0.022,0.483,10.0,1760,1749,0.9938,0,1749,0,0,0,0,8,1,0,2,0,0,0.138,0.464,0.669
nofund,balanced,short,mixed,10,5,P1,91,91,-0.027,-0.1,-4.109,-4.954,-0.031,-0.032,-0.364,-0.027,0.458,10,910,905,0.9945,0,905,0,0,0,0,3,0,0,2,0,0,0.114,0.446,0.672
nofund,balanced,short,mixed,10,5,P2,85,85,-0.017,-0.04,-10.219,-13.391,-0.029,-0.033,-0.732,-0.017,0.509,10,850,844,0.9929,0,844,0,0,0,0,5,1,0,0,0,0,0.164,0.483,0.665
nofund,balanced,short,mixed,10,5,2023,40,40,-0.04,-0.14,-3.592,-3.755,-0.039,-0.043,-0.545,-0.04,0.462,10.0,400,397,0.9925,0,397,0,0,0,0,2,0,0,1,0,0,0.091,0.416,0.646
nofund,balanced,short,mixed,10,5,2024,51,51,-0.018,-0.04,-4.388,-4.954,-0.024,-0.023,-0.222,-0.018,0.456,10,510,508,0.9961,0,508,0,0,0,0,1,0,0,1,0,0,0.132,0.47,0.69
nofund,balanced,short,mixed,10,5,2025,50,50,-0.079,-0.18,-8.724,-12.302,-0.094,-0.087,-0.882,-0.079,0.523,10.0,500,496,0.992,0,496,0,0,0,0,4,0,0,0,0,0,0.182,0.508,0.651
nofund,balanced,short,mixed,10,5,2026,35,35,0.071,0.09,-10.961,-13.391,0.063,0.044,-0.517,0.071,0.488,10,350,348,0.9943,0,348,0,0,0,0,1,1,0,0,0,0,0.14,0.447,0.682
nofund,balanced,short,mixed,10,20,ALL,173,173,-0.392,-0.66,-14.583,-23.988,-0.412,-0.389,-2.258,-0.392,0.463,10,1730,1696,0.9803,0,1695,0,0,1,0,31,1,0,2,0,0,0.141,0.47,0.67
nofund,balanced,short,mixed,10,20,P1,91,91,0.159,0.23,-10.31,-12.51,0.136,0.153,-1.196,0.159,0.482,10,910,896,0.9846,0,896,0,0,0,0,12,0,0,2,0,0,0.114,0.446,0.672
nofund,balanced,short,mixed,10,20,P2,82,82,-1.004,-1.04,-16.766,-23.988,-1.021,-0.99,-3.437,-1.004,0.443,10.0,820,800,0.9756,0,799,0,0,1,0,19,1,0,0,0,0,0.17,0.496,0.667
nofund,balanced,short,mixed,10,20,2023,40,40,-0.182,-0.28,-8.55,-12.51,-0.165,-0.18,-2.217,-0.182,0.469,10.0,400,391,0.9775,0,391,0,0,0,0,8,0,0,1,0,0,0.091,0.416,0.646
nofund,balanced,short,mixed,10,20,2024,51,51,0.427,0.38,-10.891,-12.442,0.372,0.414,-0.396,0.427,0.492,10,510,505,0.9902,0,505,0,0,0,0,4,0,0,1,0,0,0.132,0.47,0.69
nofund,balanced,short,mixed,10,20,2025,50,50,-1.297,-1.0,-18.897,-23.988,-1.239,-1.234,-4.225,-1.297,0.443,10.0,500,485,0.97,0,485,0,0,0,0,15,0,0,0,0,0,0.182,0.508,0.651
nofund,balanced,short,mixed,10,20,2026,32,32,-0.548,-0.39,-13.568,-14.779,-0.679,-0.609,-2.206,-0.548,0.443,10.0,320,315,0.9844,0,314,0,0,1,0,4,1,0,0,0,0,0.153,0.476,0.687
nofund,balanced,short,mixed,10,63,ALL,165,165,0.027,0.02,-16.279,-19.878,0.267,0.079,-5.201,0.027,0.431,10,1650,1566,0.9491,0,1562,0,0,4,0,82,0,0,2,0,0,0.146,0.481,0.669
nofund,balanced,short,mixed,10,63,P1,91,91,0.572,0.56,-12.315,-13.933,0.64,0.522,-3.604,0.572,0.433,10,910,873,0.9593,0,872,0,0,1,0,35,0,0,2,0,0,0.114,0.446,0.672
nofund,balanced,short,mixed,10,63,P2,74,74,-0.643,-0.19,-18.634,-19.878,-0.191,-0.466,-7.165,-0.643,0.428,10.0,740,693,0.9365,0,690,0,0,3,0,47,0,0,0,0,0,0.185,0.523,0.664
nofund,balanced,short,mixed,10,63,2023,40,40,-0.244,-0.28,-9.897,-10.663,-0.434,-0.316,-6.798,-0.244,0.43,10.0,400,375,0.9375,0,375,0,0,0,0,24,0,0,1,0,0,0.091,0.416,0.646
nofund,balanced,short,mixed,10,63,2024,51,51,1.213,0.76,-13.277,-13.933,1.482,1.179,-1.098,1.213,0.435,10,510,498,0.9765,0,497,0,0,1,0,11,0,0,1,0,0,0.132,0.47,0.69
nofund,balanced,short,mixed,10,63,2025,50,50,2.484,0.59,-18.544,-19.878,3.038,2.581,-4.804,2.484,0.475,10.0,500,465,0.93,0,465,0,0,0,0,35,0,0,0,0,0,0.182,0.508,0.651
nofund,balanced,short,mixed,10,63,2026,24,24,-7.158,-3.44,-17.324,-18.901,-6.918,-6.814,-12.083,-7.158,0.331,10.0,240,228,0.95,0,225,0,0,3,0,12,0,0,0,0,0,0.191,0.553,0.687
nofund,balanced,short,mixed,20,5,ALL,176,176,-0.101,-0.53,-6.121,-10.992,-0.101,-0.104,-0.558,-0.099,0.475,20.0,3513,3490,0.9935,7,3490,0,0,0,0,15,1,0,7,0,1,0.141,0.43,0.61
nofund,balanced,short,mixed,20,5,P1,91,91,-0.168,-0.83,-3.865,-5.107,-0.169,-0.17,-0.667,-0.168,0.454,20,1820,1806,0.9923,0,1806,0,0,0,0,9,0,0,5,0,0,0.113,0.42,0.611
nofund,balanced,short,mixed,20,5,P2,85,85,-0.028,-0.09,-7.617,-10.992,-0.027,-0.033,-0.44,-0.024,0.497,20,1693,1684,0.9947,7,1684,0,0,0,0,6,1,0,2,0,1,0.171,0.442,0.61
nofund,balanced,short,mixed,20,5,2023,40,40,-0.341,-1.24,-4.362,-5.107,-0.337,-0.339,-1.094,-0.341,0.456,20.0,800,792,0.99,0,792,0,0,0,0,6,0,0,2,0,0,0.103,0.423,0.603
nofund,balanced,short,mixed,20,5,2024,51,51,-0.033,-0.12,-3.534,-3.663,-0.038,-0.037,-0.333,-0.033,0.452,20,1020,1014,0.9941,0,1014,0,0,0,0,3,0,0,3,0,0,0.121,0.417,0.617
nofund,balanced,short,mixed,20,5,2025,50,50,-0.005,-0.01,-6.264,-7.783,-0.007,-0.008,-0.504,0.002,0.495,20.0,993,987,0.994,7,987,0,0,0,0,5,0,0,1,0,1,0.19,0.465,0.597
nofund,balanced,short,mixed,20,5,2026,35,35,-0.063,-0.1,-8.731,-10.992,-0.057,-0.069,-0.35,-0.063,0.502,20,700,697,0.9957,0,697,0,0,0,0,1,1,0,1,0,0,0.144,0.408,0.629
nofund,balanced,short,mixed,20,20,ALL,173,173,-0.497,-1.02,-11.039,-15.909,-0.513,-0.491,-2.405,-0.498,0.449,20,3453,3381,0.9791,7,3379,0,0,2,0,62,3,0,7,0,1,0.143,0.434,0.608
nofund,balanced,short,mixed,20,20,P1,91,91,-0.256,-0.43,-8.472,-10.496,-0.265,-0.251,-2.115,-0.256,0.456,20,1820,1782,0.9791,0,1782,0,0,0,0,33,0,0,5,0,0,0.113,0.42,0.611
nofund,balanced,short,mixed,20,20,P2,82,82,-0.765,-0.98,-12.489,-15.909,-0.788,-0.759,-2.727,-0.766,0.442,20.0,1633,1599,0.9792,7,1597,0,0,2,0,29,3,0,2,0,1,0.177,0.449,0.606
nofund,balanced,short,mixed,20,20,2023,40,40,-1.015,-1.99,-7.811,-8.843,-0.995,-0.99,-4.065,-1.015,0.44,20.0,800,774,0.9675,0,774,0,0,0,0,24,0,0,2,0,0,0.103,0.423,0.603
nofund,balanced,short,mixed,20,20,2024,51,51,0.34,0.36,-8.912,-10.496,0.307,0.329,-0.585,0.34,0.469,20,1020,1008,0.9882,0,1008,0,0,0,0,9,0,0,3,0,0,0.121,0.417,0.617
nofund,balanced,short,mixed,20,20,2025,50,50,-0.565,-0.51,-14.414,-15.909,-0.547,-0.551,-2.55,-0.568,0.451,20.0,993,972,0.9789,7,972,0,0,0,0,20,0,0,1,0,1,0.19,0.465,0.597
nofund,balanced,short,mixed,20,20,2026,32,32,-1.076,-1.09,-9.117,-9.457,-1.165,-1.083,-3.005,-1.076,0.428,20.0,640,627,0.9797,0,625,0,0,2,0,9,3,0,1,0,0,0.156,0.425,0.621
nofund,balanced,short,mixed,20,63,ALL,165,165,-0.568,-0.4,-15.616,-18.224,-0.434,-0.523,-5.7,-0.6,0.421,20,3293,3126,0.9493,7,3119,0,0,7,0,159,1,0,7,0,1,0.149,0.442,0.606
nofund,balanced,short,mixed,20,63,P1,91,91,-0.68,-0.95,-10.639,-11.211,-0.617,-0.65,-5.432,-0.68,0.421,20,1820,1734,0.9527,0,1732,0,0,2,0,81,0,0,5,0,0,0.113,0.42,0.611
nofund,balanced,short,mixed,20,63,P2,74,74,-0.43,-0.14,-17.446,-18.224,-0.208,-0.366,-6.03,-0.502,0.42,20.0,1473,1392,0.945,7,1387,0,0,5,0,78,1,0,2,0,1,0.194,0.47,0.601
nofund,balanced,short,mixed,20,63,2023,40,40,-1.423,-2.05,-9.556,-9.594,-1.541,-1.352,-8.78,-1.423,0.416,20.0,800,743,0.9287,0,743,0,0,0,0,55,0,0,2,0,0,0.103,0.423,0.603
nofund,balanced,short,mixed,20,63,2024,51,51,-0.098,-0.1,-10.969,-11.211,0.107,-0.1,-2.806,-0.098,0.425,20,1020,991,0.9716,0,989,0,0,2,0,26,0,0,3,0,0,0.121,0.417,0.617
nofund,balanced,short,mixed,20,63,2025,50,50,2.505,0.66,-17.03,-18.047,2.726,2.427,-3.485,2.398,0.47,20.0,993,936,0.9426,7,935,0,0,1,0,56,0,0,1,0,1,0.19,0.465,0.597
nofund,balanced,short,mixed,20,63,2026,24,24,-6.544,-3.63,-17.145,-18.224,-6.32,-6.185,-11.334,-6.544,0.318,20.0,480,456,0.95,0,452,0,0,4,0,22,1,0,1,0,0,0.201,0.48,0.613
nofund,balanced,short,stock,10,5,ALL,176,176,-0.036,-0.15,-7.692,-12.649,-0.043,-0.046,-0.555,-0.036,0.483,10.0,1760,1749,0.9938,0,1749,0,0,0,0,8,1,0,2,0,0,0.139,0.462,0.673
nofund,balanced,short,stock,10,5,P1,91,91,-0.081,-0.3,-4.115,-4.954,-0.083,-0.085,-0.417,-0.081,0.462,10,910,905,0.9945,0,905,0,0,0,0,3,0,0,2,0,0,0.115,0.445,0.678
nofund,balanced,short,stock,10,5,P2,85,85,0.011,0.03,-10.071,-12.649,-0.0,-0.004,-0.703,0.011,0.506,10,850,844,0.9929,0,844,0,0,0,0,5,1,0,0,0,0,0.165,0.48,0.668
nofund,balanced,short,stock,10,5,2023,40,40,-0.021,-0.07,-3.592,-3.755,-0.021,-0.024,-0.526,-0.021,0.462,10.0,400,397,0.9925,0,397,0,0,0,0,2,0,0,1,0,0,0.09,0.42,0.644
nofund,balanced,short,stock,10,5,2024,51,51,-0.128,-0.3,-4.388,-4.954,-0.133,-0.133,-0.332,-0.128,0.461,10,510,508,0.9961,0,508,0,0,0,0,1,0,0,1,0,0,0.135,0.465,0.704
nofund,balanced,short,stock,10,5,2025,50,50,-0.065,-0.15,-8.724,-12.302,-0.079,-0.072,-0.867,-0.065,0.517,10.0,500,496,0.992,0,496,0,0,0,0,4,0,0,0,0,0,0.184,0.506,0.651
nofund,balanced,short,stock,10,5,2026,35,35,0.12,0.15,-10.59,-12.649,0.112,0.094,-0.468,0.12,0.491,10,350,348,0.9943,0,348,0,0,0,0,1,1,0,0,0,0,0.137,0.443,0.688
nofund,balanced,short,stock,10,20,ALL,173,173,-0.414,-0.69,-14.583,-23.988,-0.431,-0.407,-2.277,-0.414,0.464,10,1730,1696,0.9803,0,1695,0,0,1,0,31,1,0,2,0,0,0.142,0.468,0.673
nofund,balanced,short,stock,10,20,P1,91,91,0.162,0.23,-10.31,-12.51,0.138,0.155,-1.194,0.162,0.486,10,910,896,0.9846,0,896,0,0,0,0,12,0,0,2,0,0,0.115,0.445,0.678
nofund,balanced,short,stock,10,20,P2,82,82,-1.052,-1.09,-16.766,-23.988,-1.062,-1.032,-3.479,-1.052,0.439,10.0,820,800,0.9756,0,799,0,0,1,0,19,1,0,0,0,0,0.171,0.493,0.667
nofund,balanced,short,stock,10,20,2023,40,40,-0.069,-0.1,-8.55,-12.51,-0.052,-0.067,-2.103,-0.069,0.474,10.0,400,391,0.9775,0,391,0,0,0,0,8,0,0,1,0,0,0.09,0.42,0.644
nofund,balanced,short,stock,10,20,2024,51,51,0.343,0.3,-10.891,-12.442,0.287,0.329,-0.482,0.343,0.495,10,510,505,0.9902,0,505,0,0,0,0,4,0,0,1,0,0,0.135,0.465,0.704
nofund,balanced,short,stock,10,20,2025,50,50,-1.343,-1.03,-18.897,-23.988,-1.279,-1.273,-4.264,-1.343,0.437,10.0,500,485,0.97,0,485,0,0,0,0,15,0,0,0,0,0,0.184,0.506,0.651
nofund,balanced,short,stock,10,20,2026,32,32,-0.598,-0.44,-13.568,-14.779,-0.724,-0.654,-2.251,-0.598,0.443,10.0,320,315,0.9844,0,314,0,0,1,0,4,1,0,0,0,0,0.15,0.472,0.687
nofund,balanced,short,stock,10,63,ALL,165,165,0.092,0.06,-16.43,-19.878,0.345,0.143,-5.327,0.092,0.434,10,1650,1563,0.9473,0,1559,0,0,4,0,85,0,0,2,0,0,0.147,0.479,0.672
nofund,balanced,short,stock,10,63,P1,91,91,0.601,0.6,-13.451,-15.046,0.719,0.57,-3.676,0.601,0.44,10,910,872,0.9582,0,871,0,0,1,0,36,0,0,2,0,0,0.115,0.445,0.678
nofund,balanced,short,stock,10,63,P2,74,74,-0.533,-0.16,-18.634,-19.878,-0.115,-0.381,-7.357,-0.533,0.426,10.0,740,691,0.9338,0,688,0,0,3,0,49,0,0,0,0,0,0.185,0.52,0.664
nofund,balanced,short,stock,10,63,2023,40,40,-0.189,-0.22,-10.322,-10.663,-0.37,-0.253,-6.735,-0.189,0.427,10.0,400,375,0.9375,0,375,0,0,0,0,24,0,0,1,0,0,0.09,0.42,0.644
nofund,balanced,short,stock,10,63,2024,51,51,1.22,0.79,-14.282,-15.046,1.574,1.215,-1.277,1.22,0.45,10,510,497,0.9745,0,496,0,0,1,0,12,0,0,1,0,0,0.135,0.465,0.704
nofund,balanced,short,stock,10,63,2025,50,50,2.636,0.62,-18.544,-19.878,3.138,2.693,-5.1,2.636,0.47,10.0,500,463,0.926,0,463,0,0,0,0,37,0,0,0,0,0,0.184,0.506,0.651
nofund,balanced,short,stock,10,63,2026,24,24,-7.136,-3.41,-17.324,-18.901,-6.891,-6.787,-12.057,-7.136,0.335,10.0,240,228,0.95,0,225,0,0,3,0,12,0,0,0,0,0,0.188,0.55,0.687
nofund,balanced,short,stock,20,5,ALL,176,176,-0.088,-0.47,-6.021,-10.14,-0.088,-0.091,-0.545,-0.086,0.475,20.0,3513,3490,0.9935,7,3490,0,0,0,0,15,1,0,7,0,1,0.141,0.428,0.609
nofund,balanced,short,stock,20,5,P1,91,91,-0.159,-0.78,-3.868,-5.107,-0.16,-0.161,-0.659,-0.159,0.456,20,1820,1806,0.9923,0,1806,0,0,0,0,9,0,0,5,0,0,0.114,0.418,0.61
nofund,balanced,short,stock,20,5,P2,85,85,-0.011,-0.03,-7.446,-10.14,-0.01,-0.016,-0.423,-0.007,0.496,20,1693,1684,0.9947,7,1684,0,0,0,0,6,1,0,2,0,1,0.17,0.439,0.61
nofund,balanced,short,stock,20,5,2023,40,40,-0.362,-1.31,-4.362,-5.107,-0.358,-0.361,-1.116,-0.362,0.455,20.0,800,792,0.99,0,792,0,0,0,0,6,0,0,2,0,0,0.103,0.42,0.605
nofund,balanced,short,stock,20,5,2024,51,51,-0.001,-0.0,-3.539,-3.615,-0.005,-0.004,-0.3,-0.001,0.457,20,1020,1014,0.9941,0,1014,0,0,0,0,3,0,0,3,0,0,0.123,0.416,0.613
nofund,balanced,short,stock,20,5,2025,50,50,-0.007,-0.02,-6.264,-7.783,-0.01,-0.012,-0.507,-0.0,0.492,20.0,993,987,0.994,7,987,0,0,0,0,5,0,0,1,0,1,0.19,0.463,0.595
nofund,balanced,short,stock,20,5,2026,35,35,-0.016,-0.03,-8.305,-10.14,-0.011,-0.023,-0.304,-0.016,0.502,20,700,697,0.9957,0,697,0,0,0,0,1,1,0,1,0,0,0.143,0.404,0.634
nofund,balanced,short,stock,20,20,ALL,173,173,-0.475,-0.99,-11.039,-15.909,-0.492,-0.47,-2.439,-0.476,0.451,20,3453,3379,0.9786,7,3377,0,0,2,0,64,3,0,7,0,1,0.143,0.431,0.607
nofund,balanced,short,stock,20,20,P1,91,91,-0.255,-0.43,-8.472,-10.496,-0.266,-0.251,-2.115,-0.255,0.459,20,1820,1782,0.9791,0,1782,0,0,0,0,33,0,0,5,0,0,0.114,0.418,0.61
nofund,balanced,short,stock,20,20,P2,82,82,-0.72,-0.93,-12.489,-15.909,-0.743,-0.714,-2.798,-0.722,0.441,20.0,1633,1597,0.978,7,1595,0,0,2,0,31,3,0,2,0,1,0.176,0.447,0.605
nofund,balanced,short,stock,20,20,2023,40,40,-1.022,-2.03,-7.811,-8.843,-1.002,-0.997,-4.072,-1.022,0.437,20.0,800,774,0.9675,0,774,0,0,0,0,24,0,0,2,0,0,0.103,0.42,0.605
nofund,balanced,short,stock,20,20,2024,51,51,0.347,0.37,-8.912,-10.496,0.312,0.334,-0.58,0.347,0.476,20,1020,1008,0.9882,0,1008,0,0,0,0,9,0,0,3,0,0,0.123,0.416,0.613
nofund,balanced,short,stock,20,20,2025,50,50,-0.586,-0.53,-14.414,-15.909,-0.566,-0.572,-2.76,-0.589,0.449,20.0,993,970,0.9768,7,970,0,0,0,0,22,0,0,1,0,1,0.19,0.463,0.595
nofund,balanced,short,stock,20,20,2026,32,32,-0.93,-0.94,-9.117,-9.457,-1.019,-0.937,-2.859,-0.93,0.43,20.0,640,627,0.9797,0,625,0,0,2,0,9,3,0,1,0,0,0.155,0.422,0.624
nofund,balanced,short,stock,20,63,ALL,165,165,-0.525,-0.37,-15.634,-18.224,-0.39,-0.479,-5.756,-0.557,0.423,20,3293,3123,0.9484,7,3116,0,0,7,0,162,1,0,7,0,1,0.149,0.44,0.605
nofund,balanced,short,stock,20,63,P1,91,91,-0.643,-0.88,-10.901,-11.931,-0.582,-0.613,-5.455,-0.643,0.426,20,1820,1733,0.9522,0,1731,0,0,2,0,82,0,0,5,0,0,0.114,0.418,0.61
nofund,balanced,short,stock,20,63,P2,74,74,-0.38,-0.13,-17.572,-18.224,-0.154,-0.314,-6.125,-0.452,0.42,20.0,1473,1390,0.9437,7,1385,0,0,5,0,80,1,0,2,0,1,0.193,0.469,0.599
nofund,balanced,short,stock,20,63,2023,40,40,-1.449,-2.02,-9.555,-9.594,-1.566,-1.377,-8.805,-1.449,0.415,20.0,800,743,0.9287,0,743,0,0,0,0,55,0,0,2,0,0,0.103,0.42,0.605
nofund,balanced,short,stock,20,63,2024,51,51,-0.01,-0.01,-11.372,-11.931,0.189,-0.014,-2.828,-0.01,0.435,20,1020,990,0.9706,0,988,0,0,2,0,27,0,0,3,0,0,0.123,0.416,0.613
nofund,balanced,short,stock,20,63,2025,50,50,2.532,0.67,-17.199,-18.047,2.761,2.46,-3.67,2.426,0.467,20.0,993,934,0.9406,7,933,0,0,1,0,58,0,0,1,0,1,0.19,0.463,0.595
nofund,balanced,short,stock,20,63,2026,24,24,-6.448,-3.49,-17.145,-18.224,-6.227,-6.092,-11.241,-6.448,0.322,20.0,480,456,0.95,0,452,0,0,4,0,22,1,0,1,0,0,0.2,0.481,0.613
nofund,conservative,long,mixed,10,5,ALL,176,176,-0.28,-1.95,-4.511,-8.307,-0.28,-0.278,-0.451,-0.26,0.455,10.0,1749,1746,0.9983,11,1746,0,0,0,0,3,0,0,0,0,3,0.082,0.0,0.785
nofund,conservative,long,mixed,10,5,P1,91,91,-0.332,-1.91,-4.117,-4.619,-0.328,-0.327,-0.439,-0.332,0.46,10,910,909,0.9989,0,909,0,0,0,0,1,0,0,0,0,0,0.049,0.0,0.763
nofund,conservative,long,mixed,10,5,P2,85,85,-0.223,-0.97,-4.65,-8.307,-0.228,-0.225,-0.463,-0.182,0.45,10,839,837,0.9976,11,837,0,0,0,0,2,0,0,0,0,3,0.118,0.0,0.808
nofund,conservative,long,mixed,10,5,2023,40,40,-0.446,-1.91,-3.92,-4.075,-0.446,-0.446,-0.446,-0.446,0.455,10.0,400,400,1.0,0,400,0,0,0,0,0,0,0,0,0,0,0.053,0.0,0.759
nofund,conservative,long,mixed,10,5,2024,51,51,-0.242,-0.97,-4.159,-4.619,-0.235,-0.234,-0.433,-0.242,0.465,10,510,509,0.998,0,509,0,0,0,0,1,0,0,0,0,0,0.046,0.0,0.764
nofund,conservative,long,mixed,10,5,2025,50,50,-0.193,-0.67,-5.081,-8.307,-0.201,-0.195,-0.601,-0.123,0.446,10.0,489,487,0.9959,11,487,0,0,0,0,2,0,0,0,0,3,0.136,0.0,0.824
nofund,conservative,long,mixed,10,5,2026,35,35,-0.267,-0.71,-4.004,-4.775,-0.267,-0.267,-0.267,-0.267,0.454,10,350,350,1.0,0,350,0,0,0,0,0,0,0,0,0,0,0.092,0.0,0.785
nofund,conservative,long,mixed,10,20,ALL,173,173,-1.265,-3.41,-9.062,-10.181,-1.243,-1.236,-2.121,-1.229,0.413,10,1719,1704,0.9913,11,1704,0,0,0,0,15,0,0,0,0,3,0.083,0.0,0.786
nofund,conservative,long,mixed,10,20,P1,91,91,-1.126,-2.35,-7.954,-8.931,-1.093,-1.092,-1.771,-1.126,0.421,10,910,904,0.9934,0,904,0,0,0,0,6,0,0,0,0,0,0.049,0.0,0.763
nofund,conservative,long,mixed,10,20,P2,82,82,-1.419,-2.47,-9.503,-10.181,-1.41,-1.397,-2.508,-1.344,0.405,10.0,809,800,0.9889,11,800,0,0,0,0,9,0,0,0,0,3,0.121,0.0,0.812
nofund,conservative,long,mixed,10,20,2023,40,40,-1.356,-2.17,-8.418,-8.931,-1.337,-1.338,-1.846,-1.356,0.399,10.0,400,398,0.995,0,398,0,0,0,0,2,0,0,0,0,0,0.053,0.0,0.759
nofund,conservative,long,mixed,10,20,2024,51,51,-0.946,-1.35,-7.141,-7.863,-0.902,-0.899,-1.713,-0.946,0.438,10,510,506,0.9922,0,506,0,0,0,0,4,0,0,0,0,0,0.046,0.0,0.764
nofund,conservative,long,mixed,10,20,2025,50,50,-1.091,-1.6,-9.667,-10.181,-1.103,-1.088,-2.3,-0.969,0.424,10.0,489,483,0.9877,11,483,0,0,0,0,6,0,0,0,0,3,0.136,0.0,0.824
nofund,conservative,long,mixed,10,20,2026,32,32,-1.931,-2.0,-9.256,-9.56,-1.888,-1.879,-2.833,-1.931,0.376,10.0,320,317,0.9906,0,317,0,0,0,0,3,0,0,0,0,0,0.098,0.0,0.794
nofund,conservative,long,mixed,10,63,ALL,165,165,-2.958,-2.75,-19.03,-22.648,-2.914,-2.895,-5.358,-3.019,0.368,10,1639,1600,0.9762,11,1596,0,0,4,0,37,2,0,0,0,3,0.083,0.0,0.785
nofund,conservative,long,mixed,10,63,P1,91,91,-2.747,-3.05,-14.183,-18.487,-2.733,-2.665,-4.301,-2.747,0.368,10,910,896,0.9846,0,893,0,0,3,0,14,0,0,0,0,0,0.049,0.0,0.763
nofund,conservative,long,mixed,10,63,P2,74,74,-3.217,-1.52,-20.799,-22.648,-3.136,-3.178,-6.657,-3.353,0.369,10.0,729,704,0.9657,11,703,0,0,1,0,23,2,0,0,0,3,0.124,0.0,0.812
nofund,conservative,long,mixed,10,63,2023,40,40,-3.781,-3.66,-16.878,-18.487,-3.806,-3.654,-6.322,-3.781,0.319,10.0,400,390,0.975,0,387,0,0,3,0,10,0,0,0,0,0,0.053,0.0,0.759
nofund,conservative,long,mixed,10,63,2024,51,51,-1.937,-1.54,-12.387,-12.465,-1.891,-1.888,-2.715,-1.937,0.406,10,510,506,0.9922,0,506,0,0,0,0,4,0,0,0,0,0,0.046,0.0,0.764
nofund,conservative,long,mixed,10,63,2025,50,50,-1.872,-0.71,-19.66,-20.6,-1.836,-1.884,-5.16,-2.073,0.411,10.0,489,473,0.9673,11,473,0,0,0,0,16,0,0,0,0,3,0.136,0.0,0.824
nofund,conservative,long,mixed,10,63,2026,24,24,-6.018,-2.37,-21.15,-22.648,-5.846,-5.874,-9.777,-6.018,0.281,10.0,240,231,0.9625,0,230,0,0,1,0,7,2,0,0,0,0,0.1,0.0,0.787
nofund,conservative,long,mixed,20,5,ALL,176,176,-0.28,-2.19,-4.278,-8.506,-0.278,-0.279,-0.45,-0.255,0.455,20.0,3419,3413,0.9982,101,3413,0,0,0,0,5,1,0,0,0,18,0.094,0.0,0.772
nofund,conservative,long,mixed,20,5,P1,91,91,-0.289,-1.84,-4.053,-4.349,-0.284,-0.287,-0.452,-0.288,0.458,20,1782,1779,0.9983,38,1779,0,0,0,0,3,0,0,0,0,11,0.071,0.0,0.763
nofund,conservative,long,mixed,20,5,P2,85,85,-0.27,-1.32,-4.243,-8.506,-0.271,-0.271,-0.448,-0.22,0.452,20,1637,1634,0.9982,63,1634,0,0,0,0,2,1,0,0,0,7,0.119,0.0,0.782
nofund,conservative,long,mixed,20,5,2023,40,40,-0.449,-2.16,-3.912,-4.106,-0.442,-0.447,-0.573,-0.456,0.444,20.0,767,766,0.9987,33,766,0,0,0,0,1,0,0,0,0,9,0.081,0.0,0.764
nofund,conservative,long,mixed,20,5,2024,51,51,-0.164,-0.73,-4.147,-4.349,-0.16,-0.161,-0.357,-0.156,0.469,20,1015,1013,0.998,5,1013,0,0,0,0,2,0,0,0,0,2,0.063,0.0,0.76
nofund,conservative,long,mixed,20,5,2025,50,50,-0.301,-1.22,-4.61,-8.506,-0.305,-0.302,-0.505,-0.199,0.449,20.0,944,942,0.9979,56,942,0,0,0,0,2,0,0,0,0,6,0.138,0.0,0.788
nofund,conservative,long,mixed,20,5,2026,35,35,-0.226,-0.65,-3.336,-3.411,-0.223,-0.226,-0.367,-0.25,0.457,20,693,692,0.9986,7,692,0,0,0,0,0,1,0,0,0,1,0.091,0.0,0.771
nofund,conservative,long,mixed,20,20,ALL,173,173,-1.276,-3.43,-9.359,-10.599,-1.254,-1.248,-2.279,-1.253,0.418,20,3359,3324,0.9896,101,3324,0,0,0,0,34,1,0,0,0,18,0.096,0.0,0.773
nofund,conservative,long,mixed,20,20,P1,91,91,-1.069,-2.3,-7.42,-7.551,-1.041,-1.04,-1.837,-1.116,0.421,20,1782,1768,0.9921,38,1768,0,0,0,0,14,0,0,0,0,11,0.071,0.0,0.763
nofund,conservative,long,mixed,20,20,P2,82,82,-1.505,-2.57,-10.125,-10.599,-1.492,-1.48,-2.768,-1.405,0.414,20.0,1577,1556,0.9867,63,1556,0,0,0,0,20,1,0,0,0,7,0.123,0.0,0.784
nofund,conservative,long,mixed,20,20,2023,40,40,-1.285,-2.22,-7.55,-7.551,-1.263,-1.269,-2.045,-1.395,0.4,20.0,767,761,0.9922,33,761,0,0,0,0,6,0,0,0,0,9,0.081,0.0,0.764
nofund,conservative,long,mixed,20,20,2024,51,51,-0.899,-1.29,-7.333,-7.513,-0.867,-0.861,-1.674,-0.897,0.437,20,1015,1007,0.9921,5,1007,0,0,0,0,8,0,0,0,0,2,0.063,0.0,0.76
nofund,conservative,long,mixed,20,20,2025,50,50,-1.321,-1.95,-10.092,-10.471,-1.334,-1.322,-2.716,-1.153,0.426,20.0,944,930,0.9852,56,930,0,0,0,0,14,0,0,0,0,6,0.138,0.0,0.788
nofund,conservative,long,mixed,20,20,2026,32,32,-1.793,-1.77,-10.174,-10.599,-1.738,-1.726,-2.85,-1.798,0.397,20.0,633,626,0.9889,7,626,0,0,0,0,6,1,0,0,0,1,0.098,0.0,0.774
nofund,conservative,long,mixed,20,63,ALL,165,165,-2.982,-3.04,-17.254,-19.864,-2.959,-2.915,-5.631,-3.124,0.374,20,3199,3114,0.9734,101,3110,0,0,4,0,82,3,0,0,0,18,0.097,0.0,0.773
nofund,conservative,long,mixed,20,63,P1,91,91,-2.765,-3.34,-13.125,-16.772,-2.754,-2.694,-4.584,-2.825,0.371,20,1782,1750,0.982,38,1747,0,0,3,0,32,0,0,0,0,11,0.071,0.0,0.763
nofund,conservative,long,mixed,20,63,P2,74,74,-3.249,-1.7,-18.134,-19.864,-3.21,-3.188,-6.919,-3.491,0.376,20.0,1417,1364,0.9626,63,1363,0,0,1,0,50,3,0,0,0,7,0.128,0.0,0.785
nofund,conservative,long,mixed,20,63,2023,40,40,-3.454,-4.72,-14.638,-16.772,-3.474,-3.363,-6.07,-3.596,0.335,20.0,767,747,0.9739,33,744,0,0,3,0,20,0,0,0,0,9,0.081,0.0,0.764
nofund,conservative,long,mixed,20,63,2024,51,51,-2.225,-1.7,-12.117,-13.836,-2.19,-2.169,-3.418,-2.221,0.4,20,1015,1003,0.9882,5,1003,0,0,0,0,12,0,0,0,0,2,0.063,0.0,0.76
nofund,conservative,long,mixed,20,63,2025,50,50,-1.999,-0.85,-16.944,-17.144,-2.023,-2.002,-5.408,-2.34,0.414,20.0,944,911,0.965,56,911,0,0,0,0,33,0,0,0,0,6,0.138,0.0,0.788
nofund,conservative,long,mixed,20,63,2026,24,24,-5.855,-2.68,-19.174,-19.864,-5.684,-5.658,-10.067,-5.889,0.297,20.0,473,453,0.9577,7,452,0,0,1,0,17,3,0,0,0,1,0.108,0.0,0.776
nofund,conservative,long,stock,10,5,ALL,176,176,-0.279,-1.94,-4.594,-8.307,-0.279,-0.277,-0.45,-0.259,0.457,10.0,1749,1746,0.9983,11,1746,0,0,0,0,3,0,0,0,0,3,0.081,0.0,0.785
nofund,conservative,long,stock,10,5,P1,91,91,-0.324,-1.86,-4.117,-4.619,-0.319,-0.319,-0.43,-0.324,0.464,10,910,909,0.9989,0,909,0,0,0,0,1,0,0,0,0,0,0.048,0.0,0.766
nofund,conservative,long,stock,10,5,P2,85,85,-0.231,-1.0,-4.799,-8.307,-0.236,-0.233,-0.471,-0.19,0.45,10,839,837,0.9976,11,837,0,0,0,0,2,0,0,0,0,3,0.116,0.0,0.806
nofund,conservative,long,stock,10,5,2023,40,40,-0.448,-1.91,-3.92,-4.075,-0.448,-0.448,-0.448,-0.448,0.455,10.0,400,400,1.0,0,400,0,0,0,0,0,0,0,0,0,0,0.053,0.0,0.759
nofund,conservative,long,stock,10,5,2024,51,51,-0.226,-0.9,-4.159,-4.619,-0.218,-0.217,-0.416,-0.226,0.471,10,510,509,0.998,0,509,0,0,0,0,1,0,0,0,0,0,0.045,0.0,0.768
nofund,conservative,long,stock,10,5,2025,50,50,-0.21,-0.71,-5.328,-8.307,-0.218,-0.212,-0.618,-0.14,0.446,10.0,489,487,0.9959,11,487,0,0,0,0,2,0,0,0,0,3,0.134,0.0,0.82
nofund,conservative,long,stock,10,5,2026,35,35,-0.262,-0.7,-4.004,-4.775,-0.262,-0.262,-0.262,-0.262,0.454,10,350,350,1.0,0,350,0,0,0,0,0,0,0,0,0,0,0.091,0.0,0.785
nofund,conservative,long,stock,10,20,ALL,173,173,-1.262,-3.4,-9.047,-10.181,-1.24,-1.233,-2.117,-1.226,0.414,10,1719,1704,0.9913,11,1704,0,0,0,0,15,0,0,0,0,3,0.082,0.0,0.786
nofund,conservative,long,stock,10,20,P1,91,91,-1.111,-2.32,-7.954,-8.931,-1.079,-1.078,-1.757,-1.111,0.424,10,910,904,0.9934,0,904,0,0,0,0,6,0,0,0,0,0,0.048,0.0,0.766
nofund,conservative,long,stock,10,20,P2,82,82,-1.428,-2.5,-9.503,-10.181,-1.419,-1.406,-2.518,-1.353,0.403,10.0,809,800,0.9889,11,800,0,0,0,0,9,0,0,0,0,3,0.12,0.0,0.81
nofund,conservative,long,stock,10,20,2023,40,40,-1.368,-2.19,-8.418,-8.931,-1.349,-1.35,-1.858,-1.368,0.397,10.0,400,398,0.995,0,398,0,0,0,0,2,0,0,0,0,0,0.053,0.0,0.759
nofund,conservative,long,stock,10,20,2024,51,51,-0.91,-1.3,-7.141,-7.863,-0.866,-0.864,-1.677,-0.91,0.446,10,510,506,0.9922,0,506,0,0,0,0,4,0,0,0,0,0,0.045,0.0,0.768
nofund,conservative,long,stock,10,20,2025,50,50,-1.111,-1.63,-9.667,-10.181,-1.124,-1.108,-2.321,-0.989,0.42,10.0,489,483,0.9877,11,483,0,0,0,0,6,0,0,0,0,3,0.134,0.0,0.82
nofund,conservative,long,stock,10,20,2026,32,32,-1.923,-1.99,-9.256,-9.56,-1.88,-1.872,-2.825,-1.923,0.376,10.0,320,317,0.9906,0,317,0,0,0,0,3,0,0,0,0,0,0.097,0.0,0.794
nofund,conservative,long,stock,10,63,ALL,165,165,-2.934,-2.72,-18.975,-22.648,-2.895,-2.872,-5.398,-2.995,0.369,10,1639,1599,0.9756,11,1595,0,0,4,0,38,2,0,0,0,3,0.082,0.0,0.785
nofund,conservative,long,stock,10,63,P1,91,91,-2.698,-2.96,-14.183,-18.487,-2.692,-2.616,-4.367,-2.698,0.369,10,910,895,0.9835,0,892,0,0,3,0,15,0,0,0,0,0,0.048,0.0,0.766
nofund,conservative,long,stock,10,63,P2,74,74,-3.225,-1.52,-20.676,-22.648,-3.144,-3.186,-6.665,-3.361,0.368,10.0,729,704,0.9657,11,703,0,0,1,0,23,2,0,0,0,3,0.123,0.0,0.81
nofund,conservative,long,stock,10,63,2023,40,40,-3.8,-3.72,-16.878,-18.487,-3.825,-3.673,-6.341,-3.8,0.317,10.0,400,390,0.975,0,387,0,0,3,0,10,0,0,0,0,0,0.053,0.0,0.759
nofund,conservative,long,stock,10,63,2024,51,51,-1.834,-1.44,-12.387,-12.465,-1.803,-1.786,-2.818,-1.834,0.41,10,510,505,0.9902,0,505,0,0,0,0,5,0,0,0,0,0,0.045,0.0,0.768
nofund,conservative,long,stock,10,63,2025,50,50,-1.884,-0.72,-19.495,-20.6,-1.848,-1.896,-5.171,-2.085,0.409,10.0,489,473,0.9673,11,473,0,0,0,0,16,0,0,0,0,3,0.134,0.0,0.82
nofund,conservative,long,stock,10,63,2026,24,24,-6.018,-2.37,-21.15,-22.648,-5.846,-5.874,-9.777,-6.018,0.281,10.0,240,231,0.9625,0,230,0,0,1,0,7,2,0,0,0,0,0.1,0.0,0.787
nofund,conservative,long,stock,20,5,ALL,176,176,-0.28,-2.19,-4.278,-8.506,-0.278,-0.279,-0.45,-0.255,0.456,20.0,3419,3413,0.9982,101,3413,0,0,0,0,5,1,0,0,0,18,0.095,0.0,0.773
nofund,conservative,long,stock,20,5,P1,91,91,-0.288,-1.84,-4.053,-4.349,-0.283,-0.286,-0.451,-0.287,0.458,20,1782,1779,0.9983,38,1779,0,0,0,0,3,0,0,0,0,11,0.071,0.0,0.764
nofund,conservative,long,stock,20,5,P2,85,85,-0.271,-1.32,-4.243,-8.506,-0.272,-0.271,-0.448,-0.22,0.453,20,1637,1634,0.9982,63,1634,0,0,0,0,2,1,0,0,0,7,0.12,0.0,0.783
nofund,conservative,long,stock,20,5,2023,40,40,-0.448,-2.16,-3.912,-4.106,-0.442,-0.446,-0.573,-0.455,0.445,20.0,767,766,0.9987,33,766,0,0,0,0,1,0,0,0,0,9,0.081,0.0,0.764
nofund,conservative,long,stock,20,5,2024,51,51,-0.163,-0.72,-4.147,-4.349,-0.159,-0.16,-0.356,-0.154,0.469,20,1015,1013,0.998,5,1013,0,0,0,0,2,0,0,0,0,2,0.064,0.0,0.761
nofund,conservative,long,stock,20,5,2025,50,50,-0.307,-1.25,-4.581,-8.506,-0.311,-0.308,-0.511,-0.205,0.449,20.0,944,942,0.9979,56,942,0,0,0,0,2,0,0,0,0,6,0.14,0.0,0.79
nofund,conservative,long,stock,20,5,2026,35,35,-0.219,-0.62,-3.336,-3.411,-0.215,-0.218,-0.359,-0.242,0.458,20,693,692,0.9986,7,692,0,0,0,0,0,1,0,0,0,1,0.092,0.0,0.771
nofund,conservative,long,stock,20,20,ALL,173,173,-1.28,-3.44,-9.383,-10.599,-1.259,-1.253,-2.283,-1.258,0.417,20,3359,3324,0.9896,101,3324,0,0,0,0,34,1,0,0,0,18,0.096,0.0,0.774
nofund,conservative,long,stock,20,20,P1,91,91,-1.079,-2.32,-7.42,-7.551,-1.051,-1.05,-1.847,-1.126,0.421,20,1782,1768,0.9921,38,1768,0,0,0,0,14,0,0,0,0,11,0.071,0.0,0.764
nofund,conservative,long,stock,20,20,P2,82,82,-1.504,-2.56,-10.125,-10.599,-1.491,-1.479,-2.768,-1.404,0.412,20.0,1577,1556,0.9867,63,1556,0,0,0,0,20,1,0,0,0,7,0.124,0.0,0.785
nofund,conservative,long,stock,20,20,2023,40,40,-1.279,-2.21,-7.55,-7.551,-1.257,-1.263,-2.039,-1.388,0.4,20.0,767,761,0.9922,33,761,0,0,0,0,6,0,0,0,0,9,0.081,0.0,0.764
nofund,conservative,long,stock,20,20,2024,51,51,-0.922,-1.33,-7.333,-7.513,-0.889,-0.883,-1.697,-0.919,0.437,20,1015,1007,0.9921,5,1007,0,0,0,0,8,0,0,0,0,2,0.064,0.0,0.761
nofund,conservative,long,stock,20,20,2025,50,50,-1.319,-1.93,-10.092,-10.471,-1.332,-1.32,-2.714,-1.151,0.423,20.0,944,930,0.9852,56,930,0,0,0,0,14,0,0,0,0,6,0.14,0.0,0.79
nofund,conservative,long,stock,20,20,2026,32,32,-1.794,-1.76,-10.174,-10.599,-1.74,-1.728,-2.852,-1.8,0.395,20.0,633,626,0.9889,7,626,0,0,0,0,6,1,0,0,0,1,0.099,0.0,0.774
nofund,conservative,long,stock,20,63,ALL,165,165,-2.989,-3.04,-17.3,-19.864,-2.965,-2.922,-5.637,-3.131,0.374,20,3199,3114,0.9734,101,3110,0,0,4,0,82,3,0,0,0,18,0.097,0.0,0.774
nofund,conservative,long,stock,20,63,P1,91,91,-2.787,-3.36,-13.256,-16.772,-2.776,-2.716,-4.605,-2.847,0.372,20,1782,1750,0.982,38,1747,0,0,3,0,32,0,0,0,0,11,0.071,0.0,0.764
nofund,conservative,long,stock,20,63,P2,74,74,-3.237,-1.68,-18.134,-19.864,-3.197,-3.175,-6.906,-3.479,0.376,20.0,1417,1364,0.9626,63,1363,0,0,1,0,50,3,0,0,0,7,0.129,0.0,0.787
nofund,conservative,long,stock,20,63,2023,40,40,-3.447,-4.68,-14.638,-16.772,-3.466,-3.355,-6.062,-3.588,0.335,20.0,767,747,0.9739,33,744,0,0,3,0,20,0,0,0,0,9,0.081,0.0,0.764
nofund,conservative,long,stock,20,63,2024,51,51,-2.27,-1.73,-12.334,-13.836,-2.235,-2.215,-3.463,-2.266,0.401,20,1015,1003,0.9882,5,1003,0,0,0,0,12,0,0,0,0,2,0.064,0.0,0.761
nofund,conservative,long,stock,20,63,2025,50,50,-1.982,-0.83,-17.025,-17.144,-2.005,-1.984,-5.39,-2.324,0.413,20.0,944,911,0.965,56,911,0,0,0,0,33,0,0,0,0,6,0.14,0.0,0.79
nofund,conservative,long,stock,20,63,2026,24,24,-5.852,-2.68,-19.174,-19.864,-5.681,-5.655,-10.064,-5.887,0.297,20.0,473,453,0.9577,7,452,0,0,1,0,17,3,0,0,0,1,0.108,0.0,0.776
nofund,conservative,mid,mixed,10,5,ALL,176,176,-0.292,-2.03,-4.531,-8.307,-0.292,-0.29,-0.463,-0.253,0.456,10.0,1744,1741,0.9983,16,1741,0,0,0,0,3,0,0,0,0,4,0.081,0.0,0.789
nofund,conservative,mid,mixed,10,5,P1,91,91,-0.35,-2.02,-4.152,-4.619,-0.346,-0.345,-0.457,-0.349,0.459,10,908,907,0.9989,2,907,0,0,0,0,1,0,0,0,0,1,0.05,0.0,0.77
nofund,conservative,mid,mixed,10,5,P2,85,85,-0.23,-0.99,-4.658,-8.307,-0.234,-0.231,-0.47,-0.151,0.453,10,836,834,0.9976,14,834,0,0,0,0,2,0,0,0,0,3,0.114,0.0,0.81
nofund,conservative,mid,mixed,10,5,2023,40,40,-0.489,-2.03,-3.988,-4.075,-0.489,-0.489,-0.489,-0.486,0.45,10.0,398,398,1.0,2,398,0,0,0,0,0,0,0,0,0,1,0.055,0.0,0.762
nofund,conservative,mid,mixed,10,5,2024,51,51,-0.241,-0.99,-4.103,-4.619,-0.234,-0.232,-0.432,-0.241,0.467,10,510,509,0.998,0,509,0,0,0,0,1,0,0,0,0,0,0.047,0.0,0.774
nofund,conservative,mid,mixed,10,5,2025,50,50,-0.23,-0.78,-5.081,-8.307,-0.238,-0.232,-0.638,-0.096,0.452,10.0,486,484,0.9959,14,484,0,0,0,0,2,0,0,0,0,3,0.129,0.0,0.824
nofund,conservative,mid,mixed,10,5,2026,35,35,-0.229,-0.61,-4.024,-4.775,-0.229,-0.229,-0.229,-0.229,0.454,10,350,350,1.0,0,350,0,0,0,0,0,0,0,0,0,0,0.092,0.0,0.788
nofund,conservative,mid,mixed,10,20,ALL,173,173,-1.252,-3.32,-9.202,-10.181,-1.228,-1.219,-2.166,-1.185,0.415,10,1714,1698,0.9907,16,1698,0,0,0,0,16,0,0,0,0,4,0.082,0.0,0.79
nofund,conservative,mid,mixed,10,20,P1,91,91,-1.17,-2.34,-8.477,-9.344,-1.132,-1.127,-1.924,-1.158,0.419,10,908,901,0.9923,2,901,0,0,0,0,7,0,0,0,0,1,0.05,0.0,0.77
nofund,conservative,mid,mixed,10,20,P2,82,82,-1.344,-2.36,-9.388,-10.181,-1.335,-1.322,-2.434,-1.214,0.41,10.0,806,797,0.9888,14,797,0,0,0,0,9,0,0,0,0,3,0.117,0.0,0.814
nofund,conservative,mid,mixed,10,20,2023,40,40,-1.505,-2.25,-9.138,-9.344,-1.475,-1.468,-2.244,-1.479,0.386,10.0,398,395,0.9925,2,395,0,0,0,0,3,0,0,0,0,1,0.055,0.0,0.762
nofund,conservative,mid,mixed,10,20,2024,51,51,-0.906,-1.26,-7.508,-8.54,-0.863,-0.86,-1.674,-0.906,0.446,10,510,506,0.9922,0,506,0,0,0,0,4,0,0,0,0,0,0.047,0.0,0.774
nofund,conservative,mid,mixed,10,20,2025,50,50,-1.093,-1.62,-9.477,-10.181,-1.105,-1.089,-2.302,-0.88,0.421,10.0,486,480,0.9877,14,480,0,0,0,0,6,0,0,0,0,3,0.129,0.0,0.824
nofund,conservative,mid,mixed,10,20,2026,32,32,-1.737,-1.76,-9.256,-9.56,-1.694,-1.686,-2.639,-1.737,0.392,10.0,320,317,0.9906,0,317,0,0,0,0,3,0,0,0,0,0,0.098,0.0,0.797
nofund,conservative,mid,mixed,10,63,ALL,165,165,-2.974,-2.75,-19.066,-22.648,-2.93,-2.903,-5.321,-3.02,0.37,10,1634,1596,0.9767,16,1593,0,0,3,0,36,2,0,0,0,4,0.082,0.0,0.789
nofund,conservative,mid,mixed,10,63,P1,91,91,-2.823,-3.07,-14.292,-18.487,-2.79,-2.721,-4.373,-2.815,0.365,10,908,894,0.9846,2,892,0,0,2,0,14,0,0,0,0,1,0.05,0.0,0.77
nofund,conservative,mid,mixed,10,63,P2,74,74,-3.159,-1.49,-20.997,-22.648,-3.101,-3.127,-6.486,-3.271,0.376,10.0,726,702,0.9669,14,701,0,0,1,0,22,2,0,0,0,3,0.12,0.0,0.814
nofund,conservative,mid,mixed,10,63,2023,40,40,-3.994,-4.04,-16.585,-18.487,-3.982,-3.827,-6.531,-3.976,0.316,10.0,398,388,0.9749,2,386,0,0,2,0,10,0,0,0,0,1,0.055,0.0,0.762
nofund,conservative,mid,mixed,10,63,2024,51,51,-1.904,-1.48,-12.257,-13.092,-1.856,-1.853,-2.681,-1.904,0.403,10,510,506,0.9922,0,506,0,0,0,0,4,0,0,0,0,0,0.047,0.0,0.774
nofund,conservative,mid,mixed,10,63,2025,50,50,-1.802,-0.68,-19.924,-21.089,-1.79,-1.815,-4.913,-1.967,0.42,10.0,486,471,0.9691,14,471,0,0,0,0,15,0,0,0,0,3,0.129,0.0,0.824
nofund,conservative,mid,mixed,10,63,2026,24,24,-5.988,-2.39,-21.15,-22.648,-5.832,-5.86,-9.763,-5.988,0.285,10.0,240,231,0.9625,0,230,0,0,1,0,7,2,0,0,0,0,0.1,0.0,0.791
nofund,conservative,mid,mixed,20,5,ALL,176,176,-0.287,-2.24,-4.337,-8.506,-0.286,-0.286,-0.429,-0.24,0.457,20.0,3328,3323,0.9985,192,3323,0,0,0,0,4,1,0,0,0,35,0.088,0.0,0.775
nofund,conservative,mid,mixed,20,5,P1,91,91,-0.308,-2.02,-3.988,-4.523,-0.305,-0.306,-0.416,-0.305,0.457,20,1714,1712,0.9988,106,1712,0,0,0,0,2,0,0,0,0,22,0.064,0.0,0.764
nofund,conservative,mid,mixed,20,5,P2,85,85,-0.265,-1.27,-4.43,-8.506,-0.266,-0.266,-0.443,-0.169,0.456,20,1614,1611,0.9981,86,1611,0,0,0,0,2,1,0,0,0,13,0.114,0.0,0.786
nofund,conservative,mid,mixed,20,5,2023,40,40,-0.455,-2.32,-3.813,-4.106,-0.455,-0.455,-0.455,-0.478,0.445,20.0,713,713,1.0,87,713,0,0,0,0,0,0,0,0,0,17,0.064,0.0,0.764
nofund,conservative,mid,mixed,20,5,2024,51,51,-0.192,-0.86,-4.105,-4.523,-0.188,-0.189,-0.385,-0.17,0.467,20,1001,999,0.998,19,999,0,0,0,0,2,0,0,0,0,5,0.065,0.0,0.762
nofund,conservative,mid,mixed,20,5,2025,50,50,-0.31,-1.25,-4.525,-8.506,-0.314,-0.311,-0.513,-0.138,0.456,20.0,925,923,0.9978,75,923,0,0,0,0,2,0,0,0,0,11,0.134,0.0,0.789
nofund,conservative,mid,mixed,20,5,2026,35,35,-0.202,-0.56,-3.689,-3.756,-0.198,-0.201,-0.342,-0.214,0.455,20,689,688,0.9985,11,688,0,0,0,0,0,1,0,0,0,2,0.084,0.0,0.781
nofund,conservative,mid,mixed,20,20,ALL,173,173,-1.222,-3.3,-9.232,-10.443,-1.209,-1.199,-2.083,-1.181,0.419,20,3268,3238,0.9908,192,3238,0,0,0,0,29,1,0,0,0,35,0.089,0.0,0.775
nofund,conservative,mid,mixed,20,20,P1,91,91,-0.985,-2.19,-7.425,-7.954,-0.968,-0.964,-1.59,-1.037,0.423,20,1714,1703,0.9936,106,1703,0,0,0,0,11,0,0,0,0,22,0.064,0.0,0.764
nofund,conservative,mid,mixed,20,20,P2,82,82,-1.484,-2.49,-9.891,-10.443,-1.477,-1.461,-2.631,-1.34,0.414,20.0,1554,1535,0.9878,86,1535,0,0,0,0,18,1,0,0,0,13,0.117,0.0,0.788
nofund,conservative,mid,mixed,20,20,2023,40,40,-1.205,-2.21,-7.753,-7.954,-1.194,-1.196,-1.712,-1.312,0.401,20.0,713,709,0.9944,87,709,0,0,0,0,4,0,0,0,0,17,0.064,0.0,0.764
nofund,conservative,mid,mixed,20,20,2024,51,51,-0.813,-1.2,-7.206,-7.501,-0.79,-0.782,-1.494,-0.821,0.441,20,1001,994,0.993,19,994,0,0,0,0,7,0,0,0,0,5,0.065,0.0,0.762
nofund,conservative,mid,mixed,20,20,2025,50,50,-1.312,-1.92,-10.025,-10.443,-1.328,-1.314,-2.608,-1.051,0.426,20.0,925,912,0.9859,75,912,0,0,0,0,13,0,0,0,0,11,0.134,0.0,0.789
nofund,conservative,mid,mixed,20,20,2026,32,32,-1.752,-1.68,-9.69,-10.127,-1.711,-1.69,-2.668,-1.792,0.395,20.0,629,623,0.9905,11,623,0,0,0,0,5,1,0,0,0,2,0.091,0.0,0.785
nofund,conservative,mid,mixed,20,63,ALL,165,165,-2.932,-2.97,-16.857,-19.019,-2.925,-2.87,-5.363,-3.089,0.372,20,3108,3030,0.9749,192,3026,0,0,4,0,74,4,0,0,0,35,0.091,0.0,0.775
nofund,conservative,mid,mixed,20,63,P1,91,91,-2.671,-3.29,-12.834,-15.733,-2.667,-2.607,-4.139,-2.765,0.372,20,1714,1688,0.9848,106,1685,0,0,3,0,26,0,0,0,0,22,0.064,0.0,0.764
nofund,conservative,mid,mixed,20,63,P2,74,74,-3.254,-1.68,-17.783,-19.019,-3.242,-3.192,-6.869,-3.487,0.372,20.0,1394,1342,0.9627,86,1341,0,0,1,0,48,4,0,0,0,13,0.123,0.0,0.789
nofund,conservative,mid,mixed,20,63,2023,40,40,-3.356,-4.99,-14.106,-15.733,-3.39,-3.277,-5.431,-3.532,0.335,20.0,713,697,0.9776,87,694,0,0,3,0,16,0,0,0,0,17,0.064,0.0,0.764
nofund,conservative,mid,mixed,20,63,2024,51,51,-2.134,-1.64,-11.985,-13.5,-2.1,-2.082,-3.126,-2.162,0.401,20,1001,991,0.99,19,991,0,0,0,0,10,0,0,0,0,5,0.065,0.0,0.762
nofund,conservative,mid,mixed,20,63,2025,50,50,-2.056,-0.85,-16.941,-17.179,-2.104,-2.068,-5.28,-2.338,0.409,20.0,925,894,0.9665,75,894,0,0,0,0,31,0,0,0,0,11,0.134,0.0,0.789
nofund,conservative,mid,mixed,20,63,2026,24,24,-5.749,-2.61,-18.289,-19.019,-5.615,-5.534,-10.178,-5.881,0.295,20.0,469,448,0.9552,11,447,0,0,1,0,17,4,0,0,0,2,0.1,0.0,0.787
nofund,conservative,mid,stock,10,5,ALL,176,176,-0.295,-2.04,-4.613,-8.307,-0.295,-0.293,-0.466,-0.256,0.457,10.0,1744,1741,0.9983,16,1741,0,0,0,0,3,0,0,0,0,4,0.081,0.0,0.787
nofund,conservative,mid,stock,10,5,P1,91,91,-0.354,-2.02,-4.152,-4.619,-0.35,-0.349,-0.46,-0.352,0.46,10,908,907,0.9989,2,907,0,0,0,0,1,0,0,0,0,1,0.051,0.0,0.769
nofund,conservative,mid,stock,10,5,P2,85,85,-0.231,-0.99,-4.806,-8.307,-0.236,-0.233,-0.472,-0.153,0.453,10,836,834,0.9976,14,834,0,0,0,0,2,0,0,0,0,3,0.114,0.0,0.808
nofund,conservative,mid,stock,10,5,2023,40,40,-0.49,-2.03,-3.988,-4.075,-0.49,-0.49,-0.49,-0.486,0.45,10.0,398,398,1.0,2,398,0,0,0,0,0,0,0,0,0,1,0.055,0.0,0.759
nofund,conservative,mid,stock,10,5,2024,51,51,-0.247,-1.0,-4.173,-4.619,-0.24,-0.238,-0.438,-0.247,0.469,10,510,509,0.998,0,509,0,0,0,0,1,0,0,0,0,0,0.047,0.0,0.776
nofund,conservative,mid,stock,10,5,2025,50,50,-0.242,-0.82,-5.328,-8.307,-0.25,-0.245,-0.65,-0.108,0.452,10.0,486,484,0.9959,14,484,0,0,0,0,2,0,0,0,0,3,0.13,0.0,0.822
nofund,conservative,mid,stock,10,5,2026,35,35,-0.216,-0.57,-4.024,-4.775,-0.216,-0.216,-0.216,-0.216,0.454,10,350,350,1.0,0,350,0,0,0,0,0,0,0,0,0,0,0.091,0.0,0.788
nofund,conservative,mid,stock,10,20,ALL,173,173,-1.259,-3.35,-9.177,-10.181,-1.235,-1.226,-2.173,-1.191,0.415,10,1714,1698,0.9907,16,1698,0,0,0,0,16,0,0,0,0,4,0.082,0.0,0.789
nofund,conservative,mid,stock,10,20,P1,91,91,-1.184,-2.37,-8.477,-9.344,-1.146,-1.142,-1.939,-1.172,0.422,10,908,901,0.9923,2,901,0,0,0,0,7,0,0,0,0,1,0.051,0.0,0.769
nofund,conservative,mid,stock,10,20,P2,82,82,-1.343,-2.37,-9.388,-10.181,-1.333,-1.32,-2.432,-1.213,0.407,10.0,806,797,0.9888,14,797,0,0,0,0,9,0,0,0,0,3,0.117,0.0,0.812
nofund,conservative,mid,stock,10,20,2023,40,40,-1.521,-2.28,-9.138,-9.344,-1.491,-1.484,-2.26,-1.495,0.383,10.0,398,395,0.9925,2,395,0,0,0,0,3,0,0,0,0,1,0.055,0.0,0.759
nofund,conservative,mid,stock,10,20,2024,51,51,-0.92,-1.28,-7.508,-8.54,-0.876,-0.873,-1.687,-0.92,0.452,10,510,506,0.9922,0,506,0,0,0,0,4,0,0,0,0,0,0.047,0.0,0.776
nofund,conservative,mid,stock,10,20,2025,50,50,-1.098,-1.65,-9.477,-10.181,-1.11,-1.094,-2.307,-0.885,0.417,10.0,486,480,0.9877,14,480,0,0,0,0,6,0,0,0,0,3,0.13,0.0,0.822
nofund,conservative,mid,stock,10,20,2026,32,32,-1.725,-1.75,-9.256,-9.56,-1.682,-1.674,-2.627,-1.725,0.392,10.0,320,317,0.9906,0,317,0,0,0,0,3,0,0,0,0,0,0.097,0.0,0.797
nofund,conservative,mid,stock,10,63,ALL,165,165,-2.967,-2.76,-18.923,-22.648,-2.923,-2.896,-5.314,-3.013,0.371,10,1634,1596,0.9767,16,1593,0,0,3,0,36,2,0,0,0,4,0.082,0.0,0.788
nofund,conservative,mid,stock,10,63,P1,91,91,-2.804,-3.02,-14.402,-18.487,-2.771,-2.702,-4.354,-2.796,0.369,10,908,894,0.9846,2,892,0,0,2,0,14,0,0,0,0,1,0.051,0.0,0.769
nofund,conservative,mid,stock,10,63,P2,74,74,-3.168,-1.51,-20.676,-22.648,-3.109,-3.135,-6.495,-3.28,0.373,10.0,726,702,0.9669,14,701,0,0,1,0,22,2,0,0,0,3,0.12,0.0,0.812
nofund,conservative,mid,stock,10,63,2023,40,40,-4.006,-4.08,-16.585,-18.487,-3.993,-3.839,-6.543,-3.988,0.313,10.0,398,388,0.9749,2,386,0,0,2,0,10,0,0,0,0,1,0.055,0.0,0.759
nofund,conservative,mid,stock,10,63,2024,51,51,-1.861,-1.43,-12.477,-13.092,-1.813,-1.811,-2.638,-1.861,0.413,10,510,506,0.9922,0,506,0,0,0,0,4,0,0,0,0,0,0.047,0.0,0.776
nofund,conservative,mid,stock,10,63,2025,50,50,-1.814,-0.69,-19.495,-20.6,-1.802,-1.827,-4.926,-1.98,0.416,10.0,486,471,0.9691,14,471,0,0,0,0,15,0,0,0,0,3,0.13,0.0,0.822
nofund,conservative,mid,stock,10,63,2026,24,24,-5.988,-2.39,-21.15,-22.648,-5.832,-5.86,-9.763,-5.988,0.285,10.0,240,231,0.9625,0,230,0,0,1,0,7,2,0,0,0,0,0.1,0.0,0.791
nofund,conservative,mid,stock,20,5,ALL,176,176,-0.292,-2.27,-4.337,-8.506,-0.291,-0.291,-0.433,-0.243,0.457,20.0,3327,3322,0.9985,193,3322,0,0,0,0,4,1,0,0,0,35,0.088,0.0,0.775
nofund,conservative,mid,stock,20,5,P1,91,91,-0.31,-2.03,-3.988,-4.523,-0.307,-0.308,-0.418,-0.306,0.458,20,1713,1711,0.9988,107,1711,0,0,0,0,2,0,0,0,0,22,0.064,0.0,0.764
nofund,conservative,mid,stock,20,5,P2,85,85,-0.272,-1.3,-4.43,-8.506,-0.273,-0.272,-0.45,-0.176,0.455,20,1614,1611,0.9981,86,1611,0,0,0,0,2,1,0,0,0,13,0.114,0.0,0.786
nofund,conservative,mid,stock,20,5,2023,40,40,-0.456,-2.33,-3.813,-4.106,-0.456,-0.456,-0.456,-0.479,0.445,20.0,713,713,1.0,87,713,0,0,0,0,0,0,0,0,0,17,0.064,0.0,0.764
nofund,conservative,mid,stock,20,5,2024,51,51,-0.195,-0.87,-4.105,-4.523,-0.191,-0.191,-0.388,-0.17,0.469,20,1000,998,0.998,20,998,0,0,0,0,2,0,0,0,0,5,0.064,0.0,0.763
nofund,conservative,mid,stock,20,5,2025,50,50,-0.323,-1.29,-4.598,-8.506,-0.326,-0.324,-0.526,-0.151,0.455,20.0,925,923,0.9978,75,923,0,0,0,0,2,0,0,0,0,11,0.135,0.0,0.789
nofund,conservative,mid,stock,20,5,2026,35,35,-0.2,-0.55,-3.689,-3.756,-0.197,-0.2,-0.341,-0.212,0.455,20,689,688,0.9985,11,688,0,0,0,0,0,1,0,0,0,2,0.085,0.0,0.779
nofund,conservative,mid,stock,20,20,ALL,173,173,-1.227,-3.31,-9.257,-10.443,-1.215,-1.205,-2.089,-1.186,0.417,20,3267,3237,0.9908,193,3237,0,0,0,0,29,1,0,0,0,35,0.089,0.0,0.775
nofund,conservative,mid,stock,20,20,P1,91,91,-0.991,-2.21,-7.425,-7.954,-0.973,-0.969,-1.595,-1.042,0.423,20,1713,1702,0.9936,107,1702,0,0,0,0,11,0,0,0,0,22,0.064,0.0,0.764
nofund,conservative,mid,stock,20,20,P2,82,82,-1.489,-2.49,-9.891,-10.443,-1.483,-1.466,-2.637,-1.346,0.411,20.0,1554,1535,0.9878,86,1535,0,0,0,0,18,1,0,0,0,13,0.118,0.0,0.788
nofund,conservative,mid,stock,20,20,2023,40,40,-1.221,-2.24,-7.753,-7.954,-1.209,-1.211,-1.728,-1.328,0.4,20.0,713,709,0.9944,87,709,0,0,0,0,4,0,0,0,0,17,0.064,0.0,0.764
nofund,conservative,mid,stock,20,20,2024,51,51,-0.811,-1.2,-7.206,-7.501,-0.788,-0.779,-1.491,-0.817,0.442,20,1000,993,0.993,20,993,0,0,0,0,7,0,0,0,0,5,0.064,0.0,0.763
nofund,conservative,mid,stock,20,20,2025,50,50,-1.325,-1.93,-10.025,-10.443,-1.34,-1.326,-2.62,-1.064,0.422,20.0,925,912,0.9859,75,912,0,0,0,0,13,0,0,0,0,11,0.135,0.0,0.789
nofund,conservative,mid,stock,20,20,2026,32,32,-1.747,-1.67,-9.69,-10.127,-1.706,-1.685,-2.663,-1.787,0.394,20.0,629,623,0.9905,11,623,0,0,0,0,5,1,0,0,0,2,0.092,0.0,0.784
nofund,conservative,mid,stock,20,63,ALL,165,165,-2.93,-2.96,-16.902,-19.019,-2.922,-2.867,-5.361,-3.086,0.372,20,3107,3029,0.9749,193,3025,0,0,4,0,74,4,0,0,0,35,0.09,0.0,0.775
nofund,conservative,mid,stock,20,63,P1,91,91,-2.686,-3.32,-12.834,-15.733,-2.682,-2.622,-4.154,-2.779,0.372,20,1713,1687,0.9848,107,1684,0,0,3,0,26,0,0,0,0,22,0.064,0.0,0.764
nofund,conservative,mid,stock,20,63,P2,74,74,-3.23,-1.66,-17.783,-19.019,-3.218,-3.168,-6.845,-3.463,0.372,20.0,1394,1342,0.9627,86,1341,0,0,1,0,48,4,0,0,0,13,0.123,0.0,0.789
nofund,conservative,mid,stock,20,63,2023,40,40,-3.375,-5.09,-14.106,-15.733,-3.409,-3.296,-5.45,-3.552,0.334,20.0,713,697,0.9776,87,694,0,0,3,0,16,0,0,0,0,17,0.064,0.0,0.764
nofund,conservative,mid,stock,20,63,2024,51,51,-2.145,-1.66,-11.985,-13.5,-2.111,-2.093,-3.137,-2.173,0.403,20,1000,990,0.99,20,990,0,0,0,0,10,0,0,0,0,5,0.064,0.0,0.763
nofund,conservative,mid,stock,20,63,2025,50,50,-2.023,-0.83,-17.022,-17.179,-2.07,-2.034,-5.246,-2.304,0.409,20.0,925,894,0.9665,75,894,0,0,0,0,31,0,0,0,0,11,0.135,0.0,0.789
nofund,conservative,mid,stock,20,63,2026,24,24,-5.746,-2.61,-18.289,-19.019,-5.612,-5.531,-10.175,-5.878,0.295,20.0,469,448,0.9552,11,447,0,0,1,0,17,4,0,0,0,2,0.099,0.0,0.787
nofund,conservative,short,mixed,10,5,ALL,176,176,-0.31,-2.16,-4.587,-8.307,-0.31,-0.308,-0.481,-0.28,0.453,10.0,1721,1718,0.9983,39,1718,0,0,0,0,3,0,0,0,0,9,0.079,0.0,0.798
nofund,conservative,short,mixed,10,5,P1,91,91,-0.351,-2.08,-3.957,-4.495,-0.347,-0.346,-0.458,-0.342,0.455,10,901,900,0.9989,9,900,0,0,0,0,1,0,0,0,0,3,0.048,0.0,0.78
nofund,conservative,short,mixed,10,5,P2,85,85,-0.266,-1.12,-4.934,-8.307,-0.271,-0.267,-0.506,-0.213,0.452,10,820,818,0.9976,30,818,0,0,0,0,2,0,0,0,0,6,0.111,0.0,0.818
nofund,conservative,short,mixed,10,5,2023,40,40,-0.442,-1.94,-3.878,-3.901,-0.442,-0.442,-0.442,-0.423,0.462,10.0,391,391,1.0,9,391,0,0,0,0,0,0,0,0,0,3,0.053,0.0,0.782
nofund,conservative,short,mixed,10,5,2024,51,51,-0.279,-1.16,-4.01,-4.495,-0.272,-0.271,-0.47,-0.279,0.449,10,510,509,0.998,0,509,0,0,0,0,1,0,0,0,0,0,0.045,0.0,0.778
nofund,conservative,short,mixed,10,5,2025,50,50,-0.34,-1.2,-5.132,-8.307,-0.35,-0.344,-0.749,-0.242,0.446,10.0,475,473,0.9958,25,473,0,0,0,0,2,0,0,0,0,5,0.125,0.0,0.831
nofund,conservative,short,mixed,10,5,2026,35,35,-0.159,-0.39,-4.637,-4.997,-0.159,-0.159,-0.159,-0.172,0.46,10,345,345,1.0,5,345,0,0,0,0,0,0,0,0,0,1,0.092,0.0,0.8
nofund,conservative,short,mixed,10,20,ALL,173,173,-1.248,-3.32,-9.25,-10.181,-1.233,-1.223,-2.114,-1.192,0.421,10,1691,1676,0.9911,39,1676,0,0,0,0,15,0,0,0,0,9,0.08,0.0,0.799
nofund,conservative,short,mixed,10,20,P1,91,91,-1.074,-2.2,-8.435,-9.344,-1.036,-1.032,-1.829,-1.052,0.424,10,901,894,0.9922,9,894,0,0,0,0,7,0,0,0,0,3,0.048,0.0,0.78
nofund,conservative,short,mixed,10,20,P2,82,82,-1.441,-2.5,-9.563,-10.181,-1.452,-1.434,-2.43,-1.348,0.417,10.0,790,782,0.9899,30,782,0,0,0,0,8,0,0,0,0,6,0.114,0.0,0.821
nofund,conservative,short,mixed,10,20,2023,40,40,-1.442,-2.1,-9.031,-9.344,-1.411,-1.404,-2.18,-1.392,0.393,10.0,391,388,0.9923,9,388,0,0,0,0,3,0,0,0,0,3,0.053,0.0,0.782
nofund,conservative,short,mixed,10,20,2024,51,51,-0.785,-1.16,-7.354,-8.54,-0.743,-0.74,-1.554,-0.785,0.448,10,510,506,0.9922,0,506,0,0,0,0,4,0,0,0,0,0,0.045,0.0,0.778
nofund,conservative,short,mixed,10,20,2025,50,50,-1.109,-1.62,-9.767,-10.181,-1.128,-1.117,-2.332,-0.936,0.441,10.0,475,469,0.9874,25,469,0,0,0,0,6,0,0,0,0,5,0.125,0.0,0.831
nofund,conservative,short,mixed,10,20,2026,32,32,-1.961,-2.0,-9.256,-9.56,-1.958,-1.93,-2.584,-1.992,0.379,10.0,315,313,0.9937,5,313,0,0,0,0,2,0,0,0,0,1,0.098,0.0,0.806
nofund,conservative,short,mixed,10,63,ALL,165,165,-2.806,-2.62,-18.425,-21.332,-2.787,-2.763,-4.98,-2.806,0.382,10,1611,1576,0.9783,39,1573,0,0,3,0,33,2,0,0,0,9,0.079,0.0,0.797
nofund,conservative,short,mixed,10,63,P1,91,91,-2.669,-2.95,-13.701,-14.684,-2.65,-2.581,-4.233,-2.647,0.376,10,901,887,0.9845,9,885,0,0,2,0,14,0,0,0,0,3,0.048,0.0,0.78
nofund,conservative,short,mixed,10,63,P2,74,74,-2.976,-1.41,-20.651,-21.332,-2.956,-2.986,-5.897,-3.001,0.39,10.0,710,689,0.9704,30,688,0,0,1,0,19,2,0,0,0,6,0.117,0.0,0.819
nofund,conservative,short,mixed,10,63,2023,40,40,-3.615,-4.13,-13.993,-14.684,-3.641,-3.487,-6.191,-3.565,0.331,10.0,391,381,0.9744,9,379,0,0,2,0,10,0,0,0,0,3,0.053,0.0,0.782
nofund,conservative,short,mixed,10,63,2024,51,51,-1.927,-1.41,-12.936,-14.187,-1.873,-1.871,-2.698,-1.927,0.411,10,510,506,0.9922,0,506,0,0,0,0,4,0,0,0,0,0,0.045,0.0,0.778
nofund,conservative,short,mixed,10,63,2025,50,50,-1.543,-0.59,-19.711,-21.332,-1.533,-1.576,-4.23,-1.57,0.443,10.0,475,462,0.9726,25,462,0,0,0,0,13,0,0,0,0,5,0.125,0.0,0.831
nofund,conservative,short,mixed,10,63,2026,24,24,-5.96,-2.35,-20.336,-21.019,-5.921,-5.923,-9.371,-5.982,0.281,10.0,235,227,0.966,5,226,0,0,1,0,6,2,0,0,0,1,0.1,0.0,0.796
nofund,conservative,short,mixed,20,5,ALL,176,176,-0.289,-2.38,-4.234,-8.506,-0.289,-0.288,-0.403,-0.24,0.459,20.0,3162,3158,0.9987,358,3158,0,0,0,0,3,1,0,0,0,60,0.084,0.0,0.788
nofund,conservative,short,mixed,20,5,P1,91,91,-0.317,-2.22,-3.79,-4.456,-0.315,-0.315,-0.371,-0.297,0.457,20,1634,1633,0.9994,186,1633,0,0,0,0,1,0,0,0,0,33,0.06,0.0,0.776
nofund,conservative,short,mixed,20,5,P2,85,85,-0.26,-1.3,-4.449,-8.506,-0.26,-0.26,-0.437,-0.178,0.462,20,1528,1525,0.998,172,1525,0,0,0,0,2,1,0,0,0,27,0.109,0.0,0.801
nofund,conservative,short,mixed,20,5,2023,40,40,-0.403,-2.16,-3.496,-3.819,-0.403,-0.403,-0.403,-0.414,0.454,18.0,652,652,1.0,148,652,0,0,0,0,0,0,0,0,0,25,0.064,0.0,0.78
nofund,conservative,short,mixed,20,5,2024,51,51,-0.25,-1.2,-3.9,-4.456,-0.246,-0.246,-0.345,-0.205,0.46,20,982,981,0.999,38,981,0,0,0,0,1,0,0,0,0,8,0.057,0.0,0.772
nofund,conservative,short,mixed,20,5,2025,50,50,-0.31,-1.25,-4.751,-8.506,-0.314,-0.311,-0.513,-0.184,0.462,20.0,867,865,0.9977,133,865,0,0,0,0,2,0,0,0,0,20,0.128,0.0,0.809
nofund,conservative,short,mixed,20,5,2026,35,35,-0.188,-0.57,-3.627,-3.841,-0.184,-0.187,-0.328,-0.169,0.462,20,661,660,0.9985,39,660,0,0,0,0,0,1,0,0,0,7,0.084,0.0,0.788
nofund,conservative,short,mixed,20,20,ALL,173,173,-1.133,-3.19,-8.942,-11.391,-1.13,-1.117,-1.795,-1.154,0.424,20,3102,3079,0.9926,358,3078,0,0,1,0,23,0,0,0,0,60,0.085,0.0,0.789
nofund,conservative,short,mixed,20,20,P1,91,91,-0.963,-2.2,-7.344,-8.05,-0.948,-0.945,-1.401,-1.068,0.423,20,1634,1626,0.9951,186,1626,0,0,0,0,8,0,0,0,0,33,0.06,0.0,0.776
nofund,conservative,short,mixed,20,20,P2,82,82,-1.32,-2.33,-9.821,-11.391,-1.331,-1.309,-2.233,-1.249,0.426,20.0,1468,1453,0.9898,172,1452,0,0,1,0,15,0,0,0,0,27,0.113,0.0,0.804
nofund,conservative,short,mixed,20,20,2023,40,40,-1.13,-2.03,-7.984,-8.05,-1.123,-1.12,-1.508,-1.354,0.404,18.0,652,649,0.9954,148,649,0,0,0,0,3,0,0,0,0,25,0.064,0.0,0.78
nofund,conservative,short,mixed,20,20,2024,51,51,-0.833,-1.28,-6.918,-7.501,-0.811,-0.808,-1.316,-0.844,0.438,20,982,977,0.9949,38,977,0,0,0,0,5,0,0,0,0,8,0.057,0.0,0.772
nofund,conservative,short,mixed,20,20,2025,50,50,-1.142,-1.62,-10.479,-11.391,-1.164,-1.143,-2.241,-0.943,0.442,20.0,867,856,0.9873,133,856,0,0,0,0,11,0,0,0,0,20,0.128,0.0,0.809
nofund,conservative,short,mixed,20,20,2026,32,32,-1.598,-1.76,-8.469,-9.037,-1.593,-1.569,-2.22,-1.726,0.4,20.0,601,597,0.9933,39,596,0,0,1,0,4,0,0,0,0,7,0.09,0.0,0.795
nofund,conservative,short,mixed,20,63,ALL,165,165,-2.815,-2.93,-16.358,-17.771,-2.821,-2.775,-4.781,-3.041,0.377,20,2942,2879,0.9786,358,2874,0,0,5,0,59,4,0,0,0,60,0.086,0.0,0.79
nofund,conservative,short,mixed,20,63,P1,91,91,-2.612,-3.31,-12.216,-13.824,-2.611,-2.566,-3.623,-2.813,0.374,20,1634,1616,0.989,186,1613,0,0,3,0,18,0,0,0,0,33,0.06,0.0,0.776
nofund,conservative,short,mixed,20,63,P2,74,74,-3.064,-1.62,-17.537,-17.771,-3.08,-3.031,-6.204,-3.322,0.38,20.0,1308,1263,0.9656,172,1261,0,0,2,0,41,4,0,0,0,27,0.117,0.0,0.807
nofund,conservative,short,mixed,20,63,2023,40,40,-3.148,-4.41,-13.16,-13.824,-3.168,-3.08,-4.695,-3.599,0.335,18.0,652,640,0.9816,148,637,0,0,3,0,12,0,0,0,0,25,0.064,0.0,0.78
nofund,conservative,short,mixed,20,63,2024,51,51,-2.192,-1.74,-11.586,-12.302,-2.174,-2.163,-2.781,-2.197,0.405,20,982,976,0.9939,38,976,0,0,0,0,6,0,0,0,0,8,0.057,0.0,0.772
nofund,conservative,short,mixed,20,63,2025,50,50,-1.971,-0.81,-17.63,-17.771,-2.018,-1.975,-4.885,-2.208,0.422,20.0,867,839,0.9677,133,839,0,0,0,0,28,0,0,0,0,20,0.128,0.0,0.809
nofund,conservative,short,mixed,20,63,2026,24,24,-5.343,-2.55,-17.051,-17.258,-5.293,-5.231,-8.952,-5.643,0.291,20.0,441,424,0.9615,39,422,0,0,2,0,13,4,0,0,0,7,0.094,0.0,0.801
nofund,conservative,short,stock,10,5,ALL,176,176,-0.313,-2.17,-4.596,-8.307,-0.313,-0.311,-0.484,-0.283,0.453,10.0,1721,1718,0.9983,39,1718,0,0,0,0,3,0,0,0,0,9,0.078,0.0,0.795
nofund,conservative,short,stock,10,5,P1,91,91,-0.351,-2.07,-4.004,-4.495,-0.347,-0.346,-0.458,-0.342,0.456,10,901,900,0.9989,9,900,0,0,0,0,1,0,0,0,0,3,0.047,0.0,0.779
nofund,conservative,short,stock,10,5,P2,85,85,-0.272,-1.15,-4.951,-8.307,-0.277,-0.274,-0.512,-0.219,0.451,10,820,818,0.9976,30,818,0,0,0,0,2,0,0,0,0,6,0.11,0.0,0.814
nofund,conservative,short,stock,10,5,2023,40,40,-0.434,-1.9,-3.878,-3.901,-0.434,-0.434,-0.434,-0.414,0.465,10.0,391,391,1.0,9,391,0,0,0,0,0,0,0,0,0,3,0.053,0.0,0.779
nofund,conservative,short,stock,10,5,2024,51,51,-0.286,-1.18,-4.087,-4.495,-0.278,-0.277,-0.476,-0.286,0.449,10,510,509,0.998,0,509,0,0,0,0,1,0,0,0,0,0,0.043,0.0,0.778
nofund,conservative,short,stock,10,5,2025,50,50,-0.336,-1.18,-5.16,-8.307,-0.346,-0.34,-0.745,-0.238,0.448,10.0,475,473,0.9958,25,473,0,0,0,0,2,0,0,0,0,5,0.123,0.0,0.829
nofund,conservative,short,stock,10,5,2026,35,35,-0.179,-0.44,-4.637,-4.997,-0.179,-0.179,-0.179,-0.192,0.454,10,345,345,1.0,5,345,0,0,0,0,0,0,0,0,0,1,0.091,0.0,0.794
nofund,conservative,short,stock,10,20,ALL,173,173,-1.268,-3.36,-9.298,-10.181,-1.253,-1.243,-2.134,-1.212,0.421,10,1691,1676,0.9911,39,1676,0,0,0,0,15,0,0,0,0,9,0.078,0.0,0.797
nofund,conservative,short,stock,10,20,P1,91,91,-1.098,-2.24,-8.435,-9.344,-1.061,-1.056,-1.853,-1.076,0.426,10,901,894,0.9922,9,894,0,0,0,0,7,0,0,0,0,3,0.047,0.0,0.779
nofund,conservative,short,stock,10,20,P2,82,82,-1.457,-2.52,-9.649,-10.181,-1.467,-1.45,-2.446,-1.364,0.415,10.0,790,782,0.9899,30,782,0,0,0,0,8,0,0,0,0,6,0.113,0.0,0.817
nofund,conservative,short,stock,10,20,2023,40,40,-1.449,-2.11,-9.031,-9.344,-1.418,-1.411,-2.187,-1.4,0.391,10.0,391,388,0.9923,9,388,0,0,0,0,3,0,0,0,0,3,0.053,0.0,0.779
nofund,conservative,short,stock,10,20,2024,51,51,-0.823,-1.2,-7.354,-8.54,-0.78,-0.778,-1.591,-0.823,0.454,10,510,506,0.9922,0,506,0,0,0,0,4,0,0,0,0,0,0.043,0.0,0.778
nofund,conservative,short,stock,10,20,2025,50,50,-1.119,-1.62,-9.911,-10.181,-1.138,-1.127,-2.342,-0.946,0.439,10.0,475,469,0.9874,25,469,0,0,0,0,6,0,0,0,0,5,0.123,0.0,0.829
nofund,conservative,short,stock,10,20,2026,32,32,-1.985,-2.02,-9.256,-9.56,-1.982,-1.954,-2.608,-2.016,0.376,10.0,315,313,0.9937,5,313,0,0,0,0,2,0,0,0,0,1,0.097,0.0,0.8
nofund,conservative,short,stock,10,63,ALL,165,165,-2.823,-2.62,-18.527,-22.252,-2.804,-2.78,-4.997,-2.823,0.382,10,1611,1576,0.9783,39,1573,0,0,3,0,33,2,0,0,0,9,0.078,0.0,0.796
nofund,conservative,short,stock,10,63,P1,91,91,-2.694,-2.96,-13.701,-14.684,-2.675,-2.606,-4.258,-2.672,0.376,10,901,887,0.9845,9,885,0,0,2,0,14,0,0,0,0,3,0.047,0.0,0.779
nofund,conservative,short,stock,10,63,P2,74,74,-2.983,-1.41,-20.881,-22.252,-2.963,-2.993,-5.904,-3.008,0.389,10.0,710,689,0.9704,30,688,0,0,1,0,19,2,0,0,0,6,0.116,0.0,0.818
nofund,conservative,short,stock,10,63,2023,40,40,-3.627,-4.18,-13.993,-14.684,-3.653,-3.499,-6.203,-3.577,0.329,10.0,391,381,0.9744,9,379,0,0,2,0,10,0,0,0,0,3,0.053,0.0,0.779
nofund,conservative,short,stock,10,63,2024,51,51,-1.962,-1.41,-13.241,-14.187,-1.908,-1.906,-2.733,-1.962,0.413,10,510,506,0.9922,0,506,0,0,0,0,4,0,0,0,0,0,0.043,0.0,0.778
nofund,conservative,short,stock,10,63,2025,50,50,-1.553,-0.59,-20.018,-22.252,-1.543,-1.587,-4.24,-1.581,0.44,10.0,475,462,0.9726,25,462,0,0,0,0,13,0,0,0,0,5,0.123,0.0,0.829
nofund,conservative,short,stock,10,63,2026,24,24,-5.96,-2.35,-20.336,-21.019,-5.921,-5.923,-9.371,-5.982,0.281,10.0,235,227,0.966,5,226,0,0,1,0,6,2,0,0,0,1,0.1,0.0,0.796
nofund,conservative,short,stock,20,5,ALL,176,176,-0.294,-2.42,-4.246,-8.506,-0.293,-0.293,-0.407,-0.244,0.459,20.0,3162,3158,0.9987,358,3158,0,0,0,0,3,1,0,0,0,60,0.084,0.0,0.788
nofund,conservative,short,stock,20,5,P1,91,91,-0.321,-2.25,-3.79,-4.456,-0.319,-0.318,-0.374,-0.3,0.459,20,1634,1633,0.9994,186,1633,0,0,0,0,1,0,0,0,0,33,0.06,0.0,0.776
nofund,conservative,short,stock,20,5,P2,85,85,-0.265,-1.33,-4.469,-8.506,-0.266,-0.265,-0.443,-0.184,0.459,20,1528,1525,0.998,172,1525,0,0,0,0,2,1,0,0,0,27,0.109,0.0,0.8
nofund,conservative,short,stock,20,5,2023,40,40,-0.409,-2.2,-3.496,-3.819,-0.409,-0.409,-0.409,-0.42,0.454,18.0,652,652,1.0,148,652,0,0,0,0,0,0,0,0,0,25,0.064,0.0,0.78
nofund,conservative,short,stock,20,5,2024,51,51,-0.251,-1.21,-3.9,-4.456,-0.248,-0.247,-0.347,-0.207,0.462,20,982,981,0.999,38,981,0,0,0,0,1,0,0,0,0,8,0.057,0.0,0.772
nofund,conservative,short,stock,20,5,2025,50,50,-0.319,-1.28,-4.785,-8.506,-0.323,-0.32,-0.522,-0.193,0.46,20.0,867,865,0.9977,133,865,0,0,0,0,2,0,0,0,0,20,0.128,0.0,0.809
nofund,conservative,short,stock,20,5,2026,35,35,-0.189,-0.57,-3.627,-3.841,-0.185,-0.188,-0.329,-0.17,0.459,20,661,660,0.9985,39,660,0,0,0,0,0,1,0,0,0,7,0.083,0.0,0.786
nofund,conservative,short,stock,20,20,ALL,173,173,-1.125,-3.16,-8.939,-11.391,-1.124,-1.109,-1.817,-1.147,0.424,20,3102,3078,0.9923,358,3077,0,0,1,0,24,0,0,0,0,60,0.085,0.0,0.789
nofund,conservative,short,stock,20,20,P1,91,91,-0.955,-2.18,-7.344,-8.05,-0.943,-0.935,-1.448,-1.06,0.424,20,1634,1625,0.9945,186,1625,0,0,0,0,9,0,0,0,0,33,0.06,0.0,0.776
nofund,conservative,short,stock,20,20,P2,82,82,-1.314,-2.3,-9.816,-11.391,-1.325,-1.303,-2.227,-1.242,0.423,20.0,1468,1453,0.9898,172,1452,0,0,1,0,15,0,0,0,0,27,0.113,0.0,0.803
nofund,conservative,short,stock,20,20,2023,40,40,-1.15,-2.07,-7.984,-8.05,-1.143,-1.14,-1.528,-1.374,0.403,18.0,652,649,0.9954,148,649,0,0,0,0,3,0,0,0,0,25,0.064,0.0,0.78
nofund,conservative,short,stock,20,20,2024,51,51,-0.803,-1.24,-6.918,-7.501,-0.785,-0.775,-1.386,-0.814,0.441,20,982,976,0.9939,38,976,0,0,0,0,6,0,0,0,0,8,0.057,0.0,0.772
nofund,conservative,short,stock,20,20,2025,50,50,-1.145,-1.63,-10.479,-11.391,-1.166,-1.145,-2.244,-0.945,0.439,20.0,867,856,0.9873,133,856,0,0,0,0,11,0,0,0,0,20,0.128,0.0,0.809
nofund,conservative,short,stock,20,20,2026,32,32,-1.579,-1.71,-8.469,-9.037,-1.573,-1.549,-2.2,-1.707,0.399,20.0,601,597,0.9933,39,596,0,0,1,0,4,0,0,0,0,7,0.089,0.0,0.793
nofund,conservative,short,stock,20,63,ALL,165,165,-2.804,-2.93,-16.262,-17.771,-2.812,-2.764,-4.802,-3.03,0.377,20,2942,2878,0.9782,358,2873,0,0,5,0,60,4,0,0,0,60,0.085,0.0,0.79
nofund,conservative,short,stock,20,63,P1,91,91,-2.589,-3.3,-12.216,-13.824,-2.591,-2.543,-3.658,-2.79,0.376,20,1634,1615,0.9884,186,1612,0,0,3,0,19,0,0,0,0,33,0.06,0.0,0.776
nofund,conservative,short,stock,20,63,P2,74,74,-3.068,-1.63,-17.331,-17.771,-3.084,-3.035,-6.209,-3.325,0.378,20.0,1308,1263,0.9656,172,1261,0,0,2,0,41,4,0,0,0,27,0.117,0.0,0.806
nofund,conservative,short,stock,20,63,2023,40,40,-3.18,-4.56,-13.16,-13.824,-3.2,-3.112,-4.727,-3.631,0.334,18.0,652,640,0.9816,148,637,0,0,3,0,12,0,0,0,0,25,0.064,0.0,0.78
nofund,conservative,short,stock,20,63,2024,51,51,-2.125,-1.7,-11.586,-12.302,-2.113,-2.096,-2.82,-2.13,0.41,20,982,975,0.9929,38,975,0,0,0,0,7,0,0,0,0,8,0.057,0.0,0.772
nofund,conservative,short,stock,20,63,2025,50,50,-1.992,-0.82,-17.341,-17.771,-2.04,-1.997,-4.907,-2.229,0.418,20.0,867,839,0.9677,133,839,0,0,0,0,28,0,0,0,0,20,0.128,0.0,0.809
nofund,conservative,short,stock,20,63,2026,24,24,-5.311,-2.54,-17.051,-17.258,-5.261,-5.199,-8.92,-5.61,0.293,20.0,441,424,0.9615,39,422,0,0,2,0,13,4,0,0,0,7,0.094,0.0,0.799
v16,aggressive,long,mixed,10,5,ALL,176,176,-0.177,-0.68,-9.196,-17.472,-0.179,-0.178,-0.685,-0.177,0.448,10.0,1760,1747,0.9926,0,1747,0,0,0,0,9,0,0,4,0,0,0.126,0.219,0.604
v16,aggressive,long,mixed,10,5,P1,91,91,-0.288,-1.08,-5.315,-6.999,-0.289,-0.289,-0.84,-0.288,0.418,10,910,904,0.9934,0,904,0,0,0,0,5,0,0,1,0,0,0.087,0.205,0.594
v16,aggressive,long,mixed,10,5,P2,85,85,-0.059,-0.13,-11.035,-17.472,-0.062,-0.059,-0.52,-0.059,0.479,10,850,843,0.9918,0,843,0,0,0,0,4,0,0,3,0,0,0.165,0.233,0.613
v16,aggressive,long,mixed,10,5,2023,40,40,-0.522,-1.71,-4.727,-4.818,-0.523,-0.525,-1.276,-0.522,0.41,10.0,400,396,0.99,0,396,0,0,0,0,3,0,0,1,0,0,0.091,0.212,0.597
v16,aggressive,long,mixed,10,5,2024,51,51,-0.105,-0.26,-5.706,-6.999,-0.105,-0.104,-0.498,-0.105,0.425,10,510,508,0.9961,0,508,0,0,0,0,2,0,0,0,0,0,0.084,0.199,0.594
v16,aggressive,long,mixed,10,5,2025,50,50,0.252,0.56,-6.491,-8.186,0.247,0.261,-0.328,0.252,0.489,10.0,500,496,0.992,0,496,0,0,0,0,3,0,0,1,0,0,0.195,0.283,0.596
v16,aggressive,long,mixed,10,5,2026,35,35,-0.504,-0.56,-14.332,-17.472,-0.504,-0.516,-0.794,-0.504,0.465,10,350,347,0.9914,0,347,0,0,0,0,1,0,0,2,0,0,0.123,0.162,0.635
v16,aggressive,long,mixed,10,20,ALL,173,173,-0.487,-0.77,-14.205,-20.342,-0.478,-0.48,-2.285,-0.487,0.397,10,1730,1695,0.9798,0,1692,0,0,3,0,28,3,0,4,0,0,0.128,0.223,0.602
v16,aggressive,long,mixed,10,20,P1,91,91,-0.663,-0.93,-9.697,-11.257,-0.628,-0.64,-2.098,-0.663,0.387,10,910,896,0.9846,0,896,0,0,0,0,13,0,0,1,0,0,0.087,0.205,0.594
v16,aggressive,long,mixed,10,20,P2,82,82,-0.291,-0.27,-16.617,-20.342,-0.313,-0.302,-2.494,-0.291,0.409,10.0,820,799,0.9744,0,796,0,0,3,0,15,3,0,3,0,0,0.171,0.242,0.609
v16,aggressive,long,mixed,10,20,2023,40,40,-1.692,-3.32,-9.142,-11.257,-1.578,-1.629,-3.904,-1.692,0.404,10.0,400,390,0.975,0,390,0,0,0,0,9,0,0,1,0,0,0.091,0.212,0.597
v16,aggressive,long,mixed,10,20,2024,51,51,0.145,0.12,-9.625,-11.007,0.118,0.135,-0.68,0.145,0.373,10,510,506,0.9922,0,506,0,0,0,0,4,0,0,0,0,0,0.084,0.199,0.594
v16,aggressive,long,mixed,10,20,2025,50,50,-0.044,-0.04,-12.232,-13.765,0.017,-0.021,-2.193,-0.044,0.402,10.0,500,488,0.976,0,488,0,0,0,0,11,0,0,1,0,0,0.195,0.283,0.596
v16,aggressive,long,mixed,10,20,2026,32,32,-0.677,-0.33,-20.201,-20.342,-0.829,-0.741,-2.964,-0.677,0.42,10.0,320,311,0.9719,0,308,0,0,3,0,4,3,0,2,0,0,0.135,0.177,0.626
v16,aggressive,long,mixed,10,63,ALL,165,165,-1.446,-1.03,-22.887,-30.908,-1.166,-1.534,-6.362,-1.446,0.356,10,1650,1571,0.9521,0,1564,0,0,7,0,75,0,0,4,0,0,0.132,0.23,0.598
v16,aggressive,long,mixed,10,63,P1,91,91,-1.8,-1.72,-16.228,-20.307,-1.493,-1.738,-5.241,-1.8,0.345,10,910,879,0.9659,0,879,0,0,0,0,30,0,0,1,0,0,0.087,0.205,0.594
v16,aggressive,long,mixed,10,63,P2,74,74,-1.01,-0.36,-27.049,-30.908,-0.763,-1.284,-7.74,-1.01,0.37,10.0,740,692,0.9351,0,685,0,0,7,0,45,0,0,3,0,0,0.183,0.26,0.601
v16,aggressive,long,mixed,10,63,2023,40,40,-1.84,-0.85,-19.153,-20.307,-1.77,-1.722,-6.749,-1.84,0.386,10.0,400,380,0.95,0,380,0,0,0,0,19,0,0,1,0,0,0.091,0.212,0.597
v16,aggressive,long,mixed,10,63,2024,51,51,-1.769,-2.16,-13.607,-16.206,-1.276,-1.75,-4.058,-1.769,0.313,10,510,499,0.9784,0,499,0,0,0,0,11,0,0,0,0,0,0.084,0.199,0.594
v16,aggressive,long,mixed,10,63,2025,50,50,0.502,0.15,-19.081,-23.386,1.069,0.194,-6.968,0.502,0.402,10.0,500,465,0.93,0,463,0,0,2,0,34,0,0,1,0,0,0.195,0.283,0.596
v16,aggressive,long,mixed,10,63,2026,24,24,-4.161,-0.8,-29.977,-30.908,-4.579,-4.363,-9.347,-4.161,0.306,10.0,240,227,0.9458,0,222,0,0,5,0,11,0,0,2,0,0,0.159,0.211,0.609
v16,aggressive,long,mixed,20,5,ALL,176,176,-0.091,-0.42,-7.443,-13.494,-0.095,-0.095,-0.494,-0.091,0.458,20.0,3520,3499,0.994,0,3499,0,0,0,0,13,1,0,7,0,0,0.14,0.21,0.568
v16,aggressive,long,mixed,20,5,P1,91,91,-0.137,-0.64,-4.321,-6.36,-0.14,-0.142,-0.529,-0.137,0.436,20,1820,1810,0.9945,0,1810,0,0,0,0,7,0,0,3,0,0,0.089,0.199,0.55
v16,aggressive,long,mixed,20,5,P2,85,85,-0.041,-0.11,-8.866,-13.494,-0.047,-0.046,-0.457,-0.041,0.483,20,1700,1689,0.9935,0,1689,0,0,0,0,6,1,0,4,0,0,0.194,0.221,0.588
v16,aggressive,long,mixed,20,5,2023,40,40,-0.335,-1.35,-3.745,-3.9,-0.333,-0.339,-0.843,-0.335,0.431,20.0,800,794,0.9925,0,794,0,0,0,0,4,0,0,2,0,0,0.09,0.211,0.568
v16,aggressive,long,mixed,20,5,2024,51,51,0.019,0.06,-4.705,-6.36,0.011,0.013,-0.283,0.019,0.439,20,1020,1016,0.9961,0,1016,0,0,0,0,3,0,0,1,0,0,0.088,0.189,0.535
v16,aggressive,long,mixed,20,5,2025,50,50,0.046,0.13,-4.953,-8.264,0.042,0.051,-0.347,0.046,0.48,20.0,1000,994,0.994,0,994,0,0,0,0,4,0,0,2,0,0,0.217,0.256,0.593
v16,aggressive,long,mixed,20,5,2026,35,35,-0.166,-0.21,-11.173,-13.494,-0.174,-0.184,-0.614,-0.166,0.487,20,700,695,0.9929,0,695,0,0,0,0,2,1,0,2,0,0,0.16,0.17,0.579
v16,aggressive,long,mixed,20,20,ALL,173,173,-0.27,-0.49,-11.358,-19.115,-0.295,-0.285,-2.225,-0.27,0.413,20,3460,3387,0.9789,0,3384,0,0,3,0,63,3,0,7,0,0,0.142,0.213,0.568
v16,aggressive,long,mixed,20,20,P1,91,91,-0.389,-0.66,-6.659,-7.113,-0.411,-0.395,-2.309,-0.389,0.397,20,1820,1783,0.9797,0,1783,0,0,0,0,34,0,0,3,0,0,0.089,0.199,0.55
v16,aggressive,long,mixed,20,20,P2,82,82,-0.138,-0.14,-13.557,-19.115,-0.167,-0.164,-2.131,-0.138,0.431,20.0,1640,1604,0.978,0,1601,0,0,3,0,29,3,0,4,0,0,0.2,0.227,0.588
v16,aggressive,long,mixed,20,20,2023,40,40,-1.364,-3.98,-6.311,-6.619,-1.33,-1.335,-4.013,-1.364,0.409,20.0,800,777,0.9712,0,777,0,0,0,0,21,0,0,2,0,0,0.09,0.211,0.568
v16,aggressive,long,mixed,20,20,2024,51,51,0.376,0.39,-6.843,-7.113,0.31,0.343,-0.972,0.376,0.387,20,1020,1006,0.9863,0,1006,0,0,0,0,13,0,0,1,0,0,0.088,0.189,0.535
v16,aggressive,long,mixed,20,20,2025,50,50,0.031,0.03,-10.164,-11.838,0.021,0.003,-2.101,0.031,0.424,20.0,1000,977,0.977,0,977,0,0,0,0,21,0,0,2,0,0,0.217,0.256,0.593
v16,aggressive,long,mixed,20,20,2026,32,32,-0.401,-0.23,-17.645,-19.115,-0.46,-0.424,-2.179,-0.401,0.442,20.0,640,627,0.9797,0,624,0,0,3,0,8,3,0,2,0,0,0.173,0.183,0.579
v16,aggressive,long,mixed,20,63,ALL,165,165,-0.216,-0.16,-19.418,-27.848,-0.142,-0.322,-4.994,-0.216,0.386,20,3300,3147,0.9536,0,3136,0,0,11,0,144,2,0,7,0,0,0.145,0.219,0.565
v16,aggressive,long,mixed,20,63,P1,91,91,-0.657,-0.66,-11.474,-13.207,-0.575,-0.664,-4.562,-0.657,0.373,20,1820,1750,0.9615,0,1750,0,0,0,0,67,0,0,3,0,0,0.089,0.199,0.55
v16,aggressive,long,mixed,20,63,P2,74,74,0.327,0.12,-24.15,-27.848,0.39,0.097,-5.526,0.327,0.402,20.0,1480,1397,0.9439,0,1386,0,0,11,0,77,2,0,4,0,0,0.213,0.244,0.584
v16,aggressive,long,mixed,20,63,2023,40,40,-1.007,-0.67,-11.672,-12.337,-1.037,-0.975,-6.55,-1.007,0.413,20.0,800,756,0.945,0,756,0,0,0,0,42,0,0,2,0,0,0.09,0.211,0.568
v16,aggressive,long,mixed,20,63,2024,51,51,-0.383,-0.33,-11.308,-13.207,-0.212,-0.419,-3.003,-0.383,0.341,20,1020,994,0.9745,0,994,0,0,0,0,25,0,0,1,0,0,0.088,0.189,0.535
v16,aggressive,long,mixed,20,63,2025,50,50,1.96,0.65,-17.364,-19.63,2.164,1.674,-4.177,1.96,0.436,20.0,1000,942,0.942,0,936,0,0,6,0,56,0,0,2,0,0,0.217,0.256,0.593
v16,aggressive,long,mixed,20,63,2026,24,24,-3.074,-0.57,-26.472,-27.848,-3.306,-3.188,-8.338,-3.074,0.33,20.0,480,455,0.9479,0,450,0,0,5,0,21,2,0,2,0,0,0.203,0.218,0.563
v16,aggressive,long,stock,10,5,ALL,176,176,-0.046,-0.16,-9.724,-17.472,-0.054,-0.054,-0.732,-0.046,0.472,10.0,1760,1744,0.9909,0,1744,0,0,0,0,11,1,0,4,0,0,0.135,0.224,0.583
v16,aggressive,long,stock,10,5,P1,91,91,-0.138,-0.48,-5.582,-6.999,-0.144,-0.144,-0.695,-0.138,0.464,10,910,904,0.9934,0,904,0,0,0,0,5,0,0,1,0,0,0.089,0.218,0.574
v16,aggressive,long,stock,10,5,P2,85,85,0.053,0.1,-11.559,-17.472,0.042,0.043,-0.772,0.053,0.48,10,850,840,0.9882,0,840,0,0,0,0,6,1,0,3,0,0,0.184,0.232,0.59
v16,aggressive,long,stock,10,5,2023,40,40,-0.323,-0.85,-5.136,-5.454,-0.337,-0.337,-1.088,-0.323,0.456,10.0,400,396,0.99,0,396,0,0,0,0,3,0,0,1,0,0,0.095,0.227,0.567
v16,aggressive,long,stock,10,5,2024,51,51,0.007,0.02,-5.88,-6.999,0.007,0.007,-0.386,0.007,0.47,10,510,508,0.9961,0,508,0,0,0,0,2,0,0,0,0,0,0.084,0.21,0.58
v16,aggressive,long,stock,10,5,2025,50,50,0.087,0.18,-6.806,-9.225,0.068,0.085,-0.906,0.087,0.479,10.0,500,494,0.988,0,494,0,0,0,0,5,0,0,1,0,0,0.208,0.27,0.567
v16,aggressive,long,stock,10,5,2026,35,35,0.004,0.0,-14.332,-17.472,0.005,-0.017,-0.582,0.004,0.482,10,350,346,0.9886,0,346,0,0,0,0,1,1,0,2,0,0,0.149,0.177,0.621
v16,aggressive,long,stock,10,20,ALL,173,173,0.08,0.12,-14.072,-20.342,0.091,0.088,-2.133,0.08,0.469,10,1730,1688,0.9757,0,1685,0,0,3,0,35,3,0,4,0,0,0.136,0.228,0.581
v16,aggressive,long,stock,10,20,P1,91,91,0.043,0.06,-10.38,-12.615,0.061,0.048,-1.962,0.043,0.496,10,910,891,0.9791,0,891,0,0,0,0,18,0,0,1,0,0,0.089,0.218,0.574
v16,aggressive,long,stock,10,20,P2,82,82,0.12,0.11,-16.551,-20.342,0.124,0.132,-2.323,0.12,0.439,10.0,820,797,0.972,0,794,0,0,3,0,17,3,0,3,0,0,0.189,0.239,0.588
v16,aggressive,long,stock,10,20,2023,40,40,-1.2,-2.56,-10.564,-12.615,-1.085,-1.145,-4.166,-1.2,0.453,10.0,400,387,0.9675,0,387,0,0,0,0,12,0,0,1,0,0,0.095,0.227,0.567
v16,aggressive,long,stock,10,20,2024,51,51,1.018,0.85,-10.257,-11.007,0.96,0.984,-0.232,1.018,0.531,10,510,504,0.9882,0,504,0,0,0,0,6,0,0,0,0,0,0.084,0.21,0.58
v16,aggressive,long,stock,10,20,2025,50,50,-0.053,-0.04,-11.161,-13.765,0.063,0.028,-2.575,-0.053,0.431,10.0,500,486,0.972,0,486,0,0,0,0,13,0,0,1,0,0,0.208,0.27,0.567
v16,aggressive,long,stock,10,20,2026,32,32,0.391,0.18,-20.201,-20.342,0.219,0.294,-1.93,0.391,0.452,10.0,320,311,0.9719,0,308,0,0,3,0,4,3,0,2,0,0,0.159,0.191,0.616
v16,aggressive,long,stock,10,63,ALL,165,165,0.396,0.25,-23.469,-30.908,0.575,0.203,-5.645,0.396,0.439,10,1650,1555,0.9424,0,1547,0,0,8,0,91,0,0,4,0,0,0.14,0.235,0.577
v16,aggressive,long,stock,10,63,P1,91,91,0.221,0.17,-15.313,-22.656,0.437,0.211,-4.432,0.221,0.455,10,910,869,0.9549,0,869,0,0,0,0,40,0,0,1,0,0,0.089,0.218,0.574
v16,aggressive,long,stock,10,63,P2,74,74,0.61,0.2,-26.376,-30.908,0.746,0.194,-7.137,0.61,0.419,10.0,740,686,0.927,0,678,0,0,8,0,51,0,0,3,0,0,0.203,0.257,0.579
v16,aggressive,long,stock,10,63,2023,40,40,-0.272,-0.11,-18.631,-22.656,-0.199,-0.172,-6.496,-0.272,0.46,10.0,400,375,0.9375,0,375,0,0,0,0,24,0,0,1,0,0,0.095,0.227,0.567
v16,aggressive,long,stock,10,63,2024,51,51,0.608,0.63,-12.246,-16.206,0.935,0.511,-2.813,0.608,0.451,10,510,494,0.9686,0,494,0,0,0,0,16,0,0,0,0,0,0.084,0.21,0.58
v16,aggressive,long,stock,10,63,2025,50,50,1.894,0.57,-20.87,-23.136,2.414,1.507,-6.725,1.894,0.442,10.0,500,460,0.92,0,457,0,0,3,0,39,0,0,1,0,0,0.208,0.27,0.567
v16,aggressive,long,stock,10,63,2026,24,24,-2.065,-0.33,-29.977,-30.908,-2.728,-2.542,-7.994,-2.065,0.371,10.0,240,226,0.9417,0,221,0,0,5,0,12,0,0,2,0,0,0.192,0.229,0.6
v16,aggressive,long,stock,20,5,ALL,176,176,-0.022,-0.1,-7.954,-13.494,-0.031,-0.029,-0.513,-0.024,0.479,20.0,3511,3487,0.9932,9,3486,0,0,1,0,15,2,0,7,0,1,0.142,0.204,0.554
v16,aggressive,long,stock,20,5,P1,91,91,0.005,0.02,-4.532,-6.36,0.001,-0.0,-0.388,0.005,0.474,20,1820,1810,0.9945,0,1810,0,0,0,0,7,0,0,3,0,0,0.093,0.2,0.539
v16,aggressive,long,stock,20,5,P2,85,85,-0.051,-0.12,-9.308,-13.494,-0.065,-0.059,-0.646,-0.054,0.483,20,1691,1677,0.9917,9,1676,0,0,1,0,8,2,0,4,0,1,0.193,0.208,0.57
v16,aggressive,long,stock,20,5,2023,40,40,-0.285,-0.99,-4.398,-4.79,-0.284,-0.29,-0.794,-0.285,0.454,20.0,800,794,0.9925,0,794,0,0,0,0,4,0,0,2,0,0,0.095,0.209,0.55
v16,aggressive,long,stock,20,5,2024,51,51,0.232,0.7,-4.622,-6.36,0.224,0.227,-0.069,0.232,0.49,20,1020,1016,0.9961,0,1016,0,0,0,0,3,0,0,1,0,0,0.092,0.193,0.53
v16,aggressive,long,stock,20,5,2025,50,50,-0.056,-0.15,-5.643,-9.463,-0.064,-0.057,-0.552,-0.062,0.48,20.0,991,984,0.9929,9,984,0,0,0,0,5,0,0,2,0,1,0.219,0.236,0.572
v16,aggressive,long,stock,20,5,2026,35,35,-0.043,-0.05,-11.173,-13.494,-0.066,-0.062,-0.781,-0.043,0.488,20,700,693,0.99,0,692,0,0,1,0,3,2,0,2,0,0,0.157,0.169,0.566
v16,aggressive,long,stock,20,20,ALL,173,173,0.2,0.33,-11.771,-19.874,0.17,0.185,-2.079,0.186,0.471,20,3451,3367,0.9757,9,3363,0,0,4,0,73,4,0,7,0,1,0.144,0.207,0.554
v16,aggressive,long,stock,20,20,P1,91,91,0.283,0.43,-6.909,-7.265,0.247,0.271,-1.811,0.283,0.486,20,1820,1780,0.978,0,1780,0,0,0,0,37,0,0,3,0,0,0.093,0.2,0.539
v16,aggressive,long,stock,20,20,P2,82,82,0.108,0.1,-13.884,-19.874,0.086,0.09,-2.377,0.078,0.454,20.0,1631,1587,0.973,9,1583,0,0,4,0,36,4,0,4,0,1,0.199,0.214,0.57
v16,aggressive,long,stock,20,20,2023,40,40,-1.154,-2.71,-6.729,-6.977,-1.115,-1.121,-3.798,-1.154,0.436,20.0,800,777,0.9712,0,777,0,0,0,0,21,0,0,2,0,0,0.095,0.209,0.55
v16,aggressive,long,stock,20,20,2024,51,51,1.411,1.36,-7.029,-7.265,1.315,1.363,-0.254,1.411,0.526,20,1020,1003,0.9833,0,1003,0,0,0,0,16,0,0,1,0,0,0.092,0.193,0.53
v16,aggressive,long,stock,20,20,2025,50,50,0.214,0.19,-11.012,-12.925,0.224,0.201,-2.11,0.165,0.459,20.0,991,966,0.9748,9,966,0,0,0,0,23,0,0,2,0,1,0.219,0.236,0.572
v16,aggressive,long,stock,20,20,2026,32,32,-0.057,-0.03,-18.024,-19.874,-0.13,-0.083,-2.793,-0.057,0.446,20.0,640,621,0.9703,0,617,0,0,4,0,13,4,0,2,0,0,0.169,0.18,0.566
v16,aggressive,long,stock,20,63,ALL,165,165,1.523,0.98,-18.74,-29.756,1.533,1.345,-4.245,1.457,0.462,20,3291,3110,0.945,9,3098,0,0,12,0,172,2,0,7,0,1,0.146,0.213,0.553
v16,aggressive,long,stock,20,63,P1,91,91,1.52,1.15,-11.365,-13.539,1.524,1.472,-3.193,1.52,0.478,20,1820,1737,0.9544,0,1737,0,0,0,0,80,0,0,3,0,0,0.093,0.2,0.539
v16,aggressive,long,stock,20,63,P2,74,74,1.527,0.5,-24.582,-29.756,1.543,1.189,-5.538,1.38,0.441,20.0,1471,1373,0.9334,9,1361,0,0,12,0,92,2,0,4,0,1,0.211,0.229,0.569
v16,aggressive,long,stock,20,63,2023,40,40,-0.045,-0.02,-13.426,-13.539,-0.097,0.015,-6.381,-0.045,0.455,20.0,800,750,0.9375,0,750,0,0,0,0,48,0,0,2,0,0,0.095,0.209,0.55
v16,aggressive,long,stock,20,63,2024,51,51,2.747,2.24,-7.014,-7.733,2.796,2.615,-0.692,2.747,0.496,20,1020,987,0.9676,0,987,0,0,0,0,32,0,0,1,0,0,0.092,0.193,0.53
v16,aggressive,long,stock,20,63,2025,50,50,2.93,0.88,-14.317,-17.92,3.111,2.563,-4.147,2.712,0.472,20.0,991,925,0.9334,9,919,0,0,6,0,64,0,0,2,0,1,0.219,0.236,0.572
v16,aggressive,long,stock,20,63,2026,24,24,-1.395,-0.22,-27.669,-29.756,-1.722,-1.674,-8.437,-1.395,0.377,20.0,480,448,0.9333,0,442,0,0,6,0,28,2,0,2,0,0,0.196,0.215,0.561
v16,aggressive,mid,mixed,10,5,ALL,176,176,-0.078,-0.31,-8.514,-15.9,-0.086,-0.084,-0.533,-0.078,0.445,10.0,1760,1747,0.9926,0,1747,0,0,0,0,8,0,0,5,0,0,0.129,0.241,0.626
v16,aggressive,mid,mixed,10,5,P1,91,91,-0.124,-0.47,-4.712,-6.802,-0.13,-0.13,-0.68,-0.124,0.414,10,910,903,0.9923,0,903,0,0,0,0,5,0,0,2,0,0,0.088,0.222,0.613
v16,aggressive,mid,mixed,10,5,P2,85,85,-0.029,-0.07,-10.471,-15.9,-0.039,-0.035,-0.374,-0.029,0.478,10,850,844,0.9929,0,844,0,0,0,0,3,0,0,3,0,0,0.169,0.26,0.64
v16,aggressive,mid,mixed,10,5,2023,40,40,-0.292,-0.95,-4.361,-4.637,-0.301,-0.304,-1.055,-0.292,0.413,10.0,400,396,0.99,0,396,0,0,0,0,3,0,0,1,0,0,0.097,0.217,0.608
v16,aggressive,mid,mixed,10,5,2024,51,51,0.008,0.02,-4.945,-6.802,0.004,0.007,-0.387,0.008,0.415,10,510,507,0.9941,0,507,0,0,0,0,2,0,0,1,0,0,0.08,0.226,0.616
v16,aggressive,mid,mixed,10,5,2025,50,50,0.25,0.55,-6.392,-8.253,0.226,0.249,-0.133,0.25,0.487,10.0,500,497,0.994,0,497,0,0,0,0,2,0,0,1,0,0,0.201,0.321,0.627
v16,aggressive,mid,mixed,10,5,2026,35,35,-0.428,-0.5,-13.045,-15.9,-0.417,-0.441,-0.72,-0.428,0.464,10,350,347,0.9914,0,347,0,0,0,0,1,0,0,2,0,0,0.123,0.172,0.662
v16,aggressive,mid,mixed,10,20,ALL,173,173,-0.313,-0.52,-12.984,-20.081,-0.33,-0.317,-2.068,-0.313,0.396,10,1730,1695,0.9798,0,1693,0,0,2,0,27,3,0,5,0,0,0.131,0.245,0.625
v16,aggressive,mid,mixed,10,20,P1,91,91,-0.449,-0.68,-8.528,-9.123,-0.456,-0.448,-1.688,-0.449,0.386,10,910,897,0.9857,0,897,0,0,0,0,11,0,0,2,0,0,0.088,0.222,0.613
v16,aggressive,mid,mixed,10,20,P2,82,82,-0.163,-0.16,-15.746,-20.081,-0.19,-0.172,-2.489,-0.163,0.408,10.0,820,798,0.9732,0,796,0,0,2,0,16,3,0,3,0,0,0.175,0.269,0.638
v16,aggressive,mid,mixed,10,20,2023,40,40,-1.088,-2.33,-8.448,-8.923,-1.059,-1.066,-2.848,-1.088,0.411,10.0,400,392,0.98,0,392,0,0,0,0,7,0,0,1,0,0,0.097,0.217,0.608
v16,aggressive,mid,mixed,10,20,2024,51,51,0.052,0.05,-8.581,-9.123,0.017,0.037,-0.778,0.052,0.366,10,510,505,0.9902,0,505,0,0,0,0,4,0,0,1,0,0,0.08,0.226,0.616
v16,aggressive,mid,mixed,10,20,2025,50,50,-0.328,-0.31,-10.121,-10.773,-0.236,-0.281,-2.238,-0.328,0.386,10.0,500,489,0.978,0,489,0,0,0,0,10,0,0,1,0,0,0.201,0.321,0.627
v16,aggressive,mid,mixed,10,20,2026,32,32,0.095,0.05,-20.07,-20.081,-0.117,-0.003,-2.882,0.095,0.442,10.0,320,309,0.9656,0,307,0,0,2,0,6,3,0,2,0,0,0.135,0.188,0.658
v16,aggressive,mid,mixed,10,63,ALL,165,165,-1.507,-1.15,-21.804,-30.532,-1.349,-1.619,-6.376,-1.507,0.353,10,1650,1571,0.9521,0,1566,0,0,5,0,74,0,0,5,0,0,0.134,0.253,0.62
v16,aggressive,mid,mixed,10,63,P1,91,91,-1.737,-2.08,-13.962,-17.023,-1.583,-1.73,-4.776,-1.737,0.345,10,910,882,0.9692,0,882,0,0,0,0,26,0,0,2,0,0,0.088,0.222,0.613
v16,aggressive,mid,mixed,10,63,P2,74,74,-1.225,-0.45,-25.865,-30.532,-1.062,-1.483,-8.343,-1.225,0.364,10.0,740,689,0.9311,0,684,0,0,5,0,48,0,0,3,0,0,0.188,0.29,0.627
v16,aggressive,mid,mixed,10,63,2023,40,40,-1.987,-1.32,-14.213,-17.023,-2.075,-1.974,-6.506,-1.987,0.385,10.0,400,382,0.955,0,382,0,0,0,0,17,0,0,1,0,0,0.097,0.217,0.608
v16,aggressive,mid,mixed,10,63,2024,51,51,-1.54,-1.55,-13.795,-16.206,-1.197,-1.539,-3.419,-1.54,0.314,10,510,500,0.9804,0,500,0,0,0,0,9,0,0,1,0,0,0.08,0.226,0.616
v16,aggressive,mid,mixed,10,63,2025,50,50,-0.04,-0.01,-21.337,-22.771,0.443,-0.266,-7.369,-0.04,0.39,10.0,500,465,0.93,0,464,0,0,1,0,34,0,0,1,0,0,0.201,0.321,0.627
v16,aggressive,mid,mixed,10,63,2026,24,24,-3.693,-0.71,-29.789,-30.532,-4.197,-4.019,-10.372,-3.693,0.308,10.0,240,224,0.9333,0,220,0,0,4,0,14,0,0,2,0,0,0.158,0.225,0.63
v16,aggressive,mid,mixed,20,5,ALL,176,176,-0.139,-0.67,-6.74,-12.886,-0.14,-0.141,-0.596,-0.139,0.459,20.0,3520,3497,0.9935,0,3497,0,0,0,0,14,2,0,7,0,0,0.145,0.221,0.586
v16,aggressive,mid,mixed,20,5,P1,91,91,-0.233,-1.07,-4.458,-5.93,-0.235,-0.236,-0.681,-0.233,0.429,20,1820,1809,0.994,0,1809,0,0,0,0,8,0,0,3,0,0,0.092,0.213,0.573
v16,aggressive,mid,mixed,20,5,P2,85,85,-0.038,-0.11,-8.175,-12.886,-0.037,-0.04,-0.506,-0.038,0.491,20,1700,1688,0.9929,0,1688,0,0,0,0,6,2,0,4,0,0,0.2,0.229,0.601
v16,aggressive,mid,mixed,20,5,2023,40,40,-0.327,-1.31,-3.723,-4.472,-0.323,-0.327,-0.962,-0.327,0.44,20.0,800,793,0.9912,0,793,0,0,0,0,5,0,0,2,0,0,0.088,0.226,0.587
v16,aggressive,mid,mixed,20,5,2024,51,51,-0.16,-0.48,-4.692,-5.93,-0.166,-0.164,-0.46,-0.16,0.42,20,1020,1016,0.9961,0,1016,0,0,0,0,3,0,0,1,0,0,0.095,0.202,0.561
v16,aggressive,mid,mixed,20,5,2025,50,50,0.194,0.55,-4.841,-6.741,0.19,0.197,-0.299,0.194,0.496,20.0,1000,993,0.993,0,993,0,0,0,0,5,0,0,2,0,0,0.226,0.262,0.596
v16,aggressive,mid,mixed,20,5,2026,35,35,-0.369,-0.52,-10.812,-12.886,-0.362,-0.379,-0.803,-0.369,0.484,20,700,695,0.9929,0,695,0,0,0,0,1,2,0,2,0,0,0.161,0.182,0.604
v16,aggressive,mid,mixed,20,20,ALL,173,173,-0.417,-0.78,-11.699,-17.166,-0.416,-0.412,-2.03,-0.417,0.406,20,3460,3398,0.9821,0,3395,0,0,3,0,52,3,0,7,0,0,0.147,0.224,0.585
v16,aggressive,mid,mixed,20,20,P1,91,91,-0.483,-0.87,-6.711,-8.168,-0.48,-0.477,-2.056,-0.483,0.396,20,1820,1789,0.983,0,1789,0,0,0,0,28,0,0,3,0,0,0.092,0.213,0.573
v16,aggressive,mid,mixed,20,20,P2,82,82,-0.345,-0.36,-13.662,-17.166,-0.346,-0.34,-2.002,-0.345,0.417,20.0,1640,1609,0.9811,0,1606,0,0,3,0,24,3,0,4,0,0,0.206,0.236,0.598
v16,aggressive,mid,mixed,20,20,2023,40,40,-1.185,-3.79,-5.325,-5.568,-1.142,-1.156,-3.586,-1.185,0.421,20.0,800,779,0.9738,0,779,0,0,0,0,19,0,0,2,0,0,0.088,0.226,0.587
v16,aggressive,mid,mixed,20,20,2024,51,51,0.068,0.07,-7.137,-8.168,0.04,0.055,-0.855,0.068,0.377,20,1020,1010,0.9902,0,1010,0,0,0,0,9,0,0,1,0,0,0.095,0.202,0.561
v16,aggressive,mid,mixed,20,20,2025,50,50,-0.164,-0.15,-11.065,-12.256,-0.099,-0.14,-1.644,-0.164,0.41,20.0,1000,983,0.983,0,983,0,0,0,0,15,0,0,2,0,0,0.226,0.262,0.596
v16,aggressive,mid,mixed,20,20,2026,32,32,-0.627,-0.36,-16.365,-17.166,-0.731,-0.652,-2.56,-0.627,0.429,20.0,640,626,0.9781,0,623,0,0,3,0,9,3,0,2,0,0,0.175,0.195,0.598
v16,aggressive,mid,mixed,20,63,ALL,165,165,-0.768,-0.56,-19.582,-26.431,-0.662,-0.83,-5.13,-0.768,0.376,20,3300,3159,0.9573,0,3149,0,0,10,0,132,2,0,7,0,0,0.151,0.232,0.581
v16,aggressive,mid,mixed,20,63,P1,91,91,-1.361,-1.56,-11.545,-13.176,-1.254,-1.323,-4.946,-1.361,0.363,20,1820,1755,0.9643,0,1755,0,0,0,0,62,0,0,3,0,0,0.092,0.213,0.573
v16,aggressive,mid,mixed,20,63,P2,74,74,-0.039,-0.01,-23.689,-26.431,0.065,-0.224,-5.355,-0.039,0.392,20.0,1480,1404,0.9486,0,1394,0,0,10,0,70,2,0,4,0,0,0.222,0.255,0.592
v16,aggressive,mid,mixed,20,63,2023,40,40,-1.779,-1.36,-10.552,-10.722,-1.793,-1.691,-7.42,-1.779,0.403,20.0,800,755,0.9437,0,755,0,0,0,0,43,0,0,2,0,0,0.088,0.226,0.587
v16,aggressive,mid,mixed,20,63,2024,51,51,-1.032,-0.94,-12.207,-13.176,-0.831,-1.035,-3.006,-1.032,0.331,20,1020,1000,0.9804,0,1000,0,0,0,0,19,0,0,1,0,0,0.095,0.202,0.561
v16,aggressive,mid,mixed,20,63,2025,50,50,1.72,0.53,-17.551,-19.63,1.952,1.461,-3.661,1.72,0.432,20.0,1000,949,0.949,0,944,0,0,5,0,49,0,0,2,0,0,0.226,0.262,0.596
v16,aggressive,mid,mixed,20,63,2026,24,24,-3.703,-0.73,-26.421,-26.431,-3.864,-3.733,-8.884,-3.703,0.308,20.0,480,455,0.9479,0,450,0,0,5,0,21,2,0,2,0,0,0.213,0.239,0.578
v16,aggressive,mid,stock,10,5,ALL,176,176,0.01,0.04,-8.984,-15.9,0.005,0.007,-0.672,0.01,0.47,10.0,1760,1743,0.9903,0,1743,0,0,0,0,11,1,0,5,0,0,0.132,0.238,0.607
v16,aggressive,mid,stock,10,5,P1,91,91,-0.036,-0.13,-5.146,-6.802,-0.043,-0.042,-0.593,-0.036,0.458,10,910,903,0.9923,0,903,0,0,0,0,5,0,0,2,0,0,0.091,0.232,0.603
v16,aggressive,mid,stock,10,5,P2,85,85,0.06,0.12,-10.907,-15.9,0.056,0.059,-0.757,0.06,0.482,10,850,840,0.9882,0,840,0,0,0,0,6,1,0,3,0,0,0.175,0.245,0.611
v16,aggressive,mid,stock,10,5,2023,40,40,-0.304,-0.84,-4.753,-4.869,-0.315,-0.316,-1.067,-0.304,0.443,10.0,400,396,0.99,0,396,0,0,0,0,3,0,0,1,0,0,0.098,0.235,0.592
v16,aggressive,mid,stock,10,5,2024,51,51,0.174,0.43,-5.409,-6.802,0.17,0.172,-0.221,0.174,0.469,10,510,507,0.9941,0,507,0,0,0,0,2,0,0,1,0,0,0.086,0.229,0.61
v16,aggressive,mid,stock,10,5,2025,50,50,0.23,0.46,-7.083,-9.657,0.212,0.238,-0.753,0.23,0.491,10.0,500,494,0.988,0,494,0,0,0,0,5,0,0,1,0,0,0.206,0.288,0.596
v16,aggressive,mid,stock,10,5,2026,35,35,-0.182,-0.19,-13.354,-15.9,-0.167,-0.197,-0.762,-0.182,0.47,10,350,346,0.9886,0,346,0,0,0,0,1,1,0,2,0,0,0.131,0.183,0.632
v16,aggressive,mid,stock,10,20,ALL,173,173,0.395,0.57,-14.023,-20.081,0.384,0.395,-1.599,0.395,0.475,10,1730,1691,0.9775,0,1688,0,0,3,0,31,3,0,5,0,0,0.134,0.242,0.606
v16,aggressive,mid,stock,10,20,P1,91,91,0.442,0.6,-9.19,-11.003,0.423,0.43,-0.811,0.442,0.507,10,910,897,0.9857,0,897,0,0,0,0,11,0,0,2,0,0,0.091,0.232,0.603
v16,aggressive,mid,stock,10,20,P2,82,82,0.343,0.28,-16.351,-20.081,0.34,0.357,-2.474,0.343,0.439,10.0,820,794,0.9683,0,791,0,0,3,0,20,3,0,3,0,0,0.182,0.254,0.61
v16,aggressive,mid,stock,10,20,2023,40,40,-0.942,-1.79,-10.105,-11.003,-0.921,-0.934,-2.717,-0.942,0.456,10.0,400,392,0.98,0,392,0,0,0,0,7,0,0,1,0,0,0.098,0.235,0.592
v16,aggressive,mid,stock,10,20,2024,51,51,1.527,1.31,-8.581,-9.123,1.477,1.499,0.684,1.527,0.547,10,510,505,0.9902,0,505,0,0,0,0,4,0,0,1,0,0,0.086,0.229,0.61
v16,aggressive,mid,stock,10,20,2025,50,50,0.299,0.22,-12.157,-13.039,0.46,0.415,-2.188,0.299,0.429,10.0,500,486,0.972,0,486,0,0,0,0,13,0,0,1,0,0,0.206,0.288,0.596
v16,aggressive,mid,stock,10,20,2026,32,32,0.41,0.18,-20.07,-20.081,0.152,0.267,-2.919,0.41,0.454,10.0,320,308,0.9625,0,305,0,0,3,0,7,3,0,2,0,0,0.144,0.2,0.632
v16,aggressive,mid,stock,10,63,ALL,165,165,0.673,0.45,-22.969,-30.532,0.85,0.478,-4.945,0.673,0.448,10,1650,1561,0.9461,0,1554,0,0,7,0,84,0,0,5,0,0,0.138,0.25,0.601
v16,aggressive,mid,stock,10,63,P1,91,91,0.801,0.74,-12.983,-16.907,0.963,0.771,-2.625,0.801,0.468,10,910,879,0.9659,0,879,0,0,0,0,29,0,0,2,0,0,0.091,0.232,0.603
v16,aggressive,mid,stock,10,63,P2,74,74,0.517,0.17,-26.549,-30.532,0.712,0.119,-7.799,0.517,0.423,10.0,740,682,0.9216,0,675,0,0,7,0,55,0,0,3,0,0,0.195,0.273,0.599
v16,aggressive,mid,stock,10,63,2023,40,40,-0.156,-0.09,-14.221,-16.907,-0.301,-0.18,-4.712,-0.156,0.465,10.0,400,382,0.955,0,382,0,0,0,0,17,0,0,1,0,0,0.098,0.235,0.592
v16,aggressive,mid,stock,10,63,2024,51,51,1.551,1.45,-11.339,-16.206,1.954,1.517,-0.987,1.551,0.471,10,510,497,0.9745,0,497,0,0,0,0,12,0,0,1,0,0,0.086,0.229,0.61
v16,aggressive,mid,stock,10,63,2025,50,50,1.893,0.56,-21.043,-23.185,2.517,1.559,-6.668,1.893,0.446,10.0,500,460,0.92,0,458,0,0,2,0,39,0,0,1,0,0,0.206,0.288,0.596
v16,aggressive,mid,stock,10,63,2026,24,24,-2.35,-0.38,-29.789,-30.532,-3.048,-2.883,-10.156,-2.35,0.376,10.0,240,222,0.925,0,217,0,0,5,0,16,0,0,2,0,0,0.171,0.242,0.604
v16,aggressive,mid,stock,20,5,ALL,176,176,-0.003,-0.01,-7.317,-13.969,-0.008,-0.007,-0.491,-0.007,0.486,20.0,3512,3488,0.9932,8,3487,0,0,1,0,15,2,0,7,0,1,0.149,0.213,0.57
v16,aggressive,mid,stock,20,5,P1,91,91,-0.063,-0.27,-4.337,-5.93,-0.066,-0.067,-0.568,-0.063,0.475,20,1820,1808,0.9934,0,1808,0,0,0,0,9,0,0,3,0,0,0.102,0.213,0.564
v16,aggressive,mid,stock,20,5,P2,85,85,0.062,0.15,-8.694,-13.969,0.054,0.057,-0.409,0.053,0.498,20,1692,1680,0.9929,8,1679,0,0,1,0,6,2,0,4,0,1,0.199,0.213,0.576
v16,aggressive,mid,stock,20,5,2023,40,40,-0.271,-0.95,-4.123,-4.377,-0.27,-0.274,-1.035,-0.271,0.458,20.0,800,792,0.99,0,792,0,0,0,0,6,0,0,2,0,0,0.099,0.216,0.565
v16,aggressive,mid,stock,20,5,2024,51,51,0.1,0.29,-4.479,-5.93,0.094,0.095,-0.201,0.1,0.488,20,1020,1016,0.9961,0,1016,0,0,0,0,3,0,0,1,0,0,0.104,0.21,0.565
v16,aggressive,mid,stock,20,5,2025,50,50,0.151,0.41,-5.194,-7.484,0.144,0.152,-0.344,0.136,0.498,20.0,992,985,0.9929,8,985,0,0,0,0,5,0,0,2,0,1,0.221,0.238,0.579
v16,aggressive,mid,stock,20,5,2026,35,35,-0.065,-0.08,-11.354,-13.969,-0.076,-0.078,-0.502,-0.065,0.497,20,700,695,0.9929,0,694,0,0,1,0,1,2,0,2,0,0,0.167,0.177,0.574
v16,aggressive,mid,stock,20,20,ALL,173,173,-0.055,-0.09,-11.919,-17.683,-0.062,-0.051,-2.023,-0.074,0.464,20,3452,3378,0.9786,8,3374,0,0,4,0,64,3,0,7,0,1,0.151,0.216,0.569
v16,aggressive,mid,stock,20,20,P1,91,91,0.065,0.1,-7.091,-8.168,0.049,0.063,-1.965,0.065,0.482,20,1820,1781,0.9786,0,1781,0,0,0,0,36,0,0,3,0,0,0.102,0.213,0.564
v16,aggressive,mid,stock,20,20,P2,82,82,-0.188,-0.19,-13.783,-17.683,-0.184,-0.178,-2.087,-0.229,0.443,20.0,1632,1597,0.9786,8,1593,0,0,4,0,28,3,0,4,0,1,0.206,0.219,0.575
v16,aggressive,mid,stock,20,20,2023,40,40,-1.16,-3.28,-6.68,-7.494,-1.118,-1.128,-4.325,-1.16,0.44,20.0,800,773,0.9663,0,773,0,0,0,0,25,0,0,2,0,0,0.099,0.216,0.565
v16,aggressive,mid,stock,20,20,2024,51,51,1.026,1.02,-7.175,-8.168,0.964,0.997,-0.114,1.026,0.515,20,1020,1008,0.9882,0,1008,0,0,0,0,11,0,0,1,0,0,0.104,0.21,0.565
v16,aggressive,mid,stock,20,20,2025,50,50,-0.102,-0.09,-11.029,-12.73,-0.032,-0.065,-1.876,-0.169,0.446,20.0,992,972,0.9798,8,972,0,0,0,0,18,0,0,2,0,1,0.221,0.238,0.579
v16,aggressive,mid,stock,20,20,2026,32,32,-0.322,-0.17,-16.624,-17.683,-0.422,-0.355,-2.418,-0.322,0.439,20.0,640,625,0.9766,0,621,0,0,4,0,10,3,0,2,0,0,0.181,0.191,0.571
v16,aggressive,mid,stock,20,63,ALL,165,165,1.151,0.72,-18.935,-26.417,1.229,1.053,-4.325,1.093,0.452,20,3292,3118,0.9471,8,3107,0,0,11,0,165,2,0,7,0,1,0.156,0.223,0.567
v16,aggressive,mid,stock,20,63,P1,91,91,0.805,0.74,-10.384,-12.634,0.859,0.793,-3.769,0.805,0.466,20,1820,1739,0.9555,0,1739,0,0,0,0,78,0,0,3,0,0,0.102,0.213,0.564
v16,aggressive,mid,stock,20,63,P2,74,74,1.577,0.48,-25.257,-26.417,1.685,1.372,-5.008,1.448,0.435,20.0,1472,1379,0.9368,8,1368,0,0,11,0,87,2,0,4,0,1,0.222,0.235,0.571
v16,aggressive,mid,stock,20,63,2023,40,40,-0.633,-0.39,-12.123,-12.634,-0.675,-0.582,-7.251,-0.633,0.448,20.0,800,748,0.935,0,748,0,0,0,0,50,0,0,2,0,0,0.099,0.216,0.565
v16,aggressive,mid,stock,20,63,2024,51,51,1.933,2.06,-7.678,-8.382,2.062,1.871,-1.038,1.933,0.479,20,1020,991,0.9716,0,991,0,0,0,0,28,0,0,1,0,0,0.104,0.21,0.565
v16,aggressive,mid,stock,20,63,2025,50,50,3.259,0.88,-13.559,-15.479,3.518,3.035,-3.288,3.068,0.472,20.0,992,930,0.9375,8,925,0,0,5,0,60,0,0,2,0,1,0.221,0.238,0.579
v16,aggressive,mid,stock,20,63,2026,24,24,-1.927,-0.3,-26.415,-26.417,-2.135,-2.091,-8.591,-1.927,0.359,20.0,480,449,0.9354,0,443,0,0,6,0,27,2,0,2,0,0,0.223,0.229,0.557
v16,aggressive,short,mixed,10,5,ALL,176,176,-0.026,-0.12,-6.475,-13.035,-0.028,-0.028,-0.367,-0.026,0.467,10.0,1760,1754,0.9966,0,1754,0,0,0,0,5,1,0,0,0,0,0.129,0.34,0.661
v16,aggressive,short,mixed,10,5,P1,91,91,-0.026,-0.1,-4.138,-4.747,-0.026,-0.022,-0.249,-0.026,0.428,10,910,908,0.9978,0,908,0,0,0,0,2,0,0,0,0,0,0.101,0.324,0.65
v16,aggressive,short,mixed,10,5,P2,85,85,-0.026,-0.07,-8.147,-13.035,-0.029,-0.034,-0.493,-0.026,0.509,10,850,846,0.9953,0,846,0,0,0,0,3,1,0,0,0,0,0.156,0.356,0.671
v16,aggressive,short,mixed,10,5,2023,40,40,0.088,0.32,-3.581,-4.747,0.094,0.1,-0.163,0.088,0.438,10.0,400,399,0.9975,0,399,0,0,0,0,1,0,0,0,0,0,0.087,0.3,0.638
v16,aggressive,short,mixed,10,5,2024,51,51,-0.116,-0.28,-4.088,-4.414,-0.121,-0.118,-0.317,-0.116,0.421,10,510,509,0.998,0,509,0,0,0,0,1,0,0,0,0,0,0.113,0.346,0.66
v16,aggressive,short,mixed,10,5,2025,50,50,0.109,0.26,-7.003,-8.433,0.099,0.105,-0.283,0.109,0.532,10.0,500,498,0.996,0,498,0,0,0,0,2,0,0,0,0,0,0.181,0.394,0.669
v16,aggressive,short,mixed,10,5,2026,35,35,-0.219,-0.34,-9.862,-13.035,-0.214,-0.232,-0.794,-0.219,0.476,10,350,348,0.9943,0,348,0,0,0,0,1,1,0,0,0,0,0.122,0.302,0.671
v16,aggressive,short,mixed,10,20,ALL,173,173,-0.807,-1.47,-13.834,-16.652,-0.808,-0.781,-2.02,-0.807,0.399,10,1730,1709,0.9879,0,1707,0,0,2,0,20,1,0,0,0,0,0.131,0.345,0.659
v16,aggressive,short,mixed,10,20,P1,91,91,-0.44,-0.67,-9.533,-12.465,-0.427,-0.414,-1.327,-0.44,0.387,10,910,902,0.9912,0,902,0,0,0,0,8,0,0,0,0,0,0.101,0.324,0.65
v16,aggressive,short,mixed,10,20,P2,82,82,-1.215,-1.36,-15.167,-16.652,-1.23,-1.188,-2.79,-1.215,0.413,10.0,820,807,0.9841,0,805,0,0,2,0,12,1,0,0,0,0,0.162,0.367,0.669
v16,aggressive,short,mixed,10,20,2023,40,40,-0.563,-0.98,-5.679,-6.169,-0.551,-0.544,-1.581,-0.563,0.426,10.0,400,396,0.99,0,396,0,0,0,0,4,0,0,0,0,0,0.087,0.3,0.638
v16,aggressive,short,mixed,10,20,2024,51,51,-0.343,-0.32,-10.58,-12.465,-0.33,-0.312,-1.127,-0.343,0.356,10,510,506,0.9922,0,506,0,0,0,0,4,0,0,0,0,0,0.113,0.346,0.66
v16,aggressive,short,mixed,10,20,2025,50,50,-1.132,-1.05,-14.102,-16.652,-1.084,-1.09,-2.876,-1.132,0.41,10.0,500,491,0.982,0,491,0,0,0,0,9,0,0,0,0,0,0.181,0.394,0.669
v16,aggressive,short,mixed,10,20,2026,32,32,-1.344,-0.87,-16.311,-16.599,-1.458,-1.341,-2.655,-1.344,0.419,10.0,320,316,0.9875,0,314,0,0,2,0,3,1,0,0,0,0,0.133,0.326,0.665
v16,aggressive,short,mixed,10,63,ALL,165,165,-2.192,-1.53,-20.267,-29.317,-2.031,-2.159,-5.761,-2.192,0.333,10,1650,1594,0.9661,0,1590,0,0,4,0,56,0,0,0,0,0,0.135,0.355,0.656
v16,aggressive,short,mixed,10,63,P1,91,91,-1.829,-2.27,-13.232,-14.386,-1.82,-1.865,-4.685,-1.829,0.319,10,910,886,0.9736,0,886,0,0,0,0,24,0,0,0,0,0,0.101,0.324,0.65
v16,aggressive,short,mixed,10,63,P2,74,74,-2.638,-0.87,-23.373,-29.317,-2.29,-2.521,-7.085,-2.638,0.352,10.0,740,708,0.9568,0,704,0,0,4,0,32,0,0,0,0,0,0.176,0.39,0.663
v16,aggressive,short,mixed,10,63,2023,40,40,-1.994,-3.91,-11.503,-11.915,-2.272,-2.069,-5.848,-1.994,0.343,10.0,400,386,0.965,0,386,0,0,0,0,14,0,0,0,0,0,0.087,0.3,0.638
v16,aggressive,short,mixed,10,63,2024,51,51,-1.7,-1.22,-13.746,-14.386,-1.467,-1.705,-3.773,-1.7,0.3,10,510,500,0.9804,0,500,0,0,0,0,10,0,0,0,0,0,0.113,0.346,0.66
v16,aggressive,short,mixed,10,63,2025,50,50,0.022,0.01,-19.952,-22.342,0.506,0.102,-5.352,0.022,0.399,10.0,500,474,0.948,0,474,0,0,0,0,26,0,0,0,0,0,0.181,0.394,0.669
v16,aggressive,short,mixed,10,63,2026,24,24,-8.181,-2.71,-25.315,-29.317,-8.114,-7.986,-10.695,-8.181,0.253,10.0,240,234,0.975,0,230,0,0,4,0,6,0,0,0,0,0,0.165,0.384,0.643
v16,aggressive,short,mixed,20,5,ALL,176,176,-0.06,-0.31,-6.311,-11.962,-0.06,-0.061,-0.43,-0.06,0.462,20.0,3520,3503,0.9952,0,3503,0,0,0,0,12,1,0,4,0,0,0.144,0.305,0.598
v16,aggressive,short,mixed,20,5,P1,91,91,-0.013,-0.06,-3.223,-4.324,-0.013,-0.013,-0.347,-0.013,0.438,20,1820,1811,0.9951,0,1811,0,0,0,0,6,0,0,3,0,0,0.118,0.298,0.589
v16,aggressive,short,mixed,20,5,P2,85,85,-0.11,-0.33,-7.704,-11.962,-0.11,-0.112,-0.518,-0.11,0.488,20,1700,1692,0.9953,0,1692,0,0,0,0,6,1,0,1,0,0,0.172,0.312,0.608
v16,aggressive,short,mixed,20,5,2023,40,40,-0.093,-0.41,-3.036,-3.158,-0.094,-0.093,-0.6,-0.093,0.452,20.0,800,795,0.9938,0,795,0,0,0,0,4,0,0,1,0,0,0.116,0.31,0.574
v16,aggressive,short,mixed,20,5,2024,51,51,0.05,0.15,-3.347,-4.324,0.05,0.05,-0.148,0.05,0.427,20,1020,1016,0.9961,0,1016,0,0,0,0,2,0,0,2,0,0,0.12,0.288,0.598
v16,aggressive,short,mixed,20,5,2025,50,50,0.236,0.62,-6.157,-8.049,0.234,0.238,-0.256,0.236,0.498,20.0,1000,994,0.994,0,994,0,0,0,0,5,0,0,1,0,0,0.189,0.338,0.583
v16,aggressive,short,mixed,20,5,2026,35,35,-0.604,-1.03,-9.203,-11.962,-0.602,-0.612,-0.892,-0.604,0.474,20,700,698,0.9971,0,698,0,0,0,0,1,1,0,0,0,0,0.147,0.274,0.644
v16,aggressive,short,mixed,20,20,ALL,173,173,-0.728,-1.44,-11.726,-14.757,-0.755,-0.722,-2.165,-0.728,0.403,20,3460,3407,0.9847,0,3404,0,0,3,0,48,1,0,4,0,0,0.147,0.309,0.596
v16,aggressive,short,mixed,20,20,P1,91,91,-0.613,-1.24,-6.301,-8.068,-0.62,-0.598,-1.906,-0.613,0.389,20,1820,1794,0.9857,0,1794,0,0,0,0,23,0,0,3,0,0,0.118,0.298,0.589
v16,aggressive,short,mixed,20,20,P2,82,82,-0.856,-0.93,-13.0,-14.757,-0.905,-0.861,-2.453,-0.856,0.419,20.0,1640,1613,0.9835,0,1610,0,0,3,0,25,1,0,1,0,0,0.178,0.321,0.604
v16,aggressive,short,mixed,20,20,2023,40,40,-0.921,-2.1,-5.122,-5.31,-0.92,-0.898,-2.971,-0.921,0.42,20.0,800,783,0.9788,0,783,0,0,0,0,16,0,0,1,0,0,0.116,0.31,0.574
v16,aggressive,short,mixed,20,20,2024,51,51,-0.371,-0.47,-6.831,-8.068,-0.384,-0.362,-1.07,-0.371,0.365,20,1020,1011,0.9912,0,1011,0,0,0,0,7,0,0,2,0,0,0.12,0.288,0.598
v16,aggressive,short,mixed,20,20,2025,50,50,-0.116,-0.09,-12.375,-13.715,-0.134,-0.122,-2.003,-0.116,0.424,20.0,1000,980,0.98,0,980,0,0,0,0,19,0,0,1,0,0,0.189,0.338,0.583
v16,aggressive,short,mixed,20,20,2026,32,32,-2.012,-1.61,-13.562,-14.757,-2.11,-2.016,-3.155,-2.012,0.41,20.0,640,633,0.9891,0,630,0,0,3,0,6,1,0,0,0,0,0.161,0.294,0.637
v16,aggressive,short,mixed,20,63,ALL,165,165,-1.567,-1.02,-17.61,-22.717,-1.461,-1.544,-5.591,-1.567,0.359,20,3300,3171,0.9609,0,3165,0,0,6,0,125,0,0,4,0,0,0.152,0.315,0.592
v16,aggressive,short,mixed,20,63,P1,91,91,-2.067,-2.76,-12.468,-13.347,-2.035,-2.035,-5.533,-2.067,0.336,20,1820,1758,0.9659,0,1758,0,0,0,0,59,0,0,3,0,0,0.118,0.298,0.589
v16,aggressive,short,mixed,20,63,P2,74,74,-0.952,-0.29,-20.378,-22.717,-0.756,-0.939,-5.661,-0.952,0.387,20.0,1480,1413,0.9547,0,1407,0,0,6,0,66,0,0,1,0,0,0.193,0.335,0.597
v16,aggressive,short,mixed,20,63,2023,40,40,-2.832,-3.6,-11.434,-12.866,-2.947,-2.767,-8.358,-2.832,0.361,20.0,800,758,0.9475,0,758,0,0,0,0,41,0,0,1,0,0,0.116,0.31,0.574
v16,aggressive,short,mixed,20,63,2024,51,51,-1.468,-1.34,-12.849,-13.347,-1.319,-1.461,-3.318,-1.468,0.316,20,1020,1000,0.9804,0,1000,0,0,0,0,18,0,0,2,0,0,0.12,0.288,0.598
v16,aggressive,short,mixed,20,63,2025,50,50,1.91,0.46,-17.855,-18.867,2.14,1.842,-3.534,1.91,0.438,20.0,1000,948,0.948,0,947,0,0,1,0,51,0,0,1,0,0,0.189,0.338,0.583
v16,aggressive,short,mixed,20,63,2026,24,24,-6.913,-2.45,-22.132,-22.717,-6.789,-6.733,-10.094,-6.913,0.28,20.0,480,465,0.9688,0,460,0,0,5,0,15,0,0,0,0,0,0.201,0.329,0.626
v16,aggressive,short,stock,10,5,ALL,176,176,0.143,0.59,-7.088,-13.012,0.138,0.136,-0.32,0.143,0.488,10.0,1760,1750,0.9943,0,1750,0,0,0,0,7,1,0,2,0,0,0.141,0.323,0.641
v16,aggressive,short,stock,10,5,P1,91,91,0.109,0.4,-3.963,-4.747,0.11,0.109,-0.23,0.109,0.464,10,910,905,0.9945,0,905,0,0,0,0,3,0,0,2,0,0,0.119,0.314,0.647
v16,aggressive,short,stock,10,5,P2,85,85,0.18,0.43,-8.603,-13.012,0.169,0.164,-0.416,0.18,0.513,10,850,845,0.9941,0,845,0,0,0,0,4,1,0,0,0,0,0.166,0.333,0.635
v16,aggressive,short,stock,10,5,2023,40,40,0.17,0.53,-4.234,-4.747,0.171,0.172,-0.344,0.17,0.466,10.0,400,397,0.9925,0,397,0,0,0,0,2,0,0,1,0,0,0.103,0.315,0.603
v16,aggressive,short,stock,10,5,2024,51,51,0.06,0.15,-3.782,-4.145,0.062,0.059,-0.14,0.06,0.463,10,510,508,0.9961,0,508,0,0,0,0,1,0,0,1,0,0,0.131,0.314,0.678
v16,aggressive,short,stock,10,5,2025,50,50,0.19,0.41,-7.596,-8.687,0.176,0.182,-0.412,0.19,0.537,10.0,500,497,0.994,0,497,0,0,0,0,3,0,0,0,0,0,0.192,0.372,0.624
v16,aggressive,short,stock,10,5,2026,35,35,0.165,0.22,-10.115,-13.012,0.158,0.139,-0.422,0.165,0.479,10,350,348,0.9943,0,348,0,0,0,0,1,1,0,0,0,0,0.129,0.277,0.653
v16,aggressive,short,stock,10,20,ALL,173,173,-0.426,-0.66,-13.814,-16.652,-0.431,-0.388,-2.036,-0.426,0.463,10,1730,1700,0.9827,0,1698,0,0,2,0,27,1,0,2,0,0,0.144,0.328,0.64
v16,aggressive,short,stock,10,20,P1,91,91,0.202,0.26,-10.038,-12.465,0.194,0.224,-0.911,0.202,0.493,10,910,898,0.9868,0,898,0,0,0,0,10,0,0,2,0,0,0.119,0.314,0.647
v16,aggressive,short,stock,10,20,P2,82,82,-1.124,-1.09,-15.448,-16.652,-1.126,-1.066,-3.284,-1.124,0.43,10.0,820,802,0.978,0,800,0,0,2,0,17,1,0,0,0,0,0.172,0.344,0.633
v16,aggressive,short,stock,10,20,2023,40,40,-0.643,-0.98,-8.32,-10.471,-0.637,-0.634,-1.925,-0.643,0.476,10.0,400,394,0.985,0,394,0,0,0,0,5,0,0,1,0,0,0.103,0.315,0.603
v16,aggressive,short,stock,10,20,2024,51,51,0.865,0.68,-10.58,-12.465,0.847,0.897,-0.115,0.865,0.506,10,510,504,0.9882,0,504,0,0,0,0,5,0,0,1,0,0,0.131,0.314,0.678
v16,aggressive,short,stock,10,20,2025,50,50,-0.986,-0.74,-14.786,-16.652,-0.888,-0.899,-3.488,-0.986,0.434,10.0,500,487,0.974,0,487,0,0,0,0,13,0,0,0,0,0,0.192,0.372,0.624
v16,aggressive,short,stock,10,20,2026,32,32,-1.339,-0.83,-16.311,-16.599,-1.497,-1.327,-2.965,-1.339,0.423,10.0,320,315,0.9844,0,313,0,0,2,0,4,1,0,0,0,0,0.141,0.3,0.652
v16,aggressive,short,stock,10,63,ALL,165,165,-0.422,-0.25,-20.604,-29.317,-0.198,-0.359,-5.221,-0.422,0.425,10,1650,1573,0.9533,0,1568,0,0,5,0,75,0,0,2,0,0,0.149,0.336,0.637
v16,aggressive,short,stock,10,63,P1,91,91,0.393,0.4,-12.531,-14.953,0.413,0.32,-3.332,0.393,0.443,10,910,877,0.9637,0,877,0,0,0,0,31,0,0,2,0,0,0.119,0.314,0.647
v16,aggressive,short,stock,10,63,P2,74,74,-1.424,-0.41,-23.72,-29.317,-0.95,-1.193,-7.543,-1.424,0.403,10.0,740,696,0.9405,0,691,0,0,5,0,44,0,0,0,0,0,0.186,0.362,0.625
v16,aggressive,short,stock,10,63,2023,40,40,-1.09,-1.2,-11.296,-11.578,-1.32,-1.185,-6.065,-1.09,0.426,10.0,400,381,0.9525,0,381,0,0,0,0,18,0,0,1,0,0,0.103,0.315,0.603
v16,aggressive,short,stock,10,63,2024,51,51,1.556,1.22,-13.355,-14.953,1.773,1.5,-1.189,1.556,0.457,10,510,496,0.9725,0,496,0,0,0,0,13,0,0,1,0,0,0.131,0.314,0.678
v16,aggressive,short,stock,10,63,2025,50,50,1.231,0.28,-19.086,-20.493,1.861,1.439,-6.026,1.231,0.442,10.0,500,465,0.93,0,464,0,0,1,0,35,0,0,0,0,0,0.192,0.372,0.624
v16,aggressive,short,stock,10,63,2026,24,24,-6.957,-1.72,-27.344,-29.317,-6.807,-6.678,-10.704,-6.957,0.32,10.0,240,231,0.9625,0,227,0,0,4,0,9,0,0,0,0,0,0.175,0.342,0.63
v16,aggressive,short,stock,20,5,ALL,176,176,-0.089,-0.43,-6.731,-12.027,-0.09,-0.092,-0.517,-0.089,0.478,20.0,3520,3500,0.9943,0,3500,0,0,0,0,14,1,0,5,0,0,0.144,0.294,0.581
v16,aggressive,short,stock,20,5,P1,91,91,-0.022,-0.1,-3.654,-5.058,-0.024,-0.023,-0.413,-0.022,0.464,20,1820,1810,0.9945,0,1810,0,0,0,0,7,0,0,3,0,0,0.12,0.288,0.576
v16,aggressive,short,stock,20,5,P2,85,85,-0.161,-0.45,-8.072,-12.027,-0.16,-0.165,-0.628,-0.161,0.493,20,1700,1690,0.9941,0,1690,0,0,0,0,7,1,0,2,0,0,0.169,0.3,0.586
v16,aggressive,short,stock,20,5,2023,40,40,-0.175,-0.62,-4.254,-5.058,-0.18,-0.178,-0.812,-0.175,0.469,20.0,800,794,0.9925,0,794,0,0,0,0,5,0,0,1,0,0,0.119,0.299,0.558
v16,aggressive,short,stock,20,5,2024,51,51,0.098,0.28,-3.154,-3.633,0.097,0.098,-0.101,0.098,0.46,20,1020,1016,0.9961,0,1016,0,0,0,0,2,0,0,2,0,0,0.121,0.279,0.589
v16,aggressive,short,stock,20,5,2025,50,50,0.138,0.34,-6.392,-8.66,0.139,0.139,-0.453,0.138,0.505,20.0,1000,993,0.993,0,993,0,0,0,0,6,0,0,1,0,0,0.186,0.322,0.558
v16,aggressive,short,stock,20,5,2026,35,35,-0.59,-0.93,-9.373,-12.027,-0.587,-0.598,-0.879,-0.59,0.477,20,700,697,0.9957,0,697,0,0,0,0,1,1,0,1,0,0,0.146,0.269,0.626
v16,aggressive,short,stock,20,20,ALL,173,173,-0.641,-1.17,-12.348,-14.757,-0.653,-0.631,-2.392,-0.641,0.446,20,3460,3395,0.9812,0,3392,0,0,3,0,57,3,0,5,0,0,0.146,0.297,0.579
v16,aggressive,short,stock,20,20,P1,91,91,-0.23,-0.38,-7.474,-10.146,-0.248,-0.227,-1.819,-0.23,0.465,20,1820,1789,0.983,0,1789,0,0,0,0,28,0,0,3,0,0,0.12,0.288,0.576
v16,aggressive,short,stock,20,20,P2,82,82,-1.097,-1.17,-13.778,-14.757,-1.102,-1.079,-3.029,-1.097,0.424,20.0,1640,1606,0.9793,0,1603,0,0,3,0,29,3,0,2,0,0,0.175,0.308,0.582
v16,aggressive,short,stock,20,20,2023,40,40,-1.039,-1.96,-8.531,-10.146,-1.038,-1.02,-3.478,-1.039,0.445,20.0,800,780,0.975,0,780,0,0,0,0,19,0,0,1,0,0,0.119,0.299,0.558
v16,aggressive,short,stock,20,20,2024,51,51,0.403,0.42,-6.77,-8.068,0.372,0.396,-0.518,0.403,0.481,20,1020,1009,0.9892,0,1009,0,0,0,0,9,0,0,2,0,0,0.121,0.279,0.589
v16,aggressive,short,stock,20,20,2025,50,50,-0.428,-0.34,-13.458,-14.482,-0.374,-0.387,-2.659,-0.428,0.437,20.0,1000,976,0.976,0,976,0,0,0,0,23,0,0,1,0,0,0.186,0.322,0.558
v16,aggressive,short,stock,20,20,2026,32,32,-2.143,-1.67,-14.258,-14.757,-2.24,-2.16,-3.606,-2.143,0.404,20.0,640,630,0.9844,0,627,0,0,3,0,6,3,0,1,0,0,0.158,0.286,0.621
v16,aggressive,short,stock,20,63,ALL,165,165,-0.466,-0.28,-17.477,-23.246,-0.344,-0.456,-5.496,-0.466,0.422,20,3300,3140,0.9515,0,3132,0,0,8,0,155,0,0,5,0,0,0.151,0.304,0.576
v16,aggressive,short,stock,20,63,P1,91,91,-0.567,-0.64,-11.263,-14.168,-0.502,-0.561,-5.01,-0.567,0.424,20,1820,1742,0.9571,0,1740,0,0,2,0,75,0,0,3,0,0,0.12,0.288,0.576
v16,aggressive,short,stock,20,63,P2,74,74,-0.342,-0.1,-20.286,-23.246,-0.151,-0.326,-6.092,-0.342,0.42,20.0,1480,1398,0.9446,0,1392,0,0,6,0,80,0,0,2,0,0,0.19,0.324,0.577
v16,aggressive,short,stock,20,63,2023,40,40,-1.94,-1.83,-12.081,-14.168,-2.108,-1.898,-8.582,-1.94,0.409,20.0,800,750,0.9375,0,750,0,0,0,0,49,0,0,1,0,0,0.119,0.299,0.558
v16,aggressive,short,stock,20,63,2024,51,51,0.51,0.51,-10.717,-13.347,0.758,0.488,-2.209,0.51,0.436,20,1020,992,0.9725,0,990,0,0,2,0,26,0,0,2,0,0,0.121,0.279,0.589
v16,aggressive,short,stock,20,63,2025,50,50,2.694,0.62,-16.79,-17.514,2.926,2.634,-4.068,2.694,0.474,20.0,1000,936,0.936,0,935,0,0,1,0,63,0,0,1,0,0,0.186,0.322,0.558
v16,aggressive,short,stock,20,63,2026,24,24,-6.667,-2.08,-22.396,-23.246,-6.561,-6.493,-10.31,-6.667,0.309,20.0,480,462,0.9625,0,457,0,0,5,0,17,0,0,1,0,0,0.198,0.327,0.617
v16,balanced,long,mixed,10,5,ALL,176,176,-0.128,-0.51,-8.899,-14.189,-0.128,-0.133,-0.582,-0.128,0.455,10.0,1760,1746,0.992,0,1746,0,0,0,0,8,0,0,6,0,0,0.123,0.359,0.619
v16,balanced,long,mixed,10,5,P1,91,91,-0.183,-0.71,-5.233,-8.806,-0.181,-0.186,-0.737,-0.183,0.432,10,910,902,0.9912,0,902,0,0,0,0,5,0,0,3,0,0,0.092,0.354,0.616
v16,balanced,long,mixed,10,5,P2,85,85,-0.068,-0.16,-10.987,-14.189,-0.072,-0.076,-0.416,-0.068,0.479,10,850,844,0.9929,0,844,0,0,0,0,3,0,0,3,0,0,0.153,0.363,0.624
v16,balanced,long,mixed,10,5,2023,40,40,-0.502,-1.64,-4.44,-4.637,-0.494,-0.508,-1.259,-0.502,0.416,10.0,400,395,0.9875,0,395,0,0,0,0,3,0,0,2,0,0,0.093,0.318,0.615
v16,balanced,long,mixed,10,5,2024,51,51,0.067,0.17,-5.763,-8.806,0.064,0.066,-0.327,0.067,0.444,10,510,507,0.9941,0,507,0,0,0,0,2,0,0,1,0,0,0.091,0.386,0.612
v16,balanced,long,mixed,10,5,2025,50,50,-0.121,-0.28,-7.711,-12.219,-0.136,-0.124,-0.507,-0.121,0.474,10.0,500,497,0.994,0,497,0,0,0,0,2,0,0,1,0,0,0.171,0.396,0.624
v16,balanced,long,mixed,10,5,2026,35,35,0.008,0.01,-12.045,-14.189,0.02,-0.007,-0.286,0.008,0.487,10,350,347,0.9914,0,347,0,0,0,0,1,0,0,2,0,0,0.128,0.317,0.621
v16,balanced,long,mixed,10,20,ALL,173,173,-0.3,-0.48,-12.68,-17.186,-0.301,-0.31,-2.409,-0.3,0.407,10,1730,1688,0.9757,0,1686,0,0,2,0,33,3,0,6,0,0,0.125,0.363,0.618
v16,balanced,long,mixed,10,20,P1,91,91,-0.479,-0.68,-9.257,-10.363,-0.457,-0.469,-2.386,-0.479,0.387,10,910,890,0.978,0,890,0,0,0,0,17,0,0,3,0,0,0.092,0.354,0.616
v16,balanced,long,mixed,10,20,P2,82,82,-0.102,-0.09,-14.283,-17.186,-0.128,-0.134,-2.435,-0.102,0.429,10.0,820,798,0.9732,0,796,0,0,2,0,16,3,0,3,0,0,0.159,0.372,0.622
v16,balanced,long,mixed,10,20,2023,40,40,-1.577,-3.36,-8.432,-10.363,-1.423,-1.48,-4.263,-1.577,0.402,10.0,400,387,0.9675,0,387,0,0,0,0,11,0,0,2,0,0,0.093,0.318,0.615
v16,balanced,long,mixed,10,20,2024,51,51,0.383,0.34,-9.551,-9.952,0.301,0.325,-0.914,0.383,0.376,10,510,503,0.9863,0,503,0,0,0,0,6,0,0,1,0,0,0.091,0.386,0.612
v16,balanced,long,mixed,10,20,2025,50,50,-0.592,-0.42,-14.279,-17.186,-0.556,-0.604,-2.561,-0.592,0.408,10.0,500,489,0.978,0,489,0,0,0,0,10,0,0,1,0,0,0.171,0.396,0.624
v16,balanced,long,mixed,10,20,2026,32,32,0.664,0.41,-14.29,-14.355,0.541,0.599,-2.239,0.664,0.46,10.0,320,309,0.9656,0,307,0,0,2,0,6,3,0,2,0,0,0.14,0.335,0.616
v16,balanced,long,mixed,10,63,ALL,165,165,-0.599,-0.47,-19.106,-24.805,-0.399,-0.713,-5.896,-0.599,0.367,10,1650,1563,0.9473,0,1556,0,0,7,0,80,1,0,6,0,0,0.129,0.375,0.618
v16,balanced,long,mixed,10,63,P1,91,91,-1.135,-1.22,-13.707,-16.431,-1.028,-1.114,-4.944,-1.135,0.35,10,910,874,0.9604,0,874,0,0,0,0,33,0,0,3,0,0,0.092,0.354,0.616
v16,balanced,long,mixed,10,63,P2,74,74,0.06,0.02,-22.78,-24.805,0.374,-0.219,-7.067,0.06,0.387,10.0,740,689,0.9311,0,682,0,0,7,0,47,1,0,3,0,0,0.172,0.4,0.622
v16,balanced,long,mixed,10,63,2023,40,40,-1.831,-1.26,-14.773,-16.431,-1.753,-1.697,-7.463,-1.831,0.377,10.0,400,376,0.94,0,376,0,0,0,0,22,0,0,2,0,0,0.093,0.318,0.615
v16,balanced,long,mixed,10,63,2024,51,51,-0.589,-0.5,-12.989,-13.792,-0.459,-0.657,-2.969,-0.589,0.329,10,510,498,0.9765,0,498,0,0,0,0,11,0,0,1,0,0,0.091,0.386,0.612
v16,balanced,long,mixed,10,63,2025,50,50,1.688,0.52,-20.054,-22.771,2.229,1.3,-5.807,1.688,0.411,10.0,500,465,0.93,0,462,0,0,3,0,34,0,0,1,0,0,0.171,0.396,0.624
v16,balanced,long,mixed,10,63,2026,24,24,-3.331,-0.89,-24.754,-24.805,-3.49,-3.383,-9.691,-3.331,0.337,10.0,240,224,0.9333,0,220,0,0,4,0,13,1,0,2,0,0,0.174,0.407,0.613
v16,balanced,long,mixed,20,5,ALL,176,176,-0.088,-0.44,-7.019,-12.042,-0.093,-0.092,-0.548,-0.088,0.462,20.0,3520,3497,0.9935,0,3496,0,0,1,0,15,1,0,7,0,0,0.144,0.334,0.591
v16,balanced,long,mixed,20,5,P1,91,91,-0.187,-0.87,-4.643,-6.297,-0.188,-0.189,-0.634,-0.187,0.442,20,1820,1809,0.994,0,1809,0,0,0,0,8,0,0,3,0,0,0.096,0.334,0.575
v16,balanced,long,mixed,20,5,P2,85,85,0.017,0.05,-8.395,-12.042,0.008,0.012,-0.456,0.017,0.484,20,1700,1688,0.9929,0,1687,0,0,1,0,7,1,0,4,0,0,0.192,0.334,0.608
v16,balanced,long,mixed,20,5,2023,40,40,-0.422,-1.58,-3.9,-4.017,-0.413,-0.418,-1.053,-0.422,0.44,20.0,800,793,0.9912,0,793,0,0,0,0,5,0,0,2,0,0,0.09,0.338,0.578
v16,balanced,long,mixed,20,5,2024,51,51,-0.003,-0.01,-5.139,-6.297,-0.012,-0.009,-0.305,-0.003,0.443,20,1020,1016,0.9961,0,1016,0,0,0,0,3,0,0,1,0,0,0.102,0.33,0.569
v16,balanced,long,mixed,20,5,2025,50,50,-0.05,-0.16,-5.522,-8.068,-0.054,-0.049,-0.545,-0.05,0.473,20.0,1000,993,0.993,0,993,0,0,0,0,5,0,0,2,0,0,0.219,0.357,0.605
v16,balanced,long,mixed,20,5,2026,35,35,0.114,0.16,-10.546,-12.042,0.097,0.1,-0.33,0.114,0.501,20,700,695,0.9929,0,694,0,0,1,0,2,1,0,2,0,0,0.154,0.301,0.615
v16,balanced,long,mixed,20,20,ALL,173,173,-0.114,-0.23,-10.148,-14.19,-0.125,-0.12,-2.206,-0.114,0.421,20,3460,3382,0.9775,0,3379,0,0,3,0,68,3,0,7,0,0,0.145,0.336,0.59
v16,balanced,long,mixed,20,20,P1,91,91,-0.27,-0.49,-6.907,-7.419,-0.276,-0.268,-2.402,-0.27,0.405,20,1820,1779,0.9775,0,1779,0,0,0,0,38,0,0,3,0,0,0.096,0.334,0.575
v16,balanced,long,mixed,20,20,P2,82,82,0.059,0.07,-11.63,-14.19,0.043,0.044,-1.989,0.059,0.439,20.0,1640,1603,0.9774,0,1600,0,0,3,0,30,3,0,4,0,0,0.198,0.339,0.606
v16,balanced,long,mixed,20,20,2023,40,40,-1.156,-2.35,-6.516,-6.542,-1.093,-1.107,-4.286,-1.156,0.419,20.0,800,773,0.9663,0,773,0,0,0,0,25,0,0,2,0,0,0.09,0.338,0.578
v16,balanced,long,mixed,20,20,2024,51,51,0.424,0.5,-7.167,-7.419,0.365,0.391,-0.925,0.424,0.394,20,1020,1006,0.9863,0,1006,0,0,0,0,13,0,0,1,0,0,0.102,0.33,0.569
v16,balanced,long,mixed,20,20,2025,50,50,-0.172,-0.16,-11.332,-14.19,-0.158,-0.176,-2.288,-0.172,0.433,20.0,1000,977,0.977,0,977,0,0,0,0,21,0,0,2,0,0,0.219,0.357,0.605
v16,balanced,long,mixed,20,20,2026,32,32,0.42,0.3,-12.076,-13.639,0.357,0.388,-1.52,0.42,0.448,20.0,640,626,0.9781,0,623,0,0,3,0,9,3,0,2,0,0,0.164,0.31,0.608
v16,balanced,long,mixed,20,63,ALL,165,165,0.082,0.06,-17.914,-21.906,0.177,-0.014,-4.905,0.082,0.391,20,3300,3140,0.9515,0,3128,0,0,12,0,150,3,0,7,0,0,0.15,0.347,0.587
v16,balanced,long,mixed,20,63,P1,91,91,-0.606,-0.62,-11.416,-13.101,-0.481,-0.588,-4.775,-0.606,0.371,20,1820,1745,0.9588,0,1745,0,0,0,0,72,0,0,3,0,0,0.096,0.334,0.575
v16,balanced,long,mixed,20,63,P2,74,74,0.928,0.36,-20.856,-21.906,0.987,0.692,-5.064,0.928,0.415,20.0,1480,1395,0.9426,0,1383,0,0,12,0,78,3,0,4,0,0,0.215,0.362,0.602
v16,balanced,long,mixed,20,63,2023,40,40,-0.85,-0.48,-11.57,-11.938,-0.82,-0.757,-6.991,-0.85,0.4,20.0,800,751,0.9387,0,751,0,0,0,0,47,0,0,2,0,0,0.09,0.338,0.578
v16,balanced,long,mixed,20,63,2024,51,51,-0.414,-0.4,-10.451,-13.101,-0.215,-0.456,-3.037,-0.414,0.348,20,1020,994,0.9745,0,994,0,0,0,0,25,0,0,1,0,0,0.102,0.33,0.569
v16,balanced,long,mixed,20,63,2025,50,50,2.592,0.82,-18.041,-19.407,2.729,2.26,-3.683,2.592,0.449,20.0,1000,941,0.941,0,934,0,0,7,0,57,0,0,2,0,0,0.219,0.357,0.605
v16,balanced,long,mixed,20,63,2026,24,24,-2.54,-0.59,-21.698,-21.906,-2.644,-2.575,-7.94,-2.54,0.344,20.0,480,454,0.9458,0,449,0,0,5,0,21,3,0,2,0,0,0.205,0.373,0.598
v16,balanced,long,stock,10,5,ALL,176,176,-0.025,-0.1,-9.104,-13.808,-0.029,-0.034,-0.77,-0.025,0.476,10.0,1759,1739,0.9886,1,1739,0,0,0,0,12,1,0,7,0,1,0.131,0.351,0.583
v16,balanced,long,stock,10,5,P1,91,91,-0.117,-0.42,-5.981,-8.806,-0.122,-0.126,-0.788,-0.117,0.468,10,910,901,0.9901,0,901,0,0,0,0,6,0,0,3,0,0,0.095,0.347,0.581
v16,balanced,long,stock,10,5,P2,85,85,0.073,0.16,-11.06,-13.808,0.07,0.065,-0.751,0.075,0.485,10,849,838,0.987,1,838,0,0,0,0,6,1,0,4,0,1,0.171,0.355,0.587
v16,balanced,long,stock,10,5,2023,40,40,-0.537,-1.48,-5.49,-6.343,-0.527,-0.541,-1.292,-0.537,0.441,10.0,400,395,0.9875,0,395,0,0,0,0,3,0,0,2,0,0,0.092,0.345,0.582
v16,balanced,long,stock,10,5,2024,51,51,0.212,0.52,-6.309,-8.806,0.196,0.2,-0.392,0.212,0.489,10,510,506,0.9922,0,506,0,0,0,0,3,0,0,1,0,0,0.096,0.349,0.578
v16,balanced,long,stock,10,5,2025,50,50,-0.045,-0.1,-7.641,-12.964,-0.062,-0.047,-1.038,-0.043,0.477,10.0,499,492,0.986,1,492,0,0,0,0,5,0,0,2,0,1,0.194,0.374,0.584
v16,balanced,long,stock,10,5,2026,35,35,0.242,0.26,-11.854,-13.808,0.259,0.225,-0.341,0.242,0.496,10,350,346,0.9886,0,346,0,0,0,0,1,1,0,2,0,0,0.137,0.329,0.588
v16,balanced,long,stock,10,20,ALL,173,173,0.386,0.58,-13.063,-17.186,0.388,0.383,-2.076,0.381,0.486,10,1729,1680,0.9717,1,1678,0,0,2,0,39,3,0,7,0,1,0.133,0.354,0.583
v16,balanced,long,stock,10,20,P1,91,91,0.383,0.5,-9.606,-10.363,0.396,0.391,-1.745,0.383,0.504,10,910,888,0.9758,0,888,0,0,0,0,19,0,0,3,0,0,0.095,0.347,0.581
v16,balanced,long,stock,10,20,P2,82,82,0.391,0.34,-15.149,-17.186,0.379,0.375,-2.444,0.38,0.466,10.0,819,792,0.967,1,790,0,0,2,0,20,3,0,4,0,1,0.176,0.362,0.585
v16,balanced,long,stock,10,20,2023,40,40,-1.014,-1.61,-9.688,-10.363,-0.866,-0.918,-3.7,-1.014,0.455,10.0,400,387,0.9675,0,387,0,0,0,0,11,0,0,2,0,0,0.092,0.345,0.582
v16,balanced,long,stock,10,20,2024,51,51,1.478,1.24,-9.551,-9.952,1.386,1.417,-0.211,1.478,0.544,10,510,501,0.9824,0,501,0,0,0,0,8,0,0,1,0,0,0.096,0.349,0.578
v16,balanced,long,stock,10,20,2025,50,50,-0.132,-0.09,-15.722,-17.186,-0.059,-0.096,-2.903,-0.15,0.459,10.0,499,483,0.9679,1,483,0,0,0,0,14,0,0,2,0,1,0.194,0.374,0.584
v16,balanced,long,stock,10,20,2026,32,32,1.207,0.67,-14.29,-14.355,1.063,1.11,-1.728,1.207,0.476,10.0,320,309,0.9656,0,307,0,0,2,0,6,3,0,2,0,0,0.147,0.344,0.584
v16,balanced,long,stock,10,63,ALL,165,165,1.841,1.37,-18.966,-24.805,1.899,1.573,-4.538,1.824,0.458,10,1649,1547,0.9381,1,1540,0,0,7,0,94,1,0,7,0,1,0.138,0.366,0.582
v16,balanced,long,stock,10,63,P1,91,91,1.703,1.59,-13.349,-16.431,1.755,1.626,-3.019,1.703,0.467,10,910,867,0.9527,0,867,0,0,0,0,40,0,0,3,0,0,0.095,0.347,0.581
v16,balanced,long,stock,10,63,P2,74,74,2.011,0.75,-22.215,-24.805,2.076,1.508,-6.406,1.974,0.448,10.0,739,680,0.9202,1,673,0,0,7,0,54,1,0,4,0,1,0.191,0.389,0.584
v16,balanced,long,stock,10,63,2023,40,40,0.959,0.65,-15.264,-16.431,0.924,0.996,-5.038,0.959,0.468,10.0,400,375,0.9375,0,375,0,0,0,0,23,0,0,2,0,0,0.092,0.345,0.582
v16,balanced,long,stock,10,63,2024,51,51,2.287,1.83,-12.073,-13.792,2.406,2.12,-1.435,2.287,0.466,10,510,492,0.9647,0,492,0,0,0,0,17,0,0,1,0,0,0.096,0.349,0.578
v16,balanced,long,stock,10,63,2025,50,50,3.299,1.04,-18.607,-20.922,3.649,2.747,-5.714,3.244,0.476,10.0,499,457,0.9158,1,454,0,0,3,0,40,0,0,2,0,1,0.194,0.374,0.584
v16,balanced,long,stock,10,63,2026,24,24,-0.673,-0.13,-24.754,-24.805,-1.201,-1.073,-7.849,-0.673,0.391,10.0,240,223,0.9292,0,219,0,0,4,0,14,1,0,2,0,0,0.183,0.421,0.578
v16,balanced,long,stock,20,5,ALL,176,176,-0.002,-0.01,-7.452,-12.714,-0.007,-0.007,-0.519,0.001,0.484,20.0,3509,3484,0.9929,11,3483,0,0,1,0,16,2,0,7,0,1,0.143,0.321,0.563
v16,balanced,long,stock,20,5,P1,91,91,-0.071,-0.31,-4.772,-6.297,-0.074,-0.076,-0.574,-0.071,0.472,20,1820,1808,0.9934,0,1808,0,0,0,0,9,0,0,3,0,0,0.095,0.318,0.546
v16,balanced,long,stock,20,5,P2,85,85,0.072,0.19,-8.949,-12.714,0.065,0.067,-0.461,0.078,0.498,20,1689,1676,0.9923,11,1675,0,0,1,0,7,2,0,4,0,1,0.194,0.325,0.58
v16,balanced,long,stock,20,5,2023,40,40,-0.4,-1.3,-4.403,-4.683,-0.395,-0.399,-1.034,-0.4,0.452,20.0,800,793,0.9912,0,793,0,0,0,0,5,0,0,2,0,0,0.089,0.318,0.554
v16,balanced,long,stock,20,5,2024,51,51,0.187,0.56,-5.019,-6.297,0.178,0.178,-0.213,0.187,0.487,20,1020,1015,0.9951,0,1015,0,0,0,0,4,0,0,1,0,0,0.1,0.319,0.538
v16,balanced,long,stock,20,5,2025,50,50,-0.097,-0.28,-6.592,-9.373,-0.102,-0.098,-0.593,-0.085,0.486,20.0,989,982,0.9929,11,982,0,0,0,0,5,0,0,2,0,1,0.221,0.349,0.582
v16,balanced,long,stock,20,5,2026,35,35,0.312,0.41,-10.881,-12.714,0.302,0.302,-0.271,0.312,0.516,20,700,694,0.9914,0,693,0,0,1,0,2,2,0,2,0,0,0.156,0.29,0.582
v16,balanced,long,stock,20,20,ALL,173,173,0.137,0.25,-10.968,-16.208,0.125,0.133,-2.393,0.114,0.468,20,3449,3356,0.973,11,3353,0,0,3,0,82,4,0,7,0,1,0.145,0.324,0.563
v16,balanced,long,stock,20,20,P1,91,91,0.25,0.38,-7.237,-8.012,0.23,0.245,-2.338,0.25,0.483,20,1820,1771,0.9731,0,1771,0,0,0,0,46,0,0,3,0,0,0.095,0.318,0.546
v16,balanced,long,stock,20,20,P2,82,82,0.013,0.01,-12.627,-16.208,0.009,0.009,-2.454,-0.037,0.451,20.0,1629,1585,0.973,11,1582,0,0,3,0,36,4,0,4,0,1,0.2,0.331,0.581
v16,balanced,long,stock,20,20,2023,40,40,-1.166,-2.26,-6.953,-7.233,-1.086,-1.101,-4.538,-1.166,0.435,20.0,800,771,0.9637,0,771,0,0,0,0,27,0,0,2,0,0,0.089,0.318,0.554
v16,balanced,long,stock,20,20,2024,51,51,1.359,1.36,-7.425,-8.012,1.261,1.3,-0.613,1.359,0.521,20,1020,1000,0.9804,0,1000,0,0,0,0,19,0,0,1,0,0,0.1,0.319,0.538
v16,balanced,long,stock,20,20,2025,50,50,-0.098,-0.08,-12.742,-16.208,-0.069,-0.088,-2.395,-0.18,0.458,20.0,989,964,0.9747,11,964,0,0,0,0,23,0,0,2,0,1,0.221,0.349,0.582
v16,balanced,long,stock,20,20,2026,32,32,0.186,0.12,-12.455,-13.639,0.131,0.161,-2.544,0.186,0.441,20.0,640,621,0.9703,0,618,0,0,3,0,13,4,0,2,0,0,0.167,0.303,0.585
v16,balanced,long,stock,20,63,ALL,165,165,1.623,1.09,-17.53,-23.809,1.65,1.46,-4.409,1.548,0.462,20,3289,3099,0.9422,11,3087,0,0,12,0,180,3,0,7,0,1,0.149,0.334,0.56
v16,balanced,long,stock,20,63,P1,91,91,1.336,1.03,-11.828,-13.313,1.377,1.295,-4.006,1.336,0.471,20,1820,1726,0.9484,0,1726,0,0,0,0,91,0,0,3,0,0,0.095,0.318,0.546
v16,balanced,long,stock,20,63,P2,74,74,1.976,0.69,-21.358,-23.809,1.985,1.664,-4.905,1.808,0.451,20.0,1469,1373,0.9346,11,1361,0,0,12,0,89,3,0,4,0,1,0.216,0.354,0.577
v16,balanced,long,stock,20,63,2023,40,40,0.07,0.03,-12.837,-13.313,0.073,0.165,-7.416,0.07,0.446,20.0,800,741,0.9263,0,741,0,0,0,0,57,0,0,2,0,0,0.089,0.318,0.554
v16,balanced,long,stock,20,63,2024,51,51,2.33,1.97,-8.932,-10.475,2.399,2.181,-1.331,2.33,0.491,20,1020,985,0.9657,0,985,0,0,0,0,34,0,0,1,0,0,0.1,0.319,0.538
v16,balanced,long,stock,20,63,2025,50,50,4.043,1.16,-15.252,-18.582,4.129,3.644,-2.833,3.794,0.488,20.0,989,925,0.9353,11,918,0,0,7,0,62,0,0,2,0,1,0.221,0.349,0.582
v16,balanced,long,stock,20,63,2026,24,24,-2.33,-0.49,-22.679,-23.809,-2.48,-2.462,-9.221,-2.33,0.375,20.0,480,448,0.9333,0,443,0,0,5,0,27,3,0,2,0,0,0.204,0.365,0.574
v16,balanced,mid,mixed,10,5,ALL,176,176,0.008,0.03,-7.234,-11.078,0.004,0.002,-0.447,0.008,0.456,10.0,1760,1747,0.9926,0,1747,0,0,0,0,8,0,0,5,0,0,0.128,0.391,0.646
v16,balanced,mid,mixed,10,5,P1,91,91,-0.183,-0.78,-4.657,-5.685,-0.186,-0.186,-0.737,-0.183,0.427,10,910,903,0.9923,0,903,0,0,0,0,5,0,0,2,0,0,0.096,0.379,0.641
v16,balanced,mid,mixed,10,5,P2,85,85,0.212,0.53,-9.002,-11.078,0.207,0.203,-0.136,0.212,0.487,10,850,844,0.9929,0,844,0,0,0,0,3,0,0,3,0,0,0.159,0.403,0.654
v16,balanced,mid,mixed,10,5,2023,40,40,-0.527,-1.85,-4.462,-4.637,-0.524,-0.527,-1.278,-0.527,0.418,10.0,400,396,0.99,0,396,0,0,0,0,3,0,0,1,0,0,0.095,0.35,0.656
v16,balanced,mid,mixed,10,5,2024,51,51,0.086,0.25,-4.787,-5.685,0.079,0.081,-0.312,0.086,0.435,10,510,507,0.9941,0,507,0,0,0,0,2,0,0,1,0,0,0.096,0.406,0.626
v16,balanced,mid,mixed,10,5,2025,50,50,0.133,0.32,-6.547,-8.729,0.114,0.126,-0.256,0.133,0.49,10.0,500,497,0.994,0,497,0,0,0,0,2,0,0,1,0,0,0.18,0.44,0.655
v16,balanced,mid,mixed,10,5,2026,35,35,0.324,0.42,-10.284,-11.078,0.341,0.313,0.034,0.324,0.484,10,350,347,0.9914,0,347,0,0,0,0,1,0,0,2,0,0,0.128,0.35,0.65
v16,balanced,mid,mixed,10,20,ALL,173,173,-0.373,-0.67,-11.024,-12.263,-0.388,-0.387,-2.252,-0.373,0.4,10,1730,1693,0.9786,0,1691,0,0,2,0,29,3,0,5,0,0,0.13,0.395,0.646
v16,balanced,mid,mixed,10,20,P1,91,91,-0.332,-0.49,-7.825,-10.821,-0.333,-0.334,-1.912,-0.332,0.38,10,910,894,0.9824,0,894,0,0,0,0,14,0,0,2,0,0,0.096,0.379,0.641
v16,balanced,mid,mixed,10,20,P2,82,82,-0.418,-0.46,-11.603,-12.263,-0.448,-0.446,-2.63,-0.418,0.422,10.0,820,799,0.9744,0,797,0,0,2,0,15,3,0,3,0,0,0.165,0.412,0.653
v16,balanced,mid,mixed,10,20,2023,40,40,-1.337,-2.93,-6.853,-8.312,-1.265,-1.292,-3.561,-1.337,0.4,10.0,400,390,0.975,0,390,0,0,0,0,9,0,0,1,0,0,0.095,0.35,0.656
v16,balanced,mid,mixed,10,20,2024,51,51,0.456,0.42,-8.192,-10.821,0.397,0.418,-0.619,0.456,0.364,10,510,504,0.9882,0,504,0,0,0,0,5,0,0,1,0,0,0.096,0.406,0.626
v16,balanced,mid,mixed,10,20,2025,50,50,-0.879,-0.77,-11.738,-12.263,-0.835,-0.882,-2.839,-0.879,0.413,10.0,500,489,0.978,0,489,0,0,0,0,10,0,0,1,0,0,0.18,0.44,0.655
v16,balanced,mid,mixed,10,20,2026,32,32,0.302,0.2,-11.4,-12.174,0.155,0.234,-2.303,0.302,0.437,10.0,320,310,0.9688,0,308,0,0,2,0,5,3,0,2,0,0,0.14,0.369,0.648
v16,balanced,mid,mixed,10,63,ALL,165,165,-0.775,-0.6,-18.903,-25.442,-0.655,-0.855,-5.782,-0.775,0.364,10,1650,1568,0.9503,0,1562,0,0,6,0,76,1,0,5,0,0,0.134,0.41,0.644
v16,balanced,mid,mixed,10,63,P1,91,91,-0.778,-0.86,-12.462,-14.295,-0.776,-0.782,-4.052,-0.778,0.352,10,910,880,0.967,0,880,0,0,0,0,28,0,0,2,0,0,0.096,0.379,0.641
v16,balanced,mid,mixed,10,63,P2,74,74,-0.771,-0.29,-22.996,-25.442,-0.506,-0.944,-7.91,-0.771,0.379,10.0,740,688,0.9297,0,682,0,0,6,0,48,1,0,3,0,0,0.178,0.444,0.649
v16,balanced,mid,mixed,10,63,2023,40,40,-1.866,-1.95,-13.544,-14.295,-1.947,-1.838,-7.37,-1.866,0.373,10.0,400,378,0.945,0,378,0,0,0,0,21,0,0,1,0,0,0.095,0.35,0.656
v16,balanced,mid,mixed,10,63,2024,51,51,0.075,0.06,-11.682,-12.518,0.142,0.045,-1.45,0.075,0.334,10,510,502,0.9843,0,502,0,0,0,0,7,0,0,1,0,0,0.096,0.406,0.626
v16,balanced,mid,mixed,10,63,2025,50,50,1.279,0.39,-20.206,-22.771,1.695,1.006,-5.871,1.279,0.406,10.0,500,466,0.932,0,464,0,0,2,0,33,0,0,1,0,0,0.18,0.44,0.655
v16,balanced,mid,mixed,10,63,2026,24,24,-5.041,-1.48,-23.999,-25.442,-5.09,-5.005,-12.159,-5.041,0.323,10.0,240,222,0.925,0,218,0,0,4,0,15,1,0,2,0,0,0.173,0.454,0.635
v16,balanced,mid,mixed,20,5,ALL,176,176,-0.103,-0.52,-6.807,-13.289,-0.106,-0.105,-0.618,-0.103,0.464,20.0,3520,3495,0.9929,0,3494,0,0,1,0,16,2,0,7,0,0,0.145,0.353,0.607
v16,balanced,mid,mixed,20,5,P1,91,91,-0.237,-1.11,-4.38,-6.297,-0.237,-0.238,-0.738,-0.237,0.438,20,1820,1808,0.9934,0,1808,0,0,0,0,9,0,0,3,0,0,0.1,0.353,0.6
v16,balanced,mid,mixed,20,5,P2,85,85,0.04,0.12,-8.261,-13.289,0.035,0.038,-0.489,0.04,0.492,20,1700,1687,0.9924,0,1686,0,0,1,0,7,2,0,4,0,0,0.191,0.353,0.615
v16,balanced,mid,mixed,20,5,2023,40,40,-0.44,-1.74,-3.673,-4.273,-0.431,-0.435,-1.07,-0.44,0.434,20.0,800,793,0.9912,0,793,0,0,0,0,5,0,0,2,0,0,0.085,0.355,0.591
v16,balanced,mid,mixed,20,5,2024,51,51,-0.078,-0.24,-4.784,-6.297,-0.085,-0.082,-0.478,-0.078,0.441,20,1020,1015,0.9951,0,1015,0,0,0,0,4,0,0,1,0,0,0.113,0.351,0.602
v16,balanced,mid,mixed,20,5,2025,50,50,-0.052,-0.16,-6.057,-8.141,-0.052,-0.048,-0.543,-0.052,0.485,20.0,1000,993,0.993,0,993,0,0,0,0,5,0,0,2,0,0,0.221,0.381,0.617
v16,balanced,mid,mixed,20,5,2026,35,35,0.17,0.25,-10.544,-13.289,0.159,0.159,-0.412,0.17,0.503,20,700,694,0.9914,0,693,0,0,1,0,2,2,0,2,0,0,0.148,0.311,0.613
v16,balanced,mid,mixed,20,20,ALL,173,173,-0.264,-0.52,-10.055,-13.278,-0.266,-0.258,-2.231,-0.264,0.413,20,3460,3386,0.9786,0,3383,0,0,3,0,64,3,0,7,0,0,0.147,0.355,0.605
v16,balanced,mid,mixed,20,20,P1,91,91,-0.538,-0.98,-7.343,-9.06,-0.529,-0.527,-2.494,-0.538,0.39,20,1820,1782,0.9791,0,1782,0,0,0,0,35,0,0,3,0,0,0.1,0.353,0.6
v16,balanced,mid,mixed,20,20,P2,82,82,0.039,0.04,-11.255,-13.278,0.027,0.04,-1.939,0.039,0.44,20.0,1640,1604,0.978,0,1601,0,0,3,0,29,3,0,4,0,0,0.197,0.358,0.612
v16,balanced,mid,mixed,20,20,2023,40,40,-1.216,-3.11,-5.889,-6.501,-1.157,-1.172,-4.231,-1.216,0.413,20.0,800,774,0.9675,0,774,0,0,0,0,24,0,0,2,0,0,0.085,0.355,0.591
v16,balanced,mid,mixed,20,20,2024,51,51,-0.006,-0.01,-7.937,-9.06,-0.038,-0.02,-1.131,-0.006,0.371,20,1020,1008,0.9882,0,1008,0,0,0,0,11,0,0,1,0,0,0.113,0.351,0.602
v16,balanced,mid,mixed,20,20,2025,50,50,-0.133,-0.12,-11.335,-13.278,-0.089,-0.118,-1.926,-0.133,0.435,20.0,1000,980,0.98,0,980,0,0,0,0,18,0,0,2,0,0,0.221,0.381,0.617
v16,balanced,mid,mixed,20,20,2026,32,32,0.308,0.22,-11.134,-11.96,0.209,0.287,-1.957,0.308,0.447,20.0,640,624,0.975,0,621,0,0,3,0,11,3,0,2,0,0,0.16,0.322,0.606
v16,balanced,mid,mixed,20,63,ALL,165,165,-0.486,-0.36,-17.508,-20.695,-0.382,-0.553,-5.421,-0.486,0.376,20,3300,3141,0.9518,0,3131,0,0,10,0,150,2,0,7,0,0,0.153,0.367,0.602
v16,balanced,mid,mixed,20,63,P1,91,91,-1.176,-1.47,-10.91,-13.103,-1.077,-1.151,-5.225,-1.176,0.354,20,1820,1747,0.9599,0,1747,0,0,0,0,70,0,0,3,0,0,0.1,0.353,0.6
v16,balanced,mid,mixed,20,63,P2,74,74,0.363,0.13,-19.642,-20.695,0.472,0.182,-5.662,0.363,0.404,20.0,1480,1394,0.9419,0,1384,0,0,10,0,80,2,0,4,0,0,0.215,0.383,0.607
v16,balanced,mid,mixed,20,63,2023,40,40,-1.818,-1.64,-10.065,-10.633,-1.793,-1.714,-8.083,-1.818,0.382,20.0,800,750,0.9375,0,750,0,0,0,0,48,0,0,2,0,0,0.085,0.355,0.591
v16,balanced,mid,mixed,20,63,2024,51,51,-0.673,-0.64,-11.28,-13.103,-0.516,-0.709,-2.984,-0.673,0.332,20,1020,997,0.9775,0,997,0,0,0,0,22,0,0,1,0,0,0.113,0.351,0.602
v16,balanced,mid,mixed,20,63,2025,50,50,2.624,0.72,-18.073,-19.191,2.769,2.308,-3.335,2.624,0.45,20.0,1000,944,0.944,0,939,0,0,5,0,54,0,0,2,0,0,0.221,0.381,0.617
v16,balanced,mid,mixed,20,63,2026,24,24,-4.349,-1.24,-20.479,-20.695,-4.311,-4.247,-10.512,-4.349,0.308,20.0,480,450,0.9375,0,445,0,0,5,0,26,2,0,2,0,0,0.202,0.387,0.587
v16,balanced,mid,stock,10,5,ALL,176,176,0.005,0.02,-7.807,-12.783,0.003,-0.001,-0.681,0.006,0.478,10.0,1759,1742,0.9903,1,1742,0,0,0,0,10,2,0,5,0,1,0.136,0.373,0.621
v16,balanced,mid,stock,10,5,P1,91,91,-0.135,-0.52,-4.696,-5.685,-0.14,-0.138,-0.689,-0.135,0.468,10,910,903,0.9923,0,903,0,0,0,0,5,0,0,2,0,0,0.099,0.37,0.632
v16,balanced,mid,stock,10,5,P2,85,85,0.156,0.35,-9.591,-12.783,0.156,0.146,-0.671,0.157,0.488,10,849,839,0.9882,1,839,0,0,0,0,5,2,0,3,0,1,0.177,0.377,0.611
v16,balanced,mid,stock,10,5,2023,40,40,-0.554,-1.59,-4.507,-4.637,-0.553,-0.554,-1.305,-0.554,0.451,10.0,400,396,0.99,0,396,0,0,0,0,3,0,0,1,0,0,0.09,0.362,0.638
v16,balanced,mid,stock,10,5,2024,51,51,0.193,0.52,-4.813,-5.685,0.184,0.188,-0.206,0.193,0.482,10,510,507,0.9941,0,507,0,0,0,0,2,0,0,1,0,0,0.106,0.376,0.626
v16,balanced,mid,stock,10,5,2025,50,50,-0.07,-0.16,-7.392,-10.652,-0.087,-0.073,-0.868,-0.068,0.477,10.0,499,494,0.99,1,494,0,0,0,0,4,0,0,1,0,1,0.202,0.408,0.604
v16,balanced,mid,stock,10,5,2026,35,35,0.478,0.55,-11.137,-12.783,0.503,0.457,-0.391,0.478,0.503,10,350,345,0.9857,0,345,0,0,0,0,1,2,0,2,0,0,0.14,0.331,0.621
v16,balanced,mid,stock,10,20,ALL,173,173,0.16,0.24,-11.881,-14.94,0.164,0.162,-2.001,0.154,0.475,10,1729,1687,0.9757,1,1685,0,0,2,0,34,3,0,5,0,1,0.139,0.377,0.62
v16,balanced,mid,stock,10,20,P1,91,91,0.589,0.73,-8.252,-10.821,0.588,0.589,-1.213,0.589,0.499,10,910,892,0.9802,0,892,0,0,0,0,16,0,0,2,0,0,0.099,0.37,0.632
v16,balanced,mid,stock,10,20,P2,82,82,-0.317,-0.3,-13.314,-14.94,-0.307,-0.313,-2.875,-0.328,0.448,10.0,819,795,0.9707,1,793,0,0,2,0,18,3,0,3,0,1,0.183,0.384,0.609
v16,balanced,mid,stock,10,20,2023,40,40,-1.111,-2.1,-8.343,-8.374,-1.027,-1.054,-3.576,-1.111,0.449,10.0,400,389,0.9725,0,389,0,0,0,0,10,0,0,1,0,0,0.09,0.362,0.638
v16,balanced,mid,stock,10,20,2024,51,51,1.923,1.52,-8.192,-10.821,1.855,1.878,0.64,1.923,0.539,10,510,503,0.9863,0,503,0,0,0,0,6,0,0,1,0,0,0.106,0.376,0.626
v16,balanced,mid,stock,10,20,2025,50,50,-0.875,-0.65,-14.181,-14.94,-0.771,-0.81,-3.195,-0.894,0.439,10.0,499,486,0.9739,1,486,0,0,0,0,12,0,0,1,0,1,0.202,0.408,0.604
v16,balanced,mid,stock,10,20,2026,32,32,0.555,0.33,-12.014,-12.174,0.419,0.464,-2.374,0.555,0.461,10.0,320,309,0.9656,0,307,0,0,2,0,6,3,0,2,0,0,0.153,0.347,0.616
v16,balanced,mid,stock,10,63,ALL,165,165,1.189,0.85,-18.473,-25.442,1.341,1.02,-5.143,1.172,0.455,10,1649,1548,0.9388,1,1542,0,0,6,0,94,2,0,5,0,1,0.144,0.39,0.621
v16,balanced,mid,stock,10,63,P1,91,91,1.769,1.56,-12.04,-14.298,1.843,1.711,-2.842,1.769,0.475,10,910,869,0.9549,0,869,0,0,0,0,39,0,0,2,0,0,0.099,0.37,0.632
v16,balanced,mid,stock,10,63,P2,74,74,0.476,0.17,-22.149,-25.442,0.724,0.169,-7.973,0.439,0.43,10.0,739,679,0.9188,1,673,0,0,6,0,55,2,0,3,0,1,0.199,0.414,0.608
v16,balanced,mid,stock,10,63,2023,40,40,-0.029,-0.02,-13.546,-14.298,-0.16,-0.065,-6.658,-0.029,0.461,10.0,400,374,0.935,0,374,0,0,0,0,25,0,0,1,0,0,0.09,0.362,0.638
v16,balanced,mid,stock,10,63,2024,51,51,3.178,2.4,-10.008,-12.484,3.414,3.104,0.151,3.178,0.487,10,510,495,0.9706,0,495,0,0,0,0,14,0,0,1,0,0,0.106,0.376,0.626
v16,balanced,mid,stock,10,63,2025,50,50,2.435,0.74,-18.246,-19.84,2.889,2.003,-6.192,2.38,0.458,10.0,499,459,0.9198,1,457,0,0,2,0,39,0,0,1,0,1,0.202,0.408,0.604
v16,balanced,mid,stock,10,63,2026,24,24,-3.607,-0.86,-23.999,-25.442,-3.786,-3.65,-11.685,-3.607,0.371,10.0,240,220,0.9167,0,216,0,0,4,0,16,2,0,2,0,0,0.192,0.425,0.617
v16,balanced,mid,stock,20,5,ALL,176,176,-0.01,-0.05,-7.289,-13.238,-0.016,-0.015,-0.558,-0.007,0.487,20.0,3509,3482,0.9923,11,3481,0,0,1,0,17,2,0,8,0,1,0.142,0.337,0.587
v16,balanced,mid,stock,20,5,P1,91,91,-0.114,-0.5,-4.456,-6.297,-0.116,-0.117,-0.675,-0.114,0.47,20,1820,1807,0.9929,0,1807,0,0,0,0,10,0,0,3,0,0,0.098,0.335,0.58
v16,balanced,mid,stock,20,5,P2,85,85,0.101,0.28,-8.644,-13.238,0.091,0.093,-0.433,0.108,0.504,20,1689,1675,0.9917,11,1674,0,0,1,0,7,2,0,5,0,1,0.188,0.34,0.595
v16,balanced,mid,stock,20,5,2023,40,40,-0.359,-1.23,-4.37,-4.512,-0.354,-0.36,-1.126,-0.359,0.451,20.0,800,792,0.99,0,792,0,0,0,0,6,0,0,2,0,0,0.087,0.339,0.569
v16,balanced,mid,stock,20,5,2024,51,51,0.078,0.23,-4.514,-6.297,0.07,0.073,-0.322,0.078,0.485,20,1020,1015,0.9951,0,1015,0,0,0,0,4,0,0,1,0,0,0.107,0.331,0.587
v16,balanced,mid,stock,20,5,2025,50,50,0.04,0.11,-6.235,-8.521,0.03,0.036,-0.459,0.051,0.504,20.0,989,981,0.9919,11,981,0,0,0,0,5,0,0,3,0,1,0.215,0.363,0.594
v16,balanced,mid,stock,20,5,2026,35,35,0.188,0.26,-10.518,-13.238,0.179,0.176,-0.396,0.188,0.504,20,700,694,0.9914,0,693,0,0,1,0,2,2,0,2,0,0,0.15,0.306,0.601
v16,balanced,mid,stock,20,20,ALL,173,173,0.128,0.23,-10.719,-15.615,0.104,0.121,-2.231,0.104,0.472,20,3449,3361,0.9745,11,3357,0,0,4,0,77,3,0,8,0,1,0.144,0.341,0.585
v16,balanced,mid,stock,20,20,P1,91,91,0.14,0.22,-7.62,-9.06,0.122,0.134,-2.285,0.14,0.485,20,1820,1774,0.9747,0,1774,0,0,0,0,43,0,0,3,0,0,0.098,0.335,0.58
v16,balanced,mid,stock,20,20,P2,82,82,0.114,0.12,-12.149,-15.615,0.085,0.106,-2.171,0.064,0.457,20.0,1629,1587,0.9742,11,1583,0,0,4,0,34,3,0,5,0,1,0.195,0.347,0.591
v16,balanced,mid,stock,20,20,2023,40,40,-0.909,-1.99,-7.068,-7.123,-0.864,-0.878,-4.578,-0.909,0.451,20.0,800,769,0.9613,0,769,0,0,0,0,29,0,0,2,0,0,0.087,0.339,0.569
v16,balanced,mid,stock,20,20,2024,51,51,0.962,0.93,-7.937,-9.06,0.896,0.927,-0.487,0.962,0.512,20,1020,1005,0.9853,0,1005,0,0,0,0,14,0,0,1,0,0,0.107,0.331,0.587
v16,balanced,mid,stock,20,20,2025,50,50,0.023,0.02,-12.972,-15.615,0.037,0.028,-2.271,-0.059,0.46,20.0,989,963,0.9737,11,962,0,0,1,0,23,0,0,3,0,1,0.215,0.363,0.594
v16,balanced,mid,stock,20,20,2026,32,32,0.257,0.18,-10.913,-11.96,0.159,0.23,-2.015,0.257,0.452,20.0,640,624,0.975,0,621,0,0,3,0,11,3,0,2,0,0,0.163,0.322,0.59
v16,balanced,mid,stock,20,63,ALL,165,165,1.197,0.8,-16.7,-20.262,1.262,1.086,-4.897,1.122,0.452,20,3289,3095,0.941,11,3084,0,0,11,0,184,2,0,8,0,1,0.15,0.35,0.582
v16,balanced,mid,stock,20,63,P1,91,91,1.204,1.08,-8.888,-10.681,1.251,1.167,-4.095,1.204,0.461,20,1820,1727,0.9489,0,1727,0,0,0,0,90,0,0,3,0,0,0.098,0.335,0.58
v16,balanced,mid,stock,20,63,P2,74,74,1.188,0.4,-19.818,-20.262,1.275,0.986,-5.884,1.02,0.442,20.0,1469,1368,0.9312,11,1357,0,0,11,0,94,2,0,5,0,1,0.212,0.37,0.586
v16,balanced,mid,stock,20,63,2023,40,40,-0.033,-0.02,-10.283,-10.681,-0.079,0.012,-7.996,-0.033,0.439,20.0,800,738,0.9225,0,738,0,0,0,0,60,0,0,2,0,0,0.087,0.339,0.569
v16,balanced,mid,stock,20,63,2024,51,51,2.175,1.93,-6.744,-7.83,2.295,2.072,-1.035,2.175,0.478,20,1020,989,0.9696,0,989,0,0,0,0,30,0,0,1,0,0,0.107,0.331,0.587
v16,balanced,mid,stock,20,63,2025,50,50,3.892,1.06,-15.101,-15.823,3.974,3.548,-3.399,3.644,0.49,20.0,989,920,0.9302,11,914,0,0,6,0,66,0,0,3,0,1,0.215,0.363,0.594
v16,balanced,mid,stock,20,63,2026,24,24,-4.445,-1.18,-20.057,-20.262,-4.346,-4.353,-11.062,-4.445,0.342,20.0,480,448,0.9333,0,443,0,0,5,0,28,2,0,2,0,0,0.206,0.383,0.576
v16,balanced,short,mixed,10,5,ALL,176,176,-0.106,-0.47,-7.077,-13.344,-0.112,-0.114,-0.45,-0.106,0.453,10.0,1760,1752,0.9955,0,1752,0,0,0,0,5,1,0,2,0,0,0.127,0.49,0.686
v16,balanced,short,mixed,10,5,P1,91,91,-0.117,-0.45,-4.257,-4.954,-0.119,-0.121,-0.454,-0.117,0.422,10,910,905,0.9945,0,905,0,0,0,0,3,0,0,2,0,0,0.102,0.472,0.673
v16,balanced,short,mixed,10,5,P2,85,85,-0.095,-0.25,-9.041,-13.344,-0.105,-0.105,-0.446,-0.095,0.486,10,850,847,0.9965,0,847,0,0,0,0,2,1,0,0,0,0,0.151,0.508,0.698
v16,balanced,short,mixed,10,5,2023,40,40,-0.147,-0.6,-3.184,-3.189,-0.146,-0.152,-0.654,-0.147,0.43,10.0,400,397,0.9925,0,397,0,0,0,0,2,0,0,1,0,0,0.076,0.431,0.677
v16,balanced,short,mixed,10,5,2024,51,51,-0.093,-0.22,-4.542,-4.954,-0.098,-0.098,-0.297,-0.093,0.416,10,510,508,0.9961,0,508,0,0,0,0,1,0,0,1,0,0,0.126,0.51,0.668
v16,balanced,short,mixed,10,5,2025,50,50,-0.115,-0.29,-7.046,-10.209,-0.13,-0.127,-0.509,-0.115,0.5,10.0,500,498,0.996,0,498,0,0,0,0,2,0,0,0,0,0,0.171,0.546,0.68
v16,balanced,short,mixed,10,5,2026,35,35,-0.066,-0.09,-10.938,-13.344,-0.069,-0.074,-0.357,-0.066,0.465,10,350,349,0.9971,0,349,0,0,0,0,0,1,0,0,0,0,0.124,0.454,0.721
v16,balanced,short,mixed,10,20,ALL,173,173,-0.581,-1.11,-12.467,-17.722,-0.611,-0.592,-1.874,-0.581,0.399,10,1730,1706,0.9861,0,1705,0,0,1,0,21,1,0,2,0,0,0.129,0.496,0.685
v16,balanced,short,mixed,10,20,P1,91,91,-0.272,-0.42,-9.126,-12.442,-0.285,-0.28,-1.41,-0.272,0.381,10,910,898,0.9868,0,898,0,0,0,0,10,0,0,2,0,0,0.102,0.472,0.673
v16,balanced,short,mixed,10,20,P2,82,82,-0.923,-1.11,-13.601,-17.722,-0.972,-0.937,-2.388,-0.923,0.419,10.0,820,808,0.9854,0,807,0,0,1,0,11,1,0,0,0,0,0.157,0.52,0.696
v16,balanced,short,mixed,10,20,2023,40,40,-0.296,-0.6,-5.207,-5.823,-0.294,-0.298,-2.086,-0.296,0.421,10.0,400,392,0.98,0,392,0,0,0,0,7,0,0,1,0,0,0.076,0.431,0.677
v16,balanced,short,mixed,10,20,2024,51,51,-0.254,-0.24,-10.891,-12.442,-0.277,-0.267,-0.88,-0.254,0.349,10,510,506,0.9922,0,506,0,0,0,0,3,0,0,1,0,0,0.126,0.51,0.668
v16,balanced,short,mixed,10,20,2025,50,50,-0.948,-0.84,-14.312,-17.722,-0.96,-0.959,-2.719,-0.948,0.414,10.0,500,491,0.982,0,491,0,0,0,0,9,0,0,0,0,0,0.171,0.546,0.68
v16,balanced,short,mixed,10,20,2026,32,32,-0.884,-0.73,-12.287,-12.357,-0.991,-0.903,-1.87,-0.884,0.427,10.0,320,317,0.9906,0,316,0,0,1,0,2,1,0,0,0,0,0.136,0.48,0.719
v16,balanced,short,mixed,10,63,ALL,165,165,-1.87,-1.34,-16.079,-20.035,-1.627,-1.839,-5.702,-1.87,0.34,10,1650,1587,0.9618,0,1584,0,0,3,0,61,0,0,2,0,0,0.134,0.509,0.681
v16,balanced,short,mixed,10,63,P1,91,91,-1.816,-2.1,-11.998,-13.688,-1.655,-1.793,-4.832,-1.816,0.317,10,910,882,0.9692,0,882,0,0,0,0,26,0,0,2,0,0,0.102,0.472,0.673
v16,balanced,short,mixed,10,63,P2,74,74,-1.937,-0.66,-18.383,-20.035,-1.594,-1.895,-6.771,-1.937,0.367,10.0,740,705,0.9527,0,702,0,0,3,0,35,0,0,0,0,0,0.171,0.551,0.689
v16,balanced,short,mixed,10,63,2023,40,40,-2.408,-3.67,-10.287,-10.663,-2.414,-2.364,-7.167,-2.408,0.33,10.0,400,381,0.9525,0,381,0,0,0,0,18,0,0,1,0,0,0.076,0.431,0.677
v16,balanced,short,mixed,10,63,2024,51,51,-1.352,-0.95,-12.926,-13.688,-1.059,-1.345,-3.001,-1.352,0.307,10,510,501,0.9824,0,501,0,0,0,0,8,0,0,1,0,0,0.126,0.51,0.668
v16,balanced,short,mixed,10,63,2025,50,50,0.928,0.26,-18.768,-20.035,1.367,0.86,-4.265,0.928,0.416,10.0,500,475,0.95,0,475,0,0,0,0,25,0,0,0,0,0,0.171,0.546,0.68
v16,balanced,short,mixed,10,63,2026,24,24,-7.905,-5.98,-15.695,-17.23,-7.764,-7.636,-11.992,-7.905,0.264,10.0,240,230,0.9583,0,227,0,0,3,0,10,0,0,0,0,0,0.171,0.561,0.704
v16,balanced,short,mixed,20,5,ALL,176,176,-0.124,-0.69,-5.456,-10.969,-0.125,-0.127,-0.523,-0.124,0.458,20.0,3520,3501,0.9946,0,3501,0,0,0,0,13,1,0,5,0,0,0.142,0.443,0.625
v16,balanced,short,mixed,20,5,P1,91,91,-0.211,-1.07,-3.304,-4.328,-0.212,-0.212,-0.71,-0.211,0.432,20,1820,1807,0.9929,0,1807,0,0,0,0,9,0,0,4,0,0,0.115,0.437,0.621
v16,balanced,short,mixed,20,5,P2,85,85,-0.031,-0.1,-6.935,-10.969,-0.032,-0.035,-0.324,-0.031,0.486,20,1700,1694,0.9965,0,1694,0,0,0,0,4,1,0,1,0,0,0.17,0.449,0.63
v16,balanced,short,mixed,20,5,2023,40,40,-0.299,-1.32,-2.859,-2.996,-0.295,-0.296,-1.052,-0.299,0.44,20.0,800,792,0.99,0,792,0,0,0,0,6,0,0,2,0,0,0.093,0.429,0.605
v16,balanced,short,mixed,20,5,2024,51,51,-0.142,-0.47,-3.6,-4.328,-0.146,-0.146,-0.442,-0.142,0.425,20,1020,1015,0.9951,0,1015,0,0,0,0,3,0,0,2,0,0,0.133,0.445,0.631
v16,balanced,short,mixed,20,5,2025,50,50,-0.028,-0.08,-5.64,-7.498,-0.031,-0.029,-0.323,-0.028,0.481,20.0,1000,996,0.996,0,996,0,0,0,0,3,0,0,1,0,0,0.191,0.478,0.623
v16,balanced,short,mixed,20,5,2026,35,35,-0.037,-0.06,-8.72,-10.969,-0.035,-0.044,-0.325,-0.037,0.494,20,700,698,0.9971,0,698,0,0,0,0,1,1,0,0,0,0,0.141,0.409,0.641
v16,balanced,short,mixed,20,20,ALL,173,173,-0.669,-1.49,-10.387,-14.725,-0.693,-0.669,-2.169,-0.669,0.399,20,3460,3404,0.9838,0,3402,0,0,2,0,49,2,0,5,0,0,0.144,0.448,0.623
v16,balanced,short,mixed,20,20,P1,91,91,-0.685,-1.3,-7.567,-10.496,-0.692,-0.679,-2.206,-0.685,0.372,20,1820,1789,0.983,0,1789,0,0,0,0,27,0,0,4,0,0,0.115,0.437,0.621
v16,balanced,short,mixed,20,20,P2,82,82,-0.652,-0.87,-11.326,-14.725,-0.694,-0.658,-2.128,-0.652,0.429,20.0,1640,1615,0.9848,0,1613,0,0,2,0,22,2,0,1,0,0,0.176,0.459,0.627
v16,balanced,short,mixed,20,20,2023,40,40,-0.89,-2.13,-4.538,-5.014,-0.871,-0.869,-3.178,-0.89,0.406,20.0,800,780,0.975,0,780,0,0,0,0,18,0,0,2,0,0,0.093,0.429,0.605
v16,balanced,short,mixed,20,20,2024,51,51,-0.525,-0.6,-8.912,-10.496,-0.551,-0.53,-1.444,-0.525,0.345,20,1020,1009,0.9892,0,1009,0,0,0,0,9,0,0,2,0,0,0.133,0.445,0.631
v16,balanced,short,mixed,20,20,2025,50,50,-0.51,-0.49,-12.331,-14.725,-0.523,-0.517,-2.002,-0.51,0.431,20.0,1000,984,0.984,0,984,0,0,0,0,15,0,0,1,0,0,0.191,0.478,0.623
v16,balanced,short,mixed,20,20,2026,32,32,-0.874,-0.87,-9.143,-9.497,-0.962,-0.877,-2.325,-0.874,0.426,20.0,640,631,0.9859,0,629,0,0,2,0,7,2,0,0,0,0,0.153,0.431,0.635
v16,balanced,short,mixed,20,63,ALL,165,165,-1.614,-1.17,-15.865,-18.767,-1.489,-1.578,-5.798,-1.614,0.36,20,3300,3164,0.9588,0,3157,0,0,7,0,131,0,0,5,0,0,0.15,0.457,0.621
v16,balanced,short,mixed,20,63,P1,91,91,-2.107,-3.23,-10.757,-13.066,-2.055,-2.068,-5.912,-2.107,0.335,20,1820,1751,0.9621,0,1749,0,0,2,0,65,0,0,4,0,0,0.115,0.437,0.621
v16,balanced,short,mixed,20,63,P2,74,74,-1.007,-0.34,-17.602,-18.767,-0.793,-0.975,-5.659,-1.007,0.392,20.0,1480,1413,0.9547,0,1408,0,0,5,0,66,0,0,1,0,0,0.192,0.48,0.623
v16,balanced,short,mixed,20,63,2023,40,40,-2.226,-5.15,-8.886,-8.946,-2.331,-2.141,-8.247,-2.226,0.365,20.0,800,753,0.9413,0,753,0,0,0,0,45,0,0,2,0,0,0.093,0.429,0.605
v16,balanced,short,mixed,20,63,2024,51,51,-2.013,-1.79,-11.305,-13.066,-1.839,-2.01,-4.08,-2.013,0.312,20,1020,998,0.9784,0,996,0,0,2,0,20,0,0,2,0,0,0.133,0.445,0.631
v16,balanced,short,mixed,20,63,2025,50,50,1.96,0.54,-17.518,-18.767,2.164,1.869,-3.15,1.96,0.44,20.0,1000,951,0.951,0,950,0,0,1,0,48,0,0,1,0,0,0.191,0.478,0.623
v16,balanced,short,mixed,20,63,2026,24,24,-7.188,-5.01,-16.644,-17.854,-6.954,-6.9,-10.886,-7.188,0.29,20.0,480,462,0.9625,0,458,0,0,4,0,18,0,0,0,0,0,0.196,0.485,0.624
v16,balanced,short,stock,10,5,ALL,176,176,-0.036,-0.15,-7.692,-12.649,-0.043,-0.046,-0.555,-0.036,0.483,10.0,1760,1749,0.9938,0,1749,0,0,0,0,8,1,0,2,0,0,0.139,0.462,0.673
v16,balanced,short,stock,10,5,P1,91,91,-0.081,-0.3,-4.115,-4.954,-0.083,-0.085,-0.417,-0.081,0.462,10,910,905,0.9945,0,905,0,0,0,0,3,0,0,2,0,0,0.115,0.445,0.678
v16,balanced,short,stock,10,5,P2,85,85,0.011,0.03,-10.071,-12.649,-0.0,-0.004,-0.703,0.011,0.506,10,850,844,0.9929,0,844,0,0,0,0,5,1,0,0,0,0,0.165,0.48,0.668
v16,balanced,short,stock,10,5,2023,40,40,-0.021,-0.07,-3.592,-3.755,-0.021,-0.024,-0.526,-0.021,0.462,10.0,400,397,0.9925,0,397,0,0,0,0,2,0,0,1,0,0,0.09,0.42,0.644
v16,balanced,short,stock,10,5,2024,51,51,-0.128,-0.3,-4.388,-4.954,-0.133,-0.133,-0.332,-0.128,0.461,10,510,508,0.9961,0,508,0,0,0,0,1,0,0,1,0,0,0.135,0.465,0.704
v16,balanced,short,stock,10,5,2025,50,50,-0.065,-0.15,-8.724,-12.302,-0.079,-0.072,-0.867,-0.065,0.517,10.0,500,496,0.992,0,496,0,0,0,0,4,0,0,0,0,0,0.184,0.506,0.651
v16,balanced,short,stock,10,5,2026,35,35,0.12,0.15,-10.59,-12.649,0.112,0.094,-0.468,0.12,0.491,10,350,348,0.9943,0,348,0,0,0,0,1,1,0,0,0,0,0.137,0.443,0.688
v16,balanced,short,stock,10,20,ALL,173,173,-0.414,-0.69,-14.583,-23.988,-0.431,-0.407,-2.277,-0.414,0.464,10,1730,1696,0.9803,0,1695,0,0,1,0,31,1,0,2,0,0,0.142,0.468,0.673
v16,balanced,short,stock,10,20,P1,91,91,0.162,0.23,-10.31,-12.51,0.138,0.155,-1.194,0.162,0.486,10,910,896,0.9846,0,896,0,0,0,0,12,0,0,2,0,0,0.115,0.445,0.678
v16,balanced,short,stock,10,20,P2,82,82,-1.052,-1.09,-16.766,-23.988,-1.062,-1.032,-3.479,-1.052,0.439,10.0,820,800,0.9756,0,799,0,0,1,0,19,1,0,0,0,0,0.171,0.493,0.667
v16,balanced,short,stock,10,20,2023,40,40,-0.069,-0.1,-8.55,-12.51,-0.052,-0.067,-2.103,-0.069,0.474,10.0,400,391,0.9775,0,391,0,0,0,0,8,0,0,1,0,0,0.09,0.42,0.644
v16,balanced,short,stock,10,20,2024,51,51,0.343,0.3,-10.891,-12.442,0.287,0.329,-0.482,0.343,0.495,10,510,505,0.9902,0,505,0,0,0,0,4,0,0,1,0,0,0.135,0.465,0.704
v16,balanced,short,stock,10,20,2025,50,50,-1.343,-1.03,-18.897,-23.988,-1.279,-1.273,-4.264,-1.343,0.437,10.0,500,485,0.97,0,485,0,0,0,0,15,0,0,0,0,0,0.184,0.506,0.651
v16,balanced,short,stock,10,20,2026,32,32,-0.598,-0.44,-13.568,-14.779,-0.724,-0.654,-2.251,-0.598,0.443,10.0,320,315,0.9844,0,314,0,0,1,0,4,1,0,0,0,0,0.15,0.472,0.687
v16,balanced,short,stock,10,63,ALL,165,165,0.092,0.06,-16.43,-19.878,0.345,0.143,-5.327,0.092,0.434,10,1650,1563,0.9473,0,1559,0,0,4,0,85,0,0,2,0,0,0.147,0.479,0.672
v16,balanced,short,stock,10,63,P1,91,91,0.601,0.6,-13.451,-15.046,0.719,0.57,-3.676,0.601,0.44,10,910,872,0.9582,0,871,0,0,1,0,36,0,0,2,0,0,0.115,0.445,0.678
v16,balanced,short,stock,10,63,P2,74,74,-0.533,-0.16,-18.634,-19.878,-0.115,-0.381,-7.357,-0.533,0.426,10.0,740,691,0.9338,0,688,0,0,3,0,49,0,0,0,0,0,0.185,0.52,0.664
v16,balanced,short,stock,10,63,2023,40,40,-0.189,-0.22,-10.322,-10.663,-0.37,-0.253,-6.735,-0.189,0.427,10.0,400,375,0.9375,0,375,0,0,0,0,24,0,0,1,0,0,0.09,0.42,0.644
v16,balanced,short,stock,10,63,2024,51,51,1.22,0.79,-14.282,-15.046,1.574,1.215,-1.277,1.22,0.45,10,510,497,0.9745,0,496,0,0,1,0,12,0,0,1,0,0,0.135,0.465,0.704
v16,balanced,short,stock,10,63,2025,50,50,2.636,0.62,-18.544,-19.878,3.138,2.693,-5.1,2.636,0.47,10.0,500,463,0.926,0,463,0,0,0,0,37,0,0,0,0,0,0.184,0.506,0.651
v16,balanced,short,stock,10,63,2026,24,24,-7.136,-3.41,-17.324,-18.901,-6.891,-6.787,-12.057,-7.136,0.335,10.0,240,228,0.95,0,225,0,0,3,0,12,0,0,0,0,0,0.188,0.55,0.687
v16,balanced,short,stock,20,5,ALL,176,176,-0.088,-0.47,-6.021,-10.14,-0.088,-0.091,-0.545,-0.086,0.475,20.0,3513,3490,0.9935,7,3490,0,0,0,0,15,1,0,7,0,1,0.141,0.428,0.609
v16,balanced,short,stock,20,5,P1,91,91,-0.159,-0.78,-3.868,-5.107,-0.16,-0.161,-0.659,-0.159,0.456,20,1820,1806,0.9923,0,1806,0,0,0,0,9,0,0,5,0,0,0.114,0.418,0.61
v16,balanced,short,stock,20,5,P2,85,85,-0.011,-0.03,-7.446,-10.14,-0.01,-0.016,-0.423,-0.007,0.496,20,1693,1684,0.9947,7,1684,0,0,0,0,6,1,0,2,0,1,0.17,0.439,0.61
v16,balanced,short,stock,20,5,2023,40,40,-0.362,-1.31,-4.362,-5.107,-0.358,-0.361,-1.116,-0.362,0.455,20.0,800,792,0.99,0,792,0,0,0,0,6,0,0,2,0,0,0.103,0.42,0.605
v16,balanced,short,stock,20,5,2024,51,51,-0.001,-0.0,-3.539,-3.615,-0.005,-0.004,-0.3,-0.001,0.457,20,1020,1014,0.9941,0,1014,0,0,0,0,3,0,0,3,0,0,0.123,0.416,0.613
v16,balanced,short,stock,20,5,2025,50,50,-0.007,-0.02,-6.264,-7.783,-0.01,-0.012,-0.507,-0.0,0.492,20.0,993,987,0.994,7,987,0,0,0,0,5,0,0,1,0,1,0.19,0.463,0.595
v16,balanced,short,stock,20,5,2026,35,35,-0.016,-0.03,-8.305,-10.14,-0.011,-0.023,-0.304,-0.016,0.502,20,700,697,0.9957,0,697,0,0,0,0,1,1,0,1,0,0,0.143,0.404,0.634
v16,balanced,short,stock,20,20,ALL,173,173,-0.475,-0.99,-11.039,-15.909,-0.492,-0.47,-2.439,-0.476,0.451,20,3453,3379,0.9786,7,3377,0,0,2,0,64,3,0,7,0,1,0.143,0.431,0.607
v16,balanced,short,stock,20,20,P1,91,91,-0.255,-0.43,-8.472,-10.496,-0.266,-0.251,-2.115,-0.255,0.459,20,1820,1782,0.9791,0,1782,0,0,0,0,33,0,0,5,0,0,0.114,0.418,0.61
v16,balanced,short,stock,20,20,P2,82,82,-0.72,-0.93,-12.489,-15.909,-0.743,-0.714,-2.798,-0.722,0.441,20.0,1633,1597,0.978,7,1595,0,0,2,0,31,3,0,2,0,1,0.176,0.447,0.605
v16,balanced,short,stock,20,20,2023,40,40,-1.022,-2.03,-7.811,-8.843,-1.002,-0.997,-4.072,-1.022,0.437,20.0,800,774,0.9675,0,774,0,0,0,0,24,0,0,2,0,0,0.103,0.42,0.605
v16,balanced,short,stock,20,20,2024,51,51,0.347,0.37,-8.912,-10.496,0.312,0.334,-0.58,0.347,0.476,20,1020,1008,0.9882,0,1008,0,0,0,0,9,0,0,3,0,0,0.123,0.416,0.613
v16,balanced,short,stock,20,20,2025,50,50,-0.586,-0.53,-14.414,-15.909,-0.566,-0.572,-2.76,-0.589,0.449,20.0,993,970,0.9768,7,970,0,0,0,0,22,0,0,1,0,1,0.19,0.463,0.595
v16,balanced,short,stock,20,20,2026,32,32,-0.93,-0.94,-9.117,-9.457,-1.019,-0.937,-2.859,-0.93,0.43,20.0,640,627,0.9797,0,625,0,0,2,0,9,3,0,1,0,0,0.155,0.422,0.624
v16,balanced,short,stock,20,63,ALL,165,165,-0.525,-0.37,-15.634,-18.224,-0.39,-0.479,-5.756,-0.557,0.423,20,3293,3123,0.9484,7,3116,0,0,7,0,162,1,0,7,0,1,0.149,0.44,0.605
v16,balanced,short,stock,20,63,P1,91,91,-0.643,-0.88,-10.901,-11.931,-0.582,-0.613,-5.455,-0.643,0.426,20,1820,1733,0.9522,0,1731,0,0,2,0,82,0,0,5,0,0,0.114,0.418,0.61
v16,balanced,short,stock,20,63,P2,74,74,-0.38,-0.13,-17.572,-18.224,-0.154,-0.314,-6.125,-0.452,0.42,20.0,1473,1390,0.9437,7,1385,0,0,5,0,80,1,0,2,0,1,0.193,0.469,0.599
v16,balanced,short,stock,20,63,2023,40,40,-1.449,-2.02,-9.555,-9.594,-1.566,-1.377,-8.805,-1.449,0.415,20.0,800,743,0.9287,0,743,0,0,0,0,55,0,0,2,0,0,0.103,0.42,0.605
v16,balanced,short,stock,20,63,2024,51,51,-0.01,-0.01,-11.372,-11.931,0.189,-0.014,-2.828,-0.01,0.435,20,1020,990,0.9706,0,988,0,0,2,0,27,0,0,3,0,0,0.123,0.416,0.613
v16,balanced,short,stock,20,63,2025,50,50,2.532,0.67,-17.199,-18.047,2.761,2.46,-3.67,2.426,0.467,20.0,993,934,0.9406,7,933,0,0,1,0,58,0,0,1,0,1,0.19,0.463,0.595
v16,balanced,short,stock,20,63,2026,24,24,-6.448,-3.49,-17.145,-18.224,-6.227,-6.092,-11.241,-6.448,0.322,20.0,480,456,0.95,0,452,0,0,4,0,22,1,0,1,0,0,0.2,0.481,0.613
v16,conservative,long,mixed,10,5,ALL,176,176,-0.278,-2.01,-4.301,-6.517,-0.276,-0.274,-0.447,-0.269,0.448,10.0,1755,1752,0.9983,5,1752,0,0,0,0,3,0,0,0,0,1,0.077,0.0,0.784
v16,conservative,long,mixed,10,5,P1,91,91,-0.309,-1.83,-3.948,-4.455,-0.305,-0.304,-0.416,-0.309,0.452,10,910,909,0.9989,0,909,0,0,0,0,1,0,0,0,0,0,0.044,0.0,0.772
v16,conservative,long,mixed,10,5,P2,85,85,-0.246,-1.11,-4.42,-6.517,-0.246,-0.242,-0.481,-0.226,0.443,10,845,843,0.9976,5,843,0,0,0,0,2,0,0,0,0,1,0.111,0.0,0.798
v16,conservative,long,mixed,10,5,2023,40,40,-0.443,-1.99,-3.872,-4.075,-0.443,-0.443,-0.443,-0.443,0.44,10.0,400,400,1.0,0,400,0,0,0,0,0,0,0,0,0,0,0.046,0.0,0.777
v16,conservative,long,mixed,10,5,2024,51,51,-0.203,-0.83,-3.963,-4.455,-0.196,-0.195,-0.394,-0.203,0.461,10,510,509,0.998,0,509,0,0,0,0,1,0,0,0,0,0,0.043,0.0,0.766
v16,conservative,long,mixed,10,5,2025,50,50,-0.281,-1.0,-4.732,-6.517,-0.281,-0.275,-0.68,-0.246,0.435,10.0,495,493,0.996,5,493,0,0,0,0,2,0,0,0,0,1,0.129,0.0,0.814
v16,conservative,long,mixed,10,5,2026,35,35,-0.196,-0.54,-3.952,-4.775,-0.196,-0.196,-0.196,-0.196,0.454,10,350,350,1.0,0,350,0,0,0,0,0,0,0,0,0,0,0.085,0.0,0.774
v16,conservative,long,mixed,10,20,ALL,173,173,-1.374,-3.74,-8.825,-9.563,-1.349,-1.342,-2.226,-1.342,0.393,10,1725,1710,0.9913,5,1710,0,0,0,0,15,0,0,0,0,1,0.077,0.0,0.785
v16,conservative,long,mixed,10,20,P1,91,91,-1.211,-2.53,-7.608,-8.008,-1.179,-1.178,-1.857,-1.211,0.399,10,910,904,0.9934,0,904,0,0,0,0,6,0,0,0,0,0,0.044,0.0,0.772
v16,conservative,long,mixed,10,20,P2,82,82,-1.554,-2.77,-9.309,-9.563,-1.538,-1.525,-2.636,-1.487,0.386,10.0,815,806,0.989,5,806,0,0,0,0,9,0,0,0,0,1,0.114,0.0,0.801
v16,conservative,long,mixed,10,20,2023,40,40,-1.36,-2.14,-7.819,-8.008,-1.341,-1.342,-1.85,-1.36,0.382,10.0,400,398,0.995,0,398,0,0,0,0,2,0,0,0,0,0,0.046,0.0,0.777
v16,conservative,long,mixed,10,20,2024,51,51,-1.095,-1.56,-7.141,-7.863,-1.051,-1.048,-1.862,-1.095,0.412,10,510,506,0.9922,0,506,0,0,0,0,4,0,0,0,0,0,0.043,0.0,0.766
v16,conservative,long,mixed,10,20,2025,50,50,-1.289,-1.92,-9.345,-9.563,-1.289,-1.273,-2.486,-1.178,0.395,10.0,495,489,0.9879,5,489,0,0,0,0,6,0,0,0,0,1,0.129,0.0,0.814
v16,conservative,long,mixed,10,20,2026,32,32,-1.969,-2.07,-9.256,-9.56,-1.927,-1.918,-2.872,-1.969,0.373,10.0,320,317,0.9906,0,317,0,0,0,0,3,0,0,0,0,0,0.09,0.0,0.781
v16,conservative,long,mixed,10,63,ALL,165,165,-3.293,-3.02,-19.198,-22.648,-3.251,-3.23,-5.564,-3.304,0.348,10,1645,1608,0.9775,5,1605,0,0,3,0,35,2,0,0,0,1,0.077,0.0,0.784
v16,conservative,long,mixed,10,63,P1,91,91,-3.043,-3.29,-14.183,-18.487,-3.047,-2.974,-4.377,-3.043,0.346,10,910,898,0.9868,0,896,0,0,2,0,12,0,0,0,0,0,0.044,0.0,0.772
v16,conservative,long,mixed,10,63,P2,74,74,-3.602,-1.68,-20.38,-22.648,-3.502,-3.544,-7.023,-3.626,0.35,10.0,735,710,0.966,5,709,0,0,1,0,23,2,0,0,0,1,0.117,0.0,0.8
v16,conservative,long,mixed,10,63,2023,40,40,-4.078,-3.84,-16.878,-18.487,-4.146,-3.984,-6.121,-4.078,0.301,10.0,400,392,0.98,0,390,0,0,2,0,8,0,0,0,0,0,0.046,0.0,0.777
v16,conservative,long,mixed,10,63,2024,51,51,-2.23,-1.72,-12.387,-12.465,-2.184,-2.182,-3.009,-2.23,0.382,10,510,506,0.9922,0,506,0,0,0,0,4,0,0,0,0,0,0.043,0.0,0.766
v16,conservative,long,mixed,10,63,2025,50,50,-2.373,-0.87,-19.206,-19.802,-2.311,-2.359,-5.635,-2.409,0.391,10.0,495,479,0.9677,5,479,0,0,0,0,16,0,0,0,0,1,0.129,0.0,0.814
v16,conservative,long,mixed,10,63,2026,24,24,-6.161,-2.46,-21.15,-22.648,-5.984,-6.012,-9.915,-6.161,0.263,10.0,240,231,0.9625,0,230,0,0,1,0,7,2,0,0,0,0,0.091,0.0,0.77
v16,conservative,long,mixed,20,5,ALL,176,176,-0.309,-2.46,-4.185,-8.012,-0.308,-0.308,-0.45,-0.301,0.445,20.0,3450,3445,0.9986,70,3445,0,0,0,0,4,1,0,0,0,13,0.092,0.0,0.771
v16,conservative,long,mixed,20,5,P1,91,91,-0.309,-1.99,-3.985,-4.454,-0.306,-0.307,-0.417,-0.307,0.45,20,1800,1798,0.9989,20,1798,0,0,0,0,2,0,0,0,0,6,0.067,0.0,0.759
v16,conservative,long,mixed,20,5,P2,85,85,-0.309,-1.55,-4.123,-8.012,-0.309,-0.308,-0.486,-0.294,0.44,20,1650,1647,0.9982,50,1647,0,0,0,0,2,1,0,0,0,7,0.119,0.0,0.784
v16,conservative,long,mixed,20,5,2023,40,40,-0.423,-2.15,-3.643,-3.718,-0.423,-0.423,-0.423,-0.425,0.44,20.0,783,783,1.0,17,783,0,0,0,0,0,0,0,0,0,5,0.077,0.0,0.754
v16,conservative,long,mixed,20,5,2024,51,51,-0.219,-0.95,-4.214,-4.454,-0.215,-0.215,-0.412,-0.215,0.457,20,1017,1015,0.998,3,1015,0,0,0,0,2,0,0,0,0,1,0.06,0.0,0.759
v16,conservative,long,mixed,20,5,2025,50,50,-0.369,-1.56,-4.417,-8.012,-0.371,-0.368,-0.571,-0.326,0.432,20.0,957,955,0.9979,43,955,0,0,0,0,2,0,0,0,0,6,0.138,0.0,0.791
v16,conservative,long,mixed,20,5,2026,35,35,-0.223,-0.64,-3.336,-3.411,-0.22,-0.223,-0.364,-0.247,0.45,20,693,692,0.9986,7,692,0,0,0,0,0,1,0,0,0,1,0.092,0.0,0.771
v16,conservative,long,mixed,20,20,ALL,173,173,-1.309,-3.55,-9.114,-10.016,-1.288,-1.284,-2.224,-1.292,0.398,20,3390,3358,0.9906,70,3358,0,0,0,0,31,1,0,0,0,13,0.094,0.0,0.772
v16,conservative,long,mixed,20,20,P1,91,91,-1.145,-2.49,-7.27,-7.513,-1.12,-1.117,-1.858,-1.179,0.393,20,1800,1787,0.9928,20,1787,0,0,0,0,13,0,0,0,0,6,0.067,0.0,0.759
v16,conservative,long,mixed,20,20,P2,82,82,-1.491,-2.56,-9.671,-10.016,-1.475,-1.47,-2.629,-1.419,0.403,20.0,1590,1571,0.9881,50,1571,0,0,0,0,18,1,0,0,0,7,0.123,0.0,0.785
v16,conservative,long,mixed,20,20,2023,40,40,-1.272,-2.23,-7.177,-7.229,-1.257,-1.258,-1.906,-1.35,0.378,20.0,783,778,0.9936,17,778,0,0,0,0,5,0,0,0,0,5,0.077,0.0,0.754
v16,conservative,long,mixed,20,20,2024,51,51,-1.046,-1.51,-7.333,-7.513,-1.013,-1.007,-1.82,-1.044,0.406,20,1017,1009,0.9921,3,1009,0,0,0,0,8,0,0,0,0,1,0.06,0.0,0.759
v16,conservative,long,mixed,20,20,2025,50,50,-1.297,-1.89,-9.53,-9.693,-1.308,-1.294,-2.588,-1.175,0.411,20.0,957,944,0.9864,43,944,0,0,0,0,13,0,0,0,0,6,0.138,0.0,0.791
v16,conservative,long,mixed,20,20,2026,32,32,-1.794,-1.8,-9.883,-10.016,-1.738,-1.744,-2.694,-1.799,0.39,20.0,633,627,0.9905,7,627,0,0,0,0,5,1,0,0,0,1,0.099,0.0,0.774
v16,conservative,long,mixed,20,63,ALL,165,165,-3.292,-3.25,-17.198,-18.838,-3.251,-3.218,-5.771,-3.382,0.356,20,3230,3150,0.9752,70,3146,0,0,4,0,77,3,0,0,0,13,0.094,0.0,0.771
v16,conservative,long,mixed,20,63,P1,91,91,-3.18,-3.69,-13.185,-16.772,-3.163,-3.103,-4.875,-3.231,0.349,20,1800,1770,0.9833,20,1767,0,0,3,0,30,0,0,0,0,6,0.067,0.0,0.759
v16,conservative,long,mixed,20,63,P2,74,74,-3.43,-1.74,-18.411,-18.838,-3.359,-3.358,-6.873,-3.568,0.364,20.0,1430,1380,0.965,50,1379,0,0,1,0,47,3,0,0,0,7,0.128,0.0,0.787
v16,conservative,long,mixed,20,63,2023,40,40,-4.088,-4.92,-14.461,-16.772,-4.104,-3.988,-6.557,-4.208,0.307,20.0,783,764,0.9757,17,761,0,0,3,0,19,0,0,0,0,5,0.077,0.0,0.754
v16,conservative,long,mixed,20,63,2024,51,51,-2.468,-1.88,-12.334,-13.836,-2.424,-2.409,-3.556,-2.465,0.381,20,1017,1006,0.9892,3,1006,0,0,0,0,11,0,0,0,0,1,0.06,0.0,0.759
v16,conservative,long,mixed,20,63,2025,50,50,-2.22,-0.89,-17.501,-18.801,-2.191,-2.19,-5.392,-2.407,0.402,20.0,957,926,0.9676,43,926,0,0,0,0,31,0,0,0,0,6,0.138,0.0,0.791
v16,conservative,long,mixed,20,63,2026,24,24,-5.952,-2.75,-18.66,-18.838,-5.794,-5.793,-9.958,-5.987,0.286,20.0,473,454,0.9598,7,453,0,0,1,0,16,3,0,0,0,1,0.106,0.0,0.774
v16,conservative,long,stock,10,5,ALL,176,176,-0.279,-1.94,-4.594,-8.307,-0.279,-0.277,-0.45,-0.259,0.457,10.0,1749,1746,0.9983,11,1746,0,0,0,0,3,0,0,0,0,3,0.081,0.0,0.785
v16,conservative,long,stock,10,5,P1,91,91,-0.324,-1.86,-4.117,-4.619,-0.319,-0.319,-0.43,-0.324,0.464,10,910,909,0.9989,0,909,0,0,0,0,1,0,0,0,0,0,0.048,0.0,0.766
v16,conservative,long,stock,10,5,P2,85,85,-0.231,-1.0,-4.799,-8.307,-0.236,-0.233,-0.471,-0.19,0.45,10,839,837,0.9976,11,837,0,0,0,0,2,0,0,0,0,3,0.116,0.0,0.806
v16,conservative,long,stock,10,5,2023,40,40,-0.448,-1.91,-3.92,-4.075,-0.448,-0.448,-0.448,-0.448,0.455,10.0,400,400,1.0,0,400,0,0,0,0,0,0,0,0,0,0,0.053,0.0,0.759
v16,conservative,long,stock,10,5,2024,51,51,-0.226,-0.9,-4.159,-4.619,-0.218,-0.217,-0.416,-0.226,0.471,10,510,509,0.998,0,509,0,0,0,0,1,0,0,0,0,0,0.045,0.0,0.768
v16,conservative,long,stock,10,5,2025,50,50,-0.21,-0.71,-5.328,-8.307,-0.218,-0.212,-0.618,-0.14,0.446,10.0,489,487,0.9959,11,487,0,0,0,0,2,0,0,0,0,3,0.134,0.0,0.82
v16,conservative,long,stock,10,5,2026,35,35,-0.262,-0.7,-4.004,-4.775,-0.262,-0.262,-0.262,-0.262,0.454,10,350,350,1.0,0,350,0,0,0,0,0,0,0,0,0,0,0.091,0.0,0.785
v16,conservative,long,stock,10,20,ALL,173,173,-1.262,-3.4,-9.047,-10.181,-1.24,-1.233,-2.117,-1.226,0.414,10,1719,1704,0.9913,11,1704,0,0,0,0,15,0,0,0,0,3,0.082,0.0,0.786
v16,conservative,long,stock,10,20,P1,91,91,-1.111,-2.32,-7.954,-8.931,-1.079,-1.078,-1.757,-1.111,0.424,10,910,904,0.9934,0,904,0,0,0,0,6,0,0,0,0,0,0.048,0.0,0.766
v16,conservative,long,stock,10,20,P2,82,82,-1.428,-2.5,-9.503,-10.181,-1.419,-1.406,-2.518,-1.353,0.403,10.0,809,800,0.9889,11,800,0,0,0,0,9,0,0,0,0,3,0.12,0.0,0.81
v16,conservative,long,stock,10,20,2023,40,40,-1.368,-2.19,-8.418,-8.931,-1.349,-1.35,-1.858,-1.368,0.397,10.0,400,398,0.995,0,398,0,0,0,0,2,0,0,0,0,0,0.053,0.0,0.759
v16,conservative,long,stock,10,20,2024,51,51,-0.91,-1.3,-7.141,-7.863,-0.866,-0.864,-1.677,-0.91,0.446,10,510,506,0.9922,0,506,0,0,0,0,4,0,0,0,0,0,0.045,0.0,0.768
v16,conservative,long,stock,10,20,2025,50,50,-1.111,-1.63,-9.667,-10.181,-1.124,-1.108,-2.321,-0.989,0.42,10.0,489,483,0.9877,11,483,0,0,0,0,6,0,0,0,0,3,0.134,0.0,0.82
v16,conservative,long,stock,10,20,2026,32,32,-1.923,-1.99,-9.256,-9.56,-1.88,-1.872,-2.825,-1.923,0.376,10.0,320,317,0.9906,0,317,0,0,0,0,3,0,0,0,0,0,0.097,0.0,0.794
v16,conservative,long,stock,10,63,ALL,165,165,-2.934,-2.72,-18.975,-22.648,-2.895,-2.872,-5.398,-2.995,0.369,10,1639,1599,0.9756,11,1595,0,0,4,0,38,2,0,0,0,3,0.082,0.0,0.785
v16,conservative,long,stock,10,63,P1,91,91,-2.698,-2.96,-14.183,-18.487,-2.692,-2.616,-4.367,-2.698,0.369,10,910,895,0.9835,0,892,0,0,3,0,15,0,0,0,0,0,0.048,0.0,0.766
v16,conservative,long,stock,10,63,P2,74,74,-3.225,-1.52,-20.676,-22.648,-3.144,-3.186,-6.665,-3.361,0.368,10.0,729,704,0.9657,11,703,0,0,1,0,23,2,0,0,0,3,0.123,0.0,0.81
v16,conservative,long,stock,10,63,2023,40,40,-3.8,-3.72,-16.878,-18.487,-3.825,-3.673,-6.341,-3.8,0.317,10.0,400,390,0.975,0,387,0,0,3,0,10,0,0,0,0,0,0.053,0.0,0.759
v16,conservative,long,stock,10,63,2024,51,51,-1.834,-1.44,-12.387,-12.465,-1.803,-1.786,-2.818,-1.834,0.41,10,510,505,0.9902,0,505,0,0,0,0,5,0,0,0,0,0,0.045,0.0,0.768
v16,conservative,long,stock,10,63,2025,50,50,-1.884,-0.72,-19.495,-20.6,-1.848,-1.896,-5.171,-2.085,0.409,10.0,489,473,0.9673,11,473,0,0,0,0,16,0,0,0,0,3,0.134,0.0,0.82
v16,conservative,long,stock,10,63,2026,24,24,-6.018,-2.37,-21.15,-22.648,-5.846,-5.874,-9.777,-6.018,0.281,10.0,240,231,0.9625,0,230,0,0,1,0,7,2,0,0,0,0,0.1,0.0,0.787
v16,conservative,long,stock,20,5,ALL,176,176,-0.28,-2.19,-4.278,-8.506,-0.278,-0.279,-0.45,-0.255,0.456,20.0,3419,3413,0.9982,101,3413,0,0,0,0,5,1,0,0,0,18,0.095,0.0,0.773
v16,conservative,long,stock,20,5,P1,91,91,-0.288,-1.84,-4.053,-4.349,-0.283,-0.286,-0.451,-0.287,0.458,20,1782,1779,0.9983,38,1779,0,0,0,0,3,0,0,0,0,11,0.071,0.0,0.764
v16,conservative,long,stock,20,5,P2,85,85,-0.271,-1.32,-4.243,-8.506,-0.272,-0.271,-0.448,-0.22,0.453,20,1637,1634,0.9982,63,1634,0,0,0,0,2,1,0,0,0,7,0.12,0.0,0.783
v16,conservative,long,stock,20,5,2023,40,40,-0.448,-2.16,-3.912,-4.106,-0.442,-0.446,-0.573,-0.455,0.445,20.0,767,766,0.9987,33,766,0,0,0,0,1,0,0,0,0,9,0.081,0.0,0.764
v16,conservative,long,stock,20,5,2024,51,51,-0.163,-0.72,-4.147,-4.349,-0.159,-0.16,-0.356,-0.154,0.469,20,1015,1013,0.998,5,1013,0,0,0,0,2,0,0,0,0,2,0.064,0.0,0.761
v16,conservative,long,stock,20,5,2025,50,50,-0.307,-1.25,-4.581,-8.506,-0.311,-0.308,-0.511,-0.205,0.449,20.0,944,942,0.9979,56,942,0,0,0,0,2,0,0,0,0,6,0.14,0.0,0.79
v16,conservative,long,stock,20,5,2026,35,35,-0.219,-0.62,-3.336,-3.411,-0.215,-0.218,-0.359,-0.242,0.458,20,693,692,0.9986,7,692,0,0,0,0,0,1,0,0,0,1,0.092,0.0,0.771
v16,conservative,long,stock,20,20,ALL,173,173,-1.28,-3.44,-9.383,-10.599,-1.259,-1.253,-2.283,-1.258,0.417,20,3359,3324,0.9896,101,3324,0,0,0,0,34,1,0,0,0,18,0.096,0.0,0.774
v16,conservative,long,stock,20,20,P1,91,91,-1.079,-2.32,-7.42,-7.551,-1.051,-1.05,-1.847,-1.126,0.421,20,1782,1768,0.9921,38,1768,0,0,0,0,14,0,0,0,0,11,0.071,0.0,0.764
v16,conservative,long,stock,20,20,P2,82,82,-1.504,-2.56,-10.125,-10.599,-1.491,-1.479,-2.768,-1.404,0.412,20.0,1577,1556,0.9867,63,1556,0,0,0,0,20,1,0,0,0,7,0.124,0.0,0.785
v16,conservative,long,stock,20,20,2023,40,40,-1.279,-2.21,-7.55,-7.551,-1.257,-1.263,-2.039,-1.388,0.4,20.0,767,761,0.9922,33,761,0,0,0,0,6,0,0,0,0,9,0.081,0.0,0.764
v16,conservative,long,stock,20,20,2024,51,51,-0.922,-1.33,-7.333,-7.513,-0.889,-0.883,-1.697,-0.919,0.437,20,1015,1007,0.9921,5,1007,0,0,0,0,8,0,0,0,0,2,0.064,0.0,0.761
v16,conservative,long,stock,20,20,2025,50,50,-1.319,-1.93,-10.092,-10.471,-1.332,-1.32,-2.714,-1.151,0.423,20.0,944,930,0.9852,56,930,0,0,0,0,14,0,0,0,0,6,0.14,0.0,0.79
v16,conservative,long,stock,20,20,2026,32,32,-1.794,-1.76,-10.174,-10.599,-1.74,-1.728,-2.852,-1.8,0.395,20.0,633,626,0.9889,7,626,0,0,0,0,6,1,0,0,0,1,0.099,0.0,0.774
v16,conservative,long,stock,20,63,ALL,165,165,-2.989,-3.04,-17.3,-19.864,-2.965,-2.922,-5.637,-3.131,0.374,20,3199,3114,0.9734,101,3110,0,0,4,0,82,3,0,0,0,18,0.097,0.0,0.774
v16,conservative,long,stock,20,63,P1,91,91,-2.787,-3.36,-13.256,-16.772,-2.776,-2.716,-4.605,-2.847,0.372,20,1782,1750,0.982,38,1747,0,0,3,0,32,0,0,0,0,11,0.071,0.0,0.764
v16,conservative,long,stock,20,63,P2,74,74,-3.237,-1.68,-18.134,-19.864,-3.197,-3.175,-6.906,-3.479,0.376,20.0,1417,1364,0.9626,63,1363,0,0,1,0,50,3,0,0,0,7,0.129,0.0,0.787
v16,conservative,long,stock,20,63,2023,40,40,-3.447,-4.68,-14.638,-16.772,-3.466,-3.355,-6.062,-3.588,0.335,20.0,767,747,0.9739,33,744,0,0,3,0,20,0,0,0,0,9,0.081,0.0,0.764
v16,conservative,long,stock,20,63,2024,51,51,-2.27,-1.73,-12.334,-13.836,-2.235,-2.215,-3.463,-2.266,0.401,20,1015,1003,0.9882,5,1003,0,0,0,0,12,0,0,0,0,2,0.064,0.0,0.761
v16,conservative,long,stock,20,63,2025,50,50,-1.982,-0.83,-17.025,-17.144,-2.005,-1.984,-5.39,-2.324,0.413,20.0,944,911,0.965,56,911,0,0,0,0,33,0,0,0,0,6,0.14,0.0,0.79
v16,conservative,long,stock,20,63,2026,24,24,-5.852,-2.68,-19.174,-19.864,-5.681,-5.655,-10.064,-5.887,0.297,20.0,473,453,0.9577,7,452,0,0,1,0,17,3,0,0,0,1,0.108,0.0,0.776
v16,conservative,mid,mixed,10,5,ALL,176,176,-0.291,-2.09,-4.306,-6.517,-0.289,-0.287,-0.46,-0.263,0.45,10.0,1752,1749,0.9983,8,1749,0,0,0,0,3,0,0,0,0,2,0.074,0.0,0.791
v16,conservative,mid,mixed,10,5,P1,91,91,-0.308,-1.84,-3.956,-4.495,-0.304,-0.303,-0.415,-0.308,0.455,10,910,909,0.9989,0,909,0,0,0,0,1,0,0,0,0,0,0.04,0.0,0.779
v16,conservative,mid,mixed,10,5,P2,85,85,-0.273,-1.21,-4.448,-6.517,-0.273,-0.27,-0.508,-0.215,0.445,10,842,840,0.9976,8,840,0,0,0,0,2,0,0,0,0,2,0.11,0.0,0.806
v16,conservative,mid,mixed,10,5,2023,40,40,-0.469,-2.13,-3.872,-4.075,-0.469,-0.469,-0.469,-0.469,0.443,10.0,400,400,1.0,0,400,0,0,0,0,0,0,0,0,0,0,0.037,0.0,0.777
v16,conservative,mid,mixed,10,5,2024,51,51,-0.182,-0.75,-3.977,-4.495,-0.175,-0.173,-0.372,-0.182,0.465,10,510,509,0.998,0,509,0,0,0,0,1,0,0,0,0,0,0.042,0.0,0.778
v16,conservative,mid,mixed,10,5,2025,50,50,-0.319,-1.13,-4.732,-6.517,-0.319,-0.313,-0.718,-0.22,0.438,10.0,492,490,0.9959,8,490,0,0,0,0,2,0,0,0,0,2,0.127,0.0,0.824
v16,conservative,mid,mixed,10,5,2026,35,35,-0.208,-0.56,-4.024,-4.775,-0.208,-0.208,-0.208,-0.208,0.454,10,350,350,1.0,0,350,0,0,0,0,0,0,0,0,0,0,0.086,0.0,0.779
v16,conservative,mid,mixed,10,20,ALL,173,173,-1.352,-3.63,-8.737,-9.563,-1.324,-1.315,-2.262,-1.294,0.392,10,1722,1706,0.9907,8,1706,0,0,0,0,16,0,0,0,0,2,0.075,0.0,0.793
v16,conservative,mid,mixed,10,20,P1,91,91,-1.249,-2.55,-7.776,-8.54,-1.211,-1.206,-2.004,-1.249,0.395,10,910,903,0.9923,0,903,0,0,0,0,7,0,0,0,0,0,0.04,0.0,0.779
v16,conservative,mid,mixed,10,20,P2,82,82,-1.466,-2.59,-9.22,-9.563,-1.449,-1.437,-2.548,-1.344,0.389,10.0,812,803,0.9889,8,803,0,0,0,0,9,0,0,0,0,2,0.113,0.0,0.81
v16,conservative,mid,mixed,10,20,2023,40,40,-1.479,-2.35,-7.912,-8.008,-1.449,-1.442,-2.218,-1.479,0.369,10.0,400,397,0.9925,0,397,0,0,0,0,3,0,0,0,0,0,0.037,0.0,0.777
v16,conservative,mid,mixed,10,20,2024,51,51,-1.068,-1.47,-7.508,-8.54,-1.025,-1.022,-1.836,-1.068,0.414,10,510,506,0.9922,0,506,0,0,0,0,4,0,0,0,0,0,0.042,0.0,0.778
v16,conservative,mid,mixed,10,20,2025,50,50,-1.247,-1.85,-9.143,-9.563,-1.247,-1.231,-2.444,-1.047,0.396,10.0,492,486,0.9878,8,486,0,0,0,0,6,0,0,0,0,2,0.127,0.0,0.824
v16,conservative,mid,mixed,10,20,2026,32,32,-1.809,-1.86,-9.336,-9.56,-1.766,-1.757,-2.711,-1.809,0.379,10.0,320,317,0.9906,0,317,0,0,0,0,3,0,0,0,0,0,0.091,0.0,0.787
v16,conservative,mid,mixed,10,63,ALL,165,165,-3.283,-2.94,-19.24,-22.648,-3.238,-3.211,-5.5,-3.284,0.346,10,1642,1606,0.9781,8,1603,0,0,3,0,34,2,0,0,0,2,0.074,0.0,0.791
v16,conservative,mid,mixed,10,63,P1,91,91,-3.164,-3.29,-14.184,-18.487,-3.147,-3.076,-4.495,-3.164,0.339,10,910,898,0.9868,0,896,0,0,2,0,12,0,0,0,0,0,0.04,0.0,0.779
v16,conservative,mid,mixed,10,63,P2,74,74,-3.43,-1.58,-20.38,-22.648,-3.35,-3.376,-6.736,-3.432,0.356,10.0,732,708,0.9672,8,707,0,0,1,0,22,2,0,0,0,2,0.116,0.0,0.808
v16,conservative,mid,mixed,10,63,2023,40,40,-4.463,-4.29,-16.585,-18.487,-4.487,-4.328,-6.502,-4.463,0.282,10.0,400,392,0.98,0,390,0,0,2,0,8,0,0,0,0,0,0.037,0.0,0.777
v16,conservative,mid,mixed,10,63,2024,51,51,-2.145,-1.61,-12.477,-13.092,-2.096,-2.094,-2.921,-2.145,0.384,10,510,506,0.9922,0,506,0,0,0,0,4,0,0,0,0,0,0.042,0.0,0.778
v16,conservative,mid,mixed,10,63,2025,50,50,-2.195,-0.79,-19.206,-19.802,-2.155,-2.179,-5.278,-2.199,0.396,10.0,492,477,0.9695,8,477,0,0,0,0,15,0,0,0,0,2,0.127,0.0,0.824
v16,conservative,mid,mixed,10,63,2026,24,24,-6.001,-2.4,-21.15,-22.648,-5.841,-5.869,-9.772,-6.001,0.272,10.0,240,231,0.9625,0,230,0,0,1,0,7,2,0,0,0,0,0.092,0.0,0.774
v16,conservative,mid,mixed,20,5,ALL,176,176,-0.311,-2.47,-4.218,-8.012,-0.31,-0.31,-0.453,-0.284,0.445,20.0,3383,3378,0.9985,137,3378,0,0,0,0,4,1,0,0,0,26,0.087,0.0,0.768
v16,conservative,mid,mixed,20,5,P1,91,91,-0.331,-2.2,-3.87,-4.473,-0.329,-0.329,-0.439,-0.333,0.443,20,1753,1751,0.9989,67,1751,0,0,0,0,2,0,0,0,0,16,0.063,0.0,0.753
v16,conservative,mid,mixed,20,5,P2,85,85,-0.29,-1.41,-4.333,-8.012,-0.29,-0.289,-0.467,-0.23,0.447,20,1630,1627,0.9982,70,1627,0,0,0,0,2,1,0,0,0,10,0.113,0.0,0.784
v16,conservative,mid,mixed,20,5,2023,40,40,-0.421,-2.23,-3.544,-3.567,-0.421,-0.421,-0.421,-0.433,0.434,20.0,747,747,1.0,53,747,0,0,0,0,0,0,0,0,0,12,0.064,0.0,0.742
v16,conservative,mid,mixed,20,5,2024,51,51,-0.26,-1.17,-4.088,-4.473,-0.256,-0.257,-0.453,-0.255,0.45,20,1006,1004,0.998,14,1004,0,0,0,0,2,0,0,0,0,4,0.062,0.0,0.758
v16,conservative,mid,mixed,20,5,2025,50,50,-0.358,-1.47,-4.434,-8.012,-0.36,-0.357,-0.559,-0.248,0.443,20.0,941,939,0.9979,59,939,0,0,0,0,2,0,0,0,0,8,0.134,0.0,0.786
v16,conservative,mid,mixed,20,5,2026,35,35,-0.194,-0.54,-3.689,-3.756,-0.191,-0.193,-0.335,-0.206,0.453,20,689,688,0.9985,11,688,0,0,0,0,0,1,0,0,0,2,0.083,0.0,0.779
v16,conservative,mid,mixed,20,20,ALL,173,173,-1.309,-3.57,-8.993,-10.033,-1.297,-1.286,-2.113,-1.287,0.394,20,3323,3295,0.9916,137,3295,0,0,0,0,27,1,0,0,0,26,0.088,0.0,0.769
v16,conservative,mid,mixed,20,20,P1,91,91,-1.156,-2.58,-7.101,-7.501,-1.136,-1.136,-1.705,-1.217,0.387,20,1753,1743,0.9943,67,1743,0,0,0,0,10,0,0,0,0,16,0.063,0.0,0.753
v16,conservative,mid,mixed,20,20,P2,82,82,-1.479,-2.51,-9.538,-10.033,-1.475,-1.453,-2.567,-1.365,0.402,20.0,1570,1552,0.9885,70,1552,0,0,0,0,17,1,0,0,0,10,0.117,0.0,0.786
v16,conservative,mid,mixed,20,20,2023,40,40,-1.265,-2.33,-6.944,-7.342,-1.253,-1.255,-1.771,-1.39,0.37,20.0,747,743,0.9946,53,743,0,0,0,0,4,0,0,0,0,12,0.064,0.0,0.742
v16,conservative,mid,mixed,20,20,2024,51,51,-1.07,-1.58,-7.206,-7.501,-1.045,-1.042,-1.652,-1.08,0.401,20,1006,1000,0.994,14,1000,0,0,0,0,6,0,0,0,0,4,0.062,0.0,0.758
v16,conservative,mid,mixed,20,20,2025,50,50,-1.287,-1.87,-9.468,-9.645,-1.306,-1.284,-2.484,-1.074,0.41,20.0,941,929,0.9872,59,929,0,0,0,0,12,0,0,0,0,8,0.134,0.0,0.786
v16,conservative,mid,mixed,20,20,2026,32,32,-1.779,-1.74,-9.643,-10.033,-1.739,-1.718,-2.696,-1.82,0.389,20.0,629,623,0.9905,11,623,0,0,0,0,5,1,0,0,0,2,0.089,0.0,0.784
v16,conservative,mid,mixed,20,63,ALL,165,165,-3.217,-3.14,-16.737,-19.07,-3.193,-3.148,-5.513,-3.33,0.352,20,3163,3089,0.9766,137,3085,0,0,4,0,70,4,0,0,0,26,0.09,0.0,0.768
v16,conservative,mid,mixed,20,63,P1,91,91,-3.122,-3.61,-12.961,-15.733,-3.108,-3.052,-4.524,-3.218,0.344,20,1753,1728,0.9857,67,1725,0,0,3,0,25,0,0,0,0,16,0.063,0.0,0.753
v16,conservative,mid,mixed,20,63,P2,74,74,-3.335,-1.67,-18.201,-19.07,-3.297,-3.265,-6.728,-3.468,0.362,20.0,1410,1361,0.9652,70,1360,0,0,1,0,45,4,0,0,0,10,0.123,0.0,0.787
v16,conservative,mid,mixed,20,63,2023,40,40,-3.893,-4.22,-13.777,-15.733,-3.915,-3.802,-5.956,-4.076,0.304,20.0,747,731,0.9786,53,728,0,0,3,0,16,0,0,0,0,12,0.064,0.0,0.742
v16,conservative,mid,mixed,20,63,2024,51,51,-2.517,-1.92,-12.417,-13.5,-2.475,-2.464,-3.401,-2.545,0.376,20,1006,997,0.9911,14,997,0,0,0,0,9,0,0,0,0,4,0.062,0.0,0.758
v16,conservative,mid,mixed,20,63,2025,50,50,-2.117,-0.84,-16.949,-18.801,-2.122,-2.1,-5.113,-2.249,0.402,20.0,941,912,0.9692,59,912,0,0,0,0,29,0,0,0,0,8,0.134,0.0,0.786
v16,conservative,mid,mixed,20,63,2026,24,24,-5.874,-2.73,-18.314,-19.07,-5.743,-5.692,-10.093,-6.006,0.279,20.0,469,449,0.9574,11,448,0,0,1,0,16,4,0,0,0,2,0.098,0.0,0.785
v16,conservative,mid,stock,10,5,ALL,176,176,-0.295,-2.04,-4.613,-8.307,-0.295,-0.293,-0.466,-0.256,0.457,10.0,1744,1741,0.9983,16,1741,0,0,0,0,3,0,0,0,0,4,0.081,0.0,0.787
v16,conservative,mid,stock,10,5,P1,91,91,-0.354,-2.02,-4.152,-4.619,-0.35,-0.349,-0.46,-0.352,0.46,10,908,907,0.9989,2,907,0,0,0,0,1,0,0,0,0,1,0.051,0.0,0.769
v16,conservative,mid,stock,10,5,P2,85,85,-0.231,-0.99,-4.806,-8.307,-0.236,-0.233,-0.472,-0.153,0.453,10,836,834,0.9976,14,834,0,0,0,0,2,0,0,0,0,3,0.114,0.0,0.808
v16,conservative,mid,stock,10,5,2023,40,40,-0.49,-2.03,-3.988,-4.075,-0.49,-0.49,-0.49,-0.486,0.45,10.0,398,398,1.0,2,398,0,0,0,0,0,0,0,0,0,1,0.055,0.0,0.759
v16,conservative,mid,stock,10,5,2024,51,51,-0.247,-1.0,-4.173,-4.619,-0.24,-0.238,-0.438,-0.247,0.469,10,510,509,0.998,0,509,0,0,0,0,1,0,0,0,0,0,0.047,0.0,0.776
v16,conservative,mid,stock,10,5,2025,50,50,-0.242,-0.82,-5.328,-8.307,-0.25,-0.245,-0.65,-0.108,0.452,10.0,486,484,0.9959,14,484,0,0,0,0,2,0,0,0,0,3,0.13,0.0,0.822
v16,conservative,mid,stock,10,5,2026,35,35,-0.216,-0.57,-4.024,-4.775,-0.216,-0.216,-0.216,-0.216,0.454,10,350,350,1.0,0,350,0,0,0,0,0,0,0,0,0,0,0.091,0.0,0.788
v16,conservative,mid,stock,10,20,ALL,173,173,-1.259,-3.35,-9.177,-10.181,-1.235,-1.226,-2.173,-1.191,0.415,10,1714,1698,0.9907,16,1698,0,0,0,0,16,0,0,0,0,4,0.082,0.0,0.789
v16,conservative,mid,stock,10,20,P1,91,91,-1.184,-2.37,-8.477,-9.344,-1.146,-1.142,-1.939,-1.172,0.422,10,908,901,0.9923,2,901,0,0,0,0,7,0,0,0,0,1,0.051,0.0,0.769
v16,conservative,mid,stock,10,20,P2,82,82,-1.343,-2.37,-9.388,-10.181,-1.333,-1.32,-2.432,-1.213,0.407,10.0,806,797,0.9888,14,797,0,0,0,0,9,0,0,0,0,3,0.117,0.0,0.812
v16,conservative,mid,stock,10,20,2023,40,40,-1.521,-2.28,-9.138,-9.344,-1.491,-1.484,-2.26,-1.495,0.383,10.0,398,395,0.9925,2,395,0,0,0,0,3,0,0,0,0,1,0.055,0.0,0.759
v16,conservative,mid,stock,10,20,2024,51,51,-0.92,-1.28,-7.508,-8.54,-0.876,-0.873,-1.687,-0.92,0.452,10,510,506,0.9922,0,506,0,0,0,0,4,0,0,0,0,0,0.047,0.0,0.776
v16,conservative,mid,stock,10,20,2025,50,50,-1.098,-1.65,-9.477,-10.181,-1.11,-1.094,-2.307,-0.885,0.417,10.0,486,480,0.9877,14,480,0,0,0,0,6,0,0,0,0,3,0.13,0.0,0.822
v16,conservative,mid,stock,10,20,2026,32,32,-1.725,-1.75,-9.256,-9.56,-1.682,-1.674,-2.627,-1.725,0.392,10.0,320,317,0.9906,0,317,0,0,0,0,3,0,0,0,0,0,0.097,0.0,0.797
v16,conservative,mid,stock,10,63,ALL,165,165,-2.967,-2.76,-18.923,-22.648,-2.923,-2.896,-5.314,-3.013,0.371,10,1634,1596,0.9767,16,1593,0,0,3,0,36,2,0,0,0,4,0.082,0.0,0.788
v16,conservative,mid,stock,10,63,P1,91,91,-2.804,-3.02,-14.402,-18.487,-2.771,-2.702,-4.354,-2.796,0.369,10,908,894,0.9846,2,892,0,0,2,0,14,0,0,0,0,1,0.051,0.0,0.769
v16,conservative,mid,stock,10,63,P2,74,74,-3.168,-1.51,-20.676,-22.648,-3.109,-3.135,-6.495,-3.28,0.373,10.0,726,702,0.9669,14,701,0,0,1,0,22,2,0,0,0,3,0.12,0.0,0.812
v16,conservative,mid,stock,10,63,2023,40,40,-4.006,-4.08,-16.585,-18.487,-3.993,-3.839,-6.543,-3.988,0.313,10.0,398,388,0.9749,2,386,0,0,2,0,10,0,0,0,0,1,0.055,0.0,0.759
v16,conservative,mid,stock,10,63,2024,51,51,-1.861,-1.43,-12.477,-13.092,-1.813,-1.811,-2.638,-1.861,0.413,10,510,506,0.9922,0,506,0,0,0,0,4,0,0,0,0,0,0.047,0.0,0.776
v16,conservative,mid,stock,10,63,2025,50,50,-1.814,-0.69,-19.495,-20.6,-1.802,-1.827,-4.926,-1.98,0.416,10.0,486,471,0.9691,14,471,0,0,0,0,15,0,0,0,0,3,0.13,0.0,0.822
v16,conservative,mid,stock,10,63,2026,24,24,-5.988,-2.39,-21.15,-22.648,-5.832,-5.86,-9.763,-5.988,0.285,10.0,240,231,0.9625,0,230,0,0,1,0,7,2,0,0,0,0,0.1,0.0,0.791
v16,conservative,mid,stock,20,5,ALL,176,176,-0.292,-2.27,-4.337,-8.506,-0.291,-0.291,-0.433,-0.243,0.457,20.0,3327,3322,0.9985,193,3322,0,0,0,0,4,1,0,0,0,35,0.088,0.0,0.775
v16,conservative,mid,stock,20,5,P1,91,91,-0.31,-2.03,-3.988,-4.523,-0.307,-0.308,-0.418,-0.306,0.458,20,1713,1711,0.9988,107,1711,0,0,0,0,2,0,0,0,0,22,0.064,0.0,0.764
v16,conservative,mid,stock,20,5,P2,85,85,-0.272,-1.3,-4.43,-8.506,-0.273,-0.272,-0.45,-0.176,0.455,20,1614,1611,0.9981,86,1611,0,0,0,0,2,1,0,0,0,13,0.114,0.0,0.786
v16,conservative,mid,stock,20,5,2023,40,40,-0.456,-2.33,-3.813,-4.106,-0.456,-0.456,-0.456,-0.479,0.445,20.0,713,713,1.0,87,713,0,0,0,0,0,0,0,0,0,17,0.064,0.0,0.764
v16,conservative,mid,stock,20,5,2024,51,51,-0.195,-0.87,-4.105,-4.523,-0.191,-0.191,-0.388,-0.17,0.469,20,1000,998,0.998,20,998,0,0,0,0,2,0,0,0,0,5,0.064,0.0,0.763
v16,conservative,mid,stock,20,5,2025,50,50,-0.323,-1.29,-4.598,-8.506,-0.326,-0.324,-0.526,-0.151,0.455,20.0,925,923,0.9978,75,923,0,0,0,0,2,0,0,0,0,11,0.135,0.0,0.789
v16,conservative,mid,stock,20,5,2026,35,35,-0.2,-0.55,-3.689,-3.756,-0.197,-0.2,-0.341,-0.212,0.455,20,689,688,0.9985,11,688,0,0,0,0,0,1,0,0,0,2,0.085,0.0,0.779
v16,conservative,mid,stock,20,20,ALL,173,173,-1.227,-3.31,-9.257,-10.443,-1.215,-1.205,-2.089,-1.186,0.417,20,3267,3237,0.9908,193,3237,0,0,0,0,29,1,0,0,0,35,0.089,0.0,0.775
v16,conservative,mid,stock,20,20,P1,91,91,-0.991,-2.21,-7.425,-7.954,-0.973,-0.969,-1.595,-1.042,0.423,20,1713,1702,0.9936,107,1702,0,0,0,0,11,0,0,0,0,22,0.064,0.0,0.764
v16,conservative,mid,stock,20,20,P2,82,82,-1.489,-2.49,-9.891,-10.443,-1.483,-1.466,-2.637,-1.346,0.411,20.0,1554,1535,0.9878,86,1535,0,0,0,0,18,1,0,0,0,13,0.118,0.0,0.788
v16,conservative,mid,stock,20,20,2023,40,40,-1.221,-2.24,-7.753,-7.954,-1.209,-1.211,-1.728,-1.328,0.4,20.0,713,709,0.9944,87,709,0,0,0,0,4,0,0,0,0,17,0.064,0.0,0.764
v16,conservative,mid,stock,20,20,2024,51,51,-0.811,-1.2,-7.206,-7.501,-0.788,-0.779,-1.491,-0.817,0.442,20,1000,993,0.993,20,993,0,0,0,0,7,0,0,0,0,5,0.064,0.0,0.763
v16,conservative,mid,stock,20,20,2025,50,50,-1.325,-1.93,-10.025,-10.443,-1.34,-1.326,-2.62,-1.064,0.422,20.0,925,912,0.9859,75,912,0,0,0,0,13,0,0,0,0,11,0.135,0.0,0.789
v16,conservative,mid,stock,20,20,2026,32,32,-1.747,-1.67,-9.69,-10.127,-1.706,-1.685,-2.663,-1.787,0.394,20.0,629,623,0.9905,11,623,0,0,0,0,5,1,0,0,0,2,0.092,0.0,0.784
v16,conservative,mid,stock,20,63,ALL,165,165,-2.93,-2.96,-16.902,-19.019,-2.922,-2.867,-5.361,-3.086,0.372,20,3107,3029,0.9749,193,3025,0,0,4,0,74,4,0,0,0,35,0.09,0.0,0.775
v16,conservative,mid,stock,20,63,P1,91,91,-2.686,-3.32,-12.834,-15.733,-2.682,-2.622,-4.154,-2.779,0.372,20,1713,1687,0.9848,107,1684,0,0,3,0,26,0,0,0,0,22,0.064,0.0,0.764
v16,conservative,mid,stock,20,63,P2,74,74,-3.23,-1.66,-17.783,-19.019,-3.218,-3.168,-6.845,-3.463,0.372,20.0,1394,1342,0.9627,86,1341,0,0,1,0,48,4,0,0,0,13,0.123,0.0,0.789
v16,conservative,mid,stock,20,63,2023,40,40,-3.375,-5.09,-14.106,-15.733,-3.409,-3.296,-5.45,-3.552,0.334,20.0,713,697,0.9776,87,694,0,0,3,0,16,0,0,0,0,17,0.064,0.0,0.764
v16,conservative,mid,stock,20,63,2024,51,51,-2.145,-1.66,-11.985,-13.5,-2.111,-2.093,-3.137,-2.173,0.403,20,1000,990,0.99,20,990,0,0,0,0,10,0,0,0,0,5,0.064,0.0,0.763
v16,conservative,mid,stock,20,63,2025,50,50,-2.023,-0.83,-17.022,-17.179,-2.07,-2.034,-5.246,-2.304,0.409,20.0,925,894,0.9665,75,894,0,0,0,0,31,0,0,0,0,11,0.135,0.0,0.789
v16,conservative,mid,stock,20,63,2026,24,24,-5.746,-2.61,-18.289,-19.019,-5.612,-5.531,-10.175,-5.878,0.295,20.0,469,448,0.9552,11,447,0,0,1,0,17,4,0,0,0,2,0.099,0.0,0.787
v16,conservative,short,mixed,10,5,ALL,176,176,-0.341,-2.44,-4.331,-6.706,-0.339,-0.337,-0.51,-0.333,0.44,10.0,1735,1732,0.9983,25,1732,0,0,0,0,3,0,0,0,0,6,0.071,0.0,0.79
v16,conservative,short,mixed,10,5,P1,91,91,-0.345,-2.1,-3.847,-4.495,-0.341,-0.34,-0.452,-0.342,0.446,10,907,906,0.9989,3,906,0,0,0,0,1,0,0,0,0,1,0.038,0.0,0.776
v16,conservative,short,mixed,10,5,P2,85,85,-0.337,-1.46,-4.63,-6.706,-0.337,-0.334,-0.572,-0.323,0.433,10,828,826,0.9976,22,826,0,0,0,0,2,0,0,0,0,5,0.105,0.0,0.806
v16,conservative,short,mixed,10,5,2023,40,40,-0.433,-2.0,-3.652,-3.855,-0.433,-0.433,-0.433,-0.427,0.454,10.0,397,397,1.0,3,397,0,0,0,0,0,0,0,0,0,1,0.041,0.0,0.769
v16,conservative,short,mixed,10,5,2024,51,51,-0.276,-1.16,-3.977,-4.495,-0.268,-0.267,-0.466,-0.276,0.439,10,510,509,0.998,0,509,0,0,0,0,1,0,0,0,0,0,0.035,0.0,0.778
v16,conservative,short,mixed,10,5,2025,50,50,-0.45,-1.66,-4.626,-6.706,-0.45,-0.444,-0.85,-0.416,0.422,10.0,483,481,0.9959,17,481,0,0,0,0,2,0,0,0,0,4,0.119,0.0,0.82
v16,conservative,short,mixed,10,5,2026,35,35,-0.176,-0.44,-4.637,-4.997,-0.176,-0.176,-0.176,-0.189,0.449,10,345,345,1.0,5,345,0,0,0,0,0,0,0,0,0,1,0.086,0.0,0.785
v16,conservative,short,mixed,10,20,ALL,173,173,-1.378,-3.7,-8.91,-9.935,-1.358,-1.348,-2.239,-1.354,0.394,10,1705,1690,0.9912,25,1690,0,0,0,0,15,0,0,0,0,6,0.071,0.0,0.791
v16,conservative,short,mixed,10,20,P1,91,91,-1.143,-2.39,-7.577,-8.54,-1.106,-1.101,-1.899,-1.144,0.399,10,907,900,0.9923,3,900,0,0,0,0,7,0,0,0,0,1,0.038,0.0,0.776
v16,conservative,short,mixed,10,20,P2,82,82,-1.638,-2.85,-9.452,-9.935,-1.639,-1.621,-2.617,-1.586,0.388,10.0,798,790,0.99,22,790,0,0,0,0,8,0,0,0,0,5,0.108,0.0,0.809
v16,conservative,short,mixed,10,20,2023,40,40,-1.304,-1.98,-7.912,-8.008,-1.274,-1.267,-2.043,-1.307,0.38,10.0,397,394,0.9924,3,394,0,0,0,0,3,0,0,0,0,1,0.041,0.0,0.769
v16,conservative,short,mixed,10,20,2024,51,51,-1.017,-1.48,-7.354,-8.54,-0.974,-0.972,-1.785,-1.017,0.415,10,510,506,0.9922,0,506,0,0,0,0,4,0,0,0,0,0,0.035,0.0,0.778
v16,conservative,short,mixed,10,20,2025,50,50,-1.29,-1.82,-9.544,-9.935,-1.293,-1.282,-2.496,-1.185,0.405,10.0,483,477,0.9876,17,477,0,0,0,0,6,0,0,0,0,4,0.119,0.0,0.82
v16,conservative,short,mixed,10,20,2026,32,32,-2.181,-2.34,-9.314,-9.56,-2.179,-2.151,-2.804,-2.212,0.363,10.0,315,313,0.9937,5,313,0,0,0,0,2,0,0,0,0,1,0.091,0.0,0.79
v16,conservative,short,mixed,10,63,ALL,165,165,-3.3,-2.94,-18.912,-22.252,-3.276,-3.258,-5.216,-3.271,0.354,10,1625,1594,0.9809,25,1591,0,0,3,0,29,2,0,0,0,6,0.07,0.0,0.789
v16,conservative,short,mixed,10,63,P1,91,91,-3.168,-3.3,-13.529,-14.684,-3.151,-3.103,-4.391,-3.17,0.342,10,907,896,0.9879,3,894,0,0,2,0,11,0,0,0,0,1,0.038,0.0,0.776
v16,conservative,short,mixed,10,63,P2,74,74,-3.463,-1.59,-20.582,-22.252,-3.43,-3.448,-6.23,-3.395,0.369,10.0,718,698,0.9721,22,697,0,0,1,0,18,2,0,0,0,5,0.11,0.0,0.807
v16,conservative,short,mixed,10,63,2023,40,40,-4.273,-4.29,-13.962,-14.684,-4.302,-4.195,-6.072,-4.276,0.288,10.0,397,390,0.9824,3,388,0,0,2,0,7,0,0,0,0,1,0.041,0.0,0.769
v16,conservative,short,mixed,10,63,2024,51,51,-2.302,-1.63,-13.241,-14.187,-2.249,-2.246,-3.073,-2.302,0.384,10,510,506,0.9922,0,506,0,0,0,0,4,0,0,0,0,0,0.035,0.0,0.778
v16,conservative,short,mixed,10,63,2025,50,50,-2.13,-0.76,-19.874,-22.252,-2.101,-2.127,-4.59,-2.018,0.42,10.0,483,471,0.9752,17,471,0,0,0,0,12,0,0,0,0,4,0.119,0.0,0.82
v16,conservative,short,mixed,10,63,2026,24,24,-6.24,-2.55,-20.336,-21.019,-6.198,-6.201,-9.649,-6.262,0.264,10.0,235,227,0.966,5,226,0,0,1,0,6,2,0,0,0,1,0.092,0.0,0.778
v16,conservative,short,mixed,20,5,ALL,176,176,-0.321,-2.61,-4.162,-7.955,-0.32,-0.319,-0.434,-0.301,0.444,20.0,3258,3254,0.9988,262,3254,0,0,0,0,3,1,0,0,0,46,0.083,0.0,0.78
v16,conservative,short,mixed,20,5,P1,91,91,-0.355,-2.42,-3.705,-4.54,-0.353,-0.353,-0.408,-0.346,0.44,20,1692,1691,0.9994,128,1691,0,0,0,0,1,0,0,0,0,24,0.058,0.0,0.765
v16,conservative,short,mixed,20,5,P2,85,85,-0.285,-1.42,-4.352,-7.955,-0.284,-0.284,-0.461,-0.253,0.447,20,1566,1563,0.9981,134,1563,0,0,0,0,2,1,0,0,0,22,0.11,0.0,0.796
v16,conservative,short,mixed,20,5,2023,40,40,-0.422,-2.32,-3.37,-3.567,-0.422,-0.422,-0.422,-0.428,0.437,20.0,703,703,1.0,97,703,0,0,0,0,0,0,0,0,0,17,0.067,0.0,0.759
v16,conservative,short,mixed,20,5,2024,51,51,-0.302,-1.38,-3.928,-4.54,-0.299,-0.298,-0.398,-0.282,0.443,20,989,988,0.999,31,988,0,0,0,0,1,0,0,0,0,7,0.052,0.0,0.767
v16,conservative,short,mixed,20,5,2025,50,50,-0.342,-1.38,-4.601,-7.955,-0.344,-0.341,-0.544,-0.307,0.444,20.0,897,895,0.9978,103,895,0,0,0,0,2,0,0,0,0,16,0.128,0.0,0.799
v16,conservative,short,mixed,20,5,2026,35,35,-0.203,-0.61,-3.627,-3.841,-0.199,-0.202,-0.343,-0.175,0.452,20,669,668,0.9985,31,668,0,0,0,0,0,1,0,0,0,6,0.084,0.0,0.79
v16,conservative,short,mixed,20,20,ALL,173,173,-1.254,-3.53,-8.674,-10.834,-1.249,-1.237,-1.915,-1.299,0.395,20,3198,3175,0.9928,262,3174,0,0,1,0,23,0,0,0,0,46,0.084,0.0,0.781
v16,conservative,short,mixed,20,20,P1,91,91,-1.15,-2.61,-7.004,-7.72,-1.135,-1.131,-1.587,-1.258,0.385,20,1692,1684,0.9953,128,1684,0,0,0,0,8,0,0,0,0,24,0.058,0.0,0.765
v16,conservative,short,mixed,20,20,P2,82,82,-1.37,-2.42,-9.49,-10.834,-1.377,-1.355,-2.279,-1.343,0.406,20.0,1506,1491,0.99,134,1490,0,0,1,0,15,0,0,0,0,22,0.113,0.0,0.799
v16,conservative,short,mixed,20,20,2023,40,40,-1.273,-2.32,-7.134,-7.72,-1.266,-1.263,-1.651,-1.51,0.364,20.0,703,700,0.9957,97,700,0,0,0,0,3,0,0,0,0,17,0.067,0.0,0.759
v16,conservative,short,mixed,20,20,2024,51,51,-1.053,-1.59,-6.918,-7.501,-1.031,-1.028,-1.537,-1.061,0.402,20,989,984,0.9949,31,984,0,0,0,0,5,0,0,0,0,7,0.052,0.0,0.767
v16,conservative,short,mixed,20,20,2025,50,50,-1.172,-1.71,-9.38,-9.796,-1.189,-1.168,-2.267,-1.053,0.417,20.0,897,886,0.9877,103,886,0,0,0,0,11,0,0,0,0,16,0.128,0.0,0.799
v16,conservative,short,mixed,20,20,2026,32,32,-1.678,-1.79,-9.368,-10.834,-1.67,-1.646,-2.297,-1.797,0.39,20.0,609,605,0.9934,31,604,0,0,1,0,4,0,0,0,0,6,0.091,0.0,0.796
v16,conservative,short,mixed,20,63,ALL,165,165,-3.242,-3.26,-16.223,-19.9,-3.239,-3.193,-5.199,-3.424,0.352,20,3038,2975,0.9793,262,2970,0,0,5,0,59,4,0,0,0,46,0.085,0.0,0.781
v16,conservative,short,mixed,20,63,P1,91,91,-3.204,-3.73,-12.32,-13.824,-3.197,-3.153,-4.209,-3.394,0.341,20,1692,1674,0.9894,128,1671,0,0,3,0,18,0,0,0,0,24,0.058,0.0,0.765
v16,conservative,short,mixed,20,63,P2,74,74,-3.288,-1.71,-18.293,-19.9,-3.292,-3.242,-6.416,-3.462,0.366,20.0,1346,1301,0.9666,134,1299,0,0,2,0,41,4,0,0,0,22,0.117,0.0,0.8
v16,conservative,short,mixed,20,63,2023,40,40,-4.007,-4.32,-12.823,-13.824,-4.016,-3.929,-5.544,-4.436,0.293,20.0,703,691,0.9829,97,688,0,0,3,0,12,0,0,0,0,17,0.067,0.0,0.759
v16,conservative,short,mixed,20,63,2024,51,51,-2.573,-2.0,-11.985,-12.302,-2.554,-2.544,-3.162,-2.577,0.378,20,989,983,0.9939,31,983,0,0,0,0,6,0,0,0,0,7,0.052,0.0,0.767
v16,conservative,short,mixed,20,63,2025,50,50,-2.185,-0.88,-17.173,-18.801,-2.218,-2.175,-5.086,-2.323,0.408,20.0,897,869,0.9688,103,869,0,0,0,0,28,0,0,0,0,16,0.128,0.0,0.799
v16,conservative,short,mixed,20,63,2026,24,24,-5.587,-2.63,-18.372,-19.9,-5.528,-5.465,-9.186,-5.834,0.278,20.0,449,432,0.9621,31,430,0,0,2,0,13,4,0,0,0,6,0.096,0.0,0.798
v16,conservative,short,stock,10,5,ALL,176,176,-0.313,-2.17,-4.596,-8.307,-0.313,-0.311,-0.484,-0.283,0.453,10.0,1721,1718,0.9983,39,1718,0,0,0,0,3,0,0,0,0,9,0.078,0.0,0.795
v16,conservative,short,stock,10,5,P1,91,91,-0.351,-2.07,-4.004,-4.495,-0.347,-0.346,-0.458,-0.342,0.456,10,901,900,0.9989,9,900,0,0,0,0,1,0,0,0,0,3,0.047,0.0,0.779
v16,conservative,short,stock,10,5,P2,85,85,-0.272,-1.15,-4.951,-8.307,-0.277,-0.274,-0.512,-0.219,0.451,10,820,818,0.9976,30,818,0,0,0,0,2,0,0,0,0,6,0.11,0.0,0.814
v16,conservative,short,stock,10,5,2023,40,40,-0.434,-1.9,-3.878,-3.901,-0.434,-0.434,-0.434,-0.414,0.465,10.0,391,391,1.0,9,391,0,0,0,0,0,0,0,0,0,3,0.053,0.0,0.779
v16,conservative,short,stock,10,5,2024,51,51,-0.286,-1.18,-4.087,-4.495,-0.278,-0.277,-0.476,-0.286,0.449,10,510,509,0.998,0,509,0,0,0,0,1,0,0,0,0,0,0.043,0.0,0.778
v16,conservative,short,stock,10,5,2025,50,50,-0.336,-1.18,-5.16,-8.307,-0.346,-0.34,-0.745,-0.238,0.448,10.0,475,473,0.9958,25,473,0,0,0,0,2,0,0,0,0,5,0.123,0.0,0.829
v16,conservative,short,stock,10,5,2026,35,35,-0.179,-0.44,-4.637,-4.997,-0.179,-0.179,-0.179,-0.192,0.454,10,345,345,1.0,5,345,0,0,0,0,0,0,0,0,0,1,0.091,0.0,0.794
v16,conservative,short,stock,10,20,ALL,173,173,-1.268,-3.36,-9.298,-10.181,-1.253,-1.243,-2.134,-1.212,0.421,10,1691,1676,0.9911,39,1676,0,0,0,0,15,0,0,0,0,9,0.078,0.0,0.797
v16,conservative,short,stock,10,20,P1,91,91,-1.098,-2.24,-8.435,-9.344,-1.061,-1.056,-1.853,-1.076,0.426,10,901,894,0.9922,9,894,0,0,0,0,7,0,0,0,0,3,0.047,0.0,0.779
v16,conservative,short,stock,10,20,P2,82,82,-1.457,-2.52,-9.649,-10.181,-1.467,-1.45,-2.446,-1.364,0.415,10.0,790,782,0.9899,30,782,0,0,0,0,8,0,0,0,0,6,0.113,0.0,0.817
v16,conservative,short,stock,10,20,2023,40,40,-1.449,-2.11,-9.031,-9.344,-1.418,-1.411,-2.187,-1.4,0.391,10.0,391,388,0.9923,9,388,0,0,0,0,3,0,0,0,0,3,0.053,0.0,0.779
v16,conservative,short,stock,10,20,2024,51,51,-0.823,-1.2,-7.354,-8.54,-0.78,-0.778,-1.591,-0.823,0.454,10,510,506,0.9922,0,506,0,0,0,0,4,0,0,0,0,0,0.043,0.0,0.778
v16,conservative,short,stock,10,20,2025,50,50,-1.119,-1.62,-9.911,-10.181,-1.138,-1.127,-2.342,-0.946,0.439,10.0,475,469,0.9874,25,469,0,0,0,0,6,0,0,0,0,5,0.123,0.0,0.829
v16,conservative,short,stock,10,20,2026,32,32,-1.985,-2.02,-9.256,-9.56,-1.982,-1.954,-2.608,-2.016,0.376,10.0,315,313,0.9937,5,313,0,0,0,0,2,0,0,0,0,1,0.097,0.0,0.8
v16,conservative,short,stock,10,63,ALL,165,165,-2.823,-2.62,-18.527,-22.252,-2.804,-2.78,-4.997,-2.823,0.382,10,1611,1576,0.9783,39,1573,0,0,3,0,33,2,0,0,0,9,0.078,0.0,0.796
v16,conservative,short,stock,10,63,P1,91,91,-2.694,-2.96,-13.701,-14.684,-2.675,-2.606,-4.258,-2.672,0.376,10,901,887,0.9845,9,885,0,0,2,0,14,0,0,0,0,3,0.047,0.0,0.779
v16,conservative,short,stock,10,63,P2,74,74,-2.983,-1.41,-20.881,-22.252,-2.963,-2.993,-5.904,-3.008,0.389,10.0,710,689,0.9704,30,688,0,0,1,0,19,2,0,0,0,6,0.116,0.0,0.818
v16,conservative,short,stock,10,63,2023,40,40,-3.627,-4.18,-13.993,-14.684,-3.653,-3.499,-6.203,-3.577,0.329,10.0,391,381,0.9744,9,379,0,0,2,0,10,0,0,0,0,3,0.053,0.0,0.779
v16,conservative,short,stock,10,63,2024,51,51,-1.962,-1.41,-13.241,-14.187,-1.908,-1.906,-2.733,-1.962,0.413,10,510,506,0.9922,0,506,0,0,0,0,4,0,0,0,0,0,0.043,0.0,0.778
v16,conservative,short,stock,10,63,2025,50,50,-1.553,-0.59,-20.018,-22.252,-1.543,-1.587,-4.24,-1.581,0.44,10.0,475,462,0.9726,25,462,0,0,0,0,13,0,0,0,0,5,0.123,0.0,0.829
v16,conservative,short,stock,10,63,2026,24,24,-5.96,-2.35,-20.336,-21.019,-5.921,-5.923,-9.371,-5.982,0.281,10.0,235,227,0.966,5,226,0,0,1,0,6,2,0,0,0,1,0.1,0.0,0.796
v16,conservative,short,stock,20,5,ALL,176,176,-0.294,-2.42,-4.246,-8.506,-0.293,-0.293,-0.407,-0.244,0.459,20.0,3162,3158,0.9987,358,3158,0,0,0,0,3,1,0,0,0,60,0.084,0.0,0.788
v16,conservative,short,stock,20,5,P1,91,91,-0.321,-2.25,-3.79,-4.456,-0.319,-0.318,-0.374,-0.3,0.459,20,1634,1633,0.9994,186,1633,0,0,0,0,1,0,0,0,0,33,0.06,0.0,0.776
v16,conservative,short,stock,20,5,P2,85,85,-0.265,-1.33,-4.469,-8.506,-0.266,-0.265,-0.443,-0.184,0.459,20,1528,1525,0.998,172,1525,0,0,0,0,2,1,0,0,0,27,0.109,0.0,0.8
v16,conservative,short,stock,20,5,2023,40,40,-0.409,-2.2,-3.496,-3.819,-0.409,-0.409,-0.409,-0.42,0.454,18.0,652,652,1.0,148,652,0,0,0,0,0,0,0,0,0,25,0.064,0.0,0.78
v16,conservative,short,stock,20,5,2024,51,51,-0.251,-1.21,-3.9,-4.456,-0.248,-0.247,-0.347,-0.207,0.462,20,982,981,0.999,38,981,0,0,0,0,1,0,0,0,0,8,0.057,0.0,0.772
v16,conservative,short,stock,20,5,2025,50,50,-0.319,-1.28,-4.785,-8.506,-0.323,-0.32,-0.522,-0.193,0.46,20.0,867,865,0.9977,133,865,0,0,0,0,2,0,0,0,0,20,0.128,0.0,0.809
v16,conservative,short,stock,20,5,2026,35,35,-0.189,-0.57,-3.627,-3.841,-0.185,-0.188,-0.329,-0.17,0.459,20,661,660,0.9985,39,660,0,0,0,0,0,1,0,0,0,7,0.083,0.0,0.786
v16,conservative,short,stock,20,20,ALL,173,173,-1.125,-3.16,-8.939,-11.391,-1.124,-1.109,-1.817,-1.147,0.424,20,3102,3078,0.9923,358,3077,0,0,1,0,24,0,0,0,0,60,0.085,0.0,0.789
v16,conservative,short,stock,20,20,P1,91,91,-0.955,-2.18,-7.344,-8.05,-0.943,-0.935,-1.448,-1.06,0.424,20,1634,1625,0.9945,186,1625,0,0,0,0,9,0,0,0,0,33,0.06,0.0,0.776
v16,conservative,short,stock,20,20,P2,82,82,-1.314,-2.3,-9.816,-11.391,-1.325,-1.303,-2.227,-1.242,0.423,20.0,1468,1453,0.9898,172,1452,0,0,1,0,15,0,0,0,0,27,0.113,0.0,0.803
v16,conservative,short,stock,20,20,2023,40,40,-1.15,-2.07,-7.984,-8.05,-1.143,-1.14,-1.528,-1.374,0.403,18.0,652,649,0.9954,148,649,0,0,0,0,3,0,0,0,0,25,0.064,0.0,0.78
v16,conservative,short,stock,20,20,2024,51,51,-0.803,-1.24,-6.918,-7.501,-0.785,-0.775,-1.386,-0.814,0.441,20,982,976,0.9939,38,976,0,0,0,0,6,0,0,0,0,8,0.057,0.0,0.772
v16,conservative,short,stock,20,20,2025,50,50,-1.145,-1.63,-10.479,-11.391,-1.166,-1.145,-2.244,-0.945,0.439,20.0,867,856,0.9873,133,856,0,0,0,0,11,0,0,0,0,20,0.128,0.0,0.809
v16,conservative,short,stock,20,20,2026,32,32,-1.579,-1.71,-8.469,-9.037,-1.573,-1.549,-2.2,-1.707,0.399,20.0,601,597,0.9933,39,596,0,0,1,0,4,0,0,0,0,7,0.089,0.0,0.793
v16,conservative,short,stock,20,63,ALL,165,165,-2.804,-2.93,-16.262,-17.771,-2.812,-2.764,-4.802,-3.03,0.377,20,2942,2878,0.9782,358,2873,0,0,5,0,60,4,0,0,0,60,0.085,0.0,0.79
v16,conservative,short,stock,20,63,P1,91,91,-2.589,-3.3,-12.216,-13.824,-2.591,-2.543,-3.658,-2.79,0.376,20,1634,1615,0.9884,186,1612,0,0,3,0,19,0,0,0,0,33,0.06,0.0,0.776
v16,conservative,short,stock,20,63,P2,74,74,-3.068,-1.63,-17.331,-17.771,-3.084,-3.035,-6.209,-3.325,0.378,20.0,1308,1263,0.9656,172,1261,0,0,2,0,41,4,0,0,0,27,0.117,0.0,0.806
v16,conservative,short,stock,20,63,2023,40,40,-3.18,-4.56,-13.16,-13.824,-3.2,-3.112,-4.727,-3.631,0.334,18.0,652,640,0.9816,148,637,0,0,3,0,12,0,0,0,0,25,0.064,0.0,0.78
v16,conservative,short,stock,20,63,2024,51,51,-2.125,-1.7,-11.586,-12.302,-2.113,-2.096,-2.82,-2.13,0.41,20,982,975,0.9929,38,975,0,0,0,0,7,0,0,0,0,8,0.057,0.0,0.772
v16,conservative,short,stock,20,63,2025,50,50,-1.992,-0.82,-17.341,-17.771,-2.04,-1.997,-4.907,-2.229,0.418,20.0,867,839,0.9677,133,839,0,0,0,0,28,0,0,0,0,20,0.128,0.0,0.809
v16,conservative,short,stock,20,63,2026,24,24,-5.311,-2.54,-17.051,-17.258,-5.261,-5.199,-8.92,-5.61,0.293,20.0,441,424,0.9615,39,422,0,0,2,0,13,4,0,0,0,7,0.094,0.0,0.799
