comparison,metric,variant,profile,holding,period,days,days_removed,mean_diff_pct,nw_t,share_days_positive
level_mixed,slot,v16,conservative,5,ALL,176,0,-0.314,-2.53,0.426
level_mixed,slot,v16,conservative,5,P1,91,0,-0.332,-2.21,0.418
level_mixed,slot,v16,conservative,5,P2,85,0,-0.295,-1.47,0.435
level_mixed,slot_legacy,v16,conservative,5,ALL,176,0,-0.313,-2.52,0.426
level_mixed,slot_legacy,v16,conservative,5,P1,91,0,-0.329,-2.2,0.418
level_mixed,slot_legacy,v16,conservative,5,P2,85,0,-0.294,-1.47,0.435
level_mixed,slot_zero,v16,conservative,5,ALL,176,0,-0.312,-2.52,0.426
level_mixed,slot_zero,v16,conservative,5,P1,91,0,-0.33,-2.21,0.418
level_mixed,slot_zero,v16,conservative,5,P2,85,0,-0.294,-1.46,0.435
level_mixed,slot_loss,v16,conservative,5,ALL,176,0,-0.446,-3.14,0.415
level_mixed,slot_loss,v16,conservative,5,P1,91,0,-0.422,-2.41,0.407
level_mixed,slot_loss,v16,conservative,5,P2,85,0,-0.471,-2.08,0.424
level_mixed,slot,v16,conservative,20,ALL,173,0,-1.291,-3.56,0.382
level_mixed,slot,v16,conservative,20,P1,91,0,-1.15,-2.56,0.385
level_mixed,slot,v16,conservative,20,P2,82,0,-1.447,-2.5,0.378
level_mixed,slot_legacy,v16,conservative,20,ALL,173,0,-1.278,-3.55,0.382
level_mixed,slot_legacy,v16,conservative,20,P1,91,0,-1.13,-2.55,0.385
level_mixed,slot_legacy,v16,conservative,20,P2,82,0,-1.442,-2.51,0.378
level_mixed,slot_zero,v16,conservative,20,ALL,173,0,-1.269,-3.54,0.382
level_mixed,slot_zero,v16,conservative,20,P1,91,0,-1.128,-2.55,0.385
level_mixed,slot_zero,v16,conservative,20,P2,82,0,-1.426,-2.49,0.378
level_mixed,slot_loss,v16,conservative,20,ALL,173,0,-2.084,-4.68,0.341
level_mixed,slot_loss,v16,conservative,20,P1,91,0,-1.717,-2.78,0.385
level_mixed,slot_loss,v16,conservative,20,P2,82,0,-2.491,-3.97,0.293
level_mixed,slot,v16,conservative,63,ALL,165,0,-3.25,-3.22,0.297
level_mixed,slot,v16,conservative,63,P1,91,0,-3.169,-3.69,0.264
level_mixed,slot,v16,conservative,63,P2,74,0,-3.351,-1.71,0.338
level_mixed,slot_legacy,v16,conservative,63,ALL,165,0,-3.228,-3.28,0.303
level_mixed,slot_legacy,v16,conservative,63,P1,91,0,-3.156,-3.69,0.264
level_mixed,slot_legacy,v16,conservative,63,P2,74,0,-3.316,-1.75,0.351
level_mixed,slot_zero,v16,conservative,63,ALL,165,0,-3.186,-3.26,0.297
level_mixed,slot_zero,v16,conservative,63,P1,91,0,-3.103,-3.66,0.264
level_mixed,slot_zero,v16,conservative,63,P2,74,0,-3.289,-1.74,0.338
level_mixed,slot_loss,v16,conservative,63,ALL,165,0,-5.494,-5.14,0.212
level_mixed,slot_loss,v16,conservative,63,P1,91,0,-4.536,-4.18,0.231
level_mixed,slot_loss,v16,conservative,63,P2,74,0,-6.672,-3.63,0.189
level_stock,slot,v16,conservative,5,ALL,176,0,-0.288,-2.31,0.449
level_stock,slot,v16,conservative,5,P1,91,0,-0.306,-2.04,0.451
level_stock,slot,v16,conservative,5,P2,85,0,-0.269,-1.32,0.447
level_stock,slot_legacy,v16,conservative,5,ALL,176,0,-0.287,-2.3,0.449
level_stock,slot_legacy,v16,conservative,5,P1,91,0,-0.303,-2.03,0.451
level_stock,slot_legacy,v16,conservative,5,P2,85,0,-0.27,-1.33,0.447
level_stock,slot_zero,v16,conservative,5,ALL,176,0,-0.287,-2.3,0.449
level_stock,slot_zero,v16,conservative,5,P1,91,0,-0.304,-2.04,0.451
level_stock,slot_zero,v16,conservative,5,P2,85,0,-0.27,-1.33,0.447
level_stock,slot_loss,v16,conservative,5,ALL,176,0,-0.43,-3.05,0.432
level_stock,slot_loss,v16,conservative,5,P1,91,0,-0.414,-2.35,0.44
level_stock,slot_loss,v16,conservative,5,P2,85,0,-0.447,-2.01,0.424
level_stock,slot,v16,conservative,20,ALL,173,0,-1.211,-3.31,0.405
level_stock,slot,v16,conservative,20,P1,91,0,-1.008,-2.25,0.418
level_stock,slot,v16,conservative,20,P2,82,0,-1.436,-2.46,0.39
level_stock,slot_legacy,v16,conservative,20,ALL,173,0,-1.199,-3.31,0.405
level_stock,slot_legacy,v16,conservative,20,P1,91,0,-0.989,-2.24,0.418
level_stock,slot_legacy,v16,conservative,20,P2,82,0,-1.433,-2.47,0.39
level_stock,slot_zero,v16,conservative,20,ALL,173,0,-1.189,-3.29,0.405
level_stock,slot_zero,v16,conservative,20,P1,91,0,-0.985,-2.23,0.418
level_stock,slot_zero,v16,conservative,20,P2,82,0,-1.416,-2.44,0.39
level_stock,slot_loss,v16,conservative,20,ALL,173,0,-2.063,-4.56,0.353
level_stock,slot_loss,v16,conservative,20,P1,91,0,-1.63,-2.61,0.407
level_stock,slot_loss,v16,conservative,20,P2,82,0,-2.544,-3.99,0.293
level_stock,slot,v16,conservative,63,ALL,165,0,-2.908,-2.98,0.315
level_stock,slot,v16,conservative,63,P1,91,0,-2.687,-3.33,0.297
level_stock,slot,v16,conservative,63,P2,74,0,-3.179,-1.66,0.338
level_stock,slot_legacy,v16,conservative,63,ALL,165,0,-2.9,-3.06,0.321
level_stock,slot_legacy,v16,conservative,63,P1,91,0,-2.683,-3.35,0.297
level_stock,slot_legacy,v16,conservative,63,P2,74,0,-3.167,-1.72,0.351
level_stock,slot_zero,v16,conservative,63,ALL,165,0,-2.851,-3.02,0.315
level_stock,slot_zero,v16,conservative,63,P1,91,0,-2.627,-3.31,0.297
level_stock,slot_zero,v16,conservative,63,P2,74,0,-3.126,-1.7,0.338
level_stock,slot_loss,v16,conservative,63,ALL,165,0,-5.267,-5.03,0.218
level_stock,slot_loss,v16,conservative,63,P1,91,0,-4.139,-3.95,0.242
level_stock,slot_loss,v16,conservative,63,P2,74,0,-6.653,-3.76,0.189
stock_minus_mixed,slot,v16,conservative,5,ALL,176,0,0.025,1.33,0.295
stock_minus_mixed,slot,v16,conservative,5,P1,91,0,0.025,0.97,0.275
stock_minus_mixed,slot,v16,conservative,5,P2,85,0,0.025,0.91,0.318
stock_minus_mixed,slot_legacy,v16,conservative,5,ALL,176,0,0.025,1.35,0.295
stock_minus_mixed,slot_legacy,v16,conservative,5,P1,91,0,0.026,1.01,0.275
stock_minus_mixed,slot_legacy,v16,conservative,5,P2,85,0,0.024,0.9,0.318
stock_minus_mixed,slot_zero,v16,conservative,5,ALL,176,0,0.025,1.33,0.295
stock_minus_mixed,slot_zero,v16,conservative,5,P1,91,0,0.026,0.98,0.275
stock_minus_mixed,slot_zero,v16,conservative,5,P2,85,0,0.024,0.9,0.318
stock_minus_mixed,slot_loss,v16,conservative,5,ALL,176,0,0.015,0.74,0.29
stock_minus_mixed,slot_loss,v16,conservative,5,P1,91,0,0.007,0.23,0.264
stock_minus_mixed,slot_loss,v16,conservative,5,P2,85,0,0.024,0.9,0.318
stock_minus_mixed,slot,v16,conservative,20,ALL,173,0,0.08,1.85,0.283
stock_minus_mixed,slot,v16,conservative,20,P1,91,0,0.142,2.12,0.308
stock_minus_mixed,slot,v16,conservative,20,P2,82,0,0.011,0.22,0.256
stock_minus_mixed,slot_legacy,v16,conservative,20,ALL,173,0,0.079,1.86,0.289
stock_minus_mixed,slot_legacy,v16,conservative,20,P1,91,0,0.141,2.13,0.308
stock_minus_mixed,slot_legacy,v16,conservative,20,P2,82,0,0.01,0.21,0.268
stock_minus_mixed,slot_zero,v16,conservative,20,ALL,173,0,0.08,1.86,0.283
stock_minus_mixed,slot_zero,v16,conservative,20,P1,91,0,0.143,2.12,0.308
stock_minus_mixed,slot_zero,v16,conservative,20,P2,82,0,0.01,0.21,0.256
stock_minus_mixed,slot_loss,v16,conservative,20,ALL,173,0,0.021,0.47,0.26
stock_minus_mixed,slot_loss,v16,conservative,20,P1,91,0,0.086,1.4,0.286
stock_minus_mixed,slot_loss,v16,conservative,20,P2,82,0,-0.052,-0.89,0.232
stock_minus_mixed,slot,v16,conservative,63,ALL,165,0,0.343,2.69,0.339
stock_minus_mixed,slot,v16,conservative,63,P1,91,0,0.481,2.42,0.385
stock_minus_mixed,slot,v16,conservative,63,P2,74,0,0.173,1.53,0.284
stock_minus_mixed,slot_legacy,v16,conservative,63,ALL,165,0,0.328,2.6,0.333
stock_minus_mixed,slot_legacy,v16,conservative,63,P1,91,0,0.473,2.4,0.385
stock_minus_mixed,slot_legacy,v16,conservative,63,P2,74,0,0.149,1.36,0.27
stock_minus_mixed,slot_zero,v16,conservative,63,ALL,165,0,0.335,2.66,0.339
stock_minus_mixed,slot_zero,v16,conservative,63,P1,91,0,0.476,2.4,0.385
stock_minus_mixed,slot_zero,v16,conservative,63,P2,74,0,0.162,1.51,0.284
stock_minus_mixed,slot_loss,v16,conservative,63,ALL,165,0,0.227,1.91,0.303
stock_minus_mixed,slot_loss,v16,conservative,63,P1,91,0,0.397,2.35,0.363
stock_minus_mixed,slot_loss,v16,conservative,63,P2,74,0,0.019,0.15,0.23
level_mixed,slot,v16,balanced,5,ALL,176,0,-0.105,-0.57,0.5
level_mixed,slot,v16,balanced,5,P1,91,0,-0.212,-1.05,0.44
level_mixed,slot,v16,balanced,5,P2,85,0,0.009,0.03,0.565
level_mixed,slot_legacy,v16,balanced,5,ALL,176,0,-0.108,-0.58,0.5
level_mixed,slot_legacy,v16,balanced,5,P1,91,0,-0.212,-1.06,0.44
level_mixed,slot_legacy,v16,balanced,5,P2,85,0,0.004,0.01,0.565
level_mixed,slot_zero,v16,balanced,5,ALL,176,0,-0.108,-0.58,0.5
level_mixed,slot_zero,v16,balanced,5,P1,91,0,-0.213,-1.06,0.44
level_mixed,slot_zero,v16,balanced,5,P2,85,0,0.005,0.02,0.565
level_mixed,slot_loss,v16,balanced,5,ALL,176,0,-0.563,-2.71,0.432
level_mixed,slot_loss,v16,balanced,5,P1,91,0,-0.694,-2.9,0.374
level_mixed,slot_loss,v16,balanced,5,P2,85,0,-0.423,-1.23,0.494
level_mixed,slot,v16,balanced,20,ALL,173,0,-0.349,-0.75,0.382
level_mixed,slot,v16,balanced,20,P1,91,0,-0.498,-0.95,0.286
level_mixed,slot,v16,balanced,20,P2,82,0,-0.185,-0.23,0.488
level_mixed,slot_legacy,v16,balanced,20,ALL,173,0,-0.361,-0.78,0.393
level_mixed,slot_legacy,v16,balanced,20,P1,91,0,-0.499,-0.97,0.308
level_mixed,slot_legacy,v16,balanced,20,P2,82,0,-0.208,-0.26,0.488
level_mixed,slot_zero,v16,balanced,20,ALL,173,0,-0.349,-0.75,0.382
level_mixed,slot_zero,v16,balanced,20,P1,91,0,-0.491,-0.95,0.286
level_mixed,slot_zero,v16,balanced,20,P2,82,0,-0.191,-0.24,0.488
level_mixed,slot_loss,v16,balanced,20,ALL,173,0,-2.202,-3.97,0.272
level_mixed,slot_loss,v16,balanced,20,P1,91,0,-2.368,-3.49,0.22
level_mixed,slot_loss,v16,balanced,20,P2,82,0,-2.018,-2.26,0.329
level_mixed,slot,v16,balanced,63,ALL,165,0,-0.673,-0.52,0.442
level_mixed,slot,v16,balanced,63,P1,91,0,-1.296,-1.73,0.374
level_mixed,slot,v16,balanced,63,P2,74,0,0.094,0.04,0.527
level_mixed,slot_legacy,v16,balanced,63,ALL,165,0,-0.565,-0.43,0.436
level_mixed,slot_legacy,v16,balanced,63,P1,91,0,-1.204,-1.59,0.363
level_mixed,slot_legacy,v16,balanced,63,P2,74,0,0.222,0.08,0.527
level_mixed,slot_zero,v16,balanced,63,ALL,165,0,-0.715,-0.58,0.436
level_mixed,slot_zero,v16,balanced,63,P1,91,0,-1.269,-1.75,0.363
level_mixed,slot_zero,v16,balanced,63,P2,74,0,-0.034,-0.01,0.527
level_mixed,slot_loss,v16,balanced,63,ALL,165,0,-5.375,-4.24,0.261
level_mixed,slot_loss,v16,balanced,63,P1,91,0,-5.304,-4.47,0.22
level_mixed,slot_loss,v16,balanced,63,P2,74,0,-5.462,-2.25,0.311
level_stock,slot,v16,balanced,5,ALL,176,0,-0.033,-0.17,0.523
level_stock,slot,v16,balanced,5,P1,91,0,-0.115,-0.54,0.516
level_stock,slot,v16,balanced,5,P2,85,0,0.054,0.16,0.529
level_stock,slot_legacy,v16,balanced,5,ALL,176,0,-0.037,-0.19,0.523
level_stock,slot_legacy,v16,balanced,5,P1,91,0,-0.117,-0.55,0.516
level_stock,slot_legacy,v16,balanced,5,P2,85,0,0.048,0.14,0.529
level_stock,slot_zero,v16,balanced,5,ALL,176,0,-0.038,-0.19,0.523
level_stock,slot_zero,v16,balanced,5,P1,91,0,-0.118,-0.56,0.516
level_stock,slot_zero,v16,balanced,5,P2,85,0,0.048,0.14,0.529
level_stock,slot_loss,v16,balanced,5,ALL,176,0,-0.541,-2.48,0.449
level_stock,slot_loss,v16,balanced,5,P1,91,0,-0.636,-2.6,0.44
level_stock,slot_loss,v16,balanced,5,P2,85,0,-0.439,-1.2,0.459
level_stock,slot,v16,balanced,20,ALL,173,0,-0.07,-0.14,0.428
level_stock,slot,v16,balanced,20,P1,91,0,0.045,0.07,0.363
level_stock,slot,v16,balanced,20,P2,82,0,-0.198,-0.23,0.5
level_stock,slot_legacy,v16,balanced,20,ALL,173,0,-0.087,-0.17,0.434
level_stock,slot_legacy,v16,balanced,20,P1,91,0,0.029,0.05,0.374
level_stock,slot_legacy,v16,balanced,20,P2,82,0,-0.216,-0.26,0.5
level_stock,slot_zero,v16,balanced,20,ALL,173,0,-0.072,-0.14,0.434
level_stock,slot_zero,v16,balanced,20,P1,91,0,0.043,0.07,0.363
level_stock,slot_zero,v16,balanced,20,P2,82,0,-0.199,-0.24,0.512
level_stock,slot_loss,v16,balanced,20,ALL,173,0,-2.354,-3.61,0.318
level_stock,slot_loss,v16,balanced,20,P1,91,0,-2.246,-2.85,0.297
level_stock,slot_loss,v16,balanced,20,P2,82,0,-2.474,-2.33,0.341
level_stock,slot,v16,balanced,63,ALL,165,0,0.765,0.53,0.539
level_stock,slot,v16,balanced,63,P1,91,0,0.633,0.63,0.538
level_stock,slot,v16,balanced,63,P2,74,0,0.928,0.32,0.541
level_stock,slot_legacy,v16,balanced,63,ALL,165,0,0.841,0.59,0.545
level_stock,slot_legacy,v16,balanced,63,P1,91,0,0.682,0.69,0.538
level_stock,slot_legacy,v16,balanced,63,P2,74,0,1.036,0.36,0.554
level_stock,slot_zero,v16,balanced,63,ALL,165,0,0.689,0.51,0.539
level_stock,slot_zero,v16,balanced,63,P1,91,0,0.616,0.65,0.538
level_stock,slot_zero,v16,balanced,63,P2,74,0,0.779,0.29,0.541
level_stock,slot_loss,v16,balanced,63,ALL,165,0,-5.021,-3.16,0.309
level_stock,slot_loss,v16,balanced,63,P1,91,0,-4.519,-2.71,0.297
level_stock,slot_loss,v16,balanced,63,P2,74,0,-5.638,-1.95,0.324
stock_minus_mixed,slot,v16,balanced,5,ALL,176,0,0.072,1.18,0.511
stock_minus_mixed,slot,v16,balanced,5,P1,91,0,0.097,1.01,0.527
stock_minus_mixed,slot,v16,balanced,5,P2,85,0,0.045,0.61,0.494
stock_minus_mixed,slot_legacy,v16,balanced,5,ALL,176,0,0.071,1.17,0.511
stock_minus_mixed,slot_legacy,v16,balanced,5,P1,91,0,0.096,1.0,0.527
stock_minus_mixed,slot_legacy,v16,balanced,5,P2,85,0,0.045,0.62,0.494
stock_minus_mixed,slot_zero,v16,balanced,5,ALL,176,0,0.07,1.15,0.511
stock_minus_mixed,slot_zero,v16,balanced,5,P1,91,0,0.095,0.99,0.527
stock_minus_mixed,slot_zero,v16,balanced,5,P2,85,0,0.043,0.59,0.494
stock_minus_mixed,slot_loss,v16,balanced,5,ALL,176,0,0.022,0.35,0.506
stock_minus_mixed,slot_loss,v16,balanced,5,P1,91,0,0.058,0.58,0.516
stock_minus_mixed,slot_loss,v16,balanced,5,P2,85,0,-0.016,-0.22,0.494
stock_minus_mixed,slot,v16,balanced,20,ALL,173,0,0.279,1.94,0.497
stock_minus_mixed,slot,v16,balanced,20,P1,91,0,0.543,2.49,0.495
stock_minus_mixed,slot,v16,balanced,20,P2,82,0,-0.013,-0.08,0.5
stock_minus_mixed,slot_legacy,v16,balanced,20,ALL,173,0,0.274,1.97,0.491
stock_minus_mixed,slot_legacy,v16,balanced,20,P1,91,0,0.528,2.49,0.516
stock_minus_mixed,slot_legacy,v16,balanced,20,P2,82,0,-0.008,-0.05,0.463
stock_minus_mixed,slot_zero,v16,balanced,20,ALL,173,0,0.277,1.97,0.491
stock_minus_mixed,slot_zero,v16,balanced,20,P1,91,0,0.534,2.49,0.505
stock_minus_mixed,slot_zero,v16,balanced,20,P2,82,0,-0.008,-0.05,0.476
stock_minus_mixed,slot_loss,v16,balanced,20,ALL,173,0,-0.152,-0.84,0.445
stock_minus_mixed,slot_loss,v16,balanced,20,P1,91,0,0.121,0.57,0.473
stock_minus_mixed,slot_loss,v16,balanced,20,P2,82,0,-0.456,-1.6,0.415
stock_minus_mixed,slot,v16,balanced,63,ALL,165,0,1.438,2.87,0.533
stock_minus_mixed,slot,v16,balanced,63,P1,91,0,1.929,2.37,0.549
stock_minus_mixed,slot,v16,balanced,63,P2,74,0,0.834,2.52,0.514
stock_minus_mixed,slot_legacy,v16,balanced,63,ALL,165,0,1.405,2.85,0.552
stock_minus_mixed,slot_legacy,v16,balanced,63,P1,91,0,1.886,2.35,0.549
stock_minus_mixed,slot_legacy,v16,balanced,63,P2,74,0,0.814,2.57,0.554
stock_minus_mixed,slot_zero,v16,balanced,63,ALL,165,0,1.404,2.85,0.552
stock_minus_mixed,slot_zero,v16,balanced,63,P1,91,0,1.885,2.35,0.549
stock_minus_mixed,slot_zero,v16,balanced,63,P2,74,0,0.812,2.57,0.554
stock_minus_mixed,slot_loss,v16,balanced,63,ALL,165,0,0.354,0.67,0.394
stock_minus_mixed,slot_loss,v16,balanced,63,P1,91,0,0.786,0.97,0.385
stock_minus_mixed,slot_loss,v16,balanced,63,P2,74,0,-0.176,-0.33,0.405
level_mixed,slot,v16,aggressive,5,ALL,176,0,-0.096,-0.49,0.511
level_mixed,slot,v16,aggressive,5,P1,91,0,-0.128,-0.61,0.451
level_mixed,slot,v16,aggressive,5,P2,85,0,-0.063,-0.18,0.576
level_mixed,slot_legacy,v16,aggressive,5,ALL,176,0,-0.098,-0.5,0.511
level_mixed,slot_legacy,v16,aggressive,5,P1,91,0,-0.13,-0.63,0.451
level_mixed,slot_legacy,v16,aggressive,5,P2,85,0,-0.065,-0.19,0.576
level_mixed,slot_zero,v16,aggressive,5,ALL,176,0,-0.099,-0.5,0.511
level_mixed,slot_zero,v16,aggressive,5,P1,91,0,-0.13,-0.63,0.451
level_mixed,slot_zero,v16,aggressive,5,P2,85,0,-0.066,-0.19,0.576
level_mixed,slot_loss,v16,aggressive,5,ALL,176,0,-0.507,-2.34,0.46
level_mixed,slot_loss,v16,aggressive,5,P1,91,0,-0.519,-2.24,0.385
level_mixed,slot_loss,v16,aggressive,5,P2,85,0,-0.494,-1.32,0.541
level_mixed,slot,v16,aggressive,20,ALL,173,0,-0.472,-0.93,0.399
level_mixed,slot,v16,aggressive,20,P1,91,0,-0.495,-0.93,0.352
level_mixed,slot,v16,aggressive,20,P2,82,0,-0.446,-0.5,0.451
level_mixed,slot_legacy,v16,aggressive,20,ALL,173,0,-0.489,-0.97,0.399
level_mixed,slot_legacy,v16,aggressive,20,P1,91,0,-0.503,-0.97,0.352
level_mixed,slot_legacy,v16,aggressive,20,P2,82,0,-0.473,-0.53,0.451
level_mixed,slot_zero,v16,aggressive,20,ALL,173,0,-0.473,-0.94,0.399
level_mixed,slot_zero,v16,aggressive,20,P1,91,0,-0.49,-0.94,0.352
level_mixed,slot_zero,v16,aggressive,20,P2,82,0,-0.455,-0.51,0.451
level_mixed,slot_loss,v16,aggressive,20,ALL,173,0,-2.14,-3.71,0.277
level_mixed,slot_loss,v16,aggressive,20,P1,91,0,-2.09,-3.22,0.253
level_mixed,slot_loss,v16,aggressive,20,P2,82,0,-2.195,-2.23,0.305
level_mixed,slot,v16,aggressive,63,ALL,165,0,-0.85,-0.62,0.406
level_mixed,slot,v16,aggressive,63,P1,91,0,-1.362,-1.67,0.352
level_mixed,slot,v16,aggressive,63,P2,74,0,-0.221,-0.08,0.473
level_mixed,slot_legacy,v16,aggressive,63,ALL,165,0,-0.755,-0.55,0.406
level_mixed,slot_legacy,v16,aggressive,63,P1,91,0,-1.288,-1.58,0.352
level_mixed,slot_legacy,v16,aggressive,63,P2,74,0,-0.1,-0.04,0.473
level_mixed,slot_zero,v16,aggressive,63,ALL,165,0,-0.899,-0.7,0.406
level_mixed,slot_zero,v16,aggressive,63,P1,91,0,-1.341,-1.69,0.352
level_mixed,slot_zero,v16,aggressive,63,P2,74,0,-0.355,-0.13,0.473
level_mixed,slot_loss,v16,aggressive,63,ALL,165,0,-5.238,-4.07,0.23
level_mixed,slot_loss,v16,aggressive,63,P1,91,0,-5.014,-4.31,0.198
level_mixed,slot_loss,v16,aggressive,63,P2,74,0,-5.514,-2.2,0.27
level_stock,slot,v16,aggressive,5,ALL,176,0,-0.038,-0.18,0.523
level_stock,slot,v16,aggressive,5,P1,91,0,-0.027,-0.12,0.505
level_stock,slot,v16,aggressive,5,P2,85,0,-0.05,-0.13,0.541
level_stock,slot_legacy,v16,aggressive,5,ALL,176,0,-0.043,-0.2,0.523
level_stock,slot_legacy,v16,aggressive,5,P1,91,0,-0.03,-0.14,0.505
level_stock,slot_legacy,v16,aggressive,5,P2,85,0,-0.057,-0.15,0.541
level_stock,slot_zero,v16,aggressive,5,ALL,176,0,-0.042,-0.2,0.523
level_stock,slot_zero,v16,aggressive,5,P1,91,0,-0.03,-0.14,0.505
level_stock,slot_zero,v16,aggressive,5,P2,85,0,-0.055,-0.15,0.541
level_stock,slot_loss,v16,aggressive,5,ALL,176,0,-0.507,-2.24,0.46
level_stock,slot_loss,v16,aggressive,5,P1,91,0,-0.456,-1.92,0.418
level_stock,slot_loss,v16,aggressive,5,P2,85,0,-0.561,-1.42,0.506
level_stock,slot,v16,aggressive,20,ALL,173,0,-0.165,-0.3,0.439
level_stock,slot,v16,aggressive,20,P1,91,0,0.039,0.06,0.396
level_stock,slot,v16,aggressive,20,P2,82,0,-0.392,-0.41,0.488
level_stock,slot_legacy,v16,aggressive,20,ALL,173,0,-0.181,-0.33,0.439
level_stock,slot_legacy,v16,aggressive,20,P1,91,0,0.016,0.03,0.396
level_stock,slot_legacy,v16,aggressive,20,P2,82,0,-0.4,-0.43,0.488
level_stock,slot_zero,v16,aggressive,20,ALL,173,0,-0.165,-0.3,0.439
level_stock,slot_zero,v16,aggressive,20,P1,91,0,0.036,0.06,0.396
level_stock,slot_zero,v16,aggressive,20,P2,82,0,-0.389,-0.41,0.488
level_stock,slot_loss,v16,aggressive,20,ALL,173,0,-2.165,-3.23,0.301
level_stock,slot_loss,v16,aggressive,20,P1,91,0,-1.865,-2.5,0.297
level_stock,slot_loss,v16,aggressive,20,P2,82,0,-2.497,-2.18,0.305
level_stock,slot,v16,aggressive,63,ALL,165,0,0.736,0.48,0.509
level_stock,slot,v16,aggressive,63,P1,91,0,0.586,0.56,0.484
level_stock,slot,v16,aggressive,63,P2,74,0,0.921,0.29,0.541
level_stock,slot_legacy,v16,aggressive,63,ALL,165,0,0.806,0.53,0.509
level_stock,slot_legacy,v16,aggressive,63,P1,91,0,0.627,0.61,0.495
level_stock,slot_legacy,v16,aggressive,63,P2,74,0,1.026,0.33,0.527
level_stock,slot_zero,v16,aggressive,63,ALL,165,0,0.647,0.45,0.509
level_stock,slot_zero,v16,aggressive,63,P1,91,0,0.568,0.57,0.484
level_stock,slot_zero,v16,aggressive,63,P2,74,0,0.745,0.25,0.541
level_stock,slot_loss,v16,aggressive,63,ALL,165,0,-4.688,-2.92,0.291
level_stock,slot_loss,v16,aggressive,63,P1,91,0,-3.991,-2.46,0.264
level_stock,slot_loss,v16,aggressive,63,P2,74,0,-5.546,-1.86,0.324
stock_minus_mixed,slot,v16,aggressive,5,ALL,176,0,0.058,0.94,0.517
stock_minus_mixed,slot,v16,aggressive,5,P1,91,0,0.101,1.03,0.527
stock_minus_mixed,slot,v16,aggressive,5,P2,85,0,0.013,0.18,0.506
stock_minus_mixed,slot_legacy,v16,aggressive,5,ALL,176,0,0.055,0.91,0.517
stock_minus_mixed,slot_legacy,v16,aggressive,5,P1,91,0,0.1,1.02,0.527
stock_minus_mixed,slot_legacy,v16,aggressive,5,P2,85,0,0.008,0.11,0.506
stock_minus_mixed,slot_zero,v16,aggressive,5,ALL,176,0,0.057,0.92,0.517
stock_minus_mixed,slot_zero,v16,aggressive,5,P1,91,0,0.1,1.02,0.527
stock_minus_mixed,slot_zero,v16,aggressive,5,P2,85,0,0.011,0.14,0.506
stock_minus_mixed,slot_loss,v16,aggressive,5,ALL,176,0,-0.0,-0.0,0.506
stock_minus_mixed,slot_loss,v16,aggressive,5,P1,91,0,0.063,0.63,0.505
stock_minus_mixed,slot_loss,v16,aggressive,5,P2,85,0,-0.067,-0.71,0.506
stock_minus_mixed,slot,v16,aggressive,20,ALL,173,0,0.306,2.07,0.514
stock_minus_mixed,slot,v16,aggressive,20,P1,91,0,0.534,2.51,0.505
stock_minus_mixed,slot,v16,aggressive,20,P2,82,0,0.054,0.28,0.524
stock_minus_mixed,slot_legacy,v16,aggressive,20,ALL,173,0,0.308,2.19,0.514
stock_minus_mixed,slot_legacy,v16,aggressive,20,P1,91,0,0.519,2.52,0.505
stock_minus_mixed,slot_legacy,v16,aggressive,20,P2,82,0,0.073,0.42,0.524
stock_minus_mixed,slot_zero,v16,aggressive,20,ALL,173,0,0.308,2.15,0.514
stock_minus_mixed,slot_zero,v16,aggressive,20,P1,91,0,0.526,2.51,0.505
stock_minus_mixed,slot_zero,v16,aggressive,20,P2,82,0,0.066,0.37,0.524
stock_minus_mixed,slot_loss,v16,aggressive,20,ALL,173,0,-0.025,-0.14,0.474
stock_minus_mixed,slot_loss,v16,aggressive,20,P1,91,0,0.225,1.05,0.451
stock_minus_mixed,slot_loss,v16,aggressive,20,P2,82,0,-0.302,-1.12,0.5
stock_minus_mixed,slot,v16,aggressive,63,ALL,165,0,1.586,3.14,0.63
stock_minus_mixed,slot,v16,aggressive,63,P1,91,0,1.948,2.41,0.626
stock_minus_mixed,slot,v16,aggressive,63,P2,74,0,1.142,2.61,0.635
stock_minus_mixed,slot_legacy,v16,aggressive,63,ALL,165,0,1.561,3.16,0.655
stock_minus_mixed,slot_legacy,v16,aggressive,63,P1,91,0,1.915,2.39,0.648
stock_minus_mixed,slot_legacy,v16,aggressive,63,P2,74,0,1.126,2.82,0.662
stock_minus_mixed,slot_zero,v16,aggressive,63,ALL,165,0,1.546,3.13,0.655
stock_minus_mixed,slot_zero,v16,aggressive,63,P1,91,0,1.909,2.38,0.648
stock_minus_mixed,slot_zero,v16,aggressive,63,P2,74,0,1.1,2.79,0.662
stock_minus_mixed,slot_loss,v16,aggressive,63,ALL,165,0,0.55,1.01,0.521
stock_minus_mixed,slot_loss,v16,aggressive,63,P1,91,0,1.023,1.24,0.505
stock_minus_mixed,slot_loss,v16,aggressive,63,P2,74,0,-0.032,-0.06,0.541
level_mixed,slot,cons17,conservative,5,ALL,176,0,-0.024,-0.17,0.562
level_mixed,slot,cons17,conservative,5,P1,91,0,-0.072,-0.42,0.527
level_mixed,slot,cons17,conservative,5,P2,85,0,0.028,0.13,0.6
level_mixed,slot_legacy,cons17,conservative,5,ALL,176,0,-0.023,-0.17,0.562
level_mixed,slot_legacy,cons17,conservative,5,P1,91,0,-0.071,-0.42,0.527
level_mixed,slot_legacy,cons17,conservative,5,P2,85,0,0.029,0.14,0.6
level_mixed,slot_zero,cons17,conservative,5,ALL,176,0,-0.025,-0.19,0.562
level_mixed,slot_zero,cons17,conservative,5,P1,91,0,-0.073,-0.43,0.527
level_mixed,slot_zero,cons17,conservative,5,P2,85,0,0.026,0.12,0.6
level_mixed,slot_loss,cons17,conservative,5,ALL,176,0,-0.327,-2.12,0.506
level_mixed,slot_loss,cons17,conservative,5,P1,91,0,-0.35,-1.8,0.484
level_mixed,slot_loss,cons17,conservative,5,P2,85,0,-0.302,-1.25,0.529
level_mixed,slot,cons17,conservative,20,ALL,173,0,-0.317,-0.98,0.474
level_mixed,slot,cons17,conservative,20,P1,91,0,-0.369,-0.84,0.418
level_mixed,slot,cons17,conservative,20,P2,82,0,-0.259,-0.54,0.537
level_mixed,slot_legacy,cons17,conservative,20,ALL,173,0,-0.316,-0.99,0.474
level_mixed,slot_legacy,cons17,conservative,20,P1,91,0,-0.372,-0.86,0.418
level_mixed,slot_legacy,cons17,conservative,20,P2,82,0,-0.254,-0.54,0.537
level_mixed,slot_zero,cons17,conservative,20,ALL,173,0,-0.319,-0.99,0.474
level_mixed,slot_zero,cons17,conservative,20,P1,91,0,-0.373,-0.86,0.418
level_mixed,slot_zero,cons17,conservative,20,P2,82,0,-0.259,-0.54,0.537
level_mixed,slot_loss,cons17,conservative,20,ALL,173,0,-1.661,-4.14,0.341
level_mixed,slot_loss,cons17,conservative,20,P1,91,0,-1.478,-3.06,0.286
level_mixed,slot_loss,cons17,conservative,20,P2,82,0,-1.864,-2.86,0.402
level_mixed,slot,cons17,conservative,63,ALL,164,1,-0.583,-0.59,0.451
level_mixed,slot,cons17,conservative,63,P1,90,1,-1.046,-1.93,0.4
level_mixed,slot,cons17,conservative,63,P2,74,0,-0.019,-0.01,0.514
level_mixed,slot_legacy,cons17,conservative,63,ALL,165,0,-0.616,-0.66,0.467
level_mixed,slot_legacy,cons17,conservative,63,P1,91,0,-1.088,-2.09,0.418
level_mixed,slot_legacy,cons17,conservative,63,P2,74,0,-0.035,-0.02,0.527
level_mixed,slot_zero,cons17,conservative,63,ALL,165,0,-0.584,-0.62,0.455
level_mixed,slot_zero,cons17,conservative,63,P1,91,0,-1.041,-1.97,0.407
level_mixed,slot_zero,cons17,conservative,63,P2,74,0,-0.021,-0.01,0.514
level_mixed,slot_loss,cons17,conservative,63,ALL,165,0,-3.487,-3.41,0.261
level_mixed,slot_loss,cons17,conservative,63,P1,91,0,-3.057,-4.72,0.242
level_mixed,slot_loss,cons17,conservative,63,P2,74,0,-4.015,-1.9,0.284
level_stock,slot,cons17,conservative,5,ALL,175,1,0.031,0.23,0.566
level_stock,slot,cons17,conservative,5,P1,91,0,0.003,0.02,0.571
level_stock,slot,cons17,conservative,5,P2,84,1,0.063,0.29,0.56
level_stock,slot_legacy,cons17,conservative,5,ALL,176,0,0.035,0.26,0.568
level_stock,slot_legacy,cons17,conservative,5,P1,91,0,0.003,0.02,0.571
level_stock,slot_legacy,cons17,conservative,5,P2,85,0,0.069,0.32,0.565
level_stock,slot_zero,cons17,conservative,5,ALL,176,0,0.032,0.24,0.568
level_stock,slot_zero,cons17,conservative,5,P1,91,0,0.001,0.0,0.571
level_stock,slot_zero,cons17,conservative,5,P2,85,0,0.065,0.3,0.565
level_stock,slot_loss,cons17,conservative,5,ALL,176,0,-0.29,-1.91,0.506
level_stock,slot_loss,cons17,conservative,5,P1,91,0,-0.315,-1.63,0.516
level_stock,slot_loss,cons17,conservative,5,P2,85,0,-0.263,-1.11,0.494
level_stock,slot,cons17,conservative,20,ALL,172,1,-0.009,-0.03,0.494
level_stock,slot,cons17,conservative,20,P1,91,0,0.044,0.09,0.473
level_stock,slot,cons17,conservative,20,P2,81,1,-0.069,-0.15,0.519
level_stock,slot_legacy,cons17,conservative,20,ALL,173,0,-0.009,-0.03,0.509
level_stock,slot_legacy,cons17,conservative,20,P1,91,0,0.037,0.08,0.473
level_stock,slot_legacy,cons17,conservative,20,P2,82,0,-0.059,-0.13,0.549
level_stock,slot_zero,cons17,conservative,20,ALL,173,0,-0.01,-0.03,0.497
level_stock,slot_zero,cons17,conservative,20,P1,91,0,0.036,0.08,0.473
level_stock,slot_zero,cons17,conservative,20,P2,82,0,-0.061,-0.13,0.524
level_stock,slot_loss,cons17,conservative,20,ALL,173,0,-1.461,-3.44,0.353
level_stock,slot_loss,cons17,conservative,20,P1,91,0,-1.165,-2.2,0.33
level_stock,slot_loss,cons17,conservative,20,P2,82,0,-1.791,-2.67,0.378
level_stock,slot,cons17,conservative,63,ALL,163,2,0.603,0.62,0.534
level_stock,slot,cons17,conservative,63,P1,90,1,0.448,0.69,0.533
level_stock,slot,cons17,conservative,63,P2,73,1,0.793,0.4,0.534
level_stock,slot_legacy,cons17,conservative,63,ALL,165,0,0.537,0.58,0.552
level_stock,slot_legacy,cons17,conservative,63,P1,91,0,0.36,0.58,0.549
level_stock,slot_legacy,cons17,conservative,63,P2,74,0,0.755,0.4,0.554
level_stock,slot_zero,cons17,conservative,63,ALL,165,0,0.577,0.62,0.539
level_stock,slot_zero,cons17,conservative,63,P1,91,0,0.42,0.68,0.538
level_stock,slot_zero,cons17,conservative,63,P2,74,0,0.769,0.4,0.541
level_stock,slot_loss,cons17,conservative,63,ALL,165,0,-2.629,-2.43,0.309
level_stock,slot_loss,cons17,conservative,63,P1,91,0,-1.964,-2.2,0.308
level_stock,slot_loss,cons17,conservative,63,P2,74,0,-3.447,-1.63,0.311
stock_minus_mixed,slot,cons17,conservative,5,ALL,175,1,0.046,1.13,0.457
stock_minus_mixed,slot,cons17,conservative,5,P1,91,0,0.074,1.02,0.418
stock_minus_mixed,slot,cons17,conservative,5,P2,84,1,0.015,0.51,0.5
stock_minus_mixed,slot_legacy,cons17,conservative,5,ALL,176,0,0.057,1.37,0.46
stock_minus_mixed,slot_legacy,cons17,conservative,5,P1,91,0,0.074,1.02,0.418
stock_minus_mixed,slot_legacy,cons17,conservative,5,P2,85,0,0.04,1.07,0.506
stock_minus_mixed,slot_zero,cons17,conservative,5,ALL,176,0,0.057,1.36,0.46
stock_minus_mixed,slot_zero,cons17,conservative,5,P1,91,0,0.074,1.01,0.418
stock_minus_mixed,slot_zero,cons17,conservative,5,P2,85,0,0.039,1.04,0.506
stock_minus_mixed,slot_loss,cons17,conservative,5,ALL,176,0,0.037,0.8,0.455
stock_minus_mixed,slot_loss,cons17,conservative,5,P1,91,0,0.035,0.43,0.407
stock_minus_mixed,slot_loss,cons17,conservative,5,P2,85,0,0.039,1.04,0.506
stock_minus_mixed,slot,cons17,conservative,20,ALL,172,1,0.289,2.57,0.558
stock_minus_mixed,slot,cons17,conservative,20,P1,91,0,0.412,2.37,0.516
stock_minus_mixed,slot,cons17,conservative,20,P2,81,1,0.15,1.16,0.605
stock_minus_mixed,slot_legacy,cons17,conservative,20,ALL,173,0,0.307,2.67,0.561
stock_minus_mixed,slot_legacy,cons17,conservative,20,P1,91,0,0.409,2.36,0.516
stock_minus_mixed,slot_legacy,cons17,conservative,20,P2,82,0,0.195,1.35,0.61
stock_minus_mixed,slot_zero,cons17,conservative,20,ALL,173,0,0.309,2.68,0.561
stock_minus_mixed,slot_zero,cons17,conservative,20,P1,91,0,0.409,2.36,0.516
stock_minus_mixed,slot_zero,cons17,conservative,20,P2,82,0,0.198,1.37,0.61
stock_minus_mixed,slot_loss,cons17,conservative,20,ALL,173,0,0.199,1.75,0.532
stock_minus_mixed,slot_loss,cons17,conservative,20,P1,91,0,0.313,1.91,0.505
stock_minus_mixed,slot_loss,cons17,conservative,20,P2,82,0,0.073,0.48,0.561
stock_minus_mixed,slot,cons17,conservative,63,ALL,163,2,1.12,3.22,0.601
stock_minus_mixed,slot,cons17,conservative,63,P1,90,1,1.494,2.68,0.578
stock_minus_mixed,slot,cons17,conservative,63,P2,73,1,0.659,2.73,0.63
stock_minus_mixed,slot_legacy,cons17,conservative,63,ALL,165,0,1.153,3.28,0.612
stock_minus_mixed,slot_legacy,cons17,conservative,63,P1,91,0,1.448,2.63,0.571
stock_minus_mixed,slot_legacy,cons17,conservative,63,P2,74,0,0.79,2.4,0.662
stock_minus_mixed,slot_zero,cons17,conservative,63,ALL,165,0,1.16,3.29,0.612
stock_minus_mixed,slot_zero,cons17,conservative,63,P1,91,0,1.462,2.65,0.582
stock_minus_mixed,slot_zero,cons17,conservative,63,P2,74,0,0.79,2.39,0.649
stock_minus_mixed,slot_loss,cons17,conservative,63,ALL,165,0,0.857,2.56,0.576
stock_minus_mixed,slot_loss,cons17,conservative,63,P1,91,0,1.093,2.1,0.538
stock_minus_mixed,slot_loss,cons17,conservative,63,P2,74,0,0.568,1.66,0.622
variant_minus_baseline_mixed,slot,cons17,conservative,5,ALL,176,0,0.29,2.07,0.545
variant_minus_baseline_mixed,slot,cons17,conservative,5,P1,91,0,0.26,1.44,0.538
variant_minus_baseline_mixed,slot,cons17,conservative,5,P2,85,0,0.323,1.48,0.553
variant_minus_baseline_mixed,slot_legacy,cons17,conservative,5,ALL,176,0,0.29,2.07,0.545
variant_minus_baseline_mixed,slot_legacy,cons17,conservative,5,P1,91,0,0.258,1.45,0.538
variant_minus_baseline_mixed,slot_legacy,cons17,conservative,5,P2,85,0,0.324,1.49,0.553
variant_minus_baseline_mixed,slot_zero,cons17,conservative,5,ALL,176,0,0.287,2.05,0.545
variant_minus_baseline_mixed,slot_zero,cons17,conservative,5,P1,91,0,0.256,1.43,0.538
variant_minus_baseline_mixed,slot_zero,cons17,conservative,5,P2,85,0,0.32,1.47,0.553
variant_minus_baseline_mixed,slot_loss,cons17,conservative,5,ALL,176,0,0.119,0.72,0.511
variant_minus_baseline_mixed,slot_loss,cons17,conservative,5,P1,91,0,0.071,0.33,0.495
variant_minus_baseline_mixed,slot_loss,cons17,conservative,5,P2,85,0,0.17,0.68,0.529
variant_minus_baseline_mixed,slot,cons17,conservative,20,ALL,173,0,0.974,2.61,0.642
variant_minus_baseline_mixed,slot,cons17,conservative,20,P1,91,0,0.782,1.47,0.571
variant_minus_baseline_mixed,slot,cons17,conservative,20,P2,82,0,1.188,2.3,0.72
variant_minus_baseline_mixed,slot_legacy,cons17,conservative,20,ALL,173,0,0.962,2.61,0.653
variant_minus_baseline_mixed,slot_legacy,cons17,conservative,20,P1,91,0,0.758,1.44,0.593
variant_minus_baseline_mixed,slot_legacy,cons17,conservative,20,P2,82,0,1.188,2.33,0.72
variant_minus_baseline_mixed,slot_zero,cons17,conservative,20,ALL,173,0,0.95,2.57,0.642
variant_minus_baseline_mixed,slot_zero,cons17,conservative,20,P1,91,0,0.755,1.43,0.571
variant_minus_baseline_mixed,slot_zero,cons17,conservative,20,P2,82,0,1.167,2.28,0.72
variant_minus_baseline_mixed,slot_loss,cons17,conservative,20,ALL,173,0,0.423,0.96,0.526
variant_minus_baseline_mixed,slot_loss,cons17,conservative,20,P1,91,0,0.238,0.37,0.473
variant_minus_baseline_mixed,slot_loss,cons17,conservative,20,P2,82,0,0.628,1.07,0.585
variant_minus_baseline_mixed,slot,cons17,conservative,63,ALL,164,1,2.675,3.38,0.665
variant_minus_baseline_mixed,slot,cons17,conservative,63,P1,90,1,2.134,2.35,0.667
variant_minus_baseline_mixed,slot,cons17,conservative,63,P2,74,0,3.332,2.69,0.662
variant_minus_baseline_mixed,slot_legacy,cons17,conservative,63,ALL,165,0,2.612,3.36,0.673
variant_minus_baseline_mixed,slot_legacy,cons17,conservative,63,P1,91,0,2.068,2.34,0.681
variant_minus_baseline_mixed,slot_legacy,cons17,conservative,63,P2,74,0,3.281,2.67,0.662
variant_minus_baseline_mixed,slot_zero,cons17,conservative,63,ALL,165,0,2.602,3.35,0.673
variant_minus_baseline_mixed,slot_zero,cons17,conservative,63,P1,91,0,2.061,2.32,0.67
variant_minus_baseline_mixed,slot_zero,cons17,conservative,63,P2,74,0,3.268,2.67,0.676
variant_minus_baseline_mixed,slot_loss,cons17,conservative,63,ALL,165,0,2.007,2.46,0.582
variant_minus_baseline_mixed,slot_loss,cons17,conservative,63,P1,91,0,1.479,1.49,0.538
variant_minus_baseline_mixed,slot_loss,cons17,conservative,63,P2,74,0,2.657,2.06,0.635
variant_minus_baseline_stock,slot,cons17,conservative,5,ALL,175,1,0.325,2.14,0.566
variant_minus_baseline_stock,slot,cons17,conservative,5,P1,91,0,0.309,1.53,0.527
variant_minus_baseline_stock,slot,cons17,conservative,5,P2,84,1,0.343,1.5,0.607
variant_minus_baseline_stock,slot_legacy,cons17,conservative,5,ALL,176,0,0.322,2.14,0.562
variant_minus_baseline_stock,slot_legacy,cons17,conservative,5,P1,91,0,0.306,1.53,0.527
variant_minus_baseline_stock,slot_legacy,cons17,conservative,5,P2,85,0,0.339,1.5,0.6
variant_minus_baseline_stock,slot_zero,cons17,conservative,5,ALL,176,0,0.319,2.12,0.562
variant_minus_baseline_stock,slot_zero,cons17,conservative,5,P1,91,0,0.304,1.52,0.527
variant_minus_baseline_stock,slot_zero,cons17,conservative,5,P2,85,0,0.334,1.48,0.6
variant_minus_baseline_stock,slot_loss,cons17,conservative,5,ALL,176,0,0.14,0.81,0.528
variant_minus_baseline_stock,slot_loss,cons17,conservative,5,P1,91,0,0.1,0.42,0.484
variant_minus_baseline_stock,slot_loss,cons17,conservative,5,P2,85,0,0.184,0.71,0.576
variant_minus_baseline_stock,slot,cons17,conservative,20,ALL,172,1,1.211,2.9,0.605
variant_minus_baseline_stock,slot,cons17,conservative,20,P1,91,0,1.052,1.79,0.56
variant_minus_baseline_stock,slot,cons17,conservative,20,P2,81,1,1.391,2.36,0.654
variant_minus_baseline_stock,slot_legacy,cons17,conservative,20,ALL,173,0,1.19,2.89,0.613
variant_minus_baseline_stock,slot_legacy,cons17,conservative,20,P1,91,0,1.025,1.76,0.571
variant_minus_baseline_stock,slot_legacy,cons17,conservative,20,P2,82,0,1.373,2.38,0.659
variant_minus_baseline_stock,slot_zero,cons17,conservative,20,ALL,173,0,1.179,2.86,0.613
variant_minus_baseline_stock,slot_zero,cons17,conservative,20,P1,91,0,1.02,1.75,0.56
variant_minus_baseline_stock,slot_zero,cons17,conservative,20,P2,82,0,1.355,2.34,0.671
variant_minus_baseline_stock,slot_loss,cons17,conservative,20,ALL,173,0,0.602,1.25,0.509
variant_minus_baseline_stock,slot_loss,cons17,conservative,20,P1,91,0,0.466,0.67,0.451
variant_minus_baseline_stock,slot_loss,cons17,conservative,20,P2,82,0,0.753,1.16,0.573
variant_minus_baseline_stock,slot,cons17,conservative,63,ALL,163,2,3.519,3.95,0.699
variant_minus_baseline_stock,slot,cons17,conservative,63,P1,90,1,3.141,3.14,0.722
variant_minus_baseline_stock,slot,cons17,conservative,63,P2,73,1,3.985,2.75,0.671
variant_minus_baseline_stock,slot_legacy,cons17,conservative,63,ALL,165,0,3.437,3.96,0.703
variant_minus_baseline_stock,slot_legacy,cons17,conservative,63,P1,91,0,3.043,3.12,0.725
variant_minus_baseline_stock,slot_legacy,cons17,conservative,63,P2,74,0,3.922,2.78,0.676
variant_minus_baseline_stock,slot_zero,cons17,conservative,63,ALL,165,0,3.428,3.95,0.709
variant_minus_baseline_stock,slot_zero,cons17,conservative,63,P1,91,0,3.047,3.11,0.725
variant_minus_baseline_stock,slot_zero,cons17,conservative,63,P2,74,0,3.895,2.77,0.689
variant_minus_baseline_stock,slot_loss,cons17,conservative,63,ALL,165,0,2.637,2.9,0.612
variant_minus_baseline_stock,slot_loss,cons17,conservative,63,P1,91,0,2.175,1.96,0.593
variant_minus_baseline_stock,slot_loss,cons17,conservative,63,P2,74,0,3.206,2.21,0.635
level_mixed,slot,full3,conservative,5,ALL,176,0,-0.285,-2.59,0.443
level_mixed,slot,full3,conservative,5,P1,91,0,-0.297,-2.2,0.44
level_mixed,slot,full3,conservative,5,P2,85,0,-0.272,-1.54,0.447
level_mixed,slot_legacy,full3,conservative,5,ALL,176,0,-0.283,-2.57,0.443
level_mixed,slot_legacy,full3,conservative,5,P1,91,0,-0.293,-2.18,0.44
level_mixed,slot_legacy,full3,conservative,5,P2,85,0,-0.272,-1.54,0.447
level_mixed,slot_zero,full3,conservative,5,ALL,176,0,-0.284,-2.59,0.443
level_mixed,slot_zero,full3,conservative,5,P1,91,0,-0.295,-2.19,0.44
level_mixed,slot_zero,full3,conservative,5,P2,85,0,-0.273,-1.55,0.447
level_mixed,slot_loss,full3,conservative,5,ALL,176,0,-0.465,-3.63,0.415
level_mixed,slot_loss,full3,conservative,5,P1,91,0,-0.461,-2.72,0.429
level_mixed,slot_loss,full3,conservative,5,P2,85,0,-0.469,-2.42,0.4
level_mixed,slot,full3,conservative,20,ALL,173,0,-0.996,-3.07,0.399
level_mixed,slot,full3,conservative,20,P1,91,0,-0.942,-2.41,0.363
level_mixed,slot,full3,conservative,20,P2,82,0,-1.057,-1.99,0.439
level_mixed,slot_legacy,full3,conservative,20,ALL,173,0,-0.982,-3.05,0.405
level_mixed,slot_legacy,full3,conservative,20,P1,91,0,-0.92,-2.39,0.363
level_mixed,slot_legacy,full3,conservative,20,P2,82,0,-1.05,-1.99,0.451
level_mixed,slot_zero,full3,conservative,20,ALL,173,0,-0.977,-3.05,0.399
level_mixed,slot_zero,full3,conservative,20,P1,91,0,-0.922,-2.4,0.363
level_mixed,slot_zero,full3,conservative,20,P2,82,0,-1.038,-1.98,0.439
level_mixed,slot_loss,full3,conservative,20,ALL,173,0,-1.932,-4.56,0.341
level_mixed,slot_loss,full3,conservative,20,P1,91,0,-1.621,-2.81,0.341
level_mixed,slot_loss,full3,conservative,20,P2,82,0,-2.277,-3.7,0.341
level_mixed,slot,full3,conservative,63,ALL,165,0,-3.175,-3.4,0.297
level_mixed,slot,full3,conservative,63,P1,91,0,-3.022,-3.7,0.275
level_mixed,slot,full3,conservative,63,P2,74,0,-3.363,-1.87,0.324
level_mixed,slot_legacy,full3,conservative,63,ALL,165,0,-3.124,-3.45,0.297
level_mixed,slot_legacy,full3,conservative,63,P1,91,0,-2.992,-3.7,0.275
level_mixed,slot_legacy,full3,conservative,63,P2,74,0,-3.286,-1.9,0.324
level_mixed,slot_zero,full3,conservative,63,ALL,165,0,-3.076,-3.44,0.297
level_mixed,slot_zero,full3,conservative,63,P1,91,0,-2.951,-3.66,0.275
level_mixed,slot_zero,full3,conservative,63,P2,74,0,-3.23,-1.89,0.324
level_mixed,slot_loss,full3,conservative,63,ALL,165,0,-5.945,-5.14,0.194
level_mixed,slot_loss,full3,conservative,63,P1,91,0,-4.812,-4.34,0.231
level_mixed,slot_loss,full3,conservative,63,P2,74,0,-7.338,-3.69,0.149
level_stock,slot,full3,conservative,5,ALL,176,0,-0.241,-2.22,0.466
level_stock,slot,full3,conservative,5,P1,91,0,-0.239,-1.83,0.451
level_stock,slot,full3,conservative,5,P2,85,0,-0.243,-1.38,0.482
level_stock,slot_legacy,full3,conservative,5,ALL,176,0,-0.238,-2.2,0.466
level_stock,slot_legacy,full3,conservative,5,P1,91,0,-0.234,-1.8,0.451
level_stock,slot_legacy,full3,conservative,5,P2,85,0,-0.243,-1.39,0.482
level_stock,slot_zero,full3,conservative,5,ALL,176,0,-0.24,-2.22,0.466
level_stock,slot_zero,full3,conservative,5,P1,91,0,-0.236,-1.82,0.451
level_stock,slot_zero,full3,conservative,5,P2,85,0,-0.244,-1.39,0.482
level_stock,slot_loss,full3,conservative,5,ALL,176,0,-0.43,-3.4,0.432
level_stock,slot_loss,full3,conservative,5,P1,91,0,-0.421,-2.44,0.44
level_stock,slot_loss,full3,conservative,5,P2,85,0,-0.441,-2.37,0.424
level_stock,slot,full3,conservative,20,ALL,173,0,-0.879,-2.75,0.399
level_stock,slot,full3,conservative,20,P1,91,0,-0.752,-1.97,0.363
level_stock,slot,full3,conservative,20,P2,82,0,-1.019,-1.95,0.439
level_stock,slot_legacy,full3,conservative,20,ALL,173,0,-0.865,-2.73,0.405
level_stock,slot_legacy,full3,conservative,20,P1,91,0,-0.731,-1.94,0.363
level_stock,slot_legacy,full3,conservative,20,P2,82,0,-1.014,-1.95,0.451
level_stock,slot_zero,full3,conservative,20,ALL,173,0,-0.86,-2.72,0.399
level_stock,slot_zero,full3,conservative,20,P1,91,0,-0.732,-1.94,0.363
level_stock,slot_zero,full3,conservative,20,P2,82,0,-1.003,-1.94,0.439
level_stock,slot_loss,full3,conservative,20,ALL,173,0,-1.845,-4.37,0.335
level_stock,slot_loss,full3,conservative,20,P1,91,0,-1.469,-2.52,0.341
level_stock,slot_loss,full3,conservative,20,P2,82,0,-2.262,-3.78,0.329
level_stock,slot,full3,conservative,63,ALL,165,0,-2.731,-3.05,0.315
level_stock,slot,full3,conservative,63,P1,91,0,-2.414,-3.19,0.308
level_stock,slot,full3,conservative,63,P2,74,0,-3.122,-1.8,0.324
level_stock,slot_legacy,full3,conservative,63,ALL,165,0,-2.689,-3.11,0.309
level_stock,slot_legacy,full3,conservative,63,P1,91,0,-2.393,-3.21,0.297
level_stock,slot_legacy,full3,conservative,63,P2,74,0,-3.053,-1.83,0.324
level_stock,slot_zero,full3,conservative,63,ALL,165,0,-2.641,-3.1,0.315
level_stock,slot_zero,full3,conservative,63,P1,91,0,-2.351,-3.16,0.308
level_stock,slot_zero,full3,conservative,63,P2,74,0,-2.998,-1.83,0.324
level_stock,slot_loss,full3,conservative,63,ALL,165,0,-5.608,-4.94,0.206
level_stock,slot_loss,full3,conservative,63,P1,91,0,-4.332,-4.04,0.253
level_stock,slot_loss,full3,conservative,63,P2,74,0,-7.176,-3.71,0.149
stock_minus_mixed,slot,full3,conservative,5,ALL,176,0,0.045,2.28,0.295
stock_minus_mixed,slot,full3,conservative,5,P1,91,0,0.059,2.32,0.297
stock_minus_mixed,slot,full3,conservative,5,P2,85,0,0.03,0.99,0.294
stock_minus_mixed,slot_legacy,full3,conservative,5,ALL,176,0,0.045,2.32,0.301
stock_minus_mixed,slot_legacy,full3,conservative,5,P1,91,0,0.06,2.36,0.308
stock_minus_mixed,slot_legacy,full3,conservative,5,P2,85,0,0.028,0.98,0.294
stock_minus_mixed,slot_zero,full3,conservative,5,ALL,176,0,0.044,2.3,0.295
stock_minus_mixed,slot_zero,full3,conservative,5,P1,91,0,0.059,2.33,0.297
stock_minus_mixed,slot_zero,full3,conservative,5,P2,85,0,0.028,0.98,0.294
stock_minus_mixed,slot_loss,full3,conservative,5,ALL,176,0,0.035,1.6,0.295
stock_minus_mixed,slot_loss,full3,conservative,5,P1,91,0,0.04,1.27,0.297
stock_minus_mixed,slot_loss,full3,conservative,5,P2,85,0,0.028,0.98,0.294
stock_minus_mixed,slot,full3,conservative,20,ALL,173,0,0.118,2.74,0.335
stock_minus_mixed,slot,full3,conservative,20,P1,91,0,0.19,2.9,0.407
stock_minus_mixed,slot,full3,conservative,20,P2,82,0,0.038,0.78,0.256
stock_minus_mixed,slot_legacy,full3,conservative,20,ALL,173,0,0.116,2.75,0.335
stock_minus_mixed,slot_legacy,full3,conservative,20,P1,91,0,0.189,2.91,0.407
stock_minus_mixed,slot_legacy,full3,conservative,20,P2,82,0,0.035,0.76,0.256
stock_minus_mixed,slot_zero,full3,conservative,20,ALL,173,0,0.117,2.74,0.335
stock_minus_mixed,slot_zero,full3,conservative,20,P1,91,0,0.19,2.91,0.407
stock_minus_mixed,slot_zero,full3,conservative,20,P2,82,0,0.035,0.76,0.256
stock_minus_mixed,slot_loss,full3,conservative,20,ALL,173,0,0.087,2.04,0.324
stock_minus_mixed,slot_loss,full3,conservative,20,P1,91,0,0.152,2.41,0.385
stock_minus_mixed,slot_loss,full3,conservative,20,P2,82,0,0.015,0.29,0.256
stock_minus_mixed,slot,full3,conservative,63,ALL,165,0,0.444,2.81,0.345
stock_minus_mixed,slot,full3,conservative,63,P1,91,0,0.608,2.5,0.363
stock_minus_mixed,slot,full3,conservative,63,P2,74,0,0.242,1.6,0.324
stock_minus_mixed,slot_legacy,full3,conservative,63,ALL,165,0,0.435,2.81,0.345
stock_minus_mixed,slot_legacy,full3,conservative,63,P1,91,0,0.599,2.5,0.363
stock_minus_mixed,slot_legacy,full3,conservative,63,P2,74,0,0.233,1.62,0.324
stock_minus_mixed,slot_zero,full3,conservative,63,ALL,165,0,0.435,2.8,0.345
stock_minus_mixed,slot_zero,full3,conservative,63,P1,91,0,0.6,2.49,0.363
stock_minus_mixed,slot_zero,full3,conservative,63,P2,74,0,0.232,1.62,0.324
stock_minus_mixed,slot_loss,full3,conservative,63,ALL,165,0,0.337,2.39,0.327
stock_minus_mixed,slot_loss,full3,conservative,63,P1,91,0,0.479,2.29,0.341
stock_minus_mixed,slot_loss,full3,conservative,63,P2,74,0,0.163,1.03,0.311
variant_minus_baseline_mixed,slot,full3,conservative,5,ALL,176,0,0.029,0.63,0.528
variant_minus_baseline_mixed,slot,full3,conservative,5,P1,91,0,0.034,0.72,0.527
variant_minus_baseline_mixed,slot,full3,conservative,5,P2,85,0,0.023,0.28,0.529
variant_minus_baseline_mixed,slot_legacy,full3,conservative,5,ALL,176,0,0.03,0.65,0.528
variant_minus_baseline_mixed,slot_legacy,full3,conservative,5,P1,91,0,0.036,0.76,0.527
variant_minus_baseline_mixed,slot_legacy,full3,conservative,5,P2,85,0,0.023,0.29,0.529
variant_minus_baseline_mixed,slot_zero,full3,conservative,5,ALL,176,0,0.028,0.61,0.528
variant_minus_baseline_mixed,slot_zero,full3,conservative,5,P1,91,0,0.034,0.72,0.527
variant_minus_baseline_mixed,slot_zero,full3,conservative,5,P2,85,0,0.021,0.27,0.529
variant_minus_baseline_mixed,slot_loss,full3,conservative,5,ALL,176,0,-0.019,-0.32,0.506
variant_minus_baseline_mixed,slot_loss,full3,conservative,5,P1,91,0,-0.039,-0.61,0.495
variant_minus_baseline_mixed,slot_loss,full3,conservative,5,P2,85,0,0.002,0.02,0.518
variant_minus_baseline_mixed,slot,full3,conservative,20,ALL,173,0,0.294,2.54,0.572
variant_minus_baseline_mixed,slot,full3,conservative,20,P1,91,0,0.209,1.57,0.604
variant_minus_baseline_mixed,slot,full3,conservative,20,P2,82,0,0.39,2.02,0.537
variant_minus_baseline_mixed,slot_legacy,full3,conservative,20,ALL,173,0,0.297,2.55,0.584
variant_minus_baseline_mixed,slot_legacy,full3,conservative,20,P1,91,0,0.21,1.59,0.626
variant_minus_baseline_mixed,slot_legacy,full3,conservative,20,P2,82,0,0.393,2.02,0.537
variant_minus_baseline_mixed,slot_zero,full3,conservative,20,ALL,173,0,0.292,2.53,0.578
variant_minus_baseline_mixed,slot_zero,full3,conservative,20,P1,91,0,0.206,1.56,0.615
variant_minus_baseline_mixed,slot_zero,full3,conservative,20,P2,82,0,0.388,2.02,0.537
variant_minus_baseline_mixed,slot_loss,full3,conservative,20,ALL,173,0,0.152,1.06,0.538
variant_minus_baseline_mixed,slot_loss,full3,conservative,20,P1,91,0,0.095,0.57,0.571
variant_minus_baseline_mixed,slot_loss,full3,conservative,20,P2,82,0,0.214,0.9,0.5
variant_minus_baseline_mixed,slot,full3,conservative,63,ALL,165,0,0.076,0.45,0.473
variant_minus_baseline_mixed,slot,full3,conservative,63,P1,91,0,0.147,0.62,0.473
variant_minus_baseline_mixed,slot,full3,conservative,63,P2,74,0,-0.012,-0.05,0.473
variant_minus_baseline_mixed,slot_legacy,full3,conservative,63,ALL,165,0,0.104,0.61,0.497
variant_minus_baseline_mixed,slot_legacy,full3,conservative,63,P1,91,0,0.164,0.7,0.495
variant_minus_baseline_mixed,slot_legacy,full3,conservative,63,P2,74,0,0.03,0.12,0.5
variant_minus_baseline_mixed,slot_zero,full3,conservative,63,ALL,165,0,0.11,0.61,0.485
variant_minus_baseline_mixed,slot_zero,full3,conservative,63,P1,91,0,0.151,0.63,0.473
variant_minus_baseline_mixed,slot_zero,full3,conservative,63,P2,74,0,0.058,0.22,0.5
variant_minus_baseline_mixed,slot_loss,full3,conservative,63,ALL,165,0,-0.451,-2.04,0.448
variant_minus_baseline_mixed,slot_loss,full3,conservative,63,P1,91,0,-0.276,-1.53,0.418
variant_minus_baseline_mixed,slot_loss,full3,conservative,63,P2,74,0,-0.666,-1.62,0.486
variant_minus_baseline_stock,slot,full3,conservative,5,ALL,176,0,0.048,1.05,0.517
variant_minus_baseline_stock,slot,full3,conservative,5,P1,91,0,0.068,1.44,0.527
variant_minus_baseline_stock,slot,full3,conservative,5,P2,85,0,0.027,0.34,0.506
variant_minus_baseline_stock,slot_legacy,full3,conservative,5,ALL,176,0,0.049,1.07,0.523
variant_minus_baseline_stock,slot_legacy,full3,conservative,5,P1,91,0,0.069,1.48,0.538
variant_minus_baseline_stock,slot_legacy,full3,conservative,5,P2,85,0,0.027,0.34,0.506
variant_minus_baseline_stock,slot_zero,full3,conservative,5,ALL,176,0,0.047,1.04,0.517
variant_minus_baseline_stock,slot_zero,full3,conservative,5,P1,91,0,0.067,1.44,0.527
variant_minus_baseline_stock,slot_zero,full3,conservative,5,P2,85,0,0.025,0.32,0.506
variant_minus_baseline_stock,slot_loss,full3,conservative,5,ALL,176,0,-0.0,-0.0,0.5
variant_minus_baseline_stock,slot_loss,full3,conservative,5,P1,91,0,-0.006,-0.09,0.505
variant_minus_baseline_stock,slot_loss,full3,conservative,5,P2,85,0,0.006,0.06,0.494
variant_minus_baseline_stock,slot,full3,conservative,20,ALL,173,0,0.332,2.8,0.566
variant_minus_baseline_stock,slot,full3,conservative,20,P1,91,0,0.256,1.91,0.593
variant_minus_baseline_stock,slot,full3,conservative,20,P2,82,0,0.417,2.09,0.537
variant_minus_baseline_stock,slot_legacy,full3,conservative,20,ALL,173,0,0.334,2.8,0.572
variant_minus_baseline_stock,slot_legacy,full3,conservative,20,P1,91,0,0.258,1.92,0.604
variant_minus_baseline_stock,slot_legacy,full3,conservative,20,P2,82,0,0.419,2.08,0.537
variant_minus_baseline_stock,slot_zero,full3,conservative,20,ALL,173,0,0.329,2.79,0.566
variant_minus_baseline_stock,slot_zero,full3,conservative,20,P1,91,0,0.253,1.9,0.593
variant_minus_baseline_stock,slot_zero,full3,conservative,20,P2,82,0,0.413,2.08,0.537
variant_minus_baseline_stock,slot_loss,full3,conservative,20,ALL,173,0,0.218,1.47,0.538
variant_minus_baseline_stock,slot_loss,full3,conservative,20,P1,91,0,0.161,1.0,0.56
variant_minus_baseline_stock,slot_loss,full3,conservative,20,P2,82,0,0.282,1.1,0.512
variant_minus_baseline_stock,slot,full3,conservative,63,ALL,165,0,0.176,1.04,0.497
variant_minus_baseline_stock,slot,full3,conservative,63,P1,91,0,0.273,1.18,0.495
variant_minus_baseline_stock,slot,full3,conservative,63,P2,74,0,0.057,0.24,0.5
variant_minus_baseline_stock,slot_legacy,full3,conservative,63,ALL,165,0,0.211,1.25,0.515
variant_minus_baseline_stock,slot_legacy,full3,conservative,63,P1,91,0,0.29,1.27,0.516
variant_minus_baseline_stock,slot_legacy,full3,conservative,63,P2,74,0,0.114,0.47,0.514
variant_minus_baseline_stock,slot_zero,full3,conservative,63,ALL,165,0,0.21,1.2,0.509
variant_minus_baseline_stock,slot_zero,full3,conservative,63,P1,91,0,0.276,1.19,0.505
variant_minus_baseline_stock,slot_zero,full3,conservative,63,P2,74,0,0.128,0.49,0.514
variant_minus_baseline_stock,slot_loss,full3,conservative,63,ALL,165,0,-0.341,-1.55,0.473
variant_minus_baseline_stock,slot_loss,full3,conservative,63,P1,91,0,-0.193,-1.15,0.44
variant_minus_baseline_stock,slot_loss,full3,conservative,63,P2,74,0,-0.523,-1.23,0.514
level_mixed,slot,full3,balanced,5,ALL,176,0,-0.037,-0.21,0.54
level_mixed,slot,full3,balanced,5,P1,91,0,-0.132,-0.68,0.484
level_mixed,slot,full3,balanced,5,P2,85,0,0.065,0.21,0.6
level_mixed,slot_legacy,full3,balanced,5,ALL,176,0,-0.039,-0.22,0.54
level_mixed,slot_legacy,full3,balanced,5,P1,91,0,-0.134,-0.69,0.484
level_mixed,slot_legacy,full3,balanced,5,P2,85,0,0.063,0.21,0.6
level_mixed,slot_zero,full3,balanced,5,ALL,176,0,-0.038,-0.21,0.54
level_mixed,slot_zero,full3,balanced,5,P1,91,0,-0.132,-0.68,0.484
level_mixed,slot_zero,full3,balanced,5,P2,85,0,0.062,0.21,0.6
level_mixed,slot_loss,full3,balanced,5,ALL,176,0,-0.334,-1.73,0.506
level_mixed,slot_loss,full3,balanced,5,P1,91,0,-0.448,-1.99,0.451
level_mixed,slot_loss,full3,balanced,5,P2,85,0,-0.211,-0.66,0.565
level_mixed,slot,full3,balanced,20,ALL,173,0,-0.183,-0.36,0.445
level_mixed,slot,full3,balanced,20,P1,91,0,-0.356,-0.62,0.352
level_mixed,slot,full3,balanced,20,P2,82,0,0.01,0.01,0.549
level_mixed,slot_legacy,full3,balanced,20,ALL,173,0,-0.203,-0.41,0.445
level_mixed,slot_legacy,full3,balanced,20,P1,91,0,-0.357,-0.63,0.352
level_mixed,slot_legacy,full3,balanced,20,P2,82,0,-0.031,-0.04,0.549
level_mixed,slot_zero,full3,balanced,20,ALL,173,0,-0.186,-0.37,0.445
level_mixed,slot_zero,full3,balanced,20,P1,91,0,-0.351,-0.61,0.352
level_mixed,slot_zero,full3,balanced,20,P2,82,0,-0.003,-0.0,0.549
level_mixed,slot_loss,full3,balanced,20,ALL,173,0,-1.56,-2.83,0.347
level_mixed,slot_loss,full3,balanced,20,P1,91,0,-1.67,-2.39,0.308
level_mixed,slot_loss,full3,balanced,20,P2,82,0,-1.439,-1.66,0.39
level_mixed,slot,full3,balanced,63,ALL,165,0,-0.306,-0.21,0.455
level_mixed,slot,full3,balanced,63,P1,91,0,-1.306,-1.98,0.352
level_mixed,slot,full3,balanced,63,P2,74,0,0.924,0.3,0.581
level_mixed,slot_legacy,full3,balanced,63,ALL,165,0,-0.238,-0.16,0.479
level_mixed,slot_legacy,full3,balanced,63,P1,91,0,-1.201,-1.71,0.396
level_mixed,slot_legacy,full3,balanced,63,P2,74,0,0.946,0.31,0.581
level_mixed,slot_zero,full3,balanced,63,ALL,165,0,-0.381,-0.28,0.455
level_mixed,slot_zero,full3,balanced,63,P1,91,0,-1.274,-1.97,0.352
level_mixed,slot_zero,full3,balanced,63,P2,74,0,0.717,0.25,0.581
level_mixed,slot_loss,full3,balanced,63,ALL,165,0,-4.37,-3.43,0.285
level_mixed,slot_loss,full3,balanced,63,P1,91,0,-4.66,-4.61,0.22
level_mixed,slot_loss,full3,balanced,63,P2,74,0,-4.014,-1.58,0.365
level_stock,slot,full3,balanced,5,ALL,176,0,-0.014,-0.08,0.545
level_stock,slot,full3,balanced,5,P1,91,0,-0.109,-0.55,0.516
level_stock,slot,full3,balanced,5,P2,85,0,0.088,0.27,0.576
level_stock,slot_legacy,full3,balanced,5,ALL,176,0,-0.018,-0.1,0.545
level_stock,slot_legacy,full3,balanced,5,P1,91,0,-0.112,-0.56,0.516
level_stock,slot_legacy,full3,balanced,5,P2,85,0,0.081,0.25,0.576
level_stock,slot_zero,full3,balanced,5,ALL,176,0,-0.017,-0.09,0.545
level_stock,slot_zero,full3,balanced,5,P1,91,0,-0.11,-0.56,0.516
level_stock,slot_zero,full3,balanced,5,P2,85,0,0.082,0.25,0.576
level_stock,slot_loss,full3,balanced,5,ALL,176,0,-0.417,-2.06,0.477
level_stock,slot_loss,full3,balanced,5,P1,91,0,-0.5,-2.17,0.451
level_stock,slot_loss,full3,balanced,5,P2,85,0,-0.328,-0.97,0.506
level_stock,slot,full3,balanced,20,ALL,173,0,-0.031,-0.06,0.48
level_stock,slot,full3,balanced,20,P1,91,0,-0.042,-0.07,0.418
level_stock,slot,full3,balanced,20,P2,82,0,-0.019,-0.02,0.549
level_stock,slot_legacy,full3,balanced,20,ALL,173,0,-0.056,-0.11,0.48
level_stock,slot_legacy,full3,balanced,20,P1,91,0,-0.048,-0.08,0.418
level_stock,slot_legacy,full3,balanced,20,P2,82,0,-0.065,-0.07,0.549
level_stock,slot_zero,full3,balanced,20,ALL,173,0,-0.038,-0.07,0.48
level_stock,slot_zero,full3,balanced,20,P1,91,0,-0.042,-0.07,0.418
level_stock,slot_zero,full3,balanced,20,P2,82,0,-0.034,-0.04,0.549
level_stock,slot_loss,full3,balanced,20,ALL,173,0,-1.678,-2.84,0.358
level_stock,slot_loss,full3,balanced,20,P1,91,0,-1.623,-2.2,0.341
level_stock,slot_loss,full3,balanced,20,P2,82,0,-1.738,-1.85,0.378
level_stock,slot,full3,balanced,63,ALL,165,0,0.896,0.58,0.564
level_stock,slot,full3,balanced,63,P1,91,0,0.247,0.28,0.516
level_stock,slot,full3,balanced,63,P2,74,0,1.693,0.53,0.622
level_stock,slot_legacy,full3,balanced,63,ALL,165,0,0.943,0.61,0.582
level_stock,slot_legacy,full3,balanced,63,P1,91,0,0.312,0.35,0.549
level_stock,slot_legacy,full3,balanced,63,P2,74,0,1.719,0.54,0.622
level_stock,slot_zero,full3,balanced,63,ALL,165,0,0.771,0.53,0.564
level_stock,slot_zero,full3,balanced,63,P1,91,0,0.242,0.29,0.516
level_stock,slot_zero,full3,balanced,63,P2,74,0,1.421,0.48,0.622
level_stock,slot_loss,full3,balanced,63,ALL,165,0,-3.802,-2.64,0.315
level_stock,slot_loss,full3,balanced,63,P1,91,0,-3.804,-2.75,0.286
level_stock,slot_loss,full3,balanced,63,P2,74,0,-3.8,-1.4,0.351
stock_minus_mixed,slot,full3,balanced,5,ALL,176,0,0.023,0.47,0.42
stock_minus_mixed,slot,full3,balanced,5,P1,91,0,0.023,0.29,0.418
stock_minus_mixed,slot,full3,balanced,5,P2,85,0,0.023,0.41,0.424
stock_minus_mixed,slot_legacy,full3,balanced,5,ALL,176,0,0.02,0.42,0.415
stock_minus_mixed,slot_legacy,full3,balanced,5,P1,91,0,0.022,0.28,0.407
stock_minus_mixed,slot_legacy,full3,balanced,5,P2,85,0,0.018,0.34,0.424
stock_minus_mixed,slot_zero,full3,balanced,5,ALL,176,0,0.021,0.43,0.415
stock_minus_mixed,slot_zero,full3,balanced,5,P1,91,0,0.022,0.28,0.407
stock_minus_mixed,slot_zero,full3,balanced,5,P2,85,0,0.02,0.36,0.424
stock_minus_mixed,slot_loss,full3,balanced,5,ALL,176,0,-0.083,-1.36,0.398
stock_minus_mixed,slot_loss,full3,balanced,5,P1,91,0,-0.052,-0.61,0.385
stock_minus_mixed,slot_loss,full3,balanced,5,P2,85,0,-0.117,-1.32,0.412
stock_minus_mixed,slot,full3,balanced,20,ALL,173,0,0.152,1.44,0.41
stock_minus_mixed,slot,full3,balanced,20,P1,91,0,0.314,1.98,0.44
stock_minus_mixed,slot,full3,balanced,20,P2,82,0,-0.029,-0.23,0.378
stock_minus_mixed,slot_legacy,full3,balanced,20,ALL,173,0,0.146,1.41,0.41
stock_minus_mixed,slot_legacy,full3,balanced,20,P1,91,0,0.309,1.97,0.44
stock_minus_mixed,slot_legacy,full3,balanced,20,P2,82,0,-0.034,-0.28,0.378
stock_minus_mixed,slot_zero,full3,balanced,20,ALL,173,0,0.148,1.41,0.41
stock_minus_mixed,slot_zero,full3,balanced,20,P1,91,0,0.309,1.97,0.44
stock_minus_mixed,slot_zero,full3,balanced,20,P2,82,0,-0.032,-0.26,0.378
stock_minus_mixed,slot_loss,full3,balanced,20,ALL,173,0,-0.117,-0.89,0.358
stock_minus_mixed,slot_loss,full3,balanced,20,P1,91,0,0.047,0.28,0.374
stock_minus_mixed,slot_loss,full3,balanced,20,P2,82,0,-0.299,-1.53,0.341
stock_minus_mixed,slot,full3,balanced,63,ALL,165,0,1.201,2.73,0.533
stock_minus_mixed,slot,full3,balanced,63,P1,91,0,1.553,2.1,0.56
stock_minus_mixed,slot,full3,balanced,63,P2,74,0,0.769,3.1,0.5
stock_minus_mixed,slot_legacy,full3,balanced,63,ALL,165,0,1.181,2.7,0.533
stock_minus_mixed,slot_legacy,full3,balanced,63,P1,91,0,1.513,2.06,0.56
stock_minus_mixed,slot_legacy,full3,balanced,63,P2,74,0,0.773,3.07,0.5
stock_minus_mixed,slot_zero,full3,balanced,63,ALL,165,0,1.152,2.64,0.533
stock_minus_mixed,slot_zero,full3,balanced,63,P1,91,0,1.516,2.07,0.56
stock_minus_mixed,slot_zero,full3,balanced,63,P2,74,0,0.705,3.04,0.5
stock_minus_mixed,slot_loss,full3,balanced,63,ALL,165,0,0.568,1.26,0.43
stock_minus_mixed,slot_loss,full3,balanced,63,P1,91,0,0.857,1.12,0.451
stock_minus_mixed,slot_loss,full3,balanced,63,P2,74,0,0.214,0.76,0.405
variant_minus_baseline_mixed,slot,full3,balanced,5,ALL,176,0,0.068,1.32,0.545
variant_minus_baseline_mixed,slot,full3,balanced,5,P1,91,0,0.08,1.33,0.549
variant_minus_baseline_mixed,slot,full3,balanced,5,P2,85,0,0.056,0.66,0.541
variant_minus_baseline_mixed,slot_legacy,full3,balanced,5,ALL,176,0,0.07,1.35,0.551
variant_minus_baseline_mixed,slot_legacy,full3,balanced,5,P1,91,0,0.079,1.31,0.549
variant_minus_baseline_mixed,slot_legacy,full3,balanced,5,P2,85,0,0.06,0.7,0.553
variant_minus_baseline_mixed,slot_zero,full3,balanced,5,ALL,176,0,0.069,1.35,0.545
variant_minus_baseline_mixed,slot_zero,full3,balanced,5,P1,91,0,0.081,1.35,0.549
variant_minus_baseline_mixed,slot_zero,full3,balanced,5,P2,85,0,0.058,0.68,0.541
variant_minus_baseline_mixed,slot_loss,full3,balanced,5,ALL,176,0,0.23,3.01,0.574
variant_minus_baseline_mixed,slot_loss,full3,balanced,5,P1,91,0,0.246,2.55,0.582
variant_minus_baseline_mixed,slot_loss,full3,balanced,5,P2,85,0,0.212,1.77,0.565
variant_minus_baseline_mixed,slot,full3,balanced,20,ALL,173,0,0.167,1.48,0.555
variant_minus_baseline_mixed,slot,full3,balanced,20,P1,91,0,0.142,1.13,0.549
variant_minus_baseline_mixed,slot,full3,balanced,20,P2,82,0,0.194,1.01,0.561
variant_minus_baseline_mixed,slot_legacy,full3,balanced,20,ALL,173,0,0.158,1.44,0.538
variant_minus_baseline_mixed,slot_legacy,full3,balanced,20,P1,91,0,0.142,1.12,0.516
variant_minus_baseline_mixed,slot_legacy,full3,balanced,20,P2,82,0,0.177,0.95,0.561
variant_minus_baseline_mixed,slot_zero,full3,balanced,20,ALL,173,0,0.163,1.47,0.543
variant_minus_baseline_mixed,slot_zero,full3,balanced,20,P1,91,0,0.14,1.12,0.527
variant_minus_baseline_mixed,slot_zero,full3,balanced,20,P2,82,0,0.189,1.0,0.561
variant_minus_baseline_mixed,slot_loss,full3,balanced,20,ALL,173,0,0.642,3.18,0.601
variant_minus_baseline_mixed,slot_loss,full3,balanced,20,P1,91,0,0.698,2.36,0.593
variant_minus_baseline_mixed,slot_loss,full3,balanced,20,P2,82,0,0.58,2.14,0.61
variant_minus_baseline_mixed,slot,full3,balanced,63,ALL,165,0,0.367,1.33,0.491
variant_minus_baseline_mixed,slot,full3,balanced,63,P1,91,0,-0.01,-0.03,0.451
variant_minus_baseline_mixed,slot,full3,balanced,63,P2,74,0,0.83,1.9,0.541
variant_minus_baseline_mixed,slot_legacy,full3,balanced,63,ALL,165,0,0.327,1.25,0.485
variant_minus_baseline_mixed,slot_legacy,full3,balanced,63,P1,91,0,0.003,0.01,0.44
variant_minus_baseline_mixed,slot_legacy,full3,balanced,63,P2,74,0,0.724,1.73,0.541
variant_minus_baseline_mixed,slot_zero,full3,balanced,63,ALL,165,0,0.334,1.26,0.485
variant_minus_baseline_mixed,slot_zero,full3,balanced,63,P1,91,0,-0.005,-0.02,0.451
variant_minus_baseline_mixed,slot_zero,full3,balanced,63,P2,74,0,0.751,1.75,0.527
variant_minus_baseline_mixed,slot_loss,full3,balanced,63,ALL,165,0,1.004,2.99,0.576
variant_minus_baseline_mixed,slot_loss,full3,balanced,63,P1,91,0,0.644,1.43,0.538
variant_minus_baseline_mixed,slot_loss,full3,balanced,63,P2,74,0,1.448,3.35,0.622
variant_minus_baseline_stock,slot,full3,balanced,5,ALL,176,0,0.019,0.34,0.494
variant_minus_baseline_stock,slot,full3,balanced,5,P1,91,0,0.006,0.09,0.473
variant_minus_baseline_stock,slot,full3,balanced,5,P2,85,0,0.034,0.37,0.518
variant_minus_baseline_stock,slot_legacy,full3,balanced,5,ALL,176,0,0.019,0.33,0.494
variant_minus_baseline_stock,slot_legacy,full3,balanced,5,P1,91,0,0.005,0.08,0.473
variant_minus_baseline_stock,slot_legacy,full3,balanced,5,P2,85,0,0.033,0.35,0.518
variant_minus_baseline_stock,slot_zero,full3,balanced,5,ALL,176,0,0.02,0.36,0.494
variant_minus_baseline_stock,slot_zero,full3,balanced,5,P1,91,0,0.008,0.12,0.473
variant_minus_baseline_stock,slot_zero,full3,balanced,5,P2,85,0,0.034,0.37,0.518
variant_minus_baseline_stock,slot_loss,full3,balanced,5,ALL,176,0,0.124,1.69,0.523
variant_minus_baseline_stock,slot_loss,full3,balanced,5,P1,91,0,0.136,1.47,0.516
variant_minus_baseline_stock,slot_loss,full3,balanced,5,P2,85,0,0.111,0.96,0.529
variant_minus_baseline_stock,slot,full3,balanced,20,ALL,173,0,0.039,0.34,0.497
variant_minus_baseline_stock,slot,full3,balanced,20,P1,91,0,-0.087,-0.69,0.462
variant_minus_baseline_stock,slot,full3,balanced,20,P2,82,0,0.179,0.93,0.537
variant_minus_baseline_stock,slot_legacy,full3,balanced,20,ALL,173,0,0.031,0.29,0.486
variant_minus_baseline_stock,slot_legacy,full3,balanced,20,P1,91,0,-0.077,-0.63,0.451
variant_minus_baseline_stock,slot_legacy,full3,balanced,20,P2,82,0,0.151,0.83,0.524
variant_minus_baseline_stock,slot_zero,full3,balanced,20,ALL,173,0,0.034,0.31,0.486
variant_minus_baseline_stock,slot_zero,full3,balanced,20,P1,91,0,-0.084,-0.68,0.44
variant_minus_baseline_stock,slot_zero,full3,balanced,20,P2,82,0,0.165,0.89,0.537
variant_minus_baseline_stock,slot_loss,full3,balanced,20,ALL,173,0,0.677,3.0,0.549
variant_minus_baseline_stock,slot_loss,full3,balanced,20,P1,91,0,0.623,2.11,0.527
variant_minus_baseline_stock,slot_loss,full3,balanced,20,P2,82,0,0.736,2.14,0.573
variant_minus_baseline_stock,slot,full3,balanced,63,ALL,165,0,0.13,0.45,0.503
variant_minus_baseline_stock,slot,full3,balanced,63,P1,91,0,-0.386,-1.27,0.418
variant_minus_baseline_stock,slot,full3,balanced,63,P2,74,0,0.765,1.92,0.608
variant_minus_baseline_stock,slot_legacy,full3,balanced,63,ALL,165,0,0.103,0.38,0.485
variant_minus_baseline_stock,slot_legacy,full3,balanced,63,P1,91,0,-0.37,-1.33,0.407
variant_minus_baseline_stock,slot_legacy,full3,balanced,63,P2,74,0,0.683,1.71,0.581
variant_minus_baseline_stock,slot_zero,full3,balanced,63,ALL,165,0,0.082,0.3,0.497
variant_minus_baseline_stock,slot_zero,full3,balanced,63,P1,91,0,-0.374,-1.31,0.418
variant_minus_baseline_stock,slot_zero,full3,balanced,63,P2,74,0,0.643,1.62,0.595
variant_minus_baseline_stock,slot_loss,full3,balanced,63,ALL,165,0,1.219,2.84,0.606
variant_minus_baseline_stock,slot_loss,full3,balanced,63,P1,91,0,0.715,1.29,0.56
variant_minus_baseline_stock,slot_loss,full3,balanced,63,P2,74,0,1.838,3.18,0.662
level_mixed,slot,full3,aggressive,5,ALL,176,0,-0.09,-0.46,0.511
level_mixed,slot,full3,aggressive,5,P1,91,0,-0.111,-0.52,0.462
level_mixed,slot,full3,aggressive,5,P2,85,0,-0.068,-0.2,0.565
level_mixed,slot_legacy,full3,aggressive,5,ALL,176,0,-0.093,-0.47,0.511
level_mixed,slot_legacy,full3,aggressive,5,P1,91,0,-0.115,-0.54,0.462
level_mixed,slot_legacy,full3,aggressive,5,P2,85,0,-0.07,-0.21,0.565
level_mixed,slot_zero,full3,aggressive,5,ALL,176,0,-0.092,-0.47,0.511
level_mixed,slot_zero,full3,aggressive,5,P1,91,0,-0.113,-0.53,0.462
level_mixed,slot_zero,full3,aggressive,5,P2,85,0,-0.069,-0.21,0.565
level_mixed,slot_loss,full3,aggressive,5,ALL,176,0,-0.398,-1.89,0.466
level_mixed,slot_loss,full3,aggressive,5,P1,91,0,-0.41,-1.79,0.407
level_mixed,slot_loss,full3,aggressive,5,P2,85,0,-0.385,-1.07,0.529
level_mixed,slot,full3,aggressive,20,ALL,173,0,-0.383,-0.69,0.434
level_mixed,slot,full3,aggressive,20,P1,91,0,-0.451,-0.78,0.363
level_mixed,slot,full3,aggressive,20,P2,82,0,-0.308,-0.32,0.512
level_mixed,slot_legacy,full3,aggressive,20,ALL,173,0,-0.406,-0.74,0.434
level_mixed,slot_legacy,full3,aggressive,20,P1,91,0,-0.453,-0.78,0.363
level_mixed,slot_legacy,full3,aggressive,20,P2,82,0,-0.355,-0.37,0.512
level_mixed,slot_zero,full3,aggressive,20,ALL,173,0,-0.386,-0.7,0.434
level_mixed,slot_zero,full3,aggressive,20,P1,91,0,-0.448,-0.77,0.363
level_mixed,slot_zero,full3,aggressive,20,P2,82,0,-0.318,-0.33,0.512
level_mixed,slot_loss,full3,aggressive,20,ALL,173,0,-1.697,-2.92,0.329
level_mixed,slot_loss,full3,aggressive,20,P1,91,0,-1.599,-2.39,0.264
level_mixed,slot_loss,full3,aggressive,20,P2,82,0,-1.805,-1.84,0.402
level_mixed,slot,full3,aggressive,63,ALL,165,0,-0.891,-0.59,0.394
level_mixed,slot,full3,aggressive,63,P1,91,0,-1.647,-2.2,0.319
level_mixed,slot,full3,aggressive,63,P2,74,0,0.039,0.01,0.486
level_mixed,slot_legacy,full3,aggressive,63,ALL,165,0,-0.771,-0.5,0.4
level_mixed,slot_legacy,full3,aggressive,63,P1,91,0,-1.503,-1.89,0.33
level_mixed,slot_legacy,full3,aggressive,63,P2,74,0,0.129,0.04,0.486
level_mixed,slot_zero,full3,aggressive,63,ALL,165,0,-0.948,-0.66,0.394
level_mixed,slot_zero,full3,aggressive,63,P1,91,0,-1.617,-2.21,0.319
level_mixed,slot_zero,full3,aggressive,63,P2,74,0,-0.125,-0.04,0.486
level_mixed,slot_loss,full3,aggressive,63,ALL,165,0,-4.873,-3.88,0.236
level_mixed,slot_loss,full3,aggressive,63,P1,91,0,-4.707,-4.99,0.187
level_mixed,slot_loss,full3,aggressive,63,P2,74,0,-5.076,-1.99,0.297
level_stock,slot,full3,aggressive,5,ALL,176,0,-0.04,-0.19,0.54
level_stock,slot,full3,aggressive,5,P1,91,0,-0.058,-0.27,0.516
level_stock,slot,full3,aggressive,5,P2,85,0,-0.02,-0.06,0.565
level_stock,slot_legacy,full3,aggressive,5,ALL,176,0,-0.044,-0.22,0.54
level_stock,slot_legacy,full3,aggressive,5,P1,91,0,-0.061,-0.28,0.516
level_stock,slot_legacy,full3,aggressive,5,P2,85,0,-0.026,-0.07,0.565
level_stock,slot_zero,full3,aggressive,5,ALL,176,0,-0.044,-0.21,0.54
level_stock,slot_zero,full3,aggressive,5,P1,91,0,-0.06,-0.28,0.516
level_stock,slot_zero,full3,aggressive,5,P2,85,0,-0.026,-0.07,0.565
level_stock,slot_loss,full3,aggressive,5,ALL,176,0,-0.424,-1.93,0.489
level_stock,slot_loss,full3,aggressive,5,P1,91,0,-0.412,-1.72,0.462
level_stock,slot_loss,full3,aggressive,5,P2,85,0,-0.437,-1.16,0.518
level_stock,slot,full3,aggressive,20,ALL,173,0,-0.129,-0.23,0.491
level_stock,slot,full3,aggressive,20,P1,91,0,-0.058,-0.1,0.418
level_stock,slot,full3,aggressive,20,P2,82,0,-0.208,-0.21,0.573
level_stock,slot_legacy,full3,aggressive,20,ALL,173,0,-0.17,-0.3,0.48
level_stock,slot_legacy,full3,aggressive,20,P1,91,0,-0.073,-0.12,0.407
level_stock,slot_legacy,full3,aggressive,20,P2,82,0,-0.277,-0.28,0.561
level_stock,slot_zero,full3,aggressive,20,ALL,173,0,-0.143,-0.25,0.486
level_stock,slot_zero,full3,aggressive,20,P1,91,0,-0.057,-0.1,0.407
level_stock,slot_zero,full3,aggressive,20,P2,82,0,-0.237,-0.24,0.573
level_stock,slot_loss,full3,aggressive,20,ALL,173,0,-1.798,-2.89,0.341
level_stock,slot_loss,full3,aggressive,20,P1,91,0,-1.608,-2.22,0.319
level_stock,slot_loss,full3,aggressive,20,P2,82,0,-2.009,-1.94,0.366
level_stock,slot,full3,aggressive,63,ALL,165,0,0.472,0.29,0.479
level_stock,slot,full3,aggressive,63,P1,91,0,0.062,0.06,0.451
level_stock,slot,full3,aggressive,63,P2,74,0,0.977,0.29,0.514
level_stock,slot_legacy,full3,aggressive,63,ALL,165,0,0.542,0.33,0.491
level_stock,slot_legacy,full3,aggressive,63,P1,91,0,0.171,0.17,0.462
level_stock,slot_legacy,full3,aggressive,63,P2,74,0,0.997,0.3,0.527
level_stock,slot_zero,full3,aggressive,63,ALL,165,0,0.371,0.24,0.479
level_stock,slot_zero,full3,aggressive,63,P1,91,0,0.07,0.07,0.451
level_stock,slot_zero,full3,aggressive,63,P2,74,0,0.741,0.23,0.514
level_stock,slot_loss,full3,aggressive,63,ALL,165,0,-4.307,-2.9,0.291
level_stock,slot_loss,full3,aggressive,63,P1,91,0,-3.829,-2.76,0.264
level_stock,slot_loss,full3,aggressive,63,P2,74,0,-4.894,-1.73,0.324
stock_minus_mixed,slot,full3,aggressive,5,ALL,176,0,0.05,0.95,0.494
stock_minus_mixed,slot,full3,aggressive,5,P1,91,0,0.052,0.61,0.505
stock_minus_mixed,slot,full3,aggressive,5,P2,85,0,0.048,0.78,0.482
stock_minus_mixed,slot_legacy,full3,aggressive,5,ALL,176,0,0.049,0.92,0.494
stock_minus_mixed,slot_legacy,full3,aggressive,5,P1,91,0,0.054,0.63,0.505
stock_minus_mixed,slot_legacy,full3,aggressive,5,P2,85,0,0.044,0.72,0.482
stock_minus_mixed,slot_zero,full3,aggressive,5,ALL,176,0,0.048,0.91,0.494
stock_minus_mixed,slot_zero,full3,aggressive,5,P1,91,0,0.053,0.62,0.505
stock_minus_mixed,slot_zero,full3,aggressive,5,P2,85,0,0.043,0.7,0.482
stock_minus_mixed,slot_loss,full3,aggressive,5,ALL,176,0,-0.026,-0.42,0.477
stock_minus_mixed,slot_loss,full3,aggressive,5,P1,91,0,-0.002,-0.02,0.495
stock_minus_mixed,slot_loss,full3,aggressive,5,P2,85,0,-0.052,-0.66,0.459
stock_minus_mixed,slot,full3,aggressive,20,ALL,173,0,0.254,2.4,0.532
stock_minus_mixed,slot,full3,aggressive,20,P1,91,0,0.393,2.77,0.582
stock_minus_mixed,slot,full3,aggressive,20,P2,82,0,0.099,0.66,0.476
stock_minus_mixed,slot_legacy,full3,aggressive,20,ALL,173,0,0.236,2.29,0.52
stock_minus_mixed,slot_legacy,full3,aggressive,20,P1,91,0,0.38,2.7,0.56
stock_minus_mixed,slot_legacy,full3,aggressive,20,P2,82,0,0.077,0.54,0.476
stock_minus_mixed,slot_zero,full3,aggressive,20,ALL,173,0,0.244,2.35,0.532
stock_minus_mixed,slot_zero,full3,aggressive,20,P1,91,0,0.39,2.79,0.582
stock_minus_mixed,slot_zero,full3,aggressive,20,P2,82,0,0.081,0.55,0.476
stock_minus_mixed,slot_loss,full3,aggressive,20,ALL,173,0,-0.102,-0.7,0.457
stock_minus_mixed,slot_loss,full3,aggressive,20,P1,91,0,-0.009,-0.05,0.505
stock_minus_mixed,slot_loss,full3,aggressive,20,P2,82,0,-0.204,-0.98,0.402
stock_minus_mixed,slot,full3,aggressive,63,ALL,165,0,1.363,2.95,0.594
stock_minus_mixed,slot,full3,aggressive,63,P1,91,0,1.708,2.22,0.604
stock_minus_mixed,slot,full3,aggressive,63,P2,74,0,0.938,2.99,0.581
stock_minus_mixed,slot_legacy,full3,aggressive,63,ALL,165,0,1.313,2.86,0.6
stock_minus_mixed,slot_legacy,full3,aggressive,63,P1,91,0,1.674,2.19,0.604
stock_minus_mixed,slot_legacy,full3,aggressive,63,P2,74,0,0.869,3.0,0.595
stock_minus_mixed,slot_zero,full3,aggressive,63,ALL,165,0,1.319,2.88,0.606
stock_minus_mixed,slot_zero,full3,aggressive,63,P1,91,0,1.688,2.21,0.615
stock_minus_mixed,slot_zero,full3,aggressive,63,P2,74,0,0.866,2.98,0.595
stock_minus_mixed,slot_loss,full3,aggressive,63,ALL,165,0,0.566,1.18,0.485
stock_minus_mixed,slot_loss,full3,aggressive,63,P1,91,0,0.879,1.13,0.484
stock_minus_mixed,slot_loss,full3,aggressive,63,P2,74,0,0.182,0.43,0.486
variant_minus_baseline_mixed,slot,full3,aggressive,5,ALL,176,0,0.006,0.12,0.489
variant_minus_baseline_mixed,slot,full3,aggressive,5,P1,91,0,0.017,0.34,0.516
variant_minus_baseline_mixed,slot,full3,aggressive,5,P2,85,0,-0.005,-0.06,0.459
variant_minus_baseline_mixed,slot_legacy,full3,aggressive,5,ALL,176,0,0.005,0.11,0.489
variant_minus_baseline_mixed,slot_legacy,full3,aggressive,5,P1,91,0,0.015,0.31,0.516
variant_minus_baseline_mixed,slot_legacy,full3,aggressive,5,P2,85,0,-0.005,-0.05,0.459
variant_minus_baseline_mixed,slot_zero,full3,aggressive,5,ALL,176,0,0.007,0.14,0.489
variant_minus_baseline_mixed,slot_zero,full3,aggressive,5,P1,91,0,0.017,0.35,0.516
variant_minus_baseline_mixed,slot_zero,full3,aggressive,5,P2,85,0,-0.003,-0.04,0.459
variant_minus_baseline_mixed,slot_loss,full3,aggressive,5,ALL,176,0,0.109,1.7,0.517
variant_minus_baseline_mixed,slot_loss,full3,aggressive,5,P1,91,0,0.109,1.54,0.527
variant_minus_baseline_mixed,slot_loss,full3,aggressive,5,P2,85,0,0.109,1.0,0.506
variant_minus_baseline_mixed,slot,full3,aggressive,20,ALL,173,0,0.088,0.66,0.468
variant_minus_baseline_mixed,slot,full3,aggressive,20,P1,91,0,0.043,0.36,0.44
variant_minus_baseline_mixed,slot,full3,aggressive,20,P2,82,0,0.138,0.56,0.5
variant_minus_baseline_mixed,slot_legacy,full3,aggressive,20,ALL,173,0,0.082,0.63,0.48
variant_minus_baseline_mixed,slot_legacy,full3,aggressive,20,P1,91,0,0.05,0.41,0.451
variant_minus_baseline_mixed,slot_legacy,full3,aggressive,20,P2,82,0,0.118,0.49,0.512
variant_minus_baseline_mixed,slot_zero,full3,aggressive,20,ALL,173,0,0.087,0.66,0.474
variant_minus_baseline_mixed,slot_zero,full3,aggressive,20,P1,91,0,0.042,0.35,0.44
variant_minus_baseline_mixed,slot_zero,full3,aggressive,20,P2,82,0,0.137,0.57,0.512
variant_minus_baseline_mixed,slot_loss,full3,aggressive,20,ALL,173,0,0.443,2.46,0.538
variant_minus_baseline_mixed,slot_loss,full3,aggressive,20,P1,91,0,0.491,2.07,0.516
variant_minus_baseline_mixed,slot_loss,full3,aggressive,20,P2,82,0,0.391,1.43,0.561
variant_minus_baseline_mixed,slot,full3,aggressive,63,ALL,165,0,-0.04,-0.14,0.448
variant_minus_baseline_mixed,slot,full3,aggressive,63,P1,91,0,-0.285,-1.02,0.418
variant_minus_baseline_mixed,slot,full3,aggressive,63,P2,74,0,0.26,0.51,0.486
variant_minus_baseline_mixed,slot_legacy,full3,aggressive,63,ALL,165,0,-0.016,-0.06,0.455
variant_minus_baseline_mixed,slot_legacy,full3,aggressive,63,P1,91,0,-0.215,-0.78,0.44
variant_minus_baseline_mixed,slot_legacy,full3,aggressive,63,P2,74,0,0.229,0.45,0.473
variant_minus_baseline_mixed,slot_zero,full3,aggressive,63,ALL,165,0,-0.049,-0.17,0.448
variant_minus_baseline_mixed,slot_zero,full3,aggressive,63,P1,91,0,-0.277,-1.02,0.418
variant_minus_baseline_mixed,slot_zero,full3,aggressive,63,P2,74,0,0.23,0.46,0.486
variant_minus_baseline_mixed,slot_loss,full3,aggressive,63,ALL,165,0,0.365,1.23,0.491
variant_minus_baseline_mixed,slot_loss,full3,aggressive,63,P1,91,0,0.306,0.75,0.505
variant_minus_baseline_mixed,slot_loss,full3,aggressive,63,P2,74,0,0.438,1.07,0.473
variant_minus_baseline_stock,slot,full3,aggressive,5,ALL,176,0,-0.002,-0.04,0.472
variant_minus_baseline_stock,slot,full3,aggressive,5,P1,91,0,-0.032,-0.57,0.462
variant_minus_baseline_stock,slot,full3,aggressive,5,P2,85,0,0.03,0.33,0.482
variant_minus_baseline_stock,slot_legacy,full3,aggressive,5,ALL,176,0,-0.001,-0.02,0.483
variant_minus_baseline_stock,slot_legacy,full3,aggressive,5,P1,91,0,-0.031,-0.56,0.473
variant_minus_baseline_stock,slot_legacy,full3,aggressive,5,P2,85,0,0.031,0.35,0.494
variant_minus_baseline_stock,slot_zero,full3,aggressive,5,ALL,176,0,-0.001,-0.03,0.477
variant_minus_baseline_stock,slot_zero,full3,aggressive,5,P1,91,0,-0.03,-0.54,0.473
variant_minus_baseline_stock,slot_zero,full3,aggressive,5,P2,85,0,0.029,0.33,0.482
variant_minus_baseline_stock,slot_loss,full3,aggressive,5,ALL,176,0,0.083,1.2,0.511
variant_minus_baseline_stock,slot_loss,full3,aggressive,5,P1,91,0,0.044,0.56,0.505
variant_minus_baseline_stock,slot_loss,full3,aggressive,5,P2,85,0,0.124,1.09,0.518
variant_minus_baseline_stock,slot,full3,aggressive,20,ALL,173,0,0.036,0.26,0.439
variant_minus_baseline_stock,slot,full3,aggressive,20,P1,91,0,-0.098,-0.82,0.407
variant_minus_baseline_stock,slot,full3,aggressive,20,P2,82,0,0.184,0.72,0.476
variant_minus_baseline_stock,slot_legacy,full3,aggressive,20,ALL,173,0,0.011,0.09,0.422
variant_minus_baseline_stock,slot_legacy,full3,aggressive,20,P1,91,0,-0.089,-0.78,0.396
variant_minus_baseline_stock,slot_legacy,full3,aggressive,20,P2,82,0,0.123,0.5,0.451
variant_minus_baseline_stock,slot_zero,full3,aggressive,20,ALL,173,0,0.023,0.17,0.434
variant_minus_baseline_stock,slot_zero,full3,aggressive,20,P1,91,0,-0.093,-0.8,0.407
variant_minus_baseline_stock,slot_zero,full3,aggressive,20,P2,82,0,0.152,0.61,0.463
variant_minus_baseline_stock,slot_loss,full3,aggressive,20,ALL,173,0,0.367,1.93,0.497
variant_minus_baseline_stock,slot_loss,full3,aggressive,20,P1,91,0,0.257,1.21,0.516
variant_minus_baseline_stock,slot_loss,full3,aggressive,20,P2,82,0,0.489,1.52,0.476
variant_minus_baseline_stock,slot,full3,aggressive,63,ALL,165,0,-0.264,-0.86,0.43
variant_minus_baseline_stock,slot,full3,aggressive,63,P1,91,0,-0.524,-1.65,0.374
variant_minus_baseline_stock,slot,full3,aggressive,63,P2,74,0,0.056,0.11,0.5
variant_minus_baseline_stock,slot_legacy,full3,aggressive,63,ALL,165,0,-0.264,-0.87,0.436
variant_minus_baseline_stock,slot_legacy,full3,aggressive,63,P1,91,0,-0.456,-1.48,0.396
variant_minus_baseline_stock,slot_legacy,full3,aggressive,63,P2,74,0,-0.028,-0.05,0.486
variant_minus_baseline_stock,slot_zero,full3,aggressive,63,ALL,165,0,-0.276,-0.92,0.43
variant_minus_baseline_stock,slot_zero,full3,aggressive,63,P1,91,0,-0.498,-1.62,0.385
variant_minus_baseline_stock,slot_zero,full3,aggressive,63,P2,74,0,-0.004,-0.01,0.486
variant_minus_baseline_stock,slot_loss,full3,aggressive,63,ALL,165,0,0.382,1.04,0.552
variant_minus_baseline_stock,slot_loss,full3,aggressive,63,P1,91,0,0.162,0.34,0.56
variant_minus_baseline_stock,slot_loss,full3,aggressive,63,P2,74,0,0.652,1.19,0.541
level_mixed,slot,full4,conservative,5,ALL,176,0,-0.271,-2.39,0.403
level_mixed,slot,full4,conservative,5,P1,91,0,-0.294,-2.12,0.396
level_mixed,slot,full4,conservative,5,P2,85,0,-0.247,-1.36,0.412
level_mixed,slot_legacy,full4,conservative,5,ALL,176,0,-0.269,-2.37,0.403
level_mixed,slot_legacy,full4,conservative,5,P1,91,0,-0.288,-2.09,0.396
level_mixed,slot_legacy,full4,conservative,5,P2,85,0,-0.248,-1.36,0.412
level_mixed,slot_zero,full4,conservative,5,ALL,176,0,-0.27,-2.39,0.403
level_mixed,slot_zero,full4,conservative,5,P1,91,0,-0.291,-2.11,0.396
level_mixed,slot_zero,full4,conservative,5,P2,85,0,-0.248,-1.36,0.412
level_mixed,slot_loss,full4,conservative,5,ALL,176,0,-0.451,-3.38,0.381
level_mixed,slot_loss,full4,conservative,5,P1,91,0,-0.475,-2.65,0.385
level_mixed,slot_loss,full4,conservative,5,P2,85,0,-0.425,-2.14,0.376
level_mixed,slot,full4,conservative,20,ALL,173,0,-0.972,-2.93,0.399
level_mixed,slot,full4,conservative,20,P1,91,0,-0.971,-2.42,0.341
level_mixed,slot,full4,conservative,20,P2,82,0,-0.974,-1.8,0.463
level_mixed,slot_legacy,full4,conservative,20,ALL,173,0,-0.956,-2.91,0.405
level_mixed,slot_legacy,full4,conservative,20,P1,91,0,-0.949,-2.39,0.352
level_mixed,slot_legacy,full4,conservative,20,P2,82,0,-0.964,-1.8,0.463
level_mixed,slot_zero,full4,conservative,20,ALL,173,0,-0.955,-2.91,0.399
level_mixed,slot_zero,full4,conservative,20,P1,91,0,-0.952,-2.4,0.341
level_mixed,slot_zero,full4,conservative,20,P2,82,0,-0.959,-1.79,0.463
level_mixed,slot_loss,full4,conservative,20,ALL,173,0,-1.901,-4.56,0.353
level_mixed,slot_loss,full4,conservative,20,P1,91,0,-1.669,-2.86,0.33
level_mixed,slot_loss,full4,conservative,20,P2,82,0,-2.158,-3.68,0.378
level_mixed,slot,full4,conservative,63,ALL,165,0,-3.018,-3.22,0.297
level_mixed,slot,full4,conservative,63,P1,91,0,-2.912,-3.55,0.264
level_mixed,slot,full4,conservative,63,P2,74,0,-3.149,-1.74,0.338
level_mixed,slot_legacy,full4,conservative,63,ALL,165,0,-2.96,-3.25,0.291
level_mixed,slot_legacy,full4,conservative,63,P1,91,0,-2.872,-3.54,0.253
level_mixed,slot_legacy,full4,conservative,63,P2,74,0,-3.069,-1.76,0.338
level_mixed,slot_zero,full4,conservative,63,ALL,165,0,-2.925,-3.25,0.297
level_mixed,slot_zero,full4,conservative,63,P1,91,0,-2.836,-3.5,0.264
level_mixed,slot_zero,full4,conservative,63,P2,74,0,-3.033,-1.76,0.338
level_mixed,slot_loss,full4,conservative,63,ALL,165,0,-5.747,-5.0,0.188
level_mixed,slot_loss,full4,conservative,63,P1,91,0,-4.679,-4.13,0.22
level_mixed,slot_loss,full4,conservative,63,P2,74,0,-7.06,-3.6,0.149
level_stock,slot,full4,conservative,5,ALL,176,0,-0.238,-2.15,0.426
level_stock,slot,full4,conservative,5,P1,91,0,-0.262,-1.95,0.418
level_stock,slot,full4,conservative,5,P2,85,0,-0.213,-1.19,0.435
level_stock,slot_legacy,full4,conservative,5,ALL,176,0,-0.236,-2.14,0.426
level_stock,slot_legacy,full4,conservative,5,P1,91,0,-0.257,-1.92,0.418
level_stock,slot_legacy,full4,conservative,5,P2,85,0,-0.214,-1.2,0.435
level_stock,slot_zero,full4,conservative,5,ALL,176,0,-0.238,-2.15,0.426
level_stock,slot_zero,full4,conservative,5,P1,91,0,-0.26,-1.94,0.418
level_stock,slot_zero,full4,conservative,5,P2,85,0,-0.214,-1.2,0.435
level_stock,slot_loss,full4,conservative,5,ALL,176,0,-0.419,-3.25,0.398
level_stock,slot_loss,full4,conservative,5,P1,91,0,-0.444,-2.52,0.407
level_stock,slot_loss,full4,conservative,5,P2,85,0,-0.391,-2.07,0.388
level_stock,slot,full4,conservative,20,ALL,173,0,-0.859,-2.67,0.41
level_stock,slot,full4,conservative,20,P1,91,0,-0.805,-2.05,0.352
level_stock,slot,full4,conservative,20,P2,82,0,-0.919,-1.76,0.476
level_stock,slot_legacy,full4,conservative,20,ALL,173,0,-0.845,-2.65,0.416
level_stock,slot_legacy,full4,conservative,20,P1,91,0,-0.785,-2.03,0.363
level_stock,slot_legacy,full4,conservative,20,P2,82,0,-0.912,-1.76,0.476
level_stock,slot_zero,full4,conservative,20,ALL,173,0,-0.843,-2.65,0.41
level_stock,slot_zero,full4,conservative,20,P1,91,0,-0.786,-2.03,0.352
level_stock,slot_zero,full4,conservative,20,P2,82,0,-0.906,-1.75,0.476
level_stock,slot_loss,full4,conservative,20,ALL,173,0,-1.818,-4.41,0.353
level_stock,slot_loss,full4,conservative,20,P1,91,0,-1.522,-2.6,0.341
level_stock,slot_loss,full4,conservative,20,P2,82,0,-2.147,-3.77,0.366
level_stock,slot,full4,conservative,63,ALL,165,0,-2.561,-2.9,0.315
level_stock,slot,full4,conservative,63,P1,91,0,-2.338,-3.02,0.286
level_stock,slot,full4,conservative,63,P2,74,0,-2.837,-1.67,0.351
level_stock,slot_legacy,full4,conservative,63,ALL,165,0,-2.519,-2.94,0.309
level_stock,slot_legacy,full4,conservative,63,P1,91,0,-2.31,-3.02,0.275
level_stock,slot_legacy,full4,conservative,63,P2,74,0,-2.776,-1.7,0.351
level_stock,slot_zero,full4,conservative,63,ALL,165,0,-2.48,-2.93,0.315
level_stock,slot_zero,full4,conservative,63,P1,91,0,-2.273,-2.98,0.286
level_stock,slot_zero,full4,conservative,63,P2,74,0,-2.736,-1.69,0.351
level_stock,slot_loss,full4,conservative,63,ALL,165,0,-5.376,-4.81,0.2
level_stock,slot_loss,full4,conservative,63,P1,91,0,-4.155,-3.76,0.242
level_stock,slot_loss,full4,conservative,63,P2,74,0,-6.878,-3.69,0.149
stock_minus_mixed,slot,full4,conservative,5,ALL,176,0,0.033,1.72,0.318
stock_minus_mixed,slot,full4,conservative,5,P1,91,0,0.031,1.31,0.297
stock_minus_mixed,slot,full4,conservative,5,P2,85,0,0.035,1.14,0.341
stock_minus_mixed,slot_legacy,full4,conservative,5,ALL,176,0,0.032,1.72,0.318
stock_minus_mixed,slot_legacy,full4,conservative,5,P1,91,0,0.031,1.31,0.297
stock_minus_mixed,slot_legacy,full4,conservative,5,P2,85,0,0.034,1.14,0.341
stock_minus_mixed,slot_zero,full4,conservative,5,ALL,176,0,0.032,1.72,0.318
stock_minus_mixed,slot_zero,full4,conservative,5,P1,91,0,0.031,1.31,0.297
stock_minus_mixed,slot_zero,full4,conservative,5,P2,85,0,0.034,1.14,0.341
stock_minus_mixed,slot_loss,full4,conservative,5,ALL,176,0,0.032,1.72,0.318
stock_minus_mixed,slot_loss,full4,conservative,5,P1,91,0,0.031,1.31,0.297
stock_minus_mixed,slot_loss,full4,conservative,5,P2,85,0,0.034,1.14,0.341
stock_minus_mixed,slot,full4,conservative,20,ALL,173,0,0.113,2.68,0.318
stock_minus_mixed,slot,full4,conservative,20,P1,91,0,0.166,2.72,0.363
stock_minus_mixed,slot,full4,conservative,20,P2,82,0,0.055,0.99,0.268
stock_minus_mixed,slot_legacy,full4,conservative,20,ALL,173,0,0.111,2.67,0.318
stock_minus_mixed,slot_legacy,full4,conservative,20,P1,91,0,0.165,2.71,0.363
stock_minus_mixed,slot_legacy,full4,conservative,20,P2,82,0,0.052,0.97,0.268
stock_minus_mixed,slot_zero,full4,conservative,20,ALL,173,0,0.112,2.68,0.318
stock_minus_mixed,slot_zero,full4,conservative,20,P1,91,0,0.166,2.72,0.363
stock_minus_mixed,slot_zero,full4,conservative,20,P2,82,0,0.052,0.98,0.268
stock_minus_mixed,slot_loss,full4,conservative,20,ALL,173,0,0.082,1.9,0.306
stock_minus_mixed,slot_loss,full4,conservative,20,P1,91,0,0.147,2.44,0.352
stock_minus_mixed,slot_loss,full4,conservative,20,P2,82,0,0.011,0.18,0.256
stock_minus_mixed,slot,full4,conservative,63,ALL,165,0,0.456,3.04,0.376
stock_minus_mixed,slot,full4,conservative,63,P1,91,0,0.574,2.58,0.396
stock_minus_mixed,slot,full4,conservative,63,P2,74,0,0.312,1.8,0.351
stock_minus_mixed,slot_legacy,full4,conservative,63,ALL,165,0,0.441,2.99,0.376
stock_minus_mixed,slot_legacy,full4,conservative,63,P1,91,0,0.562,2.56,0.396
stock_minus_mixed,slot_legacy,full4,conservative,63,P2,74,0,0.292,1.75,0.351
stock_minus_mixed,slot_zero,full4,conservative,63,ALL,165,0,0.444,3.02,0.382
stock_minus_mixed,slot_zero,full4,conservative,63,P1,91,0,0.564,2.56,0.396
stock_minus_mixed,slot_zero,full4,conservative,63,P2,74,0,0.298,1.79,0.365
stock_minus_mixed,slot_loss,full4,conservative,63,ALL,165,0,0.37,2.48,0.345
stock_minus_mixed,slot_loss,full4,conservative,63,P1,91,0,0.523,2.52,0.385
stock_minus_mixed,slot_loss,full4,conservative,63,P2,74,0,0.182,0.97,0.297
variant_minus_baseline_mixed,slot,full4,conservative,5,ALL,176,0,0.043,0.98,0.534
variant_minus_baseline_mixed,slot,full4,conservative,5,P1,91,0,0.038,0.79,0.549
variant_minus_baseline_mixed,slot,full4,conservative,5,P2,85,0,0.047,0.65,0.518
variant_minus_baseline_mixed,slot_legacy,full4,conservative,5,ALL,176,0,0.044,1.02,0.54
variant_minus_baseline_mixed,slot_legacy,full4,conservative,5,P1,91,0,0.041,0.85,0.56
variant_minus_baseline_mixed,slot_legacy,full4,conservative,5,P2,85,0,0.047,0.64,0.518
variant_minus_baseline_mixed,slot_zero,full4,conservative,5,ALL,176,0,0.042,0.98,0.528
variant_minus_baseline_mixed,slot_zero,full4,conservative,5,P1,91,0,0.038,0.8,0.538
variant_minus_baseline_mixed,slot_zero,full4,conservative,5,P2,85,0,0.046,0.63,0.518
variant_minus_baseline_mixed,slot_loss,full4,conservative,5,ALL,176,0,-0.005,-0.09,0.517
variant_minus_baseline_mixed,slot_loss,full4,conservative,5,P1,91,0,-0.054,-0.69,0.527
variant_minus_baseline_mixed,slot_loss,full4,conservative,5,P2,85,0,0.046,0.51,0.506
variant_minus_baseline_mixed,slot,full4,conservative,20,ALL,173,0,0.318,2.87,0.59
variant_minus_baseline_mixed,slot,full4,conservative,20,P1,91,0,0.179,1.46,0.582
variant_minus_baseline_mixed,slot,full4,conservative,20,P2,82,0,0.473,2.56,0.598
variant_minus_baseline_mixed,slot_legacy,full4,conservative,20,ALL,173,0,0.322,2.89,0.595
variant_minus_baseline_mixed,slot_legacy,full4,conservative,20,P1,91,0,0.181,1.49,0.593
variant_minus_baseline_mixed,slot_legacy,full4,conservative,20,P2,82,0,0.478,2.57,0.598
variant_minus_baseline_mixed,slot_zero,full4,conservative,20,ALL,173,0,0.314,2.86,0.595
variant_minus_baseline_mixed,slot_zero,full4,conservative,20,P1,91,0,0.176,1.46,0.593
variant_minus_baseline_mixed,slot_zero,full4,conservative,20,P2,82,0,0.467,2.56,0.598
variant_minus_baseline_mixed,slot_loss,full4,conservative,20,ALL,173,0,0.183,1.16,0.566
variant_minus_baseline_mixed,slot_loss,full4,conservative,20,P1,91,0,0.047,0.29,0.56
variant_minus_baseline_mixed,slot_loss,full4,conservative,20,P2,82,0,0.334,1.2,0.573
variant_minus_baseline_mixed,slot,full4,conservative,63,ALL,165,0,0.233,1.36,0.539
variant_minus_baseline_mixed,slot,full4,conservative,63,P1,91,0,0.257,1.33,0.516
variant_minus_baseline_mixed,slot,full4,conservative,63,P2,74,0,0.203,0.68,0.568
variant_minus_baseline_mixed,slot_legacy,full4,conservative,63,ALL,165,0,0.267,1.58,0.564
variant_minus_baseline_mixed,slot_legacy,full4,conservative,63,P1,91,0,0.284,1.48,0.549
variant_minus_baseline_mixed,slot_legacy,full4,conservative,63,P2,74,0,0.247,0.84,0.581
variant_minus_baseline_mixed,slot_zero,full4,conservative,63,ALL,165,0,0.261,1.47,0.558
variant_minus_baseline_mixed,slot_zero,full4,conservative,63,P1,91,0,0.266,1.36,0.538
variant_minus_baseline_mixed,slot_zero,full4,conservative,63,P2,74,0,0.255,0.81,0.581
variant_minus_baseline_mixed,slot_loss,full4,conservative,63,ALL,165,0,-0.252,-1.17,0.497
variant_minus_baseline_mixed,slot_loss,full4,conservative,63,P1,91,0,-0.143,-0.9,0.451
variant_minus_baseline_mixed,slot_loss,full4,conservative,63,P2,74,0,-0.387,-0.92,0.554
variant_minus_baseline_stock,slot,full4,conservative,5,ALL,176,0,0.05,1.16,0.528
variant_minus_baseline_stock,slot,full4,conservative,5,P1,91,0,0.044,0.91,0.527
variant_minus_baseline_stock,slot,full4,conservative,5,P2,85,0,0.057,0.78,0.529
variant_minus_baseline_stock,slot_legacy,full4,conservative,5,ALL,176,0,0.051,1.18,0.534
variant_minus_baseline_stock,slot_legacy,full4,conservative,5,P1,91,0,0.046,0.96,0.538
variant_minus_baseline_stock,slot_legacy,full4,conservative,5,P2,85,0,0.056,0.77,0.529
variant_minus_baseline_stock,slot_zero,full4,conservative,5,ALL,176,0,0.05,1.15,0.523
variant_minus_baseline_stock,slot_zero,full4,conservative,5,P1,91,0,0.044,0.92,0.516
variant_minus_baseline_stock,slot_zero,full4,conservative,5,P2,85,0,0.055,0.76,0.529
variant_minus_baseline_stock,slot_loss,full4,conservative,5,ALL,176,0,0.012,0.21,0.511
variant_minus_baseline_stock,slot_loss,full4,conservative,5,P1,91,0,-0.03,-0.45,0.505
variant_minus_baseline_stock,slot_loss,full4,conservative,5,P2,85,0,0.056,0.62,0.518
variant_minus_baseline_stock,slot,full4,conservative,20,ALL,173,0,0.352,3.02,0.601
variant_minus_baseline_stock,slot,full4,conservative,20,P1,91,0,0.203,1.57,0.582
variant_minus_baseline_stock,slot,full4,conservative,20,P2,82,0,0.517,2.7,0.622
variant_minus_baseline_stock,slot_legacy,full4,conservative,20,ALL,173,0,0.354,3.03,0.601
variant_minus_baseline_stock,slot_legacy,full4,conservative,20,P1,91,0,0.204,1.59,0.582
variant_minus_baseline_stock,slot_legacy,full4,conservative,20,P2,82,0,0.521,2.69,0.622
variant_minus_baseline_stock,slot_zero,full4,conservative,20,ALL,173,0,0.346,3.01,0.601
variant_minus_baseline_stock,slot_zero,full4,conservative,20,P1,91,0,0.199,1.55,0.582
variant_minus_baseline_stock,slot_zero,full4,conservative,20,P2,82,0,0.51,2.69,0.622
variant_minus_baseline_stock,slot_loss,full4,conservative,20,ALL,173,0,0.245,1.48,0.572
variant_minus_baseline_stock,slot_loss,full4,conservative,20,P1,91,0,0.108,0.71,0.549
variant_minus_baseline_stock,slot_loss,full4,conservative,20,P2,82,0,0.397,1.32,0.598
variant_minus_baseline_stock,slot,full4,conservative,63,ALL,165,0,0.346,1.93,0.57
variant_minus_baseline_stock,slot,full4,conservative,63,P1,91,0,0.35,1.75,0.538
variant_minus_baseline_stock,slot,full4,conservative,63,P2,74,0,0.342,1.08,0.608
variant_minus_baseline_stock,slot_legacy,full4,conservative,63,ALL,165,0,0.381,2.17,0.582
variant_minus_baseline_stock,slot_legacy,full4,conservative,63,P1,91,0,0.373,1.9,0.56
variant_minus_baseline_stock,slot_legacy,full4,conservative,63,P2,74,0,0.39,1.27,0.608
variant_minus_baseline_stock,slot_zero,full4,conservative,63,ALL,165,0,0.37,2.02,0.588
variant_minus_baseline_stock,slot_zero,full4,conservative,63,P1,91,0,0.354,1.76,0.549
variant_minus_baseline_stock,slot_zero,full4,conservative,63,P2,74,0,0.39,1.2,0.635
variant_minus_baseline_stock,slot_loss,full4,conservative,63,ALL,165,0,-0.11,-0.49,0.527
variant_minus_baseline_stock,slot_loss,full4,conservative,63,P1,91,0,-0.016,-0.1,0.484
variant_minus_baseline_stock,slot_loss,full4,conservative,63,P2,74,0,-0.225,-0.51,0.581
level_mixed,slot,full4,balanced,5,ALL,176,0,-0.099,-0.55,0.517
level_mixed,slot,full4,balanced,5,P1,91,0,-0.165,-0.81,0.473
level_mixed,slot,full4,balanced,5,P2,85,0,-0.028,-0.09,0.565
level_mixed,slot_legacy,full4,balanced,5,ALL,176,0,-0.101,-0.56,0.517
level_mixed,slot_legacy,full4,balanced,5,P1,91,0,-0.166,-0.82,0.473
level_mixed,slot_legacy,full4,balanced,5,P2,85,0,-0.031,-0.1,0.565
level_mixed,slot_zero,full4,balanced,5,ALL,176,0,-0.101,-0.56,0.517
level_mixed,slot_zero,full4,balanced,5,P1,91,0,-0.165,-0.81,0.473
level_mixed,slot_zero,full4,balanced,5,P2,85,0,-0.032,-0.1,0.565
level_mixed,slot_loss,full4,balanced,5,ALL,176,0,-0.462,-2.31,0.472
level_mixed,slot_loss,full4,balanced,5,P1,91,0,-0.518,-2.21,0.429
level_mixed,slot_loss,full4,balanced,5,P2,85,0,-0.402,-1.22,0.518
level_mixed,slot,full4,balanced,20,ALL,173,0,-0.33,-0.65,0.468
level_mixed,slot,full4,balanced,20,P1,91,0,-0.481,-0.86,0.374
level_mixed,slot,full4,balanced,20,P2,82,0,-0.163,-0.19,0.573
level_mixed,slot_legacy,full4,balanced,20,ALL,173,0,-0.356,-0.71,0.468
level_mixed,slot_legacy,full4,balanced,20,P1,91,0,-0.492,-0.9,0.374
level_mixed,slot_legacy,full4,balanced,20,P2,82,0,-0.205,-0.24,0.573
level_mixed,slot_zero,full4,balanced,20,ALL,173,0,-0.335,-0.67,0.468
level_mixed,slot_zero,full4,balanced,20,P1,91,0,-0.477,-0.87,0.374
level_mixed,slot_zero,full4,balanced,20,P2,82,0,-0.178,-0.21,0.573
level_mixed,slot_loss,full4,balanced,20,ALL,173,0,-1.818,-3.31,0.353
level_mixed,slot_loss,full4,balanced,20,P1,91,0,-1.889,-2.91,0.275
level_mixed,slot_loss,full4,balanced,20,P2,82,0,-1.739,-1.91,0.439
level_mixed,slot,full4,balanced,63,ALL,165,0,-0.308,-0.2,0.467
level_mixed,slot,full4,balanced,63,P1,91,0,-1.519,-2.24,0.352
level_mixed,slot,full4,balanced,63,P2,74,0,1.181,0.37,0.608
level_mixed,slot_legacy,full4,balanced,63,ALL,165,0,-0.24,-0.16,0.461
level_mixed,slot_legacy,full4,balanced,63,P1,91,0,-1.43,-2.02,0.341
level_mixed,slot_legacy,full4,balanced,63,P2,74,0,1.222,0.39,0.608
level_mixed,slot_zero,full4,balanced,63,ALL,165,0,-0.386,-0.27,0.467
level_mixed,slot_zero,full4,balanced,63,P1,91,0,-1.49,-2.25,0.352
level_mixed,slot_zero,full4,balanced,63,P2,74,0,0.971,0.32,0.608
level_mixed,slot_loss,full4,balanced,63,ALL,165,0,-4.526,-3.36,0.267
level_mixed,slot_loss,full4,balanced,63,P1,91,0,-5.004,-5.27,0.187
level_mixed,slot_loss,full4,balanced,63,P2,74,0,-3.937,-1.43,0.365
level_stock,slot,full4,balanced,5,ALL,176,0,-0.03,-0.16,0.545
level_stock,slot,full4,balanced,5,P1,91,0,-0.093,-0.45,0.527
level_stock,slot,full4,balanced,5,P2,85,0,0.038,0.11,0.565
level_stock,slot_legacy,full4,balanced,5,ALL,176,0,-0.034,-0.18,0.545
level_stock,slot_legacy,full4,balanced,5,P1,91,0,-0.095,-0.46,0.527
level_stock,slot_legacy,full4,balanced,5,P2,85,0,0.031,0.09,0.565
level_stock,slot_zero,full4,balanced,5,ALL,176,0,-0.033,-0.17,0.545
level_stock,slot_zero,full4,balanced,5,P1,91,0,-0.094,-0.45,0.527
level_stock,slot_zero,full4,balanced,5,P2,85,0,0.032,0.1,0.565
level_stock,slot_loss,full4,balanced,5,ALL,176,0,-0.442,-2.11,0.483
level_stock,slot_loss,full4,balanced,5,P1,91,0,-0.484,-2.03,0.462
level_stock,slot_loss,full4,balanced,5,P2,85,0,-0.398,-1.13,0.506
level_stock,slot,full4,balanced,20,ALL,173,0,-0.065,-0.12,0.468
level_stock,slot,full4,balanced,20,P1,91,0,-0.063,-0.11,0.407
level_stock,slot,full4,balanced,20,P2,82,0,-0.067,-0.07,0.537
level_stock,slot_legacy,full4,balanced,20,ALL,173,0,-0.096,-0.18,0.468
level_stock,slot_legacy,full4,balanced,20,P1,91,0,-0.077,-0.13,0.407
level_stock,slot_legacy,full4,balanced,20,P2,82,0,-0.116,-0.13,0.537
level_stock,slot_zero,full4,balanced,20,ALL,173,0,-0.074,-0.14,0.468
level_stock,slot_zero,full4,balanced,20,P1,91,0,-0.063,-0.11,0.407
level_stock,slot_zero,full4,balanced,20,P2,82,0,-0.086,-0.1,0.537
level_stock,slot_loss,full4,balanced,20,ALL,173,0,-1.741,-2.94,0.353
level_stock,slot_loss,full4,balanced,20,P1,91,0,-1.625,-2.33,0.308
level_stock,slot_loss,full4,balanced,20,P2,82,0,-1.87,-1.9,0.402
level_stock,slot,full4,balanced,63,ALL,165,0,0.918,0.57,0.57
level_stock,slot,full4,balanced,63,P1,91,0,0.022,0.03,0.516
level_stock,slot,full4,balanced,63,P2,74,0,2.021,0.6,0.635
level_stock,slot_legacy,full4,balanced,63,ALL,165,0,0.953,0.59,0.558
level_stock,slot_legacy,full4,balanced,63,P1,91,0,0.087,0.1,0.495
level_stock,slot_legacy,full4,balanced,63,P2,74,0,2.019,0.6,0.635
level_stock,slot_zero,full4,balanced,63,ALL,165,0,0.792,0.52,0.57
level_stock,slot_zero,full4,balanced,63,P1,91,0,0.024,0.03,0.516
level_stock,slot_zero,full4,balanced,63,P2,74,0,1.736,0.55,0.635
level_stock,slot_loss,full4,balanced,63,ALL,165,0,-3.881,-2.56,0.315
level_stock,slot_loss,full4,balanced,63,P1,91,0,-4.001,-3.1,0.264
level_stock,slot_loss,full4,balanced,63,P2,74,0,-3.732,-1.25,0.378
stock_minus_mixed,slot,full4,balanced,5,ALL,176,0,0.069,1.42,0.466
stock_minus_mixed,slot,full4,balanced,5,P1,91,0,0.072,0.94,0.462
stock_minus_mixed,slot,full4,balanced,5,P2,85,0,0.066,1.11,0.471
stock_minus_mixed,slot_legacy,full4,balanced,5,ALL,176,0,0.067,1.39,0.466
stock_minus_mixed,slot_legacy,full4,balanced,5,P1,91,0,0.071,0.93,0.462
stock_minus_mixed,slot_legacy,full4,balanced,5,P2,85,0,0.062,1.09,0.471
stock_minus_mixed,slot_zero,full4,balanced,5,ALL,176,0,0.067,1.39,0.466
stock_minus_mixed,slot_zero,full4,balanced,5,P1,91,0,0.071,0.93,0.462
stock_minus_mixed,slot_zero,full4,balanced,5,P2,85,0,0.064,1.1,0.471
stock_minus_mixed,slot_loss,full4,balanced,5,ALL,176,0,0.02,0.4,0.455
stock_minus_mixed,slot_loss,full4,balanced,5,P1,91,0,0.034,0.44,0.44
stock_minus_mixed,slot_loss,full4,balanced,5,P2,85,0,0.005,0.08,0.471
stock_minus_mixed,slot,full4,balanced,20,ALL,173,0,0.265,2.65,0.48
stock_minus_mixed,slot,full4,balanced,20,P1,91,0,0.418,2.92,0.538
stock_minus_mixed,slot,full4,balanced,20,P2,82,0,0.096,0.75,0.415
stock_minus_mixed,slot_legacy,full4,balanced,20,ALL,173,0,0.26,2.66,0.48
stock_minus_mixed,slot_legacy,full4,balanced,20,P1,91,0,0.415,2.92,0.538
stock_minus_mixed,slot_legacy,full4,balanced,20,P2,82,0,0.089,0.73,0.415
stock_minus_mixed,slot_zero,full4,balanced,20,ALL,173,0,0.262,2.67,0.48
stock_minus_mixed,slot_zero,full4,balanced,20,P1,91,0,0.414,2.92,0.538
stock_minus_mixed,slot_zero,full4,balanced,20,P2,82,0,0.092,0.74,0.415
stock_minus_mixed,slot_loss,full4,balanced,20,ALL,173,0,0.077,0.67,0.451
stock_minus_mixed,slot_loss,full4,balanced,20,P1,91,0,0.264,1.89,0.505
stock_minus_mixed,slot_loss,full4,balanced,20,P2,82,0,-0.131,-0.74,0.39
stock_minus_mixed,slot,full4,balanced,63,ALL,165,0,1.226,2.92,0.552
stock_minus_mixed,slot,full4,balanced,63,P1,91,0,1.541,2.22,0.615
stock_minus_mixed,slot,full4,balanced,63,P2,74,0,0.839,3.0,0.473
stock_minus_mixed,slot_legacy,full4,balanced,63,ALL,165,0,1.194,2.86,0.552
stock_minus_mixed,slot_legacy,full4,balanced,63,P1,91,0,1.517,2.19,0.615
stock_minus_mixed,slot_legacy,full4,balanced,63,P2,74,0,0.797,2.97,0.473
stock_minus_mixed,slot_zero,full4,balanced,63,ALL,165,0,1.178,2.83,0.545
stock_minus_mixed,slot_zero,full4,balanced,63,P1,91,0,1.514,2.2,0.615
stock_minus_mixed,slot_zero,full4,balanced,63,P2,74,0,0.765,2.88,0.459
stock_minus_mixed,slot_loss,full4,balanced,63,ALL,165,0,0.645,1.5,0.461
stock_minus_mixed,slot_loss,full4,balanced,63,P1,91,0,1.003,1.44,0.527
stock_minus_mixed,slot_loss,full4,balanced,63,P2,74,0,0.205,0.63,0.378
variant_minus_baseline_mixed,slot,full4,balanced,5,ALL,176,0,0.006,0.11,0.54
variant_minus_baseline_mixed,slot,full4,balanced,5,P1,91,0,0.047,0.7,0.538
variant_minus_baseline_mixed,slot,full4,balanced,5,P2,85,0,-0.037,-0.42,0.541
variant_minus_baseline_mixed,slot_legacy,full4,balanced,5,ALL,176,0,0.007,0.13,0.534
variant_minus_baseline_mixed,slot_legacy,full4,balanced,5,P1,91,0,0.046,0.7,0.527
variant_minus_baseline_mixed,slot_legacy,full4,balanced,5,P2,85,0,-0.035,-0.4,0.541
variant_minus_baseline_mixed,slot_zero,full4,balanced,5,ALL,176,0,0.007,0.12,0.54
variant_minus_baseline_mixed,slot_zero,full4,balanced,5,P1,91,0,0.048,0.72,0.538
variant_minus_baseline_mixed,slot_zero,full4,balanced,5,P2,85,0,-0.037,-0.42,0.541
variant_minus_baseline_mixed,slot_loss,full4,balanced,5,ALL,176,0,0.101,1.43,0.557
variant_minus_baseline_mixed,slot_loss,full4,balanced,5,P1,91,0,0.176,1.75,0.56
variant_minus_baseline_mixed,slot_loss,full4,balanced,5,P2,85,0,0.021,0.21,0.553
variant_minus_baseline_mixed,slot,full4,balanced,20,ALL,173,0,0.019,0.16,0.514
variant_minus_baseline_mixed,slot,full4,balanced,20,P1,91,0,0.017,0.13,0.484
variant_minus_baseline_mixed,slot,full4,balanced,20,P2,82,0,0.021,0.1,0.549
variant_minus_baseline_mixed,slot_legacy,full4,balanced,20,ALL,173,0,0.005,0.04,0.503
variant_minus_baseline_mixed,slot_legacy,full4,balanced,20,P1,91,0,0.007,0.06,0.484
variant_minus_baseline_mixed,slot_legacy,full4,balanced,20,P2,82,0,0.003,0.01,0.524
variant_minus_baseline_mixed,slot_zero,full4,balanced,20,ALL,173,0,0.014,0.11,0.509
variant_minus_baseline_mixed,slot_zero,full4,balanced,20,P1,91,0,0.014,0.1,0.484
variant_minus_baseline_mixed,slot_zero,full4,balanced,20,P2,82,0,0.013,0.06,0.537
variant_minus_baseline_mixed,slot_loss,full4,balanced,20,ALL,173,0,0.384,1.93,0.543
variant_minus_baseline_mixed,slot_loss,full4,balanced,20,P1,91,0,0.478,1.58,0.527
variant_minus_baseline_mixed,slot_loss,full4,balanced,20,P2,82,0,0.279,1.11,0.561
variant_minus_baseline_mixed,slot,full4,balanced,63,ALL,165,0,0.364,1.02,0.521
variant_minus_baseline_mixed,slot,full4,balanced,63,P1,91,0,-0.223,-0.89,0.407
variant_minus_baseline_mixed,slot,full4,balanced,63,P2,74,0,1.087,1.77,0.662
variant_minus_baseline_mixed,slot_legacy,full4,balanced,63,ALL,165,0,0.324,0.95,0.515
variant_minus_baseline_mixed,slot_legacy,full4,balanced,63,P1,91,0,-0.226,-0.94,0.396
variant_minus_baseline_mixed,slot_legacy,full4,balanced,63,P2,74,0,1.0,1.71,0.662
variant_minus_baseline_mixed,slot_zero,full4,balanced,63,ALL,165,0,0.329,0.96,0.515
variant_minus_baseline_mixed,slot_zero,full4,balanced,63,P1,91,0,-0.221,-0.91,0.407
variant_minus_baseline_mixed,slot_zero,full4,balanced,63,P2,74,0,1.005,1.7,0.649
variant_minus_baseline_mixed,slot_loss,full4,balanced,63,ALL,165,0,0.849,2.33,0.618
variant_minus_baseline_mixed,slot_loss,full4,balanced,63,P1,91,0,0.3,0.79,0.505
variant_minus_baseline_mixed,slot_loss,full4,balanced,63,P2,74,0,1.525,2.8,0.757
variant_minus_baseline_stock,slot,full4,balanced,5,ALL,176,0,0.003,0.06,0.534
variant_minus_baseline_stock,slot,full4,balanced,5,P1,91,0,0.022,0.34,0.516
variant_minus_baseline_stock,slot,full4,balanced,5,P2,85,0,-0.016,-0.19,0.553
variant_minus_baseline_stock,slot_legacy,full4,balanced,5,ALL,176,0,0.002,0.05,0.534
variant_minus_baseline_stock,slot_legacy,full4,balanced,5,P1,91,0,0.021,0.34,0.516
variant_minus_baseline_stock,slot_legacy,full4,balanced,5,P2,85,0,-0.018,-0.2,0.553
variant_minus_baseline_stock,slot_zero,full4,balanced,5,ALL,176,0,0.004,0.08,0.534
variant_minus_baseline_stock,slot_zero,full4,balanced,5,P1,91,0,0.024,0.37,0.516
variant_minus_baseline_stock,slot_zero,full4,balanced,5,P2,85,0,-0.016,-0.19,0.553
variant_minus_baseline_stock,slot_loss,full4,balanced,5,ALL,176,0,0.099,1.46,0.551
variant_minus_baseline_stock,slot_loss,full4,balanced,5,P1,91,0,0.152,1.66,0.549
variant_minus_baseline_stock,slot_loss,full4,balanced,5,P2,85,0,0.041,0.41,0.553
variant_minus_baseline_stock,slot,full4,balanced,20,ALL,173,0,0.005,0.04,0.497
variant_minus_baseline_stock,slot,full4,balanced,20,P1,91,0,-0.108,-0.8,0.44
variant_minus_baseline_stock,slot,full4,balanced,20,P2,82,0,0.13,0.66,0.561
variant_minus_baseline_stock,slot_legacy,full4,balanced,20,ALL,173,0,-0.008,-0.07,0.486
variant_minus_baseline_stock,slot_legacy,full4,balanced,20,P1,91,0,-0.106,-0.8,0.418
variant_minus_baseline_stock,slot_legacy,full4,balanced,20,P2,82,0,0.1,0.53,0.561
variant_minus_baseline_stock,slot_zero,full4,balanced,20,ALL,173,0,-0.002,-0.01,0.491
variant_minus_baseline_stock,slot_zero,full4,balanced,20,P1,91,0,-0.106,-0.8,0.429
variant_minus_baseline_stock,slot_zero,full4,balanced,20,P2,82,0,0.114,0.59,0.561
variant_minus_baseline_stock,slot_loss,full4,balanced,20,ALL,173,0,0.613,3.01,0.584
variant_minus_baseline_stock,slot_loss,full4,balanced,20,P1,91,0,0.621,2.19,0.527
variant_minus_baseline_stock,slot_loss,full4,balanced,20,P2,82,0,0.604,2.07,0.646
variant_minus_baseline_stock,slot,full4,balanced,63,ALL,165,0,0.153,0.41,0.485
variant_minus_baseline_stock,slot,full4,balanced,63,P1,91,0,-0.611,-2.3,0.352
variant_minus_baseline_stock,slot,full4,balanced,63,P2,74,0,1.093,1.91,0.649
variant_minus_baseline_stock,slot_legacy,full4,balanced,63,ALL,165,0,0.113,0.32,0.461
variant_minus_baseline_stock,slot_legacy,full4,balanced,63,P1,91,0,-0.595,-2.44,0.341
variant_minus_baseline_stock,slot_legacy,full4,balanced,63,P2,74,0,0.983,1.77,0.608
variant_minus_baseline_stock,slot_zero,full4,balanced,63,ALL,165,0,0.103,0.29,0.467
variant_minus_baseline_stock,slot_zero,full4,balanced,63,P1,91,0,-0.592,-2.37,0.352
variant_minus_baseline_stock,slot_zero,full4,balanced,63,P2,74,0,0.958,1.71,0.608
variant_minus_baseline_stock,slot_loss,full4,balanced,63,ALL,165,0,1.14,2.84,0.594
variant_minus_baseline_stock,slot_loss,full4,balanced,63,P1,91,0,0.517,1.02,0.495
variant_minus_baseline_stock,slot_loss,full4,balanced,63,P2,74,0,1.906,4.07,0.716
level_mixed,slot,full4,aggressive,5,ALL,176,0,-0.142,-0.71,0.506
level_mixed,slot,full4,aggressive,5,P1,91,0,-0.17,-0.8,0.451
level_mixed,slot,full4,aggressive,5,P2,85,0,-0.113,-0.32,0.565
level_mixed,slot_legacy,full4,aggressive,5,ALL,176,0,-0.144,-0.72,0.506
level_mixed,slot_legacy,full4,aggressive,5,P1,91,0,-0.174,-0.82,0.451
level_mixed,slot_legacy,full4,aggressive,5,P2,85,0,-0.113,-0.33,0.565
level_mixed,slot_zero,full4,aggressive,5,ALL,176,0,-0.145,-0.72,0.506
level_mixed,slot_zero,full4,aggressive,5,P1,91,0,-0.173,-0.81,0.451
level_mixed,slot_zero,full4,aggressive,5,P2,85,0,-0.115,-0.33,0.565
level_mixed,slot_loss,full4,aggressive,5,ALL,176,0,-0.478,-2.23,0.455
level_mixed,slot_loss,full4,aggressive,5,P1,91,0,-0.488,-2.15,0.385
level_mixed,slot_loss,full4,aggressive,5,P2,85,0,-0.468,-1.26,0.529
level_mixed,slot,full4,aggressive,20,ALL,173,0,-0.47,-0.82,0.439
level_mixed,slot,full4,aggressive,20,P1,91,0,-0.552,-0.96,0.33
level_mixed,slot,full4,aggressive,20,P2,82,0,-0.38,-0.37,0.561
level_mixed,slot_legacy,full4,aggressive,20,ALL,173,0,-0.505,-0.9,0.434
level_mixed,slot_legacy,full4,aggressive,20,P1,91,0,-0.567,-1.0,0.33
level_mixed,slot_legacy,full4,aggressive,20,P2,82,0,-0.437,-0.43,0.549
level_mixed,slot_zero,full4,aggressive,20,ALL,173,0,-0.479,-0.85,0.439
level_mixed,slot_zero,full4,aggressive,20,P1,91,0,-0.552,-0.97,0.33
level_mixed,slot_zero,full4,aggressive,20,P2,82,0,-0.398,-0.39,0.561
level_mixed,slot_loss,full4,aggressive,20,ALL,173,0,-1.938,-3.3,0.324
level_mixed,slot_loss,full4,aggressive,20,P1,91,0,-1.858,-2.87,0.242
level_mixed,slot_loss,full4,aggressive,20,P2,82,0,-2.027,-2.01,0.415
level_mixed,slot,full4,aggressive,63,ALL,165,0,-0.846,-0.54,0.376
level_mixed,slot,full4,aggressive,63,P1,91,0,-1.79,-2.29,0.275
level_mixed,slot,full4,aggressive,63,P2,74,0,0.314,0.1,0.5
level_mixed,slot_legacy,full4,aggressive,63,ALL,165,0,-0.73,-0.46,0.376
level_mixed,slot_legacy,full4,aggressive,63,P1,91,0,-1.664,-2.06,0.253
level_mixed,slot_legacy,full4,aggressive,63,P2,74,0,0.417,0.13,0.527
level_mixed,slot_zero,full4,aggressive,63,ALL,165,0,-0.911,-0.61,0.382
level_mixed,slot_zero,full4,aggressive,63,P1,91,0,-1.76,-2.32,0.275
level_mixed,slot_zero,full4,aggressive,63,P2,74,0,0.133,0.04,0.514
level_mixed,slot_loss,full4,aggressive,63,ALL,165,0,-5.041,-3.82,0.218
level_mixed,slot_loss,full4,aggressive,63,P1,91,0,-5.123,-5.26,0.143
level_mixed,slot_loss,full4,aggressive,63,P2,74,0,-4.94,-1.83,0.311
level_stock,slot,full4,aggressive,5,ALL,176,0,-0.069,-0.33,0.511
level_stock,slot,full4,aggressive,5,P1,91,0,-0.067,-0.31,0.484
level_stock,slot,full4,aggressive,5,P2,85,0,-0.07,-0.19,0.541
level_stock,slot_legacy,full4,aggressive,5,ALL,176,0,-0.073,-0.35,0.506
level_stock,slot_legacy,full4,aggressive,5,P1,91,0,-0.07,-0.32,0.484
level_stock,slot_legacy,full4,aggressive,5,P2,85,0,-0.076,-0.21,0.529
level_stock,slot_zero,full4,aggressive,5,ALL,176,0,-0.073,-0.35,0.511
level_stock,slot_zero,full4,aggressive,5,P1,91,0,-0.069,-0.32,0.484
level_stock,slot_zero,full4,aggressive,5,P2,85,0,-0.076,-0.21,0.541
level_stock,slot_loss,full4,aggressive,5,ALL,176,0,-0.462,-2.08,0.455
level_stock,slot_loss,full4,aggressive,5,P1,91,0,-0.44,-1.83,0.418
level_stock,slot_loss,full4,aggressive,5,P2,85,0,-0.486,-1.27,0.494
level_stock,slot,full4,aggressive,20,ALL,173,0,-0.173,-0.29,0.474
level_stock,slot,full4,aggressive,20,P1,91,0,-0.052,-0.08,0.407
level_stock,slot,full4,aggressive,20,P2,82,0,-0.307,-0.29,0.549
level_stock,slot_legacy,full4,aggressive,20,ALL,173,0,-0.217,-0.37,0.474
level_stock,slot_legacy,full4,aggressive,20,P1,91,0,-0.077,-0.13,0.407
level_stock,slot_legacy,full4,aggressive,20,P2,82,0,-0.372,-0.36,0.549
level_stock,slot_zero,full4,aggressive,20,ALL,173,0,-0.188,-0.32,0.474
level_stock,slot_zero,full4,aggressive,20,P1,91,0,-0.058,-0.09,0.407
level_stock,slot_zero,full4,aggressive,20,P2,82,0,-0.333,-0.32,0.549
level_stock,slot_loss,full4,aggressive,20,ALL,173,0,-1.9,-3.0,0.341
level_stock,slot_loss,full4,aggressive,20,P1,91,0,-1.663,-2.37,0.308
level_stock,slot_loss,full4,aggressive,20,P2,82,0,-2.164,-1.99,0.378
level_stock,slot,full4,aggressive,63,ALL,165,0,0.427,0.25,0.491
level_stock,slot,full4,aggressive,63,P1,91,0,-0.032,-0.03,0.462
level_stock,slot,full4,aggressive,63,P2,74,0,0.991,0.29,0.527
level_stock,slot_legacy,full4,aggressive,63,ALL,165,0,0.503,0.3,0.491
level_stock,slot_legacy,full4,aggressive,63,P1,91,0,0.063,0.06,0.462
level_stock,slot_legacy,full4,aggressive,63,P2,74,0,1.045,0.3,0.527
level_stock,slot_zero,full4,aggressive,63,ALL,165,0,0.318,0.2,0.491
level_stock,slot_zero,full4,aggressive,63,P1,91,0,-0.036,-0.04,0.462
level_stock,slot_zero,full4,aggressive,63,P2,74,0,0.753,0.23,0.527
level_stock,slot_loss,full4,aggressive,63,ALL,165,0,-4.5,-2.93,0.285
level_stock,slot_loss,full4,aggressive,63,P1,91,0,-4.088,-3.0,0.242
level_stock,slot_loss,full4,aggressive,63,P2,74,0,-5.006,-1.67,0.338
stock_minus_mixed,slot,full4,aggressive,5,ALL,176,0,0.073,1.45,0.483
stock_minus_mixed,slot,full4,aggressive,5,P1,91,0,0.102,1.24,0.549
stock_minus_mixed,slot,full4,aggressive,5,P2,85,0,0.042,0.76,0.412
stock_minus_mixed,slot_legacy,full4,aggressive,5,ALL,176,0,0.071,1.43,0.483
stock_minus_mixed,slot_legacy,full4,aggressive,5,P1,91,0,0.104,1.25,0.549
stock_minus_mixed,slot_legacy,full4,aggressive,5,P2,85,0,0.037,0.69,0.412
stock_minus_mixed,slot_zero,full4,aggressive,5,ALL,176,0,0.072,1.44,0.483
stock_minus_mixed,slot_zero,full4,aggressive,5,P1,91,0,0.103,1.25,0.549
stock_minus_mixed,slot_zero,full4,aggressive,5,P2,85,0,0.039,0.71,0.412
stock_minus_mixed,slot_loss,full4,aggressive,5,ALL,176,0,0.016,0.27,0.472
stock_minus_mixed,slot_loss,full4,aggressive,5,P1,91,0,0.048,0.53,0.538
stock_minus_mixed,slot_loss,full4,aggressive,5,P2,85,0,-0.019,-0.27,0.4
stock_minus_mixed,slot,full4,aggressive,20,ALL,173,0,0.298,2.88,0.555
stock_minus_mixed,slot,full4,aggressive,20,P1,91,0,0.5,3.37,0.615
stock_minus_mixed,slot,full4,aggressive,20,P2,82,0,0.073,0.58,0.488
stock_minus_mixed,slot_legacy,full4,aggressive,20,ALL,173,0,0.288,2.85,0.549
stock_minus_mixed,slot_legacy,full4,aggressive,20,P1,91,0,0.489,3.34,0.615
stock_minus_mixed,slot_legacy,full4,aggressive,20,P2,82,0,0.064,0.54,0.476
stock_minus_mixed,slot_zero,full4,aggressive,20,ALL,173,0,0.291,2.86,0.549
stock_minus_mixed,slot_zero,full4,aggressive,20,P1,91,0,0.495,3.37,0.604
stock_minus_mixed,slot_zero,full4,aggressive,20,P2,82,0,0.065,0.53,0.488
stock_minus_mixed,slot_loss,full4,aggressive,20,ALL,173,0,0.038,0.29,0.491
stock_minus_mixed,slot_loss,full4,aggressive,20,P1,91,0,0.195,1.19,0.527
stock_minus_mixed,slot_loss,full4,aggressive,20,P2,82,0,-0.137,-0.7,0.451
stock_minus_mixed,slot,full4,aggressive,63,ALL,165,0,1.273,2.84,0.582
stock_minus_mixed,slot,full4,aggressive,63,P1,91,0,1.758,2.43,0.626
stock_minus_mixed,slot,full4,aggressive,63,P2,74,0,0.677,2.39,0.527
stock_minus_mixed,slot_legacy,full4,aggressive,63,ALL,165,0,1.234,2.79,0.588
stock_minus_mixed,slot_legacy,full4,aggressive,63,P1,91,0,1.726,2.4,0.626
stock_minus_mixed,slot_legacy,full4,aggressive,63,P2,74,0,0.628,2.47,0.541
stock_minus_mixed,slot_zero,full4,aggressive,63,ALL,165,0,1.229,2.78,0.588
stock_minus_mixed,slot_zero,full4,aggressive,63,P1,91,0,1.724,2.4,0.637
stock_minus_mixed,slot_zero,full4,aggressive,63,P2,74,0,0.621,2.42,0.527
stock_minus_mixed,slot_loss,full4,aggressive,63,ALL,165,0,0.541,1.2,0.473
stock_minus_mixed,slot_loss,full4,aggressive,63,P1,91,0,1.036,1.48,0.505
stock_minus_mixed,slot_loss,full4,aggressive,63,P2,74,0,-0.067,-0.17,0.432
variant_minus_baseline_mixed,slot,full4,aggressive,5,ALL,176,0,-0.046,-0.93,0.472
variant_minus_baseline_mixed,slot,full4,aggressive,5,P1,91,0,-0.042,-0.79,0.505
variant_minus_baseline_mixed,slot,full4,aggressive,5,P2,85,0,-0.05,-0.59,0.435
variant_minus_baseline_mixed,slot_legacy,full4,aggressive,5,ALL,176,0,-0.046,-0.94,0.472
variant_minus_baseline_mixed,slot_legacy,full4,aggressive,5,P1,91,0,-0.044,-0.83,0.505
variant_minus_baseline_mixed,slot_legacy,full4,aggressive,5,P2,85,0,-0.048,-0.57,0.435
variant_minus_baseline_mixed,slot_zero,full4,aggressive,5,ALL,176,0,-0.046,-0.93,0.472
variant_minus_baseline_mixed,slot_zero,full4,aggressive,5,P1,91,0,-0.042,-0.8,0.505
variant_minus_baseline_mixed,slot_zero,full4,aggressive,5,P2,85,0,-0.049,-0.59,0.435
variant_minus_baseline_mixed,slot_loss,full4,aggressive,5,ALL,176,0,0.029,0.51,0.489
variant_minus_baseline_mixed,slot_loss,full4,aggressive,5,P1,91,0,0.031,0.48,0.516
variant_minus_baseline_mixed,slot_loss,full4,aggressive,5,P2,85,0,0.026,0.28,0.459
variant_minus_baseline_mixed,slot,full4,aggressive,20,ALL,173,0,0.001,0.01,0.457
variant_minus_baseline_mixed,slot,full4,aggressive,20,P1,91,0,-0.057,-0.45,0.418
variant_minus_baseline_mixed,slot,full4,aggressive,20,P2,82,0,0.066,0.24,0.5
variant_minus_baseline_mixed,slot_legacy,full4,aggressive,20,ALL,173,0,-0.016,-0.11,0.457
variant_minus_baseline_mixed,slot_legacy,full4,aggressive,20,P1,91,0,-0.063,-0.51,0.418
variant_minus_baseline_mixed,slot_legacy,full4,aggressive,20,P2,82,0,0.036,0.14,0.5
variant_minus_baseline_mixed,slot_zero,full4,aggressive,20,ALL,173,0,-0.006,-0.04,0.457
variant_minus_baseline_mixed,slot_zero,full4,aggressive,20,P1,91,0,-0.063,-0.5,0.418
variant_minus_baseline_mixed,slot_zero,full4,aggressive,20,P2,82,0,0.057,0.21,0.5
variant_minus_baseline_mixed,slot_loss,full4,aggressive,20,ALL,173,0,0.202,1.2,0.514
variant_minus_baseline_mixed,slot_loss,full4,aggressive,20,P1,91,0,0.232,1.15,0.516
variant_minus_baseline_mixed,slot_loss,full4,aggressive,20,P2,82,0,0.168,0.61,0.512
variant_minus_baseline_mixed,slot,full4,aggressive,63,ALL,165,0,0.004,0.01,0.43
variant_minus_baseline_mixed,slot,full4,aggressive,63,P1,91,0,-0.429,-2.06,0.396
variant_minus_baseline_mixed,slot,full4,aggressive,63,P2,74,0,0.536,0.94,0.473
variant_minus_baseline_mixed,slot_legacy,full4,aggressive,63,ALL,165,0,0.025,0.08,0.43
variant_minus_baseline_mixed,slot_legacy,full4,aggressive,63,P1,91,0,-0.376,-1.81,0.396
variant_minus_baseline_mixed,slot_legacy,full4,aggressive,63,P2,74,0,0.518,0.9,0.473
variant_minus_baseline_mixed,slot_zero,full4,aggressive,63,ALL,165,0,-0.013,-0.04,0.436
variant_minus_baseline_mixed,slot_zero,full4,aggressive,63,P1,91,0,-0.419,-2.04,0.396
variant_minus_baseline_mixed,slot_zero,full4,aggressive,63,P2,74,0,0.488,0.86,0.486
variant_minus_baseline_mixed,slot_loss,full4,aggressive,63,ALL,165,0,0.197,0.68,0.497
variant_minus_baseline_mixed,slot_loss,full4,aggressive,63,P1,91,0,-0.11,-0.3,0.473
variant_minus_baseline_mixed,slot_loss,full4,aggressive,63,P2,74,0,0.575,1.48,0.527
variant_minus_baseline_stock,slot,full4,aggressive,5,ALL,176,0,-0.031,-0.57,0.443
variant_minus_baseline_stock,slot,full4,aggressive,5,P1,91,0,-0.041,-0.68,0.429
variant_minus_baseline_stock,slot,full4,aggressive,5,P2,85,0,-0.02,-0.22,0.459
variant_minus_baseline_stock,slot_legacy,full4,aggressive,5,ALL,176,0,-0.03,-0.56,0.443
variant_minus_baseline_stock,slot_legacy,full4,aggressive,5,P1,91,0,-0.04,-0.68,0.44
variant_minus_baseline_stock,slot_legacy,full4,aggressive,5,P2,85,0,-0.019,-0.21,0.447
variant_minus_baseline_stock,slot_zero,full4,aggressive,5,ALL,176,0,-0.03,-0.56,0.449
variant_minus_baseline_stock,slot_zero,full4,aggressive,5,P1,91,0,-0.039,-0.66,0.44
variant_minus_baseline_stock,slot_zero,full4,aggressive,5,P2,85,0,-0.021,-0.23,0.459
variant_minus_baseline_stock,slot_loss,full4,aggressive,5,ALL,176,0,0.045,0.62,0.466
variant_minus_baseline_stock,slot_loss,full4,aggressive,5,P1,91,0,0.016,0.21,0.462
variant_minus_baseline_stock,slot_loss,full4,aggressive,5,P2,85,0,0.075,0.6,0.471
variant_minus_baseline_stock,slot,full4,aggressive,20,ALL,173,0,-0.007,-0.05,0.434
variant_minus_baseline_stock,slot,full4,aggressive,20,P1,91,0,-0.091,-0.66,0.385
variant_minus_baseline_stock,slot,full4,aggressive,20,P2,82,0,0.086,0.32,0.488
variant_minus_baseline_stock,slot_legacy,full4,aggressive,20,ALL,173,0,-0.036,-0.25,0.434
variant_minus_baseline_stock,slot_legacy,full4,aggressive,20,P1,91,0,-0.093,-0.68,0.385
variant_minus_baseline_stock,slot_legacy,full4,aggressive,20,P2,82,0,0.028,0.11,0.488
variant_minus_baseline_stock,slot_zero,full4,aggressive,20,ALL,173,0,-0.023,-0.16,0.434
variant_minus_baseline_stock,slot_zero,full4,aggressive,20,P1,91,0,-0.093,-0.69,0.385
variant_minus_baseline_stock,slot_zero,full4,aggressive,20,P2,82,0,0.056,0.21,0.488
variant_minus_baseline_stock,slot_loss,full4,aggressive,20,ALL,173,0,0.265,1.38,0.474
variant_minus_baseline_stock,slot_loss,full4,aggressive,20,P1,91,0,0.202,0.97,0.451
variant_minus_baseline_stock,slot_loss,full4,aggressive,20,P2,82,0,0.334,1.01,0.5
variant_minus_baseline_stock,slot,full4,aggressive,63,ALL,165,0,-0.309,-1.09,0.43
variant_minus_baseline_stock,slot,full4,aggressive,63,P1,91,0,-0.618,-2.78,0.374
variant_minus_baseline_stock,slot,full4,aggressive,63,P2,74,0,0.07,0.13,0.5
variant_minus_baseline_stock,slot_legacy,full4,aggressive,63,ALL,165,0,-0.303,-1.08,0.412
variant_minus_baseline_stock,slot_legacy,full4,aggressive,63,P1,91,0,-0.565,-2.49,0.352
variant_minus_baseline_stock,slot_legacy,full4,aggressive,63,P2,74,0,0.02,0.04,0.486
variant_minus_baseline_stock,slot_zero,full4,aggressive,63,ALL,165,0,-0.329,-1.18,0.424
variant_minus_baseline_stock,slot_zero,full4,aggressive,63,P1,91,0,-0.604,-2.75,0.374
variant_minus_baseline_stock,slot_zero,full4,aggressive,63,P2,74,0,0.008,0.02,0.486
variant_minus_baseline_stock,slot_loss,full4,aggressive,63,ALL,165,0,0.189,0.61,0.491
variant_minus_baseline_stock,slot_loss,full4,aggressive,63,P1,91,0,-0.097,-0.25,0.473
variant_minus_baseline_stock,slot_loss,full4,aggressive,63,P2,74,0,0.54,1.21,0.514
level_mixed,slot,g3,balanced,5,ALL,176,0,-0.079,-0.42,0.5
level_mixed,slot,g3,balanced,5,P1,91,0,-0.185,-0.92,0.462
level_mixed,slot,g3,balanced,5,P2,85,0,0.036,0.11,0.541
level_mixed,slot_legacy,g3,balanced,5,ALL,176,0,-0.079,-0.43,0.5
level_mixed,slot_legacy,g3,balanced,5,P1,91,0,-0.186,-0.92,0.462
level_mixed,slot_legacy,g3,balanced,5,P2,85,0,0.035,0.11,0.541
level_mixed,slot_zero,g3,balanced,5,ALL,176,0,-0.079,-0.43,0.5
level_mixed,slot_zero,g3,balanced,5,P1,91,0,-0.185,-0.92,0.462
level_mixed,slot_zero,g3,balanced,5,P2,85,0,0.034,0.11,0.541
level_mixed,slot_loss,g3,balanced,5,ALL,176,0,-0.384,-1.9,0.455
level_mixed,slot_loss,g3,balanced,5,P1,91,0,-0.519,-2.2,0.418
level_mixed,slot_loss,g3,balanced,5,P2,85,0,-0.24,-0.72,0.494
level_mixed,slot,g3,balanced,20,ALL,173,0,-0.282,-0.54,0.462
level_mixed,slot,g3,balanced,20,P1,91,0,-0.391,-0.67,0.363
level_mixed,slot,g3,balanced,20,P2,82,0,-0.161,-0.18,0.573
level_mixed,slot_legacy,g3,balanced,20,ALL,173,0,-0.305,-0.59,0.462
level_mixed,slot_legacy,g3,balanced,20,P1,91,0,-0.39,-0.68,0.352
level_mixed,slot_legacy,g3,balanced,20,P2,82,0,-0.212,-0.24,0.585
level_mixed,slot_zero,g3,balanced,20,ALL,173,0,-0.284,-0.55,0.462
level_mixed,slot_zero,g3,balanced,20,P1,91,0,-0.384,-0.67,0.363
level_mixed,slot_zero,g3,balanced,20,P2,82,0,-0.172,-0.19,0.573
level_mixed,slot_loss,g3,balanced,20,ALL,173,0,-1.698,-3.0,0.358
level_mixed,slot_loss,g3,balanced,20,P1,91,0,-1.704,-2.4,0.308
level_mixed,slot_loss,g3,balanced,20,P2,82,0,-1.692,-1.89,0.415
level_mixed,slot,g3,balanced,63,ALL,165,0,-0.578,-0.38,0.442
level_mixed,slot,g3,balanced,63,P1,91,0,-1.659,-2.37,0.33
level_mixed,slot,g3,balanced,63,P2,74,0,0.751,0.24,0.581
level_mixed,slot_legacy,g3,balanced,63,ALL,165,0,-0.492,-0.32,0.436
level_mixed,slot_legacy,g3,balanced,63,P1,91,0,-1.514,-2.05,0.319
level_mixed,slot_legacy,g3,balanced,63,P2,74,0,0.764,0.24,0.581
level_mixed,slot_zero,g3,balanced,63,ALL,165,0,-0.643,-0.44,0.442
level_mixed,slot_zero,g3,balanced,63,P1,91,0,-1.622,-2.36,0.33
level_mixed,slot_zero,g3,balanced,63,P2,74,0,0.562,0.19,0.581
level_mixed,slot_loss,g3,balanced,63,ALL,165,0,-4.831,-3.71,0.267
level_mixed,slot_loss,g3,balanced,63,P1,91,0,-4.771,-4.7,0.209
level_mixed,slot_loss,g3,balanced,63,P2,74,0,-4.905,-1.86,0.338
level_stock,slot,g3,balanced,5,ALL,176,0,-0.059,-0.31,0.545
level_stock,slot,g3,balanced,5,P1,91,0,-0.142,-0.69,0.516
level_stock,slot,g3,balanced,5,P2,85,0,0.029,0.09,0.576
level_stock,slot_legacy,g3,balanced,5,ALL,176,0,-0.062,-0.33,0.545
level_stock,slot_legacy,g3,balanced,5,P1,91,0,-0.144,-0.71,0.516
level_stock,slot_legacy,g3,balanced,5,P2,85,0,0.025,0.07,0.576
level_stock,slot_zero,g3,balanced,5,ALL,176,0,-0.062,-0.32,0.545
level_stock,slot_zero,g3,balanced,5,P1,91,0,-0.143,-0.7,0.516
level_stock,slot_zero,g3,balanced,5,P2,85,0,0.025,0.08,0.576
level_stock,slot_loss,g3,balanced,5,ALL,176,0,-0.452,-2.15,0.494
level_stock,slot_loss,g3,balanced,5,P1,91,0,-0.551,-2.31,0.451
level_stock,slot_loss,g3,balanced,5,P2,85,0,-0.345,-0.98,0.541
level_stock,slot,g3,balanced,20,ALL,173,0,-0.116,-0.22,0.497
level_stock,slot,g3,balanced,20,P1,91,0,-0.091,-0.16,0.44
level_stock,slot,g3,balanced,20,P2,82,0,-0.143,-0.16,0.561
level_stock,slot_legacy,g3,balanced,20,ALL,173,0,-0.141,-0.27,0.497
level_stock,slot_legacy,g3,balanced,20,P1,91,0,-0.095,-0.16,0.44
level_stock,slot_legacy,g3,balanced,20,P2,82,0,-0.192,-0.21,0.561
level_stock,slot_zero,g3,balanced,20,ALL,173,0,-0.121,-0.23,0.497
level_stock,slot_zero,g3,balanced,20,P1,91,0,-0.089,-0.15,0.44
level_stock,slot_zero,g3,balanced,20,P2,82,0,-0.157,-0.17,0.561
level_stock,slot_loss,g3,balanced,20,ALL,173,0,-1.711,-2.86,0.364
level_stock,slot_loss,g3,balanced,20,P1,91,0,-1.596,-2.21,0.352
level_stock,slot_loss,g3,balanced,20,P2,82,0,-1.838,-1.89,0.378
level_stock,slot,g3,balanced,63,ALL,165,0,0.603,0.38,0.521
level_stock,slot,g3,balanced,63,P1,91,0,-0.086,-0.09,0.462
level_stock,slot,g3,balanced,63,P2,74,0,1.452,0.45,0.595
level_stock,slot_legacy,g3,balanced,63,ALL,165,0,0.652,0.41,0.515
level_stock,slot_legacy,g3,balanced,63,P1,91,0,0.024,0.03,0.451
level_stock,slot_legacy,g3,balanced,63,P2,74,0,1.425,0.44,0.595
level_stock,slot_zero,g3,balanced,63,ALL,165,0,0.501,0.33,0.521
level_stock,slot_zero,g3,balanced,63,P1,91,0,-0.077,-0.09,0.462
level_stock,slot_zero,g3,balanced,63,P2,74,0,1.212,0.39,0.595
level_stock,slot_loss,g3,balanced,63,ALL,165,0,-4.254,-2.88,0.321
level_stock,slot_loss,g3,balanced,63,P1,91,0,-3.916,-2.82,0.297
level_stock,slot_loss,g3,balanced,63,P2,74,0,-4.67,-1.66,0.351
stock_minus_mixed,slot,g3,balanced,5,ALL,176,0,0.019,0.42,0.403
stock_minus_mixed,slot,g3,balanced,5,P1,91,0,0.044,0.59,0.429
stock_minus_mixed,slot,g3,balanced,5,P2,85,0,-0.007,-0.13,0.376
stock_minus_mixed,slot_legacy,g3,balanced,5,ALL,176,0,0.017,0.37,0.403
stock_minus_mixed,slot_legacy,g3,balanced,5,P1,91,0,0.042,0.57,0.429
stock_minus_mixed,slot_legacy,g3,balanced,5,P2,85,0,-0.01,-0.21,0.376
stock_minus_mixed,slot_zero,g3,balanced,5,ALL,176,0,0.017,0.38,0.403
stock_minus_mixed,slot_zero,g3,balanced,5,P1,91,0,0.042,0.57,0.429
stock_minus_mixed,slot_zero,g3,balanced,5,P2,85,0,-0.009,-0.18,0.376
stock_minus_mixed,slot_loss,g3,balanced,5,ALL,176,0,-0.067,-1.33,0.375
stock_minus_mixed,slot_loss,g3,balanced,5,P1,91,0,-0.032,-0.39,0.385
stock_minus_mixed,slot_loss,g3,balanced,5,P2,85,0,-0.106,-1.78,0.365
stock_minus_mixed,slot,g3,balanced,20,ALL,173,0,0.166,1.64,0.439
stock_minus_mixed,slot,g3,balanced,20,P1,91,0,0.299,1.96,0.495
stock_minus_mixed,slot,g3,balanced,20,P2,82,0,0.018,0.15,0.378
stock_minus_mixed,slot_legacy,g3,balanced,20,ALL,173,0,0.164,1.65,0.439
stock_minus_mixed,slot_legacy,g3,balanced,20,P1,91,0,0.294,1.95,0.495
stock_minus_mixed,slot_legacy,g3,balanced,20,P2,82,0,0.019,0.16,0.378
stock_minus_mixed,slot_zero,g3,balanced,20,ALL,173,0,0.162,1.62,0.439
stock_minus_mixed,slot_zero,g3,balanced,20,P1,91,0,0.295,1.96,0.495
stock_minus_mixed,slot_zero,g3,balanced,20,P2,82,0,0.015,0.12,0.378
stock_minus_mixed,slot_loss,g3,balanced,20,ALL,173,0,-0.012,-0.11,0.393
stock_minus_mixed,slot_loss,g3,balanced,20,P1,91,0,0.108,0.76,0.429
stock_minus_mixed,slot_loss,g3,balanced,20,P2,82,0,-0.146,-0.82,0.354
stock_minus_mixed,slot,g3,balanced,63,ALL,165,0,1.181,2.78,0.509
stock_minus_mixed,slot,g3,balanced,63,P1,91,0,1.573,2.19,0.527
stock_minus_mixed,slot,g3,balanced,63,P2,74,0,0.7,3.66,0.486
stock_minus_mixed,slot_legacy,g3,balanced,63,ALL,165,0,1.145,2.71,0.509
stock_minus_mixed,slot_legacy,g3,balanced,63,P1,91,0,1.538,2.15,0.527
stock_minus_mixed,slot_legacy,g3,balanced,63,P2,74,0,0.661,3.66,0.486
stock_minus_mixed,slot_zero,g3,balanced,63,ALL,165,0,1.144,2.7,0.515
stock_minus_mixed,slot_zero,g3,balanced,63,P1,91,0,1.545,2.16,0.527
stock_minus_mixed,slot_zero,g3,balanced,63,P2,74,0,0.651,3.57,0.5
stock_minus_mixed,slot_loss,g3,balanced,63,ALL,165,0,0.577,1.35,0.406
stock_minus_mixed,slot_loss,g3,balanced,63,P1,91,0,0.855,1.16,0.385
stock_minus_mixed,slot_loss,g3,balanced,63,P2,74,0,0.235,1.06,0.432
variant_minus_baseline_mixed,slot,g3,balanced,5,ALL,176,0,0.027,0.41,0.489
variant_minus_baseline_mixed,slot,g3,balanced,5,P1,91,0,0.026,0.42,0.516
variant_minus_baseline_mixed,slot,g3,balanced,5,P2,85,0,0.027,0.23,0.459
variant_minus_baseline_mixed,slot_legacy,g3,balanced,5,ALL,176,0,0.029,0.45,0.494
variant_minus_baseline_mixed,slot_legacy,g3,balanced,5,P1,91,0,0.026,0.42,0.516
variant_minus_baseline_mixed,slot_legacy,g3,balanced,5,P2,85,0,0.032,0.27,0.471
variant_minus_baseline_mixed,slot_zero,g3,balanced,5,ALL,176,0,0.029,0.44,0.494
variant_minus_baseline_mixed,slot_zero,g3,balanced,5,P1,91,0,0.028,0.45,0.527
variant_minus_baseline_mixed,slot_zero,g3,balanced,5,P2,85,0,0.029,0.25,0.459
variant_minus_baseline_mixed,slot_loss,g3,balanced,5,ALL,176,0,0.179,1.99,0.511
variant_minus_baseline_mixed,slot_loss,g3,balanced,5,P1,91,0,0.175,1.51,0.538
variant_minus_baseline_mixed,slot_loss,g3,balanced,5,P2,85,0,0.183,1.32,0.482
variant_minus_baseline_mixed,slot,g3,balanced,20,ALL,173,0,0.068,0.41,0.532
variant_minus_baseline_mixed,slot,g3,balanced,20,P1,91,0,0.107,0.72,0.571
variant_minus_baseline_mixed,slot,g3,balanced,20,P2,82,0,0.024,0.08,0.488
variant_minus_baseline_mixed,slot_legacy,g3,balanced,20,ALL,173,0,0.056,0.34,0.52
variant_minus_baseline_mixed,slot_legacy,g3,balanced,20,P1,91,0,0.109,0.73,0.56
variant_minus_baseline_mixed,slot_legacy,g3,balanced,20,P2,82,0,-0.004,-0.01,0.476
variant_minus_baseline_mixed,slot_zero,g3,balanced,20,ALL,173,0,0.065,0.4,0.532
variant_minus_baseline_mixed,slot_zero,g3,balanced,20,P1,91,0,0.107,0.72,0.571
variant_minus_baseline_mixed,slot_zero,g3,balanced,20,P2,82,0,0.019,0.06,0.488
variant_minus_baseline_mixed,slot_loss,g3,balanced,20,ALL,173,0,0.504,1.91,0.566
variant_minus_baseline_mixed,slot_loss,g3,balanced,20,P1,91,0,0.663,1.78,0.604
variant_minus_baseline_mixed,slot_loss,g3,balanced,20,P2,82,0,0.326,0.88,0.524
variant_minus_baseline_mixed,slot,g3,balanced,63,ALL,165,0,0.095,0.24,0.442
variant_minus_baseline_mixed,slot,g3,balanced,63,P1,91,0,-0.362,-1.03,0.418
variant_minus_baseline_mixed,slot,g3,balanced,63,P2,74,0,0.657,0.96,0.473
variant_minus_baseline_mixed,slot_legacy,g3,balanced,63,ALL,165,0,0.072,0.19,0.424
variant_minus_baseline_mixed,slot_legacy,g3,balanced,63,P1,91,0,-0.309,-0.89,0.407
variant_minus_baseline_mixed,slot_legacy,g3,balanced,63,P2,74,0,0.542,0.82,0.446
variant_minus_baseline_mixed,slot_zero,g3,balanced,63,ALL,165,0,0.072,0.19,0.442
variant_minus_baseline_mixed,slot_zero,g3,balanced,63,P1,91,0,-0.353,-1.03,0.429
variant_minus_baseline_mixed,slot_zero,g3,balanced,63,P2,74,0,0.596,0.91,0.459
variant_minus_baseline_mixed,slot_loss,g3,balanced,63,ALL,165,0,0.544,1.3,0.533
variant_minus_baseline_mixed,slot_loss,g3,balanced,63,P1,91,0,0.533,0.93,0.549
variant_minus_baseline_mixed,slot_loss,g3,balanced,63,P2,74,0,0.557,0.94,0.514
variant_minus_baseline_stock,slot,g3,balanced,5,ALL,176,0,-0.026,-0.41,0.449
variant_minus_baseline_stock,slot,g3,balanced,5,P1,91,0,-0.027,-0.41,0.462
variant_minus_baseline_stock,slot,g3,balanced,5,P2,85,0,-0.025,-0.23,0.435
variant_minus_baseline_stock,slot_legacy,g3,balanced,5,ALL,176,0,-0.026,-0.41,0.449
variant_minus_baseline_stock,slot_legacy,g3,balanced,5,P1,91,0,-0.027,-0.41,0.462
variant_minus_baseline_stock,slot_legacy,g3,balanced,5,P2,85,0,-0.024,-0.22,0.435
variant_minus_baseline_stock,slot_zero,g3,balanced,5,ALL,176,0,-0.024,-0.38,0.449
variant_minus_baseline_stock,slot_zero,g3,balanced,5,P1,91,0,-0.025,-0.38,0.462
variant_minus_baseline_stock,slot_zero,g3,balanced,5,P2,85,0,-0.023,-0.21,0.435
variant_minus_baseline_stock,slot_loss,g3,balanced,5,ALL,176,0,0.089,1.06,0.472
variant_minus_baseline_stock,slot_loss,g3,balanced,5,P1,91,0,0.085,0.84,0.495
variant_minus_baseline_stock,slot_loss,g3,balanced,5,P2,85,0,0.094,0.68,0.447
variant_minus_baseline_stock,slot,g3,balanced,20,ALL,173,0,-0.046,-0.28,0.486
variant_minus_baseline_stock,slot,g3,balanced,20,P1,91,0,-0.136,-0.83,0.484
variant_minus_baseline_stock,slot,g3,balanced,20,P2,82,0,0.055,0.19,0.488
variant_minus_baseline_stock,slot_legacy,g3,balanced,20,ALL,173,0,-0.054,-0.34,0.474
variant_minus_baseline_stock,slot_legacy,g3,balanced,20,P1,91,0,-0.124,-0.78,0.484
variant_minus_baseline_stock,slot_legacy,g3,balanced,20,P2,82,0,0.024,0.08,0.463
variant_minus_baseline_stock,slot_zero,g3,balanced,20,ALL,173,0,-0.049,-0.3,0.486
variant_minus_baseline_stock,slot_zero,g3,balanced,20,P1,91,0,-0.132,-0.82,0.484
variant_minus_baseline_stock,slot_zero,g3,balanced,20,P2,82,0,0.042,0.15,0.488
variant_minus_baseline_stock,slot_loss,g3,balanced,20,ALL,173,0,0.643,2.35,0.578
variant_minus_baseline_stock,slot_loss,g3,balanced,20,P1,91,0,0.65,1.8,0.582
variant_minus_baseline_stock,slot_loss,g3,balanced,20,P2,82,0,0.636,1.52,0.573
variant_minus_baseline_stock,slot,g3,balanced,63,ALL,165,0,-0.162,-0.41,0.455
variant_minus_baseline_stock,slot,g3,balanced,63,P1,91,0,-0.719,-2.08,0.385
variant_minus_baseline_stock,slot,g3,balanced,63,P2,74,0,0.524,0.81,0.541
variant_minus_baseline_stock,slot_legacy,g3,balanced,63,ALL,165,0,-0.188,-0.52,0.448
variant_minus_baseline_stock,slot_legacy,g3,balanced,63,P1,91,0,-0.658,-2.07,0.385
variant_minus_baseline_stock,slot_legacy,g3,balanced,63,P2,74,0,0.389,0.62,0.527
variant_minus_baseline_stock,slot_zero,g3,balanced,63,ALL,165,0,-0.188,-0.51,0.442
variant_minus_baseline_stock,slot_zero,g3,balanced,63,P1,91,0,-0.693,-2.14,0.385
variant_minus_baseline_stock,slot_zero,g3,balanced,63,P2,74,0,0.434,0.69,0.514
variant_minus_baseline_stock,slot_loss,g3,balanced,63,ALL,165,0,0.766,1.59,0.564
variant_minus_baseline_stock,slot_loss,g3,balanced,63,P1,91,0,0.602,0.93,0.56
variant_minus_baseline_stock,slot_loss,g3,balanced,63,P2,74,0,0.968,1.37,0.568
level_mixed,slot,g3,aggressive,5,ALL,176,0,-0.119,-0.59,0.5
level_mixed,slot,g3,aggressive,5,P1,91,0,-0.148,-0.69,0.462
level_mixed,slot,g3,aggressive,5,P2,85,0,-0.087,-0.25,0.541
level_mixed,slot_legacy,g3,aggressive,5,ALL,176,0,-0.119,-0.59,0.5
level_mixed,slot_legacy,g3,aggressive,5,P1,91,0,-0.149,-0.7,0.462
level_mixed,slot_legacy,g3,aggressive,5,P2,85,0,-0.087,-0.25,0.541
level_mixed,slot_zero,g3,aggressive,5,ALL,176,0,-0.119,-0.59,0.5
level_mixed,slot_zero,g3,aggressive,5,P1,91,0,-0.148,-0.69,0.462
level_mixed,slot_zero,g3,aggressive,5,P2,85,0,-0.087,-0.25,0.541
level_mixed,slot_loss,g3,aggressive,5,ALL,176,0,-0.434,-1.97,0.455
level_mixed,slot_loss,g3,aggressive,5,P1,91,0,-0.463,-1.95,0.407
level_mixed,slot_loss,g3,aggressive,5,P2,85,0,-0.402,-1.06,0.506
level_mixed,slot,g3,aggressive,20,ALL,173,0,-0.365,-0.64,0.434
level_mixed,slot,g3,aggressive,20,P1,91,0,-0.447,-0.76,0.341
level_mixed,slot,g3,aggressive,20,P2,82,0,-0.274,-0.27,0.537
level_mixed,slot_legacy,g3,aggressive,20,ALL,173,0,-0.394,-0.7,0.434
level_mixed,slot_legacy,g3,aggressive,20,P1,91,0,-0.449,-0.77,0.341
level_mixed,slot_legacy,g3,aggressive,20,P2,82,0,-0.334,-0.33,0.537
level_mixed,slot_zero,g3,aggressive,20,ALL,173,0,-0.37,-0.65,0.434
level_mixed,slot_zero,g3,aggressive,20,P1,91,0,-0.443,-0.76,0.341
level_mixed,slot_zero,g3,aggressive,20,P2,82,0,-0.289,-0.29,0.537
level_mixed,slot_loss,g3,aggressive,20,ALL,173,0,-1.72,-2.88,0.329
level_mixed,slot_loss,g3,aggressive,20,P1,91,0,-1.593,-2.38,0.264
level_mixed,slot_loss,g3,aggressive,20,P2,82,0,-1.862,-1.83,0.402
level_mixed,slot,g3,aggressive,63,ALL,165,0,-0.991,-0.65,0.394
level_mixed,slot,g3,aggressive,63,P1,91,0,-1.776,-2.29,0.308
level_mixed,slot,g3,aggressive,63,P2,74,0,-0.025,-0.01,0.5
level_mixed,slot_legacy,g3,aggressive,63,ALL,165,0,-0.852,-0.55,0.4
level_mixed,slot_legacy,g3,aggressive,63,P1,91,0,-1.597,-1.92,0.319
level_mixed,slot_legacy,g3,aggressive,63,P2,74,0,0.064,0.02,0.5
level_mixed,slot_zero,g3,aggressive,63,ALL,165,0,-1.034,-0.71,0.394
level_mixed,slot_zero,g3,aggressive,63,P1,91,0,-1.74,-2.28,0.308
level_mixed,slot_zero,g3,aggressive,63,P2,74,0,-0.166,-0.06,0.5
level_mixed,slot_loss,g3,aggressive,63,ALL,165,0,-5.127,-3.99,0.23
level_mixed,slot_loss,g3,aggressive,63,P1,91,0,-4.812,-4.86,0.187
level_mixed,slot_loss,g3,aggressive,63,P2,74,0,-5.515,-2.12,0.284
level_stock,slot,g3,aggressive,5,ALL,176,0,-0.069,-0.33,0.528
level_stock,slot,g3,aggressive,5,P1,91,0,-0.084,-0.39,0.505
level_stock,slot,g3,aggressive,5,P2,85,0,-0.053,-0.15,0.553
level_stock,slot_legacy,g3,aggressive,5,ALL,176,0,-0.072,-0.34,0.523
level_stock,slot_legacy,g3,aggressive,5,P1,91,0,-0.087,-0.4,0.505
level_stock,slot_legacy,g3,aggressive,5,P2,85,0,-0.056,-0.15,0.541
level_stock,slot_zero,g3,aggressive,5,ALL,176,0,-0.072,-0.35,0.528
level_stock,slot_zero,g3,aggressive,5,P1,91,0,-0.086,-0.4,0.505
level_stock,slot_zero,g3,aggressive,5,P2,85,0,-0.058,-0.16,0.553
level_stock,slot_loss,g3,aggressive,5,ALL,176,0,-0.443,-1.98,0.477
level_stock,slot_loss,g3,aggressive,5,P1,91,0,-0.438,-1.83,0.44
level_stock,slot_loss,g3,aggressive,5,P2,85,0,-0.45,-1.16,0.518
level_stock,slot,g3,aggressive,20,ALL,173,0,-0.132,-0.23,0.468
level_stock,slot,g3,aggressive,20,P1,91,0,-0.058,-0.1,0.396
level_stock,slot,g3,aggressive,20,P2,82,0,-0.214,-0.21,0.549
level_stock,slot_legacy,g3,aggressive,20,ALL,173,0,-0.175,-0.3,0.462
level_stock,slot_legacy,g3,aggressive,20,P1,91,0,-0.073,-0.12,0.385
level_stock,slot_legacy,g3,aggressive,20,P2,82,0,-0.289,-0.28,0.549
level_stock,slot_zero,g3,aggressive,20,ALL,173,0,-0.148,-0.26,0.468
level_stock,slot_zero,g3,aggressive,20,P1,91,0,-0.06,-0.1,0.396
level_stock,slot_zero,g3,aggressive,20,P2,82,0,-0.246,-0.24,0.549
level_stock,slot_loss,g3,aggressive,20,ALL,173,0,-1.812,-2.85,0.341
level_stock,slot_loss,g3,aggressive,20,P1,91,0,-1.575,-2.16,0.297
level_stock,slot_loss,g3,aggressive,20,P2,82,0,-2.076,-1.94,0.39
level_stock,slot,g3,aggressive,63,ALL,165,0,0.23,0.14,0.461
level_stock,slot,g3,aggressive,63,P1,91,0,-0.015,-0.01,0.429
level_stock,slot,g3,aggressive,63,P2,74,0,0.532,0.16,0.5
level_stock,slot_legacy,g3,aggressive,63,ALL,165,0,0.333,0.2,0.461
level_stock,slot_legacy,g3,aggressive,63,P1,91,0,0.117,0.11,0.429
level_stock,slot_legacy,g3,aggressive,63,P2,74,0,0.597,0.18,0.5
level_stock,slot_zero,g3,aggressive,63,ALL,165,0,0.151,0.1,0.461
level_stock,slot_zero,g3,aggressive,63,P1,91,0,-0.01,-0.01,0.429
level_stock,slot_zero,g3,aggressive,63,P2,74,0,0.35,0.11,0.5
level_stock,slot_loss,g3,aggressive,63,ALL,165,0,-4.695,-3.08,0.291
level_stock,slot_loss,g3,aggressive,63,P1,91,0,-3.797,-2.65,0.286
level_stock,slot_loss,g3,aggressive,63,P2,74,0,-5.8,-2.01,0.297
stock_minus_mixed,slot,g3,aggressive,5,ALL,176,0,0.049,0.97,0.449
stock_minus_mixed,slot,g3,aggressive,5,P1,91,0,0.064,0.78,0.484
stock_minus_mixed,slot,g3,aggressive,5,P2,85,0,0.034,0.57,0.412
stock_minus_mixed,slot_legacy,g3,aggressive,5,ALL,176,0,0.047,0.93,0.449
stock_minus_mixed,slot_legacy,g3,aggressive,5,P1,91,0,0.063,0.77,0.484
stock_minus_mixed,slot_legacy,g3,aggressive,5,P2,85,0,0.031,0.53,0.412
stock_minus_mixed,slot_zero,g3,aggressive,5,ALL,176,0,0.046,0.91,0.449
stock_minus_mixed,slot_zero,g3,aggressive,5,P1,91,0,0.063,0.77,0.484
stock_minus_mixed,slot_zero,g3,aggressive,5,P2,85,0,0.028,0.49,0.412
stock_minus_mixed,slot_loss,g3,aggressive,5,ALL,176,0,-0.01,-0.17,0.432
stock_minus_mixed,slot_loss,g3,aggressive,5,P1,91,0,0.026,0.3,0.473
stock_minus_mixed,slot_loss,g3,aggressive,5,P2,85,0,-0.047,-0.63,0.388
stock_minus_mixed,slot,g3,aggressive,20,ALL,173,0,0.233,2.38,0.514
stock_minus_mixed,slot,g3,aggressive,20,P1,91,0,0.388,2.94,0.56
stock_minus_mixed,slot,g3,aggressive,20,P2,82,0,0.06,0.44,0.463
stock_minus_mixed,slot_legacy,g3,aggressive,20,ALL,173,0,0.219,2.28,0.503
stock_minus_mixed,slot_legacy,g3,aggressive,20,P1,91,0,0.376,2.89,0.538
stock_minus_mixed,slot_legacy,g3,aggressive,20,P2,82,0,0.044,0.34,0.463
stock_minus_mixed,slot_zero,g3,aggressive,20,ALL,173,0,0.222,2.29,0.503
stock_minus_mixed,slot_zero,g3,aggressive,20,P1,91,0,0.382,2.94,0.538
stock_minus_mixed,slot_zero,g3,aggressive,20,P2,82,0,0.043,0.32,0.463
stock_minus_mixed,slot_loss,g3,aggressive,20,ALL,173,0,-0.092,-0.63,0.439
stock_minus_mixed,slot_loss,g3,aggressive,20,P1,91,0,0.018,0.11,0.462
stock_minus_mixed,slot_loss,g3,aggressive,20,P2,82,0,-0.214,-0.92,0.415
stock_minus_mixed,slot,g3,aggressive,63,ALL,165,0,1.221,2.64,0.539
stock_minus_mixed,slot,g3,aggressive,63,P1,91,0,1.761,2.34,0.637
stock_minus_mixed,slot,g3,aggressive,63,P2,74,0,0.557,2.24,0.419
stock_minus_mixed,slot_legacy,g3,aggressive,63,ALL,165,0,1.185,2.59,0.545
stock_minus_mixed,slot_legacy,g3,aggressive,63,P1,91,0,1.714,2.28,0.626
stock_minus_mixed,slot_legacy,g3,aggressive,63,P2,74,0,0.534,2.32,0.446
stock_minus_mixed,slot_zero,g3,aggressive,63,ALL,165,0,1.185,2.58,0.533
stock_minus_mixed,slot_zero,g3,aggressive,63,P1,91,0,1.73,2.31,0.626
stock_minus_mixed,slot_zero,g3,aggressive,63,P2,74,0,0.515,2.25,0.419
stock_minus_mixed,slot_loss,g3,aggressive,63,ALL,165,0,0.432,0.87,0.424
stock_minus_mixed,slot_loss,g3,aggressive,63,P1,91,0,1.015,1.3,0.484
stock_minus_mixed,slot_loss,g3,aggressive,63,P2,74,0,-0.284,-0.73,0.351
variant_minus_baseline_mixed,slot,g3,aggressive,5,ALL,176,0,-0.022,-0.38,0.472
variant_minus_baseline_mixed,slot,g3,aggressive,5,P1,91,0,-0.02,-0.36,0.484
variant_minus_baseline_mixed,slot,g3,aggressive,5,P2,85,0,-0.024,-0.23,0.459
variant_minus_baseline_mixed,slot_legacy,g3,aggressive,5,ALL,176,0,-0.021,-0.35,0.472
variant_minus_baseline_mixed,slot_legacy,g3,aggressive,5,P1,91,0,-0.02,-0.34,0.484
variant_minus_baseline_mixed,slot_legacy,g3,aggressive,5,P2,85,0,-0.022,-0.21,0.459
variant_minus_baseline_mixed,slot_zero,g3,aggressive,5,ALL,176,0,-0.019,-0.33,0.472
variant_minus_baseline_mixed,slot_zero,g3,aggressive,5,P1,91,0,-0.018,-0.32,0.484
variant_minus_baseline_mixed,slot_zero,g3,aggressive,5,P2,85,0,-0.021,-0.19,0.459
variant_minus_baseline_mixed,slot_loss,g3,aggressive,5,ALL,176,0,0.073,0.9,0.489
variant_minus_baseline_mixed,slot_loss,g3,aggressive,5,P1,91,0,0.056,0.57,0.495
variant_minus_baseline_mixed,slot_loss,g3,aggressive,5,P2,85,0,0.091,0.7,0.482
variant_minus_baseline_mixed,slot,g3,aggressive,20,ALL,173,0,0.107,0.6,0.497
variant_minus_baseline_mixed,slot,g3,aggressive,20,P1,91,0,0.048,0.34,0.505
variant_minus_baseline_mixed,slot,g3,aggressive,20,P2,82,0,0.172,0.51,0.488
variant_minus_baseline_mixed,slot_legacy,g3,aggressive,20,ALL,173,0,0.095,0.54,0.497
variant_minus_baseline_mixed,slot_legacy,g3,aggressive,20,P1,91,0,0.055,0.38,0.516
variant_minus_baseline_mixed,slot_legacy,g3,aggressive,20,P2,82,0,0.139,0.42,0.476
variant_minus_baseline_mixed,slot_zero,g3,aggressive,20,ALL,173,0,0.103,0.59,0.503
variant_minus_baseline_mixed,slot_zero,g3,aggressive,20,P1,91,0,0.047,0.34,0.516
variant_minus_baseline_mixed,slot_zero,g3,aggressive,20,P2,82,0,0.166,0.5,0.488
variant_minus_baseline_mixed,slot_loss,g3,aggressive,20,ALL,173,0,0.42,1.79,0.543
variant_minus_baseline_mixed,slot_loss,g3,aggressive,20,P1,91,0,0.497,1.67,0.593
variant_minus_baseline_mixed,slot_loss,g3,aggressive,20,P2,82,0,0.334,0.91,0.488
variant_minus_baseline_mixed,slot,g3,aggressive,63,ALL,165,0,-0.141,-0.39,0.467
variant_minus_baseline_mixed,slot,g3,aggressive,63,P1,91,0,-0.414,-1.22,0.429
variant_minus_baseline_mixed,slot,g3,aggressive,63,P2,74,0,0.196,0.31,0.514
variant_minus_baseline_mixed,slot_legacy,g3,aggressive,63,ALL,165,0,-0.097,-0.27,0.473
variant_minus_baseline_mixed,slot_legacy,g3,aggressive,63,P1,91,0,-0.309,-0.91,0.429
variant_minus_baseline_mixed,slot_legacy,g3,aggressive,63,P2,74,0,0.164,0.26,0.527
variant_minus_baseline_mixed,slot_zero,g3,aggressive,63,ALL,165,0,-0.135,-0.39,0.467
variant_minus_baseline_mixed,slot_zero,g3,aggressive,63,P1,91,0,-0.4,-1.2,0.429
variant_minus_baseline_mixed,slot_zero,g3,aggressive,63,P2,74,0,0.19,0.31,0.514
variant_minus_baseline_mixed,slot_loss,g3,aggressive,63,ALL,165,0,0.111,0.28,0.497
variant_minus_baseline_mixed,slot_loss,g3,aggressive,63,P1,91,0,0.202,0.38,0.505
variant_minus_baseline_mixed,slot_loss,g3,aggressive,63,P2,74,0,-0.001,-0.0,0.486
variant_minus_baseline_stock,slot,g3,aggressive,5,ALL,176,0,-0.031,-0.53,0.477
variant_minus_baseline_stock,slot,g3,aggressive,5,P1,91,0,-0.057,-0.99,0.473
variant_minus_baseline_stock,slot,g3,aggressive,5,P2,85,0,-0.003,-0.03,0.482
variant_minus_baseline_stock,slot_legacy,g3,aggressive,5,ALL,176,0,-0.029,-0.49,0.483
variant_minus_baseline_stock,slot_legacy,g3,aggressive,5,P1,91,0,-0.057,-0.98,0.484
variant_minus_baseline_stock,slot_legacy,g3,aggressive,5,P2,85,0,0.001,0.01,0.482
variant_minus_baseline_stock,slot_zero,g3,aggressive,5,ALL,176,0,-0.03,-0.51,0.489
variant_minus_baseline_stock,slot_zero,g3,aggressive,5,P1,91,0,-0.055,-0.96,0.484
variant_minus_baseline_stock,slot_zero,g3,aggressive,5,P2,85,0,-0.003,-0.03,0.494
variant_minus_baseline_stock,slot_loss,g3,aggressive,5,ALL,176,0,0.064,0.83,0.506
variant_minus_baseline_stock,slot_loss,g3,aggressive,5,P1,91,0,0.019,0.23,0.516
variant_minus_baseline_stock,slot_loss,g3,aggressive,5,P2,85,0,0.112,0.84,0.494
variant_minus_baseline_stock,slot,g3,aggressive,20,ALL,173,0,0.033,0.19,0.474
variant_minus_baseline_stock,slot,g3,aggressive,20,P1,91,0,-0.097,-0.67,0.429
variant_minus_baseline_stock,slot,g3,aggressive,20,P2,82,0,0.178,0.54,0.524
variant_minus_baseline_stock,slot_legacy,g3,aggressive,20,ALL,173,0,0.006,0.04,0.457
variant_minus_baseline_stock,slot_legacy,g3,aggressive,20,P1,91,0,-0.088,-0.62,0.429
variant_minus_baseline_stock,slot_legacy,g3,aggressive,20,P2,82,0,0.111,0.35,0.488
variant_minus_baseline_stock,slot_zero,g3,aggressive,20,ALL,173,0,0.017,0.1,0.474
variant_minus_baseline_stock,slot_zero,g3,aggressive,20,P1,91,0,-0.096,-0.68,0.429
variant_minus_baseline_stock,slot_zero,g3,aggressive,20,P2,82,0,0.143,0.44,0.524
variant_minus_baseline_stock,slot_loss,g3,aggressive,20,ALL,173,0,0.353,1.52,0.514
variant_minus_baseline_stock,slot_loss,g3,aggressive,20,P1,91,0,0.291,1.02,0.527
variant_minus_baseline_stock,slot_loss,g3,aggressive,20,P2,82,0,0.422,1.13,0.5
variant_minus_baseline_stock,slot,g3,aggressive,63,ALL,165,0,-0.506,-1.62,0.436
variant_minus_baseline_stock,slot,g3,aggressive,63,P1,91,0,-0.601,-1.84,0.396
variant_minus_baseline_stock,slot,g3,aggressive,63,P2,74,0,-0.389,-0.7,0.486
variant_minus_baseline_stock,slot_legacy,g3,aggressive,63,ALL,165,0,-0.473,-1.53,0.424
variant_minus_baseline_stock,slot_legacy,g3,aggressive,63,P1,91,0,-0.51,-1.59,0.385
variant_minus_baseline_stock,slot_legacy,g3,aggressive,63,P2,74,0,-0.429,-0.77,0.473
variant_minus_baseline_stock,slot_zero,g3,aggressive,63,ALL,165,0,-0.496,-1.64,0.436
variant_minus_baseline_stock,slot_zero,g3,aggressive,63,P1,91,0,-0.578,-1.82,0.385
variant_minus_baseline_stock,slot_zero,g3,aggressive,63,P2,74,0,-0.395,-0.74,0.5
variant_minus_baseline_stock,slot_loss,g3,aggressive,63,ALL,165,0,-0.007,-0.02,0.497
variant_minus_baseline_stock,slot_loss,g3,aggressive,63,P1,91,0,0.194,0.37,0.527
variant_minus_baseline_stock,slot_loss,g3,aggressive,63,P2,74,0,-0.253,-0.43,0.459
level_mixed,slot,g3x2,balanced,5,ALL,176,0,-0.081,-0.44,0.528
level_mixed,slot,g3x2,balanced,5,P1,91,0,-0.182,-0.92,0.516
level_mixed,slot,g3x2,balanced,5,P2,85,0,0.027,0.08,0.541
level_mixed,slot_legacy,g3x2,balanced,5,ALL,176,0,-0.083,-0.45,0.528
level_mixed,slot_legacy,g3x2,balanced,5,P1,91,0,-0.183,-0.93,0.527
level_mixed,slot_legacy,g3x2,balanced,5,P2,85,0,0.025,0.08,0.529
level_mixed,slot_zero,g3x2,balanced,5,ALL,176,0,-0.081,-0.44,0.528
level_mixed,slot_zero,g3x2,balanced,5,P1,91,0,-0.181,-0.92,0.516
level_mixed,slot_zero,g3x2,balanced,5,P2,85,0,0.027,0.08,0.541
level_mixed,slot_loss,g3x2,balanced,5,ALL,176,0,-0.341,-1.72,0.494
level_mixed,slot_loss,g3x2,balanced,5,P1,91,0,-0.498,-2.18,0.484
level_mixed,slot_loss,g3x2,balanced,5,P2,85,0,-0.172,-0.53,0.506
level_mixed,slot,g3x2,balanced,20,ALL,173,0,-0.265,-0.5,0.48
level_mixed,slot,g3x2,balanced,20,P1,91,0,-0.402,-0.78,0.396
level_mixed,slot,g3x2,balanced,20,P2,82,0,-0.113,-0.12,0.573
level_mixed,slot_legacy,g3x2,balanced,20,ALL,173,0,-0.289,-0.55,0.468
level_mixed,slot_legacy,g3x2,balanced,20,P1,91,0,-0.398,-0.78,0.385
level_mixed,slot_legacy,g3x2,balanced,20,P2,82,0,-0.168,-0.18,0.561
level_mixed,slot_zero,g3x2,balanced,20,ALL,173,0,-0.267,-0.51,0.48
level_mixed,slot_zero,g3x2,balanced,20,P1,91,0,-0.393,-0.77,0.396
level_mixed,slot_zero,g3x2,balanced,20,P2,82,0,-0.127,-0.13,0.573
level_mixed,slot_loss,g3x2,balanced,20,ALL,173,0,-1.458,-2.64,0.399
level_mixed,slot_loss,g3x2,balanced,20,P1,91,0,-1.596,-2.47,0.352
level_mixed,slot_loss,g3x2,balanced,20,P2,82,0,-1.304,-1.43,0.451
level_mixed,slot,g3x2,balanced,63,ALL,165,0,-1.034,-0.62,0.436
level_mixed,slot,g3x2,balanced,63,P1,91,0,-2.426,-3.57,0.33
level_mixed,slot,g3x2,balanced,63,P2,74,0,0.677,0.2,0.568
level_mixed,slot_legacy,g3x2,balanced,63,ALL,165,0,-0.946,-0.57,0.436
level_mixed,slot_legacy,g3x2,balanced,63,P1,91,0,-2.251,-3.1,0.319
level_mixed,slot_legacy,g3x2,balanced,63,P2,74,0,0.658,0.19,0.581
level_mixed,slot_zero,g3x2,balanced,63,ALL,165,0,-1.073,-0.68,0.436
level_mixed,slot_zero,g3x2,balanced,63,P1,91,0,-2.358,-3.53,0.33
level_mixed,slot_zero,g3x2,balanced,63,P2,74,0,0.508,0.16,0.568
level_mixed,slot_loss,g3x2,balanced,63,ALL,165,0,-4.943,-3.65,0.303
level_mixed,slot_loss,g3x2,balanced,63,P1,91,0,-5.258,-5.45,0.242
level_mixed,slot_loss,g3x2,balanced,63,P2,74,0,-4.555,-1.65,0.378
level_stock,slot,g3x2,balanced,5,ALL,176,0,-0.062,-0.33,0.54
level_stock,slot,g3x2,balanced,5,P1,91,0,-0.156,-0.78,0.538
level_stock,slot,g3x2,balanced,5,P2,85,0,0.038,0.12,0.541
level_stock,slot_legacy,g3x2,balanced,5,ALL,176,0,-0.063,-0.34,0.54
level_stock,slot_legacy,g3x2,balanced,5,P1,91,0,-0.155,-0.78,0.538
level_stock,slot_legacy,g3x2,balanced,5,P2,85,0,0.036,0.11,0.541
level_stock,slot_zero,g3x2,balanced,5,ALL,176,0,-0.061,-0.33,0.54
level_stock,slot_zero,g3x2,balanced,5,P1,91,0,-0.154,-0.77,0.538
level_stock,slot_zero,g3x2,balanced,5,P2,85,0,0.038,0.12,0.541
level_stock,slot_loss,g3x2,balanced,5,ALL,176,0,-0.35,-1.71,0.506
level_stock,slot_loss,g3x2,balanced,5,P1,91,0,-0.507,-2.1,0.505
level_stock,slot_loss,g3x2,balanced,5,P2,85,0,-0.181,-0.54,0.506
level_stock,slot,g3x2,balanced,20,ALL,173,0,-0.125,-0.23,0.503
level_stock,slot,g3x2,balanced,20,P1,91,0,-0.161,-0.3,0.44
level_stock,slot,g3x2,balanced,20,P2,82,0,-0.084,-0.09,0.573
level_stock,slot_legacy,g3x2,balanced,20,ALL,173,0,-0.148,-0.27,0.497
level_stock,slot_legacy,g3x2,balanced,20,P1,91,0,-0.155,-0.29,0.44
level_stock,slot_legacy,g3x2,balanced,20,P2,82,0,-0.14,-0.14,0.561
level_stock,slot_zero,g3x2,balanced,20,ALL,173,0,-0.128,-0.24,0.503
level_stock,slot_zero,g3x2,balanced,20,P1,91,0,-0.152,-0.28,0.44
level_stock,slot_zero,g3x2,balanced,20,P2,82,0,-0.102,-0.1,0.573
level_stock,slot_loss,g3x2,balanced,20,ALL,173,0,-1.455,-2.5,0.393
level_stock,slot_loss,g3x2,balanced,20,P1,91,0,-1.525,-2.14,0.374
level_stock,slot_loss,g3x2,balanced,20,P2,82,0,-1.377,-1.47,0.415
level_stock,slot,g3x2,balanced,63,ALL,165,0,-0.162,-0.1,0.497
level_stock,slot,g3x2,balanced,63,P1,91,0,-1.187,-1.37,0.418
level_stock,slot,g3x2,balanced,63,P2,74,0,1.098,0.32,0.595
level_stock,slot_legacy,g3x2,balanced,63,ALL,165,0,-0.093,-0.06,0.491
level_stock,slot_legacy,g3x2,balanced,63,P1,91,0,-1.029,-1.15,0.407
level_stock,slot_legacy,g3x2,balanced,63,P2,74,0,1.058,0.31,0.595
level_stock,slot_zero,g3x2,balanced,63,ALL,165,0,-0.216,-0.14,0.497
level_stock,slot_zero,g3x2,balanced,63,P1,91,0,-1.131,-1.34,0.418
level_stock,slot_zero,g3x2,balanced,63,P2,74,0,0.909,0.28,0.595
level_stock,slot_loss,g3x2,balanced,63,ALL,165,0,-4.443,-3.06,0.327
level_stock,slot_loss,g3x2,balanced,63,P1,91,0,-4.463,-3.41,0.297
level_stock,slot_loss,g3x2,balanced,63,P2,74,0,-4.419,-1.58,0.365
stock_minus_mixed,slot,g3x2,balanced,5,ALL,176,0,0.019,0.54,0.381
stock_minus_mixed,slot,g3x2,balanced,5,P1,91,0,0.026,0.46,0.44
stock_minus_mixed,slot,g3x2,balanced,5,P2,85,0,0.012,0.28,0.318
stock_minus_mixed,slot_legacy,g3x2,balanced,5,ALL,176,0,0.02,0.56,0.381
stock_minus_mixed,slot_legacy,g3x2,balanced,5,P1,91,0,0.028,0.49,0.44
stock_minus_mixed,slot_legacy,g3x2,balanced,5,P2,85,0,0.011,0.26,0.318
stock_minus_mixed,slot_zero,g3x2,balanced,5,ALL,176,0,0.02,0.55,0.381
stock_minus_mixed,slot_zero,g3x2,balanced,5,P1,91,0,0.027,0.48,0.44
stock_minus_mixed,slot_zero,g3x2,balanced,5,P2,85,0,0.011,0.27,0.318
stock_minus_mixed,slot_loss,g3x2,balanced,5,ALL,176,0,-0.009,-0.22,0.381
stock_minus_mixed,slot_loss,g3x2,balanced,5,P1,91,0,-0.01,-0.15,0.44
stock_minus_mixed,slot_loss,g3x2,balanced,5,P2,85,0,-0.009,-0.18,0.318
stock_minus_mixed,slot,g3x2,balanced,20,ALL,173,0,0.14,2.1,0.393
stock_minus_mixed,slot,g3x2,balanced,20,P1,91,0,0.24,2.85,0.473
stock_minus_mixed,slot,g3x2,balanced,20,P2,82,0,0.029,0.29,0.305
stock_minus_mixed,slot_legacy,g3x2,balanced,20,ALL,173,0,0.141,2.15,0.393
stock_minus_mixed,slot_legacy,g3x2,balanced,20,P1,91,0,0.243,2.95,0.473
stock_minus_mixed,slot_legacy,g3x2,balanced,20,P2,82,0,0.028,0.28,0.305
stock_minus_mixed,slot_zero,g3x2,balanced,20,ALL,173,0,0.139,2.1,0.393
stock_minus_mixed,slot_zero,g3x2,balanced,20,P1,91,0,0.241,2.91,0.473
stock_minus_mixed,slot_zero,g3x2,balanced,20,P2,82,0,0.026,0.26,0.305
stock_minus_mixed,slot_loss,g3x2,balanced,20,ALL,173,0,0.003,0.03,0.364
stock_minus_mixed,slot_loss,g3x2,balanced,20,P1,91,0,0.071,0.68,0.429
stock_minus_mixed,slot_loss,g3x2,balanced,20,P2,82,0,-0.073,-0.5,0.293
stock_minus_mixed,slot,g3x2,balanced,63,ALL,165,0,0.872,2.58,0.503
stock_minus_mixed,slot,g3x2,balanced,63,P1,91,0,1.24,2.2,0.582
stock_minus_mixed,slot,g3x2,balanced,63,P2,74,0,0.421,2.88,0.405
stock_minus_mixed,slot_legacy,g3x2,balanced,63,ALL,165,0,0.853,2.52,0.497
stock_minus_mixed,slot_legacy,g3x2,balanced,63,P1,91,0,1.221,2.16,0.571
stock_minus_mixed,slot_legacy,g3x2,balanced,63,P2,74,0,0.4,2.74,0.405
stock_minus_mixed,slot_zero,g3x2,balanced,63,ALL,165,0,0.856,2.53,0.503
stock_minus_mixed,slot_zero,g3x2,balanced,63,P1,91,0,1.227,2.18,0.571
stock_minus_mixed,slot_zero,g3x2,balanced,63,P2,74,0,0.401,2.7,0.419
stock_minus_mixed,slot_loss,g3x2,balanced,63,ALL,165,0,0.499,1.4,0.436
stock_minus_mixed,slot_loss,g3x2,balanced,63,P1,91,0,0.795,1.3,0.527
stock_minus_mixed,slot_loss,g3x2,balanced,63,P2,74,0,0.136,0.94,0.324
variant_minus_baseline_mixed,slot,g3x2,balanced,5,ALL,176,0,0.024,0.25,0.483
variant_minus_baseline_mixed,slot,g3x2,balanced,5,P1,91,0,0.03,0.3,0.495
variant_minus_baseline_mixed,slot,g3x2,balanced,5,P2,85,0,0.018,0.11,0.471
variant_minus_baseline_mixed,slot_legacy,g3x2,balanced,5,ALL,176,0,0.025,0.27,0.489
variant_minus_baseline_mixed,slot_legacy,g3x2,balanced,5,P1,91,0,0.029,0.29,0.505
variant_minus_baseline_mixed,slot_legacy,g3x2,balanced,5,P2,85,0,0.021,0.13,0.471
variant_minus_baseline_mixed,slot_zero,g3x2,balanced,5,ALL,176,0,0.027,0.28,0.494
variant_minus_baseline_mixed,slot_zero,g3x2,balanced,5,P1,91,0,0.032,0.32,0.505
variant_minus_baseline_mixed,slot_zero,g3x2,balanced,5,P2,85,0,0.022,0.13,0.482
variant_minus_baseline_mixed,slot_loss,g3x2,balanced,5,ALL,176,0,0.223,1.62,0.483
variant_minus_baseline_mixed,slot_loss,g3x2,balanced,5,P1,91,0,0.196,1.22,0.495
variant_minus_baseline_mixed,slot_loss,g3x2,balanced,5,P2,85,0,0.251,1.11,0.471
variant_minus_baseline_mixed,slot,g3x2,balanced,20,ALL,173,0,0.085,0.34,0.491
variant_minus_baseline_mixed,slot,g3x2,balanced,20,P1,91,0,0.096,0.5,0.527
variant_minus_baseline_mixed,slot,g3x2,balanced,20,P2,82,0,0.072,0.15,0.451
variant_minus_baseline_mixed,slot_legacy,g3x2,balanced,20,ALL,173,0,0.072,0.3,0.486
variant_minus_baseline_mixed,slot_legacy,g3x2,balanced,20,P1,91,0,0.101,0.55,0.516
variant_minus_baseline_mixed,slot_legacy,g3x2,balanced,20,P2,82,0,0.04,0.09,0.451
variant_minus_baseline_mixed,slot_zero,g3x2,balanced,20,ALL,173,0,0.082,0.34,0.491
variant_minus_baseline_mixed,slot_zero,g3x2,balanced,20,P1,91,0,0.098,0.53,0.527
variant_minus_baseline_mixed,slot_zero,g3x2,balanced,20,P2,82,0,0.064,0.14,0.451
variant_minus_baseline_mixed,slot_loss,g3x2,balanced,20,ALL,173,0,0.744,1.88,0.578
variant_minus_baseline_mixed,slot_loss,g3x2,balanced,20,P1,91,0,0.772,1.7,0.626
variant_minus_baseline_mixed,slot_loss,g3x2,balanced,20,P2,82,0,0.714,1.07,0.524
variant_minus_baseline_mixed,slot,g3x2,balanced,63,ALL,165,0,-0.362,-0.55,0.406
variant_minus_baseline_mixed,slot,g3x2,balanced,63,P1,91,0,-1.13,-1.71,0.319
variant_minus_baseline_mixed,slot,g3x2,balanced,63,P2,74,0,0.583,0.55,0.514
variant_minus_baseline_mixed,slot_legacy,g3x2,balanced,63,ALL,165,0,-0.382,-0.61,0.406
variant_minus_baseline_mixed,slot_legacy,g3x2,balanced,63,P1,91,0,-1.046,-1.65,0.319
variant_minus_baseline_mixed,slot_legacy,g3x2,balanced,63,P2,74,0,0.436,0.42,0.514
variant_minus_baseline_mixed,slot_zero,g3x2,balanced,63,ALL,165,0,-0.358,-0.57,0.394
variant_minus_baseline_mixed,slot_zero,g3x2,balanced,63,P1,91,0,-1.089,-1.73,0.308
variant_minus_baseline_mixed,slot_zero,g3x2,balanced,63,P2,74,0,0.542,0.53,0.5
variant_minus_baseline_mixed,slot_loss,g3x2,balanced,63,ALL,165,0,0.432,0.57,0.485
variant_minus_baseline_mixed,slot_loss,g3x2,balanced,63,P1,91,0,0.046,0.05,0.484
variant_minus_baseline_mixed,slot_loss,g3x2,balanced,63,P2,74,0,0.907,0.83,0.486
variant_minus_baseline_stock,slot,g3x2,balanced,5,ALL,176,0,-0.029,-0.29,0.466
variant_minus_baseline_stock,slot,g3x2,balanced,5,P1,91,0,-0.041,-0.38,0.495
variant_minus_baseline_stock,slot,g3x2,balanced,5,P2,85,0,-0.016,-0.09,0.435
variant_minus_baseline_stock,slot_legacy,g3x2,balanced,5,ALL,176,0,-0.026,-0.26,0.46
variant_minus_baseline_stock,slot_legacy,g3x2,balanced,5,P1,91,0,-0.038,-0.36,0.495
variant_minus_baseline_stock,slot_legacy,g3x2,balanced,5,P2,85,0,-0.013,-0.08,0.424
variant_minus_baseline_stock,slot_zero,g3x2,balanced,5,ALL,176,0,-0.024,-0.24,0.472
variant_minus_baseline_stock,slot_zero,g3x2,balanced,5,P1,91,0,-0.036,-0.34,0.505
variant_minus_baseline_stock,slot_zero,g3x2,balanced,5,P2,85,0,-0.01,-0.06,0.435
variant_minus_baseline_stock,slot_loss,g3x2,balanced,5,ALL,176,0,0.191,1.33,0.477
variant_minus_baseline_stock,slot_loss,g3x2,balanced,5,P1,91,0,0.129,0.78,0.516
variant_minus_baseline_stock,slot_loss,g3x2,balanced,5,P2,85,0,0.258,1.08,0.435
variant_minus_baseline_stock,slot,g3x2,balanced,20,ALL,173,0,-0.055,-0.21,0.462
variant_minus_baseline_stock,slot,g3x2,balanced,20,P1,91,0,-0.206,-0.78,0.44
variant_minus_baseline_stock,slot,g3x2,balanced,20,P2,82,0,0.114,0.25,0.488
variant_minus_baseline_stock,slot_legacy,g3x2,balanced,20,ALL,173,0,-0.06,-0.24,0.457
variant_minus_baseline_stock,slot_legacy,g3x2,balanced,20,P1,91,0,-0.183,-0.73,0.44
variant_minus_baseline_stock,slot_legacy,g3x2,balanced,20,P2,82,0,0.076,0.17,0.476
variant_minus_baseline_stock,slot_zero,g3x2,balanced,20,ALL,173,0,-0.056,-0.22,0.462
variant_minus_baseline_stock,slot_zero,g3x2,balanced,20,P1,91,0,-0.194,-0.76,0.44
variant_minus_baseline_stock,slot_zero,g3x2,balanced,20,P2,82,0,0.098,0.22,0.488
variant_minus_baseline_stock,slot_loss,g3x2,balanced,20,ALL,173,0,0.899,1.96,0.549
variant_minus_baseline_stock,slot_loss,g3x2,balanced,20,P1,91,0,0.721,1.38,0.56
variant_minus_baseline_stock,slot_loss,g3x2,balanced,20,P2,82,0,1.097,1.42,0.537
variant_minus_baseline_stock,slot,g3x2,balanced,63,ALL,165,0,-0.927,-1.54,0.364
variant_minus_baseline_stock,slot,g3x2,balanced,63,P1,91,0,-1.819,-2.94,0.253
variant_minus_baseline_stock,slot,g3x2,balanced,63,P2,74,0,0.17,0.19,0.5
variant_minus_baseline_stock,slot_legacy,g3x2,balanced,63,ALL,165,0,-0.934,-1.66,0.358
variant_minus_baseline_stock,slot_legacy,g3x2,balanced,63,P1,91,0,-1.711,-3.04,0.253
variant_minus_baseline_stock,slot_legacy,g3x2,balanced,63,P2,74,0,0.023,0.03,0.486
variant_minus_baseline_stock,slot_zero,g3x2,balanced,63,ALL,165,0,-0.905,-1.59,0.364
variant_minus_baseline_stock,slot_zero,g3x2,balanced,63,P1,91,0,-1.747,-3.07,0.253
variant_minus_baseline_stock,slot_zero,g3x2,balanced,63,P2,74,0,0.13,0.15,0.5
variant_minus_baseline_stock,slot_loss,g3x2,balanced,63,ALL,165,0,0.577,0.69,0.503
variant_minus_baseline_stock,slot_loss,g3x2,balanced,63,P1,91,0,0.055,0.05,0.473
variant_minus_baseline_stock,slot_loss,g3x2,balanced,63,P2,74,0,1.219,1.03,0.541
level_mixed,slot,g3x2,aggressive,5,ALL,176,0,-0.093,-0.45,0.517
level_mixed,slot,g3x2,aggressive,5,P1,91,0,-0.172,-0.77,0.473
level_mixed,slot,g3x2,aggressive,5,P2,85,0,-0.008,-0.02,0.565
level_mixed,slot_legacy,g3x2,aggressive,5,ALL,176,0,-0.092,-0.45,0.517
level_mixed,slot_legacy,g3x2,aggressive,5,P1,91,0,-0.173,-0.77,0.473
level_mixed,slot_legacy,g3x2,aggressive,5,P2,85,0,-0.007,-0.02,0.565
level_mixed,slot_zero,g3x2,aggressive,5,ALL,176,0,-0.092,-0.44,0.517
level_mixed,slot_zero,g3x2,aggressive,5,P1,91,0,-0.17,-0.76,0.473
level_mixed,slot_zero,g3x2,aggressive,5,P2,85,0,-0.008,-0.02,0.565
level_mixed,slot_loss,g3x2,aggressive,5,ALL,176,0,-0.371,-1.65,0.477
level_mixed,slot_loss,g3x2,aggressive,5,P1,91,0,-0.504,-1.96,0.418
level_mixed,slot_loss,g3x2,aggressive,5,P2,85,0,-0.229,-0.61,0.541
level_mixed,slot,g3x2,aggressive,20,ALL,173,0,-0.38,-0.66,0.457
level_mixed,slot,g3x2,aggressive,20,P1,91,0,-0.536,-1.01,0.363
level_mixed,slot,g3x2,aggressive,20,P2,82,0,-0.207,-0.19,0.561
level_mixed,slot_legacy,g3x2,aggressive,20,ALL,173,0,-0.415,-0.73,0.457
level_mixed,slot_legacy,g3x2,aggressive,20,P1,91,0,-0.539,-1.03,0.363
level_mixed,slot_legacy,g3x2,aggressive,20,P2,82,0,-0.277,-0.26,0.561
level_mixed,slot_zero,g3x2,aggressive,20,ALL,173,0,-0.389,-0.68,0.457
level_mixed,slot_zero,g3x2,aggressive,20,P1,91,0,-0.532,-1.01,0.363
level_mixed,slot_zero,g3x2,aggressive,20,P2,82,0,-0.23,-0.22,0.561
level_mixed,slot_loss,g3x2,aggressive,20,ALL,173,0,-1.695,-2.89,0.347
level_mixed,slot_loss,g3x2,aggressive,20,P1,91,0,-1.737,-2.81,0.275
level_mixed,slot_loss,g3x2,aggressive,20,P2,82,0,-1.649,-1.6,0.427
level_mixed,slot,g3x2,aggressive,63,ALL,165,0,-1.387,-0.84,0.406
level_mixed,slot,g3x2,aggressive,63,P1,91,0,-2.284,-3.17,0.308
level_mixed,slot,g3x2,aggressive,63,P2,74,0,-0.283,-0.08,0.527
level_mixed,slot_legacy,g3x2,aggressive,63,ALL,165,0,-1.273,-0.78,0.406
level_mixed,slot_legacy,g3x2,aggressive,63,P1,91,0,-2.086,-2.65,0.308
level_mixed,slot_legacy,g3x2,aggressive,63,P2,74,0,-0.272,-0.08,0.527
level_mixed,slot_zero,g3x2,aggressive,63,ALL,165,0,-1.399,-0.89,0.406
level_mixed,slot_zero,g3x2,aggressive,63,P1,91,0,-2.218,-3.13,0.308
level_mixed,slot_zero,g3x2,aggressive,63,P2,74,0,-0.392,-0.12,0.527
level_mixed,slot_loss,g3x2,aggressive,63,ALL,165,0,-5.486,-4.01,0.255
level_mixed,slot_loss,g3x2,aggressive,63,P1,91,0,-5.337,-5.16,0.209
level_mixed,slot_loss,g3x2,aggressive,63,P2,74,0,-5.67,-2.04,0.311
level_stock,slot,g3x2,aggressive,5,ALL,176,0,-0.041,-0.19,0.528
level_stock,slot,g3x2,aggressive,5,P1,91,0,-0.084,-0.37,0.495
level_stock,slot,g3x2,aggressive,5,P2,85,0,0.006,0.02,0.565
level_stock,slot_legacy,g3x2,aggressive,5,ALL,176,0,-0.042,-0.2,0.528
level_stock,slot_legacy,g3x2,aggressive,5,P1,91,0,-0.085,-0.37,0.495
level_stock,slot_legacy,g3x2,aggressive,5,P2,85,0,0.004,0.01,0.565
level_stock,slot_zero,g3x2,aggressive,5,ALL,176,0,-0.041,-0.19,0.528
level_stock,slot_zero,g3x2,aggressive,5,P1,91,0,-0.082,-0.36,0.495
level_stock,slot_zero,g3x2,aggressive,5,P2,85,0,0.003,0.01,0.565
level_stock,slot_loss,g3x2,aggressive,5,ALL,176,0,-0.369,-1.6,0.477
level_stock,slot_loss,g3x2,aggressive,5,P1,91,0,-0.417,-1.59,0.44
level_stock,slot_loss,g3x2,aggressive,5,P2,85,0,-0.317,-0.82,0.518
level_stock,slot,g3x2,aggressive,20,ALL,173,0,-0.199,-0.34,0.468
level_stock,slot,g3x2,aggressive,20,P1,91,0,-0.195,-0.35,0.396
level_stock,slot,g3x2,aggressive,20,P2,82,0,-0.204,-0.19,0.549
level_stock,slot_legacy,g3x2,aggressive,20,ALL,173,0,-0.24,-0.41,0.468
level_stock,slot_legacy,g3x2,aggressive,20,P1,91,0,-0.204,-0.37,0.396
level_stock,slot_legacy,g3x2,aggressive,20,P2,82,0,-0.279,-0.26,0.549
level_stock,slot_zero,g3x2,aggressive,20,ALL,173,0,-0.213,-0.36,0.468
level_stock,slot_zero,g3x2,aggressive,20,P1,91,0,-0.193,-0.35,0.396
level_stock,slot_zero,g3x2,aggressive,20,P2,82,0,-0.235,-0.22,0.549
level_stock,slot_loss,g3x2,aggressive,20,ALL,173,0,-1.751,-2.81,0.341
level_stock,slot_loss,g3x2,aggressive,20,P1,91,0,-1.628,-2.31,0.297
level_stock,slot_loss,g3x2,aggressive,20,P2,82,0,-1.888,-1.79,0.39
level_stock,slot,g3x2,aggressive,63,ALL,165,0,-0.461,-0.27,0.455
level_stock,slot,g3x2,aggressive,63,P1,91,0,-0.912,-0.95,0.396
level_stock,slot,g3x2,aggressive,63,P2,74,0,0.093,0.03,0.527
level_stock,slot_legacy,g3x2,aggressive,63,ALL,165,0,-0.363,-0.22,0.455
level_stock,slot_legacy,g3x2,aggressive,63,P1,91,0,-0.729,-0.74,0.396
level_stock,slot_legacy,g3x2,aggressive,63,P2,74,0,0.086,0.02,0.527
level_stock,slot_zero,g3x2,aggressive,63,ALL,165,0,-0.494,-0.31,0.455
level_stock,slot_zero,g3x2,aggressive,63,P1,91,0,-0.856,-0.91,0.396
level_stock,slot_zero,g3x2,aggressive,63,P2,74,0,-0.049,-0.01,0.527
level_stock,slot_loss,g3x2,aggressive,63,ALL,165,0,-5.06,-3.28,0.303
level_stock,slot_loss,g3x2,aggressive,63,P1,91,0,-4.417,-2.96,0.297
level_stock,slot_loss,g3x2,aggressive,63,P2,74,0,-5.852,-2.02,0.311
stock_minus_mixed,slot,g3x2,aggressive,5,ALL,176,0,0.052,1.44,0.409
stock_minus_mixed,slot,g3x2,aggressive,5,P1,91,0,0.088,1.58,0.495
stock_minus_mixed,slot,g3x2,aggressive,5,P2,85,0,0.014,0.31,0.318
stock_minus_mixed,slot_legacy,g3x2,aggressive,5,ALL,176,0,0.05,1.42,0.409
stock_minus_mixed,slot_legacy,g3x2,aggressive,5,P1,91,0,0.088,1.58,0.495
stock_minus_mixed,slot_legacy,g3x2,aggressive,5,P2,85,0,0.011,0.24,0.318
stock_minus_mixed,slot_zero,g3x2,aggressive,5,ALL,176,0,0.051,1.43,0.409
stock_minus_mixed,slot_zero,g3x2,aggressive,5,P1,91,0,0.088,1.58,0.495
stock_minus_mixed,slot_zero,g3x2,aggressive,5,P2,85,0,0.012,0.27,0.318
stock_minus_mixed,slot_loss,g3x2,aggressive,5,ALL,176,0,0.003,0.07,0.398
stock_minus_mixed,slot_loss,g3x2,aggressive,5,P1,91,0,0.088,1.58,0.495
stock_minus_mixed,slot_loss,g3x2,aggressive,5,P2,85,0,-0.088,-1.47,0.294
stock_minus_mixed,slot,g3x2,aggressive,20,ALL,173,0,0.18,2.37,0.399
stock_minus_mixed,slot,g3x2,aggressive,20,P1,91,0,0.341,3.05,0.473
stock_minus_mixed,slot,g3x2,aggressive,20,P2,82,0,0.002,0.03,0.317
stock_minus_mixed,slot_legacy,g3x2,aggressive,20,ALL,173,0,0.175,2.33,0.399
stock_minus_mixed,slot_legacy,g3x2,aggressive,20,P1,91,0,0.335,3.03,0.473
stock_minus_mixed,slot_legacy,g3x2,aggressive,20,P2,82,0,-0.003,-0.03,0.317
stock_minus_mixed,slot_zero,g3x2,aggressive,20,ALL,173,0,0.176,2.32,0.399
stock_minus_mixed,slot_zero,g3x2,aggressive,20,P1,91,0,0.34,3.06,0.473
stock_minus_mixed,slot_zero,g3x2,aggressive,20,P2,82,0,-0.005,-0.06,0.317
stock_minus_mixed,slot_loss,g3x2,aggressive,20,ALL,173,0,-0.055,-0.39,0.37
stock_minus_mixed,slot_loss,g3x2,aggressive,20,P1,91,0,0.109,0.65,0.44
stock_minus_mixed,slot_loss,g3x2,aggressive,20,P2,82,0,-0.238,-1.04,0.293
stock_minus_mixed,slot,g3x2,aggressive,63,ALL,165,0,0.925,2.38,0.509
stock_minus_mixed,slot,g3x2,aggressive,63,P1,91,0,1.372,2.13,0.571
stock_minus_mixed,slot,g3x2,aggressive,63,P2,74,0,0.376,2.18,0.432
stock_minus_mixed,slot_legacy,g3x2,aggressive,63,ALL,165,0,0.909,2.35,0.515
stock_minus_mixed,slot_legacy,g3x2,aggressive,63,P1,91,0,1.357,2.11,0.582
stock_minus_mixed,slot_legacy,g3x2,aggressive,63,P2,74,0,0.358,2.28,0.432
stock_minus_mixed,slot_zero,g3x2,aggressive,63,ALL,165,0,0.905,2.34,0.521
stock_minus_mixed,slot_zero,g3x2,aggressive,63,P1,91,0,1.362,2.12,0.582
stock_minus_mixed,slot_zero,g3x2,aggressive,63,P2,74,0,0.343,2.18,0.446
stock_minus_mixed,slot_loss,g3x2,aggressive,63,ALL,165,0,0.426,0.97,0.442
stock_minus_mixed,slot_loss,g3x2,aggressive,63,P1,91,0,0.92,1.31,0.495
stock_minus_mixed,slot_loss,g3x2,aggressive,63,P2,74,0,-0.181,-0.56,0.378
variant_minus_baseline_mixed,slot,g3x2,aggressive,5,ALL,176,0,0.004,0.04,0.489
variant_minus_baseline_mixed,slot,g3x2,aggressive,5,P1,91,0,-0.044,-0.46,0.451
variant_minus_baseline_mixed,slot,g3x2,aggressive,5,P2,85,0,0.055,0.33,0.529
variant_minus_baseline_mixed,slot_legacy,g3x2,aggressive,5,ALL,176,0,0.006,0.06,0.489
variant_minus_baseline_mixed,slot_legacy,g3x2,aggressive,5,P1,91,0,-0.043,-0.45,0.451
variant_minus_baseline_mixed,slot_legacy,g3x2,aggressive,5,P2,85,0,0.058,0.35,0.529
variant_minus_baseline_mixed,slot_zero,g3x2,aggressive,5,ALL,176,0,0.007,0.08,0.489
variant_minus_baseline_mixed,slot_zero,g3x2,aggressive,5,P1,91,0,-0.04,-0.42,0.451
variant_minus_baseline_mixed,slot_zero,g3x2,aggressive,5,P2,85,0,0.058,0.35,0.529
variant_minus_baseline_mixed,slot_loss,g3x2,aggressive,5,ALL,176,0,0.135,1.1,0.494
variant_minus_baseline_mixed,slot_loss,g3x2,aggressive,5,P1,91,0,0.015,0.1,0.44
variant_minus_baseline_mixed,slot_loss,g3x2,aggressive,5,P2,85,0,0.265,1.3,0.553
variant_minus_baseline_mixed,slot,g3x2,aggressive,20,ALL,173,0,0.092,0.35,0.468
variant_minus_baseline_mixed,slot,g3x2,aggressive,20,P1,91,0,-0.041,-0.25,0.484
variant_minus_baseline_mixed,slot,g3x2,aggressive,20,P2,82,0,0.239,0.46,0.451
variant_minus_baseline_mixed,slot_legacy,g3x2,aggressive,20,ALL,173,0,0.074,0.29,0.457
variant_minus_baseline_mixed,slot_legacy,g3x2,aggressive,20,P1,91,0,-0.036,-0.23,0.473
variant_minus_baseline_mixed,slot_legacy,g3x2,aggressive,20,P2,82,0,0.196,0.39,0.439
variant_minus_baseline_mixed,slot_zero,g3x2,aggressive,20,ALL,173,0,0.084,0.33,0.474
variant_minus_baseline_mixed,slot_zero,g3x2,aggressive,20,P1,91,0,-0.043,-0.27,0.495
variant_minus_baseline_mixed,slot_zero,g3x2,aggressive,20,P2,82,0,0.225,0.44,0.451
variant_minus_baseline_mixed,slot_loss,g3x2,aggressive,20,ALL,173,0,0.444,1.24,0.52
variant_minus_baseline_mixed,slot_loss,g3x2,aggressive,20,P1,91,0,0.353,0.95,0.549
variant_minus_baseline_mixed,slot_loss,g3x2,aggressive,20,P2,82,0,0.546,0.87,0.488
variant_minus_baseline_mixed,slot,g3x2,aggressive,63,ALL,165,0,-0.536,-0.95,0.394
variant_minus_baseline_mixed,slot,g3x2,aggressive,63,P1,91,0,-0.922,-1.53,0.374
variant_minus_baseline_mixed,slot,g3x2,aggressive,63,P2,74,0,-0.062,-0.06,0.419
variant_minus_baseline_mixed,slot_legacy,g3x2,aggressive,63,ALL,165,0,-0.517,-0.94,0.394
variant_minus_baseline_mixed,slot_legacy,g3x2,aggressive,63,P1,91,0,-0.799,-1.36,0.385
variant_minus_baseline_mixed,slot_legacy,g3x2,aggressive,63,P2,74,0,-0.172,-0.18,0.405
variant_minus_baseline_mixed,slot_zero,g3x2,aggressive,63,ALL,165,0,-0.501,-0.92,0.394
variant_minus_baseline_mixed,slot_zero,g3x2,aggressive,63,P1,91,0,-0.877,-1.5,0.374
variant_minus_baseline_mixed,slot_zero,g3x2,aggressive,63,P2,74,0,-0.037,-0.04,0.419
variant_minus_baseline_mixed,slot_loss,g3x2,aggressive,63,ALL,165,0,-0.248,-0.38,0.467
variant_minus_baseline_mixed,slot_loss,g3x2,aggressive,63,P1,91,0,-0.323,-0.35,0.462
variant_minus_baseline_mixed,slot_loss,g3x2,aggressive,63,P2,74,0,-0.156,-0.17,0.473
variant_minus_baseline_stock,slot,g3x2,aggressive,5,ALL,176,0,-0.003,-0.03,0.523
variant_minus_baseline_stock,slot,g3x2,aggressive,5,P1,91,0,-0.057,-0.53,0.516
variant_minus_baseline_stock,slot,g3x2,aggressive,5,P2,85,0,0.056,0.33,0.529
variant_minus_baseline_stock,slot_legacy,g3x2,aggressive,5,ALL,176,0,0.001,0.01,0.523
variant_minus_baseline_stock,slot_legacy,g3x2,aggressive,5,P1,91,0,-0.055,-0.51,0.516
variant_minus_baseline_stock,slot_legacy,g3x2,aggressive,5,P2,85,0,0.061,0.36,0.529
variant_minus_baseline_stock,slot_zero,g3x2,aggressive,5,ALL,176,0,0.002,0.02,0.528
variant_minus_baseline_stock,slot_zero,g3x2,aggressive,5,P1,91,0,-0.052,-0.48,0.527
variant_minus_baseline_stock,slot_zero,g3x2,aggressive,5,P2,85,0,0.059,0.35,0.529
variant_minus_baseline_stock,slot_loss,g3x2,aggressive,5,ALL,176,0,0.138,1.09,0.528
variant_minus_baseline_stock,slot_loss,g3x2,aggressive,5,P1,91,0,0.04,0.26,0.527
variant_minus_baseline_stock,slot_loss,g3x2,aggressive,5,P2,85,0,0.244,1.17,0.529
variant_minus_baseline_stock,slot,g3x2,aggressive,20,ALL,173,0,-0.034,-0.12,0.416
variant_minus_baseline_stock,slot,g3x2,aggressive,20,P1,91,0,-0.234,-1.02,0.396
variant_minus_baseline_stock,slot,g3x2,aggressive,20,P2,82,0,0.188,0.36,0.439
variant_minus_baseline_stock,slot_legacy,g3x2,aggressive,20,ALL,173,0,-0.058,-0.22,0.416
variant_minus_baseline_stock,slot_legacy,g3x2,aggressive,20,P1,91,0,-0.22,-1.0,0.407
variant_minus_baseline_stock,slot_legacy,g3x2,aggressive,20,P2,82,0,0.121,0.24,0.427
variant_minus_baseline_stock,slot_zero,g3x2,aggressive,20,ALL,173,0,-0.047,-0.17,0.422
variant_minus_baseline_stock,slot_zero,g3x2,aggressive,20,P1,91,0,-0.228,-1.02,0.407
variant_minus_baseline_stock,slot_zero,g3x2,aggressive,20,P2,82,0,0.154,0.3,0.439
variant_minus_baseline_stock,slot_loss,g3x2,aggressive,20,ALL,173,0,0.414,1.09,0.468
variant_minus_baseline_stock,slot_loss,g3x2,aggressive,20,P1,91,0,0.237,0.59,0.484
variant_minus_baseline_stock,slot_loss,g3x2,aggressive,20,P2,82,0,0.61,0.92,0.451
variant_minus_baseline_stock,slot,g3x2,aggressive,63,ALL,165,0,-1.197,-2.28,0.315
variant_minus_baseline_stock,slot,g3x2,aggressive,63,P1,91,0,-1.498,-2.59,0.253
variant_minus_baseline_stock,slot,g3x2,aggressive,63,P2,74,0,-0.828,-0.91,0.392
variant_minus_baseline_stock,slot_legacy,g3x2,aggressive,63,ALL,165,0,-1.169,-2.32,0.333
variant_minus_baseline_stock,slot_legacy,g3x2,aggressive,63,P1,91,0,-1.356,-2.49,0.275
variant_minus_baseline_stock,slot_legacy,g3x2,aggressive,63,P2,74,0,-0.939,-1.05,0.405
variant_minus_baseline_stock,slot_zero,g3x2,aggressive,63,ALL,165,0,-1.141,-2.29,0.321
variant_minus_baseline_stock,slot_zero,g3x2,aggressive,63,P1,91,0,-1.424,-2.6,0.264
variant_minus_baseline_stock,slot_zero,g3x2,aggressive,63,P2,74,0,-0.794,-0.92,0.392
variant_minus_baseline_stock,slot_loss,g3x2,aggressive,63,ALL,165,0,-0.372,-0.55,0.418
variant_minus_baseline_stock,slot_loss,g3x2,aggressive,63,P1,91,0,-0.426,-0.47,0.407
variant_minus_baseline_stock,slot_loss,g3x2,aggressive,63,P2,74,0,-0.305,-0.31,0.432
level_mixed,slot,g4,balanced,5,ALL,176,0,-0.118,-0.64,0.5
level_mixed,slot,g4,balanced,5,P1,91,0,-0.206,-1.02,0.473
level_mixed,slot,g4,balanced,5,P2,85,0,-0.025,-0.08,0.529
level_mixed,slot_legacy,g4,balanced,5,ALL,176,0,-0.12,-0.65,0.5
level_mixed,slot_legacy,g4,balanced,5,P1,91,0,-0.207,-1.03,0.473
level_mixed,slot_legacy,g4,balanced,5,P2,85,0,-0.027,-0.08,0.529
level_mixed,slot_zero,g4,balanced,5,ALL,176,0,-0.118,-0.64,0.5
level_mixed,slot_zero,g4,balanced,5,P1,91,0,-0.206,-1.02,0.473
level_mixed,slot_zero,g4,balanced,5,P2,85,0,-0.025,-0.08,0.529
level_mixed,slot_loss,g4,balanced,5,ALL,176,0,-0.443,-2.16,0.449
level_mixed,slot_loss,g4,balanced,5,P1,91,0,-0.577,-2.45,0.407
level_mixed,slot_loss,g4,balanced,5,P2,85,0,-0.299,-0.88,0.494
level_mixed,slot,g4,balanced,20,ALL,173,0,-0.411,-0.8,0.462
level_mixed,slot,g4,balanced,20,P1,91,0,-0.58,-1.06,0.363
level_mixed,slot,g4,balanced,20,P2,82,0,-0.224,-0.25,0.573
level_mixed,slot_legacy,g4,balanced,20,ALL,173,0,-0.444,-0.87,0.468
level_mixed,slot_legacy,g4,balanced,20,P1,91,0,-0.594,-1.11,0.374
level_mixed,slot_legacy,g4,balanced,20,P2,82,0,-0.277,-0.31,0.573
level_mixed,slot_zero,g4,balanced,20,ALL,173,0,-0.419,-0.82,0.462
level_mixed,slot_zero,g4,balanced,20,P1,91,0,-0.58,-1.07,0.363
level_mixed,slot_zero,g4,balanced,20,P2,82,0,-0.24,-0.27,0.573
level_mixed,slot_loss,g4,balanced,20,ALL,173,0,-1.96,-3.58,0.335
level_mixed,slot_loss,g4,balanced,20,P1,91,0,-2.033,-3.22,0.264
level_mixed,slot_loss,g4,balanced,20,P2,82,0,-1.879,-2.05,0.415
level_mixed,slot,g4,balanced,63,ALL,165,0,-0.615,-0.39,0.436
level_mixed,slot,g4,balanced,63,P1,91,0,-1.938,-2.69,0.308
level_mixed,slot,g4,balanced,63,P2,74,0,1.011,0.32,0.595
level_mixed,slot_legacy,g4,balanced,63,ALL,165,0,-0.549,-0.35,0.43
level_mixed,slot_legacy,g4,balanced,63,P1,91,0,-1.816,-2.43,0.297
level_mixed,slot_legacy,g4,balanced,63,P2,74,0,1.01,0.32,0.595
level_mixed,slot_zero,g4,balanced,63,ALL,165,0,-0.685,-0.47,0.436
level_mixed,slot_zero,g4,balanced,63,P1,91,0,-1.895,-2.7,0.308
level_mixed,slot_zero,g4,balanced,63,P2,74,0,0.803,0.27,0.595
level_mixed,slot_loss,g4,balanced,63,ALL,165,0,-5.166,-3.93,0.255
level_mixed,slot_loss,g4,balanced,63,P1,91,0,-5.387,-5.64,0.165
level_mixed,slot_loss,g4,balanced,63,P2,74,0,-4.895,-1.83,0.365
level_stock,slot,g4,balanced,5,ALL,176,0,-0.096,-0.49,0.545
level_stock,slot,g4,balanced,5,P1,91,0,-0.159,-0.76,0.527
level_stock,slot,g4,balanced,5,P2,85,0,-0.028,-0.08,0.565
level_stock,slot_legacy,g4,balanced,5,ALL,176,0,-0.1,-0.52,0.545
level_stock,slot_legacy,g4,balanced,5,P1,91,0,-0.161,-0.78,0.527
level_stock,slot_legacy,g4,balanced,5,P2,85,0,-0.035,-0.11,0.565
level_stock,slot_zero,g4,balanced,5,ALL,176,0,-0.098,-0.51,0.545
level_stock,slot_zero,g4,balanced,5,P1,91,0,-0.16,-0.77,0.527
level_stock,slot_zero,g4,balanced,5,P2,85,0,-0.032,-0.1,0.565
level_stock,slot_loss,g4,balanced,5,ALL,176,0,-0.488,-2.32,0.483
level_stock,slot_loss,g4,balanced,5,P1,91,0,-0.568,-2.39,0.451
level_stock,slot_loss,g4,balanced,5,P2,85,0,-0.402,-1.14,0.518
level_stock,slot,g4,balanced,20,ALL,173,0,-0.186,-0.34,0.491
level_stock,slot,g4,balanced,20,P1,91,0,-0.182,-0.3,0.429
level_stock,slot,g4,balanced,20,P2,82,0,-0.19,-0.2,0.561
level_stock,slot_legacy,g4,balanced,20,ALL,173,0,-0.22,-0.41,0.491
level_stock,slot_legacy,g4,balanced,20,P1,91,0,-0.197,-0.33,0.429
level_stock,slot_legacy,g4,balanced,20,P2,82,0,-0.246,-0.26,0.561
level_stock,slot_zero,g4,balanced,20,ALL,173,0,-0.198,-0.36,0.491
level_stock,slot_zero,g4,balanced,20,P1,91,0,-0.185,-0.31,0.429
level_stock,slot_zero,g4,balanced,20,P2,82,0,-0.212,-0.22,0.561
level_stock,slot_loss,g4,balanced,20,ALL,173,0,-1.932,-3.24,0.347
level_stock,slot_loss,g4,balanced,20,P1,91,0,-1.804,-2.59,0.297
level_stock,slot_loss,g4,balanced,20,P2,82,0,-2.074,-2.09,0.402
level_stock,slot,g4,balanced,63,ALL,165,0,0.657,0.4,0.533
level_stock,slot,g4,balanced,63,P1,91,0,-0.219,-0.22,0.473
level_stock,slot,g4,balanced,63,P2,74,0,1.734,0.52,0.608
level_stock,slot_legacy,g4,balanced,63,ALL,165,0,0.676,0.41,0.515
level_stock,slot_legacy,g4,balanced,63,P1,91,0,-0.136,-0.14,0.44
level_stock,slot_legacy,g4,balanced,63,P2,74,0,1.675,0.51,0.608
level_stock,slot_zero,g4,balanced,63,ALL,165,0,0.532,0.34,0.533
level_stock,slot_zero,g4,balanced,63,P1,91,0,-0.214,-0.23,0.473
level_stock,slot_zero,g4,balanced,63,P2,74,0,1.449,0.46,0.608
level_stock,slot_loss,g4,balanced,63,ALL,165,0,-4.594,-3.08,0.297
level_stock,slot_loss,g4,balanced,63,P1,91,0,-4.398,-3.21,0.242
level_stock,slot_loss,g4,balanced,63,P2,74,0,-4.835,-1.68,0.365
stock_minus_mixed,slot,g4,balanced,5,ALL,176,0,0.022,0.48,0.438
stock_minus_mixed,slot,g4,balanced,5,P1,91,0,0.047,0.62,0.473
stock_minus_mixed,slot,g4,balanced,5,P2,85,0,-0.004,-0.06,0.4
stock_minus_mixed,slot_legacy,g4,balanced,5,ALL,176,0,0.02,0.42,0.438
stock_minus_mixed,slot_legacy,g4,balanced,5,P1,91,0,0.046,0.61,0.473
stock_minus_mixed,slot_legacy,g4,balanced,5,P2,85,0,-0.008,-0.16,0.4
stock_minus_mixed,slot_zero,g4,balanced,5,ALL,176,0,0.02,0.43,0.438
stock_minus_mixed,slot_zero,g4,balanced,5,P1,91,0,0.045,0.61,0.473
stock_minus_mixed,slot_zero,g4,balanced,5,P2,85,0,-0.007,-0.13,0.4
stock_minus_mixed,slot_loss,g4,balanced,5,ALL,176,0,-0.045,-0.83,0.415
stock_minus_mixed,slot_loss,g4,balanced,5,P1,91,0,0.009,0.11,0.462
stock_minus_mixed,slot_loss,g4,balanced,5,P2,85,0,-0.103,-1.42,0.365
stock_minus_mixed,slot,g4,balanced,20,ALL,173,0,0.226,2.13,0.439
stock_minus_mixed,slot,g4,balanced,20,P1,91,0,0.398,2.55,0.495
stock_minus_mixed,slot,g4,balanced,20,P2,82,0,0.035,0.27,0.378
stock_minus_mixed,slot_legacy,g4,balanced,20,ALL,173,0,0.223,2.14,0.445
stock_minus_mixed,slot_legacy,g4,balanced,20,P1,91,0,0.396,2.57,0.505
stock_minus_mixed,slot_legacy,g4,balanced,20,P2,82,0,0.031,0.25,0.378
stock_minus_mixed,slot_zero,g4,balanced,20,ALL,173,0,0.221,2.11,0.445
stock_minus_mixed,slot_zero,g4,balanced,20,P1,91,0,0.395,2.57,0.505
stock_minus_mixed,slot_zero,g4,balanced,20,P2,82,0,0.027,0.22,0.378
stock_minus_mixed,slot_loss,g4,balanced,20,ALL,173,0,0.028,0.23,0.399
stock_minus_mixed,slot_loss,g4,balanced,20,P1,91,0,0.229,1.47,0.473
stock_minus_mixed,slot_loss,g4,balanced,20,P2,82,0,-0.195,-1.05,0.317
stock_minus_mixed,slot,g4,balanced,63,ALL,165,0,1.272,2.94,0.521
stock_minus_mixed,slot,g4,balanced,63,P1,91,0,1.72,2.42,0.56
stock_minus_mixed,slot,g4,balanced,63,P2,74,0,0.722,2.88,0.473
stock_minus_mixed,slot_legacy,g4,balanced,63,ALL,165,0,1.225,2.87,0.527
stock_minus_mixed,slot_legacy,g4,balanced,63,P1,91,0,1.68,2.39,0.571
stock_minus_mixed,slot_legacy,g4,balanced,63,P2,74,0,0.665,2.85,0.473
stock_minus_mixed,slot_zero,g4,balanced,63,ALL,165,0,1.217,2.85,0.527
stock_minus_mixed,slot_zero,g4,balanced,63,P1,91,0,1.681,2.4,0.571
stock_minus_mixed,slot_zero,g4,balanced,63,P2,74,0,0.646,2.79,0.473
stock_minus_mixed,slot_loss,g4,balanced,63,ALL,165,0,0.573,1.35,0.406
stock_minus_mixed,slot_loss,g4,balanced,63,P1,91,0,0.989,1.4,0.44
stock_minus_mixed,slot_loss,g4,balanced,63,P2,74,0,0.061,0.23,0.365
variant_minus_baseline_mixed,slot,g4,balanced,5,ALL,176,0,-0.013,-0.2,0.483
variant_minus_baseline_mixed,slot,g4,balanced,5,P1,91,0,0.006,0.08,0.473
variant_minus_baseline_mixed,slot,g4,balanced,5,P2,85,0,-0.033,-0.31,0.494
variant_minus_baseline_mixed,slot_legacy,g4,balanced,5,ALL,176,0,-0.012,-0.18,0.483
variant_minus_baseline_mixed,slot_legacy,g4,balanced,5,P1,91,0,0.006,0.08,0.473
variant_minus_baseline_mixed,slot_legacy,g4,balanced,5,P2,85,0,-0.03,-0.28,0.494
variant_minus_baseline_mixed,slot_zero,g4,balanced,5,ALL,176,0,-0.011,-0.17,0.483
variant_minus_baseline_mixed,slot_zero,g4,balanced,5,P1,91,0,0.007,0.09,0.473
variant_minus_baseline_mixed,slot_zero,g4,balanced,5,P2,85,0,-0.03,-0.27,0.494
variant_minus_baseline_mixed,slot_loss,g4,balanced,5,ALL,176,0,0.12,1.42,0.511
variant_minus_baseline_mixed,slot_loss,g4,balanced,5,P1,91,0,0.117,1.08,0.516
variant_minus_baseline_mixed,slot_loss,g4,balanced,5,P2,85,0,0.124,0.94,0.506
variant_minus_baseline_mixed,slot,g4,balanced,20,ALL,173,0,-0.062,-0.37,0.486
variant_minus_baseline_mixed,slot,g4,balanced,20,P1,91,0,-0.082,-0.48,0.462
variant_minus_baseline_mixed,slot,g4,balanced,20,P2,82,0,-0.04,-0.14,0.512
variant_minus_baseline_mixed,slot_legacy,g4,balanced,20,ALL,173,0,-0.083,-0.51,0.486
variant_minus_baseline_mixed,slot_legacy,g4,balanced,20,P1,91,0,-0.095,-0.56,0.473
variant_minus_baseline_mixed,slot_legacy,g4,balanced,20,P2,82,0,-0.069,-0.24,0.5
variant_minus_baseline_mixed,slot_zero,g4,balanced,20,ALL,173,0,-0.07,-0.43,0.486
variant_minus_baseline_mixed,slot_zero,g4,balanced,20,P1,91,0,-0.089,-0.53,0.462
variant_minus_baseline_mixed,slot_zero,g4,balanced,20,P2,82,0,-0.049,-0.17,0.512
variant_minus_baseline_mixed,slot_loss,g4,balanced,20,ALL,173,0,0.242,1.05,0.486
variant_minus_baseline_mixed,slot_loss,g4,balanced,20,P1,91,0,0.335,1.05,0.495
variant_minus_baseline_mixed,slot_loss,g4,balanced,20,P2,82,0,0.139,0.42,0.476
variant_minus_baseline_mixed,slot,g4,balanced,63,ALL,165,0,0.057,0.13,0.467
variant_minus_baseline_mixed,slot,g4,balanced,63,P1,91,0,-0.642,-1.72,0.363
variant_minus_baseline_mixed,slot,g4,balanced,63,P2,74,0,0.917,1.38,0.595
variant_minus_baseline_mixed,slot_legacy,g4,balanced,63,ALL,165,0,0.016,0.04,0.455
variant_minus_baseline_mixed,slot_legacy,g4,balanced,63,P1,91,0,-0.612,-1.65,0.352
variant_minus_baseline_mixed,slot_legacy,g4,balanced,63,P2,74,0,0.788,1.23,0.581
variant_minus_baseline_mixed,slot_zero,g4,balanced,63,ALL,165,0,0.03,0.07,0.467
variant_minus_baseline_mixed,slot_zero,g4,balanced,63,P1,91,0,-0.626,-1.7,0.363
variant_minus_baseline_mixed,slot_zero,g4,balanced,63,P2,74,0,0.836,1.32,0.595
variant_minus_baseline_mixed,slot_loss,g4,balanced,63,ALL,165,0,0.208,0.54,0.521
variant_minus_baseline_mixed,slot_loss,g4,balanced,63,P1,91,0,-0.083,-0.18,0.462
variant_minus_baseline_mixed,slot_loss,g4,balanced,63,P2,74,0,0.566,0.97,0.595
variant_minus_baseline_stock,slot,g4,balanced,5,ALL,176,0,-0.063,-0.95,0.483
variant_minus_baseline_stock,slot,g4,balanced,5,P1,91,0,-0.044,-0.58,0.495
variant_minus_baseline_stock,slot,g4,balanced,5,P2,85,0,-0.082,-0.75,0.471
variant_minus_baseline_stock,slot_legacy,g4,balanced,5,ALL,176,0,-0.063,-0.97,0.489
variant_minus_baseline_stock,slot_legacy,g4,balanced,5,P1,91,0,-0.045,-0.59,0.505
variant_minus_baseline_stock,slot_legacy,g4,balanced,5,P2,85,0,-0.083,-0.77,0.471
variant_minus_baseline_stock,slot_zero,g4,balanced,5,ALL,176,0,-0.061,-0.92,0.489
variant_minus_baseline_stock,slot_zero,g4,balanced,5,P1,91,0,-0.043,-0.56,0.505
variant_minus_baseline_stock,slot_zero,g4,balanced,5,P2,85,0,-0.08,-0.73,0.471
variant_minus_baseline_stock,slot_loss,g4,balanced,5,ALL,176,0,0.053,0.66,0.511
variant_minus_baseline_stock,slot_loss,g4,balanced,5,P1,91,0,0.068,0.7,0.549
variant_minus_baseline_stock,slot_loss,g4,balanced,5,P2,85,0,0.037,0.29,0.471
variant_minus_baseline_stock,slot,g4,balanced,20,ALL,173,0,-0.116,-0.69,0.503
variant_minus_baseline_stock,slot,g4,balanced,20,P1,91,0,-0.227,-1.26,0.484
variant_minus_baseline_stock,slot,g4,balanced,20,P2,82,0,0.008,0.03,0.524
variant_minus_baseline_stock,slot_legacy,g4,balanced,20,ALL,173,0,-0.133,-0.82,0.503
variant_minus_baseline_stock,slot_legacy,g4,balanced,20,P1,91,0,-0.226,-1.27,0.484
variant_minus_baseline_stock,slot_legacy,g4,balanced,20,P2,82,0,-0.03,-0.11,0.524
variant_minus_baseline_stock,slot_zero,g4,balanced,20,ALL,173,0,-0.126,-0.77,0.514
variant_minus_baseline_stock,slot_zero,g4,balanced,20,P1,91,0,-0.227,-1.29,0.495
variant_minus_baseline_stock,slot_zero,g4,balanced,20,P2,82,0,-0.013,-0.05,0.537
variant_minus_baseline_stock,slot_loss,g4,balanced,20,ALL,173,0,0.422,1.73,0.549
variant_minus_baseline_stock,slot_loss,g4,balanced,20,P1,91,0,0.442,1.42,0.56
variant_minus_baseline_stock,slot_loss,g4,balanced,20,P2,82,0,0.401,1.05,0.537
variant_minus_baseline_stock,slot,g4,balanced,63,ALL,165,0,-0.108,-0.26,0.461
variant_minus_baseline_stock,slot,g4,balanced,63,P1,91,0,-0.851,-3.03,0.352
variant_minus_baseline_stock,slot,g4,balanced,63,P2,74,0,0.806,1.19,0.595
variant_minus_baseline_stock,slot_legacy,g4,balanced,63,ALL,165,0,-0.165,-0.42,0.473
variant_minus_baseline_stock,slot_legacy,g4,balanced,63,P1,91,0,-0.818,-3.0,0.363
variant_minus_baseline_stock,slot_legacy,g4,balanced,63,P2,74,0,0.639,0.99,0.608
variant_minus_baseline_stock,slot_zero,g4,balanced,63,ALL,165,0,-0.157,-0.4,0.473
variant_minus_baseline_stock,slot_zero,g4,balanced,63,P1,91,0,-0.83,-3.05,0.352
variant_minus_baseline_stock,slot_zero,g4,balanced,63,P2,74,0,0.67,1.04,0.622
variant_minus_baseline_stock,slot_loss,g4,balanced,63,ALL,165,0,0.427,1.01,0.552
variant_minus_baseline_stock,slot_loss,g4,balanced,63,P1,91,0,0.121,0.24,0.505
variant_minus_baseline_stock,slot_loss,g4,balanced,63,P2,74,0,0.803,1.21,0.608
level_mixed,slot,g4,aggressive,5,ALL,176,0,-0.148,-0.74,0.5
level_mixed,slot,g4,aggressive,5,P1,91,0,-0.203,-0.95,0.44
level_mixed,slot,g4,aggressive,5,P2,85,0,-0.089,-0.26,0.565
level_mixed,slot_legacy,g4,aggressive,5,ALL,176,0,-0.149,-0.75,0.5
level_mixed,slot_legacy,g4,aggressive,5,P1,91,0,-0.205,-0.96,0.44
level_mixed,slot_legacy,g4,aggressive,5,P2,85,0,-0.088,-0.26,0.565
level_mixed,slot_zero,g4,aggressive,5,ALL,176,0,-0.149,-0.75,0.5
level_mixed,slot_zero,g4,aggressive,5,P1,91,0,-0.204,-0.96,0.44
level_mixed,slot_zero,g4,aggressive,5,P2,85,0,-0.091,-0.26,0.565
level_mixed,slot_loss,g4,aggressive,5,ALL,176,0,-0.492,-2.28,0.449
level_mixed,slot_loss,g4,aggressive,5,P1,91,0,-0.538,-2.3,0.385
level_mixed,slot_loss,g4,aggressive,5,P2,85,0,-0.443,-1.2,0.518
level_mixed,slot,g4,aggressive,20,ALL,173,0,-0.502,-0.89,0.457
level_mixed,slot,g4,aggressive,20,P1,91,0,-0.607,-1.1,0.374
level_mixed,slot,g4,aggressive,20,P2,82,0,-0.385,-0.38,0.549
level_mixed,slot_legacy,g4,aggressive,20,ALL,173,0,-0.542,-0.98,0.457
level_mixed,slot_legacy,g4,aggressive,20,P1,91,0,-0.622,-1.15,0.374
level_mixed,slot_legacy,g4,aggressive,20,P2,82,0,-0.452,-0.45,0.549
level_mixed,slot_zero,g4,aggressive,20,ALL,173,0,-0.514,-0.92,0.457
level_mixed,slot_zero,g4,aggressive,20,P1,91,0,-0.609,-1.12,0.374
level_mixed,slot_zero,g4,aggressive,20,P2,82,0,-0.409,-0.41,0.549
level_mixed,slot_loss,g4,aggressive,20,ALL,173,0,-2.012,-3.51,0.324
level_mixed,slot_loss,g4,aggressive,20,P1,91,0,-1.933,-3.15,0.253
level_mixed,slot_loss,g4,aggressive,20,P2,82,0,-2.099,-2.1,0.402
level_mixed,slot,g4,aggressive,63,ALL,165,0,-1.14,-0.73,0.376
level_mixed,slot,g4,aggressive,63,P1,91,0,-2.088,-2.67,0.264
level_mixed,slot,g4,aggressive,63,P2,74,0,0.027,0.01,0.514
level_mixed,slot_legacy,g4,aggressive,63,ALL,165,0,-1.015,-0.65,0.382
level_mixed,slot_legacy,g4,aggressive,63,P1,91,0,-1.934,-2.36,0.275
level_mixed,slot_legacy,g4,aggressive,63,P2,74,0,0.114,0.04,0.514
level_mixed,slot_zero,g4,aggressive,63,ALL,165,0,-1.189,-0.8,0.376
level_mixed,slot_zero,g4,aggressive,63,P1,91,0,-2.048,-2.69,0.264
level_mixed,slot_zero,g4,aggressive,63,P2,74,0,-0.131,-0.04,0.514
level_mixed,slot_loss,g4,aggressive,63,ALL,165,0,-5.526,-4.29,0.2
level_mixed,slot_loss,g4,aggressive,63,P1,91,0,-5.468,-5.83,0.143
level_mixed,slot_loss,g4,aggressive,63,P2,74,0,-5.596,-2.12,0.27
level_stock,slot,g4,aggressive,5,ALL,176,0,-0.074,-0.36,0.511
level_stock,slot,g4,aggressive,5,P1,91,0,-0.101,-0.45,0.484
level_stock,slot,g4,aggressive,5,P2,85,0,-0.045,-0.13,0.541
level_stock,slot_legacy,g4,aggressive,5,ALL,176,0,-0.077,-0.37,0.511
level_stock,slot_legacy,g4,aggressive,5,P1,91,0,-0.103,-0.46,0.484
level_stock,slot_legacy,g4,aggressive,5,P2,85,0,-0.05,-0.14,0.541
level_stock,slot_zero,g4,aggressive,5,ALL,176,0,-0.078,-0.37,0.511
level_stock,slot_zero,g4,aggressive,5,P1,91,0,-0.103,-0.46,0.484
level_stock,slot_zero,g4,aggressive,5,P2,85,0,-0.05,-0.14,0.541
level_stock,slot_loss,g4,aggressive,5,ALL,176,0,-0.448,-2.01,0.472
level_stock,slot_loss,g4,aggressive,5,P1,91,0,-0.455,-1.86,0.429
level_stock,slot_loss,g4,aggressive,5,P2,85,0,-0.44,-1.16,0.518
level_stock,slot,g4,aggressive,20,ALL,173,0,-0.168,-0.28,0.474
level_stock,slot,g4,aggressive,20,P1,91,0,-0.091,-0.14,0.407
level_stock,slot,g4,aggressive,20,P2,82,0,-0.253,-0.24,0.549
level_stock,slot_legacy,g4,aggressive,20,ALL,173,0,-0.217,-0.37,0.474
level_stock,slot_legacy,g4,aggressive,20,P1,91,0,-0.121,-0.2,0.407
level_stock,slot_legacy,g4,aggressive,20,P2,82,0,-0.324,-0.31,0.549
level_stock,slot_zero,g4,aggressive,20,ALL,173,0,-0.188,-0.32,0.474
level_stock,slot_zero,g4,aggressive,20,P1,91,0,-0.102,-0.16,0.407
level_stock,slot_zero,g4,aggressive,20,P2,82,0,-0.284,-0.27,0.549
level_stock,slot_loss,g4,aggressive,20,ALL,173,0,-1.908,-3.0,0.353
level_stock,slot_loss,g4,aggressive,20,P1,91,0,-1.672,-2.39,0.308
level_stock,slot_loss,g4,aggressive,20,P2,82,0,-2.171,-1.99,0.402
level_stock,slot,g4,aggressive,63,ALL,165,0,0.3,0.18,0.485
level_stock,slot,g4,aggressive,63,P1,91,0,-0.101,-0.09,0.451
level_stock,slot,g4,aggressive,63,P2,74,0,0.793,0.23,0.527
level_stock,slot_legacy,g4,aggressive,63,ALL,165,0,0.378,0.23,0.491
level_stock,slot_legacy,g4,aggressive,63,P1,91,0,-0.001,-0.0,0.462
level_stock,slot_legacy,g4,aggressive,63,P2,74,0,0.844,0.25,0.527
level_stock,slot_zero,g4,aggressive,63,ALL,165,0,0.207,0.13,0.485
level_stock,slot_zero,g4,aggressive,63,P1,91,0,-0.105,-0.1,0.451
level_stock,slot_zero,g4,aggressive,63,P2,74,0,0.591,0.18,0.527
level_stock,slot_loss,g4,aggressive,63,ALL,165,0,-4.784,-3.06,0.297
level_stock,slot_loss,g4,aggressive,63,P1,91,0,-4.14,-2.9,0.275
level_stock,slot_loss,g4,aggressive,63,P2,74,0,-5.577,-1.85,0.324
stock_minus_mixed,slot,g4,aggressive,5,ALL,176,0,0.074,1.4,0.477
stock_minus_mixed,slot,g4,aggressive,5,P1,91,0,0.101,1.21,0.516
stock_minus_mixed,slot,g4,aggressive,5,P2,85,0,0.044,0.72,0.435
stock_minus_mixed,slot_legacy,g4,aggressive,5,ALL,176,0,0.071,1.37,0.477
stock_minus_mixed,slot_legacy,g4,aggressive,5,P1,91,0,0.101,1.21,0.516
stock_minus_mixed,slot_legacy,g4,aggressive,5,P2,85,0,0.039,0.66,0.435
stock_minus_mixed,slot_zero,g4,aggressive,5,ALL,176,0,0.072,1.38,0.477
stock_minus_mixed,slot_zero,g4,aggressive,5,P1,91,0,0.101,1.2,0.516
stock_minus_mixed,slot_zero,g4,aggressive,5,P2,85,0,0.04,0.68,0.435
stock_minus_mixed,slot_loss,g4,aggressive,5,ALL,176,0,0.044,0.81,0.466
stock_minus_mixed,slot_loss,g4,aggressive,5,P1,91,0,0.083,0.98,0.505
stock_minus_mixed,slot_loss,g4,aggressive,5,P2,85,0,0.003,0.05,0.424
stock_minus_mixed,slot,g4,aggressive,20,ALL,173,0,0.334,2.88,0.514
stock_minus_mixed,slot,g4,aggressive,20,P1,91,0,0.516,3.19,0.571
stock_minus_mixed,slot,g4,aggressive,20,P2,82,0,0.133,0.86,0.451
stock_minus_mixed,slot_legacy,g4,aggressive,20,ALL,173,0,0.324,2.88,0.509
stock_minus_mixed,slot_legacy,g4,aggressive,20,P1,91,0,0.501,3.17,0.56
stock_minus_mixed,slot_legacy,g4,aggressive,20,P2,82,0,0.128,0.86,0.451
stock_minus_mixed,slot_zero,g4,aggressive,20,ALL,173,0,0.326,2.87,0.514
stock_minus_mixed,slot_zero,g4,aggressive,20,P1,91,0,0.508,3.2,0.571
stock_minus_mixed,slot_zero,g4,aggressive,20,P2,82,0,0.125,0.83,0.451
stock_minus_mixed,slot_loss,g4,aggressive,20,ALL,173,0,0.103,0.72,0.48
stock_minus_mixed,slot_loss,g4,aggressive,20,P1,91,0,0.261,1.55,0.527
stock_minus_mixed,slot_loss,g4,aggressive,20,P2,82,0,-0.072,-0.31,0.427
stock_minus_mixed,slot,g4,aggressive,63,ALL,165,0,1.44,3.11,0.6
stock_minus_mixed,slot,g4,aggressive,63,P1,91,0,1.987,2.68,0.648
stock_minus_mixed,slot,g4,aggressive,63,P2,74,0,0.767,2.59,0.541
stock_minus_mixed,slot_legacy,g4,aggressive,63,ALL,165,0,1.394,3.05,0.612
stock_minus_mixed,slot_legacy,g4,aggressive,63,P1,91,0,1.934,2.62,0.659
stock_minus_mixed,slot_legacy,g4,aggressive,63,P2,74,0,0.73,2.8,0.554
stock_minus_mixed,slot_zero,g4,aggressive,63,ALL,165,0,1.396,3.06,0.612
stock_minus_mixed,slot_zero,g4,aggressive,63,P1,91,0,1.943,2.64,0.659
stock_minus_mixed,slot_zero,g4,aggressive,63,P2,74,0,0.722,2.72,0.554
stock_minus_mixed,slot_loss,g4,aggressive,63,ALL,165,0,0.741,1.46,0.503
stock_minus_mixed,slot_loss,g4,aggressive,63,P1,91,0,1.329,1.75,0.538
stock_minus_mixed,slot_loss,g4,aggressive,63,P2,74,0,0.019,0.04,0.459
variant_minus_baseline_mixed,slot,g4,aggressive,5,ALL,176,0,-0.051,-0.91,0.489
variant_minus_baseline_mixed,slot,g4,aggressive,5,P1,91,0,-0.075,-1.21,0.473
variant_minus_baseline_mixed,slot,g4,aggressive,5,P2,85,0,-0.026,-0.27,0.506
variant_minus_baseline_mixed,slot_legacy,g4,aggressive,5,ALL,176,0,-0.05,-0.9,0.489
variant_minus_baseline_mixed,slot_legacy,g4,aggressive,5,P1,91,0,-0.075,-1.21,0.473
variant_minus_baseline_mixed,slot_legacy,g4,aggressive,5,P2,85,0,-0.024,-0.25,0.506
variant_minus_baseline_mixed,slot_zero,g4,aggressive,5,ALL,176,0,-0.05,-0.89,0.489
variant_minus_baseline_mixed,slot_zero,g4,aggressive,5,P1,91,0,-0.074,-1.19,0.473
variant_minus_baseline_mixed,slot_zero,g4,aggressive,5,P2,85,0,-0.025,-0.26,0.506
variant_minus_baseline_mixed,slot_loss,g4,aggressive,5,ALL,176,0,0.015,0.22,0.511
variant_minus_baseline_mixed,slot_loss,g4,aggressive,5,P1,91,0,-0.019,-0.2,0.484
variant_minus_baseline_mixed,slot_loss,g4,aggressive,5,P2,85,0,0.05,0.5,0.541
variant_minus_baseline_mixed,slot,g4,aggressive,20,ALL,173,0,-0.03,-0.19,0.451
variant_minus_baseline_mixed,slot,g4,aggressive,20,P1,91,0,-0.112,-0.84,0.385
variant_minus_baseline_mixed,slot,g4,aggressive,20,P2,82,0,0.061,0.2,0.524
variant_minus_baseline_mixed,slot_legacy,g4,aggressive,20,ALL,173,0,-0.053,-0.34,0.451
variant_minus_baseline_mixed,slot_legacy,g4,aggressive,20,P1,91,0,-0.119,-0.91,0.385
variant_minus_baseline_mixed,slot_legacy,g4,aggressive,20,P2,82,0,0.021,0.07,0.524
variant_minus_baseline_mixed,slot_zero,g4,aggressive,20,ALL,173,0,-0.041,-0.26,0.462
variant_minus_baseline_mixed,slot_zero,g4,aggressive,20,P1,91,0,-0.119,-0.91,0.396
variant_minus_baseline_mixed,slot_zero,g4,aggressive,20,P2,82,0,0.046,0.15,0.537
variant_minus_baseline_mixed,slot_loss,g4,aggressive,20,ALL,173,0,0.128,0.63,0.491
variant_minus_baseline_mixed,slot_loss,g4,aggressive,20,P1,91,0,0.157,0.59,0.484
variant_minus_baseline_mixed,slot_loss,g4,aggressive,20,P2,82,0,0.096,0.31,0.5
variant_minus_baseline_mixed,slot,g4,aggressive,63,ALL,165,0,-0.289,-0.82,0.412
variant_minus_baseline_mixed,slot,g4,aggressive,63,P1,91,0,-0.726,-2.28,0.385
variant_minus_baseline_mixed,slot,g4,aggressive,63,P2,74,0,0.248,0.42,0.446
variant_minus_baseline_mixed,slot_legacy,g4,aggressive,63,ALL,165,0,-0.26,-0.75,0.436
variant_minus_baseline_mixed,slot_legacy,g4,aggressive,63,P1,91,0,-0.647,-2.03,0.407
variant_minus_baseline_mixed,slot_legacy,g4,aggressive,63,P2,74,0,0.215,0.36,0.473
variant_minus_baseline_mixed,slot_zero,g4,aggressive,63,ALL,165,0,-0.29,-0.84,0.418
variant_minus_baseline_mixed,slot_zero,g4,aggressive,63,P1,91,0,-0.708,-2.25,0.385
variant_minus_baseline_mixed,slot_zero,g4,aggressive,63,P2,74,0,0.224,0.39,0.459
variant_minus_baseline_mixed,slot_loss,g4,aggressive,63,ALL,165,0,-0.288,-0.8,0.455
variant_minus_baseline_mixed,slot_loss,g4,aggressive,63,P1,91,0,-0.454,-0.95,0.44
variant_minus_baseline_mixed,slot_loss,g4,aggressive,63,P2,74,0,-0.082,-0.16,0.473
variant_minus_baseline_stock,slot,g4,aggressive,5,ALL,176,0,-0.036,-0.61,0.455
variant_minus_baseline_stock,slot,g4,aggressive,5,P1,91,0,-0.075,-1.05,0.396
variant_minus_baseline_stock,slot,g4,aggressive,5,P2,85,0,0.005,0.05,0.518
variant_minus_baseline_stock,slot_legacy,g4,aggressive,5,ALL,176,0,-0.034,-0.58,0.455
variant_minus_baseline_stock,slot_legacy,g4,aggressive,5,P1,91,0,-0.073,-1.04,0.396
variant_minus_baseline_stock,slot_legacy,g4,aggressive,5,P2,85,0,0.007,0.08,0.518
variant_minus_baseline_stock,slot_zero,g4,aggressive,5,ALL,176,0,-0.035,-0.59,0.455
variant_minus_baseline_stock,slot_zero,g4,aggressive,5,P1,91,0,-0.073,-1.03,0.396
variant_minus_baseline_stock,slot_zero,g4,aggressive,5,P2,85,0,0.005,0.05,0.518
variant_minus_baseline_stock,slot_loss,g4,aggressive,5,ALL,176,0,0.059,0.78,0.477
variant_minus_baseline_stock,slot_loss,g4,aggressive,5,P1,91,0,0.001,0.01,0.44
variant_minus_baseline_stock,slot_loss,g4,aggressive,5,P2,85,0,0.121,1.0,0.518
variant_minus_baseline_stock,slot,g4,aggressive,20,ALL,173,0,-0.002,-0.01,0.445
variant_minus_baseline_stock,slot,g4,aggressive,20,P1,91,0,-0.13,-0.8,0.352
variant_minus_baseline_stock,slot,g4,aggressive,20,P2,82,0,0.14,0.43,0.549
variant_minus_baseline_stock,slot_legacy,g4,aggressive,20,ALL,173,0,-0.036,-0.21,0.445
variant_minus_baseline_stock,slot_legacy,g4,aggressive,20,P1,91,0,-0.137,-0.86,0.341
variant_minus_baseline_stock,slot_legacy,g4,aggressive,20,P2,82,0,0.076,0.24,0.561
variant_minus_baseline_stock,slot_zero,g4,aggressive,20,ALL,173,0,-0.022,-0.13,0.457
variant_minus_baseline_stock,slot_zero,g4,aggressive,20,P1,91,0,-0.137,-0.86,0.374
variant_minus_baseline_stock,slot_zero,g4,aggressive,20,P2,82,0,0.105,0.33,0.549
variant_minus_baseline_stock,slot_loss,g4,aggressive,20,ALL,173,0,0.256,1.19,0.48
variant_minus_baseline_stock,slot_loss,g4,aggressive,20,P1,91,0,0.194,0.78,0.418
variant_minus_baseline_stock,slot_loss,g4,aggressive,20,P2,82,0,0.326,0.91,0.549
variant_minus_baseline_stock,slot,g4,aggressive,63,ALL,165,0,-0.436,-1.5,0.388
variant_minus_baseline_stock,slot,g4,aggressive,63,P1,91,0,-0.687,-2.57,0.33
variant_minus_baseline_stock,slot,g4,aggressive,63,P2,74,0,-0.127,-0.24,0.459
variant_minus_baseline_stock,slot_legacy,g4,aggressive,63,ALL,165,0,-0.428,-1.48,0.4
variant_minus_baseline_stock,slot_legacy,g4,aggressive,63,P1,91,0,-0.628,-2.25,0.363
variant_minus_baseline_stock,slot_legacy,g4,aggressive,63,P2,74,0,-0.182,-0.35,0.446
variant_minus_baseline_stock,slot_zero,g4,aggressive,63,ALL,165,0,-0.441,-1.56,0.394
variant_minus_baseline_stock,slot_zero,g4,aggressive,63,P1,91,0,-0.673,-2.55,0.341
variant_minus_baseline_stock,slot_zero,g4,aggressive,63,P2,74,0,-0.154,-0.31,0.459
variant_minus_baseline_stock,slot_loss,g4,aggressive,63,ALL,165,0,-0.096,-0.3,0.461
variant_minus_baseline_stock,slot_loss,g4,aggressive,63,P1,91,0,-0.149,-0.35,0.451
variant_minus_baseline_stock,slot_loss,g4,aggressive,63,P2,74,0,-0.031,-0.06,0.473
level_mixed,slot,nofund,conservative,5,ALL,176,0,-0.286,-2.29,0.449
level_mixed,slot,nofund,conservative,5,P1,91,0,-0.305,-2.03,0.451
level_mixed,slot,nofund,conservative,5,P2,85,0,-0.265,-1.31,0.447
level_mixed,slot_legacy,nofund,conservative,5,ALL,176,0,-0.284,-2.28,0.449
level_mixed,slot_legacy,nofund,conservative,5,P1,91,0,-0.302,-2.02,0.451
level_mixed,slot_legacy,nofund,conservative,5,P2,85,0,-0.266,-1.31,0.447
level_mixed,slot_zero,nofund,conservative,5,ALL,176,0,-0.285,-2.28,0.449
level_mixed,slot_zero,nofund,conservative,5,P1,91,0,-0.302,-2.03,0.451
level_mixed,slot_zero,nofund,conservative,5,P2,85,0,-0.265,-1.31,0.447
level_mixed,slot_loss,nofund,conservative,5,ALL,176,0,-0.427,-3.03,0.432
level_mixed,slot_loss,nofund,conservative,5,P1,91,0,-0.413,-2.34,0.44
level_mixed,slot_loss,nofund,conservative,5,P2,85,0,-0.443,-1.99,0.424
level_mixed,slot,nofund,conservative,20,ALL,173,0,-1.21,-3.32,0.405
level_mixed,slot,nofund,conservative,20,P1,91,0,-1.006,-2.24,0.418
level_mixed,slot,nofund,conservative,20,P2,82,0,-1.436,-2.47,0.39
level_mixed,slot_legacy,nofund,conservative,20,ALL,173,0,-1.198,-3.31,0.405
level_mixed,slot_legacy,nofund,conservative,20,P1,91,0,-0.986,-2.22,0.418
level_mixed,slot_legacy,nofund,conservative,20,P2,82,0,-1.433,-2.48,0.39
level_mixed,slot_zero,nofund,conservative,20,ALL,173,0,-1.188,-3.29,0.405
level_mixed,slot_zero,nofund,conservative,20,P1,91,0,-0.983,-2.22,0.418
level_mixed,slot_zero,nofund,conservative,20,P2,82,0,-1.416,-2.46,0.39
level_mixed,slot_loss,nofund,conservative,20,ALL,173,0,-2.052,-4.55,0.353
level_mixed,slot_loss,nofund,conservative,20,P1,91,0,-1.609,-2.58,0.407
level_mixed,slot_loss,nofund,conservative,20,P2,82,0,-2.544,-4.02,0.293
level_mixed,slot,nofund,conservative,63,ALL,165,0,-2.91,-2.98,0.315
level_mixed,slot,nofund,conservative,63,P1,91,0,-2.683,-3.32,0.297
level_mixed,slot,nofund,conservative,63,P2,74,0,-3.189,-1.67,0.338
level_mixed,slot_legacy,nofund,conservative,63,ALL,165,0,-2.902,-3.07,0.321
level_mixed,slot_legacy,nofund,conservative,63,P1,91,0,-2.677,-3.34,0.297
level_mixed,slot_legacy,nofund,conservative,63,P2,74,0,-3.178,-1.73,0.351
level_mixed,slot_zero,nofund,conservative,63,ALL,165,0,-2.853,-3.03,0.315
level_mixed,slot_zero,nofund,conservative,63,P1,91,0,-2.623,-3.3,0.297
level_mixed,slot_zero,nofund,conservative,63,P2,74,0,-3.137,-1.71,0.338
level_mixed,slot_loss,nofund,conservative,63,ALL,165,0,-5.258,-5.02,0.218
level_mixed,slot_loss,nofund,conservative,63,P1,91,0,-4.115,-3.92,0.242
level_mixed,slot_loss,nofund,conservative,63,P2,74,0,-6.664,-3.77,0.189
level_stock,slot,nofund,conservative,5,ALL,176,0,-0.288,-2.31,0.449
level_stock,slot,nofund,conservative,5,P1,91,0,-0.306,-2.04,0.451
level_stock,slot,nofund,conservative,5,P2,85,0,-0.269,-1.32,0.447
level_stock,slot_legacy,nofund,conservative,5,ALL,176,0,-0.287,-2.3,0.449
level_stock,slot_legacy,nofund,conservative,5,P1,91,0,-0.303,-2.03,0.451
level_stock,slot_legacy,nofund,conservative,5,P2,85,0,-0.27,-1.33,0.447
level_stock,slot_zero,nofund,conservative,5,ALL,176,0,-0.287,-2.3,0.449
level_stock,slot_zero,nofund,conservative,5,P1,91,0,-0.304,-2.04,0.451
level_stock,slot_zero,nofund,conservative,5,P2,85,0,-0.27,-1.33,0.447
level_stock,slot_loss,nofund,conservative,5,ALL,176,0,-0.43,-3.05,0.432
level_stock,slot_loss,nofund,conservative,5,P1,91,0,-0.414,-2.35,0.44
level_stock,slot_loss,nofund,conservative,5,P2,85,0,-0.447,-2.01,0.424
level_stock,slot,nofund,conservative,20,ALL,173,0,-1.211,-3.31,0.405
level_stock,slot,nofund,conservative,20,P1,91,0,-1.008,-2.25,0.418
level_stock,slot,nofund,conservative,20,P2,82,0,-1.436,-2.46,0.39
level_stock,slot_legacy,nofund,conservative,20,ALL,173,0,-1.199,-3.31,0.405
level_stock,slot_legacy,nofund,conservative,20,P1,91,0,-0.989,-2.24,0.418
level_stock,slot_legacy,nofund,conservative,20,P2,82,0,-1.433,-2.47,0.39
level_stock,slot_zero,nofund,conservative,20,ALL,173,0,-1.189,-3.29,0.405
level_stock,slot_zero,nofund,conservative,20,P1,91,0,-0.985,-2.23,0.418
level_stock,slot_zero,nofund,conservative,20,P2,82,0,-1.416,-2.44,0.39
level_stock,slot_loss,nofund,conservative,20,ALL,173,0,-2.063,-4.56,0.353
level_stock,slot_loss,nofund,conservative,20,P1,91,0,-1.63,-2.61,0.407
level_stock,slot_loss,nofund,conservative,20,P2,82,0,-2.544,-3.99,0.293
level_stock,slot,nofund,conservative,63,ALL,165,0,-2.908,-2.98,0.315
level_stock,slot,nofund,conservative,63,P1,91,0,-2.687,-3.33,0.297
level_stock,slot,nofund,conservative,63,P2,74,0,-3.179,-1.66,0.338
level_stock,slot_legacy,nofund,conservative,63,ALL,165,0,-2.9,-3.06,0.321
level_stock,slot_legacy,nofund,conservative,63,P1,91,0,-2.683,-3.35,0.297
level_stock,slot_legacy,nofund,conservative,63,P2,74,0,-3.167,-1.72,0.351
level_stock,slot_zero,nofund,conservative,63,ALL,165,0,-2.851,-3.02,0.315
level_stock,slot_zero,nofund,conservative,63,P1,91,0,-2.627,-3.31,0.297
level_stock,slot_zero,nofund,conservative,63,P2,74,0,-3.126,-1.7,0.338
level_stock,slot_loss,nofund,conservative,63,ALL,165,0,-5.267,-5.03,0.218
level_stock,slot_loss,nofund,conservative,63,P1,91,0,-4.139,-3.95,0.242
level_stock,slot_loss,nofund,conservative,63,P2,74,0,-6.653,-3.76,0.189
stock_minus_mixed,slot,nofund,conservative,5,ALL,176,0,-0.003,-1.47,0.034
stock_minus_mixed,slot,nofund,conservative,5,P1,91,0,-0.001,-0.8,0.044
stock_minus_mixed,slot,nofund,conservative,5,P2,85,0,-0.004,-1.25,0.024
stock_minus_mixed,slot_legacy,nofund,conservative,5,ALL,176,0,-0.003,-1.47,0.034
stock_minus_mixed,slot_legacy,nofund,conservative,5,P1,91,0,-0.001,-0.8,0.044
stock_minus_mixed,slot_legacy,nofund,conservative,5,P2,85,0,-0.004,-1.25,0.024
stock_minus_mixed,slot_zero,nofund,conservative,5,ALL,176,0,-0.003,-1.47,0.034
stock_minus_mixed,slot_zero,nofund,conservative,5,P1,91,0,-0.001,-0.8,0.044
stock_minus_mixed,slot_zero,nofund,conservative,5,P2,85,0,-0.004,-1.25,0.024
stock_minus_mixed,slot_loss,nofund,conservative,5,ALL,176,0,-0.003,-1.47,0.034
stock_minus_mixed,slot_loss,nofund,conservative,5,P1,91,0,-0.001,-0.8,0.044
stock_minus_mixed,slot_loss,nofund,conservative,5,P2,85,0,-0.004,-1.25,0.024
stock_minus_mixed,slot,nofund,conservative,20,ALL,173,0,-0.001,-0.19,0.035
stock_minus_mixed,slot,nofund,conservative,20,P1,91,0,-0.003,-0.27,0.033
stock_minus_mixed,slot,nofund,conservative,20,P2,82,0,0.0,0.06,0.037
stock_minus_mixed,slot_legacy,nofund,conservative,20,ALL,173,0,-0.001,-0.23,0.035
stock_minus_mixed,slot_legacy,nofund,conservative,20,P1,91,0,-0.003,-0.33,0.033
stock_minus_mixed,slot_legacy,nofund,conservative,20,P2,82,0,0.001,0.07,0.037
stock_minus_mixed,slot_zero,nofund,conservative,20,ALL,173,0,-0.001,-0.13,0.035
stock_minus_mixed,slot_zero,nofund,conservative,20,P1,91,0,-0.002,-0.21,0.033
stock_minus_mixed,slot_zero,nofund,conservative,20,P2,82,0,0.001,0.07,0.037
stock_minus_mixed,slot_loss,nofund,conservative,20,ALL,173,0,-0.011,-0.85,0.035
stock_minus_mixed,slot_loss,nofund,conservative,20,P1,91,0,-0.021,-0.91,0.033
stock_minus_mixed,slot_loss,nofund,conservative,20,P2,82,0,0.001,0.07,0.037
stock_minus_mixed,slot,nofund,conservative,63,ALL,165,0,0.002,0.34,0.061
stock_minus_mixed,slot,nofund,conservative,63,P1,91,0,-0.004,-0.52,0.066
stock_minus_mixed,slot,nofund,conservative,63,P2,74,0,0.011,0.96,0.054
stock_minus_mixed,slot_legacy,nofund,conservative,63,ALL,165,0,0.002,0.25,0.061
stock_minus_mixed,slot_legacy,nofund,conservative,63,P1,91,0,-0.006,-0.63,0.066
stock_minus_mixed,slot_legacy,nofund,conservative,63,P2,74,0,0.011,0.99,0.054
stock_minus_mixed,slot_zero,nofund,conservative,63,ALL,165,0,0.003,0.36,0.061
stock_minus_mixed,slot_zero,nofund,conservative,63,P1,91,0,-0.004,-0.51,0.066
stock_minus_mixed,slot_zero,nofund,conservative,63,P2,74,0,0.011,0.99,0.054
stock_minus_mixed,slot_loss,nofund,conservative,63,ALL,165,0,-0.008,-0.6,0.055
stock_minus_mixed,slot_loss,nofund,conservative,63,P1,91,0,-0.024,-1.1,0.055
stock_minus_mixed,slot_loss,nofund,conservative,63,P2,74,0,0.011,0.99,0.054
variant_minus_baseline_mixed,slot,nofund,conservative,5,ALL,176,0,0.028,1.47,0.335
variant_minus_baseline_mixed,slot,nofund,conservative,5,P1,91,0,0.027,1.03,0.297
variant_minus_baseline_mixed,slot,nofund,conservative,5,P2,85,0,0.03,1.05,0.376
variant_minus_baseline_mixed,slot_legacy,nofund,conservative,5,ALL,176,0,0.028,1.49,0.335
variant_minus_baseline_mixed,slot_legacy,nofund,conservative,5,P1,91,0,0.028,1.07,0.297
variant_minus_baseline_mixed,slot_legacy,nofund,conservative,5,P2,85,0,0.028,1.05,0.376
variant_minus_baseline_mixed,slot_zero,nofund,conservative,5,ALL,176,0,0.028,1.48,0.335
variant_minus_baseline_mixed,slot_zero,nofund,conservative,5,P1,91,0,0.027,1.04,0.297
variant_minus_baseline_mixed,slot_zero,nofund,conservative,5,P2,85,0,0.028,1.05,0.376
variant_minus_baseline_mixed,slot_loss,nofund,conservative,5,ALL,176,0,0.018,0.88,0.33
variant_minus_baseline_mixed,slot_loss,nofund,conservative,5,P1,91,0,0.009,0.27,0.286
variant_minus_baseline_mixed,slot_loss,nofund,conservative,5,P2,85,0,0.028,1.05,0.376
variant_minus_baseline_mixed,slot,nofund,conservative,20,ALL,173,0,0.081,1.86,0.335
variant_minus_baseline_mixed,slot,nofund,conservative,20,P1,91,0,0.144,2.1,0.341
variant_minus_baseline_mixed,slot,nofund,conservative,20,P2,82,0,0.01,0.22,0.329
variant_minus_baseline_mixed,slot_legacy,nofund,conservative,20,ALL,173,0,0.08,1.87,0.341
variant_minus_baseline_mixed,slot_legacy,nofund,conservative,20,P1,91,0,0.145,2.12,0.341
variant_minus_baseline_mixed,slot_legacy,nofund,conservative,20,P2,82,0,0.009,0.2,0.341
variant_minus_baseline_mixed,slot_zero,nofund,conservative,20,ALL,173,0,0.081,1.86,0.335
variant_minus_baseline_mixed,slot_zero,nofund,conservative,20,P1,91,0,0.145,2.1,0.341
variant_minus_baseline_mixed,slot_zero,nofund,conservative,20,P2,82,0,0.009,0.21,0.329
variant_minus_baseline_mixed,slot_loss,nofund,conservative,20,ALL,173,0,0.031,0.7,0.312
variant_minus_baseline_mixed,slot_loss,nofund,conservative,20,P1,91,0,0.107,1.66,0.319
variant_minus_baseline_mixed,slot_loss,nofund,conservative,20,P2,82,0,-0.053,-0.92,0.305
variant_minus_baseline_mixed,slot,nofund,conservative,63,ALL,165,0,0.34,2.66,0.37
variant_minus_baseline_mixed,slot,nofund,conservative,63,P1,91,0,0.486,2.43,0.418
variant_minus_baseline_mixed,slot,nofund,conservative,63,P2,74,0,0.162,1.43,0.311
variant_minus_baseline_mixed,slot_legacy,nofund,conservative,63,ALL,165,0,0.326,2.56,0.364
variant_minus_baseline_mixed,slot_legacy,nofund,conservative,63,P1,91,0,0.479,2.42,0.418
variant_minus_baseline_mixed,slot_legacy,nofund,conservative,63,P2,74,0,0.138,1.25,0.297
variant_minus_baseline_mixed,slot_zero,nofund,conservative,63,ALL,165,0,0.333,2.62,0.37
variant_minus_baseline_mixed,slot_zero,nofund,conservative,63,P1,91,0,0.48,2.42,0.418
variant_minus_baseline_mixed,slot_zero,nofund,conservative,63,P2,74,0,0.152,1.4,0.311
variant_minus_baseline_mixed,slot_loss,nofund,conservative,63,ALL,165,0,0.236,1.91,0.333
variant_minus_baseline_mixed,slot_loss,nofund,conservative,63,P1,91,0,0.421,2.41,0.396
variant_minus_baseline_mixed,slot_loss,nofund,conservative,63,P2,74,0,0.008,0.06,0.257
variant_minus_baseline_stock,slot,nofund,conservative,5,ALL,176,0,0.0,,0.0
variant_minus_baseline_stock,slot,nofund,conservative,5,P1,91,0,0.0,,0.0
variant_minus_baseline_stock,slot,nofund,conservative,5,P2,85,0,0.0,,0.0
variant_minus_baseline_stock,slot_legacy,nofund,conservative,5,ALL,176,0,0.0,,0.0
variant_minus_baseline_stock,slot_legacy,nofund,conservative,5,P1,91,0,0.0,,0.0
variant_minus_baseline_stock,slot_legacy,nofund,conservative,5,P2,85,0,0.0,,0.0
variant_minus_baseline_stock,slot_zero,nofund,conservative,5,ALL,176,0,0.0,,0.0
variant_minus_baseline_stock,slot_zero,nofund,conservative,5,P1,91,0,0.0,,0.0
variant_minus_baseline_stock,slot_zero,nofund,conservative,5,P2,85,0,0.0,,0.0
variant_minus_baseline_stock,slot_loss,nofund,conservative,5,ALL,176,0,0.0,,0.0
variant_minus_baseline_stock,slot_loss,nofund,conservative,5,P1,91,0,0.0,,0.0
variant_minus_baseline_stock,slot_loss,nofund,conservative,5,P2,85,0,0.0,,0.0
variant_minus_baseline_stock,slot,nofund,conservative,20,ALL,173,0,0.0,,0.0
variant_minus_baseline_stock,slot,nofund,conservative,20,P1,91,0,0.0,,0.0
variant_minus_baseline_stock,slot,nofund,conservative,20,P2,82,0,0.0,,0.0
variant_minus_baseline_stock,slot_legacy,nofund,conservative,20,ALL,173,0,0.0,,0.0
variant_minus_baseline_stock,slot_legacy,nofund,conservative,20,P1,91,0,0.0,,0.0
variant_minus_baseline_stock,slot_legacy,nofund,conservative,20,P2,82,0,0.0,,0.0
variant_minus_baseline_stock,slot_zero,nofund,conservative,20,ALL,173,0,0.0,,0.0
variant_minus_baseline_stock,slot_zero,nofund,conservative,20,P1,91,0,0.0,,0.0
variant_minus_baseline_stock,slot_zero,nofund,conservative,20,P2,82,0,0.0,,0.0
variant_minus_baseline_stock,slot_loss,nofund,conservative,20,ALL,173,0,0.0,,0.0
variant_minus_baseline_stock,slot_loss,nofund,conservative,20,P1,91,0,0.0,,0.0
variant_minus_baseline_stock,slot_loss,nofund,conservative,20,P2,82,0,0.0,,0.0
variant_minus_baseline_stock,slot,nofund,conservative,63,ALL,165,0,0.0,,0.0
variant_minus_baseline_stock,slot,nofund,conservative,63,P1,91,0,0.0,,0.0
variant_minus_baseline_stock,slot,nofund,conservative,63,P2,74,0,0.0,,0.0
variant_minus_baseline_stock,slot_legacy,nofund,conservative,63,ALL,165,0,0.0,,0.0
variant_minus_baseline_stock,slot_legacy,nofund,conservative,63,P1,91,0,0.0,,0.0
variant_minus_baseline_stock,slot_legacy,nofund,conservative,63,P2,74,0,0.0,,0.0
variant_minus_baseline_stock,slot_zero,nofund,conservative,63,ALL,165,0,0.0,,0.0
variant_minus_baseline_stock,slot_zero,nofund,conservative,63,P1,91,0,0.0,,0.0
variant_minus_baseline_stock,slot_zero,nofund,conservative,63,P2,74,0,0.0,,0.0
variant_minus_baseline_stock,slot_loss,nofund,conservative,63,ALL,165,0,0.0,,0.0
variant_minus_baseline_stock,slot_loss,nofund,conservative,63,P1,91,0,0.0,,0.0
variant_minus_baseline_stock,slot_loss,nofund,conservative,63,P2,74,0,0.0,,0.0
level_mixed,slot,nofund,balanced,5,ALL,176,0,-0.039,-0.2,0.534
level_mixed,slot,nofund,balanced,5,P1,91,0,-0.113,-0.54,0.527
level_mixed,slot,nofund,balanced,5,P2,85,0,0.039,0.12,0.541
level_mixed,slot_legacy,nofund,balanced,5,ALL,176,0,-0.042,-0.22,0.534
level_mixed,slot_legacy,nofund,balanced,5,P1,91,0,-0.114,-0.55,0.527
level_mixed,slot_legacy,nofund,balanced,5,P2,85,0,0.035,0.1,0.541
level_mixed,slot_zero,nofund,balanced,5,ALL,176,0,-0.043,-0.22,0.534
level_mixed,slot_zero,nofund,balanced,5,P1,91,0,-0.115,-0.55,0.527
level_mixed,slot_zero,nofund,balanced,5,P2,85,0,0.034,0.1,0.541
level_mixed,slot_loss,nofund,balanced,5,ALL,176,0,-0.537,-2.47,0.46
level_mixed,slot_loss,nofund,balanced,5,P1,91,0,-0.615,-2.53,0.451
level_mixed,slot_loss,nofund,balanced,5,P2,85,0,-0.453,-1.23,0.471
level_mixed,slot,nofund,balanced,20,ALL,173,0,-0.092,-0.18,0.439
level_mixed,slot,nofund,balanced,20,P1,91,0,0.03,0.05,0.374
level_mixed,slot,nofund,balanced,20,P2,82,0,-0.227,-0.27,0.512
level_mixed,slot_legacy,nofund,balanced,20,ALL,173,0,-0.107,-0.21,0.445
level_mixed,slot_legacy,nofund,balanced,20,P1,91,0,0.017,0.03,0.385
level_mixed,slot_legacy,nofund,balanced,20,P2,82,0,-0.246,-0.29,0.512
level_mixed,slot_zero,nofund,balanced,20,ALL,173,0,-0.092,-0.18,0.445
level_mixed,slot_zero,nofund,balanced,20,P1,91,0,0.03,0.05,0.374
level_mixed,slot_zero,nofund,balanced,20,P2,82,0,-0.229,-0.27,0.524
level_mixed,slot_loss,nofund,balanced,20,ALL,173,0,-2.317,-3.6,0.318
level_mixed,slot_loss,nofund,balanced,20,P1,91,0,-2.183,-2.79,0.308
level_mixed,slot_loss,nofund,balanced,20,P2,82,0,-2.465,-2.37,0.329
level_mixed,slot,nofund,balanced,63,ALL,165,0,0.722,0.51,0.539
level_mixed,slot,nofund,balanced,63,P1,91,0,0.583,0.59,0.527
level_mixed,slot,nofund,balanced,63,P2,74,0,0.894,0.31,0.554
level_mixed,slot_legacy,nofund,balanced,63,ALL,165,0,0.798,0.56,0.545
level_mixed,slot_legacy,nofund,balanced,63,P1,91,0,0.636,0.66,0.538
level_mixed,slot_legacy,nofund,balanced,63,P2,74,0,0.996,0.35,0.554
level_mixed,slot_zero,nofund,balanced,63,ALL,165,0,0.645,0.48,0.539
level_mixed,slot_zero,nofund,balanced,63,P1,91,0,0.568,0.61,0.527
level_mixed,slot_zero,nofund,balanced,63,P2,74,0,0.739,0.27,0.554
level_mixed,slot_loss,nofund,balanced,63,ALL,165,0,-4.956,-3.19,0.309
level_mixed,slot_loss,nofund,balanced,63,P1,91,0,-4.45,-2.73,0.308
level_mixed,slot_loss,nofund,balanced,63,P2,74,0,-5.579,-1.98,0.311
level_stock,slot,nofund,balanced,5,ALL,176,0,-0.033,-0.17,0.523
level_stock,slot,nofund,balanced,5,P1,91,0,-0.115,-0.54,0.516
level_stock,slot,nofund,balanced,5,P2,85,0,0.054,0.16,0.529
level_stock,slot_legacy,nofund,balanced,5,ALL,176,0,-0.037,-0.19,0.523
level_stock,slot_legacy,nofund,balanced,5,P1,91,0,-0.117,-0.55,0.516
level_stock,slot_legacy,nofund,balanced,5,P2,85,0,0.048,0.14,0.529
level_stock,slot_zero,nofund,balanced,5,ALL,176,0,-0.038,-0.19,0.523
level_stock,slot_zero,nofund,balanced,5,P1,91,0,-0.118,-0.56,0.516
level_stock,slot_zero,nofund,balanced,5,P2,85,0,0.048,0.14,0.529
level_stock,slot_loss,nofund,balanced,5,ALL,176,0,-0.541,-2.48,0.449
level_stock,slot_loss,nofund,balanced,5,P1,91,0,-0.636,-2.6,0.44
level_stock,slot_loss,nofund,balanced,5,P2,85,0,-0.439,-1.2,0.459
level_stock,slot,nofund,balanced,20,ALL,173,0,-0.07,-0.14,0.428
level_stock,slot,nofund,balanced,20,P1,91,0,0.045,0.07,0.363
level_stock,slot,nofund,balanced,20,P2,82,0,-0.198,-0.23,0.5
level_stock,slot_legacy,nofund,balanced,20,ALL,173,0,-0.087,-0.17,0.434
level_stock,slot_legacy,nofund,balanced,20,P1,91,0,0.029,0.05,0.374
level_stock,slot_legacy,nofund,balanced,20,P2,82,0,-0.216,-0.26,0.5
level_stock,slot_zero,nofund,balanced,20,ALL,173,0,-0.072,-0.14,0.434
level_stock,slot_zero,nofund,balanced,20,P1,91,0,0.043,0.07,0.363
level_stock,slot_zero,nofund,balanced,20,P2,82,0,-0.199,-0.24,0.512
level_stock,slot_loss,nofund,balanced,20,ALL,173,0,-2.354,-3.61,0.318
level_stock,slot_loss,nofund,balanced,20,P1,91,0,-2.246,-2.85,0.297
level_stock,slot_loss,nofund,balanced,20,P2,82,0,-2.474,-2.33,0.341
level_stock,slot,nofund,balanced,63,ALL,165,0,0.765,0.53,0.539
level_stock,slot,nofund,balanced,63,P1,91,0,0.633,0.63,0.538
level_stock,slot,nofund,balanced,63,P2,74,0,0.928,0.32,0.541
level_stock,slot_legacy,nofund,balanced,63,ALL,165,0,0.841,0.59,0.545
level_stock,slot_legacy,nofund,balanced,63,P1,91,0,0.682,0.69,0.538
level_stock,slot_legacy,nofund,balanced,63,P2,74,0,1.036,0.36,0.554
level_stock,slot_zero,nofund,balanced,63,ALL,165,0,0.689,0.51,0.539
level_stock,slot_zero,nofund,balanced,63,P1,91,0,0.616,0.65,0.538
level_stock,slot_zero,nofund,balanced,63,P2,74,0,0.779,0.29,0.541
level_stock,slot_loss,nofund,balanced,63,ALL,165,0,-5.021,-3.16,0.309
level_stock,slot_loss,nofund,balanced,63,P1,91,0,-4.519,-2.71,0.297
level_stock,slot_loss,nofund,balanced,63,P2,74,0,-5.638,-1.95,0.324
stock_minus_mixed,slot,nofund,balanced,5,ALL,176,0,0.006,0.66,0.188
stock_minus_mixed,slot,nofund,balanced,5,P1,91,0,-0.002,-0.2,0.198
stock_minus_mixed,slot,nofund,balanced,5,P2,85,0,0.014,1.04,0.176
stock_minus_mixed,slot_legacy,nofund,balanced,5,ALL,176,0,0.005,0.63,0.182
stock_minus_mixed,slot_legacy,nofund,balanced,5,P1,91,0,-0.002,-0.2,0.187
stock_minus_mixed,slot_legacy,nofund,balanced,5,P2,85,0,0.014,1.01,0.176
stock_minus_mixed,slot_zero,nofund,balanced,5,ALL,176,0,0.005,0.6,0.176
stock_minus_mixed,slot_zero,nofund,balanced,5,P1,91,0,-0.003,-0.25,0.176
stock_minus_mixed,slot_zero,nofund,balanced,5,P2,85,0,0.014,1.01,0.176
stock_minus_mixed,slot_loss,nofund,balanced,5,ALL,176,0,-0.004,-0.32,0.176
stock_minus_mixed,slot_loss,nofund,balanced,5,P1,91,0,-0.021,-0.99,0.176
stock_minus_mixed,slot_loss,nofund,balanced,5,P2,85,0,0.014,1.01,0.176
stock_minus_mixed,slot,nofund,balanced,20,ALL,173,0,0.022,1.07,0.185
stock_minus_mixed,slot,nofund,balanced,20,P1,91,0,0.015,0.74,0.198
stock_minus_mixed,slot,nofund,balanced,20,P2,82,0,0.029,0.81,0.171
stock_minus_mixed,slot_legacy,nofund,balanced,20,ALL,173,0,0.02,1.04,0.185
stock_minus_mixed,slot_legacy,nofund,balanced,20,P1,91,0,0.011,0.61,0.198
stock_minus_mixed,slot_legacy,nofund,balanced,20,P2,82,0,0.03,0.85,0.171
stock_minus_mixed,slot_zero,nofund,balanced,20,ALL,173,0,0.02,1.05,0.179
stock_minus_mixed,slot_zero,nofund,balanced,20,P1,91,0,0.012,0.65,0.187
stock_minus_mixed,slot_zero,nofund,balanced,20,P2,82,0,0.029,0.84,0.171
stock_minus_mixed,slot_loss,nofund,balanced,20,ALL,173,0,-0.038,-1.14,0.162
stock_minus_mixed,slot_loss,nofund,balanced,20,P1,91,0,-0.063,-1.69,0.165
stock_minus_mixed,slot_loss,nofund,balanced,20,P2,82,0,-0.009,-0.16,0.159
stock_minus_mixed,slot,nofund,balanced,63,ALL,165,0,0.043,1.13,0.176
stock_minus_mixed,slot,nofund,balanced,63,P1,91,0,0.05,0.84,0.22
stock_minus_mixed,slot,nofund,balanced,63,P2,74,0,0.034,0.85,0.122
stock_minus_mixed,slot_legacy,nofund,balanced,63,ALL,165,0,0.043,1.21,0.176
stock_minus_mixed,slot_legacy,nofund,balanced,63,P1,91,0,0.046,0.8,0.22
stock_minus_mixed,slot_legacy,nofund,balanced,63,P2,74,0,0.039,1.19,0.122
stock_minus_mixed,slot_zero,nofund,balanced,63,ALL,165,0,0.044,1.26,0.176
stock_minus_mixed,slot_zero,nofund,balanced,63,P1,91,0,0.048,0.84,0.209
stock_minus_mixed,slot_zero,nofund,balanced,63,P2,74,0,0.04,1.21,0.135
stock_minus_mixed,slot_loss,nofund,balanced,63,ALL,165,0,-0.065,-1.08,0.152
stock_minus_mixed,slot_loss,nofund,balanced,63,P1,91,0,-0.069,-0.94,0.187
stock_minus_mixed,slot_loss,nofund,balanced,63,P2,74,0,-0.059,-0.61,0.108
variant_minus_baseline_mixed,slot,nofund,balanced,5,ALL,176,0,0.066,1.12,0.517
variant_minus_baseline_mixed,slot,nofund,balanced,5,P1,91,0,0.099,1.07,0.538
variant_minus_baseline_mixed,slot,nofund,balanced,5,P2,85,0,0.031,0.44,0.494
variant_minus_baseline_mixed,slot_legacy,nofund,balanced,5,ALL,176,0,0.066,1.13,0.523
variant_minus_baseline_mixed,slot_legacy,nofund,balanced,5,P1,91,0,0.098,1.06,0.538
variant_minus_baseline_mixed,slot_legacy,nofund,balanced,5,P2,85,0,0.031,0.45,0.506
variant_minus_baseline_mixed,slot_zero,nofund,balanced,5,ALL,176,0,0.065,1.11,0.523
variant_minus_baseline_mixed,slot_zero,nofund,balanced,5,P1,91,0,0.098,1.06,0.538
variant_minus_baseline_mixed,slot_zero,nofund,balanced,5,P2,85,0,0.029,0.42,0.506
variant_minus_baseline_mixed,slot_loss,nofund,balanced,5,ALL,176,0,0.026,0.44,0.517
variant_minus_baseline_mixed,slot_loss,nofund,balanced,5,P1,91,0,0.079,0.83,0.538
variant_minus_baseline_mixed,slot_loss,nofund,balanced,5,P2,85,0,-0.03,-0.42,0.494
variant_minus_baseline_mixed,slot,nofund,balanced,20,ALL,173,0,0.258,1.87,0.503
variant_minus_baseline_mixed,slot,nofund,balanced,20,P1,91,0,0.528,2.46,0.516
variant_minus_baseline_mixed,slot,nofund,balanced,20,P2,82,0,-0.042,-0.3,0.488
variant_minus_baseline_mixed,slot_legacy,nofund,balanced,20,ALL,173,0,0.254,1.9,0.509
variant_minus_baseline_mixed,slot_legacy,nofund,balanced,20,P1,91,0,0.516,2.48,0.549
variant_minus_baseline_mixed,slot_legacy,nofund,balanced,20,P2,82,0,-0.038,-0.29,0.463
variant_minus_baseline_mixed,slot_zero,nofund,balanced,20,ALL,173,0,0.256,1.91,0.503
variant_minus_baseline_mixed,slot_zero,nofund,balanced,20,P1,91,0,0.522,2.48,0.527
variant_minus_baseline_mixed,slot_zero,nofund,balanced,20,P2,82,0,-0.038,-0.28,0.476
variant_minus_baseline_mixed,slot_loss,nofund,balanced,20,ALL,173,0,-0.115,-0.69,0.457
variant_minus_baseline_mixed,slot_loss,nofund,balanced,20,P1,91,0,0.185,0.89,0.505
variant_minus_baseline_mixed,slot_loss,nofund,balanced,20,P2,82,0,-0.447,-1.84,0.402
variant_minus_baseline_mixed,slot,nofund,balanced,63,ALL,165,0,1.395,2.93,0.564
variant_minus_baseline_mixed,slot,nofund,balanced,63,P1,91,0,1.879,2.43,0.571
variant_minus_baseline_mixed,slot,nofund,balanced,63,P2,74,0,0.799,2.55,0.554
variant_minus_baseline_mixed,slot_legacy,nofund,balanced,63,ALL,165,0,1.363,2.9,0.57
variant_minus_baseline_mixed,slot_legacy,nofund,balanced,63,P1,91,0,1.841,2.41,0.571
variant_minus_baseline_mixed,slot_legacy,nofund,balanced,63,P2,74,0,0.775,2.57,0.568
variant_minus_baseline_mixed,slot_zero,nofund,balanced,63,ALL,165,0,1.36,2.9,0.57
variant_minus_baseline_mixed,slot_zero,nofund,balanced,63,P1,91,0,1.837,2.42,0.571
variant_minus_baseline_mixed,slot_zero,nofund,balanced,63,P2,74,0,0.772,2.57,0.568
variant_minus_baseline_mixed,slot_loss,nofund,balanced,63,ALL,165,0,0.419,0.86,0.412
variant_minus_baseline_mixed,slot_loss,nofund,balanced,63,P1,91,0,0.855,1.11,0.407
variant_minus_baseline_mixed,slot_loss,nofund,balanced,63,P2,74,0,-0.117,-0.26,0.419
variant_minus_baseline_stock,slot,nofund,balanced,5,ALL,176,0,0.0,,0.0
variant_minus_baseline_stock,slot,nofund,balanced,5,P1,91,0,0.0,,0.0
variant_minus_baseline_stock,slot,nofund,balanced,5,P2,85,0,0.0,,0.0
variant_minus_baseline_stock,slot_legacy,nofund,balanced,5,ALL,176,0,0.0,,0.0
variant_minus_baseline_stock,slot_legacy,nofund,balanced,5,P1,91,0,0.0,,0.0
variant_minus_baseline_stock,slot_legacy,nofund,balanced,5,P2,85,0,0.0,,0.0
variant_minus_baseline_stock,slot_zero,nofund,balanced,5,ALL,176,0,0.0,,0.0
variant_minus_baseline_stock,slot_zero,nofund,balanced,5,P1,91,0,0.0,,0.0
variant_minus_baseline_stock,slot_zero,nofund,balanced,5,P2,85,0,0.0,,0.0
variant_minus_baseline_stock,slot_loss,nofund,balanced,5,ALL,176,0,0.0,,0.0
variant_minus_baseline_stock,slot_loss,nofund,balanced,5,P1,91,0,0.0,,0.0
variant_minus_baseline_stock,slot_loss,nofund,balanced,5,P2,85,0,0.0,,0.0
variant_minus_baseline_stock,slot,nofund,balanced,20,ALL,173,0,0.0,,0.0
variant_minus_baseline_stock,slot,nofund,balanced,20,P1,91,0,0.0,,0.0
variant_minus_baseline_stock,slot,nofund,balanced,20,P2,82,0,0.0,,0.0
variant_minus_baseline_stock,slot_legacy,nofund,balanced,20,ALL,173,0,0.0,,0.0
variant_minus_baseline_stock,slot_legacy,nofund,balanced,20,P1,91,0,0.0,,0.0
variant_minus_baseline_stock,slot_legacy,nofund,balanced,20,P2,82,0,0.0,,0.0
variant_minus_baseline_stock,slot_zero,nofund,balanced,20,ALL,173,0,0.0,,0.0
variant_minus_baseline_stock,slot_zero,nofund,balanced,20,P1,91,0,0.0,,0.0
variant_minus_baseline_stock,slot_zero,nofund,balanced,20,P2,82,0,0.0,,0.0
variant_minus_baseline_stock,slot_loss,nofund,balanced,20,ALL,173,0,0.0,,0.0
variant_minus_baseline_stock,slot_loss,nofund,balanced,20,P1,91,0,0.0,,0.0
variant_minus_baseline_stock,slot_loss,nofund,balanced,20,P2,82,0,0.0,,0.0
variant_minus_baseline_stock,slot,nofund,balanced,63,ALL,165,0,0.0,,0.0
variant_minus_baseline_stock,slot,nofund,balanced,63,P1,91,0,0.0,,0.0
variant_minus_baseline_stock,slot,nofund,balanced,63,P2,74,0,0.0,,0.0
variant_minus_baseline_stock,slot_legacy,nofund,balanced,63,ALL,165,0,0.0,,0.0
variant_minus_baseline_stock,slot_legacy,nofund,balanced,63,P1,91,0,0.0,,0.0
variant_minus_baseline_stock,slot_legacy,nofund,balanced,63,P2,74,0,0.0,,0.0
variant_minus_baseline_stock,slot_zero,nofund,balanced,63,ALL,165,0,0.0,,0.0
variant_minus_baseline_stock,slot_zero,nofund,balanced,63,P1,91,0,0.0,,0.0
variant_minus_baseline_stock,slot_zero,nofund,balanced,63,P2,74,0,0.0,,0.0
variant_minus_baseline_stock,slot_loss,nofund,balanced,63,ALL,165,0,0.0,,0.0
variant_minus_baseline_stock,slot_loss,nofund,balanced,63,P1,91,0,0.0,,0.0
variant_minus_baseline_stock,slot_loss,nofund,balanced,63,P2,74,0,0.0,,0.0
level_mixed,slot,nofund,aggressive,5,ALL,176,0,-0.047,-0.22,0.528
level_mixed,slot,nofund,aggressive,5,P1,91,0,-0.043,-0.2,0.516
level_mixed,slot,nofund,aggressive,5,P2,85,0,-0.05,-0.14,0.541
level_mixed,slot_legacy,nofund,aggressive,5,ALL,176,0,-0.052,-0.25,0.528
level_mixed,slot_legacy,nofund,aggressive,5,P1,91,0,-0.047,-0.22,0.516
level_mixed,slot_legacy,nofund,aggressive,5,P2,85,0,-0.057,-0.16,0.541
level_mixed,slot_zero,nofund,aggressive,5,ALL,176,0,-0.051,-0.25,0.528
level_mixed,slot_zero,nofund,aggressive,5,P1,91,0,-0.047,-0.22,0.516
level_mixed,slot_zero,nofund,aggressive,5,P2,85,0,-0.056,-0.15,0.541
level_mixed,slot_loss,nofund,aggressive,5,ALL,176,0,-0.506,-2.26,0.466
level_mixed,slot_loss,nofund,aggressive,5,P1,91,0,-0.473,-2.01,0.429
level_mixed,slot_loss,nofund,aggressive,5,P2,85,0,-0.542,-1.39,0.506
level_mixed,slot,nofund,aggressive,20,ALL,173,0,-0.18,-0.33,0.439
level_mixed,slot,nofund,aggressive,20,P1,91,0,-0.001,-0.0,0.385
level_mixed,slot,nofund,aggressive,20,P2,82,0,-0.379,-0.4,0.5
level_mixed,slot_legacy,nofund,aggressive,20,ALL,173,0,-0.198,-0.37,0.439
level_mixed,slot_legacy,nofund,aggressive,20,P1,91,0,-0.023,-0.04,0.385
level_mixed,slot_legacy,nofund,aggressive,20,P2,82,0,-0.392,-0.42,0.5
level_mixed,slot_zero,nofund,aggressive,20,ALL,173,0,-0.181,-0.34,0.439
level_mixed,slot_zero,nofund,aggressive,20,P1,91,0,-0.003,-0.0,0.385
level_mixed,slot_zero,nofund,aggressive,20,P2,82,0,-0.379,-0.41,0.5
level_mixed,slot_loss,nofund,aggressive,20,ALL,173,0,-2.123,-3.26,0.295
level_mixed,slot_loss,nofund,aggressive,20,P1,91,0,-1.885,-2.56,0.275
level_mixed,slot_loss,nofund,aggressive,20,P2,82,0,-2.387,-2.16,0.317
level_mixed,slot,nofund,aggressive,63,ALL,165,0,0.638,0.42,0.509
level_mixed,slot,nofund,aggressive,63,P1,91,0,0.455,0.45,0.473
level_mixed,slot,nofund,aggressive,63,P2,74,0,0.864,0.28,0.554
level_mixed,slot_legacy,nofund,aggressive,63,ALL,165,0,0.701,0.47,0.515
level_mixed,slot_legacy,nofund,aggressive,63,P1,91,0,0.504,0.51,0.495
level_mixed,slot_legacy,nofund,aggressive,63,P2,74,0,0.943,0.31,0.541
level_mixed,slot_zero,nofund,aggressive,63,ALL,165,0,0.551,0.39,0.509
level_mixed,slot_zero,nofund,aggressive,63,P1,91,0,0.443,0.46,0.473
level_mixed,slot_zero,nofund,aggressive,63,P2,74,0,0.685,0.24,0.554
level_mixed,slot_loss,nofund,aggressive,63,ALL,165,0,-4.668,-2.99,0.303
level_mixed,slot_loss,nofund,aggressive,63,P1,91,0,-4.039,-2.54,0.275
level_mixed,slot_loss,nofund,aggressive,63,P2,74,0,-5.441,-1.89,0.338
level_stock,slot,nofund,aggressive,5,ALL,176,0,-0.038,-0.18,0.523
level_stock,slot,nofund,aggressive,5,P1,91,0,-0.027,-0.12,0.505
level_stock,slot,nofund,aggressive,5,P2,85,0,-0.05,-0.13,0.541
level_stock,slot_legacy,nofund,aggressive,5,ALL,176,0,-0.043,-0.2,0.523
level_stock,slot_legacy,nofund,aggressive,5,P1,91,0,-0.03,-0.14,0.505
level_stock,slot_legacy,nofund,aggressive,5,P2,85,0,-0.057,-0.15,0.541
level_stock,slot_zero,nofund,aggressive,5,ALL,176,0,-0.042,-0.2,0.523
level_stock,slot_zero,nofund,aggressive,5,P1,91,0,-0.03,-0.14,0.505
level_stock,slot_zero,nofund,aggressive,5,P2,85,0,-0.055,-0.15,0.541
level_stock,slot_loss,nofund,aggressive,5,ALL,176,0,-0.507,-2.24,0.46
level_stock,slot_loss,nofund,aggressive,5,P1,91,0,-0.456,-1.92,0.418
level_stock,slot_loss,nofund,aggressive,5,P2,85,0,-0.561,-1.42,0.506
level_stock,slot,nofund,aggressive,20,ALL,173,0,-0.165,-0.3,0.439
level_stock,slot,nofund,aggressive,20,P1,91,0,0.039,0.06,0.396
level_stock,slot,nofund,aggressive,20,P2,82,0,-0.392,-0.41,0.488
level_stock,slot_legacy,nofund,aggressive,20,ALL,173,0,-0.181,-0.33,0.439
level_stock,slot_legacy,nofund,aggressive,20,P1,91,0,0.016,0.03,0.396
level_stock,slot_legacy,nofund,aggressive,20,P2,82,0,-0.4,-0.43,0.488
level_stock,slot_zero,nofund,aggressive,20,ALL,173,0,-0.165,-0.3,0.439
level_stock,slot_zero,nofund,aggressive,20,P1,91,0,0.036,0.06,0.396
level_stock,slot_zero,nofund,aggressive,20,P2,82,0,-0.389,-0.41,0.488
level_stock,slot_loss,nofund,aggressive,20,ALL,173,0,-2.165,-3.23,0.301
level_stock,slot_loss,nofund,aggressive,20,P1,91,0,-1.865,-2.5,0.297
level_stock,slot_loss,nofund,aggressive,20,P2,82,0,-2.497,-2.18,0.305
level_stock,slot,nofund,aggressive,63,ALL,165,0,0.736,0.48,0.509
level_stock,slot,nofund,aggressive,63,P1,91,0,0.586,0.56,0.484
level_stock,slot,nofund,aggressive,63,P2,74,0,0.921,0.29,0.541
level_stock,slot_legacy,nofund,aggressive,63,ALL,165,0,0.806,0.53,0.509
level_stock,slot_legacy,nofund,aggressive,63,P1,91,0,0.627,0.61,0.495
level_stock,slot_legacy,nofund,aggressive,63,P2,74,0,1.026,0.33,0.527
level_stock,slot_zero,nofund,aggressive,63,ALL,165,0,0.647,0.45,0.509
level_stock,slot_zero,nofund,aggressive,63,P1,91,0,0.568,0.57,0.484
level_stock,slot_zero,nofund,aggressive,63,P2,74,0,0.745,0.25,0.541
level_stock,slot_loss,nofund,aggressive,63,ALL,165,0,-4.688,-2.92,0.291
level_stock,slot_loss,nofund,aggressive,63,P1,91,0,-3.991,-2.46,0.264
level_stock,slot_loss,nofund,aggressive,63,P2,74,0,-5.546,-1.86,0.324
stock_minus_mixed,slot,nofund,aggressive,5,ALL,176,0,0.009,0.89,0.21
stock_minus_mixed,slot,nofund,aggressive,5,P1,91,0,0.017,1.24,0.22
stock_minus_mixed,slot,nofund,aggressive,5,P2,85,0,0.0,0.01,0.2
stock_minus_mixed,slot_legacy,nofund,aggressive,5,ALL,176,0,0.009,0.92,0.21
stock_minus_mixed,slot_legacy,nofund,aggressive,5,P1,91,0,0.017,1.24,0.22
stock_minus_mixed,slot_legacy,nofund,aggressive,5,P2,85,0,0.001,0.04,0.2
stock_minus_mixed,slot_zero,nofund,aggressive,5,ALL,176,0,0.009,0.93,0.21
stock_minus_mixed,slot_zero,nofund,aggressive,5,P1,91,0,0.017,1.24,0.22
stock_minus_mixed,slot_zero,nofund,aggressive,5,P2,85,0,0.001,0.05,0.2
stock_minus_mixed,slot_loss,nofund,aggressive,5,ALL,176,0,-0.001,-0.04,0.21
stock_minus_mixed,slot_loss,nofund,aggressive,5,P1,91,0,0.017,1.24,0.22
stock_minus_mixed,slot_loss,nofund,aggressive,5,P2,85,0,-0.019,-0.75,0.2
stock_minus_mixed,slot,nofund,aggressive,20,ALL,173,0,0.015,0.66,0.214
stock_minus_mixed,slot,nofund,aggressive,20,P1,91,0,0.04,1.58,0.242
stock_minus_mixed,slot,nofund,aggressive,20,P2,82,0,-0.014,-0.37,0.183
stock_minus_mixed,slot_legacy,nofund,aggressive,20,ALL,173,0,0.016,0.77,0.202
stock_minus_mixed,slot_legacy,nofund,aggressive,20,P1,91,0,0.039,1.53,0.231
stock_minus_mixed,slot_legacy,nofund,aggressive,20,P2,82,0,-0.008,-0.24,0.171
stock_minus_mixed,slot_zero,nofund,aggressive,20,ALL,173,0,0.016,0.72,0.208
stock_minus_mixed,slot_zero,nofund,aggressive,20,P1,91,0,0.039,1.54,0.231
stock_minus_mixed,slot_zero,nofund,aggressive,20,P2,82,0,-0.01,-0.28,0.183
stock_minus_mixed,slot_loss,nofund,aggressive,20,ALL,173,0,-0.042,-0.99,0.197
stock_minus_mixed,slot_loss,nofund,aggressive,20,P1,91,0,0.02,0.56,0.231
stock_minus_mixed,slot_loss,nofund,aggressive,20,P2,82,0,-0.11,-1.41,0.159
stock_minus_mixed,slot,nofund,aggressive,63,ALL,165,0,0.098,1.96,0.218
stock_minus_mixed,slot,nofund,aggressive,63,P1,91,0,0.131,2.31,0.264
stock_minus_mixed,slot,nofund,aggressive,63,P2,74,0,0.057,0.67,0.162
stock_minus_mixed,slot_legacy,nofund,aggressive,63,ALL,165,0,0.105,2.25,0.212
stock_minus_mixed,slot_legacy,nofund,aggressive,63,P1,91,0,0.123,2.22,0.264
stock_minus_mixed,slot_legacy,nofund,aggressive,63,P2,74,0,0.083,1.06,0.149
stock_minus_mixed,slot_zero,nofund,aggressive,63,ALL,165,0,0.096,2.1,0.212
stock_minus_mixed,slot_zero,nofund,aggressive,63,P1,91,0,0.125,2.25,0.264
stock_minus_mixed,slot_zero,nofund,aggressive,63,P2,74,0,0.06,0.82,0.149
stock_minus_mixed,slot_loss,nofund,aggressive,63,ALL,165,0,-0.02,-0.27,0.188
stock_minus_mixed,slot_loss,nofund,aggressive,63,P1,91,0,0.048,0.69,0.231
stock_minus_mixed,slot_loss,nofund,aggressive,63,P2,74,0,-0.105,-0.75,0.135
variant_minus_baseline_mixed,slot,nofund,aggressive,5,ALL,176,0,0.05,0.83,0.534
variant_minus_baseline_mixed,slot,nofund,aggressive,5,P1,91,0,0.084,0.88,0.56
variant_minus_baseline_mixed,slot,nofund,aggressive,5,P2,85,0,0.013,0.18,0.506
variant_minus_baseline_mixed,slot_legacy,nofund,aggressive,5,ALL,176,0,0.046,0.78,0.534
variant_minus_baseline_mixed,slot_legacy,nofund,aggressive,5,P1,91,0,0.083,0.87,0.56
variant_minus_baseline_mixed,slot_legacy,nofund,aggressive,5,P2,85,0,0.007,0.11,0.506
variant_minus_baseline_mixed,slot_zero,nofund,aggressive,5,ALL,176,0,0.048,0.8,0.534
variant_minus_baseline_mixed,slot_zero,nofund,aggressive,5,P1,91,0,0.083,0.87,0.56
variant_minus_baseline_mixed,slot_zero,nofund,aggressive,5,P2,85,0,0.01,0.14,0.506
variant_minus_baseline_mixed,slot_loss,nofund,aggressive,5,ALL,176,0,0.0,0.01,0.523
variant_minus_baseline_mixed,slot_loss,nofund,aggressive,5,P1,91,0,0.046,0.47,0.538
variant_minus_baseline_mixed,slot_loss,nofund,aggressive,5,P2,85,0,-0.048,-0.54,0.506
variant_minus_baseline_mixed,slot,nofund,aggressive,20,ALL,173,0,0.292,2.15,0.543
variant_minus_baseline_mixed,slot,nofund,aggressive,20,P1,91,0,0.494,2.46,0.538
variant_minus_baseline_mixed,slot,nofund,aggressive,20,P2,82,0,0.067,0.41,0.549
variant_minus_baseline_mixed,slot_legacy,nofund,aggressive,20,ALL,173,0,0.291,2.25,0.549
variant_minus_baseline_mixed,slot_legacy,nofund,aggressive,20,P1,91,0,0.481,2.47,0.538
variant_minus_baseline_mixed,slot_legacy,nofund,aggressive,20,P2,82,0,0.081,0.53,0.561
variant_minus_baseline_mixed,slot_zero,nofund,aggressive,20,ALL,173,0,0.292,2.23,0.543
variant_minus_baseline_mixed,slot_zero,nofund,aggressive,20,P1,91,0,0.487,2.46,0.538
variant_minus_baseline_mixed,slot_zero,nofund,aggressive,20,P2,82,0,0.076,0.49,0.549
variant_minus_baseline_mixed,slot_loss,nofund,aggressive,20,ALL,173,0,0.017,0.11,0.514
variant_minus_baseline_mixed,slot_loss,nofund,aggressive,20,P1,91,0,0.205,1.03,0.495
variant_minus_baseline_mixed,slot_loss,nofund,aggressive,20,P2,82,0,-0.192,-0.89,0.537
variant_minus_baseline_mixed,slot,nofund,aggressive,63,ALL,165,0,1.488,3.14,0.618
variant_minus_baseline_mixed,slot,nofund,aggressive,63,P1,91,0,1.817,2.36,0.615
variant_minus_baseline_mixed,slot,nofund,aggressive,63,P2,74,0,1.085,2.88,0.622
variant_minus_baseline_mixed,slot_legacy,nofund,aggressive,63,ALL,165,0,1.456,3.12,0.636
variant_minus_baseline_mixed,slot_legacy,nofund,aggressive,63,P1,91,0,1.791,2.35,0.626
variant_minus_baseline_mixed,slot_legacy,nofund,aggressive,63,P2,74,0,1.043,2.99,0.649
variant_minus_baseline_mixed,slot_zero,nofund,aggressive,63,ALL,165,0,1.45,3.11,0.642
variant_minus_baseline_mixed,slot_zero,nofund,aggressive,63,P1,91,0,1.783,2.34,0.637
variant_minus_baseline_mixed,slot_zero,nofund,aggressive,63,P2,74,0,1.04,3.0,0.649
variant_minus_baseline_mixed,slot_loss,nofund,aggressive,63,ALL,165,0,0.57,1.16,0.527
variant_minus_baseline_mixed,slot_loss,nofund,aggressive,63,P1,91,0,0.975,1.26,0.516
variant_minus_baseline_mixed,slot_loss,nofund,aggressive,63,P2,74,0,0.073,0.16,0.541
variant_minus_baseline_stock,slot,nofund,aggressive,5,ALL,176,0,0.0,,0.0
variant_minus_baseline_stock,slot,nofund,aggressive,5,P1,91,0,0.0,,0.0
variant_minus_baseline_stock,slot,nofund,aggressive,5,P2,85,0,0.0,,0.0
variant_minus_baseline_stock,slot_legacy,nofund,aggressive,5,ALL,176,0,0.0,,0.0
variant_minus_baseline_stock,slot_legacy,nofund,aggressive,5,P1,91,0,0.0,,0.0
variant_minus_baseline_stock,slot_legacy,nofund,aggressive,5,P2,85,0,0.0,,0.0
variant_minus_baseline_stock,slot_zero,nofund,aggressive,5,ALL,176,0,0.0,,0.0
variant_minus_baseline_stock,slot_zero,nofund,aggressive,5,P1,91,0,0.0,,0.0
variant_minus_baseline_stock,slot_zero,nofund,aggressive,5,P2,85,0,0.0,,0.0
variant_minus_baseline_stock,slot_loss,nofund,aggressive,5,ALL,176,0,0.0,,0.0
variant_minus_baseline_stock,slot_loss,nofund,aggressive,5,P1,91,0,0.0,,0.0
variant_minus_baseline_stock,slot_loss,nofund,aggressive,5,P2,85,0,0.0,,0.0
variant_minus_baseline_stock,slot,nofund,aggressive,20,ALL,173,0,0.0,,0.0
variant_minus_baseline_stock,slot,nofund,aggressive,20,P1,91,0,0.0,,0.0
variant_minus_baseline_stock,slot,nofund,aggressive,20,P2,82,0,0.0,,0.0
variant_minus_baseline_stock,slot_legacy,nofund,aggressive,20,ALL,173,0,0.0,,0.0
variant_minus_baseline_stock,slot_legacy,nofund,aggressive,20,P1,91,0,0.0,,0.0
variant_minus_baseline_stock,slot_legacy,nofund,aggressive,20,P2,82,0,0.0,,0.0
variant_minus_baseline_stock,slot_zero,nofund,aggressive,20,ALL,173,0,0.0,,0.0
variant_minus_baseline_stock,slot_zero,nofund,aggressive,20,P1,91,0,0.0,,0.0
variant_minus_baseline_stock,slot_zero,nofund,aggressive,20,P2,82,0,0.0,,0.0
variant_minus_baseline_stock,slot_loss,nofund,aggressive,20,ALL,173,0,0.0,,0.0
variant_minus_baseline_stock,slot_loss,nofund,aggressive,20,P1,91,0,0.0,,0.0
variant_minus_baseline_stock,slot_loss,nofund,aggressive,20,P2,82,0,0.0,,0.0
variant_minus_baseline_stock,slot,nofund,aggressive,63,ALL,165,0,0.0,,0.0
variant_minus_baseline_stock,slot,nofund,aggressive,63,P1,91,0,0.0,,0.0
variant_minus_baseline_stock,slot,nofund,aggressive,63,P2,74,0,0.0,,0.0
variant_minus_baseline_stock,slot_legacy,nofund,aggressive,63,ALL,165,0,0.0,,0.0
variant_minus_baseline_stock,slot_legacy,nofund,aggressive,63,P1,91,0,0.0,,0.0
variant_minus_baseline_stock,slot_legacy,nofund,aggressive,63,P2,74,0,0.0,,0.0
variant_minus_baseline_stock,slot_zero,nofund,aggressive,63,ALL,165,0,0.0,,0.0
variant_minus_baseline_stock,slot_zero,nofund,aggressive,63,P1,91,0,0.0,,0.0
variant_minus_baseline_stock,slot_zero,nofund,aggressive,63,P2,74,0,0.0,,0.0
variant_minus_baseline_stock,slot_loss,nofund,aggressive,63,ALL,165,0,0.0,,0.0
variant_minus_baseline_stock,slot_loss,nofund,aggressive,63,P1,91,0,0.0,,0.0
variant_minus_baseline_stock,slot_loss,nofund,aggressive,63,P2,74,0,0.0,,0.0
