variant,profile,view,list_type,top,holding,period,days,days_observable,mean_slot_pct,t_slot,tail_5pct_mean_pct,worst_day_pct,mean_slot_legacy_pct,mean_slot_zero_pct,mean_slot_loss_pct,mean_unfilled_pct,hit_rate,median_listed,selected_names,observable_names,observable_share,empty_slots,n_ok,n_ok_bridged,n_ok_late_exit,n_renamed,n_censored_temporary,n_censored_terminal,n_censored_unknown,n_censored_unverified,n_no_entry_bar,n_identity_uncertain,days_short,turnover
d12m1,aggressive,long,mixed,10,5,ALL,148,148,0.147,0.45,-9.816,-17.472,0.133,0.144,-0.326,0.147,0.476,10.0,1480,1470,0.9932,0,1469,0,0,1,0,7,0,0,3,0,0,0.614
d12m1,aggressive,long,mixed,10,5,P1,63,63,-0.113,-0.33,-5.22,-6.999,-0.115,-0.114,-0.433,-0.113,0.444,10,630,628,0.9968,0,628,0,0,0,0,2,0,0,0,0,0,0.6
d12m1,aggressive,long,mixed,10,5,P2,85,85,0.34,0.66,-11.377,-17.472,0.316,0.336,-0.247,0.34,0.5,10,850,842,0.9906,0,841,0,0,1,0,5,0,0,3,0,0,0.624
d12m1,aggressive,long,mixed,10,5,2023,12,12,-0.495,-0.82,-4.637,-4.637,-0.495,-0.495,-0.495,-0.495,0.433,10.0,120,120,1.0,0,120,0,0,0,0,0,0,0,0,0,0,0.591
d12m1,aggressive,long,mixed,10,5,2024,51,51,-0.023,-0.06,-5.414,-6.999,-0.025,-0.024,-0.418,-0.023,0.447,10,510,508,0.9961,0,508,0,0,0,0,2,0,0,0,0,0,0.604
d12m1,aggressive,long,mixed,10,5,2025,50,50,0.525,1.09,-6.394,-7.893,0.51,0.532,-0.263,0.525,0.5,10.0,500,495,0.99,0,495,0,0,0,0,4,0,0,1,0,0,0.614
d12m1,aggressive,long,mixed,10,5,2026,35,35,0.076,0.07,-14.744,-17.472,0.039,0.054,-0.224,0.076,0.5,10,350,347,0.9914,0,346,0,0,1,0,1,0,0,2,0,0,0.641
d12m1,aggressive,long,mixed,10,20,ALL,145,145,0.739,0.95,-13.749,-20.106,0.705,0.707,-1.24,0.739,0.455,10,1450,1419,0.9786,0,1415,0,0,4,0,25,3,0,3,0,0,0.613
d12m1,aggressive,long,mixed,10,20,P1,63,63,0.4,0.41,-8.588,-9.389,0.36,0.378,-0.444,0.4,0.456,10,630,625,0.9921,0,625,0,0,0,0,5,0,0,0,0,0,0.6
d12m1,aggressive,long,mixed,10,20,P2,82,82,1.0,0.87,-16.031,-20.106,0.969,0.96,-1.852,1.0,0.454,10.0,820,794,0.9683,0,790,0,0,4,0,20,3,0,3,0,0,0.622
d12m1,aggressive,long,mixed,10,20,2023,12,12,-1.514,-3.11,-4.918,-4.918,-1.514,-1.514,-1.514,-1.514,0.392,10.0,120,120,1.0,0,120,0,0,0,0,0,0,0,0,0,0,0.591
d12m1,aggressive,long,mixed,10,20,2024,51,51,0.85,0.72,-8.732,-9.389,0.801,0.823,-0.192,0.85,0.471,10,510,505,0.9902,0,505,0,0,0,0,5,0,0,0,0,0,0.604
d12m1,aggressive,long,mixed,10,20,2025,50,50,1.031,0.84,-12.451,-13.765,1.115,1.047,-1.744,1.031,0.441,10.0,500,485,0.97,0,485,0,0,0,0,14,0,0,1,0,0,0.614
d12m1,aggressive,long,mixed,10,20,2026,32,32,0.951,0.43,-19.561,-20.106,0.742,0.825,-2.022,0.951,0.475,10.0,320,309,0.9656,0,305,0,0,4,0,6,3,0,2,0,0,0.639
d12m1,aggressive,long,mixed,10,63,ALL,137,137,1.344,0.78,-21.802,-27.745,1.5,1.014,-4.434,1.344,0.427,10,1370,1297,0.9467,0,1287,0,0,10,0,70,0,0,3,0,0,0.605
d12m1,aggressive,long,mixed,10,63,P1,63,63,0.903,0.75,-11.808,-13.418,1.055,0.75,-2.486,0.903,0.414,10,630,611,0.9698,0,611,0,0,0,0,19,0,0,0,0,0,0.6
d12m1,aggressive,long,mixed,10,63,P2,74,74,1.72,0.57,-24.941,-27.745,1.88,1.239,-6.092,1.72,0.438,10.0,740,686,0.927,0,676,0,0,10,0,51,0,0,3,0,0,0.61
d12m1,aggressive,long,mixed,10,63,2023,12,12,6.576,3.09,-3.373,-3.373,5.831,6.106,1.502,6.576,0.51,10.0,120,115,0.9583,0,115,0,0,0,0,5,0,0,0,0,0,0.591
d12m1,aggressive,long,mixed,10,63,2024,51,51,-0.432,-0.57,-12.276,-13.418,-0.069,-0.51,-3.425,-0.432,0.391,10,510,496,0.9725,0,496,0,0,0,0,14,0,0,0,0,0,0.604
d12m1,aggressive,long,mixed,10,63,2025,50,50,2.313,0.75,-17.056,-19.865,2.95,1.954,-5.631,2.313,0.462,10.0,500,463,0.926,0,459,0,0,4,0,36,0,0,1,0,0,0.614
d12m1,aggressive,long,mixed,10,63,2026,24,24,0.484,0.07,-27.296,-27.745,-0.35,-0.25,-7.052,0.484,0.387,10.0,240,223,0.9292,0,217,0,0,6,0,15,0,0,2,0,0,0.604
d12m1,aggressive,long,mixed,20,5,ALL,148,148,0.056,0.22,-7.922,-14.059,0.044,0.049,-0.356,0.056,0.476,20.0,2960,2943,0.9943,0,2942,0,0,1,0,11,1,0,5,0,0,0.558
d12m1,aggressive,long,mixed,20,5,P1,63,63,-0.2,-0.68,-5.293,-6.812,-0.206,-0.206,-0.523,-0.2,0.446,20,1260,1255,0.996,0,1255,0,0,0,0,4,0,0,1,0,0,0.548
d12m1,aggressive,long,mixed,20,5,P2,85,85,0.246,0.62,-8.888,-14.059,0.23,0.238,-0.233,0.246,0.499,20,1700,1688,0.9929,0,1687,0,0,1,0,7,1,0,4,0,0,0.565
d12m1,aggressive,long,mixed,20,5,2023,12,12,-0.472,-0.97,-4.169,-4.169,-0.472,-0.472,-0.472,-0.472,0.442,20.0,240,240,1.0,0,240,0,0,0,0,0,0,0,0,0,0,0.559
d12m1,aggressive,long,mixed,20,5,2024,51,51,-0.136,-0.39,-5.667,-6.812,-0.143,-0.143,-0.535,-0.136,0.447,20,1020,1015,0.9951,0,1015,0,0,0,0,4,0,0,1,0,0,0.544
d12m1,aggressive,long,mixed,20,5,2025,50,50,0.277,0.79,-4.58,-7.412,0.272,0.28,-0.117,0.277,0.486,20.0,1000,994,0.994,0,994,0,0,0,0,4,0,0,2,0,0,0.564
d12m1,aggressive,long,mixed,20,5,2026,35,35,0.203,0.25,-11.89,-14.059,0.17,0.177,-0.399,0.203,0.517,20,700,694,0.9914,0,693,0,0,1,0,3,1,0,2,0,0,0.568
d12m1,aggressive,long,mixed,20,20,ALL,145,145,0.461,0.66,-11.447,-19.748,0.393,0.416,-1.619,0.461,0.457,20,2900,2837,0.9783,0,2833,0,0,4,0,55,3,0,5,0,0,0.557
d12m1,aggressive,long,mixed,20,20,P1,63,63,0.231,0.28,-7.032,-7.225,0.132,0.193,-1.541,0.231,0.448,20,1260,1238,0.9825,0,1238,0,0,0,0,21,0,0,1,0,0,0.548
d12m1,aggressive,long,mixed,20,20,P2,82,82,0.638,0.6,-13.606,-19.748,0.593,0.587,-1.679,0.638,0.464,20.0,1640,1599,0.975,0,1595,0,0,4,0,34,3,0,4,0,0,0.562
d12m1,aggressive,long,mixed,20,20,2023,12,12,-1.192,-1.86,-4.501,-4.501,-1.272,-1.177,-2.988,-1.192,0.415,20.0,240,236,0.9833,0,236,0,0,0,0,4,0,0,0,0,0,0.559
d12m1,aggressive,long,mixed,20,20,2024,51,51,0.565,0.57,-7.057,-7.225,0.463,0.515,-1.201,0.565,0.456,20,1020,1002,0.9824,0,1002,0,0,0,0,17,0,0,1,0,0,0.544
d12m1,aggressive,long,mixed,20,20,2025,50,50,0.725,0.62,-9.573,-11.114,0.708,0.683,-1.318,0.725,0.452,20.0,1000,978,0.978,0,978,0,0,0,0,20,0,0,2,0,0,0.564
d12m1,aggressive,long,mixed,20,20,2026,32,32,0.502,0.25,-18.563,-19.748,0.415,0.437,-2.243,0.502,0.483,20.0,640,621,0.9703,0,617,0,0,4,0,14,3,0,2,0,0,0.561
d12m1,aggressive,long,mixed,20,63,ALL,137,137,1.729,1.0,-21.35,-28.68,1.761,1.475,-3.657,1.729,0.442,20,2740,2603,0.95,0,2591,0,0,12,0,131,1,0,5,0,0,0.551
d12m1,aggressive,long,mixed,20,63,P1,63,63,1.333,1.34,-8.971,-11.349,1.302,1.217,-2.537,1.333,0.436,20,1260,1215,0.9643,0,1215,0,0,0,0,44,0,0,1,0,0,0.548
d12m1,aggressive,long,mixed,20,63,P2,74,74,2.066,0.68,-24.752,-28.68,2.152,1.695,-4.61,2.066,0.448,20.0,1480,1388,0.9378,0,1376,0,0,12,0,87,1,0,4,0,0,0.553
d12m1,aggressive,long,mixed,20,63,2023,12,12,3.756,2.51,-1.186,-1.186,3.267,3.591,-2.057,3.756,0.494,20.0,240,228,0.95,0,228,0,0,0,0,12,0,0,0,0,0,0.559
d12m1,aggressive,long,mixed,20,63,2024,51,51,0.763,0.85,-9.477,-11.349,0.84,0.659,-2.65,0.763,0.422,20,1020,987,0.9676,0,987,0,0,0,0,32,0,0,1,0,0,0.544
d12m1,aggressive,long,mixed,20,63,2025,50,50,3.351,1.04,-16.766,-20.046,3.664,3.016,-3.169,3.351,0.478,20.0,1000,939,0.939,0,933,0,0,6,0,59,0,0,2,0,0,0.564
d12m1,aggressive,long,mixed,20,63,2026,24,24,-0.613,-0.09,-27.129,-28.68,-1.0,-1.056,-7.612,-0.613,0.386,20.0,480,449,0.9354,0,443,0,0,6,0,28,1,0,2,0,0,0.533
d12m1,aggressive,long,stock,10,5,ALL,148,148,0.213,0.62,-9.557,-17.472,0.187,0.199,-0.408,0.213,0.488,10.0,1480,1468,0.9919,0,1467,0,0,1,0,8,1,0,3,0,0,0.584
d12m1,aggressive,long,stock,10,5,P1,63,63,-0.058,-0.16,-5.533,-6.999,-0.059,-0.059,-0.377,-0.058,0.473,10,630,628,0.9968,0,628,0,0,0,0,2,0,0,0,0,0,0.56
d12m1,aggressive,long,stock,10,5,P2,85,85,0.414,0.78,-11.048,-17.472,0.369,0.389,-0.431,0.414,0.5,10,850,840,0.9882,0,839,0,0,1,0,6,1,0,3,0,0,0.601
d12m1,aggressive,long,stock,10,5,2023,12,12,-0.538,-0.76,-4.637,-4.637,-0.538,-0.538,-0.538,-0.538,0.45,10.0,120,120,1.0,0,120,0,0,0,0,0,0,0,0,0,0,0.573
d12m1,aggressive,long,stock,10,5,2024,51,51,0.055,0.13,-5.832,-6.999,0.053,0.054,-0.339,0.055,0.478,10,510,508,0.9961,0,508,0,0,0,0,2,0,0,0,0,0,0.558
d12m1,aggressive,long,stock,10,5,2025,50,50,0.431,0.86,-6.84,-7.893,0.402,0.424,-0.372,0.431,0.495,10.0,500,495,0.99,0,495,0,0,0,0,4,0,0,1,0,0,0.59
d12m1,aggressive,long,stock,10,5,2026,35,35,0.389,0.36,-14.247,-17.472,0.321,0.34,-0.516,0.389,0.507,10,350,345,0.9857,0,344,0,0,1,0,2,1,0,2,0,0,0.621
d12m1,aggressive,long,stock,10,20,ALL,145,145,0.978,1.25,-14.009,-20.106,0.936,0.94,-1.151,0.978,0.489,10,1450,1417,0.9772,0,1413,0,0,4,0,27,3,0,3,0,0,0.583
d12m1,aggressive,long,stock,10,20,P1,63,63,0.832,0.85,-8.802,-10.245,0.777,0.797,-0.188,0.832,0.521,10,630,624,0.9905,0,624,0,0,0,0,6,0,0,0,0,0,0.56
d12m1,aggressive,long,stock,10,20,P2,82,82,1.09,0.94,-15.831,-20.106,1.058,1.05,-1.891,1.09,0.464,10.0,820,793,0.9671,0,789,0,0,4,0,21,3,0,3,0,0,0.601
d12m1,aggressive,long,stock,10,20,2023,12,12,-1.049,-1.68,-4.918,-4.918,-1.049,-1.049,-1.049,-1.049,0.408,10.0,120,120,1.0,0,120,0,0,0,0,0,0,0,0,0,0,0.573
d12m1,aggressive,long,stock,10,20,2024,51,51,1.275,1.09,-9.017,-10.245,1.206,1.231,0.015,1.275,0.547,10,510,504,0.9882,0,504,0,0,0,0,6,0,0,0,0,0,0.558
d12m1,aggressive,long,stock,10,20,2025,50,50,0.857,0.67,-12.518,-13.765,0.956,0.887,-1.904,0.857,0.451,10.0,500,485,0.97,0,485,0,0,0,0,14,0,0,1,0,0,0.59
d12m1,aggressive,long,stock,10,20,2026,32,32,1.455,0.66,-19.786,-20.106,1.217,1.304,-1.872,1.455,0.485,10.0,320,308,0.9625,0,304,0,0,4,0,7,3,0,2,0,0,0.623
d12m1,aggressive,long,stock,10,63,ALL,137,137,2.207,1.22,-22.975,-29.056,2.301,1.832,-4.086,2.207,0.463,10,1370,1291,0.9423,0,1281,0,0,10,0,76,0,0,3,0,0,0.579
d12m1,aggressive,long,stock,10,63,P1,63,63,2.131,1.72,-10.872,-13.418,2.254,1.959,-1.615,2.131,0.482,10,630,609,0.9667,0,609,0,0,0,0,21,0,0,0,0,0,0.56
d12m1,aggressive,long,stock,10,63,P2,74,74,2.271,0.72,-26.39,-29.056,2.342,1.723,-6.19,2.271,0.447,10.0,740,682,0.9216,0,672,0,0,10,0,55,0,0,3,0,0,0.595
d12m1,aggressive,long,stock,10,63,2023,12,12,7.947,3.63,-2.266,-2.266,7.154,7.429,2.825,7.947,0.533,10.0,120,115,0.9583,0,115,0,0,0,0,5,0,0,0,0,0,0.573
d12m1,aggressive,long,stock,10,63,2024,51,51,0.763,0.86,-11.232,-13.418,1.101,0.672,-2.659,0.763,0.47,10,510,494,0.9686,0,494,0,0,0,0,16,0,0,0,0,0,0.558
d12m1,aggressive,long,stock,10,63,2025,50,50,3.017,0.95,-17.848,-19.906,3.542,2.574,-5.667,3.017,0.472,10.0,500,460,0.92,0,456,0,0,4,0,39,0,0,1,0,0,0.59
d12m1,aggressive,long,stock,10,63,2026,24,24,0.717,0.1,-28.4,-29.056,-0.158,-0.05,-7.28,0.717,0.394,10.0,240,222,0.925,0,216,0,0,6,0,16,0,0,2,0,0,0.609
d12m1,aggressive,long,stock,20,5,ALL,148,148,0.08,0.3,-7.941,-14.059,0.066,0.072,-0.401,0.078,0.485,20.0,2951,2932,0.9936,9,2931,0,0,1,0,13,1,0,5,0,1,0.542
d12m1,aggressive,long,stock,20,5,P1,63,63,-0.047,-0.15,-5.476,-6.916,-0.054,-0.052,-0.45,-0.047,0.476,20,1260,1254,0.9952,0,1254,0,0,0,0,5,0,0,1,0,0,0.528
d12m1,aggressive,long,stock,20,5,P2,85,85,0.174,0.44,-8.897,-14.059,0.155,0.163,-0.365,0.171,0.491,20,1691,1678,0.9923,9,1677,0,0,1,0,8,1,0,4,0,1,0.552
d12m1,aggressive,long,stock,20,5,2023,12,12,-0.415,-0.76,-4.799,-4.799,-0.422,-0.414,-0.84,-0.415,0.46,20.0,240,239,0.9958,0,239,0,0,0,0,1,0,0,0,0,0,0.527
d12m1,aggressive,long,stock,20,5,2024,51,51,0.04,0.11,-5.702,-6.916,0.033,0.034,-0.358,0.04,0.48,20,1020,1015,0.9951,0,1015,0,0,0,0,4,0,0,1,0,0,0.528
d12m1,aggressive,long,stock,20,5,2025,50,50,0.165,0.46,-5.135,-7.811,0.156,0.165,-0.331,0.159,0.483,20.0,991,984,0.9929,9,984,0,0,0,0,5,0,0,2,0,1,0.552
d12m1,aggressive,long,stock,20,5,2026,35,35,0.187,0.23,-11.436,-14.059,0.153,0.161,-0.414,0.187,0.502,20,700,694,0.9914,0,693,0,0,1,0,3,1,0,2,0,0,0.551
d12m1,aggressive,long,stock,20,20,ALL,145,145,0.58,0.81,-12.293,-20.519,0.513,0.54,-1.603,0.564,0.476,20,2891,2825,0.9772,9,2821,0,0,4,0,58,3,0,5,0,1,0.542
d12m1,aggressive,long,stock,20,20,P1,63,63,0.833,0.95,-7.075,-7.265,0.726,0.789,-1.027,0.833,0.502,20,1260,1237,0.9817,0,1237,0,0,0,0,22,0,0,1,0,0,0.528
d12m1,aggressive,long,stock,20,20,P2,82,82,0.386,0.36,-13.938,-20.519,0.35,0.349,-2.046,0.357,0.456,20.0,1631,1588,0.9736,9,1584,0,0,4,0,36,3,0,4,0,1,0.552
d12m1,aggressive,long,stock,20,20,2023,12,12,-1.135,-1.37,-6.321,-6.321,-1.222,-1.118,-3.359,-1.135,0.408,20.0,240,235,0.9792,0,235,0,0,0,0,5,0,0,0,0,0,0.527
d12m1,aggressive,long,stock,20,20,2024,51,51,1.296,1.25,-7.114,-7.265,1.185,1.238,-0.478,1.296,0.524,20,1020,1002,0.9824,0,1002,0,0,0,0,17,0,0,1,0,0,0.528
d12m1,aggressive,long,stock,20,20,2025,50,50,0.427,0.36,-10.269,-11.114,0.42,0.404,-1.808,0.378,0.454,20.0,991,967,0.9758,9,967,0,0,0,0,22,0,0,2,0,1,0.552
d12m1,aggressive,long,stock,20,20,2026,32,32,0.324,0.16,-18.615,-20.519,0.239,0.263,-2.416,0.324,0.461,20.0,640,621,0.9703,0,617,0,0,4,0,14,3,0,2,0,0,0.553
d12m1,aggressive,long,stock,20,63,ALL,137,137,2.541,1.42,-21.327,-30.46,2.518,2.252,-3.388,2.461,0.471,20,2731,2581,0.9451,9,2569,0,0,12,0,143,2,0,5,0,1,0.539
d12m1,aggressive,long,stock,20,63,P1,63,63,3.169,2.6,-6.506,-7.453,3.055,2.985,-1.193,3.169,0.505,20,1260,1210,0.9603,0,1210,0,0,0,0,49,0,0,1,0,0,0.528
d12m1,aggressive,long,stock,20,63,P2,74,74,2.007,0.64,-24.938,-30.46,2.06,1.628,-5.257,1.86,0.443,20.0,1471,1371,0.932,9,1359,0,0,12,0,94,2,0,4,0,1,0.548
d12m1,aggressive,long,stock,20,63,2023,12,12,5.748,2.37,-1.186,-1.186,5.133,5.483,-1.087,5.748,0.519,20.0,240,226,0.9417,0,226,0,0,0,0,14,0,0,0,0,0,0.527
d12m1,aggressive,long,stock,20,63,2024,51,51,2.562,2.35,-6.882,-7.453,2.566,2.397,-1.218,2.562,0.502,20,1020,984,0.9647,0,984,0,0,0,0,35,0,0,1,0,0,0.528
d12m1,aggressive,long,stock,20,63,2025,50,50,3.264,0.99,-14.234,-18.163,3.53,2.9,-4.04,3.046,0.471,20.0,991,923,0.9314,9,917,0,0,6,0,66,0,0,2,0,1,0.552
d12m1,aggressive,long,stock,20,63,2026,24,24,-0.611,-0.09,-28.018,-30.46,-1.001,-1.023,-7.792,-0.611,0.385,20.0,480,448,0.9333,0,442,0,0,6,0,28,2,0,2,0,0,0.539
d12m1,aggressive,mid,mixed,10,5,ALL,148,148,0.28,0.87,-8.837,-13.694,0.27,0.275,-0.195,0.28,0.469,10.0,1480,1469,0.9926,0,1469,0,0,0,0,7,0,0,4,0,0,0.629
d12m1,aggressive,mid,mixed,10,5,P1,63,63,0.034,0.11,-4.977,-6.999,0.031,0.033,-0.286,0.034,0.439,10,630,627,0.9952,0,627,0,0,0,0,2,0,0,1,0,0,0.627
d12m1,aggressive,mid,mixed,10,5,P2,85,85,0.461,0.92,-10.181,-13.694,0.448,0.454,-0.128,0.461,0.49,10,850,842,0.9906,0,842,0,0,0,0,5,0,0,3,0,0,0.632
d12m1,aggressive,mid,mixed,10,5,2023,12,12,-0.315,-0.55,-4.637,-4.637,-0.315,-0.315,-0.315,-0.315,0.433,10.0,120,120,1.0,0,120,0,0,0,0,0,0,0,0,0,0,0.6
d12m1,aggressive,mid,mixed,10,5,2024,51,51,0.117,0.31,-5.091,-6.999,0.112,0.114,-0.279,0.117,0.44,10,510,507,0.9941,0,507,0,0,0,0,2,0,0,1,0,0,0.632
d12m1,aggressive,mid,mixed,10,5,2025,50,50,0.509,0.95,-6.818,-8.931,0.483,0.514,-0.282,0.509,0.478,10.0,500,495,0.99,0,495,0,0,0,0,4,0,0,1,0,0,0.618
d12m1,aggressive,mid,mixed,10,5,2026,35,35,0.393,0.42,-12.096,-13.694,0.397,0.369,0.09,0.393,0.508,10,350,347,0.9914,0,347,0,0,0,0,1,0,0,2,0,0,0.656
d12m1,aggressive,mid,mixed,10,20,ALL,145,145,0.605,0.81,-13.363,-17.811,0.61,0.602,-1.278,0.605,0.456,10,1450,1419,0.9786,0,1416,0,0,3,0,24,3,0,4,0,0,0.626
d12m1,aggressive,mid,mixed,10,20,P1,63,63,0.123,0.15,-8.411,-9.72,0.086,0.104,-0.556,0.123,0.449,10,630,625,0.9921,0,625,0,0,0,0,4,0,0,1,0,0,0.627
d12m1,aggressive,mid,mixed,10,20,P2,82,82,0.975,0.84,-15.083,-17.811,1.012,0.985,-1.833,0.975,0.461,10.0,820,794,0.9683,0,791,0,0,3,0,20,3,0,3,0,0,0.627
d12m1,aggressive,mid,mixed,10,20,2023,12,12,-1.795,-2.74,-5.333,-5.333,-1.795,-1.795,-1.795,-1.795,0.383,10.0,120,120,1.0,0,120,0,0,0,0,0,0,0,0,0,0,0.6
d12m1,aggressive,mid,mixed,10,20,2024,51,51,0.574,0.59,-8.679,-9.72,0.528,0.551,-0.265,0.574,0.465,10,510,505,0.9902,0,505,0,0,0,0,4,0,0,1,0,0,0.632
d12m1,aggressive,mid,mixed,10,20,2025,50,50,0.685,0.53,-11.752,-13.691,0.837,0.765,-1.823,0.685,0.44,10.0,500,486,0.972,0,486,0,0,0,0,13,0,0,1,0,0,0.618
d12m1,aggressive,mid,mixed,10,20,2026,32,32,1.428,0.67,-17.694,-17.811,1.285,1.33,-1.849,1.428,0.494,10.0,320,308,0.9625,0,305,0,0,3,0,7,3,0,2,0,0,0.645
d12m1,aggressive,mid,mixed,10,63,ALL,137,137,1.435,0.79,-21.242,-28.505,1.566,1.085,-4.598,1.435,0.427,10,1370,1293,0.9438,0,1286,0,0,7,0,73,0,0,4,0,0,0.618
d12m1,aggressive,mid,mixed,10,63,P1,63,63,0.573,0.46,-11.374,-13.418,0.688,0.459,-2.615,0.573,0.41,10,630,611,0.9698,0,611,0,0,0,0,18,0,0,1,0,0,0.627
d12m1,aggressive,mid,mixed,10,63,P2,74,74,2.169,0.69,-23.919,-28.505,2.313,1.617,-6.286,2.169,0.442,10.0,740,682,0.9216,0,675,0,0,7,0,55,0,0,3,0,0,0.612
d12m1,aggressive,mid,mixed,10,63,2023,12,12,5.211,2.35,-3.479,-3.479,4.334,4.703,-0.838,5.211,0.489,10.0,120,114,0.95,0,114,0,0,0,0,6,0,0,0,0,0,0.6
d12m1,aggressive,mid,mixed,10,63,2024,51,51,-0.518,-0.49,-12.106,-13.418,-0.17,-0.539,-3.034,-0.518,0.392,10,510,497,0.9745,0,497,0,0,0,0,12,0,0,1,0,0,0.632
d12m1,aggressive,mid,mixed,10,63,2025,50,50,2.401,0.74,-19.942,-21.762,3.033,2.009,-5.963,2.401,0.462,10.0,500,461,0.922,0,459,0,0,2,0,38,0,0,1,0,0,0.618
d12m1,aggressive,mid,mixed,10,63,2026,24,24,1.686,0.24,-27.015,-28.505,0.814,0.799,-6.958,1.686,0.401,10.0,240,221,0.9208,0,216,0,0,5,0,17,0,0,2,0,0,0.604
d12m1,aggressive,mid,mixed,20,5,ALL,148,148,-0.005,-0.02,-7.249,-10.854,-0.014,-0.01,-0.414,-0.005,0.476,20.0,2960,2943,0.9943,0,2942,0,0,1,0,10,2,0,5,0,0,0.579
d12m1,aggressive,mid,mixed,20,5,P1,63,63,-0.224,-0.75,-5.121,-7.66,-0.229,-0.228,-0.467,-0.224,0.441,20,1260,1256,0.9968,0,1256,0,0,0,0,3,0,0,1,0,0,0.573
d12m1,aggressive,mid,mixed,20,5,P2,85,85,0.157,0.42,-7.741,-10.854,0.146,0.151,-0.375,0.157,0.501,20,1700,1687,0.9924,0,1686,0,0,1,0,7,2,0,4,0,0,0.583
d12m1,aggressive,mid,mixed,20,5,2023,12,12,-0.403,-0.87,-3.557,-3.557,-0.403,-0.403,-0.403,-0.403,0.438,20.0,240,240,1.0,0,240,0,0,0,0,0,0,0,0,0,0,0.573
d12m1,aggressive,mid,mixed,20,5,2024,51,51,-0.182,-0.52,-5.642,-7.66,-0.188,-0.186,-0.482,-0.182,0.441,20,1020,1016,0.9961,0,1016,0,0,0,0,3,0,0,1,0,0,0.572
d12m1,aggressive,mid,mixed,20,5,2025,50,50,0.215,0.62,-4.38,-6.509,0.21,0.218,-0.278,0.215,0.497,20.0,1000,993,0.993,0,993,0,0,0,0,5,0,0,2,0,0,0.573
d12m1,aggressive,mid,mixed,20,5,2026,35,35,0.074,0.1,-9.3,-10.854,0.055,0.055,-0.515,0.074,0.508,20,700,694,0.9914,0,693,0,0,1,0,2,2,0,2,0,0,0.599
d12m1,aggressive,mid,mixed,20,20,ALL,145,145,0.149,0.22,-11.233,-17.38,0.11,0.135,-1.623,0.149,0.444,20,2900,2845,0.981,0,2841,0,0,4,0,47,3,0,5,0,0,0.577
d12m1,aggressive,mid,mixed,20,20,P1,63,63,-0.078,-0.1,-7.403,-8.077,-0.146,-0.092,-1.339,-0.078,0.43,20,1260,1244,0.9873,0,1244,0,0,0,0,15,0,0,1,0,0,0.573
d12m1,aggressive,mid,mixed,20,20,P2,82,82,0.324,0.32,-13.294,-17.38,0.307,0.31,-1.841,0.324,0.455,20.0,1640,1601,0.9762,0,1597,0,0,4,0,32,3,0,4,0,0,0.58
d12m1,aggressive,mid,mixed,20,20,2023,12,12,-1.129,-1.5,-4.021,-4.021,-1.197,-1.101,-2.912,-1.129,0.406,20.0,240,236,0.9833,0,236,0,0,0,0,4,0,0,0,0,0,0.573
d12m1,aggressive,mid,mixed,20,20,2024,51,51,0.169,0.18,-7.6,-8.077,0.101,0.145,-0.969,0.169,0.436,20,1020,1008,0.9882,0,1008,0,0,0,0,11,0,0,1,0,0,0.572
d12m1,aggressive,mid,mixed,20,20,2025,50,50,0.53,0.46,-10.169,-13.421,0.566,0.533,-1.273,0.53,0.45,20.0,1000,980,0.98,0,980,0,0,0,0,18,0,0,2,0,0,0.573
d12m1,aggressive,mid,mixed,20,20,2026,32,32,0.003,0.0,-16.05,-17.38,-0.099,-0.038,-2.729,0.003,0.464,20.0,640,621,0.9703,0,617,0,0,4,0,14,3,0,2,0,0,0.592
d12m1,aggressive,mid,mixed,20,63,ALL,137,137,1.282,0.7,-21.297,-27.616,1.277,1.056,-3.807,1.282,0.435,20,2740,2610,0.9526,0,2598,0,0,12,0,123,2,0,5,0,0,0.569
d12m1,aggressive,mid,mixed,20,63,P1,63,63,0.637,0.77,-9.231,-9.684,0.642,0.572,-2.601,0.637,0.422,20,1260,1222,0.9698,0,1222,0,0,0,0,37,0,0,1,0,0,0.573
d12m1,aggressive,mid,mixed,20,63,P2,74,74,1.831,0.56,-24.396,-27.616,1.817,1.467,-4.835,1.831,0.446,20.0,1480,1388,0.9378,0,1376,0,0,12,0,86,2,0,4,0,0,0.566
d12m1,aggressive,mid,mixed,20,63,2023,12,12,2.065,2.24,-5.764,-5.764,1.666,1.989,-3.658,2.065,0.464,20.0,240,228,0.95,0,228,0,0,0,0,12,0,0,0,0,0,0.573
d12m1,aggressive,mid,mixed,20,63,2024,51,51,0.301,0.35,-9.577,-9.684,0.401,0.239,-2.352,0.301,0.412,20,1020,994,0.9745,0,994,0,0,0,0,25,0,0,1,0,0,0.572
d12m1,aggressive,mid,mixed,20,63,2025,50,50,3.336,0.91,-17.167,-19.771,3.473,2.937,-3.051,3.336,0.478,20.0,1000,941,0.941,0,935,0,0,6,0,57,0,0,2,0,0,0.573
d12m1,aggressive,mid,mixed,20,63,2026,24,24,-1.305,-0.2,-26.201,-27.616,-1.632,-1.594,-8.55,-1.305,0.378,20.0,480,447,0.9313,0,441,0,0,6,0,29,2,0,2,0,0,0.554
d12m1,aggressive,mid,stock,10,5,ALL,148,148,0.294,0.89,-9.005,-13.694,0.275,0.287,-0.251,0.294,0.485,10.0,1480,1468,0.9919,0,1467,0,0,1,0,7,1,0,4,0,0,0.6
d12m1,aggressive,mid,stock,10,5,P1,63,63,0.079,0.22,-5.424,-6.999,0.073,0.075,-0.243,0.079,0.475,10,630,627,0.9952,0,627,0,0,0,0,2,0,0,1,0,0,0.581
d12m1,aggressive,mid,stock,10,5,P2,85,85,0.453,0.88,-10.319,-13.694,0.425,0.445,-0.256,0.453,0.492,10,850,841,0.9894,0,840,0,0,1,0,5,1,0,3,0,0,0.615
d12m1,aggressive,mid,stock,10,5,2023,12,12,-0.578,-0.83,-4.637,-4.637,-0.578,-0.578,-0.578,-0.578,0.458,10.0,120,120,1.0,0,120,0,0,0,0,0,0,0,0,0,0,0.555
d12m1,aggressive,mid,stock,10,5,2024,51,51,0.234,0.58,-5.686,-6.999,0.226,0.229,-0.165,0.234,0.48,10,510,507,0.9941,0,507,0,0,0,0,2,0,0,1,0,0,0.588
d12m1,aggressive,mid,stock,10,5,2025,50,50,0.575,1.09,-5.993,-8.931,0.548,0.579,-0.217,0.575,0.487,10.0,500,495,0.99,0,495,0,0,0,0,4,0,0,1,0,0,0.604
d12m1,aggressive,mid,stock,10,5,2026,35,35,0.278,0.28,-12.096,-13.694,0.25,0.253,-0.312,0.278,0.499,10,350,346,0.9886,0,345,0,0,1,0,1,1,0,2,0,0,0.632
d12m1,aggressive,mid,stock,10,20,ALL,145,145,0.916,1.17,-13.843,-19.205,0.925,0.919,-1.099,0.916,0.484,10,1450,1417,0.9772,0,1413,0,0,4,0,26,3,0,4,0,0,0.599
d12m1,aggressive,mid,stock,10,20,P1,63,63,0.773,0.88,-8.411,-9.72,0.729,0.747,0.087,0.773,0.516,10,630,625,0.9921,0,625,0,0,0,0,4,0,0,1,0,0,0.581
d12m1,aggressive,mid,stock,10,20,P2,82,82,1.026,0.85,-15.571,-19.205,1.076,1.051,-2.011,1.026,0.459,10.0,820,792,0.9659,0,788,0,0,4,0,22,3,0,3,0,0,0.615
d12m1,aggressive,mid,stock,10,20,2023,12,12,-1.369,-1.81,-5.333,-5.333,-1.369,-1.369,-1.369,-1.369,0.392,10.0,120,120,1.0,0,120,0,0,0,0,0,0,0,0,0,0,0.555
d12m1,aggressive,mid,stock,10,20,2024,51,51,1.277,1.22,-8.679,-9.72,1.223,1.245,0.429,1.277,0.546,10,510,505,0.9902,0,505,0,0,0,0,4,0,0,1,0,0,0.588
d12m1,aggressive,mid,stock,10,20,2025,50,50,0.837,0.63,-12.219,-13.691,1.013,0.943,-1.848,0.837,0.446,10.0,500,485,0.97,0,485,0,0,0,0,14,0,0,1,0,0,0.604
d12m1,aggressive,mid,stock,10,20,2026,32,32,1.32,0.58,-17.926,-19.205,1.173,1.22,-2.266,1.32,0.479,10.0,320,307,0.9594,0,303,0,0,4,0,8,3,0,2,0,0,0.632
d12m1,aggressive,mid,stock,10,63,ALL,137,137,2.415,1.31,-21.43,-29.29,2.483,1.989,-4.171,2.415,0.457,10,1370,1287,0.9394,0,1279,0,0,8,0,79,0,0,4,0,0,0.593
d12m1,aggressive,mid,stock,10,63,P1,63,63,1.814,1.33,-10.326,-13.418,1.936,1.67,-1.752,1.814,0.471,10,630,609,0.9667,0,609,0,0,0,0,20,0,0,1,0,0,0.581
d12m1,aggressive,mid,stock,10,63,P2,74,74,2.927,0.93,-24.162,-29.29,2.948,2.261,-6.231,2.927,0.446,10.0,740,678,0.9162,0,670,0,0,8,0,59,0,0,3,0,0,0.604
d12m1,aggressive,mid,stock,10,63,2023,12,12,6.358,3.65,-3.845,-3.845,5.527,5.896,0.355,6.358,0.511,10.0,120,114,0.95,0,114,0,0,0,0,6,0,0,0,0,0,0.555
d12m1,aggressive,mid,stock,10,63,2024,51,51,0.745,0.66,-10.797,-13.418,1.091,0.675,-2.247,0.745,0.461,10,510,495,0.9706,0,495,0,0,0,0,14,0,0,1,0,0,0.588
d12m1,aggressive,mid,stock,10,63,2025,50,50,3.484,1.12,-18.622,-20.103,3.957,2.976,-5.665,3.484,0.47,10.0,500,458,0.916,0,456,0,0,2,0,41,0,0,1,0,0,0.604
d12m1,aggressive,mid,stock,10,63,2026,24,24,1.768,0.24,-27.317,-29.29,0.847,0.772,-7.411,1.768,0.396,10.0,240,220,0.9167,0,214,0,0,6,0,18,0,0,2,0,0,0.604
d12m1,aggressive,mid,stock,20,5,ALL,148,148,0.07,0.27,-7.479,-10.854,0.059,0.062,-0.41,0.065,0.494,20.0,2951,2932,0.9936,9,2931,0,0,1,0,12,2,0,5,0,1,0.563
d12m1,aggressive,mid,stock,20,5,P1,63,63,-0.075,-0.24,-5.403,-7.66,-0.081,-0.079,-0.399,-0.075,0.482,20,1260,1255,0.996,0,1255,0,0,0,0,4,0,0,1,0,0,0.558
d12m1,aggressive,mid,stock,20,5,P2,85,85,0.178,0.47,-8.073,-10.854,0.163,0.167,-0.417,0.168,0.503,20,1691,1677,0.9917,9,1676,0,0,1,0,8,2,0,4,0,1,0.567
d12m1,aggressive,mid,stock,20,5,2023,12,12,-0.443,-0.83,-4.138,-4.138,-0.442,-0.442,-0.861,-0.443,0.456,20.0,240,239,0.9958,0,239,0,0,0,0,1,0,0,0,0,0,0.559
d12m1,aggressive,mid,stock,20,5,2024,51,51,0.011,0.03,-5.825,-7.66,0.004,0.006,-0.29,0.011,0.488,20,1020,1016,0.9961,0,1016,0,0,0,0,3,0,0,1,0,0,0.559
d12m1,aggressive,mid,stock,20,5,2025,50,50,0.189,0.53,-4.581,-7.23,0.177,0.184,-0.41,0.173,0.499,20.0,991,983,0.9919,9,983,0,0,0,0,6,0,0,2,0,1,0.564
d12m1,aggressive,mid,stock,20,5,2026,35,35,0.162,0.21,-9.678,-10.854,0.142,0.142,-0.428,0.162,0.51,20,700,694,0.9914,0,693,0,0,1,0,2,2,0,2,0,0,0.572
d12m1,aggressive,mid,stock,20,20,ALL,145,145,0.326,0.48,-12.219,-18.35,0.28,0.309,-1.666,0.298,0.467,20,2891,2830,0.9789,9,2826,0,0,4,0,53,3,0,5,0,1,0.563
d12m1,aggressive,mid,stock,20,20,P1,63,63,0.446,0.58,-7.41,-8.077,0.359,0.416,-1.078,0.446,0.487,20,1260,1241,0.9849,0,1241,0,0,0,0,18,0,0,1,0,0,0.558
d12m1,aggressive,mid,stock,20,20,P2,82,82,0.234,0.23,-14.021,-18.35,0.219,0.226,-2.118,0.185,0.452,20.0,1631,1589,0.9742,9,1585,0,0,4,0,35,3,0,4,0,1,0.566
d12m1,aggressive,mid,stock,20,20,2023,12,12,-0.856,-1.11,-3.966,-3.966,-0.959,-0.858,-3.542,-0.856,0.415,20.0,240,234,0.975,0,234,0,0,0,0,6,0,0,0,0,0,0.559
d12m1,aggressive,mid,stock,20,20,2024,51,51,0.752,0.81,-7.61,-8.077,0.669,0.716,-0.499,0.752,0.504,20,1020,1007,0.9873,0,1007,0,0,0,0,12,0,0,1,0,0,0.559
d12m1,aggressive,mid,stock,20,20,2025,50,50,0.296,0.26,-10.853,-13.421,0.339,0.312,-1.809,0.216,0.454,20.0,991,968,0.9768,9,968,0,0,0,0,21,0,0,2,0,1,0.564
d12m1,aggressive,mid,stock,20,20,2026,32,32,0.137,0.07,-17.269,-18.35,0.031,0.091,-2.6,0.137,0.449,20.0,640,621,0.9703,0,617,0,0,4,0,14,3,0,2,0,0,0.571
d12m1,aggressive,mid,stock,20,63,ALL,137,137,2.007,1.1,-20.499,-29.117,1.999,1.798,-3.831,1.925,0.462,20,2731,2582,0.9454,9,2570,0,0,12,0,142,2,0,5,0,1,0.56
d12m1,aggressive,mid,stock,20,63,P1,63,63,2.271,2.59,-7.58,-9.462,2.224,2.167,-1.526,2.271,0.485,20,1260,1216,0.9651,0,1216,0,0,0,0,43,0,0,1,0,0,0.558
d12m1,aggressive,mid,stock,20,63,P2,74,74,1.782,0.54,-24.552,-29.117,1.808,1.483,-5.793,1.629,0.442,20.0,1471,1366,0.9286,9,1354,0,0,12,0,99,2,0,4,0,1,0.56
d12m1,aggressive,mid,stock,20,63,2023,12,12,4.539,3.13,-2.685,-2.685,3.966,4.313,-2.716,4.539,0.5,20.0,240,225,0.9375,0,225,0,0,0,0,15,0,0,0,0,0,0.559
d12m1,aggressive,mid,stock,20,63,2024,51,51,1.738,2.12,-7.928,-9.462,1.814,1.662,-1.246,1.738,0.481,20,1020,991,0.9716,0,991,0,0,0,0,28,0,0,1,0,0,0.559
d12m1,aggressive,mid,stock,20,63,2025,50,50,3.186,0.87,-14.934,-17.098,3.395,2.895,-4.535,2.96,0.472,20.0,991,919,0.9273,9,913,0,0,6,0,70,0,0,2,0,1,0.564
d12m1,aggressive,mid,stock,20,63,2026,24,24,-1.142,-0.17,-27.555,-29.117,-1.496,-1.458,-8.414,-1.142,0.382,20.0,480,447,0.9313,0,441,0,0,6,0,29,2,0,2,0,0,0.554
d12m1,aggressive,short,mixed,10,5,ALL,148,148,0.24,0.86,-7.048,-13.206,0.232,0.231,-0.171,0.24,0.483,10.0,1480,1472,0.9946,0,1472,0,0,0,0,5,1,0,2,0,0,0.666
d12m1,aggressive,short,mixed,10,5,P1,63,63,-0.017,-0.05,-3.882,-4.212,-0.021,-0.019,-0.18,-0.017,0.431,10,630,628,0.9968,0,628,0,0,0,0,1,0,0,1,0,0,0.671
d12m1,aggressive,short,mixed,10,5,P2,85,85,0.431,1.04,-8.62,-13.206,0.419,0.416,-0.165,0.431,0.521,10,850,844,0.9929,0,844,0,0,0,0,4,1,0,1,0,0,0.663
d12m1,aggressive,short,mixed,10,5,2023,12,12,0.061,0.1,-4.212,-4.212,0.061,0.061,0.061,0.061,0.4,10.0,120,120,1.0,0,120,0,0,0,0,0,0,0,0,0,0,0.636
d12m1,aggressive,short,mixed,10,5,2024,51,51,-0.035,-0.09,-3.657,-4.145,-0.04,-0.038,-0.237,-0.035,0.438,10,510,508,0.9961,0,508,0,0,0,0,1,0,0,1,0,0,0.676
d12m1,aggressive,short,mixed,10,5,2025,50,50,0.501,1.04,-7.322,-10.706,0.487,0.493,-0.101,0.501,0.527,10.0,500,497,0.994,0,497,0,0,0,0,3,0,0,0,0,0,0.649
d12m1,aggressive,short,mixed,10,5,2026,35,35,0.332,0.45,-10.568,-13.206,0.322,0.306,-0.256,0.332,0.513,10,350,347,0.9914,0,347,0,0,0,0,1,1,0,1,0,0,0.685
d12m1,aggressive,short,mixed,10,20,ALL,145,145,-0.079,-0.12,-12.685,-17.361,-0.139,-0.09,-1.77,-0.079,0.441,10,1450,1424,0.9821,0,1421,0,0,3,0,23,1,0,2,0,0,0.665
d12m1,aggressive,short,mixed,10,20,P1,63,63,0.133,0.15,-8.729,-9.512,0.096,0.135,-0.682,0.133,0.422,10,630,624,0.9905,0,624,0,0,0,0,5,0,0,1,0,0,0.671
d12m1,aggressive,short,mixed,10,20,P2,82,82,-0.242,-0.25,-14.175,-17.361,-0.32,-0.262,-2.606,-0.242,0.456,10.0,820,800,0.9756,0,797,0,0,3,0,18,1,0,1,0,0,0.66
d12m1,aggressive,short,mixed,10,20,2023,12,12,-1.216,-1.54,-6.15,-6.15,-1.191,-1.188,-2.034,-1.216,0.379,10.0,120,119,0.9917,0,119,0,0,0,0,1,0,0,0,0,0,0.636
d12m1,aggressive,short,mixed,10,20,2024,51,51,0.45,0.44,-8.989,-9.512,0.398,0.446,-0.364,0.45,0.432,10,510,505,0.9902,0,505,0,0,0,0,4,0,0,1,0,0,0.676
d12m1,aggressive,short,mixed,10,20,2025,50,50,-0.024,-0.02,-14.47,-17.361,-0.001,-0.022,-2.408,-0.024,0.453,10.0,500,488,0.976,0,488,0,0,0,0,12,0,0,0,0,0,0.649
d12m1,aggressive,short,mixed,10,20,2026,32,32,-0.581,-0.39,-13.734,-14.642,-0.818,-0.638,-2.914,-0.581,0.461,10.0,320,312,0.975,0,309,0,0,3,0,6,1,0,1,0,0,0.681
d12m1,aggressive,short,mixed,10,63,ALL,137,137,-0.26,-0.13,-20.273,-25.371,-0.015,-0.295,-5.037,-0.26,0.394,10,1370,1307,0.954,0,1301,0,0,6,0,61,0,0,2,0,0,0.659
d12m1,aggressive,short,mixed,10,63,P1,63,63,0.094,0.09,-11.838,-14.386,0.265,0.005,-3.229,0.094,0.373,10,630,610,0.9683,0,610,0,0,0,0,19,0,0,1,0,0,0.671
d12m1,aggressive,short,mixed,10,63,P2,74,74,-0.562,-0.16,-22.587,-25.371,-0.253,-0.552,-6.577,-0.562,0.413,10.0,740,697,0.9419,0,691,0,0,6,0,42,0,0,1,0,0,0.649
d12m1,aggressive,short,mixed,10,63,2023,12,12,1.732,1.6,-9.983,-9.983,1.189,1.39,-5.063,1.732,0.386,10.0,120,113,0.9417,0,113,0,0,0,0,7,0,0,0,0,0,0.636
d12m1,aggressive,short,mixed,10,63,2024,51,51,-0.291,-0.25,-12.456,-14.386,0.047,-0.321,-2.797,-0.291,0.37,10,510,497,0.9745,0,497,0,0,0,0,12,0,0,1,0,0,0.676
d12m1,aggressive,short,mixed,10,63,2025,50,50,1.659,0.37,-17.973,-19.851,2.124,1.605,-4.708,1.659,0.44,10.0,500,470,0.94,0,469,0,0,1,0,30,0,0,0,0,0,0.649
d12m1,aggressive,short,mixed,10,63,2026,24,24,-5.19,-1.13,-24.929,-25.371,-5.206,-5.044,-10.471,-5.19,0.355,10.0,240,227,0.9458,0,222,0,0,5,0,12,0,0,1,0,0,0.652
d12m1,aggressive,short,mixed,20,5,ALL,148,148,0.016,0.07,-6.867,-12.172,0.016,0.014,-0.289,0.016,0.477,20.0,2960,2947,0.9956,0,2947,0,0,0,0,8,1,0,4,0,0,0.612
d12m1,aggressive,short,mixed,20,5,P1,63,63,0.102,0.33,-3.65,-4.613,0.1,0.102,-0.062,0.102,0.443,20,1260,1256,0.9968,0,1256,0,0,0,0,2,0,0,2,0,0,0.619
d12m1,aggressive,short,mixed,20,5,P2,85,85,-0.048,-0.13,-7.998,-12.172,-0.046,-0.051,-0.458,-0.048,0.502,20,1700,1691,0.9947,0,1691,0,0,0,0,6,1,0,2,0,0,0.607
d12m1,aggressive,short,mixed,20,5,2023,12,12,-0.124,-0.23,-3.257,-3.257,-0.123,-0.113,-0.551,-0.124,0.435,20.0,240,239,0.9958,0,239,0,0,0,0,1,0,0,0,0,0,0.6
d12m1,aggressive,short,mixed,20,5,2024,51,51,0.155,0.42,-3.779,-4.613,0.152,0.153,0.053,0.155,0.445,20,1020,1017,0.9971,0,1017,0,0,0,0,1,0,0,2,0,0,0.621
d12m1,aggressive,short,mixed,20,5,2025,50,50,0.255,0.64,-6.236,-8.237,0.255,0.255,-0.24,0.255,0.51,20.0,1000,994,0.994,0,994,0,0,0,0,5,0,0,1,0,0,0.587
d12m1,aggressive,short,mixed,20,5,2026,35,35,-0.48,-0.75,-9.655,-12.172,-0.477,-0.488,-0.769,-0.48,0.49,20,700,697,0.9957,0,697,0,0,0,0,1,1,0,1,0,0,0.638
d12m1,aggressive,short,mixed,20,20,ALL,145,145,-0.418,-0.67,-11.468,-13.545,-0.448,-0.414,-1.995,-0.418,0.425,20,2900,2851,0.9831,0,2848,0,0,3,0,44,1,0,4,0,0,0.61
d12m1,aggressive,short,mixed,20,20,P1,63,63,-0.118,-0.15,-7.494,-9.728,-0.141,-0.106,-1.269,-0.118,0.412,20,1260,1244,0.9873,0,1244,0,0,0,0,14,0,0,2,0,0,0.619
d12m1,aggressive,short,mixed,20,20,P2,82,82,-0.648,-0.71,-12.222,-13.545,-0.684,-0.651,-2.553,-0.648,0.436,20.0,1640,1607,0.9799,0,1604,0,0,3,0,30,1,0,2,0,0,0.603
d12m1,aggressive,short,mixed,20,20,2023,12,12,-1.515,-2.58,-4.082,-4.082,-1.514,-1.44,-4.098,-1.515,0.37,20.0,240,234,0.975,0,234,0,0,0,0,6,0,0,0,0,0,0.6
d12m1,aggressive,short,mixed,20,20,2024,51,51,0.211,0.22,-7.898,-9.728,0.182,0.208,-0.604,0.211,0.422,20,1020,1010,0.9902,0,1010,0,0,0,0,8,0,0,2,0,0,0.621
d12m1,aggressive,short,mixed,20,20,2025,50,50,-0.093,-0.08,-11.868,-13.484,-0.067,-0.071,-2.256,-0.093,0.439,20.0,1000,977,0.977,0,977,0,0,0,0,22,0,0,1,0,0,0.587
d12m1,aggressive,short,mixed,20,20,2026,32,32,-1.515,-1.21,-12.701,-13.545,-1.647,-1.557,-3.016,-1.515,0.431,20.0,640,630,0.9844,0,627,0,0,3,0,8,1,0,1,0,0,0.631
d12m1,aggressive,short,mixed,20,63,ALL,137,137,-0.309,-0.16,-19.174,-24.366,-0.157,-0.332,-5.216,-0.309,0.405,20,2740,2611,0.9529,0,2605,0,0,6,0,125,0,0,4,0,0,0.606
d12m1,aggressive,short,mixed,20,63,P1,63,63,-0.617,-0.79,-9.95,-11.942,-0.492,-0.623,-4.506,-0.617,0.38,20,1260,1213,0.9627,0,1213,0,0,0,0,45,0,0,2,0,0,0.619
d12m1,aggressive,short,mixed,20,63,P2,74,74,-0.046,-0.01,-20.986,-24.366,0.128,-0.084,-5.821,-0.046,0.425,20.0,1480,1398,0.9446,0,1392,0,0,6,0,80,0,0,2,0,0,0.595
d12m1,aggressive,short,mixed,20,63,2023,12,12,-0.027,-0.06,-5.612,-5.612,-0.56,-0.042,-9.421,-0.027,0.403,20.0,240,220,0.9167,0,220,0,0,0,0,20,0,0,0,0,0,0.6
d12m1,aggressive,short,mixed,20,63,2024,51,51,-0.756,-0.79,-10.338,-11.942,-0.476,-0.759,-3.349,-0.756,0.375,20,1020,993,0.9735,0,993,0,0,0,0,25,0,0,2,0,0,0.621
d12m1,aggressive,short,mixed,20,63,2025,50,50,2.672,0.6,-17.735,-18.928,2.882,2.545,-3.787,2.672,0.471,20.0,1000,939,0.939,0,938,0,0,1,0,60,0,0,1,0,0,0.587
d12m1,aggressive,short,mixed,20,63,2026,24,24,-5.709,-1.53,-22.959,-24.366,-5.611,-5.561,-10.058,-5.709,0.33,20.0,480,459,0.9563,0,454,0,0,5,0,20,0,0,1,0,0,0.613
d12m1,aggressive,short,stock,10,5,ALL,148,148,0.182,0.63,-7.61,-13.206,0.176,0.171,-0.297,0.182,0.492,10.0,1480,1471,0.9939,0,1471,0,0,0,0,6,1,0,2,0,0,0.649
d12m1,aggressive,short,stock,10,5,P1,63,63,0.075,0.22,-4.124,-4.661,0.072,0.073,-0.088,0.075,0.464,10,630,628,0.9968,0,628,0,0,0,0,1,0,0,1,0,0,0.648
d12m1,aggressive,short,stock,10,5,P2,85,85,0.261,0.6,-9.407,-13.206,0.254,0.244,-0.451,0.261,0.512,10,850,843,0.9918,0,843,0,0,0,0,5,1,0,1,0,0,0.65
d12m1,aggressive,short,stock,10,5,2023,12,12,0.288,0.4,-4.661,-4.661,0.288,0.288,0.288,0.288,0.458,10.0,120,120,1.0,0,120,0,0,0,0,0,0,0,0,0,0,0.6
d12m1,aggressive,short,stock,10,5,2024,51,51,0.025,0.06,-3.657,-4.145,0.021,0.023,-0.177,0.025,0.465,10,510,508,0.9961,0,508,0,0,0,0,1,0,0,1,0,0,0.658
d12m1,aggressive,short,stock,10,5,2025,50,50,0.41,0.82,-8.145,-10.706,0.399,0.4,-0.39,0.41,0.53,10.0,500,496,0.992,0,496,0,0,0,0,4,0,0,0,0,0,0.639
d12m1,aggressive,short,stock,10,5,2026,35,35,0.049,0.06,-11.093,-13.206,0.047,0.022,-0.54,0.049,0.487,10,350,347,0.9914,0,347,0,0,0,0,1,1,0,1,0,0,0.668
d12m1,aggressive,short,stock,10,20,ALL,145,145,-0.126,-0.18,-14.093,-19.217,-0.155,-0.109,-1.934,-0.126,0.463,10,1450,1422,0.9807,0,1419,0,0,3,0,25,1,0,2,0,0,0.649
d12m1,aggressive,short,stock,10,20,P1,63,63,0.562,0.62,-8.729,-9.512,0.527,0.567,-0.411,0.562,0.492,10,630,623,0.9889,0,623,0,0,0,0,6,0,0,1,0,0,0.648
d12m1,aggressive,short,stock,10,20,P2,82,82,-0.655,-0.63,-15.917,-19.217,-0.678,-0.628,-3.104,-0.655,0.44,10.0,820,799,0.9744,0,796,0,0,3,0,19,1,0,1,0,0,0.651
d12m1,aggressive,short,stock,10,20,2023,12,12,-0.974,-1.08,-6.15,-6.15,-0.917,-0.912,-2.605,-0.974,0.417,10.0,120,118,0.9833,0,118,0,0,0,0,2,0,0,0,0,0,0.6
d12m1,aggressive,short,stock,10,20,2024,51,51,0.923,0.86,-8.989,-9.512,0.866,0.915,0.105,0.923,0.509,10,510,505,0.9902,0,505,0,0,0,0,4,0,0,1,0,0,0.658
d12m1,aggressive,short,stock,10,20,2025,50,50,-0.488,-0.37,-14.47,-17.361,-0.382,-0.408,-3.012,-0.488,0.443,10.0,500,487,0.974,0,487,0,0,0,0,13,0,0,0,0,0,0.639
d12m1,aggressive,short,stock,10,20,2026,32,32,-0.915,-0.54,-18.087,-19.217,-1.14,-0.973,-3.249,-0.915,0.436,10.0,320,312,0.975,0,309,0,0,3,0,6,1,0,1,0,0,0.671
d12m1,aggressive,short,stock,10,63,ALL,137,137,0.431,0.22,-19.472,-25.371,0.697,0.44,-5.353,0.431,0.429,10,1370,1294,0.9445,0,1288,0,0,6,0,74,0,0,2,0,0,0.646
d12m1,aggressive,short,stock,10,63,P1,63,63,1.562,1.74,-12.497,-14.386,1.729,1.457,-2.814,1.562,0.446,10,630,604,0.9587,0,604,0,0,0,0,25,0,0,1,0,0,0.648
d12m1,aggressive,short,stock,10,63,P2,74,74,-0.532,-0.15,-21.126,-25.371,-0.182,-0.427,-7.514,-0.532,0.415,10.0,740,690,0.9324,0,684,0,0,6,0,49,0,0,1,0,0,0.644
d12m1,aggressive,short,stock,10,63,2023,12,12,3.763,4.67,-10.477,-10.477,3.132,3.388,-4.906,3.763,0.442,10.0,120,111,0.925,0,111,0,0,0,0,9,0,0,0,0,0,0.6
d12m1,aggressive,short,stock,10,63,2024,51,51,1.044,1.06,-13.17,-14.386,1.399,1.003,-2.321,1.044,0.446,10,510,493,0.9667,0,493,0,0,0,0,16,0,0,1,0,0,0.658
d12m1,aggressive,short,stock,10,63,2025,50,50,1.553,0.34,-18.455,-19.803,2.059,1.63,-6.255,1.553,0.441,10.0,500,463,0.926,0,462,0,0,1,0,37,0,0,0,0,0,0.639
d12m1,aggressive,short,stock,10,63,2026,24,24,-4.877,-1.06,-23.005,-25.371,-4.852,-4.711,-10.138,-4.877,0.359,10.0,240,227,0.9458,0,222,0,0,5,0,12,0,0,1,0,0,0.657
d12m1,aggressive,short,stock,20,5,ALL,148,148,-0.054,-0.21,-7.349,-12.172,-0.054,-0.056,-0.459,-0.054,0.483,20.0,2959,2942,0.9943,1,2942,0,0,0,0,10,2,0,5,0,1,0.604
d12m1,aggressive,short,stock,20,5,P1,63,63,0.038,0.12,-4.163,-5.119,0.035,0.038,-0.126,0.038,0.464,20,1260,1255,0.996,0,1255,0,0,0,0,2,0,0,3,0,0,0.617
d12m1,aggressive,short,stock,20,5,P2,85,85,-0.122,-0.33,-8.361,-12.172,-0.12,-0.125,-0.705,-0.122,0.497,20,1699,1687,0.9929,1,1687,0,0,0,0,8,2,0,2,0,1,0.595
d12m1,aggressive,short,stock,20,5,2023,12,12,-0.293,-0.46,-5.119,-5.119,-0.291,-0.281,-0.719,-0.293,0.464,20.0,240,239,0.9958,0,239,0,0,0,0,1,0,0,0,0,0,0.586
d12m1,aggressive,short,stock,20,5,2024,51,51,0.115,0.31,-3.823,-4.613,0.111,0.113,0.013,0.115,0.464,20,1020,1016,0.9961,0,1016,0,0,0,0,1,0,0,3,0,0,0.626
d12m1,aggressive,short,stock,20,5,2025,50,50,0.149,0.34,-7.317,-9.103,0.148,0.149,-0.541,0.148,0.507,20.0,999,991,0.992,1,991,0,0,0,0,7,0,0,1,0,1,0.578
d12m1,aggressive,short,stock,20,5,2026,35,35,-0.508,-0.79,-9.655,-12.172,-0.504,-0.515,-0.939,-0.508,0.481,20,700,696,0.9943,0,696,0,0,0,0,1,2,0,1,0,0,0.622
d12m1,aggressive,short,stock,20,20,ALL,145,145,-0.376,-0.59,-12.096,-14.782,-0.398,-0.367,-2.155,-0.378,0.451,20,2899,2843,0.9807,1,2840,0,0,3,0,48,3,0,5,0,1,0.603
d12m1,aggressive,short,stock,20,20,P1,63,63,0.174,0.21,-7.494,-9.728,0.14,0.178,-1.068,0.174,0.472,20,1260,1242,0.9857,0,1242,0,0,0,0,15,0,0,3,0,0,0.617
d12m1,aggressive,short,stock,20,20,P2,82,82,-0.8,-0.86,-13.092,-14.782,-0.811,-0.786,-2.989,-0.803,0.435,20.0,1639,1601,0.9768,1,1598,0,0,3,0,33,3,0,2,0,1,0.593
d12m1,aggressive,short,stock,20,20,2023,12,12,-1.284,-1.24,-6.161,-6.161,-1.314,-1.236,-4.33,-1.284,0.398,20.0,240,233,0.9708,0,233,0,0,0,0,7,0,0,0,0,0,0.586
d12m1,aggressive,short,stock,20,20,2024,51,51,0.518,0.54,-7.898,-9.728,0.482,0.51,-0.301,0.518,0.489,20,1020,1009,0.9892,0,1009,0,0,0,0,8,0,0,3,0,0,0.626
d12m1,aggressive,short,stock,20,20,2025,50,50,-0.266,-0.21,-12.968,-13.58,-0.2,-0.212,-2.694,-0.271,0.444,20.0,999,973,0.974,1,973,0,0,0,0,25,0,0,1,0,1,0.578
d12m1,aggressive,short,stock,20,20,2026,32,32,-1.634,-1.23,-13.278,-14.782,-1.766,-1.684,-3.45,-1.634,0.421,20.0,640,628,0.9812,0,625,0,0,3,0,8,3,0,1,0,0,0.619
d12m1,aggressive,short,stock,20,63,ALL,137,137,0.419,0.22,-18.898,-24.753,0.522,0.413,-5.127,0.412,0.437,20,2739,2593,0.9467,1,2587,0,0,6,0,141,0,0,5,0,1,0.601
d12m1,aggressive,short,stock,20,63,P1,63,63,0.62,0.93,-9.912,-11.255,0.682,0.562,-3.584,0.62,0.443,20,1260,1209,0.9595,0,1209,0,0,0,0,48,0,0,3,0,0,0.617
d12m1,aggressive,short,stock,20,63,P2,74,74,0.247,0.07,-21.188,-24.753,0.386,0.286,-6.441,0.234,0.431,20.0,1479,1384,0.9358,1,1378,0,0,6,0,93,0,0,2,0,1,0.588
d12m1,aggressive,short,stock,20,63,2023,12,12,1.669,2.41,-5.196,-5.196,0.958,1.512,-9.252,1.669,0.445,20.0,240,217,0.9042,0,217,0,0,0,0,23,0,0,0,0,0,0.586
d12m1,aggressive,short,stock,20,63,2024,51,51,0.374,0.49,-10.263,-11.255,0.617,0.339,-2.251,0.374,0.443,20,1020,992,0.9725,0,992,0,0,0,0,25,0,0,3,0,0,0.626
d12m1,aggressive,short,stock,20,63,2025,50,50,3.152,0.73,-15.846,-16.329,3.314,3.142,-4.656,3.132,0.481,20.0,999,925,0.9259,1,924,0,0,1,0,73,0,0,1,0,1,0.578
d12m1,aggressive,short,stock,20,63,2026,24,24,-5.803,-1.48,-23.303,-24.753,-5.713,-5.664,-10.161,-5.803,0.328,20.0,480,459,0.9563,0,454,0,0,5,0,20,0,0,1,0,0,0.611
d12m1,balanced,long,mixed,10,5,ALL,148,148,-0.01,-0.03,-8.63,-13.808,-0.012,-0.012,-0.482,-0.01,0.464,10.0,1480,1469,0.9926,0,1469,0,0,0,0,7,0,0,4,0,0,0.624
d12m1,balanced,long,mixed,10,5,P1,63,63,-0.115,-0.35,-5.261,-6.065,-0.118,-0.117,-0.436,-0.115,0.438,10,630,627,0.9952,0,627,0,0,0,0,2,0,0,1,0,0,0.618
d12m1,balanced,long,mixed,10,5,P2,85,85,0.069,0.16,-10.001,-13.808,0.067,0.065,-0.517,0.069,0.483,10,850,842,0.9906,0,842,0,0,0,0,5,0,0,3,0,0,0.627
d12m1,balanced,long,mixed,10,5,2023,12,12,-0.816,-1.14,-6.065,-6.065,-0.816,-0.816,-0.816,-0.816,0.4,10.0,120,120,1.0,0,120,0,0,0,0,0,0,0,0,0,0,0.609
d12m1,balanced,long,mixed,10,5,2024,51,51,0.05,0.14,-4.797,-5.94,0.046,0.048,-0.346,0.05,0.446,10,510,507,0.9941,0,507,0,0,0,0,2,0,0,1,0,0,0.614
d12m1,balanced,long,mixed,10,5,2025,50,50,-0.056,-0.14,-6.635,-9.369,-0.064,-0.047,-0.842,-0.056,0.463,10.0,500,495,0.99,0,495,0,0,0,0,4,0,0,1,0,0,0.624
d12m1,balanced,long,mixed,10,5,2026,35,35,0.246,0.28,-11.854,-13.808,0.255,0.225,-0.054,0.246,0.511,10,350,347,0.9914,0,347,0,0,0,0,1,0,0,2,0,0,0.632
d12m1,balanced,long,mixed,10,20,ALL,145,145,0.451,0.61,-12.065,-17.186,0.416,0.42,-1.464,0.451,0.447,10,1450,1419,0.9786,0,1417,0,0,2,0,24,3,0,4,0,0,0.622
d12m1,balanced,long,mixed,10,20,P1,63,63,0.047,0.05,-7.859,-9.018,0.021,0.04,-0.96,0.047,0.415,10,630,623,0.9889,0,623,0,0,0,0,6,0,0,1,0,0,0.618
d12m1,balanced,long,mixed,10,20,P2,82,82,0.761,0.69,-13.238,-17.186,0.719,0.711,-1.851,0.761,0.471,10.0,820,796,0.9707,0,794,0,0,2,0,18,3,0,3,0,0,0.623
d12m1,balanced,long,mixed,10,20,2023,12,12,-2.634,-3.34,-9.018,-9.018,-2.634,-2.634,-2.634,-2.634,0.325,10.0,120,120,1.0,0,120,0,0,0,0,0,0,0,0,0,0,0.609
d12m1,balanced,long,mixed,10,20,2024,51,51,0.678,0.64,-7.472,-7.812,0.646,0.669,-0.566,0.678,0.436,10,510,503,0.9863,0,503,0,0,0,0,6,0,0,1,0,0,0.614
d12m1,balanced,long,mixed,10,20,2025,50,50,0.192,0.14,-14.395,-17.186,0.235,0.196,-2.189,0.192,0.455,10.0,500,487,0.974,0,487,0,0,0,0,12,0,0,1,0,0,0.624
d12m1,balanced,long,mixed,10,20,2026,32,32,1.651,0.92,-11.503,-12.396,1.473,1.516,-1.322,1.651,0.496,10.0,320,309,0.9656,0,307,0,0,2,0,6,3,0,2,0,0,0.623
d12m1,balanced,long,mixed,10,63,ALL,137,137,1.957,1.19,-18.897,-22.383,2.025,1.634,-3.896,1.957,0.418,10,1370,1295,0.9453,0,1289,0,0,6,0,69,2,0,4,0,0,0.618
d12m1,balanced,long,mixed,10,63,P1,63,63,0.948,0.99,-9.392,-10.567,1.024,0.838,-2.429,0.948,0.384,10,630,610,0.9683,0,610,0,0,0,0,19,0,0,1,0,0,0.618
d12m1,balanced,long,mixed,10,63,P2,74,74,2.816,0.99,-20.711,-22.383,2.878,2.313,-5.145,2.816,0.447,10.0,740,685,0.9257,0,679,0,0,6,0,50,2,0,3,0,0,0.618
d12m1,balanced,long,mixed,10,63,2023,12,12,3.241,2.43,-5.726,-5.726,2.456,2.825,-2.716,3.241,0.416,10.0,120,114,0.95,0,114,0,0,0,0,6,0,0,0,0,0,0.609
d12m1,balanced,long,mixed,10,63,2024,51,51,0.408,0.39,-9.58,-10.567,0.687,0.37,-2.362,0.408,0.376,10,510,496,0.9725,0,496,0,0,0,0,13,0,0,1,0,0,0.614
d12m1,balanced,long,mixed,10,63,2025,50,50,2.982,0.96,-18.58,-20.736,3.447,2.524,-5.262,2.982,0.458,10.0,500,462,0.924,0,460,0,0,2,0,37,0,0,1,0,0,0.624
d12m1,balanced,long,mixed,10,63,2026,24,24,2.468,0.41,-21.803,-22.383,1.691,1.872,-4.903,2.468,0.423,10.0,240,223,0.9292,0,219,0,0,4,0,13,2,0,2,0,0,0.604
d12m1,balanced,long,mixed,20,5,ALL,148,148,0.031,0.13,-7.417,-11.792,0.021,0.024,-0.415,0.03,0.48,20.0,2958,2940,0.9939,2,2939,0,0,1,0,12,1,0,5,0,1,0.573
d12m1,balanced,long,mixed,20,5,P1,63,63,-0.047,-0.17,-4.574,-6.734,-0.053,-0.053,-0.37,-0.047,0.457,20,1260,1255,0.996,0,1255,0,0,0,0,4,0,0,1,0,0,0.563
d12m1,balanced,long,mixed,20,5,P2,85,85,0.089,0.25,-8.283,-11.792,0.076,0.081,-0.448,0.087,0.497,20,1698,1685,0.9923,2,1684,0,0,1,0,8,1,0,4,0,1,0.582
d12m1,balanced,long,mixed,20,5,2023,12,12,-0.38,-0.68,-4.394,-4.394,-0.38,-0.38,-0.38,-0.38,0.421,20.0,240,240,1.0,0,240,0,0,0,0,0,0,0,0,0,0,0.536
d12m1,balanced,long,mixed,20,5,2024,51,51,0.032,0.1,-4.634,-6.734,0.024,0.024,-0.368,0.032,0.466,20,1020,1015,0.9951,0,1015,0,0,0,0,4,0,0,1,0,0,0.566
d12m1,balanced,long,mixed,20,5,2025,50,50,-0.014,-0.04,-5.942,-9.183,-0.018,-0.013,-0.508,-0.018,0.481,20.0,998,991,0.993,2,991,0,0,0,0,5,0,0,2,0,1,0.574
d12m1,balanced,long,mixed,20,5,2026,35,35,0.236,0.33,-9.588,-11.792,0.211,0.215,-0.361,0.236,0.519,20,700,694,0.9914,0,693,0,0,1,0,3,1,0,2,0,0,0.596
d12m1,balanced,long,mixed,20,20,ALL,145,145,0.393,0.64,-10.452,-17.176,0.328,0.352,-1.728,0.388,0.45,20,2898,2834,0.9779,2,2831,0,0,3,0,56,3,0,5,0,1,0.572
d12m1,balanced,long,mixed,20,20,P1,63,63,0.588,0.72,-6.769,-7.637,0.477,0.536,-1.281,0.588,0.444,20,1260,1237,0.9817,0,1237,0,0,0,0,22,0,0,1,0,0,0.563
d12m1,balanced,long,mixed,20,20,P2,82,82,0.244,0.27,-11.828,-17.176,0.213,0.211,-2.072,0.234,0.455,20.0,1638,1597,0.975,2,1594,0,0,3,0,34,3,0,4,0,1,0.579
d12m1,balanced,long,mixed,20,20,2023,12,12,-1.05,-1.12,-6.193,-6.193,-1.138,-1.042,-2.853,-1.05,0.39,20.0,240,236,0.9833,0,236,0,0,0,0,4,0,0,0,0,0,0.536
d12m1,balanced,long,mixed,20,20,2024,51,51,0.974,1.02,-6.96,-7.637,0.857,0.907,-0.911,0.974,0.457,20,1020,1001,0.9814,0,1001,0,0,0,0,18,0,0,1,0,0,0.566
d12m1,balanced,long,mixed,20,20,2025,50,50,0.061,0.05,-12.432,-17.176,0.078,0.052,-1.958,0.045,0.45,20.0,998,976,0.978,2,976,0,0,0,0,20,0,0,2,0,1,0.574
d12m1,balanced,long,mixed,20,20,2026,32,32,0.529,0.39,-10.92,-11.267,0.425,0.461,-2.25,0.529,0.463,20.0,640,621,0.9703,0,618,0,0,3,0,14,3,0,2,0,0,0.59
d12m1,balanced,long,mixed,20,63,ALL,137,137,1.947,1.27,-17.895,-24.17,1.924,1.687,-3.781,1.93,0.439,20,2738,2592,0.9467,2,2581,0,0,11,0,138,3,0,5,0,1,0.568
d12m1,balanced,long,mixed,20,63,P1,63,63,1.669,1.87,-7.544,-9.314,1.621,1.525,-2.48,1.669,0.426,20,1260,1212,0.9619,0,1212,0,0,0,0,47,0,0,1,0,0,0.563
d12m1,balanced,long,mixed,20,63,P2,74,74,2.183,0.81,-20.143,-24.17,2.182,1.825,-4.888,2.152,0.45,20.0,1478,1380,0.9337,2,1369,0,0,11,0,91,3,0,4,0,1,0.573
d12m1,balanced,long,mixed,20,63,2023,12,12,3.829,2.49,-4.654,-4.654,3.3,3.641,-2.462,3.829,0.444,20.0,240,227,0.9458,0,227,0,0,0,0,13,0,0,0,0,0,0.536
d12m1,balanced,long,mixed,20,63,2024,51,51,1.161,1.39,-8.044,-9.314,1.226,1.027,-2.484,1.161,0.422,20,1020,985,0.9657,0,985,0,0,0,0,34,0,0,1,0,0,0.566
d12m1,balanced,long,mixed,20,63,2025,50,50,3.517,1.09,-16.33,-17.134,3.649,3.105,-3.595,3.471,0.476,20.0,998,932,0.9339,2,926,0,0,6,0,64,0,0,2,0,1,0.574
d12m1,balanced,long,mixed,20,63,2026,24,24,-0.596,-0.13,-23.013,-24.17,-0.874,-0.843,-7.582,-0.596,0.397,20.0,480,448,0.9333,0,443,0,0,5,0,27,3,0,2,0,0,0.574
d12m1,balanced,long,stock,10,5,ALL,148,148,0.13,0.43,-9.128,-13.808,0.12,0.121,-0.486,0.131,0.488,10.0,1479,1466,0.9912,1,1466,0,0,0,0,8,1,0,4,0,1,0.598
d12m1,balanced,long,stock,10,5,P1,63,63,0.078,0.22,-5.728,-6.999,0.065,0.068,-0.411,0.078,0.483,10,630,626,0.9937,0,626,0,0,0,0,3,0,0,1,0,0,0.579
d12m1,balanced,long,stock,10,5,P2,85,85,0.169,0.37,-10.636,-13.808,0.162,0.16,-0.541,0.171,0.491,10,849,840,0.9894,1,840,0,0,0,0,5,1,0,3,0,1,0.611
d12m1,balanced,long,stock,10,5,2023,12,12,-0.59,-0.74,-6.343,-6.343,-0.59,-0.59,-0.59,-0.59,0.458,10.0,120,120,1.0,0,120,0,0,0,0,0,0,0,0,0,0,0.6
d12m1,balanced,long,stock,10,5,2024,51,51,0.235,0.61,-5.445,-6.999,0.219,0.223,-0.369,0.235,0.489,10,510,506,0.9922,0,506,0,0,0,0,3,0,0,1,0,0,0.574
d12m1,balanced,long,stock,10,5,2025,50,50,-0.014,-0.03,-7.399,-12.197,-0.032,-0.015,-0.811,-0.011,0.477,10.0,499,494,0.99,1,494,0,0,0,0,4,0,0,1,0,1,0.606
d12m1,balanced,long,stock,10,5,2026,35,35,0.431,0.46,-11.854,-13.808,0.439,0.41,-0.155,0.431,0.51,10,350,346,0.9886,0,346,0,0,0,0,1,1,0,2,0,0,0.618
d12m1,balanced,long,stock,10,20,ALL,145,145,0.933,1.23,-12.446,-17.186,0.873,0.882,-1.21,0.926,0.496,10,1449,1415,0.9765,1,1413,0,0,2,0,27,3,0,4,0,1,0.597
d12m1,balanced,long,stock,10,20,P1,63,63,1.033,1.04,-8.018,-9.013,0.953,0.979,-0.34,1.033,0.512,10,630,621,0.9857,0,621,0,0,0,0,8,0,0,1,0,0,0.579
d12m1,balanced,long,stock,10,20,P2,82,82,0.855,0.78,-13.862,-17.186,0.811,0.807,-1.878,0.844,0.483,10.0,819,794,0.9695,1,792,0,0,2,0,19,3,0,3,0,1,0.61
d12m1,balanced,long,stock,10,20,2023,12,12,-1.642,-1.66,-9.013,-9.013,-1.642,-1.642,-1.642,-1.642,0.408,10.0,120,120,1.0,0,120,0,0,0,0,0,0,0,0,0,0,0.6
d12m1,balanced,long,stock,10,20,2024,51,51,1.663,1.46,-7.686,-8.157,1.564,1.595,-0.033,1.663,0.536,10,510,501,0.9824,0,501,0,0,0,0,8,0,0,1,0,0,0.574
d12m1,balanced,long,stock,10,20,2025,50,50,0.287,0.21,-14.0,-17.186,0.332,0.295,-2.293,0.269,0.473,10.0,499,485,0.9719,1,485,0,0,0,0,13,0,0,1,0,1,0.606
d12m1,balanced,long,stock,10,20,2026,32,32,1.743,0.94,-13.655,-14.225,1.56,1.608,-1.23,1.743,0.499,10.0,320,309,0.9656,0,307,0,0,2,0,6,3,0,2,0,0,0.616
d12m1,balanced,long,stock,10,63,ALL,137,137,3.267,2.06,-19.019,-24.805,3.199,2.833,-3.553,3.247,0.471,10,1369,1283,0.9372,1,1276,0,0,7,0,80,2,0,4,0,1,0.595
d12m1,balanced,long,stock,10,63,P1,63,63,2.994,2.92,-8.599,-9.183,2.897,2.753,-1.519,2.994,0.481,10,630,604,0.9587,0,604,0,0,0,0,25,0,0,1,0,0,0.579
d12m1,balanced,long,stock,10,63,P2,74,74,3.5,1.26,-20.744,-24.805,3.457,2.901,-5.285,3.463,0.462,10.0,739,679,0.9188,1,672,0,0,7,0,55,2,0,3,0,1,0.607
d12m1,balanced,long,stock,10,63,2023,12,12,5.202,3.21,-7.472,-7.472,4.36,4.729,-0.812,5.202,0.484,10.0,120,114,0.95,0,114,0,0,0,0,6,0,0,0,0,0,0.6
d12m1,balanced,long,stock,10,63,2024,51,51,2.474,2.44,-8.975,-9.183,2.553,2.287,-1.685,2.474,0.48,10,510,490,0.9608,0,490,0,0,0,0,19,0,0,1,0,0,0.574
d12m1,balanced,long,stock,10,63,2025,50,50,4.034,1.4,-17.27,-18.237,4.377,3.448,-5.211,3.979,0.483,10.0,499,457,0.9158,1,454,0,0,3,0,41,0,0,1,0,1,0.606
d12m1,balanced,long,stock,10,63,2026,24,24,2.388,0.38,-23.314,-24.805,1.539,1.763,-5.438,2.388,0.418,10.0,240,222,0.925,0,218,0,0,4,0,14,2,0,2,0,0,0.609
d12m1,balanced,long,stock,20,5,ALL,148,148,0.101,0.42,-7.642,-11.792,0.091,0.094,-0.378,0.105,0.498,20.0,2949,2930,0.9936,11,2929,0,0,1,0,12,2,0,5,0,1,0.556
d12m1,balanced,long,stock,20,5,P1,63,63,0.115,0.38,-4.843,-7.048,0.107,0.107,-0.21,0.115,0.491,20,1260,1255,0.996,0,1255,0,0,0,0,4,0,0,1,0,0,0.538
d12m1,balanced,long,stock,20,5,P2,85,85,0.092,0.25,-8.521,-11.792,0.08,0.084,-0.503,0.098,0.503,20,1689,1675,0.9917,11,1674,0,0,1,0,8,2,0,4,0,1,0.57
d12m1,balanced,long,stock,20,5,2023,12,12,-0.251,-0.42,-4.517,-4.517,-0.251,-0.251,-0.251,-0.251,0.467,20.0,240,240,1.0,0,240,0,0,0,0,0,0,0,0,0,0,0.527
d12m1,balanced,long,stock,20,5,2024,51,51,0.201,0.59,-4.952,-7.048,0.191,0.191,-0.201,0.201,0.496,20,1020,1015,0.9951,0,1015,0,0,0,0,4,0,0,1,0,0,0.54
d12m1,balanced,long,stock,20,5,2025,50,50,-0.006,-0.02,-6.102,-9.311,-0.013,-0.008,-0.503,0.005,0.493,20.0,989,982,0.9929,11,982,0,0,0,0,5,0,0,2,0,1,0.568
d12m1,balanced,long,stock,20,5,2026,35,35,0.231,0.32,-10.119,-11.792,0.213,0.217,-0.503,0.231,0.517,20,700,693,0.99,0,692,0,0,1,0,3,2,0,2,0,0,0.575
d12m1,balanced,long,stock,20,20,ALL,145,145,0.5,0.78,-11.177,-17.176,0.431,0.46,-1.832,0.472,0.476,20,2889,2819,0.9758,11,2816,0,0,3,0,61,4,0,5,0,1,0.557
d12m1,balanced,long,stock,20,20,P1,63,63,0.986,1.17,-6.927,-8.058,0.858,0.928,-1.295,0.986,0.503,20,1260,1232,0.9778,0,1232,0,0,0,0,27,0,0,1,0,0,0.538
d12m1,balanced,long,stock,20,20,P2,82,82,0.127,0.14,-12.515,-17.176,0.102,0.101,-2.245,0.077,0.454,20.0,1629,1587,0.9742,11,1584,0,0,3,0,34,4,0,4,0,1,0.571
d12m1,balanced,long,stock,20,20,2023,12,12,-0.836,-0.84,-6.249,-6.249,-0.958,-0.806,-3.906,-0.836,0.427,20.0,240,233,0.9708,0,233,0,0,0,0,7,0,0,0,0,0,0.527
d12m1,balanced,long,stock,20,20,2024,51,51,1.415,1.42,-7.154,-8.058,1.286,1.337,-0.681,1.415,0.521,20,1020,999,0.9794,0,999,0,0,0,0,20,0,0,1,0,0,0.54
d12m1,balanced,long,stock,20,20,2025,50,50,-0.101,-0.09,-12.599,-17.176,-0.079,-0.105,-2.116,-0.183,0.457,20.0,989,967,0.9778,11,967,0,0,0,0,20,0,0,2,0,1,0.568
d12m1,balanced,long,stock,20,20,2026,32,32,0.483,0.32,-12.387,-12.843,0.386,0.423,-2.446,0.483,0.45,20.0,640,620,0.9688,0,617,0,0,3,0,14,4,0,2,0,0,0.577
d12m1,balanced,long,stock,20,63,ALL,137,137,2.661,1.69,-18.389,-26.324,2.621,2.391,-3.317,2.57,0.474,20,2729,2577,0.9443,11,2565,0,0,12,0,144,3,0,5,0,1,0.553
d12m1,balanced,long,stock,20,63,P1,63,63,3.363,3.16,-7.222,-9.314,3.251,3.167,-1.268,3.363,0.504,20,1260,1207,0.9579,0,1207,0,0,0,0,52,0,0,1,0,0,0.538
d12m1,balanced,long,stock,20,63,P2,74,74,2.064,0.76,-21.754,-26.324,2.084,1.731,-5.062,1.896,0.449,20.0,1469,1370,0.9326,11,1358,0,0,12,0,92,3,0,4,0,1,0.566
d12m1,balanced,long,stock,20,63,2023,12,12,5.606,2.81,-3.285,-3.285,4.956,5.353,-2.133,5.606,0.493,20.0,240,224,0.9333,0,224,0,0,0,0,16,0,0,0,0,0,0.527
d12m1,balanced,long,stock,20,63,2024,51,51,2.835,2.8,-7.779,-9.314,2.851,2.653,-1.065,2.835,0.507,20,1020,983,0.9637,0,983,0,0,0,0,36,0,0,1,0,0,0.54
d12m1,balanced,long,stock,20,63,2025,50,50,3.548,1.12,-14.398,-16.28,3.707,3.168,-3.65,3.299,0.477,20.0,989,922,0.9323,11,915,0,0,7,0,65,0,0,2,0,1,0.568
d12m1,balanced,long,stock,20,63,2026,24,24,-1.028,-0.2,-25.16,-26.324,-1.296,-1.264,-8.002,-1.028,0.391,20.0,480,448,0.9333,0,443,0,0,5,0,27,3,0,2,0,0,0.563
d12m1,balanced,mid,mixed,10,5,ALL,148,148,0.214,0.78,-7.948,-10.577,0.209,0.21,-0.327,0.214,0.474,10.0,1480,1468,0.9919,0,1468,0,0,0,0,7,1,0,4,0,0,0.652
d12m1,balanced,mid,mixed,10,5,P1,63,63,0.008,0.03,-4.733,-5.947,0.003,0.005,-0.314,0.008,0.436,10,630,627,0.9952,0,627,0,0,0,0,2,0,0,1,0,0,0.648
d12m1,balanced,mid,mixed,10,5,P2,85,85,0.367,0.87,-9.193,-10.577,0.362,0.361,-0.337,0.367,0.503,10,850,841,0.9894,0,841,0,0,0,0,5,1,0,3,0,0,0.656
d12m1,balanced,mid,mixed,10,5,2023,12,12,-0.568,-0.94,-4.637,-4.637,-0.568,-0.568,-0.568,-0.568,0.392,10.0,120,120,1.0,0,120,0,0,0,0,0,0,0,0,0,0,0.627
d12m1,balanced,mid,mixed,10,5,2024,51,51,0.144,0.42,-4.589,-5.947,0.138,0.14,-0.254,0.144,0.447,10,510,507,0.9941,0,507,0,0,0,0,2,0,0,1,0,0,0.648
d12m1,balanced,mid,mixed,10,5,2025,50,50,0.267,0.63,-6.437,-8.803,0.259,0.275,-0.52,0.267,0.497,10.0,500,495,0.99,0,495,0,0,0,0,4,0,0,1,0,0,0.657
d12m1,balanced,mid,mixed,10,5,2026,35,35,0.511,0.62,-10.253,-10.577,0.51,0.485,-0.077,0.511,0.511,10,350,346,0.9886,0,346,0,0,0,0,1,1,0,2,0,0,0.656
d12m1,balanced,mid,mixed,10,20,ALL,145,145,0.477,0.64,-10.782,-14.02,0.411,0.436,-1.664,0.477,0.438,10,1450,1416,0.9766,0,1414,0,0,2,0,27,3,0,4,0,0,0.649
d12m1,balanced,mid,mixed,10,20,P1,63,63,0.196,0.2,-6.806,-8.16,0.136,0.174,-0.987,0.196,0.402,10,630,622,0.9873,0,622,0,0,0,0,7,0,0,1,0,0,0.648
d12m1,balanced,mid,mixed,10,20,P2,82,82,0.693,0.65,-11.391,-14.02,0.622,0.637,-2.185,0.693,0.466,10.0,820,794,0.9683,0,792,0,0,2,0,20,3,0,3,0,0,0.652
d12m1,balanced,mid,mixed,10,20,2023,12,12,-2.458,-3.34,-5.615,-5.615,-2.458,-2.458,-2.458,-2.458,0.317,10.0,120,120,1.0,0,120,0,0,0,0,0,0,0,0,0,0,0.627
d12m1,balanced,mid,mixed,10,20,2024,51,51,0.821,0.71,-7.054,-8.16,0.747,0.793,-0.641,0.821,0.422,10,510,502,0.9843,0,502,0,0,0,0,7,0,0,1,0,0,0.648
d12m1,balanced,mid,mixed,10,20,2025,50,50,-0.071,-0.06,-11.709,-14.02,-0.025,-0.061,-2.65,-0.071,0.446,10.0,500,486,0.972,0,486,0,0,0,0,13,0,0,1,0,0,0.657
d12m1,balanced,mid,mixed,10,20,2026,32,32,1.887,1.05,-10.914,-11.501,1.633,1.729,-1.457,1.887,0.498,10.0,320,308,0.9625,0,306,0,0,2,0,7,3,0,2,0,0,0.645
d12m1,balanced,mid,mixed,10,63,ALL,137,137,1.639,1.06,-18.106,-22.634,1.625,1.325,-4.667,1.639,0.415,10,1370,1289,0.9409,0,1283,0,0,6,0,76,1,0,4,0,0,0.646
d12m1,balanced,mid,mixed,10,63,P1,63,63,1.02,0.89,-9.883,-11.969,0.935,0.93,-2.336,1.02,0.381,10,630,610,0.9683,0,610,0,0,0,0,19,0,0,1,0,0,0.648
d12m1,balanced,mid,mixed,10,63,P2,74,74,2.166,0.82,-19.88,-22.634,2.212,1.661,-6.652,2.166,0.444,10.0,740,679,0.9176,0,673,0,0,6,0,57,1,0,3,0,0,0.647
d12m1,balanced,mid,mixed,10,63,2023,12,12,0.948,1.11,-11.969,-11.969,0.238,0.654,-5.812,0.948,0.357,10.0,120,113,0.9417,0,113,0,0,0,0,7,0,0,0,0,0,0.627
d12m1,balanced,mid,mixed,10,63,2024,51,51,1.037,0.74,-9.188,-9.39,1.099,0.994,-1.519,1.037,0.387,10,510,497,0.9745,0,497,0,0,0,0,12,0,0,1,0,0,0.648
d12m1,balanced,mid,mixed,10,63,2025,50,50,2.497,0.87,-18.58,-20.736,2.99,2.088,-6.309,2.497,0.459,10.0,500,459,0.918,0,457,0,0,2,0,40,0,0,1,0,0,0.657
d12m1,balanced,mid,mixed,10,63,2026,24,24,1.475,0.27,-20.141,-22.634,0.592,0.772,-7.366,1.475,0.415,10.0,240,220,0.9167,0,216,0,0,4,0,17,1,0,2,0,0,0.626
d12m1,balanced,mid,mixed,20,5,ALL,148,148,0.113,0.5,-6.846,-10.728,0.105,0.108,-0.331,0.111,0.488,20.0,2957,2938,0.9936,3,2937,0,0,1,0,11,2,0,6,0,1,0.595
d12m1,balanced,mid,mixed,20,5,P1,63,63,-0.016,-0.06,-4.544,-6.189,-0.023,-0.022,-0.42,-0.016,0.456,20,1260,1254,0.9952,0,1254,0,0,0,0,5,0,0,1,0,0,0.593
d12m1,balanced,mid,mixed,20,5,P2,85,85,0.208,0.63,-7.762,-10.728,0.201,0.204,-0.265,0.205,0.512,20,1697,1684,0.9923,3,1683,0,0,1,0,6,2,0,5,0,1,0.596
d12m1,balanced,mid,mixed,20,5,2023,12,12,-0.283,-0.57,-3.662,-3.662,-0.283,-0.283,-0.283,-0.283,0.417,20.0,240,240,1.0,0,240,0,0,0,0,0,0,0,0,0,0,0.591
d12m1,balanced,mid,mixed,20,5,2024,51,51,0.046,0.14,-4.838,-6.189,0.038,0.039,-0.452,0.046,0.465,20,1020,1014,0.9941,0,1014,0,0,0,0,5,0,0,1,0,0,0.593
d12m1,balanced,mid,mixed,20,5,2025,50,50,0.094,0.29,-5.37,-8.648,0.09,0.096,-0.302,0.09,0.499,20.0,997,990,0.993,3,990,0,0,0,0,4,0,0,3,0,1,0.591
d12m1,balanced,mid,mixed,20,5,2026,35,35,0.371,0.57,-9.453,-10.728,0.359,0.358,-0.211,0.371,0.531,20,700,694,0.9914,0,693,0,0,1,0,2,2,0,2,0,0,0.607
d12m1,balanced,mid,mixed,20,20,ALL,145,145,0.31,0.51,-10.272,-15.108,0.252,0.279,-1.689,0.302,0.445,20,2897,2835,0.9786,3,2832,0,0,3,0,53,3,0,6,0,1,0.592
d12m1,balanced,mid,mixed,20,20,P1,63,63,0.275,0.35,-7.121,-7.637,0.194,0.242,-1.322,0.275,0.425,20,1260,1240,0.9841,0,1240,0,0,0,0,19,0,0,1,0,0,0.593
d12m1,balanced,mid,mixed,20,20,P2,82,82,0.338,0.38,-11.639,-15.108,0.297,0.307,-1.972,0.324,0.46,20.0,1637,1595,0.9743,3,1592,0,0,3,0,34,3,0,5,0,1,0.591
d12m1,balanced,mid,mixed,20,20,2023,12,12,-1.34,-1.59,-4.474,-4.474,-1.394,-1.325,-3.538,-1.34,0.362,20.0,240,235,0.9792,0,235,0,0,0,0,5,0,0,0,0,0,0.591
d12m1,balanced,mid,mixed,20,20,2024,51,51,0.654,0.71,-7.326,-7.637,0.567,0.611,-0.8,0.654,0.44,20,1020,1005,0.9853,0,1005,0,0,0,0,14,0,0,1,0,0,0.593
d12m1,balanced,mid,mixed,20,20,2025,50,50,0.078,0.07,-11.901,-15.108,0.089,0.067,-1.833,0.054,0.452,20.0,997,975,0.9779,3,975,0,0,0,0,19,0,0,3,0,1,0.591
d12m1,balanced,mid,mixed,20,20,2026,32,32,0.745,0.51,-11.246,-11.717,0.621,0.682,-2.188,0.745,0.473,20.0,640,620,0.9688,0,617,0,0,3,0,15,3,0,2,0,0,0.597
d12m1,balanced,mid,mixed,20,63,ALL,137,137,1.588,1.01,-17.404,-23.124,1.585,1.372,-3.79,1.563,0.434,20,2737,2598,0.9492,3,2587,0,0,11,0,131,2,0,6,0,1,0.588
d12m1,balanced,mid,mixed,20,63,P1,63,63,0.842,1.29,-7.927,-8.865,0.853,0.758,-2.749,0.842,0.409,20,1260,1218,0.9667,0,1218,0,0,0,0,41,0,0,1,0,0,0.593
d12m1,balanced,mid,mixed,20,63,P2,74,74,2.223,0.8,-19.057,-23.124,2.208,1.895,-4.676,2.177,0.455,20.0,1477,1380,0.9343,3,1369,0,0,11,0,90,2,0,5,0,1,0.584
d12m1,balanced,mid,mixed,20,63,2023,12,12,0.783,1.75,-4.483,-4.483,0.414,0.728,-5.797,0.783,0.398,20.0,240,226,0.9417,0,226,0,0,0,0,14,0,0,0,0,0,0.591
d12m1,balanced,mid,mixed,20,63,2024,51,51,0.856,1.07,-8.414,-8.865,0.956,0.765,-2.032,0.856,0.411,20,1020,992,0.9725,0,992,0,0,0,0,27,0,0,1,0,0,0.593
d12m1,balanced,mid,mixed,20,63,2025,50,50,3.777,1.12,-15.962,-16.234,3.863,3.394,-2.884,3.709,0.485,20.0,997,934,0.9368,3,928,0,0,6,0,60,0,0,3,0,1,0.591
d12m1,balanced,mid,mixed,20,63,2026,24,24,-1.014,-0.21,-21.234,-23.124,-1.24,-1.226,-8.411,-1.014,0.391,20.0,480,446,0.9292,0,441,0,0,5,0,30,2,0,2,0,0,0.574
d12m1,balanced,mid,stock,10,5,ALL,148,148,0.241,0.84,-8.147,-10.577,0.233,0.233,-0.304,0.242,0.493,10.0,1479,1467,0.9919,1,1467,0,0,0,0,7,1,0,4,0,1,0.635
d12m1,balanced,mid,stock,10,5,P1,63,63,0.046,0.14,-4.982,-5.958,0.04,0.041,-0.277,0.046,0.477,10,630,627,0.9952,0,627,0,0,0,0,2,0,0,1,0,0,0.631
d12m1,balanced,mid,stock,10,5,P2,85,85,0.386,0.88,-9.568,-10.577,0.376,0.375,-0.324,0.387,0.504,10,849,840,0.9894,1,840,0,0,0,0,5,1,0,3,0,1,0.639
d12m1,balanced,mid,stock,10,5,2023,12,12,-0.571,-0.82,-4.637,-4.637,-0.571,-0.571,-0.571,-0.571,0.45,10.0,120,120,1.0,0,120,0,0,0,0,0,0,0,0,0,0,0.618
d12m1,balanced,mid,stock,10,5,2024,51,51,0.192,0.52,-5.097,-5.958,0.183,0.185,-0.208,0.192,0.484,10,510,507,0.9941,0,507,0,0,0,0,2,0,0,1,0,0,0.634
d12m1,balanced,mid,stock,10,5,2025,50,50,0.164,0.38,-7.156,-10.207,0.147,0.163,-0.632,0.166,0.497,10.0,499,494,0.99,1,494,0,0,0,0,4,0,0,1,0,1,0.627
d12m1,balanced,mid,stock,10,5,2026,35,35,0.704,0.82,-10.253,-10.577,0.703,0.678,0.117,0.704,0.513,10,350,346,0.9886,0,346,0,0,0,0,1,1,0,2,0,0,0.656
d12m1,balanced,mid,stock,10,20,ALL,145,145,0.792,1.04,-11.313,-14.02,0.729,0.755,-1.346,0.786,0.483,10,1449,1415,0.9765,1,1413,0,0,2,0,27,3,0,4,0,1,0.633
d12m1,balanced,mid,stock,10,20,P1,63,63,1.109,1.05,-6.664,-7.592,1.038,1.076,-0.085,1.109,0.505,10,630,622,0.9873,0,622,0,0,0,0,7,0,0,1,0,0,0.631
d12m1,balanced,mid,stock,10,20,P2,82,82,0.548,0.51,-12.416,-14.02,0.492,0.508,-2.314,0.537,0.467,10.0,819,793,0.9683,1,791,0,0,2,0,20,3,0,3,0,1,0.637
d12m1,balanced,mid,stock,10,20,2023,12,12,-1.779,-1.61,-6.052,-6.052,-1.779,-1.779,-1.779,-1.779,0.383,10.0,120,120,1.0,0,120,0,0,0,0,0,0,0,0,0,0,0.618
d12m1,balanced,mid,stock,10,20,2024,51,51,1.789,1.48,-6.865,-7.592,1.7,1.748,0.313,1.789,0.533,10,510,502,0.9843,0,502,0,0,0,0,7,0,0,1,0,0,0.634
d12m1,balanced,mid,stock,10,20,2025,50,50,-0.387,-0.31,-12.794,-14.02,-0.309,-0.345,-2.934,-0.405,0.444,10.0,499,485,0.9719,1,485,0,0,0,0,13,0,0,1,0,1,0.627
d12m1,balanced,mid,stock,10,20,2026,32,32,2.008,1.11,-11.848,-12.196,1.743,1.842,-1.344,2.008,0.501,10.0,320,308,0.9625,0,306,0,0,2,0,7,3,0,2,0,0,0.652
d12m1,balanced,mid,stock,10,63,ALL,137,137,2.895,1.88,-18.067,-22.636,2.835,2.49,-3.979,2.875,0.472,10,1369,1282,0.9364,1,1276,0,0,6,0,82,1,0,4,0,1,0.63
d12m1,balanced,mid,stock,10,63,P1,63,63,2.978,3.04,-9.41,-12.009,2.97,2.838,-1.105,2.978,0.491,10,630,606,0.9619,0,606,0,0,0,0,23,0,0,1,0,0,0.631
d12m1,balanced,mid,stock,10,63,P2,74,74,2.824,1.03,-19.976,-22.636,2.719,2.193,-6.425,2.787,0.455,10.0,739,676,0.9147,1,670,0,0,6,0,59,1,0,3,0,1,0.632
d12m1,balanced,mid,stock,10,63,2023,12,12,3.78,3.83,-12.009,-12.009,2.937,3.353,-3.113,3.78,0.463,10.0,120,113,0.9417,0,113,0,0,0,0,7,0,0,0,0,0,0.618
d12m1,balanced,mid,stock,10,63,2024,51,51,2.79,2.38,-8.544,-9.183,2.978,2.717,-0.633,2.79,0.497,10,510,493,0.9667,0,493,0,0,0,0,16,0,0,1,0,0,0.634
d12m1,balanced,mid,stock,10,63,2025,50,50,3.35,1.18,-16.731,-17.155,3.655,2.788,-6.06,3.295,0.471,10.0,499,456,0.9138,1,454,0,0,2,0,42,0,0,1,0,1,0.627
d12m1,balanced,mid,stock,10,63,2026,24,24,1.728,0.3,-21.685,-22.636,0.769,0.954,-7.184,1.728,0.422,10.0,240,220,0.9167,0,216,0,0,4,0,17,1,0,2,0,0,0.639
d12m1,balanced,mid,stock,20,5,ALL,148,148,0.156,0.68,-7.128,-10.728,0.147,0.15,-0.321,0.16,0.501,20.0,2949,2929,0.9932,11,2928,0,0,1,0,12,2,0,6,0,1,0.582
d12m1,balanced,mid,stock,20,5,P1,63,63,0.112,0.38,-4.681,-6.347,0.105,0.107,-0.291,0.112,0.488,20,1260,1254,0.9952,0,1254,0,0,0,0,5,0,0,1,0,0,0.581
d12m1,balanced,mid,stock,20,5,P2,85,85,0.189,0.56,-8.055,-10.728,0.179,0.182,-0.344,0.195,0.511,20,1689,1675,0.9917,11,1674,0,0,1,0,7,2,0,5,0,1,0.582
d12m1,balanced,mid,stock,20,5,2023,12,12,-0.066,-0.12,-4.102,-4.102,-0.066,-0.066,-0.066,-0.066,0.471,20.0,240,240,1.0,0,240,0,0,0,0,0,0,0,0,0,0,0.564
d12m1,balanced,mid,stock,20,5,2024,51,51,0.154,0.46,-4.874,-6.347,0.146,0.147,-0.344,0.154,0.492,20,1020,1014,0.9941,0,1014,0,0,0,0,5,0,0,1,0,0,0.585
d12m1,balanced,mid,stock,20,5,2025,50,50,0.088,0.26,-5.894,-8.849,0.08,0.085,-0.41,0.1,0.507,20.0,989,981,0.9919,11,981,0,0,0,0,5,0,0,3,0,1,0.574
d12m1,balanced,mid,stock,20,5,2026,35,35,0.332,0.5,-9.914,-10.728,0.32,0.319,-0.25,0.332,0.516,20,700,694,0.9914,0,693,0,0,1,0,2,2,0,2,0,0,0.594
d12m1,balanced,mid,stock,20,20,ALL,145,145,0.388,0.63,-11.173,-16.53,0.336,0.363,-1.75,0.36,0.474,20,2889,2823,0.9772,11,2820,0,0,3,0,57,3,0,6,0,1,0.58
d12m1,balanced,mid,stock,20,20,P1,63,63,0.659,0.84,-7.333,-7.744,0.574,0.623,-1.187,0.659,0.495,20,1260,1237,0.9817,0,1237,0,0,0,0,22,0,0,1,0,0,0.581
d12m1,balanced,mid,stock,20,20,P2,82,82,0.18,0.2,-13.076,-16.53,0.153,0.163,-2.182,0.13,0.458,20.0,1629,1586,0.9736,11,1583,0,0,3,0,35,3,0,5,0,1,0.578
d12m1,balanced,mid,stock,20,20,2023,12,12,-0.919,-0.93,-6.374,-6.374,-0.961,-0.893,-3.529,-0.919,0.414,20.0,240,234,0.975,0,234,0,0,0,0,6,0,0,0,0,0,0.564
d12m1,balanced,mid,stock,20,20,2024,51,51,1.03,1.11,-7.609,-7.744,0.935,0.98,-0.636,1.03,0.515,20,1020,1003,0.9833,0,1003,0,0,0,0,16,0,0,1,0,0,0.585
d12m1,balanced,mid,stock,20,20,2025,50,50,-0.053,-0.05,-13.244,-16.53,-0.023,-0.045,-2.055,-0.135,0.46,20.0,989,966,0.9767,11,966,0,0,0,0,20,0,0,3,0,1,0.574
d12m1,balanced,mid,stock,20,20,2026,32,32,0.545,0.35,-12.822,-14.1,0.428,0.489,-2.38,0.545,0.455,20.0,640,620,0.9688,0,617,0,0,3,0,15,3,0,2,0,0,0.587
d12m1,balanced,mid,stock,20,63,ALL,137,137,2.424,1.54,-18.223,-24.903,2.395,2.204,-3.563,2.333,0.469,20,2729,2575,0.9436,11,2564,0,0,11,0,146,2,0,6,0,1,0.576
d12m1,balanced,mid,stock,20,63,P1,63,63,2.62,3.75,-7.275,-8.273,2.566,2.487,-1.708,2.62,0.484,20,1260,1210,0.9603,0,1210,0,0,0,0,49,0,0,1,0,0,0.581
d12m1,balanced,mid,stock,20,63,P2,74,74,2.258,0.8,-20.892,-24.903,2.25,1.963,-5.141,2.09,0.455,20.0,1469,1365,0.9292,11,1354,0,0,11,0,97,2,0,5,0,1,0.572
d12m1,balanced,mid,stock,20,63,2023,12,12,4.08,3.18,-2.733,-2.733,3.534,3.897,-4.015,4.08,0.469,20.0,240,223,0.9292,0,223,0,0,0,0,17,0,0,0,0,0,0.564
d12m1,balanced,mid,stock,20,63,2024,51,51,2.276,3.17,-7.677,-8.273,2.338,2.156,-1.165,2.276,0.488,20,1020,987,0.9676,0,987,0,0,0,0,32,0,0,1,0,0,0.585
d12m1,balanced,mid,stock,20,63,2025,50,50,4.047,1.22,-15.422,-17.206,4.138,3.705,-3.257,3.798,0.491,20.0,989,920,0.9302,11,914,0,0,6,0,66,0,0,3,0,1,0.574
d12m1,balanced,mid,stock,20,63,2026,24,24,-1.47,-0.29,-23.27,-24.903,-1.683,-1.667,-9.068,-1.47,0.381,20.0,480,445,0.9271,0,440,0,0,5,0,31,2,0,2,0,0,0.57
d12m1,balanced,short,mixed,10,5,ALL,148,148,0.113,0.42,-7.155,-12.649,0.108,0.104,-0.366,0.113,0.472,10.0,1480,1471,0.9939,0,1471,0,0,0,0,6,1,0,2,0,0,0.685
d12m1,balanced,short,mixed,10,5,P1,63,63,-0.048,-0.14,-4.159,-4.263,-0.052,-0.05,-0.212,-0.048,0.411,10,630,628,0.9968,0,628,0,0,0,0,1,0,0,1,0,0,0.679
d12m1,balanced,short,mixed,10,5,P2,85,85,0.232,0.59,-8.631,-12.649,0.226,0.219,-0.48,0.232,0.517,10,850,843,0.9918,0,843,0,0,0,0,5,1,0,1,0,0,0.689
d12m1,balanced,short,mixed,10,5,2023,12,12,-0.07,-0.13,-4.212,-4.212,-0.07,-0.07,-0.07,-0.07,0.375,10.0,120,120,1.0,0,120,0,0,0,0,0,0,0,0,0,0,0.645
d12m1,balanced,short,mixed,10,5,2024,51,51,-0.042,-0.1,-4.141,-4.263,-0.047,-0.046,-0.245,-0.042,0.42,10,510,508,0.9961,0,508,0,0,0,0,1,0,0,1,0,0,0.686
d12m1,balanced,short,mixed,10,5,2025,50,50,0.227,0.5,-7.459,-11.854,0.221,0.223,-0.573,0.227,0.52,10.0,500,495,0.99,0,495,0,0,0,0,4,0,0,1,0,0,0.684
d12m1,balanced,short,mixed,10,5,2026,35,35,0.239,0.34,-9.504,-12.649,0.232,0.213,-0.348,0.239,0.511,10,350,348,0.9943,0,348,0,0,0,0,1,1,0,0,0,0,0.7
d12m1,balanced,short,mixed,10,20,ALL,145,145,-0.335,-0.53,-12.759,-18.433,-0.385,-0.338,-2.379,-0.335,0.419,10,1450,1419,0.9786,0,1418,0,0,1,0,27,2,0,2,0,0,0.684
d12m1,balanced,short,mixed,10,20,P1,63,63,-0.193,-0.22,-9.529,-11.351,-0.234,-0.198,-1.518,-0.193,0.382,10,630,621,0.9857,0,621,0,0,0,0,8,0,0,1,0,0,0.679
d12m1,balanced,short,mixed,10,20,P2,82,82,-0.444,-0.5,-13.89,-18.433,-0.501,-0.446,-3.041,-0.444,0.448,10.0,820,798,0.9732,0,797,0,0,1,0,19,2,0,1,0,0,0.688
d12m1,balanced,short,mixed,10,20,2023,12,12,-1.351,-3.0,-6.15,-6.15,-1.366,-1.362,-3.054,-1.351,0.308,10.0,120,118,0.9833,0,118,0,0,0,0,2,0,0,0,0,0,0.645
d12m1,balanced,short,mixed,10,20,2024,51,51,0.08,0.07,-10.328,-11.351,0.033,0.076,-1.157,0.08,0.399,10,510,503,0.9863,0,503,0,0,0,0,6,0,0,1,0,0,0.686
d12m1,balanced,short,mixed,10,20,2025,50,50,-0.581,-0.48,-15.239,-18.433,-0.556,-0.541,-3.142,-0.581,0.442,10.0,500,486,0.972,0,486,0,0,0,0,13,0,0,1,0,0,0.684
d12m1,balanced,short,mixed,10,20,2026,32,32,-0.23,-0.17,-11.866,-12.262,-0.413,-0.297,-2.883,-0.23,0.456,10.0,320,312,0.975,0,311,0,0,1,0,6,2,0,0,0,0,0.697
d12m1,balanced,short,mixed,10,63,ALL,137,137,-0.106,-0.06,-17.443,-20.553,0.128,-0.134,-5.333,-0.106,0.387,10,1370,1301,0.9496,0,1297,0,0,4,0,67,0,0,2,0,0,0.682
d12m1,balanced,short,mixed,10,63,P1,63,63,-0.241,-0.19,-10.981,-11.336,-0.167,-0.325,-3.93,-0.241,0.34,10,630,608,0.9651,0,608,0,0,0,0,21,0,0,1,0,0,0.679
d12m1,balanced,short,mixed,10,63,P2,74,74,0.009,0.0,-19.118,-20.553,0.379,0.027,-6.528,0.009,0.427,10.0,740,693,0.9365,0,689,0,0,4,0,46,0,0,1,0,0,0.685
d12m1,balanced,short,mixed,10,63,2023,12,12,-0.021,-0.01,-11.258,-11.258,-0.507,-0.369,-8.684,-0.021,0.303,10.0,120,111,0.925,0,111,0,0,0,0,9,0,0,0,0,0,0.645
d12m1,balanced,short,mixed,10,63,2024,51,51,-0.293,-0.19,-10.788,-11.336,-0.087,-0.314,-2.811,-0.293,0.348,10,510,497,0.9745,0,497,0,0,0,0,12,0,0,1,0,0,0.686
d12m1,balanced,short,mixed,10,63,2025,50,50,2.567,0.7,-19.036,-20.553,3.096,2.461,-4.431,2.567,0.469,10.0,500,466,0.932,0,465,0,0,1,0,33,0,0,1,0,0,0.684
d12m1,balanced,short,mixed,10,63,2026,24,24,-5.32,-2.09,-17.145,-19.363,-5.281,-5.042,-10.896,-5.32,0.339,10.0,240,227,0.9458,0,224,0,0,3,0,13,0,0,0,0,0,0.691
d12m1,balanced,short,mixed,20,5,ALL,148,148,-0.007,-0.03,-6.488,-10.969,-0.01,-0.009,-0.382,-0.004,0.475,20.0,2957,2942,0.9949,3,2942,0,0,0,0,10,1,0,4,0,1,0.638
d12m1,balanced,short,mixed,20,5,P1,63,63,-0.049,-0.18,-3.525,-4.028,-0.052,-0.049,-0.372,-0.042,0.441,20,1257,1252,0.996,3,1252,0,0,0,0,4,0,0,1,0,1,0.648
d12m1,balanced,short,mixed,20,5,P2,85,85,0.024,0.07,-7.64,-10.969,0.02,0.021,-0.389,0.024,0.5,20,1700,1690,0.9941,0,1690,0,0,0,0,6,1,0,3,0,0,0.632
d12m1,balanced,short,mixed,20,5,2023,12,12,-0.103,-0.22,-3.114,-3.114,-0.102,-0.093,-0.531,-0.071,0.439,20.0,237,236,0.9958,3,236,0,0,0,0,1,0,0,0,0,1,0.645
d12m1,balanced,short,mixed,20,5,2024,51,51,-0.036,-0.11,-3.662,-4.028,-0.04,-0.039,-0.335,-0.036,0.441,20,1020,1016,0.9961,0,1016,0,0,0,0,3,0,0,1,0,0,0.647
d12m1,balanced,short,mixed,20,5,2025,50,50,0.135,0.39,-5.833,-7.29,0.124,0.134,-0.366,0.135,0.504,20.0,1000,993,0.993,0,993,0,0,0,0,5,0,0,2,0,0,0.62
d12m1,balanced,short,mixed,20,5,2026,35,35,-0.135,-0.21,-9.345,-10.969,-0.129,-0.141,-0.422,-0.135,0.494,20,700,697,0.9957,0,697,0,0,0,0,1,1,0,1,0,0,0.654
d12m1,balanced,short,mixed,20,20,ALL,145,145,-0.357,-0.63,-10.799,-15.975,-0.401,-0.369,-1.919,-0.357,0.421,20,2897,2849,0.9834,3,2847,0,0,2,0,40,4,0,4,0,1,0.635
d12m1,balanced,short,mixed,20,20,P1,63,63,-0.278,-0.35,-7.724,-11.074,-0.309,-0.278,-1.439,-0.279,0.39,20,1257,1242,0.9881,3,1242,0,0,0,0,14,0,0,1,0,1,0.648
d12m1,balanced,short,mixed,20,20,P2,82,82,-0.417,-0.52,-11.484,-15.975,-0.471,-0.438,-2.288,-0.417,0.444,20.0,1640,1607,0.9799,0,1605,0,0,2,0,26,4,0,3,0,0,0.627
d12m1,balanced,short,mixed,20,20,2023,12,12,-1.476,-2.17,-3.955,-3.955,-1.465,-1.417,-3.627,-1.479,0.324,20.0,237,232,0.9789,3,232,0,0,0,0,5,0,0,0,0,1,0.645
d12m1,balanced,short,mixed,20,20,2024,51,51,0.003,0.0,-8.398,-11.074,-0.037,-0.011,-0.924,0.003,0.406,20,1020,1010,0.9902,0,1010,0,0,0,0,9,0,0,1,0,0,0.647
d12m1,balanced,short,mixed,20,20,2025,50,50,-0.367,-0.34,-12.214,-15.975,-0.382,-0.374,-2.075,-0.367,0.444,20.0,1000,981,0.981,0,981,0,0,0,0,17,0,0,2,0,0,0.62
d12m1,balanced,short,mixed,20,20,2026,32,32,-0.496,-0.42,-10.027,-11.224,-0.611,-0.539,-2.619,-0.496,0.444,20.0,640,626,0.9781,0,624,0,0,2,0,9,4,0,1,0,0,0.644
d12m1,balanced,short,mixed,20,63,ALL,137,137,-0.314,-0.18,-16.919,-19.271,-0.231,-0.359,-4.986,-0.308,0.397,20,2737,2614,0.9551,3,2609,0,0,5,0,116,2,1,4,0,1,0.632
d12m1,balanced,short,mixed,20,63,P1,63,63,-0.992,-1.22,-10.768,-11.396,-0.932,-1.001,-4.621,-0.98,0.357,20,1257,1214,0.9658,3,1214,0,0,0,0,42,0,0,1,0,1,0.648
d12m1,balanced,short,mixed,20,63,P2,74,74,0.263,0.09,-17.771,-19.271,0.365,0.187,-5.296,0.263,0.431,20.0,1480,1400,0.9459,0,1395,0,0,5,0,74,2,1,3,0,0,0.62
d12m1,balanced,short,mixed,20,63,2023,12,12,-0.828,-1.31,-9.31,-9.31,-1.294,-0.871,-9.733,-0.764,0.348,20.0,237,218,0.9198,3,218,0,0,0,0,19,0,0,0,0,1,0.645
d12m1,balanced,short,mixed,20,63,2024,51,51,-1.031,-1.04,-11.155,-11.396,-0.846,-1.032,-3.418,-1.031,0.359,20,1020,996,0.9765,0,996,0,0,0,0,23,0,0,1,0,0,0.647
d12m1,balanced,short,mixed,20,63,2025,50,50,2.724,0.7,-17.706,-19.271,2.792,2.49,-3.156,2.724,0.471,20.0,1000,944,0.944,0,943,0,0,1,0,53,0,1,2,0,0,0.62
d12m1,balanced,short,mixed,20,63,2026,24,24,-4.862,-1.77,-16.92,-17.967,-4.691,-4.611,-9.755,-4.862,0.347,20.0,480,456,0.95,0,452,0,0,4,0,21,2,0,1,0,0,0.626
d12m1,balanced,short,stock,10,5,ALL,148,148,0.153,0.55,-7.691,-12.649,0.144,0.142,-0.328,0.153,0.49,10.0,1480,1470,0.9932,0,1470,0,0,0,0,6,1,0,3,0,0,0.686
d12m1,balanced,short,stock,10,5,P1,63,63,0.102,0.28,-4.095,-4.458,0.097,0.099,-0.063,0.102,0.456,10,630,628,0.9968,0,628,0,0,0,0,1,0,0,1,0,0,0.687
d12m1,balanced,short,stock,10,5,P2,85,85,0.19,0.47,-9.377,-12.649,0.179,0.174,-0.525,0.19,0.515,10,850,842,0.9906,0,842,0,0,0,0,5,1,0,2,0,0,0.685
d12m1,balanced,short,stock,10,5,2023,12,12,0.264,0.41,-4.212,-4.212,0.264,0.264,0.264,0.264,0.442,10.0,120,120,1.0,0,120,0,0,0,0,0,0,0,0,0,0,0.655
d12m1,balanced,short,stock,10,5,2024,51,51,0.063,0.15,-4.056,-4.458,0.058,0.06,-0.139,0.063,0.459,10,510,508,0.9961,0,508,0,0,0,0,1,0,0,1,0,0,0.694
d12m1,balanced,short,stock,10,5,2025,50,50,0.213,0.46,-8.262,-11.561,0.201,0.204,-0.592,0.213,0.527,10.0,500,495,0.99,0,495,0,0,0,0,4,0,0,1,0,0,0.682
d12m1,balanced,short,stock,10,5,2026,35,35,0.158,0.22,-10.171,-12.649,0.148,0.131,-0.43,0.158,0.499,10,350,347,0.9914,0,347,0,0,0,0,1,1,0,1,0,0,0.688
d12m1,balanced,short,stock,10,20,ALL,145,145,-0.082,-0.12,-13.508,-18.433,-0.122,-0.08,-2.185,-0.082,0.461,10,1450,1417,0.9772,0,1416,0,0,1,0,28,2,0,3,0,0,0.686
d12m1,balanced,short,stock,10,20,P1,63,63,0.539,0.57,-9.668,-11.351,0.495,0.531,-0.789,0.539,0.479,10,630,621,0.9857,0,621,0,0,0,0,8,0,0,1,0,0,0.687
d12m1,balanced,short,stock,10,20,P2,82,82,-0.558,-0.61,-14.865,-18.433,-0.596,-0.55,-3.257,-0.558,0.448,10.0,820,796,0.9707,0,795,0,0,1,0,20,2,0,2,0,0,0.685
d12m1,balanced,short,stock,10,20,2023,12,12,-0.381,-0.55,-6.15,-6.15,-0.397,-0.393,-2.085,-0.381,0.408,10.0,120,118,0.9833,0,118,0,0,0,0,2,0,0,0,0,0,0.655
d12m1,balanced,short,stock,10,20,2024,51,51,0.755,0.65,-10.513,-11.351,0.705,0.748,-0.484,0.755,0.495,10,510,503,0.9863,0,503,0,0,0,0,6,0,0,1,0,0,0.694
d12m1,balanced,short,stock,10,20,2025,50,50,-0.697,-0.57,-15.843,-18.433,-0.647,-0.647,-3.431,-0.697,0.452,10.0,500,485,0.97,0,485,0,0,0,0,14,0,0,1,0,0,0.682
d12m1,balanced,short,stock,10,20,2026,32,32,-0.341,-0.25,-13.398,-14.864,-0.518,-0.398,-2.984,-0.341,0.442,10.0,320,311,0.9719,0,310,0,0,1,0,6,2,0,1,0,0,0.69
d12m1,balanced,short,stock,10,63,ALL,137,137,1.268,0.74,-16.531,-19.363,1.531,1.207,-5.318,1.268,0.445,10,1370,1283,0.9365,0,1279,0,0,4,0,84,0,0,3,0,0,0.686
d12m1,balanced,short,stock,10,63,P1,63,63,2.472,1.86,-11.291,-11.343,2.631,2.328,-2.98,2.472,0.456,10,630,598,0.9492,0,598,0,0,0,0,31,0,0,1,0,0,0.687
d12m1,balanced,short,stock,10,63,P2,74,74,0.244,0.08,-17.781,-19.363,0.594,0.252,-7.31,0.244,0.436,10.0,740,685,0.9257,0,681,0,0,4,0,53,0,0,2,0,0,0.685
d12m1,balanced,short,stock,10,63,2023,12,12,2.981,3.65,-8.232,-8.232,2.344,2.572,-7.585,2.981,0.412,10.0,120,109,0.9083,0,109,0,0,0,0,11,0,0,0,0,0,0.655
d12m1,balanced,short,stock,10,63,2024,51,51,2.352,1.45,-11.324,-11.343,2.699,2.27,-1.896,2.352,0.466,10,510,489,0.9588,0,489,0,0,0,0,20,0,0,1,0,0,0.694
d12m1,balanced,short,stock,10,63,2025,50,50,2.925,0.84,-17.253,-17.929,3.428,2.808,-5.574,2.925,0.483,10.0,500,459,0.918,0,458,0,0,1,0,40,0,0,1,0,0,0.682
d12m1,balanced,short,stock,10,63,2026,24,24,-5.342,-2.02,-17.233,-19.363,-5.311,-5.071,-10.925,-5.342,0.337,10.0,240,226,0.9417,0,223,0,0,3,0,13,0,0,1,0,0,0.691
d12m1,balanced,short,stock,20,5,ALL,148,148,-0.037,-0.16,-6.925,-10.969,-0.04,-0.039,-0.446,-0.033,0.488,20.0,2949,2932,0.9942,11,2932,0,0,0,0,10,2,0,5,0,2,0.634
d12m1,balanced,short,stock,20,5,P1,63,63,-0.074,-0.26,-4.076,-4.991,-0.078,-0.075,-0.398,-0.068,0.472,20,1257,1251,0.9952,3,1251,0,0,0,0,4,0,0,2,0,1,0.648
d12m1,balanced,short,stock,20,5,P2,85,85,-0.009,-0.03,-8.062,-10.969,-0.013,-0.013,-0.481,-0.007,0.5,20,1692,1681,0.9935,8,1681,0,0,0,0,6,2,0,3,0,1,0.626
d12m1,balanced,short,stock,20,5,2023,12,12,-0.324,-0.53,-4.991,-4.991,-0.323,-0.313,-0.751,-0.291,0.48,20.0,237,236,0.9958,3,236,0,0,0,0,1,0,0,0,0,1,0.609
d12m1,balanced,short,stock,20,5,2024,51,51,-0.016,-0.05,-3.771,-4.636,-0.02,-0.019,-0.315,-0.016,0.47,20,1020,1015,0.9951,0,1015,0,0,0,0,3,0,0,2,0,0,0.657
d12m1,balanced,short,stock,20,5,2025,50,50,0.099,0.28,-6.246,-8.365,0.088,0.097,-0.403,0.102,0.508,20.0,992,985,0.9929,8,985,0,0,0,0,5,0,0,2,0,1,0.614
d12m1,balanced,short,stock,20,5,2026,35,35,-0.163,-0.25,-9.683,-10.969,-0.156,-0.169,-0.593,-0.163,0.489,20,700,696,0.9943,0,696,0,0,0,0,1,2,0,1,0,0,0.646
d12m1,balanced,short,stock,20,20,ALL,145,145,-0.267,-0.45,-11.512,-15.975,-0.302,-0.278,-1.997,-0.283,0.451,20,2889,2835,0.9813,11,2833,0,0,2,0,45,4,0,5,0,2,0.634
d12m1,balanced,short,stock,20,20,P1,63,63,0.028,0.03,-8.095,-11.074,-0.006,0.025,-1.299,0.027,0.462,20,1257,1239,0.9857,3,1239,0,0,0,0,16,0,0,2,0,1,0.648
d12m1,balanced,short,stock,20,20,P2,82,82,-0.494,-0.6,-12.626,-15.975,-0.53,-0.511,-2.533,-0.521,0.442,20.0,1632,1596,0.9779,8,1594,0,0,2,0,29,4,0,3,0,1,0.625
d12m1,balanced,short,stock,20,20,2023,12,12,-1.472,-1.52,-6.197,-6.197,-1.472,-1.423,-4.492,-1.476,0.391,20.0,237,230,0.9705,3,230,0,0,0,0,7,0,0,0,0,1,0.609
d12m1,balanced,short,stock,20,20,2024,51,51,0.381,0.39,-8.728,-11.074,0.339,0.365,-0.548,0.381,0.479,20,1020,1009,0.9892,0,1009,0,0,0,0,9,0,0,2,0,0,0.657
d12m1,balanced,short,stock,20,20,2025,50,50,-0.401,-0.36,-13.67,-15.975,-0.386,-0.401,-2.385,-0.446,0.449,20.0,992,970,0.9778,8,970,0,0,0,0,20,0,0,2,0,1,0.614
d12m1,balanced,short,stock,20,20,2026,32,32,-0.639,-0.53,-11.058,-12.66,-0.754,-0.682,-2.763,-0.639,0.431,20.0,640,626,0.9781,0,624,0,0,2,0,9,4,0,1,0,0,0.645
d12m1,balanced,short,stock,20,63,ALL,137,137,0.537,0.31,-16.439,-18.648,0.613,0.484,-4.71,0.479,0.441,20,2729,2591,0.9494,11,2584,0,1,6,0,130,2,1,5,0,2,0.631
d12m1,balanced,short,stock,20,63,P1,63,63,0.626,1.0,-10.286,-11.396,0.655,0.571,-3.484,0.639,0.446,20,1257,1208,0.961,3,1207,0,0,1,0,47,0,0,2,0,1,0.648
d12m1,balanced,short,stock,20,63,P2,74,74,0.46,0.15,-17.558,-18.648,0.577,0.411,-5.753,0.343,0.436,20.0,1472,1383,0.9395,8,1377,0,1,5,0,83,2,1,3,0,1,0.618
d12m1,balanced,short,stock,20,63,2023,12,12,1.706,3.16,-7.331,-7.331,1.109,1.534,-8.244,1.77,0.444,20.0,237,216,0.9114,3,216,0,0,0,0,21,0,0,0,0,1,0.609
d12m1,balanced,short,stock,20,63,2024,51,51,0.372,0.52,-10.512,-11.396,0.548,0.344,-2.364,0.372,0.447,20,1020,992,0.9725,0,991,0,0,1,0,26,0,0,2,0,0,0.657
d12m1,balanced,short,stock,20,63,2025,50,50,3.224,0.84,-15.957,-16.921,3.305,3.027,-3.626,3.051,0.482,20.0,992,927,0.9345,8,926,0,0,1,0,62,0,1,2,0,1,0.614
d12m1,balanced,short,stock,20,63,2026,24,24,-5.299,-1.83,-18.407,-18.648,-5.105,-5.041,-10.185,-5.299,0.34,20.0,480,456,0.95,0,451,0,1,4,0,21,2,0,1,0,0,0.63
v15,aggressive,long,mixed,10,5,ALL,148,148,-0.114,-0.38,-9.632,-17.472,-0.116,-0.114,-0.514,-0.114,0.457,10.0,1480,1471,0.9939,0,1471,0,0,0,0,6,0,0,3,0,0,0.611
v15,aggressive,long,mixed,10,5,P1,63,63,-0.188,-0.54,-5.439,-6.999,-0.189,-0.188,-0.507,-0.188,0.427,10,630,628,0.9968,0,628,0,0,0,0,2,0,0,0,0,0,0.606
v15,aggressive,long,mixed,10,5,P2,85,85,-0.059,-0.13,-11.035,-17.472,-0.062,-0.059,-0.52,-0.059,0.479,10,850,843,0.9918,0,843,0,0,0,0,4,0,0,3,0,0,0.613
v15,aggressive,long,mixed,10,5,2023,12,12,-0.544,-0.88,-4.637,-4.637,-0.544,-0.544,-0.544,-0.544,0.433,10.0,120,120,1.0,0,120,0,0,0,0,0,0,0,0,0,0,0.673
v15,aggressive,long,mixed,10,5,2024,51,51,-0.105,-0.26,-5.706,-6.999,-0.105,-0.104,-0.498,-0.105,0.425,10,510,508,0.9961,0,508,0,0,0,0,2,0,0,0,0,0,0.594
v15,aggressive,long,mixed,10,5,2025,50,50,0.252,0.56,-6.491,-8.186,0.247,0.261,-0.328,0.252,0.489,10.0,500,496,0.992,0,496,0,0,0,0,3,0,0,1,0,0,0.596
v15,aggressive,long,mixed,10,5,2026,35,35,-0.504,-0.56,-14.332,-17.472,-0.504,-0.516,-0.794,-0.504,0.465,10,350,347,0.9914,0,347,0,0,0,0,1,0,0,2,0,0,0.635
v15,aggressive,long,mixed,10,20,ALL,145,145,-0.25,-0.34,-14.573,-20.342,-0.271,-0.259,-1.785,-0.25,0.39,10,1450,1425,0.9828,0,1422,0,0,3,0,19,3,0,3,0,0,0.608
v15,aggressive,long,mixed,10,20,P1,63,63,-0.196,-0.2,-9.307,-11.007,-0.217,-0.203,-0.864,-0.196,0.365,10,630,626,0.9937,0,626,0,0,0,0,4,0,0,0,0,0,0.606
v15,aggressive,long,mixed,10,20,P2,82,82,-0.291,-0.27,-16.617,-20.342,-0.313,-0.302,-2.494,-0.291,0.409,10.0,820,799,0.9744,0,796,0,0,3,0,15,3,0,3,0,0,0.609
v15,aggressive,long,mixed,10,20,2023,12,12,-1.643,-2.55,-4.918,-4.918,-1.643,-1.643,-1.643,-1.643,0.333,10.0,120,120,1.0,0,120,0,0,0,0,0,0,0,0,0,0,0.673
v15,aggressive,long,mixed,10,20,2024,51,51,0.145,0.12,-9.625,-11.007,0.118,0.135,-0.68,0.145,0.373,10,510,506,0.9922,0,506,0,0,0,0,4,0,0,0,0,0,0.594
v15,aggressive,long,mixed,10,20,2025,50,50,-0.044,-0.04,-12.232,-13.765,0.017,-0.021,-2.193,-0.044,0.402,10.0,500,488,0.976,0,488,0,0,0,0,11,0,0,1,0,0,0.596
v15,aggressive,long,mixed,10,20,2026,32,32,-0.677,-0.33,-20.201,-20.342,-0.829,-0.741,-2.964,-0.677,0.42,10.0,320,311,0.9719,0,308,0,0,3,0,4,3,0,2,0,0,0.626
v15,aggressive,long,mixed,10,63,ALL,137,137,-0.842,-0.53,-23.954,-30.908,-0.583,-1.017,-5.767,-0.842,0.355,10,1370,1306,0.9533,0,1299,0,0,7,0,61,0,0,3,0,0,0.604
v15,aggressive,long,mixed,10,63,P1,63,63,-0.644,-0.64,-12.87,-16.206,-0.373,-0.704,-3.45,-0.644,0.336,10,630,614,0.9746,0,614,0,0,0,0,16,0,0,0,0,0,0.606
v15,aggressive,long,mixed,10,63,P2,74,74,-1.01,-0.36,-27.049,-30.908,-0.763,-1.284,-7.74,-1.01,0.37,10.0,740,692,0.9351,0,685,0,0,7,0,45,0,0,3,0,0,0.601
v15,aggressive,long,mixed,10,63,2023,12,12,4.135,2.81,-3.617,-3.617,3.466,3.741,-0.862,4.135,0.438,10.0,120,115,0.9583,0,115,0,0,0,0,5,0,0,0,0,0,0.673
v15,aggressive,long,mixed,10,63,2024,51,51,-1.769,-2.16,-13.607,-16.206,-1.276,-1.75,-4.058,-1.769,0.313,10,510,499,0.9784,0,499,0,0,0,0,11,0,0,0,0,0,0.594
v15,aggressive,long,mixed,10,63,2025,50,50,0.502,0.15,-19.081,-23.386,1.069,0.194,-6.968,0.502,0.402,10.0,500,465,0.93,0,463,0,0,2,0,34,0,0,1,0,0,0.596
v15,aggressive,long,mixed,10,63,2026,24,24,-4.161,-0.8,-29.977,-30.908,-4.579,-4.363,-9.347,-4.161,0.306,10.0,240,227,0.9458,0,222,0,0,5,0,11,0,0,2,0,0,0.609
v15,aggressive,long,mixed,20,5,ALL,148,148,-0.061,-0.24,-7.751,-13.494,-0.067,-0.065,-0.403,-0.061,0.463,20.0,2960,2945,0.9949,0,2945,0,0,0,0,9,1,0,5,0,0,0.567
v15,aggressive,long,mixed,20,5,P1,63,63,-0.087,-0.31,-4.427,-6.36,-0.093,-0.092,-0.331,-0.087,0.437,20,1260,1256,0.9968,0,1256,0,0,0,0,3,0,0,1,0,0,0.539
v15,aggressive,long,mixed,20,5,P2,85,85,-0.041,-0.11,-8.866,-13.494,-0.047,-0.046,-0.457,-0.041,0.483,20,1700,1689,0.9935,0,1689,0,0,0,0,6,1,0,4,0,0,0.588
v15,aggressive,long,mixed,20,5,2023,12,12,-0.537,-1.09,-3.591,-3.591,-0.537,-0.537,-0.537,-0.537,0.425,20.0,240,240,1.0,0,240,0,0,0,0,0,0,0,0,0,0,0.55
v15,aggressive,long,mixed,20,5,2024,51,51,0.019,0.06,-4.705,-6.36,0.011,0.013,-0.283,0.019,0.439,20,1020,1016,0.9961,0,1016,0,0,0,0,3,0,0,1,0,0,0.535
v15,aggressive,long,mixed,20,5,2025,50,50,0.046,0.13,-4.953,-8.264,0.042,0.051,-0.347,0.046,0.48,20.0,1000,994,0.994,0,994,0,0,0,0,4,0,0,2,0,0,0.593
v15,aggressive,long,mixed,20,5,2026,35,35,-0.166,-0.21,-11.173,-13.494,-0.174,-0.184,-0.614,-0.166,0.487,20,700,695,0.9929,0,695,0,0,0,0,2,1,0,2,0,0,0.579
v15,aggressive,long,mixed,20,20,ALL,145,145,-0.08,-0.12,-11.763,-19.115,-0.126,-0.105,-1.83,-0.08,0.41,20,2900,2846,0.9814,0,2843,0,0,3,0,46,3,0,5,0,0,0.566
v15,aggressive,long,mixed,20,20,P1,63,63,-0.005,-0.01,-6.787,-7.113,-0.073,-0.028,-1.438,-0.005,0.381,20,1260,1242,0.9857,0,1242,0,0,0,0,17,0,0,1,0,0,0.539
v15,aggressive,long,mixed,20,20,P2,82,82,-0.138,-0.14,-13.557,-19.115,-0.167,-0.164,-2.131,-0.138,0.431,20.0,1640,1604,0.978,0,1601,0,0,3,0,29,3,0,4,0,0,0.588
v15,aggressive,long,mixed,20,20,2023,12,12,-1.627,-2.25,-6.619,-6.619,-1.701,-1.605,-3.416,-1.627,0.356,20.0,240,236,0.9833,0,236,0,0,0,0,4,0,0,0,0,0,0.55
v15,aggressive,long,mixed,20,20,2024,51,51,0.376,0.39,-6.843,-7.113,0.31,0.343,-0.972,0.376,0.387,20,1020,1006,0.9863,0,1006,0,0,0,0,13,0,0,1,0,0,0.535
v15,aggressive,long,mixed,20,20,2025,50,50,0.031,0.03,-10.164,-11.838,0.021,0.003,-2.101,0.031,0.424,20.0,1000,977,0.977,0,977,0,0,0,0,21,0,0,2,0,0,0.593
v15,aggressive,long,mixed,20,20,2026,32,32,-0.401,-0.23,-17.645,-19.115,-0.46,-0.424,-2.179,-0.401,0.442,20.0,640,627,0.9797,0,624,0,0,3,0,8,3,0,2,0,0,0.579
v15,aggressive,long,mixed,20,63,ALL,137,137,0.31,0.2,-21.03,-27.848,0.363,0.157,-4.376,0.31,0.382,20,2740,2618,0.9555,0,2607,0,0,11,0,115,2,0,5,0,0,0.563
v15,aggressive,long,mixed,20,63,P1,63,63,0.289,0.25,-10.583,-13.207,0.331,0.228,-3.026,0.289,0.359,20,1260,1221,0.969,0,1221,0,0,0,0,38,0,0,1,0,0,0.539
v15,aggressive,long,mixed,20,63,P2,74,74,0.327,0.12,-24.15,-27.848,0.39,0.097,-5.526,0.327,0.402,20.0,1480,1397,0.9439,0,1386,0,0,11,0,77,2,0,4,0,0,0.584
v15,aggressive,long,mixed,20,63,2023,12,12,3.143,2.09,-5.092,-5.092,2.638,2.98,-3.124,3.143,0.432,20.0,240,227,0.9458,0,227,0,0,0,0,13,0,0,0,0,0,0.55
v15,aggressive,long,mixed,20,63,2024,51,51,-0.383,-0.33,-11.308,-13.207,-0.212,-0.419,-3.003,-0.383,0.341,20,1020,994,0.9745,0,994,0,0,0,0,25,0,0,1,0,0,0.535
v15,aggressive,long,mixed,20,63,2025,50,50,1.96,0.65,-17.364,-19.63,2.164,1.674,-4.177,1.96,0.436,20.0,1000,942,0.942,0,936,0,0,6,0,56,0,0,2,0,0,0.593
v15,aggressive,long,mixed,20,63,2026,24,24,-3.074,-0.57,-26.472,-27.848,-3.306,-3.188,-8.338,-3.074,0.33,20.0,480,455,0.9479,0,450,0,0,5,0,21,2,0,2,0,0,0.563
v15,aggressive,long,stock,10,5,ALL,148,148,-0.011,-0.03,-10.151,-17.472,-0.018,-0.016,-0.62,-0.011,0.476,10.0,1480,1468,0.9919,0,1468,0,0,0,0,8,1,0,3,0,0,0.587
v15,aggressive,long,stock,10,5,P1,63,63,-0.097,-0.26,-5.774,-6.999,-0.097,-0.097,-0.416,-0.097,0.47,10,630,628,0.9968,0,628,0,0,0,0,2,0,0,0,0,0,0.581
v15,aggressive,long,stock,10,5,P2,85,85,0.053,0.1,-11.559,-17.472,0.042,0.043,-0.772,0.053,0.48,10,850,840,0.9882,0,840,0,0,0,0,6,1,0,3,0,0,0.59
v15,aggressive,long,stock,10,5,2023,12,12,-0.54,-0.7,-5.454,-5.454,-0.54,-0.54,-0.54,-0.54,0.467,10.0,120,120,1.0,0,120,0,0,0,0,0,0,0,0,0,0,0.582
v15,aggressive,long,stock,10,5,2024,51,51,0.007,0.02,-5.88,-6.999,0.007,0.007,-0.386,0.007,0.47,10,510,508,0.9961,0,508,0,0,0,0,2,0,0,0,0,0,0.58
v15,aggressive,long,stock,10,5,2025,50,50,0.087,0.18,-6.806,-9.225,0.068,0.085,-0.906,0.087,0.479,10.0,500,494,0.988,0,494,0,0,0,0,5,0,0,1,0,0,0.567
v15,aggressive,long,stock,10,5,2026,35,35,0.004,0.0,-14.332,-17.472,0.005,-0.017,-0.582,0.004,0.482,10,350,346,0.9886,0,346,0,0,0,0,1,1,0,2,0,0,0.621
v15,aggressive,long,stock,10,20,ALL,145,145,0.293,0.38,-14.254,-20.342,0.275,0.287,-1.529,0.293,0.468,10,1450,1421,0.98,0,1418,0,0,3,0,23,3,0,3,0,0,0.585
v15,aggressive,long,stock,10,20,P1,63,63,0.518,0.51,-9.821,-11.007,0.47,0.49,-0.494,0.518,0.506,10,630,624,0.9905,0,624,0,0,0,0,6,0,0,0,0,0,0.581
v15,aggressive,long,stock,10,20,P2,82,82,0.12,0.11,-16.551,-20.342,0.124,0.132,-2.323,0.12,0.439,10.0,820,797,0.972,0,794,0,0,3,0,17,3,0,3,0,0,0.588
v15,aggressive,long,stock,10,20,2023,12,12,-1.608,-1.79,-8.514,-8.514,-1.608,-1.608,-1.608,-1.608,0.4,10.0,120,120,1.0,0,120,0,0,0,0,0,0,0,0,0,0,0.582
v15,aggressive,long,stock,10,20,2024,51,51,1.018,0.85,-10.257,-11.007,0.96,0.984,-0.232,1.018,0.531,10,510,504,0.9882,0,504,0,0,0,0,6,0,0,0,0,0,0.58
v15,aggressive,long,stock,10,20,2025,50,50,-0.053,-0.04,-11.161,-13.765,0.063,0.028,-2.575,-0.053,0.431,10.0,500,486,0.972,0,486,0,0,0,0,13,0,0,1,0,0,0.567
v15,aggressive,long,stock,10,20,2026,32,32,0.391,0.18,-20.201,-20.342,0.219,0.294,-1.93,0.391,0.452,10.0,320,311,0.9719,0,308,0,0,3,0,4,3,0,2,0,0,0.616
v15,aggressive,long,stock,10,63,ALL,137,137,1.129,0.64,-24.142,-30.908,1.254,0.822,-4.778,1.129,0.439,10,1370,1295,0.9453,0,1287,0,0,8,0,72,0,0,3,0,0,0.581
v15,aggressive,long,stock,10,63,P1,63,63,1.739,1.31,-11.487,-16.206,1.851,1.56,-2.008,1.739,0.462,10,630,609,0.9667,0,609,0,0,0,0,21,0,0,0,0,0,0.581
v15,aggressive,long,stock,10,63,P2,74,74,0.61,0.2,-26.376,-30.908,0.746,0.194,-7.137,0.61,0.419,10.0,740,686,0.927,0,678,0,0,8,0,51,0,0,3,0,0,0.579
v15,aggressive,long,stock,10,63,2023,12,12,6.545,3.0,-2.537,-2.537,5.742,6.017,1.413,6.545,0.508,10.0,120,115,0.9583,0,115,0,0,0,0,5,0,0,0,0,0,0.582
v15,aggressive,long,stock,10,63,2024,51,51,0.608,0.63,-12.246,-16.206,0.935,0.511,-2.813,0.608,0.451,10,510,494,0.9686,0,494,0,0,0,0,16,0,0,0,0,0,0.58
v15,aggressive,long,stock,10,63,2025,50,50,1.894,0.57,-20.87,-23.136,2.414,1.507,-6.725,1.894,0.442,10.0,500,460,0.92,0,457,0,0,3,0,39,0,0,1,0,0,0.567
v15,aggressive,long,stock,10,63,2026,24,24,-2.065,-0.33,-29.977,-30.908,-2.728,-2.542,-7.994,-2.065,0.371,10.0,240,226,0.9417,0,221,0,0,5,0,12,0,0,2,0,0,0.6
v15,aggressive,long,stock,20,5,ALL,148,148,0.013,0.05,-8.196,-13.494,0.002,0.006,-0.433,0.011,0.483,20.0,2951,2933,0.9939,9,2932,0,0,1,0,11,2,0,5,0,1,0.553
v15,aggressive,long,stock,20,5,P1,63,63,0.099,0.34,-4.664,-6.36,0.092,0.094,-0.145,0.099,0.484,20,1260,1256,0.9968,0,1256,0,0,0,0,3,0,0,1,0,0,0.531
v15,aggressive,long,stock,20,5,P2,85,85,-0.051,-0.12,-9.308,-13.494,-0.065,-0.059,-0.646,-0.054,0.483,20,1691,1677,0.9917,9,1676,0,0,1,0,8,2,0,4,0,1,0.57
v15,aggressive,long,stock,20,5,2023,12,12,-0.469,-0.87,-4.79,-4.79,-0.469,-0.469,-0.469,-0.469,0.454,20.0,240,240,1.0,0,240,0,0,0,0,0,0,0,0,0,0,0.527
v15,aggressive,long,stock,20,5,2024,51,51,0.232,0.7,-4.622,-6.36,0.224,0.227,-0.069,0.232,0.49,20,1020,1016,0.9961,0,1016,0,0,0,0,3,0,0,1,0,0,0.53
v15,aggressive,long,stock,20,5,2025,50,50,-0.056,-0.15,-5.643,-9.463,-0.064,-0.057,-0.552,-0.062,0.48,20.0,991,984,0.9929,9,984,0,0,0,0,5,0,0,2,0,1,0.572
v15,aggressive,long,stock,20,5,2026,35,35,-0.043,-0.05,-11.173,-13.494,-0.066,-0.062,-0.781,-0.043,0.488,20,700,693,0.99,0,692,0,0,1,0,3,2,0,2,0,0,0.566
v15,aggressive,long,stock,20,20,ALL,145,145,0.473,0.68,-12.229,-19.874,0.42,0.448,-1.666,0.456,0.476,20,2891,2826,0.9775,9,2822,0,0,4,0,56,4,0,5,0,1,0.553
v15,aggressive,long,stock,20,20,P1,63,63,0.948,1.08,-6.892,-7.265,0.855,0.912,-0.741,0.948,0.505,20,1260,1239,0.9833,0,1239,0,0,0,0,20,0,0,1,0,0,0.531
v15,aggressive,long,stock,20,20,P2,82,82,0.108,0.1,-13.884,-19.874,0.086,0.09,-2.377,0.078,0.454,20.0,1631,1587,0.973,9,1583,0,0,4,0,36,4,0,4,0,1,0.57
v15,aggressive,long,stock,20,20,2023,12,12,-1.017,-1.12,-6.48,-6.48,-1.098,-1.002,-2.813,-1.017,0.415,20.0,240,236,0.9833,0,236,0,0,0,0,4,0,0,0,0,0,0.527
v15,aggressive,long,stock,20,20,2024,51,51,1.411,1.36,-7.029,-7.265,1.315,1.363,-0.254,1.411,0.526,20,1020,1003,0.9833,0,1003,0,0,0,0,16,0,0,1,0,0,0.53
v15,aggressive,long,stock,20,20,2025,50,50,0.214,0.19,-11.012,-12.925,0.224,0.201,-2.11,0.165,0.459,20.0,991,966,0.9748,9,966,0,0,0,0,23,0,0,2,0,1,0.572
v15,aggressive,long,stock,20,20,2026,32,32,-0.057,-0.03,-18.024,-19.874,-0.13,-0.083,-2.793,-0.057,0.446,20.0,640,621,0.9703,0,617,0,0,4,0,13,4,0,2,0,0,0.566
v15,aggressive,long,stock,20,63,ALL,137,137,2.313,1.32,-20.258,-29.756,2.292,2.063,-3.336,2.233,0.467,20,2731,2587,0.9473,9,2575,0,0,12,0,137,2,0,5,0,1,0.551
v15,aggressive,long,stock,20,63,P1,63,63,3.236,2.68,-6.713,-7.733,3.171,3.09,-0.75,3.236,0.497,20,1260,1214,0.9635,0,1214,0,0,0,0,45,0,0,1,0,0,0.531
v15,aggressive,long,stock,20,63,P2,74,74,1.527,0.5,-24.582,-29.756,1.543,1.189,-5.538,1.38,0.441,20.0,1471,1373,0.9334,9,1361,0,0,12,0,92,2,0,4,0,1,0.569
v15,aggressive,long,stock,20,63,2023,12,12,5.313,2.65,-1.186,-1.186,4.766,5.107,-0.996,5.313,0.503,20.0,240,227,0.9458,0,227,0,0,0,0,13,0,0,0,0,0,0.527
v15,aggressive,long,stock,20,63,2024,51,51,2.747,2.24,-7.014,-7.733,2.796,2.615,-0.692,2.747,0.496,20,1020,987,0.9676,0,987,0,0,0,0,32,0,0,1,0,0,0.53
v15,aggressive,long,stock,20,63,2025,50,50,2.93,0.88,-14.317,-17.92,3.111,2.563,-4.147,2.712,0.472,20.0,991,925,0.9334,9,919,0,0,6,0,64,0,0,2,0,1,0.572
v15,aggressive,long,stock,20,63,2026,24,24,-1.395,-0.22,-27.669,-29.756,-1.722,-1.674,-8.437,-1.395,0.377,20.0,480,448,0.9333,0,442,0,0,6,0,28,2,0,2,0,0,0.561
v15,aggressive,mid,mixed,10,5,ALL,148,148,-0.057,-0.19,-8.999,-15.9,-0.064,-0.06,-0.391,-0.057,0.45,10.0,1480,1471,0.9939,0,1471,0,0,0,0,5,0,0,4,0,0,0.632
v15,aggressive,mid,mixed,10,5,P1,63,63,-0.094,-0.27,-4.868,-6.802,-0.097,-0.095,-0.413,-0.094,0.413,10,630,627,0.9952,0,627,0,0,0,0,2,0,0,1,0,0,0.621
v15,aggressive,mid,mixed,10,5,P2,85,85,-0.029,-0.07,-10.471,-15.9,-0.039,-0.035,-0.374,-0.029,0.478,10,850,844,0.9929,0,844,0,0,0,0,3,0,0,3,0,0,0.64
v15,aggressive,mid,mixed,10,5,2023,12,12,-0.527,-0.88,-4.637,-4.637,-0.527,-0.527,-0.527,-0.527,0.408,10.0,120,120,1.0,0,120,0,0,0,0,0,0,0,0,0,0,0.636
v15,aggressive,mid,mixed,10,5,2024,51,51,0.008,0.02,-4.945,-6.802,0.004,0.007,-0.387,0.008,0.415,10,510,507,0.9941,0,507,0,0,0,0,2,0,0,1,0,0,0.616
v15,aggressive,mid,mixed,10,5,2025,50,50,0.25,0.55,-6.392,-8.253,0.226,0.249,-0.133,0.25,0.487,10.0,500,497,0.994,0,497,0,0,0,0,2,0,0,1,0,0,0.627
v15,aggressive,mid,mixed,10,5,2026,35,35,-0.428,-0.5,-13.045,-15.9,-0.417,-0.441,-0.72,-0.428,0.464,10,350,347,0.9914,0,347,0,0,0,0,1,0,0,2,0,0,0.662
v15,aggressive,mid,mixed,10,20,ALL,145,145,-0.212,-0.3,-13.449,-20.081,-0.24,-0.223,-1.82,-0.212,0.387,10,1450,1423,0.9814,0,1421,0,0,2,0,20,3,0,4,0,0,0.631
v15,aggressive,mid,mixed,10,20,P1,63,63,-0.277,-0.3,-8.337,-9.123,-0.305,-0.289,-0.949,-0.277,0.358,10,630,625,0.9921,0,625,0,0,0,0,4,0,0,1,0,0,0.621
v15,aggressive,mid,mixed,10,20,P2,82,82,-0.163,-0.16,-15.746,-20.081,-0.19,-0.172,-2.489,-0.163,0.408,10.0,820,798,0.9732,0,796,0,0,2,0,16,3,0,3,0,0,0.638
v15,aggressive,mid,mixed,10,20,2023,12,12,-1.675,-1.92,-5.552,-5.552,-1.675,-1.675,-1.675,-1.675,0.325,10.0,120,120,1.0,0,120,0,0,0,0,0,0,0,0,0,0,0.636
v15,aggressive,mid,mixed,10,20,2024,51,51,0.052,0.05,-8.581,-9.123,0.017,0.037,-0.778,0.052,0.366,10,510,505,0.9902,0,505,0,0,0,0,4,0,0,1,0,0,0.616
v15,aggressive,mid,mixed,10,20,2025,50,50,-0.328,-0.31,-10.121,-10.773,-0.236,-0.281,-2.238,-0.328,0.386,10.0,500,489,0.978,0,489,0,0,0,0,10,0,0,1,0,0,0.627
v15,aggressive,mid,mixed,10,20,2026,32,32,0.095,0.05,-20.07,-20.081,-0.117,-0.003,-2.882,0.095,0.442,10.0,320,309,0.9656,0,307,0,0,2,0,6,3,0,2,0,0,0.658
v15,aggressive,mid,mixed,10,63,ALL,137,137,-1.05,-0.69,-23.237,-30.532,-0.899,-1.221,-6.112,-1.05,0.348,10,1370,1303,0.9511,0,1298,0,0,5,0,63,0,0,4,0,0,0.624
v15,aggressive,mid,mixed,10,63,P1,63,63,-0.845,-0.95,-12.92,-16.206,-0.707,-0.914,-3.491,-0.845,0.33,10,630,614,0.9746,0,614,0,0,0,0,15,0,0,1,0,0,0.621
v15,aggressive,mid,mixed,10,63,P2,74,74,-1.225,-0.45,-25.865,-30.532,-1.062,-1.483,-8.343,-1.225,0.364,10.0,740,689,0.9311,0,684,0,0,5,0,48,0,0,3,0,0,0.627
v15,aggressive,mid,mixed,10,63,2023,12,12,2.112,2.04,-9.661,-9.661,1.373,1.742,-3.799,2.112,0.398,10.0,120,114,0.95,0,114,0,0,0,0,6,0,0,0,0,0,0.636
v15,aggressive,mid,mixed,10,63,2024,51,51,-1.54,-1.55,-13.795,-16.206,-1.197,-1.539,-3.419,-1.54,0.314,10,510,500,0.9804,0,500,0,0,0,0,9,0,0,1,0,0,0.616
v15,aggressive,mid,mixed,10,63,2025,50,50,-0.04,-0.01,-21.337,-22.771,0.443,-0.266,-7.369,-0.04,0.39,10.0,500,465,0.93,0,464,0,0,1,0,34,0,0,1,0,0,0.627
v15,aggressive,mid,mixed,10,63,2026,24,24,-3.693,-0.71,-29.789,-30.532,-4.197,-4.019,-10.372,-3.693,0.308,10.0,240,224,0.9333,0,220,0,0,4,0,14,0,0,2,0,0,0.63
v15,aggressive,mid,mixed,20,5,ALL,148,148,-0.101,-0.42,-7.024,-12.886,-0.102,-0.103,-0.508,-0.101,0.461,20.0,2960,2943,0.9943,0,2943,0,0,0,0,10,2,0,5,0,0,0.586
v15,aggressive,mid,mixed,20,5,P1,63,63,-0.185,-0.65,-4.455,-5.93,-0.19,-0.187,-0.51,-0.185,0.422,20,1260,1255,0.996,0,1255,0,0,0,0,4,0,0,1,0,0,0.566
v15,aggressive,mid,mixed,20,5,P2,85,85,-0.038,-0.11,-8.175,-12.886,-0.037,-0.04,-0.506,-0.038,0.491,20,1700,1688,0.9929,0,1688,0,0,0,0,6,2,0,4,0,0,0.601
v15,aggressive,mid,mixed,20,5,2023,12,12,-0.295,-0.61,-2.974,-2.974,-0.292,-0.282,-0.72,-0.295,0.43,20.0,240,239,0.9958,0,239,0,0,0,0,1,0,0,0,0,0,0.582
v15,aggressive,mid,mixed,20,5,2024,51,51,-0.16,-0.48,-4.692,-5.93,-0.166,-0.164,-0.46,-0.16,0.42,20,1020,1016,0.9961,0,1016,0,0,0,0,3,0,0,1,0,0,0.561
v15,aggressive,mid,mixed,20,5,2025,50,50,0.194,0.55,-4.841,-6.741,0.19,0.197,-0.299,0.194,0.496,20.0,1000,993,0.993,0,993,0,0,0,0,5,0,0,2,0,0,0.596
v15,aggressive,mid,mixed,20,5,2026,35,35,-0.369,-0.52,-10.812,-12.886,-0.362,-0.379,-0.803,-0.369,0.484,20,700,695,0.9929,0,695,0,0,0,0,1,2,0,2,0,0,0.604
v15,aggressive,mid,mixed,20,20,ALL,145,145,-0.242,-0.38,-12.141,-17.166,-0.256,-0.242,-1.686,-0.242,0.4,20,2900,2854,0.9841,0,2851,0,0,3,0,38,3,0,5,0,0,0.584
v15,aggressive,mid,mixed,20,20,P1,63,63,-0.108,-0.14,-6.946,-8.168,-0.14,-0.115,-1.275,-0.108,0.378,20,1260,1245,0.9881,0,1245,0,0,0,0,14,0,0,1,0,0,0.566
v15,aggressive,mid,mixed,20,20,P2,82,82,-0.345,-0.36,-13.662,-17.166,-0.346,-0.34,-2.002,-0.345,0.417,20.0,1640,1609,0.9811,0,1606,0,0,3,0,24,3,0,4,0,0,0.598
v15,aggressive,mid,mixed,20,20,2023,12,12,-0.857,-1.24,-3.908,-3.908,-0.902,-0.838,-3.061,-0.857,0.383,20.0,240,235,0.9792,0,235,0,0,0,0,5,0,0,0,0,0,0.582
v15,aggressive,mid,mixed,20,20,2024,51,51,0.068,0.07,-7.137,-8.168,0.04,0.055,-0.855,0.068,0.377,20,1020,1010,0.9902,0,1010,0,0,0,0,9,0,0,1,0,0,0.561
v15,aggressive,mid,mixed,20,20,2025,50,50,-0.164,-0.15,-11.065,-12.256,-0.099,-0.14,-1.644,-0.164,0.41,20.0,1000,983,0.983,0,983,0,0,0,0,15,0,0,2,0,0,0.596
v15,aggressive,mid,mixed,20,20,2026,32,32,-0.627,-0.36,-16.365,-17.166,-0.731,-0.652,-2.56,-0.627,0.429,20.0,640,626,0.9781,0,623,0,0,3,0,9,3,0,2,0,0,0.598
v15,aggressive,mid,mixed,20,63,ALL,137,137,-0.233,-0.15,-21.058,-26.431,-0.14,-0.345,-4.423,-0.233,0.372,20,2740,2630,0.9599,0,2620,0,0,10,0,103,2,0,5,0,0,0.58
v15,aggressive,mid,mixed,20,63,P1,63,63,-0.46,-0.46,-11.664,-13.176,-0.381,-0.487,-3.328,-0.46,0.348,20,1260,1226,0.973,0,1226,0,0,0,0,33,0,0,1,0,0,0.566
v15,aggressive,mid,mixed,20,63,P2,74,74,-0.039,-0.01,-23.689,-26.431,0.065,-0.224,-5.355,-0.039,0.392,20.0,1480,1404,0.9486,0,1394,0,0,10,0,70,2,0,4,0,0,0.592
v15,aggressive,mid,mixed,20,63,2023,12,12,1.971,3.22,-6.292,-6.292,1.53,1.84,-4.698,1.971,0.421,20.0,240,226,0.9417,0,226,0,0,0,0,14,0,0,0,0,0,0.582
v15,aggressive,mid,mixed,20,63,2024,51,51,-1.032,-0.94,-12.207,-13.176,-0.831,-1.035,-3.006,-1.032,0.331,20,1020,1000,0.9804,0,1000,0,0,0,0,19,0,0,1,0,0,0.561
v15,aggressive,mid,mixed,20,63,2025,50,50,1.72,0.53,-17.551,-19.63,1.952,1.461,-3.661,1.72,0.432,20.0,1000,949,0.949,0,944,0,0,5,0,49,0,0,2,0,0,0.596
v15,aggressive,mid,mixed,20,63,2026,24,24,-3.703,-0.73,-26.421,-26.431,-3.864,-3.733,-8.884,-3.703,0.308,20.0,480,455,0.9479,0,450,0,0,5,0,21,2,0,2,0,0,0.578
v15,aggressive,mid,stock,10,5,ALL,148,148,0.04,0.12,-9.352,-15.9,0.036,0.039,-0.565,0.04,0.474,10.0,1480,1467,0.9912,0,1467,0,0,0,0,8,1,0,4,0,0,0.61
v15,aggressive,mid,stock,10,5,P1,63,63,0.013,0.04,-5.216,-6.802,0.009,0.011,-0.307,0.013,0.464,10,630,627,0.9952,0,627,0,0,0,0,2,0,0,1,0,0,0.608
v15,aggressive,mid,stock,10,5,P2,85,85,0.06,0.12,-10.907,-15.9,0.056,0.059,-0.757,0.06,0.482,10,850,840,0.9882,0,840,0,0,0,0,6,1,0,3,0,0,0.611
v15,aggressive,mid,stock,10,5,2023,12,12,-0.673,-0.97,-4.637,-4.637,-0.673,-0.673,-0.673,-0.673,0.442,10.0,120,120,1.0,0,120,0,0,0,0,0,0,0,0,0,0,0.591
v15,aggressive,mid,stock,10,5,2024,51,51,0.174,0.43,-5.409,-6.802,0.17,0.172,-0.221,0.174,0.469,10,510,507,0.9941,0,507,0,0,0,0,2,0,0,1,0,0,0.61
v15,aggressive,mid,stock,10,5,2025,50,50,0.23,0.46,-7.083,-9.657,0.212,0.238,-0.753,0.23,0.491,10.0,500,494,0.988,0,494,0,0,0,0,5,0,0,1,0,0,0.596
v15,aggressive,mid,stock,10,5,2026,35,35,-0.182,-0.19,-13.354,-15.9,-0.167,-0.197,-0.762,-0.182,0.47,10,350,346,0.9886,0,346,0,0,0,0,1,1,0,2,0,0,0.632
v15,aggressive,mid,stock,10,20,ALL,145,145,0.628,0.77,-14.4,-20.081,0.609,0.627,-1.261,0.628,0.474,10,1450,1419,0.9786,0,1416,0,0,3,0,24,3,0,4,0,0,0.609
v15,aggressive,mid,stock,10,20,P1,63,63,1.0,1.01,-8.337,-9.123,0.959,0.977,0.317,1.0,0.519,10,630,625,0.9921,0,625,0,0,0,0,4,0,0,1,0,0,0.608
v15,aggressive,mid,stock,10,20,P2,82,82,0.343,0.28,-16.351,-20.081,0.34,0.357,-2.474,0.343,0.439,10.0,820,794,0.9683,0,791,0,0,3,0,20,3,0,3,0,0,0.61
v15,aggressive,mid,stock,10,20,2023,12,12,-1.241,-1.42,-4.978,-4.978,-1.241,-1.241,-1.241,-1.241,0.4,10.0,120,120,1.0,0,120,0,0,0,0,0,0,0,0,0,0,0.591
v15,aggressive,mid,stock,10,20,2024,51,51,1.527,1.31,-8.581,-9.123,1.477,1.499,0.684,1.527,0.547,10,510,505,0.9902,0,505,0,0,0,0,4,0,0,1,0,0,0.61
v15,aggressive,mid,stock,10,20,2025,50,50,0.299,0.22,-12.157,-13.039,0.46,0.415,-2.188,0.299,0.429,10.0,500,486,0.972,0,486,0,0,0,0,13,0,0,1,0,0,0.596
v15,aggressive,mid,stock,10,20,2026,32,32,0.41,0.18,-20.07,-20.081,0.152,0.267,-2.919,0.41,0.454,10.0,320,308,0.9625,0,305,0,0,3,0,7,3,0,2,0,0,0.632
v15,aggressive,mid,stock,10,63,ALL,137,137,1.283,0.74,-24.081,-30.532,1.469,1.018,-4.676,1.283,0.446,10,1370,1293,0.9438,0,1286,0,0,7,0,73,0,0,4,0,0,0.603
v15,aggressive,mid,stock,10,63,P1,63,63,2.184,2.03,-10.652,-16.206,2.358,2.075,-1.008,2.184,0.474,10,630,611,0.9698,0,611,0,0,0,0,18,0,0,1,0,0,0.608
v15,aggressive,mid,stock,10,63,P2,74,74,0.517,0.17,-26.549,-30.532,0.712,0.119,-7.799,0.517,0.423,10.0,740,682,0.9216,0,675,0,0,7,0,55,0,0,3,0,0,0.599
v15,aggressive,mid,stock,10,63,2023,12,12,4.874,3.76,-4.164,-4.164,4.079,4.448,-1.093,4.874,0.485,10.0,120,114,0.95,0,114,0,0,0,0,6,0,0,0,0,0,0.591
v15,aggressive,mid,stock,10,63,2024,51,51,1.551,1.45,-11.339,-16.206,1.954,1.517,-0.987,1.551,0.471,10,510,497,0.9745,0,497,0,0,0,0,12,0,0,1,0,0,0.61
v15,aggressive,mid,stock,10,63,2025,50,50,1.893,0.56,-21.043,-23.185,2.517,1.559,-6.668,1.893,0.446,10.0,500,460,0.92,0,458,0,0,2,0,39,0,0,1,0,0,0.596
v15,aggressive,mid,stock,10,63,2026,24,24,-2.35,-0.38,-29.789,-30.532,-3.048,-2.883,-10.156,-2.35,0.376,10.0,240,222,0.925,0,217,0,0,5,0,16,0,0,2,0,0,0.604
v15,aggressive,mid,stock,20,5,ALL,148,148,0.057,0.22,-7.555,-13.969,0.05,0.053,-0.386,0.052,0.491,20.0,2952,2934,0.9939,8,2933,0,0,1,0,11,2,0,5,0,1,0.57
v15,aggressive,mid,stock,20,5,P1,63,63,0.05,0.17,-4.326,-5.93,0.045,0.049,-0.354,0.05,0.482,20,1260,1254,0.9952,0,1254,0,0,0,0,5,0,0,1,0,0,0.564
v15,aggressive,mid,stock,20,5,P2,85,85,0.062,0.15,-8.694,-13.969,0.054,0.057,-0.409,0.053,0.498,20,1692,1680,0.9929,8,1679,0,0,1,0,6,2,0,4,0,1,0.576
v15,aggressive,mid,stock,20,5,2023,12,12,-0.161,-0.3,-3.868,-3.868,-0.161,-0.151,-1.008,-0.161,0.457,20.0,240,238,0.9917,0,238,0,0,0,0,2,0,0,0,0,0,0.564
v15,aggressive,mid,stock,20,5,2024,51,51,0.1,0.29,-4.479,-5.93,0.094,0.095,-0.201,0.1,0.488,20,1020,1016,0.9961,0,1016,0,0,0,0,3,0,0,1,0,0,0.565
v15,aggressive,mid,stock,20,5,2025,50,50,0.151,0.41,-5.194,-7.484,0.144,0.152,-0.344,0.136,0.498,20.0,992,985,0.9929,8,985,0,0,0,0,5,0,0,2,0,1,0.579
v15,aggressive,mid,stock,20,5,2026,35,35,-0.065,-0.08,-11.354,-13.969,-0.076,-0.078,-0.502,-0.065,0.497,20,700,695,0.9929,0,694,0,0,1,0,1,2,0,2,0,0,0.574
v15,aggressive,mid,stock,20,20,ALL,145,145,0.181,0.27,-12.353,-17.683,0.155,0.176,-1.587,0.158,0.466,20,2892,2837,0.981,8,2833,0,0,4,0,47,3,0,5,0,1,0.57
v15,aggressive,mid,stock,20,20,P1,63,63,0.662,0.79,-6.99,-8.168,0.595,0.638,-0.937,0.662,0.496,20,1260,1240,0.9841,0,1240,0,0,0,0,19,0,0,1,0,0,0.564
v15,aggressive,mid,stock,20,20,P2,82,82,-0.188,-0.19,-13.783,-17.683,-0.184,-0.178,-2.087,-0.229,0.443,20.0,1632,1597,0.9786,8,1593,0,0,4,0,28,3,0,4,0,1,0.575
v15,aggressive,mid,stock,20,20,2023,12,12,-0.887,-1.16,-4.531,-4.531,-0.972,-0.891,-4.434,-0.887,0.415,20.0,240,232,0.9667,0,232,0,0,0,0,8,0,0,0,0,0,0.564
v15,aggressive,mid,stock,20,20,2024,51,51,1.026,1.02,-7.175,-8.168,0.964,0.997,-0.114,1.026,0.515,20,1020,1008,0.9882,0,1008,0,0,0,0,11,0,0,1,0,0,0.565
v15,aggressive,mid,stock,20,20,2025,50,50,-0.102,-0.09,-11.029,-12.73,-0.032,-0.065,-1.876,-0.169,0.446,20.0,992,972,0.9798,8,972,0,0,0,0,18,0,0,2,0,1,0.579
v15,aggressive,mid,stock,20,20,2026,32,32,-0.322,-0.17,-16.624,-17.683,-0.422,-0.355,-2.418,-0.322,0.439,20.0,640,625,0.9766,0,621,0,0,4,0,10,3,0,2,0,0,0.571
v15,aggressive,mid,stock,20,63,ALL,137,137,1.918,1.05,-20.685,-26.417,1.974,1.763,-3.462,1.848,0.456,20,2732,2593,0.9491,8,2582,0,0,11,0,132,2,0,5,0,1,0.567
v15,aggressive,mid,stock,20,63,P1,63,63,2.318,2.59,-7.291,-8.382,2.313,2.222,-1.647,2.318,0.481,20,1260,1214,0.9635,0,1214,0,0,0,0,45,0,0,1,0,0,0.564
v15,aggressive,mid,stock,20,63,P2,74,74,1.577,0.48,-25.257,-26.417,1.685,1.372,-5.008,1.448,0.435,20.0,1472,1379,0.9368,8,1368,0,0,11,0,87,2,0,4,0,1,0.571
v15,aggressive,mid,stock,20,63,2023,12,12,3.952,3.81,-4.335,-4.335,3.382,3.71,-4.234,3.952,0.487,20.0,240,223,0.9292,0,223,0,0,0,0,17,0,0,0,0,0,0.564
v15,aggressive,mid,stock,20,63,2024,51,51,1.933,2.06,-7.678,-8.382,2.062,1.871,-1.038,1.933,0.479,20,1020,991,0.9716,0,991,0,0,0,0,28,0,0,1,0,0,0.565
v15,aggressive,mid,stock,20,63,2025,50,50,3.259,0.88,-13.559,-15.479,3.518,3.035,-3.288,3.068,0.472,20.0,992,930,0.9375,8,925,0,0,5,0,60,0,0,2,0,1,0.579
v15,aggressive,mid,stock,20,63,2026,24,24,-1.927,-0.3,-26.415,-26.417,-2.135,-2.091,-8.591,-1.927,0.359,20.0,480,449,0.9354,0,443,0,0,6,0,27,2,0,2,0,0,0.557
v15,aggressive,short,mixed,10,5,ALL,148,148,-0.086,-0.34,-6.766,-13.035,-0.088,-0.088,-0.492,-0.086,0.468,10.0,1480,1474,0.9959,0,1474,0,0,0,0,5,1,0,0,0,0,0.668
v15,aggressive,short,mixed,10,5,P1,63,63,-0.168,-0.49,-4.253,-4.747,-0.167,-0.161,-0.49,-0.168,0.413,10,630,628,0.9968,0,628,0,0,0,0,2,0,0,0,0,0,0.663
v15,aggressive,short,mixed,10,5,P2,85,85,-0.026,-0.07,-8.147,-13.035,-0.029,-0.034,-0.493,-0.026,0.509,10,850,846,0.9953,0,846,0,0,0,0,3,1,0,0,0,0,0.671
v15,aggressive,short,mixed,10,5,2023,12,12,-0.386,-0.74,-4.747,-4.747,-0.366,-0.347,-1.223,-0.386,0.377,10.0,120,119,0.9917,0,119,0,0,0,0,1,0,0,0,0,0,0.682
v15,aggressive,short,mixed,10,5,2024,51,51,-0.116,-0.28,-4.088,-4.414,-0.121,-0.118,-0.317,-0.116,0.421,10,510,509,0.998,0,509,0,0,0,0,1,0,0,0,0,0,0.66
v15,aggressive,short,mixed,10,5,2025,50,50,0.109,0.26,-7.003,-8.433,0.099,0.105,-0.283,0.109,0.532,10.0,500,498,0.996,0,498,0,0,0,0,2,0,0,0,0,0,0.669
v15,aggressive,short,mixed,10,5,2026,35,35,-0.219,-0.34,-9.862,-13.035,-0.214,-0.232,-0.794,-0.219,0.476,10,350,348,0.9943,0,348,0,0,0,0,1,1,0,0,0,0,0.671
v15,aggressive,short,mixed,10,20,ALL,145,145,-0.996,-1.55,-14.242,-16.652,-0.995,-0.962,-2.301,-0.996,0.384,10,1450,1431,0.9869,0,1429,0,0,2,0,18,1,0,0,0,0,0.667
v15,aggressive,short,mixed,10,20,P1,63,63,-0.712,-0.78,-9.93,-12.465,-0.688,-0.669,-1.665,-0.712,0.345,10,630,624,0.9905,0,624,0,0,0,0,6,0,0,0,0,0,0.663
v15,aggressive,short,mixed,10,20,P2,82,82,-1.215,-1.36,-15.167,-16.652,-1.23,-1.188,-2.79,-1.215,0.413,10.0,820,807,0.9841,0,805,0,0,2,0,12,1,0,0,0,0,0.669
v15,aggressive,short,mixed,10,20,2023,12,12,-2.279,-2.36,-6.169,-6.169,-2.21,-2.187,-3.949,-2.279,0.297,10.0,120,118,0.9833,0,118,0,0,0,0,2,0,0,0,0,0,0.682
v15,aggressive,short,mixed,10,20,2024,51,51,-0.343,-0.32,-10.58,-12.465,-0.33,-0.312,-1.127,-0.343,0.356,10,510,506,0.9922,0,506,0,0,0,0,4,0,0,0,0,0,0.66
v15,aggressive,short,mixed,10,20,2025,50,50,-1.132,-1.05,-14.102,-16.652,-1.084,-1.09,-2.876,-1.132,0.41,10.0,500,491,0.982,0,491,0,0,0,0,9,0,0,0,0,0,0.669
v15,aggressive,short,mixed,10,20,2026,32,32,-1.344,-0.87,-16.311,-16.599,-1.458,-1.341,-2.655,-1.344,0.419,10.0,320,316,0.9875,0,314,0,0,2,0,3,1,0,0,0,0,0.665
v15,aggressive,short,mixed,10,63,ALL,137,137,-2.14,-1.24,-21.55,-29.317,-1.915,-2.093,-5.9,-2.14,0.327,10,1370,1321,0.9642,0,1317,0,0,4,0,49,0,0,0,0,0,0.663
v15,aggressive,short,mixed,10,63,P1,63,63,-1.555,-1.37,-13.439,-14.386,-1.475,-1.589,-4.508,-1.555,0.297,10,630,613,0.973,0,613,0,0,0,0,17,0,0,0,0,0,0.663
v15,aggressive,short,mixed,10,63,P2,74,74,-2.638,-0.87,-23.373,-29.317,-2.29,-2.521,-7.085,-2.638,0.352,10.0,740,708,0.9568,0,704,0,0,4,0,32,0,0,0,0,0,0.663
v15,aggressive,short,mixed,10,63,2023,12,12,-0.941,-0.88,-11.915,-11.915,-1.511,-1.096,-7.634,-0.941,0.289,10.0,120,113,0.9417,0,113,0,0,0,0,7,0,0,0,0,0,0.682
v15,aggressive,short,mixed,10,63,2024,51,51,-1.7,-1.22,-13.746,-14.386,-1.467,-1.705,-3.773,-1.7,0.3,10,510,500,0.9804,0,500,0,0,0,0,10,0,0,0,0,0,0.66
v15,aggressive,short,mixed,10,63,2025,50,50,0.022,0.01,-19.952,-22.342,0.506,0.102,-5.352,0.022,0.399,10.0,500,474,0.948,0,474,0,0,0,0,26,0,0,0,0,0,0.669
v15,aggressive,short,mixed,10,63,2026,24,24,-8.181,-2.71,-25.315,-29.317,-8.114,-7.986,-10.695,-8.181,0.253,10.0,240,234,0.975,0,230,0,0,4,0,6,0,0,0,0,0,0.643
v15,aggressive,short,mixed,20,5,ALL,148,148,-0.045,-0.19,-6.559,-11.962,-0.045,-0.045,-0.382,-0.045,0.463,20.0,2960,2947,0.9956,0,2947,0,0,0,0,9,1,0,3,0,0,0.602
v15,aggressive,short,mixed,20,5,P1,63,63,0.044,0.15,-3.314,-4.324,0.044,0.046,-0.198,0.044,0.429,20,1260,1255,0.996,0,1255,0,0,0,0,3,0,0,2,0,0,0.595
v15,aggressive,short,mixed,20,5,P2,85,85,-0.11,-0.33,-7.704,-11.962,-0.11,-0.112,-0.518,-0.11,0.488,20,1700,1692,0.9953,0,1692,0,0,0,0,6,1,0,1,0,0,0.608
v15,aggressive,short,mixed,20,5,2023,12,12,0.017,0.03,-3.158,-3.158,0.021,0.03,-0.408,0.017,0.439,20.0,240,239,0.9958,0,239,0,0,0,0,1,0,0,0,0,0,0.568
v15,aggressive,short,mixed,20,5,2024,51,51,0.05,0.15,-3.347,-4.324,0.05,0.05,-0.148,0.05,0.427,20,1020,1016,0.9961,0,1016,0,0,0,0,2,0,0,2,0,0,0.598
v15,aggressive,short,mixed,20,5,2025,50,50,0.236,0.62,-6.157,-8.049,0.234,0.238,-0.256,0.236,0.498,20.0,1000,994,0.994,0,994,0,0,0,0,5,0,0,1,0,0,0.583
v15,aggressive,short,mixed,20,5,2026,35,35,-0.604,-1.03,-9.203,-11.962,-0.602,-0.612,-0.892,-0.604,0.474,20,700,698,0.9971,0,698,0,0,0,0,1,1,0,0,0,0,0.644
v15,aggressive,short,mixed,20,20,ALL,145,145,-0.712,-1.19,-12.022,-14.757,-0.745,-0.706,-2.111,-0.712,0.393,20,2900,2857,0.9852,0,2854,0,0,3,0,39,1,0,3,0,0,0.6
v15,aggressive,short,mixed,20,20,P1,63,63,-0.525,-0.76,-6.503,-8.068,-0.537,-0.504,-1.666,-0.525,0.36,20,1260,1244,0.9873,0,1244,0,0,0,0,14,0,0,2,0,0,0.595
v15,aggressive,short,mixed,20,20,P2,82,82,-0.856,-0.93,-13.0,-14.757,-0.905,-0.861,-2.453,-0.856,0.419,20.0,1640,1613,0.9835,0,1610,0,0,3,0,25,1,0,1,0,0,0.604
v15,aggressive,short,mixed,20,20,2023,12,12,-1.177,-1.02,-4.935,-4.935,-1.186,-1.108,-4.202,-1.177,0.339,20.0,240,233,0.9708,0,233,0,0,0,0,7,0,0,0,0,0,0.568
v15,aggressive,short,mixed,20,20,2024,51,51,-0.371,-0.47,-6.831,-8.068,-0.384,-0.362,-1.07,-0.371,0.365,20,1020,1011,0.9912,0,1011,0,0,0,0,7,0,0,2,0,0,0.598
v15,aggressive,short,mixed,20,20,2025,50,50,-0.116,-0.09,-12.375,-13.715,-0.134,-0.122,-2.003,-0.116,0.424,20.0,1000,980,0.98,0,980,0,0,0,0,19,0,0,1,0,0,0.583
v15,aggressive,short,mixed,20,20,2026,32,32,-2.012,-1.61,-13.562,-14.757,-2.11,-2.016,-3.155,-2.012,0.41,20.0,640,633,0.9891,0,630,0,0,3,0,6,1,0,0,0,0,0.637
v15,aggressive,short,mixed,20,63,ALL,137,137,-1.113,-0.61,-18.566,-22.717,-1.007,-1.107,-5.253,-1.113,0.358,20,2740,2631,0.9602,0,2625,0,0,6,0,106,0,0,3,0,0,0.596
v15,aggressive,short,mixed,20,63,P1,63,63,-1.303,-1.43,-12.368,-13.347,-1.301,-1.305,-4.774,-1.303,0.323,20,1260,1218,0.9667,0,1218,0,0,0,0,40,0,0,2,0,0,0.595
v15,aggressive,short,mixed,20,63,P2,74,74,-0.952,-0.29,-20.378,-22.717,-0.756,-0.939,-5.661,-0.952,0.387,20.0,1480,1413,0.9547,0,1407,0,0,6,0,66,0,0,1,0,0,0.597
v15,aggressive,short,mixed,20,63,2023,12,12,-0.6,-0.59,-9.161,-9.161,-1.223,-0.643,-10.963,-0.6,0.356,20.0,240,218,0.9083,0,218,0,0,0,0,22,0,0,0,0,0,0.568
v15,aggressive,short,mixed,20,63,2024,51,51,-1.468,-1.34,-12.849,-13.347,-1.319,-1.461,-3.318,-1.468,0.316,20,1020,1000,0.9804,0,1000,0,0,0,0,18,0,0,2,0,0,0.598
v15,aggressive,short,mixed,20,63,2025,50,50,1.91,0.46,-17.855,-18.867,2.14,1.842,-3.534,1.91,0.438,20.0,1000,948,0.948,0,947,0,0,1,0,51,0,0,1,0,0,0.583
v15,aggressive,short,mixed,20,63,2026,24,24,-6.913,-2.45,-22.132,-22.717,-6.789,-6.733,-10.094,-6.913,0.28,20.0,480,465,0.9688,0,460,0,0,5,0,15,0,0,0,0,0,0.626
v15,aggressive,short,stock,10,5,ALL,148,148,0.126,0.45,-7.348,-13.012,0.122,0.12,-0.353,0.126,0.49,10.0,1480,1472,0.9946,0,1472,0,0,0,0,6,1,0,1,0,0,0.65
v15,aggressive,short,stock,10,5,P1,63,63,0.053,0.15,-4.072,-4.747,0.058,0.06,-0.269,0.053,0.459,10,630,627,0.9952,0,627,0,0,0,0,2,0,0,1,0,0,0.673
v15,aggressive,short,stock,10,5,P2,85,85,0.18,0.43,-8.603,-13.012,0.169,0.164,-0.416,0.18,0.513,10,850,845,0.9941,0,845,0,0,0,0,4,1,0,0,0,0,0.635
v15,aggressive,short,stock,10,5,2023,12,12,0.022,0.04,-4.747,-4.747,0.043,0.062,-0.814,0.022,0.444,10.0,120,119,0.9917,0,119,0,0,0,0,1,0,0,0,0,0,0.636
v15,aggressive,short,stock,10,5,2024,51,51,0.06,0.15,-3.782,-4.145,0.062,0.059,-0.14,0.06,0.463,10,510,508,0.9961,0,508,0,0,0,0,1,0,0,1,0,0,0.678
v15,aggressive,short,stock,10,5,2025,50,50,0.19,0.41,-7.596,-8.687,0.176,0.182,-0.412,0.19,0.537,10.0,500,497,0.994,0,497,0,0,0,0,3,0,0,0,0,0,0.624
v15,aggressive,short,stock,10,5,2026,35,35,0.165,0.22,-10.115,-13.012,0.158,0.139,-0.422,0.165,0.479,10,350,348,0.9943,0,348,0,0,0,0,1,1,0,0,0,0,0.653
v15,aggressive,short,stock,10,20,ALL,145,145,-0.468,-0.62,-14.227,-16.652,-0.47,-0.417,-2.173,-0.468,0.453,10,1450,1424,0.9821,0,1422,0,0,2,0,24,1,0,1,0,0,0.65
v15,aggressive,short,stock,10,20,P1,63,63,0.385,0.36,-9.93,-12.465,0.384,0.428,-0.727,0.385,0.483,10,630,622,0.9873,0,622,0,0,0,0,7,0,0,1,0,0,0.673
v15,aggressive,short,stock,10,20,P2,82,82,-1.124,-1.09,-15.448,-16.652,-1.126,-1.066,-3.284,-1.124,0.43,10.0,820,802,0.978,0,800,0,0,2,0,17,1,0,0,0,0,0.633
v15,aggressive,short,stock,10,20,2023,12,12,-1.655,-1.44,-6.169,-6.169,-1.586,-1.563,-3.325,-1.655,0.389,10.0,120,118,0.9833,0,118,0,0,0,0,2,0,0,0,0,0,0.636
v15,aggressive,short,stock,10,20,2024,51,51,0.865,0.68,-10.58,-12.465,0.847,0.897,-0.115,0.865,0.506,10,510,504,0.9882,0,504,0,0,0,0,5,0,0,1,0,0,0.678
v15,aggressive,short,stock,10,20,2025,50,50,-0.986,-0.74,-14.786,-16.652,-0.888,-0.899,-3.488,-0.986,0.434,10.0,500,487,0.974,0,487,0,0,0,0,13,0,0,0,0,0,0.624
v15,aggressive,short,stock,10,20,2026,32,32,-1.339,-0.83,-16.311,-16.599,-1.497,-1.327,-2.965,-1.339,0.423,10.0,320,315,0.9844,0,313,0,0,2,0,4,1,0,0,0,0,0.652
v15,aggressive,short,stock,10,63,ALL,137,137,-0.038,-0.02,-21.512,-29.317,0.269,0.057,-5.108,-0.038,0.423,10,1370,1303,0.9511,0,1298,0,0,5,0,66,0,0,1,0,0,0.646
v15,aggressive,short,stock,10,63,P1,63,63,1.591,1.51,-12.436,-14.953,1.701,1.526,-2.248,1.591,0.447,10,630,607,0.9635,0,607,0,0,0,0,22,0,0,1,0,0,0.673
v15,aggressive,short,stock,10,63,P2,74,74,-1.424,-0.41,-23.72,-29.317,-0.95,-1.193,-7.543,-1.424,0.403,10.0,740,696,0.9405,0,691,0,0,5,0,44,0,0,0,0,0,0.625
v15,aggressive,short,stock,10,63,2023,12,12,1.74,1.83,-9.678,-9.678,1.395,1.637,-6.747,1.74,0.405,10.0,120,111,0.925,0,111,0,0,0,0,9,0,0,0,0,0,0.636
v15,aggressive,short,stock,10,63,2024,51,51,1.556,1.22,-13.355,-14.953,1.773,1.5,-1.189,1.556,0.457,10,510,496,0.9725,0,496,0,0,0,0,13,0,0,1,0,0,0.678
v15,aggressive,short,stock,10,63,2025,50,50,1.231,0.28,-19.086,-20.493,1.861,1.439,-6.026,1.231,0.442,10.0,500,465,0.93,0,464,0,0,1,0,35,0,0,0,0,0,0.624
v15,aggressive,short,stock,10,63,2026,24,24,-6.957,-1.72,-27.344,-29.317,-6.807,-6.678,-10.704,-6.957,0.32,10.0,240,231,0.9625,0,227,0,0,4,0,9,0,0,0,0,0,0.63
v15,aggressive,short,stock,20,5,ALL,148,148,-0.067,-0.28,-7.003,-12.027,-0.066,-0.068,-0.438,-0.067,0.48,20.0,2960,2945,0.9949,0,2945,0,0,0,0,10,1,0,4,0,0,0.587
v15,aggressive,short,stock,20,5,P1,63,63,0.06,0.2,-3.705,-5.058,0.06,0.062,-0.182,0.06,0.461,20,1260,1255,0.996,0,1255,0,0,0,0,3,0,0,2,0,0,0.59
v15,aggressive,short,stock,20,5,P2,85,85,-0.161,-0.45,-8.072,-12.027,-0.16,-0.165,-0.628,-0.161,0.493,20,1700,1690,0.9941,0,1690,0,0,0,0,7,1,0,2,0,0,0.586
v15,aggressive,short,stock,20,5,2023,12,12,-0.1,-0.16,-5.058,-5.058,-0.097,-0.087,-0.525,-0.1,0.468,20.0,240,239,0.9958,0,239,0,0,0,0,1,0,0,0,0,0,0.591
v15,aggressive,short,stock,20,5,2024,51,51,0.098,0.28,-3.154,-3.633,0.097,0.098,-0.101,0.098,0.46,20,1020,1016,0.9961,0,1016,0,0,0,0,2,0,0,2,0,0,0.589
v15,aggressive,short,stock,20,5,2025,50,50,0.138,0.34,-6.392,-8.66,0.139,0.139,-0.453,0.138,0.505,20.0,1000,993,0.993,0,993,0,0,0,0,6,0,0,1,0,0,0.558
v15,aggressive,short,stock,20,5,2026,35,35,-0.59,-0.93,-9.373,-12.027,-0.587,-0.598,-0.879,-0.59,0.477,20,700,697,0.9957,0,697,0,0,0,0,1,1,0,1,0,0,0.626
v15,aggressive,short,stock,20,20,ALL,145,145,-0.573,-0.88,-12.623,-14.757,-0.588,-0.56,-2.24,-0.573,0.441,20,2900,2848,0.9821,0,2845,0,0,3,0,45,3,0,4,0,0,0.585
v15,aggressive,short,stock,20,20,P1,63,63,0.11,0.13,-6.807,-8.068,0.082,0.116,-1.213,0.11,0.464,20,1260,1242,0.9857,0,1242,0,0,0,0,16,0,0,2,0,0,0.59
v15,aggressive,short,stock,20,20,P2,82,82,-1.097,-1.17,-13.778,-14.757,-1.102,-1.079,-3.029,-1.097,0.424,20.0,1640,1606,0.9793,0,1603,0,0,3,0,29,3,0,2,0,0,0.582
v15,aggressive,short,stock,20,20,2023,12,12,-1.139,-0.82,-6.916,-6.916,-1.152,-1.074,-4.167,-1.139,0.394,20.0,240,233,0.9708,0,233,0,0,0,0,7,0,0,0,0,0,0.591
v15,aggressive,short,stock,20,20,2024,51,51,0.403,0.42,-6.77,-8.068,0.372,0.396,-0.518,0.403,0.481,20,1020,1009,0.9892,0,1009,0,0,0,0,9,0,0,2,0,0,0.589
v15,aggressive,short,stock,20,20,2025,50,50,-0.428,-0.34,-13.458,-14.482,-0.374,-0.387,-2.659,-0.428,0.437,20.0,1000,976,0.976,0,976,0,0,0,0,23,0,0,1,0,0,0.558
v15,aggressive,short,stock,20,20,2026,32,32,-2.143,-1.67,-14.258,-14.757,-2.24,-2.16,-3.606,-2.143,0.404,20.0,640,630,0.9844,0,627,0,0,3,0,6,3,0,1,0,0,0.621
v15,aggressive,short,stock,20,63,ALL,137,137,0.092,0.05,-18.365,-23.246,0.228,0.084,-4.938,0.092,0.428,20,2740,2608,0.9518,0,2600,0,0,8,0,128,0,0,4,0,0,0.583
v15,aggressive,short,stock,20,63,P1,63,63,0.601,0.74,-10.201,-13.347,0.674,0.566,-3.583,0.601,0.436,20,1260,1210,0.9603,0,1208,0,0,2,0,48,0,0,2,0,0,0.59
v15,aggressive,short,stock,20,63,P2,74,74,-0.342,-0.1,-20.286,-23.246,-0.151,-0.326,-6.092,-0.342,0.42,20.0,1480,1398,0.9446,0,1392,0,0,6,0,80,0,0,2,0,0,0.577
v15,aggressive,short,stock,20,63,2023,12,12,0.989,1.75,-8.49,-8.49,0.318,0.899,-9.421,0.989,0.438,20.0,240,218,0.9083,0,218,0,0,0,0,22,0,0,0,0,0,0.591
v15,aggressive,short,stock,20,63,2024,51,51,0.51,0.51,-10.717,-13.347,0.758,0.488,-2.209,0.51,0.436,20,1020,992,0.9725,0,990,0,0,2,0,26,0,0,2,0,0,0.589
v15,aggressive,short,stock,20,63,2025,50,50,2.694,0.62,-16.79,-17.514,2.926,2.634,-4.068,2.694,0.474,20.0,1000,936,0.936,0,935,0,0,1,0,63,0,0,1,0,0,0.558
v15,aggressive,short,stock,20,63,2026,24,24,-6.667,-2.08,-22.396,-23.246,-6.561,-6.493,-10.31,-6.667,0.309,20.0,480,462,0.9625,0,457,0,0,5,0,17,0,0,1,0,0,0.617
v15,balanced,long,mixed,10,5,ALL,148,148,-0.05,-0.17,-9.443,-14.189,-0.053,-0.055,-0.386,-0.05,0.464,10.0,1480,1471,0.9939,0,1471,0,0,0,0,5,0,0,4,0,0,0.62
v15,balanced,long,mixed,10,5,P1,63,63,-0.026,-0.08,-5.481,-8.806,-0.029,-0.027,-0.346,-0.026,0.444,10,630,627,0.9952,0,627,0,0,0,0,2,0,0,1,0,0,0.618
v15,balanced,long,mixed,10,5,P2,85,85,-0.068,-0.16,-10.987,-14.189,-0.072,-0.076,-0.416,-0.068,0.479,10,850,844,0.9929,0,844,0,0,0,0,3,0,0,3,0,0,0.624
v15,balanced,long,mixed,10,5,2023,12,12,-0.423,-0.62,-4.637,-4.637,-0.423,-0.423,-0.423,-0.423,0.442,10.0,120,120,1.0,0,120,0,0,0,0,0,0,0,0,0,0,0.627
v15,balanced,long,mixed,10,5,2024,51,51,0.067,0.17,-5.763,-8.806,0.064,0.066,-0.327,0.067,0.444,10,510,507,0.9941,0,507,0,0,0,0,2,0,0,1,0,0,0.612
v15,balanced,long,mixed,10,5,2025,50,50,-0.121,-0.28,-7.711,-12.219,-0.136,-0.124,-0.507,-0.121,0.474,10.0,500,497,0.994,0,497,0,0,0,0,2,0,0,1,0,0,0.624
v15,balanced,long,mixed,10,5,2026,35,35,0.008,0.01,-12.045,-14.189,0.02,-0.007,-0.286,0.008,0.487,10,350,347,0.9914,0,347,0,0,0,0,1,0,0,2,0,0,0.621
v15,balanced,long,mixed,10,20,ALL,145,145,-0.108,-0.15,-12.97,-17.186,-0.152,-0.147,-1.884,-0.108,0.4,10,1450,1421,0.98,0,1419,0,0,2,0,22,3,0,4,0,0,0.619
v15,balanced,long,mixed,10,20,P1,63,63,-0.116,-0.12,-8.98,-9.952,-0.183,-0.163,-1.166,-0.116,0.363,10,630,623,0.9889,0,623,0,0,0,0,6,0,0,1,0,0,0.618
v15,balanced,long,mixed,10,20,P2,82,82,-0.102,-0.09,-14.283,-17.186,-0.128,-0.134,-2.435,-0.102,0.429,10.0,820,798,0.9732,0,796,0,0,2,0,16,3,0,3,0,0,0.622
v15,balanced,long,mixed,10,20,2023,12,12,-2.238,-3.41,-6.501,-6.501,-2.238,-2.238,-2.238,-2.238,0.308,10.0,120,120,1.0,0,120,0,0,0,0,0,0,0,0,0,0,0.627
v15,balanced,long,mixed,10,20,2024,51,51,0.383,0.34,-9.551,-9.952,0.301,0.325,-0.914,0.383,0.376,10,510,503,0.9863,0,503,0,0,0,0,6,0,0,1,0,0,0.612
v15,balanced,long,mixed,10,20,2025,50,50,-0.592,-0.42,-14.279,-17.186,-0.556,-0.604,-2.561,-0.592,0.408,10.0,500,489,0.978,0,489,0,0,0,0,10,0,0,1,0,0,0.624
v15,balanced,long,mixed,10,20,2026,32,32,0.664,0.41,-14.29,-14.355,0.541,0.599,-2.239,0.664,0.46,10.0,320,309,0.9656,0,307,0,0,2,0,6,3,0,2,0,0,0.616
v15,balanced,long,mixed,10,63,ALL,137,137,0.005,0.0,-20.069,-24.805,0.16,-0.202,-5.246,0.005,0.366,10,1370,1301,0.9496,0,1294,0,0,7,0,64,1,0,4,0,0,0.619
v15,balanced,long,mixed,10,63,P1,63,63,-0.06,-0.06,-13.02,-13.792,-0.091,-0.181,-3.108,-0.06,0.342,10,630,612,0.9714,0,612,0,0,0,0,17,0,0,1,0,0,0.618
v15,balanced,long,mixed,10,63,P2,74,74,0.06,0.02,-22.78,-24.805,0.374,-0.219,-7.067,0.06,0.387,10.0,740,689,0.9311,0,682,0,0,7,0,47,1,0,3,0,0,0.622
v15,balanced,long,mixed,10,63,2023,12,12,2.187,1.95,-13.115,-13.115,1.472,1.841,-3.7,2.187,0.397,10.0,120,114,0.95,0,114,0,0,0,0,6,0,0,0,0,0,0.627
v15,balanced,long,mixed,10,63,2024,51,51,-0.589,-0.5,-12.989,-13.792,-0.459,-0.657,-2.969,-0.589,0.329,10,510,498,0.9765,0,498,0,0,0,0,11,0,0,1,0,0,0.612
v15,balanced,long,mixed,10,63,2025,50,50,1.688,0.52,-20.054,-22.771,2.229,1.3,-5.807,1.688,0.411,10.0,500,465,0.93,0,462,0,0,3,0,34,0,0,1,0,0,0.624
v15,balanced,long,mixed,10,63,2026,24,24,-3.331,-0.89,-24.754,-24.805,-3.49,-3.383,-9.691,-3.331,0.337,10.0,240,224,0.9333,0,220,0,0,4,0,13,1,0,2,0,0,0.613
v15,balanced,long,mixed,20,5,ALL,148,148,-0.01,-0.04,-7.298,-12.042,-0.018,-0.014,-0.421,-0.01,0.467,20.0,2960,2943,0.9943,0,2942,0,0,1,0,11,1,0,5,0,0,0.591
v15,balanced,long,mixed,20,5,P1,63,63,-0.047,-0.17,-4.8,-6.297,-0.054,-0.05,-0.373,-0.047,0.443,20,1260,1255,0.996,0,1255,0,0,0,0,4,0,0,1,0,0,0.568
v15,balanced,long,mixed,20,5,P2,85,85,0.017,0.05,-8.395,-12.042,0.008,0.012,-0.456,0.017,0.484,20,1700,1688,0.9929,0,1687,0,0,1,0,7,1,0,4,0,0,0.608
v15,balanced,long,mixed,20,5,2023,12,12,-0.234,-0.44,-3.784,-3.784,-0.234,-0.225,-0.663,-0.234,0.439,20.0,240,239,0.9958,0,239,0,0,0,0,1,0,0,0,0,0,0.545
v15,balanced,long,mixed,20,5,2024,51,51,-0.003,-0.01,-5.139,-6.297,-0.012,-0.009,-0.305,-0.003,0.443,20,1020,1016,0.9961,0,1016,0,0,0,0,3,0,0,1,0,0,0.569
v15,balanced,long,mixed,20,5,2025,50,50,-0.05,-0.16,-5.522,-8.068,-0.054,-0.049,-0.545,-0.05,0.473,20.0,1000,993,0.993,0,993,0,0,0,0,5,0,0,2,0,0,0.605
v15,balanced,long,mixed,20,5,2026,35,35,0.114,0.16,-10.546,-12.042,0.097,0.1,-0.33,0.114,0.501,20,700,695,0.9929,0,694,0,0,1,0,2,1,0,2,0,0,0.615
v15,balanced,long,mixed,20,20,ALL,145,145,0.1,0.17,-10.427,-14.19,0.066,0.082,-1.715,0.1,0.418,20,2900,2844,0.9807,0,2841,0,0,3,0,48,3,0,5,0,0,0.589
v15,balanced,long,mixed,20,20,P1,63,63,0.153,0.21,-7.01,-7.419,0.097,0.132,-1.359,0.153,0.392,20,1260,1241,0.9849,0,1241,0,0,0,0,18,0,0,1,0,0,0.568
v15,balanced,long,mixed,20,20,P2,82,82,0.059,0.07,-11.63,-14.19,0.043,0.044,-1.989,0.059,0.439,20.0,1640,1603,0.9774,0,1600,0,0,3,0,30,3,0,4,0,0,0.606
v15,balanced,long,mixed,20,20,2023,12,12,-0.998,-0.97,-6.542,-6.542,-1.044,-0.97,-3.205,-0.998,0.383,20.0,240,235,0.9792,0,235,0,0,0,0,5,0,0,0,0,0,0.545
v15,balanced,long,mixed,20,20,2024,51,51,0.424,0.5,-7.167,-7.419,0.365,0.391,-0.925,0.424,0.394,20,1020,1006,0.9863,0,1006,0,0,0,0,13,0,0,1,0,0,0.569
v15,balanced,long,mixed,20,20,2025,50,50,-0.172,-0.16,-11.332,-14.19,-0.158,-0.176,-2.288,-0.172,0.433,20.0,1000,977,0.977,0,977,0,0,0,0,21,0,0,2,0,0,0.605
v15,balanced,long,mixed,20,20,2026,32,32,0.42,0.3,-12.076,-13.639,0.357,0.388,-1.52,0.42,0.448,20.0,640,626,0.9781,0,623,0,0,3,0,9,3,0,2,0,0,0.608
v15,balanced,long,mixed,20,63,ALL,137,137,0.703,0.47,-18.996,-21.906,0.768,0.547,-4.098,0.703,0.392,20,2740,2615,0.9544,0,2603,0,0,12,0,117,3,0,5,0,0,0.586
v15,balanced,long,mixed,20,63,P1,63,63,0.44,0.42,-9.804,-13.101,0.51,0.376,-2.963,0.44,0.365,20,1260,1220,0.9683,0,1220,0,0,0,0,39,0,0,1,0,0,0.568
v15,balanced,long,mixed,20,63,P2,74,74,0.928,0.36,-20.856,-21.906,0.987,0.692,-5.064,0.928,0.415,20.0,1480,1395,0.9426,0,1383,0,0,12,0,78,3,0,4,0,0,0.602
v15,balanced,long,mixed,20,63,2023,12,12,4.071,2.63,-2.731,-2.731,3.591,3.911,-2.649,4.071,0.437,20.0,240,226,0.9417,0,226,0,0,0,0,14,0,0,0,0,0,0.545
v15,balanced,long,mixed,20,63,2024,51,51,-0.414,-0.4,-10.451,-13.101,-0.215,-0.456,-3.037,-0.414,0.348,20,1020,994,0.9745,0,994,0,0,0,0,25,0,0,1,0,0,0.569
v15,balanced,long,mixed,20,63,2025,50,50,2.592,0.82,-18.041,-19.407,2.729,2.26,-3.683,2.592,0.449,20.0,1000,941,0.941,0,934,0,0,7,0,57,0,0,2,0,0,0.605
v15,balanced,long,mixed,20,63,2026,24,24,-2.54,-0.59,-21.698,-21.906,-2.644,-2.575,-7.94,-2.54,0.344,20.0,480,454,0.9458,0,449,0,0,5,0,21,3,0,2,0,0,0.598
v15,balanced,long,stock,10,5,ALL,148,148,0.08,0.26,-9.543,-13.808,0.073,0.071,-0.601,0.081,0.485,10.0,1479,1464,0.9899,1,1464,0,0,0,0,9,1,0,5,0,1,0.584
v15,balanced,long,stock,10,5,P1,63,63,0.089,0.24,-6.317,-8.806,0.076,0.079,-0.4,0.089,0.486,10,630,626,0.9937,0,626,0,0,0,0,3,0,0,1,0,0,0.581
v15,balanced,long,stock,10,5,P2,85,85,0.073,0.16,-11.06,-13.808,0.07,0.065,-0.751,0.075,0.485,10,849,838,0.987,1,838,0,0,0,0,6,1,0,4,0,1,0.587
v15,balanced,long,stock,10,5,2023,12,12,-0.433,-0.53,-6.343,-6.343,-0.433,-0.433,-0.433,-0.433,0.475,10.0,120,120,1.0,0,120,0,0,0,0,0,0,0,0,0,0,0.582
v15,balanced,long,stock,10,5,2024,51,51,0.212,0.52,-6.309,-8.806,0.196,0.2,-0.392,0.212,0.489,10,510,506,0.9922,0,506,0,0,0,0,3,0,0,1,0,0,0.578
v15,balanced,long,stock,10,5,2025,50,50,-0.045,-0.1,-7.641,-12.964,-0.062,-0.047,-1.038,-0.043,0.477,10.0,499,492,0.986,1,492,0,0,0,0,5,0,0,2,0,1,0.584
v15,balanced,long,stock,10,5,2026,35,35,0.242,0.26,-11.854,-13.808,0.259,0.225,-0.341,0.242,0.496,10,350,346,0.9886,0,346,0,0,0,0,1,1,0,2,0,0,0.588
v15,balanced,long,stock,10,20,ALL,145,145,0.59,0.76,-13.4,-17.186,0.551,0.56,-1.607,0.584,0.487,10,1449,1413,0.9752,1,1411,0,0,2,0,28,3,0,5,0,1,0.583
v15,balanced,long,stock,10,20,P1,63,63,0.85,0.83,-9.416,-9.952,0.775,0.8,-0.518,0.85,0.515,10,630,621,0.9857,0,621,0,0,0,0,8,0,0,1,0,0,0.581
v15,balanced,long,stock,10,20,P2,82,82,0.391,0.34,-15.149,-17.186,0.379,0.375,-2.444,0.38,0.466,10.0,819,792,0.967,1,790,0,0,2,0,20,3,0,4,0,1,0.585
v15,balanced,long,stock,10,20,2023,12,12,-1.822,-2.31,-9.013,-9.013,-1.822,-1.822,-1.822,-1.822,0.392,10.0,120,120,1.0,0,120,0,0,0,0,0,0,0,0,0,0,0.582
v15,balanced,long,stock,10,20,2024,51,51,1.478,1.24,-9.551,-9.952,1.386,1.417,-0.211,1.478,0.544,10,510,501,0.9824,0,501,0,0,0,0,8,0,0,1,0,0,0.578
v15,balanced,long,stock,10,20,2025,50,50,-0.132,-0.09,-15.722,-17.186,-0.059,-0.096,-2.903,-0.15,0.459,10.0,499,483,0.9679,1,483,0,0,0,0,14,0,0,2,0,1,0.584
v15,balanced,long,stock,10,20,2026,32,32,1.207,0.67,-14.29,-14.355,1.063,1.11,-1.728,1.207,0.476,10.0,320,309,0.9656,0,307,0,0,2,0,6,3,0,2,0,0,0.584
v15,balanced,long,stock,10,63,ALL,137,137,2.413,1.54,-19.858,-24.805,2.416,2.035,-4.049,2.393,0.458,10,1369,1286,0.9394,1,1279,0,0,7,0,77,1,0,5,0,1,0.582
v15,balanced,long,stock,10,63,P1,63,63,2.885,2.33,-11.426,-13.792,2.814,2.653,-1.28,2.885,0.47,10,630,606,0.9619,0,606,0,0,0,0,23,0,0,1,0,0,0.581
v15,balanced,long,stock,10,63,P2,74,74,2.011,0.75,-22.215,-24.805,2.076,1.508,-6.406,1.974,0.448,10.0,739,680,0.9202,1,673,0,0,7,0,54,1,0,4,0,1,0.584
v15,balanced,long,stock,10,63,2023,12,12,5.429,3.34,-7.472,-7.472,4.55,4.919,-0.622,5.429,0.484,10.0,120,114,0.95,0,114,0,0,0,0,6,0,0,0,0,0,0.582
v15,balanced,long,stock,10,63,2024,51,51,2.287,1.83,-12.073,-13.792,2.406,2.12,-1.435,2.287,0.466,10,510,492,0.9647,0,492,0,0,0,0,17,0,0,1,0,0,0.578
v15,balanced,long,stock,10,63,2025,50,50,3.299,1.04,-18.607,-20.922,3.649,2.747,-5.714,3.244,0.476,10.0,499,457,0.9158,1,454,0,0,3,0,40,0,0,2,0,1,0.584
v15,balanced,long,stock,10,63,2026,24,24,-0.673,-0.13,-24.754,-24.805,-1.201,-1.073,-7.849,-0.673,0.391,10.0,240,223,0.9292,0,219,0,0,4,0,14,1,0,2,0,0,0.578
v15,balanced,long,stock,20,5,ALL,148,148,0.085,0.34,-7.782,-12.714,0.078,0.08,-0.394,0.089,0.492,20.0,2949,2930,0.9936,11,2929,0,0,1,0,12,2,0,5,0,1,0.563
v15,balanced,long,stock,20,5,P1,63,63,0.102,0.35,-4.935,-6.297,0.095,0.097,-0.303,0.102,0.483,20,1260,1254,0.9952,0,1254,0,0,0,0,5,0,0,1,0,0,0.54
v15,balanced,long,stock,20,5,P2,85,85,0.072,0.19,-8.949,-12.714,0.065,0.067,-0.461,0.078,0.498,20,1689,1676,0.9923,11,1675,0,0,1,0,7,2,0,4,0,1,0.58
v15,balanced,long,stock,20,5,2023,12,12,-0.257,-0.43,-4.683,-4.683,-0.258,-0.248,-0.686,-0.257,0.464,20.0,240,239,0.9958,0,239,0,0,0,0,1,0,0,0,0,0,0.536
v15,balanced,long,stock,20,5,2024,51,51,0.187,0.56,-5.019,-6.297,0.178,0.178,-0.213,0.187,0.487,20,1020,1015,0.9951,0,1015,0,0,0,0,4,0,0,1,0,0,0.538
v15,balanced,long,stock,20,5,2025,50,50,-0.097,-0.28,-6.592,-9.373,-0.102,-0.098,-0.593,-0.085,0.486,20.0,989,982,0.9929,11,982,0,0,0,0,5,0,0,2,0,1,0.582
v15,balanced,long,stock,20,5,2026,35,35,0.312,0.41,-10.881,-12.714,0.302,0.302,-0.271,0.312,0.516,20,700,694,0.9914,0,693,0,0,1,0,2,2,0,2,0,0,0.582
v15,balanced,long,stock,20,20,ALL,145,145,0.413,0.64,-11.293,-16.208,0.374,0.394,-1.892,0.385,0.473,20,2889,2819,0.9758,11,2816,0,0,3,0,61,4,0,5,0,1,0.564
v15,balanced,long,stock,20,20,P1,63,63,0.933,1.1,-7.237,-8.012,0.85,0.895,-1.161,0.933,0.501,20,1260,1234,0.9794,0,1234,0,0,0,0,25,0,0,1,0,0,0.54
v15,balanced,long,stock,20,20,P2,82,82,0.013,0.01,-12.627,-16.208,0.009,0.009,-2.454,-0.037,0.451,20.0,1629,1585,0.973,11,1582,0,0,3,0,36,4,0,4,0,1,0.581
v15,balanced,long,stock,20,20,2023,12,12,-0.877,-0.83,-6.674,-6.674,-0.9,-0.829,-3.487,-0.877,0.418,20.0,240,234,0.975,0,234,0,0,0,0,6,0,0,0,0,0,0.536
v15,balanced,long,stock,20,20,2024,51,51,1.359,1.36,-7.425,-8.012,1.261,1.3,-0.613,1.359,0.521,20,1020,1000,0.9804,0,1000,0,0,0,0,19,0,0,1,0,0,0.538
v15,balanced,long,stock,20,20,2025,50,50,-0.098,-0.08,-12.742,-16.208,-0.069,-0.088,-2.395,-0.18,0.458,20.0,989,964,0.9747,11,964,0,0,0,0,23,0,0,2,0,1,0.582
v15,balanced,long,stock,20,20,2026,32,32,0.186,0.12,-12.455,-13.639,0.131,0.161,-2.544,0.186,0.441,20.0,640,621,0.9703,0,618,0,0,3,0,13,4,0,2,0,0,0.585
v15,balanced,long,stock,20,63,ALL,137,137,2.44,1.45,-18.855,-23.809,2.423,2.198,-3.313,2.349,0.469,20,2729,2582,0.9461,11,2570,0,0,12,0,139,3,0,5,0,1,0.56
v15,balanced,long,stock,20,63,P1,63,63,2.985,2.43,-8.219,-10.475,2.937,2.825,-1.442,2.985,0.491,20,1260,1209,0.9595,0,1209,0,0,0,0,50,0,0,1,0,0,0.54
v15,balanced,long,stock,20,63,P2,74,74,1.976,0.69,-21.358,-23.809,1.985,1.664,-4.905,1.808,0.451,20.0,1469,1373,0.9346,11,1361,0,0,12,0,89,3,0,4,0,1,0.577
v15,balanced,long,stock,20,63,2023,12,12,5.772,2.97,-3.508,-3.508,5.221,5.565,-1.915,5.772,0.492,20.0,240,224,0.9333,0,224,0,0,0,0,16,0,0,0,0,0,0.536
v15,balanced,long,stock,20,63,2024,51,51,2.33,1.97,-8.932,-10.475,2.399,2.181,-1.331,2.33,0.491,20,1020,985,0.9657,0,985,0,0,0,0,34,0,0,1,0,0,0.538
v15,balanced,long,stock,20,63,2025,50,50,4.043,1.16,-15.252,-18.582,4.129,3.644,-2.833,3.794,0.488,20.0,989,925,0.9353,11,918,0,0,7,0,62,0,0,2,0,1,0.582
v15,balanced,long,stock,20,63,2026,24,24,-2.33,-0.49,-22.679,-23.809,-2.48,-2.462,-9.221,-2.33,0.375,20.0,480,448,0.9333,0,443,0,0,5,0,27,3,0,2,0,0,0.574
v15,balanced,mid,mixed,10,5,ALL,148,148,0.116,0.44,-7.586,-11.078,0.111,0.109,-0.221,0.116,0.464,10.0,1480,1471,0.9939,0,1471,0,0,0,0,5,0,0,4,0,0,0.644
v15,balanced,mid,mixed,10,5,P1,63,63,-0.013,-0.04,-4.75,-5.685,-0.019,-0.017,-0.335,-0.013,0.433,10,630,627,0.9952,0,627,0,0,0,0,2,0,0,1,0,0,0.632
v15,balanced,mid,mixed,10,5,P2,85,85,0.212,0.53,-9.002,-11.078,0.207,0.203,-0.136,0.212,0.487,10,850,844,0.9929,0,844,0,0,0,0,3,0,0,3,0,0,0.654
v15,balanced,mid,mixed,10,5,2023,12,12,-0.434,-0.72,-4.637,-4.637,-0.434,-0.434,-0.434,-0.434,0.425,10.0,120,120,1.0,0,120,0,0,0,0,0,0,0,0,0,0,0.645
v15,balanced,mid,mixed,10,5,2024,51,51,0.086,0.25,-4.787,-5.685,0.079,0.081,-0.312,0.086,0.435,10,510,507,0.9941,0,507,0,0,0,0,2,0,0,1,0,0,0.626
v15,balanced,mid,mixed,10,5,2025,50,50,0.133,0.32,-6.547,-8.729,0.114,0.126,-0.256,0.133,0.49,10.0,500,497,0.994,0,497,0,0,0,0,2,0,0,1,0,0,0.655
v15,balanced,mid,mixed,10,5,2026,35,35,0.324,0.42,-10.284,-11.078,0.341,0.313,0.034,0.324,0.484,10,350,347,0.9914,0,347,0,0,0,0,1,0,0,2,0,0,0.65
v15,balanced,mid,mixed,10,20,ALL,145,145,-0.259,-0.4,-11.218,-12.263,-0.297,-0.288,-1.888,-0.259,0.391,10,1450,1423,0.9814,0,1421,0,0,2,0,20,3,0,4,0,0,0.643
v15,balanced,mid,mixed,10,20,P1,63,63,-0.052,-0.06,-7.703,-10.821,-0.1,-0.083,-0.923,-0.052,0.35,10,630,624,0.9905,0,624,0,0,0,0,5,0,0,1,0,0,0.632
v15,balanced,mid,mixed,10,20,P2,82,82,-0.418,-0.46,-11.603,-12.263,-0.448,-0.446,-2.63,-0.418,0.422,10.0,820,799,0.9744,0,797,0,0,2,0,15,3,0,3,0,0,0.653
v15,balanced,mid,mixed,10,20,2023,12,12,-2.213,-2.93,-5.146,-5.146,-2.213,-2.213,-2.213,-2.213,0.292,10.0,120,120,1.0,0,120,0,0,0,0,0,0,0,0,0,0,0.645
v15,balanced,mid,mixed,10,20,2024,51,51,0.456,0.42,-8.192,-10.821,0.397,0.418,-0.619,0.456,0.364,10,510,504,0.9882,0,504,0,0,0,0,5,0,0,1,0,0,0.626
v15,balanced,mid,mixed,10,20,2025,50,50,-0.879,-0.77,-11.738,-12.263,-0.835,-0.882,-2.839,-0.879,0.413,10.0,500,489,0.978,0,489,0,0,0,0,10,0,0,1,0,0,0.655
v15,balanced,mid,mixed,10,20,2026,32,32,0.302,0.2,-11.4,-12.174,0.155,0.234,-2.303,0.302,0.437,10.0,320,310,0.9688,0,308,0,0,2,0,5,3,0,2,0,0,0.648
v15,balanced,mid,mixed,10,63,ALL,137,137,-0.306,-0.2,-20.242,-25.442,-0.199,-0.435,-5.321,-0.306,0.362,10,1370,1303,0.9511,0,1297,0,0,6,0,62,1,0,4,0,0,0.64
v15,balanced,mid,mixed,10,63,P1,63,63,0.24,0.22,-12.335,-14.295,0.162,0.162,-2.28,0.24,0.342,10,630,615,0.9762,0,615,0,0,0,0,14,0,0,1,0,0,0.632
v15,balanced,mid,mixed,10,63,P2,74,74,-0.771,-0.29,-22.996,-25.442,-0.506,-0.944,-7.91,-0.771,0.379,10.0,740,688,0.9297,0,682,0,0,6,0,48,1,0,3,0,0,0.649
v15,balanced,mid,mixed,10,63,2023,12,12,0.94,0.96,-14.295,-14.295,0.243,0.659,-5.807,0.94,0.374,10.0,120,113,0.9417,0,113,0,0,0,0,7,0,0,0,0,0,0.645
v15,balanced,mid,mixed,10,63,2024,51,51,0.075,0.06,-11.682,-12.518,0.142,0.045,-1.45,0.075,0.334,10,510,502,0.9843,0,502,0,0,0,0,7,0,0,1,0,0,0.626
v15,balanced,mid,mixed,10,63,2025,50,50,1.279,0.39,-20.206,-22.771,1.695,1.006,-5.871,1.279,0.406,10.0,500,466,0.932,0,464,0,0,2,0,33,0,0,1,0,0,0.655
v15,balanced,mid,mixed,10,63,2026,24,24,-5.041,-1.48,-23.999,-25.442,-5.09,-5.005,-12.159,-5.041,0.323,10.0,240,222,0.925,0,218,0,0,4,0,15,1,0,2,0,0,0.635
v15,balanced,mid,mixed,20,5,ALL,148,148,-0.02,-0.09,-7.124,-13.289,-0.025,-0.022,-0.496,-0.02,0.469,20.0,2960,2941,0.9936,0,2940,0,0,1,0,12,2,0,5,0,0,0.608
v15,balanced,mid,mixed,20,5,P1,63,63,-0.1,-0.36,-4.406,-6.297,-0.106,-0.102,-0.505,-0.1,0.438,20,1260,1254,0.9952,0,1254,0,0,0,0,5,0,0,1,0,0,0.6
v15,balanced,mid,mixed,20,5,P2,85,85,0.04,0.12,-8.261,-13.289,0.035,0.038,-0.489,0.04,0.492,20,1700,1687,0.9924,0,1686,0,0,1,0,7,2,0,4,0,0,0.615
v15,balanced,mid,mixed,20,5,2023,12,12,-0.196,-0.39,-3.072,-3.072,-0.194,-0.185,-0.622,-0.196,0.426,20.0,240,239,0.9958,0,239,0,0,0,0,1,0,0,0,0,0,0.568
v15,balanced,mid,mixed,20,5,2024,51,51,-0.078,-0.24,-4.784,-6.297,-0.085,-0.082,-0.478,-0.078,0.441,20,1020,1015,0.9951,0,1015,0,0,0,0,4,0,0,1,0,0,0.602
v15,balanced,mid,mixed,20,5,2025,50,50,-0.052,-0.16,-6.057,-8.141,-0.052,-0.048,-0.543,-0.052,0.485,20.0,1000,993,0.993,0,993,0,0,0,0,5,0,0,2,0,0,0.617
v15,balanced,mid,mixed,20,5,2026,35,35,0.17,0.25,-10.544,-13.289,0.159,0.159,-0.412,0.17,0.503,20,700,694,0.9914,0,693,0,0,1,0,2,2,0,2,0,0,0.613
v15,balanced,mid,mixed,20,20,ALL,145,145,-0.074,-0.12,-10.292,-13.278,-0.095,-0.075,-1.841,-0.074,0.41,20,2900,2845,0.981,0,2842,0,0,3,0,47,3,0,5,0,0,0.606
v15,balanced,mid,mixed,20,20,P1,63,63,-0.221,-0.29,-7.554,-9.06,-0.254,-0.226,-1.714,-0.221,0.372,20,1260,1241,0.9849,0,1241,0,0,0,0,18,0,0,1,0,0,0.6
v15,balanced,mid,mixed,20,20,P2,82,82,0.039,0.04,-11.255,-13.278,0.027,0.04,-1.939,0.039,0.44,20.0,1640,1604,0.978,0,1601,0,0,3,0,29,3,0,4,0,0,0.612
v15,balanced,mid,mixed,20,20,2023,12,12,-1.139,-1.29,-4.866,-4.866,-1.176,-1.098,-4.191,-1.139,0.373,20.0,240,233,0.9708,0,233,0,0,0,0,7,0,0,0,0,0,0.568
v15,balanced,mid,mixed,20,20,2024,51,51,-0.006,-0.01,-7.937,-9.06,-0.038,-0.02,-1.131,-0.006,0.371,20,1020,1008,0.9882,0,1008,0,0,0,0,11,0,0,1,0,0,0.602
v15,balanced,mid,mixed,20,20,2025,50,50,-0.133,-0.12,-11.335,-13.278,-0.089,-0.118,-1.926,-0.133,0.435,20.0,1000,980,0.98,0,980,0,0,0,0,18,0,0,2,0,0,0.617
v15,balanced,mid,mixed,20,20,2026,32,32,0.308,0.22,-11.134,-11.96,0.209,0.287,-1.957,0.308,0.447,20.0,640,624,0.975,0,621,0,0,3,0,11,3,0,2,0,0,0.606
v15,balanced,mid,mixed,20,63,ALL,137,137,0.05,0.03,-18.545,-20.695,0.132,-0.068,-4.767,0.05,0.376,20,2740,2614,0.954,0,2604,0,0,10,0,119,2,0,5,0,0,0.603
v15,balanced,mid,mixed,20,63,P1,63,63,-0.317,-0.36,-10.979,-13.103,-0.269,-0.362,-3.716,-0.317,0.344,20,1260,1220,0.9683,0,1220,0,0,0,0,39,0,0,1,0,0,0.6
v15,balanced,mid,mixed,20,63,P2,74,74,0.363,0.13,-19.642,-20.695,0.472,0.182,-5.662,0.363,0.404,20.0,1480,1394,0.9419,0,1384,0,0,10,0,80,2,0,4,0,0,0.607
v15,balanced,mid,mixed,20,63,2023,12,12,1.196,2.32,-6.51,-6.51,0.782,1.112,-6.826,1.196,0.394,20.0,240,223,0.9292,0,223,0,0,0,0,17,0,0,0,0,0,0.568
v15,balanced,mid,mixed,20,63,2024,51,51,-0.673,-0.64,-11.28,-13.103,-0.516,-0.709,-2.984,-0.673,0.332,20,1020,997,0.9775,0,997,0,0,0,0,22,0,0,1,0,0,0.602
v15,balanced,mid,mixed,20,63,2025,50,50,2.624,0.72,-18.073,-19.191,2.769,2.308,-3.335,2.624,0.45,20.0,1000,944,0.944,0,939,0,0,5,0,54,0,0,2,0,0,0.617
v15,balanced,mid,mixed,20,63,2026,24,24,-4.349,-1.24,-20.479,-20.695,-4.311,-4.247,-10.512,-4.349,0.308,20.0,480,450,0.9375,0,445,0,0,5,0,26,2,0,2,0,0,0.587
v15,balanced,mid,stock,10,5,ALL,148,148,0.115,0.4,-8.145,-12.783,0.113,0.108,-0.497,0.116,0.485,10.0,1479,1466,0.9912,1,1466,0,0,0,0,7,2,0,4,0,1,0.616
v15,balanced,mid,stock,10,5,P1,63,63,0.061,0.18,-4.798,-5.685,0.054,0.057,-0.262,0.061,0.481,10,630,627,0.9952,0,627,0,0,0,0,2,0,0,1,0,0,0.626
v15,balanced,mid,stock,10,5,P2,85,85,0.156,0.35,-9.591,-12.783,0.156,0.146,-0.671,0.157,0.488,10,849,839,0.9882,1,839,0,0,0,0,5,2,0,3,0,1,0.611
v15,balanced,mid,stock,10,5,2023,12,12,-0.5,-0.73,-4.637,-4.637,-0.5,-0.5,-0.5,-0.5,0.475,10.0,120,120,1.0,0,120,0,0,0,0,0,0,0,0,0,0,0.618
v15,balanced,mid,stock,10,5,2024,51,51,0.193,0.52,-4.813,-5.685,0.184,0.188,-0.206,0.193,0.482,10,510,507,0.9941,0,507,0,0,0,0,2,0,0,1,0,0,0.626
v15,balanced,mid,stock,10,5,2025,50,50,-0.07,-0.16,-7.392,-10.652,-0.087,-0.073,-0.868,-0.068,0.477,10.0,499,494,0.99,1,494,0,0,0,0,4,0,0,1,0,1,0.604
v15,balanced,mid,stock,10,5,2026,35,35,0.478,0.55,-11.137,-12.783,0.503,0.457,-0.391,0.478,0.503,10,350,345,0.9857,0,345,0,0,0,0,1,2,0,2,0,0,0.621
v15,balanced,mid,stock,10,20,ALL,145,145,0.358,0.46,-12.186,-14.94,0.341,0.346,-1.609,0.352,0.475,10,1449,1417,0.9779,1,1415,0,0,2,0,25,3,0,4,0,1,0.615
v15,balanced,mid,stock,10,20,P1,63,63,1.237,1.14,-7.749,-10.821,1.183,1.202,0.039,1.237,0.51,10,630,622,0.9873,0,622,0,0,0,0,7,0,0,1,0,0,0.626
v15,balanced,mid,stock,10,20,P2,82,82,-0.317,-0.3,-13.314,-14.94,-0.307,-0.313,-2.875,-0.328,0.448,10.0,819,795,0.9707,1,793,0,0,2,0,18,3,0,3,0,1,0.609
v15,balanced,mid,stock,10,20,2023,12,12,-1.68,-1.77,-6.052,-6.052,-1.672,-1.668,-2.515,-1.68,0.387,10.0,120,119,0.9917,0,119,0,0,0,0,1,0,0,0,0,0,0.618
v15,balanced,mid,stock,10,20,2024,51,51,1.923,1.52,-8.192,-10.821,1.855,1.878,0.64,1.923,0.539,10,510,503,0.9863,0,503,0,0,0,0,6,0,0,1,0,0,0.626
v15,balanced,mid,stock,10,20,2025,50,50,-0.875,-0.65,-14.181,-14.94,-0.771,-0.81,-3.195,-0.894,0.439,10.0,499,486,0.9739,1,486,0,0,0,0,12,0,0,1,0,1,0.604
v15,balanced,mid,stock,10,20,2026,32,32,0.555,0.33,-12.014,-12.174,0.419,0.464,-2.374,0.555,0.461,10.0,320,309,0.9656,0,307,0,0,2,0,6,3,0,2,0,0,0.616
v15,balanced,mid,stock,10,63,ALL,137,137,1.825,1.12,-19.688,-25.442,1.96,1.585,-4.639,1.804,0.455,10,1369,1285,0.9386,1,1279,0,0,6,0,78,2,0,4,0,1,0.615
v15,balanced,mid,stock,10,63,P1,63,63,3.409,3.05,-11.081,-14.298,3.412,3.247,-0.722,3.409,0.485,10,630,606,0.9619,0,606,0,0,0,0,23,0,0,1,0,0,0.626
v15,balanced,mid,stock,10,63,P2,74,74,0.476,0.17,-22.149,-25.442,0.724,0.169,-7.973,0.439,0.43,10.0,739,679,0.9188,1,673,0,0,6,0,55,2,0,3,0,1,0.608
v15,balanced,mid,stock,10,63,2023,12,12,4.387,4.71,-14.298,-14.298,3.403,3.859,-4.432,4.387,0.478,10.0,120,111,0.925,0,111,0,0,0,0,9,0,0,0,0,0,0.618
v15,balanced,mid,stock,10,63,2024,51,51,3.178,2.4,-10.008,-12.484,3.414,3.104,0.151,3.178,0.487,10,510,495,0.9706,0,495,0,0,0,0,14,0,0,1,0,0,0.626
v15,balanced,mid,stock,10,63,2025,50,50,2.435,0.74,-18.246,-19.84,2.889,2.003,-6.192,2.38,0.458,10.0,499,459,0.9198,1,457,0,0,2,0,39,0,0,1,0,1,0.604
v15,balanced,mid,stock,10,63,2026,24,24,-3.607,-0.86,-23.999,-25.442,-3.786,-3.65,-11.685,-3.607,0.371,10.0,240,220,0.9167,0,216,0,0,4,0,16,2,0,2,0,0,0.617
v15,balanced,mid,stock,20,5,ALL,148,148,0.077,0.32,-7.637,-13.238,0.069,0.072,-0.402,0.081,0.495,20.0,2949,2929,0.9932,11,2928,0,0,1,0,12,2,0,6,0,1,0.59
v15,balanced,mid,stock,20,5,P1,63,63,0.046,0.16,-4.513,-6.297,0.04,0.044,-0.359,0.046,0.482,20,1260,1254,0.9952,0,1254,0,0,0,0,5,0,0,1,0,0,0.585
v15,balanced,mid,stock,20,5,P2,85,85,0.101,0.28,-8.644,-13.238,0.091,0.093,-0.433,0.108,0.504,20,1689,1675,0.9917,11,1674,0,0,1,0,7,2,0,5,0,1,0.595
v15,balanced,mid,stock,20,5,2023,12,12,-0.09,-0.16,-4.512,-4.512,-0.089,-0.079,-0.517,-0.09,0.468,20.0,240,239,0.9958,0,239,0,0,0,0,1,0,0,0,0,0,0.568
v15,balanced,mid,stock,20,5,2024,51,51,0.078,0.23,-4.514,-6.297,0.07,0.073,-0.322,0.078,0.485,20,1020,1015,0.9951,0,1015,0,0,0,0,4,0,0,1,0,0,0.587
v15,balanced,mid,stock,20,5,2025,50,50,0.04,0.11,-6.235,-8.521,0.03,0.036,-0.459,0.051,0.504,20.0,989,981,0.9919,11,981,0,0,0,0,5,0,0,3,0,1,0.594
v15,balanced,mid,stock,20,5,2026,35,35,0.188,0.26,-10.518,-13.238,0.179,0.176,-0.396,0.188,0.504,20,700,694,0.9914,0,693,0,0,1,0,2,2,0,2,0,0,0.601
v15,balanced,mid,stock,20,20,ALL,145,145,0.335,0.52,-10.993,-15.615,0.291,0.321,-1.721,0.306,0.474,20,2889,2825,0.9778,11,2821,0,0,4,0,55,3,0,6,0,1,0.587
v15,balanced,mid,stock,20,20,P1,63,63,0.621,0.71,-7.744,-9.06,0.559,0.6,-1.134,0.621,0.495,20,1260,1238,0.9825,0,1238,0,0,0,0,21,0,0,1,0,0,0.585
v15,balanced,mid,stock,20,20,P2,82,82,0.114,0.12,-12.149,-15.615,0.085,0.106,-2.171,0.064,0.457,20.0,1629,1587,0.9742,11,1583,0,0,4,0,34,3,0,5,0,1,0.591
v15,balanced,mid,stock,20,20,2023,12,12,-0.826,-0.82,-7.014,-7.014,-0.87,-0.792,-3.886,-0.826,0.424,20.0,240,233,0.9708,0,233,0,0,0,0,7,0,0,0,0,0,0.568
v15,balanced,mid,stock,20,20,2024,51,51,0.962,0.93,-7.937,-9.06,0.896,0.927,-0.487,0.962,0.512,20,1020,1005,0.9853,0,1005,0,0,0,0,14,0,0,1,0,0,0.587
v15,balanced,mid,stock,20,20,2025,50,50,0.023,0.02,-12.972,-15.615,0.037,0.028,-2.271,-0.059,0.46,20.0,989,963,0.9737,11,962,0,0,1,0,23,0,0,3,0,1,0.594
v15,balanced,mid,stock,20,20,2026,32,32,0.257,0.18,-10.913,-11.96,0.159,0.23,-2.015,0.257,0.452,20.0,640,624,0.975,0,621,0,0,3,0,11,3,0,2,0,0,0.59
v15,balanced,mid,stock,20,63,ALL,137,137,1.854,1.08,-17.796,-20.262,1.891,1.684,-3.96,1.763,0.458,20,2729,2578,0.9447,11,2567,0,0,11,0,143,2,0,6,0,1,0.585
v15,balanced,mid,stock,20,63,P1,63,63,2.635,2.5,-6.577,-7.83,2.613,2.505,-1.7,2.635,0.478,20,1260,1210,0.9603,0,1210,0,0,0,0,49,0,0,1,0,0,0.585
v15,balanced,mid,stock,20,63,P2,74,74,1.188,0.4,-19.818,-20.262,1.275,0.986,-5.884,1.02,0.442,20.0,1469,1368,0.9312,11,1357,0,0,11,0,94,2,0,5,0,1,0.586
v15,balanced,mid,stock,20,63,2023,12,12,4.588,3.59,-3.362,-3.362,3.965,4.344,-4.525,4.588,0.476,20.0,240,221,0.9208,0,221,0,0,0,0,19,0,0,0,0,0,0.568
v15,balanced,mid,stock,20,63,2024,51,51,2.175,1.93,-6.744,-7.83,2.295,2.072,-1.035,2.175,0.478,20,1020,989,0.9696,0,989,0,0,0,0,30,0,0,1,0,0,0.587
v15,balanced,mid,stock,20,63,2025,50,50,3.892,1.06,-15.101,-15.823,3.974,3.548,-3.399,3.644,0.49,20.0,989,920,0.9302,11,914,0,0,6,0,66,0,0,3,0,1,0.594
v15,balanced,mid,stock,20,63,2026,24,24,-4.445,-1.18,-20.057,-20.262,-4.346,-4.353,-11.062,-4.445,0.342,20.0,480,448,0.9333,0,443,0,0,5,0,28,2,0,2,0,0,0.576
v15,balanced,short,mixed,10,5,ALL,148,148,-0.087,-0.33,-7.43,-13.344,-0.094,-0.094,-0.359,-0.087,0.455,10.0,1480,1475,0.9966,0,1475,0,0,0,0,3,1,0,1,0,0,0.686
v15,balanced,short,mixed,10,5,P1,63,63,-0.076,-0.21,-4.394,-4.954,-0.08,-0.08,-0.241,-0.076,0.413,10,630,628,0.9968,0,628,0,0,0,0,1,0,0,1,0,0,0.669
v15,balanced,short,mixed,10,5,P2,85,85,-0.095,-0.25,-9.041,-13.344,-0.105,-0.105,-0.446,-0.095,0.486,10,850,847,0.9965,0,847,0,0,0,0,2,1,0,0,0,0,0.698
v15,balanced,short,mixed,10,5,2023,12,12,-0.004,-0.01,-3.178,-3.178,-0.004,-0.004,-0.004,-0.004,0.4,10.0,120,120,1.0,0,120,0,0,0,0,0,0,0,0,0,0,0.664
v15,balanced,short,mixed,10,5,2024,51,51,-0.093,-0.22,-4.542,-4.954,-0.098,-0.098,-0.297,-0.093,0.416,10,510,508,0.9961,0,508,0,0,0,0,1,0,0,1,0,0,0.668
v15,balanced,short,mixed,10,5,2025,50,50,-0.115,-0.29,-7.046,-10.209,-0.13,-0.127,-0.509,-0.115,0.5,10.0,500,498,0.996,0,498,0,0,0,0,2,0,0,0,0,0,0.68
v15,balanced,short,mixed,10,5,2026,35,35,-0.066,-0.09,-10.938,-13.344,-0.069,-0.074,-0.357,-0.066,0.465,10,350,349,0.9971,0,349,0,0,0,0,0,1,0,0,0,0,0.721
v15,balanced,short,mixed,10,20,ALL,145,145,-0.73,-1.19,-12.802,-17.722,-0.762,-0.738,-1.914,-0.73,0.386,10,1450,1432,0.9876,0,1431,0,0,1,0,16,1,0,1,0,0,0.685
v15,balanced,short,mixed,10,20,P1,63,63,-0.478,-0.53,-9.952,-12.442,-0.489,-0.479,-1.298,-0.478,0.343,10,630,624,0.9905,0,624,0,0,0,0,5,0,0,1,0,0,0.669
v15,balanced,short,mixed,10,20,P2,82,82,-0.923,-1.11,-13.601,-17.722,-0.972,-0.937,-2.388,-0.923,0.419,10.0,820,808,0.9854,0,807,0,0,1,0,11,1,0,0,0,0,0.696
v15,balanced,short,mixed,10,20,2023,12,12,-1.431,-1.7,-4.245,-4.245,-1.386,-1.381,-3.074,-1.431,0.315,10.0,120,118,0.9833,0,118,0,0,0,0,2,0,0,0,0,0,0.664
v15,balanced,short,mixed,10,20,2024,51,51,-0.254,-0.24,-10.891,-12.442,-0.277,-0.267,-0.88,-0.254,0.349,10,510,506,0.9922,0,506,0,0,0,0,3,0,0,1,0,0,0.668
v15,balanced,short,mixed,10,20,2025,50,50,-0.948,-0.84,-14.312,-17.722,-0.96,-0.959,-2.719,-0.948,0.414,10.0,500,491,0.982,0,491,0,0,0,0,9,0,0,0,0,0,0.68
v15,balanced,short,mixed,10,20,2026,32,32,-0.884,-0.73,-12.287,-12.357,-0.991,-0.903,-1.87,-0.884,0.427,10.0,320,317,0.9906,0,316,0,0,1,0,2,1,0,0,0,0,0.719
v15,balanced,short,mixed,10,63,ALL,137,137,-1.591,-0.95,-16.727,-20.035,-1.305,-1.571,-5.467,-1.591,0.341,10,1370,1318,0.962,0,1315,0,0,3,0,51,0,0,1,0,0,0.681
v15,balanced,short,mixed,10,63,P1,63,63,-1.185,-1.03,-12.331,-13.688,-0.966,-1.189,-3.935,-1.185,0.31,10,630,613,0.973,0,613,0,0,0,0,16,0,0,1,0,0,0.669
v15,balanced,short,mixed,10,63,P2,74,74,-1.937,-0.66,-18.383,-20.035,-1.594,-1.895,-6.771,-1.937,0.367,10.0,740,705,0.9527,0,702,0,0,3,0,35,0,0,0,0,0,0.689
v15,balanced,short,mixed,10,63,2023,12,12,-0.476,-0.48,-9.911,-9.911,-0.569,-0.525,-7.903,-0.476,0.323,10.0,120,112,0.9333,0,112,0,0,0,0,8,0,0,0,0,0,0.664
v15,balanced,short,mixed,10,63,2024,51,51,-1.352,-0.95,-12.926,-13.688,-1.059,-1.345,-3.001,-1.352,0.307,10,510,501,0.9824,0,501,0,0,0,0,8,0,0,1,0,0,0.668
v15,balanced,short,mixed,10,63,2025,50,50,0.928,0.26,-18.768,-20.035,1.367,0.86,-4.265,0.928,0.416,10.0,500,475,0.95,0,475,0,0,0,0,25,0,0,0,0,0,0.68
v15,balanced,short,mixed,10,63,2026,24,24,-7.905,-5.98,-15.695,-17.23,-7.764,-7.636,-11.992,-7.905,0.264,10.0,240,230,0.9583,0,227,0,0,3,0,10,0,0,0,0,0,0.704
v15,balanced,short,mixed,20,5,ALL,148,148,-0.072,-0.35,-5.73,-10.969,-0.074,-0.074,-0.378,-0.072,0.46,20.0,2960,2948,0.9959,0,2948,0,0,0,0,8,1,0,3,0,0,0.63
v15,balanced,short,mixed,20,5,P1,63,63,-0.127,-0.48,-3.449,-4.328,-0.13,-0.128,-0.451,-0.127,0.425,20,1260,1254,0.9952,0,1254,0,0,0,0,4,0,0,2,0,0,0.631
v15,balanced,short,mixed,20,5,P2,85,85,-0.031,-0.1,-6.935,-10.969,-0.032,-0.035,-0.324,-0.031,0.486,20,1700,1694,0.9965,0,1694,0,0,0,0,4,1,0,1,0,0,0.63
v15,balanced,short,mixed,20,5,2023,12,12,-0.063,-0.12,-2.996,-2.996,-0.06,-0.05,-0.488,-0.063,0.426,20.0,240,239,0.9958,0,239,0,0,0,0,1,0,0,0,0,0,0.623
v15,balanced,short,mixed,20,5,2024,51,51,-0.142,-0.47,-3.6,-4.328,-0.146,-0.146,-0.442,-0.142,0.425,20,1020,1015,0.9951,0,1015,0,0,0,0,3,0,0,2,0,0,0.631
v15,balanced,short,mixed,20,5,2025,50,50,-0.028,-0.08,-5.64,-7.498,-0.031,-0.029,-0.323,-0.028,0.481,20.0,1000,996,0.996,0,996,0,0,0,0,3,0,0,1,0,0,0.623
v15,balanced,short,mixed,20,5,2026,35,35,-0.037,-0.06,-8.72,-10.969,-0.035,-0.044,-0.325,-0.037,0.494,20,700,698,0.9971,0,698,0,0,0,0,1,1,0,0,0,0,0.641
v15,balanced,short,mixed,20,20,ALL,145,145,-0.668,-1.26,-10.589,-14.725,-0.699,-0.667,-2.003,-0.668,0.391,20,2900,2859,0.9859,0,2857,0,0,2,0,36,2,0,3,0,0,0.628
v15,balanced,short,mixed,20,20,P1,63,63,-0.689,-0.93,-8.159,-10.496,-0.705,-0.679,-1.84,-0.689,0.342,20,1260,1244,0.9873,0,1244,0,0,0,0,14,0,0,2,0,0,0.631
v15,balanced,short,mixed,20,20,P2,82,82,-0.652,-0.87,-11.326,-14.725,-0.694,-0.658,-2.128,-0.652,0.429,20.0,1640,1615,0.9848,0,1613,0,0,2,0,22,2,0,1,0,0,0.627
v15,balanced,short,mixed,20,20,2023,12,12,-1.389,-1.41,-5.014,-5.014,-1.36,-1.313,-3.523,-1.389,0.327,20.0,240,235,0.9792,0,235,0,0,0,0,5,0,0,0,0,0,0.623
v15,balanced,short,mixed,20,20,2024,51,51,-0.525,-0.6,-8.912,-10.496,-0.551,-0.53,-1.444,-0.525,0.345,20,1020,1009,0.9892,0,1009,0,0,0,0,9,0,0,2,0,0,0.631
v15,balanced,short,mixed,20,20,2025,50,50,-0.51,-0.49,-12.331,-14.725,-0.523,-0.517,-2.002,-0.51,0.431,20.0,1000,984,0.984,0,984,0,0,0,0,15,0,0,1,0,0,0.623
v15,balanced,short,mixed,20,20,2026,32,32,-0.874,-0.87,-9.143,-9.497,-0.962,-0.877,-2.325,-0.874,0.426,20.0,640,631,0.9859,0,629,0,0,2,0,7,2,0,0,0,0,0.635
v15,balanced,short,mixed,20,63,ALL,137,137,-1.364,-0.82,-16.437,-18.767,-1.231,-1.345,-5.507,-1.364,0.36,20,2740,2630,0.9599,0,2623,0,0,7,0,107,0,0,3,0,0,0.626
v15,balanced,short,mixed,20,63,P1,63,63,-1.783,-1.94,-10.966,-13.066,-1.746,-1.78,-5.328,-1.783,0.322,20,1260,1217,0.9659,0,1215,0,0,2,0,41,0,0,2,0,0,0.631
v15,balanced,short,mixed,20,63,P2,74,74,-1.007,-0.34,-17.602,-18.767,-0.793,-0.975,-5.659,-1.007,0.392,20.0,1480,1413,0.9547,0,1408,0,0,5,0,66,0,0,1,0,0,0.623
v15,balanced,short,mixed,20,63,2023,12,12,-0.803,-1.28,-8.946,-8.946,-1.351,-0.805,-10.634,-0.803,0.367,20.0,240,219,0.9125,0,219,0,0,0,0,21,0,0,0,0,0,0.623
v15,balanced,short,mixed,20,63,2024,51,51,-2.013,-1.79,-11.305,-13.066,-1.839,-2.01,-4.08,-2.013,0.312,20,1020,998,0.9784,0,996,0,0,2,0,20,0,0,2,0,0,0.631
v15,balanced,short,mixed,20,63,2025,50,50,1.96,0.54,-17.518,-18.767,2.164,1.869,-3.15,1.96,0.44,20.0,1000,951,0.951,0,950,0,0,1,0,48,0,0,1,0,0,0.623
v15,balanced,short,mixed,20,63,2026,24,24,-7.188,-5.01,-16.644,-17.854,-6.954,-6.9,-10.886,-7.188,0.29,20.0,480,462,0.9625,0,458,0,0,4,0,18,0,0,0,0,0,0.624
v15,balanced,short,stock,10,5,ALL,148,148,-0.013,-0.05,-8.121,-12.649,-0.021,-0.023,-0.493,-0.013,0.488,10.0,1480,1472,0.9946,0,1472,0,0,0,0,6,1,0,1,0,0,0.682
v15,balanced,short,stock,10,5,P1,63,63,-0.045,-0.13,-4.205,-4.954,-0.049,-0.049,-0.211,-0.045,0.462,10,630,628,0.9968,0,628,0,0,0,0,1,0,0,1,0,0,0.702
v15,balanced,short,stock,10,5,P2,85,85,0.011,0.03,-10.071,-12.649,-0.0,-0.004,-0.703,0.011,0.506,10,850,844,0.9929,0,844,0,0,0,0,5,1,0,0,0,0,0.668
v15,balanced,short,stock,10,5,2023,12,12,0.305,0.53,-3.429,-3.429,0.305,0.305,0.305,0.305,0.467,10.0,120,120,1.0,0,120,0,0,0,0,0,0,0,0,0,0,0.691
v15,balanced,short,stock,10,5,2024,51,51,-0.128,-0.3,-4.388,-4.954,-0.133,-0.133,-0.332,-0.128,0.461,10,510,508,0.9961,0,508,0,0,0,0,1,0,0,1,0,0,0.704
v15,balanced,short,stock,10,5,2025,50,50,-0.065,-0.15,-8.724,-12.302,-0.079,-0.072,-0.867,-0.065,0.517,10.0,500,496,0.992,0,496,0,0,0,0,4,0,0,0,0,0,0.651
v15,balanced,short,stock,10,5,2026,35,35,0.12,0.15,-10.59,-12.649,0.112,0.094,-0.468,0.12,0.491,10,350,348,0.9943,0,348,0,0,0,0,1,1,0,0,0,0,0.688
v15,balanced,short,stock,10,20,ALL,145,145,-0.535,-0.78,-14.842,-23.988,-0.557,-0.525,-2.334,-0.535,0.456,10,1450,1423,0.9814,0,1422,0,0,1,0,25,1,0,1,0,0,0.682
v15,balanced,short,stock,10,20,P1,63,63,0.137,0.15,-9.76,-12.442,0.1,0.135,-0.843,0.137,0.477,10,630,623,0.9889,0,623,0,0,0,0,6,0,0,1,0,0,0.702
v15,balanced,short,stock,10,20,P2,82,82,-1.052,-1.09,-16.766,-23.988,-1.062,-1.032,-3.479,-1.052,0.439,10.0,820,800,0.9756,0,799,0,0,1,0,19,1,0,0,0,0,0.667
v15,balanced,short,stock,10,20,2023,12,12,-0.737,-0.72,-4.089,-4.089,-0.693,-0.688,-2.381,-0.737,0.398,10.0,120,118,0.9833,0,118,0,0,0,0,2,0,0,0,0,0,0.691
v15,balanced,short,stock,10,20,2024,51,51,0.343,0.3,-10.891,-12.442,0.287,0.329,-0.482,0.343,0.495,10,510,505,0.9902,0,505,0,0,0,0,4,0,0,1,0,0,0.704
v15,balanced,short,stock,10,20,2025,50,50,-1.343,-1.03,-18.897,-23.988,-1.279,-1.273,-4.264,-1.343,0.437,10.0,500,485,0.97,0,485,0,0,0,0,15,0,0,0,0,0,0.651
v15,balanced,short,stock,10,20,2026,32,32,-0.598,-0.44,-13.568,-14.779,-0.724,-0.654,-2.251,-0.598,0.443,10.0,320,315,0.9844,0,314,0,0,1,0,4,1,0,0,0,0,0.687
v15,balanced,short,stock,10,63,ALL,137,137,0.331,0.17,-17.111,-19.878,0.673,0.404,-5.019,0.331,0.435,10,1370,1299,0.9482,0,1295,0,0,4,0,70,0,0,1,0,0,0.682
v15,balanced,short,stock,10,63,P1,63,63,1.345,1.06,-14.134,-15.046,1.599,1.326,-2.273,1.345,0.446,10,630,608,0.9651,0,607,0,0,1,0,21,0,0,1,0,0,0.702
v15,balanced,short,stock,10,63,P2,74,74,-0.533,-0.16,-18.634,-19.878,-0.115,-0.381,-7.357,-0.533,0.426,10.0,740,691,0.9338,0,688,0,0,3,0,49,0,0,0,0,0,0.664
v15,balanced,short,stock,10,63,2023,12,12,1.877,1.95,-6.692,-6.692,1.702,1.8,-6.508,1.877,0.43,10.0,120,111,0.925,0,111,0,0,0,0,9,0,0,0,0,0,0.691
v15,balanced,short,stock,10,63,2024,51,51,1.22,0.79,-14.282,-15.046,1.574,1.215,-1.277,1.22,0.45,10,510,497,0.9745,0,496,0,0,1,0,12,0,0,1,0,0,0.704
v15,balanced,short,stock,10,63,2025,50,50,2.636,0.62,-18.544,-19.878,3.138,2.693,-5.1,2.636,0.47,10.0,500,463,0.926,0,463,0,0,0,0,37,0,0,0,0,0,0.651
v15,balanced,short,stock,10,63,2026,24,24,-7.136,-3.41,-17.324,-18.901,-6.891,-6.787,-12.057,-7.136,0.335,10.0,240,228,0.95,0,225,0,0,3,0,12,0,0,0,0,0,0.687
v15,balanced,short,stock,20,5,ALL,148,148,-0.022,-0.1,-6.322,-10.14,-0.023,-0.025,-0.396,-0.019,0.48,20.0,2953,2937,0.9946,7,2937,0,0,0,0,10,1,0,5,0,1,0.611
v15,balanced,short,stock,20,5,P1,63,63,-0.036,-0.13,-3.931,-5.107,-0.039,-0.036,-0.359,-0.036,0.458,20,1260,1253,0.9944,0,1253,0,0,0,0,4,0,0,3,0,0,0.615
v15,balanced,short,stock,20,5,P2,85,85,-0.011,-0.03,-7.446,-10.14,-0.01,-0.016,-0.423,-0.007,0.496,20,1693,1684,0.9947,7,1684,0,0,0,0,6,1,0,2,0,1,0.61
v15,balanced,short,stock,20,5,2023,12,12,-0.186,-0.29,-5.107,-5.107,-0.184,-0.174,-0.612,-0.186,0.464,20.0,240,239,0.9958,0,239,0,0,0,0,1,0,0,0,0,0,0.623
v15,balanced,short,stock,20,5,2024,51,51,-0.001,-0.0,-3.539,-3.615,-0.005,-0.004,-0.3,-0.001,0.457,20,1020,1014,0.9941,0,1014,0,0,0,0,3,0,0,3,0,0,0.613
v15,balanced,short,stock,20,5,2025,50,50,-0.007,-0.02,-6.264,-7.783,-0.01,-0.012,-0.507,-0.0,0.492,20.0,993,987,0.994,7,987,0,0,0,0,5,0,0,1,0,1,0.595
v15,balanced,short,stock,20,5,2026,35,35,-0.016,-0.03,-8.305,-10.14,-0.011,-0.023,-0.304,-0.016,0.502,20,700,697,0.9957,0,697,0,0,0,0,1,1,0,1,0,0,0.634
v15,balanced,short,stock,20,20,ALL,145,145,-0.409,-0.72,-11.314,-15.909,-0.434,-0.405,-2.125,-0.41,0.448,20,2893,2839,0.9813,7,2837,0,0,2,0,46,3,0,5,0,1,0.609
v15,balanced,short,stock,20,20,P1,63,63,-0.005,-0.01,-8.379,-10.496,-0.032,-0.003,-1.248,-0.005,0.458,20,1260,1242,0.9857,0,1242,0,0,0,0,15,0,0,3,0,0,0.615
v15,balanced,short,stock,20,20,P2,82,82,-0.72,-0.93,-12.489,-15.909,-0.743,-0.714,-2.798,-0.722,0.441,20.0,1633,1597,0.978,7,1595,0,0,2,0,31,3,0,2,0,1,0.605
v15,balanced,short,stock,20,20,2023,12,12,-1.501,-1.28,-6.78,-6.78,-1.491,-1.439,-4.085,-1.501,0.379,20.0,240,234,0.975,0,234,0,0,0,0,6,0,0,0,0,0,0.623
v15,balanced,short,stock,20,20,2024,51,51,0.347,0.37,-8.912,-10.496,0.312,0.334,-0.58,0.347,0.476,20,1020,1008,0.9882,0,1008,0,0,0,0,9,0,0,3,0,0,0.613
v15,balanced,short,stock,20,20,2025,50,50,-0.586,-0.53,-14.414,-15.909,-0.566,-0.572,-2.76,-0.589,0.449,20.0,993,970,0.9768,7,970,0,0,0,0,22,0,0,1,0,1,0.595
v15,balanced,short,stock,20,20,2026,32,32,-0.93,-0.94,-9.117,-9.457,-1.019,-0.937,-2.859,-0.93,0.43,20.0,640,627,0.9797,0,625,0,0,2,0,9,3,0,1,0,0,0.624
v15,balanced,short,stock,20,63,ALL,137,137,-0.141,-0.08,-16.277,-18.224,0.001,-0.113,-5.2,-0.18,0.427,20,2733,2598,0.9506,7,2591,0,0,7,0,129,1,0,5,0,1,0.606
v15,balanced,short,stock,20,63,P1,63,63,0.141,0.17,-11.228,-11.931,0.183,0.124,-4.114,0.141,0.435,20,1260,1208,0.9587,0,1206,0,0,2,0,49,0,0,3,0,0,0.615
v15,balanced,short,stock,20,63,P2,74,74,-0.38,-0.13,-17.572,-18.224,-0.154,-0.314,-6.125,-0.452,0.42,20.0,1473,1390,0.9437,7,1385,0,0,5,0,80,1,0,2,0,1,0.599
v15,balanced,short,stock,20,63,2023,12,12,0.782,1.36,-7.657,-7.657,0.158,0.709,-9.58,0.782,0.433,20.0,240,218,0.9083,0,218,0,0,0,0,22,0,0,0,0,0,0.623
v15,balanced,short,stock,20,63,2024,51,51,-0.01,-0.01,-11.372,-11.931,0.189,-0.014,-2.828,-0.01,0.435,20,1020,990,0.9706,0,988,0,0,2,0,27,0,0,3,0,0,0.613
v15,balanced,short,stock,20,63,2025,50,50,2.532,0.67,-17.199,-18.047,2.761,2.46,-3.67,2.426,0.467,20.0,993,934,0.9406,7,933,0,0,1,0,58,0,0,1,0,1,0.595
v15,balanced,short,stock,20,63,2026,24,24,-6.448,-3.49,-17.145,-18.224,-6.227,-6.092,-11.241,-6.448,0.322,20.0,480,456,0.95,0,452,0,0,4,0,22,1,0,1,0,0,0.613
v15,conservative,long,mixed,10,5,ALL,148,148,-0.26,-1.64,-4.38,-6.517,-0.257,-0.255,-0.461,-0.248,0.449,10.0,1475,1472,0.998,5,1472,0,0,0,0,3,0,0,0,0,1,0.788
v15,conservative,long,mixed,10,5,P1,63,63,-0.279,-1.26,-4.018,-4.455,-0.273,-0.272,-0.433,-0.279,0.457,10,630,629,0.9984,0,629,0,0,0,0,1,0,0,0,0,0,0.776
v15,conservative,long,mixed,10,5,P2,85,85,-0.246,-1.11,-4.42,-6.517,-0.246,-0.242,-0.481,-0.226,0.443,10,845,843,0.9976,5,843,0,0,0,0,2,0,0,0,0,1,0.798
v15,conservative,long,mixed,10,5,2023,12,12,-0.599,-1.18,-4.075,-4.075,-0.599,-0.599,-0.599,-0.599,0.442,10.0,120,120,1.0,0,120,0,0,0,0,0,0,0,0,0,0,0.809
v15,conservative,long,mixed,10,5,2024,51,51,-0.203,-0.83,-3.963,-4.455,-0.196,-0.195,-0.394,-0.203,0.461,10,510,509,0.998,0,509,0,0,0,0,1,0,0,0,0,0,0.766
v15,conservative,long,mixed,10,5,2025,50,50,-0.281,-1.0,-4.732,-6.517,-0.281,-0.275,-0.68,-0.246,0.435,10.0,495,493,0.996,5,493,0,0,0,0,2,0,0,0,0,1,0.814
v15,conservative,long,mixed,10,5,2026,35,35,-0.196,-0.54,-3.952,-4.775,-0.196,-0.196,-0.196,-0.196,0.454,10,350,350,1.0,0,350,0,0,0,0,0,0,0,0,0,0,0.774
v15,conservative,long,mixed,10,20,ALL,145,145,-1.495,-3.6,-8.927,-9.563,-1.465,-1.457,-2.512,-1.457,0.386,10,1445,1430,0.9896,5,1430,0,0,0,0,15,0,0,0,0,1,0.79
v15,conservative,long,mixed,10,20,P1,63,63,-1.418,-2.3,-7.274,-7.863,-1.371,-1.37,-2.351,-1.418,0.386,10,630,624,0.9905,0,624,0,0,0,0,6,0,0,0,0,0,0.776
v15,conservative,long,mixed,10,20,P2,82,82,-1.554,-2.77,-9.309,-9.563,-1.538,-1.525,-2.636,-1.487,0.386,10.0,815,806,0.989,5,806,0,0,0,0,9,0,0,0,0,1,0.801
v15,conservative,long,mixed,10,20,2023,12,12,-2.795,-2.89,-7.631,-7.631,-2.732,-2.736,-4.428,-2.795,0.273,10.0,120,118,0.9833,0,118,0,0,0,0,2,0,0,0,0,0,0.809
v15,conservative,long,mixed,10,20,2024,51,51,-1.095,-1.56,-7.141,-7.863,-1.051,-1.048,-1.862,-1.095,0.412,10,510,506,0.9922,0,506,0,0,0,0,4,0,0,0,0,0,0.766
v15,conservative,long,mixed,10,20,2025,50,50,-1.289,-1.92,-9.345,-9.563,-1.289,-1.273,-2.486,-1.178,0.395,10.0,495,489,0.9879,5,489,0,0,0,0,6,0,0,0,0,1,0.814
v15,conservative,long,mixed,10,20,2026,32,32,-1.969,-2.07,-9.256,-9.56,-1.927,-1.918,-2.872,-1.969,0.373,10.0,320,317,0.9906,0,317,0,0,0,0,3,0,0,0,0,0,0.781
v15,conservative,long,mixed,10,63,ALL,137,137,-3.271,-2.53,-19.687,-22.648,-3.204,-3.211,-5.639,-3.284,0.358,10,1365,1333,0.9766,5,1332,0,0,1,0,30,2,0,0,0,1,0.788
v15,conservative,long,mixed,10,63,P1,63,63,-2.882,-2.38,-14.666,-18.487,-2.854,-2.82,-4.013,-2.882,0.367,10,630,623,0.9889,0,623,0,0,0,0,7,0,0,0,0,0,0.776
v15,conservative,long,mixed,10,63,P2,74,74,-3.602,-1.68,-20.38,-22.648,-3.502,-3.544,-7.023,-3.626,0.35,10.0,735,710,0.966,5,709,0,0,1,0,23,2,0,0,0,1,0.8
v15,conservative,long,mixed,10,63,2023,12,12,-5.654,-3.56,-18.487,-18.487,-5.699,-5.53,-8.28,-5.654,0.302,10.0,120,117,0.975,0,117,0,0,0,0,3,0,0,0,0,0,0.809
v15,conservative,long,mixed,10,63,2024,51,51,-2.23,-1.72,-12.387,-12.465,-2.184,-2.182,-3.009,-2.23,0.382,10,510,506,0.9922,0,506,0,0,0,0,4,0,0,0,0,0,0.766
v15,conservative,long,mixed,10,63,2025,50,50,-2.373,-0.87,-19.206,-19.802,-2.311,-2.359,-5.635,-2.409,0.391,10.0,495,479,0.9677,5,479,0,0,0,0,16,0,0,0,0,1,0.814
v15,conservative,long,mixed,10,63,2026,24,24,-6.161,-2.46,-21.15,-22.648,-5.984,-6.012,-9.915,-6.161,0.263,10.0,240,231,0.9625,0,230,0,0,1,0,7,2,0,0,0,0,0.77
v15,conservative,long,mixed,20,5,ALL,148,148,-0.303,-2.11,-4.262,-8.012,-0.301,-0.301,-0.471,-0.293,0.444,20.0,2892,2887,0.9983,68,2887,0,0,0,0,4,1,0,0,0,12,0.78
v15,conservative,long,mixed,20,5,P1,63,63,-0.294,-1.45,-4.09,-4.454,-0.291,-0.291,-0.451,-0.291,0.45,20,1242,1240,0.9984,18,1240,0,0,0,0,2,0,0,0,0,5,0.775
v15,conservative,long,mixed,20,5,P2,85,85,-0.309,-1.55,-4.123,-8.012,-0.309,-0.308,-0.486,-0.294,0.44,20,1650,1647,0.9982,50,1647,0,0,0,0,2,1,0,0,0,7,0.784
v15,conservative,long,mixed,20,5,2023,12,12,-0.614,-1.52,-3.718,-3.718,-0.614,-0.614,-0.614,-0.616,0.42,20.0,225,225,1.0,15,225,0,0,0,0,0,0,0,0,0,4,0.834
v15,conservative,long,mixed,20,5,2024,51,51,-0.219,-0.95,-4.214,-4.454,-0.215,-0.215,-0.412,-0.215,0.457,20,1017,1015,0.998,3,1015,0,0,0,0,2,0,0,0,0,1,0.759
v15,conservative,long,mixed,20,5,2025,50,50,-0.369,-1.56,-4.417,-8.012,-0.371,-0.368,-0.571,-0.326,0.432,20.0,957,955,0.9979,43,955,0,0,0,0,2,0,0,0,0,6,0.791
v15,conservative,long,mixed,20,5,2026,35,35,-0.223,-0.64,-3.336,-3.411,-0.22,-0.223,-0.364,-0.247,0.45,20,693,692,0.9986,7,692,0,0,0,0,0,1,0,0,0,1,0.771
v15,conservative,long,mixed,20,20,ALL,145,145,-1.42,-3.39,-9.314,-10.016,-1.396,-1.39,-2.475,-1.4,0.393,20,2832,2801,0.9891,68,2801,0,0,0,0,30,1,0,0,0,12,0.781
v15,conservative,long,mixed,20,20,P1,63,63,-1.326,-2.24,-7.28,-7.513,-1.293,-1.286,-2.275,-1.376,0.38,20,1242,1230,0.9903,18,1230,0,0,0,0,12,0,0,0,0,5,0.775
v15,conservative,long,mixed,20,20,P2,82,82,-1.491,-2.56,-9.671,-10.016,-1.475,-1.47,-2.629,-1.419,0.403,20.0,1590,1571,0.9881,50,1571,0,0,0,0,18,1,0,0,0,7,0.785
v15,conservative,long,mixed,20,20,2023,12,12,-2.52,-3.47,-7.124,-7.124,-2.486,-2.474,-4.206,-2.785,0.273,20.0,225,221,0.9822,15,221,0,0,0,0,4,0,0,0,0,4,0.834
v15,conservative,long,mixed,20,20,2024,51,51,-1.046,-1.51,-7.333,-7.513,-1.013,-1.007,-1.82,-1.044,0.406,20,1017,1009,0.9921,3,1009,0,0,0,0,8,0,0,0,0,1,0.759
v15,conservative,long,mixed,20,20,2025,50,50,-1.297,-1.89,-9.53,-9.693,-1.308,-1.294,-2.588,-1.175,0.411,20.0,957,944,0.9864,43,944,0,0,0,0,13,0,0,0,0,6,0.791
v15,conservative,long,mixed,20,20,2026,32,32,-1.794,-1.8,-9.883,-10.016,-1.738,-1.744,-2.694,-1.799,0.39,20.0,633,627,0.9905,7,627,0,0,0,0,5,1,0,0,0,1,0.774
v15,conservative,long,mixed,20,63,ALL,137,137,-3.217,-2.68,-17.644,-18.838,-3.162,-3.146,-5.756,-3.323,0.366,20,2672,2604,0.9746,68,2603,0,0,1,0,65,3,0,0,0,12,0.781
v15,conservative,long,mixed,20,63,P1,63,63,-2.966,-2.59,-13.444,-16.772,-2.931,-2.896,-4.444,-3.034,0.368,20,1242,1224,0.9855,18,1224,0,0,0,0,18,0,0,0,0,5,0.775
v15,conservative,long,mixed,20,63,P2,74,74,-3.43,-1.74,-18.411,-18.838,-3.359,-3.358,-6.873,-3.568,0.364,20.0,1430,1380,0.965,50,1379,0,0,1,0,47,3,0,0,0,7,0.787
v15,conservative,long,mixed,20,63,2023,12,12,-5.082,-5.28,-16.772,-16.772,-5.086,-4.965,-8.217,-5.453,0.312,20.0,225,218,0.9689,15,218,0,0,0,0,7,0,0,0,0,4,0.834
v15,conservative,long,mixed,20,63,2024,51,51,-2.468,-1.88,-12.334,-13.836,-2.424,-2.409,-3.556,-2.465,0.381,20,1017,1006,0.9892,3,1006,0,0,0,0,11,0,0,0,0,1,0.759
v15,conservative,long,mixed,20,63,2025,50,50,-2.22,-0.89,-17.501,-18.801,-2.191,-2.19,-5.392,-2.407,0.402,20.0,957,926,0.9676,43,926,0,0,0,0,31,0,0,0,0,6,0.791
v15,conservative,long,mixed,20,63,2026,24,24,-5.952,-2.75,-18.66,-18.838,-5.794,-5.793,-9.958,-5.987,0.286,20.0,473,454,0.9598,7,453,0,0,1,0,16,3,0,0,0,1,0.774
v15,conservative,long,stock,10,5,ALL,148,148,-0.259,-1.58,-4.709,-8.307,-0.26,-0.257,-0.463,-0.236,0.458,10.0,1469,1466,0.998,11,1466,0,0,0,0,3,0,0,0,0,3,0.79
v15,conservative,long,stock,10,5,P1,63,63,-0.298,-1.31,-4.228,-4.619,-0.292,-0.29,-0.452,-0.298,0.47,10,630,629,0.9984,0,629,0,0,0,0,1,0,0,0,0,0,0.771
v15,conservative,long,stock,10,5,P2,85,85,-0.231,-1.0,-4.799,-8.307,-0.236,-0.233,-0.471,-0.19,0.45,10,839,837,0.9976,11,837,0,0,0,0,2,0,0,0,0,3,0.806
v15,conservative,long,stock,10,5,2023,12,12,-0.602,-1.15,-4.075,-4.075,-0.602,-0.602,-0.602,-0.602,0.467,10.0,120,120,1.0,0,120,0,0,0,0,0,0,0,0,0,0,0.773
v15,conservative,long,stock,10,5,2024,51,51,-0.226,-0.9,-4.159,-4.619,-0.218,-0.217,-0.416,-0.226,0.471,10,510,509,0.998,0,509,0,0,0,0,1,0,0,0,0,0,0.768
v15,conservative,long,stock,10,5,2025,50,50,-0.21,-0.71,-5.328,-8.307,-0.218,-0.212,-0.618,-0.14,0.446,10.0,489,487,0.9959,11,487,0,0,0,0,2,0,0,0,0,3,0.82
v15,conservative,long,stock,10,5,2026,35,35,-0.262,-0.7,-4.004,-4.775,-0.262,-0.262,-0.262,-0.262,0.454,10,350,350,1.0,0,350,0,0,0,0,0,0,0,0,0,0,0.785
v15,conservative,long,stock,10,20,ALL,145,145,-1.317,-3.13,-9.057,-10.181,-1.291,-1.284,-2.338,-1.275,0.411,10,1439,1424,0.9896,11,1424,0,0,0,0,15,0,0,0,0,3,0.792
v15,conservative,long,stock,10,20,P1,63,63,-1.173,-1.91,-7.274,-7.863,-1.125,-1.124,-2.105,-1.173,0.421,10,630,624,0.9905,0,624,0,0,0,0,6,0,0,0,0,0,0.771
v15,conservative,long,stock,10,20,P2,82,82,-1.428,-2.5,-9.503,-10.181,-1.419,-1.406,-2.518,-1.353,0.403,10.0,809,800,0.9889,11,800,0,0,0,0,9,0,0,0,0,3,0.81
v15,conservative,long,stock,10,20,2023,12,12,-2.291,-2.21,-7.631,-7.631,-2.227,-2.231,-3.924,-2.291,0.315,10.0,120,118,0.9833,0,118,0,0,0,0,2,0,0,0,0,0,0.773
v15,conservative,long,stock,10,20,2024,51,51,-0.91,-1.3,-7.141,-7.863,-0.866,-0.864,-1.677,-0.91,0.446,10,510,506,0.9922,0,506,0,0,0,0,4,0,0,0,0,0,0.768
v15,conservative,long,stock,10,20,2025,50,50,-1.111,-1.63,-9.667,-10.181,-1.124,-1.108,-2.321,-0.989,0.42,10.0,489,483,0.9877,11,483,0,0,0,0,6,0,0,0,0,3,0.82
v15,conservative,long,stock,10,20,2026,32,32,-1.923,-1.99,-9.256,-9.56,-1.88,-1.872,-2.825,-1.923,0.376,10.0,320,317,0.9906,0,317,0,0,0,0,3,0,0,0,0,0,0.794
v15,conservative,long,stock,10,63,ALL,137,137,-2.841,-2.23,-19.811,-22.648,-2.79,-2.791,-5.295,-2.914,0.381,10,1359,1326,0.9757,11,1325,0,0,1,0,31,2,0,0,0,3,0.791
v15,conservative,long,stock,10,63,P1,63,63,-2.39,-2.04,-14.666,-18.487,-2.373,-2.327,-3.686,-2.39,0.396,10,630,622,0.9873,0,622,0,0,0,0,8,0,0,0,0,0,0.771
v15,conservative,long,stock,10,63,P2,74,74,-3.225,-1.52,-20.676,-22.648,-3.144,-3.186,-6.665,-3.361,0.368,10.0,729,704,0.9657,11,703,0,0,1,0,23,2,0,0,0,3,0.81
v15,conservative,long,stock,10,63,2023,12,12,-4.754,-2.5,-18.487,-18.487,-4.792,-4.624,-7.373,-4.754,0.335,10.0,120,117,0.975,0,117,0,0,0,0,3,0,0,0,0,0,0.773
v15,conservative,long,stock,10,63,2024,51,51,-1.834,-1.44,-12.387,-12.465,-1.803,-1.786,-2.818,-1.834,0.41,10,510,505,0.9902,0,505,0,0,0,0,5,0,0,0,0,0,0.768
v15,conservative,long,stock,10,63,2025,50,50,-1.884,-0.72,-19.495,-20.6,-1.848,-1.896,-5.171,-2.085,0.409,10.0,489,473,0.9673,11,473,0,0,0,0,16,0,0,0,0,3,0.82
v15,conservative,long,stock,10,63,2026,24,24,-6.018,-2.37,-21.15,-22.648,-5.846,-5.874,-9.777,-6.018,0.281,10.0,240,231,0.9625,0,230,0,0,1,0,7,2,0,0,0,0,0.787
v15,conservative,long,stock,20,5,ALL,148,148,-0.255,-1.76,-4.299,-8.506,-0.254,-0.254,-0.423,-0.223,0.457,20.0,2871,2866,0.9983,89,2866,0,0,0,0,4,1,0,0,0,14,0.779
v15,conservative,long,stock,20,5,P1,63,63,-0.233,-1.18,-4.04,-4.349,-0.23,-0.231,-0.39,-0.228,0.464,20,1234,1232,0.9984,26,1232,0,0,0,0,2,0,0,0,0,7,0.775
v15,conservative,long,stock,20,5,P2,85,85,-0.271,-1.32,-4.243,-8.506,-0.272,-0.271,-0.448,-0.22,0.453,20,1637,1634,0.9982,63,1634,0,0,0,0,2,1,0,0,0,7,0.783
v15,conservative,long,stock,20,5,2023,12,12,-0.533,-1.4,-3.718,-3.718,-0.533,-0.533,-0.533,-0.539,0.443,20.0,219,219,1.0,21,219,0,0,0,0,0,0,0,0,0,5,0.826
v15,conservative,long,stock,20,5,2024,51,51,-0.163,-0.72,-4.147,-4.349,-0.159,-0.16,-0.356,-0.154,0.469,20,1015,1013,0.998,5,1013,0,0,0,0,2,0,0,0,0,2,0.761
v15,conservative,long,stock,20,5,2025,50,50,-0.307,-1.25,-4.581,-8.506,-0.311,-0.308,-0.511,-0.205,0.449,20.0,944,942,0.9979,56,942,0,0,0,0,2,0,0,0,0,6,0.79
v15,conservative,long,stock,20,5,2026,35,35,-0.219,-0.62,-3.336,-3.411,-0.215,-0.218,-0.359,-0.242,0.458,20,693,692,0.9986,7,692,0,0,0,0,0,1,0,0,0,1,0.771
v15,conservative,long,stock,20,20,ALL,145,145,-1.366,-3.23,-9.612,-10.599,-1.345,-1.335,-2.493,-1.336,0.413,20,2811,2778,0.9883,89,2778,0,0,0,0,32,1,0,0,0,14,0.78
v15,conservative,long,stock,20,20,P1,63,63,-1.187,-1.99,-7.28,-7.513,-1.154,-1.147,-2.136,-1.247,0.415,20,1234,1222,0.9903,26,1222,0,0,0,0,12,0,0,0,0,7,0.775
v15,conservative,long,stock,20,20,P2,82,82,-1.504,-2.56,-10.125,-10.599,-1.491,-1.479,-2.768,-1.404,0.412,20.0,1577,1556,0.9867,63,1556,0,0,0,0,20,1,0,0,0,7,0.785
v15,conservative,long,stock,20,20,2023,12,12,-2.315,-2.91,-7.124,-7.124,-2.281,-2.269,-4.002,-2.638,0.319,20.0,219,215,0.9817,21,215,0,0,0,0,4,0,0,0,0,5,0.826
v15,conservative,long,stock,20,20,2024,51,51,-0.922,-1.33,-7.333,-7.513,-0.889,-0.883,-1.697,-0.919,0.437,20,1015,1007,0.9921,5,1007,0,0,0,0,8,0,0,0,0,2,0.761
v15,conservative,long,stock,20,20,2025,50,50,-1.319,-1.93,-10.092,-10.471,-1.332,-1.32,-2.714,-1.151,0.423,20.0,944,930,0.9852,56,930,0,0,0,0,14,0,0,0,0,6,0.79
v15,conservative,long,stock,20,20,2026,32,32,-1.794,-1.76,-10.174,-10.599,-1.74,-1.728,-2.852,-1.8,0.395,20.0,633,626,0.9889,7,626,0,0,0,0,6,1,0,0,0,1,0.774
v15,conservative,long,stock,20,63,ALL,137,137,-2.978,-2.54,-17.586,-19.864,-2.944,-2.914,-5.679,-3.142,0.382,20,2651,2579,0.9728,89,2578,0,0,1,0,69,3,0,0,0,14,0.781
v15,conservative,long,stock,20,63,P1,63,63,-2.672,-2.36,-13.444,-16.772,-2.647,-2.607,-4.237,-2.745,0.39,20,1234,1215,0.9846,26,1215,0,0,0,0,19,0,0,0,0,7,0.775
v15,conservative,long,stock,20,63,P2,74,74,-3.237,-1.68,-18.134,-19.864,-3.197,-3.175,-6.906,-3.479,0.376,20.0,1417,1364,0.9626,63,1363,0,0,1,0,50,3,0,0,0,7,0.787
v15,conservative,long,stock,20,63,2023,12,12,-4.381,-3.74,-16.772,-16.772,-4.395,-4.273,-7.525,-4.779,0.342,20.0,219,212,0.968,21,212,0,0,0,0,7,0,0,0,0,5,0.826
v15,conservative,long,stock,20,63,2024,51,51,-2.27,-1.73,-12.334,-13.836,-2.235,-2.215,-3.463,-2.266,0.401,20,1015,1003,0.9882,5,1003,0,0,0,0,12,0,0,0,0,2,0.761
v15,conservative,long,stock,20,63,2025,50,50,-1.982,-0.83,-17.025,-17.144,-2.005,-1.984,-5.39,-2.324,0.413,20.0,944,911,0.965,56,911,0,0,0,0,33,0,0,0,0,6,0.79
v15,conservative,long,stock,20,63,2026,24,24,-5.852,-2.68,-19.174,-19.864,-5.681,-5.655,-10.064,-5.887,0.297,20.0,473,453,0.9577,7,452,0,0,1,0,17,3,0,0,0,1,0.776
v15,conservative,mid,mixed,10,5,ALL,148,148,-0.27,-1.69,-4.385,-6.517,-0.268,-0.265,-0.471,-0.237,0.452,10.0,1472,1469,0.998,8,1469,0,0,0,0,3,0,0,0,0,2,0.796
v15,conservative,mid,mixed,10,5,P1,63,63,-0.267,-1.22,-4.028,-4.495,-0.261,-0.26,-0.421,-0.267,0.46,10,630,629,0.9984,0,629,0,0,0,0,1,0,0,0,0,0,0.784
v15,conservative,mid,mixed,10,5,P2,85,85,-0.273,-1.21,-4.448,-6.517,-0.273,-0.27,-0.508,-0.215,0.445,10,842,840,0.9976,8,840,0,0,0,0,2,0,0,0,0,2,0.806
v15,conservative,mid,mixed,10,5,2023,12,12,-0.627,-1.25,-4.075,-4.075,-0.627,-0.627,-0.627,-0.627,0.442,10.0,120,120,1.0,0,120,0,0,0,0,0,0,0,0,0,0,0.8
v15,conservative,mid,mixed,10,5,2024,51,51,-0.182,-0.75,-3.977,-4.495,-0.175,-0.173,-0.372,-0.182,0.465,10,510,509,0.998,0,509,0,0,0,0,1,0,0,0,0,0,0.778
v15,conservative,mid,mixed,10,5,2025,50,50,-0.319,-1.13,-4.732,-6.517,-0.319,-0.313,-0.718,-0.22,0.438,10.0,492,490,0.9959,8,490,0,0,0,0,2,0,0,0,0,2,0.824
v15,conservative,mid,mixed,10,5,2026,35,35,-0.208,-0.56,-4.024,-4.775,-0.208,-0.208,-0.208,-0.208,0.454,10,350,350,1.0,0,350,0,0,0,0,0,0,0,0,0,0,0.779
v15,conservative,mid,mixed,10,20,ALL,145,145,-1.443,-3.41,-8.828,-9.563,-1.41,-1.4,-2.529,-1.374,0.388,10,1442,1426,0.9889,8,1426,0,0,0,0,16,0,0,0,0,2,0.798
v15,conservative,mid,mixed,10,20,P1,63,63,-1.413,-2.22,-7.585,-8.54,-1.358,-1.352,-2.503,-1.413,0.386,10,630,623,0.9889,0,623,0,0,0,0,7,0,0,0,0,0,0.784
v15,conservative,mid,mixed,10,20,P2,82,82,-1.466,-2.59,-9.22,-9.563,-1.449,-1.437,-2.548,-1.344,0.389,10.0,812,803,0.9889,8,803,0,0,0,0,9,0,0,0,0,2,0.81
v15,conservative,mid,mixed,10,20,2023,12,12,-2.877,-2.93,-7.815,-7.815,-2.776,-2.752,-5.34,-2.877,0.265,10.0,120,117,0.975,0,117,0,0,0,0,3,0,0,0,0,0,0.8
v15,conservative,mid,mixed,10,20,2024,51,51,-1.068,-1.47,-7.508,-8.54,-1.025,-1.022,-1.836,-1.068,0.414,10,510,506,0.9922,0,506,0,0,0,0,4,0,0,0,0,0,0.778
v15,conservative,mid,mixed,10,20,2025,50,50,-1.247,-1.85,-9.143,-9.563,-1.247,-1.231,-2.444,-1.047,0.396,10.0,492,486,0.9878,8,486,0,0,0,0,6,0,0,0,0,2,0.824
v15,conservative,mid,mixed,10,20,2026,32,32,-1.809,-1.86,-9.336,-9.56,-1.766,-1.757,-2.711,-1.809,0.379,10.0,320,317,0.9906,0,317,0,0,0,0,3,0,0,0,0,0,0.787
v15,conservative,mid,mixed,10,63,ALL,137,137,-3.16,-2.4,-19.687,-22.648,-3.095,-3.091,-5.538,-3.162,0.361,10,1362,1330,0.9765,8,1329,0,0,1,0,30,2,0,0,0,2,0.796
v15,conservative,mid,mixed,10,63,P1,63,63,-2.843,-2.28,-14.677,-18.487,-2.795,-2.756,-4.132,-2.843,0.367,10,630,622,0.9873,0,622,0,0,0,0,8,0,0,0,0,0,0.784
v15,conservative,mid,mixed,10,63,P2,74,74,-3.43,-1.58,-20.38,-22.648,-3.35,-3.376,-6.736,-3.432,0.356,10.0,732,708,0.9672,8,707,0,0,1,0,22,2,0,0,0,2,0.808
v15,conservative,mid,mixed,10,63,2023,12,12,-5.814,-3.77,-18.487,-18.487,-5.764,-5.568,-9.281,-5.814,0.293,10.0,120,116,0.9667,0,116,0,0,0,0,4,0,0,0,0,0,0.8
v15,conservative,mid,mixed,10,63,2024,51,51,-2.145,-1.61,-12.477,-13.092,-2.096,-2.094,-2.921,-2.145,0.384,10,510,506,0.9922,0,506,0,0,0,0,4,0,0,0,0,0,0.778
v15,conservative,mid,mixed,10,63,2025,50,50,-2.195,-0.79,-19.206,-19.802,-2.155,-2.179,-5.278,-2.199,0.396,10.0,492,477,0.9695,8,477,0,0,0,0,15,0,0,0,0,2,0.824
v15,conservative,mid,mixed,10,63,2026,24,24,-6.001,-2.4,-21.15,-22.648,-5.841,-5.869,-9.772,-6.001,0.272,10.0,240,231,0.9625,0,230,0,0,1,0,7,2,0,0,0,0,0.774
v15,conservative,mid,mixed,20,5,ALL,148,148,-0.302,-2.09,-4.299,-8.012,-0.301,-0.301,-0.47,-0.271,0.446,20.0,2848,2843,0.9982,112,2843,0,0,0,0,4,1,0,0,0,20,0.779
v15,conservative,mid,mixed,20,5,P1,63,63,-0.318,-1.63,-3.946,-4.473,-0.315,-0.316,-0.475,-0.326,0.444,20,1218,1216,0.9984,42,1216,0,0,0,0,2,0,0,0,0,10,0.773
v15,conservative,mid,mixed,20,5,P2,85,85,-0.29,-1.41,-4.333,-8.012,-0.29,-0.289,-0.467,-0.23,0.447,20,1630,1627,0.9982,70,1627,0,0,0,0,2,1,0,0,0,10,0.784
v15,conservative,mid,mixed,20,5,2023,12,12,-0.565,-1.44,-3.52,-3.52,-0.565,-0.565,-0.565,-0.625,0.416,19.5,212,212,1.0,28,212,0,0,0,0,0,0,0,0,0,6,0.83
v15,conservative,mid,mixed,20,5,2024,51,51,-0.26,-1.17,-4.088,-4.473,-0.256,-0.257,-0.453,-0.255,0.45,20,1006,1004,0.998,14,1004,0,0,0,0,2,0,0,0,0,4,0.758
v15,conservative,mid,mixed,20,5,2025,50,50,-0.358,-1.47,-4.434,-8.012,-0.36,-0.357,-0.559,-0.248,0.443,20.0,941,939,0.9979,59,939,0,0,0,0,2,0,0,0,0,8,0.786
v15,conservative,mid,mixed,20,5,2026,35,35,-0.194,-0.54,-3.689,-3.756,-0.191,-0.193,-0.335,-0.206,0.453,20,689,688,0.9985,11,688,0,0,0,0,0,1,0,0,0,2,0.779
v15,conservative,mid,mixed,20,20,ALL,145,145,-1.393,-3.34,-9.18,-10.033,-1.38,-1.366,-2.317,-1.369,0.391,20,2788,2761,0.9903,112,2761,0,0,0,0,26,1,0,0,0,20,0.78
v15,conservative,mid,mixed,20,20,P1,63,63,-1.281,-2.24,-7.013,-7.501,-1.256,-1.252,-1.992,-1.373,0.376,20,1218,1209,0.9926,42,1209,0,0,0,0,9,0,0,0,0,10,0.773
v15,conservative,mid,mixed,20,20,P2,82,82,-1.479,-2.51,-9.538,-10.033,-1.475,-1.453,-2.567,-1.365,0.402,20.0,1570,1552,0.9885,70,1552,0,0,0,0,17,1,0,0,0,10,0.786
v15,conservative,mid,mixed,20,20,2023,12,12,-2.176,-3.38,-6.435,-6.435,-2.154,-2.142,-3.436,-2.618,0.27,19.5,212,209,0.9858,28,209,0,0,0,0,3,0,0,0,0,6,0.83
v15,conservative,mid,mixed,20,20,2024,51,51,-1.07,-1.58,-7.206,-7.501,-1.045,-1.042,-1.652,-1.08,0.401,20,1006,1000,0.994,14,1000,0,0,0,0,6,0,0,0,0,4,0.758
v15,conservative,mid,mixed,20,20,2025,50,50,-1.287,-1.87,-9.468,-9.645,-1.306,-1.284,-2.484,-1.074,0.41,20.0,941,929,0.9872,59,929,0,0,0,0,12,0,0,0,0,8,0.786
v15,conservative,mid,mixed,20,20,2026,32,32,-1.779,-1.74,-9.643,-10.033,-1.739,-1.718,-2.696,-1.82,0.389,20.0,629,623,0.9905,11,623,0,0,0,0,5,1,0,0,0,2,0.784
v15,conservative,mid,mixed,20,63,ALL,137,137,-3.164,-2.62,-17.226,-19.07,-3.13,-3.099,-5.522,-3.3,0.362,20,2628,2565,0.976,112,2564,0,0,1,0,59,4,0,0,0,20,0.78
v15,conservative,mid,mixed,20,63,P1,63,63,-2.964,-2.64,-13.246,-15.733,-2.934,-2.904,-4.104,-3.103,0.362,20,1218,1204,0.9885,42,1204,0,0,0,0,14,0,0,0,0,10,0.773
v15,conservative,mid,mixed,20,63,P2,74,74,-3.335,-1.67,-18.201,-19.07,-3.297,-3.265,-6.728,-3.468,0.362,20.0,1410,1361,0.9652,70,1360,0,0,1,0,45,4,0,0,0,10,0.787
v15,conservative,mid,mixed,20,63,2023,12,12,-4.863,-6.13,-15.733,-15.733,-4.884,-4.774,-7.092,-5.474,0.302,19.5,212,207,0.9764,28,207,0,0,0,0,5,0,0,0,0,6,0.83
v15,conservative,mid,mixed,20,63,2024,51,51,-2.517,-1.92,-12.417,-13.5,-2.475,-2.464,-3.401,-2.545,0.376,20,1006,997,0.9911,14,997,0,0,0,0,9,0,0,0,0,4,0.758
v15,conservative,mid,mixed,20,63,2025,50,50,-2.117,-0.84,-16.949,-18.801,-2.122,-2.1,-5.113,-2.249,0.402,20.0,941,912,0.9692,59,912,0,0,0,0,29,0,0,0,0,8,0.786
v15,conservative,mid,mixed,20,63,2026,24,24,-5.874,-2.73,-18.314,-19.07,-5.743,-5.692,-10.093,-6.006,0.279,20.0,469,449,0.9574,11,448,0,0,1,0,16,4,0,0,0,2,0.785
v15,conservative,mid,stock,10,5,ALL,148,148,-0.265,-1.61,-4.731,-8.307,-0.265,-0.263,-0.469,-0.22,0.46,10.0,1466,1463,0.998,14,1463,0,0,0,0,3,0,0,0,0,3,0.794
v15,conservative,mid,stock,10,5,P1,63,63,-0.311,-1.38,-4.273,-4.619,-0.305,-0.304,-0.465,-0.311,0.47,10,630,629,0.9984,0,629,0,0,0,0,1,0,0,0,0,0,0.776
v15,conservative,mid,stock,10,5,P2,85,85,-0.231,-0.99,-4.806,-8.307,-0.236,-0.233,-0.472,-0.153,0.453,10,836,834,0.9976,14,834,0,0,0,0,2,0,0,0,0,3,0.808
v15,conservative,mid,stock,10,5,2023,12,12,-0.581,-1.09,-4.075,-4.075,-0.581,-0.581,-0.581,-0.581,0.475,10.0,120,120,1.0,0,120,0,0,0,0,0,0,0,0,0,0,0.773
v15,conservative,mid,stock,10,5,2024,51,51,-0.247,-1.0,-4.173,-4.619,-0.24,-0.238,-0.438,-0.247,0.469,10,510,509,0.998,0,509,0,0,0,0,1,0,0,0,0,0,0.776
v15,conservative,mid,stock,10,5,2025,50,50,-0.242,-0.82,-5.328,-8.307,-0.25,-0.245,-0.65,-0.108,0.452,10.0,486,484,0.9959,14,484,0,0,0,0,2,0,0,0,0,3,0.822
v15,conservative,mid,stock,10,5,2026,35,35,-0.216,-0.57,-4.024,-4.775,-0.216,-0.216,-0.216,-0.216,0.454,10,350,350,1.0,0,350,0,0,0,0,0,0,0,0,0,0,0.788
v15,conservative,mid,stock,10,20,ALL,145,145,-1.309,-3.09,-9.06,-10.181,-1.28,-1.27,-2.399,-1.235,0.414,10,1436,1420,0.9889,14,1420,0,0,0,0,16,0,0,0,0,3,0.796
v15,conservative,mid,stock,10,20,P1,63,63,-1.265,-1.99,-7.585,-8.54,-1.21,-1.204,-2.355,-1.265,0.422,10,630,623,0.9889,0,623,0,0,0,0,7,0,0,0,0,0,0.776
v15,conservative,mid,stock,10,20,P2,82,82,-1.343,-2.37,-9.388,-10.181,-1.333,-1.32,-2.432,-1.213,0.407,10.0,806,797,0.9888,14,797,0,0,0,0,9,0,0,0,0,3,0.812
v15,conservative,mid,stock,10,20,2023,12,12,-2.733,-2.73,-7.815,-7.815,-2.632,-2.609,-5.197,-2.733,0.298,10.0,120,117,0.975,0,117,0,0,0,0,3,0,0,0,0,0,0.773
v15,conservative,mid,stock,10,20,2024,51,51,-0.92,-1.28,-7.508,-8.54,-0.876,-0.873,-1.687,-0.92,0.452,10,510,506,0.9922,0,506,0,0,0,0,4,0,0,0,0,0,0.776
v15,conservative,mid,stock,10,20,2025,50,50,-1.098,-1.65,-9.477,-10.181,-1.11,-1.094,-2.307,-0.885,0.417,10.0,486,480,0.9877,14,480,0,0,0,0,6,0,0,0,0,3,0.822
v15,conservative,mid,stock,10,20,2026,32,32,-1.725,-1.75,-9.256,-9.56,-1.682,-1.674,-2.627,-1.725,0.392,10.0,320,317,0.9906,0,317,0,0,0,0,3,0,0,0,0,0,0.797
v15,conservative,mid,stock,10,63,ALL,137,137,-2.852,-2.24,-19.811,-22.648,-2.797,-2.793,-5.241,-2.912,0.384,10,1356,1324,0.9764,14,1323,0,0,1,0,30,2,0,0,0,3,0.795
v15,conservative,mid,stock,10,63,P1,63,63,-2.48,-2.06,-14.677,-18.487,-2.43,-2.391,-3.767,-2.48,0.397,10,630,622,0.9873,0,622,0,0,0,0,8,0,0,0,0,0,0.776
v15,conservative,mid,stock,10,63,P2,74,74,-3.168,-1.51,-20.676,-22.648,-3.109,-3.135,-6.495,-3.28,0.373,10.0,726,702,0.9669,14,701,0,0,1,0,22,2,0,0,0,3,0.812
v15,conservative,mid,stock,10,63,2023,12,12,-5.11,-2.84,-18.487,-18.487,-5.052,-4.856,-8.569,-5.11,0.327,10.0,120,116,0.9667,0,116,0,0,0,0,4,0,0,0,0,0,0.773
v15,conservative,mid,stock,10,63,2024,51,51,-1.861,-1.43,-12.477,-13.092,-1.813,-1.811,-2.638,-1.861,0.413,10,510,506,0.9922,0,506,0,0,0,0,4,0,0,0,0,0,0.776
v15,conservative,mid,stock,10,63,2025,50,50,-1.814,-0.69,-19.495,-20.6,-1.802,-1.827,-4.926,-1.98,0.416,10.0,486,471,0.9691,14,471,0,0,0,0,15,0,0,0,0,3,0.822
v15,conservative,mid,stock,10,63,2026,24,24,-5.988,-2.39,-21.15,-22.648,-5.832,-5.86,-9.763,-5.988,0.285,10.0,240,231,0.9625,0,230,0,0,1,0,7,2,0,0,0,0,0.791
v15,conservative,mid,stock,20,5,ALL,148,148,-0.261,-1.79,-4.366,-8.506,-0.26,-0.26,-0.43,-0.205,0.459,20.0,2815,2810,0.9982,145,2810,0,0,0,0,4,1,0,0,0,26,0.782
v15,conservative,mid,stock,20,5,P1,63,63,-0.246,-1.27,-3.959,-4.523,-0.243,-0.244,-0.403,-0.243,0.465,20,1201,1199,0.9983,59,1199,0,0,0,0,2,0,0,0,0,13,0.777
v15,conservative,mid,stock,20,5,P2,85,85,-0.272,-1.3,-4.43,-8.506,-0.273,-0.272,-0.45,-0.176,0.455,20,1614,1611,0.9981,86,1611,0,0,0,0,2,1,0,0,0,13,0.786
v15,conservative,mid,stock,20,5,2023,12,12,-0.466,-1.26,-3.52,-3.52,-0.466,-0.466,-0.466,-0.552,0.447,17.5,201,201,1.0,39,201,0,0,0,0,0,0,0,0,0,8,0.836
v15,conservative,mid,stock,20,5,2024,51,51,-0.195,-0.87,-4.105,-4.523,-0.191,-0.191,-0.388,-0.17,0.469,20,1000,998,0.998,20,998,0,0,0,0,2,0,0,0,0,5,0.763
v15,conservative,mid,stock,20,5,2025,50,50,-0.323,-1.29,-4.598,-8.506,-0.326,-0.324,-0.526,-0.151,0.455,20.0,925,923,0.9978,75,923,0,0,0,0,2,0,0,0,0,11,0.789
v15,conservative,mid,stock,20,5,2026,35,35,-0.2,-0.55,-3.689,-3.756,-0.197,-0.2,-0.341,-0.212,0.455,20,689,688,0.9985,11,688,0,0,0,0,0,1,0,0,0,2,0.779
v15,conservative,mid,stock,20,20,ALL,145,145,-1.285,-3.04,-9.42,-10.443,-1.271,-1.258,-2.277,-1.251,0.414,20,2755,2726,0.9895,145,2726,0,0,0,0,28,1,0,0,0,26,0.783
v15,conservative,mid,stock,20,20,P1,63,63,-1.019,-1.78,-7.013,-7.501,-0.996,-0.987,-1.81,-1.126,0.418,20,1201,1191,0.9917,59,1191,0,0,0,0,10,0,0,0,0,13,0.777
v15,conservative,mid,stock,20,20,P2,82,82,-1.489,-2.49,-9.891,-10.443,-1.483,-1.466,-2.637,-1.346,0.411,20.0,1554,1535,0.9878,86,1535,0,0,0,0,18,1,0,0,0,13,0.788
v15,conservative,mid,stock,20,20,2023,12,12,-1.903,-2.59,-6.435,-6.435,-1.882,-1.87,-3.164,-2.44,0.315,17.5,201,198,0.9851,39,198,0,0,0,0,3,0,0,0,0,8,0.836
v15,conservative,mid,stock,20,20,2024,51,51,-0.811,-1.2,-7.206,-7.501,-0.788,-0.779,-1.491,-0.817,0.442,20,1000,993,0.993,20,993,0,0,0,0,7,0,0,0,0,5,0.763
v15,conservative,mid,stock,20,20,2025,50,50,-1.325,-1.93,-10.025,-10.443,-1.34,-1.326,-2.62,-1.064,0.422,20.0,925,912,0.9859,75,912,0,0,0,0,13,0,0,0,0,11,0.789
v15,conservative,mid,stock,20,20,2026,32,32,-1.747,-1.67,-9.69,-10.127,-1.706,-1.685,-2.663,-1.787,0.394,20.0,629,623,0.9905,11,623,0,0,0,0,5,1,0,0,0,2,0.784
v15,conservative,mid,stock,20,63,ALL,137,137,-2.895,-2.45,-17.38,-19.019,-2.878,-2.834,-5.412,-3.086,0.38,20,2595,2528,0.9742,145,2527,0,0,1,0,63,4,0,0,0,26,0.784
v15,conservative,mid,stock,20,63,P1,63,63,-2.5,-2.28,-12.922,-15.733,-2.478,-2.442,-3.729,-2.642,0.39,20,1201,1186,0.9875,59,1186,0,0,0,0,15,0,0,0,0,13,0.777
v15,conservative,mid,stock,20,63,P2,74,74,-3.23,-1.66,-17.783,-19.019,-3.218,-3.168,-6.845,-3.463,0.372,20.0,1394,1342,0.9627,86,1341,0,0,1,0,48,4,0,0,0,13,0.789
v15,conservative,mid,stock,20,63,2023,12,12,-4.011,-3.82,-15.733,-15.733,-4.036,-3.926,-6.245,-4.634,0.338,17.5,201,196,0.9751,39,196,0,0,0,0,5,0,0,0,0,8,0.836
v15,conservative,mid,stock,20,63,2024,51,51,-2.145,-1.66,-11.985,-13.5,-2.111,-2.093,-3.137,-2.173,0.403,20,1000,990,0.99,20,990,0,0,0,0,10,0,0,0,0,5,0.763
v15,conservative,mid,stock,20,63,2025,50,50,-2.023,-0.83,-17.022,-17.179,-2.07,-2.034,-5.246,-2.304,0.409,20.0,925,894,0.9665,75,894,0,0,0,0,31,0,0,0,0,11,0.789
v15,conservative,mid,stock,20,63,2026,24,24,-5.746,-2.61,-18.289,-19.019,-5.612,-5.531,-10.175,-5.878,0.295,20.0,469,448,0.9552,11,447,0,0,1,0,17,4,0,0,0,2,0.787
v15,conservative,short,mixed,10,5,ALL,148,148,-0.331,-2.07,-4.391,-6.706,-0.328,-0.326,-0.532,-0.323,0.437,10.0,1458,1455,0.9979,22,1455,0,0,0,0,3,0,0,0,0,5,0.797
v15,conservative,short,mixed,10,5,P1,63,63,-0.323,-1.53,-3.845,-4.495,-0.317,-0.316,-0.477,-0.323,0.441,10,630,629,0.9984,0,629,0,0,0,0,1,0,0,0,0,0,0.785
v15,conservative,short,mixed,10,5,P2,85,85,-0.337,-1.46,-4.63,-6.706,-0.337,-0.334,-0.572,-0.323,0.433,10,828,826,0.9976,22,826,0,0,0,0,2,0,0,0,0,5,0.806
v15,conservative,short,mixed,10,5,2023,12,12,-0.524,-1.17,-3.448,-3.448,-0.524,-0.524,-0.524,-0.524,0.45,10.0,120,120,1.0,0,120,0,0,0,0,0,0,0,0,0,0,0.809
v15,conservative,short,mixed,10,5,2024,51,51,-0.276,-1.16,-3.977,-4.495,-0.268,-0.267,-0.466,-0.276,0.439,10,510,509,0.998,0,509,0,0,0,0,1,0,0,0,0,0,0.778
v15,conservative,short,mixed,10,5,2025,50,50,-0.45,-1.66,-4.626,-6.706,-0.45,-0.444,-0.85,-0.416,0.422,10.0,483,481,0.9959,17,481,0,0,0,0,2,0,0,0,0,4,0.82
v15,conservative,short,mixed,10,5,2026,35,35,-0.176,-0.44,-4.637,-4.997,-0.176,-0.176,-0.176,-0.189,0.449,10,345,345,1.0,5,345,0,0,0,0,0,0,0,0,0,1,0.785
v15,conservative,short,mixed,10,20,ALL,145,145,-1.504,-3.59,-9.023,-9.935,-1.481,-1.469,-2.532,-1.475,0.389,10,1428,1413,0.9895,22,1413,0,0,0,0,15,0,0,0,0,5,0.798
v15,conservative,short,mixed,10,20,P1,63,63,-1.331,-2.2,-7.47,-8.54,-1.277,-1.27,-2.422,-1.331,0.389,10,630,623,0.9889,0,623,0,0,0,0,7,0,0,0,0,0,0.785
v15,conservative,short,mixed,10,20,P2,82,82,-1.638,-2.85,-9.452,-9.935,-1.639,-1.621,-2.617,-1.586,0.388,10.0,798,790,0.99,22,790,0,0,0,0,8,0,0,0,0,5,0.809
v15,conservative,short,mixed,10,20,2023,12,12,-2.664,-2.7,-7.815,-7.815,-2.563,-2.54,-5.128,-2.664,0.281,10.0,120,117,0.975,0,117,0,0,0,0,3,0,0,0,0,0,0.809
v15,conservative,short,mixed,10,20,2024,51,51,-1.017,-1.48,-7.354,-8.54,-0.974,-0.972,-1.785,-1.017,0.415,10,510,506,0.9922,0,506,0,0,0,0,4,0,0,0,0,0,0.778
v15,conservative,short,mixed,10,20,2025,50,50,-1.29,-1.82,-9.544,-9.935,-1.293,-1.282,-2.496,-1.185,0.405,10.0,483,477,0.9876,17,477,0,0,0,0,6,0,0,0,0,4,0.82
v15,conservative,short,mixed,10,20,2026,32,32,-2.181,-2.34,-9.314,-9.56,-2.179,-2.151,-2.804,-2.212,0.363,10.0,315,313,0.9937,5,313,0,0,0,0,2,0,0,0,0,1,0.79
v15,conservative,short,mixed,10,63,ALL,137,137,-3.211,-2.42,-19.617,-22.252,-3.169,-3.161,-5.297,-3.174,0.369,10,1348,1320,0.9792,22,1319,0,0,1,0,26,2,0,0,0,5,0.796
v15,conservative,short,mixed,10,63,P1,63,63,-2.915,-2.32,-13.801,-14.684,-2.862,-2.823,-4.2,-2.915,0.368,10,630,622,0.9873,0,622,0,0,0,0,8,0,0,0,0,0,0.785
v15,conservative,short,mixed,10,63,P2,74,74,-3.463,-1.59,-20.582,-22.252,-3.43,-3.448,-6.23,-3.395,0.369,10.0,718,698,0.9721,22,697,0,0,1,0,18,2,0,0,0,5,0.807
v15,conservative,short,mixed,10,63,2023,12,12,-5.52,-4.55,-14.684,-14.684,-5.47,-5.274,-8.987,-5.52,0.302,10.0,120,116,0.9667,0,116,0,0,0,0,4,0,0,0,0,0,0.809
v15,conservative,short,mixed,10,63,2024,51,51,-2.302,-1.63,-13.241,-14.187,-2.249,-2.246,-3.073,-2.302,0.384,10,510,506,0.9922,0,506,0,0,0,0,4,0,0,0,0,0,0.778
v15,conservative,short,mixed,10,63,2025,50,50,-2.13,-0.76,-19.874,-22.252,-2.101,-2.127,-4.59,-2.018,0.42,10.0,483,471,0.9752,17,471,0,0,0,0,12,0,0,0,0,4,0.82
v15,conservative,short,mixed,10,63,2026,24,24,-6.24,-2.55,-20.336,-21.019,-6.198,-6.201,-9.649,-6.262,0.264,10.0,235,227,0.966,5,226,0,0,1,0,6,2,0,0,0,1,0.778
v15,conservative,short,mixed,20,5,ALL,148,148,-0.309,-2.19,-4.236,-7.955,-0.308,-0.307,-0.443,-0.289,0.444,20.0,2748,2744,0.9985,212,2744,0,0,0,0,3,1,0,0,0,38,0.789
v15,conservative,short,mixed,20,5,P1,63,63,-0.342,-1.79,-3.739,-4.54,-0.339,-0.339,-0.419,-0.338,0.44,20,1182,1181,0.9992,78,1181,0,0,0,0,1,0,0,0,0,16,0.78
v15,conservative,short,mixed,20,5,P2,85,85,-0.285,-1.42,-4.352,-7.955,-0.284,-0.284,-0.461,-0.253,0.447,20,1566,1563,0.9981,134,1563,0,0,0,0,2,1,0,0,0,22,0.796
v15,conservative,short,mixed,20,5,2023,12,12,-0.51,-1.38,-3.172,-3.172,-0.51,-0.51,-0.51,-0.572,0.429,16.5,193,193,1.0,47,193,0,0,0,0,0,0,0,0,0,9,0.824
v15,conservative,short,mixed,20,5,2024,51,51,-0.302,-1.38,-3.928,-4.54,-0.299,-0.298,-0.398,-0.282,0.443,20,989,988,0.999,31,988,0,0,0,0,1,0,0,0,0,7,0.767
v15,conservative,short,mixed,20,5,2025,50,50,-0.342,-1.38,-4.601,-7.955,-0.344,-0.341,-0.544,-0.307,0.444,20.0,897,895,0.9978,103,895,0,0,0,0,2,0,0,0,0,16,0.799
v15,conservative,short,mixed,20,5,2026,35,35,-0.203,-0.61,-3.627,-3.841,-0.199,-0.202,-0.343,-0.175,0.452,20,669,668,0.9985,31,668,0,0,0,0,0,1,0,0,0,6,0.79
v15,conservative,short,mixed,20,20,ALL,145,145,-1.334,-3.31,-8.793,-10.834,-1.328,-1.314,-2.122,-1.389,0.392,20,2688,2665,0.9914,212,2664,0,0,1,0,23,0,0,0,0,38,0.79
v15,conservative,short,mixed,20,20,P1,63,63,-1.287,-2.3,-6.614,-7.501,-1.265,-1.26,-1.919,-1.449,0.374,20,1182,1174,0.9932,78,1174,0,0,0,0,8,0,0,0,0,16,0.78
v15,conservative,short,mixed,20,20,P2,82,82,-1.37,-2.42,-9.49,-10.834,-1.377,-1.355,-2.279,-1.343,0.406,20.0,1506,1491,0.99,134,1490,0,0,1,0,15,0,0,0,0,22,0.799
v15,conservative,short,mixed,20,20,2023,12,12,-2.284,-3.58,-5.702,-5.702,-2.261,-2.249,-3.543,-3.096,0.255,16.5,193,190,0.9845,47,190,0,0,0,0,3,0,0,0,0,9,0.824
v15,conservative,short,mixed,20,20,2024,51,51,-1.053,-1.59,-6.918,-7.501,-1.031,-1.028,-1.537,-1.061,0.402,20,989,984,0.9949,31,984,0,0,0,0,5,0,0,0,0,7,0.767
v15,conservative,short,mixed,20,20,2025,50,50,-1.172,-1.71,-9.38,-9.796,-1.189,-1.168,-2.267,-1.053,0.417,20.0,897,886,0.9877,103,886,0,0,0,0,11,0,0,0,0,16,0.799
v15,conservative,short,mixed,20,20,2026,32,32,-1.678,-1.79,-9.368,-10.834,-1.67,-1.646,-2.297,-1.797,0.39,20.0,609,605,0.9934,31,604,0,0,1,0,4,0,0,0,0,6,0.796
v15,conservative,short,mixed,20,63,ALL,137,137,-3.16,-2.71,-16.942,-19.9,-3.158,-3.118,-5.225,-3.362,0.363,20,2528,2473,0.9782,212,2471,0,0,2,0,51,4,0,0,0,38,0.79
v15,conservative,short,mixed,20,63,P1,63,63,-3.009,-2.73,-12.445,-13.824,-3.0,-2.973,-3.827,-3.244,0.361,20,1182,1172,0.9915,78,1172,0,0,0,0,10,0,0,0,0,16,0.78
v15,conservative,short,mixed,20,63,P2,74,74,-3.288,-1.71,-18.293,-19.9,-3.292,-3.242,-6.416,-3.462,0.366,20.0,1346,1301,0.9666,134,1299,0,0,2,0,41,4,0,0,0,22,0.8
v15,conservative,short,mixed,20,63,2023,12,12,-4.863,-8.62,-13.824,-13.824,-4.894,-4.796,-6.653,-6.078,0.287,16.5,193,189,0.9793,47,189,0,0,0,0,4,0,0,0,0,9,0.824
v15,conservative,short,mixed,20,63,2024,51,51,-2.573,-2.0,-11.985,-12.302,-2.554,-2.544,-3.162,-2.577,0.378,20,989,983,0.9939,31,983,0,0,0,0,6,0,0,0,0,7,0.767
v15,conservative,short,mixed,20,63,2025,50,50,-2.185,-0.88,-17.173,-18.801,-2.218,-2.175,-5.086,-2.323,0.408,20.0,897,869,0.9688,103,869,0,0,0,0,28,0,0,0,0,16,0.799
v15,conservative,short,mixed,20,63,2026,24,24,-5.587,-2.63,-18.372,-19.9,-5.528,-5.465,-9.186,-5.834,0.278,20.0,449,432,0.9621,31,430,0,0,2,0,13,4,0,0,0,6,0.798
v15,conservative,short,stock,10,5,ALL,148,148,-0.3,-1.83,-4.689,-8.307,-0.3,-0.298,-0.503,-0.271,0.453,10.0,1449,1446,0.9979,31,1446,0,0,0,0,3,0,0,0,0,7,0.8
v15,conservative,short,stock,10,5,P1,63,63,-0.338,-1.57,-4.041,-4.495,-0.332,-0.33,-0.492,-0.34,0.455,10,629,628,0.9984,1,628,0,0,0,0,1,0,0,0,0,1,0.782
v15,conservative,short,stock,10,5,P2,85,85,-0.272,-1.15,-4.951,-8.307,-0.277,-0.274,-0.512,-0.219,0.451,10,820,818,0.9976,30,818,0,0,0,0,2,0,0,0,0,6,0.814
v15,conservative,short,stock,10,5,2023,12,12,-0.558,-1.21,-3.901,-3.901,-0.558,-0.558,-0.558,-0.57,0.48,10.0,119,119,1.0,1,119,0,0,0,0,0,0,0,0,0,1,0.8
v15,conservative,short,stock,10,5,2024,51,51,-0.286,-1.18,-4.087,-4.495,-0.278,-0.277,-0.476,-0.286,0.449,10,510,509,0.998,0,509,0,0,0,0,1,0,0,0,0,0,0.778
v15,conservative,short,stock,10,5,2025,50,50,-0.336,-1.18,-5.16,-8.307,-0.346,-0.34,-0.745,-0.238,0.448,10.0,475,473,0.9958,25,473,0,0,0,0,2,0,0,0,0,5,0.829
v15,conservative,short,stock,10,5,2026,35,35,-0.179,-0.44,-4.637,-4.997,-0.179,-0.179,-0.179,-0.192,0.454,10,345,345,1.0,5,345,0,0,0,0,0,0,0,0,0,1,0.794
v15,conservative,short,stock,10,20,ALL,145,145,-1.338,-3.17,-9.179,-10.181,-1.32,-1.307,-2.371,-1.287,0.419,10,1419,1404,0.9894,31,1404,0,0,0,0,15,0,0,0,0,7,0.801
v15,conservative,short,stock,10,20,P1,63,63,-1.183,-1.94,-7.47,-8.54,-1.129,-1.122,-2.274,-1.187,0.424,10,629,622,0.9889,1,622,0,0,0,0,7,0,0,0,0,1,0.782
v15,conservative,short,stock,10,20,P2,82,82,-1.457,-2.52,-9.649,-10.181,-1.467,-1.45,-2.446,-1.364,0.415,10.0,790,782,0.9899,30,782,0,0,0,0,8,0,0,0,0,6,0.817
v15,conservative,short,stock,10,20,2023,12,12,-2.714,-2.84,-7.815,-7.815,-2.61,-2.586,-5.174,-2.737,0.3,10.0,119,116,0.9748,1,116,0,0,0,0,3,0,0,0,0,1,0.8
v15,conservative,short,stock,10,20,2024,51,51,-0.823,-1.2,-7.354,-8.54,-0.78,-0.778,-1.591,-0.823,0.454,10,510,506,0.9922,0,506,0,0,0,0,4,0,0,0,0,0,0.778
v15,conservative,short,stock,10,20,2025,50,50,-1.119,-1.62,-9.911,-10.181,-1.138,-1.127,-2.342,-0.946,0.439,10.0,475,469,0.9874,25,469,0,0,0,0,6,0,0,0,0,5,0.829
v15,conservative,short,stock,10,20,2026,32,32,-1.985,-2.02,-9.256,-9.56,-1.982,-1.954,-2.608,-2.016,0.376,10.0,315,313,0.9937,5,313,0,0,0,0,2,0,0,0,0,1,0.8
v15,conservative,short,stock,10,63,ALL,137,137,-2.757,-2.15,-19.566,-22.252,-2.724,-2.722,-4.928,-2.767,0.394,10,1339,1310,0.9783,31,1309,0,0,1,0,27,2,0,0,0,7,0.801
v15,conservative,short,stock,10,63,P1,63,63,-2.491,-2.04,-13.801,-14.684,-2.444,-2.404,-3.781,-2.484,0.4,10,629,621,0.9873,1,621,0,0,0,0,8,0,0,0,0,1,0.782
v15,conservative,short,stock,10,63,P2,74,74,-2.983,-1.41,-20.881,-22.252,-2.963,-2.993,-5.904,-3.008,0.389,10.0,710,689,0.9704,30,688,0,0,1,0,19,2,0,0,0,6,0.818
v15,conservative,short,stock,10,63,2023,12,12,-4.739,-3.42,-14.684,-14.684,-4.718,-4.522,-8.235,-4.705,0.342,10.0,119,115,0.9664,1,115,0,0,0,0,4,0,0,0,0,1,0.8
v15,conservative,short,stock,10,63,2024,51,51,-1.962,-1.41,-13.241,-14.187,-1.908,-1.906,-2.733,-1.962,0.413,10,510,506,0.9922,0,506,0,0,0,0,4,0,0,0,0,0,0.778
v15,conservative,short,stock,10,63,2025,50,50,-1.553,-0.59,-20.018,-22.252,-1.543,-1.587,-4.24,-1.581,0.44,10.0,475,462,0.9726,25,462,0,0,0,0,13,0,0,0,0,5,0.829
v15,conservative,short,stock,10,63,2026,24,24,-5.96,-2.35,-20.336,-21.019,-5.921,-5.923,-9.371,-5.982,0.281,10.0,235,227,0.966,5,226,0,0,1,0,6,2,0,0,0,1,0.796
v15,conservative,short,stock,20,5,ALL,148,148,-0.275,-1.99,-4.299,-8.506,-0.275,-0.274,-0.41,-0.219,0.46,20.0,2691,2687,0.9985,269,2687,0,0,0,0,3,1,0,0,0,45,0.792
v15,conservative,short,stock,20,5,P1,63,63,-0.289,-1.6,-3.718,-4.456,-0.286,-0.286,-0.366,-0.267,0.462,20,1163,1162,0.9991,97,1162,0,0,0,0,1,0,0,0,0,18,0.782
v15,conservative,short,stock,20,5,P2,85,85,-0.265,-1.33,-4.469,-8.506,-0.266,-0.265,-0.443,-0.184,0.459,20,1528,1525,0.998,172,1525,0,0,0,0,2,1,0,0,0,27,0.8
v15,conservative,short,stock,20,5,2023,12,12,-0.45,-1.31,-3.172,-3.172,-0.45,-0.45,-0.45,-0.526,0.459,15.5,181,181,1.0,59,181,0,0,0,0,0,0,0,0,0,10,0.821
v15,conservative,short,stock,20,5,2024,51,51,-0.251,-1.21,-3.9,-4.456,-0.248,-0.247,-0.347,-0.207,0.462,20,982,981,0.999,38,981,0,0,0,0,1,0,0,0,0,8,0.772
v15,conservative,short,stock,20,5,2025,50,50,-0.319,-1.28,-4.785,-8.506,-0.323,-0.32,-0.522,-0.193,0.46,20.0,867,865,0.9977,133,865,0,0,0,0,2,0,0,0,0,20,0.809
v15,conservative,short,stock,20,5,2026,35,35,-0.189,-0.57,-3.627,-3.841,-0.185,-0.188,-0.329,-0.17,0.459,20,661,660,0.9985,39,660,0,0,0,0,0,1,0,0,0,7,0.786
v15,conservative,short,stock,20,20,ALL,145,145,-1.188,-2.94,-8.997,-11.391,-1.186,-1.169,-2.014,-1.229,0.42,20,2631,2607,0.9909,269,2606,0,0,1,0,24,0,0,0,0,45,0.794
v15,conservative,short,stock,20,20,P1,63,63,-1.025,-1.85,-6.614,-7.501,-1.006,-0.996,-1.737,-1.213,0.416,20,1163,1154,0.9923,97,1154,0,0,0,0,9,0,0,0,0,18,0.782
v15,conservative,short,stock,20,20,P2,82,82,-1.314,-2.3,-9.816,-11.391,-1.325,-1.303,-2.227,-1.242,0.423,20.0,1468,1453,0.9898,172,1452,0,0,1,0,15,0,0,0,0,27,0.803
v15,conservative,short,stock,20,20,2023,12,12,-1.966,-2.62,-5.702,-5.702,-1.944,-1.932,-3.226,-2.906,0.309,15.5,181,178,0.9834,59,178,0,0,0,0,3,0,0,0,0,10,0.821
v15,conservative,short,stock,20,20,2024,51,51,-0.803,-1.24,-6.918,-7.501,-0.785,-0.775,-1.386,-0.814,0.441,20,982,976,0.9939,38,976,0,0,0,0,6,0,0,0,0,8,0.772
v15,conservative,short,stock,20,20,2025,50,50,-1.145,-1.63,-10.479,-11.391,-1.166,-1.145,-2.244,-0.945,0.439,20.0,867,856,0.9873,133,856,0,0,0,0,11,0,0,0,0,20,0.809
v15,conservative,short,stock,20,20,2026,32,32,-1.579,-1.71,-8.469,-9.037,-1.573,-1.549,-2.2,-1.707,0.399,20.0,601,597,0.9933,39,596,0,0,1,0,4,0,0,0,0,7,0.793
v15,conservative,short,stock,20,63,ALL,137,137,-2.779,-2.44,-16.866,-17.771,-2.787,-2.745,-4.891,-3.025,0.386,20,2471,2415,0.9773,269,2413,0,0,2,0,52,4,0,0,0,45,0.795
v15,conservative,short,stock,20,63,P1,63,63,-2.439,-2.32,-12.146,-13.824,-2.437,-2.404,-3.344,-2.673,0.395,20,1163,1152,0.9905,97,1152,0,0,0,0,11,0,0,0,0,18,0.782
v15,conservative,short,stock,20,63,P2,74,74,-3.068,-1.63,-17.331,-17.771,-3.084,-3.035,-6.209,-3.325,0.378,20.0,1308,1263,0.9656,172,1261,0,0,2,0,41,4,0,0,0,27,0.806
v15,conservative,short,stock,20,63,2023,12,12,-3.775,-4.14,-13.824,-13.824,-3.811,-3.713,-5.569,-4.98,0.335,15.5,181,177,0.9779,59,177,0,0,0,0,4,0,0,0,0,10,0.821
v15,conservative,short,stock,20,63,2024,51,51,-2.125,-1.7,-11.586,-12.302,-2.113,-2.096,-2.82,-2.13,0.41,20,982,975,0.9929,38,975,0,0,0,0,7,0,0,0,0,8,0.772
v15,conservative,short,stock,20,63,2025,50,50,-1.992,-0.82,-17.341,-17.771,-2.04,-1.997,-4.907,-2.229,0.418,20.0,867,839,0.9677,133,839,0,0,0,0,28,0,0,0,0,20,0.809
v15,conservative,short,stock,20,63,2026,24,24,-5.311,-2.54,-17.051,-17.258,-5.261,-5.199,-8.92,-5.61,0.293,20.0,441,424,0.9615,39,422,0,0,2,0,13,4,0,0,0,7,0.799
