experiment_id,sector_id,subasset_id,algorithm,profile,horizon,holding_sessions,stock_or_etf_track,status,failure_reason,market_backtest_run,holdout_contaminated,provisional_finalist,winner,net_cagr,max_drawdown,sharpe,sortino,calmar,es95_loss,net_excess_return_mean,net_excess_return_block_ci,win_rate,payoff_ratio,median_return,worst_decile,rank_ic,benchmark_beat_rate,mean_exposure,peak_exposure,turnover,empty_selection_day_fraction,cost_2x_return,cost_4x_return,independent_events,raw_signals,deduped_events,data_missing_rejections,pit_qualify_rate,delisted_coverage,history_coverage,regime
semiconductors__A_trend_quality__conservative__short,semiconductors,,A_trend_quality,conservative,short,5,stock,DATA_INSUFFICIENT,"No licensed point-in-time US daily tape, delist file, corporate-action journal, or historical venue/industry vintages were verified in this environment.",False,,False,False,,,,,,,,,,,,,,,,,,,,,,0,0,,,,,bull
semiconductors__A_trend_quality__conservative__short,semiconductors,,A_trend_quality,conservative,short,5,stock,DATA_INSUFFICIENT,"No licensed point-in-time US daily tape, delist file, corporate-action journal, or historical venue/industry vintages were verified in this environment.",False,,False,False,,,,,,,,,,,,,,,,,,,,,,0,0,,,,,bear
semiconductors__A_trend_quality__conservative__short,semiconductors,,A_trend_quality,conservative,short,5,stock,DATA_INSUFFICIENT,"No licensed point-in-time US daily tape, delist file, corporate-action journal, or historical venue/industry vintages were verified in this environment.",False,,False,False,,,,,,,,,,,,,,,,,,,,,,0,0,,,,,range
semiconductors__A_trend_quality__conservative__mid,semiconductors,,A_trend_quality,conservative,mid,20,stock,DATA_INSUFFICIENT,"No licensed point-in-time US daily tape, delist file, corporate-action journal, or historical venue/industry vintages were verified in this environment.",False,,False,False,,,,,,,,,,,,,,,,,,,,,,0,0,,,,,bull
semiconductors__A_trend_quality__conservative__mid,semiconductors,,A_trend_quality,conservative,mid,20,stock,DATA_INSUFFICIENT,"No licensed point-in-time US daily tape, delist file, corporate-action journal, or historical venue/industry vintages were verified in this environment.",False,,False,False,,,,,,,,,,,,,,,,,,,,,,0,0,,,,,bear
semiconductors__A_trend_quality__conservative__mid,semiconductors,,A_trend_quality,conservative,mid,20,stock,DATA_INSUFFICIENT,"No licensed point-in-time US daily tape, delist file, corporate-action journal, or historical venue/industry vintages were verified in this environment.",False,,False,False,,,,,,,,,,,,,,,,,,,,,,0,0,,,,,range
semiconductors__A_trend_quality__conservative__long,semiconductors,,A_trend_quality,conservative,long,63,stock,DATA_INSUFFICIENT,"No licensed point-in-time US daily tape, delist file, corporate-action journal, or historical venue/industry vintages were verified in this environment.",False,,False,False,,,,,,,,,,,,,,,,,,,,,,0,0,,,,,bull
semiconductors__A_trend_quality__conservative__long,semiconductors,,A_trend_quality,conservative,long,63,stock,DATA_INSUFFICIENT,"No licensed point-in-time US daily tape, delist file, corporate-action journal, or historical venue/industry vintages were verified in this environment.",False,,False,False,,,,,,,,,,,,,,,,,,,,,,0,0,,,,,bear
semiconductors__A_trend_quality__conservative__long,semiconductors,,A_trend_quality,conservative,long,63,stock,DATA_INSUFFICIENT,"No licensed point-in-time US daily tape, delist file, corporate-action journal, or historical venue/industry vintages were verified in this environment.",False,,False,False,,,,,,,,,,,,,,,,,,,,,,0,0,,,,,range
semiconductors__A_trend_quality__balanced__short,semiconductors,,A_trend_quality,balanced,short,5,stock,DATA_INSUFFICIENT,"No licensed point-in-time US daily tape, delist file, corporate-action journal, or historical venue/industry vintages were verified in this environment.",False,,False,False,,,,,,,,,,,,,,,,,,,,,,0,0,,,,,bull
semiconductors__A_trend_quality__balanced__short,semiconductors,,A_trend_quality,balanced,short,5,stock,DATA_INSUFFICIENT,"No licensed point-in-time US daily tape, delist file, corporate-action journal, or historical venue/industry vintages were verified in this environment.",False,,False,False,,,,,,,,,,,,,,,,,,,,,,0,0,,,,,bear
semiconductors__A_trend_quality__balanced__short,semiconductors,,A_trend_quality,balanced,short,5,stock,DATA_INSUFFICIENT,"No licensed point-in-time US daily tape, delist file, corporate-action journal, or historical venue/industry vintages were verified in this environment.",False,,False,False,,,,,,,,,,,,,,,,,,,,,,0,0,,,,,range
semiconductors__A_trend_quality__balanced__mid,semiconductors,,A_trend_quality,balanced,mid,20,stock,DATA_INSUFFICIENT,"No licensed point-in-time US daily tape, delist file, corporate-action journal, or historical venue/industry vintages were verified in this environment.",False,,False,False,,,,,,,,,,,,,,,,,,,,,,0,0,,,,,bull
semiconductors__A_trend_quality__balanced__mid,semiconductors,,A_trend_quality,balanced,mid,20,stock,DATA_INSUFFICIENT,"No licensed point-in-time US daily tape, delist file, corporate-action journal, or historical venue/industry vintages were verified in this environment.",False,,False,False,,,,,,,,,,,,,,,,,,,,,,0,0,,,,,bear
semiconductors__A_trend_quality__balanced__mid,semiconductors,,A_trend_quality,balanced,mid,20,stock,DATA_INSUFFICIENT,"No licensed point-in-time US daily tape, delist file, corporate-action journal, or historical venue/industry vintages were verified in this environment.",False,,False,False,,,,,,,,,,,,,,,,,,,,,,0,0,,,,,range
semiconductors__A_trend_quality__balanced__long,semiconductors,,A_trend_quality,balanced,long,63,stock,DATA_INSUFFICIENT,"No licensed point-in-time US daily tape, delist file, corporate-action journal, or historical venue/industry vintages were verified in this environment.",False,,False,False,,,,,,,,,,,,,,,,,,,,,,0,0,,,,,bull
semiconductors__A_trend_quality__balanced__long,semiconductors,,A_trend_quality,balanced,long,63,stock,DATA_INSUFFICIENT,"No licensed point-in-time US daily tape, delist file, corporate-action journal, or historical venue/industry vintages were verified in this environment.",False,,False,False,,,,,,,,,,,,,,,,,,,,,,0,0,,,,,bear
semiconductors__A_trend_quality__balanced__long,semiconductors,,A_trend_quality,balanced,long,63,stock,DATA_INSUFFICIENT,"No licensed point-in-time US daily tape, delist file, corporate-action journal, or historical venue/industry vintages were verified in this environment.",False,,False,False,,,,,,,,,,,,,,,,,,,,,,0,0,,,,,range
semiconductors__A_trend_quality__aggressive__short,semiconductors,,A_trend_quality,aggressive,short,5,stock,DATA_INSUFFICIENT,"No licensed point-in-time US daily tape, delist file, corporate-action journal, or historical venue/industry vintages were verified in this environment.",False,,False,False,,,,,,,,,,,,,,,,,,,,,,0,0,,,,,bull
semiconductors__A_trend_quality__aggressive__short,semiconductors,,A_trend_quality,aggressive,short,5,stock,DATA_INSUFFICIENT,"No licensed point-in-time US daily tape, delist file, corporate-action journal, or historical venue/industry vintages were verified in this environment.",False,,False,False,,,,,,,,,,,,,,,,,,,,,,0,0,,,,,bear
semiconductors__A_trend_quality__aggressive__short,semiconductors,,A_trend_quality,aggressive,short,5,stock,DATA_INSUFFICIENT,"No licensed point-in-time US daily tape, delist file, corporate-action journal, or historical venue/industry vintages were verified in this environment.",False,,False,False,,,,,,,,,,,,,,,,,,,,,,0,0,,,,,range
semiconductors__A_trend_quality__aggressive__mid,semiconductors,,A_trend_quality,aggressive,mid,20,stock,DATA_INSUFFICIENT,"No licensed point-in-time US daily tape, delist file, corporate-action journal, or historical venue/industry vintages were verified in this environment.",False,,False,False,,,,,,,,,,,,,,,,,,,,,,0,0,,,,,bull
semiconductors__A_trend_quality__aggressive__mid,semiconductors,,A_trend_quality,aggressive,mid,20,stock,DATA_INSUFFICIENT,"No licensed point-in-time US daily tape, delist file, corporate-action journal, or historical venue/industry vintages were verified in this environment.",False,,False,False,,,,,,,,,,,,,,,,,,,,,,0,0,,,,,bear
semiconductors__A_trend_quality__aggressive__mid,semiconductors,,A_trend_quality,aggressive,mid,20,stock,DATA_INSUFFICIENT,"No licensed point-in-time US daily tape, delist file, corporate-action journal, or historical venue/industry vintages were verified in this environment.",False,,False,False,,,,,,,,,,,,,,,,,,,,,,0,0,,,,,range
semiconductors__A_trend_quality__aggressive__long,semiconductors,,A_trend_quality,aggressive,long,63,stock,DATA_INSUFFICIENT,"No licensed point-in-time US daily tape, delist file, corporate-action journal, or historical venue/industry vintages were verified in this environment.",False,,False,False,,,,,,,,,,,,,,,,,,,,,,0,0,,,,,bull
semiconductors__A_trend_quality__aggressive__long,semiconductors,,A_trend_quality,aggressive,long,63,stock,DATA_INSUFFICIENT,"No licensed point-in-time US daily tape, delist file, corporate-action journal, or historical venue/industry vintages were verified in this environment.",False,,False,False,,,,,,,,,,,,,,,,,,,,,,0,0,,,,,bear
semiconductors__A_trend_quality__aggressive__long,semiconductors,,A_trend_quality,aggressive,long,63,stock,DATA_INSUFFICIENT,"No licensed point-in-time US daily tape, delist file, corporate-action journal, or historical venue/industry vintages were verified in this environment.",False,,False,False,,,,,,,,,,,,,,,,,,,,,,0,0,,,,,range
semiconductors__B_confirmed_base_breakout__conservative__short,semiconductors,,B_confirmed_base_breakout,conservative,short,5,stock,DATA_INSUFFICIENT,"No licensed point-in-time US daily tape, delist file, corporate-action journal, or historical venue/industry vintages were verified in this environment.",False,,False,False,,,,,,,,,,,,,,,,,,,,,,0,0,,,,,bull
semiconductors__B_confirmed_base_breakout__conservative__short,semiconductors,,B_confirmed_base_breakout,conservative,short,5,stock,DATA_INSUFFICIENT,"No licensed point-in-time US daily tape, delist file, corporate-action journal, or historical venue/industry vintages were verified in this environment.",False,,False,False,,,,,,,,,,,,,,,,,,,,,,0,0,,,,,bear
semiconductors__B_confirmed_base_breakout__conservative__short,semiconductors,,B_confirmed_base_breakout,conservative,short,5,stock,DATA_INSUFFICIENT,"No licensed point-in-time US daily tape, delist file, corporate-action journal, or historical venue/industry vintages were verified in this environment.",False,,False,False,,,,,,,,,,,,,,,,,,,,,,0,0,,,,,range
semiconductors__B_confirmed_base_breakout__conservative__mid,semiconductors,,B_confirmed_base_breakout,conservative,mid,20,stock,DATA_INSUFFICIENT,"No licensed point-in-time US daily tape, delist file, corporate-action journal, or historical venue/industry vintages were verified in this environment.",False,,False,False,,,,,,,,,,,,,,,,,,,,,,0,0,,,,,bull
semiconductors__B_confirmed_base_breakout__conservative__mid,semiconductors,,B_confirmed_base_breakout,conservative,mid,20,stock,DATA_INSUFFICIENT,"No licensed point-in-time US daily tape, delist file, corporate-action journal, or historical venue/industry vintages were verified in this environment.",False,,False,False,,,,,,,,,,,,,,,,,,,,,,0,0,,,,,bear
semiconductors__B_confirmed_base_breakout__conservative__mid,semiconductors,,B_confirmed_base_breakout,conservative,mid,20,stock,DATA_INSUFFICIENT,"No licensed point-in-time US daily tape, delist file, corporate-action journal, or historical venue/industry vintages were verified in this environment.",False,,False,False,,,,,,,,,,,,,,,,,,,,,,0,0,,,,,range
semiconductors__B_confirmed_base_breakout__conservative__long,semiconductors,,B_confirmed_base_breakout,conservative,long,63,stock,DATA_INSUFFICIENT,"No licensed point-in-time US daily tape, delist file, corporate-action journal, or historical venue/industry vintages were verified in this environment.",False,,False,False,,,,,,,,,,,,,,,,,,,,,,0,0,,,,,bull
semiconductors__B_confirmed_base_breakout__conservative__long,semiconductors,,B_confirmed_base_breakout,conservative,long,63,stock,DATA_INSUFFICIENT,"No licensed point-in-time US daily tape, delist file, corporate-action journal, or historical venue/industry vintages were verified in this environment.",False,,False,False,,,,,,,,,,,,,,,,,,,,,,0,0,,,,,bear
semiconductors__B_confirmed_base_breakout__conservative__long,semiconductors,,B_confirmed_base_breakout,conservative,long,63,stock,DATA_INSUFFICIENT,"No licensed point-in-time US daily tape, delist file, corporate-action journal, or historical venue/industry vintages were verified in this environment.",False,,False,False,,,,,,,,,,,,,,,,,,,,,,0,0,,,,,range
semiconductors__B_confirmed_base_breakout__balanced__short,semiconductors,,B_confirmed_base_breakout,balanced,short,5,stock,DATA_INSUFFICIENT,"No licensed point-in-time US daily tape, delist file, corporate-action journal, or historical venue/industry vintages were verified in this environment.",False,,False,False,,,,,,,,,,,,,,,,,,,,,,0,0,,,,,bull
semiconductors__B_confirmed_base_breakout__balanced__short,semiconductors,,B_confirmed_base_breakout,balanced,short,5,stock,DATA_INSUFFICIENT,"No licensed point-in-time US daily tape, delist file, corporate-action journal, or historical venue/industry vintages were verified in this environment.",False,,False,False,,,,,,,,,,,,,,,,,,,,,,0,0,,,,,bear
semiconductors__B_confirmed_base_breakout__balanced__short,semiconductors,,B_confirmed_base_breakout,balanced,short,5,stock,DATA_INSUFFICIENT,"No licensed point-in-time US daily tape, delist file, corporate-action journal, or historical venue/industry vintages were verified in this environment.",False,,False,False,,,,,,,,,,,,,,,,,,,,,,0,0,,,,,range
semiconductors__B_confirmed_base_breakout__balanced__mid,semiconductors,,B_confirmed_base_breakout,balanced,mid,20,stock,DATA_INSUFFICIENT,"No licensed point-in-time US daily tape, delist file, corporate-action journal, or historical venue/industry vintages were verified in this environment.",False,,False,False,,,,,,,,,,,,,,,,,,,,,,0,0,,,,,bull
semiconductors__B_confirmed_base_breakout__balanced__mid,semiconductors,,B_confirmed_base_breakout,balanced,mid,20,stock,DATA_INSUFFICIENT,"No licensed point-in-time US daily tape, delist file, corporate-action journal, or historical venue/industry vintages were verified in this environment.",False,,False,False,,,,,,,,,,,,,,,,,,,,,,0,0,,,,,bear
semiconductors__B_confirmed_base_breakout__balanced__mid,semiconductors,,B_confirmed_base_breakout,balanced,mid,20,stock,DATA_INSUFFICIENT,"No licensed point-in-time US daily tape, delist file, corporate-action journal, or historical venue/industry vintages were verified in this environment.",False,,False,False,,,,,,,,,,,,,,,,,,,,,,0,0,,,,,range
semiconductors__B_confirmed_base_breakout__balanced__long,semiconductors,,B_confirmed_base_breakout,balanced,long,63,stock,DATA_INSUFFICIENT,"No licensed point-in-time US daily tape, delist file, corporate-action journal, or historical venue/industry vintages were verified in this environment.",False,,False,False,,,,,,,,,,,,,,,,,,,,,,0,0,,,,,bull
semiconductors__B_confirmed_base_breakout__balanced__long,semiconductors,,B_confirmed_base_breakout,balanced,long,63,stock,DATA_INSUFFICIENT,"No licensed point-in-time US daily tape, delist file, corporate-action journal, or historical venue/industry vintages were verified in this environment.",False,,False,False,,,,,,,,,,,,,,,,,,,,,,0,0,,,,,bear
semiconductors__B_confirmed_base_breakout__balanced__long,semiconductors,,B_confirmed_base_breakout,balanced,long,63,stock,DATA_INSUFFICIENT,"No licensed point-in-time US daily tape, delist file, corporate-action journal, or historical venue/industry vintages were verified in this environment.",False,,False,False,,,,,,,,,,,,,,,,,,,,,,0,0,,,,,range
semiconductors__B_confirmed_base_breakout__aggressive__short,semiconductors,,B_confirmed_base_breakout,aggressive,short,5,stock,DATA_INSUFFICIENT,"No licensed point-in-time US daily tape, delist file, corporate-action journal, or historical venue/industry vintages were verified in this environment.",False,,False,False,,,,,,,,,,,,,,,,,,,,,,0,0,,,,,bull
semiconductors__B_confirmed_base_breakout__aggressive__short,semiconductors,,B_confirmed_base_breakout,aggressive,short,5,stock,DATA_INSUFFICIENT,"No licensed point-in-time US daily tape, delist file, corporate-action journal, or historical venue/industry vintages were verified in this environment.",False,,False,False,,,,,,,,,,,,,,,,,,,,,,0,0,,,,,bear
semiconductors__B_confirmed_base_breakout__aggressive__short,semiconductors,,B_confirmed_base_breakout,aggressive,short,5,stock,DATA_INSUFFICIENT,"No licensed point-in-time US daily tape, delist file, corporate-action journal, or historical venue/industry vintages were verified in this environment.",False,,False,False,,,,,,,,,,,,,,,,,,,,,,0,0,,,,,range
semiconductors__B_confirmed_base_breakout__aggressive__mid,semiconductors,,B_confirmed_base_breakout,aggressive,mid,20,stock,DATA_INSUFFICIENT,"No licensed point-in-time US daily tape, delist file, corporate-action journal, or historical venue/industry vintages were verified in this environment.",False,,False,False,,,,,,,,,,,,,,,,,,,,,,0,0,,,,,bull
semiconductors__B_confirmed_base_breakout__aggressive__mid,semiconductors,,B_confirmed_base_breakout,aggressive,mid,20,stock,DATA_INSUFFICIENT,"No licensed point-in-time US daily tape, delist file, corporate-action journal, or historical venue/industry vintages were verified in this environment.",False,,False,False,,,,,,,,,,,,,,,,,,,,,,0,0,,,,,bear
semiconductors__B_confirmed_base_breakout__aggressive__mid,semiconductors,,B_confirmed_base_breakout,aggressive,mid,20,stock,DATA_INSUFFICIENT,"No licensed point-in-time US daily tape, delist file, corporate-action journal, or historical venue/industry vintages were verified in this environment.",False,,False,False,,,,,,,,,,,,,,,,,,,,,,0,0,,,,,range
semiconductors__B_confirmed_base_breakout__aggressive__long,semiconductors,,B_confirmed_base_breakout,aggressive,long,63,stock,DATA_INSUFFICIENT,"No licensed point-in-time US daily tape, delist file, corporate-action journal, or historical venue/industry vintages were verified in this environment.",False,,False,False,,,,,,,,,,,,,,,,,,,,,,0,0,,,,,bull
semiconductors__B_confirmed_base_breakout__aggressive__long,semiconductors,,B_confirmed_base_breakout,aggressive,long,63,stock,DATA_INSUFFICIENT,"No licensed point-in-time US daily tape, delist file, corporate-action journal, or historical venue/industry vintages were verified in this environment.",False,,False,False,,,,,,,,,,,,,,,,,,,,,,0,0,,,,,bear
semiconductors__B_confirmed_base_breakout__aggressive__long,semiconductors,,B_confirmed_base_breakout,aggressive,long,63,stock,DATA_INSUFFICIENT,"No licensed point-in-time US daily tape, delist file, corporate-action journal, or historical venue/industry vintages were verified in this environment.",False,,False,False,,,,,,,,,,,,,,,,,,,,,,0,0,,,,,range
semiconductors__C_trend_pullback__conservative__short,semiconductors,,C_trend_pullback,conservative,short,5,stock,DATA_INSUFFICIENT,"No licensed point-in-time US daily tape, delist file, corporate-action journal, or historical venue/industry vintages were verified in this environment.",False,,False,False,,,,,,,,,,,,,,,,,,,,,,0,0,,,,,bull
semiconductors__C_trend_pullback__conservative__short,semiconductors,,C_trend_pullback,conservative,short,5,stock,DATA_INSUFFICIENT,"No licensed point-in-time US daily tape, delist file, corporate-action journal, or historical venue/industry vintages were verified in this environment.",False,,False,False,,,,,,,,,,,,,,,,,,,,,,0,0,,,,,bear
semiconductors__C_trend_pullback__conservative__short,semiconductors,,C_trend_pullback,conservative,short,5,stock,DATA_INSUFFICIENT,"No licensed point-in-time US daily tape, delist file, corporate-action journal, or historical venue/industry vintages were verified in this environment.",False,,False,False,,,,,,,,,,,,,,,,,,,,,,0,0,,,,,range
semiconductors__C_trend_pullback__conservative__mid,semiconductors,,C_trend_pullback,conservative,mid,20,stock,DATA_INSUFFICIENT,"No licensed point-in-time US daily tape, delist file, corporate-action journal, or historical venue/industry vintages were verified in this environment.",False,,False,False,,,,,,,,,,,,,,,,,,,,,,0,0,,,,,bull
semiconductors__C_trend_pullback__conservative__mid,semiconductors,,C_trend_pullback,conservative,mid,20,stock,DATA_INSUFFICIENT,"No licensed point-in-time US daily tape, delist file, corporate-action journal, or historical venue/industry vintages were verified in this environment.",False,,False,False,,,,,,,,,,,,,,,,,,,,,,0,0,,,,,bear
semiconductors__C_trend_pullback__conservative__mid,semiconductors,,C_trend_pullback,conservative,mid,20,stock,DATA_INSUFFICIENT,"No licensed point-in-time US daily tape, delist file, corporate-action journal, or historical venue/industry vintages were verified in this environment.",False,,False,False,,,,,,,,,,,,,,,,,,,,,,0,0,,,,,range
semiconductors__C_trend_pullback__conservative__long,semiconductors,,C_trend_pullback,conservative,long,63,stock,DATA_INSUFFICIENT,"No licensed point-in-time US daily tape, delist file, corporate-action journal, or historical venue/industry vintages were verified in this environment.",False,,False,False,,,,,,,,,,,,,,,,,,,,,,0,0,,,,,bull
semiconductors__C_trend_pullback__conservative__long,semiconductors,,C_trend_pullback,conservative,long,63,stock,DATA_INSUFFICIENT,"No licensed point-in-time US daily tape, delist file, corporate-action journal, or historical venue/industry vintages were verified in this environment.",False,,False,False,,,,,,,,,,,,,,,,,,,,,,0,0,,,,,bear
semiconductors__C_trend_pullback__conservative__long,semiconductors,,C_trend_pullback,conservative,long,63,stock,DATA_INSUFFICIENT,"No licensed point-in-time US daily tape, delist file, corporate-action journal, or historical venue/industry vintages were verified in this environment.",False,,False,False,,,,,,,,,,,,,,,,,,,,,,0,0,,,,,range
semiconductors__C_trend_pullback__balanced__short,semiconductors,,C_trend_pullback,balanced,short,5,stock,DATA_INSUFFICIENT,"No licensed point-in-time US daily tape, delist file, corporate-action journal, or historical venue/industry vintages were verified in this environment.",False,,False,False,,,,,,,,,,,,,,,,,,,,,,0,0,,,,,bull
semiconductors__C_trend_pullback__balanced__short,semiconductors,,C_trend_pullback,balanced,short,5,stock,DATA_INSUFFICIENT,"No licensed point-in-time US daily tape, delist file, corporate-action journal, or historical venue/industry vintages were verified in this environment.",False,,False,False,,,,,,,,,,,,,,,,,,,,,,0,0,,,,,bear
semiconductors__C_trend_pullback__balanced__short,semiconductors,,C_trend_pullback,balanced,short,5,stock,DATA_INSUFFICIENT,"No licensed point-in-time US daily tape, delist file, corporate-action journal, or historical venue/industry vintages were verified in this environment.",False,,False,False,,,,,,,,,,,,,,,,,,,,,,0,0,,,,,range
semiconductors__C_trend_pullback__balanced__mid,semiconductors,,C_trend_pullback,balanced,mid,20,stock,DATA_INSUFFICIENT,"No licensed point-in-time US daily tape, delist file, corporate-action journal, or historical venue/industry vintages were verified in this environment.",False,,False,False,,,,,,,,,,,,,,,,,,,,,,0,0,,,,,bull
semiconductors__C_trend_pullback__balanced__mid,semiconductors,,C_trend_pullback,balanced,mid,20,stock,DATA_INSUFFICIENT,"No licensed point-in-time US daily tape, delist file, corporate-action journal, or historical venue/industry vintages were verified in this environment.",False,,False,False,,,,,,,,,,,,,,,,,,,,,,0,0,,,,,bear
semiconductors__C_trend_pullback__balanced__mid,semiconductors,,C_trend_pullback,balanced,mid,20,stock,DATA_INSUFFICIENT,"No licensed point-in-time US daily tape, delist file, corporate-action journal, or historical venue/industry vintages were verified in this environment.",False,,False,False,,,,,,,,,,,,,,,,,,,,,,0,0,,,,,range
semiconductors__C_trend_pullback__balanced__long,semiconductors,,C_trend_pullback,balanced,long,63,stock,DATA_INSUFFICIENT,"No licensed point-in-time US daily tape, delist file, corporate-action journal, or historical venue/industry vintages were verified in this environment.",False,,False,False,,,,,,,,,,,,,,,,,,,,,,0,0,,,,,bull
semiconductors__C_trend_pullback__balanced__long,semiconductors,,C_trend_pullback,balanced,long,63,stock,DATA_INSUFFICIENT,"No licensed point-in-time US daily tape, delist file, corporate-action journal, or historical venue/industry vintages were verified in this environment.",False,,False,False,,,,,,,,,,,,,,,,,,,,,,0,0,,,,,bear
semiconductors__C_trend_pullback__balanced__long,semiconductors,,C_trend_pullback,balanced,long,63,stock,DATA_INSUFFICIENT,"No licensed point-in-time US daily tape, delist file, corporate-action journal, or historical venue/industry vintages were verified in this environment.",False,,False,False,,,,,,,,,,,,,,,,,,,,,,0,0,,,,,range
semiconductors__C_trend_pullback__aggressive__short,semiconductors,,C_trend_pullback,aggressive,short,5,stock,DATA_INSUFFICIENT,"No licensed point-in-time US daily tape, delist file, corporate-action journal, or historical venue/industry vintages were verified in this environment.",False,,False,False,,,,,,,,,,,,,,,,,,,,,,0,0,,,,,bull
semiconductors__C_trend_pullback__aggressive__short,semiconductors,,C_trend_pullback,aggressive,short,5,stock,DATA_INSUFFICIENT,"No licensed point-in-time US daily tape, delist file, corporate-action journal, or historical venue/industry vintages were verified in this environment.",False,,False,False,,,,,,,,,,,,,,,,,,,,,,0,0,,,,,bear
semiconductors__C_trend_pullback__aggressive__short,semiconductors,,C_trend_pullback,aggressive,short,5,stock,DATA_INSUFFICIENT,"No licensed point-in-time US daily tape, delist file, corporate-action journal, or historical venue/industry vintages were verified in this environment.",False,,False,False,,,,,,,,,,,,,,,,,,,,,,0,0,,,,,range
semiconductors__C_trend_pullback__aggressive__mid,semiconductors,,C_trend_pullback,aggressive,mid,20,stock,DATA_INSUFFICIENT,"No licensed point-in-time US daily tape, delist file, corporate-action journal, or historical venue/industry vintages were verified in this environment.",False,,False,False,,,,,,,,,,,,,,,,,,,,,,0,0,,,,,bull
semiconductors__C_trend_pullback__aggressive__mid,semiconductors,,C_trend_pullback,aggressive,mid,20,stock,DATA_INSUFFICIENT,"No licensed point-in-time US daily tape, delist file, corporate-action journal, or historical venue/industry vintages were verified in this environment.",False,,False,False,,,,,,,,,,,,,,,,,,,,,,0,0,,,,,bear
semiconductors__C_trend_pullback__aggressive__mid,semiconductors,,C_trend_pullback,aggressive,mid,20,stock,DATA_INSUFFICIENT,"No licensed point-in-time US daily tape, delist file, corporate-action journal, or historical venue/industry vintages were verified in this environment.",False,,False,False,,,,,,,,,,,,,,,,,,,,,,0,0,,,,,range
semiconductors__C_trend_pullback__aggressive__long,semiconductors,,C_trend_pullback,aggressive,long,63,stock,DATA_INSUFFICIENT,"No licensed point-in-time US daily tape, delist file, corporate-action journal, or historical venue/industry vintages were verified in this environment.",False,,False,False,,,,,,,,,,,,,,,,,,,,,,0,0,,,,,bull
semiconductors__C_trend_pullback__aggressive__long,semiconductors,,C_trend_pullback,aggressive,long,63,stock,DATA_INSUFFICIENT,"No licensed point-in-time US daily tape, delist file, corporate-action journal, or historical venue/industry vintages were verified in this environment.",False,,False,False,,,,,,,,,,,,,,,,,,,,,,0,0,,,,,bear
semiconductors__C_trend_pullback__aggressive__long,semiconductors,,C_trend_pullback,aggressive,long,63,stock,DATA_INSUFFICIENT,"No licensed point-in-time US daily tape, delist file, corporate-action journal, or historical venue/industry vintages were verified in this environment.",False,,False,False,,,,,,,,,,,,,,,,,,,,,,0,0,,,,,range
semiconductors__D_residual_momentum__conservative__short,semiconductors,,D_residual_momentum,conservative,short,5,stock,DATA_INSUFFICIENT,"No licensed point-in-time US daily tape, delist file, corporate-action journal, or historical venue/industry vintages were verified in this environment.",False,,False,False,,,,,,,,,,,,,,,,,,,,,,0,0,,,,,bull
semiconductors__D_residual_momentum__conservative__short,semiconductors,,D_residual_momentum,conservative,short,5,stock,DATA_INSUFFICIENT,"No licensed point-in-time US daily tape, delist file, corporate-action journal, or historical venue/industry vintages were verified in this environment.",False,,False,False,,,,,,,,,,,,,,,,,,,,,,0,0,,,,,bear
semiconductors__D_residual_momentum__conservative__short,semiconductors,,D_residual_momentum,conservative,short,5,stock,DATA_INSUFFICIENT,"No licensed point-in-time US daily tape, delist file, corporate-action journal, or historical venue/industry vintages were verified in this environment.",False,,False,False,,,,,,,,,,,,,,,,,,,,,,0,0,,,,,range
semiconductors__D_residual_momentum__conservative__mid,semiconductors,,D_residual_momentum,conservative,mid,20,stock,DATA_INSUFFICIENT,"No licensed point-in-time US daily tape, delist file, corporate-action journal, or historical venue/industry vintages were verified in this environment.",False,,False,False,,,,,,,,,,,,,,,,,,,,,,0,0,,,,,bull
semiconductors__D_residual_momentum__conservative__mid,semiconductors,,D_residual_momentum,conservative,mid,20,stock,DATA_INSUFFICIENT,"No licensed point-in-time US daily tape, delist file, corporate-action journal, or historical venue/industry vintages were verified in this environment.",False,,False,False,,,,,,,,,,,,,,,,,,,,,,0,0,,,,,bear
semiconductors__D_residual_momentum__conservative__mid,semiconductors,,D_residual_momentum,conservative,mid,20,stock,DATA_INSUFFICIENT,"No licensed point-in-time US daily tape, delist file, corporate-action journal, or historical venue/industry vintages were verified in this environment.",False,,False,False,,,,,,,,,,,,,,,,,,,,,,0,0,,,,,range
semiconductors__D_residual_momentum__conservative__long,semiconductors,,D_residual_momentum,conservative,long,63,stock,DATA_INSUFFICIENT,"No licensed point-in-time US daily tape, delist file, corporate-action journal, or historical venue/industry vintages were verified in this environment.",False,,False,False,,,,,,,,,,,,,,,,,,,,,,0,0,,,,,bull
semiconductors__D_residual_momentum__conservative__long,semiconductors,,D_residual_momentum,conservative,long,63,stock,DATA_INSUFFICIENT,"No licensed point-in-time US daily tape, delist file, corporate-action journal, or historical venue/industry vintages were verified in this environment.",False,,False,False,,,,,,,,,,,,,,,,,,,,,,0,0,,,,,bear
semiconductors__D_residual_momentum__conservative__long,semiconductors,,D_residual_momentum,conservative,long,63,stock,DATA_INSUFFICIENT,"No licensed point-in-time US daily tape, delist file, corporate-action journal, or historical venue/industry vintages were verified in this environment.",False,,False,False,,,,,,,,,,,,,,,,,,,,,,0,0,,,,,range
semiconductors__D_residual_momentum__balanced__short,semiconductors,,D_residual_momentum,balanced,short,5,stock,DATA_INSUFFICIENT,"No licensed point-in-time US daily tape, delist file, corporate-action journal, or historical venue/industry vintages were verified in this environment.",False,,False,False,,,,,,,,,,,,,,,,,,,,,,0,0,,,,,bull
semiconductors__D_residual_momentum__balanced__short,semiconductors,,D_residual_momentum,balanced,short,5,stock,DATA_INSUFFICIENT,"No licensed point-in-time US daily tape, delist file, corporate-action journal, or historical venue/industry vintages were verified in this environment.",False,,False,False,,,,,,,,,,,,,,,,,,,,,,0,0,,,,,bear
semiconductors__D_residual_momentum__balanced__short,semiconductors,,D_residual_momentum,balanced,short,5,stock,DATA_INSUFFICIENT,"No licensed point-in-time US daily tape, delist file, corporate-action journal, or historical venue/industry vintages were verified in this environment.",False,,False,False,,,,,,,,,,,,,,,,,,,,,,0,0,,,,,range
semiconductors__D_residual_momentum__balanced__mid,semiconductors,,D_residual_momentum,balanced,mid,20,stock,DATA_INSUFFICIENT,"No licensed point-in-time US daily tape, delist file, corporate-action journal, or historical venue/industry vintages were verified in this environment.",False,,False,False,,,,,,,,,,,,,,,,,,,,,,0,0,,,,,bull
semiconductors__D_residual_momentum__balanced__mid,semiconductors,,D_residual_momentum,balanced,mid,20,stock,DATA_INSUFFICIENT,"No licensed point-in-time US daily tape, delist file, corporate-action journal, or historical venue/industry vintages were verified in this environment.",False,,False,False,,,,,,,,,,,,,,,,,,,,,,0,0,,,,,bear
semiconductors__D_residual_momentum__balanced__mid,semiconductors,,D_residual_momentum,balanced,mid,20,stock,DATA_INSUFFICIENT,"No licensed point-in-time US daily tape, delist file, corporate-action journal, or historical venue/industry vintages were verified in this environment.",False,,False,False,,,,,,,,,,,,,,,,,,,,,,0,0,,,,,range
semiconductors__D_residual_momentum__balanced__long,semiconductors,,D_residual_momentum,balanced,long,63,stock,DATA_INSUFFICIENT,"No licensed point-in-time US daily tape, delist file, corporate-action journal, or historical venue/industry vintages were verified in this environment.",False,,False,False,,,,,,,,,,,,,,,,,,,,,,0,0,,,,,bull
semiconductors__D_residual_momentum__balanced__long,semiconductors,,D_residual_momentum,balanced,long,63,stock,DATA_INSUFFICIENT,"No licensed point-in-time US daily tape, delist file, corporate-action journal, or historical venue/industry vintages were verified in this environment.",False,,False,False,,,,,,,,,,,,,,,,,,,,,,0,0,,,,,bear
semiconductors__D_residual_momentum__balanced__long,semiconductors,,D_residual_momentum,balanced,long,63,stock,DATA_INSUFFICIENT,"No licensed point-in-time US daily tape, delist file, corporate-action journal, or historical venue/industry vintages were verified in this environment.",False,,False,False,,,,,,,,,,,,,,,,,,,,,,0,0,,,,,range
semiconductors__D_residual_momentum__aggressive__short,semiconductors,,D_residual_momentum,aggressive,short,5,stock,DATA_INSUFFICIENT,"No licensed point-in-time US daily tape, delist file, corporate-action journal, or historical venue/industry vintages were verified in this environment.",False,,False,False,,,,,,,,,,,,,,,,,,,,,,0,0,,,,,bull
semiconductors__D_residual_momentum__aggressive__short,semiconductors,,D_residual_momentum,aggressive,short,5,stock,DATA_INSUFFICIENT,"No licensed point-in-time US daily tape, delist file, corporate-action journal, or historical venue/industry vintages were verified in this environment.",False,,False,False,,,,,,,,,,,,,,,,,,,,,,0,0,,,,,bear
semiconductors__D_residual_momentum__aggressive__short,semiconductors,,D_residual_momentum,aggressive,short,5,stock,DATA_INSUFFICIENT,"No licensed point-in-time US daily tape, delist file, corporate-action journal, or historical venue/industry vintages were verified in this environment.",False,,False,False,,,,,,,,,,,,,,,,,,,,,,0,0,,,,,range
semiconductors__D_residual_momentum__aggressive__mid,semiconductors,,D_residual_momentum,aggressive,mid,20,stock,DATA_INSUFFICIENT,"No licensed point-in-time US daily tape, delist file, corporate-action journal, or historical venue/industry vintages were verified in this environment.",False,,False,False,,,,,,,,,,,,,,,,,,,,,,0,0,,,,,bull
semiconductors__D_residual_momentum__aggressive__mid,semiconductors,,D_residual_momentum,aggressive,mid,20,stock,DATA_INSUFFICIENT,"No licensed point-in-time US daily tape, delist file, corporate-action journal, or historical venue/industry vintages were verified in this environment.",False,,False,False,,,,,,,,,,,,,,,,,,,,,,0,0,,,,,bear
semiconductors__D_residual_momentum__aggressive__mid,semiconductors,,D_residual_momentum,aggressive,mid,20,stock,DATA_INSUFFICIENT,"No licensed point-in-time US daily tape, delist file, corporate-action journal, or historical venue/industry vintages were verified in this environment.",False,,False,False,,,,,,,,,,,,,,,,,,,,,,0,0,,,,,range
semiconductors__D_residual_momentum__aggressive__long,semiconductors,,D_residual_momentum,aggressive,long,63,stock,DATA_INSUFFICIENT,"No licensed point-in-time US daily tape, delist file, corporate-action journal, or historical venue/industry vintages were verified in this environment.",False,,False,False,,,,,,,,,,,,,,,,,,,,,,0,0,,,,,bull
semiconductors__D_residual_momentum__aggressive__long,semiconductors,,D_residual_momentum,aggressive,long,63,stock,DATA_INSUFFICIENT,"No licensed point-in-time US daily tape, delist file, corporate-action journal, or historical venue/industry vintages were verified in this environment.",False,,False,False,,,,,,,,,,,,,,,,,,,,,,0,0,,,,,bear
semiconductors__D_residual_momentum__aggressive__long,semiconductors,,D_residual_momentum,aggressive,long,63,stock,DATA_INSUFFICIENT,"No licensed point-in-time US daily tape, delist file, corporate-action journal, or historical venue/industry vintages were verified in this environment.",False,,False,False,,,,,,,,,,,,,,,,,,,,,,0,0,,,,,range
software__A_trend_quality__conservative__short,software,,A_trend_quality,conservative,short,5,stock,DATA_INSUFFICIENT,"No licensed point-in-time US daily tape, delist file, corporate-action journal, or historical venue/industry vintages were verified in this environment.",False,,False,False,,,,,,,,,,,,,,,,,,,,,,0,0,,,,,bull
software__A_trend_quality__conservative__short,software,,A_trend_quality,conservative,short,5,stock,DATA_INSUFFICIENT,"No licensed point-in-time US daily tape, delist file, corporate-action journal, or historical venue/industry vintages were verified in this environment.",False,,False,False,,,,,,,,,,,,,,,,,,,,,,0,0,,,,,bear
software__A_trend_quality__conservative__short,software,,A_trend_quality,conservative,short,5,stock,DATA_INSUFFICIENT,"No licensed point-in-time US daily tape, delist file, corporate-action journal, or historical venue/industry vintages were verified in this environment.",False,,False,False,,,,,,,,,,,,,,,,,,,,,,0,0,,,,,range
software__A_trend_quality__conservative__mid,software,,A_trend_quality,conservative,mid,20,stock,DATA_INSUFFICIENT,"No licensed point-in-time US daily tape, delist file, corporate-action journal, or historical venue/industry vintages were verified in this environment.",False,,False,False,,,,,,,,,,,,,,,,,,,,,,0,0,,,,,bull
software__A_trend_quality__conservative__mid,software,,A_trend_quality,conservative,mid,20,stock,DATA_INSUFFICIENT,"No licensed point-in-time US daily tape, delist file, corporate-action journal, or historical venue/industry vintages were verified in this environment.",False,,False,False,,,,,,,,,,,,,,,,,,,,,,0,0,,,,,bear
software__A_trend_quality__conservative__mid,software,,A_trend_quality,conservative,mid,20,stock,DATA_INSUFFICIENT,"No licensed point-in-time US daily tape, delist file, corporate-action journal, or historical venue/industry vintages were verified in this environment.",False,,False,False,,,,,,,,,,,,,,,,,,,,,,0,0,,,,,range
software__A_trend_quality__conservative__long,software,,A_trend_quality,conservative,long,63,stock,DATA_INSUFFICIENT,"No licensed point-in-time US daily tape, delist file, corporate-action journal, or historical venue/industry vintages were verified in this environment.",False,,False,False,,,,,,,,,,,,,,,,,,,,,,0,0,,,,,bull
software__A_trend_quality__conservative__long,software,,A_trend_quality,conservative,long,63,stock,DATA_INSUFFICIENT,"No licensed point-in-time US daily tape, delist file, corporate-action journal, or historical venue/industry vintages were verified in this environment.",False,,False,False,,,,,,,,,,,,,,,,,,,,,,0,0,,,,,bear
software__A_trend_quality__conservative__long,software,,A_trend_quality,conservative,long,63,stock,DATA_INSUFFICIENT,"No licensed point-in-time US daily tape, delist file, corporate-action journal, or historical venue/industry vintages were verified in this environment.",False,,False,False,,,,,,,,,,,,,,,,,,,,,,0,0,,,,,range
software__A_trend_quality__balanced__short,software,,A_trend_quality,balanced,short,5,stock,DATA_INSUFFICIENT,"No licensed point-in-time US daily tape, delist file, corporate-action journal, or historical venue/industry vintages were verified in this environment.",False,,False,False,,,,,,,,,,,,,,,,,,,,,,0,0,,,,,bull
software__A_trend_quality__balanced__short,software,,A_trend_quality,balanced,short,5,stock,DATA_INSUFFICIENT,"No licensed point-in-time US daily tape, delist file, corporate-action journal, or historical venue/industry vintages were verified in this environment.",False,,False,False,,,,,,,,,,,,,,,,,,,,,,0,0,,,,,bear
software__A_trend_quality__balanced__short,software,,A_trend_quality,balanced,short,5,stock,DATA_INSUFFICIENT,"No licensed point-in-time US daily tape, delist file, corporate-action journal, or historical venue/industry vintages were verified in this environment.",False,,False,False,,,,,,,,,,,,,,,,,,,,,,0,0,,,,,range
software__A_trend_quality__balanced__mid,software,,A_trend_quality,balanced,mid,20,stock,DATA_INSUFFICIENT,"No licensed point-in-time US daily tape, delist file, corporate-action journal, or historical venue/industry vintages were verified in this environment.",False,,False,False,,,,,,,,,,,,,,,,,,,,,,0,0,,,,,bull
software__A_trend_quality__balanced__mid,software,,A_trend_quality,balanced,mid,20,stock,DATA_INSUFFICIENT,"No licensed point-in-time US daily tape, delist file, corporate-action journal, or historical venue/industry vintages were verified in this environment.",False,,False,False,,,,,,,,,,,,,,,,,,,,,,0,0,,,,,bear
software__A_trend_quality__balanced__mid,software,,A_trend_quality,balanced,mid,20,stock,DATA_INSUFFICIENT,"No licensed point-in-time US daily tape, delist file, corporate-action journal, or historical venue/industry vintages were verified in this environment.",False,,False,False,,,,,,,,,,,,,,,,,,,,,,0,0,,,,,range
software__A_trend_quality__balanced__long,software,,A_trend_quality,balanced,long,63,stock,DATA_INSUFFICIENT,"No licensed point-in-time US daily tape, delist file, corporate-action journal, or historical venue/industry vintages were verified in this environment.",False,,False,False,,,,,,,,,,,,,,,,,,,,,,0,0,,,,,bull
software__A_trend_quality__balanced__long,software,,A_trend_quality,balanced,long,63,stock,DATA_INSUFFICIENT,"No licensed point-in-time US daily tape, delist file, corporate-action journal, or historical venue/industry vintages were verified in this environment.",False,,False,False,,,,,,,,,,,,,,,,,,,,,,0,0,,,,,bear
software__A_trend_quality__balanced__long,software,,A_trend_quality,balanced,long,63,stock,DATA_INSUFFICIENT,"No licensed point-in-time US daily tape, delist file, corporate-action journal, or historical venue/industry vintages were verified in this environment.",False,,False,False,,,,,,,,,,,,,,,,,,,,,,0,0,,,,,range
software__A_trend_quality__aggressive__short,software,,A_trend_quality,aggressive,short,5,stock,DATA_INSUFFICIENT,"No licensed point-in-time US daily tape, delist file, corporate-action journal, or historical venue/industry vintages were verified in this environment.",False,,False,False,,,,,,,,,,,,,,,,,,,,,,0,0,,,,,bull
software__A_trend_quality__aggressive__short,software,,A_trend_quality,aggressive,short,5,stock,DATA_INSUFFICIENT,"No licensed point-in-time US daily tape, delist file, corporate-action journal, or historical venue/industry vintages were verified in this environment.",False,,False,False,,,,,,,,,,,,,,,,,,,,,,0,0,,,,,bear
software__A_trend_quality__aggressive__short,software,,A_trend_quality,aggressive,short,5,stock,DATA_INSUFFICIENT,"No licensed point-in-time US daily tape, delist file, corporate-action journal, or historical venue/industry vintages were verified in this environment.",False,,False,False,,,,,,,,,,,,,,,,,,,,,,0,0,,,,,range
software__A_trend_quality__aggressive__mid,software,,A_trend_quality,aggressive,mid,20,stock,DATA_INSUFFICIENT,"No licensed point-in-time US daily tape, delist file, corporate-action journal, or historical venue/industry vintages were verified in this environment.",False,,False,False,,,,,,,,,,,,,,,,,,,,,,0,0,,,,,bull
software__A_trend_quality__aggressive__mid,software,,A_trend_quality,aggressive,mid,20,stock,DATA_INSUFFICIENT,"No licensed point-in-time US daily tape, delist file, corporate-action journal, or historical venue/industry vintages were verified in this environment.",False,,False,False,,,,,,,,,,,,,,,,,,,,,,0,0,,,,,bear
software__A_trend_quality__aggressive__mid,software,,A_trend_quality,aggressive,mid,20,stock,DATA_INSUFFICIENT,"No licensed point-in-time US daily tape, delist file, corporate-action journal, or historical venue/industry vintages were verified in this environment.",False,,False,False,,,,,,,,,,,,,,,,,,,,,,0,0,,,,,range
software__A_trend_quality__aggressive__long,software,,A_trend_quality,aggressive,long,63,stock,DATA_INSUFFICIENT,"No licensed point-in-time US daily tape, delist file, corporate-action journal, or historical venue/industry vintages were verified in this environment.",False,,False,False,,,,,,,,,,,,,,,,,,,,,,0,0,,,,,bull
software__A_trend_quality__aggressive__long,software,,A_trend_quality,aggressive,long,63,stock,DATA_INSUFFICIENT,"No licensed point-in-time US daily tape, delist file, corporate-action journal, or historical venue/industry vintages were verified in this environment.",False,,False,False,,,,,,,,,,,,,,,,,,,,,,0,0,,,,,bear
software__A_trend_quality__aggressive__long,software,,A_trend_quality,aggressive,long,63,stock,DATA_INSUFFICIENT,"No licensed point-in-time US daily tape, delist file, corporate-action journal, or historical venue/industry vintages were verified in this environment.",False,,False,False,,,,,,,,,,,,,,,,,,,,,,0,0,,,,,range
software__B_confirmed_base_breakout__conservative__short,software,,B_confirmed_base_breakout,conservative,short,5,stock,DATA_INSUFFICIENT,"No licensed point-in-time US daily tape, delist file, corporate-action journal, or historical venue/industry vintages were verified in this environment.",False,,False,False,,,,,,,,,,,,,,,,,,,,,,0,0,,,,,bull
software__B_confirmed_base_breakout__conservative__short,software,,B_confirmed_base_breakout,conservative,short,5,stock,DATA_INSUFFICIENT,"No licensed point-in-time US daily tape, delist file, corporate-action journal, or historical venue/industry vintages were verified in this environment.",False,,False,False,,,,,,,,,,,,,,,,,,,,,,0,0,,,,,bear
software__B_confirmed_base_breakout__conservative__short,software,,B_confirmed_base_breakout,conservative,short,5,stock,DATA_INSUFFICIENT,"No licensed point-in-time US daily tape, delist file, corporate-action journal, or historical venue/industry vintages were verified in this environment.",False,,False,False,,,,,,,,,,,,,,,,,,,,,,0,0,,,,,range
software__B_confirmed_base_breakout__conservative__mid,software,,B_confirmed_base_breakout,conservative,mid,20,stock,DATA_INSUFFICIENT,"No licensed point-in-time US daily tape, delist file, corporate-action journal, or historical venue/industry vintages were verified in this environment.",False,,False,False,,,,,,,,,,,,,,,,,,,,,,0,0,,,,,bull
software__B_confirmed_base_breakout__conservative__mid,software,,B_confirmed_base_breakout,conservative,mid,20,stock,DATA_INSUFFICIENT,"No licensed point-in-time US daily tape, delist file, corporate-action journal, or historical venue/industry vintages were verified in this environment.",False,,False,False,,,,,,,,,,,,,,,,,,,,,,0,0,,,,,bear
software__B_confirmed_base_breakout__conservative__mid,software,,B_confirmed_base_breakout,conservative,mid,20,stock,DATA_INSUFFICIENT,"No licensed point-in-time US daily tape, delist file, corporate-action journal, or historical venue/industry vintages were verified in this environment.",False,,False,False,,,,,,,,,,,,,,,,,,,,,,0,0,,,,,range
software__B_confirmed_base_breakout__conservative__long,software,,B_confirmed_base_breakout,conservative,long,63,stock,DATA_INSUFFICIENT,"No licensed point-in-time US daily tape, delist file, corporate-action journal, or historical venue/industry vintages were verified in this environment.",False,,False,False,,,,,,,,,,,,,,,,,,,,,,0,0,,,,,bull
software__B_confirmed_base_breakout__conservative__long,software,,B_confirmed_base_breakout,conservative,long,63,stock,DATA_INSUFFICIENT,"No licensed point-in-time US daily tape, delist file, corporate-action journal, or historical venue/industry vintages were verified in this environment.",False,,False,False,,,,,,,,,,,,,,,,,,,,,,0,0,,,,,bear
software__B_confirmed_base_breakout__conservative__long,software,,B_confirmed_base_breakout,conservative,long,63,stock,DATA_INSUFFICIENT,"No licensed point-in-time US daily tape, delist file, corporate-action journal, or historical venue/industry vintages were verified in this environment.",False,,False,False,,,,,,,,,,,,,,,,,,,,,,0,0,,,,,range
software__B_confirmed_base_breakout__balanced__short,software,,B_confirmed_base_breakout,balanced,short,5,stock,DATA_INSUFFICIENT,"No licensed point-in-time US daily tape, delist file, corporate-action journal, or historical venue/industry vintages were verified in this environment.",False,,False,False,,,,,,,,,,,,,,,,,,,,,,0,0,,,,,bull
software__B_confirmed_base_breakout__balanced__short,software,,B_confirmed_base_breakout,balanced,short,5,stock,DATA_INSUFFICIENT,"No licensed point-in-time US daily tape, delist file, corporate-action journal, or historical venue/industry vintages were verified in this environment.",False,,False,False,,,,,,,,,,,,,,,,,,,,,,0,0,,,,,bear
software__B_confirmed_base_breakout__balanced__short,software,,B_confirmed_base_breakout,balanced,short,5,stock,DATA_INSUFFICIENT,"No licensed point-in-time US daily tape, delist file, corporate-action journal, or historical venue/industry vintages were verified in this environment.",False,,False,False,,,,,,,,,,,,,,,,,,,,,,0,0,,,,,range
software__B_confirmed_base_breakout__balanced__mid,software,,B_confirmed_base_breakout,balanced,mid,20,stock,DATA_INSUFFICIENT,"No licensed point-in-time US daily tape, delist file, corporate-action journal, or historical venue/industry vintages were verified in this environment.",False,,False,False,,,,,,,,,,,,,,,,,,,,,,0,0,,,,,bull
software__B_confirmed_base_breakout__balanced__mid,software,,B_confirmed_base_breakout,balanced,mid,20,stock,DATA_INSUFFICIENT,"No licensed point-in-time US daily tape, delist file, corporate-action journal, or historical venue/industry vintages were verified in this environment.",False,,False,False,,,,,,,,,,,,,,,,,,,,,,0,0,,,,,bear
software__B_confirmed_base_breakout__balanced__mid,software,,B_confirmed_base_breakout,balanced,mid,20,stock,DATA_INSUFFICIENT,"No licensed point-in-time US daily tape, delist file, corporate-action journal, or historical venue/industry vintages were verified in this environment.",False,,False,False,,,,,,,,,,,,,,,,,,,,,,0,0,,,,,range
software__B_confirmed_base_breakout__balanced__long,software,,B_confirmed_base_breakout,balanced,long,63,stock,DATA_INSUFFICIENT,"No licensed point-in-time US daily tape, delist file, corporate-action journal, or historical venue/industry vintages were verified in this environment.",False,,False,False,,,,,,,,,,,,,,,,,,,,,,0,0,,,,,bull
software__B_confirmed_base_breakout__balanced__long,software,,B_confirmed_base_breakout,balanced,long,63,stock,DATA_INSUFFICIENT,"No licensed point-in-time US daily tape, delist file, corporate-action journal, or historical venue/industry vintages were verified in this environment.",False,,False,False,,,,,,,,,,,,,,,,,,,,,,0,0,,,,,bear
software__B_confirmed_base_breakout__balanced__long,software,,B_confirmed_base_breakout,balanced,long,63,stock,DATA_INSUFFICIENT,"No licensed point-in-time US daily tape, delist file, corporate-action journal, or historical venue/industry vintages were verified in this environment.",False,,False,False,,,,,,,,,,,,,,,,,,,,,,0,0,,,,,range
software__B_confirmed_base_breakout__aggressive__short,software,,B_confirmed_base_breakout,aggressive,short,5,stock,DATA_INSUFFICIENT,"No licensed point-in-time US daily tape, delist file, corporate-action journal, or historical venue/industry vintages were verified in this environment.",False,,False,False,,,,,,,,,,,,,,,,,,,,,,0,0,,,,,bull
software__B_confirmed_base_breakout__aggressive__short,software,,B_confirmed_base_breakout,aggressive,short,5,stock,DATA_INSUFFICIENT,"No licensed point-in-time US daily tape, delist file, corporate-action journal, or historical venue/industry vintages were verified in this environment.",False,,False,False,,,,,,,,,,,,,,,,,,,,,,0,0,,,,,bear
software__B_confirmed_base_breakout__aggressive__short,software,,B_confirmed_base_breakout,aggressive,short,5,stock,DATA_INSUFFICIENT,"No licensed point-in-time US daily tape, delist file, corporate-action journal, or historical venue/industry vintages were verified in this environment.",False,,False,False,,,,,,,,,,,,,,,,,,,,,,0,0,,,,,range
software__B_confirmed_base_breakout__aggressive__mid,software,,B_confirmed_base_breakout,aggressive,mid,20,stock,DATA_INSUFFICIENT,"No licensed point-in-time US daily tape, delist file, corporate-action journal, or historical venue/industry vintages were verified in this environment.",False,,False,False,,,,,,,,,,,,,,,,,,,,,,0,0,,,,,bull
software__B_confirmed_base_breakout__aggressive__mid,software,,B_confirmed_base_breakout,aggressive,mid,20,stock,DATA_INSUFFICIENT,"No licensed point-in-time US daily tape, delist file, corporate-action journal, or historical venue/industry vintages were verified in this environment.",False,,False,False,,,,,,,,,,,,,,,,,,,,,,0,0,,,,,bear
software__B_confirmed_base_breakout__aggressive__mid,software,,B_confirmed_base_breakout,aggressive,mid,20,stock,DATA_INSUFFICIENT,"No licensed point-in-time US daily tape, delist file, corporate-action journal, or historical venue/industry vintages were verified in this environment.",False,,False,False,,,,,,,,,,,,,,,,,,,,,,0,0,,,,,range
software__B_confirmed_base_breakout__aggressive__long,software,,B_confirmed_base_breakout,aggressive,long,63,stock,DATA_INSUFFICIENT,"No licensed point-in-time US daily tape, delist file, corporate-action journal, or historical venue/industry vintages were verified in this environment.",False,,False,False,,,,,,,,,,,,,,,,,,,,,,0,0,,,,,bull
software__B_confirmed_base_breakout__aggressive__long,software,,B_confirmed_base_breakout,aggressive,long,63,stock,DATA_INSUFFICIENT,"No licensed point-in-time US daily tape, delist file, corporate-action journal, or historical venue/industry vintages were verified in this environment.",False,,False,False,,,,,,,,,,,,,,,,,,,,,,0,0,,,,,bear
software__B_confirmed_base_breakout__aggressive__long,software,,B_confirmed_base_breakout,aggressive,long,63,stock,DATA_INSUFFICIENT,"No licensed point-in-time US daily tape, delist file, corporate-action journal, or historical venue/industry vintages were verified in this environment.",False,,False,False,,,,,,,,,,,,,,,,,,,,,,0,0,,,,,range
software__C_trend_pullback__conservative__short,software,,C_trend_pullback,conservative,short,5,stock,DATA_INSUFFICIENT,"No licensed point-in-time US daily tape, delist file, corporate-action journal, or historical venue/industry vintages were verified in this environment.",False,,False,False,,,,,,,,,,,,,,,,,,,,,,0,0,,,,,bull
software__C_trend_pullback__conservative__short,software,,C_trend_pullback,conservative,short,5,stock,DATA_INSUFFICIENT,"No licensed point-in-time US daily tape, delist file, corporate-action journal, or historical venue/industry vintages were verified in this environment.",False,,False,False,,,,,,,,,,,,,,,,,,,,,,0,0,,,,,bear
software__C_trend_pullback__conservative__short,software,,C_trend_pullback,conservative,short,5,stock,DATA_INSUFFICIENT,"No licensed point-in-time US daily tape, delist file, corporate-action journal, or historical venue/industry vintages were verified in this environment.",False,,False,False,,,,,,,,,,,,,,,,,,,,,,0,0,,,,,range
software__C_trend_pullback__conservative__mid,software,,C_trend_pullback,conservative,mid,20,stock,DATA_INSUFFICIENT,"No licensed point-in-time US daily tape, delist file, corporate-action journal, or historical venue/industry vintages were verified in this environment.",False,,False,False,,,,,,,,,,,,,,,,,,,,,,0,0,,,,,bull
software__C_trend_pullback__conservative__mid,software,,C_trend_pullback,conservative,mid,20,stock,DATA_INSUFFICIENT,"No licensed point-in-time US daily tape, delist file, corporate-action journal, or historical venue/industry vintages were verified in this environment.",False,,False,False,,,,,,,,,,,,,,,,,,,,,,0,0,,,,,bear
software__C_trend_pullback__conservative__mid,software,,C_trend_pullback,conservative,mid,20,stock,DATA_INSUFFICIENT,"No licensed point-in-time US daily tape, delist file, corporate-action journal, or historical venue/industry vintages were verified in this environment.",False,,False,False,,,,,,,,,,,,,,,,,,,,,,0,0,,,,,range
software__C_trend_pullback__conservative__long,software,,C_trend_pullback,conservative,long,63,stock,DATA_INSUFFICIENT,"No licensed point-in-time US daily tape, delist file, corporate-action journal, or historical venue/industry vintages were verified in this environment.",False,,False,False,,,,,,,,,,,,,,,,,,,,,,0,0,,,,,bull
software__C_trend_pullback__conservative__long,software,,C_trend_pullback,conservative,long,63,stock,DATA_INSUFFICIENT,"No licensed point-in-time US daily tape, delist file, corporate-action journal, or historical venue/industry vintages were verified in this environment.",False,,False,False,,,,,,,,,,,,,,,,,,,,,,0,0,,,,,bear
software__C_trend_pullback__conservative__long,software,,C_trend_pullback,conservative,long,63,stock,DATA_INSUFFICIENT,"No licensed point-in-time US daily tape, delist file, corporate-action journal, or historical venue/industry vintages were verified in this environment.",False,,False,False,,,,,,,,,,,,,,,,,,,,,,0,0,,,,,range
software__C_trend_pullback__balanced__short,software,,C_trend_pullback,balanced,short,5,stock,DATA_INSUFFICIENT,"No licensed point-in-time US daily tape, delist file, corporate-action journal, or historical venue/industry vintages were verified in this environment.",False,,False,False,,,,,,,,,,,,,,,,,,,,,,0,0,,,,,bull
software__C_trend_pullback__balanced__short,software,,C_trend_pullback,balanced,short,5,stock,DATA_INSUFFICIENT,"No licensed point-in-time US daily tape, delist file, corporate-action journal, or historical venue/industry vintages were verified in this environment.",False,,False,False,,,,,,,,,,,,,,,,,,,,,,0,0,,,,,bear
software__C_trend_pullback__balanced__short,software,,C_trend_pullback,balanced,short,5,stock,DATA_INSUFFICIENT,"No licensed point-in-time US daily tape, delist file, corporate-action journal, or historical venue/industry vintages were verified in this environment.",False,,False,False,,,,,,,,,,,,,,,,,,,,,,0,0,,,,,range
software__C_trend_pullback__balanced__mid,software,,C_trend_pullback,balanced,mid,20,stock,DATA_INSUFFICIENT,"No licensed point-in-time US daily tape, delist file, corporate-action journal, or historical venue/industry vintages were verified in this environment.",False,,False,False,,,,,,,,,,,,,,,,,,,,,,0,0,,,,,bull
software__C_trend_pullback__balanced__mid,software,,C_trend_pullback,balanced,mid,20,stock,DATA_INSUFFICIENT,"No licensed point-in-time US daily tape, delist file, corporate-action journal, or historical venue/industry vintages were verified in this environment.",False,,False,False,,,,,,,,,,,,,,,,,,,,,,0,0,,,,,bear
software__C_trend_pullback__balanced__mid,software,,C_trend_pullback,balanced,mid,20,stock,DATA_INSUFFICIENT,"No licensed point-in-time US daily tape, delist file, corporate-action journal, or historical venue/industry vintages were verified in this environment.",False,,False,False,,,,,,,,,,,,,,,,,,,,,,0,0,,,,,range
software__C_trend_pullback__balanced__long,software,,C_trend_pullback,balanced,long,63,stock,DATA_INSUFFICIENT,"No licensed point-in-time US daily tape, delist file, corporate-action journal, or historical venue/industry vintages were verified in this environment.",False,,False,False,,,,,,,,,,,,,,,,,,,,,,0,0,,,,,bull
software__C_trend_pullback__balanced__long,software,,C_trend_pullback,balanced,long,63,stock,DATA_INSUFFICIENT,"No licensed point-in-time US daily tape, delist file, corporate-action journal, or historical venue/industry vintages were verified in this environment.",False,,False,False,,,,,,,,,,,,,,,,,,,,,,0,0,,,,,bear
software__C_trend_pullback__balanced__long,software,,C_trend_pullback,balanced,long,63,stock,DATA_INSUFFICIENT,"No licensed point-in-time US daily tape, delist file, corporate-action journal, or historical venue/industry vintages were verified in this environment.",False,,False,False,,,,,,,,,,,,,,,,,,,,,,0,0,,,,,range
software__C_trend_pullback__aggressive__short,software,,C_trend_pullback,aggressive,short,5,stock,DATA_INSUFFICIENT,"No licensed point-in-time US daily tape, delist file, corporate-action journal, or historical venue/industry vintages were verified in this environment.",False,,False,False,,,,,,,,,,,,,,,,,,,,,,0,0,,,,,bull
software__C_trend_pullback__aggressive__short,software,,C_trend_pullback,aggressive,short,5,stock,DATA_INSUFFICIENT,"No licensed point-in-time US daily tape, delist file, corporate-action journal, or historical venue/industry vintages were verified in this environment.",False,,False,False,,,,,,,,,,,,,,,,,,,,,,0,0,,,,,bear
software__C_trend_pullback__aggressive__short,software,,C_trend_pullback,aggressive,short,5,stock,DATA_INSUFFICIENT,"No licensed point-in-time US daily tape, delist file, corporate-action journal, or historical venue/industry vintages were verified in this environment.",False,,False,False,,,,,,,,,,,,,,,,,,,,,,0,0,,,,,range
software__C_trend_pullback__aggressive__mid,software,,C_trend_pullback,aggressive,mid,20,stock,DATA_INSUFFICIENT,"No licensed point-in-time US daily tape, delist file, corporate-action journal, or historical venue/industry vintages were verified in this environment.",False,,False,False,,,,,,,,,,,,,,,,,,,,,,0,0,,,,,bull
software__C_trend_pullback__aggressive__mid,software,,C_trend_pullback,aggressive,mid,20,stock,DATA_INSUFFICIENT,"No licensed point-in-time US daily tape, delist file, corporate-action journal, or historical venue/industry vintages were verified in this environment.",False,,False,False,,,,,,,,,,,,,,,,,,,,,,0,0,,,,,bear
software__C_trend_pullback__aggressive__mid,software,,C_trend_pullback,aggressive,mid,20,stock,DATA_INSUFFICIENT,"No licensed point-in-time US daily tape, delist file, corporate-action journal, or historical venue/industry vintages were verified in this environment.",False,,False,False,,,,,,,,,,,,,,,,,,,,,,0,0,,,,,range
software__C_trend_pullback__aggressive__long,software,,C_trend_pullback,aggressive,long,63,stock,DATA_INSUFFICIENT,"No licensed point-in-time US daily tape, delist file, corporate-action journal, or historical venue/industry vintages were verified in this environment.",False,,False,False,,,,,,,,,,,,,,,,,,,,,,0,0,,,,,bull
software__C_trend_pullback__aggressive__long,software,,C_trend_pullback,aggressive,long,63,stock,DATA_INSUFFICIENT,"No licensed point-in-time US daily tape, delist file, corporate-action journal, or historical venue/industry vintages were verified in this environment.",False,,False,False,,,,,,,,,,,,,,,,,,,,,,0,0,,,,,bear
software__C_trend_pullback__aggressive__long,software,,C_trend_pullback,aggressive,long,63,stock,DATA_INSUFFICIENT,"No licensed point-in-time US daily tape, delist file, corporate-action journal, or historical venue/industry vintages were verified in this environment.",False,,False,False,,,,,,,,,,,,,,,,,,,,,,0,0,,,,,range
software__D_residual_momentum__conservative__short,software,,D_residual_momentum,conservative,short,5,stock,DATA_INSUFFICIENT,"No licensed point-in-time US daily tape, delist file, corporate-action journal, or historical venue/industry vintages were verified in this environment.",False,,False,False,,,,,,,,,,,,,,,,,,,,,,0,0,,,,,bull
software__D_residual_momentum__conservative__short,software,,D_residual_momentum,conservative,short,5,stock,DATA_INSUFFICIENT,"No licensed point-in-time US daily tape, delist file, corporate-action journal, or historical venue/industry vintages were verified in this environment.",False,,False,False,,,,,,,,,,,,,,,,,,,,,,0,0,,,,,bear
software__D_residual_momentum__conservative__short,software,,D_residual_momentum,conservative,short,5,stock,DATA_INSUFFICIENT,"No licensed point-in-time US daily tape, delist file, corporate-action journal, or historical venue/industry vintages were verified in this environment.",False,,False,False,,,,,,,,,,,,,,,,,,,,,,0,0,,,,,range
software__D_residual_momentum__conservative__mid,software,,D_residual_momentum,conservative,mid,20,stock,DATA_INSUFFICIENT,"No licensed point-in-time US daily tape, delist file, corporate-action journal, or historical venue/industry vintages were verified in this environment.",False,,False,False,,,,,,,,,,,,,,,,,,,,,,0,0,,,,,bull
software__D_residual_momentum__conservative__mid,software,,D_residual_momentum,conservative,mid,20,stock,DATA_INSUFFICIENT,"No licensed point-in-time US daily tape, delist file, corporate-action journal, or historical venue/industry vintages were verified in this environment.",False,,False,False,,,,,,,,,,,,,,,,,,,,,,0,0,,,,,bear
software__D_residual_momentum__conservative__mid,software,,D_residual_momentum,conservative,mid,20,stock,DATA_INSUFFICIENT,"No licensed point-in-time US daily tape, delist file, corporate-action journal, or historical venue/industry vintages were verified in this environment.",False,,False,False,,,,,,,,,,,,,,,,,,,,,,0,0,,,,,range
software__D_residual_momentum__conservative__long,software,,D_residual_momentum,conservative,long,63,stock,DATA_INSUFFICIENT,"No licensed point-in-time US daily tape, delist file, corporate-action journal, or historical venue/industry vintages were verified in this environment.",False,,False,False,,,,,,,,,,,,,,,,,,,,,,0,0,,,,,bull
software__D_residual_momentum__conservative__long,software,,D_residual_momentum,conservative,long,63,stock,DATA_INSUFFICIENT,"No licensed point-in-time US daily tape, delist file, corporate-action journal, or historical venue/industry vintages were verified in this environment.",False,,False,False,,,,,,,,,,,,,,,,,,,,,,0,0,,,,,bear
software__D_residual_momentum__conservative__long,software,,D_residual_momentum,conservative,long,63,stock,DATA_INSUFFICIENT,"No licensed point-in-time US daily tape, delist file, corporate-action journal, or historical venue/industry vintages were verified in this environment.",False,,False,False,,,,,,,,,,,,,,,,,,,,,,0,0,,,,,range
software__D_residual_momentum__balanced__short,software,,D_residual_momentum,balanced,short,5,stock,DATA_INSUFFICIENT,"No licensed point-in-time US daily tape, delist file, corporate-action journal, or historical venue/industry vintages were verified in this environment.",False,,False,False,,,,,,,,,,,,,,,,,,,,,,0,0,,,,,bull
software__D_residual_momentum__balanced__short,software,,D_residual_momentum,balanced,short,5,stock,DATA_INSUFFICIENT,"No licensed point-in-time US daily tape, delist file, corporate-action journal, or historical venue/industry vintages were verified in this environment.",False,,False,False,,,,,,,,,,,,,,,,,,,,,,0,0,,,,,bear
software__D_residual_momentum__balanced__short,software,,D_residual_momentum,balanced,short,5,stock,DATA_INSUFFICIENT,"No licensed point-in-time US daily tape, delist file, corporate-action journal, or historical venue/industry vintages were verified in this environment.",False,,False,False,,,,,,,,,,,,,,,,,,,,,,0,0,,,,,range
software__D_residual_momentum__balanced__mid,software,,D_residual_momentum,balanced,mid,20,stock,DATA_INSUFFICIENT,"No licensed point-in-time US daily tape, delist file, corporate-action journal, or historical venue/industry vintages were verified in this environment.",False,,False,False,,,,,,,,,,,,,,,,,,,,,,0,0,,,,,bull
software__D_residual_momentum__balanced__mid,software,,D_residual_momentum,balanced,mid,20,stock,DATA_INSUFFICIENT,"No licensed point-in-time US daily tape, delist file, corporate-action journal, or historical venue/industry vintages were verified in this environment.",False,,False,False,,,,,,,,,,,,,,,,,,,,,,0,0,,,,,bear
software__D_residual_momentum__balanced__mid,software,,D_residual_momentum,balanced,mid,20,stock,DATA_INSUFFICIENT,"No licensed point-in-time US daily tape, delist file, corporate-action journal, or historical venue/industry vintages were verified in this environment.",False,,False,False,,,,,,,,,,,,,,,,,,,,,,0,0,,,,,range
software__D_residual_momentum__balanced__long,software,,D_residual_momentum,balanced,long,63,stock,DATA_INSUFFICIENT,"No licensed point-in-time US daily tape, delist file, corporate-action journal, or historical venue/industry vintages were verified in this environment.",False,,False,False,,,,,,,,,,,,,,,,,,,,,,0,0,,,,,bull
software__D_residual_momentum__balanced__long,software,,D_residual_momentum,balanced,long,63,stock,DATA_INSUFFICIENT,"No licensed point-in-time US daily tape, delist file, corporate-action journal, or historical venue/industry vintages were verified in this environment.",False,,False,False,,,,,,,,,,,,,,,,,,,,,,0,0,,,,,bear
software__D_residual_momentum__balanced__long,software,,D_residual_momentum,balanced,long,63,stock,DATA_INSUFFICIENT,"No licensed point-in-time US daily tape, delist file, corporate-action journal, or historical venue/industry vintages were verified in this environment.",False,,False,False,,,,,,,,,,,,,,,,,,,,,,0,0,,,,,range
software__D_residual_momentum__aggressive__short,software,,D_residual_momentum,aggressive,short,5,stock,DATA_INSUFFICIENT,"No licensed point-in-time US daily tape, delist file, corporate-action journal, or historical venue/industry vintages were verified in this environment.",False,,False,False,,,,,,,,,,,,,,,,,,,,,,0,0,,,,,bull
software__D_residual_momentum__aggressive__short,software,,D_residual_momentum,aggressive,short,5,stock,DATA_INSUFFICIENT,"No licensed point-in-time US daily tape, delist file, corporate-action journal, or historical venue/industry vintages were verified in this environment.",False,,False,False,,,,,,,,,,,,,,,,,,,,,,0,0,,,,,bear
software__D_residual_momentum__aggressive__short,software,,D_residual_momentum,aggressive,short,5,stock,DATA_INSUFFICIENT,"No licensed point-in-time US daily tape, delist file, corporate-action journal, or historical venue/industry vintages were verified in this environment.",False,,False,False,,,,,,,,,,,,,,,,,,,,,,0,0,,,,,range
software__D_residual_momentum__aggressive__mid,software,,D_residual_momentum,aggressive,mid,20,stock,DATA_INSUFFICIENT,"No licensed point-in-time US daily tape, delist file, corporate-action journal, or historical venue/industry vintages were verified in this environment.",False,,False,False,,,,,,,,,,,,,,,,,,,,,,0,0,,,,,bull
software__D_residual_momentum__aggressive__mid,software,,D_residual_momentum,aggressive,mid,20,stock,DATA_INSUFFICIENT,"No licensed point-in-time US daily tape, delist file, corporate-action journal, or historical venue/industry vintages were verified in this environment.",False,,False,False,,,,,,,,,,,,,,,,,,,,,,0,0,,,,,bear
software__D_residual_momentum__aggressive__mid,software,,D_residual_momentum,aggressive,mid,20,stock,DATA_INSUFFICIENT,"No licensed point-in-time US daily tape, delist file, corporate-action journal, or historical venue/industry vintages were verified in this environment.",False,,False,False,,,,,,,,,,,,,,,,,,,,,,0,0,,,,,range
software__D_residual_momentum__aggressive__long,software,,D_residual_momentum,aggressive,long,63,stock,DATA_INSUFFICIENT,"No licensed point-in-time US daily tape, delist file, corporate-action journal, or historical venue/industry vintages were verified in this environment.",False,,False,False,,,,,,,,,,,,,,,,,,,,,,0,0,,,,,bull
software__D_residual_momentum__aggressive__long,software,,D_residual_momentum,aggressive,long,63,stock,DATA_INSUFFICIENT,"No licensed point-in-time US daily tape, delist file, corporate-action journal, or historical venue/industry vintages were verified in this environment.",False,,False,False,,,,,,,,,,,,,,,,,,,,,,0,0,,,,,bear
software__D_residual_momentum__aggressive__long,software,,D_residual_momentum,aggressive,long,63,stock,DATA_INSUFFICIENT,"No licensed point-in-time US daily tape, delist file, corporate-action journal, or historical venue/industry vintages were verified in this environment.",False,,False,False,,,,,,,,,,,,,,,,,,,,,,0,0,,,,,range
ai_cloud__A_trend_quality__conservative__short,ai_cloud,,A_trend_quality,conservative,short,5,stock,DATA_INSUFFICIENT,"No licensed point-in-time US daily tape, delist file, corporate-action journal, or historical venue/industry vintages were verified in this environment.",False,,False,False,,,,,,,,,,,,,,,,,,,,,,0,0,,,,,bull
ai_cloud__A_trend_quality__conservative__short,ai_cloud,,A_trend_quality,conservative,short,5,stock,DATA_INSUFFICIENT,"No licensed point-in-time US daily tape, delist file, corporate-action journal, or historical venue/industry vintages were verified in this environment.",False,,False,False,,,,,,,,,,,,,,,,,,,,,,0,0,,,,,bear
ai_cloud__A_trend_quality__conservative__short,ai_cloud,,A_trend_quality,conservative,short,5,stock,DATA_INSUFFICIENT,"No licensed point-in-time US daily tape, delist file, corporate-action journal, or historical venue/industry vintages were verified in this environment.",False,,False,False,,,,,,,,,,,,,,,,,,,,,,0,0,,,,,range
ai_cloud__A_trend_quality__conservative__mid,ai_cloud,,A_trend_quality,conservative,mid,20,stock,DATA_INSUFFICIENT,"No licensed point-in-time US daily tape, delist file, corporate-action journal, or historical venue/industry vintages were verified in this environment.",False,,False,False,,,,,,,,,,,,,,,,,,,,,,0,0,,,,,bull
ai_cloud__A_trend_quality__conservative__mid,ai_cloud,,A_trend_quality,conservative,mid,20,stock,DATA_INSUFFICIENT,"No licensed point-in-time US daily tape, delist file, corporate-action journal, or historical venue/industry vintages were verified in this environment.",False,,False,False,,,,,,,,,,,,,,,,,,,,,,0,0,,,,,bear
ai_cloud__A_trend_quality__conservative__mid,ai_cloud,,A_trend_quality,conservative,mid,20,stock,DATA_INSUFFICIENT,"No licensed point-in-time US daily tape, delist file, corporate-action journal, or historical venue/industry vintages were verified in this environment.",False,,False,False,,,,,,,,,,,,,,,,,,,,,,0,0,,,,,range
ai_cloud__A_trend_quality__conservative__long,ai_cloud,,A_trend_quality,conservative,long,63,stock,DATA_INSUFFICIENT,"No licensed point-in-time US daily tape, delist file, corporate-action journal, or historical venue/industry vintages were verified in this environment.",False,,False,False,,,,,,,,,,,,,,,,,,,,,,0,0,,,,,bull
ai_cloud__A_trend_quality__conservative__long,ai_cloud,,A_trend_quality,conservative,long,63,stock,DATA_INSUFFICIENT,"No licensed point-in-time US daily tape, delist file, corporate-action journal, or historical venue/industry vintages were verified in this environment.",False,,False,False,,,,,,,,,,,,,,,,,,,,,,0,0,,,,,bear
ai_cloud__A_trend_quality__conservative__long,ai_cloud,,A_trend_quality,conservative,long,63,stock,DATA_INSUFFICIENT,"No licensed point-in-time US daily tape, delist file, corporate-action journal, or historical venue/industry vintages were verified in this environment.",False,,False,False,,,,,,,,,,,,,,,,,,,,,,0,0,,,,,range
ai_cloud__A_trend_quality__balanced__short,ai_cloud,,A_trend_quality,balanced,short,5,stock,DATA_INSUFFICIENT,"No licensed point-in-time US daily tape, delist file, corporate-action journal, or historical venue/industry vintages were verified in this environment.",False,,False,False,,,,,,,,,,,,,,,,,,,,,,0,0,,,,,bull
ai_cloud__A_trend_quality__balanced__short,ai_cloud,,A_trend_quality,balanced,short,5,stock,DATA_INSUFFICIENT,"No licensed point-in-time US daily tape, delist file, corporate-action journal, or historical venue/industry vintages were verified in this environment.",False,,False,False,,,,,,,,,,,,,,,,,,,,,,0,0,,,,,bear
ai_cloud__A_trend_quality__balanced__short,ai_cloud,,A_trend_quality,balanced,short,5,stock,DATA_INSUFFICIENT,"No licensed point-in-time US daily tape, delist file, corporate-action journal, or historical venue/industry vintages were verified in this environment.",False,,False,False,,,,,,,,,,,,,,,,,,,,,,0,0,,,,,range
ai_cloud__A_trend_quality__balanced__mid,ai_cloud,,A_trend_quality,balanced,mid,20,stock,DATA_INSUFFICIENT,"No licensed point-in-time US daily tape, delist file, corporate-action journal, or historical venue/industry vintages were verified in this environment.",False,,False,False,,,,,,,,,,,,,,,,,,,,,,0,0,,,,,bull
ai_cloud__A_trend_quality__balanced__mid,ai_cloud,,A_trend_quality,balanced,mid,20,stock,DATA_INSUFFICIENT,"No licensed point-in-time US daily tape, delist file, corporate-action journal, or historical venue/industry vintages were verified in this environment.",False,,False,False,,,,,,,,,,,,,,,,,,,,,,0,0,,,,,bear
ai_cloud__A_trend_quality__balanced__mid,ai_cloud,,A_trend_quality,balanced,mid,20,stock,DATA_INSUFFICIENT,"No licensed point-in-time US daily tape, delist file, corporate-action journal, or historical venue/industry vintages were verified in this environment.",False,,False,False,,,,,,,,,,,,,,,,,,,,,,0,0,,,,,range
ai_cloud__A_trend_quality__balanced__long,ai_cloud,,A_trend_quality,balanced,long,63,stock,DATA_INSUFFICIENT,"No licensed point-in-time US daily tape, delist file, corporate-action journal, or historical venue/industry vintages were verified in this environment.",False,,False,False,,,,,,,,,,,,,,,,,,,,,,0,0,,,,,bull
ai_cloud__A_trend_quality__balanced__long,ai_cloud,,A_trend_quality,balanced,long,63,stock,DATA_INSUFFICIENT,"No licensed point-in-time US daily tape, delist file, corporate-action journal, or historical venue/industry vintages were verified in this environment.",False,,False,False,,,,,,,,,,,,,,,,,,,,,,0,0,,,,,bear
ai_cloud__A_trend_quality__balanced__long,ai_cloud,,A_trend_quality,balanced,long,63,stock,DATA_INSUFFICIENT,"No licensed point-in-time US daily tape, delist file, corporate-action journal, or historical venue/industry vintages were verified in this environment.",False,,False,False,,,,,,,,,,,,,,,,,,,,,,0,0,,,,,range
ai_cloud__A_trend_quality__aggressive__short,ai_cloud,,A_trend_quality,aggressive,short,5,stock,DATA_INSUFFICIENT,"No licensed point-in-time US daily tape, delist file, corporate-action journal, or historical venue/industry vintages were verified in this environment.",False,,False,False,,,,,,,,,,,,,,,,,,,,,,0,0,,,,,bull
ai_cloud__A_trend_quality__aggressive__short,ai_cloud,,A_trend_quality,aggressive,short,5,stock,DATA_INSUFFICIENT,"No licensed point-in-time US daily tape, delist file, corporate-action journal, or historical venue/industry vintages were verified in this environment.",False,,False,False,,,,,,,,,,,,,,,,,,,,,,0,0,,,,,bear
ai_cloud__A_trend_quality__aggressive__short,ai_cloud,,A_trend_quality,aggressive,short,5,stock,DATA_INSUFFICIENT,"No licensed point-in-time US daily tape, delist file, corporate-action journal, or historical venue/industry vintages were verified in this environment.",False,,False,False,,,,,,,,,,,,,,,,,,,,,,0,0,,,,,range
ai_cloud__A_trend_quality__aggressive__mid,ai_cloud,,A_trend_quality,aggressive,mid,20,stock,DATA_INSUFFICIENT,"No licensed point-in-time US daily tape, delist file, corporate-action journal, or historical venue/industry vintages were verified in this environment.",False,,False,False,,,,,,,,,,,,,,,,,,,,,,0,0,,,,,bull
ai_cloud__A_trend_quality__aggressive__mid,ai_cloud,,A_trend_quality,aggressive,mid,20,stock,DATA_INSUFFICIENT,"No licensed point-in-time US daily tape, delist file, corporate-action journal, or historical venue/industry vintages were verified in this environment.",False,,False,False,,,,,,,,,,,,,,,,,,,,,,0,0,,,,,bear
ai_cloud__A_trend_quality__aggressive__mid,ai_cloud,,A_trend_quality,aggressive,mid,20,stock,DATA_INSUFFICIENT,"No licensed point-in-time US daily tape, delist file, corporate-action journal, or historical venue/industry vintages were verified in this environment.",False,,False,False,,,,,,,,,,,,,,,,,,,,,,0,0,,,,,range
ai_cloud__A_trend_quality__aggressive__long,ai_cloud,,A_trend_quality,aggressive,long,63,stock,DATA_INSUFFICIENT,"No licensed point-in-time US daily tape, delist file, corporate-action journal, or historical venue/industry vintages were verified in this environment.",False,,False,False,,,,,,,,,,,,,,,,,,,,,,0,0,,,,,bull
ai_cloud__A_trend_quality__aggressive__long,ai_cloud,,A_trend_quality,aggressive,long,63,stock,DATA_INSUFFICIENT,"No licensed point-in-time US daily tape, delist file, corporate-action journal, or historical venue/industry vintages were verified in this environment.",False,,False,False,,,,,,,,,,,,,,,,,,,,,,0,0,,,,,bear
ai_cloud__A_trend_quality__aggressive__long,ai_cloud,,A_trend_quality,aggressive,long,63,stock,DATA_INSUFFICIENT,"No licensed point-in-time US daily tape, delist file, corporate-action journal, or historical venue/industry vintages were verified in this environment.",False,,False,False,,,,,,,,,,,,,,,,,,,,,,0,0,,,,,range
ai_cloud__B_confirmed_base_breakout__conservative__short,ai_cloud,,B_confirmed_base_breakout,conservative,short,5,stock,DATA_INSUFFICIENT,"No licensed point-in-time US daily tape, delist file, corporate-action journal, or historical venue/industry vintages were verified in this environment.",False,,False,False,,,,,,,,,,,,,,,,,,,,,,0,0,,,,,bull
ai_cloud__B_confirmed_base_breakout__conservative__short,ai_cloud,,B_confirmed_base_breakout,conservative,short,5,stock,DATA_INSUFFICIENT,"No licensed point-in-time US daily tape, delist file, corporate-action journal, or historical venue/industry vintages were verified in this environment.",False,,False,False,,,,,,,,,,,,,,,,,,,,,,0,0,,,,,bear
ai_cloud__B_confirmed_base_breakout__conservative__short,ai_cloud,,B_confirmed_base_breakout,conservative,short,5,stock,DATA_INSUFFICIENT,"No licensed point-in-time US daily tape, delist file, corporate-action journal, or historical venue/industry vintages were verified in this environment.",False,,False,False,,,,,,,,,,,,,,,,,,,,,,0,0,,,,,range
ai_cloud__B_confirmed_base_breakout__conservative__mid,ai_cloud,,B_confirmed_base_breakout,conservative,mid,20,stock,DATA_INSUFFICIENT,"No licensed point-in-time US daily tape, delist file, corporate-action journal, or historical venue/industry vintages were verified in this environment.",False,,False,False,,,,,,,,,,,,,,,,,,,,,,0,0,,,,,bull
ai_cloud__B_confirmed_base_breakout__conservative__mid,ai_cloud,,B_confirmed_base_breakout,conservative,mid,20,stock,DATA_INSUFFICIENT,"No licensed point-in-time US daily tape, delist file, corporate-action journal, or historical venue/industry vintages were verified in this environment.",False,,False,False,,,,,,,,,,,,,,,,,,,,,,0,0,,,,,bear
ai_cloud__B_confirmed_base_breakout__conservative__mid,ai_cloud,,B_confirmed_base_breakout,conservative,mid,20,stock,DATA_INSUFFICIENT,"No licensed point-in-time US daily tape, delist file, corporate-action journal, or historical venue/industry vintages were verified in this environment.",False,,False,False,,,,,,,,,,,,,,,,,,,,,,0,0,,,,,range
ai_cloud__B_confirmed_base_breakout__conservative__long,ai_cloud,,B_confirmed_base_breakout,conservative,long,63,stock,DATA_INSUFFICIENT,"No licensed point-in-time US daily tape, delist file, corporate-action journal, or historical venue/industry vintages were verified in this environment.",False,,False,False,,,,,,,,,,,,,,,,,,,,,,0,0,,,,,bull
ai_cloud__B_confirmed_base_breakout__conservative__long,ai_cloud,,B_confirmed_base_breakout,conservative,long,63,stock,DATA_INSUFFICIENT,"No licensed point-in-time US daily tape, delist file, corporate-action journal, or historical venue/industry vintages were verified in this environment.",False,,False,False,,,,,,,,,,,,,,,,,,,,,,0,0,,,,,bear
ai_cloud__B_confirmed_base_breakout__conservative__long,ai_cloud,,B_confirmed_base_breakout,conservative,long,63,stock,DATA_INSUFFICIENT,"No licensed point-in-time US daily tape, delist file, corporate-action journal, or historical venue/industry vintages were verified in this environment.",False,,False,False,,,,,,,,,,,,,,,,,,,,,,0,0,,,,,range
ai_cloud__B_confirmed_base_breakout__balanced__short,ai_cloud,,B_confirmed_base_breakout,balanced,short,5,stock,DATA_INSUFFICIENT,"No licensed point-in-time US daily tape, delist file, corporate-action journal, or historical venue/industry vintages were verified in this environment.",False,,False,False,,,,,,,,,,,,,,,,,,,,,,0,0,,,,,bull
ai_cloud__B_confirmed_base_breakout__balanced__short,ai_cloud,,B_confirmed_base_breakout,balanced,short,5,stock,DATA_INSUFFICIENT,"No licensed point-in-time US daily tape, delist file, corporate-action journal, or historical venue/industry vintages were verified in this environment.",False,,False,False,,,,,,,,,,,,,,,,,,,,,,0,0,,,,,bear
ai_cloud__B_confirmed_base_breakout__balanced__short,ai_cloud,,B_confirmed_base_breakout,balanced,short,5,stock,DATA_INSUFFICIENT,"No licensed point-in-time US daily tape, delist file, corporate-action journal, or historical venue/industry vintages were verified in this environment.",False,,False,False,,,,,,,,,,,,,,,,,,,,,,0,0,,,,,range
ai_cloud__B_confirmed_base_breakout__balanced__mid,ai_cloud,,B_confirmed_base_breakout,balanced,mid,20,stock,DATA_INSUFFICIENT,"No licensed point-in-time US daily tape, delist file, corporate-action journal, or historical venue/industry vintages were verified in this environment.",False,,False,False,,,,,,,,,,,,,,,,,,,,,,0,0,,,,,bull
ai_cloud__B_confirmed_base_breakout__balanced__mid,ai_cloud,,B_confirmed_base_breakout,balanced,mid,20,stock,DATA_INSUFFICIENT,"No licensed point-in-time US daily tape, delist file, corporate-action journal, or historical venue/industry vintages were verified in this environment.",False,,False,False,,,,,,,,,,,,,,,,,,,,,,0,0,,,,,bear
ai_cloud__B_confirmed_base_breakout__balanced__mid,ai_cloud,,B_confirmed_base_breakout,balanced,mid,20,stock,DATA_INSUFFICIENT,"No licensed point-in-time US daily tape, delist file, corporate-action journal, or historical venue/industry vintages were verified in this environment.",False,,False,False,,,,,,,,,,,,,,,,,,,,,,0,0,,,,,range
ai_cloud__B_confirmed_base_breakout__balanced__long,ai_cloud,,B_confirmed_base_breakout,balanced,long,63,stock,DATA_INSUFFICIENT,"No licensed point-in-time US daily tape, delist file, corporate-action journal, or historical venue/industry vintages were verified in this environment.",False,,False,False,,,,,,,,,,,,,,,,,,,,,,0,0,,,,,bull
ai_cloud__B_confirmed_base_breakout__balanced__long,ai_cloud,,B_confirmed_base_breakout,balanced,long,63,stock,DATA_INSUFFICIENT,"No licensed point-in-time US daily tape, delist file, corporate-action journal, or historical venue/industry vintages were verified in this environment.",False,,False,False,,,,,,,,,,,,,,,,,,,,,,0,0,,,,,bear
ai_cloud__B_confirmed_base_breakout__balanced__long,ai_cloud,,B_confirmed_base_breakout,balanced,long,63,stock,DATA_INSUFFICIENT,"No licensed point-in-time US daily tape, delist file, corporate-action journal, or historical venue/industry vintages were verified in this environment.",False,,False,False,,,,,,,,,,,,,,,,,,,,,,0,0,,,,,range
ai_cloud__B_confirmed_base_breakout__aggressive__short,ai_cloud,,B_confirmed_base_breakout,aggressive,short,5,stock,DATA_INSUFFICIENT,"No licensed point-in-time US daily tape, delist file, corporate-action journal, or historical venue/industry vintages were verified in this environment.",False,,False,False,,,,,,,,,,,,,,,,,,,,,,0,0,,,,,bull
ai_cloud__B_confirmed_base_breakout__aggressive__short,ai_cloud,,B_confirmed_base_breakout,aggressive,short,5,stock,DATA_INSUFFICIENT,"No licensed point-in-time US daily tape, delist file, corporate-action journal, or historical venue/industry vintages were verified in this environment.",False,,False,False,,,,,,,,,,,,,,,,,,,,,,0,0,,,,,bear
ai_cloud__B_confirmed_base_breakout__aggressive__short,ai_cloud,,B_confirmed_base_breakout,aggressive,short,5,stock,DATA_INSUFFICIENT,"No licensed point-in-time US daily tape, delist file, corporate-action journal, or historical venue/industry vintages were verified in this environment.",False,,False,False,,,,,,,,,,,,,,,,,,,,,,0,0,,,,,range
ai_cloud__B_confirmed_base_breakout__aggressive__mid,ai_cloud,,B_confirmed_base_breakout,aggressive,mid,20,stock,DATA_INSUFFICIENT,"No licensed point-in-time US daily tape, delist file, corporate-action journal, or historical venue/industry vintages were verified in this environment.",False,,False,False,,,,,,,,,,,,,,,,,,,,,,0,0,,,,,bull
ai_cloud__B_confirmed_base_breakout__aggressive__mid,ai_cloud,,B_confirmed_base_breakout,aggressive,mid,20,stock,DATA_INSUFFICIENT,"No licensed point-in-time US daily tape, delist file, corporate-action journal, or historical venue/industry vintages were verified in this environment.",False,,False,False,,,,,,,,,,,,,,,,,,,,,,0,0,,,,,bear
ai_cloud__B_confirmed_base_breakout__aggressive__mid,ai_cloud,,B_confirmed_base_breakout,aggressive,mid,20,stock,DATA_INSUFFICIENT,"No licensed point-in-time US daily tape, delist file, corporate-action journal, or historical venue/industry vintages were verified in this environment.",False,,False,False,,,,,,,,,,,,,,,,,,,,,,0,0,,,,,range
ai_cloud__B_confirmed_base_breakout__aggressive__long,ai_cloud,,B_confirmed_base_breakout,aggressive,long,63,stock,DATA_INSUFFICIENT,"No licensed point-in-time US daily tape, delist file, corporate-action journal, or historical venue/industry vintages were verified in this environment.",False,,False,False,,,,,,,,,,,,,,,,,,,,,,0,0,,,,,bull
ai_cloud__B_confirmed_base_breakout__aggressive__long,ai_cloud,,B_confirmed_base_breakout,aggressive,long,63,stock,DATA_INSUFFICIENT,"No licensed point-in-time US daily tape, delist file, corporate-action journal, or historical venue/industry vintages were verified in this environment.",False,,False,False,,,,,,,,,,,,,,,,,,,,,,0,0,,,,,bear
ai_cloud__B_confirmed_base_breakout__aggressive__long,ai_cloud,,B_confirmed_base_breakout,aggressive,long,63,stock,DATA_INSUFFICIENT,"No licensed point-in-time US daily tape, delist file, corporate-action journal, or historical venue/industry vintages were verified in this environment.",False,,False,False,,,,,,,,,,,,,,,,,,,,,,0,0,,,,,range
ai_cloud__C_trend_pullback__conservative__short,ai_cloud,,C_trend_pullback,conservative,short,5,stock,DATA_INSUFFICIENT,"No licensed point-in-time US daily tape, delist file, corporate-action journal, or historical venue/industry vintages were verified in this environment.",False,,False,False,,,,,,,,,,,,,,,,,,,,,,0,0,,,,,bull
ai_cloud__C_trend_pullback__conservative__short,ai_cloud,,C_trend_pullback,conservative,short,5,stock,DATA_INSUFFICIENT,"No licensed point-in-time US daily tape, delist file, corporate-action journal, or historical venue/industry vintages were verified in this environment.",False,,False,False,,,,,,,,,,,,,,,,,,,,,,0,0,,,,,bear
ai_cloud__C_trend_pullback__conservative__short,ai_cloud,,C_trend_pullback,conservative,short,5,stock,DATA_INSUFFICIENT,"No licensed point-in-time US daily tape, delist file, corporate-action journal, or historical venue/industry vintages were verified in this environment.",False,,False,False,,,,,,,,,,,,,,,,,,,,,,0,0,,,,,range
ai_cloud__C_trend_pullback__conservative__mid,ai_cloud,,C_trend_pullback,conservative,mid,20,stock,DATA_INSUFFICIENT,"No licensed point-in-time US daily tape, delist file, corporate-action journal, or historical venue/industry vintages were verified in this environment.",False,,False,False,,,,,,,,,,,,,,,,,,,,,,0,0,,,,,bull
ai_cloud__C_trend_pullback__conservative__mid,ai_cloud,,C_trend_pullback,conservative,mid,20,stock,DATA_INSUFFICIENT,"No licensed point-in-time US daily tape, delist file, corporate-action journal, or historical venue/industry vintages were verified in this environment.",False,,False,False,,,,,,,,,,,,,,,,,,,,,,0,0,,,,,bear
ai_cloud__C_trend_pullback__conservative__mid,ai_cloud,,C_trend_pullback,conservative,mid,20,stock,DATA_INSUFFICIENT,"No licensed point-in-time US daily tape, delist file, corporate-action journal, or historical venue/industry vintages were verified in this environment.",False,,False,False,,,,,,,,,,,,,,,,,,,,,,0,0,,,,,range
ai_cloud__C_trend_pullback__conservative__long,ai_cloud,,C_trend_pullback,conservative,long,63,stock,DATA_INSUFFICIENT,"No licensed point-in-time US daily tape, delist file, corporate-action journal, or historical venue/industry vintages were verified in this environment.",False,,False,False,,,,,,,,,,,,,,,,,,,,,,0,0,,,,,bull
ai_cloud__C_trend_pullback__conservative__long,ai_cloud,,C_trend_pullback,conservative,long,63,stock,DATA_INSUFFICIENT,"No licensed point-in-time US daily tape, delist file, corporate-action journal, or historical venue/industry vintages were verified in this environment.",False,,False,False,,,,,,,,,,,,,,,,,,,,,,0,0,,,,,bear
ai_cloud__C_trend_pullback__conservative__long,ai_cloud,,C_trend_pullback,conservative,long,63,stock,DATA_INSUFFICIENT,"No licensed point-in-time US daily tape, delist file, corporate-action journal, or historical venue/industry vintages were verified in this environment.",False,,False,False,,,,,,,,,,,,,,,,,,,,,,0,0,,,,,range
ai_cloud__C_trend_pullback__balanced__short,ai_cloud,,C_trend_pullback,balanced,short,5,stock,DATA_INSUFFICIENT,"No licensed point-in-time US daily tape, delist file, corporate-action journal, or historical venue/industry vintages were verified in this environment.",False,,False,False,,,,,,,,,,,,,,,,,,,,,,0,0,,,,,bull
ai_cloud__C_trend_pullback__balanced__short,ai_cloud,,C_trend_pullback,balanced,short,5,stock,DATA_INSUFFICIENT,"No licensed point-in-time US daily tape, delist file, corporate-action journal, or historical venue/industry vintages were verified in this environment.",False,,False,False,,,,,,,,,,,,,,,,,,,,,,0,0,,,,,bear
ai_cloud__C_trend_pullback__balanced__short,ai_cloud,,C_trend_pullback,balanced,short,5,stock,DATA_INSUFFICIENT,"No licensed point-in-time US daily tape, delist file, corporate-action journal, or historical venue/industry vintages were verified in this environment.",False,,False,False,,,,,,,,,,,,,,,,,,,,,,0,0,,,,,range
ai_cloud__C_trend_pullback__balanced__mid,ai_cloud,,C_trend_pullback,balanced,mid,20,stock,DATA_INSUFFICIENT,"No licensed point-in-time US daily tape, delist file, corporate-action journal, or historical venue/industry vintages were verified in this environment.",False,,False,False,,,,,,,,,,,,,,,,,,,,,,0,0,,,,,bull
ai_cloud__C_trend_pullback__balanced__mid,ai_cloud,,C_trend_pullback,balanced,mid,20,stock,DATA_INSUFFICIENT,"No licensed point-in-time US daily tape, delist file, corporate-action journal, or historical venue/industry vintages were verified in this environment.",False,,False,False,,,,,,,,,,,,,,,,,,,,,,0,0,,,,,bear
ai_cloud__C_trend_pullback__balanced__mid,ai_cloud,,C_trend_pullback,balanced,mid,20,stock,DATA_INSUFFICIENT,"No licensed point-in-time US daily tape, delist file, corporate-action journal, or historical venue/industry vintages were verified in this environment.",False,,False,False,,,,,,,,,,,,,,,,,,,,,,0,0,,,,,range
ai_cloud__C_trend_pullback__balanced__long,ai_cloud,,C_trend_pullback,balanced,long,63,stock,DATA_INSUFFICIENT,"No licensed point-in-time US daily tape, delist file, corporate-action journal, or historical venue/industry vintages were verified in this environment.",False,,False,False,,,,,,,,,,,,,,,,,,,,,,0,0,,,,,bull
ai_cloud__C_trend_pullback__balanced__long,ai_cloud,,C_trend_pullback,balanced,long,63,stock,DATA_INSUFFICIENT,"No licensed point-in-time US daily tape, delist file, corporate-action journal, or historical venue/industry vintages were verified in this environment.",False,,False,False,,,,,,,,,,,,,,,,,,,,,,0,0,,,,,bear
ai_cloud__C_trend_pullback__balanced__long,ai_cloud,,C_trend_pullback,balanced,long,63,stock,DATA_INSUFFICIENT,"No licensed point-in-time US daily tape, delist file, corporate-action journal, or historical venue/industry vintages were verified in this environment.",False,,False,False,,,,,,,,,,,,,,,,,,,,,,0,0,,,,,range
ai_cloud__C_trend_pullback__aggressive__short,ai_cloud,,C_trend_pullback,aggressive,short,5,stock,DATA_INSUFFICIENT,"No licensed point-in-time US daily tape, delist file, corporate-action journal, or historical venue/industry vintages were verified in this environment.",False,,False,False,,,,,,,,,,,,,,,,,,,,,,0,0,,,,,bull
ai_cloud__C_trend_pullback__aggressive__short,ai_cloud,,C_trend_pullback,aggressive,short,5,stock,DATA_INSUFFICIENT,"No licensed point-in-time US daily tape, delist file, corporate-action journal, or historical venue/industry vintages were verified in this environment.",False,,False,False,,,,,,,,,,,,,,,,,,,,,,0,0,,,,,bear
ai_cloud__C_trend_pullback__aggressive__short,ai_cloud,,C_trend_pullback,aggressive,short,5,stock,DATA_INSUFFICIENT,"No licensed point-in-time US daily tape, delist file, corporate-action journal, or historical venue/industry vintages were verified in this environment.",False,,False,False,,,,,,,,,,,,,,,,,,,,,,0,0,,,,,range
ai_cloud__C_trend_pullback__aggressive__mid,ai_cloud,,C_trend_pullback,aggressive,mid,20,stock,DATA_INSUFFICIENT,"No licensed point-in-time US daily tape, delist file, corporate-action journal, or historical venue/industry vintages were verified in this environment.",False,,False,False,,,,,,,,,,,,,,,,,,,,,,0,0,,,,,bull
ai_cloud__C_trend_pullback__aggressive__mid,ai_cloud,,C_trend_pullback,aggressive,mid,20,stock,DATA_INSUFFICIENT,"No licensed point-in-time US daily tape, delist file, corporate-action journal, or historical venue/industry vintages were verified in this environment.",False,,False,False,,,,,,,,,,,,,,,,,,,,,,0,0,,,,,bear
ai_cloud__C_trend_pullback__aggressive__mid,ai_cloud,,C_trend_pullback,aggressive,mid,20,stock,DATA_INSUFFICIENT,"No licensed point-in-time US daily tape, delist file, corporate-action journal, or historical venue/industry vintages were verified in this environment.",False,,False,False,,,,,,,,,,,,,,,,,,,,,,0,0,,,,,range
ai_cloud__C_trend_pullback__aggressive__long,ai_cloud,,C_trend_pullback,aggressive,long,63,stock,DATA_INSUFFICIENT,"No licensed point-in-time US daily tape, delist file, corporate-action journal, or historical venue/industry vintages were verified in this environment.",False,,False,False,,,,,,,,,,,,,,,,,,,,,,0,0,,,,,bull
ai_cloud__C_trend_pullback__aggressive__long,ai_cloud,,C_trend_pullback,aggressive,long,63,stock,DATA_INSUFFICIENT,"No licensed point-in-time US daily tape, delist file, corporate-action journal, or historical venue/industry vintages were verified in this environment.",False,,False,False,,,,,,,,,,,,,,,,,,,,,,0,0,,,,,bear
ai_cloud__C_trend_pullback__aggressive__long,ai_cloud,,C_trend_pullback,aggressive,long,63,stock,DATA_INSUFFICIENT,"No licensed point-in-time US daily tape, delist file, corporate-action journal, or historical venue/industry vintages were verified in this environment.",False,,False,False,,,,,,,,,,,,,,,,,,,,,,0,0,,,,,range
ai_cloud__D_residual_momentum__conservative__short,ai_cloud,,D_residual_momentum,conservative,short,5,stock,DATA_INSUFFICIENT,"No licensed point-in-time US daily tape, delist file, corporate-action journal, or historical venue/industry vintages were verified in this environment.",False,,False,False,,,,,,,,,,,,,,,,,,,,,,0,0,,,,,bull
ai_cloud__D_residual_momentum__conservative__short,ai_cloud,,D_residual_momentum,conservative,short,5,stock,DATA_INSUFFICIENT,"No licensed point-in-time US daily tape, delist file, corporate-action journal, or historical venue/industry vintages were verified in this environment.",False,,False,False,,,,,,,,,,,,,,,,,,,,,,0,0,,,,,bear
ai_cloud__D_residual_momentum__conservative__short,ai_cloud,,D_residual_momentum,conservative,short,5,stock,DATA_INSUFFICIENT,"No licensed point-in-time US daily tape, delist file, corporate-action journal, or historical venue/industry vintages were verified in this environment.",False,,False,False,,,,,,,,,,,,,,,,,,,,,,0,0,,,,,range
ai_cloud__D_residual_momentum__conservative__mid,ai_cloud,,D_residual_momentum,conservative,mid,20,stock,DATA_INSUFFICIENT,"No licensed point-in-time US daily tape, delist file, corporate-action journal, or historical venue/industry vintages were verified in this environment.",False,,False,False,,,,,,,,,,,,,,,,,,,,,,0,0,,,,,bull
ai_cloud__D_residual_momentum__conservative__mid,ai_cloud,,D_residual_momentum,conservative,mid,20,stock,DATA_INSUFFICIENT,"No licensed point-in-time US daily tape, delist file, corporate-action journal, or historical venue/industry vintages were verified in this environment.",False,,False,False,,,,,,,,,,,,,,,,,,,,,,0,0,,,,,bear
ai_cloud__D_residual_momentum__conservative__mid,ai_cloud,,D_residual_momentum,conservative,mid,20,stock,DATA_INSUFFICIENT,"No licensed point-in-time US daily tape, delist file, corporate-action journal, or historical venue/industry vintages were verified in this environment.",False,,False,False,,,,,,,,,,,,,,,,,,,,,,0,0,,,,,range
ai_cloud__D_residual_momentum__conservative__long,ai_cloud,,D_residual_momentum,conservative,long,63,stock,DATA_INSUFFICIENT,"No licensed point-in-time US daily tape, delist file, corporate-action journal, or historical venue/industry vintages were verified in this environment.",False,,False,False,,,,,,,,,,,,,,,,,,,,,,0,0,,,,,bull
ai_cloud__D_residual_momentum__conservative__long,ai_cloud,,D_residual_momentum,conservative,long,63,stock,DATA_INSUFFICIENT,"No licensed point-in-time US daily tape, delist file, corporate-action journal, or historical venue/industry vintages were verified in this environment.",False,,False,False,,,,,,,,,,,,,,,,,,,,,,0,0,,,,,bear
ai_cloud__D_residual_momentum__conservative__long,ai_cloud,,D_residual_momentum,conservative,long,63,stock,DATA_INSUFFICIENT,"No licensed point-in-time US daily tape, delist file, corporate-action journal, or historical venue/industry vintages were verified in this environment.",False,,False,False,,,,,,,,,,,,,,,,,,,,,,0,0,,,,,range
ai_cloud__D_residual_momentum__balanced__short,ai_cloud,,D_residual_momentum,balanced,short,5,stock,DATA_INSUFFICIENT,"No licensed point-in-time US daily tape, delist file, corporate-action journal, or historical venue/industry vintages were verified in this environment.",False,,False,False,,,,,,,,,,,,,,,,,,,,,,0,0,,,,,bull
ai_cloud__D_residual_momentum__balanced__short,ai_cloud,,D_residual_momentum,balanced,short,5,stock,DATA_INSUFFICIENT,"No licensed point-in-time US daily tape, delist file, corporate-action journal, or historical venue/industry vintages were verified in this environment.",False,,False,False,,,,,,,,,,,,,,,,,,,,,,0,0,,,,,bear
ai_cloud__D_residual_momentum__balanced__short,ai_cloud,,D_residual_momentum,balanced,short,5,stock,DATA_INSUFFICIENT,"No licensed point-in-time US daily tape, delist file, corporate-action journal, or historical venue/industry vintages were verified in this environment.",False,,False,False,,,,,,,,,,,,,,,,,,,,,,0,0,,,,,range
ai_cloud__D_residual_momentum__balanced__mid,ai_cloud,,D_residual_momentum,balanced,mid,20,stock,DATA_INSUFFICIENT,"No licensed point-in-time US daily tape, delist file, corporate-action journal, or historical venue/industry vintages were verified in this environment.",False,,False,False,,,,,,,,,,,,,,,,,,,,,,0,0,,,,,bull
ai_cloud__D_residual_momentum__balanced__mid,ai_cloud,,D_residual_momentum,balanced,mid,20,stock,DATA_INSUFFICIENT,"No licensed point-in-time US daily tape, delist file, corporate-action journal, or historical venue/industry vintages were verified in this environment.",False,,False,False,,,,,,,,,,,,,,,,,,,,,,0,0,,,,,bear
ai_cloud__D_residual_momentum__balanced__mid,ai_cloud,,D_residual_momentum,balanced,mid,20,stock,DATA_INSUFFICIENT,"No licensed point-in-time US daily tape, delist file, corporate-action journal, or historical venue/industry vintages were verified in this environment.",False,,False,False,,,,,,,,,,,,,,,,,,,,,,0,0,,,,,range
ai_cloud__D_residual_momentum__balanced__long,ai_cloud,,D_residual_momentum,balanced,long,63,stock,DATA_INSUFFICIENT,"No licensed point-in-time US daily tape, delist file, corporate-action journal, or historical venue/industry vintages were verified in this environment.",False,,False,False,,,,,,,,,,,,,,,,,,,,,,0,0,,,,,bull
ai_cloud__D_residual_momentum__balanced__long,ai_cloud,,D_residual_momentum,balanced,long,63,stock,DATA_INSUFFICIENT,"No licensed point-in-time US daily tape, delist file, corporate-action journal, or historical venue/industry vintages were verified in this environment.",False,,False,False,,,,,,,,,,,,,,,,,,,,,,0,0,,,,,bear
ai_cloud__D_residual_momentum__balanced__long,ai_cloud,,D_residual_momentum,balanced,long,63,stock,DATA_INSUFFICIENT,"No licensed point-in-time US daily tape, delist file, corporate-action journal, or historical venue/industry vintages were verified in this environment.",False,,False,False,,,,,,,,,,,,,,,,,,,,,,0,0,,,,,range
ai_cloud__D_residual_momentum__aggressive__short,ai_cloud,,D_residual_momentum,aggressive,short,5,stock,DATA_INSUFFICIENT,"No licensed point-in-time US daily tape, delist file, corporate-action journal, or historical venue/industry vintages were verified in this environment.",False,,False,False,,,,,,,,,,,,,,,,,,,,,,0,0,,,,,bull
ai_cloud__D_residual_momentum__aggressive__short,ai_cloud,,D_residual_momentum,aggressive,short,5,stock,DATA_INSUFFICIENT,"No licensed point-in-time US daily tape, delist file, corporate-action journal, or historical venue/industry vintages were verified in this environment.",False,,False,False,,,,,,,,,,,,,,,,,,,,,,0,0,,,,,bear
ai_cloud__D_residual_momentum__aggressive__short,ai_cloud,,D_residual_momentum,aggressive,short,5,stock,DATA_INSUFFICIENT,"No licensed point-in-time US daily tape, delist file, corporate-action journal, or historical venue/industry vintages were verified in this environment.",False,,False,False,,,,,,,,,,,,,,,,,,,,,,0,0,,,,,range
ai_cloud__D_residual_momentum__aggressive__mid,ai_cloud,,D_residual_momentum,aggressive,mid,20,stock,DATA_INSUFFICIENT,"No licensed point-in-time US daily tape, delist file, corporate-action journal, or historical venue/industry vintages were verified in this environment.",False,,False,False,,,,,,,,,,,,,,,,,,,,,,0,0,,,,,bull
ai_cloud__D_residual_momentum__aggressive__mid,ai_cloud,,D_residual_momentum,aggressive,mid,20,stock,DATA_INSUFFICIENT,"No licensed point-in-time US daily tape, delist file, corporate-action journal, or historical venue/industry vintages were verified in this environment.",False,,False,False,,,,,,,,,,,,,,,,,,,,,,0,0,,,,,bear
ai_cloud__D_residual_momentum__aggressive__mid,ai_cloud,,D_residual_momentum,aggressive,mid,20,stock,DATA_INSUFFICIENT,"No licensed point-in-time US daily tape, delist file, corporate-action journal, or historical venue/industry vintages were verified in this environment.",False,,False,False,,,,,,,,,,,,,,,,,,,,,,0,0,,,,,range
ai_cloud__D_residual_momentum__aggressive__long,ai_cloud,,D_residual_momentum,aggressive,long,63,stock,DATA_INSUFFICIENT,"No licensed point-in-time US daily tape, delist file, corporate-action journal, or historical venue/industry vintages were verified in this environment.",False,,False,False,,,,,,,,,,,,,,,,,,,,,,0,0,,,,,bull
ai_cloud__D_residual_momentum__aggressive__long,ai_cloud,,D_residual_momentum,aggressive,long,63,stock,DATA_INSUFFICIENT,"No licensed point-in-time US daily tape, delist file, corporate-action journal, or historical venue/industry vintages were verified in this environment.",False,,False,False,,,,,,,,,,,,,,,,,,,,,,0,0,,,,,bear
ai_cloud__D_residual_momentum__aggressive__long,ai_cloud,,D_residual_momentum,aggressive,long,63,stock,DATA_INSUFFICIENT,"No licensed point-in-time US daily tape, delist file, corporate-action journal, or historical venue/industry vintages were verified in this environment.",False,,False,False,,,,,,,,,,,,,,,,,,,,,,0,0,,,,,range
biotech__A_trend_quality__conservative__short,biotech,,A_trend_quality,conservative,short,5,stock,DATA_INSUFFICIENT,"No licensed point-in-time US daily tape, delist file, corporate-action journal, or historical venue/industry vintages were verified in this environment.",False,,False,False,,,,,,,,,,,,,,,,,,,,,,0,0,,,,,bull
biotech__A_trend_quality__conservative__short,biotech,,A_trend_quality,conservative,short,5,stock,DATA_INSUFFICIENT,"No licensed point-in-time US daily tape, delist file, corporate-action journal, or historical venue/industry vintages were verified in this environment.",False,,False,False,,,,,,,,,,,,,,,,,,,,,,0,0,,,,,bear
biotech__A_trend_quality__conservative__short,biotech,,A_trend_quality,conservative,short,5,stock,DATA_INSUFFICIENT,"No licensed point-in-time US daily tape, delist file, corporate-action journal, or historical venue/industry vintages were verified in this environment.",False,,False,False,,,,,,,,,,,,,,,,,,,,,,0,0,,,,,range
biotech__A_trend_quality__conservative__mid,biotech,,A_trend_quality,conservative,mid,20,stock,DATA_INSUFFICIENT,"No licensed point-in-time US daily tape, delist file, corporate-action journal, or historical venue/industry vintages were verified in this environment.",False,,False,False,,,,,,,,,,,,,,,,,,,,,,0,0,,,,,bull
biotech__A_trend_quality__conservative__mid,biotech,,A_trend_quality,conservative,mid,20,stock,DATA_INSUFFICIENT,"No licensed point-in-time US daily tape, delist file, corporate-action journal, or historical venue/industry vintages were verified in this environment.",False,,False,False,,,,,,,,,,,,,,,,,,,,,,0,0,,,,,bear
biotech__A_trend_quality__conservative__mid,biotech,,A_trend_quality,conservative,mid,20,stock,DATA_INSUFFICIENT,"No licensed point-in-time US daily tape, delist file, corporate-action journal, or historical venue/industry vintages were verified in this environment.",False,,False,False,,,,,,,,,,,,,,,,,,,,,,0,0,,,,,range
biotech__A_trend_quality__conservative__long,biotech,,A_trend_quality,conservative,long,63,stock,DATA_INSUFFICIENT,"No licensed point-in-time US daily tape, delist file, corporate-action journal, or historical venue/industry vintages were verified in this environment.",False,,False,False,,,,,,,,,,,,,,,,,,,,,,0,0,,,,,bull
biotech__A_trend_quality__conservative__long,biotech,,A_trend_quality,conservative,long,63,stock,DATA_INSUFFICIENT,"No licensed point-in-time US daily tape, delist file, corporate-action journal, or historical venue/industry vintages were verified in this environment.",False,,False,False,,,,,,,,,,,,,,,,,,,,,,0,0,,,,,bear
biotech__A_trend_quality__conservative__long,biotech,,A_trend_quality,conservative,long,63,stock,DATA_INSUFFICIENT,"No licensed point-in-time US daily tape, delist file, corporate-action journal, or historical venue/industry vintages were verified in this environment.",False,,False,False,,,,,,,,,,,,,,,,,,,,,,0,0,,,,,range
biotech__A_trend_quality__balanced__short,biotech,,A_trend_quality,balanced,short,5,stock,DATA_INSUFFICIENT,"No licensed point-in-time US daily tape, delist file, corporate-action journal, or historical venue/industry vintages were verified in this environment.",False,,False,False,,,,,,,,,,,,,,,,,,,,,,0,0,,,,,bull
biotech__A_trend_quality__balanced__short,biotech,,A_trend_quality,balanced,short,5,stock,DATA_INSUFFICIENT,"No licensed point-in-time US daily tape, delist file, corporate-action journal, or historical venue/industry vintages were verified in this environment.",False,,False,False,,,,,,,,,,,,,,,,,,,,,,0,0,,,,,bear
biotech__A_trend_quality__balanced__short,biotech,,A_trend_quality,balanced,short,5,stock,DATA_INSUFFICIENT,"No licensed point-in-time US daily tape, delist file, corporate-action journal, or historical venue/industry vintages were verified in this environment.",False,,False,False,,,,,,,,,,,,,,,,,,,,,,0,0,,,,,range
biotech__A_trend_quality__balanced__mid,biotech,,A_trend_quality,balanced,mid,20,stock,DATA_INSUFFICIENT,"No licensed point-in-time US daily tape, delist file, corporate-action journal, or historical venue/industry vintages were verified in this environment.",False,,False,False,,,,,,,,,,,,,,,,,,,,,,0,0,,,,,bull
biotech__A_trend_quality__balanced__mid,biotech,,A_trend_quality,balanced,mid,20,stock,DATA_INSUFFICIENT,"No licensed point-in-time US daily tape, delist file, corporate-action journal, or historical venue/industry vintages were verified in this environment.",False,,False,False,,,,,,,,,,,,,,,,,,,,,,0,0,,,,,bear
biotech__A_trend_quality__balanced__mid,biotech,,A_trend_quality,balanced,mid,20,stock,DATA_INSUFFICIENT,"No licensed point-in-time US daily tape, delist file, corporate-action journal, or historical venue/industry vintages were verified in this environment.",False,,False,False,,,,,,,,,,,,,,,,,,,,,,0,0,,,,,range
biotech__A_trend_quality__balanced__long,biotech,,A_trend_quality,balanced,long,63,stock,DATA_INSUFFICIENT,"No licensed point-in-time US daily tape, delist file, corporate-action journal, or historical venue/industry vintages were verified in this environment.",False,,False,False,,,,,,,,,,,,,,,,,,,,,,0,0,,,,,bull
biotech__A_trend_quality__balanced__long,biotech,,A_trend_quality,balanced,long,63,stock,DATA_INSUFFICIENT,"No licensed point-in-time US daily tape, delist file, corporate-action journal, or historical venue/industry vintages were verified in this environment.",False,,False,False,,,,,,,,,,,,,,,,,,,,,,0,0,,,,,bear
biotech__A_trend_quality__balanced__long,biotech,,A_trend_quality,balanced,long,63,stock,DATA_INSUFFICIENT,"No licensed point-in-time US daily tape, delist file, corporate-action journal, or historical venue/industry vintages were verified in this environment.",False,,False,False,,,,,,,,,,,,,,,,,,,,,,0,0,,,,,range
biotech__A_trend_quality__aggressive__short,biotech,,A_trend_quality,aggressive,short,5,stock,DATA_INSUFFICIENT,"No licensed point-in-time US daily tape, delist file, corporate-action journal, or historical venue/industry vintages were verified in this environment.",False,,False,False,,,,,,,,,,,,,,,,,,,,,,0,0,,,,,bull
biotech__A_trend_quality__aggressive__short,biotech,,A_trend_quality,aggressive,short,5,stock,DATA_INSUFFICIENT,"No licensed point-in-time US daily tape, delist file, corporate-action journal, or historical venue/industry vintages were verified in this environment.",False,,False,False,,,,,,,,,,,,,,,,,,,,,,0,0,,,,,bear
biotech__A_trend_quality__aggressive__short,biotech,,A_trend_quality,aggressive,short,5,stock,DATA_INSUFFICIENT,"No licensed point-in-time US daily tape, delist file, corporate-action journal, or historical venue/industry vintages were verified in this environment.",False,,False,False,,,,,,,,,,,,,,,,,,,,,,0,0,,,,,range
biotech__A_trend_quality__aggressive__mid,biotech,,A_trend_quality,aggressive,mid,20,stock,DATA_INSUFFICIENT,"No licensed point-in-time US daily tape, delist file, corporate-action journal, or historical venue/industry vintages were verified in this environment.",False,,False,False,,,,,,,,,,,,,,,,,,,,,,0,0,,,,,bull
biotech__A_trend_quality__aggressive__mid,biotech,,A_trend_quality,aggressive,mid,20,stock,DATA_INSUFFICIENT,"No licensed point-in-time US daily tape, delist file, corporate-action journal, or historical venue/industry vintages were verified in this environment.",False,,False,False,,,,,,,,,,,,,,,,,,,,,,0,0,,,,,bear
biotech__A_trend_quality__aggressive__mid,biotech,,A_trend_quality,aggressive,mid,20,stock,DATA_INSUFFICIENT,"No licensed point-in-time US daily tape, delist file, corporate-action journal, or historical venue/industry vintages were verified in this environment.",False,,False,False,,,,,,,,,,,,,,,,,,,,,,0,0,,,,,range
biotech__A_trend_quality__aggressive__long,biotech,,A_trend_quality,aggressive,long,63,stock,DATA_INSUFFICIENT,"No licensed point-in-time US daily tape, delist file, corporate-action journal, or historical venue/industry vintages were verified in this environment.",False,,False,False,,,,,,,,,,,,,,,,,,,,,,0,0,,,,,bull
biotech__A_trend_quality__aggressive__long,biotech,,A_trend_quality,aggressive,long,63,stock,DATA_INSUFFICIENT,"No licensed point-in-time US daily tape, delist file, corporate-action journal, or historical venue/industry vintages were verified in this environment.",False,,False,False,,,,,,,,,,,,,,,,,,,,,,0,0,,,,,bear
biotech__A_trend_quality__aggressive__long,biotech,,A_trend_quality,aggressive,long,63,stock,DATA_INSUFFICIENT,"No licensed point-in-time US daily tape, delist file, corporate-action journal, or historical venue/industry vintages were verified in this environment.",False,,False,False,,,,,,,,,,,,,,,,,,,,,,0,0,,,,,range
biotech__B_confirmed_base_breakout__conservative__short,biotech,,B_confirmed_base_breakout,conservative,short,5,stock,DATA_INSUFFICIENT,"No licensed point-in-time US daily tape, delist file, corporate-action journal, or historical venue/industry vintages were verified in this environment.",False,,False,False,,,,,,,,,,,,,,,,,,,,,,0,0,,,,,bull
biotech__B_confirmed_base_breakout__conservative__short,biotech,,B_confirmed_base_breakout,conservative,short,5,stock,DATA_INSUFFICIENT,"No licensed point-in-time US daily tape, delist file, corporate-action journal, or historical venue/industry vintages were verified in this environment.",False,,False,False,,,,,,,,,,,,,,,,,,,,,,0,0,,,,,bear
biotech__B_confirmed_base_breakout__conservative__short,biotech,,B_confirmed_base_breakout,conservative,short,5,stock,DATA_INSUFFICIENT,"No licensed point-in-time US daily tape, delist file, corporate-action journal, or historical venue/industry vintages were verified in this environment.",False,,False,False,,,,,,,,,,,,,,,,,,,,,,0,0,,,,,range
biotech__B_confirmed_base_breakout__conservative__mid,biotech,,B_confirmed_base_breakout,conservative,mid,20,stock,DATA_INSUFFICIENT,"No licensed point-in-time US daily tape, delist file, corporate-action journal, or historical venue/industry vintages were verified in this environment.",False,,False,False,,,,,,,,,,,,,,,,,,,,,,0,0,,,,,bull
biotech__B_confirmed_base_breakout__conservative__mid,biotech,,B_confirmed_base_breakout,conservative,mid,20,stock,DATA_INSUFFICIENT,"No licensed point-in-time US daily tape, delist file, corporate-action journal, or historical venue/industry vintages were verified in this environment.",False,,False,False,,,,,,,,,,,,,,,,,,,,,,0,0,,,,,bear
biotech__B_confirmed_base_breakout__conservative__mid,biotech,,B_confirmed_base_breakout,conservative,mid,20,stock,DATA_INSUFFICIENT,"No licensed point-in-time US daily tape, delist file, corporate-action journal, or historical venue/industry vintages were verified in this environment.",False,,False,False,,,,,,,,,,,,,,,,,,,,,,0,0,,,,,range
biotech__B_confirmed_base_breakout__conservative__long,biotech,,B_confirmed_base_breakout,conservative,long,63,stock,DATA_INSUFFICIENT,"No licensed point-in-time US daily tape, delist file, corporate-action journal, or historical venue/industry vintages were verified in this environment.",False,,False,False,,,,,,,,,,,,,,,,,,,,,,0,0,,,,,bull
biotech__B_confirmed_base_breakout__conservative__long,biotech,,B_confirmed_base_breakout,conservative,long,63,stock,DATA_INSUFFICIENT,"No licensed point-in-time US daily tape, delist file, corporate-action journal, or historical venue/industry vintages were verified in this environment.",False,,False,False,,,,,,,,,,,,,,,,,,,,,,0,0,,,,,bear
biotech__B_confirmed_base_breakout__conservative__long,biotech,,B_confirmed_base_breakout,conservative,long,63,stock,DATA_INSUFFICIENT,"No licensed point-in-time US daily tape, delist file, corporate-action journal, or historical venue/industry vintages were verified in this environment.",False,,False,False,,,,,,,,,,,,,,,,,,,,,,0,0,,,,,range
biotech__B_confirmed_base_breakout__balanced__short,biotech,,B_confirmed_base_breakout,balanced,short,5,stock,DATA_INSUFFICIENT,"No licensed point-in-time US daily tape, delist file, corporate-action journal, or historical venue/industry vintages were verified in this environment.",False,,False,False,,,,,,,,,,,,,,,,,,,,,,0,0,,,,,bull
biotech__B_confirmed_base_breakout__balanced__short,biotech,,B_confirmed_base_breakout,balanced,short,5,stock,DATA_INSUFFICIENT,"No licensed point-in-time US daily tape, delist file, corporate-action journal, or historical venue/industry vintages were verified in this environment.",False,,False,False,,,,,,,,,,,,,,,,,,,,,,0,0,,,,,bear
biotech__B_confirmed_base_breakout__balanced__short,biotech,,B_confirmed_base_breakout,balanced,short,5,stock,DATA_INSUFFICIENT,"No licensed point-in-time US daily tape, delist file, corporate-action journal, or historical venue/industry vintages were verified in this environment.",False,,False,False,,,,,,,,,,,,,,,,,,,,,,0,0,,,,,range
biotech__B_confirmed_base_breakout__balanced__mid,biotech,,B_confirmed_base_breakout,balanced,mid,20,stock,DATA_INSUFFICIENT,"No licensed point-in-time US daily tape, delist file, corporate-action journal, or historical venue/industry vintages were verified in this environment.",False,,False,False,,,,,,,,,,,,,,,,,,,,,,0,0,,,,,bull
biotech__B_confirmed_base_breakout__balanced__mid,biotech,,B_confirmed_base_breakout,balanced,mid,20,stock,DATA_INSUFFICIENT,"No licensed point-in-time US daily tape, delist file, corporate-action journal, or historical venue/industry vintages were verified in this environment.",False,,False,False,,,,,,,,,,,,,,,,,,,,,,0,0,,,,,bear
biotech__B_confirmed_base_breakout__balanced__mid,biotech,,B_confirmed_base_breakout,balanced,mid,20,stock,DATA_INSUFFICIENT,"No licensed point-in-time US daily tape, delist file, corporate-action journal, or historical venue/industry vintages were verified in this environment.",False,,False,False,,,,,,,,,,,,,,,,,,,,,,0,0,,,,,range
biotech__B_confirmed_base_breakout__balanced__long,biotech,,B_confirmed_base_breakout,balanced,long,63,stock,DATA_INSUFFICIENT,"No licensed point-in-time US daily tape, delist file, corporate-action journal, or historical venue/industry vintages were verified in this environment.",False,,False,False,,,,,,,,,,,,,,,,,,,,,,0,0,,,,,bull
biotech__B_confirmed_base_breakout__balanced__long,biotech,,B_confirmed_base_breakout,balanced,long,63,stock,DATA_INSUFFICIENT,"No licensed point-in-time US daily tape, delist file, corporate-action journal, or historical venue/industry vintages were verified in this environment.",False,,False,False,,,,,,,,,,,,,,,,,,,,,,0,0,,,,,bear
biotech__B_confirmed_base_breakout__balanced__long,biotech,,B_confirmed_base_breakout,balanced,long,63,stock,DATA_INSUFFICIENT,"No licensed point-in-time US daily tape, delist file, corporate-action journal, or historical venue/industry vintages were verified in this environment.",False,,False,False,,,,,,,,,,,,,,,,,,,,,,0,0,,,,,range
biotech__B_confirmed_base_breakout__aggressive__short,biotech,,B_confirmed_base_breakout,aggressive,short,5,stock,DATA_INSUFFICIENT,"No licensed point-in-time US daily tape, delist file, corporate-action journal, or historical venue/industry vintages were verified in this environment.",False,,False,False,,,,,,,,,,,,,,,,,,,,,,0,0,,,,,bull
biotech__B_confirmed_base_breakout__aggressive__short,biotech,,B_confirmed_base_breakout,aggressive,short,5,stock,DATA_INSUFFICIENT,"No licensed point-in-time US daily tape, delist file, corporate-action journal, or historical venue/industry vintages were verified in this environment.",False,,False,False,,,,,,,,,,,,,,,,,,,,,,0,0,,,,,bear
biotech__B_confirmed_base_breakout__aggressive__short,biotech,,B_confirmed_base_breakout,aggressive,short,5,stock,DATA_INSUFFICIENT,"No licensed point-in-time US daily tape, delist file, corporate-action journal, or historical venue/industry vintages were verified in this environment.",False,,False,False,,,,,,,,,,,,,,,,,,,,,,0,0,,,,,range
biotech__B_confirmed_base_breakout__aggressive__mid,biotech,,B_confirmed_base_breakout,aggressive,mid,20,stock,DATA_INSUFFICIENT,"No licensed point-in-time US daily tape, delist file, corporate-action journal, or historical venue/industry vintages were verified in this environment.",False,,False,False,,,,,,,,,,,,,,,,,,,,,,0,0,,,,,bull
biotech__B_confirmed_base_breakout__aggressive__mid,biotech,,B_confirmed_base_breakout,aggressive,mid,20,stock,DATA_INSUFFICIENT,"No licensed point-in-time US daily tape, delist file, corporate-action journal, or historical venue/industry vintages were verified in this environment.",False,,False,False,,,,,,,,,,,,,,,,,,,,,,0,0,,,,,bear
biotech__B_confirmed_base_breakout__aggressive__mid,biotech,,B_confirmed_base_breakout,aggressive,mid,20,stock,DATA_INSUFFICIENT,"No licensed point-in-time US daily tape, delist file, corporate-action journal, or historical venue/industry vintages were verified in this environment.",False,,False,False,,,,,,,,,,,,,,,,,,,,,,0,0,,,,,range
biotech__B_confirmed_base_breakout__aggressive__long,biotech,,B_confirmed_base_breakout,aggressive,long,63,stock,DATA_INSUFFICIENT,"No licensed point-in-time US daily tape, delist file, corporate-action journal, or historical venue/industry vintages were verified in this environment.",False,,False,False,,,,,,,,,,,,,,,,,,,,,,0,0,,,,,bull
biotech__B_confirmed_base_breakout__aggressive__long,biotech,,B_confirmed_base_breakout,aggressive,long,63,stock,DATA_INSUFFICIENT,"No licensed point-in-time US daily tape, delist file, corporate-action journal, or historical venue/industry vintages were verified in this environment.",False,,False,False,,,,,,,,,,,,,,,,,,,,,,0,0,,,,,bear
biotech__B_confirmed_base_breakout__aggressive__long,biotech,,B_confirmed_base_breakout,aggressive,long,63,stock,DATA_INSUFFICIENT,"No licensed point-in-time US daily tape, delist file, corporate-action journal, or historical venue/industry vintages were verified in this environment.",False,,False,False,,,,,,,,,,,,,,,,,,,,,,0,0,,,,,range
biotech__C_trend_pullback__conservative__short,biotech,,C_trend_pullback,conservative,short,5,stock,DATA_INSUFFICIENT,"No licensed point-in-time US daily tape, delist file, corporate-action journal, or historical venue/industry vintages were verified in this environment.",False,,False,False,,,,,,,,,,,,,,,,,,,,,,0,0,,,,,bull
biotech__C_trend_pullback__conservative__short,biotech,,C_trend_pullback,conservative,short,5,stock,DATA_INSUFFICIENT,"No licensed point-in-time US daily tape, delist file, corporate-action journal, or historical venue/industry vintages were verified in this environment.",False,,False,False,,,,,,,,,,,,,,,,,,,,,,0,0,,,,,bear
biotech__C_trend_pullback__conservative__short,biotech,,C_trend_pullback,conservative,short,5,stock,DATA_INSUFFICIENT,"No licensed point-in-time US daily tape, delist file, corporate-action journal, or historical venue/industry vintages were verified in this environment.",False,,False,False,,,,,,,,,,,,,,,,,,,,,,0,0,,,,,range
biotech__C_trend_pullback__conservative__mid,biotech,,C_trend_pullback,conservative,mid,20,stock,DATA_INSUFFICIENT,"No licensed point-in-time US daily tape, delist file, corporate-action journal, or historical venue/industry vintages were verified in this environment.",False,,False,False,,,,,,,,,,,,,,,,,,,,,,0,0,,,,,bull
biotech__C_trend_pullback__conservative__mid,biotech,,C_trend_pullback,conservative,mid,20,stock,DATA_INSUFFICIENT,"No licensed point-in-time US daily tape, delist file, corporate-action journal, or historical venue/industry vintages were verified in this environment.",False,,False,False,,,,,,,,,,,,,,,,,,,,,,0,0,,,,,bear
biotech__C_trend_pullback__conservative__mid,biotech,,C_trend_pullback,conservative,mid,20,stock,DATA_INSUFFICIENT,"No licensed point-in-time US daily tape, delist file, corporate-action journal, or historical venue/industry vintages were verified in this environment.",False,,False,False,,,,,,,,,,,,,,,,,,,,,,0,0,,,,,range
biotech__C_trend_pullback__conservative__long,biotech,,C_trend_pullback,conservative,long,63,stock,DATA_INSUFFICIENT,"No licensed point-in-time US daily tape, delist file, corporate-action journal, or historical venue/industry vintages were verified in this environment.",False,,False,False,,,,,,,,,,,,,,,,,,,,,,0,0,,,,,bull
biotech__C_trend_pullback__conservative__long,biotech,,C_trend_pullback,conservative,long,63,stock,DATA_INSUFFICIENT,"No licensed point-in-time US daily tape, delist file, corporate-action journal, or historical venue/industry vintages were verified in this environment.",False,,False,False,,,,,,,,,,,,,,,,,,,,,,0,0,,,,,bear
biotech__C_trend_pullback__conservative__long,biotech,,C_trend_pullback,conservative,long,63,stock,DATA_INSUFFICIENT,"No licensed point-in-time US daily tape, delist file, corporate-action journal, or historical venue/industry vintages were verified in this environment.",False,,False,False,,,,,,,,,,,,,,,,,,,,,,0,0,,,,,range
biotech__C_trend_pullback__balanced__short,biotech,,C_trend_pullback,balanced,short,5,stock,DATA_INSUFFICIENT,"No licensed point-in-time US daily tape, delist file, corporate-action journal, or historical venue/industry vintages were verified in this environment.",False,,False,False,,,,,,,,,,,,,,,,,,,,,,0,0,,,,,bull
biotech__C_trend_pullback__balanced__short,biotech,,C_trend_pullback,balanced,short,5,stock,DATA_INSUFFICIENT,"No licensed point-in-time US daily tape, delist file, corporate-action journal, or historical venue/industry vintages were verified in this environment.",False,,False,False,,,,,,,,,,,,,,,,,,,,,,0,0,,,,,bear
biotech__C_trend_pullback__balanced__short,biotech,,C_trend_pullback,balanced,short,5,stock,DATA_INSUFFICIENT,"No licensed point-in-time US daily tape, delist file, corporate-action journal, or historical venue/industry vintages were verified in this environment.",False,,False,False,,,,,,,,,,,,,,,,,,,,,,0,0,,,,,range
biotech__C_trend_pullback__balanced__mid,biotech,,C_trend_pullback,balanced,mid,20,stock,DATA_INSUFFICIENT,"No licensed point-in-time US daily tape, delist file, corporate-action journal, or historical venue/industry vintages were verified in this environment.",False,,False,False,,,,,,,,,,,,,,,,,,,,,,0,0,,,,,bull
biotech__C_trend_pullback__balanced__mid,biotech,,C_trend_pullback,balanced,mid,20,stock,DATA_INSUFFICIENT,"No licensed point-in-time US daily tape, delist file, corporate-action journal, or historical venue/industry vintages were verified in this environment.",False,,False,False,,,,,,,,,,,,,,,,,,,,,,0,0,,,,,bear
biotech__C_trend_pullback__balanced__mid,biotech,,C_trend_pullback,balanced,mid,20,stock,DATA_INSUFFICIENT,"No licensed point-in-time US daily tape, delist file, corporate-action journal, or historical venue/industry vintages were verified in this environment.",False,,False,False,,,,,,,,,,,,,,,,,,,,,,0,0,,,,,range
biotech__C_trend_pullback__balanced__long,biotech,,C_trend_pullback,balanced,long,63,stock,DATA_INSUFFICIENT,"No licensed point-in-time US daily tape, delist file, corporate-action journal, or historical venue/industry vintages were verified in this environment.",False,,False,False,,,,,,,,,,,,,,,,,,,,,,0,0,,,,,bull
biotech__C_trend_pullback__balanced__long,biotech,,C_trend_pullback,balanced,long,63,stock,DATA_INSUFFICIENT,"No licensed point-in-time US daily tape, delist file, corporate-action journal, or historical venue/industry vintages were verified in this environment.",False,,False,False,,,,,,,,,,,,,,,,,,,,,,0,0,,,,,bear
biotech__C_trend_pullback__balanced__long,biotech,,C_trend_pullback,balanced,long,63,stock,DATA_INSUFFICIENT,"No licensed point-in-time US daily tape, delist file, corporate-action journal, or historical venue/industry vintages were verified in this environment.",False,,False,False,,,,,,,,,,,,,,,,,,,,,,0,0,,,,,range
biotech__C_trend_pullback__aggressive__short,biotech,,C_trend_pullback,aggressive,short,5,stock,DATA_INSUFFICIENT,"No licensed point-in-time US daily tape, delist file, corporate-action journal, or historical venue/industry vintages were verified in this environment.",False,,False,False,,,,,,,,,,,,,,,,,,,,,,0,0,,,,,bull
biotech__C_trend_pullback__aggressive__short,biotech,,C_trend_pullback,aggressive,short,5,stock,DATA_INSUFFICIENT,"No licensed point-in-time US daily tape, delist file, corporate-action journal, or historical venue/industry vintages were verified in this environment.",False,,False,False,,,,,,,,,,,,,,,,,,,,,,0,0,,,,,bear
biotech__C_trend_pullback__aggressive__short,biotech,,C_trend_pullback,aggressive,short,5,stock,DATA_INSUFFICIENT,"No licensed point-in-time US daily tape, delist file, corporate-action journal, or historical venue/industry vintages were verified in this environment.",False,,False,False,,,,,,,,,,,,,,,,,,,,,,0,0,,,,,range
biotech__C_trend_pullback__aggressive__mid,biotech,,C_trend_pullback,aggressive,mid,20,stock,DATA_INSUFFICIENT,"No licensed point-in-time US daily tape, delist file, corporate-action journal, or historical venue/industry vintages were verified in this environment.",False,,False,False,,,,,,,,,,,,,,,,,,,,,,0,0,,,,,bull
biotech__C_trend_pullback__aggressive__mid,biotech,,C_trend_pullback,aggressive,mid,20,stock,DATA_INSUFFICIENT,"No licensed point-in-time US daily tape, delist file, corporate-action journal, or historical venue/industry vintages were verified in this environment.",False,,False,False,,,,,,,,,,,,,,,,,,,,,,0,0,,,,,bear
biotech__C_trend_pullback__aggressive__mid,biotech,,C_trend_pullback,aggressive,mid,20,stock,DATA_INSUFFICIENT,"No licensed point-in-time US daily tape, delist file, corporate-action journal, or historical venue/industry vintages were verified in this environment.",False,,False,False,,,,,,,,,,,,,,,,,,,,,,0,0,,,,,range
biotech__C_trend_pullback__aggressive__long,biotech,,C_trend_pullback,aggressive,long,63,stock,DATA_INSUFFICIENT,"No licensed point-in-time US daily tape, delist file, corporate-action journal, or historical venue/industry vintages were verified in this environment.",False,,False,False,,,,,,,,,,,,,,,,,,,,,,0,0,,,,,bull
biotech__C_trend_pullback__aggressive__long,biotech,,C_trend_pullback,aggressive,long,63,stock,DATA_INSUFFICIENT,"No licensed point-in-time US daily tape, delist file, corporate-action journal, or historical venue/industry vintages were verified in this environment.",False,,False,False,,,,,,,,,,,,,,,,,,,,,,0,0,,,,,bear
biotech__C_trend_pullback__aggressive__long,biotech,,C_trend_pullback,aggressive,long,63,stock,DATA_INSUFFICIENT,"No licensed point-in-time US daily tape, delist file, corporate-action journal, or historical venue/industry vintages were verified in this environment.",False,,False,False,,,,,,,,,,,,,,,,,,,,,,0,0,,,,,range
biotech__D_residual_momentum__conservative__short,biotech,,D_residual_momentum,conservative,short,5,stock,DATA_INSUFFICIENT,"No licensed point-in-time US daily tape, delist file, corporate-action journal, or historical venue/industry vintages were verified in this environment.",False,,False,False,,,,,,,,,,,,,,,,,,,,,,0,0,,,,,bull
biotech__D_residual_momentum__conservative__short,biotech,,D_residual_momentum,conservative,short,5,stock,DATA_INSUFFICIENT,"No licensed point-in-time US daily tape, delist file, corporate-action journal, or historical venue/industry vintages were verified in this environment.",False,,False,False,,,,,,,,,,,,,,,,,,,,,,0,0,,,,,bear
biotech__D_residual_momentum__conservative__short,biotech,,D_residual_momentum,conservative,short,5,stock,DATA_INSUFFICIENT,"No licensed point-in-time US daily tape, delist file, corporate-action journal, or historical venue/industry vintages were verified in this environment.",False,,False,False,,,,,,,,,,,,,,,,,,,,,,0,0,,,,,range
biotech__D_residual_momentum__conservative__mid,biotech,,D_residual_momentum,conservative,mid,20,stock,DATA_INSUFFICIENT,"No licensed point-in-time US daily tape, delist file, corporate-action journal, or historical venue/industry vintages were verified in this environment.",False,,False,False,,,,,,,,,,,,,,,,,,,,,,0,0,,,,,bull
biotech__D_residual_momentum__conservative__mid,biotech,,D_residual_momentum,conservative,mid,20,stock,DATA_INSUFFICIENT,"No licensed point-in-time US daily tape, delist file, corporate-action journal, or historical venue/industry vintages were verified in this environment.",False,,False,False,,,,,,,,,,,,,,,,,,,,,,0,0,,,,,bear
biotech__D_residual_momentum__conservative__mid,biotech,,D_residual_momentum,conservative,mid,20,stock,DATA_INSUFFICIENT,"No licensed point-in-time US daily tape, delist file, corporate-action journal, or historical venue/industry vintages were verified in this environment.",False,,False,False,,,,,,,,,,,,,,,,,,,,,,0,0,,,,,range
biotech__D_residual_momentum__conservative__long,biotech,,D_residual_momentum,conservative,long,63,stock,DATA_INSUFFICIENT,"No licensed point-in-time US daily tape, delist file, corporate-action journal, or historical venue/industry vintages were verified in this environment.",False,,False,False,,,,,,,,,,,,,,,,,,,,,,0,0,,,,,bull
biotech__D_residual_momentum__conservative__long,biotech,,D_residual_momentum,conservative,long,63,stock,DATA_INSUFFICIENT,"No licensed point-in-time US daily tape, delist file, corporate-action journal, or historical venue/industry vintages were verified in this environment.",False,,False,False,,,,,,,,,,,,,,,,,,,,,,0,0,,,,,bear
biotech__D_residual_momentum__conservative__long,biotech,,D_residual_momentum,conservative,long,63,stock,DATA_INSUFFICIENT,"No licensed point-in-time US daily tape, delist file, corporate-action journal, or historical venue/industry vintages were verified in this environment.",False,,False,False,,,,,,,,,,,,,,,,,,,,,,0,0,,,,,range
biotech__D_residual_momentum__balanced__short,biotech,,D_residual_momentum,balanced,short,5,stock,DATA_INSUFFICIENT,"No licensed point-in-time US daily tape, delist file, corporate-action journal, or historical venue/industry vintages were verified in this environment.",False,,False,False,,,,,,,,,,,,,,,,,,,,,,0,0,,,,,bull
biotech__D_residual_momentum__balanced__short,biotech,,D_residual_momentum,balanced,short,5,stock,DATA_INSUFFICIENT,"No licensed point-in-time US daily tape, delist file, corporate-action journal, or historical venue/industry vintages were verified in this environment.",False,,False,False,,,,,,,,,,,,,,,,,,,,,,0,0,,,,,bear
biotech__D_residual_momentum__balanced__short,biotech,,D_residual_momentum,balanced,short,5,stock,DATA_INSUFFICIENT,"No licensed point-in-time US daily tape, delist file, corporate-action journal, or historical venue/industry vintages were verified in this environment.",False,,False,False,,,,,,,,,,,,,,,,,,,,,,0,0,,,,,range
biotech__D_residual_momentum__balanced__mid,biotech,,D_residual_momentum,balanced,mid,20,stock,DATA_INSUFFICIENT,"No licensed point-in-time US daily tape, delist file, corporate-action journal, or historical venue/industry vintages were verified in this environment.",False,,False,False,,,,,,,,,,,,,,,,,,,,,,0,0,,,,,bull
biotech__D_residual_momentum__balanced__mid,biotech,,D_residual_momentum,balanced,mid,20,stock,DATA_INSUFFICIENT,"No licensed point-in-time US daily tape, delist file, corporate-action journal, or historical venue/industry vintages were verified in this environment.",False,,False,False,,,,,,,,,,,,,,,,,,,,,,0,0,,,,,bear
biotech__D_residual_momentum__balanced__mid,biotech,,D_residual_momentum,balanced,mid,20,stock,DATA_INSUFFICIENT,"No licensed point-in-time US daily tape, delist file, corporate-action journal, or historical venue/industry vintages were verified in this environment.",False,,False,False,,,,,,,,,,,,,,,,,,,,,,0,0,,,,,range
biotech__D_residual_momentum__balanced__long,biotech,,D_residual_momentum,balanced,long,63,stock,DATA_INSUFFICIENT,"No licensed point-in-time US daily tape, delist file, corporate-action journal, or historical venue/industry vintages were verified in this environment.",False,,False,False,,,,,,,,,,,,,,,,,,,,,,0,0,,,,,bull
biotech__D_residual_momentum__balanced__long,biotech,,D_residual_momentum,balanced,long,63,stock,DATA_INSUFFICIENT,"No licensed point-in-time US daily tape, delist file, corporate-action journal, or historical venue/industry vintages were verified in this environment.",False,,False,False,,,,,,,,,,,,,,,,,,,,,,0,0,,,,,bear
biotech__D_residual_momentum__balanced__long,biotech,,D_residual_momentum,balanced,long,63,stock,DATA_INSUFFICIENT,"No licensed point-in-time US daily tape, delist file, corporate-action journal, or historical venue/industry vintages were verified in this environment.",False,,False,False,,,,,,,,,,,,,,,,,,,,,,0,0,,,,,range
biotech__D_residual_momentum__aggressive__short,biotech,,D_residual_momentum,aggressive,short,5,stock,DATA_INSUFFICIENT,"No licensed point-in-time US daily tape, delist file, corporate-action journal, or historical venue/industry vintages were verified in this environment.",False,,False,False,,,,,,,,,,,,,,,,,,,,,,0,0,,,,,bull
biotech__D_residual_momentum__aggressive__short,biotech,,D_residual_momentum,aggressive,short,5,stock,DATA_INSUFFICIENT,"No licensed point-in-time US daily tape, delist file, corporate-action journal, or historical venue/industry vintages were verified in this environment.",False,,False,False,,,,,,,,,,,,,,,,,,,,,,0,0,,,,,bear
biotech__D_residual_momentum__aggressive__short,biotech,,D_residual_momentum,aggressive,short,5,stock,DATA_INSUFFICIENT,"No licensed point-in-time US daily tape, delist file, corporate-action journal, or historical venue/industry vintages were verified in this environment.",False,,False,False,,,,,,,,,,,,,,,,,,,,,,0,0,,,,,range
biotech__D_residual_momentum__aggressive__mid,biotech,,D_residual_momentum,aggressive,mid,20,stock,DATA_INSUFFICIENT,"No licensed point-in-time US daily tape, delist file, corporate-action journal, or historical venue/industry vintages were verified in this environment.",False,,False,False,,,,,,,,,,,,,,,,,,,,,,0,0,,,,,bull
biotech__D_residual_momentum__aggressive__mid,biotech,,D_residual_momentum,aggressive,mid,20,stock,DATA_INSUFFICIENT,"No licensed point-in-time US daily tape, delist file, corporate-action journal, or historical venue/industry vintages were verified in this environment.",False,,False,False,,,,,,,,,,,,,,,,,,,,,,0,0,,,,,bear
biotech__D_residual_momentum__aggressive__mid,biotech,,D_residual_momentum,aggressive,mid,20,stock,DATA_INSUFFICIENT,"No licensed point-in-time US daily tape, delist file, corporate-action journal, or historical venue/industry vintages were verified in this environment.",False,,False,False,,,,,,,,,,,,,,,,,,,,,,0,0,,,,,range
biotech__D_residual_momentum__aggressive__long,biotech,,D_residual_momentum,aggressive,long,63,stock,DATA_INSUFFICIENT,"No licensed point-in-time US daily tape, delist file, corporate-action journal, or historical venue/industry vintages were verified in this environment.",False,,False,False,,,,,,,,,,,,,,,,,,,,,,0,0,,,,,bull
biotech__D_residual_momentum__aggressive__long,biotech,,D_residual_momentum,aggressive,long,63,stock,DATA_INSUFFICIENT,"No licensed point-in-time US daily tape, delist file, corporate-action journal, or historical venue/industry vintages were verified in this environment.",False,,False,False,,,,,,,,,,,,,,,,,,,,,,0,0,,,,,bear
biotech__D_residual_momentum__aggressive__long,biotech,,D_residual_momentum,aggressive,long,63,stock,DATA_INSUFFICIENT,"No licensed point-in-time US daily tape, delist file, corporate-action journal, or historical venue/industry vintages were verified in this environment.",False,,False,False,,,,,,,,,,,,,,,,,,,,,,0,0,,,,,range
healthcare__A_trend_quality__conservative__short,healthcare,,A_trend_quality,conservative,short,5,stock,DATA_INSUFFICIENT,"No licensed point-in-time US daily tape, delist file, corporate-action journal, or historical venue/industry vintages were verified in this environment.",False,,False,False,,,,,,,,,,,,,,,,,,,,,,0,0,,,,,bull
healthcare__A_trend_quality__conservative__short,healthcare,,A_trend_quality,conservative,short,5,stock,DATA_INSUFFICIENT,"No licensed point-in-time US daily tape, delist file, corporate-action journal, or historical venue/industry vintages were verified in this environment.",False,,False,False,,,,,,,,,,,,,,,,,,,,,,0,0,,,,,bear
healthcare__A_trend_quality__conservative__short,healthcare,,A_trend_quality,conservative,short,5,stock,DATA_INSUFFICIENT,"No licensed point-in-time US daily tape, delist file, corporate-action journal, or historical venue/industry vintages were verified in this environment.",False,,False,False,,,,,,,,,,,,,,,,,,,,,,0,0,,,,,range
healthcare__A_trend_quality__conservative__mid,healthcare,,A_trend_quality,conservative,mid,20,stock,DATA_INSUFFICIENT,"No licensed point-in-time US daily tape, delist file, corporate-action journal, or historical venue/industry vintages were verified in this environment.",False,,False,False,,,,,,,,,,,,,,,,,,,,,,0,0,,,,,bull
healthcare__A_trend_quality__conservative__mid,healthcare,,A_trend_quality,conservative,mid,20,stock,DATA_INSUFFICIENT,"No licensed point-in-time US daily tape, delist file, corporate-action journal, or historical venue/industry vintages were verified in this environment.",False,,False,False,,,,,,,,,,,,,,,,,,,,,,0,0,,,,,bear
healthcare__A_trend_quality__conservative__mid,healthcare,,A_trend_quality,conservative,mid,20,stock,DATA_INSUFFICIENT,"No licensed point-in-time US daily tape, delist file, corporate-action journal, or historical venue/industry vintages were verified in this environment.",False,,False,False,,,,,,,,,,,,,,,,,,,,,,0,0,,,,,range
healthcare__A_trend_quality__conservative__long,healthcare,,A_trend_quality,conservative,long,63,stock,DATA_INSUFFICIENT,"No licensed point-in-time US daily tape, delist file, corporate-action journal, or historical venue/industry vintages were verified in this environment.",False,,False,False,,,,,,,,,,,,,,,,,,,,,,0,0,,,,,bull
healthcare__A_trend_quality__conservative__long,healthcare,,A_trend_quality,conservative,long,63,stock,DATA_INSUFFICIENT,"No licensed point-in-time US daily tape, delist file, corporate-action journal, or historical venue/industry vintages were verified in this environment.",False,,False,False,,,,,,,,,,,,,,,,,,,,,,0,0,,,,,bear
healthcare__A_trend_quality__conservative__long,healthcare,,A_trend_quality,conservative,long,63,stock,DATA_INSUFFICIENT,"No licensed point-in-time US daily tape, delist file, corporate-action journal, or historical venue/industry vintages were verified in this environment.",False,,False,False,,,,,,,,,,,,,,,,,,,,,,0,0,,,,,range
healthcare__A_trend_quality__balanced__short,healthcare,,A_trend_quality,balanced,short,5,stock,DATA_INSUFFICIENT,"No licensed point-in-time US daily tape, delist file, corporate-action journal, or historical venue/industry vintages were verified in this environment.",False,,False,False,,,,,,,,,,,,,,,,,,,,,,0,0,,,,,bull
healthcare__A_trend_quality__balanced__short,healthcare,,A_trend_quality,balanced,short,5,stock,DATA_INSUFFICIENT,"No licensed point-in-time US daily tape, delist file, corporate-action journal, or historical venue/industry vintages were verified in this environment.",False,,False,False,,,,,,,,,,,,,,,,,,,,,,0,0,,,,,bear
healthcare__A_trend_quality__balanced__short,healthcare,,A_trend_quality,balanced,short,5,stock,DATA_INSUFFICIENT,"No licensed point-in-time US daily tape, delist file, corporate-action journal, or historical venue/industry vintages were verified in this environment.",False,,False,False,,,,,,,,,,,,,,,,,,,,,,0,0,,,,,range
healthcare__A_trend_quality__balanced__mid,healthcare,,A_trend_quality,balanced,mid,20,stock,DATA_INSUFFICIENT,"No licensed point-in-time US daily tape, delist file, corporate-action journal, or historical venue/industry vintages were verified in this environment.",False,,False,False,,,,,,,,,,,,,,,,,,,,,,0,0,,,,,bull
healthcare__A_trend_quality__balanced__mid,healthcare,,A_trend_quality,balanced,mid,20,stock,DATA_INSUFFICIENT,"No licensed point-in-time US daily tape, delist file, corporate-action journal, or historical venue/industry vintages were verified in this environment.",False,,False,False,,,,,,,,,,,,,,,,,,,,,,0,0,,,,,bear
healthcare__A_trend_quality__balanced__mid,healthcare,,A_trend_quality,balanced,mid,20,stock,DATA_INSUFFICIENT,"No licensed point-in-time US daily tape, delist file, corporate-action journal, or historical venue/industry vintages were verified in this environment.",False,,False,False,,,,,,,,,,,,,,,,,,,,,,0,0,,,,,range
healthcare__A_trend_quality__balanced__long,healthcare,,A_trend_quality,balanced,long,63,stock,DATA_INSUFFICIENT,"No licensed point-in-time US daily tape, delist file, corporate-action journal, or historical venue/industry vintages were verified in this environment.",False,,False,False,,,,,,,,,,,,,,,,,,,,,,0,0,,,,,bull
healthcare__A_trend_quality__balanced__long,healthcare,,A_trend_quality,balanced,long,63,stock,DATA_INSUFFICIENT,"No licensed point-in-time US daily tape, delist file, corporate-action journal, or historical venue/industry vintages were verified in this environment.",False,,False,False,,,,,,,,,,,,,,,,,,,,,,0,0,,,,,bear
healthcare__A_trend_quality__balanced__long,healthcare,,A_trend_quality,balanced,long,63,stock,DATA_INSUFFICIENT,"No licensed point-in-time US daily tape, delist file, corporate-action journal, or historical venue/industry vintages were verified in this environment.",False,,False,False,,,,,,,,,,,,,,,,,,,,,,0,0,,,,,range
healthcare__A_trend_quality__aggressive__short,healthcare,,A_trend_quality,aggressive,short,5,stock,DATA_INSUFFICIENT,"No licensed point-in-time US daily tape, delist file, corporate-action journal, or historical venue/industry vintages were verified in this environment.",False,,False,False,,,,,,,,,,,,,,,,,,,,,,0,0,,,,,bull
healthcare__A_trend_quality__aggressive__short,healthcare,,A_trend_quality,aggressive,short,5,stock,DATA_INSUFFICIENT,"No licensed point-in-time US daily tape, delist file, corporate-action journal, or historical venue/industry vintages were verified in this environment.",False,,False,False,,,,,,,,,,,,,,,,,,,,,,0,0,,,,,bear
healthcare__A_trend_quality__aggressive__short,healthcare,,A_trend_quality,aggressive,short,5,stock,DATA_INSUFFICIENT,"No licensed point-in-time US daily tape, delist file, corporate-action journal, or historical venue/industry vintages were verified in this environment.",False,,False,False,,,,,,,,,,,,,,,,,,,,,,0,0,,,,,range
healthcare__A_trend_quality__aggressive__mid,healthcare,,A_trend_quality,aggressive,mid,20,stock,DATA_INSUFFICIENT,"No licensed point-in-time US daily tape, delist file, corporate-action journal, or historical venue/industry vintages were verified in this environment.",False,,False,False,,,,,,,,,,,,,,,,,,,,,,0,0,,,,,bull
healthcare__A_trend_quality__aggressive__mid,healthcare,,A_trend_quality,aggressive,mid,20,stock,DATA_INSUFFICIENT,"No licensed point-in-time US daily tape, delist file, corporate-action journal, or historical venue/industry vintages were verified in this environment.",False,,False,False,,,,,,,,,,,,,,,,,,,,,,0,0,,,,,bear
healthcare__A_trend_quality__aggressive__mid,healthcare,,A_trend_quality,aggressive,mid,20,stock,DATA_INSUFFICIENT,"No licensed point-in-time US daily tape, delist file, corporate-action journal, or historical venue/industry vintages were verified in this environment.",False,,False,False,,,,,,,,,,,,,,,,,,,,,,0,0,,,,,range
healthcare__A_trend_quality__aggressive__long,healthcare,,A_trend_quality,aggressive,long,63,stock,DATA_INSUFFICIENT,"No licensed point-in-time US daily tape, delist file, corporate-action journal, or historical venue/industry vintages were verified in this environment.",False,,False,False,,,,,,,,,,,,,,,,,,,,,,0,0,,,,,bull
healthcare__A_trend_quality__aggressive__long,healthcare,,A_trend_quality,aggressive,long,63,stock,DATA_INSUFFICIENT,"No licensed point-in-time US daily tape, delist file, corporate-action journal, or historical venue/industry vintages were verified in this environment.",False,,False,False,,,,,,,,,,,,,,,,,,,,,,0,0,,,,,bear
healthcare__A_trend_quality__aggressive__long,healthcare,,A_trend_quality,aggressive,long,63,stock,DATA_INSUFFICIENT,"No licensed point-in-time US daily tape, delist file, corporate-action journal, or historical venue/industry vintages were verified in this environment.",False,,False,False,,,,,,,,,,,,,,,,,,,,,,0,0,,,,,range
healthcare__B_confirmed_base_breakout__conservative__short,healthcare,,B_confirmed_base_breakout,conservative,short,5,stock,DATA_INSUFFICIENT,"No licensed point-in-time US daily tape, delist file, corporate-action journal, or historical venue/industry vintages were verified in this environment.",False,,False,False,,,,,,,,,,,,,,,,,,,,,,0,0,,,,,bull
healthcare__B_confirmed_base_breakout__conservative__short,healthcare,,B_confirmed_base_breakout,conservative,short,5,stock,DATA_INSUFFICIENT,"No licensed point-in-time US daily tape, delist file, corporate-action journal, or historical venue/industry vintages were verified in this environment.",False,,False,False,,,,,,,,,,,,,,,,,,,,,,0,0,,,,,bear
healthcare__B_confirmed_base_breakout__conservative__short,healthcare,,B_confirmed_base_breakout,conservative,short,5,stock,DATA_INSUFFICIENT,"No licensed point-in-time US daily tape, delist file, corporate-action journal, or historical venue/industry vintages were verified in this environment.",False,,False,False,,,,,,,,,,,,,,,,,,,,,,0,0,,,,,range
healthcare__B_confirmed_base_breakout__conservative__mid,healthcare,,B_confirmed_base_breakout,conservative,mid,20,stock,DATA_INSUFFICIENT,"No licensed point-in-time US daily tape, delist file, corporate-action journal, or historical venue/industry vintages were verified in this environment.",False,,False,False,,,,,,,,,,,,,,,,,,,,,,0,0,,,,,bull
healthcare__B_confirmed_base_breakout__conservative__mid,healthcare,,B_confirmed_base_breakout,conservative,mid,20,stock,DATA_INSUFFICIENT,"No licensed point-in-time US daily tape, delist file, corporate-action journal, or historical venue/industry vintages were verified in this environment.",False,,False,False,,,,,,,,,,,,,,,,,,,,,,0,0,,,,,bear
healthcare__B_confirmed_base_breakout__conservative__mid,healthcare,,B_confirmed_base_breakout,conservative,mid,20,stock,DATA_INSUFFICIENT,"No licensed point-in-time US daily tape, delist file, corporate-action journal, or historical venue/industry vintages were verified in this environment.",False,,False,False,,,,,,,,,,,,,,,,,,,,,,0,0,,,,,range
healthcare__B_confirmed_base_breakout__conservative__long,healthcare,,B_confirmed_base_breakout,conservative,long,63,stock,DATA_INSUFFICIENT,"No licensed point-in-time US daily tape, delist file, corporate-action journal, or historical venue/industry vintages were verified in this environment.",False,,False,False,,,,,,,,,,,,,,,,,,,,,,0,0,,,,,bull
healthcare__B_confirmed_base_breakout__conservative__long,healthcare,,B_confirmed_base_breakout,conservative,long,63,stock,DATA_INSUFFICIENT,"No licensed point-in-time US daily tape, delist file, corporate-action journal, or historical venue/industry vintages were verified in this environment.",False,,False,False,,,,,,,,,,,,,,,,,,,,,,0,0,,,,,bear
healthcare__B_confirmed_base_breakout__conservative__long,healthcare,,B_confirmed_base_breakout,conservative,long,63,stock,DATA_INSUFFICIENT,"No licensed point-in-time US daily tape, delist file, corporate-action journal, or historical venue/industry vintages were verified in this environment.",False,,False,False,,,,,,,,,,,,,,,,,,,,,,0,0,,,,,range
healthcare__B_confirmed_base_breakout__balanced__short,healthcare,,B_confirmed_base_breakout,balanced,short,5,stock,DATA_INSUFFICIENT,"No licensed point-in-time US daily tape, delist file, corporate-action journal, or historical venue/industry vintages were verified in this environment.",False,,False,False,,,,,,,,,,,,,,,,,,,,,,0,0,,,,,bull
healthcare__B_confirmed_base_breakout__balanced__short,healthcare,,B_confirmed_base_breakout,balanced,short,5,stock,DATA_INSUFFICIENT,"No licensed point-in-time US daily tape, delist file, corporate-action journal, or historical venue/industry vintages were verified in this environment.",False,,False,False,,,,,,,,,,,,,,,,,,,,,,0,0,,,,,bear
healthcare__B_confirmed_base_breakout__balanced__short,healthcare,,B_confirmed_base_breakout,balanced,short,5,stock,DATA_INSUFFICIENT,"No licensed point-in-time US daily tape, delist file, corporate-action journal, or historical venue/industry vintages were verified in this environment.",False,,False,False,,,,,,,,,,,,,,,,,,,,,,0,0,,,,,range
healthcare__B_confirmed_base_breakout__balanced__mid,healthcare,,B_confirmed_base_breakout,balanced,mid,20,stock,DATA_INSUFFICIENT,"No licensed point-in-time US daily tape, delist file, corporate-action journal, or historical venue/industry vintages were verified in this environment.",False,,False,False,,,,,,,,,,,,,,,,,,,,,,0,0,,,,,bull
healthcare__B_confirmed_base_breakout__balanced__mid,healthcare,,B_confirmed_base_breakout,balanced,mid,20,stock,DATA_INSUFFICIENT,"No licensed point-in-time US daily tape, delist file, corporate-action journal, or historical venue/industry vintages were verified in this environment.",False,,False,False,,,,,,,,,,,,,,,,,,,,,,0,0,,,,,bear
healthcare__B_confirmed_base_breakout__balanced__mid,healthcare,,B_confirmed_base_breakout,balanced,mid,20,stock,DATA_INSUFFICIENT,"No licensed point-in-time US daily tape, delist file, corporate-action journal, or historical venue/industry vintages were verified in this environment.",False,,False,False,,,,,,,,,,,,,,,,,,,,,,0,0,,,,,range
healthcare__B_confirmed_base_breakout__balanced__long,healthcare,,B_confirmed_base_breakout,balanced,long,63,stock,DATA_INSUFFICIENT,"No licensed point-in-time US daily tape, delist file, corporate-action journal, or historical venue/industry vintages were verified in this environment.",False,,False,False,,,,,,,,,,,,,,,,,,,,,,0,0,,,,,bull
healthcare__B_confirmed_base_breakout__balanced__long,healthcare,,B_confirmed_base_breakout,balanced,long,63,stock,DATA_INSUFFICIENT,"No licensed point-in-time US daily tape, delist file, corporate-action journal, or historical venue/industry vintages were verified in this environment.",False,,False,False,,,,,,,,,,,,,,,,,,,,,,0,0,,,,,bear
healthcare__B_confirmed_base_breakout__balanced__long,healthcare,,B_confirmed_base_breakout,balanced,long,63,stock,DATA_INSUFFICIENT,"No licensed point-in-time US daily tape, delist file, corporate-action journal, or historical venue/industry vintages were verified in this environment.",False,,False,False,,,,,,,,,,,,,,,,,,,,,,0,0,,,,,range
healthcare__B_confirmed_base_breakout__aggressive__short,healthcare,,B_confirmed_base_breakout,aggressive,short,5,stock,DATA_INSUFFICIENT,"No licensed point-in-time US daily tape, delist file, corporate-action journal, or historical venue/industry vintages were verified in this environment.",False,,False,False,,,,,,,,,,,,,,,,,,,,,,0,0,,,,,bull
healthcare__B_confirmed_base_breakout__aggressive__short,healthcare,,B_confirmed_base_breakout,aggressive,short,5,stock,DATA_INSUFFICIENT,"No licensed point-in-time US daily tape, delist file, corporate-action journal, or historical venue/industry vintages were verified in this environment.",False,,False,False,,,,,,,,,,,,,,,,,,,,,,0,0,,,,,bear
healthcare__B_confirmed_base_breakout__aggressive__short,healthcare,,B_confirmed_base_breakout,aggressive,short,5,stock,DATA_INSUFFICIENT,"No licensed point-in-time US daily tape, delist file, corporate-action journal, or historical venue/industry vintages were verified in this environment.",False,,False,False,,,,,,,,,,,,,,,,,,,,,,0,0,,,,,range
healthcare__B_confirmed_base_breakout__aggressive__mid,healthcare,,B_confirmed_base_breakout,aggressive,mid,20,stock,DATA_INSUFFICIENT,"No licensed point-in-time US daily tape, delist file, corporate-action journal, or historical venue/industry vintages were verified in this environment.",False,,False,False,,,,,,,,,,,,,,,,,,,,,,0,0,,,,,bull
healthcare__B_confirmed_base_breakout__aggressive__mid,healthcare,,B_confirmed_base_breakout,aggressive,mid,20,stock,DATA_INSUFFICIENT,"No licensed point-in-time US daily tape, delist file, corporate-action journal, or historical venue/industry vintages were verified in this environment.",False,,False,False,,,,,,,,,,,,,,,,,,,,,,0,0,,,,,bear
healthcare__B_confirmed_base_breakout__aggressive__mid,healthcare,,B_confirmed_base_breakout,aggressive,mid,20,stock,DATA_INSUFFICIENT,"No licensed point-in-time US daily tape, delist file, corporate-action journal, or historical venue/industry vintages were verified in this environment.",False,,False,False,,,,,,,,,,,,,,,,,,,,,,0,0,,,,,range
healthcare__B_confirmed_base_breakout__aggressive__long,healthcare,,B_confirmed_base_breakout,aggressive,long,63,stock,DATA_INSUFFICIENT,"No licensed point-in-time US daily tape, delist file, corporate-action journal, or historical venue/industry vintages were verified in this environment.",False,,False,False,,,,,,,,,,,,,,,,,,,,,,0,0,,,,,bull
healthcare__B_confirmed_base_breakout__aggressive__long,healthcare,,B_confirmed_base_breakout,aggressive,long,63,stock,DATA_INSUFFICIENT,"No licensed point-in-time US daily tape, delist file, corporate-action journal, or historical venue/industry vintages were verified in this environment.",False,,False,False,,,,,,,,,,,,,,,,,,,,,,0,0,,,,,bear
healthcare__B_confirmed_base_breakout__aggressive__long,healthcare,,B_confirmed_base_breakout,aggressive,long,63,stock,DATA_INSUFFICIENT,"No licensed point-in-time US daily tape, delist file, corporate-action journal, or historical venue/industry vintages were verified in this environment.",False,,False,False,,,,,,,,,,,,,,,,,,,,,,0,0,,,,,range
healthcare__C_trend_pullback__conservative__short,healthcare,,C_trend_pullback,conservative,short,5,stock,DATA_INSUFFICIENT,"No licensed point-in-time US daily tape, delist file, corporate-action journal, or historical venue/industry vintages were verified in this environment.",False,,False,False,,,,,,,,,,,,,,,,,,,,,,0,0,,,,,bull
healthcare__C_trend_pullback__conservative__short,healthcare,,C_trend_pullback,conservative,short,5,stock,DATA_INSUFFICIENT,"No licensed point-in-time US daily tape, delist file, corporate-action journal, or historical venue/industry vintages were verified in this environment.",False,,False,False,,,,,,,,,,,,,,,,,,,,,,0,0,,,,,bear
healthcare__C_trend_pullback__conservative__short,healthcare,,C_trend_pullback,conservative,short,5,stock,DATA_INSUFFICIENT,"No licensed point-in-time US daily tape, delist file, corporate-action journal, or historical venue/industry vintages were verified in this environment.",False,,False,False,,,,,,,,,,,,,,,,,,,,,,0,0,,,,,range
healthcare__C_trend_pullback__conservative__mid,healthcare,,C_trend_pullback,conservative,mid,20,stock,DATA_INSUFFICIENT,"No licensed point-in-time US daily tape, delist file, corporate-action journal, or historical venue/industry vintages were verified in this environment.",False,,False,False,,,,,,,,,,,,,,,,,,,,,,0,0,,,,,bull
healthcare__C_trend_pullback__conservative__mid,healthcare,,C_trend_pullback,conservative,mid,20,stock,DATA_INSUFFICIENT,"No licensed point-in-time US daily tape, delist file, corporate-action journal, or historical venue/industry vintages were verified in this environment.",False,,False,False,,,,,,,,,,,,,,,,,,,,,,0,0,,,,,bear
healthcare__C_trend_pullback__conservative__mid,healthcare,,C_trend_pullback,conservative,mid,20,stock,DATA_INSUFFICIENT,"No licensed point-in-time US daily tape, delist file, corporate-action journal, or historical venue/industry vintages were verified in this environment.",False,,False,False,,,,,,,,,,,,,,,,,,,,,,0,0,,,,,range
healthcare__C_trend_pullback__conservative__long,healthcare,,C_trend_pullback,conservative,long,63,stock,DATA_INSUFFICIENT,"No licensed point-in-time US daily tape, delist file, corporate-action journal, or historical venue/industry vintages were verified in this environment.",False,,False,False,,,,,,,,,,,,,,,,,,,,,,0,0,,,,,bull
healthcare__C_trend_pullback__conservative__long,healthcare,,C_trend_pullback,conservative,long,63,stock,DATA_INSUFFICIENT,"No licensed point-in-time US daily tape, delist file, corporate-action journal, or historical venue/industry vintages were verified in this environment.",False,,False,False,,,,,,,,,,,,,,,,,,,,,,0,0,,,,,bear
healthcare__C_trend_pullback__conservative__long,healthcare,,C_trend_pullback,conservative,long,63,stock,DATA_INSUFFICIENT,"No licensed point-in-time US daily tape, delist file, corporate-action journal, or historical venue/industry vintages were verified in this environment.",False,,False,False,,,,,,,,,,,,,,,,,,,,,,0,0,,,,,range
healthcare__C_trend_pullback__balanced__short,healthcare,,C_trend_pullback,balanced,short,5,stock,DATA_INSUFFICIENT,"No licensed point-in-time US daily tape, delist file, corporate-action journal, or historical venue/industry vintages were verified in this environment.",False,,False,False,,,,,,,,,,,,,,,,,,,,,,0,0,,,,,bull
healthcare__C_trend_pullback__balanced__short,healthcare,,C_trend_pullback,balanced,short,5,stock,DATA_INSUFFICIENT,"No licensed point-in-time US daily tape, delist file, corporate-action journal, or historical venue/industry vintages were verified in this environment.",False,,False,False,,,,,,,,,,,,,,,,,,,,,,0,0,,,,,bear
healthcare__C_trend_pullback__balanced__short,healthcare,,C_trend_pullback,balanced,short,5,stock,DATA_INSUFFICIENT,"No licensed point-in-time US daily tape, delist file, corporate-action journal, or historical venue/industry vintages were verified in this environment.",False,,False,False,,,,,,,,,,,,,,,,,,,,,,0,0,,,,,range
healthcare__C_trend_pullback__balanced__mid,healthcare,,C_trend_pullback,balanced,mid,20,stock,DATA_INSUFFICIENT,"No licensed point-in-time US daily tape, delist file, corporate-action journal, or historical venue/industry vintages were verified in this environment.",False,,False,False,,,,,,,,,,,,,,,,,,,,,,0,0,,,,,bull
healthcare__C_trend_pullback__balanced__mid,healthcare,,C_trend_pullback,balanced,mid,20,stock,DATA_INSUFFICIENT,"No licensed point-in-time US daily tape, delist file, corporate-action journal, or historical venue/industry vintages were verified in this environment.",False,,False,False,,,,,,,,,,,,,,,,,,,,,,0,0,,,,,bear
healthcare__C_trend_pullback__balanced__mid,healthcare,,C_trend_pullback,balanced,mid,20,stock,DATA_INSUFFICIENT,"No licensed point-in-time US daily tape, delist file, corporate-action journal, or historical venue/industry vintages were verified in this environment.",False,,False,False,,,,,,,,,,,,,,,,,,,,,,0,0,,,,,range
healthcare__C_trend_pullback__balanced__long,healthcare,,C_trend_pullback,balanced,long,63,stock,DATA_INSUFFICIENT,"No licensed point-in-time US daily tape, delist file, corporate-action journal, or historical venue/industry vintages were verified in this environment.",False,,False,False,,,,,,,,,,,,,,,,,,,,,,0,0,,,,,bull
healthcare__C_trend_pullback__balanced__long,healthcare,,C_trend_pullback,balanced,long,63,stock,DATA_INSUFFICIENT,"No licensed point-in-time US daily tape, delist file, corporate-action journal, or historical venue/industry vintages were verified in this environment.",False,,False,False,,,,,,,,,,,,,,,,,,,,,,0,0,,,,,bear
healthcare__C_trend_pullback__balanced__long,healthcare,,C_trend_pullback,balanced,long,63,stock,DATA_INSUFFICIENT,"No licensed point-in-time US daily tape, delist file, corporate-action journal, or historical venue/industry vintages were verified in this environment.",False,,False,False,,,,,,,,,,,,,,,,,,,,,,0,0,,,,,range
healthcare__C_trend_pullback__aggressive__short,healthcare,,C_trend_pullback,aggressive,short,5,stock,DATA_INSUFFICIENT,"No licensed point-in-time US daily tape, delist file, corporate-action journal, or historical venue/industry vintages were verified in this environment.",False,,False,False,,,,,,,,,,,,,,,,,,,,,,0,0,,,,,bull
healthcare__C_trend_pullback__aggressive__short,healthcare,,C_trend_pullback,aggressive,short,5,stock,DATA_INSUFFICIENT,"No licensed point-in-time US daily tape, delist file, corporate-action journal, or historical venue/industry vintages were verified in this environment.",False,,False,False,,,,,,,,,,,,,,,,,,,,,,0,0,,,,,bear
healthcare__C_trend_pullback__aggressive__short,healthcare,,C_trend_pullback,aggressive,short,5,stock,DATA_INSUFFICIENT,"No licensed point-in-time US daily tape, delist file, corporate-action journal, or historical venue/industry vintages were verified in this environment.",False,,False,False,,,,,,,,,,,,,,,,,,,,,,0,0,,,,,range
healthcare__C_trend_pullback__aggressive__mid,healthcare,,C_trend_pullback,aggressive,mid,20,stock,DATA_INSUFFICIENT,"No licensed point-in-time US daily tape, delist file, corporate-action journal, or historical venue/industry vintages were verified in this environment.",False,,False,False,,,,,,,,,,,,,,,,,,,,,,0,0,,,,,bull
healthcare__C_trend_pullback__aggressive__mid,healthcare,,C_trend_pullback,aggressive,mid,20,stock,DATA_INSUFFICIENT,"No licensed point-in-time US daily tape, delist file, corporate-action journal, or historical venue/industry vintages were verified in this environment.",False,,False,False,,,,,,,,,,,,,,,,,,,,,,0,0,,,,,bear
healthcare__C_trend_pullback__aggressive__mid,healthcare,,C_trend_pullback,aggressive,mid,20,stock,DATA_INSUFFICIENT,"No licensed point-in-time US daily tape, delist file, corporate-action journal, or historical venue/industry vintages were verified in this environment.",False,,False,False,,,,,,,,,,,,,,,,,,,,,,0,0,,,,,range
healthcare__C_trend_pullback__aggressive__long,healthcare,,C_trend_pullback,aggressive,long,63,stock,DATA_INSUFFICIENT,"No licensed point-in-time US daily tape, delist file, corporate-action journal, or historical venue/industry vintages were verified in this environment.",False,,False,False,,,,,,,,,,,,,,,,,,,,,,0,0,,,,,bull
healthcare__C_trend_pullback__aggressive__long,healthcare,,C_trend_pullback,aggressive,long,63,stock,DATA_INSUFFICIENT,"No licensed point-in-time US daily tape, delist file, corporate-action journal, or historical venue/industry vintages were verified in this environment.",False,,False,False,,,,,,,,,,,,,,,,,,,,,,0,0,,,,,bear
healthcare__C_trend_pullback__aggressive__long,healthcare,,C_trend_pullback,aggressive,long,63,stock,DATA_INSUFFICIENT,"No licensed point-in-time US daily tape, delist file, corporate-action journal, or historical venue/industry vintages were verified in this environment.",False,,False,False,,,,,,,,,,,,,,,,,,,,,,0,0,,,,,range
healthcare__D_residual_momentum__conservative__short,healthcare,,D_residual_momentum,conservative,short,5,stock,DATA_INSUFFICIENT,"No licensed point-in-time US daily tape, delist file, corporate-action journal, or historical venue/industry vintages were verified in this environment.",False,,False,False,,,,,,,,,,,,,,,,,,,,,,0,0,,,,,bull
healthcare__D_residual_momentum__conservative__short,healthcare,,D_residual_momentum,conservative,short,5,stock,DATA_INSUFFICIENT,"No licensed point-in-time US daily tape, delist file, corporate-action journal, or historical venue/industry vintages were verified in this environment.",False,,False,False,,,,,,,,,,,,,,,,,,,,,,0,0,,,,,bear
healthcare__D_residual_momentum__conservative__short,healthcare,,D_residual_momentum,conservative,short,5,stock,DATA_INSUFFICIENT,"No licensed point-in-time US daily tape, delist file, corporate-action journal, or historical venue/industry vintages were verified in this environment.",False,,False,False,,,,,,,,,,,,,,,,,,,,,,0,0,,,,,range
healthcare__D_residual_momentum__conservative__mid,healthcare,,D_residual_momentum,conservative,mid,20,stock,DATA_INSUFFICIENT,"No licensed point-in-time US daily tape, delist file, corporate-action journal, or historical venue/industry vintages were verified in this environment.",False,,False,False,,,,,,,,,,,,,,,,,,,,,,0,0,,,,,bull
healthcare__D_residual_momentum__conservative__mid,healthcare,,D_residual_momentum,conservative,mid,20,stock,DATA_INSUFFICIENT,"No licensed point-in-time US daily tape, delist file, corporate-action journal, or historical venue/industry vintages were verified in this environment.",False,,False,False,,,,,,,,,,,,,,,,,,,,,,0,0,,,,,bear
healthcare__D_residual_momentum__conservative__mid,healthcare,,D_residual_momentum,conservative,mid,20,stock,DATA_INSUFFICIENT,"No licensed point-in-time US daily tape, delist file, corporate-action journal, or historical venue/industry vintages were verified in this environment.",False,,False,False,,,,,,,,,,,,,,,,,,,,,,0,0,,,,,range
healthcare__D_residual_momentum__conservative__long,healthcare,,D_residual_momentum,conservative,long,63,stock,DATA_INSUFFICIENT,"No licensed point-in-time US daily tape, delist file, corporate-action journal, or historical venue/industry vintages were verified in this environment.",False,,False,False,,,,,,,,,,,,,,,,,,,,,,0,0,,,,,bull
healthcare__D_residual_momentum__conservative__long,healthcare,,D_residual_momentum,conservative,long,63,stock,DATA_INSUFFICIENT,"No licensed point-in-time US daily tape, delist file, corporate-action journal, or historical venue/industry vintages were verified in this environment.",False,,False,False,,,,,,,,,,,,,,,,,,,,,,0,0,,,,,bear
healthcare__D_residual_momentum__conservative__long,healthcare,,D_residual_momentum,conservative,long,63,stock,DATA_INSUFFICIENT,"No licensed point-in-time US daily tape, delist file, corporate-action journal, or historical venue/industry vintages were verified in this environment.",False,,False,False,,,,,,,,,,,,,,,,,,,,,,0,0,,,,,range
healthcare__D_residual_momentum__balanced__short,healthcare,,D_residual_momentum,balanced,short,5,stock,DATA_INSUFFICIENT,"No licensed point-in-time US daily tape, delist file, corporate-action journal, or historical venue/industry vintages were verified in this environment.",False,,False,False,,,,,,,,,,,,,,,,,,,,,,0,0,,,,,bull
healthcare__D_residual_momentum__balanced__short,healthcare,,D_residual_momentum,balanced,short,5,stock,DATA_INSUFFICIENT,"No licensed point-in-time US daily tape, delist file, corporate-action journal, or historical venue/industry vintages were verified in this environment.",False,,False,False,,,,,,,,,,,,,,,,,,,,,,0,0,,,,,bear
healthcare__D_residual_momentum__balanced__short,healthcare,,D_residual_momentum,balanced,short,5,stock,DATA_INSUFFICIENT,"No licensed point-in-time US daily tape, delist file, corporate-action journal, or historical venue/industry vintages were verified in this environment.",False,,False,False,,,,,,,,,,,,,,,,,,,,,,0,0,,,,,range
healthcare__D_residual_momentum__balanced__mid,healthcare,,D_residual_momentum,balanced,mid,20,stock,DATA_INSUFFICIENT,"No licensed point-in-time US daily tape, delist file, corporate-action journal, or historical venue/industry vintages were verified in this environment.",False,,False,False,,,,,,,,,,,,,,,,,,,,,,0,0,,,,,bull
healthcare__D_residual_momentum__balanced__mid,healthcare,,D_residual_momentum,balanced,mid,20,stock,DATA_INSUFFICIENT,"No licensed point-in-time US daily tape, delist file, corporate-action journal, or historical venue/industry vintages were verified in this environment.",False,,False,False,,,,,,,,,,,,,,,,,,,,,,0,0,,,,,bear
healthcare__D_residual_momentum__balanced__mid,healthcare,,D_residual_momentum,balanced,mid,20,stock,DATA_INSUFFICIENT,"No licensed point-in-time US daily tape, delist file, corporate-action journal, or historical venue/industry vintages were verified in this environment.",False,,False,False,,,,,,,,,,,,,,,,,,,,,,0,0,,,,,range
healthcare__D_residual_momentum__balanced__long,healthcare,,D_residual_momentum,balanced,long,63,stock,DATA_INSUFFICIENT,"No licensed point-in-time US daily tape, delist file, corporate-action journal, or historical venue/industry vintages were verified in this environment.",False,,False,False,,,,,,,,,,,,,,,,,,,,,,0,0,,,,,bull
healthcare__D_residual_momentum__balanced__long,healthcare,,D_residual_momentum,balanced,long,63,stock,DATA_INSUFFICIENT,"No licensed point-in-time US daily tape, delist file, corporate-action journal, or historical venue/industry vintages were verified in this environment.",False,,False,False,,,,,,,,,,,,,,,,,,,,,,0,0,,,,,bear
healthcare__D_residual_momentum__balanced__long,healthcare,,D_residual_momentum,balanced,long,63,stock,DATA_INSUFFICIENT,"No licensed point-in-time US daily tape, delist file, corporate-action journal, or historical venue/industry vintages were verified in this environment.",False,,False,False,,,,,,,,,,,,,,,,,,,,,,0,0,,,,,range
healthcare__D_residual_momentum__aggressive__short,healthcare,,D_residual_momentum,aggressive,short,5,stock,DATA_INSUFFICIENT,"No licensed point-in-time US daily tape, delist file, corporate-action journal, or historical venue/industry vintages were verified in this environment.",False,,False,False,,,,,,,,,,,,,,,,,,,,,,0,0,,,,,bull
healthcare__D_residual_momentum__aggressive__short,healthcare,,D_residual_momentum,aggressive,short,5,stock,DATA_INSUFFICIENT,"No licensed point-in-time US daily tape, delist file, corporate-action journal, or historical venue/industry vintages were verified in this environment.",False,,False,False,,,,,,,,,,,,,,,,,,,,,,0,0,,,,,bear
healthcare__D_residual_momentum__aggressive__short,healthcare,,D_residual_momentum,aggressive,short,5,stock,DATA_INSUFFICIENT,"No licensed point-in-time US daily tape, delist file, corporate-action journal, or historical venue/industry vintages were verified in this environment.",False,,False,False,,,,,,,,,,,,,,,,,,,,,,0,0,,,,,range
healthcare__D_residual_momentum__aggressive__mid,healthcare,,D_residual_momentum,aggressive,mid,20,stock,DATA_INSUFFICIENT,"No licensed point-in-time US daily tape, delist file, corporate-action journal, or historical venue/industry vintages were verified in this environment.",False,,False,False,,,,,,,,,,,,,,,,,,,,,,0,0,,,,,bull
healthcare__D_residual_momentum__aggressive__mid,healthcare,,D_residual_momentum,aggressive,mid,20,stock,DATA_INSUFFICIENT,"No licensed point-in-time US daily tape, delist file, corporate-action journal, or historical venue/industry vintages were verified in this environment.",False,,False,False,,,,,,,,,,,,,,,,,,,,,,0,0,,,,,bear
healthcare__D_residual_momentum__aggressive__mid,healthcare,,D_residual_momentum,aggressive,mid,20,stock,DATA_INSUFFICIENT,"No licensed point-in-time US daily tape, delist file, corporate-action journal, or historical venue/industry vintages were verified in this environment.",False,,False,False,,,,,,,,,,,,,,,,,,,,,,0,0,,,,,range
healthcare__D_residual_momentum__aggressive__long,healthcare,,D_residual_momentum,aggressive,long,63,stock,DATA_INSUFFICIENT,"No licensed point-in-time US daily tape, delist file, corporate-action journal, or historical venue/industry vintages were verified in this environment.",False,,False,False,,,,,,,,,,,,,,,,,,,,,,0,0,,,,,bull
healthcare__D_residual_momentum__aggressive__long,healthcare,,D_residual_momentum,aggressive,long,63,stock,DATA_INSUFFICIENT,"No licensed point-in-time US daily tape, delist file, corporate-action journal, or historical venue/industry vintages were verified in this environment.",False,,False,False,,,,,,,,,,,,,,,,,,,,,,0,0,,,,,bear
healthcare__D_residual_momentum__aggressive__long,healthcare,,D_residual_momentum,aggressive,long,63,stock,DATA_INSUFFICIENT,"No licensed point-in-time US daily tape, delist file, corporate-action journal, or historical venue/industry vintages were verified in this environment.",False,,False,False,,,,,,,,,,,,,,,,,,,,,,0,0,,,,,range
consumer_electronics__A_trend_quality__conservative__short,consumer_electronics,,A_trend_quality,conservative,short,5,stock,DATA_INSUFFICIENT,"No licensed point-in-time US daily tape, delist file, corporate-action journal, or historical venue/industry vintages were verified in this environment.",False,,False,False,,,,,,,,,,,,,,,,,,,,,,0,0,,,,,bull
consumer_electronics__A_trend_quality__conservative__short,consumer_electronics,,A_trend_quality,conservative,short,5,stock,DATA_INSUFFICIENT,"No licensed point-in-time US daily tape, delist file, corporate-action journal, or historical venue/industry vintages were verified in this environment.",False,,False,False,,,,,,,,,,,,,,,,,,,,,,0,0,,,,,bear
consumer_electronics__A_trend_quality__conservative__short,consumer_electronics,,A_trend_quality,conservative,short,5,stock,DATA_INSUFFICIENT,"No licensed point-in-time US daily tape, delist file, corporate-action journal, or historical venue/industry vintages were verified in this environment.",False,,False,False,,,,,,,,,,,,,,,,,,,,,,0,0,,,,,range
consumer_electronics__A_trend_quality__conservative__mid,consumer_electronics,,A_trend_quality,conservative,mid,20,stock,DATA_INSUFFICIENT,"No licensed point-in-time US daily tape, delist file, corporate-action journal, or historical venue/industry vintages were verified in this environment.",False,,False,False,,,,,,,,,,,,,,,,,,,,,,0,0,,,,,bull
consumer_electronics__A_trend_quality__conservative__mid,consumer_electronics,,A_trend_quality,conservative,mid,20,stock,DATA_INSUFFICIENT,"No licensed point-in-time US daily tape, delist file, corporate-action journal, or historical venue/industry vintages were verified in this environment.",False,,False,False,,,,,,,,,,,,,,,,,,,,,,0,0,,,,,bear
consumer_electronics__A_trend_quality__conservative__mid,consumer_electronics,,A_trend_quality,conservative,mid,20,stock,DATA_INSUFFICIENT,"No licensed point-in-time US daily tape, delist file, corporate-action journal, or historical venue/industry vintages were verified in this environment.",False,,False,False,,,,,,,,,,,,,,,,,,,,,,0,0,,,,,range
consumer_electronics__A_trend_quality__conservative__long,consumer_electronics,,A_trend_quality,conservative,long,63,stock,DATA_INSUFFICIENT,"No licensed point-in-time US daily tape, delist file, corporate-action journal, or historical venue/industry vintages were verified in this environment.",False,,False,False,,,,,,,,,,,,,,,,,,,,,,0,0,,,,,bull
consumer_electronics__A_trend_quality__conservative__long,consumer_electronics,,A_trend_quality,conservative,long,63,stock,DATA_INSUFFICIENT,"No licensed point-in-time US daily tape, delist file, corporate-action journal, or historical venue/industry vintages were verified in this environment.",False,,False,False,,,,,,,,,,,,,,,,,,,,,,0,0,,,,,bear
consumer_electronics__A_trend_quality__conservative__long,consumer_electronics,,A_trend_quality,conservative,long,63,stock,DATA_INSUFFICIENT,"No licensed point-in-time US daily tape, delist file, corporate-action journal, or historical venue/industry vintages were verified in this environment.",False,,False,False,,,,,,,,,,,,,,,,,,,,,,0,0,,,,,range
consumer_electronics__A_trend_quality__balanced__short,consumer_electronics,,A_trend_quality,balanced,short,5,stock,DATA_INSUFFICIENT,"No licensed point-in-time US daily tape, delist file, corporate-action journal, or historical venue/industry vintages were verified in this environment.",False,,False,False,,,,,,,,,,,,,,,,,,,,,,0,0,,,,,bull
consumer_electronics__A_trend_quality__balanced__short,consumer_electronics,,A_trend_quality,balanced,short,5,stock,DATA_INSUFFICIENT,"No licensed point-in-time US daily tape, delist file, corporate-action journal, or historical venue/industry vintages were verified in this environment.",False,,False,False,,,,,,,,,,,,,,,,,,,,,,0,0,,,,,bear
consumer_electronics__A_trend_quality__balanced__short,consumer_electronics,,A_trend_quality,balanced,short,5,stock,DATA_INSUFFICIENT,"No licensed point-in-time US daily tape, delist file, corporate-action journal, or historical venue/industry vintages were verified in this environment.",False,,False,False,,,,,,,,,,,,,,,,,,,,,,0,0,,,,,range
consumer_electronics__A_trend_quality__balanced__mid,consumer_electronics,,A_trend_quality,balanced,mid,20,stock,DATA_INSUFFICIENT,"No licensed point-in-time US daily tape, delist file, corporate-action journal, or historical venue/industry vintages were verified in this environment.",False,,False,False,,,,,,,,,,,,,,,,,,,,,,0,0,,,,,bull
consumer_electronics__A_trend_quality__balanced__mid,consumer_electronics,,A_trend_quality,balanced,mid,20,stock,DATA_INSUFFICIENT,"No licensed point-in-time US daily tape, delist file, corporate-action journal, or historical venue/industry vintages were verified in this environment.",False,,False,False,,,,,,,,,,,,,,,,,,,,,,0,0,,,,,bear
consumer_electronics__A_trend_quality__balanced__mid,consumer_electronics,,A_trend_quality,balanced,mid,20,stock,DATA_INSUFFICIENT,"No licensed point-in-time US daily tape, delist file, corporate-action journal, or historical venue/industry vintages were verified in this environment.",False,,False,False,,,,,,,,,,,,,,,,,,,,,,0,0,,,,,range
consumer_electronics__A_trend_quality__balanced__long,consumer_electronics,,A_trend_quality,balanced,long,63,stock,DATA_INSUFFICIENT,"No licensed point-in-time US daily tape, delist file, corporate-action journal, or historical venue/industry vintages were verified in this environment.",False,,False,False,,,,,,,,,,,,,,,,,,,,,,0,0,,,,,bull
consumer_electronics__A_trend_quality__balanced__long,consumer_electronics,,A_trend_quality,balanced,long,63,stock,DATA_INSUFFICIENT,"No licensed point-in-time US daily tape, delist file, corporate-action journal, or historical venue/industry vintages were verified in this environment.",False,,False,False,,,,,,,,,,,,,,,,,,,,,,0,0,,,,,bear
consumer_electronics__A_trend_quality__balanced__long,consumer_electronics,,A_trend_quality,balanced,long,63,stock,DATA_INSUFFICIENT,"No licensed point-in-time US daily tape, delist file, corporate-action journal, or historical venue/industry vintages were verified in this environment.",False,,False,False,,,,,,,,,,,,,,,,,,,,,,0,0,,,,,range
consumer_electronics__A_trend_quality__aggressive__short,consumer_electronics,,A_trend_quality,aggressive,short,5,stock,DATA_INSUFFICIENT,"No licensed point-in-time US daily tape, delist file, corporate-action journal, or historical venue/industry vintages were verified in this environment.",False,,False,False,,,,,,,,,,,,,,,,,,,,,,0,0,,,,,bull
consumer_electronics__A_trend_quality__aggressive__short,consumer_electronics,,A_trend_quality,aggressive,short,5,stock,DATA_INSUFFICIENT,"No licensed point-in-time US daily tape, delist file, corporate-action journal, or historical venue/industry vintages were verified in this environment.",False,,False,False,,,,,,,,,,,,,,,,,,,,,,0,0,,,,,bear
consumer_electronics__A_trend_quality__aggressive__short,consumer_electronics,,A_trend_quality,aggressive,short,5,stock,DATA_INSUFFICIENT,"No licensed point-in-time US daily tape, delist file, corporate-action journal, or historical venue/industry vintages were verified in this environment.",False,,False,False,,,,,,,,,,,,,,,,,,,,,,0,0,,,,,range
consumer_electronics__A_trend_quality__aggressive__mid,consumer_electronics,,A_trend_quality,aggressive,mid,20,stock,DATA_INSUFFICIENT,"No licensed point-in-time US daily tape, delist file, corporate-action journal, or historical venue/industry vintages were verified in this environment.",False,,False,False,,,,,,,,,,,,,,,,,,,,,,0,0,,,,,bull
consumer_electronics__A_trend_quality__aggressive__mid,consumer_electronics,,A_trend_quality,aggressive,mid,20,stock,DATA_INSUFFICIENT,"No licensed point-in-time US daily tape, delist file, corporate-action journal, or historical venue/industry vintages were verified in this environment.",False,,False,False,,,,,,,,,,,,,,,,,,,,,,0,0,,,,,bear
consumer_electronics__A_trend_quality__aggressive__mid,consumer_electronics,,A_trend_quality,aggressive,mid,20,stock,DATA_INSUFFICIENT,"No licensed point-in-time US daily tape, delist file, corporate-action journal, or historical venue/industry vintages were verified in this environment.",False,,False,False,,,,,,,,,,,,,,,,,,,,,,0,0,,,,,range
consumer_electronics__A_trend_quality__aggressive__long,consumer_electronics,,A_trend_quality,aggressive,long,63,stock,DATA_INSUFFICIENT,"No licensed point-in-time US daily tape, delist file, corporate-action journal, or historical venue/industry vintages were verified in this environment.",False,,False,False,,,,,,,,,,,,,,,,,,,,,,0,0,,,,,bull
consumer_electronics__A_trend_quality__aggressive__long,consumer_electronics,,A_trend_quality,aggressive,long,63,stock,DATA_INSUFFICIENT,"No licensed point-in-time US daily tape, delist file, corporate-action journal, or historical venue/industry vintages were verified in this environment.",False,,False,False,,,,,,,,,,,,,,,,,,,,,,0,0,,,,,bear
consumer_electronics__A_trend_quality__aggressive__long,consumer_electronics,,A_trend_quality,aggressive,long,63,stock,DATA_INSUFFICIENT,"No licensed point-in-time US daily tape, delist file, corporate-action journal, or historical venue/industry vintages were verified in this environment.",False,,False,False,,,,,,,,,,,,,,,,,,,,,,0,0,,,,,range
consumer_electronics__B_confirmed_base_breakout__conservative__short,consumer_electronics,,B_confirmed_base_breakout,conservative,short,5,stock,DATA_INSUFFICIENT,"No licensed point-in-time US daily tape, delist file, corporate-action journal, or historical venue/industry vintages were verified in this environment.",False,,False,False,,,,,,,,,,,,,,,,,,,,,,0,0,,,,,bull
consumer_electronics__B_confirmed_base_breakout__conservative__short,consumer_electronics,,B_confirmed_base_breakout,conservative,short,5,stock,DATA_INSUFFICIENT,"No licensed point-in-time US daily tape, delist file, corporate-action journal, or historical venue/industry vintages were verified in this environment.",False,,False,False,,,,,,,,,,,,,,,,,,,,,,0,0,,,,,bear
consumer_electronics__B_confirmed_base_breakout__conservative__short,consumer_electronics,,B_confirmed_base_breakout,conservative,short,5,stock,DATA_INSUFFICIENT,"No licensed point-in-time US daily tape, delist file, corporate-action journal, or historical venue/industry vintages were verified in this environment.",False,,False,False,,,,,,,,,,,,,,,,,,,,,,0,0,,,,,range
consumer_electronics__B_confirmed_base_breakout__conservative__mid,consumer_electronics,,B_confirmed_base_breakout,conservative,mid,20,stock,DATA_INSUFFICIENT,"No licensed point-in-time US daily tape, delist file, corporate-action journal, or historical venue/industry vintages were verified in this environment.",False,,False,False,,,,,,,,,,,,,,,,,,,,,,0,0,,,,,bull
consumer_electronics__B_confirmed_base_breakout__conservative__mid,consumer_electronics,,B_confirmed_base_breakout,conservative,mid,20,stock,DATA_INSUFFICIENT,"No licensed point-in-time US daily tape, delist file, corporate-action journal, or historical venue/industry vintages were verified in this environment.",False,,False,False,,,,,,,,,,,,,,,,,,,,,,0,0,,,,,bear
consumer_electronics__B_confirmed_base_breakout__conservative__mid,consumer_electronics,,B_confirmed_base_breakout,conservative,mid,20,stock,DATA_INSUFFICIENT,"No licensed point-in-time US daily tape, delist file, corporate-action journal, or historical venue/industry vintages were verified in this environment.",False,,False,False,,,,,,,,,,,,,,,,,,,,,,0,0,,,,,range
consumer_electronics__B_confirmed_base_breakout__conservative__long,consumer_electronics,,B_confirmed_base_breakout,conservative,long,63,stock,DATA_INSUFFICIENT,"No licensed point-in-time US daily tape, delist file, corporate-action journal, or historical venue/industry vintages were verified in this environment.",False,,False,False,,,,,,,,,,,,,,,,,,,,,,0,0,,,,,bull
consumer_electronics__B_confirmed_base_breakout__conservative__long,consumer_electronics,,B_confirmed_base_breakout,conservative,long,63,stock,DATA_INSUFFICIENT,"No licensed point-in-time US daily tape, delist file, corporate-action journal, or historical venue/industry vintages were verified in this environment.",False,,False,False,,,,,,,,,,,,,,,,,,,,,,0,0,,,,,bear
consumer_electronics__B_confirmed_base_breakout__conservative__long,consumer_electronics,,B_confirmed_base_breakout,conservative,long,63,stock,DATA_INSUFFICIENT,"No licensed point-in-time US daily tape, delist file, corporate-action journal, or historical venue/industry vintages were verified in this environment.",False,,False,False,,,,,,,,,,,,,,,,,,,,,,0,0,,,,,range
consumer_electronics__B_confirmed_base_breakout__balanced__short,consumer_electronics,,B_confirmed_base_breakout,balanced,short,5,stock,DATA_INSUFFICIENT,"No licensed point-in-time US daily tape, delist file, corporate-action journal, or historical venue/industry vintages were verified in this environment.",False,,False,False,,,,,,,,,,,,,,,,,,,,,,0,0,,,,,bull
consumer_electronics__B_confirmed_base_breakout__balanced__short,consumer_electronics,,B_confirmed_base_breakout,balanced,short,5,stock,DATA_INSUFFICIENT,"No licensed point-in-time US daily tape, delist file, corporate-action journal, or historical venue/industry vintages were verified in this environment.",False,,False,False,,,,,,,,,,,,,,,,,,,,,,0,0,,,,,bear
consumer_electronics__B_confirmed_base_breakout__balanced__short,consumer_electronics,,B_confirmed_base_breakout,balanced,short,5,stock,DATA_INSUFFICIENT,"No licensed point-in-time US daily tape, delist file, corporate-action journal, or historical venue/industry vintages were verified in this environment.",False,,False,False,,,,,,,,,,,,,,,,,,,,,,0,0,,,,,range
consumer_electronics__B_confirmed_base_breakout__balanced__mid,consumer_electronics,,B_confirmed_base_breakout,balanced,mid,20,stock,DATA_INSUFFICIENT,"No licensed point-in-time US daily tape, delist file, corporate-action journal, or historical venue/industry vintages were verified in this environment.",False,,False,False,,,,,,,,,,,,,,,,,,,,,,0,0,,,,,bull
consumer_electronics__B_confirmed_base_breakout__balanced__mid,consumer_electronics,,B_confirmed_base_breakout,balanced,mid,20,stock,DATA_INSUFFICIENT,"No licensed point-in-time US daily tape, delist file, corporate-action journal, or historical venue/industry vintages were verified in this environment.",False,,False,False,,,,,,,,,,,,,,,,,,,,,,0,0,,,,,bear
consumer_electronics__B_confirmed_base_breakout__balanced__mid,consumer_electronics,,B_confirmed_base_breakout,balanced,mid,20,stock,DATA_INSUFFICIENT,"No licensed point-in-time US daily tape, delist file, corporate-action journal, or historical venue/industry vintages were verified in this environment.",False,,False,False,,,,,,,,,,,,,,,,,,,,,,0,0,,,,,range
consumer_electronics__B_confirmed_base_breakout__balanced__long,consumer_electronics,,B_confirmed_base_breakout,balanced,long,63,stock,DATA_INSUFFICIENT,"No licensed point-in-time US daily tape, delist file, corporate-action journal, or historical venue/industry vintages were verified in this environment.",False,,False,False,,,,,,,,,,,,,,,,,,,,,,0,0,,,,,bull
consumer_electronics__B_confirmed_base_breakout__balanced__long,consumer_electronics,,B_confirmed_base_breakout,balanced,long,63,stock,DATA_INSUFFICIENT,"No licensed point-in-time US daily tape, delist file, corporate-action journal, or historical venue/industry vintages were verified in this environment.",False,,False,False,,,,,,,,,,,,,,,,,,,,,,0,0,,,,,bear
consumer_electronics__B_confirmed_base_breakout__balanced__long,consumer_electronics,,B_confirmed_base_breakout,balanced,long,63,stock,DATA_INSUFFICIENT,"No licensed point-in-time US daily tape, delist file, corporate-action journal, or historical venue/industry vintages were verified in this environment.",False,,False,False,,,,,,,,,,,,,,,,,,,,,,0,0,,,,,range
consumer_electronics__B_confirmed_base_breakout__aggressive__short,consumer_electronics,,B_confirmed_base_breakout,aggressive,short,5,stock,DATA_INSUFFICIENT,"No licensed point-in-time US daily tape, delist file, corporate-action journal, or historical venue/industry vintages were verified in this environment.",False,,False,False,,,,,,,,,,,,,,,,,,,,,,0,0,,,,,bull
consumer_electronics__B_confirmed_base_breakout__aggressive__short,consumer_electronics,,B_confirmed_base_breakout,aggressive,short,5,stock,DATA_INSUFFICIENT,"No licensed point-in-time US daily tape, delist file, corporate-action journal, or historical venue/industry vintages were verified in this environment.",False,,False,False,,,,,,,,,,,,,,,,,,,,,,0,0,,,,,bear
consumer_electronics__B_confirmed_base_breakout__aggressive__short,consumer_electronics,,B_confirmed_base_breakout,aggressive,short,5,stock,DATA_INSUFFICIENT,"No licensed point-in-time US daily tape, delist file, corporate-action journal, or historical venue/industry vintages were verified in this environment.",False,,False,False,,,,,,,,,,,,,,,,,,,,,,0,0,,,,,range
consumer_electronics__B_confirmed_base_breakout__aggressive__mid,consumer_electronics,,B_confirmed_base_breakout,aggressive,mid,20,stock,DATA_INSUFFICIENT,"No licensed point-in-time US daily tape, delist file, corporate-action journal, or historical venue/industry vintages were verified in this environment.",False,,False,False,,,,,,,,,,,,,,,,,,,,,,0,0,,,,,bull
consumer_electronics__B_confirmed_base_breakout__aggressive__mid,consumer_electronics,,B_confirmed_base_breakout,aggressive,mid,20,stock,DATA_INSUFFICIENT,"No licensed point-in-time US daily tape, delist file, corporate-action journal, or historical venue/industry vintages were verified in this environment.",False,,False,False,,,,,,,,,,,,,,,,,,,,,,0,0,,,,,bear
consumer_electronics__B_confirmed_base_breakout__aggressive__mid,consumer_electronics,,B_confirmed_base_breakout,aggressive,mid,20,stock,DATA_INSUFFICIENT,"No licensed point-in-time US daily tape, delist file, corporate-action journal, or historical venue/industry vintages were verified in this environment.",False,,False,False,,,,,,,,,,,,,,,,,,,,,,0,0,,,,,range
consumer_electronics__B_confirmed_base_breakout__aggressive__long,consumer_electronics,,B_confirmed_base_breakout,aggressive,long,63,stock,DATA_INSUFFICIENT,"No licensed point-in-time US daily tape, delist file, corporate-action journal, or historical venue/industry vintages were verified in this environment.",False,,False,False,,,,,,,,,,,,,,,,,,,,,,0,0,,,,,bull
consumer_electronics__B_confirmed_base_breakout__aggressive__long,consumer_electronics,,B_confirmed_base_breakout,aggressive,long,63,stock,DATA_INSUFFICIENT,"No licensed point-in-time US daily tape, delist file, corporate-action journal, or historical venue/industry vintages were verified in this environment.",False,,False,False,,,,,,,,,,,,,,,,,,,,,,0,0,,,,,bear
consumer_electronics__B_confirmed_base_breakout__aggressive__long,consumer_electronics,,B_confirmed_base_breakout,aggressive,long,63,stock,DATA_INSUFFICIENT,"No licensed point-in-time US daily tape, delist file, corporate-action journal, or historical venue/industry vintages were verified in this environment.",False,,False,False,,,,,,,,,,,,,,,,,,,,,,0,0,,,,,range
consumer_electronics__C_trend_pullback__conservative__short,consumer_electronics,,C_trend_pullback,conservative,short,5,stock,DATA_INSUFFICIENT,"No licensed point-in-time US daily tape, delist file, corporate-action journal, or historical venue/industry vintages were verified in this environment.",False,,False,False,,,,,,,,,,,,,,,,,,,,,,0,0,,,,,bull
consumer_electronics__C_trend_pullback__conservative__short,consumer_electronics,,C_trend_pullback,conservative,short,5,stock,DATA_INSUFFICIENT,"No licensed point-in-time US daily tape, delist file, corporate-action journal, or historical venue/industry vintages were verified in this environment.",False,,False,False,,,,,,,,,,,,,,,,,,,,,,0,0,,,,,bear
consumer_electronics__C_trend_pullback__conservative__short,consumer_electronics,,C_trend_pullback,conservative,short,5,stock,DATA_INSUFFICIENT,"No licensed point-in-time US daily tape, delist file, corporate-action journal, or historical venue/industry vintages were verified in this environment.",False,,False,False,,,,,,,,,,,,,,,,,,,,,,0,0,,,,,range
consumer_electronics__C_trend_pullback__conservative__mid,consumer_electronics,,C_trend_pullback,conservative,mid,20,stock,DATA_INSUFFICIENT,"No licensed point-in-time US daily tape, delist file, corporate-action journal, or historical venue/industry vintages were verified in this environment.",False,,False,False,,,,,,,,,,,,,,,,,,,,,,0,0,,,,,bull
consumer_electronics__C_trend_pullback__conservative__mid,consumer_electronics,,C_trend_pullback,conservative,mid,20,stock,DATA_INSUFFICIENT,"No licensed point-in-time US daily tape, delist file, corporate-action journal, or historical venue/industry vintages were verified in this environment.",False,,False,False,,,,,,,,,,,,,,,,,,,,,,0,0,,,,,bear
consumer_electronics__C_trend_pullback__conservative__mid,consumer_electronics,,C_trend_pullback,conservative,mid,20,stock,DATA_INSUFFICIENT,"No licensed point-in-time US daily tape, delist file, corporate-action journal, or historical venue/industry vintages were verified in this environment.",False,,False,False,,,,,,,,,,,,,,,,,,,,,,0,0,,,,,range
consumer_electronics__C_trend_pullback__conservative__long,consumer_electronics,,C_trend_pullback,conservative,long,63,stock,DATA_INSUFFICIENT,"No licensed point-in-time US daily tape, delist file, corporate-action journal, or historical venue/industry vintages were verified in this environment.",False,,False,False,,,,,,,,,,,,,,,,,,,,,,0,0,,,,,bull
consumer_electronics__C_trend_pullback__conservative__long,consumer_electronics,,C_trend_pullback,conservative,long,63,stock,DATA_INSUFFICIENT,"No licensed point-in-time US daily tape, delist file, corporate-action journal, or historical venue/industry vintages were verified in this environment.",False,,False,False,,,,,,,,,,,,,,,,,,,,,,0,0,,,,,bear
consumer_electronics__C_trend_pullback__conservative__long,consumer_electronics,,C_trend_pullback,conservative,long,63,stock,DATA_INSUFFICIENT,"No licensed point-in-time US daily tape, delist file, corporate-action journal, or historical venue/industry vintages were verified in this environment.",False,,False,False,,,,,,,,,,,,,,,,,,,,,,0,0,,,,,range
consumer_electronics__C_trend_pullback__balanced__short,consumer_electronics,,C_trend_pullback,balanced,short,5,stock,DATA_INSUFFICIENT,"No licensed point-in-time US daily tape, delist file, corporate-action journal, or historical venue/industry vintages were verified in this environment.",False,,False,False,,,,,,,,,,,,,,,,,,,,,,0,0,,,,,bull
consumer_electronics__C_trend_pullback__balanced__short,consumer_electronics,,C_trend_pullback,balanced,short,5,stock,DATA_INSUFFICIENT,"No licensed point-in-time US daily tape, delist file, corporate-action journal, or historical venue/industry vintages were verified in this environment.",False,,False,False,,,,,,,,,,,,,,,,,,,,,,0,0,,,,,bear
consumer_electronics__C_trend_pullback__balanced__short,consumer_electronics,,C_trend_pullback,balanced,short,5,stock,DATA_INSUFFICIENT,"No licensed point-in-time US daily tape, delist file, corporate-action journal, or historical venue/industry vintages were verified in this environment.",False,,False,False,,,,,,,,,,,,,,,,,,,,,,0,0,,,,,range
consumer_electronics__C_trend_pullback__balanced__mid,consumer_electronics,,C_trend_pullback,balanced,mid,20,stock,DATA_INSUFFICIENT,"No licensed point-in-time US daily tape, delist file, corporate-action journal, or historical venue/industry vintages were verified in this environment.",False,,False,False,,,,,,,,,,,,,,,,,,,,,,0,0,,,,,bull
consumer_electronics__C_trend_pullback__balanced__mid,consumer_electronics,,C_trend_pullback,balanced,mid,20,stock,DATA_INSUFFICIENT,"No licensed point-in-time US daily tape, delist file, corporate-action journal, or historical venue/industry vintages were verified in this environment.",False,,False,False,,,,,,,,,,,,,,,,,,,,,,0,0,,,,,bear
consumer_electronics__C_trend_pullback__balanced__mid,consumer_electronics,,C_trend_pullback,balanced,mid,20,stock,DATA_INSUFFICIENT,"No licensed point-in-time US daily tape, delist file, corporate-action journal, or historical venue/industry vintages were verified in this environment.",False,,False,False,,,,,,,,,,,,,,,,,,,,,,0,0,,,,,range
consumer_electronics__C_trend_pullback__balanced__long,consumer_electronics,,C_trend_pullback,balanced,long,63,stock,DATA_INSUFFICIENT,"No licensed point-in-time US daily tape, delist file, corporate-action journal, or historical venue/industry vintages were verified in this environment.",False,,False,False,,,,,,,,,,,,,,,,,,,,,,0,0,,,,,bull
consumer_electronics__C_trend_pullback__balanced__long,consumer_electronics,,C_trend_pullback,balanced,long,63,stock,DATA_INSUFFICIENT,"No licensed point-in-time US daily tape, delist file, corporate-action journal, or historical venue/industry vintages were verified in this environment.",False,,False,False,,,,,,,,,,,,,,,,,,,,,,0,0,,,,,bear
consumer_electronics__C_trend_pullback__balanced__long,consumer_electronics,,C_trend_pullback,balanced,long,63,stock,DATA_INSUFFICIENT,"No licensed point-in-time US daily tape, delist file, corporate-action journal, or historical venue/industry vintages were verified in this environment.",False,,False,False,,,,,,,,,,,,,,,,,,,,,,0,0,,,,,range
consumer_electronics__C_trend_pullback__aggressive__short,consumer_electronics,,C_trend_pullback,aggressive,short,5,stock,DATA_INSUFFICIENT,"No licensed point-in-time US daily tape, delist file, corporate-action journal, or historical venue/industry vintages were verified in this environment.",False,,False,False,,,,,,,,,,,,,,,,,,,,,,0,0,,,,,bull
consumer_electronics__C_trend_pullback__aggressive__short,consumer_electronics,,C_trend_pullback,aggressive,short,5,stock,DATA_INSUFFICIENT,"No licensed point-in-time US daily tape, delist file, corporate-action journal, or historical venue/industry vintages were verified in this environment.",False,,False,False,,,,,,,,,,,,,,,,,,,,,,0,0,,,,,bear
consumer_electronics__C_trend_pullback__aggressive__short,consumer_electronics,,C_trend_pullback,aggressive,short,5,stock,DATA_INSUFFICIENT,"No licensed point-in-time US daily tape, delist file, corporate-action journal, or historical venue/industry vintages were verified in this environment.",False,,False,False,,,,,,,,,,,,,,,,,,,,,,0,0,,,,,range
consumer_electronics__C_trend_pullback__aggressive__mid,consumer_electronics,,C_trend_pullback,aggressive,mid,20,stock,DATA_INSUFFICIENT,"No licensed point-in-time US daily tape, delist file, corporate-action journal, or historical venue/industry vintages were verified in this environment.",False,,False,False,,,,,,,,,,,,,,,,,,,,,,0,0,,,,,bull
consumer_electronics__C_trend_pullback__aggressive__mid,consumer_electronics,,C_trend_pullback,aggressive,mid,20,stock,DATA_INSUFFICIENT,"No licensed point-in-time US daily tape, delist file, corporate-action journal, or historical venue/industry vintages were verified in this environment.",False,,False,False,,,,,,,,,,,,,,,,,,,,,,0,0,,,,,bear
consumer_electronics__C_trend_pullback__aggressive__mid,consumer_electronics,,C_trend_pullback,aggressive,mid,20,stock,DATA_INSUFFICIENT,"No licensed point-in-time US daily tape, delist file, corporate-action journal, or historical venue/industry vintages were verified in this environment.",False,,False,False,,,,,,,,,,,,,,,,,,,,,,0,0,,,,,range
consumer_electronics__C_trend_pullback__aggressive__long,consumer_electronics,,C_trend_pullback,aggressive,long,63,stock,DATA_INSUFFICIENT,"No licensed point-in-time US daily tape, delist file, corporate-action journal, or historical venue/industry vintages were verified in this environment.",False,,False,False,,,,,,,,,,,,,,,,,,,,,,0,0,,,,,bull
consumer_electronics__C_trend_pullback__aggressive__long,consumer_electronics,,C_trend_pullback,aggressive,long,63,stock,DATA_INSUFFICIENT,"No licensed point-in-time US daily tape, delist file, corporate-action journal, or historical venue/industry vintages were verified in this environment.",False,,False,False,,,,,,,,,,,,,,,,,,,,,,0,0,,,,,bear
consumer_electronics__C_trend_pullback__aggressive__long,consumer_electronics,,C_trend_pullback,aggressive,long,63,stock,DATA_INSUFFICIENT,"No licensed point-in-time US daily tape, delist file, corporate-action journal, or historical venue/industry vintages were verified in this environment.",False,,False,False,,,,,,,,,,,,,,,,,,,,,,0,0,,,,,range
consumer_electronics__D_residual_momentum__conservative__short,consumer_electronics,,D_residual_momentum,conservative,short,5,stock,DATA_INSUFFICIENT,"No licensed point-in-time US daily tape, delist file, corporate-action journal, or historical venue/industry vintages were verified in this environment.",False,,False,False,,,,,,,,,,,,,,,,,,,,,,0,0,,,,,bull
consumer_electronics__D_residual_momentum__conservative__short,consumer_electronics,,D_residual_momentum,conservative,short,5,stock,DATA_INSUFFICIENT,"No licensed point-in-time US daily tape, delist file, corporate-action journal, or historical venue/industry vintages were verified in this environment.",False,,False,False,,,,,,,,,,,,,,,,,,,,,,0,0,,,,,bear
consumer_electronics__D_residual_momentum__conservative__short,consumer_electronics,,D_residual_momentum,conservative,short,5,stock,DATA_INSUFFICIENT,"No licensed point-in-time US daily tape, delist file, corporate-action journal, or historical venue/industry vintages were verified in this environment.",False,,False,False,,,,,,,,,,,,,,,,,,,,,,0,0,,,,,range
consumer_electronics__D_residual_momentum__conservative__mid,consumer_electronics,,D_residual_momentum,conservative,mid,20,stock,DATA_INSUFFICIENT,"No licensed point-in-time US daily tape, delist file, corporate-action journal, or historical venue/industry vintages were verified in this environment.",False,,False,False,,,,,,,,,,,,,,,,,,,,,,0,0,,,,,bull
consumer_electronics__D_residual_momentum__conservative__mid,consumer_electronics,,D_residual_momentum,conservative,mid,20,stock,DATA_INSUFFICIENT,"No licensed point-in-time US daily tape, delist file, corporate-action journal, or historical venue/industry vintages were verified in this environment.",False,,False,False,,,,,,,,,,,,,,,,,,,,,,0,0,,,,,bear
consumer_electronics__D_residual_momentum__conservative__mid,consumer_electronics,,D_residual_momentum,conservative,mid,20,stock,DATA_INSUFFICIENT,"No licensed point-in-time US daily tape, delist file, corporate-action journal, or historical venue/industry vintages were verified in this environment.",False,,False,False,,,,,,,,,,,,,,,,,,,,,,0,0,,,,,range
consumer_electronics__D_residual_momentum__conservative__long,consumer_electronics,,D_residual_momentum,conservative,long,63,stock,DATA_INSUFFICIENT,"No licensed point-in-time US daily tape, delist file, corporate-action journal, or historical venue/industry vintages were verified in this environment.",False,,False,False,,,,,,,,,,,,,,,,,,,,,,0,0,,,,,bull
consumer_electronics__D_residual_momentum__conservative__long,consumer_electronics,,D_residual_momentum,conservative,long,63,stock,DATA_INSUFFICIENT,"No licensed point-in-time US daily tape, delist file, corporate-action journal, or historical venue/industry vintages were verified in this environment.",False,,False,False,,,,,,,,,,,,,,,,,,,,,,0,0,,,,,bear
consumer_electronics__D_residual_momentum__conservative__long,consumer_electronics,,D_residual_momentum,conservative,long,63,stock,DATA_INSUFFICIENT,"No licensed point-in-time US daily tape, delist file, corporate-action journal, or historical venue/industry vintages were verified in this environment.",False,,False,False,,,,,,,,,,,,,,,,,,,,,,0,0,,,,,range
consumer_electronics__D_residual_momentum__balanced__short,consumer_electronics,,D_residual_momentum,balanced,short,5,stock,DATA_INSUFFICIENT,"No licensed point-in-time US daily tape, delist file, corporate-action journal, or historical venue/industry vintages were verified in this environment.",False,,False,False,,,,,,,,,,,,,,,,,,,,,,0,0,,,,,bull
consumer_electronics__D_residual_momentum__balanced__short,consumer_electronics,,D_residual_momentum,balanced,short,5,stock,DATA_INSUFFICIENT,"No licensed point-in-time US daily tape, delist file, corporate-action journal, or historical venue/industry vintages were verified in this environment.",False,,False,False,,,,,,,,,,,,,,,,,,,,,,0,0,,,,,bear
consumer_electronics__D_residual_momentum__balanced__short,consumer_electronics,,D_residual_momentum,balanced,short,5,stock,DATA_INSUFFICIENT,"No licensed point-in-time US daily tape, delist file, corporate-action journal, or historical venue/industry vintages were verified in this environment.",False,,False,False,,,,,,,,,,,,,,,,,,,,,,0,0,,,,,range
consumer_electronics__D_residual_momentum__balanced__mid,consumer_electronics,,D_residual_momentum,balanced,mid,20,stock,DATA_INSUFFICIENT,"No licensed point-in-time US daily tape, delist file, corporate-action journal, or historical venue/industry vintages were verified in this environment.",False,,False,False,,,,,,,,,,,,,,,,,,,,,,0,0,,,,,bull
consumer_electronics__D_residual_momentum__balanced__mid,consumer_electronics,,D_residual_momentum,balanced,mid,20,stock,DATA_INSUFFICIENT,"No licensed point-in-time US daily tape, delist file, corporate-action journal, or historical venue/industry vintages were verified in this environment.",False,,False,False,,,,,,,,,,,,,,,,,,,,,,0,0,,,,,bear
consumer_electronics__D_residual_momentum__balanced__mid,consumer_electronics,,D_residual_momentum,balanced,mid,20,stock,DATA_INSUFFICIENT,"No licensed point-in-time US daily tape, delist file, corporate-action journal, or historical venue/industry vintages were verified in this environment.",False,,False,False,,,,,,,,,,,,,,,,,,,,,,0,0,,,,,range
consumer_electronics__D_residual_momentum__balanced__long,consumer_electronics,,D_residual_momentum,balanced,long,63,stock,DATA_INSUFFICIENT,"No licensed point-in-time US daily tape, delist file, corporate-action journal, or historical venue/industry vintages were verified in this environment.",False,,False,False,,,,,,,,,,,,,,,,,,,,,,0,0,,,,,bull
consumer_electronics__D_residual_momentum__balanced__long,consumer_electronics,,D_residual_momentum,balanced,long,63,stock,DATA_INSUFFICIENT,"No licensed point-in-time US daily tape, delist file, corporate-action journal, or historical venue/industry vintages were verified in this environment.",False,,False,False,,,,,,,,,,,,,,,,,,,,,,0,0,,,,,bear
consumer_electronics__D_residual_momentum__balanced__long,consumer_electronics,,D_residual_momentum,balanced,long,63,stock,DATA_INSUFFICIENT,"No licensed point-in-time US daily tape, delist file, corporate-action journal, or historical venue/industry vintages were verified in this environment.",False,,False,False,,,,,,,,,,,,,,,,,,,,,,0,0,,,,,range
consumer_electronics__D_residual_momentum__aggressive__short,consumer_electronics,,D_residual_momentum,aggressive,short,5,stock,DATA_INSUFFICIENT,"No licensed point-in-time US daily tape, delist file, corporate-action journal, or historical venue/industry vintages were verified in this environment.",False,,False,False,,,,,,,,,,,,,,,,,,,,,,0,0,,,,,bull
consumer_electronics__D_residual_momentum__aggressive__short,consumer_electronics,,D_residual_momentum,aggressive,short,5,stock,DATA_INSUFFICIENT,"No licensed point-in-time US daily tape, delist file, corporate-action journal, or historical venue/industry vintages were verified in this environment.",False,,False,False,,,,,,,,,,,,,,,,,,,,,,0,0,,,,,bear
consumer_electronics__D_residual_momentum__aggressive__short,consumer_electronics,,D_residual_momentum,aggressive,short,5,stock,DATA_INSUFFICIENT,"No licensed point-in-time US daily tape, delist file, corporate-action journal, or historical venue/industry vintages were verified in this environment.",False,,False,False,,,,,,,,,,,,,,,,,,,,,,0,0,,,,,range
consumer_electronics__D_residual_momentum__aggressive__mid,consumer_electronics,,D_residual_momentum,aggressive,mid,20,stock,DATA_INSUFFICIENT,"No licensed point-in-time US daily tape, delist file, corporate-action journal, or historical venue/industry vintages were verified in this environment.",False,,False,False,,,,,,,,,,,,,,,,,,,,,,0,0,,,,,bull
consumer_electronics__D_residual_momentum__aggressive__mid,consumer_electronics,,D_residual_momentum,aggressive,mid,20,stock,DATA_INSUFFICIENT,"No licensed point-in-time US daily tape, delist file, corporate-action journal, or historical venue/industry vintages were verified in this environment.",False,,False,False,,,,,,,,,,,,,,,,,,,,,,0,0,,,,,bear
consumer_electronics__D_residual_momentum__aggressive__mid,consumer_electronics,,D_residual_momentum,aggressive,mid,20,stock,DATA_INSUFFICIENT,"No licensed point-in-time US daily tape, delist file, corporate-action journal, or historical venue/industry vintages were verified in this environment.",False,,False,False,,,,,,,,,,,,,,,,,,,,,,0,0,,,,,range
consumer_electronics__D_residual_momentum__aggressive__long,consumer_electronics,,D_residual_momentum,aggressive,long,63,stock,DATA_INSUFFICIENT,"No licensed point-in-time US daily tape, delist file, corporate-action journal, or historical venue/industry vintages were verified in this environment.",False,,False,False,,,,,,,,,,,,,,,,,,,,,,0,0,,,,,bull
consumer_electronics__D_residual_momentum__aggressive__long,consumer_electronics,,D_residual_momentum,aggressive,long,63,stock,DATA_INSUFFICIENT,"No licensed point-in-time US daily tape, delist file, corporate-action journal, or historical venue/industry vintages were verified in this environment.",False,,False,False,,,,,,,,,,,,,,,,,,,,,,0,0,,,,,bear
consumer_electronics__D_residual_momentum__aggressive__long,consumer_electronics,,D_residual_momentum,aggressive,long,63,stock,DATA_INSUFFICIENT,"No licensed point-in-time US daily tape, delist file, corporate-action journal, or historical venue/industry vintages were verified in this environment.",False,,False,False,,,,,,,,,,,,,,,,,,,,,,0,0,,,,,range
automotive__A_trend_quality__conservative__short,automotive,,A_trend_quality,conservative,short,5,stock,DATA_INSUFFICIENT,"No licensed point-in-time US daily tape, delist file, corporate-action journal, or historical venue/industry vintages were verified in this environment.",False,,False,False,,,,,,,,,,,,,,,,,,,,,,0,0,,,,,bull
automotive__A_trend_quality__conservative__short,automotive,,A_trend_quality,conservative,short,5,stock,DATA_INSUFFICIENT,"No licensed point-in-time US daily tape, delist file, corporate-action journal, or historical venue/industry vintages were verified in this environment.",False,,False,False,,,,,,,,,,,,,,,,,,,,,,0,0,,,,,bear
automotive__A_trend_quality__conservative__short,automotive,,A_trend_quality,conservative,short,5,stock,DATA_INSUFFICIENT,"No licensed point-in-time US daily tape, delist file, corporate-action journal, or historical venue/industry vintages were verified in this environment.",False,,False,False,,,,,,,,,,,,,,,,,,,,,,0,0,,,,,range
automotive__A_trend_quality__conservative__mid,automotive,,A_trend_quality,conservative,mid,20,stock,DATA_INSUFFICIENT,"No licensed point-in-time US daily tape, delist file, corporate-action journal, or historical venue/industry vintages were verified in this environment.",False,,False,False,,,,,,,,,,,,,,,,,,,,,,0,0,,,,,bull
automotive__A_trend_quality__conservative__mid,automotive,,A_trend_quality,conservative,mid,20,stock,DATA_INSUFFICIENT,"No licensed point-in-time US daily tape, delist file, corporate-action journal, or historical venue/industry vintages were verified in this environment.",False,,False,False,,,,,,,,,,,,,,,,,,,,,,0,0,,,,,bear
automotive__A_trend_quality__conservative__mid,automotive,,A_trend_quality,conservative,mid,20,stock,DATA_INSUFFICIENT,"No licensed point-in-time US daily tape, delist file, corporate-action journal, or historical venue/industry vintages were verified in this environment.",False,,False,False,,,,,,,,,,,,,,,,,,,,,,0,0,,,,,range
automotive__A_trend_quality__conservative__long,automotive,,A_trend_quality,conservative,long,63,stock,DATA_INSUFFICIENT,"No licensed point-in-time US daily tape, delist file, corporate-action journal, or historical venue/industry vintages were verified in this environment.",False,,False,False,,,,,,,,,,,,,,,,,,,,,,0,0,,,,,bull
automotive__A_trend_quality__conservative__long,automotive,,A_trend_quality,conservative,long,63,stock,DATA_INSUFFICIENT,"No licensed point-in-time US daily tape, delist file, corporate-action journal, or historical venue/industry vintages were verified in this environment.",False,,False,False,,,,,,,,,,,,,,,,,,,,,,0,0,,,,,bear
automotive__A_trend_quality__conservative__long,automotive,,A_trend_quality,conservative,long,63,stock,DATA_INSUFFICIENT,"No licensed point-in-time US daily tape, delist file, corporate-action journal, or historical venue/industry vintages were verified in this environment.",False,,False,False,,,,,,,,,,,,,,,,,,,,,,0,0,,,,,range
automotive__A_trend_quality__balanced__short,automotive,,A_trend_quality,balanced,short,5,stock,DATA_INSUFFICIENT,"No licensed point-in-time US daily tape, delist file, corporate-action journal, or historical venue/industry vintages were verified in this environment.",False,,False,False,,,,,,,,,,,,,,,,,,,,,,0,0,,,,,bull
automotive__A_trend_quality__balanced__short,automotive,,A_trend_quality,balanced,short,5,stock,DATA_INSUFFICIENT,"No licensed point-in-time US daily tape, delist file, corporate-action journal, or historical venue/industry vintages were verified in this environment.",False,,False,False,,,,,,,,,,,,,,,,,,,,,,0,0,,,,,bear
automotive__A_trend_quality__balanced__short,automotive,,A_trend_quality,balanced,short,5,stock,DATA_INSUFFICIENT,"No licensed point-in-time US daily tape, delist file, corporate-action journal, or historical venue/industry vintages were verified in this environment.",False,,False,False,,,,,,,,,,,,,,,,,,,,,,0,0,,,,,range
automotive__A_trend_quality__balanced__mid,automotive,,A_trend_quality,balanced,mid,20,stock,DATA_INSUFFICIENT,"No licensed point-in-time US daily tape, delist file, corporate-action journal, or historical venue/industry vintages were verified in this environment.",False,,False,False,,,,,,,,,,,,,,,,,,,,,,0,0,,,,,bull
automotive__A_trend_quality__balanced__mid,automotive,,A_trend_quality,balanced,mid,20,stock,DATA_INSUFFICIENT,"No licensed point-in-time US daily tape, delist file, corporate-action journal, or historical venue/industry vintages were verified in this environment.",False,,False,False,,,,,,,,,,,,,,,,,,,,,,0,0,,,,,bear
automotive__A_trend_quality__balanced__mid,automotive,,A_trend_quality,balanced,mid,20,stock,DATA_INSUFFICIENT,"No licensed point-in-time US daily tape, delist file, corporate-action journal, or historical venue/industry vintages were verified in this environment.",False,,False,False,,,,,,,,,,,,,,,,,,,,,,0,0,,,,,range
automotive__A_trend_quality__balanced__long,automotive,,A_trend_quality,balanced,long,63,stock,DATA_INSUFFICIENT,"No licensed point-in-time US daily tape, delist file, corporate-action journal, or historical venue/industry vintages were verified in this environment.",False,,False,False,,,,,,,,,,,,,,,,,,,,,,0,0,,,,,bull
automotive__A_trend_quality__balanced__long,automotive,,A_trend_quality,balanced,long,63,stock,DATA_INSUFFICIENT,"No licensed point-in-time US daily tape, delist file, corporate-action journal, or historical venue/industry vintages were verified in this environment.",False,,False,False,,,,,,,,,,,,,,,,,,,,,,0,0,,,,,bear
automotive__A_trend_quality__balanced__long,automotive,,A_trend_quality,balanced,long,63,stock,DATA_INSUFFICIENT,"No licensed point-in-time US daily tape, delist file, corporate-action journal, or historical venue/industry vintages were verified in this environment.",False,,False,False,,,,,,,,,,,,,,,,,,,,,,0,0,,,,,range
automotive__A_trend_quality__aggressive__short,automotive,,A_trend_quality,aggressive,short,5,stock,DATA_INSUFFICIENT,"No licensed point-in-time US daily tape, delist file, corporate-action journal, or historical venue/industry vintages were verified in this environment.",False,,False,False,,,,,,,,,,,,,,,,,,,,,,0,0,,,,,bull
automotive__A_trend_quality__aggressive__short,automotive,,A_trend_quality,aggressive,short,5,stock,DATA_INSUFFICIENT,"No licensed point-in-time US daily tape, delist file, corporate-action journal, or historical venue/industry vintages were verified in this environment.",False,,False,False,,,,,,,,,,,,,,,,,,,,,,0,0,,,,,bear
automotive__A_trend_quality__aggressive__short,automotive,,A_trend_quality,aggressive,short,5,stock,DATA_INSUFFICIENT,"No licensed point-in-time US daily tape, delist file, corporate-action journal, or historical venue/industry vintages were verified in this environment.",False,,False,False,,,,,,,,,,,,,,,,,,,,,,0,0,,,,,range
automotive__A_trend_quality__aggressive__mid,automotive,,A_trend_quality,aggressive,mid,20,stock,DATA_INSUFFICIENT,"No licensed point-in-time US daily tape, delist file, corporate-action journal, or historical venue/industry vintages were verified in this environment.",False,,False,False,,,,,,,,,,,,,,,,,,,,,,0,0,,,,,bull
automotive__A_trend_quality__aggressive__mid,automotive,,A_trend_quality,aggressive,mid,20,stock,DATA_INSUFFICIENT,"No licensed point-in-time US daily tape, delist file, corporate-action journal, or historical venue/industry vintages were verified in this environment.",False,,False,False,,,,,,,,,,,,,,,,,,,,,,0,0,,,,,bear
automotive__A_trend_quality__aggressive__mid,automotive,,A_trend_quality,aggressive,mid,20,stock,DATA_INSUFFICIENT,"No licensed point-in-time US daily tape, delist file, corporate-action journal, or historical venue/industry vintages were verified in this environment.",False,,False,False,,,,,,,,,,,,,,,,,,,,,,0,0,,,,,range
automotive__A_trend_quality__aggressive__long,automotive,,A_trend_quality,aggressive,long,63,stock,DATA_INSUFFICIENT,"No licensed point-in-time US daily tape, delist file, corporate-action journal, or historical venue/industry vintages were verified in this environment.",False,,False,False,,,,,,,,,,,,,,,,,,,,,,0,0,,,,,bull
automotive__A_trend_quality__aggressive__long,automotive,,A_trend_quality,aggressive,long,63,stock,DATA_INSUFFICIENT,"No licensed point-in-time US daily tape, delist file, corporate-action journal, or historical venue/industry vintages were verified in this environment.",False,,False,False,,,,,,,,,,,,,,,,,,,,,,0,0,,,,,bear
automotive__A_trend_quality__aggressive__long,automotive,,A_trend_quality,aggressive,long,63,stock,DATA_INSUFFICIENT,"No licensed point-in-time US daily tape, delist file, corporate-action journal, or historical venue/industry vintages were verified in this environment.",False,,False,False,,,,,,,,,,,,,,,,,,,,,,0,0,,,,,range
automotive__B_confirmed_base_breakout__conservative__short,automotive,,B_confirmed_base_breakout,conservative,short,5,stock,DATA_INSUFFICIENT,"No licensed point-in-time US daily tape, delist file, corporate-action journal, or historical venue/industry vintages were verified in this environment.",False,,False,False,,,,,,,,,,,,,,,,,,,,,,0,0,,,,,bull
automotive__B_confirmed_base_breakout__conservative__short,automotive,,B_confirmed_base_breakout,conservative,short,5,stock,DATA_INSUFFICIENT,"No licensed point-in-time US daily tape, delist file, corporate-action journal, or historical venue/industry vintages were verified in this environment.",False,,False,False,,,,,,,,,,,,,,,,,,,,,,0,0,,,,,bear
automotive__B_confirmed_base_breakout__conservative__short,automotive,,B_confirmed_base_breakout,conservative,short,5,stock,DATA_INSUFFICIENT,"No licensed point-in-time US daily tape, delist file, corporate-action journal, or historical venue/industry vintages were verified in this environment.",False,,False,False,,,,,,,,,,,,,,,,,,,,,,0,0,,,,,range
automotive__B_confirmed_base_breakout__conservative__mid,automotive,,B_confirmed_base_breakout,conservative,mid,20,stock,DATA_INSUFFICIENT,"No licensed point-in-time US daily tape, delist file, corporate-action journal, or historical venue/industry vintages were verified in this environment.",False,,False,False,,,,,,,,,,,,,,,,,,,,,,0,0,,,,,bull
automotive__B_confirmed_base_breakout__conservative__mid,automotive,,B_confirmed_base_breakout,conservative,mid,20,stock,DATA_INSUFFICIENT,"No licensed point-in-time US daily tape, delist file, corporate-action journal, or historical venue/industry vintages were verified in this environment.",False,,False,False,,,,,,,,,,,,,,,,,,,,,,0,0,,,,,bear
automotive__B_confirmed_base_breakout__conservative__mid,automotive,,B_confirmed_base_breakout,conservative,mid,20,stock,DATA_INSUFFICIENT,"No licensed point-in-time US daily tape, delist file, corporate-action journal, or historical venue/industry vintages were verified in this environment.",False,,False,False,,,,,,,,,,,,,,,,,,,,,,0,0,,,,,range
automotive__B_confirmed_base_breakout__conservative__long,automotive,,B_confirmed_base_breakout,conservative,long,63,stock,DATA_INSUFFICIENT,"No licensed point-in-time US daily tape, delist file, corporate-action journal, or historical venue/industry vintages were verified in this environment.",False,,False,False,,,,,,,,,,,,,,,,,,,,,,0,0,,,,,bull
automotive__B_confirmed_base_breakout__conservative__long,automotive,,B_confirmed_base_breakout,conservative,long,63,stock,DATA_INSUFFICIENT,"No licensed point-in-time US daily tape, delist file, corporate-action journal, or historical venue/industry vintages were verified in this environment.",False,,False,False,,,,,,,,,,,,,,,,,,,,,,0,0,,,,,bear
automotive__B_confirmed_base_breakout__conservative__long,automotive,,B_confirmed_base_breakout,conservative,long,63,stock,DATA_INSUFFICIENT,"No licensed point-in-time US daily tape, delist file, corporate-action journal, or historical venue/industry vintages were verified in this environment.",False,,False,False,,,,,,,,,,,,,,,,,,,,,,0,0,,,,,range
automotive__B_confirmed_base_breakout__balanced__short,automotive,,B_confirmed_base_breakout,balanced,short,5,stock,DATA_INSUFFICIENT,"No licensed point-in-time US daily tape, delist file, corporate-action journal, or historical venue/industry vintages were verified in this environment.",False,,False,False,,,,,,,,,,,,,,,,,,,,,,0,0,,,,,bull
automotive__B_confirmed_base_breakout__balanced__short,automotive,,B_confirmed_base_breakout,balanced,short,5,stock,DATA_INSUFFICIENT,"No licensed point-in-time US daily tape, delist file, corporate-action journal, or historical venue/industry vintages were verified in this environment.",False,,False,False,,,,,,,,,,,,,,,,,,,,,,0,0,,,,,bear
automotive__B_confirmed_base_breakout__balanced__short,automotive,,B_confirmed_base_breakout,balanced,short,5,stock,DATA_INSUFFICIENT,"No licensed point-in-time US daily tape, delist file, corporate-action journal, or historical venue/industry vintages were verified in this environment.",False,,False,False,,,,,,,,,,,,,,,,,,,,,,0,0,,,,,range
automotive__B_confirmed_base_breakout__balanced__mid,automotive,,B_confirmed_base_breakout,balanced,mid,20,stock,DATA_INSUFFICIENT,"No licensed point-in-time US daily tape, delist file, corporate-action journal, or historical venue/industry vintages were verified in this environment.",False,,False,False,,,,,,,,,,,,,,,,,,,,,,0,0,,,,,bull
automotive__B_confirmed_base_breakout__balanced__mid,automotive,,B_confirmed_base_breakout,balanced,mid,20,stock,DATA_INSUFFICIENT,"No licensed point-in-time US daily tape, delist file, corporate-action journal, or historical venue/industry vintages were verified in this environment.",False,,False,False,,,,,,,,,,,,,,,,,,,,,,0,0,,,,,bear
automotive__B_confirmed_base_breakout__balanced__mid,automotive,,B_confirmed_base_breakout,balanced,mid,20,stock,DATA_INSUFFICIENT,"No licensed point-in-time US daily tape, delist file, corporate-action journal, or historical venue/industry vintages were verified in this environment.",False,,False,False,,,,,,,,,,,,,,,,,,,,,,0,0,,,,,range
automotive__B_confirmed_base_breakout__balanced__long,automotive,,B_confirmed_base_breakout,balanced,long,63,stock,DATA_INSUFFICIENT,"No licensed point-in-time US daily tape, delist file, corporate-action journal, or historical venue/industry vintages were verified in this environment.",False,,False,False,,,,,,,,,,,,,,,,,,,,,,0,0,,,,,bull
automotive__B_confirmed_base_breakout__balanced__long,automotive,,B_confirmed_base_breakout,balanced,long,63,stock,DATA_INSUFFICIENT,"No licensed point-in-time US daily tape, delist file, corporate-action journal, or historical venue/industry vintages were verified in this environment.",False,,False,False,,,,,,,,,,,,,,,,,,,,,,0,0,,,,,bear
automotive__B_confirmed_base_breakout__balanced__long,automotive,,B_confirmed_base_breakout,balanced,long,63,stock,DATA_INSUFFICIENT,"No licensed point-in-time US daily tape, delist file, corporate-action journal, or historical venue/industry vintages were verified in this environment.",False,,False,False,,,,,,,,,,,,,,,,,,,,,,0,0,,,,,range
automotive__B_confirmed_base_breakout__aggressive__short,automotive,,B_confirmed_base_breakout,aggressive,short,5,stock,DATA_INSUFFICIENT,"No licensed point-in-time US daily tape, delist file, corporate-action journal, or historical venue/industry vintages were verified in this environment.",False,,False,False,,,,,,,,,,,,,,,,,,,,,,0,0,,,,,bull
automotive__B_confirmed_base_breakout__aggressive__short,automotive,,B_confirmed_base_breakout,aggressive,short,5,stock,DATA_INSUFFICIENT,"No licensed point-in-time US daily tape, delist file, corporate-action journal, or historical venue/industry vintages were verified in this environment.",False,,False,False,,,,,,,,,,,,,,,,,,,,,,0,0,,,,,bear
automotive__B_confirmed_base_breakout__aggressive__short,automotive,,B_confirmed_base_breakout,aggressive,short,5,stock,DATA_INSUFFICIENT,"No licensed point-in-time US daily tape, delist file, corporate-action journal, or historical venue/industry vintages were verified in this environment.",False,,False,False,,,,,,,,,,,,,,,,,,,,,,0,0,,,,,range
automotive__B_confirmed_base_breakout__aggressive__mid,automotive,,B_confirmed_base_breakout,aggressive,mid,20,stock,DATA_INSUFFICIENT,"No licensed point-in-time US daily tape, delist file, corporate-action journal, or historical venue/industry vintages were verified in this environment.",False,,False,False,,,,,,,,,,,,,,,,,,,,,,0,0,,,,,bull
automotive__B_confirmed_base_breakout__aggressive__mid,automotive,,B_confirmed_base_breakout,aggressive,mid,20,stock,DATA_INSUFFICIENT,"No licensed point-in-time US daily tape, delist file, corporate-action journal, or historical venue/industry vintages were verified in this environment.",False,,False,False,,,,,,,,,,,,,,,,,,,,,,0,0,,,,,bear
automotive__B_confirmed_base_breakout__aggressive__mid,automotive,,B_confirmed_base_breakout,aggressive,mid,20,stock,DATA_INSUFFICIENT,"No licensed point-in-time US daily tape, delist file, corporate-action journal, or historical venue/industry vintages were verified in this environment.",False,,False,False,,,,,,,,,,,,,,,,,,,,,,0,0,,,,,range
automotive__B_confirmed_base_breakout__aggressive__long,automotive,,B_confirmed_base_breakout,aggressive,long,63,stock,DATA_INSUFFICIENT,"No licensed point-in-time US daily tape, delist file, corporate-action journal, or historical venue/industry vintages were verified in this environment.",False,,False,False,,,,,,,,,,,,,,,,,,,,,,0,0,,,,,bull
automotive__B_confirmed_base_breakout__aggressive__long,automotive,,B_confirmed_base_breakout,aggressive,long,63,stock,DATA_INSUFFICIENT,"No licensed point-in-time US daily tape, delist file, corporate-action journal, or historical venue/industry vintages were verified in this environment.",False,,False,False,,,,,,,,,,,,,,,,,,,,,,0,0,,,,,bear
automotive__B_confirmed_base_breakout__aggressive__long,automotive,,B_confirmed_base_breakout,aggressive,long,63,stock,DATA_INSUFFICIENT,"No licensed point-in-time US daily tape, delist file, corporate-action journal, or historical venue/industry vintages were verified in this environment.",False,,False,False,,,,,,,,,,,,,,,,,,,,,,0,0,,,,,range
automotive__C_trend_pullback__conservative__short,automotive,,C_trend_pullback,conservative,short,5,stock,DATA_INSUFFICIENT,"No licensed point-in-time US daily tape, delist file, corporate-action journal, or historical venue/industry vintages were verified in this environment.",False,,False,False,,,,,,,,,,,,,,,,,,,,,,0,0,,,,,bull
automotive__C_trend_pullback__conservative__short,automotive,,C_trend_pullback,conservative,short,5,stock,DATA_INSUFFICIENT,"No licensed point-in-time US daily tape, delist file, corporate-action journal, or historical venue/industry vintages were verified in this environment.",False,,False,False,,,,,,,,,,,,,,,,,,,,,,0,0,,,,,bear
automotive__C_trend_pullback__conservative__short,automotive,,C_trend_pullback,conservative,short,5,stock,DATA_INSUFFICIENT,"No licensed point-in-time US daily tape, delist file, corporate-action journal, or historical venue/industry vintages were verified in this environment.",False,,False,False,,,,,,,,,,,,,,,,,,,,,,0,0,,,,,range
automotive__C_trend_pullback__conservative__mid,automotive,,C_trend_pullback,conservative,mid,20,stock,DATA_INSUFFICIENT,"No licensed point-in-time US daily tape, delist file, corporate-action journal, or historical venue/industry vintages were verified in this environment.",False,,False,False,,,,,,,,,,,,,,,,,,,,,,0,0,,,,,bull
automotive__C_trend_pullback__conservative__mid,automotive,,C_trend_pullback,conservative,mid,20,stock,DATA_INSUFFICIENT,"No licensed point-in-time US daily tape, delist file, corporate-action journal, or historical venue/industry vintages were verified in this environment.",False,,False,False,,,,,,,,,,,,,,,,,,,,,,0,0,,,,,bear
automotive__C_trend_pullback__conservative__mid,automotive,,C_trend_pullback,conservative,mid,20,stock,DATA_INSUFFICIENT,"No licensed point-in-time US daily tape, delist file, corporate-action journal, or historical venue/industry vintages were verified in this environment.",False,,False,False,,,,,,,,,,,,,,,,,,,,,,0,0,,,,,range
automotive__C_trend_pullback__conservative__long,automotive,,C_trend_pullback,conservative,long,63,stock,DATA_INSUFFICIENT,"No licensed point-in-time US daily tape, delist file, corporate-action journal, or historical venue/industry vintages were verified in this environment.",False,,False,False,,,,,,,,,,,,,,,,,,,,,,0,0,,,,,bull
automotive__C_trend_pullback__conservative__long,automotive,,C_trend_pullback,conservative,long,63,stock,DATA_INSUFFICIENT,"No licensed point-in-time US daily tape, delist file, corporate-action journal, or historical venue/industry vintages were verified in this environment.",False,,False,False,,,,,,,,,,,,,,,,,,,,,,0,0,,,,,bear
automotive__C_trend_pullback__conservative__long,automotive,,C_trend_pullback,conservative,long,63,stock,DATA_INSUFFICIENT,"No licensed point-in-time US daily tape, delist file, corporate-action journal, or historical venue/industry vintages were verified in this environment.",False,,False,False,,,,,,,,,,,,,,,,,,,,,,0,0,,,,,range
automotive__C_trend_pullback__balanced__short,automotive,,C_trend_pullback,balanced,short,5,stock,DATA_INSUFFICIENT,"No licensed point-in-time US daily tape, delist file, corporate-action journal, or historical venue/industry vintages were verified in this environment.",False,,False,False,,,,,,,,,,,,,,,,,,,,,,0,0,,,,,bull
automotive__C_trend_pullback__balanced__short,automotive,,C_trend_pullback,balanced,short,5,stock,DATA_INSUFFICIENT,"No licensed point-in-time US daily tape, delist file, corporate-action journal, or historical venue/industry vintages were verified in this environment.",False,,False,False,,,,,,,,,,,,,,,,,,,,,,0,0,,,,,bear
automotive__C_trend_pullback__balanced__short,automotive,,C_trend_pullback,balanced,short,5,stock,DATA_INSUFFICIENT,"No licensed point-in-time US daily tape, delist file, corporate-action journal, or historical venue/industry vintages were verified in this environment.",False,,False,False,,,,,,,,,,,,,,,,,,,,,,0,0,,,,,range
automotive__C_trend_pullback__balanced__mid,automotive,,C_trend_pullback,balanced,mid,20,stock,DATA_INSUFFICIENT,"No licensed point-in-time US daily tape, delist file, corporate-action journal, or historical venue/industry vintages were verified in this environment.",False,,False,False,,,,,,,,,,,,,,,,,,,,,,0,0,,,,,bull
automotive__C_trend_pullback__balanced__mid,automotive,,C_trend_pullback,balanced,mid,20,stock,DATA_INSUFFICIENT,"No licensed point-in-time US daily tape, delist file, corporate-action journal, or historical venue/industry vintages were verified in this environment.",False,,False,False,,,,,,,,,,,,,,,,,,,,,,0,0,,,,,bear
automotive__C_trend_pullback__balanced__mid,automotive,,C_trend_pullback,balanced,mid,20,stock,DATA_INSUFFICIENT,"No licensed point-in-time US daily tape, delist file, corporate-action journal, or historical venue/industry vintages were verified in this environment.",False,,False,False,,,,,,,,,,,,,,,,,,,,,,0,0,,,,,range
automotive__C_trend_pullback__balanced__long,automotive,,C_trend_pullback,balanced,long,63,stock,DATA_INSUFFICIENT,"No licensed point-in-time US daily tape, delist file, corporate-action journal, or historical venue/industry vintages were verified in this environment.",False,,False,False,,,,,,,,,,,,,,,,,,,,,,0,0,,,,,bull
automotive__C_trend_pullback__balanced__long,automotive,,C_trend_pullback,balanced,long,63,stock,DATA_INSUFFICIENT,"No licensed point-in-time US daily tape, delist file, corporate-action journal, or historical venue/industry vintages were verified in this environment.",False,,False,False,,,,,,,,,,,,,,,,,,,,,,0,0,,,,,bear
automotive__C_trend_pullback__balanced__long,automotive,,C_trend_pullback,balanced,long,63,stock,DATA_INSUFFICIENT,"No licensed point-in-time US daily tape, delist file, corporate-action journal, or historical venue/industry vintages were verified in this environment.",False,,False,False,,,,,,,,,,,,,,,,,,,,,,0,0,,,,,range
automotive__C_trend_pullback__aggressive__short,automotive,,C_trend_pullback,aggressive,short,5,stock,DATA_INSUFFICIENT,"No licensed point-in-time US daily tape, delist file, corporate-action journal, or historical venue/industry vintages were verified in this environment.",False,,False,False,,,,,,,,,,,,,,,,,,,,,,0,0,,,,,bull
automotive__C_trend_pullback__aggressive__short,automotive,,C_trend_pullback,aggressive,short,5,stock,DATA_INSUFFICIENT,"No licensed point-in-time US daily tape, delist file, corporate-action journal, or historical venue/industry vintages were verified in this environment.",False,,False,False,,,,,,,,,,,,,,,,,,,,,,0,0,,,,,bear
automotive__C_trend_pullback__aggressive__short,automotive,,C_trend_pullback,aggressive,short,5,stock,DATA_INSUFFICIENT,"No licensed point-in-time US daily tape, delist file, corporate-action journal, or historical venue/industry vintages were verified in this environment.",False,,False,False,,,,,,,,,,,,,,,,,,,,,,0,0,,,,,range
automotive__C_trend_pullback__aggressive__mid,automotive,,C_trend_pullback,aggressive,mid,20,stock,DATA_INSUFFICIENT,"No licensed point-in-time US daily tape, delist file, corporate-action journal, or historical venue/industry vintages were verified in this environment.",False,,False,False,,,,,,,,,,,,,,,,,,,,,,0,0,,,,,bull
automotive__C_trend_pullback__aggressive__mid,automotive,,C_trend_pullback,aggressive,mid,20,stock,DATA_INSUFFICIENT,"No licensed point-in-time US daily tape, delist file, corporate-action journal, or historical venue/industry vintages were verified in this environment.",False,,False,False,,,,,,,,,,,,,,,,,,,,,,0,0,,,,,bear
automotive__C_trend_pullback__aggressive__mid,automotive,,C_trend_pullback,aggressive,mid,20,stock,DATA_INSUFFICIENT,"No licensed point-in-time US daily tape, delist file, corporate-action journal, or historical venue/industry vintages were verified in this environment.",False,,False,False,,,,,,,,,,,,,,,,,,,,,,0,0,,,,,range
automotive__C_trend_pullback__aggressive__long,automotive,,C_trend_pullback,aggressive,long,63,stock,DATA_INSUFFICIENT,"No licensed point-in-time US daily tape, delist file, corporate-action journal, or historical venue/industry vintages were verified in this environment.",False,,False,False,,,,,,,,,,,,,,,,,,,,,,0,0,,,,,bull
automotive__C_trend_pullback__aggressive__long,automotive,,C_trend_pullback,aggressive,long,63,stock,DATA_INSUFFICIENT,"No licensed point-in-time US daily tape, delist file, corporate-action journal, or historical venue/industry vintages were verified in this environment.",False,,False,False,,,,,,,,,,,,,,,,,,,,,,0,0,,,,,bear
automotive__C_trend_pullback__aggressive__long,automotive,,C_trend_pullback,aggressive,long,63,stock,DATA_INSUFFICIENT,"No licensed point-in-time US daily tape, delist file, corporate-action journal, or historical venue/industry vintages were verified in this environment.",False,,False,False,,,,,,,,,,,,,,,,,,,,,,0,0,,,,,range
automotive__D_residual_momentum__conservative__short,automotive,,D_residual_momentum,conservative,short,5,stock,DATA_INSUFFICIENT,"No licensed point-in-time US daily tape, delist file, corporate-action journal, or historical venue/industry vintages were verified in this environment.",False,,False,False,,,,,,,,,,,,,,,,,,,,,,0,0,,,,,bull
automotive__D_residual_momentum__conservative__short,automotive,,D_residual_momentum,conservative,short,5,stock,DATA_INSUFFICIENT,"No licensed point-in-time US daily tape, delist file, corporate-action journal, or historical venue/industry vintages were verified in this environment.",False,,False,False,,,,,,,,,,,,,,,,,,,,,,0,0,,,,,bear
automotive__D_residual_momentum__conservative__short,automotive,,D_residual_momentum,conservative,short,5,stock,DATA_INSUFFICIENT,"No licensed point-in-time US daily tape, delist file, corporate-action journal, or historical venue/industry vintages were verified in this environment.",False,,False,False,,,,,,,,,,,,,,,,,,,,,,0,0,,,,,range
automotive__D_residual_momentum__conservative__mid,automotive,,D_residual_momentum,conservative,mid,20,stock,DATA_INSUFFICIENT,"No licensed point-in-time US daily tape, delist file, corporate-action journal, or historical venue/industry vintages were verified in this environment.",False,,False,False,,,,,,,,,,,,,,,,,,,,,,0,0,,,,,bull
automotive__D_residual_momentum__conservative__mid,automotive,,D_residual_momentum,conservative,mid,20,stock,DATA_INSUFFICIENT,"No licensed point-in-time US daily tape, delist file, corporate-action journal, or historical venue/industry vintages were verified in this environment.",False,,False,False,,,,,,,,,,,,,,,,,,,,,,0,0,,,,,bear
automotive__D_residual_momentum__conservative__mid,automotive,,D_residual_momentum,conservative,mid,20,stock,DATA_INSUFFICIENT,"No licensed point-in-time US daily tape, delist file, corporate-action journal, or historical venue/industry vintages were verified in this environment.",False,,False,False,,,,,,,,,,,,,,,,,,,,,,0,0,,,,,range
automotive__D_residual_momentum__conservative__long,automotive,,D_residual_momentum,conservative,long,63,stock,DATA_INSUFFICIENT,"No licensed point-in-time US daily tape, delist file, corporate-action journal, or historical venue/industry vintages were verified in this environment.",False,,False,False,,,,,,,,,,,,,,,,,,,,,,0,0,,,,,bull
automotive__D_residual_momentum__conservative__long,automotive,,D_residual_momentum,conservative,long,63,stock,DATA_INSUFFICIENT,"No licensed point-in-time US daily tape, delist file, corporate-action journal, or historical venue/industry vintages were verified in this environment.",False,,False,False,,,,,,,,,,,,,,,,,,,,,,0,0,,,,,bear
automotive__D_residual_momentum__conservative__long,automotive,,D_residual_momentum,conservative,long,63,stock,DATA_INSUFFICIENT,"No licensed point-in-time US daily tape, delist file, corporate-action journal, or historical venue/industry vintages were verified in this environment.",False,,False,False,,,,,,,,,,,,,,,,,,,,,,0,0,,,,,range
automotive__D_residual_momentum__balanced__short,automotive,,D_residual_momentum,balanced,short,5,stock,DATA_INSUFFICIENT,"No licensed point-in-time US daily tape, delist file, corporate-action journal, or historical venue/industry vintages were verified in this environment.",False,,False,False,,,,,,,,,,,,,,,,,,,,,,0,0,,,,,bull
automotive__D_residual_momentum__balanced__short,automotive,,D_residual_momentum,balanced,short,5,stock,DATA_INSUFFICIENT,"No licensed point-in-time US daily tape, delist file, corporate-action journal, or historical venue/industry vintages were verified in this environment.",False,,False,False,,,,,,,,,,,,,,,,,,,,,,0,0,,,,,bear
automotive__D_residual_momentum__balanced__short,automotive,,D_residual_momentum,balanced,short,5,stock,DATA_INSUFFICIENT,"No licensed point-in-time US daily tape, delist file, corporate-action journal, or historical venue/industry vintages were verified in this environment.",False,,False,False,,,,,,,,,,,,,,,,,,,,,,0,0,,,,,range
automotive__D_residual_momentum__balanced__mid,automotive,,D_residual_momentum,balanced,mid,20,stock,DATA_INSUFFICIENT,"No licensed point-in-time US daily tape, delist file, corporate-action journal, or historical venue/industry vintages were verified in this environment.",False,,False,False,,,,,,,,,,,,,,,,,,,,,,0,0,,,,,bull
automotive__D_residual_momentum__balanced__mid,automotive,,D_residual_momentum,balanced,mid,20,stock,DATA_INSUFFICIENT,"No licensed point-in-time US daily tape, delist file, corporate-action journal, or historical venue/industry vintages were verified in this environment.",False,,False,False,,,,,,,,,,,,,,,,,,,,,,0,0,,,,,bear
automotive__D_residual_momentum__balanced__mid,automotive,,D_residual_momentum,balanced,mid,20,stock,DATA_INSUFFICIENT,"No licensed point-in-time US daily tape, delist file, corporate-action journal, or historical venue/industry vintages were verified in this environment.",False,,False,False,,,,,,,,,,,,,,,,,,,,,,0,0,,,,,range
automotive__D_residual_momentum__balanced__long,automotive,,D_residual_momentum,balanced,long,63,stock,DATA_INSUFFICIENT,"No licensed point-in-time US daily tape, delist file, corporate-action journal, or historical venue/industry vintages were verified in this environment.",False,,False,False,,,,,,,,,,,,,,,,,,,,,,0,0,,,,,bull
automotive__D_residual_momentum__balanced__long,automotive,,D_residual_momentum,balanced,long,63,stock,DATA_INSUFFICIENT,"No licensed point-in-time US daily tape, delist file, corporate-action journal, or historical venue/industry vintages were verified in this environment.",False,,False,False,,,,,,,,,,,,,,,,,,,,,,0,0,,,,,bear
automotive__D_residual_momentum__balanced__long,automotive,,D_residual_momentum,balanced,long,63,stock,DATA_INSUFFICIENT,"No licensed point-in-time US daily tape, delist file, corporate-action journal, or historical venue/industry vintages were verified in this environment.",False,,False,False,,,,,,,,,,,,,,,,,,,,,,0,0,,,,,range
automotive__D_residual_momentum__aggressive__short,automotive,,D_residual_momentum,aggressive,short,5,stock,DATA_INSUFFICIENT,"No licensed point-in-time US daily tape, delist file, corporate-action journal, or historical venue/industry vintages were verified in this environment.",False,,False,False,,,,,,,,,,,,,,,,,,,,,,0,0,,,,,bull
automotive__D_residual_momentum__aggressive__short,automotive,,D_residual_momentum,aggressive,short,5,stock,DATA_INSUFFICIENT,"No licensed point-in-time US daily tape, delist file, corporate-action journal, or historical venue/industry vintages were verified in this environment.",False,,False,False,,,,,,,,,,,,,,,,,,,,,,0,0,,,,,bear
automotive__D_residual_momentum__aggressive__short,automotive,,D_residual_momentum,aggressive,short,5,stock,DATA_INSUFFICIENT,"No licensed point-in-time US daily tape, delist file, corporate-action journal, or historical venue/industry vintages were verified in this environment.",False,,False,False,,,,,,,,,,,,,,,,,,,,,,0,0,,,,,range
automotive__D_residual_momentum__aggressive__mid,automotive,,D_residual_momentum,aggressive,mid,20,stock,DATA_INSUFFICIENT,"No licensed point-in-time US daily tape, delist file, corporate-action journal, or historical venue/industry vintages were verified in this environment.",False,,False,False,,,,,,,,,,,,,,,,,,,,,,0,0,,,,,bull
automotive__D_residual_momentum__aggressive__mid,automotive,,D_residual_momentum,aggressive,mid,20,stock,DATA_INSUFFICIENT,"No licensed point-in-time US daily tape, delist file, corporate-action journal, or historical venue/industry vintages were verified in this environment.",False,,False,False,,,,,,,,,,,,,,,,,,,,,,0,0,,,,,bear
automotive__D_residual_momentum__aggressive__mid,automotive,,D_residual_momentum,aggressive,mid,20,stock,DATA_INSUFFICIENT,"No licensed point-in-time US daily tape, delist file, corporate-action journal, or historical venue/industry vintages were verified in this environment.",False,,False,False,,,,,,,,,,,,,,,,,,,,,,0,0,,,,,range
automotive__D_residual_momentum__aggressive__long,automotive,,D_residual_momentum,aggressive,long,63,stock,DATA_INSUFFICIENT,"No licensed point-in-time US daily tape, delist file, corporate-action journal, or historical venue/industry vintages were verified in this environment.",False,,False,False,,,,,,,,,,,,,,,,,,,,,,0,0,,,,,bull
automotive__D_residual_momentum__aggressive__long,automotive,,D_residual_momentum,aggressive,long,63,stock,DATA_INSUFFICIENT,"No licensed point-in-time US daily tape, delist file, corporate-action journal, or historical venue/industry vintages were verified in this environment.",False,,False,False,,,,,,,,,,,,,,,,,,,,,,0,0,,,,,bear
automotive__D_residual_momentum__aggressive__long,automotive,,D_residual_momentum,aggressive,long,63,stock,DATA_INSUFFICIENT,"No licensed point-in-time US daily tape, delist file, corporate-action journal, or historical venue/industry vintages were verified in this environment.",False,,False,False,,,,,,,,,,,,,,,,,,,,,,0,0,,,,,range
ev_supply__A_trend_quality__conservative__short,ev_supply,,A_trend_quality,conservative,short,5,stock,DATA_INSUFFICIENT,"No licensed point-in-time US daily tape, delist file, corporate-action journal, or historical venue/industry vintages were verified in this environment.",False,,False,False,,,,,,,,,,,,,,,,,,,,,,0,0,,,,,bull
ev_supply__A_trend_quality__conservative__short,ev_supply,,A_trend_quality,conservative,short,5,stock,DATA_INSUFFICIENT,"No licensed point-in-time US daily tape, delist file, corporate-action journal, or historical venue/industry vintages were verified in this environment.",False,,False,False,,,,,,,,,,,,,,,,,,,,,,0,0,,,,,bear
ev_supply__A_trend_quality__conservative__short,ev_supply,,A_trend_quality,conservative,short,5,stock,DATA_INSUFFICIENT,"No licensed point-in-time US daily tape, delist file, corporate-action journal, or historical venue/industry vintages were verified in this environment.",False,,False,False,,,,,,,,,,,,,,,,,,,,,,0,0,,,,,range
ev_supply__A_trend_quality__conservative__mid,ev_supply,,A_trend_quality,conservative,mid,20,stock,DATA_INSUFFICIENT,"No licensed point-in-time US daily tape, delist file, corporate-action journal, or historical venue/industry vintages were verified in this environment.",False,,False,False,,,,,,,,,,,,,,,,,,,,,,0,0,,,,,bull
ev_supply__A_trend_quality__conservative__mid,ev_supply,,A_trend_quality,conservative,mid,20,stock,DATA_INSUFFICIENT,"No licensed point-in-time US daily tape, delist file, corporate-action journal, or historical venue/industry vintages were verified in this environment.",False,,False,False,,,,,,,,,,,,,,,,,,,,,,0,0,,,,,bear
ev_supply__A_trend_quality__conservative__mid,ev_supply,,A_trend_quality,conservative,mid,20,stock,DATA_INSUFFICIENT,"No licensed point-in-time US daily tape, delist file, corporate-action journal, or historical venue/industry vintages were verified in this environment.",False,,False,False,,,,,,,,,,,,,,,,,,,,,,0,0,,,,,range
ev_supply__A_trend_quality__conservative__long,ev_supply,,A_trend_quality,conservative,long,63,stock,DATA_INSUFFICIENT,"No licensed point-in-time US daily tape, delist file, corporate-action journal, or historical venue/industry vintages were verified in this environment.",False,,False,False,,,,,,,,,,,,,,,,,,,,,,0,0,,,,,bull
ev_supply__A_trend_quality__conservative__long,ev_supply,,A_trend_quality,conservative,long,63,stock,DATA_INSUFFICIENT,"No licensed point-in-time US daily tape, delist file, corporate-action journal, or historical venue/industry vintages were verified in this environment.",False,,False,False,,,,,,,,,,,,,,,,,,,,,,0,0,,,,,bear
ev_supply__A_trend_quality__conservative__long,ev_supply,,A_trend_quality,conservative,long,63,stock,DATA_INSUFFICIENT,"No licensed point-in-time US daily tape, delist file, corporate-action journal, or historical venue/industry vintages were verified in this environment.",False,,False,False,,,,,,,,,,,,,,,,,,,,,,0,0,,,,,range
ev_supply__A_trend_quality__balanced__short,ev_supply,,A_trend_quality,balanced,short,5,stock,DATA_INSUFFICIENT,"No licensed point-in-time US daily tape, delist file, corporate-action journal, or historical venue/industry vintages were verified in this environment.",False,,False,False,,,,,,,,,,,,,,,,,,,,,,0,0,,,,,bull
ev_supply__A_trend_quality__balanced__short,ev_supply,,A_trend_quality,balanced,short,5,stock,DATA_INSUFFICIENT,"No licensed point-in-time US daily tape, delist file, corporate-action journal, or historical venue/industry vintages were verified in this environment.",False,,False,False,,,,,,,,,,,,,,,,,,,,,,0,0,,,,,bear
ev_supply__A_trend_quality__balanced__short,ev_supply,,A_trend_quality,balanced,short,5,stock,DATA_INSUFFICIENT,"No licensed point-in-time US daily tape, delist file, corporate-action journal, or historical venue/industry vintages were verified in this environment.",False,,False,False,,,,,,,,,,,,,,,,,,,,,,0,0,,,,,range
ev_supply__A_trend_quality__balanced__mid,ev_supply,,A_trend_quality,balanced,mid,20,stock,DATA_INSUFFICIENT,"No licensed point-in-time US daily tape, delist file, corporate-action journal, or historical venue/industry vintages were verified in this environment.",False,,False,False,,,,,,,,,,,,,,,,,,,,,,0,0,,,,,bull
ev_supply__A_trend_quality__balanced__mid,ev_supply,,A_trend_quality,balanced,mid,20,stock,DATA_INSUFFICIENT,"No licensed point-in-time US daily tape, delist file, corporate-action journal, or historical venue/industry vintages were verified in this environment.",False,,False,False,,,,,,,,,,,,,,,,,,,,,,0,0,,,,,bear
ev_supply__A_trend_quality__balanced__mid,ev_supply,,A_trend_quality,balanced,mid,20,stock,DATA_INSUFFICIENT,"No licensed point-in-time US daily tape, delist file, corporate-action journal, or historical venue/industry vintages were verified in this environment.",False,,False,False,,,,,,,,,,,,,,,,,,,,,,0,0,,,,,range
ev_supply__A_trend_quality__balanced__long,ev_supply,,A_trend_quality,balanced,long,63,stock,DATA_INSUFFICIENT,"No licensed point-in-time US daily tape, delist file, corporate-action journal, or historical venue/industry vintages were verified in this environment.",False,,False,False,,,,,,,,,,,,,,,,,,,,,,0,0,,,,,bull
ev_supply__A_trend_quality__balanced__long,ev_supply,,A_trend_quality,balanced,long,63,stock,DATA_INSUFFICIENT,"No licensed point-in-time US daily tape, delist file, corporate-action journal, or historical venue/industry vintages were verified in this environment.",False,,False,False,,,,,,,,,,,,,,,,,,,,,,0,0,,,,,bear
ev_supply__A_trend_quality__balanced__long,ev_supply,,A_trend_quality,balanced,long,63,stock,DATA_INSUFFICIENT,"No licensed point-in-time US daily tape, delist file, corporate-action journal, or historical venue/industry vintages were verified in this environment.",False,,False,False,,,,,,,,,,,,,,,,,,,,,,0,0,,,,,range
ev_supply__A_trend_quality__aggressive__short,ev_supply,,A_trend_quality,aggressive,short,5,stock,DATA_INSUFFICIENT,"No licensed point-in-time US daily tape, delist file, corporate-action journal, or historical venue/industry vintages were verified in this environment.",False,,False,False,,,,,,,,,,,,,,,,,,,,,,0,0,,,,,bull
ev_supply__A_trend_quality__aggressive__short,ev_supply,,A_trend_quality,aggressive,short,5,stock,DATA_INSUFFICIENT,"No licensed point-in-time US daily tape, delist file, corporate-action journal, or historical venue/industry vintages were verified in this environment.",False,,False,False,,,,,,,,,,,,,,,,,,,,,,0,0,,,,,bear
ev_supply__A_trend_quality__aggressive__short,ev_supply,,A_trend_quality,aggressive,short,5,stock,DATA_INSUFFICIENT,"No licensed point-in-time US daily tape, delist file, corporate-action journal, or historical venue/industry vintages were verified in this environment.",False,,False,False,,,,,,,,,,,,,,,,,,,,,,0,0,,,,,range
ev_supply__A_trend_quality__aggressive__mid,ev_supply,,A_trend_quality,aggressive,mid,20,stock,DATA_INSUFFICIENT,"No licensed point-in-time US daily tape, delist file, corporate-action journal, or historical venue/industry vintages were verified in this environment.",False,,False,False,,,,,,,,,,,,,,,,,,,,,,0,0,,,,,bull
ev_supply__A_trend_quality__aggressive__mid,ev_supply,,A_trend_quality,aggressive,mid,20,stock,DATA_INSUFFICIENT,"No licensed point-in-time US daily tape, delist file, corporate-action journal, or historical venue/industry vintages were verified in this environment.",False,,False,False,,,,,,,,,,,,,,,,,,,,,,0,0,,,,,bear
ev_supply__A_trend_quality__aggressive__mid,ev_supply,,A_trend_quality,aggressive,mid,20,stock,DATA_INSUFFICIENT,"No licensed point-in-time US daily tape, delist file, corporate-action journal, or historical venue/industry vintages were verified in this environment.",False,,False,False,,,,,,,,,,,,,,,,,,,,,,0,0,,,,,range
ev_supply__A_trend_quality__aggressive__long,ev_supply,,A_trend_quality,aggressive,long,63,stock,DATA_INSUFFICIENT,"No licensed point-in-time US daily tape, delist file, corporate-action journal, or historical venue/industry vintages were verified in this environment.",False,,False,False,,,,,,,,,,,,,,,,,,,,,,0,0,,,,,bull
ev_supply__A_trend_quality__aggressive__long,ev_supply,,A_trend_quality,aggressive,long,63,stock,DATA_INSUFFICIENT,"No licensed point-in-time US daily tape, delist file, corporate-action journal, or historical venue/industry vintages were verified in this environment.",False,,False,False,,,,,,,,,,,,,,,,,,,,,,0,0,,,,,bear
ev_supply__A_trend_quality__aggressive__long,ev_supply,,A_trend_quality,aggressive,long,63,stock,DATA_INSUFFICIENT,"No licensed point-in-time US daily tape, delist file, corporate-action journal, or historical venue/industry vintages were verified in this environment.",False,,False,False,,,,,,,,,,,,,,,,,,,,,,0,0,,,,,range
ev_supply__B_confirmed_base_breakout__conservative__short,ev_supply,,B_confirmed_base_breakout,conservative,short,5,stock,DATA_INSUFFICIENT,"No licensed point-in-time US daily tape, delist file, corporate-action journal, or historical venue/industry vintages were verified in this environment.",False,,False,False,,,,,,,,,,,,,,,,,,,,,,0,0,,,,,bull
ev_supply__B_confirmed_base_breakout__conservative__short,ev_supply,,B_confirmed_base_breakout,conservative,short,5,stock,DATA_INSUFFICIENT,"No licensed point-in-time US daily tape, delist file, corporate-action journal, or historical venue/industry vintages were verified in this environment.",False,,False,False,,,,,,,,,,,,,,,,,,,,,,0,0,,,,,bear
ev_supply__B_confirmed_base_breakout__conservative__short,ev_supply,,B_confirmed_base_breakout,conservative,short,5,stock,DATA_INSUFFICIENT,"No licensed point-in-time US daily tape, delist file, corporate-action journal, or historical venue/industry vintages were verified in this environment.",False,,False,False,,,,,,,,,,,,,,,,,,,,,,0,0,,,,,range
ev_supply__B_confirmed_base_breakout__conservative__mid,ev_supply,,B_confirmed_base_breakout,conservative,mid,20,stock,DATA_INSUFFICIENT,"No licensed point-in-time US daily tape, delist file, corporate-action journal, or historical venue/industry vintages were verified in this environment.",False,,False,False,,,,,,,,,,,,,,,,,,,,,,0,0,,,,,bull
ev_supply__B_confirmed_base_breakout__conservative__mid,ev_supply,,B_confirmed_base_breakout,conservative,mid,20,stock,DATA_INSUFFICIENT,"No licensed point-in-time US daily tape, delist file, corporate-action journal, or historical venue/industry vintages were verified in this environment.",False,,False,False,,,,,,,,,,,,,,,,,,,,,,0,0,,,,,bear
ev_supply__B_confirmed_base_breakout__conservative__mid,ev_supply,,B_confirmed_base_breakout,conservative,mid,20,stock,DATA_INSUFFICIENT,"No licensed point-in-time US daily tape, delist file, corporate-action journal, or historical venue/industry vintages were verified in this environment.",False,,False,False,,,,,,,,,,,,,,,,,,,,,,0,0,,,,,range
ev_supply__B_confirmed_base_breakout__conservative__long,ev_supply,,B_confirmed_base_breakout,conservative,long,63,stock,DATA_INSUFFICIENT,"No licensed point-in-time US daily tape, delist file, corporate-action journal, or historical venue/industry vintages were verified in this environment.",False,,False,False,,,,,,,,,,,,,,,,,,,,,,0,0,,,,,bull
ev_supply__B_confirmed_base_breakout__conservative__long,ev_supply,,B_confirmed_base_breakout,conservative,long,63,stock,DATA_INSUFFICIENT,"No licensed point-in-time US daily tape, delist file, corporate-action journal, or historical venue/industry vintages were verified in this environment.",False,,False,False,,,,,,,,,,,,,,,,,,,,,,0,0,,,,,bear
ev_supply__B_confirmed_base_breakout__conservative__long,ev_supply,,B_confirmed_base_breakout,conservative,long,63,stock,DATA_INSUFFICIENT,"No licensed point-in-time US daily tape, delist file, corporate-action journal, or historical venue/industry vintages were verified in this environment.",False,,False,False,,,,,,,,,,,,,,,,,,,,,,0,0,,,,,range
ev_supply__B_confirmed_base_breakout__balanced__short,ev_supply,,B_confirmed_base_breakout,balanced,short,5,stock,DATA_INSUFFICIENT,"No licensed point-in-time US daily tape, delist file, corporate-action journal, or historical venue/industry vintages were verified in this environment.",False,,False,False,,,,,,,,,,,,,,,,,,,,,,0,0,,,,,bull
ev_supply__B_confirmed_base_breakout__balanced__short,ev_supply,,B_confirmed_base_breakout,balanced,short,5,stock,DATA_INSUFFICIENT,"No licensed point-in-time US daily tape, delist file, corporate-action journal, or historical venue/industry vintages were verified in this environment.",False,,False,False,,,,,,,,,,,,,,,,,,,,,,0,0,,,,,bear
ev_supply__B_confirmed_base_breakout__balanced__short,ev_supply,,B_confirmed_base_breakout,balanced,short,5,stock,DATA_INSUFFICIENT,"No licensed point-in-time US daily tape, delist file, corporate-action journal, or historical venue/industry vintages were verified in this environment.",False,,False,False,,,,,,,,,,,,,,,,,,,,,,0,0,,,,,range
ev_supply__B_confirmed_base_breakout__balanced__mid,ev_supply,,B_confirmed_base_breakout,balanced,mid,20,stock,DATA_INSUFFICIENT,"No licensed point-in-time US daily tape, delist file, corporate-action journal, or historical venue/industry vintages were verified in this environment.",False,,False,False,,,,,,,,,,,,,,,,,,,,,,0,0,,,,,bull
ev_supply__B_confirmed_base_breakout__balanced__mid,ev_supply,,B_confirmed_base_breakout,balanced,mid,20,stock,DATA_INSUFFICIENT,"No licensed point-in-time US daily tape, delist file, corporate-action journal, or historical venue/industry vintages were verified in this environment.",False,,False,False,,,,,,,,,,,,,,,,,,,,,,0,0,,,,,bear
ev_supply__B_confirmed_base_breakout__balanced__mid,ev_supply,,B_confirmed_base_breakout,balanced,mid,20,stock,DATA_INSUFFICIENT,"No licensed point-in-time US daily tape, delist file, corporate-action journal, or historical venue/industry vintages were verified in this environment.",False,,False,False,,,,,,,,,,,,,,,,,,,,,,0,0,,,,,range
ev_supply__B_confirmed_base_breakout__balanced__long,ev_supply,,B_confirmed_base_breakout,balanced,long,63,stock,DATA_INSUFFICIENT,"No licensed point-in-time US daily tape, delist file, corporate-action journal, or historical venue/industry vintages were verified in this environment.",False,,False,False,,,,,,,,,,,,,,,,,,,,,,0,0,,,,,bull
ev_supply__B_confirmed_base_breakout__balanced__long,ev_supply,,B_confirmed_base_breakout,balanced,long,63,stock,DATA_INSUFFICIENT,"No licensed point-in-time US daily tape, delist file, corporate-action journal, or historical venue/industry vintages were verified in this environment.",False,,False,False,,,,,,,,,,,,,,,,,,,,,,0,0,,,,,bear
ev_supply__B_confirmed_base_breakout__balanced__long,ev_supply,,B_confirmed_base_breakout,balanced,long,63,stock,DATA_INSUFFICIENT,"No licensed point-in-time US daily tape, delist file, corporate-action journal, or historical venue/industry vintages were verified in this environment.",False,,False,False,,,,,,,,,,,,,,,,,,,,,,0,0,,,,,range
ev_supply__B_confirmed_base_breakout__aggressive__short,ev_supply,,B_confirmed_base_breakout,aggressive,short,5,stock,DATA_INSUFFICIENT,"No licensed point-in-time US daily tape, delist file, corporate-action journal, or historical venue/industry vintages were verified in this environment.",False,,False,False,,,,,,,,,,,,,,,,,,,,,,0,0,,,,,bull
ev_supply__B_confirmed_base_breakout__aggressive__short,ev_supply,,B_confirmed_base_breakout,aggressive,short,5,stock,DATA_INSUFFICIENT,"No licensed point-in-time US daily tape, delist file, corporate-action journal, or historical venue/industry vintages were verified in this environment.",False,,False,False,,,,,,,,,,,,,,,,,,,,,,0,0,,,,,bear
ev_supply__B_confirmed_base_breakout__aggressive__short,ev_supply,,B_confirmed_base_breakout,aggressive,short,5,stock,DATA_INSUFFICIENT,"No licensed point-in-time US daily tape, delist file, corporate-action journal, or historical venue/industry vintages were verified in this environment.",False,,False,False,,,,,,,,,,,,,,,,,,,,,,0,0,,,,,range
ev_supply__B_confirmed_base_breakout__aggressive__mid,ev_supply,,B_confirmed_base_breakout,aggressive,mid,20,stock,DATA_INSUFFICIENT,"No licensed point-in-time US daily tape, delist file, corporate-action journal, or historical venue/industry vintages were verified in this environment.",False,,False,False,,,,,,,,,,,,,,,,,,,,,,0,0,,,,,bull
ev_supply__B_confirmed_base_breakout__aggressive__mid,ev_supply,,B_confirmed_base_breakout,aggressive,mid,20,stock,DATA_INSUFFICIENT,"No licensed point-in-time US daily tape, delist file, corporate-action journal, or historical venue/industry vintages were verified in this environment.",False,,False,False,,,,,,,,,,,,,,,,,,,,,,0,0,,,,,bear
ev_supply__B_confirmed_base_breakout__aggressive__mid,ev_supply,,B_confirmed_base_breakout,aggressive,mid,20,stock,DATA_INSUFFICIENT,"No licensed point-in-time US daily tape, delist file, corporate-action journal, or historical venue/industry vintages were verified in this environment.",False,,False,False,,,,,,,,,,,,,,,,,,,,,,0,0,,,,,range
ev_supply__B_confirmed_base_breakout__aggressive__long,ev_supply,,B_confirmed_base_breakout,aggressive,long,63,stock,DATA_INSUFFICIENT,"No licensed point-in-time US daily tape, delist file, corporate-action journal, or historical venue/industry vintages were verified in this environment.",False,,False,False,,,,,,,,,,,,,,,,,,,,,,0,0,,,,,bull
ev_supply__B_confirmed_base_breakout__aggressive__long,ev_supply,,B_confirmed_base_breakout,aggressive,long,63,stock,DATA_INSUFFICIENT,"No licensed point-in-time US daily tape, delist file, corporate-action journal, or historical venue/industry vintages were verified in this environment.",False,,False,False,,,,,,,,,,,,,,,,,,,,,,0,0,,,,,bear
ev_supply__B_confirmed_base_breakout__aggressive__long,ev_supply,,B_confirmed_base_breakout,aggressive,long,63,stock,DATA_INSUFFICIENT,"No licensed point-in-time US daily tape, delist file, corporate-action journal, or historical venue/industry vintages were verified in this environment.",False,,False,False,,,,,,,,,,,,,,,,,,,,,,0,0,,,,,range
ev_supply__C_trend_pullback__conservative__short,ev_supply,,C_trend_pullback,conservative,short,5,stock,DATA_INSUFFICIENT,"No licensed point-in-time US daily tape, delist file, corporate-action journal, or historical venue/industry vintages were verified in this environment.",False,,False,False,,,,,,,,,,,,,,,,,,,,,,0,0,,,,,bull
ev_supply__C_trend_pullback__conservative__short,ev_supply,,C_trend_pullback,conservative,short,5,stock,DATA_INSUFFICIENT,"No licensed point-in-time US daily tape, delist file, corporate-action journal, or historical venue/industry vintages were verified in this environment.",False,,False,False,,,,,,,,,,,,,,,,,,,,,,0,0,,,,,bear
ev_supply__C_trend_pullback__conservative__short,ev_supply,,C_trend_pullback,conservative,short,5,stock,DATA_INSUFFICIENT,"No licensed point-in-time US daily tape, delist file, corporate-action journal, or historical venue/industry vintages were verified in this environment.",False,,False,False,,,,,,,,,,,,,,,,,,,,,,0,0,,,,,range
ev_supply__C_trend_pullback__conservative__mid,ev_supply,,C_trend_pullback,conservative,mid,20,stock,DATA_INSUFFICIENT,"No licensed point-in-time US daily tape, delist file, corporate-action journal, or historical venue/industry vintages were verified in this environment.",False,,False,False,,,,,,,,,,,,,,,,,,,,,,0,0,,,,,bull
ev_supply__C_trend_pullback__conservative__mid,ev_supply,,C_trend_pullback,conservative,mid,20,stock,DATA_INSUFFICIENT,"No licensed point-in-time US daily tape, delist file, corporate-action journal, or historical venue/industry vintages were verified in this environment.",False,,False,False,,,,,,,,,,,,,,,,,,,,,,0,0,,,,,bear
ev_supply__C_trend_pullback__conservative__mid,ev_supply,,C_trend_pullback,conservative,mid,20,stock,DATA_INSUFFICIENT,"No licensed point-in-time US daily tape, delist file, corporate-action journal, or historical venue/industry vintages were verified in this environment.",False,,False,False,,,,,,,,,,,,,,,,,,,,,,0,0,,,,,range
ev_supply__C_trend_pullback__conservative__long,ev_supply,,C_trend_pullback,conservative,long,63,stock,DATA_INSUFFICIENT,"No licensed point-in-time US daily tape, delist file, corporate-action journal, or historical venue/industry vintages were verified in this environment.",False,,False,False,,,,,,,,,,,,,,,,,,,,,,0,0,,,,,bull
ev_supply__C_trend_pullback__conservative__long,ev_supply,,C_trend_pullback,conservative,long,63,stock,DATA_INSUFFICIENT,"No licensed point-in-time US daily tape, delist file, corporate-action journal, or historical venue/industry vintages were verified in this environment.",False,,False,False,,,,,,,,,,,,,,,,,,,,,,0,0,,,,,bear
ev_supply__C_trend_pullback__conservative__long,ev_supply,,C_trend_pullback,conservative,long,63,stock,DATA_INSUFFICIENT,"No licensed point-in-time US daily tape, delist file, corporate-action journal, or historical venue/industry vintages were verified in this environment.",False,,False,False,,,,,,,,,,,,,,,,,,,,,,0,0,,,,,range
ev_supply__C_trend_pullback__balanced__short,ev_supply,,C_trend_pullback,balanced,short,5,stock,DATA_INSUFFICIENT,"No licensed point-in-time US daily tape, delist file, corporate-action journal, or historical venue/industry vintages were verified in this environment.",False,,False,False,,,,,,,,,,,,,,,,,,,,,,0,0,,,,,bull
ev_supply__C_trend_pullback__balanced__short,ev_supply,,C_trend_pullback,balanced,short,5,stock,DATA_INSUFFICIENT,"No licensed point-in-time US daily tape, delist file, corporate-action journal, or historical venue/industry vintages were verified in this environment.",False,,False,False,,,,,,,,,,,,,,,,,,,,,,0,0,,,,,bear
ev_supply__C_trend_pullback__balanced__short,ev_supply,,C_trend_pullback,balanced,short,5,stock,DATA_INSUFFICIENT,"No licensed point-in-time US daily tape, delist file, corporate-action journal, or historical venue/industry vintages were verified in this environment.",False,,False,False,,,,,,,,,,,,,,,,,,,,,,0,0,,,,,range
ev_supply__C_trend_pullback__balanced__mid,ev_supply,,C_trend_pullback,balanced,mid,20,stock,DATA_INSUFFICIENT,"No licensed point-in-time US daily tape, delist file, corporate-action journal, or historical venue/industry vintages were verified in this environment.",False,,False,False,,,,,,,,,,,,,,,,,,,,,,0,0,,,,,bull
ev_supply__C_trend_pullback__balanced__mid,ev_supply,,C_trend_pullback,balanced,mid,20,stock,DATA_INSUFFICIENT,"No licensed point-in-time US daily tape, delist file, corporate-action journal, or historical venue/industry vintages were verified in this environment.",False,,False,False,,,,,,,,,,,,,,,,,,,,,,0,0,,,,,bear
ev_supply__C_trend_pullback__balanced__mid,ev_supply,,C_trend_pullback,balanced,mid,20,stock,DATA_INSUFFICIENT,"No licensed point-in-time US daily tape, delist file, corporate-action journal, or historical venue/industry vintages were verified in this environment.",False,,False,False,,,,,,,,,,,,,,,,,,,,,,0,0,,,,,range
ev_supply__C_trend_pullback__balanced__long,ev_supply,,C_trend_pullback,balanced,long,63,stock,DATA_INSUFFICIENT,"No licensed point-in-time US daily tape, delist file, corporate-action journal, or historical venue/industry vintages were verified in this environment.",False,,False,False,,,,,,,,,,,,,,,,,,,,,,0,0,,,,,bull
ev_supply__C_trend_pullback__balanced__long,ev_supply,,C_trend_pullback,balanced,long,63,stock,DATA_INSUFFICIENT,"No licensed point-in-time US daily tape, delist file, corporate-action journal, or historical venue/industry vintages were verified in this environment.",False,,False,False,,,,,,,,,,,,,,,,,,,,,,0,0,,,,,bear
ev_supply__C_trend_pullback__balanced__long,ev_supply,,C_trend_pullback,balanced,long,63,stock,DATA_INSUFFICIENT,"No licensed point-in-time US daily tape, delist file, corporate-action journal, or historical venue/industry vintages were verified in this environment.",False,,False,False,,,,,,,,,,,,,,,,,,,,,,0,0,,,,,range
ev_supply__C_trend_pullback__aggressive__short,ev_supply,,C_trend_pullback,aggressive,short,5,stock,DATA_INSUFFICIENT,"No licensed point-in-time US daily tape, delist file, corporate-action journal, or historical venue/industry vintages were verified in this environment.",False,,False,False,,,,,,,,,,,,,,,,,,,,,,0,0,,,,,bull
ev_supply__C_trend_pullback__aggressive__short,ev_supply,,C_trend_pullback,aggressive,short,5,stock,DATA_INSUFFICIENT,"No licensed point-in-time US daily tape, delist file, corporate-action journal, or historical venue/industry vintages were verified in this environment.",False,,False,False,,,,,,,,,,,,,,,,,,,,,,0,0,,,,,bear
ev_supply__C_trend_pullback__aggressive__short,ev_supply,,C_trend_pullback,aggressive,short,5,stock,DATA_INSUFFICIENT,"No licensed point-in-time US daily tape, delist file, corporate-action journal, or historical venue/industry vintages were verified in this environment.",False,,False,False,,,,,,,,,,,,,,,,,,,,,,0,0,,,,,range
ev_supply__C_trend_pullback__aggressive__mid,ev_supply,,C_trend_pullback,aggressive,mid,20,stock,DATA_INSUFFICIENT,"No licensed point-in-time US daily tape, delist file, corporate-action journal, or historical venue/industry vintages were verified in this environment.",False,,False,False,,,,,,,,,,,,,,,,,,,,,,0,0,,,,,bull
ev_supply__C_trend_pullback__aggressive__mid,ev_supply,,C_trend_pullback,aggressive,mid,20,stock,DATA_INSUFFICIENT,"No licensed point-in-time US daily tape, delist file, corporate-action journal, or historical venue/industry vintages were verified in this environment.",False,,False,False,,,,,,,,,,,,,,,,,,,,,,0,0,,,,,bear
ev_supply__C_trend_pullback__aggressive__mid,ev_supply,,C_trend_pullback,aggressive,mid,20,stock,DATA_INSUFFICIENT,"No licensed point-in-time US daily tape, delist file, corporate-action journal, or historical venue/industry vintages were verified in this environment.",False,,False,False,,,,,,,,,,,,,,,,,,,,,,0,0,,,,,range
ev_supply__C_trend_pullback__aggressive__long,ev_supply,,C_trend_pullback,aggressive,long,63,stock,DATA_INSUFFICIENT,"No licensed point-in-time US daily tape, delist file, corporate-action journal, or historical venue/industry vintages were verified in this environment.",False,,False,False,,,,,,,,,,,,,,,,,,,,,,0,0,,,,,bull
ev_supply__C_trend_pullback__aggressive__long,ev_supply,,C_trend_pullback,aggressive,long,63,stock,DATA_INSUFFICIENT,"No licensed point-in-time US daily tape, delist file, corporate-action journal, or historical venue/industry vintages were verified in this environment.",False,,False,False,,,,,,,,,,,,,,,,,,,,,,0,0,,,,,bear
ev_supply__C_trend_pullback__aggressive__long,ev_supply,,C_trend_pullback,aggressive,long,63,stock,DATA_INSUFFICIENT,"No licensed point-in-time US daily tape, delist file, corporate-action journal, or historical venue/industry vintages were verified in this environment.",False,,False,False,,,,,,,,,,,,,,,,,,,,,,0,0,,,,,range
ev_supply__D_residual_momentum__conservative__short,ev_supply,,D_residual_momentum,conservative,short,5,stock,DATA_INSUFFICIENT,"No licensed point-in-time US daily tape, delist file, corporate-action journal, or historical venue/industry vintages were verified in this environment.",False,,False,False,,,,,,,,,,,,,,,,,,,,,,0,0,,,,,bull
ev_supply__D_residual_momentum__conservative__short,ev_supply,,D_residual_momentum,conservative,short,5,stock,DATA_INSUFFICIENT,"No licensed point-in-time US daily tape, delist file, corporate-action journal, or historical venue/industry vintages were verified in this environment.",False,,False,False,,,,,,,,,,,,,,,,,,,,,,0,0,,,,,bear
ev_supply__D_residual_momentum__conservative__short,ev_supply,,D_residual_momentum,conservative,short,5,stock,DATA_INSUFFICIENT,"No licensed point-in-time US daily tape, delist file, corporate-action journal, or historical venue/industry vintages were verified in this environment.",False,,False,False,,,,,,,,,,,,,,,,,,,,,,0,0,,,,,range
ev_supply__D_residual_momentum__conservative__mid,ev_supply,,D_residual_momentum,conservative,mid,20,stock,DATA_INSUFFICIENT,"No licensed point-in-time US daily tape, delist file, corporate-action journal, or historical venue/industry vintages were verified in this environment.",False,,False,False,,,,,,,,,,,,,,,,,,,,,,0,0,,,,,bull
ev_supply__D_residual_momentum__conservative__mid,ev_supply,,D_residual_momentum,conservative,mid,20,stock,DATA_INSUFFICIENT,"No licensed point-in-time US daily tape, delist file, corporate-action journal, or historical venue/industry vintages were verified in this environment.",False,,False,False,,,,,,,,,,,,,,,,,,,,,,0,0,,,,,bear
ev_supply__D_residual_momentum__conservative__mid,ev_supply,,D_residual_momentum,conservative,mid,20,stock,DATA_INSUFFICIENT,"No licensed point-in-time US daily tape, delist file, corporate-action journal, or historical venue/industry vintages were verified in this environment.",False,,False,False,,,,,,,,,,,,,,,,,,,,,,0,0,,,,,range
ev_supply__D_residual_momentum__conservative__long,ev_supply,,D_residual_momentum,conservative,long,63,stock,DATA_INSUFFICIENT,"No licensed point-in-time US daily tape, delist file, corporate-action journal, or historical venue/industry vintages were verified in this environment.",False,,False,False,,,,,,,,,,,,,,,,,,,,,,0,0,,,,,bull
ev_supply__D_residual_momentum__conservative__long,ev_supply,,D_residual_momentum,conservative,long,63,stock,DATA_INSUFFICIENT,"No licensed point-in-time US daily tape, delist file, corporate-action journal, or historical venue/industry vintages were verified in this environment.",False,,False,False,,,,,,,,,,,,,,,,,,,,,,0,0,,,,,bear
ev_supply__D_residual_momentum__conservative__long,ev_supply,,D_residual_momentum,conservative,long,63,stock,DATA_INSUFFICIENT,"No licensed point-in-time US daily tape, delist file, corporate-action journal, or historical venue/industry vintages were verified in this environment.",False,,False,False,,,,,,,,,,,,,,,,,,,,,,0,0,,,,,range
ev_supply__D_residual_momentum__balanced__short,ev_supply,,D_residual_momentum,balanced,short,5,stock,DATA_INSUFFICIENT,"No licensed point-in-time US daily tape, delist file, corporate-action journal, or historical venue/industry vintages were verified in this environment.",False,,False,False,,,,,,,,,,,,,,,,,,,,,,0,0,,,,,bull
ev_supply__D_residual_momentum__balanced__short,ev_supply,,D_residual_momentum,balanced,short,5,stock,DATA_INSUFFICIENT,"No licensed point-in-time US daily tape, delist file, corporate-action journal, or historical venue/industry vintages were verified in this environment.",False,,False,False,,,,,,,,,,,,,,,,,,,,,,0,0,,,,,bear
ev_supply__D_residual_momentum__balanced__short,ev_supply,,D_residual_momentum,balanced,short,5,stock,DATA_INSUFFICIENT,"No licensed point-in-time US daily tape, delist file, corporate-action journal, or historical venue/industry vintages were verified in this environment.",False,,False,False,,,,,,,,,,,,,,,,,,,,,,0,0,,,,,range
ev_supply__D_residual_momentum__balanced__mid,ev_supply,,D_residual_momentum,balanced,mid,20,stock,DATA_INSUFFICIENT,"No licensed point-in-time US daily tape, delist file, corporate-action journal, or historical venue/industry vintages were verified in this environment.",False,,False,False,,,,,,,,,,,,,,,,,,,,,,0,0,,,,,bull
ev_supply__D_residual_momentum__balanced__mid,ev_supply,,D_residual_momentum,balanced,mid,20,stock,DATA_INSUFFICIENT,"No licensed point-in-time US daily tape, delist file, corporate-action journal, or historical venue/industry vintages were verified in this environment.",False,,False,False,,,,,,,,,,,,,,,,,,,,,,0,0,,,,,bear
ev_supply__D_residual_momentum__balanced__mid,ev_supply,,D_residual_momentum,balanced,mid,20,stock,DATA_INSUFFICIENT,"No licensed point-in-time US daily tape, delist file, corporate-action journal, or historical venue/industry vintages were verified in this environment.",False,,False,False,,,,,,,,,,,,,,,,,,,,,,0,0,,,,,range
ev_supply__D_residual_momentum__balanced__long,ev_supply,,D_residual_momentum,balanced,long,63,stock,DATA_INSUFFICIENT,"No licensed point-in-time US daily tape, delist file, corporate-action journal, or historical venue/industry vintages were verified in this environment.",False,,False,False,,,,,,,,,,,,,,,,,,,,,,0,0,,,,,bull
ev_supply__D_residual_momentum__balanced__long,ev_supply,,D_residual_momentum,balanced,long,63,stock,DATA_INSUFFICIENT,"No licensed point-in-time US daily tape, delist file, corporate-action journal, or historical venue/industry vintages were verified in this environment.",False,,False,False,,,,,,,,,,,,,,,,,,,,,,0,0,,,,,bear
ev_supply__D_residual_momentum__balanced__long,ev_supply,,D_residual_momentum,balanced,long,63,stock,DATA_INSUFFICIENT,"No licensed point-in-time US daily tape, delist file, corporate-action journal, or historical venue/industry vintages were verified in this environment.",False,,False,False,,,,,,,,,,,,,,,,,,,,,,0,0,,,,,range
ev_supply__D_residual_momentum__aggressive__short,ev_supply,,D_residual_momentum,aggressive,short,5,stock,DATA_INSUFFICIENT,"No licensed point-in-time US daily tape, delist file, corporate-action journal, or historical venue/industry vintages were verified in this environment.",False,,False,False,,,,,,,,,,,,,,,,,,,,,,0,0,,,,,bull
ev_supply__D_residual_momentum__aggressive__short,ev_supply,,D_residual_momentum,aggressive,short,5,stock,DATA_INSUFFICIENT,"No licensed point-in-time US daily tape, delist file, corporate-action journal, or historical venue/industry vintages were verified in this environment.",False,,False,False,,,,,,,,,,,,,,,,,,,,,,0,0,,,,,bear
ev_supply__D_residual_momentum__aggressive__short,ev_supply,,D_residual_momentum,aggressive,short,5,stock,DATA_INSUFFICIENT,"No licensed point-in-time US daily tape, delist file, corporate-action journal, or historical venue/industry vintages were verified in this environment.",False,,False,False,,,,,,,,,,,,,,,,,,,,,,0,0,,,,,range
ev_supply__D_residual_momentum__aggressive__mid,ev_supply,,D_residual_momentum,aggressive,mid,20,stock,DATA_INSUFFICIENT,"No licensed point-in-time US daily tape, delist file, corporate-action journal, or historical venue/industry vintages were verified in this environment.",False,,False,False,,,,,,,,,,,,,,,,,,,,,,0,0,,,,,bull
ev_supply__D_residual_momentum__aggressive__mid,ev_supply,,D_residual_momentum,aggressive,mid,20,stock,DATA_INSUFFICIENT,"No licensed point-in-time US daily tape, delist file, corporate-action journal, or historical venue/industry vintages were verified in this environment.",False,,False,False,,,,,,,,,,,,,,,,,,,,,,0,0,,,,,bear
ev_supply__D_residual_momentum__aggressive__mid,ev_supply,,D_residual_momentum,aggressive,mid,20,stock,DATA_INSUFFICIENT,"No licensed point-in-time US daily tape, delist file, corporate-action journal, or historical venue/industry vintages were verified in this environment.",False,,False,False,,,,,,,,,,,,,,,,,,,,,,0,0,,,,,range
ev_supply__D_residual_momentum__aggressive__long,ev_supply,,D_residual_momentum,aggressive,long,63,stock,DATA_INSUFFICIENT,"No licensed point-in-time US daily tape, delist file, corporate-action journal, or historical venue/industry vintages were verified in this environment.",False,,False,False,,,,,,,,,,,,,,,,,,,,,,0,0,,,,,bull
ev_supply__D_residual_momentum__aggressive__long,ev_supply,,D_residual_momentum,aggressive,long,63,stock,DATA_INSUFFICIENT,"No licensed point-in-time US daily tape, delist file, corporate-action journal, or historical venue/industry vintages were verified in this environment.",False,,False,False,,,,,,,,,,,,,,,,,,,,,,0,0,,,,,bear
ev_supply__D_residual_momentum__aggressive__long,ev_supply,,D_residual_momentum,aggressive,long,63,stock,DATA_INSUFFICIENT,"No licensed point-in-time US daily tape, delist file, corporate-action journal, or historical venue/industry vintages were verified in this environment.",False,,False,False,,,,,,,,,,,,,,,,,,,,,,0,0,,,,,range
finance__A_trend_quality__conservative__short,finance,,A_trend_quality,conservative,short,5,stock,DATA_INSUFFICIENT,"No licensed point-in-time US daily tape, delist file, corporate-action journal, or historical venue/industry vintages were verified in this environment.",False,,False,False,,,,,,,,,,,,,,,,,,,,,,0,0,,,,,bull
finance__A_trend_quality__conservative__short,finance,,A_trend_quality,conservative,short,5,stock,DATA_INSUFFICIENT,"No licensed point-in-time US daily tape, delist file, corporate-action journal, or historical venue/industry vintages were verified in this environment.",False,,False,False,,,,,,,,,,,,,,,,,,,,,,0,0,,,,,bear
finance__A_trend_quality__conservative__short,finance,,A_trend_quality,conservative,short,5,stock,DATA_INSUFFICIENT,"No licensed point-in-time US daily tape, delist file, corporate-action journal, or historical venue/industry vintages were verified in this environment.",False,,False,False,,,,,,,,,,,,,,,,,,,,,,0,0,,,,,range
finance__A_trend_quality__conservative__mid,finance,,A_trend_quality,conservative,mid,20,stock,DATA_INSUFFICIENT,"No licensed point-in-time US daily tape, delist file, corporate-action journal, or historical venue/industry vintages were verified in this environment.",False,,False,False,,,,,,,,,,,,,,,,,,,,,,0,0,,,,,bull
finance__A_trend_quality__conservative__mid,finance,,A_trend_quality,conservative,mid,20,stock,DATA_INSUFFICIENT,"No licensed point-in-time US daily tape, delist file, corporate-action journal, or historical venue/industry vintages were verified in this environment.",False,,False,False,,,,,,,,,,,,,,,,,,,,,,0,0,,,,,bear
finance__A_trend_quality__conservative__mid,finance,,A_trend_quality,conservative,mid,20,stock,DATA_INSUFFICIENT,"No licensed point-in-time US daily tape, delist file, corporate-action journal, or historical venue/industry vintages were verified in this environment.",False,,False,False,,,,,,,,,,,,,,,,,,,,,,0,0,,,,,range
finance__A_trend_quality__conservative__long,finance,,A_trend_quality,conservative,long,63,stock,DATA_INSUFFICIENT,"No licensed point-in-time US daily tape, delist file, corporate-action journal, or historical venue/industry vintages were verified in this environment.",False,,False,False,,,,,,,,,,,,,,,,,,,,,,0,0,,,,,bull
finance__A_trend_quality__conservative__long,finance,,A_trend_quality,conservative,long,63,stock,DATA_INSUFFICIENT,"No licensed point-in-time US daily tape, delist file, corporate-action journal, or historical venue/industry vintages were verified in this environment.",False,,False,False,,,,,,,,,,,,,,,,,,,,,,0,0,,,,,bear
finance__A_trend_quality__conservative__long,finance,,A_trend_quality,conservative,long,63,stock,DATA_INSUFFICIENT,"No licensed point-in-time US daily tape, delist file, corporate-action journal, or historical venue/industry vintages were verified in this environment.",False,,False,False,,,,,,,,,,,,,,,,,,,,,,0,0,,,,,range
finance__A_trend_quality__balanced__short,finance,,A_trend_quality,balanced,short,5,stock,DATA_INSUFFICIENT,"No licensed point-in-time US daily tape, delist file, corporate-action journal, or historical venue/industry vintages were verified in this environment.",False,,False,False,,,,,,,,,,,,,,,,,,,,,,0,0,,,,,bull
finance__A_trend_quality__balanced__short,finance,,A_trend_quality,balanced,short,5,stock,DATA_INSUFFICIENT,"No licensed point-in-time US daily tape, delist file, corporate-action journal, or historical venue/industry vintages were verified in this environment.",False,,False,False,,,,,,,,,,,,,,,,,,,,,,0,0,,,,,bear
finance__A_trend_quality__balanced__short,finance,,A_trend_quality,balanced,short,5,stock,DATA_INSUFFICIENT,"No licensed point-in-time US daily tape, delist file, corporate-action journal, or historical venue/industry vintages were verified in this environment.",False,,False,False,,,,,,,,,,,,,,,,,,,,,,0,0,,,,,range
finance__A_trend_quality__balanced__mid,finance,,A_trend_quality,balanced,mid,20,stock,DATA_INSUFFICIENT,"No licensed point-in-time US daily tape, delist file, corporate-action journal, or historical venue/industry vintages were verified in this environment.",False,,False,False,,,,,,,,,,,,,,,,,,,,,,0,0,,,,,bull
finance__A_trend_quality__balanced__mid,finance,,A_trend_quality,balanced,mid,20,stock,DATA_INSUFFICIENT,"No licensed point-in-time US daily tape, delist file, corporate-action journal, or historical venue/industry vintages were verified in this environment.",False,,False,False,,,,,,,,,,,,,,,,,,,,,,0,0,,,,,bear
finance__A_trend_quality__balanced__mid,finance,,A_trend_quality,balanced,mid,20,stock,DATA_INSUFFICIENT,"No licensed point-in-time US daily tape, delist file, corporate-action journal, or historical venue/industry vintages were verified in this environment.",False,,False,False,,,,,,,,,,,,,,,,,,,,,,0,0,,,,,range
finance__A_trend_quality__balanced__long,finance,,A_trend_quality,balanced,long,63,stock,DATA_INSUFFICIENT,"No licensed point-in-time US daily tape, delist file, corporate-action journal, or historical venue/industry vintages were verified in this environment.",False,,False,False,,,,,,,,,,,,,,,,,,,,,,0,0,,,,,bull
finance__A_trend_quality__balanced__long,finance,,A_trend_quality,balanced,long,63,stock,DATA_INSUFFICIENT,"No licensed point-in-time US daily tape, delist file, corporate-action journal, or historical venue/industry vintages were verified in this environment.",False,,False,False,,,,,,,,,,,,,,,,,,,,,,0,0,,,,,bear
finance__A_trend_quality__balanced__long,finance,,A_trend_quality,balanced,long,63,stock,DATA_INSUFFICIENT,"No licensed point-in-time US daily tape, delist file, corporate-action journal, or historical venue/industry vintages were verified in this environment.",False,,False,False,,,,,,,,,,,,,,,,,,,,,,0,0,,,,,range
finance__A_trend_quality__aggressive__short,finance,,A_trend_quality,aggressive,short,5,stock,DATA_INSUFFICIENT,"No licensed point-in-time US daily tape, delist file, corporate-action journal, or historical venue/industry vintages were verified in this environment.",False,,False,False,,,,,,,,,,,,,,,,,,,,,,0,0,,,,,bull
finance__A_trend_quality__aggressive__short,finance,,A_trend_quality,aggressive,short,5,stock,DATA_INSUFFICIENT,"No licensed point-in-time US daily tape, delist file, corporate-action journal, or historical venue/industry vintages were verified in this environment.",False,,False,False,,,,,,,,,,,,,,,,,,,,,,0,0,,,,,bear
finance__A_trend_quality__aggressive__short,finance,,A_trend_quality,aggressive,short,5,stock,DATA_INSUFFICIENT,"No licensed point-in-time US daily tape, delist file, corporate-action journal, or historical venue/industry vintages were verified in this environment.",False,,False,False,,,,,,,,,,,,,,,,,,,,,,0,0,,,,,range
finance__A_trend_quality__aggressive__mid,finance,,A_trend_quality,aggressive,mid,20,stock,DATA_INSUFFICIENT,"No licensed point-in-time US daily tape, delist file, corporate-action journal, or historical venue/industry vintages were verified in this environment.",False,,False,False,,,,,,,,,,,,,,,,,,,,,,0,0,,,,,bull
finance__A_trend_quality__aggressive__mid,finance,,A_trend_quality,aggressive,mid,20,stock,DATA_INSUFFICIENT,"No licensed point-in-time US daily tape, delist file, corporate-action journal, or historical venue/industry vintages were verified in this environment.",False,,False,False,,,,,,,,,,,,,,,,,,,,,,0,0,,,,,bear
finance__A_trend_quality__aggressive__mid,finance,,A_trend_quality,aggressive,mid,20,stock,DATA_INSUFFICIENT,"No licensed point-in-time US daily tape, delist file, corporate-action journal, or historical venue/industry vintages were verified in this environment.",False,,False,False,,,,,,,,,,,,,,,,,,,,,,0,0,,,,,range
finance__A_trend_quality__aggressive__long,finance,,A_trend_quality,aggressive,long,63,stock,DATA_INSUFFICIENT,"No licensed point-in-time US daily tape, delist file, corporate-action journal, or historical venue/industry vintages were verified in this environment.",False,,False,False,,,,,,,,,,,,,,,,,,,,,,0,0,,,,,bull
finance__A_trend_quality__aggressive__long,finance,,A_trend_quality,aggressive,long,63,stock,DATA_INSUFFICIENT,"No licensed point-in-time US daily tape, delist file, corporate-action journal, or historical venue/industry vintages were verified in this environment.",False,,False,False,,,,,,,,,,,,,,,,,,,,,,0,0,,,,,bear
finance__A_trend_quality__aggressive__long,finance,,A_trend_quality,aggressive,long,63,stock,DATA_INSUFFICIENT,"No licensed point-in-time US daily tape, delist file, corporate-action journal, or historical venue/industry vintages were verified in this environment.",False,,False,False,,,,,,,,,,,,,,,,,,,,,,0,0,,,,,range
finance__B_confirmed_base_breakout__conservative__short,finance,,B_confirmed_base_breakout,conservative,short,5,stock,DATA_INSUFFICIENT,"No licensed point-in-time US daily tape, delist file, corporate-action journal, or historical venue/industry vintages were verified in this environment.",False,,False,False,,,,,,,,,,,,,,,,,,,,,,0,0,,,,,bull
finance__B_confirmed_base_breakout__conservative__short,finance,,B_confirmed_base_breakout,conservative,short,5,stock,DATA_INSUFFICIENT,"No licensed point-in-time US daily tape, delist file, corporate-action journal, or historical venue/industry vintages were verified in this environment.",False,,False,False,,,,,,,,,,,,,,,,,,,,,,0,0,,,,,bear
finance__B_confirmed_base_breakout__conservative__short,finance,,B_confirmed_base_breakout,conservative,short,5,stock,DATA_INSUFFICIENT,"No licensed point-in-time US daily tape, delist file, corporate-action journal, or historical venue/industry vintages were verified in this environment.",False,,False,False,,,,,,,,,,,,,,,,,,,,,,0,0,,,,,range
finance__B_confirmed_base_breakout__conservative__mid,finance,,B_confirmed_base_breakout,conservative,mid,20,stock,DATA_INSUFFICIENT,"No licensed point-in-time US daily tape, delist file, corporate-action journal, or historical venue/industry vintages were verified in this environment.",False,,False,False,,,,,,,,,,,,,,,,,,,,,,0,0,,,,,bull
finance__B_confirmed_base_breakout__conservative__mid,finance,,B_confirmed_base_breakout,conservative,mid,20,stock,DATA_INSUFFICIENT,"No licensed point-in-time US daily tape, delist file, corporate-action journal, or historical venue/industry vintages were verified in this environment.",False,,False,False,,,,,,,,,,,,,,,,,,,,,,0,0,,,,,bear
finance__B_confirmed_base_breakout__conservative__mid,finance,,B_confirmed_base_breakout,conservative,mid,20,stock,DATA_INSUFFICIENT,"No licensed point-in-time US daily tape, delist file, corporate-action journal, or historical venue/industry vintages were verified in this environment.",False,,False,False,,,,,,,,,,,,,,,,,,,,,,0,0,,,,,range
finance__B_confirmed_base_breakout__conservative__long,finance,,B_confirmed_base_breakout,conservative,long,63,stock,DATA_INSUFFICIENT,"No licensed point-in-time US daily tape, delist file, corporate-action journal, or historical venue/industry vintages were verified in this environment.",False,,False,False,,,,,,,,,,,,,,,,,,,,,,0,0,,,,,bull
finance__B_confirmed_base_breakout__conservative__long,finance,,B_confirmed_base_breakout,conservative,long,63,stock,DATA_INSUFFICIENT,"No licensed point-in-time US daily tape, delist file, corporate-action journal, or historical venue/industry vintages were verified in this environment.",False,,False,False,,,,,,,,,,,,,,,,,,,,,,0,0,,,,,bear
finance__B_confirmed_base_breakout__conservative__long,finance,,B_confirmed_base_breakout,conservative,long,63,stock,DATA_INSUFFICIENT,"No licensed point-in-time US daily tape, delist file, corporate-action journal, or historical venue/industry vintages were verified in this environment.",False,,False,False,,,,,,,,,,,,,,,,,,,,,,0,0,,,,,range
finance__B_confirmed_base_breakout__balanced__short,finance,,B_confirmed_base_breakout,balanced,short,5,stock,DATA_INSUFFICIENT,"No licensed point-in-time US daily tape, delist file, corporate-action journal, or historical venue/industry vintages were verified in this environment.",False,,False,False,,,,,,,,,,,,,,,,,,,,,,0,0,,,,,bull
finance__B_confirmed_base_breakout__balanced__short,finance,,B_confirmed_base_breakout,balanced,short,5,stock,DATA_INSUFFICIENT,"No licensed point-in-time US daily tape, delist file, corporate-action journal, or historical venue/industry vintages were verified in this environment.",False,,False,False,,,,,,,,,,,,,,,,,,,,,,0,0,,,,,bear
finance__B_confirmed_base_breakout__balanced__short,finance,,B_confirmed_base_breakout,balanced,short,5,stock,DATA_INSUFFICIENT,"No licensed point-in-time US daily tape, delist file, corporate-action journal, or historical venue/industry vintages were verified in this environment.",False,,False,False,,,,,,,,,,,,,,,,,,,,,,0,0,,,,,range
finance__B_confirmed_base_breakout__balanced__mid,finance,,B_confirmed_base_breakout,balanced,mid,20,stock,DATA_INSUFFICIENT,"No licensed point-in-time US daily tape, delist file, corporate-action journal, or historical venue/industry vintages were verified in this environment.",False,,False,False,,,,,,,,,,,,,,,,,,,,,,0,0,,,,,bull
finance__B_confirmed_base_breakout__balanced__mid,finance,,B_confirmed_base_breakout,balanced,mid,20,stock,DATA_INSUFFICIENT,"No licensed point-in-time US daily tape, delist file, corporate-action journal, or historical venue/industry vintages were verified in this environment.",False,,False,False,,,,,,,,,,,,,,,,,,,,,,0,0,,,,,bear
finance__B_confirmed_base_breakout__balanced__mid,finance,,B_confirmed_base_breakout,balanced,mid,20,stock,DATA_INSUFFICIENT,"No licensed point-in-time US daily tape, delist file, corporate-action journal, or historical venue/industry vintages were verified in this environment.",False,,False,False,,,,,,,,,,,,,,,,,,,,,,0,0,,,,,range
finance__B_confirmed_base_breakout__balanced__long,finance,,B_confirmed_base_breakout,balanced,long,63,stock,DATA_INSUFFICIENT,"No licensed point-in-time US daily tape, delist file, corporate-action journal, or historical venue/industry vintages were verified in this environment.",False,,False,False,,,,,,,,,,,,,,,,,,,,,,0,0,,,,,bull
finance__B_confirmed_base_breakout__balanced__long,finance,,B_confirmed_base_breakout,balanced,long,63,stock,DATA_INSUFFICIENT,"No licensed point-in-time US daily tape, delist file, corporate-action journal, or historical venue/industry vintages were verified in this environment.",False,,False,False,,,,,,,,,,,,,,,,,,,,,,0,0,,,,,bear
finance__B_confirmed_base_breakout__balanced__long,finance,,B_confirmed_base_breakout,balanced,long,63,stock,DATA_INSUFFICIENT,"No licensed point-in-time US daily tape, delist file, corporate-action journal, or historical venue/industry vintages were verified in this environment.",False,,False,False,,,,,,,,,,,,,,,,,,,,,,0,0,,,,,range
finance__B_confirmed_base_breakout__aggressive__short,finance,,B_confirmed_base_breakout,aggressive,short,5,stock,DATA_INSUFFICIENT,"No licensed point-in-time US daily tape, delist file, corporate-action journal, or historical venue/industry vintages were verified in this environment.",False,,False,False,,,,,,,,,,,,,,,,,,,,,,0,0,,,,,bull
finance__B_confirmed_base_breakout__aggressive__short,finance,,B_confirmed_base_breakout,aggressive,short,5,stock,DATA_INSUFFICIENT,"No licensed point-in-time US daily tape, delist file, corporate-action journal, or historical venue/industry vintages were verified in this environment.",False,,False,False,,,,,,,,,,,,,,,,,,,,,,0,0,,,,,bear
finance__B_confirmed_base_breakout__aggressive__short,finance,,B_confirmed_base_breakout,aggressive,short,5,stock,DATA_INSUFFICIENT,"No licensed point-in-time US daily tape, delist file, corporate-action journal, or historical venue/industry vintages were verified in this environment.",False,,False,False,,,,,,,,,,,,,,,,,,,,,,0,0,,,,,range
finance__B_confirmed_base_breakout__aggressive__mid,finance,,B_confirmed_base_breakout,aggressive,mid,20,stock,DATA_INSUFFICIENT,"No licensed point-in-time US daily tape, delist file, corporate-action journal, or historical venue/industry vintages were verified in this environment.",False,,False,False,,,,,,,,,,,,,,,,,,,,,,0,0,,,,,bull
finance__B_confirmed_base_breakout__aggressive__mid,finance,,B_confirmed_base_breakout,aggressive,mid,20,stock,DATA_INSUFFICIENT,"No licensed point-in-time US daily tape, delist file, corporate-action journal, or historical venue/industry vintages were verified in this environment.",False,,False,False,,,,,,,,,,,,,,,,,,,,,,0,0,,,,,bear
finance__B_confirmed_base_breakout__aggressive__mid,finance,,B_confirmed_base_breakout,aggressive,mid,20,stock,DATA_INSUFFICIENT,"No licensed point-in-time US daily tape, delist file, corporate-action journal, or historical venue/industry vintages were verified in this environment.",False,,False,False,,,,,,,,,,,,,,,,,,,,,,0,0,,,,,range
finance__B_confirmed_base_breakout__aggressive__long,finance,,B_confirmed_base_breakout,aggressive,long,63,stock,DATA_INSUFFICIENT,"No licensed point-in-time US daily tape, delist file, corporate-action journal, or historical venue/industry vintages were verified in this environment.",False,,False,False,,,,,,,,,,,,,,,,,,,,,,0,0,,,,,bull
finance__B_confirmed_base_breakout__aggressive__long,finance,,B_confirmed_base_breakout,aggressive,long,63,stock,DATA_INSUFFICIENT,"No licensed point-in-time US daily tape, delist file, corporate-action journal, or historical venue/industry vintages were verified in this environment.",False,,False,False,,,,,,,,,,,,,,,,,,,,,,0,0,,,,,bear
finance__B_confirmed_base_breakout__aggressive__long,finance,,B_confirmed_base_breakout,aggressive,long,63,stock,DATA_INSUFFICIENT,"No licensed point-in-time US daily tape, delist file, corporate-action journal, or historical venue/industry vintages were verified in this environment.",False,,False,False,,,,,,,,,,,,,,,,,,,,,,0,0,,,,,range
finance__C_trend_pullback__conservative__short,finance,,C_trend_pullback,conservative,short,5,stock,DATA_INSUFFICIENT,"No licensed point-in-time US daily tape, delist file, corporate-action journal, or historical venue/industry vintages were verified in this environment.",False,,False,False,,,,,,,,,,,,,,,,,,,,,,0,0,,,,,bull
finance__C_trend_pullback__conservative__short,finance,,C_trend_pullback,conservative,short,5,stock,DATA_INSUFFICIENT,"No licensed point-in-time US daily tape, delist file, corporate-action journal, or historical venue/industry vintages were verified in this environment.",False,,False,False,,,,,,,,,,,,,,,,,,,,,,0,0,,,,,bear
finance__C_trend_pullback__conservative__short,finance,,C_trend_pullback,conservative,short,5,stock,DATA_INSUFFICIENT,"No licensed point-in-time US daily tape, delist file, corporate-action journal, or historical venue/industry vintages were verified in this environment.",False,,False,False,,,,,,,,,,,,,,,,,,,,,,0,0,,,,,range
finance__C_trend_pullback__conservative__mid,finance,,C_trend_pullback,conservative,mid,20,stock,DATA_INSUFFICIENT,"No licensed point-in-time US daily tape, delist file, corporate-action journal, or historical venue/industry vintages were verified in this environment.",False,,False,False,,,,,,,,,,,,,,,,,,,,,,0,0,,,,,bull
finance__C_trend_pullback__conservative__mid,finance,,C_trend_pullback,conservative,mid,20,stock,DATA_INSUFFICIENT,"No licensed point-in-time US daily tape, delist file, corporate-action journal, or historical venue/industry vintages were verified in this environment.",False,,False,False,,,,,,,,,,,,,,,,,,,,,,0,0,,,,,bear
finance__C_trend_pullback__conservative__mid,finance,,C_trend_pullback,conservative,mid,20,stock,DATA_INSUFFICIENT,"No licensed point-in-time US daily tape, delist file, corporate-action journal, or historical venue/industry vintages were verified in this environment.",False,,False,False,,,,,,,,,,,,,,,,,,,,,,0,0,,,,,range
finance__C_trend_pullback__conservative__long,finance,,C_trend_pullback,conservative,long,63,stock,DATA_INSUFFICIENT,"No licensed point-in-time US daily tape, delist file, corporate-action journal, or historical venue/industry vintages were verified in this environment.",False,,False,False,,,,,,,,,,,,,,,,,,,,,,0,0,,,,,bull
finance__C_trend_pullback__conservative__long,finance,,C_trend_pullback,conservative,long,63,stock,DATA_INSUFFICIENT,"No licensed point-in-time US daily tape, delist file, corporate-action journal, or historical venue/industry vintages were verified in this environment.",False,,False,False,,,,,,,,,,,,,,,,,,,,,,0,0,,,,,bear
finance__C_trend_pullback__conservative__long,finance,,C_trend_pullback,conservative,long,63,stock,DATA_INSUFFICIENT,"No licensed point-in-time US daily tape, delist file, corporate-action journal, or historical venue/industry vintages were verified in this environment.",False,,False,False,,,,,,,,,,,,,,,,,,,,,,0,0,,,,,range
finance__C_trend_pullback__balanced__short,finance,,C_trend_pullback,balanced,short,5,stock,DATA_INSUFFICIENT,"No licensed point-in-time US daily tape, delist file, corporate-action journal, or historical venue/industry vintages were verified in this environment.",False,,False,False,,,,,,,,,,,,,,,,,,,,,,0,0,,,,,bull
finance__C_trend_pullback__balanced__short,finance,,C_trend_pullback,balanced,short,5,stock,DATA_INSUFFICIENT,"No licensed point-in-time US daily tape, delist file, corporate-action journal, or historical venue/industry vintages were verified in this environment.",False,,False,False,,,,,,,,,,,,,,,,,,,,,,0,0,,,,,bear
finance__C_trend_pullback__balanced__short,finance,,C_trend_pullback,balanced,short,5,stock,DATA_INSUFFICIENT,"No licensed point-in-time US daily tape, delist file, corporate-action journal, or historical venue/industry vintages were verified in this environment.",False,,False,False,,,,,,,,,,,,,,,,,,,,,,0,0,,,,,range
finance__C_trend_pullback__balanced__mid,finance,,C_trend_pullback,balanced,mid,20,stock,DATA_INSUFFICIENT,"No licensed point-in-time US daily tape, delist file, corporate-action journal, or historical venue/industry vintages were verified in this environment.",False,,False,False,,,,,,,,,,,,,,,,,,,,,,0,0,,,,,bull
finance__C_trend_pullback__balanced__mid,finance,,C_trend_pullback,balanced,mid,20,stock,DATA_INSUFFICIENT,"No licensed point-in-time US daily tape, delist file, corporate-action journal, or historical venue/industry vintages were verified in this environment.",False,,False,False,,,,,,,,,,,,,,,,,,,,,,0,0,,,,,bear
finance__C_trend_pullback__balanced__mid,finance,,C_trend_pullback,balanced,mid,20,stock,DATA_INSUFFICIENT,"No licensed point-in-time US daily tape, delist file, corporate-action journal, or historical venue/industry vintages were verified in this environment.",False,,False,False,,,,,,,,,,,,,,,,,,,,,,0,0,,,,,range
finance__C_trend_pullback__balanced__long,finance,,C_trend_pullback,balanced,long,63,stock,DATA_INSUFFICIENT,"No licensed point-in-time US daily tape, delist file, corporate-action journal, or historical venue/industry vintages were verified in this environment.",False,,False,False,,,,,,,,,,,,,,,,,,,,,,0,0,,,,,bull
finance__C_trend_pullback__balanced__long,finance,,C_trend_pullback,balanced,long,63,stock,DATA_INSUFFICIENT,"No licensed point-in-time US daily tape, delist file, corporate-action journal, or historical venue/industry vintages were verified in this environment.",False,,False,False,,,,,,,,,,,,,,,,,,,,,,0,0,,,,,bear
finance__C_trend_pullback__balanced__long,finance,,C_trend_pullback,balanced,long,63,stock,DATA_INSUFFICIENT,"No licensed point-in-time US daily tape, delist file, corporate-action journal, or historical venue/industry vintages were verified in this environment.",False,,False,False,,,,,,,,,,,,,,,,,,,,,,0,0,,,,,range
finance__C_trend_pullback__aggressive__short,finance,,C_trend_pullback,aggressive,short,5,stock,DATA_INSUFFICIENT,"No licensed point-in-time US daily tape, delist file, corporate-action journal, or historical venue/industry vintages were verified in this environment.",False,,False,False,,,,,,,,,,,,,,,,,,,,,,0,0,,,,,bull
finance__C_trend_pullback__aggressive__short,finance,,C_trend_pullback,aggressive,short,5,stock,DATA_INSUFFICIENT,"No licensed point-in-time US daily tape, delist file, corporate-action journal, or historical venue/industry vintages were verified in this environment.",False,,False,False,,,,,,,,,,,,,,,,,,,,,,0,0,,,,,bear
finance__C_trend_pullback__aggressive__short,finance,,C_trend_pullback,aggressive,short,5,stock,DATA_INSUFFICIENT,"No licensed point-in-time US daily tape, delist file, corporate-action journal, or historical venue/industry vintages were verified in this environment.",False,,False,False,,,,,,,,,,,,,,,,,,,,,,0,0,,,,,range
finance__C_trend_pullback__aggressive__mid,finance,,C_trend_pullback,aggressive,mid,20,stock,DATA_INSUFFICIENT,"No licensed point-in-time US daily tape, delist file, corporate-action journal, or historical venue/industry vintages were verified in this environment.",False,,False,False,,,,,,,,,,,,,,,,,,,,,,0,0,,,,,bull
finance__C_trend_pullback__aggressive__mid,finance,,C_trend_pullback,aggressive,mid,20,stock,DATA_INSUFFICIENT,"No licensed point-in-time US daily tape, delist file, corporate-action journal, or historical venue/industry vintages were verified in this environment.",False,,False,False,,,,,,,,,,,,,,,,,,,,,,0,0,,,,,bear
finance__C_trend_pullback__aggressive__mid,finance,,C_trend_pullback,aggressive,mid,20,stock,DATA_INSUFFICIENT,"No licensed point-in-time US daily tape, delist file, corporate-action journal, or historical venue/industry vintages were verified in this environment.",False,,False,False,,,,,,,,,,,,,,,,,,,,,,0,0,,,,,range
finance__C_trend_pullback__aggressive__long,finance,,C_trend_pullback,aggressive,long,63,stock,DATA_INSUFFICIENT,"No licensed point-in-time US daily tape, delist file, corporate-action journal, or historical venue/industry vintages were verified in this environment.",False,,False,False,,,,,,,,,,,,,,,,,,,,,,0,0,,,,,bull
finance__C_trend_pullback__aggressive__long,finance,,C_trend_pullback,aggressive,long,63,stock,DATA_INSUFFICIENT,"No licensed point-in-time US daily tape, delist file, corporate-action journal, or historical venue/industry vintages were verified in this environment.",False,,False,False,,,,,,,,,,,,,,,,,,,,,,0,0,,,,,bear
finance__C_trend_pullback__aggressive__long,finance,,C_trend_pullback,aggressive,long,63,stock,DATA_INSUFFICIENT,"No licensed point-in-time US daily tape, delist file, corporate-action journal, or historical venue/industry vintages were verified in this environment.",False,,False,False,,,,,,,,,,,,,,,,,,,,,,0,0,,,,,range
finance__D_residual_momentum__conservative__short,finance,,D_residual_momentum,conservative,short,5,stock,DATA_INSUFFICIENT,"No licensed point-in-time US daily tape, delist file, corporate-action journal, or historical venue/industry vintages were verified in this environment.",False,,False,False,,,,,,,,,,,,,,,,,,,,,,0,0,,,,,bull
finance__D_residual_momentum__conservative__short,finance,,D_residual_momentum,conservative,short,5,stock,DATA_INSUFFICIENT,"No licensed point-in-time US daily tape, delist file, corporate-action journal, or historical venue/industry vintages were verified in this environment.",False,,False,False,,,,,,,,,,,,,,,,,,,,,,0,0,,,,,bear
finance__D_residual_momentum__conservative__short,finance,,D_residual_momentum,conservative,short,5,stock,DATA_INSUFFICIENT,"No licensed point-in-time US daily tape, delist file, corporate-action journal, or historical venue/industry vintages were verified in this environment.",False,,False,False,,,,,,,,,,,,,,,,,,,,,,0,0,,,,,range
finance__D_residual_momentum__conservative__mid,finance,,D_residual_momentum,conservative,mid,20,stock,DATA_INSUFFICIENT,"No licensed point-in-time US daily tape, delist file, corporate-action journal, or historical venue/industry vintages were verified in this environment.",False,,False,False,,,,,,,,,,,,,,,,,,,,,,0,0,,,,,bull
finance__D_residual_momentum__conservative__mid,finance,,D_residual_momentum,conservative,mid,20,stock,DATA_INSUFFICIENT,"No licensed point-in-time US daily tape, delist file, corporate-action journal, or historical venue/industry vintages were verified in this environment.",False,,False,False,,,,,,,,,,,,,,,,,,,,,,0,0,,,,,bear
finance__D_residual_momentum__conservative__mid,finance,,D_residual_momentum,conservative,mid,20,stock,DATA_INSUFFICIENT,"No licensed point-in-time US daily tape, delist file, corporate-action journal, or historical venue/industry vintages were verified in this environment.",False,,False,False,,,,,,,,,,,,,,,,,,,,,,0,0,,,,,range
finance__D_residual_momentum__conservative__long,finance,,D_residual_momentum,conservative,long,63,stock,DATA_INSUFFICIENT,"No licensed point-in-time US daily tape, delist file, corporate-action journal, or historical venue/industry vintages were verified in this environment.",False,,False,False,,,,,,,,,,,,,,,,,,,,,,0,0,,,,,bull
finance__D_residual_momentum__conservative__long,finance,,D_residual_momentum,conservative,long,63,stock,DATA_INSUFFICIENT,"No licensed point-in-time US daily tape, delist file, corporate-action journal, or historical venue/industry vintages were verified in this environment.",False,,False,False,,,,,,,,,,,,,,,,,,,,,,0,0,,,,,bear
finance__D_residual_momentum__conservative__long,finance,,D_residual_momentum,conservative,long,63,stock,DATA_INSUFFICIENT,"No licensed point-in-time US daily tape, delist file, corporate-action journal, or historical venue/industry vintages were verified in this environment.",False,,False,False,,,,,,,,,,,,,,,,,,,,,,0,0,,,,,range
finance__D_residual_momentum__balanced__short,finance,,D_residual_momentum,balanced,short,5,stock,DATA_INSUFFICIENT,"No licensed point-in-time US daily tape, delist file, corporate-action journal, or historical venue/industry vintages were verified in this environment.",False,,False,False,,,,,,,,,,,,,,,,,,,,,,0,0,,,,,bull
finance__D_residual_momentum__balanced__short,finance,,D_residual_momentum,balanced,short,5,stock,DATA_INSUFFICIENT,"No licensed point-in-time US daily tape, delist file, corporate-action journal, or historical venue/industry vintages were verified in this environment.",False,,False,False,,,,,,,,,,,,,,,,,,,,,,0,0,,,,,bear
finance__D_residual_momentum__balanced__short,finance,,D_residual_momentum,balanced,short,5,stock,DATA_INSUFFICIENT,"No licensed point-in-time US daily tape, delist file, corporate-action journal, or historical venue/industry vintages were verified in this environment.",False,,False,False,,,,,,,,,,,,,,,,,,,,,,0,0,,,,,range
finance__D_residual_momentum__balanced__mid,finance,,D_residual_momentum,balanced,mid,20,stock,DATA_INSUFFICIENT,"No licensed point-in-time US daily tape, delist file, corporate-action journal, or historical venue/industry vintages were verified in this environment.",False,,False,False,,,,,,,,,,,,,,,,,,,,,,0,0,,,,,bull
finance__D_residual_momentum__balanced__mid,finance,,D_residual_momentum,balanced,mid,20,stock,DATA_INSUFFICIENT,"No licensed point-in-time US daily tape, delist file, corporate-action journal, or historical venue/industry vintages were verified in this environment.",False,,False,False,,,,,,,,,,,,,,,,,,,,,,0,0,,,,,bear
finance__D_residual_momentum__balanced__mid,finance,,D_residual_momentum,balanced,mid,20,stock,DATA_INSUFFICIENT,"No licensed point-in-time US daily tape, delist file, corporate-action journal, or historical venue/industry vintages were verified in this environment.",False,,False,False,,,,,,,,,,,,,,,,,,,,,,0,0,,,,,range
finance__D_residual_momentum__balanced__long,finance,,D_residual_momentum,balanced,long,63,stock,DATA_INSUFFICIENT,"No licensed point-in-time US daily tape, delist file, corporate-action journal, or historical venue/industry vintages were verified in this environment.",False,,False,False,,,,,,,,,,,,,,,,,,,,,,0,0,,,,,bull
finance__D_residual_momentum__balanced__long,finance,,D_residual_momentum,balanced,long,63,stock,DATA_INSUFFICIENT,"No licensed point-in-time US daily tape, delist file, corporate-action journal, or historical venue/industry vintages were verified in this environment.",False,,False,False,,,,,,,,,,,,,,,,,,,,,,0,0,,,,,bear
finance__D_residual_momentum__balanced__long,finance,,D_residual_momentum,balanced,long,63,stock,DATA_INSUFFICIENT,"No licensed point-in-time US daily tape, delist file, corporate-action journal, or historical venue/industry vintages were verified in this environment.",False,,False,False,,,,,,,,,,,,,,,,,,,,,,0,0,,,,,range
finance__D_residual_momentum__aggressive__short,finance,,D_residual_momentum,aggressive,short,5,stock,DATA_INSUFFICIENT,"No licensed point-in-time US daily tape, delist file, corporate-action journal, or historical venue/industry vintages were verified in this environment.",False,,False,False,,,,,,,,,,,,,,,,,,,,,,0,0,,,,,bull
finance__D_residual_momentum__aggressive__short,finance,,D_residual_momentum,aggressive,short,5,stock,DATA_INSUFFICIENT,"No licensed point-in-time US daily tape, delist file, corporate-action journal, or historical venue/industry vintages were verified in this environment.",False,,False,False,,,,,,,,,,,,,,,,,,,,,,0,0,,,,,bear
finance__D_residual_momentum__aggressive__short,finance,,D_residual_momentum,aggressive,short,5,stock,DATA_INSUFFICIENT,"No licensed point-in-time US daily tape, delist file, corporate-action journal, or historical venue/industry vintages were verified in this environment.",False,,False,False,,,,,,,,,,,,,,,,,,,,,,0,0,,,,,range
finance__D_residual_momentum__aggressive__mid,finance,,D_residual_momentum,aggressive,mid,20,stock,DATA_INSUFFICIENT,"No licensed point-in-time US daily tape, delist file, corporate-action journal, or historical venue/industry vintages were verified in this environment.",False,,False,False,,,,,,,,,,,,,,,,,,,,,,0,0,,,,,bull
finance__D_residual_momentum__aggressive__mid,finance,,D_residual_momentum,aggressive,mid,20,stock,DATA_INSUFFICIENT,"No licensed point-in-time US daily tape, delist file, corporate-action journal, or historical venue/industry vintages were verified in this environment.",False,,False,False,,,,,,,,,,,,,,,,,,,,,,0,0,,,,,bear
finance__D_residual_momentum__aggressive__mid,finance,,D_residual_momentum,aggressive,mid,20,stock,DATA_INSUFFICIENT,"No licensed point-in-time US daily tape, delist file, corporate-action journal, or historical venue/industry vintages were verified in this environment.",False,,False,False,,,,,,,,,,,,,,,,,,,,,,0,0,,,,,range
finance__D_residual_momentum__aggressive__long,finance,,D_residual_momentum,aggressive,long,63,stock,DATA_INSUFFICIENT,"No licensed point-in-time US daily tape, delist file, corporate-action journal, or historical venue/industry vintages were verified in this environment.",False,,False,False,,,,,,,,,,,,,,,,,,,,,,0,0,,,,,bull
finance__D_residual_momentum__aggressive__long,finance,,D_residual_momentum,aggressive,long,63,stock,DATA_INSUFFICIENT,"No licensed point-in-time US daily tape, delist file, corporate-action journal, or historical venue/industry vintages were verified in this environment.",False,,False,False,,,,,,,,,,,,,,,,,,,,,,0,0,,,,,bear
finance__D_residual_momentum__aggressive__long,finance,,D_residual_momentum,aggressive,long,63,stock,DATA_INSUFFICIENT,"No licensed point-in-time US daily tape, delist file, corporate-action journal, or historical venue/industry vintages were verified in this environment.",False,,False,False,,,,,,,,,,,,,,,,,,,,,,0,0,,,,,range
fintech__A_trend_quality__conservative__short,fintech,,A_trend_quality,conservative,short,5,stock,DATA_INSUFFICIENT,"No licensed point-in-time US daily tape, delist file, corporate-action journal, or historical venue/industry vintages were verified in this environment.",False,,False,False,,,,,,,,,,,,,,,,,,,,,,0,0,,,,,bull
fintech__A_trend_quality__conservative__short,fintech,,A_trend_quality,conservative,short,5,stock,DATA_INSUFFICIENT,"No licensed point-in-time US daily tape, delist file, corporate-action journal, or historical venue/industry vintages were verified in this environment.",False,,False,False,,,,,,,,,,,,,,,,,,,,,,0,0,,,,,bear
fintech__A_trend_quality__conservative__short,fintech,,A_trend_quality,conservative,short,5,stock,DATA_INSUFFICIENT,"No licensed point-in-time US daily tape, delist file, corporate-action journal, or historical venue/industry vintages were verified in this environment.",False,,False,False,,,,,,,,,,,,,,,,,,,,,,0,0,,,,,range
fintech__A_trend_quality__conservative__mid,fintech,,A_trend_quality,conservative,mid,20,stock,DATA_INSUFFICIENT,"No licensed point-in-time US daily tape, delist file, corporate-action journal, or historical venue/industry vintages were verified in this environment.",False,,False,False,,,,,,,,,,,,,,,,,,,,,,0,0,,,,,bull
fintech__A_trend_quality__conservative__mid,fintech,,A_trend_quality,conservative,mid,20,stock,DATA_INSUFFICIENT,"No licensed point-in-time US daily tape, delist file, corporate-action journal, or historical venue/industry vintages were verified in this environment.",False,,False,False,,,,,,,,,,,,,,,,,,,,,,0,0,,,,,bear
fintech__A_trend_quality__conservative__mid,fintech,,A_trend_quality,conservative,mid,20,stock,DATA_INSUFFICIENT,"No licensed point-in-time US daily tape, delist file, corporate-action journal, or historical venue/industry vintages were verified in this environment.",False,,False,False,,,,,,,,,,,,,,,,,,,,,,0,0,,,,,range
fintech__A_trend_quality__conservative__long,fintech,,A_trend_quality,conservative,long,63,stock,DATA_INSUFFICIENT,"No licensed point-in-time US daily tape, delist file, corporate-action journal, or historical venue/industry vintages were verified in this environment.",False,,False,False,,,,,,,,,,,,,,,,,,,,,,0,0,,,,,bull
fintech__A_trend_quality__conservative__long,fintech,,A_trend_quality,conservative,long,63,stock,DATA_INSUFFICIENT,"No licensed point-in-time US daily tape, delist file, corporate-action journal, or historical venue/industry vintages were verified in this environment.",False,,False,False,,,,,,,,,,,,,,,,,,,,,,0,0,,,,,bear
fintech__A_trend_quality__conservative__long,fintech,,A_trend_quality,conservative,long,63,stock,DATA_INSUFFICIENT,"No licensed point-in-time US daily tape, delist file, corporate-action journal, or historical venue/industry vintages were verified in this environment.",False,,False,False,,,,,,,,,,,,,,,,,,,,,,0,0,,,,,range
fintech__A_trend_quality__balanced__short,fintech,,A_trend_quality,balanced,short,5,stock,DATA_INSUFFICIENT,"No licensed point-in-time US daily tape, delist file, corporate-action journal, or historical venue/industry vintages were verified in this environment.",False,,False,False,,,,,,,,,,,,,,,,,,,,,,0,0,,,,,bull
fintech__A_trend_quality__balanced__short,fintech,,A_trend_quality,balanced,short,5,stock,DATA_INSUFFICIENT,"No licensed point-in-time US daily tape, delist file, corporate-action journal, or historical venue/industry vintages were verified in this environment.",False,,False,False,,,,,,,,,,,,,,,,,,,,,,0,0,,,,,bear
fintech__A_trend_quality__balanced__short,fintech,,A_trend_quality,balanced,short,5,stock,DATA_INSUFFICIENT,"No licensed point-in-time US daily tape, delist file, corporate-action journal, or historical venue/industry vintages were verified in this environment.",False,,False,False,,,,,,,,,,,,,,,,,,,,,,0,0,,,,,range
fintech__A_trend_quality__balanced__mid,fintech,,A_trend_quality,balanced,mid,20,stock,DATA_INSUFFICIENT,"No licensed point-in-time US daily tape, delist file, corporate-action journal, or historical venue/industry vintages were verified in this environment.",False,,False,False,,,,,,,,,,,,,,,,,,,,,,0,0,,,,,bull
fintech__A_trend_quality__balanced__mid,fintech,,A_trend_quality,balanced,mid,20,stock,DATA_INSUFFICIENT,"No licensed point-in-time US daily tape, delist file, corporate-action journal, or historical venue/industry vintages were verified in this environment.",False,,False,False,,,,,,,,,,,,,,,,,,,,,,0,0,,,,,bear
fintech__A_trend_quality__balanced__mid,fintech,,A_trend_quality,balanced,mid,20,stock,DATA_INSUFFICIENT,"No licensed point-in-time US daily tape, delist file, corporate-action journal, or historical venue/industry vintages were verified in this environment.",False,,False,False,,,,,,,,,,,,,,,,,,,,,,0,0,,,,,range
fintech__A_trend_quality__balanced__long,fintech,,A_trend_quality,balanced,long,63,stock,DATA_INSUFFICIENT,"No licensed point-in-time US daily tape, delist file, corporate-action journal, or historical venue/industry vintages were verified in this environment.",False,,False,False,,,,,,,,,,,,,,,,,,,,,,0,0,,,,,bull
fintech__A_trend_quality__balanced__long,fintech,,A_trend_quality,balanced,long,63,stock,DATA_INSUFFICIENT,"No licensed point-in-time US daily tape, delist file, corporate-action journal, or historical venue/industry vintages were verified in this environment.",False,,False,False,,,,,,,,,,,,,,,,,,,,,,0,0,,,,,bear
fintech__A_trend_quality__balanced__long,fintech,,A_trend_quality,balanced,long,63,stock,DATA_INSUFFICIENT,"No licensed point-in-time US daily tape, delist file, corporate-action journal, or historical venue/industry vintages were verified in this environment.",False,,False,False,,,,,,,,,,,,,,,,,,,,,,0,0,,,,,range
fintech__A_trend_quality__aggressive__short,fintech,,A_trend_quality,aggressive,short,5,stock,DATA_INSUFFICIENT,"No licensed point-in-time US daily tape, delist file, corporate-action journal, or historical venue/industry vintages were verified in this environment.",False,,False,False,,,,,,,,,,,,,,,,,,,,,,0,0,,,,,bull
fintech__A_trend_quality__aggressive__short,fintech,,A_trend_quality,aggressive,short,5,stock,DATA_INSUFFICIENT,"No licensed point-in-time US daily tape, delist file, corporate-action journal, or historical venue/industry vintages were verified in this environment.",False,,False,False,,,,,,,,,,,,,,,,,,,,,,0,0,,,,,bear
fintech__A_trend_quality__aggressive__short,fintech,,A_trend_quality,aggressive,short,5,stock,DATA_INSUFFICIENT,"No licensed point-in-time US daily tape, delist file, corporate-action journal, or historical venue/industry vintages were verified in this environment.",False,,False,False,,,,,,,,,,,,,,,,,,,,,,0,0,,,,,range
fintech__A_trend_quality__aggressive__mid,fintech,,A_trend_quality,aggressive,mid,20,stock,DATA_INSUFFICIENT,"No licensed point-in-time US daily tape, delist file, corporate-action journal, or historical venue/industry vintages were verified in this environment.",False,,False,False,,,,,,,,,,,,,,,,,,,,,,0,0,,,,,bull
fintech__A_trend_quality__aggressive__mid,fintech,,A_trend_quality,aggressive,mid,20,stock,DATA_INSUFFICIENT,"No licensed point-in-time US daily tape, delist file, corporate-action journal, or historical venue/industry vintages were verified in this environment.",False,,False,False,,,,,,,,,,,,,,,,,,,,,,0,0,,,,,bear
fintech__A_trend_quality__aggressive__mid,fintech,,A_trend_quality,aggressive,mid,20,stock,DATA_INSUFFICIENT,"No licensed point-in-time US daily tape, delist file, corporate-action journal, or historical venue/industry vintages were verified in this environment.",False,,False,False,,,,,,,,,,,,,,,,,,,,,,0,0,,,,,range
fintech__A_trend_quality__aggressive__long,fintech,,A_trend_quality,aggressive,long,63,stock,DATA_INSUFFICIENT,"No licensed point-in-time US daily tape, delist file, corporate-action journal, or historical venue/industry vintages were verified in this environment.",False,,False,False,,,,,,,,,,,,,,,,,,,,,,0,0,,,,,bull
fintech__A_trend_quality__aggressive__long,fintech,,A_trend_quality,aggressive,long,63,stock,DATA_INSUFFICIENT,"No licensed point-in-time US daily tape, delist file, corporate-action journal, or historical venue/industry vintages were verified in this environment.",False,,False,False,,,,,,,,,,,,,,,,,,,,,,0,0,,,,,bear
fintech__A_trend_quality__aggressive__long,fintech,,A_trend_quality,aggressive,long,63,stock,DATA_INSUFFICIENT,"No licensed point-in-time US daily tape, delist file, corporate-action journal, or historical venue/industry vintages were verified in this environment.",False,,False,False,,,,,,,,,,,,,,,,,,,,,,0,0,,,,,range
fintech__B_confirmed_base_breakout__conservative__short,fintech,,B_confirmed_base_breakout,conservative,short,5,stock,DATA_INSUFFICIENT,"No licensed point-in-time US daily tape, delist file, corporate-action journal, or historical venue/industry vintages were verified in this environment.",False,,False,False,,,,,,,,,,,,,,,,,,,,,,0,0,,,,,bull
fintech__B_confirmed_base_breakout__conservative__short,fintech,,B_confirmed_base_breakout,conservative,short,5,stock,DATA_INSUFFICIENT,"No licensed point-in-time US daily tape, delist file, corporate-action journal, or historical venue/industry vintages were verified in this environment.",False,,False,False,,,,,,,,,,,,,,,,,,,,,,0,0,,,,,bear
fintech__B_confirmed_base_breakout__conservative__short,fintech,,B_confirmed_base_breakout,conservative,short,5,stock,DATA_INSUFFICIENT,"No licensed point-in-time US daily tape, delist file, corporate-action journal, or historical venue/industry vintages were verified in this environment.",False,,False,False,,,,,,,,,,,,,,,,,,,,,,0,0,,,,,range
fintech__B_confirmed_base_breakout__conservative__mid,fintech,,B_confirmed_base_breakout,conservative,mid,20,stock,DATA_INSUFFICIENT,"No licensed point-in-time US daily tape, delist file, corporate-action journal, or historical venue/industry vintages were verified in this environment.",False,,False,False,,,,,,,,,,,,,,,,,,,,,,0,0,,,,,bull
fintech__B_confirmed_base_breakout__conservative__mid,fintech,,B_confirmed_base_breakout,conservative,mid,20,stock,DATA_INSUFFICIENT,"No licensed point-in-time US daily tape, delist file, corporate-action journal, or historical venue/industry vintages were verified in this environment.",False,,False,False,,,,,,,,,,,,,,,,,,,,,,0,0,,,,,bear
fintech__B_confirmed_base_breakout__conservative__mid,fintech,,B_confirmed_base_breakout,conservative,mid,20,stock,DATA_INSUFFICIENT,"No licensed point-in-time US daily tape, delist file, corporate-action journal, or historical venue/industry vintages were verified in this environment.",False,,False,False,,,,,,,,,,,,,,,,,,,,,,0,0,,,,,range
fintech__B_confirmed_base_breakout__conservative__long,fintech,,B_confirmed_base_breakout,conservative,long,63,stock,DATA_INSUFFICIENT,"No licensed point-in-time US daily tape, delist file, corporate-action journal, or historical venue/industry vintages were verified in this environment.",False,,False,False,,,,,,,,,,,,,,,,,,,,,,0,0,,,,,bull
fintech__B_confirmed_base_breakout__conservative__long,fintech,,B_confirmed_base_breakout,conservative,long,63,stock,DATA_INSUFFICIENT,"No licensed point-in-time US daily tape, delist file, corporate-action journal, or historical venue/industry vintages were verified in this environment.",False,,False,False,,,,,,,,,,,,,,,,,,,,,,0,0,,,,,bear
fintech__B_confirmed_base_breakout__conservative__long,fintech,,B_confirmed_base_breakout,conservative,long,63,stock,DATA_INSUFFICIENT,"No licensed point-in-time US daily tape, delist file, corporate-action journal, or historical venue/industry vintages were verified in this environment.",False,,False,False,,,,,,,,,,,,,,,,,,,,,,0,0,,,,,range
fintech__B_confirmed_base_breakout__balanced__short,fintech,,B_confirmed_base_breakout,balanced,short,5,stock,DATA_INSUFFICIENT,"No licensed point-in-time US daily tape, delist file, corporate-action journal, or historical venue/industry vintages were verified in this environment.",False,,False,False,,,,,,,,,,,,,,,,,,,,,,0,0,,,,,bull
fintech__B_confirmed_base_breakout__balanced__short,fintech,,B_confirmed_base_breakout,balanced,short,5,stock,DATA_INSUFFICIENT,"No licensed point-in-time US daily tape, delist file, corporate-action journal, or historical venue/industry vintages were verified in this environment.",False,,False,False,,,,,,,,,,,,,,,,,,,,,,0,0,,,,,bear
fintech__B_confirmed_base_breakout__balanced__short,fintech,,B_confirmed_base_breakout,balanced,short,5,stock,DATA_INSUFFICIENT,"No licensed point-in-time US daily tape, delist file, corporate-action journal, or historical venue/industry vintages were verified in this environment.",False,,False,False,,,,,,,,,,,,,,,,,,,,,,0,0,,,,,range
fintech__B_confirmed_base_breakout__balanced__mid,fintech,,B_confirmed_base_breakout,balanced,mid,20,stock,DATA_INSUFFICIENT,"No licensed point-in-time US daily tape, delist file, corporate-action journal, or historical venue/industry vintages were verified in this environment.",False,,False,False,,,,,,,,,,,,,,,,,,,,,,0,0,,,,,bull
fintech__B_confirmed_base_breakout__balanced__mid,fintech,,B_confirmed_base_breakout,balanced,mid,20,stock,DATA_INSUFFICIENT,"No licensed point-in-time US daily tape, delist file, corporate-action journal, or historical venue/industry vintages were verified in this environment.",False,,False,False,,,,,,,,,,,,,,,,,,,,,,0,0,,,,,bear
fintech__B_confirmed_base_breakout__balanced__mid,fintech,,B_confirmed_base_breakout,balanced,mid,20,stock,DATA_INSUFFICIENT,"No licensed point-in-time US daily tape, delist file, corporate-action journal, or historical venue/industry vintages were verified in this environment.",False,,False,False,,,,,,,,,,,,,,,,,,,,,,0,0,,,,,range
fintech__B_confirmed_base_breakout__balanced__long,fintech,,B_confirmed_base_breakout,balanced,long,63,stock,DATA_INSUFFICIENT,"No licensed point-in-time US daily tape, delist file, corporate-action journal, or historical venue/industry vintages were verified in this environment.",False,,False,False,,,,,,,,,,,,,,,,,,,,,,0,0,,,,,bull
fintech__B_confirmed_base_breakout__balanced__long,fintech,,B_confirmed_base_breakout,balanced,long,63,stock,DATA_INSUFFICIENT,"No licensed point-in-time US daily tape, delist file, corporate-action journal, or historical venue/industry vintages were verified in this environment.",False,,False,False,,,,,,,,,,,,,,,,,,,,,,0,0,,,,,bear
fintech__B_confirmed_base_breakout__balanced__long,fintech,,B_confirmed_base_breakout,balanced,long,63,stock,DATA_INSUFFICIENT,"No licensed point-in-time US daily tape, delist file, corporate-action journal, or historical venue/industry vintages were verified in this environment.",False,,False,False,,,,,,,,,,,,,,,,,,,,,,0,0,,,,,range
fintech__B_confirmed_base_breakout__aggressive__short,fintech,,B_confirmed_base_breakout,aggressive,short,5,stock,DATA_INSUFFICIENT,"No licensed point-in-time US daily tape, delist file, corporate-action journal, or historical venue/industry vintages were verified in this environment.",False,,False,False,,,,,,,,,,,,,,,,,,,,,,0,0,,,,,bull
fintech__B_confirmed_base_breakout__aggressive__short,fintech,,B_confirmed_base_breakout,aggressive,short,5,stock,DATA_INSUFFICIENT,"No licensed point-in-time US daily tape, delist file, corporate-action journal, or historical venue/industry vintages were verified in this environment.",False,,False,False,,,,,,,,,,,,,,,,,,,,,,0,0,,,,,bear
fintech__B_confirmed_base_breakout__aggressive__short,fintech,,B_confirmed_base_breakout,aggressive,short,5,stock,DATA_INSUFFICIENT,"No licensed point-in-time US daily tape, delist file, corporate-action journal, or historical venue/industry vintages were verified in this environment.",False,,False,False,,,,,,,,,,,,,,,,,,,,,,0,0,,,,,range
fintech__B_confirmed_base_breakout__aggressive__mid,fintech,,B_confirmed_base_breakout,aggressive,mid,20,stock,DATA_INSUFFICIENT,"No licensed point-in-time US daily tape, delist file, corporate-action journal, or historical venue/industry vintages were verified in this environment.",False,,False,False,,,,,,,,,,,,,,,,,,,,,,0,0,,,,,bull
fintech__B_confirmed_base_breakout__aggressive__mid,fintech,,B_confirmed_base_breakout,aggressive,mid,20,stock,DATA_INSUFFICIENT,"No licensed point-in-time US daily tape, delist file, corporate-action journal, or historical venue/industry vintages were verified in this environment.",False,,False,False,,,,,,,,,,,,,,,,,,,,,,0,0,,,,,bear
fintech__B_confirmed_base_breakout__aggressive__mid,fintech,,B_confirmed_base_breakout,aggressive,mid,20,stock,DATA_INSUFFICIENT,"No licensed point-in-time US daily tape, delist file, corporate-action journal, or historical venue/industry vintages were verified in this environment.",False,,False,False,,,,,,,,,,,,,,,,,,,,,,0,0,,,,,range
fintech__B_confirmed_base_breakout__aggressive__long,fintech,,B_confirmed_base_breakout,aggressive,long,63,stock,DATA_INSUFFICIENT,"No licensed point-in-time US daily tape, delist file, corporate-action journal, or historical venue/industry vintages were verified in this environment.",False,,False,False,,,,,,,,,,,,,,,,,,,,,,0,0,,,,,bull
fintech__B_confirmed_base_breakout__aggressive__long,fintech,,B_confirmed_base_breakout,aggressive,long,63,stock,DATA_INSUFFICIENT,"No licensed point-in-time US daily tape, delist file, corporate-action journal, or historical venue/industry vintages were verified in this environment.",False,,False,False,,,,,,,,,,,,,,,,,,,,,,0,0,,,,,bear
fintech__B_confirmed_base_breakout__aggressive__long,fintech,,B_confirmed_base_breakout,aggressive,long,63,stock,DATA_INSUFFICIENT,"No licensed point-in-time US daily tape, delist file, corporate-action journal, or historical venue/industry vintages were verified in this environment.",False,,False,False,,,,,,,,,,,,,,,,,,,,,,0,0,,,,,range
fintech__C_trend_pullback__conservative__short,fintech,,C_trend_pullback,conservative,short,5,stock,DATA_INSUFFICIENT,"No licensed point-in-time US daily tape, delist file, corporate-action journal, or historical venue/industry vintages were verified in this environment.",False,,False,False,,,,,,,,,,,,,,,,,,,,,,0,0,,,,,bull
fintech__C_trend_pullback__conservative__short,fintech,,C_trend_pullback,conservative,short,5,stock,DATA_INSUFFICIENT,"No licensed point-in-time US daily tape, delist file, corporate-action journal, or historical venue/industry vintages were verified in this environment.",False,,False,False,,,,,,,,,,,,,,,,,,,,,,0,0,,,,,bear
fintech__C_trend_pullback__conservative__short,fintech,,C_trend_pullback,conservative,short,5,stock,DATA_INSUFFICIENT,"No licensed point-in-time US daily tape, delist file, corporate-action journal, or historical venue/industry vintages were verified in this environment.",False,,False,False,,,,,,,,,,,,,,,,,,,,,,0,0,,,,,range
fintech__C_trend_pullback__conservative__mid,fintech,,C_trend_pullback,conservative,mid,20,stock,DATA_INSUFFICIENT,"No licensed point-in-time US daily tape, delist file, corporate-action journal, or historical venue/industry vintages were verified in this environment.",False,,False,False,,,,,,,,,,,,,,,,,,,,,,0,0,,,,,bull
fintech__C_trend_pullback__conservative__mid,fintech,,C_trend_pullback,conservative,mid,20,stock,DATA_INSUFFICIENT,"No licensed point-in-time US daily tape, delist file, corporate-action journal, or historical venue/industry vintages were verified in this environment.",False,,False,False,,,,,,,,,,,,,,,,,,,,,,0,0,,,,,bear
fintech__C_trend_pullback__conservative__mid,fintech,,C_trend_pullback,conservative,mid,20,stock,DATA_INSUFFICIENT,"No licensed point-in-time US daily tape, delist file, corporate-action journal, or historical venue/industry vintages were verified in this environment.",False,,False,False,,,,,,,,,,,,,,,,,,,,,,0,0,,,,,range
fintech__C_trend_pullback__conservative__long,fintech,,C_trend_pullback,conservative,long,63,stock,DATA_INSUFFICIENT,"No licensed point-in-time US daily tape, delist file, corporate-action journal, or historical venue/industry vintages were verified in this environment.",False,,False,False,,,,,,,,,,,,,,,,,,,,,,0,0,,,,,bull
fintech__C_trend_pullback__conservative__long,fintech,,C_trend_pullback,conservative,long,63,stock,DATA_INSUFFICIENT,"No licensed point-in-time US daily tape, delist file, corporate-action journal, or historical venue/industry vintages were verified in this environment.",False,,False,False,,,,,,,,,,,,,,,,,,,,,,0,0,,,,,bear
fintech__C_trend_pullback__conservative__long,fintech,,C_trend_pullback,conservative,long,63,stock,DATA_INSUFFICIENT,"No licensed point-in-time US daily tape, delist file, corporate-action journal, or historical venue/industry vintages were verified in this environment.",False,,False,False,,,,,,,,,,,,,,,,,,,,,,0,0,,,,,range
fintech__C_trend_pullback__balanced__short,fintech,,C_trend_pullback,balanced,short,5,stock,DATA_INSUFFICIENT,"No licensed point-in-time US daily tape, delist file, corporate-action journal, or historical venue/industry vintages were verified in this environment.",False,,False,False,,,,,,,,,,,,,,,,,,,,,,0,0,,,,,bull
fintech__C_trend_pullback__balanced__short,fintech,,C_trend_pullback,balanced,short,5,stock,DATA_INSUFFICIENT,"No licensed point-in-time US daily tape, delist file, corporate-action journal, or historical venue/industry vintages were verified in this environment.",False,,False,False,,,,,,,,,,,,,,,,,,,,,,0,0,,,,,bear
fintech__C_trend_pullback__balanced__short,fintech,,C_trend_pullback,balanced,short,5,stock,DATA_INSUFFICIENT,"No licensed point-in-time US daily tape, delist file, corporate-action journal, or historical venue/industry vintages were verified in this environment.",False,,False,False,,,,,,,,,,,,,,,,,,,,,,0,0,,,,,range
fintech__C_trend_pullback__balanced__mid,fintech,,C_trend_pullback,balanced,mid,20,stock,DATA_INSUFFICIENT,"No licensed point-in-time US daily tape, delist file, corporate-action journal, or historical venue/industry vintages were verified in this environment.",False,,False,False,,,,,,,,,,,,,,,,,,,,,,0,0,,,,,bull
fintech__C_trend_pullback__balanced__mid,fintech,,C_trend_pullback,balanced,mid,20,stock,DATA_INSUFFICIENT,"No licensed point-in-time US daily tape, delist file, corporate-action journal, or historical venue/industry vintages were verified in this environment.",False,,False,False,,,,,,,,,,,,,,,,,,,,,,0,0,,,,,bear
fintech__C_trend_pullback__balanced__mid,fintech,,C_trend_pullback,balanced,mid,20,stock,DATA_INSUFFICIENT,"No licensed point-in-time US daily tape, delist file, corporate-action journal, or historical venue/industry vintages were verified in this environment.",False,,False,False,,,,,,,,,,,,,,,,,,,,,,0,0,,,,,range
fintech__C_trend_pullback__balanced__long,fintech,,C_trend_pullback,balanced,long,63,stock,DATA_INSUFFICIENT,"No licensed point-in-time US daily tape, delist file, corporate-action journal, or historical venue/industry vintages were verified in this environment.",False,,False,False,,,,,,,,,,,,,,,,,,,,,,0,0,,,,,bull
fintech__C_trend_pullback__balanced__long,fintech,,C_trend_pullback,balanced,long,63,stock,DATA_INSUFFICIENT,"No licensed point-in-time US daily tape, delist file, corporate-action journal, or historical venue/industry vintages were verified in this environment.",False,,False,False,,,,,,,,,,,,,,,,,,,,,,0,0,,,,,bear
fintech__C_trend_pullback__balanced__long,fintech,,C_trend_pullback,balanced,long,63,stock,DATA_INSUFFICIENT,"No licensed point-in-time US daily tape, delist file, corporate-action journal, or historical venue/industry vintages were verified in this environment.",False,,False,False,,,,,,,,,,,,,,,,,,,,,,0,0,,,,,range
fintech__C_trend_pullback__aggressive__short,fintech,,C_trend_pullback,aggressive,short,5,stock,DATA_INSUFFICIENT,"No licensed point-in-time US daily tape, delist file, corporate-action journal, or historical venue/industry vintages were verified in this environment.",False,,False,False,,,,,,,,,,,,,,,,,,,,,,0,0,,,,,bull
fintech__C_trend_pullback__aggressive__short,fintech,,C_trend_pullback,aggressive,short,5,stock,DATA_INSUFFICIENT,"No licensed point-in-time US daily tape, delist file, corporate-action journal, or historical venue/industry vintages were verified in this environment.",False,,False,False,,,,,,,,,,,,,,,,,,,,,,0,0,,,,,bear
fintech__C_trend_pullback__aggressive__short,fintech,,C_trend_pullback,aggressive,short,5,stock,DATA_INSUFFICIENT,"No licensed point-in-time US daily tape, delist file, corporate-action journal, or historical venue/industry vintages were verified in this environment.",False,,False,False,,,,,,,,,,,,,,,,,,,,,,0,0,,,,,range
fintech__C_trend_pullback__aggressive__mid,fintech,,C_trend_pullback,aggressive,mid,20,stock,DATA_INSUFFICIENT,"No licensed point-in-time US daily tape, delist file, corporate-action journal, or historical venue/industry vintages were verified in this environment.",False,,False,False,,,,,,,,,,,,,,,,,,,,,,0,0,,,,,bull
fintech__C_trend_pullback__aggressive__mid,fintech,,C_trend_pullback,aggressive,mid,20,stock,DATA_INSUFFICIENT,"No licensed point-in-time US daily tape, delist file, corporate-action journal, or historical venue/industry vintages were verified in this environment.",False,,False,False,,,,,,,,,,,,,,,,,,,,,,0,0,,,,,bear
fintech__C_trend_pullback__aggressive__mid,fintech,,C_trend_pullback,aggressive,mid,20,stock,DATA_INSUFFICIENT,"No licensed point-in-time US daily tape, delist file, corporate-action journal, or historical venue/industry vintages were verified in this environment.",False,,False,False,,,,,,,,,,,,,,,,,,,,,,0,0,,,,,range
fintech__C_trend_pullback__aggressive__long,fintech,,C_trend_pullback,aggressive,long,63,stock,DATA_INSUFFICIENT,"No licensed point-in-time US daily tape, delist file, corporate-action journal, or historical venue/industry vintages were verified in this environment.",False,,False,False,,,,,,,,,,,,,,,,,,,,,,0,0,,,,,bull
fintech__C_trend_pullback__aggressive__long,fintech,,C_trend_pullback,aggressive,long,63,stock,DATA_INSUFFICIENT,"No licensed point-in-time US daily tape, delist file, corporate-action journal, or historical venue/industry vintages were verified in this environment.",False,,False,False,,,,,,,,,,,,,,,,,,,,,,0,0,,,,,bear
fintech__C_trend_pullback__aggressive__long,fintech,,C_trend_pullback,aggressive,long,63,stock,DATA_INSUFFICIENT,"No licensed point-in-time US daily tape, delist file, corporate-action journal, or historical venue/industry vintages were verified in this environment.",False,,False,False,,,,,,,,,,,,,,,,,,,,,,0,0,,,,,range
fintech__D_residual_momentum__conservative__short,fintech,,D_residual_momentum,conservative,short,5,stock,DATA_INSUFFICIENT,"No licensed point-in-time US daily tape, delist file, corporate-action journal, or historical venue/industry vintages were verified in this environment.",False,,False,False,,,,,,,,,,,,,,,,,,,,,,0,0,,,,,bull
fintech__D_residual_momentum__conservative__short,fintech,,D_residual_momentum,conservative,short,5,stock,DATA_INSUFFICIENT,"No licensed point-in-time US daily tape, delist file, corporate-action journal, or historical venue/industry vintages were verified in this environment.",False,,False,False,,,,,,,,,,,,,,,,,,,,,,0,0,,,,,bear
fintech__D_residual_momentum__conservative__short,fintech,,D_residual_momentum,conservative,short,5,stock,DATA_INSUFFICIENT,"No licensed point-in-time US daily tape, delist file, corporate-action journal, or historical venue/industry vintages were verified in this environment.",False,,False,False,,,,,,,,,,,,,,,,,,,,,,0,0,,,,,range
fintech__D_residual_momentum__conservative__mid,fintech,,D_residual_momentum,conservative,mid,20,stock,DATA_INSUFFICIENT,"No licensed point-in-time US daily tape, delist file, corporate-action journal, or historical venue/industry vintages were verified in this environment.",False,,False,False,,,,,,,,,,,,,,,,,,,,,,0,0,,,,,bull
fintech__D_residual_momentum__conservative__mid,fintech,,D_residual_momentum,conservative,mid,20,stock,DATA_INSUFFICIENT,"No licensed point-in-time US daily tape, delist file, corporate-action journal, or historical venue/industry vintages were verified in this environment.",False,,False,False,,,,,,,,,,,,,,,,,,,,,,0,0,,,,,bear
fintech__D_residual_momentum__conservative__mid,fintech,,D_residual_momentum,conservative,mid,20,stock,DATA_INSUFFICIENT,"No licensed point-in-time US daily tape, delist file, corporate-action journal, or historical venue/industry vintages were verified in this environment.",False,,False,False,,,,,,,,,,,,,,,,,,,,,,0,0,,,,,range
fintech__D_residual_momentum__conservative__long,fintech,,D_residual_momentum,conservative,long,63,stock,DATA_INSUFFICIENT,"No licensed point-in-time US daily tape, delist file, corporate-action journal, or historical venue/industry vintages were verified in this environment.",False,,False,False,,,,,,,,,,,,,,,,,,,,,,0,0,,,,,bull
fintech__D_residual_momentum__conservative__long,fintech,,D_residual_momentum,conservative,long,63,stock,DATA_INSUFFICIENT,"No licensed point-in-time US daily tape, delist file, corporate-action journal, or historical venue/industry vintages were verified in this environment.",False,,False,False,,,,,,,,,,,,,,,,,,,,,,0,0,,,,,bear
fintech__D_residual_momentum__conservative__long,fintech,,D_residual_momentum,conservative,long,63,stock,DATA_INSUFFICIENT,"No licensed point-in-time US daily tape, delist file, corporate-action journal, or historical venue/industry vintages were verified in this environment.",False,,False,False,,,,,,,,,,,,,,,,,,,,,,0,0,,,,,range
fintech__D_residual_momentum__balanced__short,fintech,,D_residual_momentum,balanced,short,5,stock,DATA_INSUFFICIENT,"No licensed point-in-time US daily tape, delist file, corporate-action journal, or historical venue/industry vintages were verified in this environment.",False,,False,False,,,,,,,,,,,,,,,,,,,,,,0,0,,,,,bull
fintech__D_residual_momentum__balanced__short,fintech,,D_residual_momentum,balanced,short,5,stock,DATA_INSUFFICIENT,"No licensed point-in-time US daily tape, delist file, corporate-action journal, or historical venue/industry vintages were verified in this environment.",False,,False,False,,,,,,,,,,,,,,,,,,,,,,0,0,,,,,bear
fintech__D_residual_momentum__balanced__short,fintech,,D_residual_momentum,balanced,short,5,stock,DATA_INSUFFICIENT,"No licensed point-in-time US daily tape, delist file, corporate-action journal, or historical venue/industry vintages were verified in this environment.",False,,False,False,,,,,,,,,,,,,,,,,,,,,,0,0,,,,,range
fintech__D_residual_momentum__balanced__mid,fintech,,D_residual_momentum,balanced,mid,20,stock,DATA_INSUFFICIENT,"No licensed point-in-time US daily tape, delist file, corporate-action journal, or historical venue/industry vintages were verified in this environment.",False,,False,False,,,,,,,,,,,,,,,,,,,,,,0,0,,,,,bull
fintech__D_residual_momentum__balanced__mid,fintech,,D_residual_momentum,balanced,mid,20,stock,DATA_INSUFFICIENT,"No licensed point-in-time US daily tape, delist file, corporate-action journal, or historical venue/industry vintages were verified in this environment.",False,,False,False,,,,,,,,,,,,,,,,,,,,,,0,0,,,,,bear
fintech__D_residual_momentum__balanced__mid,fintech,,D_residual_momentum,balanced,mid,20,stock,DATA_INSUFFICIENT,"No licensed point-in-time US daily tape, delist file, corporate-action journal, or historical venue/industry vintages were verified in this environment.",False,,False,False,,,,,,,,,,,,,,,,,,,,,,0,0,,,,,range
fintech__D_residual_momentum__balanced__long,fintech,,D_residual_momentum,balanced,long,63,stock,DATA_INSUFFICIENT,"No licensed point-in-time US daily tape, delist file, corporate-action journal, or historical venue/industry vintages were verified in this environment.",False,,False,False,,,,,,,,,,,,,,,,,,,,,,0,0,,,,,bull
fintech__D_residual_momentum__balanced__long,fintech,,D_residual_momentum,balanced,long,63,stock,DATA_INSUFFICIENT,"No licensed point-in-time US daily tape, delist file, corporate-action journal, or historical venue/industry vintages were verified in this environment.",False,,False,False,,,,,,,,,,,,,,,,,,,,,,0,0,,,,,bear
fintech__D_residual_momentum__balanced__long,fintech,,D_residual_momentum,balanced,long,63,stock,DATA_INSUFFICIENT,"No licensed point-in-time US daily tape, delist file, corporate-action journal, or historical venue/industry vintages were verified in this environment.",False,,False,False,,,,,,,,,,,,,,,,,,,,,,0,0,,,,,range
fintech__D_residual_momentum__aggressive__short,fintech,,D_residual_momentum,aggressive,short,5,stock,DATA_INSUFFICIENT,"No licensed point-in-time US daily tape, delist file, corporate-action journal, or historical venue/industry vintages were verified in this environment.",False,,False,False,,,,,,,,,,,,,,,,,,,,,,0,0,,,,,bull
fintech__D_residual_momentum__aggressive__short,fintech,,D_residual_momentum,aggressive,short,5,stock,DATA_INSUFFICIENT,"No licensed point-in-time US daily tape, delist file, corporate-action journal, or historical venue/industry vintages were verified in this environment.",False,,False,False,,,,,,,,,,,,,,,,,,,,,,0,0,,,,,bear
fintech__D_residual_momentum__aggressive__short,fintech,,D_residual_momentum,aggressive,short,5,stock,DATA_INSUFFICIENT,"No licensed point-in-time US daily tape, delist file, corporate-action journal, or historical venue/industry vintages were verified in this environment.",False,,False,False,,,,,,,,,,,,,,,,,,,,,,0,0,,,,,range
fintech__D_residual_momentum__aggressive__mid,fintech,,D_residual_momentum,aggressive,mid,20,stock,DATA_INSUFFICIENT,"No licensed point-in-time US daily tape, delist file, corporate-action journal, or historical venue/industry vintages were verified in this environment.",False,,False,False,,,,,,,,,,,,,,,,,,,,,,0,0,,,,,bull
fintech__D_residual_momentum__aggressive__mid,fintech,,D_residual_momentum,aggressive,mid,20,stock,DATA_INSUFFICIENT,"No licensed point-in-time US daily tape, delist file, corporate-action journal, or historical venue/industry vintages were verified in this environment.",False,,False,False,,,,,,,,,,,,,,,,,,,,,,0,0,,,,,bear
fintech__D_residual_momentum__aggressive__mid,fintech,,D_residual_momentum,aggressive,mid,20,stock,DATA_INSUFFICIENT,"No licensed point-in-time US daily tape, delist file, corporate-action journal, or historical venue/industry vintages were verified in this environment.",False,,False,False,,,,,,,,,,,,,,,,,,,,,,0,0,,,,,range
fintech__D_residual_momentum__aggressive__long,fintech,,D_residual_momentum,aggressive,long,63,stock,DATA_INSUFFICIENT,"No licensed point-in-time US daily tape, delist file, corporate-action journal, or historical venue/industry vintages were verified in this environment.",False,,False,False,,,,,,,,,,,,,,,,,,,,,,0,0,,,,,bull
fintech__D_residual_momentum__aggressive__long,fintech,,D_residual_momentum,aggressive,long,63,stock,DATA_INSUFFICIENT,"No licensed point-in-time US daily tape, delist file, corporate-action journal, or historical venue/industry vintages were verified in this environment.",False,,False,False,,,,,,,,,,,,,,,,,,,,,,0,0,,,,,bear
fintech__D_residual_momentum__aggressive__long,fintech,,D_residual_momentum,aggressive,long,63,stock,DATA_INSUFFICIENT,"No licensed point-in-time US daily tape, delist file, corporate-action journal, or historical venue/industry vintages were verified in this environment.",False,,False,False,,,,,,,,,,,,,,,,,,,,,,0,0,,,,,range
retail__A_trend_quality__conservative__short,retail,,A_trend_quality,conservative,short,5,stock,DATA_INSUFFICIENT,"No licensed point-in-time US daily tape, delist file, corporate-action journal, or historical venue/industry vintages were verified in this environment.",False,,False,False,,,,,,,,,,,,,,,,,,,,,,0,0,,,,,bull
retail__A_trend_quality__conservative__short,retail,,A_trend_quality,conservative,short,5,stock,DATA_INSUFFICIENT,"No licensed point-in-time US daily tape, delist file, corporate-action journal, or historical venue/industry vintages were verified in this environment.",False,,False,False,,,,,,,,,,,,,,,,,,,,,,0,0,,,,,bear
retail__A_trend_quality__conservative__short,retail,,A_trend_quality,conservative,short,5,stock,DATA_INSUFFICIENT,"No licensed point-in-time US daily tape, delist file, corporate-action journal, or historical venue/industry vintages were verified in this environment.",False,,False,False,,,,,,,,,,,,,,,,,,,,,,0,0,,,,,range
retail__A_trend_quality__conservative__mid,retail,,A_trend_quality,conservative,mid,20,stock,DATA_INSUFFICIENT,"No licensed point-in-time US daily tape, delist file, corporate-action journal, or historical venue/industry vintages were verified in this environment.",False,,False,False,,,,,,,,,,,,,,,,,,,,,,0,0,,,,,bull
retail__A_trend_quality__conservative__mid,retail,,A_trend_quality,conservative,mid,20,stock,DATA_INSUFFICIENT,"No licensed point-in-time US daily tape, delist file, corporate-action journal, or historical venue/industry vintages were verified in this environment.",False,,False,False,,,,,,,,,,,,,,,,,,,,,,0,0,,,,,bear
retail__A_trend_quality__conservative__mid,retail,,A_trend_quality,conservative,mid,20,stock,DATA_INSUFFICIENT,"No licensed point-in-time US daily tape, delist file, corporate-action journal, or historical venue/industry vintages were verified in this environment.",False,,False,False,,,,,,,,,,,,,,,,,,,,,,0,0,,,,,range
retail__A_trend_quality__conservative__long,retail,,A_trend_quality,conservative,long,63,stock,DATA_INSUFFICIENT,"No licensed point-in-time US daily tape, delist file, corporate-action journal, or historical venue/industry vintages were verified in this environment.",False,,False,False,,,,,,,,,,,,,,,,,,,,,,0,0,,,,,bull
retail__A_trend_quality__conservative__long,retail,,A_trend_quality,conservative,long,63,stock,DATA_INSUFFICIENT,"No licensed point-in-time US daily tape, delist file, corporate-action journal, or historical venue/industry vintages were verified in this environment.",False,,False,False,,,,,,,,,,,,,,,,,,,,,,0,0,,,,,bear
retail__A_trend_quality__conservative__long,retail,,A_trend_quality,conservative,long,63,stock,DATA_INSUFFICIENT,"No licensed point-in-time US daily tape, delist file, corporate-action journal, or historical venue/industry vintages were verified in this environment.",False,,False,False,,,,,,,,,,,,,,,,,,,,,,0,0,,,,,range
retail__A_trend_quality__balanced__short,retail,,A_trend_quality,balanced,short,5,stock,DATA_INSUFFICIENT,"No licensed point-in-time US daily tape, delist file, corporate-action journal, or historical venue/industry vintages were verified in this environment.",False,,False,False,,,,,,,,,,,,,,,,,,,,,,0,0,,,,,bull
retail__A_trend_quality__balanced__short,retail,,A_trend_quality,balanced,short,5,stock,DATA_INSUFFICIENT,"No licensed point-in-time US daily tape, delist file, corporate-action journal, or historical venue/industry vintages were verified in this environment.",False,,False,False,,,,,,,,,,,,,,,,,,,,,,0,0,,,,,bear
retail__A_trend_quality__balanced__short,retail,,A_trend_quality,balanced,short,5,stock,DATA_INSUFFICIENT,"No licensed point-in-time US daily tape, delist file, corporate-action journal, or historical venue/industry vintages were verified in this environment.",False,,False,False,,,,,,,,,,,,,,,,,,,,,,0,0,,,,,range
retail__A_trend_quality__balanced__mid,retail,,A_trend_quality,balanced,mid,20,stock,DATA_INSUFFICIENT,"No licensed point-in-time US daily tape, delist file, corporate-action journal, or historical venue/industry vintages were verified in this environment.",False,,False,False,,,,,,,,,,,,,,,,,,,,,,0,0,,,,,bull
retail__A_trend_quality__balanced__mid,retail,,A_trend_quality,balanced,mid,20,stock,DATA_INSUFFICIENT,"No licensed point-in-time US daily tape, delist file, corporate-action journal, or historical venue/industry vintages were verified in this environment.",False,,False,False,,,,,,,,,,,,,,,,,,,,,,0,0,,,,,bear
retail__A_trend_quality__balanced__mid,retail,,A_trend_quality,balanced,mid,20,stock,DATA_INSUFFICIENT,"No licensed point-in-time US daily tape, delist file, corporate-action journal, or historical venue/industry vintages were verified in this environment.",False,,False,False,,,,,,,,,,,,,,,,,,,,,,0,0,,,,,range
retail__A_trend_quality__balanced__long,retail,,A_trend_quality,balanced,long,63,stock,DATA_INSUFFICIENT,"No licensed point-in-time US daily tape, delist file, corporate-action journal, or historical venue/industry vintages were verified in this environment.",False,,False,False,,,,,,,,,,,,,,,,,,,,,,0,0,,,,,bull
retail__A_trend_quality__balanced__long,retail,,A_trend_quality,balanced,long,63,stock,DATA_INSUFFICIENT,"No licensed point-in-time US daily tape, delist file, corporate-action journal, or historical venue/industry vintages were verified in this environment.",False,,False,False,,,,,,,,,,,,,,,,,,,,,,0,0,,,,,bear
retail__A_trend_quality__balanced__long,retail,,A_trend_quality,balanced,long,63,stock,DATA_INSUFFICIENT,"No licensed point-in-time US daily tape, delist file, corporate-action journal, or historical venue/industry vintages were verified in this environment.",False,,False,False,,,,,,,,,,,,,,,,,,,,,,0,0,,,,,range
retail__A_trend_quality__aggressive__short,retail,,A_trend_quality,aggressive,short,5,stock,DATA_INSUFFICIENT,"No licensed point-in-time US daily tape, delist file, corporate-action journal, or historical venue/industry vintages were verified in this environment.",False,,False,False,,,,,,,,,,,,,,,,,,,,,,0,0,,,,,bull
retail__A_trend_quality__aggressive__short,retail,,A_trend_quality,aggressive,short,5,stock,DATA_INSUFFICIENT,"No licensed point-in-time US daily tape, delist file, corporate-action journal, or historical venue/industry vintages were verified in this environment.",False,,False,False,,,,,,,,,,,,,,,,,,,,,,0,0,,,,,bear
retail__A_trend_quality__aggressive__short,retail,,A_trend_quality,aggressive,short,5,stock,DATA_INSUFFICIENT,"No licensed point-in-time US daily tape, delist file, corporate-action journal, or historical venue/industry vintages were verified in this environment.",False,,False,False,,,,,,,,,,,,,,,,,,,,,,0,0,,,,,range
retail__A_trend_quality__aggressive__mid,retail,,A_trend_quality,aggressive,mid,20,stock,DATA_INSUFFICIENT,"No licensed point-in-time US daily tape, delist file, corporate-action journal, or historical venue/industry vintages were verified in this environment.",False,,False,False,,,,,,,,,,,,,,,,,,,,,,0,0,,,,,bull
retail__A_trend_quality__aggressive__mid,retail,,A_trend_quality,aggressive,mid,20,stock,DATA_INSUFFICIENT,"No licensed point-in-time US daily tape, delist file, corporate-action journal, or historical venue/industry vintages were verified in this environment.",False,,False,False,,,,,,,,,,,,,,,,,,,,,,0,0,,,,,bear
retail__A_trend_quality__aggressive__mid,retail,,A_trend_quality,aggressive,mid,20,stock,DATA_INSUFFICIENT,"No licensed point-in-time US daily tape, delist file, corporate-action journal, or historical venue/industry vintages were verified in this environment.",False,,False,False,,,,,,,,,,,,,,,,,,,,,,0,0,,,,,range
retail__A_trend_quality__aggressive__long,retail,,A_trend_quality,aggressive,long,63,stock,DATA_INSUFFICIENT,"No licensed point-in-time US daily tape, delist file, corporate-action journal, or historical venue/industry vintages were verified in this environment.",False,,False,False,,,,,,,,,,,,,,,,,,,,,,0,0,,,,,bull
retail__A_trend_quality__aggressive__long,retail,,A_trend_quality,aggressive,long,63,stock,DATA_INSUFFICIENT,"No licensed point-in-time US daily tape, delist file, corporate-action journal, or historical venue/industry vintages were verified in this environment.",False,,False,False,,,,,,,,,,,,,,,,,,,,,,0,0,,,,,bear
retail__A_trend_quality__aggressive__long,retail,,A_trend_quality,aggressive,long,63,stock,DATA_INSUFFICIENT,"No licensed point-in-time US daily tape, delist file, corporate-action journal, or historical venue/industry vintages were verified in this environment.",False,,False,False,,,,,,,,,,,,,,,,,,,,,,0,0,,,,,range
retail__B_confirmed_base_breakout__conservative__short,retail,,B_confirmed_base_breakout,conservative,short,5,stock,DATA_INSUFFICIENT,"No licensed point-in-time US daily tape, delist file, corporate-action journal, or historical venue/industry vintages were verified in this environment.",False,,False,False,,,,,,,,,,,,,,,,,,,,,,0,0,,,,,bull
retail__B_confirmed_base_breakout__conservative__short,retail,,B_confirmed_base_breakout,conservative,short,5,stock,DATA_INSUFFICIENT,"No licensed point-in-time US daily tape, delist file, corporate-action journal, or historical venue/industry vintages were verified in this environment.",False,,False,False,,,,,,,,,,,,,,,,,,,,,,0,0,,,,,bear
retail__B_confirmed_base_breakout__conservative__short,retail,,B_confirmed_base_breakout,conservative,short,5,stock,DATA_INSUFFICIENT,"No licensed point-in-time US daily tape, delist file, corporate-action journal, or historical venue/industry vintages were verified in this environment.",False,,False,False,,,,,,,,,,,,,,,,,,,,,,0,0,,,,,range
retail__B_confirmed_base_breakout__conservative__mid,retail,,B_confirmed_base_breakout,conservative,mid,20,stock,DATA_INSUFFICIENT,"No licensed point-in-time US daily tape, delist file, corporate-action journal, or historical venue/industry vintages were verified in this environment.",False,,False,False,,,,,,,,,,,,,,,,,,,,,,0,0,,,,,bull
retail__B_confirmed_base_breakout__conservative__mid,retail,,B_confirmed_base_breakout,conservative,mid,20,stock,DATA_INSUFFICIENT,"No licensed point-in-time US daily tape, delist file, corporate-action journal, or historical venue/industry vintages were verified in this environment.",False,,False,False,,,,,,,,,,,,,,,,,,,,,,0,0,,,,,bear
retail__B_confirmed_base_breakout__conservative__mid,retail,,B_confirmed_base_breakout,conservative,mid,20,stock,DATA_INSUFFICIENT,"No licensed point-in-time US daily tape, delist file, corporate-action journal, or historical venue/industry vintages were verified in this environment.",False,,False,False,,,,,,,,,,,,,,,,,,,,,,0,0,,,,,range
retail__B_confirmed_base_breakout__conservative__long,retail,,B_confirmed_base_breakout,conservative,long,63,stock,DATA_INSUFFICIENT,"No licensed point-in-time US daily tape, delist file, corporate-action journal, or historical venue/industry vintages were verified in this environment.",False,,False,False,,,,,,,,,,,,,,,,,,,,,,0,0,,,,,bull
retail__B_confirmed_base_breakout__conservative__long,retail,,B_confirmed_base_breakout,conservative,long,63,stock,DATA_INSUFFICIENT,"No licensed point-in-time US daily tape, delist file, corporate-action journal, or historical venue/industry vintages were verified in this environment.",False,,False,False,,,,,,,,,,,,,,,,,,,,,,0,0,,,,,bear
retail__B_confirmed_base_breakout__conservative__long,retail,,B_confirmed_base_breakout,conservative,long,63,stock,DATA_INSUFFICIENT,"No licensed point-in-time US daily tape, delist file, corporate-action journal, or historical venue/industry vintages were verified in this environment.",False,,False,False,,,,,,,,,,,,,,,,,,,,,,0,0,,,,,range
retail__B_confirmed_base_breakout__balanced__short,retail,,B_confirmed_base_breakout,balanced,short,5,stock,DATA_INSUFFICIENT,"No licensed point-in-time US daily tape, delist file, corporate-action journal, or historical venue/industry vintages were verified in this environment.",False,,False,False,,,,,,,,,,,,,,,,,,,,,,0,0,,,,,bull
retail__B_confirmed_base_breakout__balanced__short,retail,,B_confirmed_base_breakout,balanced,short,5,stock,DATA_INSUFFICIENT,"No licensed point-in-time US daily tape, delist file, corporate-action journal, or historical venue/industry vintages were verified in this environment.",False,,False,False,,,,,,,,,,,,,,,,,,,,,,0,0,,,,,bear
retail__B_confirmed_base_breakout__balanced__short,retail,,B_confirmed_base_breakout,balanced,short,5,stock,DATA_INSUFFICIENT,"No licensed point-in-time US daily tape, delist file, corporate-action journal, or historical venue/industry vintages were verified in this environment.",False,,False,False,,,,,,,,,,,,,,,,,,,,,,0,0,,,,,range
retail__B_confirmed_base_breakout__balanced__mid,retail,,B_confirmed_base_breakout,balanced,mid,20,stock,DATA_INSUFFICIENT,"No licensed point-in-time US daily tape, delist file, corporate-action journal, or historical venue/industry vintages were verified in this environment.",False,,False,False,,,,,,,,,,,,,,,,,,,,,,0,0,,,,,bull
retail__B_confirmed_base_breakout__balanced__mid,retail,,B_confirmed_base_breakout,balanced,mid,20,stock,DATA_INSUFFICIENT,"No licensed point-in-time US daily tape, delist file, corporate-action journal, or historical venue/industry vintages were verified in this environment.",False,,False,False,,,,,,,,,,,,,,,,,,,,,,0,0,,,,,bear
retail__B_confirmed_base_breakout__balanced__mid,retail,,B_confirmed_base_breakout,balanced,mid,20,stock,DATA_INSUFFICIENT,"No licensed point-in-time US daily tape, delist file, corporate-action journal, or historical venue/industry vintages were verified in this environment.",False,,False,False,,,,,,,,,,,,,,,,,,,,,,0,0,,,,,range
retail__B_confirmed_base_breakout__balanced__long,retail,,B_confirmed_base_breakout,balanced,long,63,stock,DATA_INSUFFICIENT,"No licensed point-in-time US daily tape, delist file, corporate-action journal, or historical venue/industry vintages were verified in this environment.",False,,False,False,,,,,,,,,,,,,,,,,,,,,,0,0,,,,,bull
retail__B_confirmed_base_breakout__balanced__long,retail,,B_confirmed_base_breakout,balanced,long,63,stock,DATA_INSUFFICIENT,"No licensed point-in-time US daily tape, delist file, corporate-action journal, or historical venue/industry vintages were verified in this environment.",False,,False,False,,,,,,,,,,,,,,,,,,,,,,0,0,,,,,bear
retail__B_confirmed_base_breakout__balanced__long,retail,,B_confirmed_base_breakout,balanced,long,63,stock,DATA_INSUFFICIENT,"No licensed point-in-time US daily tape, delist file, corporate-action journal, or historical venue/industry vintages were verified in this environment.",False,,False,False,,,,,,,,,,,,,,,,,,,,,,0,0,,,,,range
retail__B_confirmed_base_breakout__aggressive__short,retail,,B_confirmed_base_breakout,aggressive,short,5,stock,DATA_INSUFFICIENT,"No licensed point-in-time US daily tape, delist file, corporate-action journal, or historical venue/industry vintages were verified in this environment.",False,,False,False,,,,,,,,,,,,,,,,,,,,,,0,0,,,,,bull
retail__B_confirmed_base_breakout__aggressive__short,retail,,B_confirmed_base_breakout,aggressive,short,5,stock,DATA_INSUFFICIENT,"No licensed point-in-time US daily tape, delist file, corporate-action journal, or historical venue/industry vintages were verified in this environment.",False,,False,False,,,,,,,,,,,,,,,,,,,,,,0,0,,,,,bear
retail__B_confirmed_base_breakout__aggressive__short,retail,,B_confirmed_base_breakout,aggressive,short,5,stock,DATA_INSUFFICIENT,"No licensed point-in-time US daily tape, delist file, corporate-action journal, or historical venue/industry vintages were verified in this environment.",False,,False,False,,,,,,,,,,,,,,,,,,,,,,0,0,,,,,range
retail__B_confirmed_base_breakout__aggressive__mid,retail,,B_confirmed_base_breakout,aggressive,mid,20,stock,DATA_INSUFFICIENT,"No licensed point-in-time US daily tape, delist file, corporate-action journal, or historical venue/industry vintages were verified in this environment.",False,,False,False,,,,,,,,,,,,,,,,,,,,,,0,0,,,,,bull
retail__B_confirmed_base_breakout__aggressive__mid,retail,,B_confirmed_base_breakout,aggressive,mid,20,stock,DATA_INSUFFICIENT,"No licensed point-in-time US daily tape, delist file, corporate-action journal, or historical venue/industry vintages were verified in this environment.",False,,False,False,,,,,,,,,,,,,,,,,,,,,,0,0,,,,,bear
retail__B_confirmed_base_breakout__aggressive__mid,retail,,B_confirmed_base_breakout,aggressive,mid,20,stock,DATA_INSUFFICIENT,"No licensed point-in-time US daily tape, delist file, corporate-action journal, or historical venue/industry vintages were verified in this environment.",False,,False,False,,,,,,,,,,,,,,,,,,,,,,0,0,,,,,range
retail__B_confirmed_base_breakout__aggressive__long,retail,,B_confirmed_base_breakout,aggressive,long,63,stock,DATA_INSUFFICIENT,"No licensed point-in-time US daily tape, delist file, corporate-action journal, or historical venue/industry vintages were verified in this environment.",False,,False,False,,,,,,,,,,,,,,,,,,,,,,0,0,,,,,bull
retail__B_confirmed_base_breakout__aggressive__long,retail,,B_confirmed_base_breakout,aggressive,long,63,stock,DATA_INSUFFICIENT,"No licensed point-in-time US daily tape, delist file, corporate-action journal, or historical venue/industry vintages were verified in this environment.",False,,False,False,,,,,,,,,,,,,,,,,,,,,,0,0,,,,,bear
retail__B_confirmed_base_breakout__aggressive__long,retail,,B_confirmed_base_breakout,aggressive,long,63,stock,DATA_INSUFFICIENT,"No licensed point-in-time US daily tape, delist file, corporate-action journal, or historical venue/industry vintages were verified in this environment.",False,,False,False,,,,,,,,,,,,,,,,,,,,,,0,0,,,,,range
retail__C_trend_pullback__conservative__short,retail,,C_trend_pullback,conservative,short,5,stock,DATA_INSUFFICIENT,"No licensed point-in-time US daily tape, delist file, corporate-action journal, or historical venue/industry vintages were verified in this environment.",False,,False,False,,,,,,,,,,,,,,,,,,,,,,0,0,,,,,bull
retail__C_trend_pullback__conservative__short,retail,,C_trend_pullback,conservative,short,5,stock,DATA_INSUFFICIENT,"No licensed point-in-time US daily tape, delist file, corporate-action journal, or historical venue/industry vintages were verified in this environment.",False,,False,False,,,,,,,,,,,,,,,,,,,,,,0,0,,,,,bear
retail__C_trend_pullback__conservative__short,retail,,C_trend_pullback,conservative,short,5,stock,DATA_INSUFFICIENT,"No licensed point-in-time US daily tape, delist file, corporate-action journal, or historical venue/industry vintages were verified in this environment.",False,,False,False,,,,,,,,,,,,,,,,,,,,,,0,0,,,,,range
retail__C_trend_pullback__conservative__mid,retail,,C_trend_pullback,conservative,mid,20,stock,DATA_INSUFFICIENT,"No licensed point-in-time US daily tape, delist file, corporate-action journal, or historical venue/industry vintages were verified in this environment.",False,,False,False,,,,,,,,,,,,,,,,,,,,,,0,0,,,,,bull
retail__C_trend_pullback__conservative__mid,retail,,C_trend_pullback,conservative,mid,20,stock,DATA_INSUFFICIENT,"No licensed point-in-time US daily tape, delist file, corporate-action journal, or historical venue/industry vintages were verified in this environment.",False,,False,False,,,,,,,,,,,,,,,,,,,,,,0,0,,,,,bear
retail__C_trend_pullback__conservative__mid,retail,,C_trend_pullback,conservative,mid,20,stock,DATA_INSUFFICIENT,"No licensed point-in-time US daily tape, delist file, corporate-action journal, or historical venue/industry vintages were verified in this environment.",False,,False,False,,,,,,,,,,,,,,,,,,,,,,0,0,,,,,range
retail__C_trend_pullback__conservative__long,retail,,C_trend_pullback,conservative,long,63,stock,DATA_INSUFFICIENT,"No licensed point-in-time US daily tape, delist file, corporate-action journal, or historical venue/industry vintages were verified in this environment.",False,,False,False,,,,,,,,,,,,,,,,,,,,,,0,0,,,,,bull
retail__C_trend_pullback__conservative__long,retail,,C_trend_pullback,conservative,long,63,stock,DATA_INSUFFICIENT,"No licensed point-in-time US daily tape, delist file, corporate-action journal, or historical venue/industry vintages were verified in this environment.",False,,False,False,,,,,,,,,,,,,,,,,,,,,,0,0,,,,,bear
retail__C_trend_pullback__conservative__long,retail,,C_trend_pullback,conservative,long,63,stock,DATA_INSUFFICIENT,"No licensed point-in-time US daily tape, delist file, corporate-action journal, or historical venue/industry vintages were verified in this environment.",False,,False,False,,,,,,,,,,,,,,,,,,,,,,0,0,,,,,range
retail__C_trend_pullback__balanced__short,retail,,C_trend_pullback,balanced,short,5,stock,DATA_INSUFFICIENT,"No licensed point-in-time US daily tape, delist file, corporate-action journal, or historical venue/industry vintages were verified in this environment.",False,,False,False,,,,,,,,,,,,,,,,,,,,,,0,0,,,,,bull
retail__C_trend_pullback__balanced__short,retail,,C_trend_pullback,balanced,short,5,stock,DATA_INSUFFICIENT,"No licensed point-in-time US daily tape, delist file, corporate-action journal, or historical venue/industry vintages were verified in this environment.",False,,False,False,,,,,,,,,,,,,,,,,,,,,,0,0,,,,,bear
retail__C_trend_pullback__balanced__short,retail,,C_trend_pullback,balanced,short,5,stock,DATA_INSUFFICIENT,"No licensed point-in-time US daily tape, delist file, corporate-action journal, or historical venue/industry vintages were verified in this environment.",False,,False,False,,,,,,,,,,,,,,,,,,,,,,0,0,,,,,range
retail__C_trend_pullback__balanced__mid,retail,,C_trend_pullback,balanced,mid,20,stock,DATA_INSUFFICIENT,"No licensed point-in-time US daily tape, delist file, corporate-action journal, or historical venue/industry vintages were verified in this environment.",False,,False,False,,,,,,,,,,,,,,,,,,,,,,0,0,,,,,bull
retail__C_trend_pullback__balanced__mid,retail,,C_trend_pullback,balanced,mid,20,stock,DATA_INSUFFICIENT,"No licensed point-in-time US daily tape, delist file, corporate-action journal, or historical venue/industry vintages were verified in this environment.",False,,False,False,,,,,,,,,,,,,,,,,,,,,,0,0,,,,,bear
retail__C_trend_pullback__balanced__mid,retail,,C_trend_pullback,balanced,mid,20,stock,DATA_INSUFFICIENT,"No licensed point-in-time US daily tape, delist file, corporate-action journal, or historical venue/industry vintages were verified in this environment.",False,,False,False,,,,,,,,,,,,,,,,,,,,,,0,0,,,,,range
retail__C_trend_pullback__balanced__long,retail,,C_trend_pullback,balanced,long,63,stock,DATA_INSUFFICIENT,"No licensed point-in-time US daily tape, delist file, corporate-action journal, or historical venue/industry vintages were verified in this environment.",False,,False,False,,,,,,,,,,,,,,,,,,,,,,0,0,,,,,bull
retail__C_trend_pullback__balanced__long,retail,,C_trend_pullback,balanced,long,63,stock,DATA_INSUFFICIENT,"No licensed point-in-time US daily tape, delist file, corporate-action journal, or historical venue/industry vintages were verified in this environment.",False,,False,False,,,,,,,,,,,,,,,,,,,,,,0,0,,,,,bear
retail__C_trend_pullback__balanced__long,retail,,C_trend_pullback,balanced,long,63,stock,DATA_INSUFFICIENT,"No licensed point-in-time US daily tape, delist file, corporate-action journal, or historical venue/industry vintages were verified in this environment.",False,,False,False,,,,,,,,,,,,,,,,,,,,,,0,0,,,,,range
retail__C_trend_pullback__aggressive__short,retail,,C_trend_pullback,aggressive,short,5,stock,DATA_INSUFFICIENT,"No licensed point-in-time US daily tape, delist file, corporate-action journal, or historical venue/industry vintages were verified in this environment.",False,,False,False,,,,,,,,,,,,,,,,,,,,,,0,0,,,,,bull
retail__C_trend_pullback__aggressive__short,retail,,C_trend_pullback,aggressive,short,5,stock,DATA_INSUFFICIENT,"No licensed point-in-time US daily tape, delist file, corporate-action journal, or historical venue/industry vintages were verified in this environment.",False,,False,False,,,,,,,,,,,,,,,,,,,,,,0,0,,,,,bear
retail__C_trend_pullback__aggressive__short,retail,,C_trend_pullback,aggressive,short,5,stock,DATA_INSUFFICIENT,"No licensed point-in-time US daily tape, delist file, corporate-action journal, or historical venue/industry vintages were verified in this environment.",False,,False,False,,,,,,,,,,,,,,,,,,,,,,0,0,,,,,range
retail__C_trend_pullback__aggressive__mid,retail,,C_trend_pullback,aggressive,mid,20,stock,DATA_INSUFFICIENT,"No licensed point-in-time US daily tape, delist file, corporate-action journal, or historical venue/industry vintages were verified in this environment.",False,,False,False,,,,,,,,,,,,,,,,,,,,,,0,0,,,,,bull
retail__C_trend_pullback__aggressive__mid,retail,,C_trend_pullback,aggressive,mid,20,stock,DATA_INSUFFICIENT,"No licensed point-in-time US daily tape, delist file, corporate-action journal, or historical venue/industry vintages were verified in this environment.",False,,False,False,,,,,,,,,,,,,,,,,,,,,,0,0,,,,,bear
retail__C_trend_pullback__aggressive__mid,retail,,C_trend_pullback,aggressive,mid,20,stock,DATA_INSUFFICIENT,"No licensed point-in-time US daily tape, delist file, corporate-action journal, or historical venue/industry vintages were verified in this environment.",False,,False,False,,,,,,,,,,,,,,,,,,,,,,0,0,,,,,range
retail__C_trend_pullback__aggressive__long,retail,,C_trend_pullback,aggressive,long,63,stock,DATA_INSUFFICIENT,"No licensed point-in-time US daily tape, delist file, corporate-action journal, or historical venue/industry vintages were verified in this environment.",False,,False,False,,,,,,,,,,,,,,,,,,,,,,0,0,,,,,bull
retail__C_trend_pullback__aggressive__long,retail,,C_trend_pullback,aggressive,long,63,stock,DATA_INSUFFICIENT,"No licensed point-in-time US daily tape, delist file, corporate-action journal, or historical venue/industry vintages were verified in this environment.",False,,False,False,,,,,,,,,,,,,,,,,,,,,,0,0,,,,,bear
retail__C_trend_pullback__aggressive__long,retail,,C_trend_pullback,aggressive,long,63,stock,DATA_INSUFFICIENT,"No licensed point-in-time US daily tape, delist file, corporate-action journal, or historical venue/industry vintages were verified in this environment.",False,,False,False,,,,,,,,,,,,,,,,,,,,,,0,0,,,,,range
retail__D_residual_momentum__conservative__short,retail,,D_residual_momentum,conservative,short,5,stock,DATA_INSUFFICIENT,"No licensed point-in-time US daily tape, delist file, corporate-action journal, or historical venue/industry vintages were verified in this environment.",False,,False,False,,,,,,,,,,,,,,,,,,,,,,0,0,,,,,bull
retail__D_residual_momentum__conservative__short,retail,,D_residual_momentum,conservative,short,5,stock,DATA_INSUFFICIENT,"No licensed point-in-time US daily tape, delist file, corporate-action journal, or historical venue/industry vintages were verified in this environment.",False,,False,False,,,,,,,,,,,,,,,,,,,,,,0,0,,,,,bear
retail__D_residual_momentum__conservative__short,retail,,D_residual_momentum,conservative,short,5,stock,DATA_INSUFFICIENT,"No licensed point-in-time US daily tape, delist file, corporate-action journal, or historical venue/industry vintages were verified in this environment.",False,,False,False,,,,,,,,,,,,,,,,,,,,,,0,0,,,,,range
retail__D_residual_momentum__conservative__mid,retail,,D_residual_momentum,conservative,mid,20,stock,DATA_INSUFFICIENT,"No licensed point-in-time US daily tape, delist file, corporate-action journal, or historical venue/industry vintages were verified in this environment.",False,,False,False,,,,,,,,,,,,,,,,,,,,,,0,0,,,,,bull
retail__D_residual_momentum__conservative__mid,retail,,D_residual_momentum,conservative,mid,20,stock,DATA_INSUFFICIENT,"No licensed point-in-time US daily tape, delist file, corporate-action journal, or historical venue/industry vintages were verified in this environment.",False,,False,False,,,,,,,,,,,,,,,,,,,,,,0,0,,,,,bear
retail__D_residual_momentum__conservative__mid,retail,,D_residual_momentum,conservative,mid,20,stock,DATA_INSUFFICIENT,"No licensed point-in-time US daily tape, delist file, corporate-action journal, or historical venue/industry vintages were verified in this environment.",False,,False,False,,,,,,,,,,,,,,,,,,,,,,0,0,,,,,range
retail__D_residual_momentum__conservative__long,retail,,D_residual_momentum,conservative,long,63,stock,DATA_INSUFFICIENT,"No licensed point-in-time US daily tape, delist file, corporate-action journal, or historical venue/industry vintages were verified in this environment.",False,,False,False,,,,,,,,,,,,,,,,,,,,,,0,0,,,,,bull
retail__D_residual_momentum__conservative__long,retail,,D_residual_momentum,conservative,long,63,stock,DATA_INSUFFICIENT,"No licensed point-in-time US daily tape, delist file, corporate-action journal, or historical venue/industry vintages were verified in this environment.",False,,False,False,,,,,,,,,,,,,,,,,,,,,,0,0,,,,,bear
retail__D_residual_momentum__conservative__long,retail,,D_residual_momentum,conservative,long,63,stock,DATA_INSUFFICIENT,"No licensed point-in-time US daily tape, delist file, corporate-action journal, or historical venue/industry vintages were verified in this environment.",False,,False,False,,,,,,,,,,,,,,,,,,,,,,0,0,,,,,range
retail__D_residual_momentum__balanced__short,retail,,D_residual_momentum,balanced,short,5,stock,DATA_INSUFFICIENT,"No licensed point-in-time US daily tape, delist file, corporate-action journal, or historical venue/industry vintages were verified in this environment.",False,,False,False,,,,,,,,,,,,,,,,,,,,,,0,0,,,,,bull
retail__D_residual_momentum__balanced__short,retail,,D_residual_momentum,balanced,short,5,stock,DATA_INSUFFICIENT,"No licensed point-in-time US daily tape, delist file, corporate-action journal, or historical venue/industry vintages were verified in this environment.",False,,False,False,,,,,,,,,,,,,,,,,,,,,,0,0,,,,,bear
retail__D_residual_momentum__balanced__short,retail,,D_residual_momentum,balanced,short,5,stock,DATA_INSUFFICIENT,"No licensed point-in-time US daily tape, delist file, corporate-action journal, or historical venue/industry vintages were verified in this environment.",False,,False,False,,,,,,,,,,,,,,,,,,,,,,0,0,,,,,range
retail__D_residual_momentum__balanced__mid,retail,,D_residual_momentum,balanced,mid,20,stock,DATA_INSUFFICIENT,"No licensed point-in-time US daily tape, delist file, corporate-action journal, or historical venue/industry vintages were verified in this environment.",False,,False,False,,,,,,,,,,,,,,,,,,,,,,0,0,,,,,bull
retail__D_residual_momentum__balanced__mid,retail,,D_residual_momentum,balanced,mid,20,stock,DATA_INSUFFICIENT,"No licensed point-in-time US daily tape, delist file, corporate-action journal, or historical venue/industry vintages were verified in this environment.",False,,False,False,,,,,,,,,,,,,,,,,,,,,,0,0,,,,,bear
retail__D_residual_momentum__balanced__mid,retail,,D_residual_momentum,balanced,mid,20,stock,DATA_INSUFFICIENT,"No licensed point-in-time US daily tape, delist file, corporate-action journal, or historical venue/industry vintages were verified in this environment.",False,,False,False,,,,,,,,,,,,,,,,,,,,,,0,0,,,,,range
retail__D_residual_momentum__balanced__long,retail,,D_residual_momentum,balanced,long,63,stock,DATA_INSUFFICIENT,"No licensed point-in-time US daily tape, delist file, corporate-action journal, or historical venue/industry vintages were verified in this environment.",False,,False,False,,,,,,,,,,,,,,,,,,,,,,0,0,,,,,bull
retail__D_residual_momentum__balanced__long,retail,,D_residual_momentum,balanced,long,63,stock,DATA_INSUFFICIENT,"No licensed point-in-time US daily tape, delist file, corporate-action journal, or historical venue/industry vintages were verified in this environment.",False,,False,False,,,,,,,,,,,,,,,,,,,,,,0,0,,,,,bear
retail__D_residual_momentum__balanced__long,retail,,D_residual_momentum,balanced,long,63,stock,DATA_INSUFFICIENT,"No licensed point-in-time US daily tape, delist file, corporate-action journal, or historical venue/industry vintages were verified in this environment.",False,,False,False,,,,,,,,,,,,,,,,,,,,,,0,0,,,,,range
retail__D_residual_momentum__aggressive__short,retail,,D_residual_momentum,aggressive,short,5,stock,DATA_INSUFFICIENT,"No licensed point-in-time US daily tape, delist file, corporate-action journal, or historical venue/industry vintages were verified in this environment.",False,,False,False,,,,,,,,,,,,,,,,,,,,,,0,0,,,,,bull
retail__D_residual_momentum__aggressive__short,retail,,D_residual_momentum,aggressive,short,5,stock,DATA_INSUFFICIENT,"No licensed point-in-time US daily tape, delist file, corporate-action journal, or historical venue/industry vintages were verified in this environment.",False,,False,False,,,,,,,,,,,,,,,,,,,,,,0,0,,,,,bear
retail__D_residual_momentum__aggressive__short,retail,,D_residual_momentum,aggressive,short,5,stock,DATA_INSUFFICIENT,"No licensed point-in-time US daily tape, delist file, corporate-action journal, or historical venue/industry vintages were verified in this environment.",False,,False,False,,,,,,,,,,,,,,,,,,,,,,0,0,,,,,range
retail__D_residual_momentum__aggressive__mid,retail,,D_residual_momentum,aggressive,mid,20,stock,DATA_INSUFFICIENT,"No licensed point-in-time US daily tape, delist file, corporate-action journal, or historical venue/industry vintages were verified in this environment.",False,,False,False,,,,,,,,,,,,,,,,,,,,,,0,0,,,,,bull
retail__D_residual_momentum__aggressive__mid,retail,,D_residual_momentum,aggressive,mid,20,stock,DATA_INSUFFICIENT,"No licensed point-in-time US daily tape, delist file, corporate-action journal, or historical venue/industry vintages were verified in this environment.",False,,False,False,,,,,,,,,,,,,,,,,,,,,,0,0,,,,,bear
retail__D_residual_momentum__aggressive__mid,retail,,D_residual_momentum,aggressive,mid,20,stock,DATA_INSUFFICIENT,"No licensed point-in-time US daily tape, delist file, corporate-action journal, or historical venue/industry vintages were verified in this environment.",False,,False,False,,,,,,,,,,,,,,,,,,,,,,0,0,,,,,range
retail__D_residual_momentum__aggressive__long,retail,,D_residual_momentum,aggressive,long,63,stock,DATA_INSUFFICIENT,"No licensed point-in-time US daily tape, delist file, corporate-action journal, or historical venue/industry vintages were verified in this environment.",False,,False,False,,,,,,,,,,,,,,,,,,,,,,0,0,,,,,bull
retail__D_residual_momentum__aggressive__long,retail,,D_residual_momentum,aggressive,long,63,stock,DATA_INSUFFICIENT,"No licensed point-in-time US daily tape, delist file, corporate-action journal, or historical venue/industry vintages were verified in this environment.",False,,False,False,,,,,,,,,,,,,,,,,,,,,,0,0,,,,,bear
retail__D_residual_momentum__aggressive__long,retail,,D_residual_momentum,aggressive,long,63,stock,DATA_INSUFFICIENT,"No licensed point-in-time US daily tape, delist file, corporate-action journal, or historical venue/industry vintages were verified in this environment.",False,,False,False,,,,,,,,,,,,,,,,,,,,,,0,0,,,,,range
luxury__A_trend_quality__conservative__short,luxury,,A_trend_quality,conservative,short,5,stock,DATA_INSUFFICIENT,"No licensed point-in-time US daily tape, delist file, corporate-action journal, or historical venue/industry vintages were verified in this environment.",False,,False,False,,,,,,,,,,,,,,,,,,,,,,0,0,,,,,bull
luxury__A_trend_quality__conservative__short,luxury,,A_trend_quality,conservative,short,5,stock,DATA_INSUFFICIENT,"No licensed point-in-time US daily tape, delist file, corporate-action journal, or historical venue/industry vintages were verified in this environment.",False,,False,False,,,,,,,,,,,,,,,,,,,,,,0,0,,,,,bear
luxury__A_trend_quality__conservative__short,luxury,,A_trend_quality,conservative,short,5,stock,DATA_INSUFFICIENT,"No licensed point-in-time US daily tape, delist file, corporate-action journal, or historical venue/industry vintages were verified in this environment.",False,,False,False,,,,,,,,,,,,,,,,,,,,,,0,0,,,,,range
luxury__A_trend_quality__conservative__mid,luxury,,A_trend_quality,conservative,mid,20,stock,DATA_INSUFFICIENT,"No licensed point-in-time US daily tape, delist file, corporate-action journal, or historical venue/industry vintages were verified in this environment.",False,,False,False,,,,,,,,,,,,,,,,,,,,,,0,0,,,,,bull
luxury__A_trend_quality__conservative__mid,luxury,,A_trend_quality,conservative,mid,20,stock,DATA_INSUFFICIENT,"No licensed point-in-time US daily tape, delist file, corporate-action journal, or historical venue/industry vintages were verified in this environment.",False,,False,False,,,,,,,,,,,,,,,,,,,,,,0,0,,,,,bear
luxury__A_trend_quality__conservative__mid,luxury,,A_trend_quality,conservative,mid,20,stock,DATA_INSUFFICIENT,"No licensed point-in-time US daily tape, delist file, corporate-action journal, or historical venue/industry vintages were verified in this environment.",False,,False,False,,,,,,,,,,,,,,,,,,,,,,0,0,,,,,range
luxury__A_trend_quality__conservative__long,luxury,,A_trend_quality,conservative,long,63,stock,DATA_INSUFFICIENT,"No licensed point-in-time US daily tape, delist file, corporate-action journal, or historical venue/industry vintages were verified in this environment.",False,,False,False,,,,,,,,,,,,,,,,,,,,,,0,0,,,,,bull
luxury__A_trend_quality__conservative__long,luxury,,A_trend_quality,conservative,long,63,stock,DATA_INSUFFICIENT,"No licensed point-in-time US daily tape, delist file, corporate-action journal, or historical venue/industry vintages were verified in this environment.",False,,False,False,,,,,,,,,,,,,,,,,,,,,,0,0,,,,,bear
luxury__A_trend_quality__conservative__long,luxury,,A_trend_quality,conservative,long,63,stock,DATA_INSUFFICIENT,"No licensed point-in-time US daily tape, delist file, corporate-action journal, or historical venue/industry vintages were verified in this environment.",False,,False,False,,,,,,,,,,,,,,,,,,,,,,0,0,,,,,range
luxury__A_trend_quality__balanced__short,luxury,,A_trend_quality,balanced,short,5,stock,DATA_INSUFFICIENT,"No licensed point-in-time US daily tape, delist file, corporate-action journal, or historical venue/industry vintages were verified in this environment.",False,,False,False,,,,,,,,,,,,,,,,,,,,,,0,0,,,,,bull
luxury__A_trend_quality__balanced__short,luxury,,A_trend_quality,balanced,short,5,stock,DATA_INSUFFICIENT,"No licensed point-in-time US daily tape, delist file, corporate-action journal, or historical venue/industry vintages were verified in this environment.",False,,False,False,,,,,,,,,,,,,,,,,,,,,,0,0,,,,,bear
luxury__A_trend_quality__balanced__short,luxury,,A_trend_quality,balanced,short,5,stock,DATA_INSUFFICIENT,"No licensed point-in-time US daily tape, delist file, corporate-action journal, or historical venue/industry vintages were verified in this environment.",False,,False,False,,,,,,,,,,,,,,,,,,,,,,0,0,,,,,range
luxury__A_trend_quality__balanced__mid,luxury,,A_trend_quality,balanced,mid,20,stock,DATA_INSUFFICIENT,"No licensed point-in-time US daily tape, delist file, corporate-action journal, or historical venue/industry vintages were verified in this environment.",False,,False,False,,,,,,,,,,,,,,,,,,,,,,0,0,,,,,bull
luxury__A_trend_quality__balanced__mid,luxury,,A_trend_quality,balanced,mid,20,stock,DATA_INSUFFICIENT,"No licensed point-in-time US daily tape, delist file, corporate-action journal, or historical venue/industry vintages were verified in this environment.",False,,False,False,,,,,,,,,,,,,,,,,,,,,,0,0,,,,,bear
luxury__A_trend_quality__balanced__mid,luxury,,A_trend_quality,balanced,mid,20,stock,DATA_INSUFFICIENT,"No licensed point-in-time US daily tape, delist file, corporate-action journal, or historical venue/industry vintages were verified in this environment.",False,,False,False,,,,,,,,,,,,,,,,,,,,,,0,0,,,,,range
luxury__A_trend_quality__balanced__long,luxury,,A_trend_quality,balanced,long,63,stock,DATA_INSUFFICIENT,"No licensed point-in-time US daily tape, delist file, corporate-action journal, or historical venue/industry vintages were verified in this environment.",False,,False,False,,,,,,,,,,,,,,,,,,,,,,0,0,,,,,bull
luxury__A_trend_quality__balanced__long,luxury,,A_trend_quality,balanced,long,63,stock,DATA_INSUFFICIENT,"No licensed point-in-time US daily tape, delist file, corporate-action journal, or historical venue/industry vintages were verified in this environment.",False,,False,False,,,,,,,,,,,,,,,,,,,,,,0,0,,,,,bear
luxury__A_trend_quality__balanced__long,luxury,,A_trend_quality,balanced,long,63,stock,DATA_INSUFFICIENT,"No licensed point-in-time US daily tape, delist file, corporate-action journal, or historical venue/industry vintages were verified in this environment.",False,,False,False,,,,,,,,,,,,,,,,,,,,,,0,0,,,,,range
luxury__A_trend_quality__aggressive__short,luxury,,A_trend_quality,aggressive,short,5,stock,DATA_INSUFFICIENT,"No licensed point-in-time US daily tape, delist file, corporate-action journal, or historical venue/industry vintages were verified in this environment.",False,,False,False,,,,,,,,,,,,,,,,,,,,,,0,0,,,,,bull
luxury__A_trend_quality__aggressive__short,luxury,,A_trend_quality,aggressive,short,5,stock,DATA_INSUFFICIENT,"No licensed point-in-time US daily tape, delist file, corporate-action journal, or historical venue/industry vintages were verified in this environment.",False,,False,False,,,,,,,,,,,,,,,,,,,,,,0,0,,,,,bear
luxury__A_trend_quality__aggressive__short,luxury,,A_trend_quality,aggressive,short,5,stock,DATA_INSUFFICIENT,"No licensed point-in-time US daily tape, delist file, corporate-action journal, or historical venue/industry vintages were verified in this environment.",False,,False,False,,,,,,,,,,,,,,,,,,,,,,0,0,,,,,range
luxury__A_trend_quality__aggressive__mid,luxury,,A_trend_quality,aggressive,mid,20,stock,DATA_INSUFFICIENT,"No licensed point-in-time US daily tape, delist file, corporate-action journal, or historical venue/industry vintages were verified in this environment.",False,,False,False,,,,,,,,,,,,,,,,,,,,,,0,0,,,,,bull
luxury__A_trend_quality__aggressive__mid,luxury,,A_trend_quality,aggressive,mid,20,stock,DATA_INSUFFICIENT,"No licensed point-in-time US daily tape, delist file, corporate-action journal, or historical venue/industry vintages were verified in this environment.",False,,False,False,,,,,,,,,,,,,,,,,,,,,,0,0,,,,,bear
luxury__A_trend_quality__aggressive__mid,luxury,,A_trend_quality,aggressive,mid,20,stock,DATA_INSUFFICIENT,"No licensed point-in-time US daily tape, delist file, corporate-action journal, or historical venue/industry vintages were verified in this environment.",False,,False,False,,,,,,,,,,,,,,,,,,,,,,0,0,,,,,range
luxury__A_trend_quality__aggressive__long,luxury,,A_trend_quality,aggressive,long,63,stock,DATA_INSUFFICIENT,"No licensed point-in-time US daily tape, delist file, corporate-action journal, or historical venue/industry vintages were verified in this environment.",False,,False,False,,,,,,,,,,,,,,,,,,,,,,0,0,,,,,bull
luxury__A_trend_quality__aggressive__long,luxury,,A_trend_quality,aggressive,long,63,stock,DATA_INSUFFICIENT,"No licensed point-in-time US daily tape, delist file, corporate-action journal, or historical venue/industry vintages were verified in this environment.",False,,False,False,,,,,,,,,,,,,,,,,,,,,,0,0,,,,,bear
luxury__A_trend_quality__aggressive__long,luxury,,A_trend_quality,aggressive,long,63,stock,DATA_INSUFFICIENT,"No licensed point-in-time US daily tape, delist file, corporate-action journal, or historical venue/industry vintages were verified in this environment.",False,,False,False,,,,,,,,,,,,,,,,,,,,,,0,0,,,,,range
luxury__B_confirmed_base_breakout__conservative__short,luxury,,B_confirmed_base_breakout,conservative,short,5,stock,DATA_INSUFFICIENT,"No licensed point-in-time US daily tape, delist file, corporate-action journal, or historical venue/industry vintages were verified in this environment.",False,,False,False,,,,,,,,,,,,,,,,,,,,,,0,0,,,,,bull
luxury__B_confirmed_base_breakout__conservative__short,luxury,,B_confirmed_base_breakout,conservative,short,5,stock,DATA_INSUFFICIENT,"No licensed point-in-time US daily tape, delist file, corporate-action journal, or historical venue/industry vintages were verified in this environment.",False,,False,False,,,,,,,,,,,,,,,,,,,,,,0,0,,,,,bear
luxury__B_confirmed_base_breakout__conservative__short,luxury,,B_confirmed_base_breakout,conservative,short,5,stock,DATA_INSUFFICIENT,"No licensed point-in-time US daily tape, delist file, corporate-action journal, or historical venue/industry vintages were verified in this environment.",False,,False,False,,,,,,,,,,,,,,,,,,,,,,0,0,,,,,range
luxury__B_confirmed_base_breakout__conservative__mid,luxury,,B_confirmed_base_breakout,conservative,mid,20,stock,DATA_INSUFFICIENT,"No licensed point-in-time US daily tape, delist file, corporate-action journal, or historical venue/industry vintages were verified in this environment.",False,,False,False,,,,,,,,,,,,,,,,,,,,,,0,0,,,,,bull
luxury__B_confirmed_base_breakout__conservative__mid,luxury,,B_confirmed_base_breakout,conservative,mid,20,stock,DATA_INSUFFICIENT,"No licensed point-in-time US daily tape, delist file, corporate-action journal, or historical venue/industry vintages were verified in this environment.",False,,False,False,,,,,,,,,,,,,,,,,,,,,,0,0,,,,,bear
luxury__B_confirmed_base_breakout__conservative__mid,luxury,,B_confirmed_base_breakout,conservative,mid,20,stock,DATA_INSUFFICIENT,"No licensed point-in-time US daily tape, delist file, corporate-action journal, or historical venue/industry vintages were verified in this environment.",False,,False,False,,,,,,,,,,,,,,,,,,,,,,0,0,,,,,range
luxury__B_confirmed_base_breakout__conservative__long,luxury,,B_confirmed_base_breakout,conservative,long,63,stock,DATA_INSUFFICIENT,"No licensed point-in-time US daily tape, delist file, corporate-action journal, or historical venue/industry vintages were verified in this environment.",False,,False,False,,,,,,,,,,,,,,,,,,,,,,0,0,,,,,bull
luxury__B_confirmed_base_breakout__conservative__long,luxury,,B_confirmed_base_breakout,conservative,long,63,stock,DATA_INSUFFICIENT,"No licensed point-in-time US daily tape, delist file, corporate-action journal, or historical venue/industry vintages were verified in this environment.",False,,False,False,,,,,,,,,,,,,,,,,,,,,,0,0,,,,,bear
luxury__B_confirmed_base_breakout__conservative__long,luxury,,B_confirmed_base_breakout,conservative,long,63,stock,DATA_INSUFFICIENT,"No licensed point-in-time US daily tape, delist file, corporate-action journal, or historical venue/industry vintages were verified in this environment.",False,,False,False,,,,,,,,,,,,,,,,,,,,,,0,0,,,,,range
luxury__B_confirmed_base_breakout__balanced__short,luxury,,B_confirmed_base_breakout,balanced,short,5,stock,DATA_INSUFFICIENT,"No licensed point-in-time US daily tape, delist file, corporate-action journal, or historical venue/industry vintages were verified in this environment.",False,,False,False,,,,,,,,,,,,,,,,,,,,,,0,0,,,,,bull
luxury__B_confirmed_base_breakout__balanced__short,luxury,,B_confirmed_base_breakout,balanced,short,5,stock,DATA_INSUFFICIENT,"No licensed point-in-time US daily tape, delist file, corporate-action journal, or historical venue/industry vintages were verified in this environment.",False,,False,False,,,,,,,,,,,,,,,,,,,,,,0,0,,,,,bear
luxury__B_confirmed_base_breakout__balanced__short,luxury,,B_confirmed_base_breakout,balanced,short,5,stock,DATA_INSUFFICIENT,"No licensed point-in-time US daily tape, delist file, corporate-action journal, or historical venue/industry vintages were verified in this environment.",False,,False,False,,,,,,,,,,,,,,,,,,,,,,0,0,,,,,range
luxury__B_confirmed_base_breakout__balanced__mid,luxury,,B_confirmed_base_breakout,balanced,mid,20,stock,DATA_INSUFFICIENT,"No licensed point-in-time US daily tape, delist file, corporate-action journal, or historical venue/industry vintages were verified in this environment.",False,,False,False,,,,,,,,,,,,,,,,,,,,,,0,0,,,,,bull
luxury__B_confirmed_base_breakout__balanced__mid,luxury,,B_confirmed_base_breakout,balanced,mid,20,stock,DATA_INSUFFICIENT,"No licensed point-in-time US daily tape, delist file, corporate-action journal, or historical venue/industry vintages were verified in this environment.",False,,False,False,,,,,,,,,,,,,,,,,,,,,,0,0,,,,,bear
luxury__B_confirmed_base_breakout__balanced__mid,luxury,,B_confirmed_base_breakout,balanced,mid,20,stock,DATA_INSUFFICIENT,"No licensed point-in-time US daily tape, delist file, corporate-action journal, or historical venue/industry vintages were verified in this environment.",False,,False,False,,,,,,,,,,,,,,,,,,,,,,0,0,,,,,range
luxury__B_confirmed_base_breakout__balanced__long,luxury,,B_confirmed_base_breakout,balanced,long,63,stock,DATA_INSUFFICIENT,"No licensed point-in-time US daily tape, delist file, corporate-action journal, or historical venue/industry vintages were verified in this environment.",False,,False,False,,,,,,,,,,,,,,,,,,,,,,0,0,,,,,bull
luxury__B_confirmed_base_breakout__balanced__long,luxury,,B_confirmed_base_breakout,balanced,long,63,stock,DATA_INSUFFICIENT,"No licensed point-in-time US daily tape, delist file, corporate-action journal, or historical venue/industry vintages were verified in this environment.",False,,False,False,,,,,,,,,,,,,,,,,,,,,,0,0,,,,,bear
luxury__B_confirmed_base_breakout__balanced__long,luxury,,B_confirmed_base_breakout,balanced,long,63,stock,DATA_INSUFFICIENT,"No licensed point-in-time US daily tape, delist file, corporate-action journal, or historical venue/industry vintages were verified in this environment.",False,,False,False,,,,,,,,,,,,,,,,,,,,,,0,0,,,,,range
luxury__B_confirmed_base_breakout__aggressive__short,luxury,,B_confirmed_base_breakout,aggressive,short,5,stock,DATA_INSUFFICIENT,"No licensed point-in-time US daily tape, delist file, corporate-action journal, or historical venue/industry vintages were verified in this environment.",False,,False,False,,,,,,,,,,,,,,,,,,,,,,0,0,,,,,bull
luxury__B_confirmed_base_breakout__aggressive__short,luxury,,B_confirmed_base_breakout,aggressive,short,5,stock,DATA_INSUFFICIENT,"No licensed point-in-time US daily tape, delist file, corporate-action journal, or historical venue/industry vintages were verified in this environment.",False,,False,False,,,,,,,,,,,,,,,,,,,,,,0,0,,,,,bear
luxury__B_confirmed_base_breakout__aggressive__short,luxury,,B_confirmed_base_breakout,aggressive,short,5,stock,DATA_INSUFFICIENT,"No licensed point-in-time US daily tape, delist file, corporate-action journal, or historical venue/industry vintages were verified in this environment.",False,,False,False,,,,,,,,,,,,,,,,,,,,,,0,0,,,,,range
luxury__B_confirmed_base_breakout__aggressive__mid,luxury,,B_confirmed_base_breakout,aggressive,mid,20,stock,DATA_INSUFFICIENT,"No licensed point-in-time US daily tape, delist file, corporate-action journal, or historical venue/industry vintages were verified in this environment.",False,,False,False,,,,,,,,,,,,,,,,,,,,,,0,0,,,,,bull
luxury__B_confirmed_base_breakout__aggressive__mid,luxury,,B_confirmed_base_breakout,aggressive,mid,20,stock,DATA_INSUFFICIENT,"No licensed point-in-time US daily tape, delist file, corporate-action journal, or historical venue/industry vintages were verified in this environment.",False,,False,False,,,,,,,,,,,,,,,,,,,,,,0,0,,,,,bear
luxury__B_confirmed_base_breakout__aggressive__mid,luxury,,B_confirmed_base_breakout,aggressive,mid,20,stock,DATA_INSUFFICIENT,"No licensed point-in-time US daily tape, delist file, corporate-action journal, or historical venue/industry vintages were verified in this environment.",False,,False,False,,,,,,,,,,,,,,,,,,,,,,0,0,,,,,range
luxury__B_confirmed_base_breakout__aggressive__long,luxury,,B_confirmed_base_breakout,aggressive,long,63,stock,DATA_INSUFFICIENT,"No licensed point-in-time US daily tape, delist file, corporate-action journal, or historical venue/industry vintages were verified in this environment.",False,,False,False,,,,,,,,,,,,,,,,,,,,,,0,0,,,,,bull
luxury__B_confirmed_base_breakout__aggressive__long,luxury,,B_confirmed_base_breakout,aggressive,long,63,stock,DATA_INSUFFICIENT,"No licensed point-in-time US daily tape, delist file, corporate-action journal, or historical venue/industry vintages were verified in this environment.",False,,False,False,,,,,,,,,,,,,,,,,,,,,,0,0,,,,,bear
luxury__B_confirmed_base_breakout__aggressive__long,luxury,,B_confirmed_base_breakout,aggressive,long,63,stock,DATA_INSUFFICIENT,"No licensed point-in-time US daily tape, delist file, corporate-action journal, or historical venue/industry vintages were verified in this environment.",False,,False,False,,,,,,,,,,,,,,,,,,,,,,0,0,,,,,range
luxury__C_trend_pullback__conservative__short,luxury,,C_trend_pullback,conservative,short,5,stock,DATA_INSUFFICIENT,"No licensed point-in-time US daily tape, delist file, corporate-action journal, or historical venue/industry vintages were verified in this environment.",False,,False,False,,,,,,,,,,,,,,,,,,,,,,0,0,,,,,bull
luxury__C_trend_pullback__conservative__short,luxury,,C_trend_pullback,conservative,short,5,stock,DATA_INSUFFICIENT,"No licensed point-in-time US daily tape, delist file, corporate-action journal, or historical venue/industry vintages were verified in this environment.",False,,False,False,,,,,,,,,,,,,,,,,,,,,,0,0,,,,,bear
luxury__C_trend_pullback__conservative__short,luxury,,C_trend_pullback,conservative,short,5,stock,DATA_INSUFFICIENT,"No licensed point-in-time US daily tape, delist file, corporate-action journal, or historical venue/industry vintages were verified in this environment.",False,,False,False,,,,,,,,,,,,,,,,,,,,,,0,0,,,,,range
luxury__C_trend_pullback__conservative__mid,luxury,,C_trend_pullback,conservative,mid,20,stock,DATA_INSUFFICIENT,"No licensed point-in-time US daily tape, delist file, corporate-action journal, or historical venue/industry vintages were verified in this environment.",False,,False,False,,,,,,,,,,,,,,,,,,,,,,0,0,,,,,bull
luxury__C_trend_pullback__conservative__mid,luxury,,C_trend_pullback,conservative,mid,20,stock,DATA_INSUFFICIENT,"No licensed point-in-time US daily tape, delist file, corporate-action journal, or historical venue/industry vintages were verified in this environment.",False,,False,False,,,,,,,,,,,,,,,,,,,,,,0,0,,,,,bear
luxury__C_trend_pullback__conservative__mid,luxury,,C_trend_pullback,conservative,mid,20,stock,DATA_INSUFFICIENT,"No licensed point-in-time US daily tape, delist file, corporate-action journal, or historical venue/industry vintages were verified in this environment.",False,,False,False,,,,,,,,,,,,,,,,,,,,,,0,0,,,,,range
luxury__C_trend_pullback__conservative__long,luxury,,C_trend_pullback,conservative,long,63,stock,DATA_INSUFFICIENT,"No licensed point-in-time US daily tape, delist file, corporate-action journal, or historical venue/industry vintages were verified in this environment.",False,,False,False,,,,,,,,,,,,,,,,,,,,,,0,0,,,,,bull
luxury__C_trend_pullback__conservative__long,luxury,,C_trend_pullback,conservative,long,63,stock,DATA_INSUFFICIENT,"No licensed point-in-time US daily tape, delist file, corporate-action journal, or historical venue/industry vintages were verified in this environment.",False,,False,False,,,,,,,,,,,,,,,,,,,,,,0,0,,,,,bear
luxury__C_trend_pullback__conservative__long,luxury,,C_trend_pullback,conservative,long,63,stock,DATA_INSUFFICIENT,"No licensed point-in-time US daily tape, delist file, corporate-action journal, or historical venue/industry vintages were verified in this environment.",False,,False,False,,,,,,,,,,,,,,,,,,,,,,0,0,,,,,range
luxury__C_trend_pullback__balanced__short,luxury,,C_trend_pullback,balanced,short,5,stock,DATA_INSUFFICIENT,"No licensed point-in-time US daily tape, delist file, corporate-action journal, or historical venue/industry vintages were verified in this environment.",False,,False,False,,,,,,,,,,,,,,,,,,,,,,0,0,,,,,bull
luxury__C_trend_pullback__balanced__short,luxury,,C_trend_pullback,balanced,short,5,stock,DATA_INSUFFICIENT,"No licensed point-in-time US daily tape, delist file, corporate-action journal, or historical venue/industry vintages were verified in this environment.",False,,False,False,,,,,,,,,,,,,,,,,,,,,,0,0,,,,,bear
luxury__C_trend_pullback__balanced__short,luxury,,C_trend_pullback,balanced,short,5,stock,DATA_INSUFFICIENT,"No licensed point-in-time US daily tape, delist file, corporate-action journal, or historical venue/industry vintages were verified in this environment.",False,,False,False,,,,,,,,,,,,,,,,,,,,,,0,0,,,,,range
luxury__C_trend_pullback__balanced__mid,luxury,,C_trend_pullback,balanced,mid,20,stock,DATA_INSUFFICIENT,"No licensed point-in-time US daily tape, delist file, corporate-action journal, or historical venue/industry vintages were verified in this environment.",False,,False,False,,,,,,,,,,,,,,,,,,,,,,0,0,,,,,bull
luxury__C_trend_pullback__balanced__mid,luxury,,C_trend_pullback,balanced,mid,20,stock,DATA_INSUFFICIENT,"No licensed point-in-time US daily tape, delist file, corporate-action journal, or historical venue/industry vintages were verified in this environment.",False,,False,False,,,,,,,,,,,,,,,,,,,,,,0,0,,,,,bear
luxury__C_trend_pullback__balanced__mid,luxury,,C_trend_pullback,balanced,mid,20,stock,DATA_INSUFFICIENT,"No licensed point-in-time US daily tape, delist file, corporate-action journal, or historical venue/industry vintages were verified in this environment.",False,,False,False,,,,,,,,,,,,,,,,,,,,,,0,0,,,,,range
luxury__C_trend_pullback__balanced__long,luxury,,C_trend_pullback,balanced,long,63,stock,DATA_INSUFFICIENT,"No licensed point-in-time US daily tape, delist file, corporate-action journal, or historical venue/industry vintages were verified in this environment.",False,,False,False,,,,,,,,,,,,,,,,,,,,,,0,0,,,,,bull
luxury__C_trend_pullback__balanced__long,luxury,,C_trend_pullback,balanced,long,63,stock,DATA_INSUFFICIENT,"No licensed point-in-time US daily tape, delist file, corporate-action journal, or historical venue/industry vintages were verified in this environment.",False,,False,False,,,,,,,,,,,,,,,,,,,,,,0,0,,,,,bear
luxury__C_trend_pullback__balanced__long,luxury,,C_trend_pullback,balanced,long,63,stock,DATA_INSUFFICIENT,"No licensed point-in-time US daily tape, delist file, corporate-action journal, or historical venue/industry vintages were verified in this environment.",False,,False,False,,,,,,,,,,,,,,,,,,,,,,0,0,,,,,range
luxury__C_trend_pullback__aggressive__short,luxury,,C_trend_pullback,aggressive,short,5,stock,DATA_INSUFFICIENT,"No licensed point-in-time US daily tape, delist file, corporate-action journal, or historical venue/industry vintages were verified in this environment.",False,,False,False,,,,,,,,,,,,,,,,,,,,,,0,0,,,,,bull
luxury__C_trend_pullback__aggressive__short,luxury,,C_trend_pullback,aggressive,short,5,stock,DATA_INSUFFICIENT,"No licensed point-in-time US daily tape, delist file, corporate-action journal, or historical venue/industry vintages were verified in this environment.",False,,False,False,,,,,,,,,,,,,,,,,,,,,,0,0,,,,,bear
luxury__C_trend_pullback__aggressive__short,luxury,,C_trend_pullback,aggressive,short,5,stock,DATA_INSUFFICIENT,"No licensed point-in-time US daily tape, delist file, corporate-action journal, or historical venue/industry vintages were verified in this environment.",False,,False,False,,,,,,,,,,,,,,,,,,,,,,0,0,,,,,range
luxury__C_trend_pullback__aggressive__mid,luxury,,C_trend_pullback,aggressive,mid,20,stock,DATA_INSUFFICIENT,"No licensed point-in-time US daily tape, delist file, corporate-action journal, or historical venue/industry vintages were verified in this environment.",False,,False,False,,,,,,,,,,,,,,,,,,,,,,0,0,,,,,bull
luxury__C_trend_pullback__aggressive__mid,luxury,,C_trend_pullback,aggressive,mid,20,stock,DATA_INSUFFICIENT,"No licensed point-in-time US daily tape, delist file, corporate-action journal, or historical venue/industry vintages were verified in this environment.",False,,False,False,,,,,,,,,,,,,,,,,,,,,,0,0,,,,,bear
luxury__C_trend_pullback__aggressive__mid,luxury,,C_trend_pullback,aggressive,mid,20,stock,DATA_INSUFFICIENT,"No licensed point-in-time US daily tape, delist file, corporate-action journal, or historical venue/industry vintages were verified in this environment.",False,,False,False,,,,,,,,,,,,,,,,,,,,,,0,0,,,,,range
luxury__C_trend_pullback__aggressive__long,luxury,,C_trend_pullback,aggressive,long,63,stock,DATA_INSUFFICIENT,"No licensed point-in-time US daily tape, delist file, corporate-action journal, or historical venue/industry vintages were verified in this environment.",False,,False,False,,,,,,,,,,,,,,,,,,,,,,0,0,,,,,bull
luxury__C_trend_pullback__aggressive__long,luxury,,C_trend_pullback,aggressive,long,63,stock,DATA_INSUFFICIENT,"No licensed point-in-time US daily tape, delist file, corporate-action journal, or historical venue/industry vintages were verified in this environment.",False,,False,False,,,,,,,,,,,,,,,,,,,,,,0,0,,,,,bear
luxury__C_trend_pullback__aggressive__long,luxury,,C_trend_pullback,aggressive,long,63,stock,DATA_INSUFFICIENT,"No licensed point-in-time US daily tape, delist file, corporate-action journal, or historical venue/industry vintages were verified in this environment.",False,,False,False,,,,,,,,,,,,,,,,,,,,,,0,0,,,,,range
luxury__D_residual_momentum__conservative__short,luxury,,D_residual_momentum,conservative,short,5,stock,DATA_INSUFFICIENT,"No licensed point-in-time US daily tape, delist file, corporate-action journal, or historical venue/industry vintages were verified in this environment.",False,,False,False,,,,,,,,,,,,,,,,,,,,,,0,0,,,,,bull
luxury__D_residual_momentum__conservative__short,luxury,,D_residual_momentum,conservative,short,5,stock,DATA_INSUFFICIENT,"No licensed point-in-time US daily tape, delist file, corporate-action journal, or historical venue/industry vintages were verified in this environment.",False,,False,False,,,,,,,,,,,,,,,,,,,,,,0,0,,,,,bear
luxury__D_residual_momentum__conservative__short,luxury,,D_residual_momentum,conservative,short,5,stock,DATA_INSUFFICIENT,"No licensed point-in-time US daily tape, delist file, corporate-action journal, or historical venue/industry vintages were verified in this environment.",False,,False,False,,,,,,,,,,,,,,,,,,,,,,0,0,,,,,range
luxury__D_residual_momentum__conservative__mid,luxury,,D_residual_momentum,conservative,mid,20,stock,DATA_INSUFFICIENT,"No licensed point-in-time US daily tape, delist file, corporate-action journal, or historical venue/industry vintages were verified in this environment.",False,,False,False,,,,,,,,,,,,,,,,,,,,,,0,0,,,,,bull
luxury__D_residual_momentum__conservative__mid,luxury,,D_residual_momentum,conservative,mid,20,stock,DATA_INSUFFICIENT,"No licensed point-in-time US daily tape, delist file, corporate-action journal, or historical venue/industry vintages were verified in this environment.",False,,False,False,,,,,,,,,,,,,,,,,,,,,,0,0,,,,,bear
luxury__D_residual_momentum__conservative__mid,luxury,,D_residual_momentum,conservative,mid,20,stock,DATA_INSUFFICIENT,"No licensed point-in-time US daily tape, delist file, corporate-action journal, or historical venue/industry vintages were verified in this environment.",False,,False,False,,,,,,,,,,,,,,,,,,,,,,0,0,,,,,range
luxury__D_residual_momentum__conservative__long,luxury,,D_residual_momentum,conservative,long,63,stock,DATA_INSUFFICIENT,"No licensed point-in-time US daily tape, delist file, corporate-action journal, or historical venue/industry vintages were verified in this environment.",False,,False,False,,,,,,,,,,,,,,,,,,,,,,0,0,,,,,bull
luxury__D_residual_momentum__conservative__long,luxury,,D_residual_momentum,conservative,long,63,stock,DATA_INSUFFICIENT,"No licensed point-in-time US daily tape, delist file, corporate-action journal, or historical venue/industry vintages were verified in this environment.",False,,False,False,,,,,,,,,,,,,,,,,,,,,,0,0,,,,,bear
luxury__D_residual_momentum__conservative__long,luxury,,D_residual_momentum,conservative,long,63,stock,DATA_INSUFFICIENT,"No licensed point-in-time US daily tape, delist file, corporate-action journal, or historical venue/industry vintages were verified in this environment.",False,,False,False,,,,,,,,,,,,,,,,,,,,,,0,0,,,,,range
luxury__D_residual_momentum__balanced__short,luxury,,D_residual_momentum,balanced,short,5,stock,DATA_INSUFFICIENT,"No licensed point-in-time US daily tape, delist file, corporate-action journal, or historical venue/industry vintages were verified in this environment.",False,,False,False,,,,,,,,,,,,,,,,,,,,,,0,0,,,,,bull
luxury__D_residual_momentum__balanced__short,luxury,,D_residual_momentum,balanced,short,5,stock,DATA_INSUFFICIENT,"No licensed point-in-time US daily tape, delist file, corporate-action journal, or historical venue/industry vintages were verified in this environment.",False,,False,False,,,,,,,,,,,,,,,,,,,,,,0,0,,,,,bear
luxury__D_residual_momentum__balanced__short,luxury,,D_residual_momentum,balanced,short,5,stock,DATA_INSUFFICIENT,"No licensed point-in-time US daily tape, delist file, corporate-action journal, or historical venue/industry vintages were verified in this environment.",False,,False,False,,,,,,,,,,,,,,,,,,,,,,0,0,,,,,range
luxury__D_residual_momentum__balanced__mid,luxury,,D_residual_momentum,balanced,mid,20,stock,DATA_INSUFFICIENT,"No licensed point-in-time US daily tape, delist file, corporate-action journal, or historical venue/industry vintages were verified in this environment.",False,,False,False,,,,,,,,,,,,,,,,,,,,,,0,0,,,,,bull
luxury__D_residual_momentum__balanced__mid,luxury,,D_residual_momentum,balanced,mid,20,stock,DATA_INSUFFICIENT,"No licensed point-in-time US daily tape, delist file, corporate-action journal, or historical venue/industry vintages were verified in this environment.",False,,False,False,,,,,,,,,,,,,,,,,,,,,,0,0,,,,,bear
luxury__D_residual_momentum__balanced__mid,luxury,,D_residual_momentum,balanced,mid,20,stock,DATA_INSUFFICIENT,"No licensed point-in-time US daily tape, delist file, corporate-action journal, or historical venue/industry vintages were verified in this environment.",False,,False,False,,,,,,,,,,,,,,,,,,,,,,0,0,,,,,range
luxury__D_residual_momentum__balanced__long,luxury,,D_residual_momentum,balanced,long,63,stock,DATA_INSUFFICIENT,"No licensed point-in-time US daily tape, delist file, corporate-action journal, or historical venue/industry vintages were verified in this environment.",False,,False,False,,,,,,,,,,,,,,,,,,,,,,0,0,,,,,bull
luxury__D_residual_momentum__balanced__long,luxury,,D_residual_momentum,balanced,long,63,stock,DATA_INSUFFICIENT,"No licensed point-in-time US daily tape, delist file, corporate-action journal, or historical venue/industry vintages were verified in this environment.",False,,False,False,,,,,,,,,,,,,,,,,,,,,,0,0,,,,,bear
luxury__D_residual_momentum__balanced__long,luxury,,D_residual_momentum,balanced,long,63,stock,DATA_INSUFFICIENT,"No licensed point-in-time US daily tape, delist file, corporate-action journal, or historical venue/industry vintages were verified in this environment.",False,,False,False,,,,,,,,,,,,,,,,,,,,,,0,0,,,,,range
luxury__D_residual_momentum__aggressive__short,luxury,,D_residual_momentum,aggressive,short,5,stock,DATA_INSUFFICIENT,"No licensed point-in-time US daily tape, delist file, corporate-action journal, or historical venue/industry vintages were verified in this environment.",False,,False,False,,,,,,,,,,,,,,,,,,,,,,0,0,,,,,bull
luxury__D_residual_momentum__aggressive__short,luxury,,D_residual_momentum,aggressive,short,5,stock,DATA_INSUFFICIENT,"No licensed point-in-time US daily tape, delist file, corporate-action journal, or historical venue/industry vintages were verified in this environment.",False,,False,False,,,,,,,,,,,,,,,,,,,,,,0,0,,,,,bear
luxury__D_residual_momentum__aggressive__short,luxury,,D_residual_momentum,aggressive,short,5,stock,DATA_INSUFFICIENT,"No licensed point-in-time US daily tape, delist file, corporate-action journal, or historical venue/industry vintages were verified in this environment.",False,,False,False,,,,,,,,,,,,,,,,,,,,,,0,0,,,,,range
luxury__D_residual_momentum__aggressive__mid,luxury,,D_residual_momentum,aggressive,mid,20,stock,DATA_INSUFFICIENT,"No licensed point-in-time US daily tape, delist file, corporate-action journal, or historical venue/industry vintages were verified in this environment.",False,,False,False,,,,,,,,,,,,,,,,,,,,,,0,0,,,,,bull
luxury__D_residual_momentum__aggressive__mid,luxury,,D_residual_momentum,aggressive,mid,20,stock,DATA_INSUFFICIENT,"No licensed point-in-time US daily tape, delist file, corporate-action journal, or historical venue/industry vintages were verified in this environment.",False,,False,False,,,,,,,,,,,,,,,,,,,,,,0,0,,,,,bear
luxury__D_residual_momentum__aggressive__mid,luxury,,D_residual_momentum,aggressive,mid,20,stock,DATA_INSUFFICIENT,"No licensed point-in-time US daily tape, delist file, corporate-action journal, or historical venue/industry vintages were verified in this environment.",False,,False,False,,,,,,,,,,,,,,,,,,,,,,0,0,,,,,range
luxury__D_residual_momentum__aggressive__long,luxury,,D_residual_momentum,aggressive,long,63,stock,DATA_INSUFFICIENT,"No licensed point-in-time US daily tape, delist file, corporate-action journal, or historical venue/industry vintages were verified in this environment.",False,,False,False,,,,,,,,,,,,,,,,,,,,,,0,0,,,,,bull
luxury__D_residual_momentum__aggressive__long,luxury,,D_residual_momentum,aggressive,long,63,stock,DATA_INSUFFICIENT,"No licensed point-in-time US daily tape, delist file, corporate-action journal, or historical venue/industry vintages were verified in this environment.",False,,False,False,,,,,,,,,,,,,,,,,,,,,,0,0,,,,,bear
luxury__D_residual_momentum__aggressive__long,luxury,,D_residual_momentum,aggressive,long,63,stock,DATA_INSUFFICIENT,"No licensed point-in-time US daily tape, delist file, corporate-action journal, or historical venue/industry vintages were verified in this environment.",False,,False,False,,,,,,,,,,,,,,,,,,,,,,0,0,,,,,range
media_streaming__A_trend_quality__conservative__short,media_streaming,,A_trend_quality,conservative,short,5,stock,DATA_INSUFFICIENT,"No licensed point-in-time US daily tape, delist file, corporate-action journal, or historical venue/industry vintages were verified in this environment.",False,,False,False,,,,,,,,,,,,,,,,,,,,,,0,0,,,,,bull
media_streaming__A_trend_quality__conservative__short,media_streaming,,A_trend_quality,conservative,short,5,stock,DATA_INSUFFICIENT,"No licensed point-in-time US daily tape, delist file, corporate-action journal, or historical venue/industry vintages were verified in this environment.",False,,False,False,,,,,,,,,,,,,,,,,,,,,,0,0,,,,,bear
media_streaming__A_trend_quality__conservative__short,media_streaming,,A_trend_quality,conservative,short,5,stock,DATA_INSUFFICIENT,"No licensed point-in-time US daily tape, delist file, corporate-action journal, or historical venue/industry vintages were verified in this environment.",False,,False,False,,,,,,,,,,,,,,,,,,,,,,0,0,,,,,range
media_streaming__A_trend_quality__conservative__mid,media_streaming,,A_trend_quality,conservative,mid,20,stock,DATA_INSUFFICIENT,"No licensed point-in-time US daily tape, delist file, corporate-action journal, or historical venue/industry vintages were verified in this environment.",False,,False,False,,,,,,,,,,,,,,,,,,,,,,0,0,,,,,bull
media_streaming__A_trend_quality__conservative__mid,media_streaming,,A_trend_quality,conservative,mid,20,stock,DATA_INSUFFICIENT,"No licensed point-in-time US daily tape, delist file, corporate-action journal, or historical venue/industry vintages were verified in this environment.",False,,False,False,,,,,,,,,,,,,,,,,,,,,,0,0,,,,,bear
media_streaming__A_trend_quality__conservative__mid,media_streaming,,A_trend_quality,conservative,mid,20,stock,DATA_INSUFFICIENT,"No licensed point-in-time US daily tape, delist file, corporate-action journal, or historical venue/industry vintages were verified in this environment.",False,,False,False,,,,,,,,,,,,,,,,,,,,,,0,0,,,,,range
media_streaming__A_trend_quality__conservative__long,media_streaming,,A_trend_quality,conservative,long,63,stock,DATA_INSUFFICIENT,"No licensed point-in-time US daily tape, delist file, corporate-action journal, or historical venue/industry vintages were verified in this environment.",False,,False,False,,,,,,,,,,,,,,,,,,,,,,0,0,,,,,bull
media_streaming__A_trend_quality__conservative__long,media_streaming,,A_trend_quality,conservative,long,63,stock,DATA_INSUFFICIENT,"No licensed point-in-time US daily tape, delist file, corporate-action journal, or historical venue/industry vintages were verified in this environment.",False,,False,False,,,,,,,,,,,,,,,,,,,,,,0,0,,,,,bear
media_streaming__A_trend_quality__conservative__long,media_streaming,,A_trend_quality,conservative,long,63,stock,DATA_INSUFFICIENT,"No licensed point-in-time US daily tape, delist file, corporate-action journal, or historical venue/industry vintages were verified in this environment.",False,,False,False,,,,,,,,,,,,,,,,,,,,,,0,0,,,,,range
media_streaming__A_trend_quality__balanced__short,media_streaming,,A_trend_quality,balanced,short,5,stock,DATA_INSUFFICIENT,"No licensed point-in-time US daily tape, delist file, corporate-action journal, or historical venue/industry vintages were verified in this environment.",False,,False,False,,,,,,,,,,,,,,,,,,,,,,0,0,,,,,bull
media_streaming__A_trend_quality__balanced__short,media_streaming,,A_trend_quality,balanced,short,5,stock,DATA_INSUFFICIENT,"No licensed point-in-time US daily tape, delist file, corporate-action journal, or historical venue/industry vintages were verified in this environment.",False,,False,False,,,,,,,,,,,,,,,,,,,,,,0,0,,,,,bear
media_streaming__A_trend_quality__balanced__short,media_streaming,,A_trend_quality,balanced,short,5,stock,DATA_INSUFFICIENT,"No licensed point-in-time US daily tape, delist file, corporate-action journal, or historical venue/industry vintages were verified in this environment.",False,,False,False,,,,,,,,,,,,,,,,,,,,,,0,0,,,,,range
media_streaming__A_trend_quality__balanced__mid,media_streaming,,A_trend_quality,balanced,mid,20,stock,DATA_INSUFFICIENT,"No licensed point-in-time US daily tape, delist file, corporate-action journal, or historical venue/industry vintages were verified in this environment.",False,,False,False,,,,,,,,,,,,,,,,,,,,,,0,0,,,,,bull
media_streaming__A_trend_quality__balanced__mid,media_streaming,,A_trend_quality,balanced,mid,20,stock,DATA_INSUFFICIENT,"No licensed point-in-time US daily tape, delist file, corporate-action journal, or historical venue/industry vintages were verified in this environment.",False,,False,False,,,,,,,,,,,,,,,,,,,,,,0,0,,,,,bear
media_streaming__A_trend_quality__balanced__mid,media_streaming,,A_trend_quality,balanced,mid,20,stock,DATA_INSUFFICIENT,"No licensed point-in-time US daily tape, delist file, corporate-action journal, or historical venue/industry vintages were verified in this environment.",False,,False,False,,,,,,,,,,,,,,,,,,,,,,0,0,,,,,range
media_streaming__A_trend_quality__balanced__long,media_streaming,,A_trend_quality,balanced,long,63,stock,DATA_INSUFFICIENT,"No licensed point-in-time US daily tape, delist file, corporate-action journal, or historical venue/industry vintages were verified in this environment.",False,,False,False,,,,,,,,,,,,,,,,,,,,,,0,0,,,,,bull
media_streaming__A_trend_quality__balanced__long,media_streaming,,A_trend_quality,balanced,long,63,stock,DATA_INSUFFICIENT,"No licensed point-in-time US daily tape, delist file, corporate-action journal, or historical venue/industry vintages were verified in this environment.",False,,False,False,,,,,,,,,,,,,,,,,,,,,,0,0,,,,,bear
media_streaming__A_trend_quality__balanced__long,media_streaming,,A_trend_quality,balanced,long,63,stock,DATA_INSUFFICIENT,"No licensed point-in-time US daily tape, delist file, corporate-action journal, or historical venue/industry vintages were verified in this environment.",False,,False,False,,,,,,,,,,,,,,,,,,,,,,0,0,,,,,range
media_streaming__A_trend_quality__aggressive__short,media_streaming,,A_trend_quality,aggressive,short,5,stock,DATA_INSUFFICIENT,"No licensed point-in-time US daily tape, delist file, corporate-action journal, or historical venue/industry vintages were verified in this environment.",False,,False,False,,,,,,,,,,,,,,,,,,,,,,0,0,,,,,bull
media_streaming__A_trend_quality__aggressive__short,media_streaming,,A_trend_quality,aggressive,short,5,stock,DATA_INSUFFICIENT,"No licensed point-in-time US daily tape, delist file, corporate-action journal, or historical venue/industry vintages were verified in this environment.",False,,False,False,,,,,,,,,,,,,,,,,,,,,,0,0,,,,,bear
media_streaming__A_trend_quality__aggressive__short,media_streaming,,A_trend_quality,aggressive,short,5,stock,DATA_INSUFFICIENT,"No licensed point-in-time US daily tape, delist file, corporate-action journal, or historical venue/industry vintages were verified in this environment.",False,,False,False,,,,,,,,,,,,,,,,,,,,,,0,0,,,,,range
media_streaming__A_trend_quality__aggressive__mid,media_streaming,,A_trend_quality,aggressive,mid,20,stock,DATA_INSUFFICIENT,"No licensed point-in-time US daily tape, delist file, corporate-action journal, or historical venue/industry vintages were verified in this environment.",False,,False,False,,,,,,,,,,,,,,,,,,,,,,0,0,,,,,bull
media_streaming__A_trend_quality__aggressive__mid,media_streaming,,A_trend_quality,aggressive,mid,20,stock,DATA_INSUFFICIENT,"No licensed point-in-time US daily tape, delist file, corporate-action journal, or historical venue/industry vintages were verified in this environment.",False,,False,False,,,,,,,,,,,,,,,,,,,,,,0,0,,,,,bear
media_streaming__A_trend_quality__aggressive__mid,media_streaming,,A_trend_quality,aggressive,mid,20,stock,DATA_INSUFFICIENT,"No licensed point-in-time US daily tape, delist file, corporate-action journal, or historical venue/industry vintages were verified in this environment.",False,,False,False,,,,,,,,,,,,,,,,,,,,,,0,0,,,,,range
media_streaming__A_trend_quality__aggressive__long,media_streaming,,A_trend_quality,aggressive,long,63,stock,DATA_INSUFFICIENT,"No licensed point-in-time US daily tape, delist file, corporate-action journal, or historical venue/industry vintages were verified in this environment.",False,,False,False,,,,,,,,,,,,,,,,,,,,,,0,0,,,,,bull
media_streaming__A_trend_quality__aggressive__long,media_streaming,,A_trend_quality,aggressive,long,63,stock,DATA_INSUFFICIENT,"No licensed point-in-time US daily tape, delist file, corporate-action journal, or historical venue/industry vintages were verified in this environment.",False,,False,False,,,,,,,,,,,,,,,,,,,,,,0,0,,,,,bear
media_streaming__A_trend_quality__aggressive__long,media_streaming,,A_trend_quality,aggressive,long,63,stock,DATA_INSUFFICIENT,"No licensed point-in-time US daily tape, delist file, corporate-action journal, or historical venue/industry vintages were verified in this environment.",False,,False,False,,,,,,,,,,,,,,,,,,,,,,0,0,,,,,range
media_streaming__B_confirmed_base_breakout__conservative__short,media_streaming,,B_confirmed_base_breakout,conservative,short,5,stock,DATA_INSUFFICIENT,"No licensed point-in-time US daily tape, delist file, corporate-action journal, or historical venue/industry vintages were verified in this environment.",False,,False,False,,,,,,,,,,,,,,,,,,,,,,0,0,,,,,bull
media_streaming__B_confirmed_base_breakout__conservative__short,media_streaming,,B_confirmed_base_breakout,conservative,short,5,stock,DATA_INSUFFICIENT,"No licensed point-in-time US daily tape, delist file, corporate-action journal, or historical venue/industry vintages were verified in this environment.",False,,False,False,,,,,,,,,,,,,,,,,,,,,,0,0,,,,,bear
media_streaming__B_confirmed_base_breakout__conservative__short,media_streaming,,B_confirmed_base_breakout,conservative,short,5,stock,DATA_INSUFFICIENT,"No licensed point-in-time US daily tape, delist file, corporate-action journal, or historical venue/industry vintages were verified in this environment.",False,,False,False,,,,,,,,,,,,,,,,,,,,,,0,0,,,,,range
media_streaming__B_confirmed_base_breakout__conservative__mid,media_streaming,,B_confirmed_base_breakout,conservative,mid,20,stock,DATA_INSUFFICIENT,"No licensed point-in-time US daily tape, delist file, corporate-action journal, or historical venue/industry vintages were verified in this environment.",False,,False,False,,,,,,,,,,,,,,,,,,,,,,0,0,,,,,bull
media_streaming__B_confirmed_base_breakout__conservative__mid,media_streaming,,B_confirmed_base_breakout,conservative,mid,20,stock,DATA_INSUFFICIENT,"No licensed point-in-time US daily tape, delist file, corporate-action journal, or historical venue/industry vintages were verified in this environment.",False,,False,False,,,,,,,,,,,,,,,,,,,,,,0,0,,,,,bear
media_streaming__B_confirmed_base_breakout__conservative__mid,media_streaming,,B_confirmed_base_breakout,conservative,mid,20,stock,DATA_INSUFFICIENT,"No licensed point-in-time US daily tape, delist file, corporate-action journal, or historical venue/industry vintages were verified in this environment.",False,,False,False,,,,,,,,,,,,,,,,,,,,,,0,0,,,,,range
media_streaming__B_confirmed_base_breakout__conservative__long,media_streaming,,B_confirmed_base_breakout,conservative,long,63,stock,DATA_INSUFFICIENT,"No licensed point-in-time US daily tape, delist file, corporate-action journal, or historical venue/industry vintages were verified in this environment.",False,,False,False,,,,,,,,,,,,,,,,,,,,,,0,0,,,,,bull
media_streaming__B_confirmed_base_breakout__conservative__long,media_streaming,,B_confirmed_base_breakout,conservative,long,63,stock,DATA_INSUFFICIENT,"No licensed point-in-time US daily tape, delist file, corporate-action journal, or historical venue/industry vintages were verified in this environment.",False,,False,False,,,,,,,,,,,,,,,,,,,,,,0,0,,,,,bear
media_streaming__B_confirmed_base_breakout__conservative__long,media_streaming,,B_confirmed_base_breakout,conservative,long,63,stock,DATA_INSUFFICIENT,"No licensed point-in-time US daily tape, delist file, corporate-action journal, or historical venue/industry vintages were verified in this environment.",False,,False,False,,,,,,,,,,,,,,,,,,,,,,0,0,,,,,range
media_streaming__B_confirmed_base_breakout__balanced__short,media_streaming,,B_confirmed_base_breakout,balanced,short,5,stock,DATA_INSUFFICIENT,"No licensed point-in-time US daily tape, delist file, corporate-action journal, or historical venue/industry vintages were verified in this environment.",False,,False,False,,,,,,,,,,,,,,,,,,,,,,0,0,,,,,bull
media_streaming__B_confirmed_base_breakout__balanced__short,media_streaming,,B_confirmed_base_breakout,balanced,short,5,stock,DATA_INSUFFICIENT,"No licensed point-in-time US daily tape, delist file, corporate-action journal, or historical venue/industry vintages were verified in this environment.",False,,False,False,,,,,,,,,,,,,,,,,,,,,,0,0,,,,,bear
media_streaming__B_confirmed_base_breakout__balanced__short,media_streaming,,B_confirmed_base_breakout,balanced,short,5,stock,DATA_INSUFFICIENT,"No licensed point-in-time US daily tape, delist file, corporate-action journal, or historical venue/industry vintages were verified in this environment.",False,,False,False,,,,,,,,,,,,,,,,,,,,,,0,0,,,,,range
media_streaming__B_confirmed_base_breakout__balanced__mid,media_streaming,,B_confirmed_base_breakout,balanced,mid,20,stock,DATA_INSUFFICIENT,"No licensed point-in-time US daily tape, delist file, corporate-action journal, or historical venue/industry vintages were verified in this environment.",False,,False,False,,,,,,,,,,,,,,,,,,,,,,0,0,,,,,bull
media_streaming__B_confirmed_base_breakout__balanced__mid,media_streaming,,B_confirmed_base_breakout,balanced,mid,20,stock,DATA_INSUFFICIENT,"No licensed point-in-time US daily tape, delist file, corporate-action journal, or historical venue/industry vintages were verified in this environment.",False,,False,False,,,,,,,,,,,,,,,,,,,,,,0,0,,,,,bear
media_streaming__B_confirmed_base_breakout__balanced__mid,media_streaming,,B_confirmed_base_breakout,balanced,mid,20,stock,DATA_INSUFFICIENT,"No licensed point-in-time US daily tape, delist file, corporate-action journal, or historical venue/industry vintages were verified in this environment.",False,,False,False,,,,,,,,,,,,,,,,,,,,,,0,0,,,,,range
media_streaming__B_confirmed_base_breakout__balanced__long,media_streaming,,B_confirmed_base_breakout,balanced,long,63,stock,DATA_INSUFFICIENT,"No licensed point-in-time US daily tape, delist file, corporate-action journal, or historical venue/industry vintages were verified in this environment.",False,,False,False,,,,,,,,,,,,,,,,,,,,,,0,0,,,,,bull
media_streaming__B_confirmed_base_breakout__balanced__long,media_streaming,,B_confirmed_base_breakout,balanced,long,63,stock,DATA_INSUFFICIENT,"No licensed point-in-time US daily tape, delist file, corporate-action journal, or historical venue/industry vintages were verified in this environment.",False,,False,False,,,,,,,,,,,,,,,,,,,,,,0,0,,,,,bear
media_streaming__B_confirmed_base_breakout__balanced__long,media_streaming,,B_confirmed_base_breakout,balanced,long,63,stock,DATA_INSUFFICIENT,"No licensed point-in-time US daily tape, delist file, corporate-action journal, or historical venue/industry vintages were verified in this environment.",False,,False,False,,,,,,,,,,,,,,,,,,,,,,0,0,,,,,range
media_streaming__B_confirmed_base_breakout__aggressive__short,media_streaming,,B_confirmed_base_breakout,aggressive,short,5,stock,DATA_INSUFFICIENT,"No licensed point-in-time US daily tape, delist file, corporate-action journal, or historical venue/industry vintages were verified in this environment.",False,,False,False,,,,,,,,,,,,,,,,,,,,,,0,0,,,,,bull
media_streaming__B_confirmed_base_breakout__aggressive__short,media_streaming,,B_confirmed_base_breakout,aggressive,short,5,stock,DATA_INSUFFICIENT,"No licensed point-in-time US daily tape, delist file, corporate-action journal, or historical venue/industry vintages were verified in this environment.",False,,False,False,,,,,,,,,,,,,,,,,,,,,,0,0,,,,,bear
media_streaming__B_confirmed_base_breakout__aggressive__short,media_streaming,,B_confirmed_base_breakout,aggressive,short,5,stock,DATA_INSUFFICIENT,"No licensed point-in-time US daily tape, delist file, corporate-action journal, or historical venue/industry vintages were verified in this environment.",False,,False,False,,,,,,,,,,,,,,,,,,,,,,0,0,,,,,range
media_streaming__B_confirmed_base_breakout__aggressive__mid,media_streaming,,B_confirmed_base_breakout,aggressive,mid,20,stock,DATA_INSUFFICIENT,"No licensed point-in-time US daily tape, delist file, corporate-action journal, or historical venue/industry vintages were verified in this environment.",False,,False,False,,,,,,,,,,,,,,,,,,,,,,0,0,,,,,bull
media_streaming__B_confirmed_base_breakout__aggressive__mid,media_streaming,,B_confirmed_base_breakout,aggressive,mid,20,stock,DATA_INSUFFICIENT,"No licensed point-in-time US daily tape, delist file, corporate-action journal, or historical venue/industry vintages were verified in this environment.",False,,False,False,,,,,,,,,,,,,,,,,,,,,,0,0,,,,,bear
media_streaming__B_confirmed_base_breakout__aggressive__mid,media_streaming,,B_confirmed_base_breakout,aggressive,mid,20,stock,DATA_INSUFFICIENT,"No licensed point-in-time US daily tape, delist file, corporate-action journal, or historical venue/industry vintages were verified in this environment.",False,,False,False,,,,,,,,,,,,,,,,,,,,,,0,0,,,,,range
media_streaming__B_confirmed_base_breakout__aggressive__long,media_streaming,,B_confirmed_base_breakout,aggressive,long,63,stock,DATA_INSUFFICIENT,"No licensed point-in-time US daily tape, delist file, corporate-action journal, or historical venue/industry vintages were verified in this environment.",False,,False,False,,,,,,,,,,,,,,,,,,,,,,0,0,,,,,bull
media_streaming__B_confirmed_base_breakout__aggressive__long,media_streaming,,B_confirmed_base_breakout,aggressive,long,63,stock,DATA_INSUFFICIENT,"No licensed point-in-time US daily tape, delist file, corporate-action journal, or historical venue/industry vintages were verified in this environment.",False,,False,False,,,,,,,,,,,,,,,,,,,,,,0,0,,,,,bear
media_streaming__B_confirmed_base_breakout__aggressive__long,media_streaming,,B_confirmed_base_breakout,aggressive,long,63,stock,DATA_INSUFFICIENT,"No licensed point-in-time US daily tape, delist file, corporate-action journal, or historical venue/industry vintages were verified in this environment.",False,,False,False,,,,,,,,,,,,,,,,,,,,,,0,0,,,,,range
media_streaming__C_trend_pullback__conservative__short,media_streaming,,C_trend_pullback,conservative,short,5,stock,DATA_INSUFFICIENT,"No licensed point-in-time US daily tape, delist file, corporate-action journal, or historical venue/industry vintages were verified in this environment.",False,,False,False,,,,,,,,,,,,,,,,,,,,,,0,0,,,,,bull
media_streaming__C_trend_pullback__conservative__short,media_streaming,,C_trend_pullback,conservative,short,5,stock,DATA_INSUFFICIENT,"No licensed point-in-time US daily tape, delist file, corporate-action journal, or historical venue/industry vintages were verified in this environment.",False,,False,False,,,,,,,,,,,,,,,,,,,,,,0,0,,,,,bear
media_streaming__C_trend_pullback__conservative__short,media_streaming,,C_trend_pullback,conservative,short,5,stock,DATA_INSUFFICIENT,"No licensed point-in-time US daily tape, delist file, corporate-action journal, or historical venue/industry vintages were verified in this environment.",False,,False,False,,,,,,,,,,,,,,,,,,,,,,0,0,,,,,range
media_streaming__C_trend_pullback__conservative__mid,media_streaming,,C_trend_pullback,conservative,mid,20,stock,DATA_INSUFFICIENT,"No licensed point-in-time US daily tape, delist file, corporate-action journal, or historical venue/industry vintages were verified in this environment.",False,,False,False,,,,,,,,,,,,,,,,,,,,,,0,0,,,,,bull
media_streaming__C_trend_pullback__conservative__mid,media_streaming,,C_trend_pullback,conservative,mid,20,stock,DATA_INSUFFICIENT,"No licensed point-in-time US daily tape, delist file, corporate-action journal, or historical venue/industry vintages were verified in this environment.",False,,False,False,,,,,,,,,,,,,,,,,,,,,,0,0,,,,,bear
media_streaming__C_trend_pullback__conservative__mid,media_streaming,,C_trend_pullback,conservative,mid,20,stock,DATA_INSUFFICIENT,"No licensed point-in-time US daily tape, delist file, corporate-action journal, or historical venue/industry vintages were verified in this environment.",False,,False,False,,,,,,,,,,,,,,,,,,,,,,0,0,,,,,range
media_streaming__C_trend_pullback__conservative__long,media_streaming,,C_trend_pullback,conservative,long,63,stock,DATA_INSUFFICIENT,"No licensed point-in-time US daily tape, delist file, corporate-action journal, or historical venue/industry vintages were verified in this environment.",False,,False,False,,,,,,,,,,,,,,,,,,,,,,0,0,,,,,bull
media_streaming__C_trend_pullback__conservative__long,media_streaming,,C_trend_pullback,conservative,long,63,stock,DATA_INSUFFICIENT,"No licensed point-in-time US daily tape, delist file, corporate-action journal, or historical venue/industry vintages were verified in this environment.",False,,False,False,,,,,,,,,,,,,,,,,,,,,,0,0,,,,,bear
media_streaming__C_trend_pullback__conservative__long,media_streaming,,C_trend_pullback,conservative,long,63,stock,DATA_INSUFFICIENT,"No licensed point-in-time US daily tape, delist file, corporate-action journal, or historical venue/industry vintages were verified in this environment.",False,,False,False,,,,,,,,,,,,,,,,,,,,,,0,0,,,,,range
media_streaming__C_trend_pullback__balanced__short,media_streaming,,C_trend_pullback,balanced,short,5,stock,DATA_INSUFFICIENT,"No licensed point-in-time US daily tape, delist file, corporate-action journal, or historical venue/industry vintages were verified in this environment.",False,,False,False,,,,,,,,,,,,,,,,,,,,,,0,0,,,,,bull
media_streaming__C_trend_pullback__balanced__short,media_streaming,,C_trend_pullback,balanced,short,5,stock,DATA_INSUFFICIENT,"No licensed point-in-time US daily tape, delist file, corporate-action journal, or historical venue/industry vintages were verified in this environment.",False,,False,False,,,,,,,,,,,,,,,,,,,,,,0,0,,,,,bear
media_streaming__C_trend_pullback__balanced__short,media_streaming,,C_trend_pullback,balanced,short,5,stock,DATA_INSUFFICIENT,"No licensed point-in-time US daily tape, delist file, corporate-action journal, or historical venue/industry vintages were verified in this environment.",False,,False,False,,,,,,,,,,,,,,,,,,,,,,0,0,,,,,range
media_streaming__C_trend_pullback__balanced__mid,media_streaming,,C_trend_pullback,balanced,mid,20,stock,DATA_INSUFFICIENT,"No licensed point-in-time US daily tape, delist file, corporate-action journal, or historical venue/industry vintages were verified in this environment.",False,,False,False,,,,,,,,,,,,,,,,,,,,,,0,0,,,,,bull
media_streaming__C_trend_pullback__balanced__mid,media_streaming,,C_trend_pullback,balanced,mid,20,stock,DATA_INSUFFICIENT,"No licensed point-in-time US daily tape, delist file, corporate-action journal, or historical venue/industry vintages were verified in this environment.",False,,False,False,,,,,,,,,,,,,,,,,,,,,,0,0,,,,,bear
media_streaming__C_trend_pullback__balanced__mid,media_streaming,,C_trend_pullback,balanced,mid,20,stock,DATA_INSUFFICIENT,"No licensed point-in-time US daily tape, delist file, corporate-action journal, or historical venue/industry vintages were verified in this environment.",False,,False,False,,,,,,,,,,,,,,,,,,,,,,0,0,,,,,range
media_streaming__C_trend_pullback__balanced__long,media_streaming,,C_trend_pullback,balanced,long,63,stock,DATA_INSUFFICIENT,"No licensed point-in-time US daily tape, delist file, corporate-action journal, or historical venue/industry vintages were verified in this environment.",False,,False,False,,,,,,,,,,,,,,,,,,,,,,0,0,,,,,bull
media_streaming__C_trend_pullback__balanced__long,media_streaming,,C_trend_pullback,balanced,long,63,stock,DATA_INSUFFICIENT,"No licensed point-in-time US daily tape, delist file, corporate-action journal, or historical venue/industry vintages were verified in this environment.",False,,False,False,,,,,,,,,,,,,,,,,,,,,,0,0,,,,,bear
media_streaming__C_trend_pullback__balanced__long,media_streaming,,C_trend_pullback,balanced,long,63,stock,DATA_INSUFFICIENT,"No licensed point-in-time US daily tape, delist file, corporate-action journal, or historical venue/industry vintages were verified in this environment.",False,,False,False,,,,,,,,,,,,,,,,,,,,,,0,0,,,,,range
media_streaming__C_trend_pullback__aggressive__short,media_streaming,,C_trend_pullback,aggressive,short,5,stock,DATA_INSUFFICIENT,"No licensed point-in-time US daily tape, delist file, corporate-action journal, or historical venue/industry vintages were verified in this environment.",False,,False,False,,,,,,,,,,,,,,,,,,,,,,0,0,,,,,bull
media_streaming__C_trend_pullback__aggressive__short,media_streaming,,C_trend_pullback,aggressive,short,5,stock,DATA_INSUFFICIENT,"No licensed point-in-time US daily tape, delist file, corporate-action journal, or historical venue/industry vintages were verified in this environment.",False,,False,False,,,,,,,,,,,,,,,,,,,,,,0,0,,,,,bear
media_streaming__C_trend_pullback__aggressive__short,media_streaming,,C_trend_pullback,aggressive,short,5,stock,DATA_INSUFFICIENT,"No licensed point-in-time US daily tape, delist file, corporate-action journal, or historical venue/industry vintages were verified in this environment.",False,,False,False,,,,,,,,,,,,,,,,,,,,,,0,0,,,,,range
media_streaming__C_trend_pullback__aggressive__mid,media_streaming,,C_trend_pullback,aggressive,mid,20,stock,DATA_INSUFFICIENT,"No licensed point-in-time US daily tape, delist file, corporate-action journal, or historical venue/industry vintages were verified in this environment.",False,,False,False,,,,,,,,,,,,,,,,,,,,,,0,0,,,,,bull
media_streaming__C_trend_pullback__aggressive__mid,media_streaming,,C_trend_pullback,aggressive,mid,20,stock,DATA_INSUFFICIENT,"No licensed point-in-time US daily tape, delist file, corporate-action journal, or historical venue/industry vintages were verified in this environment.",False,,False,False,,,,,,,,,,,,,,,,,,,,,,0,0,,,,,bear
media_streaming__C_trend_pullback__aggressive__mid,media_streaming,,C_trend_pullback,aggressive,mid,20,stock,DATA_INSUFFICIENT,"No licensed point-in-time US daily tape, delist file, corporate-action journal, or historical venue/industry vintages were verified in this environment.",False,,False,False,,,,,,,,,,,,,,,,,,,,,,0,0,,,,,range
media_streaming__C_trend_pullback__aggressive__long,media_streaming,,C_trend_pullback,aggressive,long,63,stock,DATA_INSUFFICIENT,"No licensed point-in-time US daily tape, delist file, corporate-action journal, or historical venue/industry vintages were verified in this environment.",False,,False,False,,,,,,,,,,,,,,,,,,,,,,0,0,,,,,bull
media_streaming__C_trend_pullback__aggressive__long,media_streaming,,C_trend_pullback,aggressive,long,63,stock,DATA_INSUFFICIENT,"No licensed point-in-time US daily tape, delist file, corporate-action journal, or historical venue/industry vintages were verified in this environment.",False,,False,False,,,,,,,,,,,,,,,,,,,,,,0,0,,,,,bear
media_streaming__C_trend_pullback__aggressive__long,media_streaming,,C_trend_pullback,aggressive,long,63,stock,DATA_INSUFFICIENT,"No licensed point-in-time US daily tape, delist file, corporate-action journal, or historical venue/industry vintages were verified in this environment.",False,,False,False,,,,,,,,,,,,,,,,,,,,,,0,0,,,,,range
media_streaming__D_residual_momentum__conservative__short,media_streaming,,D_residual_momentum,conservative,short,5,stock,DATA_INSUFFICIENT,"No licensed point-in-time US daily tape, delist file, corporate-action journal, or historical venue/industry vintages were verified in this environment.",False,,False,False,,,,,,,,,,,,,,,,,,,,,,0,0,,,,,bull
media_streaming__D_residual_momentum__conservative__short,media_streaming,,D_residual_momentum,conservative,short,5,stock,DATA_INSUFFICIENT,"No licensed point-in-time US daily tape, delist file, corporate-action journal, or historical venue/industry vintages were verified in this environment.",False,,False,False,,,,,,,,,,,,,,,,,,,,,,0,0,,,,,bear
media_streaming__D_residual_momentum__conservative__short,media_streaming,,D_residual_momentum,conservative,short,5,stock,DATA_INSUFFICIENT,"No licensed point-in-time US daily tape, delist file, corporate-action journal, or historical venue/industry vintages were verified in this environment.",False,,False,False,,,,,,,,,,,,,,,,,,,,,,0,0,,,,,range
media_streaming__D_residual_momentum__conservative__mid,media_streaming,,D_residual_momentum,conservative,mid,20,stock,DATA_INSUFFICIENT,"No licensed point-in-time US daily tape, delist file, corporate-action journal, or historical venue/industry vintages were verified in this environment.",False,,False,False,,,,,,,,,,,,,,,,,,,,,,0,0,,,,,bull
media_streaming__D_residual_momentum__conservative__mid,media_streaming,,D_residual_momentum,conservative,mid,20,stock,DATA_INSUFFICIENT,"No licensed point-in-time US daily tape, delist file, corporate-action journal, or historical venue/industry vintages were verified in this environment.",False,,False,False,,,,,,,,,,,,,,,,,,,,,,0,0,,,,,bear
media_streaming__D_residual_momentum__conservative__mid,media_streaming,,D_residual_momentum,conservative,mid,20,stock,DATA_INSUFFICIENT,"No licensed point-in-time US daily tape, delist file, corporate-action journal, or historical venue/industry vintages were verified in this environment.",False,,False,False,,,,,,,,,,,,,,,,,,,,,,0,0,,,,,range
media_streaming__D_residual_momentum__conservative__long,media_streaming,,D_residual_momentum,conservative,long,63,stock,DATA_INSUFFICIENT,"No licensed point-in-time US daily tape, delist file, corporate-action journal, or historical venue/industry vintages were verified in this environment.",False,,False,False,,,,,,,,,,,,,,,,,,,,,,0,0,,,,,bull
media_streaming__D_residual_momentum__conservative__long,media_streaming,,D_residual_momentum,conservative,long,63,stock,DATA_INSUFFICIENT,"No licensed point-in-time US daily tape, delist file, corporate-action journal, or historical venue/industry vintages were verified in this environment.",False,,False,False,,,,,,,,,,,,,,,,,,,,,,0,0,,,,,bear
media_streaming__D_residual_momentum__conservative__long,media_streaming,,D_residual_momentum,conservative,long,63,stock,DATA_INSUFFICIENT,"No licensed point-in-time US daily tape, delist file, corporate-action journal, or historical venue/industry vintages were verified in this environment.",False,,False,False,,,,,,,,,,,,,,,,,,,,,,0,0,,,,,range
media_streaming__D_residual_momentum__balanced__short,media_streaming,,D_residual_momentum,balanced,short,5,stock,DATA_INSUFFICIENT,"No licensed point-in-time US daily tape, delist file, corporate-action journal, or historical venue/industry vintages were verified in this environment.",False,,False,False,,,,,,,,,,,,,,,,,,,,,,0,0,,,,,bull
media_streaming__D_residual_momentum__balanced__short,media_streaming,,D_residual_momentum,balanced,short,5,stock,DATA_INSUFFICIENT,"No licensed point-in-time US daily tape, delist file, corporate-action journal, or historical venue/industry vintages were verified in this environment.",False,,False,False,,,,,,,,,,,,,,,,,,,,,,0,0,,,,,bear
media_streaming__D_residual_momentum__balanced__short,media_streaming,,D_residual_momentum,balanced,short,5,stock,DATA_INSUFFICIENT,"No licensed point-in-time US daily tape, delist file, corporate-action journal, or historical venue/industry vintages were verified in this environment.",False,,False,False,,,,,,,,,,,,,,,,,,,,,,0,0,,,,,range
media_streaming__D_residual_momentum__balanced__mid,media_streaming,,D_residual_momentum,balanced,mid,20,stock,DATA_INSUFFICIENT,"No licensed point-in-time US daily tape, delist file, corporate-action journal, or historical venue/industry vintages were verified in this environment.",False,,False,False,,,,,,,,,,,,,,,,,,,,,,0,0,,,,,bull
media_streaming__D_residual_momentum__balanced__mid,media_streaming,,D_residual_momentum,balanced,mid,20,stock,DATA_INSUFFICIENT,"No licensed point-in-time US daily tape, delist file, corporate-action journal, or historical venue/industry vintages were verified in this environment.",False,,False,False,,,,,,,,,,,,,,,,,,,,,,0,0,,,,,bear
media_streaming__D_residual_momentum__balanced__mid,media_streaming,,D_residual_momentum,balanced,mid,20,stock,DATA_INSUFFICIENT,"No licensed point-in-time US daily tape, delist file, corporate-action journal, or historical venue/industry vintages were verified in this environment.",False,,False,False,,,,,,,,,,,,,,,,,,,,,,0,0,,,,,range
media_streaming__D_residual_momentum__balanced__long,media_streaming,,D_residual_momentum,balanced,long,63,stock,DATA_INSUFFICIENT,"No licensed point-in-time US daily tape, delist file, corporate-action journal, or historical venue/industry vintages were verified in this environment.",False,,False,False,,,,,,,,,,,,,,,,,,,,,,0,0,,,,,bull
media_streaming__D_residual_momentum__balanced__long,media_streaming,,D_residual_momentum,balanced,long,63,stock,DATA_INSUFFICIENT,"No licensed point-in-time US daily tape, delist file, corporate-action journal, or historical venue/industry vintages were verified in this environment.",False,,False,False,,,,,,,,,,,,,,,,,,,,,,0,0,,,,,bear
media_streaming__D_residual_momentum__balanced__long,media_streaming,,D_residual_momentum,balanced,long,63,stock,DATA_INSUFFICIENT,"No licensed point-in-time US daily tape, delist file, corporate-action journal, or historical venue/industry vintages were verified in this environment.",False,,False,False,,,,,,,,,,,,,,,,,,,,,,0,0,,,,,range
media_streaming__D_residual_momentum__aggressive__short,media_streaming,,D_residual_momentum,aggressive,short,5,stock,DATA_INSUFFICIENT,"No licensed point-in-time US daily tape, delist file, corporate-action journal, or historical venue/industry vintages were verified in this environment.",False,,False,False,,,,,,,,,,,,,,,,,,,,,,0,0,,,,,bull
media_streaming__D_residual_momentum__aggressive__short,media_streaming,,D_residual_momentum,aggressive,short,5,stock,DATA_INSUFFICIENT,"No licensed point-in-time US daily tape, delist file, corporate-action journal, or historical venue/industry vintages were verified in this environment.",False,,False,False,,,,,,,,,,,,,,,,,,,,,,0,0,,,,,bear
media_streaming__D_residual_momentum__aggressive__short,media_streaming,,D_residual_momentum,aggressive,short,5,stock,DATA_INSUFFICIENT,"No licensed point-in-time US daily tape, delist file, corporate-action journal, or historical venue/industry vintages were verified in this environment.",False,,False,False,,,,,,,,,,,,,,,,,,,,,,0,0,,,,,range
media_streaming__D_residual_momentum__aggressive__mid,media_streaming,,D_residual_momentum,aggressive,mid,20,stock,DATA_INSUFFICIENT,"No licensed point-in-time US daily tape, delist file, corporate-action journal, or historical venue/industry vintages were verified in this environment.",False,,False,False,,,,,,,,,,,,,,,,,,,,,,0,0,,,,,bull
media_streaming__D_residual_momentum__aggressive__mid,media_streaming,,D_residual_momentum,aggressive,mid,20,stock,DATA_INSUFFICIENT,"No licensed point-in-time US daily tape, delist file, corporate-action journal, or historical venue/industry vintages were verified in this environment.",False,,False,False,,,,,,,,,,,,,,,,,,,,,,0,0,,,,,bear
media_streaming__D_residual_momentum__aggressive__mid,media_streaming,,D_residual_momentum,aggressive,mid,20,stock,DATA_INSUFFICIENT,"No licensed point-in-time US daily tape, delist file, corporate-action journal, or historical venue/industry vintages were verified in this environment.",False,,False,False,,,,,,,,,,,,,,,,,,,,,,0,0,,,,,range
media_streaming__D_residual_momentum__aggressive__long,media_streaming,,D_residual_momentum,aggressive,long,63,stock,DATA_INSUFFICIENT,"No licensed point-in-time US daily tape, delist file, corporate-action journal, or historical venue/industry vintages were verified in this environment.",False,,False,False,,,,,,,,,,,,,,,,,,,,,,0,0,,,,,bull
media_streaming__D_residual_momentum__aggressive__long,media_streaming,,D_residual_momentum,aggressive,long,63,stock,DATA_INSUFFICIENT,"No licensed point-in-time US daily tape, delist file, corporate-action journal, or historical venue/industry vintages were verified in this environment.",False,,False,False,,,,,,,,,,,,,,,,,,,,,,0,0,,,,,bear
media_streaming__D_residual_momentum__aggressive__long,media_streaming,,D_residual_momentum,aggressive,long,63,stock,DATA_INSUFFICIENT,"No licensed point-in-time US daily tape, delist file, corporate-action journal, or historical venue/industry vintages were verified in this environment.",False,,False,False,,,,,,,,,,,,,,,,,,,,,,0,0,,,,,range
social_internet__A_trend_quality__conservative__short,social_internet,,A_trend_quality,conservative,short,5,stock,DATA_INSUFFICIENT,"No licensed point-in-time US daily tape, delist file, corporate-action journal, or historical venue/industry vintages were verified in this environment.",False,,False,False,,,,,,,,,,,,,,,,,,,,,,0,0,,,,,bull
social_internet__A_trend_quality__conservative__short,social_internet,,A_trend_quality,conservative,short,5,stock,DATA_INSUFFICIENT,"No licensed point-in-time US daily tape, delist file, corporate-action journal, or historical venue/industry vintages were verified in this environment.",False,,False,False,,,,,,,,,,,,,,,,,,,,,,0,0,,,,,bear
social_internet__A_trend_quality__conservative__short,social_internet,,A_trend_quality,conservative,short,5,stock,DATA_INSUFFICIENT,"No licensed point-in-time US daily tape, delist file, corporate-action journal, or historical venue/industry vintages were verified in this environment.",False,,False,False,,,,,,,,,,,,,,,,,,,,,,0,0,,,,,range
social_internet__A_trend_quality__conservative__mid,social_internet,,A_trend_quality,conservative,mid,20,stock,DATA_INSUFFICIENT,"No licensed point-in-time US daily tape, delist file, corporate-action journal, or historical venue/industry vintages were verified in this environment.",False,,False,False,,,,,,,,,,,,,,,,,,,,,,0,0,,,,,bull
social_internet__A_trend_quality__conservative__mid,social_internet,,A_trend_quality,conservative,mid,20,stock,DATA_INSUFFICIENT,"No licensed point-in-time US daily tape, delist file, corporate-action journal, or historical venue/industry vintages were verified in this environment.",False,,False,False,,,,,,,,,,,,,,,,,,,,,,0,0,,,,,bear
social_internet__A_trend_quality__conservative__mid,social_internet,,A_trend_quality,conservative,mid,20,stock,DATA_INSUFFICIENT,"No licensed point-in-time US daily tape, delist file, corporate-action journal, or historical venue/industry vintages were verified in this environment.",False,,False,False,,,,,,,,,,,,,,,,,,,,,,0,0,,,,,range
social_internet__A_trend_quality__conservative__long,social_internet,,A_trend_quality,conservative,long,63,stock,DATA_INSUFFICIENT,"No licensed point-in-time US daily tape, delist file, corporate-action journal, or historical venue/industry vintages were verified in this environment.",False,,False,False,,,,,,,,,,,,,,,,,,,,,,0,0,,,,,bull
social_internet__A_trend_quality__conservative__long,social_internet,,A_trend_quality,conservative,long,63,stock,DATA_INSUFFICIENT,"No licensed point-in-time US daily tape, delist file, corporate-action journal, or historical venue/industry vintages were verified in this environment.",False,,False,False,,,,,,,,,,,,,,,,,,,,,,0,0,,,,,bear
social_internet__A_trend_quality__conservative__long,social_internet,,A_trend_quality,conservative,long,63,stock,DATA_INSUFFICIENT,"No licensed point-in-time US daily tape, delist file, corporate-action journal, or historical venue/industry vintages were verified in this environment.",False,,False,False,,,,,,,,,,,,,,,,,,,,,,0,0,,,,,range
social_internet__A_trend_quality__balanced__short,social_internet,,A_trend_quality,balanced,short,5,stock,DATA_INSUFFICIENT,"No licensed point-in-time US daily tape, delist file, corporate-action journal, or historical venue/industry vintages were verified in this environment.",False,,False,False,,,,,,,,,,,,,,,,,,,,,,0,0,,,,,bull
social_internet__A_trend_quality__balanced__short,social_internet,,A_trend_quality,balanced,short,5,stock,DATA_INSUFFICIENT,"No licensed point-in-time US daily tape, delist file, corporate-action journal, or historical venue/industry vintages were verified in this environment.",False,,False,False,,,,,,,,,,,,,,,,,,,,,,0,0,,,,,bear
social_internet__A_trend_quality__balanced__short,social_internet,,A_trend_quality,balanced,short,5,stock,DATA_INSUFFICIENT,"No licensed point-in-time US daily tape, delist file, corporate-action journal, or historical venue/industry vintages were verified in this environment.",False,,False,False,,,,,,,,,,,,,,,,,,,,,,0,0,,,,,range
social_internet__A_trend_quality__balanced__mid,social_internet,,A_trend_quality,balanced,mid,20,stock,DATA_INSUFFICIENT,"No licensed point-in-time US daily tape, delist file, corporate-action journal, or historical venue/industry vintages were verified in this environment.",False,,False,False,,,,,,,,,,,,,,,,,,,,,,0,0,,,,,bull
social_internet__A_trend_quality__balanced__mid,social_internet,,A_trend_quality,balanced,mid,20,stock,DATA_INSUFFICIENT,"No licensed point-in-time US daily tape, delist file, corporate-action journal, or historical venue/industry vintages were verified in this environment.",False,,False,False,,,,,,,,,,,,,,,,,,,,,,0,0,,,,,bear
social_internet__A_trend_quality__balanced__mid,social_internet,,A_trend_quality,balanced,mid,20,stock,DATA_INSUFFICIENT,"No licensed point-in-time US daily tape, delist file, corporate-action journal, or historical venue/industry vintages were verified in this environment.",False,,False,False,,,,,,,,,,,,,,,,,,,,,,0,0,,,,,range
social_internet__A_trend_quality__balanced__long,social_internet,,A_trend_quality,balanced,long,63,stock,DATA_INSUFFICIENT,"No licensed point-in-time US daily tape, delist file, corporate-action journal, or historical venue/industry vintages were verified in this environment.",False,,False,False,,,,,,,,,,,,,,,,,,,,,,0,0,,,,,bull
social_internet__A_trend_quality__balanced__long,social_internet,,A_trend_quality,balanced,long,63,stock,DATA_INSUFFICIENT,"No licensed point-in-time US daily tape, delist file, corporate-action journal, or historical venue/industry vintages were verified in this environment.",False,,False,False,,,,,,,,,,,,,,,,,,,,,,0,0,,,,,bear
social_internet__A_trend_quality__balanced__long,social_internet,,A_trend_quality,balanced,long,63,stock,DATA_INSUFFICIENT,"No licensed point-in-time US daily tape, delist file, corporate-action journal, or historical venue/industry vintages were verified in this environment.",False,,False,False,,,,,,,,,,,,,,,,,,,,,,0,0,,,,,range
social_internet__A_trend_quality__aggressive__short,social_internet,,A_trend_quality,aggressive,short,5,stock,DATA_INSUFFICIENT,"No licensed point-in-time US daily tape, delist file, corporate-action journal, or historical venue/industry vintages were verified in this environment.",False,,False,False,,,,,,,,,,,,,,,,,,,,,,0,0,,,,,bull
social_internet__A_trend_quality__aggressive__short,social_internet,,A_trend_quality,aggressive,short,5,stock,DATA_INSUFFICIENT,"No licensed point-in-time US daily tape, delist file, corporate-action journal, or historical venue/industry vintages were verified in this environment.",False,,False,False,,,,,,,,,,,,,,,,,,,,,,0,0,,,,,bear
social_internet__A_trend_quality__aggressive__short,social_internet,,A_trend_quality,aggressive,short,5,stock,DATA_INSUFFICIENT,"No licensed point-in-time US daily tape, delist file, corporate-action journal, or historical venue/industry vintages were verified in this environment.",False,,False,False,,,,,,,,,,,,,,,,,,,,,,0,0,,,,,range
social_internet__A_trend_quality__aggressive__mid,social_internet,,A_trend_quality,aggressive,mid,20,stock,DATA_INSUFFICIENT,"No licensed point-in-time US daily tape, delist file, corporate-action journal, or historical venue/industry vintages were verified in this environment.",False,,False,False,,,,,,,,,,,,,,,,,,,,,,0,0,,,,,bull
social_internet__A_trend_quality__aggressive__mid,social_internet,,A_trend_quality,aggressive,mid,20,stock,DATA_INSUFFICIENT,"No licensed point-in-time US daily tape, delist file, corporate-action journal, or historical venue/industry vintages were verified in this environment.",False,,False,False,,,,,,,,,,,,,,,,,,,,,,0,0,,,,,bear
social_internet__A_trend_quality__aggressive__mid,social_internet,,A_trend_quality,aggressive,mid,20,stock,DATA_INSUFFICIENT,"No licensed point-in-time US daily tape, delist file, corporate-action journal, or historical venue/industry vintages were verified in this environment.",False,,False,False,,,,,,,,,,,,,,,,,,,,,,0,0,,,,,range
social_internet__A_trend_quality__aggressive__long,social_internet,,A_trend_quality,aggressive,long,63,stock,DATA_INSUFFICIENT,"No licensed point-in-time US daily tape, delist file, corporate-action journal, or historical venue/industry vintages were verified in this environment.",False,,False,False,,,,,,,,,,,,,,,,,,,,,,0,0,,,,,bull
social_internet__A_trend_quality__aggressive__long,social_internet,,A_trend_quality,aggressive,long,63,stock,DATA_INSUFFICIENT,"No licensed point-in-time US daily tape, delist file, corporate-action journal, or historical venue/industry vintages were verified in this environment.",False,,False,False,,,,,,,,,,,,,,,,,,,,,,0,0,,,,,bear
social_internet__A_trend_quality__aggressive__long,social_internet,,A_trend_quality,aggressive,long,63,stock,DATA_INSUFFICIENT,"No licensed point-in-time US daily tape, delist file, corporate-action journal, or historical venue/industry vintages were verified in this environment.",False,,False,False,,,,,,,,,,,,,,,,,,,,,,0,0,,,,,range
social_internet__B_confirmed_base_breakout__conservative__short,social_internet,,B_confirmed_base_breakout,conservative,short,5,stock,DATA_INSUFFICIENT,"No licensed point-in-time US daily tape, delist file, corporate-action journal, or historical venue/industry vintages were verified in this environment.",False,,False,False,,,,,,,,,,,,,,,,,,,,,,0,0,,,,,bull
social_internet__B_confirmed_base_breakout__conservative__short,social_internet,,B_confirmed_base_breakout,conservative,short,5,stock,DATA_INSUFFICIENT,"No licensed point-in-time US daily tape, delist file, corporate-action journal, or historical venue/industry vintages were verified in this environment.",False,,False,False,,,,,,,,,,,,,,,,,,,,,,0,0,,,,,bear
social_internet__B_confirmed_base_breakout__conservative__short,social_internet,,B_confirmed_base_breakout,conservative,short,5,stock,DATA_INSUFFICIENT,"No licensed point-in-time US daily tape, delist file, corporate-action journal, or historical venue/industry vintages were verified in this environment.",False,,False,False,,,,,,,,,,,,,,,,,,,,,,0,0,,,,,range
social_internet__B_confirmed_base_breakout__conservative__mid,social_internet,,B_confirmed_base_breakout,conservative,mid,20,stock,DATA_INSUFFICIENT,"No licensed point-in-time US daily tape, delist file, corporate-action journal, or historical venue/industry vintages were verified in this environment.",False,,False,False,,,,,,,,,,,,,,,,,,,,,,0,0,,,,,bull
social_internet__B_confirmed_base_breakout__conservative__mid,social_internet,,B_confirmed_base_breakout,conservative,mid,20,stock,DATA_INSUFFICIENT,"No licensed point-in-time US daily tape, delist file, corporate-action journal, or historical venue/industry vintages were verified in this environment.",False,,False,False,,,,,,,,,,,,,,,,,,,,,,0,0,,,,,bear
social_internet__B_confirmed_base_breakout__conservative__mid,social_internet,,B_confirmed_base_breakout,conservative,mid,20,stock,DATA_INSUFFICIENT,"No licensed point-in-time US daily tape, delist file, corporate-action journal, or historical venue/industry vintages were verified in this environment.",False,,False,False,,,,,,,,,,,,,,,,,,,,,,0,0,,,,,range
social_internet__B_confirmed_base_breakout__conservative__long,social_internet,,B_confirmed_base_breakout,conservative,long,63,stock,DATA_INSUFFICIENT,"No licensed point-in-time US daily tape, delist file, corporate-action journal, or historical venue/industry vintages were verified in this environment.",False,,False,False,,,,,,,,,,,,,,,,,,,,,,0,0,,,,,bull
social_internet__B_confirmed_base_breakout__conservative__long,social_internet,,B_confirmed_base_breakout,conservative,long,63,stock,DATA_INSUFFICIENT,"No licensed point-in-time US daily tape, delist file, corporate-action journal, or historical venue/industry vintages were verified in this environment.",False,,False,False,,,,,,,,,,,,,,,,,,,,,,0,0,,,,,bear
social_internet__B_confirmed_base_breakout__conservative__long,social_internet,,B_confirmed_base_breakout,conservative,long,63,stock,DATA_INSUFFICIENT,"No licensed point-in-time US daily tape, delist file, corporate-action journal, or historical venue/industry vintages were verified in this environment.",False,,False,False,,,,,,,,,,,,,,,,,,,,,,0,0,,,,,range
social_internet__B_confirmed_base_breakout__balanced__short,social_internet,,B_confirmed_base_breakout,balanced,short,5,stock,DATA_INSUFFICIENT,"No licensed point-in-time US daily tape, delist file, corporate-action journal, or historical venue/industry vintages were verified in this environment.",False,,False,False,,,,,,,,,,,,,,,,,,,,,,0,0,,,,,bull
social_internet__B_confirmed_base_breakout__balanced__short,social_internet,,B_confirmed_base_breakout,balanced,short,5,stock,DATA_INSUFFICIENT,"No licensed point-in-time US daily tape, delist file, corporate-action journal, or historical venue/industry vintages were verified in this environment.",False,,False,False,,,,,,,,,,,,,,,,,,,,,,0,0,,,,,bear
social_internet__B_confirmed_base_breakout__balanced__short,social_internet,,B_confirmed_base_breakout,balanced,short,5,stock,DATA_INSUFFICIENT,"No licensed point-in-time US daily tape, delist file, corporate-action journal, or historical venue/industry vintages were verified in this environment.",False,,False,False,,,,,,,,,,,,,,,,,,,,,,0,0,,,,,range
social_internet__B_confirmed_base_breakout__balanced__mid,social_internet,,B_confirmed_base_breakout,balanced,mid,20,stock,DATA_INSUFFICIENT,"No licensed point-in-time US daily tape, delist file, corporate-action journal, or historical venue/industry vintages were verified in this environment.",False,,False,False,,,,,,,,,,,,,,,,,,,,,,0,0,,,,,bull
social_internet__B_confirmed_base_breakout__balanced__mid,social_internet,,B_confirmed_base_breakout,balanced,mid,20,stock,DATA_INSUFFICIENT,"No licensed point-in-time US daily tape, delist file, corporate-action journal, or historical venue/industry vintages were verified in this environment.",False,,False,False,,,,,,,,,,,,,,,,,,,,,,0,0,,,,,bear
social_internet__B_confirmed_base_breakout__balanced__mid,social_internet,,B_confirmed_base_breakout,balanced,mid,20,stock,DATA_INSUFFICIENT,"No licensed point-in-time US daily tape, delist file, corporate-action journal, or historical venue/industry vintages were verified in this environment.",False,,False,False,,,,,,,,,,,,,,,,,,,,,,0,0,,,,,range
social_internet__B_confirmed_base_breakout__balanced__long,social_internet,,B_confirmed_base_breakout,balanced,long,63,stock,DATA_INSUFFICIENT,"No licensed point-in-time US daily tape, delist file, corporate-action journal, or historical venue/industry vintages were verified in this environment.",False,,False,False,,,,,,,,,,,,,,,,,,,,,,0,0,,,,,bull
social_internet__B_confirmed_base_breakout__balanced__long,social_internet,,B_confirmed_base_breakout,balanced,long,63,stock,DATA_INSUFFICIENT,"No licensed point-in-time US daily tape, delist file, corporate-action journal, or historical venue/industry vintages were verified in this environment.",False,,False,False,,,,,,,,,,,,,,,,,,,,,,0,0,,,,,bear
social_internet__B_confirmed_base_breakout__balanced__long,social_internet,,B_confirmed_base_breakout,balanced,long,63,stock,DATA_INSUFFICIENT,"No licensed point-in-time US daily tape, delist file, corporate-action journal, or historical venue/industry vintages were verified in this environment.",False,,False,False,,,,,,,,,,,,,,,,,,,,,,0,0,,,,,range
social_internet__B_confirmed_base_breakout__aggressive__short,social_internet,,B_confirmed_base_breakout,aggressive,short,5,stock,DATA_INSUFFICIENT,"No licensed point-in-time US daily tape, delist file, corporate-action journal, or historical venue/industry vintages were verified in this environment.",False,,False,False,,,,,,,,,,,,,,,,,,,,,,0,0,,,,,bull
social_internet__B_confirmed_base_breakout__aggressive__short,social_internet,,B_confirmed_base_breakout,aggressive,short,5,stock,DATA_INSUFFICIENT,"No licensed point-in-time US daily tape, delist file, corporate-action journal, or historical venue/industry vintages were verified in this environment.",False,,False,False,,,,,,,,,,,,,,,,,,,,,,0,0,,,,,bear
social_internet__B_confirmed_base_breakout__aggressive__short,social_internet,,B_confirmed_base_breakout,aggressive,short,5,stock,DATA_INSUFFICIENT,"No licensed point-in-time US daily tape, delist file, corporate-action journal, or historical venue/industry vintages were verified in this environment.",False,,False,False,,,,,,,,,,,,,,,,,,,,,,0,0,,,,,range
social_internet__B_confirmed_base_breakout__aggressive__mid,social_internet,,B_confirmed_base_breakout,aggressive,mid,20,stock,DATA_INSUFFICIENT,"No licensed point-in-time US daily tape, delist file, corporate-action journal, or historical venue/industry vintages were verified in this environment.",False,,False,False,,,,,,,,,,,,,,,,,,,,,,0,0,,,,,bull
social_internet__B_confirmed_base_breakout__aggressive__mid,social_internet,,B_confirmed_base_breakout,aggressive,mid,20,stock,DATA_INSUFFICIENT,"No licensed point-in-time US daily tape, delist file, corporate-action journal, or historical venue/industry vintages were verified in this environment.",False,,False,False,,,,,,,,,,,,,,,,,,,,,,0,0,,,,,bear
social_internet__B_confirmed_base_breakout__aggressive__mid,social_internet,,B_confirmed_base_breakout,aggressive,mid,20,stock,DATA_INSUFFICIENT,"No licensed point-in-time US daily tape, delist file, corporate-action journal, or historical venue/industry vintages were verified in this environment.",False,,False,False,,,,,,,,,,,,,,,,,,,,,,0,0,,,,,range
social_internet__B_confirmed_base_breakout__aggressive__long,social_internet,,B_confirmed_base_breakout,aggressive,long,63,stock,DATA_INSUFFICIENT,"No licensed point-in-time US daily tape, delist file, corporate-action journal, or historical venue/industry vintages were verified in this environment.",False,,False,False,,,,,,,,,,,,,,,,,,,,,,0,0,,,,,bull
social_internet__B_confirmed_base_breakout__aggressive__long,social_internet,,B_confirmed_base_breakout,aggressive,long,63,stock,DATA_INSUFFICIENT,"No licensed point-in-time US daily tape, delist file, corporate-action journal, or historical venue/industry vintages were verified in this environment.",False,,False,False,,,,,,,,,,,,,,,,,,,,,,0,0,,,,,bear
social_internet__B_confirmed_base_breakout__aggressive__long,social_internet,,B_confirmed_base_breakout,aggressive,long,63,stock,DATA_INSUFFICIENT,"No licensed point-in-time US daily tape, delist file, corporate-action journal, or historical venue/industry vintages were verified in this environment.",False,,False,False,,,,,,,,,,,,,,,,,,,,,,0,0,,,,,range
social_internet__C_trend_pullback__conservative__short,social_internet,,C_trend_pullback,conservative,short,5,stock,DATA_INSUFFICIENT,"No licensed point-in-time US daily tape, delist file, corporate-action journal, or historical venue/industry vintages were verified in this environment.",False,,False,False,,,,,,,,,,,,,,,,,,,,,,0,0,,,,,bull
social_internet__C_trend_pullback__conservative__short,social_internet,,C_trend_pullback,conservative,short,5,stock,DATA_INSUFFICIENT,"No licensed point-in-time US daily tape, delist file, corporate-action journal, or historical venue/industry vintages were verified in this environment.",False,,False,False,,,,,,,,,,,,,,,,,,,,,,0,0,,,,,bear
social_internet__C_trend_pullback__conservative__short,social_internet,,C_trend_pullback,conservative,short,5,stock,DATA_INSUFFICIENT,"No licensed point-in-time US daily tape, delist file, corporate-action journal, or historical venue/industry vintages were verified in this environment.",False,,False,False,,,,,,,,,,,,,,,,,,,,,,0,0,,,,,range
social_internet__C_trend_pullback__conservative__mid,social_internet,,C_trend_pullback,conservative,mid,20,stock,DATA_INSUFFICIENT,"No licensed point-in-time US daily tape, delist file, corporate-action journal, or historical venue/industry vintages were verified in this environment.",False,,False,False,,,,,,,,,,,,,,,,,,,,,,0,0,,,,,bull
social_internet__C_trend_pullback__conservative__mid,social_internet,,C_trend_pullback,conservative,mid,20,stock,DATA_INSUFFICIENT,"No licensed point-in-time US daily tape, delist file, corporate-action journal, or historical venue/industry vintages were verified in this environment.",False,,False,False,,,,,,,,,,,,,,,,,,,,,,0,0,,,,,bear
social_internet__C_trend_pullback__conservative__mid,social_internet,,C_trend_pullback,conservative,mid,20,stock,DATA_INSUFFICIENT,"No licensed point-in-time US daily tape, delist file, corporate-action journal, or historical venue/industry vintages were verified in this environment.",False,,False,False,,,,,,,,,,,,,,,,,,,,,,0,0,,,,,range
social_internet__C_trend_pullback__conservative__long,social_internet,,C_trend_pullback,conservative,long,63,stock,DATA_INSUFFICIENT,"No licensed point-in-time US daily tape, delist file, corporate-action journal, or historical venue/industry vintages were verified in this environment.",False,,False,False,,,,,,,,,,,,,,,,,,,,,,0,0,,,,,bull
social_internet__C_trend_pullback__conservative__long,social_internet,,C_trend_pullback,conservative,long,63,stock,DATA_INSUFFICIENT,"No licensed point-in-time US daily tape, delist file, corporate-action journal, or historical venue/industry vintages were verified in this environment.",False,,False,False,,,,,,,,,,,,,,,,,,,,,,0,0,,,,,bear
social_internet__C_trend_pullback__conservative__long,social_internet,,C_trend_pullback,conservative,long,63,stock,DATA_INSUFFICIENT,"No licensed point-in-time US daily tape, delist file, corporate-action journal, or historical venue/industry vintages were verified in this environment.",False,,False,False,,,,,,,,,,,,,,,,,,,,,,0,0,,,,,range
social_internet__C_trend_pullback__balanced__short,social_internet,,C_trend_pullback,balanced,short,5,stock,DATA_INSUFFICIENT,"No licensed point-in-time US daily tape, delist file, corporate-action journal, or historical venue/industry vintages were verified in this environment.",False,,False,False,,,,,,,,,,,,,,,,,,,,,,0,0,,,,,bull
social_internet__C_trend_pullback__balanced__short,social_internet,,C_trend_pullback,balanced,short,5,stock,DATA_INSUFFICIENT,"No licensed point-in-time US daily tape, delist file, corporate-action journal, or historical venue/industry vintages were verified in this environment.",False,,False,False,,,,,,,,,,,,,,,,,,,,,,0,0,,,,,bear
social_internet__C_trend_pullback__balanced__short,social_internet,,C_trend_pullback,balanced,short,5,stock,DATA_INSUFFICIENT,"No licensed point-in-time US daily tape, delist file, corporate-action journal, or historical venue/industry vintages were verified in this environment.",False,,False,False,,,,,,,,,,,,,,,,,,,,,,0,0,,,,,range
social_internet__C_trend_pullback__balanced__mid,social_internet,,C_trend_pullback,balanced,mid,20,stock,DATA_INSUFFICIENT,"No licensed point-in-time US daily tape, delist file, corporate-action journal, or historical venue/industry vintages were verified in this environment.",False,,False,False,,,,,,,,,,,,,,,,,,,,,,0,0,,,,,bull
social_internet__C_trend_pullback__balanced__mid,social_internet,,C_trend_pullback,balanced,mid,20,stock,DATA_INSUFFICIENT,"No licensed point-in-time US daily tape, delist file, corporate-action journal, or historical venue/industry vintages were verified in this environment.",False,,False,False,,,,,,,,,,,,,,,,,,,,,,0,0,,,,,bear
social_internet__C_trend_pullback__balanced__mid,social_internet,,C_trend_pullback,balanced,mid,20,stock,DATA_INSUFFICIENT,"No licensed point-in-time US daily tape, delist file, corporate-action journal, or historical venue/industry vintages were verified in this environment.",False,,False,False,,,,,,,,,,,,,,,,,,,,,,0,0,,,,,range
social_internet__C_trend_pullback__balanced__long,social_internet,,C_trend_pullback,balanced,long,63,stock,DATA_INSUFFICIENT,"No licensed point-in-time US daily tape, delist file, corporate-action journal, or historical venue/industry vintages were verified in this environment.",False,,False,False,,,,,,,,,,,,,,,,,,,,,,0,0,,,,,bull
social_internet__C_trend_pullback__balanced__long,social_internet,,C_trend_pullback,balanced,long,63,stock,DATA_INSUFFICIENT,"No licensed point-in-time US daily tape, delist file, corporate-action journal, or historical venue/industry vintages were verified in this environment.",False,,False,False,,,,,,,,,,,,,,,,,,,,,,0,0,,,,,bear
social_internet__C_trend_pullback__balanced__long,social_internet,,C_trend_pullback,balanced,long,63,stock,DATA_INSUFFICIENT,"No licensed point-in-time US daily tape, delist file, corporate-action journal, or historical venue/industry vintages were verified in this environment.",False,,False,False,,,,,,,,,,,,,,,,,,,,,,0,0,,,,,range
social_internet__C_trend_pullback__aggressive__short,social_internet,,C_trend_pullback,aggressive,short,5,stock,DATA_INSUFFICIENT,"No licensed point-in-time US daily tape, delist file, corporate-action journal, or historical venue/industry vintages were verified in this environment.",False,,False,False,,,,,,,,,,,,,,,,,,,,,,0,0,,,,,bull
social_internet__C_trend_pullback__aggressive__short,social_internet,,C_trend_pullback,aggressive,short,5,stock,DATA_INSUFFICIENT,"No licensed point-in-time US daily tape, delist file, corporate-action journal, or historical venue/industry vintages were verified in this environment.",False,,False,False,,,,,,,,,,,,,,,,,,,,,,0,0,,,,,bear
social_internet__C_trend_pullback__aggressive__short,social_internet,,C_trend_pullback,aggressive,short,5,stock,DATA_INSUFFICIENT,"No licensed point-in-time US daily tape, delist file, corporate-action journal, or historical venue/industry vintages were verified in this environment.",False,,False,False,,,,,,,,,,,,,,,,,,,,,,0,0,,,,,range
social_internet__C_trend_pullback__aggressive__mid,social_internet,,C_trend_pullback,aggressive,mid,20,stock,DATA_INSUFFICIENT,"No licensed point-in-time US daily tape, delist file, corporate-action journal, or historical venue/industry vintages were verified in this environment.",False,,False,False,,,,,,,,,,,,,,,,,,,,,,0,0,,,,,bull
social_internet__C_trend_pullback__aggressive__mid,social_internet,,C_trend_pullback,aggressive,mid,20,stock,DATA_INSUFFICIENT,"No licensed point-in-time US daily tape, delist file, corporate-action journal, or historical venue/industry vintages were verified in this environment.",False,,False,False,,,,,,,,,,,,,,,,,,,,,,0,0,,,,,bear
social_internet__C_trend_pullback__aggressive__mid,social_internet,,C_trend_pullback,aggressive,mid,20,stock,DATA_INSUFFICIENT,"No licensed point-in-time US daily tape, delist file, corporate-action journal, or historical venue/industry vintages were verified in this environment.",False,,False,False,,,,,,,,,,,,,,,,,,,,,,0,0,,,,,range
social_internet__C_trend_pullback__aggressive__long,social_internet,,C_trend_pullback,aggressive,long,63,stock,DATA_INSUFFICIENT,"No licensed point-in-time US daily tape, delist file, corporate-action journal, or historical venue/industry vintages were verified in this environment.",False,,False,False,,,,,,,,,,,,,,,,,,,,,,0,0,,,,,bull
social_internet__C_trend_pullback__aggressive__long,social_internet,,C_trend_pullback,aggressive,long,63,stock,DATA_INSUFFICIENT,"No licensed point-in-time US daily tape, delist file, corporate-action journal, or historical venue/industry vintages were verified in this environment.",False,,False,False,,,,,,,,,,,,,,,,,,,,,,0,0,,,,,bear
social_internet__C_trend_pullback__aggressive__long,social_internet,,C_trend_pullback,aggressive,long,63,stock,DATA_INSUFFICIENT,"No licensed point-in-time US daily tape, delist file, corporate-action journal, or historical venue/industry vintages were verified in this environment.",False,,False,False,,,,,,,,,,,,,,,,,,,,,,0,0,,,,,range
social_internet__D_residual_momentum__conservative__short,social_internet,,D_residual_momentum,conservative,short,5,stock,DATA_INSUFFICIENT,"No licensed point-in-time US daily tape, delist file, corporate-action journal, or historical venue/industry vintages were verified in this environment.",False,,False,False,,,,,,,,,,,,,,,,,,,,,,0,0,,,,,bull
social_internet__D_residual_momentum__conservative__short,social_internet,,D_residual_momentum,conservative,short,5,stock,DATA_INSUFFICIENT,"No licensed point-in-time US daily tape, delist file, corporate-action journal, or historical venue/industry vintages were verified in this environment.",False,,False,False,,,,,,,,,,,,,,,,,,,,,,0,0,,,,,bear
social_internet__D_residual_momentum__conservative__short,social_internet,,D_residual_momentum,conservative,short,5,stock,DATA_INSUFFICIENT,"No licensed point-in-time US daily tape, delist file, corporate-action journal, or historical venue/industry vintages were verified in this environment.",False,,False,False,,,,,,,,,,,,,,,,,,,,,,0,0,,,,,range
social_internet__D_residual_momentum__conservative__mid,social_internet,,D_residual_momentum,conservative,mid,20,stock,DATA_INSUFFICIENT,"No licensed point-in-time US daily tape, delist file, corporate-action journal, or historical venue/industry vintages were verified in this environment.",False,,False,False,,,,,,,,,,,,,,,,,,,,,,0,0,,,,,bull
social_internet__D_residual_momentum__conservative__mid,social_internet,,D_residual_momentum,conservative,mid,20,stock,DATA_INSUFFICIENT,"No licensed point-in-time US daily tape, delist file, corporate-action journal, or historical venue/industry vintages were verified in this environment.",False,,False,False,,,,,,,,,,,,,,,,,,,,,,0,0,,,,,bear
social_internet__D_residual_momentum__conservative__mid,social_internet,,D_residual_momentum,conservative,mid,20,stock,DATA_INSUFFICIENT,"No licensed point-in-time US daily tape, delist file, corporate-action journal, or historical venue/industry vintages were verified in this environment.",False,,False,False,,,,,,,,,,,,,,,,,,,,,,0,0,,,,,range
social_internet__D_residual_momentum__conservative__long,social_internet,,D_residual_momentum,conservative,long,63,stock,DATA_INSUFFICIENT,"No licensed point-in-time US daily tape, delist file, corporate-action journal, or historical venue/industry vintages were verified in this environment.",False,,False,False,,,,,,,,,,,,,,,,,,,,,,0,0,,,,,bull
social_internet__D_residual_momentum__conservative__long,social_internet,,D_residual_momentum,conservative,long,63,stock,DATA_INSUFFICIENT,"No licensed point-in-time US daily tape, delist file, corporate-action journal, or historical venue/industry vintages were verified in this environment.",False,,False,False,,,,,,,,,,,,,,,,,,,,,,0,0,,,,,bear
social_internet__D_residual_momentum__conservative__long,social_internet,,D_residual_momentum,conservative,long,63,stock,DATA_INSUFFICIENT,"No licensed point-in-time US daily tape, delist file, corporate-action journal, or historical venue/industry vintages were verified in this environment.",False,,False,False,,,,,,,,,,,,,,,,,,,,,,0,0,,,,,range
social_internet__D_residual_momentum__balanced__short,social_internet,,D_residual_momentum,balanced,short,5,stock,DATA_INSUFFICIENT,"No licensed point-in-time US daily tape, delist file, corporate-action journal, or historical venue/industry vintages were verified in this environment.",False,,False,False,,,,,,,,,,,,,,,,,,,,,,0,0,,,,,bull
social_internet__D_residual_momentum__balanced__short,social_internet,,D_residual_momentum,balanced,short,5,stock,DATA_INSUFFICIENT,"No licensed point-in-time US daily tape, delist file, corporate-action journal, or historical venue/industry vintages were verified in this environment.",False,,False,False,,,,,,,,,,,,,,,,,,,,,,0,0,,,,,bear
social_internet__D_residual_momentum__balanced__short,social_internet,,D_residual_momentum,balanced,short,5,stock,DATA_INSUFFICIENT,"No licensed point-in-time US daily tape, delist file, corporate-action journal, or historical venue/industry vintages were verified in this environment.",False,,False,False,,,,,,,,,,,,,,,,,,,,,,0,0,,,,,range
social_internet__D_residual_momentum__balanced__mid,social_internet,,D_residual_momentum,balanced,mid,20,stock,DATA_INSUFFICIENT,"No licensed point-in-time US daily tape, delist file, corporate-action journal, or historical venue/industry vintages were verified in this environment.",False,,False,False,,,,,,,,,,,,,,,,,,,,,,0,0,,,,,bull
social_internet__D_residual_momentum__balanced__mid,social_internet,,D_residual_momentum,balanced,mid,20,stock,DATA_INSUFFICIENT,"No licensed point-in-time US daily tape, delist file, corporate-action journal, or historical venue/industry vintages were verified in this environment.",False,,False,False,,,,,,,,,,,,,,,,,,,,,,0,0,,,,,bear
social_internet__D_residual_momentum__balanced__mid,social_internet,,D_residual_momentum,balanced,mid,20,stock,DATA_INSUFFICIENT,"No licensed point-in-time US daily tape, delist file, corporate-action journal, or historical venue/industry vintages were verified in this environment.",False,,False,False,,,,,,,,,,,,,,,,,,,,,,0,0,,,,,range
social_internet__D_residual_momentum__balanced__long,social_internet,,D_residual_momentum,balanced,long,63,stock,DATA_INSUFFICIENT,"No licensed point-in-time US daily tape, delist file, corporate-action journal, or historical venue/industry vintages were verified in this environment.",False,,False,False,,,,,,,,,,,,,,,,,,,,,,0,0,,,,,bull
social_internet__D_residual_momentum__balanced__long,social_internet,,D_residual_momentum,balanced,long,63,stock,DATA_INSUFFICIENT,"No licensed point-in-time US daily tape, delist file, corporate-action journal, or historical venue/industry vintages were verified in this environment.",False,,False,False,,,,,,,,,,,,,,,,,,,,,,0,0,,,,,bear
social_internet__D_residual_momentum__balanced__long,social_internet,,D_residual_momentum,balanced,long,63,stock,DATA_INSUFFICIENT,"No licensed point-in-time US daily tape, delist file, corporate-action journal, or historical venue/industry vintages were verified in this environment.",False,,False,False,,,,,,,,,,,,,,,,,,,,,,0,0,,,,,range
social_internet__D_residual_momentum__aggressive__short,social_internet,,D_residual_momentum,aggressive,short,5,stock,DATA_INSUFFICIENT,"No licensed point-in-time US daily tape, delist file, corporate-action journal, or historical venue/industry vintages were verified in this environment.",False,,False,False,,,,,,,,,,,,,,,,,,,,,,0,0,,,,,bull
social_internet__D_residual_momentum__aggressive__short,social_internet,,D_residual_momentum,aggressive,short,5,stock,DATA_INSUFFICIENT,"No licensed point-in-time US daily tape, delist file, corporate-action journal, or historical venue/industry vintages were verified in this environment.",False,,False,False,,,,,,,,,,,,,,,,,,,,,,0,0,,,,,bear
social_internet__D_residual_momentum__aggressive__short,social_internet,,D_residual_momentum,aggressive,short,5,stock,DATA_INSUFFICIENT,"No licensed point-in-time US daily tape, delist file, corporate-action journal, or historical venue/industry vintages were verified in this environment.",False,,False,False,,,,,,,,,,,,,,,,,,,,,,0,0,,,,,range
social_internet__D_residual_momentum__aggressive__mid,social_internet,,D_residual_momentum,aggressive,mid,20,stock,DATA_INSUFFICIENT,"No licensed point-in-time US daily tape, delist file, corporate-action journal, or historical venue/industry vintages were verified in this environment.",False,,False,False,,,,,,,,,,,,,,,,,,,,,,0,0,,,,,bull
social_internet__D_residual_momentum__aggressive__mid,social_internet,,D_residual_momentum,aggressive,mid,20,stock,DATA_INSUFFICIENT,"No licensed point-in-time US daily tape, delist file, corporate-action journal, or historical venue/industry vintages were verified in this environment.",False,,False,False,,,,,,,,,,,,,,,,,,,,,,0,0,,,,,bear
social_internet__D_residual_momentum__aggressive__mid,social_internet,,D_residual_momentum,aggressive,mid,20,stock,DATA_INSUFFICIENT,"No licensed point-in-time US daily tape, delist file, corporate-action journal, or historical venue/industry vintages were verified in this environment.",False,,False,False,,,,,,,,,,,,,,,,,,,,,,0,0,,,,,range
social_internet__D_residual_momentum__aggressive__long,social_internet,,D_residual_momentum,aggressive,long,63,stock,DATA_INSUFFICIENT,"No licensed point-in-time US daily tape, delist file, corporate-action journal, or historical venue/industry vintages were verified in this environment.",False,,False,False,,,,,,,,,,,,,,,,,,,,,,0,0,,,,,bull
social_internet__D_residual_momentum__aggressive__long,social_internet,,D_residual_momentum,aggressive,long,63,stock,DATA_INSUFFICIENT,"No licensed point-in-time US daily tape, delist file, corporate-action journal, or historical venue/industry vintages were verified in this environment.",False,,False,False,,,,,,,,,,,,,,,,,,,,,,0,0,,,,,bear
social_internet__D_residual_momentum__aggressive__long,social_internet,,D_residual_momentum,aggressive,long,63,stock,DATA_INSUFFICIENT,"No licensed point-in-time US daily tape, delist file, corporate-action journal, or historical venue/industry vintages were verified in this environment.",False,,False,False,,,,,,,,,,,,,,,,,,,,,,0,0,,,,,range
energy__A_trend_quality__conservative__short,energy,,A_trend_quality,conservative,short,5,stock,DATA_INSUFFICIENT,"No licensed point-in-time US daily tape, delist file, corporate-action journal, or historical venue/industry vintages were verified in this environment.",False,,False,False,,,,,,,,,,,,,,,,,,,,,,0,0,,,,,bull
energy__A_trend_quality__conservative__short,energy,,A_trend_quality,conservative,short,5,stock,DATA_INSUFFICIENT,"No licensed point-in-time US daily tape, delist file, corporate-action journal, or historical venue/industry vintages were verified in this environment.",False,,False,False,,,,,,,,,,,,,,,,,,,,,,0,0,,,,,bear
energy__A_trend_quality__conservative__short,energy,,A_trend_quality,conservative,short,5,stock,DATA_INSUFFICIENT,"No licensed point-in-time US daily tape, delist file, corporate-action journal, or historical venue/industry vintages were verified in this environment.",False,,False,False,,,,,,,,,,,,,,,,,,,,,,0,0,,,,,range
energy__A_trend_quality__conservative__mid,energy,,A_trend_quality,conservative,mid,20,stock,DATA_INSUFFICIENT,"No licensed point-in-time US daily tape, delist file, corporate-action journal, or historical venue/industry vintages were verified in this environment.",False,,False,False,,,,,,,,,,,,,,,,,,,,,,0,0,,,,,bull
energy__A_trend_quality__conservative__mid,energy,,A_trend_quality,conservative,mid,20,stock,DATA_INSUFFICIENT,"No licensed point-in-time US daily tape, delist file, corporate-action journal, or historical venue/industry vintages were verified in this environment.",False,,False,False,,,,,,,,,,,,,,,,,,,,,,0,0,,,,,bear
energy__A_trend_quality__conservative__mid,energy,,A_trend_quality,conservative,mid,20,stock,DATA_INSUFFICIENT,"No licensed point-in-time US daily tape, delist file, corporate-action journal, or historical venue/industry vintages were verified in this environment.",False,,False,False,,,,,,,,,,,,,,,,,,,,,,0,0,,,,,range
energy__A_trend_quality__conservative__long,energy,,A_trend_quality,conservative,long,63,stock,DATA_INSUFFICIENT,"No licensed point-in-time US daily tape, delist file, corporate-action journal, or historical venue/industry vintages were verified in this environment.",False,,False,False,,,,,,,,,,,,,,,,,,,,,,0,0,,,,,bull
energy__A_trend_quality__conservative__long,energy,,A_trend_quality,conservative,long,63,stock,DATA_INSUFFICIENT,"No licensed point-in-time US daily tape, delist file, corporate-action journal, or historical venue/industry vintages were verified in this environment.",False,,False,False,,,,,,,,,,,,,,,,,,,,,,0,0,,,,,bear
energy__A_trend_quality__conservative__long,energy,,A_trend_quality,conservative,long,63,stock,DATA_INSUFFICIENT,"No licensed point-in-time US daily tape, delist file, corporate-action journal, or historical venue/industry vintages were verified in this environment.",False,,False,False,,,,,,,,,,,,,,,,,,,,,,0,0,,,,,range
energy__A_trend_quality__balanced__short,energy,,A_trend_quality,balanced,short,5,stock,DATA_INSUFFICIENT,"No licensed point-in-time US daily tape, delist file, corporate-action journal, or historical venue/industry vintages were verified in this environment.",False,,False,False,,,,,,,,,,,,,,,,,,,,,,0,0,,,,,bull
energy__A_trend_quality__balanced__short,energy,,A_trend_quality,balanced,short,5,stock,DATA_INSUFFICIENT,"No licensed point-in-time US daily tape, delist file, corporate-action journal, or historical venue/industry vintages were verified in this environment.",False,,False,False,,,,,,,,,,,,,,,,,,,,,,0,0,,,,,bear
energy__A_trend_quality__balanced__short,energy,,A_trend_quality,balanced,short,5,stock,DATA_INSUFFICIENT,"No licensed point-in-time US daily tape, delist file, corporate-action journal, or historical venue/industry vintages were verified in this environment.",False,,False,False,,,,,,,,,,,,,,,,,,,,,,0,0,,,,,range
energy__A_trend_quality__balanced__mid,energy,,A_trend_quality,balanced,mid,20,stock,DATA_INSUFFICIENT,"No licensed point-in-time US daily tape, delist file, corporate-action journal, or historical venue/industry vintages were verified in this environment.",False,,False,False,,,,,,,,,,,,,,,,,,,,,,0,0,,,,,bull
energy__A_trend_quality__balanced__mid,energy,,A_trend_quality,balanced,mid,20,stock,DATA_INSUFFICIENT,"No licensed point-in-time US daily tape, delist file, corporate-action journal, or historical venue/industry vintages were verified in this environment.",False,,False,False,,,,,,,,,,,,,,,,,,,,,,0,0,,,,,bear
energy__A_trend_quality__balanced__mid,energy,,A_trend_quality,balanced,mid,20,stock,DATA_INSUFFICIENT,"No licensed point-in-time US daily tape, delist file, corporate-action journal, or historical venue/industry vintages were verified in this environment.",False,,False,False,,,,,,,,,,,,,,,,,,,,,,0,0,,,,,range
energy__A_trend_quality__balanced__long,energy,,A_trend_quality,balanced,long,63,stock,DATA_INSUFFICIENT,"No licensed point-in-time US daily tape, delist file, corporate-action journal, or historical venue/industry vintages were verified in this environment.",False,,False,False,,,,,,,,,,,,,,,,,,,,,,0,0,,,,,bull
energy__A_trend_quality__balanced__long,energy,,A_trend_quality,balanced,long,63,stock,DATA_INSUFFICIENT,"No licensed point-in-time US daily tape, delist file, corporate-action journal, or historical venue/industry vintages were verified in this environment.",False,,False,False,,,,,,,,,,,,,,,,,,,,,,0,0,,,,,bear
energy__A_trend_quality__balanced__long,energy,,A_trend_quality,balanced,long,63,stock,DATA_INSUFFICIENT,"No licensed point-in-time US daily tape, delist file, corporate-action journal, or historical venue/industry vintages were verified in this environment.",False,,False,False,,,,,,,,,,,,,,,,,,,,,,0,0,,,,,range
energy__A_trend_quality__aggressive__short,energy,,A_trend_quality,aggressive,short,5,stock,DATA_INSUFFICIENT,"No licensed point-in-time US daily tape, delist file, corporate-action journal, or historical venue/industry vintages were verified in this environment.",False,,False,False,,,,,,,,,,,,,,,,,,,,,,0,0,,,,,bull
energy__A_trend_quality__aggressive__short,energy,,A_trend_quality,aggressive,short,5,stock,DATA_INSUFFICIENT,"No licensed point-in-time US daily tape, delist file, corporate-action journal, or historical venue/industry vintages were verified in this environment.",False,,False,False,,,,,,,,,,,,,,,,,,,,,,0,0,,,,,bear
energy__A_trend_quality__aggressive__short,energy,,A_trend_quality,aggressive,short,5,stock,DATA_INSUFFICIENT,"No licensed point-in-time US daily tape, delist file, corporate-action journal, or historical venue/industry vintages were verified in this environment.",False,,False,False,,,,,,,,,,,,,,,,,,,,,,0,0,,,,,range
energy__A_trend_quality__aggressive__mid,energy,,A_trend_quality,aggressive,mid,20,stock,DATA_INSUFFICIENT,"No licensed point-in-time US daily tape, delist file, corporate-action journal, or historical venue/industry vintages were verified in this environment.",False,,False,False,,,,,,,,,,,,,,,,,,,,,,0,0,,,,,bull
energy__A_trend_quality__aggressive__mid,energy,,A_trend_quality,aggressive,mid,20,stock,DATA_INSUFFICIENT,"No licensed point-in-time US daily tape, delist file, corporate-action journal, or historical venue/industry vintages were verified in this environment.",False,,False,False,,,,,,,,,,,,,,,,,,,,,,0,0,,,,,bear
energy__A_trend_quality__aggressive__mid,energy,,A_trend_quality,aggressive,mid,20,stock,DATA_INSUFFICIENT,"No licensed point-in-time US daily tape, delist file, corporate-action journal, or historical venue/industry vintages were verified in this environment.",False,,False,False,,,,,,,,,,,,,,,,,,,,,,0,0,,,,,range
energy__A_trend_quality__aggressive__long,energy,,A_trend_quality,aggressive,long,63,stock,DATA_INSUFFICIENT,"No licensed point-in-time US daily tape, delist file, corporate-action journal, or historical venue/industry vintages were verified in this environment.",False,,False,False,,,,,,,,,,,,,,,,,,,,,,0,0,,,,,bull
energy__A_trend_quality__aggressive__long,energy,,A_trend_quality,aggressive,long,63,stock,DATA_INSUFFICIENT,"No licensed point-in-time US daily tape, delist file, corporate-action journal, or historical venue/industry vintages were verified in this environment.",False,,False,False,,,,,,,,,,,,,,,,,,,,,,0,0,,,,,bear
energy__A_trend_quality__aggressive__long,energy,,A_trend_quality,aggressive,long,63,stock,DATA_INSUFFICIENT,"No licensed point-in-time US daily tape, delist file, corporate-action journal, or historical venue/industry vintages were verified in this environment.",False,,False,False,,,,,,,,,,,,,,,,,,,,,,0,0,,,,,range
energy__B_confirmed_base_breakout__conservative__short,energy,,B_confirmed_base_breakout,conservative,short,5,stock,DATA_INSUFFICIENT,"No licensed point-in-time US daily tape, delist file, corporate-action journal, or historical venue/industry vintages were verified in this environment.",False,,False,False,,,,,,,,,,,,,,,,,,,,,,0,0,,,,,bull
energy__B_confirmed_base_breakout__conservative__short,energy,,B_confirmed_base_breakout,conservative,short,5,stock,DATA_INSUFFICIENT,"No licensed point-in-time US daily tape, delist file, corporate-action journal, or historical venue/industry vintages were verified in this environment.",False,,False,False,,,,,,,,,,,,,,,,,,,,,,0,0,,,,,bear
energy__B_confirmed_base_breakout__conservative__short,energy,,B_confirmed_base_breakout,conservative,short,5,stock,DATA_INSUFFICIENT,"No licensed point-in-time US daily tape, delist file, corporate-action journal, or historical venue/industry vintages were verified in this environment.",False,,False,False,,,,,,,,,,,,,,,,,,,,,,0,0,,,,,range
energy__B_confirmed_base_breakout__conservative__mid,energy,,B_confirmed_base_breakout,conservative,mid,20,stock,DATA_INSUFFICIENT,"No licensed point-in-time US daily tape, delist file, corporate-action journal, or historical venue/industry vintages were verified in this environment.",False,,False,False,,,,,,,,,,,,,,,,,,,,,,0,0,,,,,bull
energy__B_confirmed_base_breakout__conservative__mid,energy,,B_confirmed_base_breakout,conservative,mid,20,stock,DATA_INSUFFICIENT,"No licensed point-in-time US daily tape, delist file, corporate-action journal, or historical venue/industry vintages were verified in this environment.",False,,False,False,,,,,,,,,,,,,,,,,,,,,,0,0,,,,,bear
energy__B_confirmed_base_breakout__conservative__mid,energy,,B_confirmed_base_breakout,conservative,mid,20,stock,DATA_INSUFFICIENT,"No licensed point-in-time US daily tape, delist file, corporate-action journal, or historical venue/industry vintages were verified in this environment.",False,,False,False,,,,,,,,,,,,,,,,,,,,,,0,0,,,,,range
energy__B_confirmed_base_breakout__conservative__long,energy,,B_confirmed_base_breakout,conservative,long,63,stock,DATA_INSUFFICIENT,"No licensed point-in-time US daily tape, delist file, corporate-action journal, or historical venue/industry vintages were verified in this environment.",False,,False,False,,,,,,,,,,,,,,,,,,,,,,0,0,,,,,bull
energy__B_confirmed_base_breakout__conservative__long,energy,,B_confirmed_base_breakout,conservative,long,63,stock,DATA_INSUFFICIENT,"No licensed point-in-time US daily tape, delist file, corporate-action journal, or historical venue/industry vintages were verified in this environment.",False,,False,False,,,,,,,,,,,,,,,,,,,,,,0,0,,,,,bear
energy__B_confirmed_base_breakout__conservative__long,energy,,B_confirmed_base_breakout,conservative,long,63,stock,DATA_INSUFFICIENT,"No licensed point-in-time US daily tape, delist file, corporate-action journal, or historical venue/industry vintages were verified in this environment.",False,,False,False,,,,,,,,,,,,,,,,,,,,,,0,0,,,,,range
energy__B_confirmed_base_breakout__balanced__short,energy,,B_confirmed_base_breakout,balanced,short,5,stock,DATA_INSUFFICIENT,"No licensed point-in-time US daily tape, delist file, corporate-action journal, or historical venue/industry vintages were verified in this environment.",False,,False,False,,,,,,,,,,,,,,,,,,,,,,0,0,,,,,bull
energy__B_confirmed_base_breakout__balanced__short,energy,,B_confirmed_base_breakout,balanced,short,5,stock,DATA_INSUFFICIENT,"No licensed point-in-time US daily tape, delist file, corporate-action journal, or historical venue/industry vintages were verified in this environment.",False,,False,False,,,,,,,,,,,,,,,,,,,,,,0,0,,,,,bear
energy__B_confirmed_base_breakout__balanced__short,energy,,B_confirmed_base_breakout,balanced,short,5,stock,DATA_INSUFFICIENT,"No licensed point-in-time US daily tape, delist file, corporate-action journal, or historical venue/industry vintages were verified in this environment.",False,,False,False,,,,,,,,,,,,,,,,,,,,,,0,0,,,,,range
energy__B_confirmed_base_breakout__balanced__mid,energy,,B_confirmed_base_breakout,balanced,mid,20,stock,DATA_INSUFFICIENT,"No licensed point-in-time US daily tape, delist file, corporate-action journal, or historical venue/industry vintages were verified in this environment.",False,,False,False,,,,,,,,,,,,,,,,,,,,,,0,0,,,,,bull
energy__B_confirmed_base_breakout__balanced__mid,energy,,B_confirmed_base_breakout,balanced,mid,20,stock,DATA_INSUFFICIENT,"No licensed point-in-time US daily tape, delist file, corporate-action journal, or historical venue/industry vintages were verified in this environment.",False,,False,False,,,,,,,,,,,,,,,,,,,,,,0,0,,,,,bear
energy__B_confirmed_base_breakout__balanced__mid,energy,,B_confirmed_base_breakout,balanced,mid,20,stock,DATA_INSUFFICIENT,"No licensed point-in-time US daily tape, delist file, corporate-action journal, or historical venue/industry vintages were verified in this environment.",False,,False,False,,,,,,,,,,,,,,,,,,,,,,0,0,,,,,range
energy__B_confirmed_base_breakout__balanced__long,energy,,B_confirmed_base_breakout,balanced,long,63,stock,DATA_INSUFFICIENT,"No licensed point-in-time US daily tape, delist file, corporate-action journal, or historical venue/industry vintages were verified in this environment.",False,,False,False,,,,,,,,,,,,,,,,,,,,,,0,0,,,,,bull
energy__B_confirmed_base_breakout__balanced__long,energy,,B_confirmed_base_breakout,balanced,long,63,stock,DATA_INSUFFICIENT,"No licensed point-in-time US daily tape, delist file, corporate-action journal, or historical venue/industry vintages were verified in this environment.",False,,False,False,,,,,,,,,,,,,,,,,,,,,,0,0,,,,,bear
energy__B_confirmed_base_breakout__balanced__long,energy,,B_confirmed_base_breakout,balanced,long,63,stock,DATA_INSUFFICIENT,"No licensed point-in-time US daily tape, delist file, corporate-action journal, or historical venue/industry vintages were verified in this environment.",False,,False,False,,,,,,,,,,,,,,,,,,,,,,0,0,,,,,range
energy__B_confirmed_base_breakout__aggressive__short,energy,,B_confirmed_base_breakout,aggressive,short,5,stock,DATA_INSUFFICIENT,"No licensed point-in-time US daily tape, delist file, corporate-action journal, or historical venue/industry vintages were verified in this environment.",False,,False,False,,,,,,,,,,,,,,,,,,,,,,0,0,,,,,bull
energy__B_confirmed_base_breakout__aggressive__short,energy,,B_confirmed_base_breakout,aggressive,short,5,stock,DATA_INSUFFICIENT,"No licensed point-in-time US daily tape, delist file, corporate-action journal, or historical venue/industry vintages were verified in this environment.",False,,False,False,,,,,,,,,,,,,,,,,,,,,,0,0,,,,,bear
energy__B_confirmed_base_breakout__aggressive__short,energy,,B_confirmed_base_breakout,aggressive,short,5,stock,DATA_INSUFFICIENT,"No licensed point-in-time US daily tape, delist file, corporate-action journal, or historical venue/industry vintages were verified in this environment.",False,,False,False,,,,,,,,,,,,,,,,,,,,,,0,0,,,,,range
energy__B_confirmed_base_breakout__aggressive__mid,energy,,B_confirmed_base_breakout,aggressive,mid,20,stock,DATA_INSUFFICIENT,"No licensed point-in-time US daily tape, delist file, corporate-action journal, or historical venue/industry vintages were verified in this environment.",False,,False,False,,,,,,,,,,,,,,,,,,,,,,0,0,,,,,bull
energy__B_confirmed_base_breakout__aggressive__mid,energy,,B_confirmed_base_breakout,aggressive,mid,20,stock,DATA_INSUFFICIENT,"No licensed point-in-time US daily tape, delist file, corporate-action journal, or historical venue/industry vintages were verified in this environment.",False,,False,False,,,,,,,,,,,,,,,,,,,,,,0,0,,,,,bear
energy__B_confirmed_base_breakout__aggressive__mid,energy,,B_confirmed_base_breakout,aggressive,mid,20,stock,DATA_INSUFFICIENT,"No licensed point-in-time US daily tape, delist file, corporate-action journal, or historical venue/industry vintages were verified in this environment.",False,,False,False,,,,,,,,,,,,,,,,,,,,,,0,0,,,,,range
energy__B_confirmed_base_breakout__aggressive__long,energy,,B_confirmed_base_breakout,aggressive,long,63,stock,DATA_INSUFFICIENT,"No licensed point-in-time US daily tape, delist file, corporate-action journal, or historical venue/industry vintages were verified in this environment.",False,,False,False,,,,,,,,,,,,,,,,,,,,,,0,0,,,,,bull
energy__B_confirmed_base_breakout__aggressive__long,energy,,B_confirmed_base_breakout,aggressive,long,63,stock,DATA_INSUFFICIENT,"No licensed point-in-time US daily tape, delist file, corporate-action journal, or historical venue/industry vintages were verified in this environment.",False,,False,False,,,,,,,,,,,,,,,,,,,,,,0,0,,,,,bear
energy__B_confirmed_base_breakout__aggressive__long,energy,,B_confirmed_base_breakout,aggressive,long,63,stock,DATA_INSUFFICIENT,"No licensed point-in-time US daily tape, delist file, corporate-action journal, or historical venue/industry vintages were verified in this environment.",False,,False,False,,,,,,,,,,,,,,,,,,,,,,0,0,,,,,range
energy__C_trend_pullback__conservative__short,energy,,C_trend_pullback,conservative,short,5,stock,DATA_INSUFFICIENT,"No licensed point-in-time US daily tape, delist file, corporate-action journal, or historical venue/industry vintages were verified in this environment.",False,,False,False,,,,,,,,,,,,,,,,,,,,,,0,0,,,,,bull
energy__C_trend_pullback__conservative__short,energy,,C_trend_pullback,conservative,short,5,stock,DATA_INSUFFICIENT,"No licensed point-in-time US daily tape, delist file, corporate-action journal, or historical venue/industry vintages were verified in this environment.",False,,False,False,,,,,,,,,,,,,,,,,,,,,,0,0,,,,,bear
energy__C_trend_pullback__conservative__short,energy,,C_trend_pullback,conservative,short,5,stock,DATA_INSUFFICIENT,"No licensed point-in-time US daily tape, delist file, corporate-action journal, or historical venue/industry vintages were verified in this environment.",False,,False,False,,,,,,,,,,,,,,,,,,,,,,0,0,,,,,range
energy__C_trend_pullback__conservative__mid,energy,,C_trend_pullback,conservative,mid,20,stock,DATA_INSUFFICIENT,"No licensed point-in-time US daily tape, delist file, corporate-action journal, or historical venue/industry vintages were verified in this environment.",False,,False,False,,,,,,,,,,,,,,,,,,,,,,0,0,,,,,bull
energy__C_trend_pullback__conservative__mid,energy,,C_trend_pullback,conservative,mid,20,stock,DATA_INSUFFICIENT,"No licensed point-in-time US daily tape, delist file, corporate-action journal, or historical venue/industry vintages were verified in this environment.",False,,False,False,,,,,,,,,,,,,,,,,,,,,,0,0,,,,,bear
energy__C_trend_pullback__conservative__mid,energy,,C_trend_pullback,conservative,mid,20,stock,DATA_INSUFFICIENT,"No licensed point-in-time US daily tape, delist file, corporate-action journal, or historical venue/industry vintages were verified in this environment.",False,,False,False,,,,,,,,,,,,,,,,,,,,,,0,0,,,,,range
energy__C_trend_pullback__conservative__long,energy,,C_trend_pullback,conservative,long,63,stock,DATA_INSUFFICIENT,"No licensed point-in-time US daily tape, delist file, corporate-action journal, or historical venue/industry vintages were verified in this environment.",False,,False,False,,,,,,,,,,,,,,,,,,,,,,0,0,,,,,bull
energy__C_trend_pullback__conservative__long,energy,,C_trend_pullback,conservative,long,63,stock,DATA_INSUFFICIENT,"No licensed point-in-time US daily tape, delist file, corporate-action journal, or historical venue/industry vintages were verified in this environment.",False,,False,False,,,,,,,,,,,,,,,,,,,,,,0,0,,,,,bear
energy__C_trend_pullback__conservative__long,energy,,C_trend_pullback,conservative,long,63,stock,DATA_INSUFFICIENT,"No licensed point-in-time US daily tape, delist file, corporate-action journal, or historical venue/industry vintages were verified in this environment.",False,,False,False,,,,,,,,,,,,,,,,,,,,,,0,0,,,,,range
energy__C_trend_pullback__balanced__short,energy,,C_trend_pullback,balanced,short,5,stock,DATA_INSUFFICIENT,"No licensed point-in-time US daily tape, delist file, corporate-action journal, or historical venue/industry vintages were verified in this environment.",False,,False,False,,,,,,,,,,,,,,,,,,,,,,0,0,,,,,bull
energy__C_trend_pullback__balanced__short,energy,,C_trend_pullback,balanced,short,5,stock,DATA_INSUFFICIENT,"No licensed point-in-time US daily tape, delist file, corporate-action journal, or historical venue/industry vintages were verified in this environment.",False,,False,False,,,,,,,,,,,,,,,,,,,,,,0,0,,,,,bear
energy__C_trend_pullback__balanced__short,energy,,C_trend_pullback,balanced,short,5,stock,DATA_INSUFFICIENT,"No licensed point-in-time US daily tape, delist file, corporate-action journal, or historical venue/industry vintages were verified in this environment.",False,,False,False,,,,,,,,,,,,,,,,,,,,,,0,0,,,,,range
energy__C_trend_pullback__balanced__mid,energy,,C_trend_pullback,balanced,mid,20,stock,DATA_INSUFFICIENT,"No licensed point-in-time US daily tape, delist file, corporate-action journal, or historical venue/industry vintages were verified in this environment.",False,,False,False,,,,,,,,,,,,,,,,,,,,,,0,0,,,,,bull
energy__C_trend_pullback__balanced__mid,energy,,C_trend_pullback,balanced,mid,20,stock,DATA_INSUFFICIENT,"No licensed point-in-time US daily tape, delist file, corporate-action journal, or historical venue/industry vintages were verified in this environment.",False,,False,False,,,,,,,,,,,,,,,,,,,,,,0,0,,,,,bear
energy__C_trend_pullback__balanced__mid,energy,,C_trend_pullback,balanced,mid,20,stock,DATA_INSUFFICIENT,"No licensed point-in-time US daily tape, delist file, corporate-action journal, or historical venue/industry vintages were verified in this environment.",False,,False,False,,,,,,,,,,,,,,,,,,,,,,0,0,,,,,range
energy__C_trend_pullback__balanced__long,energy,,C_trend_pullback,balanced,long,63,stock,DATA_INSUFFICIENT,"No licensed point-in-time US daily tape, delist file, corporate-action journal, or historical venue/industry vintages were verified in this environment.",False,,False,False,,,,,,,,,,,,,,,,,,,,,,0,0,,,,,bull
energy__C_trend_pullback__balanced__long,energy,,C_trend_pullback,balanced,long,63,stock,DATA_INSUFFICIENT,"No licensed point-in-time US daily tape, delist file, corporate-action journal, or historical venue/industry vintages were verified in this environment.",False,,False,False,,,,,,,,,,,,,,,,,,,,,,0,0,,,,,bear
energy__C_trend_pullback__balanced__long,energy,,C_trend_pullback,balanced,long,63,stock,DATA_INSUFFICIENT,"No licensed point-in-time US daily tape, delist file, corporate-action journal, or historical venue/industry vintages were verified in this environment.",False,,False,False,,,,,,,,,,,,,,,,,,,,,,0,0,,,,,range
energy__C_trend_pullback__aggressive__short,energy,,C_trend_pullback,aggressive,short,5,stock,DATA_INSUFFICIENT,"No licensed point-in-time US daily tape, delist file, corporate-action journal, or historical venue/industry vintages were verified in this environment.",False,,False,False,,,,,,,,,,,,,,,,,,,,,,0,0,,,,,bull
energy__C_trend_pullback__aggressive__short,energy,,C_trend_pullback,aggressive,short,5,stock,DATA_INSUFFICIENT,"No licensed point-in-time US daily tape, delist file, corporate-action journal, or historical venue/industry vintages were verified in this environment.",False,,False,False,,,,,,,,,,,,,,,,,,,,,,0,0,,,,,bear
energy__C_trend_pullback__aggressive__short,energy,,C_trend_pullback,aggressive,short,5,stock,DATA_INSUFFICIENT,"No licensed point-in-time US daily tape, delist file, corporate-action journal, or historical venue/industry vintages were verified in this environment.",False,,False,False,,,,,,,,,,,,,,,,,,,,,,0,0,,,,,range
energy__C_trend_pullback__aggressive__mid,energy,,C_trend_pullback,aggressive,mid,20,stock,DATA_INSUFFICIENT,"No licensed point-in-time US daily tape, delist file, corporate-action journal, or historical venue/industry vintages were verified in this environment.",False,,False,False,,,,,,,,,,,,,,,,,,,,,,0,0,,,,,bull
energy__C_trend_pullback__aggressive__mid,energy,,C_trend_pullback,aggressive,mid,20,stock,DATA_INSUFFICIENT,"No licensed point-in-time US daily tape, delist file, corporate-action journal, or historical venue/industry vintages were verified in this environment.",False,,False,False,,,,,,,,,,,,,,,,,,,,,,0,0,,,,,bear
energy__C_trend_pullback__aggressive__mid,energy,,C_trend_pullback,aggressive,mid,20,stock,DATA_INSUFFICIENT,"No licensed point-in-time US daily tape, delist file, corporate-action journal, or historical venue/industry vintages were verified in this environment.",False,,False,False,,,,,,,,,,,,,,,,,,,,,,0,0,,,,,range
energy__C_trend_pullback__aggressive__long,energy,,C_trend_pullback,aggressive,long,63,stock,DATA_INSUFFICIENT,"No licensed point-in-time US daily tape, delist file, corporate-action journal, or historical venue/industry vintages were verified in this environment.",False,,False,False,,,,,,,,,,,,,,,,,,,,,,0,0,,,,,bull
energy__C_trend_pullback__aggressive__long,energy,,C_trend_pullback,aggressive,long,63,stock,DATA_INSUFFICIENT,"No licensed point-in-time US daily tape, delist file, corporate-action journal, or historical venue/industry vintages were verified in this environment.",False,,False,False,,,,,,,,,,,,,,,,,,,,,,0,0,,,,,bear
energy__C_trend_pullback__aggressive__long,energy,,C_trend_pullback,aggressive,long,63,stock,DATA_INSUFFICIENT,"No licensed point-in-time US daily tape, delist file, corporate-action journal, or historical venue/industry vintages were verified in this environment.",False,,False,False,,,,,,,,,,,,,,,,,,,,,,0,0,,,,,range
energy__D_residual_momentum__conservative__short,energy,,D_residual_momentum,conservative,short,5,stock,DATA_INSUFFICIENT,"No licensed point-in-time US daily tape, delist file, corporate-action journal, or historical venue/industry vintages were verified in this environment.",False,,False,False,,,,,,,,,,,,,,,,,,,,,,0,0,,,,,bull
energy__D_residual_momentum__conservative__short,energy,,D_residual_momentum,conservative,short,5,stock,DATA_INSUFFICIENT,"No licensed point-in-time US daily tape, delist file, corporate-action journal, or historical venue/industry vintages were verified in this environment.",False,,False,False,,,,,,,,,,,,,,,,,,,,,,0,0,,,,,bear
energy__D_residual_momentum__conservative__short,energy,,D_residual_momentum,conservative,short,5,stock,DATA_INSUFFICIENT,"No licensed point-in-time US daily tape, delist file, corporate-action journal, or historical venue/industry vintages were verified in this environment.",False,,False,False,,,,,,,,,,,,,,,,,,,,,,0,0,,,,,range
energy__D_residual_momentum__conservative__mid,energy,,D_residual_momentum,conservative,mid,20,stock,DATA_INSUFFICIENT,"No licensed point-in-time US daily tape, delist file, corporate-action journal, or historical venue/industry vintages were verified in this environment.",False,,False,False,,,,,,,,,,,,,,,,,,,,,,0,0,,,,,bull
energy__D_residual_momentum__conservative__mid,energy,,D_residual_momentum,conservative,mid,20,stock,DATA_INSUFFICIENT,"No licensed point-in-time US daily tape, delist file, corporate-action journal, or historical venue/industry vintages were verified in this environment.",False,,False,False,,,,,,,,,,,,,,,,,,,,,,0,0,,,,,bear
energy__D_residual_momentum__conservative__mid,energy,,D_residual_momentum,conservative,mid,20,stock,DATA_INSUFFICIENT,"No licensed point-in-time US daily tape, delist file, corporate-action journal, or historical venue/industry vintages were verified in this environment.",False,,False,False,,,,,,,,,,,,,,,,,,,,,,0,0,,,,,range
energy__D_residual_momentum__conservative__long,energy,,D_residual_momentum,conservative,long,63,stock,DATA_INSUFFICIENT,"No licensed point-in-time US daily tape, delist file, corporate-action journal, or historical venue/industry vintages were verified in this environment.",False,,False,False,,,,,,,,,,,,,,,,,,,,,,0,0,,,,,bull
energy__D_residual_momentum__conservative__long,energy,,D_residual_momentum,conservative,long,63,stock,DATA_INSUFFICIENT,"No licensed point-in-time US daily tape, delist file, corporate-action journal, or historical venue/industry vintages were verified in this environment.",False,,False,False,,,,,,,,,,,,,,,,,,,,,,0,0,,,,,bear
energy__D_residual_momentum__conservative__long,energy,,D_residual_momentum,conservative,long,63,stock,DATA_INSUFFICIENT,"No licensed point-in-time US daily tape, delist file, corporate-action journal, or historical venue/industry vintages were verified in this environment.",False,,False,False,,,,,,,,,,,,,,,,,,,,,,0,0,,,,,range
energy__D_residual_momentum__balanced__short,energy,,D_residual_momentum,balanced,short,5,stock,DATA_INSUFFICIENT,"No licensed point-in-time US daily tape, delist file, corporate-action journal, or historical venue/industry vintages were verified in this environment.",False,,False,False,,,,,,,,,,,,,,,,,,,,,,0,0,,,,,bull
energy__D_residual_momentum__balanced__short,energy,,D_residual_momentum,balanced,short,5,stock,DATA_INSUFFICIENT,"No licensed point-in-time US daily tape, delist file, corporate-action journal, or historical venue/industry vintages were verified in this environment.",False,,False,False,,,,,,,,,,,,,,,,,,,,,,0,0,,,,,bear
energy__D_residual_momentum__balanced__short,energy,,D_residual_momentum,balanced,short,5,stock,DATA_INSUFFICIENT,"No licensed point-in-time US daily tape, delist file, corporate-action journal, or historical venue/industry vintages were verified in this environment.",False,,False,False,,,,,,,,,,,,,,,,,,,,,,0,0,,,,,range
energy__D_residual_momentum__balanced__mid,energy,,D_residual_momentum,balanced,mid,20,stock,DATA_INSUFFICIENT,"No licensed point-in-time US daily tape, delist file, corporate-action journal, or historical venue/industry vintages were verified in this environment.",False,,False,False,,,,,,,,,,,,,,,,,,,,,,0,0,,,,,bull
energy__D_residual_momentum__balanced__mid,energy,,D_residual_momentum,balanced,mid,20,stock,DATA_INSUFFICIENT,"No licensed point-in-time US daily tape, delist file, corporate-action journal, or historical venue/industry vintages were verified in this environment.",False,,False,False,,,,,,,,,,,,,,,,,,,,,,0,0,,,,,bear
energy__D_residual_momentum__balanced__mid,energy,,D_residual_momentum,balanced,mid,20,stock,DATA_INSUFFICIENT,"No licensed point-in-time US daily tape, delist file, corporate-action journal, or historical venue/industry vintages were verified in this environment.",False,,False,False,,,,,,,,,,,,,,,,,,,,,,0,0,,,,,range
energy__D_residual_momentum__balanced__long,energy,,D_residual_momentum,balanced,long,63,stock,DATA_INSUFFICIENT,"No licensed point-in-time US daily tape, delist file, corporate-action journal, or historical venue/industry vintages were verified in this environment.",False,,False,False,,,,,,,,,,,,,,,,,,,,,,0,0,,,,,bull
energy__D_residual_momentum__balanced__long,energy,,D_residual_momentum,balanced,long,63,stock,DATA_INSUFFICIENT,"No licensed point-in-time US daily tape, delist file, corporate-action journal, or historical venue/industry vintages were verified in this environment.",False,,False,False,,,,,,,,,,,,,,,,,,,,,,0,0,,,,,bear
energy__D_residual_momentum__balanced__long,energy,,D_residual_momentum,balanced,long,63,stock,DATA_INSUFFICIENT,"No licensed point-in-time US daily tape, delist file, corporate-action journal, or historical venue/industry vintages were verified in this environment.",False,,False,False,,,,,,,,,,,,,,,,,,,,,,0,0,,,,,range
energy__D_residual_momentum__aggressive__short,energy,,D_residual_momentum,aggressive,short,5,stock,DATA_INSUFFICIENT,"No licensed point-in-time US daily tape, delist file, corporate-action journal, or historical venue/industry vintages were verified in this environment.",False,,False,False,,,,,,,,,,,,,,,,,,,,,,0,0,,,,,bull
energy__D_residual_momentum__aggressive__short,energy,,D_residual_momentum,aggressive,short,5,stock,DATA_INSUFFICIENT,"No licensed point-in-time US daily tape, delist file, corporate-action journal, or historical venue/industry vintages were verified in this environment.",False,,False,False,,,,,,,,,,,,,,,,,,,,,,0,0,,,,,bear
energy__D_residual_momentum__aggressive__short,energy,,D_residual_momentum,aggressive,short,5,stock,DATA_INSUFFICIENT,"No licensed point-in-time US daily tape, delist file, corporate-action journal, or historical venue/industry vintages were verified in this environment.",False,,False,False,,,,,,,,,,,,,,,,,,,,,,0,0,,,,,range
energy__D_residual_momentum__aggressive__mid,energy,,D_residual_momentum,aggressive,mid,20,stock,DATA_INSUFFICIENT,"No licensed point-in-time US daily tape, delist file, corporate-action journal, or historical venue/industry vintages were verified in this environment.",False,,False,False,,,,,,,,,,,,,,,,,,,,,,0,0,,,,,bull
energy__D_residual_momentum__aggressive__mid,energy,,D_residual_momentum,aggressive,mid,20,stock,DATA_INSUFFICIENT,"No licensed point-in-time US daily tape, delist file, corporate-action journal, or historical venue/industry vintages were verified in this environment.",False,,False,False,,,,,,,,,,,,,,,,,,,,,,0,0,,,,,bear
energy__D_residual_momentum__aggressive__mid,energy,,D_residual_momentum,aggressive,mid,20,stock,DATA_INSUFFICIENT,"No licensed point-in-time US daily tape, delist file, corporate-action journal, or historical venue/industry vintages were verified in this environment.",False,,False,False,,,,,,,,,,,,,,,,,,,,,,0,0,,,,,range
energy__D_residual_momentum__aggressive__long,energy,,D_residual_momentum,aggressive,long,63,stock,DATA_INSUFFICIENT,"No licensed point-in-time US daily tape, delist file, corporate-action journal, or historical venue/industry vintages were verified in this environment.",False,,False,False,,,,,,,,,,,,,,,,,,,,,,0,0,,,,,bull
energy__D_residual_momentum__aggressive__long,energy,,D_residual_momentum,aggressive,long,63,stock,DATA_INSUFFICIENT,"No licensed point-in-time US daily tape, delist file, corporate-action journal, or historical venue/industry vintages were verified in this environment.",False,,False,False,,,,,,,,,,,,,,,,,,,,,,0,0,,,,,bear
energy__D_residual_momentum__aggressive__long,energy,,D_residual_momentum,aggressive,long,63,stock,DATA_INSUFFICIENT,"No licensed point-in-time US daily tape, delist file, corporate-action journal, or historical venue/industry vintages were verified in this environment.",False,,False,False,,,,,,,,,,,,,,,,,,,,,,0,0,,,,,range
utilities__A_trend_quality__conservative__short,utilities,,A_trend_quality,conservative,short,5,stock,DATA_INSUFFICIENT,"No licensed point-in-time US daily tape, delist file, corporate-action journal, or historical venue/industry vintages were verified in this environment.",False,,False,False,,,,,,,,,,,,,,,,,,,,,,0,0,,,,,bull
utilities__A_trend_quality__conservative__short,utilities,,A_trend_quality,conservative,short,5,stock,DATA_INSUFFICIENT,"No licensed point-in-time US daily tape, delist file, corporate-action journal, or historical venue/industry vintages were verified in this environment.",False,,False,False,,,,,,,,,,,,,,,,,,,,,,0,0,,,,,bear
utilities__A_trend_quality__conservative__short,utilities,,A_trend_quality,conservative,short,5,stock,DATA_INSUFFICIENT,"No licensed point-in-time US daily tape, delist file, corporate-action journal, or historical venue/industry vintages were verified in this environment.",False,,False,False,,,,,,,,,,,,,,,,,,,,,,0,0,,,,,range
utilities__A_trend_quality__conservative__mid,utilities,,A_trend_quality,conservative,mid,20,stock,DATA_INSUFFICIENT,"No licensed point-in-time US daily tape, delist file, corporate-action journal, or historical venue/industry vintages were verified in this environment.",False,,False,False,,,,,,,,,,,,,,,,,,,,,,0,0,,,,,bull
utilities__A_trend_quality__conservative__mid,utilities,,A_trend_quality,conservative,mid,20,stock,DATA_INSUFFICIENT,"No licensed point-in-time US daily tape, delist file, corporate-action journal, or historical venue/industry vintages were verified in this environment.",False,,False,False,,,,,,,,,,,,,,,,,,,,,,0,0,,,,,bear
utilities__A_trend_quality__conservative__mid,utilities,,A_trend_quality,conservative,mid,20,stock,DATA_INSUFFICIENT,"No licensed point-in-time US daily tape, delist file, corporate-action journal, or historical venue/industry vintages were verified in this environment.",False,,False,False,,,,,,,,,,,,,,,,,,,,,,0,0,,,,,range
utilities__A_trend_quality__conservative__long,utilities,,A_trend_quality,conservative,long,63,stock,DATA_INSUFFICIENT,"No licensed point-in-time US daily tape, delist file, corporate-action journal, or historical venue/industry vintages were verified in this environment.",False,,False,False,,,,,,,,,,,,,,,,,,,,,,0,0,,,,,bull
utilities__A_trend_quality__conservative__long,utilities,,A_trend_quality,conservative,long,63,stock,DATA_INSUFFICIENT,"No licensed point-in-time US daily tape, delist file, corporate-action journal, or historical venue/industry vintages were verified in this environment.",False,,False,False,,,,,,,,,,,,,,,,,,,,,,0,0,,,,,bear
utilities__A_trend_quality__conservative__long,utilities,,A_trend_quality,conservative,long,63,stock,DATA_INSUFFICIENT,"No licensed point-in-time US daily tape, delist file, corporate-action journal, or historical venue/industry vintages were verified in this environment.",False,,False,False,,,,,,,,,,,,,,,,,,,,,,0,0,,,,,range
utilities__A_trend_quality__balanced__short,utilities,,A_trend_quality,balanced,short,5,stock,DATA_INSUFFICIENT,"No licensed point-in-time US daily tape, delist file, corporate-action journal, or historical venue/industry vintages were verified in this environment.",False,,False,False,,,,,,,,,,,,,,,,,,,,,,0,0,,,,,bull
utilities__A_trend_quality__balanced__short,utilities,,A_trend_quality,balanced,short,5,stock,DATA_INSUFFICIENT,"No licensed point-in-time US daily tape, delist file, corporate-action journal, or historical venue/industry vintages were verified in this environment.",False,,False,False,,,,,,,,,,,,,,,,,,,,,,0,0,,,,,bear
utilities__A_trend_quality__balanced__short,utilities,,A_trend_quality,balanced,short,5,stock,DATA_INSUFFICIENT,"No licensed point-in-time US daily tape, delist file, corporate-action journal, or historical venue/industry vintages were verified in this environment.",False,,False,False,,,,,,,,,,,,,,,,,,,,,,0,0,,,,,range
utilities__A_trend_quality__balanced__mid,utilities,,A_trend_quality,balanced,mid,20,stock,DATA_INSUFFICIENT,"No licensed point-in-time US daily tape, delist file, corporate-action journal, or historical venue/industry vintages were verified in this environment.",False,,False,False,,,,,,,,,,,,,,,,,,,,,,0,0,,,,,bull
utilities__A_trend_quality__balanced__mid,utilities,,A_trend_quality,balanced,mid,20,stock,DATA_INSUFFICIENT,"No licensed point-in-time US daily tape, delist file, corporate-action journal, or historical venue/industry vintages were verified in this environment.",False,,False,False,,,,,,,,,,,,,,,,,,,,,,0,0,,,,,bear
utilities__A_trend_quality__balanced__mid,utilities,,A_trend_quality,balanced,mid,20,stock,DATA_INSUFFICIENT,"No licensed point-in-time US daily tape, delist file, corporate-action journal, or historical venue/industry vintages were verified in this environment.",False,,False,False,,,,,,,,,,,,,,,,,,,,,,0,0,,,,,range
utilities__A_trend_quality__balanced__long,utilities,,A_trend_quality,balanced,long,63,stock,DATA_INSUFFICIENT,"No licensed point-in-time US daily tape, delist file, corporate-action journal, or historical venue/industry vintages were verified in this environment.",False,,False,False,,,,,,,,,,,,,,,,,,,,,,0,0,,,,,bull
utilities__A_trend_quality__balanced__long,utilities,,A_trend_quality,balanced,long,63,stock,DATA_INSUFFICIENT,"No licensed point-in-time US daily tape, delist file, corporate-action journal, or historical venue/industry vintages were verified in this environment.",False,,False,False,,,,,,,,,,,,,,,,,,,,,,0,0,,,,,bear
utilities__A_trend_quality__balanced__long,utilities,,A_trend_quality,balanced,long,63,stock,DATA_INSUFFICIENT,"No licensed point-in-time US daily tape, delist file, corporate-action journal, or historical venue/industry vintages were verified in this environment.",False,,False,False,,,,,,,,,,,,,,,,,,,,,,0,0,,,,,range
utilities__A_trend_quality__aggressive__short,utilities,,A_trend_quality,aggressive,short,5,stock,DATA_INSUFFICIENT,"No licensed point-in-time US daily tape, delist file, corporate-action journal, or historical venue/industry vintages were verified in this environment.",False,,False,False,,,,,,,,,,,,,,,,,,,,,,0,0,,,,,bull
utilities__A_trend_quality__aggressive__short,utilities,,A_trend_quality,aggressive,short,5,stock,DATA_INSUFFICIENT,"No licensed point-in-time US daily tape, delist file, corporate-action journal, or historical venue/industry vintages were verified in this environment.",False,,False,False,,,,,,,,,,,,,,,,,,,,,,0,0,,,,,bear
utilities__A_trend_quality__aggressive__short,utilities,,A_trend_quality,aggressive,short,5,stock,DATA_INSUFFICIENT,"No licensed point-in-time US daily tape, delist file, corporate-action journal, or historical venue/industry vintages were verified in this environment.",False,,False,False,,,,,,,,,,,,,,,,,,,,,,0,0,,,,,range
utilities__A_trend_quality__aggressive__mid,utilities,,A_trend_quality,aggressive,mid,20,stock,DATA_INSUFFICIENT,"No licensed point-in-time US daily tape, delist file, corporate-action journal, or historical venue/industry vintages were verified in this environment.",False,,False,False,,,,,,,,,,,,,,,,,,,,,,0,0,,,,,bull
utilities__A_trend_quality__aggressive__mid,utilities,,A_trend_quality,aggressive,mid,20,stock,DATA_INSUFFICIENT,"No licensed point-in-time US daily tape, delist file, corporate-action journal, or historical venue/industry vintages were verified in this environment.",False,,False,False,,,,,,,,,,,,,,,,,,,,,,0,0,,,,,bear
utilities__A_trend_quality__aggressive__mid,utilities,,A_trend_quality,aggressive,mid,20,stock,DATA_INSUFFICIENT,"No licensed point-in-time US daily tape, delist file, corporate-action journal, or historical venue/industry vintages were verified in this environment.",False,,False,False,,,,,,,,,,,,,,,,,,,,,,0,0,,,,,range
utilities__A_trend_quality__aggressive__long,utilities,,A_trend_quality,aggressive,long,63,stock,DATA_INSUFFICIENT,"No licensed point-in-time US daily tape, delist file, corporate-action journal, or historical venue/industry vintages were verified in this environment.",False,,False,False,,,,,,,,,,,,,,,,,,,,,,0,0,,,,,bull
utilities__A_trend_quality__aggressive__long,utilities,,A_trend_quality,aggressive,long,63,stock,DATA_INSUFFICIENT,"No licensed point-in-time US daily tape, delist file, corporate-action journal, or historical venue/industry vintages were verified in this environment.",False,,False,False,,,,,,,,,,,,,,,,,,,,,,0,0,,,,,bear
utilities__A_trend_quality__aggressive__long,utilities,,A_trend_quality,aggressive,long,63,stock,DATA_INSUFFICIENT,"No licensed point-in-time US daily tape, delist file, corporate-action journal, or historical venue/industry vintages were verified in this environment.",False,,False,False,,,,,,,,,,,,,,,,,,,,,,0,0,,,,,range
utilities__B_confirmed_base_breakout__conservative__short,utilities,,B_confirmed_base_breakout,conservative,short,5,stock,DATA_INSUFFICIENT,"No licensed point-in-time US daily tape, delist file, corporate-action journal, or historical venue/industry vintages were verified in this environment.",False,,False,False,,,,,,,,,,,,,,,,,,,,,,0,0,,,,,bull
utilities__B_confirmed_base_breakout__conservative__short,utilities,,B_confirmed_base_breakout,conservative,short,5,stock,DATA_INSUFFICIENT,"No licensed point-in-time US daily tape, delist file, corporate-action journal, or historical venue/industry vintages were verified in this environment.",False,,False,False,,,,,,,,,,,,,,,,,,,,,,0,0,,,,,bear
utilities__B_confirmed_base_breakout__conservative__short,utilities,,B_confirmed_base_breakout,conservative,short,5,stock,DATA_INSUFFICIENT,"No licensed point-in-time US daily tape, delist file, corporate-action journal, or historical venue/industry vintages were verified in this environment.",False,,False,False,,,,,,,,,,,,,,,,,,,,,,0,0,,,,,range
utilities__B_confirmed_base_breakout__conservative__mid,utilities,,B_confirmed_base_breakout,conservative,mid,20,stock,DATA_INSUFFICIENT,"No licensed point-in-time US daily tape, delist file, corporate-action journal, or historical venue/industry vintages were verified in this environment.",False,,False,False,,,,,,,,,,,,,,,,,,,,,,0,0,,,,,bull
utilities__B_confirmed_base_breakout__conservative__mid,utilities,,B_confirmed_base_breakout,conservative,mid,20,stock,DATA_INSUFFICIENT,"No licensed point-in-time US daily tape, delist file, corporate-action journal, or historical venue/industry vintages were verified in this environment.",False,,False,False,,,,,,,,,,,,,,,,,,,,,,0,0,,,,,bear
utilities__B_confirmed_base_breakout__conservative__mid,utilities,,B_confirmed_base_breakout,conservative,mid,20,stock,DATA_INSUFFICIENT,"No licensed point-in-time US daily tape, delist file, corporate-action journal, or historical venue/industry vintages were verified in this environment.",False,,False,False,,,,,,,,,,,,,,,,,,,,,,0,0,,,,,range
utilities__B_confirmed_base_breakout__conservative__long,utilities,,B_confirmed_base_breakout,conservative,long,63,stock,DATA_INSUFFICIENT,"No licensed point-in-time US daily tape, delist file, corporate-action journal, or historical venue/industry vintages were verified in this environment.",False,,False,False,,,,,,,,,,,,,,,,,,,,,,0,0,,,,,bull
utilities__B_confirmed_base_breakout__conservative__long,utilities,,B_confirmed_base_breakout,conservative,long,63,stock,DATA_INSUFFICIENT,"No licensed point-in-time US daily tape, delist file, corporate-action journal, or historical venue/industry vintages were verified in this environment.",False,,False,False,,,,,,,,,,,,,,,,,,,,,,0,0,,,,,bear
utilities__B_confirmed_base_breakout__conservative__long,utilities,,B_confirmed_base_breakout,conservative,long,63,stock,DATA_INSUFFICIENT,"No licensed point-in-time US daily tape, delist file, corporate-action journal, or historical venue/industry vintages were verified in this environment.",False,,False,False,,,,,,,,,,,,,,,,,,,,,,0,0,,,,,range
utilities__B_confirmed_base_breakout__balanced__short,utilities,,B_confirmed_base_breakout,balanced,short,5,stock,DATA_INSUFFICIENT,"No licensed point-in-time US daily tape, delist file, corporate-action journal, or historical venue/industry vintages were verified in this environment.",False,,False,False,,,,,,,,,,,,,,,,,,,,,,0,0,,,,,bull
utilities__B_confirmed_base_breakout__balanced__short,utilities,,B_confirmed_base_breakout,balanced,short,5,stock,DATA_INSUFFICIENT,"No licensed point-in-time US daily tape, delist file, corporate-action journal, or historical venue/industry vintages were verified in this environment.",False,,False,False,,,,,,,,,,,,,,,,,,,,,,0,0,,,,,bear
utilities__B_confirmed_base_breakout__balanced__short,utilities,,B_confirmed_base_breakout,balanced,short,5,stock,DATA_INSUFFICIENT,"No licensed point-in-time US daily tape, delist file, corporate-action journal, or historical venue/industry vintages were verified in this environment.",False,,False,False,,,,,,,,,,,,,,,,,,,,,,0,0,,,,,range
utilities__B_confirmed_base_breakout__balanced__mid,utilities,,B_confirmed_base_breakout,balanced,mid,20,stock,DATA_INSUFFICIENT,"No licensed point-in-time US daily tape, delist file, corporate-action journal, or historical venue/industry vintages were verified in this environment.",False,,False,False,,,,,,,,,,,,,,,,,,,,,,0,0,,,,,bull
utilities__B_confirmed_base_breakout__balanced__mid,utilities,,B_confirmed_base_breakout,balanced,mid,20,stock,DATA_INSUFFICIENT,"No licensed point-in-time US daily tape, delist file, corporate-action journal, or historical venue/industry vintages were verified in this environment.",False,,False,False,,,,,,,,,,,,,,,,,,,,,,0,0,,,,,bear
utilities__B_confirmed_base_breakout__balanced__mid,utilities,,B_confirmed_base_breakout,balanced,mid,20,stock,DATA_INSUFFICIENT,"No licensed point-in-time US daily tape, delist file, corporate-action journal, or historical venue/industry vintages were verified in this environment.",False,,False,False,,,,,,,,,,,,,,,,,,,,,,0,0,,,,,range
utilities__B_confirmed_base_breakout__balanced__long,utilities,,B_confirmed_base_breakout,balanced,long,63,stock,DATA_INSUFFICIENT,"No licensed point-in-time US daily tape, delist file, corporate-action journal, or historical venue/industry vintages were verified in this environment.",False,,False,False,,,,,,,,,,,,,,,,,,,,,,0,0,,,,,bull
utilities__B_confirmed_base_breakout__balanced__long,utilities,,B_confirmed_base_breakout,balanced,long,63,stock,DATA_INSUFFICIENT,"No licensed point-in-time US daily tape, delist file, corporate-action journal, or historical venue/industry vintages were verified in this environment.",False,,False,False,,,,,,,,,,,,,,,,,,,,,,0,0,,,,,bear
utilities__B_confirmed_base_breakout__balanced__long,utilities,,B_confirmed_base_breakout,balanced,long,63,stock,DATA_INSUFFICIENT,"No licensed point-in-time US daily tape, delist file, corporate-action journal, or historical venue/industry vintages were verified in this environment.",False,,False,False,,,,,,,,,,,,,,,,,,,,,,0,0,,,,,range
utilities__B_confirmed_base_breakout__aggressive__short,utilities,,B_confirmed_base_breakout,aggressive,short,5,stock,DATA_INSUFFICIENT,"No licensed point-in-time US daily tape, delist file, corporate-action journal, or historical venue/industry vintages were verified in this environment.",False,,False,False,,,,,,,,,,,,,,,,,,,,,,0,0,,,,,bull
utilities__B_confirmed_base_breakout__aggressive__short,utilities,,B_confirmed_base_breakout,aggressive,short,5,stock,DATA_INSUFFICIENT,"No licensed point-in-time US daily tape, delist file, corporate-action journal, or historical venue/industry vintages were verified in this environment.",False,,False,False,,,,,,,,,,,,,,,,,,,,,,0,0,,,,,bear
utilities__B_confirmed_base_breakout__aggressive__short,utilities,,B_confirmed_base_breakout,aggressive,short,5,stock,DATA_INSUFFICIENT,"No licensed point-in-time US daily tape, delist file, corporate-action journal, or historical venue/industry vintages were verified in this environment.",False,,False,False,,,,,,,,,,,,,,,,,,,,,,0,0,,,,,range
utilities__B_confirmed_base_breakout__aggressive__mid,utilities,,B_confirmed_base_breakout,aggressive,mid,20,stock,DATA_INSUFFICIENT,"No licensed point-in-time US daily tape, delist file, corporate-action journal, or historical venue/industry vintages were verified in this environment.",False,,False,False,,,,,,,,,,,,,,,,,,,,,,0,0,,,,,bull
utilities__B_confirmed_base_breakout__aggressive__mid,utilities,,B_confirmed_base_breakout,aggressive,mid,20,stock,DATA_INSUFFICIENT,"No licensed point-in-time US daily tape, delist file, corporate-action journal, or historical venue/industry vintages were verified in this environment.",False,,False,False,,,,,,,,,,,,,,,,,,,,,,0,0,,,,,bear
utilities__B_confirmed_base_breakout__aggressive__mid,utilities,,B_confirmed_base_breakout,aggressive,mid,20,stock,DATA_INSUFFICIENT,"No licensed point-in-time US daily tape, delist file, corporate-action journal, or historical venue/industry vintages were verified in this environment.",False,,False,False,,,,,,,,,,,,,,,,,,,,,,0,0,,,,,range
utilities__B_confirmed_base_breakout__aggressive__long,utilities,,B_confirmed_base_breakout,aggressive,long,63,stock,DATA_INSUFFICIENT,"No licensed point-in-time US daily tape, delist file, corporate-action journal, or historical venue/industry vintages were verified in this environment.",False,,False,False,,,,,,,,,,,,,,,,,,,,,,0,0,,,,,bull
utilities__B_confirmed_base_breakout__aggressive__long,utilities,,B_confirmed_base_breakout,aggressive,long,63,stock,DATA_INSUFFICIENT,"No licensed point-in-time US daily tape, delist file, corporate-action journal, or historical venue/industry vintages were verified in this environment.",False,,False,False,,,,,,,,,,,,,,,,,,,,,,0,0,,,,,bear
utilities__B_confirmed_base_breakout__aggressive__long,utilities,,B_confirmed_base_breakout,aggressive,long,63,stock,DATA_INSUFFICIENT,"No licensed point-in-time US daily tape, delist file, corporate-action journal, or historical venue/industry vintages were verified in this environment.",False,,False,False,,,,,,,,,,,,,,,,,,,,,,0,0,,,,,range
utilities__C_trend_pullback__conservative__short,utilities,,C_trend_pullback,conservative,short,5,stock,DATA_INSUFFICIENT,"No licensed point-in-time US daily tape, delist file, corporate-action journal, or historical venue/industry vintages were verified in this environment.",False,,False,False,,,,,,,,,,,,,,,,,,,,,,0,0,,,,,bull
utilities__C_trend_pullback__conservative__short,utilities,,C_trend_pullback,conservative,short,5,stock,DATA_INSUFFICIENT,"No licensed point-in-time US daily tape, delist file, corporate-action journal, or historical venue/industry vintages were verified in this environment.",False,,False,False,,,,,,,,,,,,,,,,,,,,,,0,0,,,,,bear
utilities__C_trend_pullback__conservative__short,utilities,,C_trend_pullback,conservative,short,5,stock,DATA_INSUFFICIENT,"No licensed point-in-time US daily tape, delist file, corporate-action journal, or historical venue/industry vintages were verified in this environment.",False,,False,False,,,,,,,,,,,,,,,,,,,,,,0,0,,,,,range
utilities__C_trend_pullback__conservative__mid,utilities,,C_trend_pullback,conservative,mid,20,stock,DATA_INSUFFICIENT,"No licensed point-in-time US daily tape, delist file, corporate-action journal, or historical venue/industry vintages were verified in this environment.",False,,False,False,,,,,,,,,,,,,,,,,,,,,,0,0,,,,,bull
utilities__C_trend_pullback__conservative__mid,utilities,,C_trend_pullback,conservative,mid,20,stock,DATA_INSUFFICIENT,"No licensed point-in-time US daily tape, delist file, corporate-action journal, or historical venue/industry vintages were verified in this environment.",False,,False,False,,,,,,,,,,,,,,,,,,,,,,0,0,,,,,bear
utilities__C_trend_pullback__conservative__mid,utilities,,C_trend_pullback,conservative,mid,20,stock,DATA_INSUFFICIENT,"No licensed point-in-time US daily tape, delist file, corporate-action journal, or historical venue/industry vintages were verified in this environment.",False,,False,False,,,,,,,,,,,,,,,,,,,,,,0,0,,,,,range
utilities__C_trend_pullback__conservative__long,utilities,,C_trend_pullback,conservative,long,63,stock,DATA_INSUFFICIENT,"No licensed point-in-time US daily tape, delist file, corporate-action journal, or historical venue/industry vintages were verified in this environment.",False,,False,False,,,,,,,,,,,,,,,,,,,,,,0,0,,,,,bull
utilities__C_trend_pullback__conservative__long,utilities,,C_trend_pullback,conservative,long,63,stock,DATA_INSUFFICIENT,"No licensed point-in-time US daily tape, delist file, corporate-action journal, or historical venue/industry vintages were verified in this environment.",False,,False,False,,,,,,,,,,,,,,,,,,,,,,0,0,,,,,bear
utilities__C_trend_pullback__conservative__long,utilities,,C_trend_pullback,conservative,long,63,stock,DATA_INSUFFICIENT,"No licensed point-in-time US daily tape, delist file, corporate-action journal, or historical venue/industry vintages were verified in this environment.",False,,False,False,,,,,,,,,,,,,,,,,,,,,,0,0,,,,,range
utilities__C_trend_pullback__balanced__short,utilities,,C_trend_pullback,balanced,short,5,stock,DATA_INSUFFICIENT,"No licensed point-in-time US daily tape, delist file, corporate-action journal, or historical venue/industry vintages were verified in this environment.",False,,False,False,,,,,,,,,,,,,,,,,,,,,,0,0,,,,,bull
utilities__C_trend_pullback__balanced__short,utilities,,C_trend_pullback,balanced,short,5,stock,DATA_INSUFFICIENT,"No licensed point-in-time US daily tape, delist file, corporate-action journal, or historical venue/industry vintages were verified in this environment.",False,,False,False,,,,,,,,,,,,,,,,,,,,,,0,0,,,,,bear
utilities__C_trend_pullback__balanced__short,utilities,,C_trend_pullback,balanced,short,5,stock,DATA_INSUFFICIENT,"No licensed point-in-time US daily tape, delist file, corporate-action journal, or historical venue/industry vintages were verified in this environment.",False,,False,False,,,,,,,,,,,,,,,,,,,,,,0,0,,,,,range
utilities__C_trend_pullback__balanced__mid,utilities,,C_trend_pullback,balanced,mid,20,stock,DATA_INSUFFICIENT,"No licensed point-in-time US daily tape, delist file, corporate-action journal, or historical venue/industry vintages were verified in this environment.",False,,False,False,,,,,,,,,,,,,,,,,,,,,,0,0,,,,,bull
utilities__C_trend_pullback__balanced__mid,utilities,,C_trend_pullback,balanced,mid,20,stock,DATA_INSUFFICIENT,"No licensed point-in-time US daily tape, delist file, corporate-action journal, or historical venue/industry vintages were verified in this environment.",False,,False,False,,,,,,,,,,,,,,,,,,,,,,0,0,,,,,bear
utilities__C_trend_pullback__balanced__mid,utilities,,C_trend_pullback,balanced,mid,20,stock,DATA_INSUFFICIENT,"No licensed point-in-time US daily tape, delist file, corporate-action journal, or historical venue/industry vintages were verified in this environment.",False,,False,False,,,,,,,,,,,,,,,,,,,,,,0,0,,,,,range
utilities__C_trend_pullback__balanced__long,utilities,,C_trend_pullback,balanced,long,63,stock,DATA_INSUFFICIENT,"No licensed point-in-time US daily tape, delist file, corporate-action journal, or historical venue/industry vintages were verified in this environment.",False,,False,False,,,,,,,,,,,,,,,,,,,,,,0,0,,,,,bull
utilities__C_trend_pullback__balanced__long,utilities,,C_trend_pullback,balanced,long,63,stock,DATA_INSUFFICIENT,"No licensed point-in-time US daily tape, delist file, corporate-action journal, or historical venue/industry vintages were verified in this environment.",False,,False,False,,,,,,,,,,,,,,,,,,,,,,0,0,,,,,bear
utilities__C_trend_pullback__balanced__long,utilities,,C_trend_pullback,balanced,long,63,stock,DATA_INSUFFICIENT,"No licensed point-in-time US daily tape, delist file, corporate-action journal, or historical venue/industry vintages were verified in this environment.",False,,False,False,,,,,,,,,,,,,,,,,,,,,,0,0,,,,,range
utilities__C_trend_pullback__aggressive__short,utilities,,C_trend_pullback,aggressive,short,5,stock,DATA_INSUFFICIENT,"No licensed point-in-time US daily tape, delist file, corporate-action journal, or historical venue/industry vintages were verified in this environment.",False,,False,False,,,,,,,,,,,,,,,,,,,,,,0,0,,,,,bull
utilities__C_trend_pullback__aggressive__short,utilities,,C_trend_pullback,aggressive,short,5,stock,DATA_INSUFFICIENT,"No licensed point-in-time US daily tape, delist file, corporate-action journal, or historical venue/industry vintages were verified in this environment.",False,,False,False,,,,,,,,,,,,,,,,,,,,,,0,0,,,,,bear
utilities__C_trend_pullback__aggressive__short,utilities,,C_trend_pullback,aggressive,short,5,stock,DATA_INSUFFICIENT,"No licensed point-in-time US daily tape, delist file, corporate-action journal, or historical venue/industry vintages were verified in this environment.",False,,False,False,,,,,,,,,,,,,,,,,,,,,,0,0,,,,,range
utilities__C_trend_pullback__aggressive__mid,utilities,,C_trend_pullback,aggressive,mid,20,stock,DATA_INSUFFICIENT,"No licensed point-in-time US daily tape, delist file, corporate-action journal, or historical venue/industry vintages were verified in this environment.",False,,False,False,,,,,,,,,,,,,,,,,,,,,,0,0,,,,,bull
utilities__C_trend_pullback__aggressive__mid,utilities,,C_trend_pullback,aggressive,mid,20,stock,DATA_INSUFFICIENT,"No licensed point-in-time US daily tape, delist file, corporate-action journal, or historical venue/industry vintages were verified in this environment.",False,,False,False,,,,,,,,,,,,,,,,,,,,,,0,0,,,,,bear
utilities__C_trend_pullback__aggressive__mid,utilities,,C_trend_pullback,aggressive,mid,20,stock,DATA_INSUFFICIENT,"No licensed point-in-time US daily tape, delist file, corporate-action journal, or historical venue/industry vintages were verified in this environment.",False,,False,False,,,,,,,,,,,,,,,,,,,,,,0,0,,,,,range
utilities__C_trend_pullback__aggressive__long,utilities,,C_trend_pullback,aggressive,long,63,stock,DATA_INSUFFICIENT,"No licensed point-in-time US daily tape, delist file, corporate-action journal, or historical venue/industry vintages were verified in this environment.",False,,False,False,,,,,,,,,,,,,,,,,,,,,,0,0,,,,,bull
utilities__C_trend_pullback__aggressive__long,utilities,,C_trend_pullback,aggressive,long,63,stock,DATA_INSUFFICIENT,"No licensed point-in-time US daily tape, delist file, corporate-action journal, or historical venue/industry vintages were verified in this environment.",False,,False,False,,,,,,,,,,,,,,,,,,,,,,0,0,,,,,bear
utilities__C_trend_pullback__aggressive__long,utilities,,C_trend_pullback,aggressive,long,63,stock,DATA_INSUFFICIENT,"No licensed point-in-time US daily tape, delist file, corporate-action journal, or historical venue/industry vintages were verified in this environment.",False,,False,False,,,,,,,,,,,,,,,,,,,,,,0,0,,,,,range
utilities__D_residual_momentum__conservative__short,utilities,,D_residual_momentum,conservative,short,5,stock,DATA_INSUFFICIENT,"No licensed point-in-time US daily tape, delist file, corporate-action journal, or historical venue/industry vintages were verified in this environment.",False,,False,False,,,,,,,,,,,,,,,,,,,,,,0,0,,,,,bull
utilities__D_residual_momentum__conservative__short,utilities,,D_residual_momentum,conservative,short,5,stock,DATA_INSUFFICIENT,"No licensed point-in-time US daily tape, delist file, corporate-action journal, or historical venue/industry vintages were verified in this environment.",False,,False,False,,,,,,,,,,,,,,,,,,,,,,0,0,,,,,bear
utilities__D_residual_momentum__conservative__short,utilities,,D_residual_momentum,conservative,short,5,stock,DATA_INSUFFICIENT,"No licensed point-in-time US daily tape, delist file, corporate-action journal, or historical venue/industry vintages were verified in this environment.",False,,False,False,,,,,,,,,,,,,,,,,,,,,,0,0,,,,,range
utilities__D_residual_momentum__conservative__mid,utilities,,D_residual_momentum,conservative,mid,20,stock,DATA_INSUFFICIENT,"No licensed point-in-time US daily tape, delist file, corporate-action journal, or historical venue/industry vintages were verified in this environment.",False,,False,False,,,,,,,,,,,,,,,,,,,,,,0,0,,,,,bull
utilities__D_residual_momentum__conservative__mid,utilities,,D_residual_momentum,conservative,mid,20,stock,DATA_INSUFFICIENT,"No licensed point-in-time US daily tape, delist file, corporate-action journal, or historical venue/industry vintages were verified in this environment.",False,,False,False,,,,,,,,,,,,,,,,,,,,,,0,0,,,,,bear
utilities__D_residual_momentum__conservative__mid,utilities,,D_residual_momentum,conservative,mid,20,stock,DATA_INSUFFICIENT,"No licensed point-in-time US daily tape, delist file, corporate-action journal, or historical venue/industry vintages were verified in this environment.",False,,False,False,,,,,,,,,,,,,,,,,,,,,,0,0,,,,,range
utilities__D_residual_momentum__conservative__long,utilities,,D_residual_momentum,conservative,long,63,stock,DATA_INSUFFICIENT,"No licensed point-in-time US daily tape, delist file, corporate-action journal, or historical venue/industry vintages were verified in this environment.",False,,False,False,,,,,,,,,,,,,,,,,,,,,,0,0,,,,,bull
utilities__D_residual_momentum__conservative__long,utilities,,D_residual_momentum,conservative,long,63,stock,DATA_INSUFFICIENT,"No licensed point-in-time US daily tape, delist file, corporate-action journal, or historical venue/industry vintages were verified in this environment.",False,,False,False,,,,,,,,,,,,,,,,,,,,,,0,0,,,,,bear
utilities__D_residual_momentum__conservative__long,utilities,,D_residual_momentum,conservative,long,63,stock,DATA_INSUFFICIENT,"No licensed point-in-time US daily tape, delist file, corporate-action journal, or historical venue/industry vintages were verified in this environment.",False,,False,False,,,,,,,,,,,,,,,,,,,,,,0,0,,,,,range
utilities__D_residual_momentum__balanced__short,utilities,,D_residual_momentum,balanced,short,5,stock,DATA_INSUFFICIENT,"No licensed point-in-time US daily tape, delist file, corporate-action journal, or historical venue/industry vintages were verified in this environment.",False,,False,False,,,,,,,,,,,,,,,,,,,,,,0,0,,,,,bull
utilities__D_residual_momentum__balanced__short,utilities,,D_residual_momentum,balanced,short,5,stock,DATA_INSUFFICIENT,"No licensed point-in-time US daily tape, delist file, corporate-action journal, or historical venue/industry vintages were verified in this environment.",False,,False,False,,,,,,,,,,,,,,,,,,,,,,0,0,,,,,bear
utilities__D_residual_momentum__balanced__short,utilities,,D_residual_momentum,balanced,short,5,stock,DATA_INSUFFICIENT,"No licensed point-in-time US daily tape, delist file, corporate-action journal, or historical venue/industry vintages were verified in this environment.",False,,False,False,,,,,,,,,,,,,,,,,,,,,,0,0,,,,,range
utilities__D_residual_momentum__balanced__mid,utilities,,D_residual_momentum,balanced,mid,20,stock,DATA_INSUFFICIENT,"No licensed point-in-time US daily tape, delist file, corporate-action journal, or historical venue/industry vintages were verified in this environment.",False,,False,False,,,,,,,,,,,,,,,,,,,,,,0,0,,,,,bull
utilities__D_residual_momentum__balanced__mid,utilities,,D_residual_momentum,balanced,mid,20,stock,DATA_INSUFFICIENT,"No licensed point-in-time US daily tape, delist file, corporate-action journal, or historical venue/industry vintages were verified in this environment.",False,,False,False,,,,,,,,,,,,,,,,,,,,,,0,0,,,,,bear
utilities__D_residual_momentum__balanced__mid,utilities,,D_residual_momentum,balanced,mid,20,stock,DATA_INSUFFICIENT,"No licensed point-in-time US daily tape, delist file, corporate-action journal, or historical venue/industry vintages were verified in this environment.",False,,False,False,,,,,,,,,,,,,,,,,,,,,,0,0,,,,,range
utilities__D_residual_momentum__balanced__long,utilities,,D_residual_momentum,balanced,long,63,stock,DATA_INSUFFICIENT,"No licensed point-in-time US daily tape, delist file, corporate-action journal, or historical venue/industry vintages were verified in this environment.",False,,False,False,,,,,,,,,,,,,,,,,,,,,,0,0,,,,,bull
utilities__D_residual_momentum__balanced__long,utilities,,D_residual_momentum,balanced,long,63,stock,DATA_INSUFFICIENT,"No licensed point-in-time US daily tape, delist file, corporate-action journal, or historical venue/industry vintages were verified in this environment.",False,,False,False,,,,,,,,,,,,,,,,,,,,,,0,0,,,,,bear
utilities__D_residual_momentum__balanced__long,utilities,,D_residual_momentum,balanced,long,63,stock,DATA_INSUFFICIENT,"No licensed point-in-time US daily tape, delist file, corporate-action journal, or historical venue/industry vintages were verified in this environment.",False,,False,False,,,,,,,,,,,,,,,,,,,,,,0,0,,,,,range
utilities__D_residual_momentum__aggressive__short,utilities,,D_residual_momentum,aggressive,short,5,stock,DATA_INSUFFICIENT,"No licensed point-in-time US daily tape, delist file, corporate-action journal, or historical venue/industry vintages were verified in this environment.",False,,False,False,,,,,,,,,,,,,,,,,,,,,,0,0,,,,,bull
utilities__D_residual_momentum__aggressive__short,utilities,,D_residual_momentum,aggressive,short,5,stock,DATA_INSUFFICIENT,"No licensed point-in-time US daily tape, delist file, corporate-action journal, or historical venue/industry vintages were verified in this environment.",False,,False,False,,,,,,,,,,,,,,,,,,,,,,0,0,,,,,bear
utilities__D_residual_momentum__aggressive__short,utilities,,D_residual_momentum,aggressive,short,5,stock,DATA_INSUFFICIENT,"No licensed point-in-time US daily tape, delist file, corporate-action journal, or historical venue/industry vintages were verified in this environment.",False,,False,False,,,,,,,,,,,,,,,,,,,,,,0,0,,,,,range
utilities__D_residual_momentum__aggressive__mid,utilities,,D_residual_momentum,aggressive,mid,20,stock,DATA_INSUFFICIENT,"No licensed point-in-time US daily tape, delist file, corporate-action journal, or historical venue/industry vintages were verified in this environment.",False,,False,False,,,,,,,,,,,,,,,,,,,,,,0,0,,,,,bull
utilities__D_residual_momentum__aggressive__mid,utilities,,D_residual_momentum,aggressive,mid,20,stock,DATA_INSUFFICIENT,"No licensed point-in-time US daily tape, delist file, corporate-action journal, or historical venue/industry vintages were verified in this environment.",False,,False,False,,,,,,,,,,,,,,,,,,,,,,0,0,,,,,bear
utilities__D_residual_momentum__aggressive__mid,utilities,,D_residual_momentum,aggressive,mid,20,stock,DATA_INSUFFICIENT,"No licensed point-in-time US daily tape, delist file, corporate-action journal, or historical venue/industry vintages were verified in this environment.",False,,False,False,,,,,,,,,,,,,,,,,,,,,,0,0,,,,,range
utilities__D_residual_momentum__aggressive__long,utilities,,D_residual_momentum,aggressive,long,63,stock,DATA_INSUFFICIENT,"No licensed point-in-time US daily tape, delist file, corporate-action journal, or historical venue/industry vintages were verified in this environment.",False,,False,False,,,,,,,,,,,,,,,,,,,,,,0,0,,,,,bull
utilities__D_residual_momentum__aggressive__long,utilities,,D_residual_momentum,aggressive,long,63,stock,DATA_INSUFFICIENT,"No licensed point-in-time US daily tape, delist file, corporate-action journal, or historical venue/industry vintages were verified in this environment.",False,,False,False,,,,,,,,,,,,,,,,,,,,,,0,0,,,,,bear
utilities__D_residual_momentum__aggressive__long,utilities,,D_residual_momentum,aggressive,long,63,stock,DATA_INSUFFICIENT,"No licensed point-in-time US daily tape, delist file, corporate-action journal, or historical venue/industry vintages were verified in this environment.",False,,False,False,,,,,,,,,,,,,,,,,,,,,,0,0,,,,,range
defense_aero__A_trend_quality__conservative__short,defense_aero,,A_trend_quality,conservative,short,5,stock,DATA_INSUFFICIENT,"No licensed point-in-time US daily tape, delist file, corporate-action journal, or historical venue/industry vintages were verified in this environment.",False,,False,False,,,,,,,,,,,,,,,,,,,,,,0,0,,,,,bull
defense_aero__A_trend_quality__conservative__short,defense_aero,,A_trend_quality,conservative,short,5,stock,DATA_INSUFFICIENT,"No licensed point-in-time US daily tape, delist file, corporate-action journal, or historical venue/industry vintages were verified in this environment.",False,,False,False,,,,,,,,,,,,,,,,,,,,,,0,0,,,,,bear
defense_aero__A_trend_quality__conservative__short,defense_aero,,A_trend_quality,conservative,short,5,stock,DATA_INSUFFICIENT,"No licensed point-in-time US daily tape, delist file, corporate-action journal, or historical venue/industry vintages were verified in this environment.",False,,False,False,,,,,,,,,,,,,,,,,,,,,,0,0,,,,,range
defense_aero__A_trend_quality__conservative__mid,defense_aero,,A_trend_quality,conservative,mid,20,stock,DATA_INSUFFICIENT,"No licensed point-in-time US daily tape, delist file, corporate-action journal, or historical venue/industry vintages were verified in this environment.",False,,False,False,,,,,,,,,,,,,,,,,,,,,,0,0,,,,,bull
defense_aero__A_trend_quality__conservative__mid,defense_aero,,A_trend_quality,conservative,mid,20,stock,DATA_INSUFFICIENT,"No licensed point-in-time US daily tape, delist file, corporate-action journal, or historical venue/industry vintages were verified in this environment.",False,,False,False,,,,,,,,,,,,,,,,,,,,,,0,0,,,,,bear
defense_aero__A_trend_quality__conservative__mid,defense_aero,,A_trend_quality,conservative,mid,20,stock,DATA_INSUFFICIENT,"No licensed point-in-time US daily tape, delist file, corporate-action journal, or historical venue/industry vintages were verified in this environment.",False,,False,False,,,,,,,,,,,,,,,,,,,,,,0,0,,,,,range
defense_aero__A_trend_quality__conservative__long,defense_aero,,A_trend_quality,conservative,long,63,stock,DATA_INSUFFICIENT,"No licensed point-in-time US daily tape, delist file, corporate-action journal, or historical venue/industry vintages were verified in this environment.",False,,False,False,,,,,,,,,,,,,,,,,,,,,,0,0,,,,,bull
defense_aero__A_trend_quality__conservative__long,defense_aero,,A_trend_quality,conservative,long,63,stock,DATA_INSUFFICIENT,"No licensed point-in-time US daily tape, delist file, corporate-action journal, or historical venue/industry vintages were verified in this environment.",False,,False,False,,,,,,,,,,,,,,,,,,,,,,0,0,,,,,bear
defense_aero__A_trend_quality__conservative__long,defense_aero,,A_trend_quality,conservative,long,63,stock,DATA_INSUFFICIENT,"No licensed point-in-time US daily tape, delist file, corporate-action journal, or historical venue/industry vintages were verified in this environment.",False,,False,False,,,,,,,,,,,,,,,,,,,,,,0,0,,,,,range
defense_aero__A_trend_quality__balanced__short,defense_aero,,A_trend_quality,balanced,short,5,stock,DATA_INSUFFICIENT,"No licensed point-in-time US daily tape, delist file, corporate-action journal, or historical venue/industry vintages were verified in this environment.",False,,False,False,,,,,,,,,,,,,,,,,,,,,,0,0,,,,,bull
defense_aero__A_trend_quality__balanced__short,defense_aero,,A_trend_quality,balanced,short,5,stock,DATA_INSUFFICIENT,"No licensed point-in-time US daily tape, delist file, corporate-action journal, or historical venue/industry vintages were verified in this environment.",False,,False,False,,,,,,,,,,,,,,,,,,,,,,0,0,,,,,bear
defense_aero__A_trend_quality__balanced__short,defense_aero,,A_trend_quality,balanced,short,5,stock,DATA_INSUFFICIENT,"No licensed point-in-time US daily tape, delist file, corporate-action journal, or historical venue/industry vintages were verified in this environment.",False,,False,False,,,,,,,,,,,,,,,,,,,,,,0,0,,,,,range
defense_aero__A_trend_quality__balanced__mid,defense_aero,,A_trend_quality,balanced,mid,20,stock,DATA_INSUFFICIENT,"No licensed point-in-time US daily tape, delist file, corporate-action journal, or historical venue/industry vintages were verified in this environment.",False,,False,False,,,,,,,,,,,,,,,,,,,,,,0,0,,,,,bull
defense_aero__A_trend_quality__balanced__mid,defense_aero,,A_trend_quality,balanced,mid,20,stock,DATA_INSUFFICIENT,"No licensed point-in-time US daily tape, delist file, corporate-action journal, or historical venue/industry vintages were verified in this environment.",False,,False,False,,,,,,,,,,,,,,,,,,,,,,0,0,,,,,bear
defense_aero__A_trend_quality__balanced__mid,defense_aero,,A_trend_quality,balanced,mid,20,stock,DATA_INSUFFICIENT,"No licensed point-in-time US daily tape, delist file, corporate-action journal, or historical venue/industry vintages were verified in this environment.",False,,False,False,,,,,,,,,,,,,,,,,,,,,,0,0,,,,,range
defense_aero__A_trend_quality__balanced__long,defense_aero,,A_trend_quality,balanced,long,63,stock,DATA_INSUFFICIENT,"No licensed point-in-time US daily tape, delist file, corporate-action journal, or historical venue/industry vintages were verified in this environment.",False,,False,False,,,,,,,,,,,,,,,,,,,,,,0,0,,,,,bull
defense_aero__A_trend_quality__balanced__long,defense_aero,,A_trend_quality,balanced,long,63,stock,DATA_INSUFFICIENT,"No licensed point-in-time US daily tape, delist file, corporate-action journal, or historical venue/industry vintages were verified in this environment.",False,,False,False,,,,,,,,,,,,,,,,,,,,,,0,0,,,,,bear
defense_aero__A_trend_quality__balanced__long,defense_aero,,A_trend_quality,balanced,long,63,stock,DATA_INSUFFICIENT,"No licensed point-in-time US daily tape, delist file, corporate-action journal, or historical venue/industry vintages were verified in this environment.",False,,False,False,,,,,,,,,,,,,,,,,,,,,,0,0,,,,,range
defense_aero__A_trend_quality__aggressive__short,defense_aero,,A_trend_quality,aggressive,short,5,stock,DATA_INSUFFICIENT,"No licensed point-in-time US daily tape, delist file, corporate-action journal, or historical venue/industry vintages were verified in this environment.",False,,False,False,,,,,,,,,,,,,,,,,,,,,,0,0,,,,,bull
defense_aero__A_trend_quality__aggressive__short,defense_aero,,A_trend_quality,aggressive,short,5,stock,DATA_INSUFFICIENT,"No licensed point-in-time US daily tape, delist file, corporate-action journal, or historical venue/industry vintages were verified in this environment.",False,,False,False,,,,,,,,,,,,,,,,,,,,,,0,0,,,,,bear
defense_aero__A_trend_quality__aggressive__short,defense_aero,,A_trend_quality,aggressive,short,5,stock,DATA_INSUFFICIENT,"No licensed point-in-time US daily tape, delist file, corporate-action journal, or historical venue/industry vintages were verified in this environment.",False,,False,False,,,,,,,,,,,,,,,,,,,,,,0,0,,,,,range
defense_aero__A_trend_quality__aggressive__mid,defense_aero,,A_trend_quality,aggressive,mid,20,stock,DATA_INSUFFICIENT,"No licensed point-in-time US daily tape, delist file, corporate-action journal, or historical venue/industry vintages were verified in this environment.",False,,False,False,,,,,,,,,,,,,,,,,,,,,,0,0,,,,,bull
defense_aero__A_trend_quality__aggressive__mid,defense_aero,,A_trend_quality,aggressive,mid,20,stock,DATA_INSUFFICIENT,"No licensed point-in-time US daily tape, delist file, corporate-action journal, or historical venue/industry vintages were verified in this environment.",False,,False,False,,,,,,,,,,,,,,,,,,,,,,0,0,,,,,bear
defense_aero__A_trend_quality__aggressive__mid,defense_aero,,A_trend_quality,aggressive,mid,20,stock,DATA_INSUFFICIENT,"No licensed point-in-time US daily tape, delist file, corporate-action journal, or historical venue/industry vintages were verified in this environment.",False,,False,False,,,,,,,,,,,,,,,,,,,,,,0,0,,,,,range
defense_aero__A_trend_quality__aggressive__long,defense_aero,,A_trend_quality,aggressive,long,63,stock,DATA_INSUFFICIENT,"No licensed point-in-time US daily tape, delist file, corporate-action journal, or historical venue/industry vintages were verified in this environment.",False,,False,False,,,,,,,,,,,,,,,,,,,,,,0,0,,,,,bull
defense_aero__A_trend_quality__aggressive__long,defense_aero,,A_trend_quality,aggressive,long,63,stock,DATA_INSUFFICIENT,"No licensed point-in-time US daily tape, delist file, corporate-action journal, or historical venue/industry vintages were verified in this environment.",False,,False,False,,,,,,,,,,,,,,,,,,,,,,0,0,,,,,bear
defense_aero__A_trend_quality__aggressive__long,defense_aero,,A_trend_quality,aggressive,long,63,stock,DATA_INSUFFICIENT,"No licensed point-in-time US daily tape, delist file, corporate-action journal, or historical venue/industry vintages were verified in this environment.",False,,False,False,,,,,,,,,,,,,,,,,,,,,,0,0,,,,,range
defense_aero__B_confirmed_base_breakout__conservative__short,defense_aero,,B_confirmed_base_breakout,conservative,short,5,stock,DATA_INSUFFICIENT,"No licensed point-in-time US daily tape, delist file, corporate-action journal, or historical venue/industry vintages were verified in this environment.",False,,False,False,,,,,,,,,,,,,,,,,,,,,,0,0,,,,,bull
defense_aero__B_confirmed_base_breakout__conservative__short,defense_aero,,B_confirmed_base_breakout,conservative,short,5,stock,DATA_INSUFFICIENT,"No licensed point-in-time US daily tape, delist file, corporate-action journal, or historical venue/industry vintages were verified in this environment.",False,,False,False,,,,,,,,,,,,,,,,,,,,,,0,0,,,,,bear
defense_aero__B_confirmed_base_breakout__conservative__short,defense_aero,,B_confirmed_base_breakout,conservative,short,5,stock,DATA_INSUFFICIENT,"No licensed point-in-time US daily tape, delist file, corporate-action journal, or historical venue/industry vintages were verified in this environment.",False,,False,False,,,,,,,,,,,,,,,,,,,,,,0,0,,,,,range
defense_aero__B_confirmed_base_breakout__conservative__mid,defense_aero,,B_confirmed_base_breakout,conservative,mid,20,stock,DATA_INSUFFICIENT,"No licensed point-in-time US daily tape, delist file, corporate-action journal, or historical venue/industry vintages were verified in this environment.",False,,False,False,,,,,,,,,,,,,,,,,,,,,,0,0,,,,,bull
defense_aero__B_confirmed_base_breakout__conservative__mid,defense_aero,,B_confirmed_base_breakout,conservative,mid,20,stock,DATA_INSUFFICIENT,"No licensed point-in-time US daily tape, delist file, corporate-action journal, or historical venue/industry vintages were verified in this environment.",False,,False,False,,,,,,,,,,,,,,,,,,,,,,0,0,,,,,bear
defense_aero__B_confirmed_base_breakout__conservative__mid,defense_aero,,B_confirmed_base_breakout,conservative,mid,20,stock,DATA_INSUFFICIENT,"No licensed point-in-time US daily tape, delist file, corporate-action journal, or historical venue/industry vintages were verified in this environment.",False,,False,False,,,,,,,,,,,,,,,,,,,,,,0,0,,,,,range
defense_aero__B_confirmed_base_breakout__conservative__long,defense_aero,,B_confirmed_base_breakout,conservative,long,63,stock,DATA_INSUFFICIENT,"No licensed point-in-time US daily tape, delist file, corporate-action journal, or historical venue/industry vintages were verified in this environment.",False,,False,False,,,,,,,,,,,,,,,,,,,,,,0,0,,,,,bull
defense_aero__B_confirmed_base_breakout__conservative__long,defense_aero,,B_confirmed_base_breakout,conservative,long,63,stock,DATA_INSUFFICIENT,"No licensed point-in-time US daily tape, delist file, corporate-action journal, or historical venue/industry vintages were verified in this environment.",False,,False,False,,,,,,,,,,,,,,,,,,,,,,0,0,,,,,bear
defense_aero__B_confirmed_base_breakout__conservative__long,defense_aero,,B_confirmed_base_breakout,conservative,long,63,stock,DATA_INSUFFICIENT,"No licensed point-in-time US daily tape, delist file, corporate-action journal, or historical venue/industry vintages were verified in this environment.",False,,False,False,,,,,,,,,,,,,,,,,,,,,,0,0,,,,,range
defense_aero__B_confirmed_base_breakout__balanced__short,defense_aero,,B_confirmed_base_breakout,balanced,short,5,stock,DATA_INSUFFICIENT,"No licensed point-in-time US daily tape, delist file, corporate-action journal, or historical venue/industry vintages were verified in this environment.",False,,False,False,,,,,,,,,,,,,,,,,,,,,,0,0,,,,,bull
defense_aero__B_confirmed_base_breakout__balanced__short,defense_aero,,B_confirmed_base_breakout,balanced,short,5,stock,DATA_INSUFFICIENT,"No licensed point-in-time US daily tape, delist file, corporate-action journal, or historical venue/industry vintages were verified in this environment.",False,,False,False,,,,,,,,,,,,,,,,,,,,,,0,0,,,,,bear
defense_aero__B_confirmed_base_breakout__balanced__short,defense_aero,,B_confirmed_base_breakout,balanced,short,5,stock,DATA_INSUFFICIENT,"No licensed point-in-time US daily tape, delist file, corporate-action journal, or historical venue/industry vintages were verified in this environment.",False,,False,False,,,,,,,,,,,,,,,,,,,,,,0,0,,,,,range
defense_aero__B_confirmed_base_breakout__balanced__mid,defense_aero,,B_confirmed_base_breakout,balanced,mid,20,stock,DATA_INSUFFICIENT,"No licensed point-in-time US daily tape, delist file, corporate-action journal, or historical venue/industry vintages were verified in this environment.",False,,False,False,,,,,,,,,,,,,,,,,,,,,,0,0,,,,,bull
defense_aero__B_confirmed_base_breakout__balanced__mid,defense_aero,,B_confirmed_base_breakout,balanced,mid,20,stock,DATA_INSUFFICIENT,"No licensed point-in-time US daily tape, delist file, corporate-action journal, or historical venue/industry vintages were verified in this environment.",False,,False,False,,,,,,,,,,,,,,,,,,,,,,0,0,,,,,bear
defense_aero__B_confirmed_base_breakout__balanced__mid,defense_aero,,B_confirmed_base_breakout,balanced,mid,20,stock,DATA_INSUFFICIENT,"No licensed point-in-time US daily tape, delist file, corporate-action journal, or historical venue/industry vintages were verified in this environment.",False,,False,False,,,,,,,,,,,,,,,,,,,,,,0,0,,,,,range
defense_aero__B_confirmed_base_breakout__balanced__long,defense_aero,,B_confirmed_base_breakout,balanced,long,63,stock,DATA_INSUFFICIENT,"No licensed point-in-time US daily tape, delist file, corporate-action journal, or historical venue/industry vintages were verified in this environment.",False,,False,False,,,,,,,,,,,,,,,,,,,,,,0,0,,,,,bull
defense_aero__B_confirmed_base_breakout__balanced__long,defense_aero,,B_confirmed_base_breakout,balanced,long,63,stock,DATA_INSUFFICIENT,"No licensed point-in-time US daily tape, delist file, corporate-action journal, or historical venue/industry vintages were verified in this environment.",False,,False,False,,,,,,,,,,,,,,,,,,,,,,0,0,,,,,bear
defense_aero__B_confirmed_base_breakout__balanced__long,defense_aero,,B_confirmed_base_breakout,balanced,long,63,stock,DATA_INSUFFICIENT,"No licensed point-in-time US daily tape, delist file, corporate-action journal, or historical venue/industry vintages were verified in this environment.",False,,False,False,,,,,,,,,,,,,,,,,,,,,,0,0,,,,,range
defense_aero__B_confirmed_base_breakout__aggressive__short,defense_aero,,B_confirmed_base_breakout,aggressive,short,5,stock,DATA_INSUFFICIENT,"No licensed point-in-time US daily tape, delist file, corporate-action journal, or historical venue/industry vintages were verified in this environment.",False,,False,False,,,,,,,,,,,,,,,,,,,,,,0,0,,,,,bull
defense_aero__B_confirmed_base_breakout__aggressive__short,defense_aero,,B_confirmed_base_breakout,aggressive,short,5,stock,DATA_INSUFFICIENT,"No licensed point-in-time US daily tape, delist file, corporate-action journal, or historical venue/industry vintages were verified in this environment.",False,,False,False,,,,,,,,,,,,,,,,,,,,,,0,0,,,,,bear
defense_aero__B_confirmed_base_breakout__aggressive__short,defense_aero,,B_confirmed_base_breakout,aggressive,short,5,stock,DATA_INSUFFICIENT,"No licensed point-in-time US daily tape, delist file, corporate-action journal, or historical venue/industry vintages were verified in this environment.",False,,False,False,,,,,,,,,,,,,,,,,,,,,,0,0,,,,,range
defense_aero__B_confirmed_base_breakout__aggressive__mid,defense_aero,,B_confirmed_base_breakout,aggressive,mid,20,stock,DATA_INSUFFICIENT,"No licensed point-in-time US daily tape, delist file, corporate-action journal, or historical venue/industry vintages were verified in this environment.",False,,False,False,,,,,,,,,,,,,,,,,,,,,,0,0,,,,,bull
defense_aero__B_confirmed_base_breakout__aggressive__mid,defense_aero,,B_confirmed_base_breakout,aggressive,mid,20,stock,DATA_INSUFFICIENT,"No licensed point-in-time US daily tape, delist file, corporate-action journal, or historical venue/industry vintages were verified in this environment.",False,,False,False,,,,,,,,,,,,,,,,,,,,,,0,0,,,,,bear
defense_aero__B_confirmed_base_breakout__aggressive__mid,defense_aero,,B_confirmed_base_breakout,aggressive,mid,20,stock,DATA_INSUFFICIENT,"No licensed point-in-time US daily tape, delist file, corporate-action journal, or historical venue/industry vintages were verified in this environment.",False,,False,False,,,,,,,,,,,,,,,,,,,,,,0,0,,,,,range
defense_aero__B_confirmed_base_breakout__aggressive__long,defense_aero,,B_confirmed_base_breakout,aggressive,long,63,stock,DATA_INSUFFICIENT,"No licensed point-in-time US daily tape, delist file, corporate-action journal, or historical venue/industry vintages were verified in this environment.",False,,False,False,,,,,,,,,,,,,,,,,,,,,,0,0,,,,,bull
defense_aero__B_confirmed_base_breakout__aggressive__long,defense_aero,,B_confirmed_base_breakout,aggressive,long,63,stock,DATA_INSUFFICIENT,"No licensed point-in-time US daily tape, delist file, corporate-action journal, or historical venue/industry vintages were verified in this environment.",False,,False,False,,,,,,,,,,,,,,,,,,,,,,0,0,,,,,bear
defense_aero__B_confirmed_base_breakout__aggressive__long,defense_aero,,B_confirmed_base_breakout,aggressive,long,63,stock,DATA_INSUFFICIENT,"No licensed point-in-time US daily tape, delist file, corporate-action journal, or historical venue/industry vintages were verified in this environment.",False,,False,False,,,,,,,,,,,,,,,,,,,,,,0,0,,,,,range
defense_aero__C_trend_pullback__conservative__short,defense_aero,,C_trend_pullback,conservative,short,5,stock,DATA_INSUFFICIENT,"No licensed point-in-time US daily tape, delist file, corporate-action journal, or historical venue/industry vintages were verified in this environment.",False,,False,False,,,,,,,,,,,,,,,,,,,,,,0,0,,,,,bull
defense_aero__C_trend_pullback__conservative__short,defense_aero,,C_trend_pullback,conservative,short,5,stock,DATA_INSUFFICIENT,"No licensed point-in-time US daily tape, delist file, corporate-action journal, or historical venue/industry vintages were verified in this environment.",False,,False,False,,,,,,,,,,,,,,,,,,,,,,0,0,,,,,bear
defense_aero__C_trend_pullback__conservative__short,defense_aero,,C_trend_pullback,conservative,short,5,stock,DATA_INSUFFICIENT,"No licensed point-in-time US daily tape, delist file, corporate-action journal, or historical venue/industry vintages were verified in this environment.",False,,False,False,,,,,,,,,,,,,,,,,,,,,,0,0,,,,,range
defense_aero__C_trend_pullback__conservative__mid,defense_aero,,C_trend_pullback,conservative,mid,20,stock,DATA_INSUFFICIENT,"No licensed point-in-time US daily tape, delist file, corporate-action journal, or historical venue/industry vintages were verified in this environment.",False,,False,False,,,,,,,,,,,,,,,,,,,,,,0,0,,,,,bull
defense_aero__C_trend_pullback__conservative__mid,defense_aero,,C_trend_pullback,conservative,mid,20,stock,DATA_INSUFFICIENT,"No licensed point-in-time US daily tape, delist file, corporate-action journal, or historical venue/industry vintages were verified in this environment.",False,,False,False,,,,,,,,,,,,,,,,,,,,,,0,0,,,,,bear
defense_aero__C_trend_pullback__conservative__mid,defense_aero,,C_trend_pullback,conservative,mid,20,stock,DATA_INSUFFICIENT,"No licensed point-in-time US daily tape, delist file, corporate-action journal, or historical venue/industry vintages were verified in this environment.",False,,False,False,,,,,,,,,,,,,,,,,,,,,,0,0,,,,,range
defense_aero__C_trend_pullback__conservative__long,defense_aero,,C_trend_pullback,conservative,long,63,stock,DATA_INSUFFICIENT,"No licensed point-in-time US daily tape, delist file, corporate-action journal, or historical venue/industry vintages were verified in this environment.",False,,False,False,,,,,,,,,,,,,,,,,,,,,,0,0,,,,,bull
defense_aero__C_trend_pullback__conservative__long,defense_aero,,C_trend_pullback,conservative,long,63,stock,DATA_INSUFFICIENT,"No licensed point-in-time US daily tape, delist file, corporate-action journal, or historical venue/industry vintages were verified in this environment.",False,,False,False,,,,,,,,,,,,,,,,,,,,,,0,0,,,,,bear
defense_aero__C_trend_pullback__conservative__long,defense_aero,,C_trend_pullback,conservative,long,63,stock,DATA_INSUFFICIENT,"No licensed point-in-time US daily tape, delist file, corporate-action journal, or historical venue/industry vintages were verified in this environment.",False,,False,False,,,,,,,,,,,,,,,,,,,,,,0,0,,,,,range
defense_aero__C_trend_pullback__balanced__short,defense_aero,,C_trend_pullback,balanced,short,5,stock,DATA_INSUFFICIENT,"No licensed point-in-time US daily tape, delist file, corporate-action journal, or historical venue/industry vintages were verified in this environment.",False,,False,False,,,,,,,,,,,,,,,,,,,,,,0,0,,,,,bull
defense_aero__C_trend_pullback__balanced__short,defense_aero,,C_trend_pullback,balanced,short,5,stock,DATA_INSUFFICIENT,"No licensed point-in-time US daily tape, delist file, corporate-action journal, or historical venue/industry vintages were verified in this environment.",False,,False,False,,,,,,,,,,,,,,,,,,,,,,0,0,,,,,bear
defense_aero__C_trend_pullback__balanced__short,defense_aero,,C_trend_pullback,balanced,short,5,stock,DATA_INSUFFICIENT,"No licensed point-in-time US daily tape, delist file, corporate-action journal, or historical venue/industry vintages were verified in this environment.",False,,False,False,,,,,,,,,,,,,,,,,,,,,,0,0,,,,,range
defense_aero__C_trend_pullback__balanced__mid,defense_aero,,C_trend_pullback,balanced,mid,20,stock,DATA_INSUFFICIENT,"No licensed point-in-time US daily tape, delist file, corporate-action journal, or historical venue/industry vintages were verified in this environment.",False,,False,False,,,,,,,,,,,,,,,,,,,,,,0,0,,,,,bull
defense_aero__C_trend_pullback__balanced__mid,defense_aero,,C_trend_pullback,balanced,mid,20,stock,DATA_INSUFFICIENT,"No licensed point-in-time US daily tape, delist file, corporate-action journal, or historical venue/industry vintages were verified in this environment.",False,,False,False,,,,,,,,,,,,,,,,,,,,,,0,0,,,,,bear
defense_aero__C_trend_pullback__balanced__mid,defense_aero,,C_trend_pullback,balanced,mid,20,stock,DATA_INSUFFICIENT,"No licensed point-in-time US daily tape, delist file, corporate-action journal, or historical venue/industry vintages were verified in this environment.",False,,False,False,,,,,,,,,,,,,,,,,,,,,,0,0,,,,,range
defense_aero__C_trend_pullback__balanced__long,defense_aero,,C_trend_pullback,balanced,long,63,stock,DATA_INSUFFICIENT,"No licensed point-in-time US daily tape, delist file, corporate-action journal, or historical venue/industry vintages were verified in this environment.",False,,False,False,,,,,,,,,,,,,,,,,,,,,,0,0,,,,,bull
defense_aero__C_trend_pullback__balanced__long,defense_aero,,C_trend_pullback,balanced,long,63,stock,DATA_INSUFFICIENT,"No licensed point-in-time US daily tape, delist file, corporate-action journal, or historical venue/industry vintages were verified in this environment.",False,,False,False,,,,,,,,,,,,,,,,,,,,,,0,0,,,,,bear
defense_aero__C_trend_pullback__balanced__long,defense_aero,,C_trend_pullback,balanced,long,63,stock,DATA_INSUFFICIENT,"No licensed point-in-time US daily tape, delist file, corporate-action journal, or historical venue/industry vintages were verified in this environment.",False,,False,False,,,,,,,,,,,,,,,,,,,,,,0,0,,,,,range
defense_aero__C_trend_pullback__aggressive__short,defense_aero,,C_trend_pullback,aggressive,short,5,stock,DATA_INSUFFICIENT,"No licensed point-in-time US daily tape, delist file, corporate-action journal, or historical venue/industry vintages were verified in this environment.",False,,False,False,,,,,,,,,,,,,,,,,,,,,,0,0,,,,,bull
defense_aero__C_trend_pullback__aggressive__short,defense_aero,,C_trend_pullback,aggressive,short,5,stock,DATA_INSUFFICIENT,"No licensed point-in-time US daily tape, delist file, corporate-action journal, or historical venue/industry vintages were verified in this environment.",False,,False,False,,,,,,,,,,,,,,,,,,,,,,0,0,,,,,bear
defense_aero__C_trend_pullback__aggressive__short,defense_aero,,C_trend_pullback,aggressive,short,5,stock,DATA_INSUFFICIENT,"No licensed point-in-time US daily tape, delist file, corporate-action journal, or historical venue/industry vintages were verified in this environment.",False,,False,False,,,,,,,,,,,,,,,,,,,,,,0,0,,,,,range
defense_aero__C_trend_pullback__aggressive__mid,defense_aero,,C_trend_pullback,aggressive,mid,20,stock,DATA_INSUFFICIENT,"No licensed point-in-time US daily tape, delist file, corporate-action journal, or historical venue/industry vintages were verified in this environment.",False,,False,False,,,,,,,,,,,,,,,,,,,,,,0,0,,,,,bull
defense_aero__C_trend_pullback__aggressive__mid,defense_aero,,C_trend_pullback,aggressive,mid,20,stock,DATA_INSUFFICIENT,"No licensed point-in-time US daily tape, delist file, corporate-action journal, or historical venue/industry vintages were verified in this environment.",False,,False,False,,,,,,,,,,,,,,,,,,,,,,0,0,,,,,bear
defense_aero__C_trend_pullback__aggressive__mid,defense_aero,,C_trend_pullback,aggressive,mid,20,stock,DATA_INSUFFICIENT,"No licensed point-in-time US daily tape, delist file, corporate-action journal, or historical venue/industry vintages were verified in this environment.",False,,False,False,,,,,,,,,,,,,,,,,,,,,,0,0,,,,,range
defense_aero__C_trend_pullback__aggressive__long,defense_aero,,C_trend_pullback,aggressive,long,63,stock,DATA_INSUFFICIENT,"No licensed point-in-time US daily tape, delist file, corporate-action journal, or historical venue/industry vintages were verified in this environment.",False,,False,False,,,,,,,,,,,,,,,,,,,,,,0,0,,,,,bull
defense_aero__C_trend_pullback__aggressive__long,defense_aero,,C_trend_pullback,aggressive,long,63,stock,DATA_INSUFFICIENT,"No licensed point-in-time US daily tape, delist file, corporate-action journal, or historical venue/industry vintages were verified in this environment.",False,,False,False,,,,,,,,,,,,,,,,,,,,,,0,0,,,,,bear
defense_aero__C_trend_pullback__aggressive__long,defense_aero,,C_trend_pullback,aggressive,long,63,stock,DATA_INSUFFICIENT,"No licensed point-in-time US daily tape, delist file, corporate-action journal, or historical venue/industry vintages were verified in this environment.",False,,False,False,,,,,,,,,,,,,,,,,,,,,,0,0,,,,,range
defense_aero__D_residual_momentum__conservative__short,defense_aero,,D_residual_momentum,conservative,short,5,stock,DATA_INSUFFICIENT,"No licensed point-in-time US daily tape, delist file, corporate-action journal, or historical venue/industry vintages were verified in this environment.",False,,False,False,,,,,,,,,,,,,,,,,,,,,,0,0,,,,,bull
defense_aero__D_residual_momentum__conservative__short,defense_aero,,D_residual_momentum,conservative,short,5,stock,DATA_INSUFFICIENT,"No licensed point-in-time US daily tape, delist file, corporate-action journal, or historical venue/industry vintages were verified in this environment.",False,,False,False,,,,,,,,,,,,,,,,,,,,,,0,0,,,,,bear
defense_aero__D_residual_momentum__conservative__short,defense_aero,,D_residual_momentum,conservative,short,5,stock,DATA_INSUFFICIENT,"No licensed point-in-time US daily tape, delist file, corporate-action journal, or historical venue/industry vintages were verified in this environment.",False,,False,False,,,,,,,,,,,,,,,,,,,,,,0,0,,,,,range
defense_aero__D_residual_momentum__conservative__mid,defense_aero,,D_residual_momentum,conservative,mid,20,stock,DATA_INSUFFICIENT,"No licensed point-in-time US daily tape, delist file, corporate-action journal, or historical venue/industry vintages were verified in this environment.",False,,False,False,,,,,,,,,,,,,,,,,,,,,,0,0,,,,,bull
defense_aero__D_residual_momentum__conservative__mid,defense_aero,,D_residual_momentum,conservative,mid,20,stock,DATA_INSUFFICIENT,"No licensed point-in-time US daily tape, delist file, corporate-action journal, or historical venue/industry vintages were verified in this environment.",False,,False,False,,,,,,,,,,,,,,,,,,,,,,0,0,,,,,bear
defense_aero__D_residual_momentum__conservative__mid,defense_aero,,D_residual_momentum,conservative,mid,20,stock,DATA_INSUFFICIENT,"No licensed point-in-time US daily tape, delist file, corporate-action journal, or historical venue/industry vintages were verified in this environment.",False,,False,False,,,,,,,,,,,,,,,,,,,,,,0,0,,,,,range
defense_aero__D_residual_momentum__conservative__long,defense_aero,,D_residual_momentum,conservative,long,63,stock,DATA_INSUFFICIENT,"No licensed point-in-time US daily tape, delist file, corporate-action journal, or historical venue/industry vintages were verified in this environment.",False,,False,False,,,,,,,,,,,,,,,,,,,,,,0,0,,,,,bull
defense_aero__D_residual_momentum__conservative__long,defense_aero,,D_residual_momentum,conservative,long,63,stock,DATA_INSUFFICIENT,"No licensed point-in-time US daily tape, delist file, corporate-action journal, or historical venue/industry vintages were verified in this environment.",False,,False,False,,,,,,,,,,,,,,,,,,,,,,0,0,,,,,bear
defense_aero__D_residual_momentum__conservative__long,defense_aero,,D_residual_momentum,conservative,long,63,stock,DATA_INSUFFICIENT,"No licensed point-in-time US daily tape, delist file, corporate-action journal, or historical venue/industry vintages were verified in this environment.",False,,False,False,,,,,,,,,,,,,,,,,,,,,,0,0,,,,,range
defense_aero__D_residual_momentum__balanced__short,defense_aero,,D_residual_momentum,balanced,short,5,stock,DATA_INSUFFICIENT,"No licensed point-in-time US daily tape, delist file, corporate-action journal, or historical venue/industry vintages were verified in this environment.",False,,False,False,,,,,,,,,,,,,,,,,,,,,,0,0,,,,,bull
defense_aero__D_residual_momentum__balanced__short,defense_aero,,D_residual_momentum,balanced,short,5,stock,DATA_INSUFFICIENT,"No licensed point-in-time US daily tape, delist file, corporate-action journal, or historical venue/industry vintages were verified in this environment.",False,,False,False,,,,,,,,,,,,,,,,,,,,,,0,0,,,,,bear
defense_aero__D_residual_momentum__balanced__short,defense_aero,,D_residual_momentum,balanced,short,5,stock,DATA_INSUFFICIENT,"No licensed point-in-time US daily tape, delist file, corporate-action journal, or historical venue/industry vintages were verified in this environment.",False,,False,False,,,,,,,,,,,,,,,,,,,,,,0,0,,,,,range
defense_aero__D_residual_momentum__balanced__mid,defense_aero,,D_residual_momentum,balanced,mid,20,stock,DATA_INSUFFICIENT,"No licensed point-in-time US daily tape, delist file, corporate-action journal, or historical venue/industry vintages were verified in this environment.",False,,False,False,,,,,,,,,,,,,,,,,,,,,,0,0,,,,,bull
defense_aero__D_residual_momentum__balanced__mid,defense_aero,,D_residual_momentum,balanced,mid,20,stock,DATA_INSUFFICIENT,"No licensed point-in-time US daily tape, delist file, corporate-action journal, or historical venue/industry vintages were verified in this environment.",False,,False,False,,,,,,,,,,,,,,,,,,,,,,0,0,,,,,bear
defense_aero__D_residual_momentum__balanced__mid,defense_aero,,D_residual_momentum,balanced,mid,20,stock,DATA_INSUFFICIENT,"No licensed point-in-time US daily tape, delist file, corporate-action journal, or historical venue/industry vintages were verified in this environment.",False,,False,False,,,,,,,,,,,,,,,,,,,,,,0,0,,,,,range
defense_aero__D_residual_momentum__balanced__long,defense_aero,,D_residual_momentum,balanced,long,63,stock,DATA_INSUFFICIENT,"No licensed point-in-time US daily tape, delist file, corporate-action journal, or historical venue/industry vintages were verified in this environment.",False,,False,False,,,,,,,,,,,,,,,,,,,,,,0,0,,,,,bull
defense_aero__D_residual_momentum__balanced__long,defense_aero,,D_residual_momentum,balanced,long,63,stock,DATA_INSUFFICIENT,"No licensed point-in-time US daily tape, delist file, corporate-action journal, or historical venue/industry vintages were verified in this environment.",False,,False,False,,,,,,,,,,,,,,,,,,,,,,0,0,,,,,bear
defense_aero__D_residual_momentum__balanced__long,defense_aero,,D_residual_momentum,balanced,long,63,stock,DATA_INSUFFICIENT,"No licensed point-in-time US daily tape, delist file, corporate-action journal, or historical venue/industry vintages were verified in this environment.",False,,False,False,,,,,,,,,,,,,,,,,,,,,,0,0,,,,,range
defense_aero__D_residual_momentum__aggressive__short,defense_aero,,D_residual_momentum,aggressive,short,5,stock,DATA_INSUFFICIENT,"No licensed point-in-time US daily tape, delist file, corporate-action journal, or historical venue/industry vintages were verified in this environment.",False,,False,False,,,,,,,,,,,,,,,,,,,,,,0,0,,,,,bull
defense_aero__D_residual_momentum__aggressive__short,defense_aero,,D_residual_momentum,aggressive,short,5,stock,DATA_INSUFFICIENT,"No licensed point-in-time US daily tape, delist file, corporate-action journal, or historical venue/industry vintages were verified in this environment.",False,,False,False,,,,,,,,,,,,,,,,,,,,,,0,0,,,,,bear
defense_aero__D_residual_momentum__aggressive__short,defense_aero,,D_residual_momentum,aggressive,short,5,stock,DATA_INSUFFICIENT,"No licensed point-in-time US daily tape, delist file, corporate-action journal, or historical venue/industry vintages were verified in this environment.",False,,False,False,,,,,,,,,,,,,,,,,,,,,,0,0,,,,,range
defense_aero__D_residual_momentum__aggressive__mid,defense_aero,,D_residual_momentum,aggressive,mid,20,stock,DATA_INSUFFICIENT,"No licensed point-in-time US daily tape, delist file, corporate-action journal, or historical venue/industry vintages were verified in this environment.",False,,False,False,,,,,,,,,,,,,,,,,,,,,,0,0,,,,,bull
defense_aero__D_residual_momentum__aggressive__mid,defense_aero,,D_residual_momentum,aggressive,mid,20,stock,DATA_INSUFFICIENT,"No licensed point-in-time US daily tape, delist file, corporate-action journal, or historical venue/industry vintages were verified in this environment.",False,,False,False,,,,,,,,,,,,,,,,,,,,,,0,0,,,,,bear
defense_aero__D_residual_momentum__aggressive__mid,defense_aero,,D_residual_momentum,aggressive,mid,20,stock,DATA_INSUFFICIENT,"No licensed point-in-time US daily tape, delist file, corporate-action journal, or historical venue/industry vintages were verified in this environment.",False,,False,False,,,,,,,,,,,,,,,,,,,,,,0,0,,,,,range
defense_aero__D_residual_momentum__aggressive__long,defense_aero,,D_residual_momentum,aggressive,long,63,stock,DATA_INSUFFICIENT,"No licensed point-in-time US daily tape, delist file, corporate-action journal, or historical venue/industry vintages were verified in this environment.",False,,False,False,,,,,,,,,,,,,,,,,,,,,,0,0,,,,,bull
defense_aero__D_residual_momentum__aggressive__long,defense_aero,,D_residual_momentum,aggressive,long,63,stock,DATA_INSUFFICIENT,"No licensed point-in-time US daily tape, delist file, corporate-action journal, or historical venue/industry vintages were verified in this environment.",False,,False,False,,,,,,,,,,,,,,,,,,,,,,0,0,,,,,bear
defense_aero__D_residual_momentum__aggressive__long,defense_aero,,D_residual_momentum,aggressive,long,63,stock,DATA_INSUFFICIENT,"No licensed point-in-time US daily tape, delist file, corporate-action journal, or historical venue/industry vintages were verified in this environment.",False,,False,False,,,,,,,,,,,,,,,,,,,,,,0,0,,,,,range
airlines__A_trend_quality__conservative__short,airlines,,A_trend_quality,conservative,short,5,stock,DATA_INSUFFICIENT,"No licensed point-in-time US daily tape, delist file, corporate-action journal, or historical venue/industry vintages were verified in this environment.",False,,False,False,,,,,,,,,,,,,,,,,,,,,,0,0,,,,,bull
airlines__A_trend_quality__conservative__short,airlines,,A_trend_quality,conservative,short,5,stock,DATA_INSUFFICIENT,"No licensed point-in-time US daily tape, delist file, corporate-action journal, or historical venue/industry vintages were verified in this environment.",False,,False,False,,,,,,,,,,,,,,,,,,,,,,0,0,,,,,bear
airlines__A_trend_quality__conservative__short,airlines,,A_trend_quality,conservative,short,5,stock,DATA_INSUFFICIENT,"No licensed point-in-time US daily tape, delist file, corporate-action journal, or historical venue/industry vintages were verified in this environment.",False,,False,False,,,,,,,,,,,,,,,,,,,,,,0,0,,,,,range
airlines__A_trend_quality__conservative__mid,airlines,,A_trend_quality,conservative,mid,20,stock,DATA_INSUFFICIENT,"No licensed point-in-time US daily tape, delist file, corporate-action journal, or historical venue/industry vintages were verified in this environment.",False,,False,False,,,,,,,,,,,,,,,,,,,,,,0,0,,,,,bull
airlines__A_trend_quality__conservative__mid,airlines,,A_trend_quality,conservative,mid,20,stock,DATA_INSUFFICIENT,"No licensed point-in-time US daily tape, delist file, corporate-action journal, or historical venue/industry vintages were verified in this environment.",False,,False,False,,,,,,,,,,,,,,,,,,,,,,0,0,,,,,bear
airlines__A_trend_quality__conservative__mid,airlines,,A_trend_quality,conservative,mid,20,stock,DATA_INSUFFICIENT,"No licensed point-in-time US daily tape, delist file, corporate-action journal, or historical venue/industry vintages were verified in this environment.",False,,False,False,,,,,,,,,,,,,,,,,,,,,,0,0,,,,,range
airlines__A_trend_quality__conservative__long,airlines,,A_trend_quality,conservative,long,63,stock,DATA_INSUFFICIENT,"No licensed point-in-time US daily tape, delist file, corporate-action journal, or historical venue/industry vintages were verified in this environment.",False,,False,False,,,,,,,,,,,,,,,,,,,,,,0,0,,,,,bull
airlines__A_trend_quality__conservative__long,airlines,,A_trend_quality,conservative,long,63,stock,DATA_INSUFFICIENT,"No licensed point-in-time US daily tape, delist file, corporate-action journal, or historical venue/industry vintages were verified in this environment.",False,,False,False,,,,,,,,,,,,,,,,,,,,,,0,0,,,,,bear
airlines__A_trend_quality__conservative__long,airlines,,A_trend_quality,conservative,long,63,stock,DATA_INSUFFICIENT,"No licensed point-in-time US daily tape, delist file, corporate-action journal, or historical venue/industry vintages were verified in this environment.",False,,False,False,,,,,,,,,,,,,,,,,,,,,,0,0,,,,,range
airlines__A_trend_quality__balanced__short,airlines,,A_trend_quality,balanced,short,5,stock,DATA_INSUFFICIENT,"No licensed point-in-time US daily tape, delist file, corporate-action journal, or historical venue/industry vintages were verified in this environment.",False,,False,False,,,,,,,,,,,,,,,,,,,,,,0,0,,,,,bull
airlines__A_trend_quality__balanced__short,airlines,,A_trend_quality,balanced,short,5,stock,DATA_INSUFFICIENT,"No licensed point-in-time US daily tape, delist file, corporate-action journal, or historical venue/industry vintages were verified in this environment.",False,,False,False,,,,,,,,,,,,,,,,,,,,,,0,0,,,,,bear
airlines__A_trend_quality__balanced__short,airlines,,A_trend_quality,balanced,short,5,stock,DATA_INSUFFICIENT,"No licensed point-in-time US daily tape, delist file, corporate-action journal, or historical venue/industry vintages were verified in this environment.",False,,False,False,,,,,,,,,,,,,,,,,,,,,,0,0,,,,,range
airlines__A_trend_quality__balanced__mid,airlines,,A_trend_quality,balanced,mid,20,stock,DATA_INSUFFICIENT,"No licensed point-in-time US daily tape, delist file, corporate-action journal, or historical venue/industry vintages were verified in this environment.",False,,False,False,,,,,,,,,,,,,,,,,,,,,,0,0,,,,,bull
airlines__A_trend_quality__balanced__mid,airlines,,A_trend_quality,balanced,mid,20,stock,DATA_INSUFFICIENT,"No licensed point-in-time US daily tape, delist file, corporate-action journal, or historical venue/industry vintages were verified in this environment.",False,,False,False,,,,,,,,,,,,,,,,,,,,,,0,0,,,,,bear
airlines__A_trend_quality__balanced__mid,airlines,,A_trend_quality,balanced,mid,20,stock,DATA_INSUFFICIENT,"No licensed point-in-time US daily tape, delist file, corporate-action journal, or historical venue/industry vintages were verified in this environment.",False,,False,False,,,,,,,,,,,,,,,,,,,,,,0,0,,,,,range
airlines__A_trend_quality__balanced__long,airlines,,A_trend_quality,balanced,long,63,stock,DATA_INSUFFICIENT,"No licensed point-in-time US daily tape, delist file, corporate-action journal, or historical venue/industry vintages were verified in this environment.",False,,False,False,,,,,,,,,,,,,,,,,,,,,,0,0,,,,,bull
airlines__A_trend_quality__balanced__long,airlines,,A_trend_quality,balanced,long,63,stock,DATA_INSUFFICIENT,"No licensed point-in-time US daily tape, delist file, corporate-action journal, or historical venue/industry vintages were verified in this environment.",False,,False,False,,,,,,,,,,,,,,,,,,,,,,0,0,,,,,bear
airlines__A_trend_quality__balanced__long,airlines,,A_trend_quality,balanced,long,63,stock,DATA_INSUFFICIENT,"No licensed point-in-time US daily tape, delist file, corporate-action journal, or historical venue/industry vintages were verified in this environment.",False,,False,False,,,,,,,,,,,,,,,,,,,,,,0,0,,,,,range
airlines__A_trend_quality__aggressive__short,airlines,,A_trend_quality,aggressive,short,5,stock,DATA_INSUFFICIENT,"No licensed point-in-time US daily tape, delist file, corporate-action journal, or historical venue/industry vintages were verified in this environment.",False,,False,False,,,,,,,,,,,,,,,,,,,,,,0,0,,,,,bull
airlines__A_trend_quality__aggressive__short,airlines,,A_trend_quality,aggressive,short,5,stock,DATA_INSUFFICIENT,"No licensed point-in-time US daily tape, delist file, corporate-action journal, or historical venue/industry vintages were verified in this environment.",False,,False,False,,,,,,,,,,,,,,,,,,,,,,0,0,,,,,bear
airlines__A_trend_quality__aggressive__short,airlines,,A_trend_quality,aggressive,short,5,stock,DATA_INSUFFICIENT,"No licensed point-in-time US daily tape, delist file, corporate-action journal, or historical venue/industry vintages were verified in this environment.",False,,False,False,,,,,,,,,,,,,,,,,,,,,,0,0,,,,,range
airlines__A_trend_quality__aggressive__mid,airlines,,A_trend_quality,aggressive,mid,20,stock,DATA_INSUFFICIENT,"No licensed point-in-time US daily tape, delist file, corporate-action journal, or historical venue/industry vintages were verified in this environment.",False,,False,False,,,,,,,,,,,,,,,,,,,,,,0,0,,,,,bull
airlines__A_trend_quality__aggressive__mid,airlines,,A_trend_quality,aggressive,mid,20,stock,DATA_INSUFFICIENT,"No licensed point-in-time US daily tape, delist file, corporate-action journal, or historical venue/industry vintages were verified in this environment.",False,,False,False,,,,,,,,,,,,,,,,,,,,,,0,0,,,,,bear
airlines__A_trend_quality__aggressive__mid,airlines,,A_trend_quality,aggressive,mid,20,stock,DATA_INSUFFICIENT,"No licensed point-in-time US daily tape, delist file, corporate-action journal, or historical venue/industry vintages were verified in this environment.",False,,False,False,,,,,,,,,,,,,,,,,,,,,,0,0,,,,,range
airlines__A_trend_quality__aggressive__long,airlines,,A_trend_quality,aggressive,long,63,stock,DATA_INSUFFICIENT,"No licensed point-in-time US daily tape, delist file, corporate-action journal, or historical venue/industry vintages were verified in this environment.",False,,False,False,,,,,,,,,,,,,,,,,,,,,,0,0,,,,,bull
airlines__A_trend_quality__aggressive__long,airlines,,A_trend_quality,aggressive,long,63,stock,DATA_INSUFFICIENT,"No licensed point-in-time US daily tape, delist file, corporate-action journal, or historical venue/industry vintages were verified in this environment.",False,,False,False,,,,,,,,,,,,,,,,,,,,,,0,0,,,,,bear
airlines__A_trend_quality__aggressive__long,airlines,,A_trend_quality,aggressive,long,63,stock,DATA_INSUFFICIENT,"No licensed point-in-time US daily tape, delist file, corporate-action journal, or historical venue/industry vintages were verified in this environment.",False,,False,False,,,,,,,,,,,,,,,,,,,,,,0,0,,,,,range
airlines__B_confirmed_base_breakout__conservative__short,airlines,,B_confirmed_base_breakout,conservative,short,5,stock,DATA_INSUFFICIENT,"No licensed point-in-time US daily tape, delist file, corporate-action journal, or historical venue/industry vintages were verified in this environment.",False,,False,False,,,,,,,,,,,,,,,,,,,,,,0,0,,,,,bull
airlines__B_confirmed_base_breakout__conservative__short,airlines,,B_confirmed_base_breakout,conservative,short,5,stock,DATA_INSUFFICIENT,"No licensed point-in-time US daily tape, delist file, corporate-action journal, or historical venue/industry vintages were verified in this environment.",False,,False,False,,,,,,,,,,,,,,,,,,,,,,0,0,,,,,bear
airlines__B_confirmed_base_breakout__conservative__short,airlines,,B_confirmed_base_breakout,conservative,short,5,stock,DATA_INSUFFICIENT,"No licensed point-in-time US daily tape, delist file, corporate-action journal, or historical venue/industry vintages were verified in this environment.",False,,False,False,,,,,,,,,,,,,,,,,,,,,,0,0,,,,,range
airlines__B_confirmed_base_breakout__conservative__mid,airlines,,B_confirmed_base_breakout,conservative,mid,20,stock,DATA_INSUFFICIENT,"No licensed point-in-time US daily tape, delist file, corporate-action journal, or historical venue/industry vintages were verified in this environment.",False,,False,False,,,,,,,,,,,,,,,,,,,,,,0,0,,,,,bull
airlines__B_confirmed_base_breakout__conservative__mid,airlines,,B_confirmed_base_breakout,conservative,mid,20,stock,DATA_INSUFFICIENT,"No licensed point-in-time US daily tape, delist file, corporate-action journal, or historical venue/industry vintages were verified in this environment.",False,,False,False,,,,,,,,,,,,,,,,,,,,,,0,0,,,,,bear
airlines__B_confirmed_base_breakout__conservative__mid,airlines,,B_confirmed_base_breakout,conservative,mid,20,stock,DATA_INSUFFICIENT,"No licensed point-in-time US daily tape, delist file, corporate-action journal, or historical venue/industry vintages were verified in this environment.",False,,False,False,,,,,,,,,,,,,,,,,,,,,,0,0,,,,,range
airlines__B_confirmed_base_breakout__conservative__long,airlines,,B_confirmed_base_breakout,conservative,long,63,stock,DATA_INSUFFICIENT,"No licensed point-in-time US daily tape, delist file, corporate-action journal, or historical venue/industry vintages were verified in this environment.",False,,False,False,,,,,,,,,,,,,,,,,,,,,,0,0,,,,,bull
airlines__B_confirmed_base_breakout__conservative__long,airlines,,B_confirmed_base_breakout,conservative,long,63,stock,DATA_INSUFFICIENT,"No licensed point-in-time US daily tape, delist file, corporate-action journal, or historical venue/industry vintages were verified in this environment.",False,,False,False,,,,,,,,,,,,,,,,,,,,,,0,0,,,,,bear
airlines__B_confirmed_base_breakout__conservative__long,airlines,,B_confirmed_base_breakout,conservative,long,63,stock,DATA_INSUFFICIENT,"No licensed point-in-time US daily tape, delist file, corporate-action journal, or historical venue/industry vintages were verified in this environment.",False,,False,False,,,,,,,,,,,,,,,,,,,,,,0,0,,,,,range
airlines__B_confirmed_base_breakout__balanced__short,airlines,,B_confirmed_base_breakout,balanced,short,5,stock,DATA_INSUFFICIENT,"No licensed point-in-time US daily tape, delist file, corporate-action journal, or historical venue/industry vintages were verified in this environment.",False,,False,False,,,,,,,,,,,,,,,,,,,,,,0,0,,,,,bull
airlines__B_confirmed_base_breakout__balanced__short,airlines,,B_confirmed_base_breakout,balanced,short,5,stock,DATA_INSUFFICIENT,"No licensed point-in-time US daily tape, delist file, corporate-action journal, or historical venue/industry vintages were verified in this environment.",False,,False,False,,,,,,,,,,,,,,,,,,,,,,0,0,,,,,bear
airlines__B_confirmed_base_breakout__balanced__short,airlines,,B_confirmed_base_breakout,balanced,short,5,stock,DATA_INSUFFICIENT,"No licensed point-in-time US daily tape, delist file, corporate-action journal, or historical venue/industry vintages were verified in this environment.",False,,False,False,,,,,,,,,,,,,,,,,,,,,,0,0,,,,,range
airlines__B_confirmed_base_breakout__balanced__mid,airlines,,B_confirmed_base_breakout,balanced,mid,20,stock,DATA_INSUFFICIENT,"No licensed point-in-time US daily tape, delist file, corporate-action journal, or historical venue/industry vintages were verified in this environment.",False,,False,False,,,,,,,,,,,,,,,,,,,,,,0,0,,,,,bull
airlines__B_confirmed_base_breakout__balanced__mid,airlines,,B_confirmed_base_breakout,balanced,mid,20,stock,DATA_INSUFFICIENT,"No licensed point-in-time US daily tape, delist file, corporate-action journal, or historical venue/industry vintages were verified in this environment.",False,,False,False,,,,,,,,,,,,,,,,,,,,,,0,0,,,,,bear
airlines__B_confirmed_base_breakout__balanced__mid,airlines,,B_confirmed_base_breakout,balanced,mid,20,stock,DATA_INSUFFICIENT,"No licensed point-in-time US daily tape, delist file, corporate-action journal, or historical venue/industry vintages were verified in this environment.",False,,False,False,,,,,,,,,,,,,,,,,,,,,,0,0,,,,,range
airlines__B_confirmed_base_breakout__balanced__long,airlines,,B_confirmed_base_breakout,balanced,long,63,stock,DATA_INSUFFICIENT,"No licensed point-in-time US daily tape, delist file, corporate-action journal, or historical venue/industry vintages were verified in this environment.",False,,False,False,,,,,,,,,,,,,,,,,,,,,,0,0,,,,,bull
airlines__B_confirmed_base_breakout__balanced__long,airlines,,B_confirmed_base_breakout,balanced,long,63,stock,DATA_INSUFFICIENT,"No licensed point-in-time US daily tape, delist file, corporate-action journal, or historical venue/industry vintages were verified in this environment.",False,,False,False,,,,,,,,,,,,,,,,,,,,,,0,0,,,,,bear
airlines__B_confirmed_base_breakout__balanced__long,airlines,,B_confirmed_base_breakout,balanced,long,63,stock,DATA_INSUFFICIENT,"No licensed point-in-time US daily tape, delist file, corporate-action journal, or historical venue/industry vintages were verified in this environment.",False,,False,False,,,,,,,,,,,,,,,,,,,,,,0,0,,,,,range
airlines__B_confirmed_base_breakout__aggressive__short,airlines,,B_confirmed_base_breakout,aggressive,short,5,stock,DATA_INSUFFICIENT,"No licensed point-in-time US daily tape, delist file, corporate-action journal, or historical venue/industry vintages were verified in this environment.",False,,False,False,,,,,,,,,,,,,,,,,,,,,,0,0,,,,,bull
airlines__B_confirmed_base_breakout__aggressive__short,airlines,,B_confirmed_base_breakout,aggressive,short,5,stock,DATA_INSUFFICIENT,"No licensed point-in-time US daily tape, delist file, corporate-action journal, or historical venue/industry vintages were verified in this environment.",False,,False,False,,,,,,,,,,,,,,,,,,,,,,0,0,,,,,bear
airlines__B_confirmed_base_breakout__aggressive__short,airlines,,B_confirmed_base_breakout,aggressive,short,5,stock,DATA_INSUFFICIENT,"No licensed point-in-time US daily tape, delist file, corporate-action journal, or historical venue/industry vintages were verified in this environment.",False,,False,False,,,,,,,,,,,,,,,,,,,,,,0,0,,,,,range
airlines__B_confirmed_base_breakout__aggressive__mid,airlines,,B_confirmed_base_breakout,aggressive,mid,20,stock,DATA_INSUFFICIENT,"No licensed point-in-time US daily tape, delist file, corporate-action journal, or historical venue/industry vintages were verified in this environment.",False,,False,False,,,,,,,,,,,,,,,,,,,,,,0,0,,,,,bull
airlines__B_confirmed_base_breakout__aggressive__mid,airlines,,B_confirmed_base_breakout,aggressive,mid,20,stock,DATA_INSUFFICIENT,"No licensed point-in-time US daily tape, delist file, corporate-action journal, or historical venue/industry vintages were verified in this environment.",False,,False,False,,,,,,,,,,,,,,,,,,,,,,0,0,,,,,bear
airlines__B_confirmed_base_breakout__aggressive__mid,airlines,,B_confirmed_base_breakout,aggressive,mid,20,stock,DATA_INSUFFICIENT,"No licensed point-in-time US daily tape, delist file, corporate-action journal, or historical venue/industry vintages were verified in this environment.",False,,False,False,,,,,,,,,,,,,,,,,,,,,,0,0,,,,,range
airlines__B_confirmed_base_breakout__aggressive__long,airlines,,B_confirmed_base_breakout,aggressive,long,63,stock,DATA_INSUFFICIENT,"No licensed point-in-time US daily tape, delist file, corporate-action journal, or historical venue/industry vintages were verified in this environment.",False,,False,False,,,,,,,,,,,,,,,,,,,,,,0,0,,,,,bull
airlines__B_confirmed_base_breakout__aggressive__long,airlines,,B_confirmed_base_breakout,aggressive,long,63,stock,DATA_INSUFFICIENT,"No licensed point-in-time US daily tape, delist file, corporate-action journal, or historical venue/industry vintages were verified in this environment.",False,,False,False,,,,,,,,,,,,,,,,,,,,,,0,0,,,,,bear
airlines__B_confirmed_base_breakout__aggressive__long,airlines,,B_confirmed_base_breakout,aggressive,long,63,stock,DATA_INSUFFICIENT,"No licensed point-in-time US daily tape, delist file, corporate-action journal, or historical venue/industry vintages were verified in this environment.",False,,False,False,,,,,,,,,,,,,,,,,,,,,,0,0,,,,,range
airlines__C_trend_pullback__conservative__short,airlines,,C_trend_pullback,conservative,short,5,stock,DATA_INSUFFICIENT,"No licensed point-in-time US daily tape, delist file, corporate-action journal, or historical venue/industry vintages were verified in this environment.",False,,False,False,,,,,,,,,,,,,,,,,,,,,,0,0,,,,,bull
airlines__C_trend_pullback__conservative__short,airlines,,C_trend_pullback,conservative,short,5,stock,DATA_INSUFFICIENT,"No licensed point-in-time US daily tape, delist file, corporate-action journal, or historical venue/industry vintages were verified in this environment.",False,,False,False,,,,,,,,,,,,,,,,,,,,,,0,0,,,,,bear
airlines__C_trend_pullback__conservative__short,airlines,,C_trend_pullback,conservative,short,5,stock,DATA_INSUFFICIENT,"No licensed point-in-time US daily tape, delist file, corporate-action journal, or historical venue/industry vintages were verified in this environment.",False,,False,False,,,,,,,,,,,,,,,,,,,,,,0,0,,,,,range
airlines__C_trend_pullback__conservative__mid,airlines,,C_trend_pullback,conservative,mid,20,stock,DATA_INSUFFICIENT,"No licensed point-in-time US daily tape, delist file, corporate-action journal, or historical venue/industry vintages were verified in this environment.",False,,False,False,,,,,,,,,,,,,,,,,,,,,,0,0,,,,,bull
airlines__C_trend_pullback__conservative__mid,airlines,,C_trend_pullback,conservative,mid,20,stock,DATA_INSUFFICIENT,"No licensed point-in-time US daily tape, delist file, corporate-action journal, or historical venue/industry vintages were verified in this environment.",False,,False,False,,,,,,,,,,,,,,,,,,,,,,0,0,,,,,bear
airlines__C_trend_pullback__conservative__mid,airlines,,C_trend_pullback,conservative,mid,20,stock,DATA_INSUFFICIENT,"No licensed point-in-time US daily tape, delist file, corporate-action journal, or historical venue/industry vintages were verified in this environment.",False,,False,False,,,,,,,,,,,,,,,,,,,,,,0,0,,,,,range
airlines__C_trend_pullback__conservative__long,airlines,,C_trend_pullback,conservative,long,63,stock,DATA_INSUFFICIENT,"No licensed point-in-time US daily tape, delist file, corporate-action journal, or historical venue/industry vintages were verified in this environment.",False,,False,False,,,,,,,,,,,,,,,,,,,,,,0,0,,,,,bull
airlines__C_trend_pullback__conservative__long,airlines,,C_trend_pullback,conservative,long,63,stock,DATA_INSUFFICIENT,"No licensed point-in-time US daily tape, delist file, corporate-action journal, or historical venue/industry vintages were verified in this environment.",False,,False,False,,,,,,,,,,,,,,,,,,,,,,0,0,,,,,bear
airlines__C_trend_pullback__conservative__long,airlines,,C_trend_pullback,conservative,long,63,stock,DATA_INSUFFICIENT,"No licensed point-in-time US daily tape, delist file, corporate-action journal, or historical venue/industry vintages were verified in this environment.",False,,False,False,,,,,,,,,,,,,,,,,,,,,,0,0,,,,,range
airlines__C_trend_pullback__balanced__short,airlines,,C_trend_pullback,balanced,short,5,stock,DATA_INSUFFICIENT,"No licensed point-in-time US daily tape, delist file, corporate-action journal, or historical venue/industry vintages were verified in this environment.",False,,False,False,,,,,,,,,,,,,,,,,,,,,,0,0,,,,,bull
airlines__C_trend_pullback__balanced__short,airlines,,C_trend_pullback,balanced,short,5,stock,DATA_INSUFFICIENT,"No licensed point-in-time US daily tape, delist file, corporate-action journal, or historical venue/industry vintages were verified in this environment.",False,,False,False,,,,,,,,,,,,,,,,,,,,,,0,0,,,,,bear
airlines__C_trend_pullback__balanced__short,airlines,,C_trend_pullback,balanced,short,5,stock,DATA_INSUFFICIENT,"No licensed point-in-time US daily tape, delist file, corporate-action journal, or historical venue/industry vintages were verified in this environment.",False,,False,False,,,,,,,,,,,,,,,,,,,,,,0,0,,,,,range
airlines__C_trend_pullback__balanced__mid,airlines,,C_trend_pullback,balanced,mid,20,stock,DATA_INSUFFICIENT,"No licensed point-in-time US daily tape, delist file, corporate-action journal, or historical venue/industry vintages were verified in this environment.",False,,False,False,,,,,,,,,,,,,,,,,,,,,,0,0,,,,,bull
airlines__C_trend_pullback__balanced__mid,airlines,,C_trend_pullback,balanced,mid,20,stock,DATA_INSUFFICIENT,"No licensed point-in-time US daily tape, delist file, corporate-action journal, or historical venue/industry vintages were verified in this environment.",False,,False,False,,,,,,,,,,,,,,,,,,,,,,0,0,,,,,bear
airlines__C_trend_pullback__balanced__mid,airlines,,C_trend_pullback,balanced,mid,20,stock,DATA_INSUFFICIENT,"No licensed point-in-time US daily tape, delist file, corporate-action journal, or historical venue/industry vintages were verified in this environment.",False,,False,False,,,,,,,,,,,,,,,,,,,,,,0,0,,,,,range
airlines__C_trend_pullback__balanced__long,airlines,,C_trend_pullback,balanced,long,63,stock,DATA_INSUFFICIENT,"No licensed point-in-time US daily tape, delist file, corporate-action journal, or historical venue/industry vintages were verified in this environment.",False,,False,False,,,,,,,,,,,,,,,,,,,,,,0,0,,,,,bull
airlines__C_trend_pullback__balanced__long,airlines,,C_trend_pullback,balanced,long,63,stock,DATA_INSUFFICIENT,"No licensed point-in-time US daily tape, delist file, corporate-action journal, or historical venue/industry vintages were verified in this environment.",False,,False,False,,,,,,,,,,,,,,,,,,,,,,0,0,,,,,bear
airlines__C_trend_pullback__balanced__long,airlines,,C_trend_pullback,balanced,long,63,stock,DATA_INSUFFICIENT,"No licensed point-in-time US daily tape, delist file, corporate-action journal, or historical venue/industry vintages were verified in this environment.",False,,False,False,,,,,,,,,,,,,,,,,,,,,,0,0,,,,,range
airlines__C_trend_pullback__aggressive__short,airlines,,C_trend_pullback,aggressive,short,5,stock,DATA_INSUFFICIENT,"No licensed point-in-time US daily tape, delist file, corporate-action journal, or historical venue/industry vintages were verified in this environment.",False,,False,False,,,,,,,,,,,,,,,,,,,,,,0,0,,,,,bull
airlines__C_trend_pullback__aggressive__short,airlines,,C_trend_pullback,aggressive,short,5,stock,DATA_INSUFFICIENT,"No licensed point-in-time US daily tape, delist file, corporate-action journal, or historical venue/industry vintages were verified in this environment.",False,,False,False,,,,,,,,,,,,,,,,,,,,,,0,0,,,,,bear
airlines__C_trend_pullback__aggressive__short,airlines,,C_trend_pullback,aggressive,short,5,stock,DATA_INSUFFICIENT,"No licensed point-in-time US daily tape, delist file, corporate-action journal, or historical venue/industry vintages were verified in this environment.",False,,False,False,,,,,,,,,,,,,,,,,,,,,,0,0,,,,,range
airlines__C_trend_pullback__aggressive__mid,airlines,,C_trend_pullback,aggressive,mid,20,stock,DATA_INSUFFICIENT,"No licensed point-in-time US daily tape, delist file, corporate-action journal, or historical venue/industry vintages were verified in this environment.",False,,False,False,,,,,,,,,,,,,,,,,,,,,,0,0,,,,,bull
airlines__C_trend_pullback__aggressive__mid,airlines,,C_trend_pullback,aggressive,mid,20,stock,DATA_INSUFFICIENT,"No licensed point-in-time US daily tape, delist file, corporate-action journal, or historical venue/industry vintages were verified in this environment.",False,,False,False,,,,,,,,,,,,,,,,,,,,,,0,0,,,,,bear
airlines__C_trend_pullback__aggressive__mid,airlines,,C_trend_pullback,aggressive,mid,20,stock,DATA_INSUFFICIENT,"No licensed point-in-time US daily tape, delist file, corporate-action journal, or historical venue/industry vintages were verified in this environment.",False,,False,False,,,,,,,,,,,,,,,,,,,,,,0,0,,,,,range
airlines__C_trend_pullback__aggressive__long,airlines,,C_trend_pullback,aggressive,long,63,stock,DATA_INSUFFICIENT,"No licensed point-in-time US daily tape, delist file, corporate-action journal, or historical venue/industry vintages were verified in this environment.",False,,False,False,,,,,,,,,,,,,,,,,,,,,,0,0,,,,,bull
airlines__C_trend_pullback__aggressive__long,airlines,,C_trend_pullback,aggressive,long,63,stock,DATA_INSUFFICIENT,"No licensed point-in-time US daily tape, delist file, corporate-action journal, or historical venue/industry vintages were verified in this environment.",False,,False,False,,,,,,,,,,,,,,,,,,,,,,0,0,,,,,bear
airlines__C_trend_pullback__aggressive__long,airlines,,C_trend_pullback,aggressive,long,63,stock,DATA_INSUFFICIENT,"No licensed point-in-time US daily tape, delist file, corporate-action journal, or historical venue/industry vintages were verified in this environment.",False,,False,False,,,,,,,,,,,,,,,,,,,,,,0,0,,,,,range
airlines__D_residual_momentum__conservative__short,airlines,,D_residual_momentum,conservative,short,5,stock,DATA_INSUFFICIENT,"No licensed point-in-time US daily tape, delist file, corporate-action journal, or historical venue/industry vintages were verified in this environment.",False,,False,False,,,,,,,,,,,,,,,,,,,,,,0,0,,,,,bull
airlines__D_residual_momentum__conservative__short,airlines,,D_residual_momentum,conservative,short,5,stock,DATA_INSUFFICIENT,"No licensed point-in-time US daily tape, delist file, corporate-action journal, or historical venue/industry vintages were verified in this environment.",False,,False,False,,,,,,,,,,,,,,,,,,,,,,0,0,,,,,bear
airlines__D_residual_momentum__conservative__short,airlines,,D_residual_momentum,conservative,short,5,stock,DATA_INSUFFICIENT,"No licensed point-in-time US daily tape, delist file, corporate-action journal, or historical venue/industry vintages were verified in this environment.",False,,False,False,,,,,,,,,,,,,,,,,,,,,,0,0,,,,,range
airlines__D_residual_momentum__conservative__mid,airlines,,D_residual_momentum,conservative,mid,20,stock,DATA_INSUFFICIENT,"No licensed point-in-time US daily tape, delist file, corporate-action journal, or historical venue/industry vintages were verified in this environment.",False,,False,False,,,,,,,,,,,,,,,,,,,,,,0,0,,,,,bull
airlines__D_residual_momentum__conservative__mid,airlines,,D_residual_momentum,conservative,mid,20,stock,DATA_INSUFFICIENT,"No licensed point-in-time US daily tape, delist file, corporate-action journal, or historical venue/industry vintages were verified in this environment.",False,,False,False,,,,,,,,,,,,,,,,,,,,,,0,0,,,,,bear
airlines__D_residual_momentum__conservative__mid,airlines,,D_residual_momentum,conservative,mid,20,stock,DATA_INSUFFICIENT,"No licensed point-in-time US daily tape, delist file, corporate-action journal, or historical venue/industry vintages were verified in this environment.",False,,False,False,,,,,,,,,,,,,,,,,,,,,,0,0,,,,,range
airlines__D_residual_momentum__conservative__long,airlines,,D_residual_momentum,conservative,long,63,stock,DATA_INSUFFICIENT,"No licensed point-in-time US daily tape, delist file, corporate-action journal, or historical venue/industry vintages were verified in this environment.",False,,False,False,,,,,,,,,,,,,,,,,,,,,,0,0,,,,,bull
airlines__D_residual_momentum__conservative__long,airlines,,D_residual_momentum,conservative,long,63,stock,DATA_INSUFFICIENT,"No licensed point-in-time US daily tape, delist file, corporate-action journal, or historical venue/industry vintages were verified in this environment.",False,,False,False,,,,,,,,,,,,,,,,,,,,,,0,0,,,,,bear
airlines__D_residual_momentum__conservative__long,airlines,,D_residual_momentum,conservative,long,63,stock,DATA_INSUFFICIENT,"No licensed point-in-time US daily tape, delist file, corporate-action journal, or historical venue/industry vintages were verified in this environment.",False,,False,False,,,,,,,,,,,,,,,,,,,,,,0,0,,,,,range
airlines__D_residual_momentum__balanced__short,airlines,,D_residual_momentum,balanced,short,5,stock,DATA_INSUFFICIENT,"No licensed point-in-time US daily tape, delist file, corporate-action journal, or historical venue/industry vintages were verified in this environment.",False,,False,False,,,,,,,,,,,,,,,,,,,,,,0,0,,,,,bull
airlines__D_residual_momentum__balanced__short,airlines,,D_residual_momentum,balanced,short,5,stock,DATA_INSUFFICIENT,"No licensed point-in-time US daily tape, delist file, corporate-action journal, or historical venue/industry vintages were verified in this environment.",False,,False,False,,,,,,,,,,,,,,,,,,,,,,0,0,,,,,bear
airlines__D_residual_momentum__balanced__short,airlines,,D_residual_momentum,balanced,short,5,stock,DATA_INSUFFICIENT,"No licensed point-in-time US daily tape, delist file, corporate-action journal, or historical venue/industry vintages were verified in this environment.",False,,False,False,,,,,,,,,,,,,,,,,,,,,,0,0,,,,,range
airlines__D_residual_momentum__balanced__mid,airlines,,D_residual_momentum,balanced,mid,20,stock,DATA_INSUFFICIENT,"No licensed point-in-time US daily tape, delist file, corporate-action journal, or historical venue/industry vintages were verified in this environment.",False,,False,False,,,,,,,,,,,,,,,,,,,,,,0,0,,,,,bull
airlines__D_residual_momentum__balanced__mid,airlines,,D_residual_momentum,balanced,mid,20,stock,DATA_INSUFFICIENT,"No licensed point-in-time US daily tape, delist file, corporate-action journal, or historical venue/industry vintages were verified in this environment.",False,,False,False,,,,,,,,,,,,,,,,,,,,,,0,0,,,,,bear
airlines__D_residual_momentum__balanced__mid,airlines,,D_residual_momentum,balanced,mid,20,stock,DATA_INSUFFICIENT,"No licensed point-in-time US daily tape, delist file, corporate-action journal, or historical venue/industry vintages were verified in this environment.",False,,False,False,,,,,,,,,,,,,,,,,,,,,,0,0,,,,,range
airlines__D_residual_momentum__balanced__long,airlines,,D_residual_momentum,balanced,long,63,stock,DATA_INSUFFICIENT,"No licensed point-in-time US daily tape, delist file, corporate-action journal, or historical venue/industry vintages were verified in this environment.",False,,False,False,,,,,,,,,,,,,,,,,,,,,,0,0,,,,,bull
airlines__D_residual_momentum__balanced__long,airlines,,D_residual_momentum,balanced,long,63,stock,DATA_INSUFFICIENT,"No licensed point-in-time US daily tape, delist file, corporate-action journal, or historical venue/industry vintages were verified in this environment.",False,,False,False,,,,,,,,,,,,,,,,,,,,,,0,0,,,,,bear
airlines__D_residual_momentum__balanced__long,airlines,,D_residual_momentum,balanced,long,63,stock,DATA_INSUFFICIENT,"No licensed point-in-time US daily tape, delist file, corporate-action journal, or historical venue/industry vintages were verified in this environment.",False,,False,False,,,,,,,,,,,,,,,,,,,,,,0,0,,,,,range
airlines__D_residual_momentum__aggressive__short,airlines,,D_residual_momentum,aggressive,short,5,stock,DATA_INSUFFICIENT,"No licensed point-in-time US daily tape, delist file, corporate-action journal, or historical venue/industry vintages were verified in this environment.",False,,False,False,,,,,,,,,,,,,,,,,,,,,,0,0,,,,,bull
airlines__D_residual_momentum__aggressive__short,airlines,,D_residual_momentum,aggressive,short,5,stock,DATA_INSUFFICIENT,"No licensed point-in-time US daily tape, delist file, corporate-action journal, or historical venue/industry vintages were verified in this environment.",False,,False,False,,,,,,,,,,,,,,,,,,,,,,0,0,,,,,bear
airlines__D_residual_momentum__aggressive__short,airlines,,D_residual_momentum,aggressive,short,5,stock,DATA_INSUFFICIENT,"No licensed point-in-time US daily tape, delist file, corporate-action journal, or historical venue/industry vintages were verified in this environment.",False,,False,False,,,,,,,,,,,,,,,,,,,,,,0,0,,,,,range
airlines__D_residual_momentum__aggressive__mid,airlines,,D_residual_momentum,aggressive,mid,20,stock,DATA_INSUFFICIENT,"No licensed point-in-time US daily tape, delist file, corporate-action journal, or historical venue/industry vintages were verified in this environment.",False,,False,False,,,,,,,,,,,,,,,,,,,,,,0,0,,,,,bull
airlines__D_residual_momentum__aggressive__mid,airlines,,D_residual_momentum,aggressive,mid,20,stock,DATA_INSUFFICIENT,"No licensed point-in-time US daily tape, delist file, corporate-action journal, or historical venue/industry vintages were verified in this environment.",False,,False,False,,,,,,,,,,,,,,,,,,,,,,0,0,,,,,bear
airlines__D_residual_momentum__aggressive__mid,airlines,,D_residual_momentum,aggressive,mid,20,stock,DATA_INSUFFICIENT,"No licensed point-in-time US daily tape, delist file, corporate-action journal, or historical venue/industry vintages were verified in this environment.",False,,False,False,,,,,,,,,,,,,,,,,,,,,,0,0,,,,,range
airlines__D_residual_momentum__aggressive__long,airlines,,D_residual_momentum,aggressive,long,63,stock,DATA_INSUFFICIENT,"No licensed point-in-time US daily tape, delist file, corporate-action journal, or historical venue/industry vintages were verified in this environment.",False,,False,False,,,,,,,,,,,,,,,,,,,,,,0,0,,,,,bull
airlines__D_residual_momentum__aggressive__long,airlines,,D_residual_momentum,aggressive,long,63,stock,DATA_INSUFFICIENT,"No licensed point-in-time US daily tape, delist file, corporate-action journal, or historical venue/industry vintages were verified in this environment.",False,,False,False,,,,,,,,,,,,,,,,,,,,,,0,0,,,,,bear
airlines__D_residual_momentum__aggressive__long,airlines,,D_residual_momentum,aggressive,long,63,stock,DATA_INSUFFICIENT,"No licensed point-in-time US daily tape, delist file, corporate-action journal, or historical venue/industry vintages were verified in this environment.",False,,False,False,,,,,,,,,,,,,,,,,,,,,,0,0,,,,,range
real_estate__A_trend_quality__conservative__short,real_estate,,A_trend_quality,conservative,short,5,stock,DATA_INSUFFICIENT,"No licensed point-in-time US daily tape, delist file, corporate-action journal, or historical venue/industry vintages were verified in this environment.",False,,False,False,,,,,,,,,,,,,,,,,,,,,,0,0,,,,,bull
real_estate__A_trend_quality__conservative__short,real_estate,,A_trend_quality,conservative,short,5,stock,DATA_INSUFFICIENT,"No licensed point-in-time US daily tape, delist file, corporate-action journal, or historical venue/industry vintages were verified in this environment.",False,,False,False,,,,,,,,,,,,,,,,,,,,,,0,0,,,,,bear
real_estate__A_trend_quality__conservative__short,real_estate,,A_trend_quality,conservative,short,5,stock,DATA_INSUFFICIENT,"No licensed point-in-time US daily tape, delist file, corporate-action journal, or historical venue/industry vintages were verified in this environment.",False,,False,False,,,,,,,,,,,,,,,,,,,,,,0,0,,,,,range
real_estate__A_trend_quality__conservative__mid,real_estate,,A_trend_quality,conservative,mid,20,stock,DATA_INSUFFICIENT,"No licensed point-in-time US daily tape, delist file, corporate-action journal, or historical venue/industry vintages were verified in this environment.",False,,False,False,,,,,,,,,,,,,,,,,,,,,,0,0,,,,,bull
real_estate__A_trend_quality__conservative__mid,real_estate,,A_trend_quality,conservative,mid,20,stock,DATA_INSUFFICIENT,"No licensed point-in-time US daily tape, delist file, corporate-action journal, or historical venue/industry vintages were verified in this environment.",False,,False,False,,,,,,,,,,,,,,,,,,,,,,0,0,,,,,bear
real_estate__A_trend_quality__conservative__mid,real_estate,,A_trend_quality,conservative,mid,20,stock,DATA_INSUFFICIENT,"No licensed point-in-time US daily tape, delist file, corporate-action journal, or historical venue/industry vintages were verified in this environment.",False,,False,False,,,,,,,,,,,,,,,,,,,,,,0,0,,,,,range
real_estate__A_trend_quality__conservative__long,real_estate,,A_trend_quality,conservative,long,63,stock,DATA_INSUFFICIENT,"No licensed point-in-time US daily tape, delist file, corporate-action journal, or historical venue/industry vintages were verified in this environment.",False,,False,False,,,,,,,,,,,,,,,,,,,,,,0,0,,,,,bull
real_estate__A_trend_quality__conservative__long,real_estate,,A_trend_quality,conservative,long,63,stock,DATA_INSUFFICIENT,"No licensed point-in-time US daily tape, delist file, corporate-action journal, or historical venue/industry vintages were verified in this environment.",False,,False,False,,,,,,,,,,,,,,,,,,,,,,0,0,,,,,bear
real_estate__A_trend_quality__conservative__long,real_estate,,A_trend_quality,conservative,long,63,stock,DATA_INSUFFICIENT,"No licensed point-in-time US daily tape, delist file, corporate-action journal, or historical venue/industry vintages were verified in this environment.",False,,False,False,,,,,,,,,,,,,,,,,,,,,,0,0,,,,,range
real_estate__A_trend_quality__balanced__short,real_estate,,A_trend_quality,balanced,short,5,stock,DATA_INSUFFICIENT,"No licensed point-in-time US daily tape, delist file, corporate-action journal, or historical venue/industry vintages were verified in this environment.",False,,False,False,,,,,,,,,,,,,,,,,,,,,,0,0,,,,,bull
real_estate__A_trend_quality__balanced__short,real_estate,,A_trend_quality,balanced,short,5,stock,DATA_INSUFFICIENT,"No licensed point-in-time US daily tape, delist file, corporate-action journal, or historical venue/industry vintages were verified in this environment.",False,,False,False,,,,,,,,,,,,,,,,,,,,,,0,0,,,,,bear
real_estate__A_trend_quality__balanced__short,real_estate,,A_trend_quality,balanced,short,5,stock,DATA_INSUFFICIENT,"No licensed point-in-time US daily tape, delist file, corporate-action journal, or historical venue/industry vintages were verified in this environment.",False,,False,False,,,,,,,,,,,,,,,,,,,,,,0,0,,,,,range
real_estate__A_trend_quality__balanced__mid,real_estate,,A_trend_quality,balanced,mid,20,stock,DATA_INSUFFICIENT,"No licensed point-in-time US daily tape, delist file, corporate-action journal, or historical venue/industry vintages were verified in this environment.",False,,False,False,,,,,,,,,,,,,,,,,,,,,,0,0,,,,,bull
real_estate__A_trend_quality__balanced__mid,real_estate,,A_trend_quality,balanced,mid,20,stock,DATA_INSUFFICIENT,"No licensed point-in-time US daily tape, delist file, corporate-action journal, or historical venue/industry vintages were verified in this environment.",False,,False,False,,,,,,,,,,,,,,,,,,,,,,0,0,,,,,bear
real_estate__A_trend_quality__balanced__mid,real_estate,,A_trend_quality,balanced,mid,20,stock,DATA_INSUFFICIENT,"No licensed point-in-time US daily tape, delist file, corporate-action journal, or historical venue/industry vintages were verified in this environment.",False,,False,False,,,,,,,,,,,,,,,,,,,,,,0,0,,,,,range
real_estate__A_trend_quality__balanced__long,real_estate,,A_trend_quality,balanced,long,63,stock,DATA_INSUFFICIENT,"No licensed point-in-time US daily tape, delist file, corporate-action journal, or historical venue/industry vintages were verified in this environment.",False,,False,False,,,,,,,,,,,,,,,,,,,,,,0,0,,,,,bull
real_estate__A_trend_quality__balanced__long,real_estate,,A_trend_quality,balanced,long,63,stock,DATA_INSUFFICIENT,"No licensed point-in-time US daily tape, delist file, corporate-action journal, or historical venue/industry vintages were verified in this environment.",False,,False,False,,,,,,,,,,,,,,,,,,,,,,0,0,,,,,bear
real_estate__A_trend_quality__balanced__long,real_estate,,A_trend_quality,balanced,long,63,stock,DATA_INSUFFICIENT,"No licensed point-in-time US daily tape, delist file, corporate-action journal, or historical venue/industry vintages were verified in this environment.",False,,False,False,,,,,,,,,,,,,,,,,,,,,,0,0,,,,,range
real_estate__A_trend_quality__aggressive__short,real_estate,,A_trend_quality,aggressive,short,5,stock,DATA_INSUFFICIENT,"No licensed point-in-time US daily tape, delist file, corporate-action journal, or historical venue/industry vintages were verified in this environment.",False,,False,False,,,,,,,,,,,,,,,,,,,,,,0,0,,,,,bull
real_estate__A_trend_quality__aggressive__short,real_estate,,A_trend_quality,aggressive,short,5,stock,DATA_INSUFFICIENT,"No licensed point-in-time US daily tape, delist file, corporate-action journal, or historical venue/industry vintages were verified in this environment.",False,,False,False,,,,,,,,,,,,,,,,,,,,,,0,0,,,,,bear
real_estate__A_trend_quality__aggressive__short,real_estate,,A_trend_quality,aggressive,short,5,stock,DATA_INSUFFICIENT,"No licensed point-in-time US daily tape, delist file, corporate-action journal, or historical venue/industry vintages were verified in this environment.",False,,False,False,,,,,,,,,,,,,,,,,,,,,,0,0,,,,,range
real_estate__A_trend_quality__aggressive__mid,real_estate,,A_trend_quality,aggressive,mid,20,stock,DATA_INSUFFICIENT,"No licensed point-in-time US daily tape, delist file, corporate-action journal, or historical venue/industry vintages were verified in this environment.",False,,False,False,,,,,,,,,,,,,,,,,,,,,,0,0,,,,,bull
real_estate__A_trend_quality__aggressive__mid,real_estate,,A_trend_quality,aggressive,mid,20,stock,DATA_INSUFFICIENT,"No licensed point-in-time US daily tape, delist file, corporate-action journal, or historical venue/industry vintages were verified in this environment.",False,,False,False,,,,,,,,,,,,,,,,,,,,,,0,0,,,,,bear
real_estate__A_trend_quality__aggressive__mid,real_estate,,A_trend_quality,aggressive,mid,20,stock,DATA_INSUFFICIENT,"No licensed point-in-time US daily tape, delist file, corporate-action journal, or historical venue/industry vintages were verified in this environment.",False,,False,False,,,,,,,,,,,,,,,,,,,,,,0,0,,,,,range
real_estate__A_trend_quality__aggressive__long,real_estate,,A_trend_quality,aggressive,long,63,stock,DATA_INSUFFICIENT,"No licensed point-in-time US daily tape, delist file, corporate-action journal, or historical venue/industry vintages were verified in this environment.",False,,False,False,,,,,,,,,,,,,,,,,,,,,,0,0,,,,,bull
real_estate__A_trend_quality__aggressive__long,real_estate,,A_trend_quality,aggressive,long,63,stock,DATA_INSUFFICIENT,"No licensed point-in-time US daily tape, delist file, corporate-action journal, or historical venue/industry vintages were verified in this environment.",False,,False,False,,,,,,,,,,,,,,,,,,,,,,0,0,,,,,bear
real_estate__A_trend_quality__aggressive__long,real_estate,,A_trend_quality,aggressive,long,63,stock,DATA_INSUFFICIENT,"No licensed point-in-time US daily tape, delist file, corporate-action journal, or historical venue/industry vintages were verified in this environment.",False,,False,False,,,,,,,,,,,,,,,,,,,,,,0,0,,,,,range
real_estate__B_confirmed_base_breakout__conservative__short,real_estate,,B_confirmed_base_breakout,conservative,short,5,stock,DATA_INSUFFICIENT,"No licensed point-in-time US daily tape, delist file, corporate-action journal, or historical venue/industry vintages were verified in this environment.",False,,False,False,,,,,,,,,,,,,,,,,,,,,,0,0,,,,,bull
real_estate__B_confirmed_base_breakout__conservative__short,real_estate,,B_confirmed_base_breakout,conservative,short,5,stock,DATA_INSUFFICIENT,"No licensed point-in-time US daily tape, delist file, corporate-action journal, or historical venue/industry vintages were verified in this environment.",False,,False,False,,,,,,,,,,,,,,,,,,,,,,0,0,,,,,bear
real_estate__B_confirmed_base_breakout__conservative__short,real_estate,,B_confirmed_base_breakout,conservative,short,5,stock,DATA_INSUFFICIENT,"No licensed point-in-time US daily tape, delist file, corporate-action journal, or historical venue/industry vintages were verified in this environment.",False,,False,False,,,,,,,,,,,,,,,,,,,,,,0,0,,,,,range
real_estate__B_confirmed_base_breakout__conservative__mid,real_estate,,B_confirmed_base_breakout,conservative,mid,20,stock,DATA_INSUFFICIENT,"No licensed point-in-time US daily tape, delist file, corporate-action journal, or historical venue/industry vintages were verified in this environment.",False,,False,False,,,,,,,,,,,,,,,,,,,,,,0,0,,,,,bull
real_estate__B_confirmed_base_breakout__conservative__mid,real_estate,,B_confirmed_base_breakout,conservative,mid,20,stock,DATA_INSUFFICIENT,"No licensed point-in-time US daily tape, delist file, corporate-action journal, or historical venue/industry vintages were verified in this environment.",False,,False,False,,,,,,,,,,,,,,,,,,,,,,0,0,,,,,bear
real_estate__B_confirmed_base_breakout__conservative__mid,real_estate,,B_confirmed_base_breakout,conservative,mid,20,stock,DATA_INSUFFICIENT,"No licensed point-in-time US daily tape, delist file, corporate-action journal, or historical venue/industry vintages were verified in this environment.",False,,False,False,,,,,,,,,,,,,,,,,,,,,,0,0,,,,,range
real_estate__B_confirmed_base_breakout__conservative__long,real_estate,,B_confirmed_base_breakout,conservative,long,63,stock,DATA_INSUFFICIENT,"No licensed point-in-time US daily tape, delist file, corporate-action journal, or historical venue/industry vintages were verified in this environment.",False,,False,False,,,,,,,,,,,,,,,,,,,,,,0,0,,,,,bull
real_estate__B_confirmed_base_breakout__conservative__long,real_estate,,B_confirmed_base_breakout,conservative,long,63,stock,DATA_INSUFFICIENT,"No licensed point-in-time US daily tape, delist file, corporate-action journal, or historical venue/industry vintages were verified in this environment.",False,,False,False,,,,,,,,,,,,,,,,,,,,,,0,0,,,,,bear
real_estate__B_confirmed_base_breakout__conservative__long,real_estate,,B_confirmed_base_breakout,conservative,long,63,stock,DATA_INSUFFICIENT,"No licensed point-in-time US daily tape, delist file, corporate-action journal, or historical venue/industry vintages were verified in this environment.",False,,False,False,,,,,,,,,,,,,,,,,,,,,,0,0,,,,,range
real_estate__B_confirmed_base_breakout__balanced__short,real_estate,,B_confirmed_base_breakout,balanced,short,5,stock,DATA_INSUFFICIENT,"No licensed point-in-time US daily tape, delist file, corporate-action journal, or historical venue/industry vintages were verified in this environment.",False,,False,False,,,,,,,,,,,,,,,,,,,,,,0,0,,,,,bull
real_estate__B_confirmed_base_breakout__balanced__short,real_estate,,B_confirmed_base_breakout,balanced,short,5,stock,DATA_INSUFFICIENT,"No licensed point-in-time US daily tape, delist file, corporate-action journal, or historical venue/industry vintages were verified in this environment.",False,,False,False,,,,,,,,,,,,,,,,,,,,,,0,0,,,,,bear
real_estate__B_confirmed_base_breakout__balanced__short,real_estate,,B_confirmed_base_breakout,balanced,short,5,stock,DATA_INSUFFICIENT,"No licensed point-in-time US daily tape, delist file, corporate-action journal, or historical venue/industry vintages were verified in this environment.",False,,False,False,,,,,,,,,,,,,,,,,,,,,,0,0,,,,,range
real_estate__B_confirmed_base_breakout__balanced__mid,real_estate,,B_confirmed_base_breakout,balanced,mid,20,stock,DATA_INSUFFICIENT,"No licensed point-in-time US daily tape, delist file, corporate-action journal, or historical venue/industry vintages were verified in this environment.",False,,False,False,,,,,,,,,,,,,,,,,,,,,,0,0,,,,,bull
real_estate__B_confirmed_base_breakout__balanced__mid,real_estate,,B_confirmed_base_breakout,balanced,mid,20,stock,DATA_INSUFFICIENT,"No licensed point-in-time US daily tape, delist file, corporate-action journal, or historical venue/industry vintages were verified in this environment.",False,,False,False,,,,,,,,,,,,,,,,,,,,,,0,0,,,,,bear
real_estate__B_confirmed_base_breakout__balanced__mid,real_estate,,B_confirmed_base_breakout,balanced,mid,20,stock,DATA_INSUFFICIENT,"No licensed point-in-time US daily tape, delist file, corporate-action journal, or historical venue/industry vintages were verified in this environment.",False,,False,False,,,,,,,,,,,,,,,,,,,,,,0,0,,,,,range
real_estate__B_confirmed_base_breakout__balanced__long,real_estate,,B_confirmed_base_breakout,balanced,long,63,stock,DATA_INSUFFICIENT,"No licensed point-in-time US daily tape, delist file, corporate-action journal, or historical venue/industry vintages were verified in this environment.",False,,False,False,,,,,,,,,,,,,,,,,,,,,,0,0,,,,,bull
real_estate__B_confirmed_base_breakout__balanced__long,real_estate,,B_confirmed_base_breakout,balanced,long,63,stock,DATA_INSUFFICIENT,"No licensed point-in-time US daily tape, delist file, corporate-action journal, or historical venue/industry vintages were verified in this environment.",False,,False,False,,,,,,,,,,,,,,,,,,,,,,0,0,,,,,bear
real_estate__B_confirmed_base_breakout__balanced__long,real_estate,,B_confirmed_base_breakout,balanced,long,63,stock,DATA_INSUFFICIENT,"No licensed point-in-time US daily tape, delist file, corporate-action journal, or historical venue/industry vintages were verified in this environment.",False,,False,False,,,,,,,,,,,,,,,,,,,,,,0,0,,,,,range
real_estate__B_confirmed_base_breakout__aggressive__short,real_estate,,B_confirmed_base_breakout,aggressive,short,5,stock,DATA_INSUFFICIENT,"No licensed point-in-time US daily tape, delist file, corporate-action journal, or historical venue/industry vintages were verified in this environment.",False,,False,False,,,,,,,,,,,,,,,,,,,,,,0,0,,,,,bull
real_estate__B_confirmed_base_breakout__aggressive__short,real_estate,,B_confirmed_base_breakout,aggressive,short,5,stock,DATA_INSUFFICIENT,"No licensed point-in-time US daily tape, delist file, corporate-action journal, or historical venue/industry vintages were verified in this environment.",False,,False,False,,,,,,,,,,,,,,,,,,,,,,0,0,,,,,bear
real_estate__B_confirmed_base_breakout__aggressive__short,real_estate,,B_confirmed_base_breakout,aggressive,short,5,stock,DATA_INSUFFICIENT,"No licensed point-in-time US daily tape, delist file, corporate-action journal, or historical venue/industry vintages were verified in this environment.",False,,False,False,,,,,,,,,,,,,,,,,,,,,,0,0,,,,,range
real_estate__B_confirmed_base_breakout__aggressive__mid,real_estate,,B_confirmed_base_breakout,aggressive,mid,20,stock,DATA_INSUFFICIENT,"No licensed point-in-time US daily tape, delist file, corporate-action journal, or historical venue/industry vintages were verified in this environment.",False,,False,False,,,,,,,,,,,,,,,,,,,,,,0,0,,,,,bull
real_estate__B_confirmed_base_breakout__aggressive__mid,real_estate,,B_confirmed_base_breakout,aggressive,mid,20,stock,DATA_INSUFFICIENT,"No licensed point-in-time US daily tape, delist file, corporate-action journal, or historical venue/industry vintages were verified in this environment.",False,,False,False,,,,,,,,,,,,,,,,,,,,,,0,0,,,,,bear
real_estate__B_confirmed_base_breakout__aggressive__mid,real_estate,,B_confirmed_base_breakout,aggressive,mid,20,stock,DATA_INSUFFICIENT,"No licensed point-in-time US daily tape, delist file, corporate-action journal, or historical venue/industry vintages were verified in this environment.",False,,False,False,,,,,,,,,,,,,,,,,,,,,,0,0,,,,,range
real_estate__B_confirmed_base_breakout__aggressive__long,real_estate,,B_confirmed_base_breakout,aggressive,long,63,stock,DATA_INSUFFICIENT,"No licensed point-in-time US daily tape, delist file, corporate-action journal, or historical venue/industry vintages were verified in this environment.",False,,False,False,,,,,,,,,,,,,,,,,,,,,,0,0,,,,,bull
real_estate__B_confirmed_base_breakout__aggressive__long,real_estate,,B_confirmed_base_breakout,aggressive,long,63,stock,DATA_INSUFFICIENT,"No licensed point-in-time US daily tape, delist file, corporate-action journal, or historical venue/industry vintages were verified in this environment.",False,,False,False,,,,,,,,,,,,,,,,,,,,,,0,0,,,,,bear
real_estate__B_confirmed_base_breakout__aggressive__long,real_estate,,B_confirmed_base_breakout,aggressive,long,63,stock,DATA_INSUFFICIENT,"No licensed point-in-time US daily tape, delist file, corporate-action journal, or historical venue/industry vintages were verified in this environment.",False,,False,False,,,,,,,,,,,,,,,,,,,,,,0,0,,,,,range
real_estate__C_trend_pullback__conservative__short,real_estate,,C_trend_pullback,conservative,short,5,stock,DATA_INSUFFICIENT,"No licensed point-in-time US daily tape, delist file, corporate-action journal, or historical venue/industry vintages were verified in this environment.",False,,False,False,,,,,,,,,,,,,,,,,,,,,,0,0,,,,,bull
real_estate__C_trend_pullback__conservative__short,real_estate,,C_trend_pullback,conservative,short,5,stock,DATA_INSUFFICIENT,"No licensed point-in-time US daily tape, delist file, corporate-action journal, or historical venue/industry vintages were verified in this environment.",False,,False,False,,,,,,,,,,,,,,,,,,,,,,0,0,,,,,bear
real_estate__C_trend_pullback__conservative__short,real_estate,,C_trend_pullback,conservative,short,5,stock,DATA_INSUFFICIENT,"No licensed point-in-time US daily tape, delist file, corporate-action journal, or historical venue/industry vintages were verified in this environment.",False,,False,False,,,,,,,,,,,,,,,,,,,,,,0,0,,,,,range
real_estate__C_trend_pullback__conservative__mid,real_estate,,C_trend_pullback,conservative,mid,20,stock,DATA_INSUFFICIENT,"No licensed point-in-time US daily tape, delist file, corporate-action journal, or historical venue/industry vintages were verified in this environment.",False,,False,False,,,,,,,,,,,,,,,,,,,,,,0,0,,,,,bull
real_estate__C_trend_pullback__conservative__mid,real_estate,,C_trend_pullback,conservative,mid,20,stock,DATA_INSUFFICIENT,"No licensed point-in-time US daily tape, delist file, corporate-action journal, or historical venue/industry vintages were verified in this environment.",False,,False,False,,,,,,,,,,,,,,,,,,,,,,0,0,,,,,bear
real_estate__C_trend_pullback__conservative__mid,real_estate,,C_trend_pullback,conservative,mid,20,stock,DATA_INSUFFICIENT,"No licensed point-in-time US daily tape, delist file, corporate-action journal, or historical venue/industry vintages were verified in this environment.",False,,False,False,,,,,,,,,,,,,,,,,,,,,,0,0,,,,,range
real_estate__C_trend_pullback__conservative__long,real_estate,,C_trend_pullback,conservative,long,63,stock,DATA_INSUFFICIENT,"No licensed point-in-time US daily tape, delist file, corporate-action journal, or historical venue/industry vintages were verified in this environment.",False,,False,False,,,,,,,,,,,,,,,,,,,,,,0,0,,,,,bull
real_estate__C_trend_pullback__conservative__long,real_estate,,C_trend_pullback,conservative,long,63,stock,DATA_INSUFFICIENT,"No licensed point-in-time US daily tape, delist file, corporate-action journal, or historical venue/industry vintages were verified in this environment.",False,,False,False,,,,,,,,,,,,,,,,,,,,,,0,0,,,,,bear
real_estate__C_trend_pullback__conservative__long,real_estate,,C_trend_pullback,conservative,long,63,stock,DATA_INSUFFICIENT,"No licensed point-in-time US daily tape, delist file, corporate-action journal, or historical venue/industry vintages were verified in this environment.",False,,False,False,,,,,,,,,,,,,,,,,,,,,,0,0,,,,,range
real_estate__C_trend_pullback__balanced__short,real_estate,,C_trend_pullback,balanced,short,5,stock,DATA_INSUFFICIENT,"No licensed point-in-time US daily tape, delist file, corporate-action journal, or historical venue/industry vintages were verified in this environment.",False,,False,False,,,,,,,,,,,,,,,,,,,,,,0,0,,,,,bull
real_estate__C_trend_pullback__balanced__short,real_estate,,C_trend_pullback,balanced,short,5,stock,DATA_INSUFFICIENT,"No licensed point-in-time US daily tape, delist file, corporate-action journal, or historical venue/industry vintages were verified in this environment.",False,,False,False,,,,,,,,,,,,,,,,,,,,,,0,0,,,,,bear
real_estate__C_trend_pullback__balanced__short,real_estate,,C_trend_pullback,balanced,short,5,stock,DATA_INSUFFICIENT,"No licensed point-in-time US daily tape, delist file, corporate-action journal, or historical venue/industry vintages were verified in this environment.",False,,False,False,,,,,,,,,,,,,,,,,,,,,,0,0,,,,,range
real_estate__C_trend_pullback__balanced__mid,real_estate,,C_trend_pullback,balanced,mid,20,stock,DATA_INSUFFICIENT,"No licensed point-in-time US daily tape, delist file, corporate-action journal, or historical venue/industry vintages were verified in this environment.",False,,False,False,,,,,,,,,,,,,,,,,,,,,,0,0,,,,,bull
real_estate__C_trend_pullback__balanced__mid,real_estate,,C_trend_pullback,balanced,mid,20,stock,DATA_INSUFFICIENT,"No licensed point-in-time US daily tape, delist file, corporate-action journal, or historical venue/industry vintages were verified in this environment.",False,,False,False,,,,,,,,,,,,,,,,,,,,,,0,0,,,,,bear
real_estate__C_trend_pullback__balanced__mid,real_estate,,C_trend_pullback,balanced,mid,20,stock,DATA_INSUFFICIENT,"No licensed point-in-time US daily tape, delist file, corporate-action journal, or historical venue/industry vintages were verified in this environment.",False,,False,False,,,,,,,,,,,,,,,,,,,,,,0,0,,,,,range
real_estate__C_trend_pullback__balanced__long,real_estate,,C_trend_pullback,balanced,long,63,stock,DATA_INSUFFICIENT,"No licensed point-in-time US daily tape, delist file, corporate-action journal, or historical venue/industry vintages were verified in this environment.",False,,False,False,,,,,,,,,,,,,,,,,,,,,,0,0,,,,,bull
real_estate__C_trend_pullback__balanced__long,real_estate,,C_trend_pullback,balanced,long,63,stock,DATA_INSUFFICIENT,"No licensed point-in-time US daily tape, delist file, corporate-action journal, or historical venue/industry vintages were verified in this environment.",False,,False,False,,,,,,,,,,,,,,,,,,,,,,0,0,,,,,bear
real_estate__C_trend_pullback__balanced__long,real_estate,,C_trend_pullback,balanced,long,63,stock,DATA_INSUFFICIENT,"No licensed point-in-time US daily tape, delist file, corporate-action journal, or historical venue/industry vintages were verified in this environment.",False,,False,False,,,,,,,,,,,,,,,,,,,,,,0,0,,,,,range
real_estate__C_trend_pullback__aggressive__short,real_estate,,C_trend_pullback,aggressive,short,5,stock,DATA_INSUFFICIENT,"No licensed point-in-time US daily tape, delist file, corporate-action journal, or historical venue/industry vintages were verified in this environment.",False,,False,False,,,,,,,,,,,,,,,,,,,,,,0,0,,,,,bull
real_estate__C_trend_pullback__aggressive__short,real_estate,,C_trend_pullback,aggressive,short,5,stock,DATA_INSUFFICIENT,"No licensed point-in-time US daily tape, delist file, corporate-action journal, or historical venue/industry vintages were verified in this environment.",False,,False,False,,,,,,,,,,,,,,,,,,,,,,0,0,,,,,bear
real_estate__C_trend_pullback__aggressive__short,real_estate,,C_trend_pullback,aggressive,short,5,stock,DATA_INSUFFICIENT,"No licensed point-in-time US daily tape, delist file, corporate-action journal, or historical venue/industry vintages were verified in this environment.",False,,False,False,,,,,,,,,,,,,,,,,,,,,,0,0,,,,,range
real_estate__C_trend_pullback__aggressive__mid,real_estate,,C_trend_pullback,aggressive,mid,20,stock,DATA_INSUFFICIENT,"No licensed point-in-time US daily tape, delist file, corporate-action journal, or historical venue/industry vintages were verified in this environment.",False,,False,False,,,,,,,,,,,,,,,,,,,,,,0,0,,,,,bull
real_estate__C_trend_pullback__aggressive__mid,real_estate,,C_trend_pullback,aggressive,mid,20,stock,DATA_INSUFFICIENT,"No licensed point-in-time US daily tape, delist file, corporate-action journal, or historical venue/industry vintages were verified in this environment.",False,,False,False,,,,,,,,,,,,,,,,,,,,,,0,0,,,,,bear
real_estate__C_trend_pullback__aggressive__mid,real_estate,,C_trend_pullback,aggressive,mid,20,stock,DATA_INSUFFICIENT,"No licensed point-in-time US daily tape, delist file, corporate-action journal, or historical venue/industry vintages were verified in this environment.",False,,False,False,,,,,,,,,,,,,,,,,,,,,,0,0,,,,,range
real_estate__C_trend_pullback__aggressive__long,real_estate,,C_trend_pullback,aggressive,long,63,stock,DATA_INSUFFICIENT,"No licensed point-in-time US daily tape, delist file, corporate-action journal, or historical venue/industry vintages were verified in this environment.",False,,False,False,,,,,,,,,,,,,,,,,,,,,,0,0,,,,,bull
real_estate__C_trend_pullback__aggressive__long,real_estate,,C_trend_pullback,aggressive,long,63,stock,DATA_INSUFFICIENT,"No licensed point-in-time US daily tape, delist file, corporate-action journal, or historical venue/industry vintages were verified in this environment.",False,,False,False,,,,,,,,,,,,,,,,,,,,,,0,0,,,,,bear
real_estate__C_trend_pullback__aggressive__long,real_estate,,C_trend_pullback,aggressive,long,63,stock,DATA_INSUFFICIENT,"No licensed point-in-time US daily tape, delist file, corporate-action journal, or historical venue/industry vintages were verified in this environment.",False,,False,False,,,,,,,,,,,,,,,,,,,,,,0,0,,,,,range
real_estate__D_residual_momentum__conservative__short,real_estate,,D_residual_momentum,conservative,short,5,stock,DATA_INSUFFICIENT,"No licensed point-in-time US daily tape, delist file, corporate-action journal, or historical venue/industry vintages were verified in this environment.",False,,False,False,,,,,,,,,,,,,,,,,,,,,,0,0,,,,,bull
real_estate__D_residual_momentum__conservative__short,real_estate,,D_residual_momentum,conservative,short,5,stock,DATA_INSUFFICIENT,"No licensed point-in-time US daily tape, delist file, corporate-action journal, or historical venue/industry vintages were verified in this environment.",False,,False,False,,,,,,,,,,,,,,,,,,,,,,0,0,,,,,bear
real_estate__D_residual_momentum__conservative__short,real_estate,,D_residual_momentum,conservative,short,5,stock,DATA_INSUFFICIENT,"No licensed point-in-time US daily tape, delist file, corporate-action journal, or historical venue/industry vintages were verified in this environment.",False,,False,False,,,,,,,,,,,,,,,,,,,,,,0,0,,,,,range
real_estate__D_residual_momentum__conservative__mid,real_estate,,D_residual_momentum,conservative,mid,20,stock,DATA_INSUFFICIENT,"No licensed point-in-time US daily tape, delist file, corporate-action journal, or historical venue/industry vintages were verified in this environment.",False,,False,False,,,,,,,,,,,,,,,,,,,,,,0,0,,,,,bull
real_estate__D_residual_momentum__conservative__mid,real_estate,,D_residual_momentum,conservative,mid,20,stock,DATA_INSUFFICIENT,"No licensed point-in-time US daily tape, delist file, corporate-action journal, or historical venue/industry vintages were verified in this environment.",False,,False,False,,,,,,,,,,,,,,,,,,,,,,0,0,,,,,bear
real_estate__D_residual_momentum__conservative__mid,real_estate,,D_residual_momentum,conservative,mid,20,stock,DATA_INSUFFICIENT,"No licensed point-in-time US daily tape, delist file, corporate-action journal, or historical venue/industry vintages were verified in this environment.",False,,False,False,,,,,,,,,,,,,,,,,,,,,,0,0,,,,,range
real_estate__D_residual_momentum__conservative__long,real_estate,,D_residual_momentum,conservative,long,63,stock,DATA_INSUFFICIENT,"No licensed point-in-time US daily tape, delist file, corporate-action journal, or historical venue/industry vintages were verified in this environment.",False,,False,False,,,,,,,,,,,,,,,,,,,,,,0,0,,,,,bull
real_estate__D_residual_momentum__conservative__long,real_estate,,D_residual_momentum,conservative,long,63,stock,DATA_INSUFFICIENT,"No licensed point-in-time US daily tape, delist file, corporate-action journal, or historical venue/industry vintages were verified in this environment.",False,,False,False,,,,,,,,,,,,,,,,,,,,,,0,0,,,,,bear
real_estate__D_residual_momentum__conservative__long,real_estate,,D_residual_momentum,conservative,long,63,stock,DATA_INSUFFICIENT,"No licensed point-in-time US daily tape, delist file, corporate-action journal, or historical venue/industry vintages were verified in this environment.",False,,False,False,,,,,,,,,,,,,,,,,,,,,,0,0,,,,,range
real_estate__D_residual_momentum__balanced__short,real_estate,,D_residual_momentum,balanced,short,5,stock,DATA_INSUFFICIENT,"No licensed point-in-time US daily tape, delist file, corporate-action journal, or historical venue/industry vintages were verified in this environment.",False,,False,False,,,,,,,,,,,,,,,,,,,,,,0,0,,,,,bull
real_estate__D_residual_momentum__balanced__short,real_estate,,D_residual_momentum,balanced,short,5,stock,DATA_INSUFFICIENT,"No licensed point-in-time US daily tape, delist file, corporate-action journal, or historical venue/industry vintages were verified in this environment.",False,,False,False,,,,,,,,,,,,,,,,,,,,,,0,0,,,,,bear
real_estate__D_residual_momentum__balanced__short,real_estate,,D_residual_momentum,balanced,short,5,stock,DATA_INSUFFICIENT,"No licensed point-in-time US daily tape, delist file, corporate-action journal, or historical venue/industry vintages were verified in this environment.",False,,False,False,,,,,,,,,,,,,,,,,,,,,,0,0,,,,,range
real_estate__D_residual_momentum__balanced__mid,real_estate,,D_residual_momentum,balanced,mid,20,stock,DATA_INSUFFICIENT,"No licensed point-in-time US daily tape, delist file, corporate-action journal, or historical venue/industry vintages were verified in this environment.",False,,False,False,,,,,,,,,,,,,,,,,,,,,,0,0,,,,,bull
real_estate__D_residual_momentum__balanced__mid,real_estate,,D_residual_momentum,balanced,mid,20,stock,DATA_INSUFFICIENT,"No licensed point-in-time US daily tape, delist file, corporate-action journal, or historical venue/industry vintages were verified in this environment.",False,,False,False,,,,,,,,,,,,,,,,,,,,,,0,0,,,,,bear
real_estate__D_residual_momentum__balanced__mid,real_estate,,D_residual_momentum,balanced,mid,20,stock,DATA_INSUFFICIENT,"No licensed point-in-time US daily tape, delist file, corporate-action journal, or historical venue/industry vintages were verified in this environment.",False,,False,False,,,,,,,,,,,,,,,,,,,,,,0,0,,,,,range
real_estate__D_residual_momentum__balanced__long,real_estate,,D_residual_momentum,balanced,long,63,stock,DATA_INSUFFICIENT,"No licensed point-in-time US daily tape, delist file, corporate-action journal, or historical venue/industry vintages were verified in this environment.",False,,False,False,,,,,,,,,,,,,,,,,,,,,,0,0,,,,,bull
real_estate__D_residual_momentum__balanced__long,real_estate,,D_residual_momentum,balanced,long,63,stock,DATA_INSUFFICIENT,"No licensed point-in-time US daily tape, delist file, corporate-action journal, or historical venue/industry vintages were verified in this environment.",False,,False,False,,,,,,,,,,,,,,,,,,,,,,0,0,,,,,bear
real_estate__D_residual_momentum__balanced__long,real_estate,,D_residual_momentum,balanced,long,63,stock,DATA_INSUFFICIENT,"No licensed point-in-time US daily tape, delist file, corporate-action journal, or historical venue/industry vintages were verified in this environment.",False,,False,False,,,,,,,,,,,,,,,,,,,,,,0,0,,,,,range
real_estate__D_residual_momentum__aggressive__short,real_estate,,D_residual_momentum,aggressive,short,5,stock,DATA_INSUFFICIENT,"No licensed point-in-time US daily tape, delist file, corporate-action journal, or historical venue/industry vintages were verified in this environment.",False,,False,False,,,,,,,,,,,,,,,,,,,,,,0,0,,,,,bull
real_estate__D_residual_momentum__aggressive__short,real_estate,,D_residual_momentum,aggressive,short,5,stock,DATA_INSUFFICIENT,"No licensed point-in-time US daily tape, delist file, corporate-action journal, or historical venue/industry vintages were verified in this environment.",False,,False,False,,,,,,,,,,,,,,,,,,,,,,0,0,,,,,bear
real_estate__D_residual_momentum__aggressive__short,real_estate,,D_residual_momentum,aggressive,short,5,stock,DATA_INSUFFICIENT,"No licensed point-in-time US daily tape, delist file, corporate-action journal, or historical venue/industry vintages were verified in this environment.",False,,False,False,,,,,,,,,,,,,,,,,,,,,,0,0,,,,,range
real_estate__D_residual_momentum__aggressive__mid,real_estate,,D_residual_momentum,aggressive,mid,20,stock,DATA_INSUFFICIENT,"No licensed point-in-time US daily tape, delist file, corporate-action journal, or historical venue/industry vintages were verified in this environment.",False,,False,False,,,,,,,,,,,,,,,,,,,,,,0,0,,,,,bull
real_estate__D_residual_momentum__aggressive__mid,real_estate,,D_residual_momentum,aggressive,mid,20,stock,DATA_INSUFFICIENT,"No licensed point-in-time US daily tape, delist file, corporate-action journal, or historical venue/industry vintages were verified in this environment.",False,,False,False,,,,,,,,,,,,,,,,,,,,,,0,0,,,,,bear
real_estate__D_residual_momentum__aggressive__mid,real_estate,,D_residual_momentum,aggressive,mid,20,stock,DATA_INSUFFICIENT,"No licensed point-in-time US daily tape, delist file, corporate-action journal, or historical venue/industry vintages were verified in this environment.",False,,False,False,,,,,,,,,,,,,,,,,,,,,,0,0,,,,,range
real_estate__D_residual_momentum__aggressive__long,real_estate,,D_residual_momentum,aggressive,long,63,stock,DATA_INSUFFICIENT,"No licensed point-in-time US daily tape, delist file, corporate-action journal, or historical venue/industry vintages were verified in this environment.",False,,False,False,,,,,,,,,,,,,,,,,,,,,,0,0,,,,,bull
real_estate__D_residual_momentum__aggressive__long,real_estate,,D_residual_momentum,aggressive,long,63,stock,DATA_INSUFFICIENT,"No licensed point-in-time US daily tape, delist file, corporate-action journal, or historical venue/industry vintages were verified in this environment.",False,,False,False,,,,,,,,,,,,,,,,,,,,,,0,0,,,,,bear
real_estate__D_residual_momentum__aggressive__long,real_estate,,D_residual_momentum,aggressive,long,63,stock,DATA_INSUFFICIENT,"No licensed point-in-time US daily tape, delist file, corporate-action journal, or historical venue/industry vintages were verified in this environment.",False,,False,False,,,,,,,,,,,,,,,,,,,,,,0,0,,,,,range
crypto__A_trend_quality__conservative__short,crypto,,A_trend_quality,conservative,short,5,stock,DATA_INSUFFICIENT,"No licensed point-in-time US daily tape, delist file, corporate-action journal, or historical venue/industry vintages were verified in this environment.",False,,False,False,,,,,,,,,,,,,,,,,,,,,,0,0,,,,,bull
crypto__A_trend_quality__conservative__short,crypto,,A_trend_quality,conservative,short,5,stock,DATA_INSUFFICIENT,"No licensed point-in-time US daily tape, delist file, corporate-action journal, or historical venue/industry vintages were verified in this environment.",False,,False,False,,,,,,,,,,,,,,,,,,,,,,0,0,,,,,bear
crypto__A_trend_quality__conservative__short,crypto,,A_trend_quality,conservative,short,5,stock,DATA_INSUFFICIENT,"No licensed point-in-time US daily tape, delist file, corporate-action journal, or historical venue/industry vintages were verified in this environment.",False,,False,False,,,,,,,,,,,,,,,,,,,,,,0,0,,,,,range
crypto__A_trend_quality__conservative__mid,crypto,,A_trend_quality,conservative,mid,20,stock,DATA_INSUFFICIENT,"No licensed point-in-time US daily tape, delist file, corporate-action journal, or historical venue/industry vintages were verified in this environment.",False,,False,False,,,,,,,,,,,,,,,,,,,,,,0,0,,,,,bull
crypto__A_trend_quality__conservative__mid,crypto,,A_trend_quality,conservative,mid,20,stock,DATA_INSUFFICIENT,"No licensed point-in-time US daily tape, delist file, corporate-action journal, or historical venue/industry vintages were verified in this environment.",False,,False,False,,,,,,,,,,,,,,,,,,,,,,0,0,,,,,bear
crypto__A_trend_quality__conservative__mid,crypto,,A_trend_quality,conservative,mid,20,stock,DATA_INSUFFICIENT,"No licensed point-in-time US daily tape, delist file, corporate-action journal, or historical venue/industry vintages were verified in this environment.",False,,False,False,,,,,,,,,,,,,,,,,,,,,,0,0,,,,,range
crypto__A_trend_quality__conservative__long,crypto,,A_trend_quality,conservative,long,63,stock,DATA_INSUFFICIENT,"No licensed point-in-time US daily tape, delist file, corporate-action journal, or historical venue/industry vintages were verified in this environment.",False,,False,False,,,,,,,,,,,,,,,,,,,,,,0,0,,,,,bull
crypto__A_trend_quality__conservative__long,crypto,,A_trend_quality,conservative,long,63,stock,DATA_INSUFFICIENT,"No licensed point-in-time US daily tape, delist file, corporate-action journal, or historical venue/industry vintages were verified in this environment.",False,,False,False,,,,,,,,,,,,,,,,,,,,,,0,0,,,,,bear
crypto__A_trend_quality__conservative__long,crypto,,A_trend_quality,conservative,long,63,stock,DATA_INSUFFICIENT,"No licensed point-in-time US daily tape, delist file, corporate-action journal, or historical venue/industry vintages were verified in this environment.",False,,False,False,,,,,,,,,,,,,,,,,,,,,,0,0,,,,,range
crypto__A_trend_quality__balanced__short,crypto,,A_trend_quality,balanced,short,5,stock,DATA_INSUFFICIENT,"No licensed point-in-time US daily tape, delist file, corporate-action journal, or historical venue/industry vintages were verified in this environment.",False,,False,False,,,,,,,,,,,,,,,,,,,,,,0,0,,,,,bull
crypto__A_trend_quality__balanced__short,crypto,,A_trend_quality,balanced,short,5,stock,DATA_INSUFFICIENT,"No licensed point-in-time US daily tape, delist file, corporate-action journal, or historical venue/industry vintages were verified in this environment.",False,,False,False,,,,,,,,,,,,,,,,,,,,,,0,0,,,,,bear
crypto__A_trend_quality__balanced__short,crypto,,A_trend_quality,balanced,short,5,stock,DATA_INSUFFICIENT,"No licensed point-in-time US daily tape, delist file, corporate-action journal, or historical venue/industry vintages were verified in this environment.",False,,False,False,,,,,,,,,,,,,,,,,,,,,,0,0,,,,,range
crypto__A_trend_quality__balanced__mid,crypto,,A_trend_quality,balanced,mid,20,stock,DATA_INSUFFICIENT,"No licensed point-in-time US daily tape, delist file, corporate-action journal, or historical venue/industry vintages were verified in this environment.",False,,False,False,,,,,,,,,,,,,,,,,,,,,,0,0,,,,,bull
crypto__A_trend_quality__balanced__mid,crypto,,A_trend_quality,balanced,mid,20,stock,DATA_INSUFFICIENT,"No licensed point-in-time US daily tape, delist file, corporate-action journal, or historical venue/industry vintages were verified in this environment.",False,,False,False,,,,,,,,,,,,,,,,,,,,,,0,0,,,,,bear
crypto__A_trend_quality__balanced__mid,crypto,,A_trend_quality,balanced,mid,20,stock,DATA_INSUFFICIENT,"No licensed point-in-time US daily tape, delist file, corporate-action journal, or historical venue/industry vintages were verified in this environment.",False,,False,False,,,,,,,,,,,,,,,,,,,,,,0,0,,,,,range
crypto__A_trend_quality__balanced__long,crypto,,A_trend_quality,balanced,long,63,stock,DATA_INSUFFICIENT,"No licensed point-in-time US daily tape, delist file, corporate-action journal, or historical venue/industry vintages were verified in this environment.",False,,False,False,,,,,,,,,,,,,,,,,,,,,,0,0,,,,,bull
crypto__A_trend_quality__balanced__long,crypto,,A_trend_quality,balanced,long,63,stock,DATA_INSUFFICIENT,"No licensed point-in-time US daily tape, delist file, corporate-action journal, or historical venue/industry vintages were verified in this environment.",False,,False,False,,,,,,,,,,,,,,,,,,,,,,0,0,,,,,bear
crypto__A_trend_quality__balanced__long,crypto,,A_trend_quality,balanced,long,63,stock,DATA_INSUFFICIENT,"No licensed point-in-time US daily tape, delist file, corporate-action journal, or historical venue/industry vintages were verified in this environment.",False,,False,False,,,,,,,,,,,,,,,,,,,,,,0,0,,,,,range
crypto__A_trend_quality__aggressive__short,crypto,,A_trend_quality,aggressive,short,5,stock,DATA_INSUFFICIENT,"No licensed point-in-time US daily tape, delist file, corporate-action journal, or historical venue/industry vintages were verified in this environment.",False,,False,False,,,,,,,,,,,,,,,,,,,,,,0,0,,,,,bull
crypto__A_trend_quality__aggressive__short,crypto,,A_trend_quality,aggressive,short,5,stock,DATA_INSUFFICIENT,"No licensed point-in-time US daily tape, delist file, corporate-action journal, or historical venue/industry vintages were verified in this environment.",False,,False,False,,,,,,,,,,,,,,,,,,,,,,0,0,,,,,bear
crypto__A_trend_quality__aggressive__short,crypto,,A_trend_quality,aggressive,short,5,stock,DATA_INSUFFICIENT,"No licensed point-in-time US daily tape, delist file, corporate-action journal, or historical venue/industry vintages were verified in this environment.",False,,False,False,,,,,,,,,,,,,,,,,,,,,,0,0,,,,,range
crypto__A_trend_quality__aggressive__mid,crypto,,A_trend_quality,aggressive,mid,20,stock,DATA_INSUFFICIENT,"No licensed point-in-time US daily tape, delist file, corporate-action journal, or historical venue/industry vintages were verified in this environment.",False,,False,False,,,,,,,,,,,,,,,,,,,,,,0,0,,,,,bull
crypto__A_trend_quality__aggressive__mid,crypto,,A_trend_quality,aggressive,mid,20,stock,DATA_INSUFFICIENT,"No licensed point-in-time US daily tape, delist file, corporate-action journal, or historical venue/industry vintages were verified in this environment.",False,,False,False,,,,,,,,,,,,,,,,,,,,,,0,0,,,,,bear
crypto__A_trend_quality__aggressive__mid,crypto,,A_trend_quality,aggressive,mid,20,stock,DATA_INSUFFICIENT,"No licensed point-in-time US daily tape, delist file, corporate-action journal, or historical venue/industry vintages were verified in this environment.",False,,False,False,,,,,,,,,,,,,,,,,,,,,,0,0,,,,,range
crypto__A_trend_quality__aggressive__long,crypto,,A_trend_quality,aggressive,long,63,stock,DATA_INSUFFICIENT,"No licensed point-in-time US daily tape, delist file, corporate-action journal, or historical venue/industry vintages were verified in this environment.",False,,False,False,,,,,,,,,,,,,,,,,,,,,,0,0,,,,,bull
crypto__A_trend_quality__aggressive__long,crypto,,A_trend_quality,aggressive,long,63,stock,DATA_INSUFFICIENT,"No licensed point-in-time US daily tape, delist file, corporate-action journal, or historical venue/industry vintages were verified in this environment.",False,,False,False,,,,,,,,,,,,,,,,,,,,,,0,0,,,,,bear
crypto__A_trend_quality__aggressive__long,crypto,,A_trend_quality,aggressive,long,63,stock,DATA_INSUFFICIENT,"No licensed point-in-time US daily tape, delist file, corporate-action journal, or historical venue/industry vintages were verified in this environment.",False,,False,False,,,,,,,,,,,,,,,,,,,,,,0,0,,,,,range
crypto__B_confirmed_base_breakout__conservative__short,crypto,,B_confirmed_base_breakout,conservative,short,5,stock,DATA_INSUFFICIENT,"No licensed point-in-time US daily tape, delist file, corporate-action journal, or historical venue/industry vintages were verified in this environment.",False,,False,False,,,,,,,,,,,,,,,,,,,,,,0,0,,,,,bull
crypto__B_confirmed_base_breakout__conservative__short,crypto,,B_confirmed_base_breakout,conservative,short,5,stock,DATA_INSUFFICIENT,"No licensed point-in-time US daily tape, delist file, corporate-action journal, or historical venue/industry vintages were verified in this environment.",False,,False,False,,,,,,,,,,,,,,,,,,,,,,0,0,,,,,bear
crypto__B_confirmed_base_breakout__conservative__short,crypto,,B_confirmed_base_breakout,conservative,short,5,stock,DATA_INSUFFICIENT,"No licensed point-in-time US daily tape, delist file, corporate-action journal, or historical venue/industry vintages were verified in this environment.",False,,False,False,,,,,,,,,,,,,,,,,,,,,,0,0,,,,,range
crypto__B_confirmed_base_breakout__conservative__mid,crypto,,B_confirmed_base_breakout,conservative,mid,20,stock,DATA_INSUFFICIENT,"No licensed point-in-time US daily tape, delist file, corporate-action journal, or historical venue/industry vintages were verified in this environment.",False,,False,False,,,,,,,,,,,,,,,,,,,,,,0,0,,,,,bull
crypto__B_confirmed_base_breakout__conservative__mid,crypto,,B_confirmed_base_breakout,conservative,mid,20,stock,DATA_INSUFFICIENT,"No licensed point-in-time US daily tape, delist file, corporate-action journal, or historical venue/industry vintages were verified in this environment.",False,,False,False,,,,,,,,,,,,,,,,,,,,,,0,0,,,,,bear
crypto__B_confirmed_base_breakout__conservative__mid,crypto,,B_confirmed_base_breakout,conservative,mid,20,stock,DATA_INSUFFICIENT,"No licensed point-in-time US daily tape, delist file, corporate-action journal, or historical venue/industry vintages were verified in this environment.",False,,False,False,,,,,,,,,,,,,,,,,,,,,,0,0,,,,,range
crypto__B_confirmed_base_breakout__conservative__long,crypto,,B_confirmed_base_breakout,conservative,long,63,stock,DATA_INSUFFICIENT,"No licensed point-in-time US daily tape, delist file, corporate-action journal, or historical venue/industry vintages were verified in this environment.",False,,False,False,,,,,,,,,,,,,,,,,,,,,,0,0,,,,,bull
crypto__B_confirmed_base_breakout__conservative__long,crypto,,B_confirmed_base_breakout,conservative,long,63,stock,DATA_INSUFFICIENT,"No licensed point-in-time US daily tape, delist file, corporate-action journal, or historical venue/industry vintages were verified in this environment.",False,,False,False,,,,,,,,,,,,,,,,,,,,,,0,0,,,,,bear
crypto__B_confirmed_base_breakout__conservative__long,crypto,,B_confirmed_base_breakout,conservative,long,63,stock,DATA_INSUFFICIENT,"No licensed point-in-time US daily tape, delist file, corporate-action journal, or historical venue/industry vintages were verified in this environment.",False,,False,False,,,,,,,,,,,,,,,,,,,,,,0,0,,,,,range
crypto__B_confirmed_base_breakout__balanced__short,crypto,,B_confirmed_base_breakout,balanced,short,5,stock,DATA_INSUFFICIENT,"No licensed point-in-time US daily tape, delist file, corporate-action journal, or historical venue/industry vintages were verified in this environment.",False,,False,False,,,,,,,,,,,,,,,,,,,,,,0,0,,,,,bull
crypto__B_confirmed_base_breakout__balanced__short,crypto,,B_confirmed_base_breakout,balanced,short,5,stock,DATA_INSUFFICIENT,"No licensed point-in-time US daily tape, delist file, corporate-action journal, or historical venue/industry vintages were verified in this environment.",False,,False,False,,,,,,,,,,,,,,,,,,,,,,0,0,,,,,bear
crypto__B_confirmed_base_breakout__balanced__short,crypto,,B_confirmed_base_breakout,balanced,short,5,stock,DATA_INSUFFICIENT,"No licensed point-in-time US daily tape, delist file, corporate-action journal, or historical venue/industry vintages were verified in this environment.",False,,False,False,,,,,,,,,,,,,,,,,,,,,,0,0,,,,,range
crypto__B_confirmed_base_breakout__balanced__mid,crypto,,B_confirmed_base_breakout,balanced,mid,20,stock,DATA_INSUFFICIENT,"No licensed point-in-time US daily tape, delist file, corporate-action journal, or historical venue/industry vintages were verified in this environment.",False,,False,False,,,,,,,,,,,,,,,,,,,,,,0,0,,,,,bull
crypto__B_confirmed_base_breakout__balanced__mid,crypto,,B_confirmed_base_breakout,balanced,mid,20,stock,DATA_INSUFFICIENT,"No licensed point-in-time US daily tape, delist file, corporate-action journal, or historical venue/industry vintages were verified in this environment.",False,,False,False,,,,,,,,,,,,,,,,,,,,,,0,0,,,,,bear
crypto__B_confirmed_base_breakout__balanced__mid,crypto,,B_confirmed_base_breakout,balanced,mid,20,stock,DATA_INSUFFICIENT,"No licensed point-in-time US daily tape, delist file, corporate-action journal, or historical venue/industry vintages were verified in this environment.",False,,False,False,,,,,,,,,,,,,,,,,,,,,,0,0,,,,,range
crypto__B_confirmed_base_breakout__balanced__long,crypto,,B_confirmed_base_breakout,balanced,long,63,stock,DATA_INSUFFICIENT,"No licensed point-in-time US daily tape, delist file, corporate-action journal, or historical venue/industry vintages were verified in this environment.",False,,False,False,,,,,,,,,,,,,,,,,,,,,,0,0,,,,,bull
crypto__B_confirmed_base_breakout__balanced__long,crypto,,B_confirmed_base_breakout,balanced,long,63,stock,DATA_INSUFFICIENT,"No licensed point-in-time US daily tape, delist file, corporate-action journal, or historical venue/industry vintages were verified in this environment.",False,,False,False,,,,,,,,,,,,,,,,,,,,,,0,0,,,,,bear
crypto__B_confirmed_base_breakout__balanced__long,crypto,,B_confirmed_base_breakout,balanced,long,63,stock,DATA_INSUFFICIENT,"No licensed point-in-time US daily tape, delist file, corporate-action journal, or historical venue/industry vintages were verified in this environment.",False,,False,False,,,,,,,,,,,,,,,,,,,,,,0,0,,,,,range
crypto__B_confirmed_base_breakout__aggressive__short,crypto,,B_confirmed_base_breakout,aggressive,short,5,stock,DATA_INSUFFICIENT,"No licensed point-in-time US daily tape, delist file, corporate-action journal, or historical venue/industry vintages were verified in this environment.",False,,False,False,,,,,,,,,,,,,,,,,,,,,,0,0,,,,,bull
crypto__B_confirmed_base_breakout__aggressive__short,crypto,,B_confirmed_base_breakout,aggressive,short,5,stock,DATA_INSUFFICIENT,"No licensed point-in-time US daily tape, delist file, corporate-action journal, or historical venue/industry vintages were verified in this environment.",False,,False,False,,,,,,,,,,,,,,,,,,,,,,0,0,,,,,bear
crypto__B_confirmed_base_breakout__aggressive__short,crypto,,B_confirmed_base_breakout,aggressive,short,5,stock,DATA_INSUFFICIENT,"No licensed point-in-time US daily tape, delist file, corporate-action journal, or historical venue/industry vintages were verified in this environment.",False,,False,False,,,,,,,,,,,,,,,,,,,,,,0,0,,,,,range
crypto__B_confirmed_base_breakout__aggressive__mid,crypto,,B_confirmed_base_breakout,aggressive,mid,20,stock,DATA_INSUFFICIENT,"No licensed point-in-time US daily tape, delist file, corporate-action journal, or historical venue/industry vintages were verified in this environment.",False,,False,False,,,,,,,,,,,,,,,,,,,,,,0,0,,,,,bull
crypto__B_confirmed_base_breakout__aggressive__mid,crypto,,B_confirmed_base_breakout,aggressive,mid,20,stock,DATA_INSUFFICIENT,"No licensed point-in-time US daily tape, delist file, corporate-action journal, or historical venue/industry vintages were verified in this environment.",False,,False,False,,,,,,,,,,,,,,,,,,,,,,0,0,,,,,bear
crypto__B_confirmed_base_breakout__aggressive__mid,crypto,,B_confirmed_base_breakout,aggressive,mid,20,stock,DATA_INSUFFICIENT,"No licensed point-in-time US daily tape, delist file, corporate-action journal, or historical venue/industry vintages were verified in this environment.",False,,False,False,,,,,,,,,,,,,,,,,,,,,,0,0,,,,,range
crypto__B_confirmed_base_breakout__aggressive__long,crypto,,B_confirmed_base_breakout,aggressive,long,63,stock,DATA_INSUFFICIENT,"No licensed point-in-time US daily tape, delist file, corporate-action journal, or historical venue/industry vintages were verified in this environment.",False,,False,False,,,,,,,,,,,,,,,,,,,,,,0,0,,,,,bull
crypto__B_confirmed_base_breakout__aggressive__long,crypto,,B_confirmed_base_breakout,aggressive,long,63,stock,DATA_INSUFFICIENT,"No licensed point-in-time US daily tape, delist file, corporate-action journal, or historical venue/industry vintages were verified in this environment.",False,,False,False,,,,,,,,,,,,,,,,,,,,,,0,0,,,,,bear
crypto__B_confirmed_base_breakout__aggressive__long,crypto,,B_confirmed_base_breakout,aggressive,long,63,stock,DATA_INSUFFICIENT,"No licensed point-in-time US daily tape, delist file, corporate-action journal, or historical venue/industry vintages were verified in this environment.",False,,False,False,,,,,,,,,,,,,,,,,,,,,,0,0,,,,,range
crypto__C_trend_pullback__conservative__short,crypto,,C_trend_pullback,conservative,short,5,stock,DATA_INSUFFICIENT,"No licensed point-in-time US daily tape, delist file, corporate-action journal, or historical venue/industry vintages were verified in this environment.",False,,False,False,,,,,,,,,,,,,,,,,,,,,,0,0,,,,,bull
crypto__C_trend_pullback__conservative__short,crypto,,C_trend_pullback,conservative,short,5,stock,DATA_INSUFFICIENT,"No licensed point-in-time US daily tape, delist file, corporate-action journal, or historical venue/industry vintages were verified in this environment.",False,,False,False,,,,,,,,,,,,,,,,,,,,,,0,0,,,,,bear
crypto__C_trend_pullback__conservative__short,crypto,,C_trend_pullback,conservative,short,5,stock,DATA_INSUFFICIENT,"No licensed point-in-time US daily tape, delist file, corporate-action journal, or historical venue/industry vintages were verified in this environment.",False,,False,False,,,,,,,,,,,,,,,,,,,,,,0,0,,,,,range
crypto__C_trend_pullback__conservative__mid,crypto,,C_trend_pullback,conservative,mid,20,stock,DATA_INSUFFICIENT,"No licensed point-in-time US daily tape, delist file, corporate-action journal, or historical venue/industry vintages were verified in this environment.",False,,False,False,,,,,,,,,,,,,,,,,,,,,,0,0,,,,,bull
crypto__C_trend_pullback__conservative__mid,crypto,,C_trend_pullback,conservative,mid,20,stock,DATA_INSUFFICIENT,"No licensed point-in-time US daily tape, delist file, corporate-action journal, or historical venue/industry vintages were verified in this environment.",False,,False,False,,,,,,,,,,,,,,,,,,,,,,0,0,,,,,bear
crypto__C_trend_pullback__conservative__mid,crypto,,C_trend_pullback,conservative,mid,20,stock,DATA_INSUFFICIENT,"No licensed point-in-time US daily tape, delist file, corporate-action journal, or historical venue/industry vintages were verified in this environment.",False,,False,False,,,,,,,,,,,,,,,,,,,,,,0,0,,,,,range
crypto__C_trend_pullback__conservative__long,crypto,,C_trend_pullback,conservative,long,63,stock,DATA_INSUFFICIENT,"No licensed point-in-time US daily tape, delist file, corporate-action journal, or historical venue/industry vintages were verified in this environment.",False,,False,False,,,,,,,,,,,,,,,,,,,,,,0,0,,,,,bull
crypto__C_trend_pullback__conservative__long,crypto,,C_trend_pullback,conservative,long,63,stock,DATA_INSUFFICIENT,"No licensed point-in-time US daily tape, delist file, corporate-action journal, or historical venue/industry vintages were verified in this environment.",False,,False,False,,,,,,,,,,,,,,,,,,,,,,0,0,,,,,bear
crypto__C_trend_pullback__conservative__long,crypto,,C_trend_pullback,conservative,long,63,stock,DATA_INSUFFICIENT,"No licensed point-in-time US daily tape, delist file, corporate-action journal, or historical venue/industry vintages were verified in this environment.",False,,False,False,,,,,,,,,,,,,,,,,,,,,,0,0,,,,,range
crypto__C_trend_pullback__balanced__short,crypto,,C_trend_pullback,balanced,short,5,stock,DATA_INSUFFICIENT,"No licensed point-in-time US daily tape, delist file, corporate-action journal, or historical venue/industry vintages were verified in this environment.",False,,False,False,,,,,,,,,,,,,,,,,,,,,,0,0,,,,,bull
crypto__C_trend_pullback__balanced__short,crypto,,C_trend_pullback,balanced,short,5,stock,DATA_INSUFFICIENT,"No licensed point-in-time US daily tape, delist file, corporate-action journal, or historical venue/industry vintages were verified in this environment.",False,,False,False,,,,,,,,,,,,,,,,,,,,,,0,0,,,,,bear
crypto__C_trend_pullback__balanced__short,crypto,,C_trend_pullback,balanced,short,5,stock,DATA_INSUFFICIENT,"No licensed point-in-time US daily tape, delist file, corporate-action journal, or historical venue/industry vintages were verified in this environment.",False,,False,False,,,,,,,,,,,,,,,,,,,,,,0,0,,,,,range
crypto__C_trend_pullback__balanced__mid,crypto,,C_trend_pullback,balanced,mid,20,stock,DATA_INSUFFICIENT,"No licensed point-in-time US daily tape, delist file, corporate-action journal, or historical venue/industry vintages were verified in this environment.",False,,False,False,,,,,,,,,,,,,,,,,,,,,,0,0,,,,,bull
crypto__C_trend_pullback__balanced__mid,crypto,,C_trend_pullback,balanced,mid,20,stock,DATA_INSUFFICIENT,"No licensed point-in-time US daily tape, delist file, corporate-action journal, or historical venue/industry vintages were verified in this environment.",False,,False,False,,,,,,,,,,,,,,,,,,,,,,0,0,,,,,bear
crypto__C_trend_pullback__balanced__mid,crypto,,C_trend_pullback,balanced,mid,20,stock,DATA_INSUFFICIENT,"No licensed point-in-time US daily tape, delist file, corporate-action journal, or historical venue/industry vintages were verified in this environment.",False,,False,False,,,,,,,,,,,,,,,,,,,,,,0,0,,,,,range
crypto__C_trend_pullback__balanced__long,crypto,,C_trend_pullback,balanced,long,63,stock,DATA_INSUFFICIENT,"No licensed point-in-time US daily tape, delist file, corporate-action journal, or historical venue/industry vintages were verified in this environment.",False,,False,False,,,,,,,,,,,,,,,,,,,,,,0,0,,,,,bull
crypto__C_trend_pullback__balanced__long,crypto,,C_trend_pullback,balanced,long,63,stock,DATA_INSUFFICIENT,"No licensed point-in-time US daily tape, delist file, corporate-action journal, or historical venue/industry vintages were verified in this environment.",False,,False,False,,,,,,,,,,,,,,,,,,,,,,0,0,,,,,bear
crypto__C_trend_pullback__balanced__long,crypto,,C_trend_pullback,balanced,long,63,stock,DATA_INSUFFICIENT,"No licensed point-in-time US daily tape, delist file, corporate-action journal, or historical venue/industry vintages were verified in this environment.",False,,False,False,,,,,,,,,,,,,,,,,,,,,,0,0,,,,,range
crypto__C_trend_pullback__aggressive__short,crypto,,C_trend_pullback,aggressive,short,5,stock,DATA_INSUFFICIENT,"No licensed point-in-time US daily tape, delist file, corporate-action journal, or historical venue/industry vintages were verified in this environment.",False,,False,False,,,,,,,,,,,,,,,,,,,,,,0,0,,,,,bull
crypto__C_trend_pullback__aggressive__short,crypto,,C_trend_pullback,aggressive,short,5,stock,DATA_INSUFFICIENT,"No licensed point-in-time US daily tape, delist file, corporate-action journal, or historical venue/industry vintages were verified in this environment.",False,,False,False,,,,,,,,,,,,,,,,,,,,,,0,0,,,,,bear
crypto__C_trend_pullback__aggressive__short,crypto,,C_trend_pullback,aggressive,short,5,stock,DATA_INSUFFICIENT,"No licensed point-in-time US daily tape, delist file, corporate-action journal, or historical venue/industry vintages were verified in this environment.",False,,False,False,,,,,,,,,,,,,,,,,,,,,,0,0,,,,,range
crypto__C_trend_pullback__aggressive__mid,crypto,,C_trend_pullback,aggressive,mid,20,stock,DATA_INSUFFICIENT,"No licensed point-in-time US daily tape, delist file, corporate-action journal, or historical venue/industry vintages were verified in this environment.",False,,False,False,,,,,,,,,,,,,,,,,,,,,,0,0,,,,,bull
crypto__C_trend_pullback__aggressive__mid,crypto,,C_trend_pullback,aggressive,mid,20,stock,DATA_INSUFFICIENT,"No licensed point-in-time US daily tape, delist file, corporate-action journal, or historical venue/industry vintages were verified in this environment.",False,,False,False,,,,,,,,,,,,,,,,,,,,,,0,0,,,,,bear
crypto__C_trend_pullback__aggressive__mid,crypto,,C_trend_pullback,aggressive,mid,20,stock,DATA_INSUFFICIENT,"No licensed point-in-time US daily tape, delist file, corporate-action journal, or historical venue/industry vintages were verified in this environment.",False,,False,False,,,,,,,,,,,,,,,,,,,,,,0,0,,,,,range
crypto__C_trend_pullback__aggressive__long,crypto,,C_trend_pullback,aggressive,long,63,stock,DATA_INSUFFICIENT,"No licensed point-in-time US daily tape, delist file, corporate-action journal, or historical venue/industry vintages were verified in this environment.",False,,False,False,,,,,,,,,,,,,,,,,,,,,,0,0,,,,,bull
crypto__C_trend_pullback__aggressive__long,crypto,,C_trend_pullback,aggressive,long,63,stock,DATA_INSUFFICIENT,"No licensed point-in-time US daily tape, delist file, corporate-action journal, or historical venue/industry vintages were verified in this environment.",False,,False,False,,,,,,,,,,,,,,,,,,,,,,0,0,,,,,bear
crypto__C_trend_pullback__aggressive__long,crypto,,C_trend_pullback,aggressive,long,63,stock,DATA_INSUFFICIENT,"No licensed point-in-time US daily tape, delist file, corporate-action journal, or historical venue/industry vintages were verified in this environment.",False,,False,False,,,,,,,,,,,,,,,,,,,,,,0,0,,,,,range
crypto__D_residual_momentum__conservative__short,crypto,,D_residual_momentum,conservative,short,5,stock,DATA_INSUFFICIENT,"No licensed point-in-time US daily tape, delist file, corporate-action journal, or historical venue/industry vintages were verified in this environment.",False,,False,False,,,,,,,,,,,,,,,,,,,,,,0,0,,,,,bull
crypto__D_residual_momentum__conservative__short,crypto,,D_residual_momentum,conservative,short,5,stock,DATA_INSUFFICIENT,"No licensed point-in-time US daily tape, delist file, corporate-action journal, or historical venue/industry vintages were verified in this environment.",False,,False,False,,,,,,,,,,,,,,,,,,,,,,0,0,,,,,bear
crypto__D_residual_momentum__conservative__short,crypto,,D_residual_momentum,conservative,short,5,stock,DATA_INSUFFICIENT,"No licensed point-in-time US daily tape, delist file, corporate-action journal, or historical venue/industry vintages were verified in this environment.",False,,False,False,,,,,,,,,,,,,,,,,,,,,,0,0,,,,,range
crypto__D_residual_momentum__conservative__mid,crypto,,D_residual_momentum,conservative,mid,20,stock,DATA_INSUFFICIENT,"No licensed point-in-time US daily tape, delist file, corporate-action journal, or historical venue/industry vintages were verified in this environment.",False,,False,False,,,,,,,,,,,,,,,,,,,,,,0,0,,,,,bull
crypto__D_residual_momentum__conservative__mid,crypto,,D_residual_momentum,conservative,mid,20,stock,DATA_INSUFFICIENT,"No licensed point-in-time US daily tape, delist file, corporate-action journal, or historical venue/industry vintages were verified in this environment.",False,,False,False,,,,,,,,,,,,,,,,,,,,,,0,0,,,,,bear
crypto__D_residual_momentum__conservative__mid,crypto,,D_residual_momentum,conservative,mid,20,stock,DATA_INSUFFICIENT,"No licensed point-in-time US daily tape, delist file, corporate-action journal, or historical venue/industry vintages were verified in this environment.",False,,False,False,,,,,,,,,,,,,,,,,,,,,,0,0,,,,,range
crypto__D_residual_momentum__conservative__long,crypto,,D_residual_momentum,conservative,long,63,stock,DATA_INSUFFICIENT,"No licensed point-in-time US daily tape, delist file, corporate-action journal, or historical venue/industry vintages were verified in this environment.",False,,False,False,,,,,,,,,,,,,,,,,,,,,,0,0,,,,,bull
crypto__D_residual_momentum__conservative__long,crypto,,D_residual_momentum,conservative,long,63,stock,DATA_INSUFFICIENT,"No licensed point-in-time US daily tape, delist file, corporate-action journal, or historical venue/industry vintages were verified in this environment.",False,,False,False,,,,,,,,,,,,,,,,,,,,,,0,0,,,,,bear
crypto__D_residual_momentum__conservative__long,crypto,,D_residual_momentum,conservative,long,63,stock,DATA_INSUFFICIENT,"No licensed point-in-time US daily tape, delist file, corporate-action journal, or historical venue/industry vintages were verified in this environment.",False,,False,False,,,,,,,,,,,,,,,,,,,,,,0,0,,,,,range
crypto__D_residual_momentum__balanced__short,crypto,,D_residual_momentum,balanced,short,5,stock,DATA_INSUFFICIENT,"No licensed point-in-time US daily tape, delist file, corporate-action journal, or historical venue/industry vintages were verified in this environment.",False,,False,False,,,,,,,,,,,,,,,,,,,,,,0,0,,,,,bull
crypto__D_residual_momentum__balanced__short,crypto,,D_residual_momentum,balanced,short,5,stock,DATA_INSUFFICIENT,"No licensed point-in-time US daily tape, delist file, corporate-action journal, or historical venue/industry vintages were verified in this environment.",False,,False,False,,,,,,,,,,,,,,,,,,,,,,0,0,,,,,bear
crypto__D_residual_momentum__balanced__short,crypto,,D_residual_momentum,balanced,short,5,stock,DATA_INSUFFICIENT,"No licensed point-in-time US daily tape, delist file, corporate-action journal, or historical venue/industry vintages were verified in this environment.",False,,False,False,,,,,,,,,,,,,,,,,,,,,,0,0,,,,,range
crypto__D_residual_momentum__balanced__mid,crypto,,D_residual_momentum,balanced,mid,20,stock,DATA_INSUFFICIENT,"No licensed point-in-time US daily tape, delist file, corporate-action journal, or historical venue/industry vintages were verified in this environment.",False,,False,False,,,,,,,,,,,,,,,,,,,,,,0,0,,,,,bull
crypto__D_residual_momentum__balanced__mid,crypto,,D_residual_momentum,balanced,mid,20,stock,DATA_INSUFFICIENT,"No licensed point-in-time US daily tape, delist file, corporate-action journal, or historical venue/industry vintages were verified in this environment.",False,,False,False,,,,,,,,,,,,,,,,,,,,,,0,0,,,,,bear
crypto__D_residual_momentum__balanced__mid,crypto,,D_residual_momentum,balanced,mid,20,stock,DATA_INSUFFICIENT,"No licensed point-in-time US daily tape, delist file, corporate-action journal, or historical venue/industry vintages were verified in this environment.",False,,False,False,,,,,,,,,,,,,,,,,,,,,,0,0,,,,,range
crypto__D_residual_momentum__balanced__long,crypto,,D_residual_momentum,balanced,long,63,stock,DATA_INSUFFICIENT,"No licensed point-in-time US daily tape, delist file, corporate-action journal, or historical venue/industry vintages were verified in this environment.",False,,False,False,,,,,,,,,,,,,,,,,,,,,,0,0,,,,,bull
crypto__D_residual_momentum__balanced__long,crypto,,D_residual_momentum,balanced,long,63,stock,DATA_INSUFFICIENT,"No licensed point-in-time US daily tape, delist file, corporate-action journal, or historical venue/industry vintages were verified in this environment.",False,,False,False,,,,,,,,,,,,,,,,,,,,,,0,0,,,,,bear
crypto__D_residual_momentum__balanced__long,crypto,,D_residual_momentum,balanced,long,63,stock,DATA_INSUFFICIENT,"No licensed point-in-time US daily tape, delist file, corporate-action journal, or historical venue/industry vintages were verified in this environment.",False,,False,False,,,,,,,,,,,,,,,,,,,,,,0,0,,,,,range
crypto__D_residual_momentum__aggressive__short,crypto,,D_residual_momentum,aggressive,short,5,stock,DATA_INSUFFICIENT,"No licensed point-in-time US daily tape, delist file, corporate-action journal, or historical venue/industry vintages were verified in this environment.",False,,False,False,,,,,,,,,,,,,,,,,,,,,,0,0,,,,,bull
crypto__D_residual_momentum__aggressive__short,crypto,,D_residual_momentum,aggressive,short,5,stock,DATA_INSUFFICIENT,"No licensed point-in-time US daily tape, delist file, corporate-action journal, or historical venue/industry vintages were verified in this environment.",False,,False,False,,,,,,,,,,,,,,,,,,,,,,0,0,,,,,bear
crypto__D_residual_momentum__aggressive__short,crypto,,D_residual_momentum,aggressive,short,5,stock,DATA_INSUFFICIENT,"No licensed point-in-time US daily tape, delist file, corporate-action journal, or historical venue/industry vintages were verified in this environment.",False,,False,False,,,,,,,,,,,,,,,,,,,,,,0,0,,,,,range
crypto__D_residual_momentum__aggressive__mid,crypto,,D_residual_momentum,aggressive,mid,20,stock,DATA_INSUFFICIENT,"No licensed point-in-time US daily tape, delist file, corporate-action journal, or historical venue/industry vintages were verified in this environment.",False,,False,False,,,,,,,,,,,,,,,,,,,,,,0,0,,,,,bull
crypto__D_residual_momentum__aggressive__mid,crypto,,D_residual_momentum,aggressive,mid,20,stock,DATA_INSUFFICIENT,"No licensed point-in-time US daily tape, delist file, corporate-action journal, or historical venue/industry vintages were verified in this environment.",False,,False,False,,,,,,,,,,,,,,,,,,,,,,0,0,,,,,bear
crypto__D_residual_momentum__aggressive__mid,crypto,,D_residual_momentum,aggressive,mid,20,stock,DATA_INSUFFICIENT,"No licensed point-in-time US daily tape, delist file, corporate-action journal, or historical venue/industry vintages were verified in this environment.",False,,False,False,,,,,,,,,,,,,,,,,,,,,,0,0,,,,,range
crypto__D_residual_momentum__aggressive__long,crypto,,D_residual_momentum,aggressive,long,63,stock,DATA_INSUFFICIENT,"No licensed point-in-time US daily tape, delist file, corporate-action journal, or historical venue/industry vintages were verified in this environment.",False,,False,False,,,,,,,,,,,,,,,,,,,,,,0,0,,,,,bull
crypto__D_residual_momentum__aggressive__long,crypto,,D_residual_momentum,aggressive,long,63,stock,DATA_INSUFFICIENT,"No licensed point-in-time US daily tape, delist file, corporate-action journal, or historical venue/industry vintages were verified in this environment.",False,,False,False,,,,,,,,,,,,,,,,,,,,,,0,0,,,,,bear
crypto__D_residual_momentum__aggressive__long,crypto,,D_residual_momentum,aggressive,long,63,stock,DATA_INSUFFICIENT,"No licensed point-in-time US daily tape, delist file, corporate-action journal, or historical venue/industry vintages were verified in this environment.",False,,False,False,,,,,,,,,,,,,,,,,,,,,,0,0,,,,,range
china_adr__A_trend_quality__conservative__short,china_adr,,A_trend_quality,conservative,short,5,stock,DATA_INSUFFICIENT,"No licensed point-in-time US daily tape, delist file, corporate-action journal, or historical venue/industry vintages were verified in this environment.",False,,False,False,,,,,,,,,,,,,,,,,,,,,,0,0,,,,,bull
china_adr__A_trend_quality__conservative__short,china_adr,,A_trend_quality,conservative,short,5,stock,DATA_INSUFFICIENT,"No licensed point-in-time US daily tape, delist file, corporate-action journal, or historical venue/industry vintages were verified in this environment.",False,,False,False,,,,,,,,,,,,,,,,,,,,,,0,0,,,,,bear
china_adr__A_trend_quality__conservative__short,china_adr,,A_trend_quality,conservative,short,5,stock,DATA_INSUFFICIENT,"No licensed point-in-time US daily tape, delist file, corporate-action journal, or historical venue/industry vintages were verified in this environment.",False,,False,False,,,,,,,,,,,,,,,,,,,,,,0,0,,,,,range
china_adr__A_trend_quality__conservative__mid,china_adr,,A_trend_quality,conservative,mid,20,stock,DATA_INSUFFICIENT,"No licensed point-in-time US daily tape, delist file, corporate-action journal, or historical venue/industry vintages were verified in this environment.",False,,False,False,,,,,,,,,,,,,,,,,,,,,,0,0,,,,,bull
china_adr__A_trend_quality__conservative__mid,china_adr,,A_trend_quality,conservative,mid,20,stock,DATA_INSUFFICIENT,"No licensed point-in-time US daily tape, delist file, corporate-action journal, or historical venue/industry vintages were verified in this environment.",False,,False,False,,,,,,,,,,,,,,,,,,,,,,0,0,,,,,bear
china_adr__A_trend_quality__conservative__mid,china_adr,,A_trend_quality,conservative,mid,20,stock,DATA_INSUFFICIENT,"No licensed point-in-time US daily tape, delist file, corporate-action journal, or historical venue/industry vintages were verified in this environment.",False,,False,False,,,,,,,,,,,,,,,,,,,,,,0,0,,,,,range
china_adr__A_trend_quality__conservative__long,china_adr,,A_trend_quality,conservative,long,63,stock,DATA_INSUFFICIENT,"No licensed point-in-time US daily tape, delist file, corporate-action journal, or historical venue/industry vintages were verified in this environment.",False,,False,False,,,,,,,,,,,,,,,,,,,,,,0,0,,,,,bull
china_adr__A_trend_quality__conservative__long,china_adr,,A_trend_quality,conservative,long,63,stock,DATA_INSUFFICIENT,"No licensed point-in-time US daily tape, delist file, corporate-action journal, or historical venue/industry vintages were verified in this environment.",False,,False,False,,,,,,,,,,,,,,,,,,,,,,0,0,,,,,bear
china_adr__A_trend_quality__conservative__long,china_adr,,A_trend_quality,conservative,long,63,stock,DATA_INSUFFICIENT,"No licensed point-in-time US daily tape, delist file, corporate-action journal, or historical venue/industry vintages were verified in this environment.",False,,False,False,,,,,,,,,,,,,,,,,,,,,,0,0,,,,,range
china_adr__A_trend_quality__balanced__short,china_adr,,A_trend_quality,balanced,short,5,stock,DATA_INSUFFICIENT,"No licensed point-in-time US daily tape, delist file, corporate-action journal, or historical venue/industry vintages were verified in this environment.",False,,False,False,,,,,,,,,,,,,,,,,,,,,,0,0,,,,,bull
china_adr__A_trend_quality__balanced__short,china_adr,,A_trend_quality,balanced,short,5,stock,DATA_INSUFFICIENT,"No licensed point-in-time US daily tape, delist file, corporate-action journal, or historical venue/industry vintages were verified in this environment.",False,,False,False,,,,,,,,,,,,,,,,,,,,,,0,0,,,,,bear
china_adr__A_trend_quality__balanced__short,china_adr,,A_trend_quality,balanced,short,5,stock,DATA_INSUFFICIENT,"No licensed point-in-time US daily tape, delist file, corporate-action journal, or historical venue/industry vintages were verified in this environment.",False,,False,False,,,,,,,,,,,,,,,,,,,,,,0,0,,,,,range
china_adr__A_trend_quality__balanced__mid,china_adr,,A_trend_quality,balanced,mid,20,stock,DATA_INSUFFICIENT,"No licensed point-in-time US daily tape, delist file, corporate-action journal, or historical venue/industry vintages were verified in this environment.",False,,False,False,,,,,,,,,,,,,,,,,,,,,,0,0,,,,,bull
china_adr__A_trend_quality__balanced__mid,china_adr,,A_trend_quality,balanced,mid,20,stock,DATA_INSUFFICIENT,"No licensed point-in-time US daily tape, delist file, corporate-action journal, or historical venue/industry vintages were verified in this environment.",False,,False,False,,,,,,,,,,,,,,,,,,,,,,0,0,,,,,bear
china_adr__A_trend_quality__balanced__mid,china_adr,,A_trend_quality,balanced,mid,20,stock,DATA_INSUFFICIENT,"No licensed point-in-time US daily tape, delist file, corporate-action journal, or historical venue/industry vintages were verified in this environment.",False,,False,False,,,,,,,,,,,,,,,,,,,,,,0,0,,,,,range
china_adr__A_trend_quality__balanced__long,china_adr,,A_trend_quality,balanced,long,63,stock,DATA_INSUFFICIENT,"No licensed point-in-time US daily tape, delist file, corporate-action journal, or historical venue/industry vintages were verified in this environment.",False,,False,False,,,,,,,,,,,,,,,,,,,,,,0,0,,,,,bull
china_adr__A_trend_quality__balanced__long,china_adr,,A_trend_quality,balanced,long,63,stock,DATA_INSUFFICIENT,"No licensed point-in-time US daily tape, delist file, corporate-action journal, or historical venue/industry vintages were verified in this environment.",False,,False,False,,,,,,,,,,,,,,,,,,,,,,0,0,,,,,bear
china_adr__A_trend_quality__balanced__long,china_adr,,A_trend_quality,balanced,long,63,stock,DATA_INSUFFICIENT,"No licensed point-in-time US daily tape, delist file, corporate-action journal, or historical venue/industry vintages were verified in this environment.",False,,False,False,,,,,,,,,,,,,,,,,,,,,,0,0,,,,,range
china_adr__A_trend_quality__aggressive__short,china_adr,,A_trend_quality,aggressive,short,5,stock,DATA_INSUFFICIENT,"No licensed point-in-time US daily tape, delist file, corporate-action journal, or historical venue/industry vintages were verified in this environment.",False,,False,False,,,,,,,,,,,,,,,,,,,,,,0,0,,,,,bull
china_adr__A_trend_quality__aggressive__short,china_adr,,A_trend_quality,aggressive,short,5,stock,DATA_INSUFFICIENT,"No licensed point-in-time US daily tape, delist file, corporate-action journal, or historical venue/industry vintages were verified in this environment.",False,,False,False,,,,,,,,,,,,,,,,,,,,,,0,0,,,,,bear
china_adr__A_trend_quality__aggressive__short,china_adr,,A_trend_quality,aggressive,short,5,stock,DATA_INSUFFICIENT,"No licensed point-in-time US daily tape, delist file, corporate-action journal, or historical venue/industry vintages were verified in this environment.",False,,False,False,,,,,,,,,,,,,,,,,,,,,,0,0,,,,,range
china_adr__A_trend_quality__aggressive__mid,china_adr,,A_trend_quality,aggressive,mid,20,stock,DATA_INSUFFICIENT,"No licensed point-in-time US daily tape, delist file, corporate-action journal, or historical venue/industry vintages were verified in this environment.",False,,False,False,,,,,,,,,,,,,,,,,,,,,,0,0,,,,,bull
china_adr__A_trend_quality__aggressive__mid,china_adr,,A_trend_quality,aggressive,mid,20,stock,DATA_INSUFFICIENT,"No licensed point-in-time US daily tape, delist file, corporate-action journal, or historical venue/industry vintages were verified in this environment.",False,,False,False,,,,,,,,,,,,,,,,,,,,,,0,0,,,,,bear
china_adr__A_trend_quality__aggressive__mid,china_adr,,A_trend_quality,aggressive,mid,20,stock,DATA_INSUFFICIENT,"No licensed point-in-time US daily tape, delist file, corporate-action journal, or historical venue/industry vintages were verified in this environment.",False,,False,False,,,,,,,,,,,,,,,,,,,,,,0,0,,,,,range
china_adr__A_trend_quality__aggressive__long,china_adr,,A_trend_quality,aggressive,long,63,stock,DATA_INSUFFICIENT,"No licensed point-in-time US daily tape, delist file, corporate-action journal, or historical venue/industry vintages were verified in this environment.",False,,False,False,,,,,,,,,,,,,,,,,,,,,,0,0,,,,,bull
china_adr__A_trend_quality__aggressive__long,china_adr,,A_trend_quality,aggressive,long,63,stock,DATA_INSUFFICIENT,"No licensed point-in-time US daily tape, delist file, corporate-action journal, or historical venue/industry vintages were verified in this environment.",False,,False,False,,,,,,,,,,,,,,,,,,,,,,0,0,,,,,bear
china_adr__A_trend_quality__aggressive__long,china_adr,,A_trend_quality,aggressive,long,63,stock,DATA_INSUFFICIENT,"No licensed point-in-time US daily tape, delist file, corporate-action journal, or historical venue/industry vintages were verified in this environment.",False,,False,False,,,,,,,,,,,,,,,,,,,,,,0,0,,,,,range
china_adr__B_confirmed_base_breakout__conservative__short,china_adr,,B_confirmed_base_breakout,conservative,short,5,stock,DATA_INSUFFICIENT,"No licensed point-in-time US daily tape, delist file, corporate-action journal, or historical venue/industry vintages were verified in this environment.",False,,False,False,,,,,,,,,,,,,,,,,,,,,,0,0,,,,,bull
china_adr__B_confirmed_base_breakout__conservative__short,china_adr,,B_confirmed_base_breakout,conservative,short,5,stock,DATA_INSUFFICIENT,"No licensed point-in-time US daily tape, delist file, corporate-action journal, or historical venue/industry vintages were verified in this environment.",False,,False,False,,,,,,,,,,,,,,,,,,,,,,0,0,,,,,bear
china_adr__B_confirmed_base_breakout__conservative__short,china_adr,,B_confirmed_base_breakout,conservative,short,5,stock,DATA_INSUFFICIENT,"No licensed point-in-time US daily tape, delist file, corporate-action journal, or historical venue/industry vintages were verified in this environment.",False,,False,False,,,,,,,,,,,,,,,,,,,,,,0,0,,,,,range
china_adr__B_confirmed_base_breakout__conservative__mid,china_adr,,B_confirmed_base_breakout,conservative,mid,20,stock,DATA_INSUFFICIENT,"No licensed point-in-time US daily tape, delist file, corporate-action journal, or historical venue/industry vintages were verified in this environment.",False,,False,False,,,,,,,,,,,,,,,,,,,,,,0,0,,,,,bull
china_adr__B_confirmed_base_breakout__conservative__mid,china_adr,,B_confirmed_base_breakout,conservative,mid,20,stock,DATA_INSUFFICIENT,"No licensed point-in-time US daily tape, delist file, corporate-action journal, or historical venue/industry vintages were verified in this environment.",False,,False,False,,,,,,,,,,,,,,,,,,,,,,0,0,,,,,bear
china_adr__B_confirmed_base_breakout__conservative__mid,china_adr,,B_confirmed_base_breakout,conservative,mid,20,stock,DATA_INSUFFICIENT,"No licensed point-in-time US daily tape, delist file, corporate-action journal, or historical venue/industry vintages were verified in this environment.",False,,False,False,,,,,,,,,,,,,,,,,,,,,,0,0,,,,,range
china_adr__B_confirmed_base_breakout__conservative__long,china_adr,,B_confirmed_base_breakout,conservative,long,63,stock,DATA_INSUFFICIENT,"No licensed point-in-time US daily tape, delist file, corporate-action journal, or historical venue/industry vintages were verified in this environment.",False,,False,False,,,,,,,,,,,,,,,,,,,,,,0,0,,,,,bull
china_adr__B_confirmed_base_breakout__conservative__long,china_adr,,B_confirmed_base_breakout,conservative,long,63,stock,DATA_INSUFFICIENT,"No licensed point-in-time US daily tape, delist file, corporate-action journal, or historical venue/industry vintages were verified in this environment.",False,,False,False,,,,,,,,,,,,,,,,,,,,,,0,0,,,,,bear
china_adr__B_confirmed_base_breakout__conservative__long,china_adr,,B_confirmed_base_breakout,conservative,long,63,stock,DATA_INSUFFICIENT,"No licensed point-in-time US daily tape, delist file, corporate-action journal, or historical venue/industry vintages were verified in this environment.",False,,False,False,,,,,,,,,,,,,,,,,,,,,,0,0,,,,,range
china_adr__B_confirmed_base_breakout__balanced__short,china_adr,,B_confirmed_base_breakout,balanced,short,5,stock,DATA_INSUFFICIENT,"No licensed point-in-time US daily tape, delist file, corporate-action journal, or historical venue/industry vintages were verified in this environment.",False,,False,False,,,,,,,,,,,,,,,,,,,,,,0,0,,,,,bull
china_adr__B_confirmed_base_breakout__balanced__short,china_adr,,B_confirmed_base_breakout,balanced,short,5,stock,DATA_INSUFFICIENT,"No licensed point-in-time US daily tape, delist file, corporate-action journal, or historical venue/industry vintages were verified in this environment.",False,,False,False,,,,,,,,,,,,,,,,,,,,,,0,0,,,,,bear
china_adr__B_confirmed_base_breakout__balanced__short,china_adr,,B_confirmed_base_breakout,balanced,short,5,stock,DATA_INSUFFICIENT,"No licensed point-in-time US daily tape, delist file, corporate-action journal, or historical venue/industry vintages were verified in this environment.",False,,False,False,,,,,,,,,,,,,,,,,,,,,,0,0,,,,,range
china_adr__B_confirmed_base_breakout__balanced__mid,china_adr,,B_confirmed_base_breakout,balanced,mid,20,stock,DATA_INSUFFICIENT,"No licensed point-in-time US daily tape, delist file, corporate-action journal, or historical venue/industry vintages were verified in this environment.",False,,False,False,,,,,,,,,,,,,,,,,,,,,,0,0,,,,,bull
china_adr__B_confirmed_base_breakout__balanced__mid,china_adr,,B_confirmed_base_breakout,balanced,mid,20,stock,DATA_INSUFFICIENT,"No licensed point-in-time US daily tape, delist file, corporate-action journal, or historical venue/industry vintages were verified in this environment.",False,,False,False,,,,,,,,,,,,,,,,,,,,,,0,0,,,,,bear
china_adr__B_confirmed_base_breakout__balanced__mid,china_adr,,B_confirmed_base_breakout,balanced,mid,20,stock,DATA_INSUFFICIENT,"No licensed point-in-time US daily tape, delist file, corporate-action journal, or historical venue/industry vintages were verified in this environment.",False,,False,False,,,,,,,,,,,,,,,,,,,,,,0,0,,,,,range
china_adr__B_confirmed_base_breakout__balanced__long,china_adr,,B_confirmed_base_breakout,balanced,long,63,stock,DATA_INSUFFICIENT,"No licensed point-in-time US daily tape, delist file, corporate-action journal, or historical venue/industry vintages were verified in this environment.",False,,False,False,,,,,,,,,,,,,,,,,,,,,,0,0,,,,,bull
china_adr__B_confirmed_base_breakout__balanced__long,china_adr,,B_confirmed_base_breakout,balanced,long,63,stock,DATA_INSUFFICIENT,"No licensed point-in-time US daily tape, delist file, corporate-action journal, or historical venue/industry vintages were verified in this environment.",False,,False,False,,,,,,,,,,,,,,,,,,,,,,0,0,,,,,bear
china_adr__B_confirmed_base_breakout__balanced__long,china_adr,,B_confirmed_base_breakout,balanced,long,63,stock,DATA_INSUFFICIENT,"No licensed point-in-time US daily tape, delist file, corporate-action journal, or historical venue/industry vintages were verified in this environment.",False,,False,False,,,,,,,,,,,,,,,,,,,,,,0,0,,,,,range
china_adr__B_confirmed_base_breakout__aggressive__short,china_adr,,B_confirmed_base_breakout,aggressive,short,5,stock,DATA_INSUFFICIENT,"No licensed point-in-time US daily tape, delist file, corporate-action journal, or historical venue/industry vintages were verified in this environment.",False,,False,False,,,,,,,,,,,,,,,,,,,,,,0,0,,,,,bull
china_adr__B_confirmed_base_breakout__aggressive__short,china_adr,,B_confirmed_base_breakout,aggressive,short,5,stock,DATA_INSUFFICIENT,"No licensed point-in-time US daily tape, delist file, corporate-action journal, or historical venue/industry vintages were verified in this environment.",False,,False,False,,,,,,,,,,,,,,,,,,,,,,0,0,,,,,bear
china_adr__B_confirmed_base_breakout__aggressive__short,china_adr,,B_confirmed_base_breakout,aggressive,short,5,stock,DATA_INSUFFICIENT,"No licensed point-in-time US daily tape, delist file, corporate-action journal, or historical venue/industry vintages were verified in this environment.",False,,False,False,,,,,,,,,,,,,,,,,,,,,,0,0,,,,,range
china_adr__B_confirmed_base_breakout__aggressive__mid,china_adr,,B_confirmed_base_breakout,aggressive,mid,20,stock,DATA_INSUFFICIENT,"No licensed point-in-time US daily tape, delist file, corporate-action journal, or historical venue/industry vintages were verified in this environment.",False,,False,False,,,,,,,,,,,,,,,,,,,,,,0,0,,,,,bull
china_adr__B_confirmed_base_breakout__aggressive__mid,china_adr,,B_confirmed_base_breakout,aggressive,mid,20,stock,DATA_INSUFFICIENT,"No licensed point-in-time US daily tape, delist file, corporate-action journal, or historical venue/industry vintages were verified in this environment.",False,,False,False,,,,,,,,,,,,,,,,,,,,,,0,0,,,,,bear
china_adr__B_confirmed_base_breakout__aggressive__mid,china_adr,,B_confirmed_base_breakout,aggressive,mid,20,stock,DATA_INSUFFICIENT,"No licensed point-in-time US daily tape, delist file, corporate-action journal, or historical venue/industry vintages were verified in this environment.",False,,False,False,,,,,,,,,,,,,,,,,,,,,,0,0,,,,,range
china_adr__B_confirmed_base_breakout__aggressive__long,china_adr,,B_confirmed_base_breakout,aggressive,long,63,stock,DATA_INSUFFICIENT,"No licensed point-in-time US daily tape, delist file, corporate-action journal, or historical venue/industry vintages were verified in this environment.",False,,False,False,,,,,,,,,,,,,,,,,,,,,,0,0,,,,,bull
china_adr__B_confirmed_base_breakout__aggressive__long,china_adr,,B_confirmed_base_breakout,aggressive,long,63,stock,DATA_INSUFFICIENT,"No licensed point-in-time US daily tape, delist file, corporate-action journal, or historical venue/industry vintages were verified in this environment.",False,,False,False,,,,,,,,,,,,,,,,,,,,,,0,0,,,,,bear
china_adr__B_confirmed_base_breakout__aggressive__long,china_adr,,B_confirmed_base_breakout,aggressive,long,63,stock,DATA_INSUFFICIENT,"No licensed point-in-time US daily tape, delist file, corporate-action journal, or historical venue/industry vintages were verified in this environment.",False,,False,False,,,,,,,,,,,,,,,,,,,,,,0,0,,,,,range
china_adr__C_trend_pullback__conservative__short,china_adr,,C_trend_pullback,conservative,short,5,stock,DATA_INSUFFICIENT,"No licensed point-in-time US daily tape, delist file, corporate-action journal, or historical venue/industry vintages were verified in this environment.",False,,False,False,,,,,,,,,,,,,,,,,,,,,,0,0,,,,,bull
china_adr__C_trend_pullback__conservative__short,china_adr,,C_trend_pullback,conservative,short,5,stock,DATA_INSUFFICIENT,"No licensed point-in-time US daily tape, delist file, corporate-action journal, or historical venue/industry vintages were verified in this environment.",False,,False,False,,,,,,,,,,,,,,,,,,,,,,0,0,,,,,bear
china_adr__C_trend_pullback__conservative__short,china_adr,,C_trend_pullback,conservative,short,5,stock,DATA_INSUFFICIENT,"No licensed point-in-time US daily tape, delist file, corporate-action journal, or historical venue/industry vintages were verified in this environment.",False,,False,False,,,,,,,,,,,,,,,,,,,,,,0,0,,,,,range
china_adr__C_trend_pullback__conservative__mid,china_adr,,C_trend_pullback,conservative,mid,20,stock,DATA_INSUFFICIENT,"No licensed point-in-time US daily tape, delist file, corporate-action journal, or historical venue/industry vintages were verified in this environment.",False,,False,False,,,,,,,,,,,,,,,,,,,,,,0,0,,,,,bull
china_adr__C_trend_pullback__conservative__mid,china_adr,,C_trend_pullback,conservative,mid,20,stock,DATA_INSUFFICIENT,"No licensed point-in-time US daily tape, delist file, corporate-action journal, or historical venue/industry vintages were verified in this environment.",False,,False,False,,,,,,,,,,,,,,,,,,,,,,0,0,,,,,bear
china_adr__C_trend_pullback__conservative__mid,china_adr,,C_trend_pullback,conservative,mid,20,stock,DATA_INSUFFICIENT,"No licensed point-in-time US daily tape, delist file, corporate-action journal, or historical venue/industry vintages were verified in this environment.",False,,False,False,,,,,,,,,,,,,,,,,,,,,,0,0,,,,,range
china_adr__C_trend_pullback__conservative__long,china_adr,,C_trend_pullback,conservative,long,63,stock,DATA_INSUFFICIENT,"No licensed point-in-time US daily tape, delist file, corporate-action journal, or historical venue/industry vintages were verified in this environment.",False,,False,False,,,,,,,,,,,,,,,,,,,,,,0,0,,,,,bull
china_adr__C_trend_pullback__conservative__long,china_adr,,C_trend_pullback,conservative,long,63,stock,DATA_INSUFFICIENT,"No licensed point-in-time US daily tape, delist file, corporate-action journal, or historical venue/industry vintages were verified in this environment.",False,,False,False,,,,,,,,,,,,,,,,,,,,,,0,0,,,,,bear
china_adr__C_trend_pullback__conservative__long,china_adr,,C_trend_pullback,conservative,long,63,stock,DATA_INSUFFICIENT,"No licensed point-in-time US daily tape, delist file, corporate-action journal, or historical venue/industry vintages were verified in this environment.",False,,False,False,,,,,,,,,,,,,,,,,,,,,,0,0,,,,,range
china_adr__C_trend_pullback__balanced__short,china_adr,,C_trend_pullback,balanced,short,5,stock,DATA_INSUFFICIENT,"No licensed point-in-time US daily tape, delist file, corporate-action journal, or historical venue/industry vintages were verified in this environment.",False,,False,False,,,,,,,,,,,,,,,,,,,,,,0,0,,,,,bull
china_adr__C_trend_pullback__balanced__short,china_adr,,C_trend_pullback,balanced,short,5,stock,DATA_INSUFFICIENT,"No licensed point-in-time US daily tape, delist file, corporate-action journal, or historical venue/industry vintages were verified in this environment.",False,,False,False,,,,,,,,,,,,,,,,,,,,,,0,0,,,,,bear
china_adr__C_trend_pullback__balanced__short,china_adr,,C_trend_pullback,balanced,short,5,stock,DATA_INSUFFICIENT,"No licensed point-in-time US daily tape, delist file, corporate-action journal, or historical venue/industry vintages were verified in this environment.",False,,False,False,,,,,,,,,,,,,,,,,,,,,,0,0,,,,,range
china_adr__C_trend_pullback__balanced__mid,china_adr,,C_trend_pullback,balanced,mid,20,stock,DATA_INSUFFICIENT,"No licensed point-in-time US daily tape, delist file, corporate-action journal, or historical venue/industry vintages were verified in this environment.",False,,False,False,,,,,,,,,,,,,,,,,,,,,,0,0,,,,,bull
china_adr__C_trend_pullback__balanced__mid,china_adr,,C_trend_pullback,balanced,mid,20,stock,DATA_INSUFFICIENT,"No licensed point-in-time US daily tape, delist file, corporate-action journal, or historical venue/industry vintages were verified in this environment.",False,,False,False,,,,,,,,,,,,,,,,,,,,,,0,0,,,,,bear
china_adr__C_trend_pullback__balanced__mid,china_adr,,C_trend_pullback,balanced,mid,20,stock,DATA_INSUFFICIENT,"No licensed point-in-time US daily tape, delist file, corporate-action journal, or historical venue/industry vintages were verified in this environment.",False,,False,False,,,,,,,,,,,,,,,,,,,,,,0,0,,,,,range
china_adr__C_trend_pullback__balanced__long,china_adr,,C_trend_pullback,balanced,long,63,stock,DATA_INSUFFICIENT,"No licensed point-in-time US daily tape, delist file, corporate-action journal, or historical venue/industry vintages were verified in this environment.",False,,False,False,,,,,,,,,,,,,,,,,,,,,,0,0,,,,,bull
china_adr__C_trend_pullback__balanced__long,china_adr,,C_trend_pullback,balanced,long,63,stock,DATA_INSUFFICIENT,"No licensed point-in-time US daily tape, delist file, corporate-action journal, or historical venue/industry vintages were verified in this environment.",False,,False,False,,,,,,,,,,,,,,,,,,,,,,0,0,,,,,bear
china_adr__C_trend_pullback__balanced__long,china_adr,,C_trend_pullback,balanced,long,63,stock,DATA_INSUFFICIENT,"No licensed point-in-time US daily tape, delist file, corporate-action journal, or historical venue/industry vintages were verified in this environment.",False,,False,False,,,,,,,,,,,,,,,,,,,,,,0,0,,,,,range
china_adr__C_trend_pullback__aggressive__short,china_adr,,C_trend_pullback,aggressive,short,5,stock,DATA_INSUFFICIENT,"No licensed point-in-time US daily tape, delist file, corporate-action journal, or historical venue/industry vintages were verified in this environment.",False,,False,False,,,,,,,,,,,,,,,,,,,,,,0,0,,,,,bull
china_adr__C_trend_pullback__aggressive__short,china_adr,,C_trend_pullback,aggressive,short,5,stock,DATA_INSUFFICIENT,"No licensed point-in-time US daily tape, delist file, corporate-action journal, or historical venue/industry vintages were verified in this environment.",False,,False,False,,,,,,,,,,,,,,,,,,,,,,0,0,,,,,bear
china_adr__C_trend_pullback__aggressive__short,china_adr,,C_trend_pullback,aggressive,short,5,stock,DATA_INSUFFICIENT,"No licensed point-in-time US daily tape, delist file, corporate-action journal, or historical venue/industry vintages were verified in this environment.",False,,False,False,,,,,,,,,,,,,,,,,,,,,,0,0,,,,,range
china_adr__C_trend_pullback__aggressive__mid,china_adr,,C_trend_pullback,aggressive,mid,20,stock,DATA_INSUFFICIENT,"No licensed point-in-time US daily tape, delist file, corporate-action journal, or historical venue/industry vintages were verified in this environment.",False,,False,False,,,,,,,,,,,,,,,,,,,,,,0,0,,,,,bull
china_adr__C_trend_pullback__aggressive__mid,china_adr,,C_trend_pullback,aggressive,mid,20,stock,DATA_INSUFFICIENT,"No licensed point-in-time US daily tape, delist file, corporate-action journal, or historical venue/industry vintages were verified in this environment.",False,,False,False,,,,,,,,,,,,,,,,,,,,,,0,0,,,,,bear
china_adr__C_trend_pullback__aggressive__mid,china_adr,,C_trend_pullback,aggressive,mid,20,stock,DATA_INSUFFICIENT,"No licensed point-in-time US daily tape, delist file, corporate-action journal, or historical venue/industry vintages were verified in this environment.",False,,False,False,,,,,,,,,,,,,,,,,,,,,,0,0,,,,,range
china_adr__C_trend_pullback__aggressive__long,china_adr,,C_trend_pullback,aggressive,long,63,stock,DATA_INSUFFICIENT,"No licensed point-in-time US daily tape, delist file, corporate-action journal, or historical venue/industry vintages were verified in this environment.",False,,False,False,,,,,,,,,,,,,,,,,,,,,,0,0,,,,,bull
china_adr__C_trend_pullback__aggressive__long,china_adr,,C_trend_pullback,aggressive,long,63,stock,DATA_INSUFFICIENT,"No licensed point-in-time US daily tape, delist file, corporate-action journal, or historical venue/industry vintages were verified in this environment.",False,,False,False,,,,,,,,,,,,,,,,,,,,,,0,0,,,,,bear
china_adr__C_trend_pullback__aggressive__long,china_adr,,C_trend_pullback,aggressive,long,63,stock,DATA_INSUFFICIENT,"No licensed point-in-time US daily tape, delist file, corporate-action journal, or historical venue/industry vintages were verified in this environment.",False,,False,False,,,,,,,,,,,,,,,,,,,,,,0,0,,,,,range
china_adr__D_residual_momentum__conservative__short,china_adr,,D_residual_momentum,conservative,short,5,stock,DATA_INSUFFICIENT,"No licensed point-in-time US daily tape, delist file, corporate-action journal, or historical venue/industry vintages were verified in this environment.",False,,False,False,,,,,,,,,,,,,,,,,,,,,,0,0,,,,,bull
china_adr__D_residual_momentum__conservative__short,china_adr,,D_residual_momentum,conservative,short,5,stock,DATA_INSUFFICIENT,"No licensed point-in-time US daily tape, delist file, corporate-action journal, or historical venue/industry vintages were verified in this environment.",False,,False,False,,,,,,,,,,,,,,,,,,,,,,0,0,,,,,bear
china_adr__D_residual_momentum__conservative__short,china_adr,,D_residual_momentum,conservative,short,5,stock,DATA_INSUFFICIENT,"No licensed point-in-time US daily tape, delist file, corporate-action journal, or historical venue/industry vintages were verified in this environment.",False,,False,False,,,,,,,,,,,,,,,,,,,,,,0,0,,,,,range
china_adr__D_residual_momentum__conservative__mid,china_adr,,D_residual_momentum,conservative,mid,20,stock,DATA_INSUFFICIENT,"No licensed point-in-time US daily tape, delist file, corporate-action journal, or historical venue/industry vintages were verified in this environment.",False,,False,False,,,,,,,,,,,,,,,,,,,,,,0,0,,,,,bull
china_adr__D_residual_momentum__conservative__mid,china_adr,,D_residual_momentum,conservative,mid,20,stock,DATA_INSUFFICIENT,"No licensed point-in-time US daily tape, delist file, corporate-action journal, or historical venue/industry vintages were verified in this environment.",False,,False,False,,,,,,,,,,,,,,,,,,,,,,0,0,,,,,bear
china_adr__D_residual_momentum__conservative__mid,china_adr,,D_residual_momentum,conservative,mid,20,stock,DATA_INSUFFICIENT,"No licensed point-in-time US daily tape, delist file, corporate-action journal, or historical venue/industry vintages were verified in this environment.",False,,False,False,,,,,,,,,,,,,,,,,,,,,,0,0,,,,,range
china_adr__D_residual_momentum__conservative__long,china_adr,,D_residual_momentum,conservative,long,63,stock,DATA_INSUFFICIENT,"No licensed point-in-time US daily tape, delist file, corporate-action journal, or historical venue/industry vintages were verified in this environment.",False,,False,False,,,,,,,,,,,,,,,,,,,,,,0,0,,,,,bull
china_adr__D_residual_momentum__conservative__long,china_adr,,D_residual_momentum,conservative,long,63,stock,DATA_INSUFFICIENT,"No licensed point-in-time US daily tape, delist file, corporate-action journal, or historical venue/industry vintages were verified in this environment.",False,,False,False,,,,,,,,,,,,,,,,,,,,,,0,0,,,,,bear
china_adr__D_residual_momentum__conservative__long,china_adr,,D_residual_momentum,conservative,long,63,stock,DATA_INSUFFICIENT,"No licensed point-in-time US daily tape, delist file, corporate-action journal, or historical venue/industry vintages were verified in this environment.",False,,False,False,,,,,,,,,,,,,,,,,,,,,,0,0,,,,,range
china_adr__D_residual_momentum__balanced__short,china_adr,,D_residual_momentum,balanced,short,5,stock,DATA_INSUFFICIENT,"No licensed point-in-time US daily tape, delist file, corporate-action journal, or historical venue/industry vintages were verified in this environment.",False,,False,False,,,,,,,,,,,,,,,,,,,,,,0,0,,,,,bull
china_adr__D_residual_momentum__balanced__short,china_adr,,D_residual_momentum,balanced,short,5,stock,DATA_INSUFFICIENT,"No licensed point-in-time US daily tape, delist file, corporate-action journal, or historical venue/industry vintages were verified in this environment.",False,,False,False,,,,,,,,,,,,,,,,,,,,,,0,0,,,,,bear
china_adr__D_residual_momentum__balanced__short,china_adr,,D_residual_momentum,balanced,short,5,stock,DATA_INSUFFICIENT,"No licensed point-in-time US daily tape, delist file, corporate-action journal, or historical venue/industry vintages were verified in this environment.",False,,False,False,,,,,,,,,,,,,,,,,,,,,,0,0,,,,,range
china_adr__D_residual_momentum__balanced__mid,china_adr,,D_residual_momentum,balanced,mid,20,stock,DATA_INSUFFICIENT,"No licensed point-in-time US daily tape, delist file, corporate-action journal, or historical venue/industry vintages were verified in this environment.",False,,False,False,,,,,,,,,,,,,,,,,,,,,,0,0,,,,,bull
china_adr__D_residual_momentum__balanced__mid,china_adr,,D_residual_momentum,balanced,mid,20,stock,DATA_INSUFFICIENT,"No licensed point-in-time US daily tape, delist file, corporate-action journal, or historical venue/industry vintages were verified in this environment.",False,,False,False,,,,,,,,,,,,,,,,,,,,,,0,0,,,,,bear
china_adr__D_residual_momentum__balanced__mid,china_adr,,D_residual_momentum,balanced,mid,20,stock,DATA_INSUFFICIENT,"No licensed point-in-time US daily tape, delist file, corporate-action journal, or historical venue/industry vintages were verified in this environment.",False,,False,False,,,,,,,,,,,,,,,,,,,,,,0,0,,,,,range
china_adr__D_residual_momentum__balanced__long,china_adr,,D_residual_momentum,balanced,long,63,stock,DATA_INSUFFICIENT,"No licensed point-in-time US daily tape, delist file, corporate-action journal, or historical venue/industry vintages were verified in this environment.",False,,False,False,,,,,,,,,,,,,,,,,,,,,,0,0,,,,,bull
china_adr__D_residual_momentum__balanced__long,china_adr,,D_residual_momentum,balanced,long,63,stock,DATA_INSUFFICIENT,"No licensed point-in-time US daily tape, delist file, corporate-action journal, or historical venue/industry vintages were verified in this environment.",False,,False,False,,,,,,,,,,,,,,,,,,,,,,0,0,,,,,bear
china_adr__D_residual_momentum__balanced__long,china_adr,,D_residual_momentum,balanced,long,63,stock,DATA_INSUFFICIENT,"No licensed point-in-time US daily tape, delist file, corporate-action journal, or historical venue/industry vintages were verified in this environment.",False,,False,False,,,,,,,,,,,,,,,,,,,,,,0,0,,,,,range
china_adr__D_residual_momentum__aggressive__short,china_adr,,D_residual_momentum,aggressive,short,5,stock,DATA_INSUFFICIENT,"No licensed point-in-time US daily tape, delist file, corporate-action journal, or historical venue/industry vintages were verified in this environment.",False,,False,False,,,,,,,,,,,,,,,,,,,,,,0,0,,,,,bull
china_adr__D_residual_momentum__aggressive__short,china_adr,,D_residual_momentum,aggressive,short,5,stock,DATA_INSUFFICIENT,"No licensed point-in-time US daily tape, delist file, corporate-action journal, or historical venue/industry vintages were verified in this environment.",False,,False,False,,,,,,,,,,,,,,,,,,,,,,0,0,,,,,bear
china_adr__D_residual_momentum__aggressive__short,china_adr,,D_residual_momentum,aggressive,short,5,stock,DATA_INSUFFICIENT,"No licensed point-in-time US daily tape, delist file, corporate-action journal, or historical venue/industry vintages were verified in this environment.",False,,False,False,,,,,,,,,,,,,,,,,,,,,,0,0,,,,,range
china_adr__D_residual_momentum__aggressive__mid,china_adr,,D_residual_momentum,aggressive,mid,20,stock,DATA_INSUFFICIENT,"No licensed point-in-time US daily tape, delist file, corporate-action journal, or historical venue/industry vintages were verified in this environment.",False,,False,False,,,,,,,,,,,,,,,,,,,,,,0,0,,,,,bull
china_adr__D_residual_momentum__aggressive__mid,china_adr,,D_residual_momentum,aggressive,mid,20,stock,DATA_INSUFFICIENT,"No licensed point-in-time US daily tape, delist file, corporate-action journal, or historical venue/industry vintages were verified in this environment.",False,,False,False,,,,,,,,,,,,,,,,,,,,,,0,0,,,,,bear
china_adr__D_residual_momentum__aggressive__mid,china_adr,,D_residual_momentum,aggressive,mid,20,stock,DATA_INSUFFICIENT,"No licensed point-in-time US daily tape, delist file, corporate-action journal, or historical venue/industry vintages were verified in this environment.",False,,False,False,,,,,,,,,,,,,,,,,,,,,,0,0,,,,,range
china_adr__D_residual_momentum__aggressive__long,china_adr,,D_residual_momentum,aggressive,long,63,stock,DATA_INSUFFICIENT,"No licensed point-in-time US daily tape, delist file, corporate-action journal, or historical venue/industry vintages were verified in this environment.",False,,False,False,,,,,,,,,,,,,,,,,,,,,,0,0,,,,,bull
china_adr__D_residual_momentum__aggressive__long,china_adr,,D_residual_momentum,aggressive,long,63,stock,DATA_INSUFFICIENT,"No licensed point-in-time US daily tape, delist file, corporate-action journal, or historical venue/industry vintages were verified in this environment.",False,,False,False,,,,,,,,,,,,,,,,,,,,,,0,0,,,,,bear
china_adr__D_residual_momentum__aggressive__long,china_adr,,D_residual_momentum,aggressive,long,63,stock,DATA_INSUFFICIENT,"No licensed point-in-time US daily tape, delist file, corporate-action journal, or historical venue/industry vintages were verified in this environment.",False,,False,False,,,,,,,,,,,,,,,,,,,,,,0,0,,,,,range
telecom__A_trend_quality__conservative__short,telecom,,A_trend_quality,conservative,short,5,stock,DATA_INSUFFICIENT,"No licensed point-in-time US daily tape, delist file, corporate-action journal, or historical venue/industry vintages were verified in this environment.",False,,False,False,,,,,,,,,,,,,,,,,,,,,,0,0,,,,,bull
telecom__A_trend_quality__conservative__short,telecom,,A_trend_quality,conservative,short,5,stock,DATA_INSUFFICIENT,"No licensed point-in-time US daily tape, delist file, corporate-action journal, or historical venue/industry vintages were verified in this environment.",False,,False,False,,,,,,,,,,,,,,,,,,,,,,0,0,,,,,bear
telecom__A_trend_quality__conservative__short,telecom,,A_trend_quality,conservative,short,5,stock,DATA_INSUFFICIENT,"No licensed point-in-time US daily tape, delist file, corporate-action journal, or historical venue/industry vintages were verified in this environment.",False,,False,False,,,,,,,,,,,,,,,,,,,,,,0,0,,,,,range
telecom__A_trend_quality__conservative__mid,telecom,,A_trend_quality,conservative,mid,20,stock,DATA_INSUFFICIENT,"No licensed point-in-time US daily tape, delist file, corporate-action journal, or historical venue/industry vintages were verified in this environment.",False,,False,False,,,,,,,,,,,,,,,,,,,,,,0,0,,,,,bull
telecom__A_trend_quality__conservative__mid,telecom,,A_trend_quality,conservative,mid,20,stock,DATA_INSUFFICIENT,"No licensed point-in-time US daily tape, delist file, corporate-action journal, or historical venue/industry vintages were verified in this environment.",False,,False,False,,,,,,,,,,,,,,,,,,,,,,0,0,,,,,bear
telecom__A_trend_quality__conservative__mid,telecom,,A_trend_quality,conservative,mid,20,stock,DATA_INSUFFICIENT,"No licensed point-in-time US daily tape, delist file, corporate-action journal, or historical venue/industry vintages were verified in this environment.",False,,False,False,,,,,,,,,,,,,,,,,,,,,,0,0,,,,,range
telecom__A_trend_quality__conservative__long,telecom,,A_trend_quality,conservative,long,63,stock,DATA_INSUFFICIENT,"No licensed point-in-time US daily tape, delist file, corporate-action journal, or historical venue/industry vintages were verified in this environment.",False,,False,False,,,,,,,,,,,,,,,,,,,,,,0,0,,,,,bull
telecom__A_trend_quality__conservative__long,telecom,,A_trend_quality,conservative,long,63,stock,DATA_INSUFFICIENT,"No licensed point-in-time US daily tape, delist file, corporate-action journal, or historical venue/industry vintages were verified in this environment.",False,,False,False,,,,,,,,,,,,,,,,,,,,,,0,0,,,,,bear
telecom__A_trend_quality__conservative__long,telecom,,A_trend_quality,conservative,long,63,stock,DATA_INSUFFICIENT,"No licensed point-in-time US daily tape, delist file, corporate-action journal, or historical venue/industry vintages were verified in this environment.",False,,False,False,,,,,,,,,,,,,,,,,,,,,,0,0,,,,,range
telecom__A_trend_quality__balanced__short,telecom,,A_trend_quality,balanced,short,5,stock,DATA_INSUFFICIENT,"No licensed point-in-time US daily tape, delist file, corporate-action journal, or historical venue/industry vintages were verified in this environment.",False,,False,False,,,,,,,,,,,,,,,,,,,,,,0,0,,,,,bull
telecom__A_trend_quality__balanced__short,telecom,,A_trend_quality,balanced,short,5,stock,DATA_INSUFFICIENT,"No licensed point-in-time US daily tape, delist file, corporate-action journal, or historical venue/industry vintages were verified in this environment.",False,,False,False,,,,,,,,,,,,,,,,,,,,,,0,0,,,,,bear
telecom__A_trend_quality__balanced__short,telecom,,A_trend_quality,balanced,short,5,stock,DATA_INSUFFICIENT,"No licensed point-in-time US daily tape, delist file, corporate-action journal, or historical venue/industry vintages were verified in this environment.",False,,False,False,,,,,,,,,,,,,,,,,,,,,,0,0,,,,,range
telecom__A_trend_quality__balanced__mid,telecom,,A_trend_quality,balanced,mid,20,stock,DATA_INSUFFICIENT,"No licensed point-in-time US daily tape, delist file, corporate-action journal, or historical venue/industry vintages were verified in this environment.",False,,False,False,,,,,,,,,,,,,,,,,,,,,,0,0,,,,,bull
telecom__A_trend_quality__balanced__mid,telecom,,A_trend_quality,balanced,mid,20,stock,DATA_INSUFFICIENT,"No licensed point-in-time US daily tape, delist file, corporate-action journal, or historical venue/industry vintages were verified in this environment.",False,,False,False,,,,,,,,,,,,,,,,,,,,,,0,0,,,,,bear
telecom__A_trend_quality__balanced__mid,telecom,,A_trend_quality,balanced,mid,20,stock,DATA_INSUFFICIENT,"No licensed point-in-time US daily tape, delist file, corporate-action journal, or historical venue/industry vintages were verified in this environment.",False,,False,False,,,,,,,,,,,,,,,,,,,,,,0,0,,,,,range
telecom__A_trend_quality__balanced__long,telecom,,A_trend_quality,balanced,long,63,stock,DATA_INSUFFICIENT,"No licensed point-in-time US daily tape, delist file, corporate-action journal, or historical venue/industry vintages were verified in this environment.",False,,False,False,,,,,,,,,,,,,,,,,,,,,,0,0,,,,,bull
telecom__A_trend_quality__balanced__long,telecom,,A_trend_quality,balanced,long,63,stock,DATA_INSUFFICIENT,"No licensed point-in-time US daily tape, delist file, corporate-action journal, or historical venue/industry vintages were verified in this environment.",False,,False,False,,,,,,,,,,,,,,,,,,,,,,0,0,,,,,bear
telecom__A_trend_quality__balanced__long,telecom,,A_trend_quality,balanced,long,63,stock,DATA_INSUFFICIENT,"No licensed point-in-time US daily tape, delist file, corporate-action journal, or historical venue/industry vintages were verified in this environment.",False,,False,False,,,,,,,,,,,,,,,,,,,,,,0,0,,,,,range
telecom__A_trend_quality__aggressive__short,telecom,,A_trend_quality,aggressive,short,5,stock,DATA_INSUFFICIENT,"No licensed point-in-time US daily tape, delist file, corporate-action journal, or historical venue/industry vintages were verified in this environment.",False,,False,False,,,,,,,,,,,,,,,,,,,,,,0,0,,,,,bull
telecom__A_trend_quality__aggressive__short,telecom,,A_trend_quality,aggressive,short,5,stock,DATA_INSUFFICIENT,"No licensed point-in-time US daily tape, delist file, corporate-action journal, or historical venue/industry vintages were verified in this environment.",False,,False,False,,,,,,,,,,,,,,,,,,,,,,0,0,,,,,bear
telecom__A_trend_quality__aggressive__short,telecom,,A_trend_quality,aggressive,short,5,stock,DATA_INSUFFICIENT,"No licensed point-in-time US daily tape, delist file, corporate-action journal, or historical venue/industry vintages were verified in this environment.",False,,False,False,,,,,,,,,,,,,,,,,,,,,,0,0,,,,,range
telecom__A_trend_quality__aggressive__mid,telecom,,A_trend_quality,aggressive,mid,20,stock,DATA_INSUFFICIENT,"No licensed point-in-time US daily tape, delist file, corporate-action journal, or historical venue/industry vintages were verified in this environment.",False,,False,False,,,,,,,,,,,,,,,,,,,,,,0,0,,,,,bull
telecom__A_trend_quality__aggressive__mid,telecom,,A_trend_quality,aggressive,mid,20,stock,DATA_INSUFFICIENT,"No licensed point-in-time US daily tape, delist file, corporate-action journal, or historical venue/industry vintages were verified in this environment.",False,,False,False,,,,,,,,,,,,,,,,,,,,,,0,0,,,,,bear
telecom__A_trend_quality__aggressive__mid,telecom,,A_trend_quality,aggressive,mid,20,stock,DATA_INSUFFICIENT,"No licensed point-in-time US daily tape, delist file, corporate-action journal, or historical venue/industry vintages were verified in this environment.",False,,False,False,,,,,,,,,,,,,,,,,,,,,,0,0,,,,,range
telecom__A_trend_quality__aggressive__long,telecom,,A_trend_quality,aggressive,long,63,stock,DATA_INSUFFICIENT,"No licensed point-in-time US daily tape, delist file, corporate-action journal, or historical venue/industry vintages were verified in this environment.",False,,False,False,,,,,,,,,,,,,,,,,,,,,,0,0,,,,,bull
telecom__A_trend_quality__aggressive__long,telecom,,A_trend_quality,aggressive,long,63,stock,DATA_INSUFFICIENT,"No licensed point-in-time US daily tape, delist file, corporate-action journal, or historical venue/industry vintages were verified in this environment.",False,,False,False,,,,,,,,,,,,,,,,,,,,,,0,0,,,,,bear
telecom__A_trend_quality__aggressive__long,telecom,,A_trend_quality,aggressive,long,63,stock,DATA_INSUFFICIENT,"No licensed point-in-time US daily tape, delist file, corporate-action journal, or historical venue/industry vintages were verified in this environment.",False,,False,False,,,,,,,,,,,,,,,,,,,,,,0,0,,,,,range
telecom__B_confirmed_base_breakout__conservative__short,telecom,,B_confirmed_base_breakout,conservative,short,5,stock,DATA_INSUFFICIENT,"No licensed point-in-time US daily tape, delist file, corporate-action journal, or historical venue/industry vintages were verified in this environment.",False,,False,False,,,,,,,,,,,,,,,,,,,,,,0,0,,,,,bull
telecom__B_confirmed_base_breakout__conservative__short,telecom,,B_confirmed_base_breakout,conservative,short,5,stock,DATA_INSUFFICIENT,"No licensed point-in-time US daily tape, delist file, corporate-action journal, or historical venue/industry vintages were verified in this environment.",False,,False,False,,,,,,,,,,,,,,,,,,,,,,0,0,,,,,bear
telecom__B_confirmed_base_breakout__conservative__short,telecom,,B_confirmed_base_breakout,conservative,short,5,stock,DATA_INSUFFICIENT,"No licensed point-in-time US daily tape, delist file, corporate-action journal, or historical venue/industry vintages were verified in this environment.",False,,False,False,,,,,,,,,,,,,,,,,,,,,,0,0,,,,,range
telecom__B_confirmed_base_breakout__conservative__mid,telecom,,B_confirmed_base_breakout,conservative,mid,20,stock,DATA_INSUFFICIENT,"No licensed point-in-time US daily tape, delist file, corporate-action journal, or historical venue/industry vintages were verified in this environment.",False,,False,False,,,,,,,,,,,,,,,,,,,,,,0,0,,,,,bull
telecom__B_confirmed_base_breakout__conservative__mid,telecom,,B_confirmed_base_breakout,conservative,mid,20,stock,DATA_INSUFFICIENT,"No licensed point-in-time US daily tape, delist file, corporate-action journal, or historical venue/industry vintages were verified in this environment.",False,,False,False,,,,,,,,,,,,,,,,,,,,,,0,0,,,,,bear
telecom__B_confirmed_base_breakout__conservative__mid,telecom,,B_confirmed_base_breakout,conservative,mid,20,stock,DATA_INSUFFICIENT,"No licensed point-in-time US daily tape, delist file, corporate-action journal, or historical venue/industry vintages were verified in this environment.",False,,False,False,,,,,,,,,,,,,,,,,,,,,,0,0,,,,,range
telecom__B_confirmed_base_breakout__conservative__long,telecom,,B_confirmed_base_breakout,conservative,long,63,stock,DATA_INSUFFICIENT,"No licensed point-in-time US daily tape, delist file, corporate-action journal, or historical venue/industry vintages were verified in this environment.",False,,False,False,,,,,,,,,,,,,,,,,,,,,,0,0,,,,,bull
telecom__B_confirmed_base_breakout__conservative__long,telecom,,B_confirmed_base_breakout,conservative,long,63,stock,DATA_INSUFFICIENT,"No licensed point-in-time US daily tape, delist file, corporate-action journal, or historical venue/industry vintages were verified in this environment.",False,,False,False,,,,,,,,,,,,,,,,,,,,,,0,0,,,,,bear
telecom__B_confirmed_base_breakout__conservative__long,telecom,,B_confirmed_base_breakout,conservative,long,63,stock,DATA_INSUFFICIENT,"No licensed point-in-time US daily tape, delist file, corporate-action journal, or historical venue/industry vintages were verified in this environment.",False,,False,False,,,,,,,,,,,,,,,,,,,,,,0,0,,,,,range
telecom__B_confirmed_base_breakout__balanced__short,telecom,,B_confirmed_base_breakout,balanced,short,5,stock,DATA_INSUFFICIENT,"No licensed point-in-time US daily tape, delist file, corporate-action journal, or historical venue/industry vintages were verified in this environment.",False,,False,False,,,,,,,,,,,,,,,,,,,,,,0,0,,,,,bull
telecom__B_confirmed_base_breakout__balanced__short,telecom,,B_confirmed_base_breakout,balanced,short,5,stock,DATA_INSUFFICIENT,"No licensed point-in-time US daily tape, delist file, corporate-action journal, or historical venue/industry vintages were verified in this environment.",False,,False,False,,,,,,,,,,,,,,,,,,,,,,0,0,,,,,bear
telecom__B_confirmed_base_breakout__balanced__short,telecom,,B_confirmed_base_breakout,balanced,short,5,stock,DATA_INSUFFICIENT,"No licensed point-in-time US daily tape, delist file, corporate-action journal, or historical venue/industry vintages were verified in this environment.",False,,False,False,,,,,,,,,,,,,,,,,,,,,,0,0,,,,,range
telecom__B_confirmed_base_breakout__balanced__mid,telecom,,B_confirmed_base_breakout,balanced,mid,20,stock,DATA_INSUFFICIENT,"No licensed point-in-time US daily tape, delist file, corporate-action journal, or historical venue/industry vintages were verified in this environment.",False,,False,False,,,,,,,,,,,,,,,,,,,,,,0,0,,,,,bull
telecom__B_confirmed_base_breakout__balanced__mid,telecom,,B_confirmed_base_breakout,balanced,mid,20,stock,DATA_INSUFFICIENT,"No licensed point-in-time US daily tape, delist file, corporate-action journal, or historical venue/industry vintages were verified in this environment.",False,,False,False,,,,,,,,,,,,,,,,,,,,,,0,0,,,,,bear
telecom__B_confirmed_base_breakout__balanced__mid,telecom,,B_confirmed_base_breakout,balanced,mid,20,stock,DATA_INSUFFICIENT,"No licensed point-in-time US daily tape, delist file, corporate-action journal, or historical venue/industry vintages were verified in this environment.",False,,False,False,,,,,,,,,,,,,,,,,,,,,,0,0,,,,,range
telecom__B_confirmed_base_breakout__balanced__long,telecom,,B_confirmed_base_breakout,balanced,long,63,stock,DATA_INSUFFICIENT,"No licensed point-in-time US daily tape, delist file, corporate-action journal, or historical venue/industry vintages were verified in this environment.",False,,False,False,,,,,,,,,,,,,,,,,,,,,,0,0,,,,,bull
telecom__B_confirmed_base_breakout__balanced__long,telecom,,B_confirmed_base_breakout,balanced,long,63,stock,DATA_INSUFFICIENT,"No licensed point-in-time US daily tape, delist file, corporate-action journal, or historical venue/industry vintages were verified in this environment.",False,,False,False,,,,,,,,,,,,,,,,,,,,,,0,0,,,,,bear
telecom__B_confirmed_base_breakout__balanced__long,telecom,,B_confirmed_base_breakout,balanced,long,63,stock,DATA_INSUFFICIENT,"No licensed point-in-time US daily tape, delist file, corporate-action journal, or historical venue/industry vintages were verified in this environment.",False,,False,False,,,,,,,,,,,,,,,,,,,,,,0,0,,,,,range
telecom__B_confirmed_base_breakout__aggressive__short,telecom,,B_confirmed_base_breakout,aggressive,short,5,stock,DATA_INSUFFICIENT,"No licensed point-in-time US daily tape, delist file, corporate-action journal, or historical venue/industry vintages were verified in this environment.",False,,False,False,,,,,,,,,,,,,,,,,,,,,,0,0,,,,,bull
telecom__B_confirmed_base_breakout__aggressive__short,telecom,,B_confirmed_base_breakout,aggressive,short,5,stock,DATA_INSUFFICIENT,"No licensed point-in-time US daily tape, delist file, corporate-action journal, or historical venue/industry vintages were verified in this environment.",False,,False,False,,,,,,,,,,,,,,,,,,,,,,0,0,,,,,bear
telecom__B_confirmed_base_breakout__aggressive__short,telecom,,B_confirmed_base_breakout,aggressive,short,5,stock,DATA_INSUFFICIENT,"No licensed point-in-time US daily tape, delist file, corporate-action journal, or historical venue/industry vintages were verified in this environment.",False,,False,False,,,,,,,,,,,,,,,,,,,,,,0,0,,,,,range
telecom__B_confirmed_base_breakout__aggressive__mid,telecom,,B_confirmed_base_breakout,aggressive,mid,20,stock,DATA_INSUFFICIENT,"No licensed point-in-time US daily tape, delist file, corporate-action journal, or historical venue/industry vintages were verified in this environment.",False,,False,False,,,,,,,,,,,,,,,,,,,,,,0,0,,,,,bull
telecom__B_confirmed_base_breakout__aggressive__mid,telecom,,B_confirmed_base_breakout,aggressive,mid,20,stock,DATA_INSUFFICIENT,"No licensed point-in-time US daily tape, delist file, corporate-action journal, or historical venue/industry vintages were verified in this environment.",False,,False,False,,,,,,,,,,,,,,,,,,,,,,0,0,,,,,bear
telecom__B_confirmed_base_breakout__aggressive__mid,telecom,,B_confirmed_base_breakout,aggressive,mid,20,stock,DATA_INSUFFICIENT,"No licensed point-in-time US daily tape, delist file, corporate-action journal, or historical venue/industry vintages were verified in this environment.",False,,False,False,,,,,,,,,,,,,,,,,,,,,,0,0,,,,,range
telecom__B_confirmed_base_breakout__aggressive__long,telecom,,B_confirmed_base_breakout,aggressive,long,63,stock,DATA_INSUFFICIENT,"No licensed point-in-time US daily tape, delist file, corporate-action journal, or historical venue/industry vintages were verified in this environment.",False,,False,False,,,,,,,,,,,,,,,,,,,,,,0,0,,,,,bull
telecom__B_confirmed_base_breakout__aggressive__long,telecom,,B_confirmed_base_breakout,aggressive,long,63,stock,DATA_INSUFFICIENT,"No licensed point-in-time US daily tape, delist file, corporate-action journal, or historical venue/industry vintages were verified in this environment.",False,,False,False,,,,,,,,,,,,,,,,,,,,,,0,0,,,,,bear
telecom__B_confirmed_base_breakout__aggressive__long,telecom,,B_confirmed_base_breakout,aggressive,long,63,stock,DATA_INSUFFICIENT,"No licensed point-in-time US daily tape, delist file, corporate-action journal, or historical venue/industry vintages were verified in this environment.",False,,False,False,,,,,,,,,,,,,,,,,,,,,,0,0,,,,,range
telecom__C_trend_pullback__conservative__short,telecom,,C_trend_pullback,conservative,short,5,stock,DATA_INSUFFICIENT,"No licensed point-in-time US daily tape, delist file, corporate-action journal, or historical venue/industry vintages were verified in this environment.",False,,False,False,,,,,,,,,,,,,,,,,,,,,,0,0,,,,,bull
telecom__C_trend_pullback__conservative__short,telecom,,C_trend_pullback,conservative,short,5,stock,DATA_INSUFFICIENT,"No licensed point-in-time US daily tape, delist file, corporate-action journal, or historical venue/industry vintages were verified in this environment.",False,,False,False,,,,,,,,,,,,,,,,,,,,,,0,0,,,,,bear
telecom__C_trend_pullback__conservative__short,telecom,,C_trend_pullback,conservative,short,5,stock,DATA_INSUFFICIENT,"No licensed point-in-time US daily tape, delist file, corporate-action journal, or historical venue/industry vintages were verified in this environment.",False,,False,False,,,,,,,,,,,,,,,,,,,,,,0,0,,,,,range
telecom__C_trend_pullback__conservative__mid,telecom,,C_trend_pullback,conservative,mid,20,stock,DATA_INSUFFICIENT,"No licensed point-in-time US daily tape, delist file, corporate-action journal, or historical venue/industry vintages were verified in this environment.",False,,False,False,,,,,,,,,,,,,,,,,,,,,,0,0,,,,,bull
telecom__C_trend_pullback__conservative__mid,telecom,,C_trend_pullback,conservative,mid,20,stock,DATA_INSUFFICIENT,"No licensed point-in-time US daily tape, delist file, corporate-action journal, or historical venue/industry vintages were verified in this environment.",False,,False,False,,,,,,,,,,,,,,,,,,,,,,0,0,,,,,bear
telecom__C_trend_pullback__conservative__mid,telecom,,C_trend_pullback,conservative,mid,20,stock,DATA_INSUFFICIENT,"No licensed point-in-time US daily tape, delist file, corporate-action journal, or historical venue/industry vintages were verified in this environment.",False,,False,False,,,,,,,,,,,,,,,,,,,,,,0,0,,,,,range
telecom__C_trend_pullback__conservative__long,telecom,,C_trend_pullback,conservative,long,63,stock,DATA_INSUFFICIENT,"No licensed point-in-time US daily tape, delist file, corporate-action journal, or historical venue/industry vintages were verified in this environment.",False,,False,False,,,,,,,,,,,,,,,,,,,,,,0,0,,,,,bull
telecom__C_trend_pullback__conservative__long,telecom,,C_trend_pullback,conservative,long,63,stock,DATA_INSUFFICIENT,"No licensed point-in-time US daily tape, delist file, corporate-action journal, or historical venue/industry vintages were verified in this environment.",False,,False,False,,,,,,,,,,,,,,,,,,,,,,0,0,,,,,bear
telecom__C_trend_pullback__conservative__long,telecom,,C_trend_pullback,conservative,long,63,stock,DATA_INSUFFICIENT,"No licensed point-in-time US daily tape, delist file, corporate-action journal, or historical venue/industry vintages were verified in this environment.",False,,False,False,,,,,,,,,,,,,,,,,,,,,,0,0,,,,,range
telecom__C_trend_pullback__balanced__short,telecom,,C_trend_pullback,balanced,short,5,stock,DATA_INSUFFICIENT,"No licensed point-in-time US daily tape, delist file, corporate-action journal, or historical venue/industry vintages were verified in this environment.",False,,False,False,,,,,,,,,,,,,,,,,,,,,,0,0,,,,,bull
telecom__C_trend_pullback__balanced__short,telecom,,C_trend_pullback,balanced,short,5,stock,DATA_INSUFFICIENT,"No licensed point-in-time US daily tape, delist file, corporate-action journal, or historical venue/industry vintages were verified in this environment.",False,,False,False,,,,,,,,,,,,,,,,,,,,,,0,0,,,,,bear
telecom__C_trend_pullback__balanced__short,telecom,,C_trend_pullback,balanced,short,5,stock,DATA_INSUFFICIENT,"No licensed point-in-time US daily tape, delist file, corporate-action journal, or historical venue/industry vintages were verified in this environment.",False,,False,False,,,,,,,,,,,,,,,,,,,,,,0,0,,,,,range
telecom__C_trend_pullback__balanced__mid,telecom,,C_trend_pullback,balanced,mid,20,stock,DATA_INSUFFICIENT,"No licensed point-in-time US daily tape, delist file, corporate-action journal, or historical venue/industry vintages were verified in this environment.",False,,False,False,,,,,,,,,,,,,,,,,,,,,,0,0,,,,,bull
telecom__C_trend_pullback__balanced__mid,telecom,,C_trend_pullback,balanced,mid,20,stock,DATA_INSUFFICIENT,"No licensed point-in-time US daily tape, delist file, corporate-action journal, or historical venue/industry vintages were verified in this environment.",False,,False,False,,,,,,,,,,,,,,,,,,,,,,0,0,,,,,bear
telecom__C_trend_pullback__balanced__mid,telecom,,C_trend_pullback,balanced,mid,20,stock,DATA_INSUFFICIENT,"No licensed point-in-time US daily tape, delist file, corporate-action journal, or historical venue/industry vintages were verified in this environment.",False,,False,False,,,,,,,,,,,,,,,,,,,,,,0,0,,,,,range
telecom__C_trend_pullback__balanced__long,telecom,,C_trend_pullback,balanced,long,63,stock,DATA_INSUFFICIENT,"No licensed point-in-time US daily tape, delist file, corporate-action journal, or historical venue/industry vintages were verified in this environment.",False,,False,False,,,,,,,,,,,,,,,,,,,,,,0,0,,,,,bull
telecom__C_trend_pullback__balanced__long,telecom,,C_trend_pullback,balanced,long,63,stock,DATA_INSUFFICIENT,"No licensed point-in-time US daily tape, delist file, corporate-action journal, or historical venue/industry vintages were verified in this environment.",False,,False,False,,,,,,,,,,,,,,,,,,,,,,0,0,,,,,bear
telecom__C_trend_pullback__balanced__long,telecom,,C_trend_pullback,balanced,long,63,stock,DATA_INSUFFICIENT,"No licensed point-in-time US daily tape, delist file, corporate-action journal, or historical venue/industry vintages were verified in this environment.",False,,False,False,,,,,,,,,,,,,,,,,,,,,,0,0,,,,,range
telecom__C_trend_pullback__aggressive__short,telecom,,C_trend_pullback,aggressive,short,5,stock,DATA_INSUFFICIENT,"No licensed point-in-time US daily tape, delist file, corporate-action journal, or historical venue/industry vintages were verified in this environment.",False,,False,False,,,,,,,,,,,,,,,,,,,,,,0,0,,,,,bull
telecom__C_trend_pullback__aggressive__short,telecom,,C_trend_pullback,aggressive,short,5,stock,DATA_INSUFFICIENT,"No licensed point-in-time US daily tape, delist file, corporate-action journal, or historical venue/industry vintages were verified in this environment.",False,,False,False,,,,,,,,,,,,,,,,,,,,,,0,0,,,,,bear
telecom__C_trend_pullback__aggressive__short,telecom,,C_trend_pullback,aggressive,short,5,stock,DATA_INSUFFICIENT,"No licensed point-in-time US daily tape, delist file, corporate-action journal, or historical venue/industry vintages were verified in this environment.",False,,False,False,,,,,,,,,,,,,,,,,,,,,,0,0,,,,,range
telecom__C_trend_pullback__aggressive__mid,telecom,,C_trend_pullback,aggressive,mid,20,stock,DATA_INSUFFICIENT,"No licensed point-in-time US daily tape, delist file, corporate-action journal, or historical venue/industry vintages were verified in this environment.",False,,False,False,,,,,,,,,,,,,,,,,,,,,,0,0,,,,,bull
telecom__C_trend_pullback__aggressive__mid,telecom,,C_trend_pullback,aggressive,mid,20,stock,DATA_INSUFFICIENT,"No licensed point-in-time US daily tape, delist file, corporate-action journal, or historical venue/industry vintages were verified in this environment.",False,,False,False,,,,,,,,,,,,,,,,,,,,,,0,0,,,,,bear
telecom__C_trend_pullback__aggressive__mid,telecom,,C_trend_pullback,aggressive,mid,20,stock,DATA_INSUFFICIENT,"No licensed point-in-time US daily tape, delist file, corporate-action journal, or historical venue/industry vintages were verified in this environment.",False,,False,False,,,,,,,,,,,,,,,,,,,,,,0,0,,,,,range
telecom__C_trend_pullback__aggressive__long,telecom,,C_trend_pullback,aggressive,long,63,stock,DATA_INSUFFICIENT,"No licensed point-in-time US daily tape, delist file, corporate-action journal, or historical venue/industry vintages were verified in this environment.",False,,False,False,,,,,,,,,,,,,,,,,,,,,,0,0,,,,,bull
telecom__C_trend_pullback__aggressive__long,telecom,,C_trend_pullback,aggressive,long,63,stock,DATA_INSUFFICIENT,"No licensed point-in-time US daily tape, delist file, corporate-action journal, or historical venue/industry vintages were verified in this environment.",False,,False,False,,,,,,,,,,,,,,,,,,,,,,0,0,,,,,bear
telecom__C_trend_pullback__aggressive__long,telecom,,C_trend_pullback,aggressive,long,63,stock,DATA_INSUFFICIENT,"No licensed point-in-time US daily tape, delist file, corporate-action journal, or historical venue/industry vintages were verified in this environment.",False,,False,False,,,,,,,,,,,,,,,,,,,,,,0,0,,,,,range
telecom__D_residual_momentum__conservative__short,telecom,,D_residual_momentum,conservative,short,5,stock,DATA_INSUFFICIENT,"No licensed point-in-time US daily tape, delist file, corporate-action journal, or historical venue/industry vintages were verified in this environment.",False,,False,False,,,,,,,,,,,,,,,,,,,,,,0,0,,,,,bull
telecom__D_residual_momentum__conservative__short,telecom,,D_residual_momentum,conservative,short,5,stock,DATA_INSUFFICIENT,"No licensed point-in-time US daily tape, delist file, corporate-action journal, or historical venue/industry vintages were verified in this environment.",False,,False,False,,,,,,,,,,,,,,,,,,,,,,0,0,,,,,bear
telecom__D_residual_momentum__conservative__short,telecom,,D_residual_momentum,conservative,short,5,stock,DATA_INSUFFICIENT,"No licensed point-in-time US daily tape, delist file, corporate-action journal, or historical venue/industry vintages were verified in this environment.",False,,False,False,,,,,,,,,,,,,,,,,,,,,,0,0,,,,,range
telecom__D_residual_momentum__conservative__mid,telecom,,D_residual_momentum,conservative,mid,20,stock,DATA_INSUFFICIENT,"No licensed point-in-time US daily tape, delist file, corporate-action journal, or historical venue/industry vintages were verified in this environment.",False,,False,False,,,,,,,,,,,,,,,,,,,,,,0,0,,,,,bull
telecom__D_residual_momentum__conservative__mid,telecom,,D_residual_momentum,conservative,mid,20,stock,DATA_INSUFFICIENT,"No licensed point-in-time US daily tape, delist file, corporate-action journal, or historical venue/industry vintages were verified in this environment.",False,,False,False,,,,,,,,,,,,,,,,,,,,,,0,0,,,,,bear
telecom__D_residual_momentum__conservative__mid,telecom,,D_residual_momentum,conservative,mid,20,stock,DATA_INSUFFICIENT,"No licensed point-in-time US daily tape, delist file, corporate-action journal, or historical venue/industry vintages were verified in this environment.",False,,False,False,,,,,,,,,,,,,,,,,,,,,,0,0,,,,,range
telecom__D_residual_momentum__conservative__long,telecom,,D_residual_momentum,conservative,long,63,stock,DATA_INSUFFICIENT,"No licensed point-in-time US daily tape, delist file, corporate-action journal, or historical venue/industry vintages were verified in this environment.",False,,False,False,,,,,,,,,,,,,,,,,,,,,,0,0,,,,,bull
telecom__D_residual_momentum__conservative__long,telecom,,D_residual_momentum,conservative,long,63,stock,DATA_INSUFFICIENT,"No licensed point-in-time US daily tape, delist file, corporate-action journal, or historical venue/industry vintages were verified in this environment.",False,,False,False,,,,,,,,,,,,,,,,,,,,,,0,0,,,,,bear
telecom__D_residual_momentum__conservative__long,telecom,,D_residual_momentum,conservative,long,63,stock,DATA_INSUFFICIENT,"No licensed point-in-time US daily tape, delist file, corporate-action journal, or historical venue/industry vintages were verified in this environment.",False,,False,False,,,,,,,,,,,,,,,,,,,,,,0,0,,,,,range
telecom__D_residual_momentum__balanced__short,telecom,,D_residual_momentum,balanced,short,5,stock,DATA_INSUFFICIENT,"No licensed point-in-time US daily tape, delist file, corporate-action journal, or historical venue/industry vintages were verified in this environment.",False,,False,False,,,,,,,,,,,,,,,,,,,,,,0,0,,,,,bull
telecom__D_residual_momentum__balanced__short,telecom,,D_residual_momentum,balanced,short,5,stock,DATA_INSUFFICIENT,"No licensed point-in-time US daily tape, delist file, corporate-action journal, or historical venue/industry vintages were verified in this environment.",False,,False,False,,,,,,,,,,,,,,,,,,,,,,0,0,,,,,bear
telecom__D_residual_momentum__balanced__short,telecom,,D_residual_momentum,balanced,short,5,stock,DATA_INSUFFICIENT,"No licensed point-in-time US daily tape, delist file, corporate-action journal, or historical venue/industry vintages were verified in this environment.",False,,False,False,,,,,,,,,,,,,,,,,,,,,,0,0,,,,,range
telecom__D_residual_momentum__balanced__mid,telecom,,D_residual_momentum,balanced,mid,20,stock,DATA_INSUFFICIENT,"No licensed point-in-time US daily tape, delist file, corporate-action journal, or historical venue/industry vintages were verified in this environment.",False,,False,False,,,,,,,,,,,,,,,,,,,,,,0,0,,,,,bull
telecom__D_residual_momentum__balanced__mid,telecom,,D_residual_momentum,balanced,mid,20,stock,DATA_INSUFFICIENT,"No licensed point-in-time US daily tape, delist file, corporate-action journal, or historical venue/industry vintages were verified in this environment.",False,,False,False,,,,,,,,,,,,,,,,,,,,,,0,0,,,,,bear
telecom__D_residual_momentum__balanced__mid,telecom,,D_residual_momentum,balanced,mid,20,stock,DATA_INSUFFICIENT,"No licensed point-in-time US daily tape, delist file, corporate-action journal, or historical venue/industry vintages were verified in this environment.",False,,False,False,,,,,,,,,,,,,,,,,,,,,,0,0,,,,,range
telecom__D_residual_momentum__balanced__long,telecom,,D_residual_momentum,balanced,long,63,stock,DATA_INSUFFICIENT,"No licensed point-in-time US daily tape, delist file, corporate-action journal, or historical venue/industry vintages were verified in this environment.",False,,False,False,,,,,,,,,,,,,,,,,,,,,,0,0,,,,,bull
telecom__D_residual_momentum__balanced__long,telecom,,D_residual_momentum,balanced,long,63,stock,DATA_INSUFFICIENT,"No licensed point-in-time US daily tape, delist file, corporate-action journal, or historical venue/industry vintages were verified in this environment.",False,,False,False,,,,,,,,,,,,,,,,,,,,,,0,0,,,,,bear
telecom__D_residual_momentum__balanced__long,telecom,,D_residual_momentum,balanced,long,63,stock,DATA_INSUFFICIENT,"No licensed point-in-time US daily tape, delist file, corporate-action journal, or historical venue/industry vintages were verified in this environment.",False,,False,False,,,,,,,,,,,,,,,,,,,,,,0,0,,,,,range
telecom__D_residual_momentum__aggressive__short,telecom,,D_residual_momentum,aggressive,short,5,stock,DATA_INSUFFICIENT,"No licensed point-in-time US daily tape, delist file, corporate-action journal, or historical venue/industry vintages were verified in this environment.",False,,False,False,,,,,,,,,,,,,,,,,,,,,,0,0,,,,,bull
telecom__D_residual_momentum__aggressive__short,telecom,,D_residual_momentum,aggressive,short,5,stock,DATA_INSUFFICIENT,"No licensed point-in-time US daily tape, delist file, corporate-action journal, or historical venue/industry vintages were verified in this environment.",False,,False,False,,,,,,,,,,,,,,,,,,,,,,0,0,,,,,bear
telecom__D_residual_momentum__aggressive__short,telecom,,D_residual_momentum,aggressive,short,5,stock,DATA_INSUFFICIENT,"No licensed point-in-time US daily tape, delist file, corporate-action journal, or historical venue/industry vintages were verified in this environment.",False,,False,False,,,,,,,,,,,,,,,,,,,,,,0,0,,,,,range
telecom__D_residual_momentum__aggressive__mid,telecom,,D_residual_momentum,aggressive,mid,20,stock,DATA_INSUFFICIENT,"No licensed point-in-time US daily tape, delist file, corporate-action journal, or historical venue/industry vintages were verified in this environment.",False,,False,False,,,,,,,,,,,,,,,,,,,,,,0,0,,,,,bull
telecom__D_residual_momentum__aggressive__mid,telecom,,D_residual_momentum,aggressive,mid,20,stock,DATA_INSUFFICIENT,"No licensed point-in-time US daily tape, delist file, corporate-action journal, or historical venue/industry vintages were verified in this environment.",False,,False,False,,,,,,,,,,,,,,,,,,,,,,0,0,,,,,bear
telecom__D_residual_momentum__aggressive__mid,telecom,,D_residual_momentum,aggressive,mid,20,stock,DATA_INSUFFICIENT,"No licensed point-in-time US daily tape, delist file, corporate-action journal, or historical venue/industry vintages were verified in this environment.",False,,False,False,,,,,,,,,,,,,,,,,,,,,,0,0,,,,,range
telecom__D_residual_momentum__aggressive__long,telecom,,D_residual_momentum,aggressive,long,63,stock,DATA_INSUFFICIENT,"No licensed point-in-time US daily tape, delist file, corporate-action journal, or historical venue/industry vintages were verified in this environment.",False,,False,False,,,,,,,,,,,,,,,,,,,,,,0,0,,,,,bull
telecom__D_residual_momentum__aggressive__long,telecom,,D_residual_momentum,aggressive,long,63,stock,DATA_INSUFFICIENT,"No licensed point-in-time US daily tape, delist file, corporate-action journal, or historical venue/industry vintages were verified in this environment.",False,,False,False,,,,,,,,,,,,,,,,,,,,,,0,0,,,,,bear
telecom__D_residual_momentum__aggressive__long,telecom,,D_residual_momentum,aggressive,long,63,stock,DATA_INSUFFICIENT,"No licensed point-in-time US daily tape, delist file, corporate-action journal, or historical venue/industry vintages were verified in this environment.",False,,False,False,,,,,,,,,,,,,,,,,,,,,,0,0,,,,,range
industrials__A_trend_quality__conservative__short,industrials,,A_trend_quality,conservative,short,5,stock,DATA_INSUFFICIENT,"No licensed point-in-time US daily tape, delist file, corporate-action journal, or historical venue/industry vintages were verified in this environment.",False,,False,False,,,,,,,,,,,,,,,,,,,,,,0,0,,,,,bull
industrials__A_trend_quality__conservative__short,industrials,,A_trend_quality,conservative,short,5,stock,DATA_INSUFFICIENT,"No licensed point-in-time US daily tape, delist file, corporate-action journal, or historical venue/industry vintages were verified in this environment.",False,,False,False,,,,,,,,,,,,,,,,,,,,,,0,0,,,,,bear
industrials__A_trend_quality__conservative__short,industrials,,A_trend_quality,conservative,short,5,stock,DATA_INSUFFICIENT,"No licensed point-in-time US daily tape, delist file, corporate-action journal, or historical venue/industry vintages were verified in this environment.",False,,False,False,,,,,,,,,,,,,,,,,,,,,,0,0,,,,,range
industrials__A_trend_quality__conservative__mid,industrials,,A_trend_quality,conservative,mid,20,stock,DATA_INSUFFICIENT,"No licensed point-in-time US daily tape, delist file, corporate-action journal, or historical venue/industry vintages were verified in this environment.",False,,False,False,,,,,,,,,,,,,,,,,,,,,,0,0,,,,,bull
industrials__A_trend_quality__conservative__mid,industrials,,A_trend_quality,conservative,mid,20,stock,DATA_INSUFFICIENT,"No licensed point-in-time US daily tape, delist file, corporate-action journal, or historical venue/industry vintages were verified in this environment.",False,,False,False,,,,,,,,,,,,,,,,,,,,,,0,0,,,,,bear
industrials__A_trend_quality__conservative__mid,industrials,,A_trend_quality,conservative,mid,20,stock,DATA_INSUFFICIENT,"No licensed point-in-time US daily tape, delist file, corporate-action journal, or historical venue/industry vintages were verified in this environment.",False,,False,False,,,,,,,,,,,,,,,,,,,,,,0,0,,,,,range
industrials__A_trend_quality__conservative__long,industrials,,A_trend_quality,conservative,long,63,stock,DATA_INSUFFICIENT,"No licensed point-in-time US daily tape, delist file, corporate-action journal, or historical venue/industry vintages were verified in this environment.",False,,False,False,,,,,,,,,,,,,,,,,,,,,,0,0,,,,,bull
industrials__A_trend_quality__conservative__long,industrials,,A_trend_quality,conservative,long,63,stock,DATA_INSUFFICIENT,"No licensed point-in-time US daily tape, delist file, corporate-action journal, or historical venue/industry vintages were verified in this environment.",False,,False,False,,,,,,,,,,,,,,,,,,,,,,0,0,,,,,bear
industrials__A_trend_quality__conservative__long,industrials,,A_trend_quality,conservative,long,63,stock,DATA_INSUFFICIENT,"No licensed point-in-time US daily tape, delist file, corporate-action journal, or historical venue/industry vintages were verified in this environment.",False,,False,False,,,,,,,,,,,,,,,,,,,,,,0,0,,,,,range
industrials__A_trend_quality__balanced__short,industrials,,A_trend_quality,balanced,short,5,stock,DATA_INSUFFICIENT,"No licensed point-in-time US daily tape, delist file, corporate-action journal, or historical venue/industry vintages were verified in this environment.",False,,False,False,,,,,,,,,,,,,,,,,,,,,,0,0,,,,,bull
industrials__A_trend_quality__balanced__short,industrials,,A_trend_quality,balanced,short,5,stock,DATA_INSUFFICIENT,"No licensed point-in-time US daily tape, delist file, corporate-action journal, or historical venue/industry vintages were verified in this environment.",False,,False,False,,,,,,,,,,,,,,,,,,,,,,0,0,,,,,bear
industrials__A_trend_quality__balanced__short,industrials,,A_trend_quality,balanced,short,5,stock,DATA_INSUFFICIENT,"No licensed point-in-time US daily tape, delist file, corporate-action journal, or historical venue/industry vintages were verified in this environment.",False,,False,False,,,,,,,,,,,,,,,,,,,,,,0,0,,,,,range
industrials__A_trend_quality__balanced__mid,industrials,,A_trend_quality,balanced,mid,20,stock,DATA_INSUFFICIENT,"No licensed point-in-time US daily tape, delist file, corporate-action journal, or historical venue/industry vintages were verified in this environment.",False,,False,False,,,,,,,,,,,,,,,,,,,,,,0,0,,,,,bull
industrials__A_trend_quality__balanced__mid,industrials,,A_trend_quality,balanced,mid,20,stock,DATA_INSUFFICIENT,"No licensed point-in-time US daily tape, delist file, corporate-action journal, or historical venue/industry vintages were verified in this environment.",False,,False,False,,,,,,,,,,,,,,,,,,,,,,0,0,,,,,bear
industrials__A_trend_quality__balanced__mid,industrials,,A_trend_quality,balanced,mid,20,stock,DATA_INSUFFICIENT,"No licensed point-in-time US daily tape, delist file, corporate-action journal, or historical venue/industry vintages were verified in this environment.",False,,False,False,,,,,,,,,,,,,,,,,,,,,,0,0,,,,,range
industrials__A_trend_quality__balanced__long,industrials,,A_trend_quality,balanced,long,63,stock,DATA_INSUFFICIENT,"No licensed point-in-time US daily tape, delist file, corporate-action journal, or historical venue/industry vintages were verified in this environment.",False,,False,False,,,,,,,,,,,,,,,,,,,,,,0,0,,,,,bull
industrials__A_trend_quality__balanced__long,industrials,,A_trend_quality,balanced,long,63,stock,DATA_INSUFFICIENT,"No licensed point-in-time US daily tape, delist file, corporate-action journal, or historical venue/industry vintages were verified in this environment.",False,,False,False,,,,,,,,,,,,,,,,,,,,,,0,0,,,,,bear
industrials__A_trend_quality__balanced__long,industrials,,A_trend_quality,balanced,long,63,stock,DATA_INSUFFICIENT,"No licensed point-in-time US daily tape, delist file, corporate-action journal, or historical venue/industry vintages were verified in this environment.",False,,False,False,,,,,,,,,,,,,,,,,,,,,,0,0,,,,,range
industrials__A_trend_quality__aggressive__short,industrials,,A_trend_quality,aggressive,short,5,stock,DATA_INSUFFICIENT,"No licensed point-in-time US daily tape, delist file, corporate-action journal, or historical venue/industry vintages were verified in this environment.",False,,False,False,,,,,,,,,,,,,,,,,,,,,,0,0,,,,,bull
industrials__A_trend_quality__aggressive__short,industrials,,A_trend_quality,aggressive,short,5,stock,DATA_INSUFFICIENT,"No licensed point-in-time US daily tape, delist file, corporate-action journal, or historical venue/industry vintages were verified in this environment.",False,,False,False,,,,,,,,,,,,,,,,,,,,,,0,0,,,,,bear
industrials__A_trend_quality__aggressive__short,industrials,,A_trend_quality,aggressive,short,5,stock,DATA_INSUFFICIENT,"No licensed point-in-time US daily tape, delist file, corporate-action journal, or historical venue/industry vintages were verified in this environment.",False,,False,False,,,,,,,,,,,,,,,,,,,,,,0,0,,,,,range
industrials__A_trend_quality__aggressive__mid,industrials,,A_trend_quality,aggressive,mid,20,stock,DATA_INSUFFICIENT,"No licensed point-in-time US daily tape, delist file, corporate-action journal, or historical venue/industry vintages were verified in this environment.",False,,False,False,,,,,,,,,,,,,,,,,,,,,,0,0,,,,,bull
industrials__A_trend_quality__aggressive__mid,industrials,,A_trend_quality,aggressive,mid,20,stock,DATA_INSUFFICIENT,"No licensed point-in-time US daily tape, delist file, corporate-action journal, or historical venue/industry vintages were verified in this environment.",False,,False,False,,,,,,,,,,,,,,,,,,,,,,0,0,,,,,bear
industrials__A_trend_quality__aggressive__mid,industrials,,A_trend_quality,aggressive,mid,20,stock,DATA_INSUFFICIENT,"No licensed point-in-time US daily tape, delist file, corporate-action journal, or historical venue/industry vintages were verified in this environment.",False,,False,False,,,,,,,,,,,,,,,,,,,,,,0,0,,,,,range
industrials__A_trend_quality__aggressive__long,industrials,,A_trend_quality,aggressive,long,63,stock,DATA_INSUFFICIENT,"No licensed point-in-time US daily tape, delist file, corporate-action journal, or historical venue/industry vintages were verified in this environment.",False,,False,False,,,,,,,,,,,,,,,,,,,,,,0,0,,,,,bull
industrials__A_trend_quality__aggressive__long,industrials,,A_trend_quality,aggressive,long,63,stock,DATA_INSUFFICIENT,"No licensed point-in-time US daily tape, delist file, corporate-action journal, or historical venue/industry vintages were verified in this environment.",False,,False,False,,,,,,,,,,,,,,,,,,,,,,0,0,,,,,bear
industrials__A_trend_quality__aggressive__long,industrials,,A_trend_quality,aggressive,long,63,stock,DATA_INSUFFICIENT,"No licensed point-in-time US daily tape, delist file, corporate-action journal, or historical venue/industry vintages were verified in this environment.",False,,False,False,,,,,,,,,,,,,,,,,,,,,,0,0,,,,,range
industrials__B_confirmed_base_breakout__conservative__short,industrials,,B_confirmed_base_breakout,conservative,short,5,stock,DATA_INSUFFICIENT,"No licensed point-in-time US daily tape, delist file, corporate-action journal, or historical venue/industry vintages were verified in this environment.",False,,False,False,,,,,,,,,,,,,,,,,,,,,,0,0,,,,,bull
industrials__B_confirmed_base_breakout__conservative__short,industrials,,B_confirmed_base_breakout,conservative,short,5,stock,DATA_INSUFFICIENT,"No licensed point-in-time US daily tape, delist file, corporate-action journal, or historical venue/industry vintages were verified in this environment.",False,,False,False,,,,,,,,,,,,,,,,,,,,,,0,0,,,,,bear
industrials__B_confirmed_base_breakout__conservative__short,industrials,,B_confirmed_base_breakout,conservative,short,5,stock,DATA_INSUFFICIENT,"No licensed point-in-time US daily tape, delist file, corporate-action journal, or historical venue/industry vintages were verified in this environment.",False,,False,False,,,,,,,,,,,,,,,,,,,,,,0,0,,,,,range
industrials__B_confirmed_base_breakout__conservative__mid,industrials,,B_confirmed_base_breakout,conservative,mid,20,stock,DATA_INSUFFICIENT,"No licensed point-in-time US daily tape, delist file, corporate-action journal, or historical venue/industry vintages were verified in this environment.",False,,False,False,,,,,,,,,,,,,,,,,,,,,,0,0,,,,,bull
industrials__B_confirmed_base_breakout__conservative__mid,industrials,,B_confirmed_base_breakout,conservative,mid,20,stock,DATA_INSUFFICIENT,"No licensed point-in-time US daily tape, delist file, corporate-action journal, or historical venue/industry vintages were verified in this environment.",False,,False,False,,,,,,,,,,,,,,,,,,,,,,0,0,,,,,bear
industrials__B_confirmed_base_breakout__conservative__mid,industrials,,B_confirmed_base_breakout,conservative,mid,20,stock,DATA_INSUFFICIENT,"No licensed point-in-time US daily tape, delist file, corporate-action journal, or historical venue/industry vintages were verified in this environment.",False,,False,False,,,,,,,,,,,,,,,,,,,,,,0,0,,,,,range
industrials__B_confirmed_base_breakout__conservative__long,industrials,,B_confirmed_base_breakout,conservative,long,63,stock,DATA_INSUFFICIENT,"No licensed point-in-time US daily tape, delist file, corporate-action journal, or historical venue/industry vintages were verified in this environment.",False,,False,False,,,,,,,,,,,,,,,,,,,,,,0,0,,,,,bull
industrials__B_confirmed_base_breakout__conservative__long,industrials,,B_confirmed_base_breakout,conservative,long,63,stock,DATA_INSUFFICIENT,"No licensed point-in-time US daily tape, delist file, corporate-action journal, or historical venue/industry vintages were verified in this environment.",False,,False,False,,,,,,,,,,,,,,,,,,,,,,0,0,,,,,bear
industrials__B_confirmed_base_breakout__conservative__long,industrials,,B_confirmed_base_breakout,conservative,long,63,stock,DATA_INSUFFICIENT,"No licensed point-in-time US daily tape, delist file, corporate-action journal, or historical venue/industry vintages were verified in this environment.",False,,False,False,,,,,,,,,,,,,,,,,,,,,,0,0,,,,,range
industrials__B_confirmed_base_breakout__balanced__short,industrials,,B_confirmed_base_breakout,balanced,short,5,stock,DATA_INSUFFICIENT,"No licensed point-in-time US daily tape, delist file, corporate-action journal, or historical venue/industry vintages were verified in this environment.",False,,False,False,,,,,,,,,,,,,,,,,,,,,,0,0,,,,,bull
industrials__B_confirmed_base_breakout__balanced__short,industrials,,B_confirmed_base_breakout,balanced,short,5,stock,DATA_INSUFFICIENT,"No licensed point-in-time US daily tape, delist file, corporate-action journal, or historical venue/industry vintages were verified in this environment.",False,,False,False,,,,,,,,,,,,,,,,,,,,,,0,0,,,,,bear
industrials__B_confirmed_base_breakout__balanced__short,industrials,,B_confirmed_base_breakout,balanced,short,5,stock,DATA_INSUFFICIENT,"No licensed point-in-time US daily tape, delist file, corporate-action journal, or historical venue/industry vintages were verified in this environment.",False,,False,False,,,,,,,,,,,,,,,,,,,,,,0,0,,,,,range
industrials__B_confirmed_base_breakout__balanced__mid,industrials,,B_confirmed_base_breakout,balanced,mid,20,stock,DATA_INSUFFICIENT,"No licensed point-in-time US daily tape, delist file, corporate-action journal, or historical venue/industry vintages were verified in this environment.",False,,False,False,,,,,,,,,,,,,,,,,,,,,,0,0,,,,,bull
industrials__B_confirmed_base_breakout__balanced__mid,industrials,,B_confirmed_base_breakout,balanced,mid,20,stock,DATA_INSUFFICIENT,"No licensed point-in-time US daily tape, delist file, corporate-action journal, or historical venue/industry vintages were verified in this environment.",False,,False,False,,,,,,,,,,,,,,,,,,,,,,0,0,,,,,bear
industrials__B_confirmed_base_breakout__balanced__mid,industrials,,B_confirmed_base_breakout,balanced,mid,20,stock,DATA_INSUFFICIENT,"No licensed point-in-time US daily tape, delist file, corporate-action journal, or historical venue/industry vintages were verified in this environment.",False,,False,False,,,,,,,,,,,,,,,,,,,,,,0,0,,,,,range
industrials__B_confirmed_base_breakout__balanced__long,industrials,,B_confirmed_base_breakout,balanced,long,63,stock,DATA_INSUFFICIENT,"No licensed point-in-time US daily tape, delist file, corporate-action journal, or historical venue/industry vintages were verified in this environment.",False,,False,False,,,,,,,,,,,,,,,,,,,,,,0,0,,,,,bull
industrials__B_confirmed_base_breakout__balanced__long,industrials,,B_confirmed_base_breakout,balanced,long,63,stock,DATA_INSUFFICIENT,"No licensed point-in-time US daily tape, delist file, corporate-action journal, or historical venue/industry vintages were verified in this environment.",False,,False,False,,,,,,,,,,,,,,,,,,,,,,0,0,,,,,bear
industrials__B_confirmed_base_breakout__balanced__long,industrials,,B_confirmed_base_breakout,balanced,long,63,stock,DATA_INSUFFICIENT,"No licensed point-in-time US daily tape, delist file, corporate-action journal, or historical venue/industry vintages were verified in this environment.",False,,False,False,,,,,,,,,,,,,,,,,,,,,,0,0,,,,,range
industrials__B_confirmed_base_breakout__aggressive__short,industrials,,B_confirmed_base_breakout,aggressive,short,5,stock,DATA_INSUFFICIENT,"No licensed point-in-time US daily tape, delist file, corporate-action journal, or historical venue/industry vintages were verified in this environment.",False,,False,False,,,,,,,,,,,,,,,,,,,,,,0,0,,,,,bull
industrials__B_confirmed_base_breakout__aggressive__short,industrials,,B_confirmed_base_breakout,aggressive,short,5,stock,DATA_INSUFFICIENT,"No licensed point-in-time US daily tape, delist file, corporate-action journal, or historical venue/industry vintages were verified in this environment.",False,,False,False,,,,,,,,,,,,,,,,,,,,,,0,0,,,,,bear
industrials__B_confirmed_base_breakout__aggressive__short,industrials,,B_confirmed_base_breakout,aggressive,short,5,stock,DATA_INSUFFICIENT,"No licensed point-in-time US daily tape, delist file, corporate-action journal, or historical venue/industry vintages were verified in this environment.",False,,False,False,,,,,,,,,,,,,,,,,,,,,,0,0,,,,,range
industrials__B_confirmed_base_breakout__aggressive__mid,industrials,,B_confirmed_base_breakout,aggressive,mid,20,stock,DATA_INSUFFICIENT,"No licensed point-in-time US daily tape, delist file, corporate-action journal, or historical venue/industry vintages were verified in this environment.",False,,False,False,,,,,,,,,,,,,,,,,,,,,,0,0,,,,,bull
industrials__B_confirmed_base_breakout__aggressive__mid,industrials,,B_confirmed_base_breakout,aggressive,mid,20,stock,DATA_INSUFFICIENT,"No licensed point-in-time US daily tape, delist file, corporate-action journal, or historical venue/industry vintages were verified in this environment.",False,,False,False,,,,,,,,,,,,,,,,,,,,,,0,0,,,,,bear
industrials__B_confirmed_base_breakout__aggressive__mid,industrials,,B_confirmed_base_breakout,aggressive,mid,20,stock,DATA_INSUFFICIENT,"No licensed point-in-time US daily tape, delist file, corporate-action journal, or historical venue/industry vintages were verified in this environment.",False,,False,False,,,,,,,,,,,,,,,,,,,,,,0,0,,,,,range
industrials__B_confirmed_base_breakout__aggressive__long,industrials,,B_confirmed_base_breakout,aggressive,long,63,stock,DATA_INSUFFICIENT,"No licensed point-in-time US daily tape, delist file, corporate-action journal, or historical venue/industry vintages were verified in this environment.",False,,False,False,,,,,,,,,,,,,,,,,,,,,,0,0,,,,,bull
industrials__B_confirmed_base_breakout__aggressive__long,industrials,,B_confirmed_base_breakout,aggressive,long,63,stock,DATA_INSUFFICIENT,"No licensed point-in-time US daily tape, delist file, corporate-action journal, or historical venue/industry vintages were verified in this environment.",False,,False,False,,,,,,,,,,,,,,,,,,,,,,0,0,,,,,bear
industrials__B_confirmed_base_breakout__aggressive__long,industrials,,B_confirmed_base_breakout,aggressive,long,63,stock,DATA_INSUFFICIENT,"No licensed point-in-time US daily tape, delist file, corporate-action journal, or historical venue/industry vintages were verified in this environment.",False,,False,False,,,,,,,,,,,,,,,,,,,,,,0,0,,,,,range
industrials__C_trend_pullback__conservative__short,industrials,,C_trend_pullback,conservative,short,5,stock,DATA_INSUFFICIENT,"No licensed point-in-time US daily tape, delist file, corporate-action journal, or historical venue/industry vintages were verified in this environment.",False,,False,False,,,,,,,,,,,,,,,,,,,,,,0,0,,,,,bull
industrials__C_trend_pullback__conservative__short,industrials,,C_trend_pullback,conservative,short,5,stock,DATA_INSUFFICIENT,"No licensed point-in-time US daily tape, delist file, corporate-action journal, or historical venue/industry vintages were verified in this environment.",False,,False,False,,,,,,,,,,,,,,,,,,,,,,0,0,,,,,bear
industrials__C_trend_pullback__conservative__short,industrials,,C_trend_pullback,conservative,short,5,stock,DATA_INSUFFICIENT,"No licensed point-in-time US daily tape, delist file, corporate-action journal, or historical venue/industry vintages were verified in this environment.",False,,False,False,,,,,,,,,,,,,,,,,,,,,,0,0,,,,,range
industrials__C_trend_pullback__conservative__mid,industrials,,C_trend_pullback,conservative,mid,20,stock,DATA_INSUFFICIENT,"No licensed point-in-time US daily tape, delist file, corporate-action journal, or historical venue/industry vintages were verified in this environment.",False,,False,False,,,,,,,,,,,,,,,,,,,,,,0,0,,,,,bull
industrials__C_trend_pullback__conservative__mid,industrials,,C_trend_pullback,conservative,mid,20,stock,DATA_INSUFFICIENT,"No licensed point-in-time US daily tape, delist file, corporate-action journal, or historical venue/industry vintages were verified in this environment.",False,,False,False,,,,,,,,,,,,,,,,,,,,,,0,0,,,,,bear
industrials__C_trend_pullback__conservative__mid,industrials,,C_trend_pullback,conservative,mid,20,stock,DATA_INSUFFICIENT,"No licensed point-in-time US daily tape, delist file, corporate-action journal, or historical venue/industry vintages were verified in this environment.",False,,False,False,,,,,,,,,,,,,,,,,,,,,,0,0,,,,,range
industrials__C_trend_pullback__conservative__long,industrials,,C_trend_pullback,conservative,long,63,stock,DATA_INSUFFICIENT,"No licensed point-in-time US daily tape, delist file, corporate-action journal, or historical venue/industry vintages were verified in this environment.",False,,False,False,,,,,,,,,,,,,,,,,,,,,,0,0,,,,,bull
industrials__C_trend_pullback__conservative__long,industrials,,C_trend_pullback,conservative,long,63,stock,DATA_INSUFFICIENT,"No licensed point-in-time US daily tape, delist file, corporate-action journal, or historical venue/industry vintages were verified in this environment.",False,,False,False,,,,,,,,,,,,,,,,,,,,,,0,0,,,,,bear
industrials__C_trend_pullback__conservative__long,industrials,,C_trend_pullback,conservative,long,63,stock,DATA_INSUFFICIENT,"No licensed point-in-time US daily tape, delist file, corporate-action journal, or historical venue/industry vintages were verified in this environment.",False,,False,False,,,,,,,,,,,,,,,,,,,,,,0,0,,,,,range
industrials__C_trend_pullback__balanced__short,industrials,,C_trend_pullback,balanced,short,5,stock,DATA_INSUFFICIENT,"No licensed point-in-time US daily tape, delist file, corporate-action journal, or historical venue/industry vintages were verified in this environment.",False,,False,False,,,,,,,,,,,,,,,,,,,,,,0,0,,,,,bull
industrials__C_trend_pullback__balanced__short,industrials,,C_trend_pullback,balanced,short,5,stock,DATA_INSUFFICIENT,"No licensed point-in-time US daily tape, delist file, corporate-action journal, or historical venue/industry vintages were verified in this environment.",False,,False,False,,,,,,,,,,,,,,,,,,,,,,0,0,,,,,bear
industrials__C_trend_pullback__balanced__short,industrials,,C_trend_pullback,balanced,short,5,stock,DATA_INSUFFICIENT,"No licensed point-in-time US daily tape, delist file, corporate-action journal, or historical venue/industry vintages were verified in this environment.",False,,False,False,,,,,,,,,,,,,,,,,,,,,,0,0,,,,,range
industrials__C_trend_pullback__balanced__mid,industrials,,C_trend_pullback,balanced,mid,20,stock,DATA_INSUFFICIENT,"No licensed point-in-time US daily tape, delist file, corporate-action journal, or historical venue/industry vintages were verified in this environment.",False,,False,False,,,,,,,,,,,,,,,,,,,,,,0,0,,,,,bull
industrials__C_trend_pullback__balanced__mid,industrials,,C_trend_pullback,balanced,mid,20,stock,DATA_INSUFFICIENT,"No licensed point-in-time US daily tape, delist file, corporate-action journal, or historical venue/industry vintages were verified in this environment.",False,,False,False,,,,,,,,,,,,,,,,,,,,,,0,0,,,,,bear
industrials__C_trend_pullback__balanced__mid,industrials,,C_trend_pullback,balanced,mid,20,stock,DATA_INSUFFICIENT,"No licensed point-in-time US daily tape, delist file, corporate-action journal, or historical venue/industry vintages were verified in this environment.",False,,False,False,,,,,,,,,,,,,,,,,,,,,,0,0,,,,,range
industrials__C_trend_pullback__balanced__long,industrials,,C_trend_pullback,balanced,long,63,stock,DATA_INSUFFICIENT,"No licensed point-in-time US daily tape, delist file, corporate-action journal, or historical venue/industry vintages were verified in this environment.",False,,False,False,,,,,,,,,,,,,,,,,,,,,,0,0,,,,,bull
industrials__C_trend_pullback__balanced__long,industrials,,C_trend_pullback,balanced,long,63,stock,DATA_INSUFFICIENT,"No licensed point-in-time US daily tape, delist file, corporate-action journal, or historical venue/industry vintages were verified in this environment.",False,,False,False,,,,,,,,,,,,,,,,,,,,,,0,0,,,,,bear
industrials__C_trend_pullback__balanced__long,industrials,,C_trend_pullback,balanced,long,63,stock,DATA_INSUFFICIENT,"No licensed point-in-time US daily tape, delist file, corporate-action journal, or historical venue/industry vintages were verified in this environment.",False,,False,False,,,,,,,,,,,,,,,,,,,,,,0,0,,,,,range
industrials__C_trend_pullback__aggressive__short,industrials,,C_trend_pullback,aggressive,short,5,stock,DATA_INSUFFICIENT,"No licensed point-in-time US daily tape, delist file, corporate-action journal, or historical venue/industry vintages were verified in this environment.",False,,False,False,,,,,,,,,,,,,,,,,,,,,,0,0,,,,,bull
industrials__C_trend_pullback__aggressive__short,industrials,,C_trend_pullback,aggressive,short,5,stock,DATA_INSUFFICIENT,"No licensed point-in-time US daily tape, delist file, corporate-action journal, or historical venue/industry vintages were verified in this environment.",False,,False,False,,,,,,,,,,,,,,,,,,,,,,0,0,,,,,bear
industrials__C_trend_pullback__aggressive__short,industrials,,C_trend_pullback,aggressive,short,5,stock,DATA_INSUFFICIENT,"No licensed point-in-time US daily tape, delist file, corporate-action journal, or historical venue/industry vintages were verified in this environment.",False,,False,False,,,,,,,,,,,,,,,,,,,,,,0,0,,,,,range
industrials__C_trend_pullback__aggressive__mid,industrials,,C_trend_pullback,aggressive,mid,20,stock,DATA_INSUFFICIENT,"No licensed point-in-time US daily tape, delist file, corporate-action journal, or historical venue/industry vintages were verified in this environment.",False,,False,False,,,,,,,,,,,,,,,,,,,,,,0,0,,,,,bull
industrials__C_trend_pullback__aggressive__mid,industrials,,C_trend_pullback,aggressive,mid,20,stock,DATA_INSUFFICIENT,"No licensed point-in-time US daily tape, delist file, corporate-action journal, or historical venue/industry vintages were verified in this environment.",False,,False,False,,,,,,,,,,,,,,,,,,,,,,0,0,,,,,bear
industrials__C_trend_pullback__aggressive__mid,industrials,,C_trend_pullback,aggressive,mid,20,stock,DATA_INSUFFICIENT,"No licensed point-in-time US daily tape, delist file, corporate-action journal, or historical venue/industry vintages were verified in this environment.",False,,False,False,,,,,,,,,,,,,,,,,,,,,,0,0,,,,,range
industrials__C_trend_pullback__aggressive__long,industrials,,C_trend_pullback,aggressive,long,63,stock,DATA_INSUFFICIENT,"No licensed point-in-time US daily tape, delist file, corporate-action journal, or historical venue/industry vintages were verified in this environment.",False,,False,False,,,,,,,,,,,,,,,,,,,,,,0,0,,,,,bull
industrials__C_trend_pullback__aggressive__long,industrials,,C_trend_pullback,aggressive,long,63,stock,DATA_INSUFFICIENT,"No licensed point-in-time US daily tape, delist file, corporate-action journal, or historical venue/industry vintages were verified in this environment.",False,,False,False,,,,,,,,,,,,,,,,,,,,,,0,0,,,,,bear
industrials__C_trend_pullback__aggressive__long,industrials,,C_trend_pullback,aggressive,long,63,stock,DATA_INSUFFICIENT,"No licensed point-in-time US daily tape, delist file, corporate-action journal, or historical venue/industry vintages were verified in this environment.",False,,False,False,,,,,,,,,,,,,,,,,,,,,,0,0,,,,,range
industrials__D_residual_momentum__conservative__short,industrials,,D_residual_momentum,conservative,short,5,stock,DATA_INSUFFICIENT,"No licensed point-in-time US daily tape, delist file, corporate-action journal, or historical venue/industry vintages were verified in this environment.",False,,False,False,,,,,,,,,,,,,,,,,,,,,,0,0,,,,,bull
industrials__D_residual_momentum__conservative__short,industrials,,D_residual_momentum,conservative,short,5,stock,DATA_INSUFFICIENT,"No licensed point-in-time US daily tape, delist file, corporate-action journal, or historical venue/industry vintages were verified in this environment.",False,,False,False,,,,,,,,,,,,,,,,,,,,,,0,0,,,,,bear
industrials__D_residual_momentum__conservative__short,industrials,,D_residual_momentum,conservative,short,5,stock,DATA_INSUFFICIENT,"No licensed point-in-time US daily tape, delist file, corporate-action journal, or historical venue/industry vintages were verified in this environment.",False,,False,False,,,,,,,,,,,,,,,,,,,,,,0,0,,,,,range
industrials__D_residual_momentum__conservative__mid,industrials,,D_residual_momentum,conservative,mid,20,stock,DATA_INSUFFICIENT,"No licensed point-in-time US daily tape, delist file, corporate-action journal, or historical venue/industry vintages were verified in this environment.",False,,False,False,,,,,,,,,,,,,,,,,,,,,,0,0,,,,,bull
industrials__D_residual_momentum__conservative__mid,industrials,,D_residual_momentum,conservative,mid,20,stock,DATA_INSUFFICIENT,"No licensed point-in-time US daily tape, delist file, corporate-action journal, or historical venue/industry vintages were verified in this environment.",False,,False,False,,,,,,,,,,,,,,,,,,,,,,0,0,,,,,bear
industrials__D_residual_momentum__conservative__mid,industrials,,D_residual_momentum,conservative,mid,20,stock,DATA_INSUFFICIENT,"No licensed point-in-time US daily tape, delist file, corporate-action journal, or historical venue/industry vintages were verified in this environment.",False,,False,False,,,,,,,,,,,,,,,,,,,,,,0,0,,,,,range
industrials__D_residual_momentum__conservative__long,industrials,,D_residual_momentum,conservative,long,63,stock,DATA_INSUFFICIENT,"No licensed point-in-time US daily tape, delist file, corporate-action journal, or historical venue/industry vintages were verified in this environment.",False,,False,False,,,,,,,,,,,,,,,,,,,,,,0,0,,,,,bull
industrials__D_residual_momentum__conservative__long,industrials,,D_residual_momentum,conservative,long,63,stock,DATA_INSUFFICIENT,"No licensed point-in-time US daily tape, delist file, corporate-action journal, or historical venue/industry vintages were verified in this environment.",False,,False,False,,,,,,,,,,,,,,,,,,,,,,0,0,,,,,bear
industrials__D_residual_momentum__conservative__long,industrials,,D_residual_momentum,conservative,long,63,stock,DATA_INSUFFICIENT,"No licensed point-in-time US daily tape, delist file, corporate-action journal, or historical venue/industry vintages were verified in this environment.",False,,False,False,,,,,,,,,,,,,,,,,,,,,,0,0,,,,,range
industrials__D_residual_momentum__balanced__short,industrials,,D_residual_momentum,balanced,short,5,stock,DATA_INSUFFICIENT,"No licensed point-in-time US daily tape, delist file, corporate-action journal, or historical venue/industry vintages were verified in this environment.",False,,False,False,,,,,,,,,,,,,,,,,,,,,,0,0,,,,,bull
industrials__D_residual_momentum__balanced__short,industrials,,D_residual_momentum,balanced,short,5,stock,DATA_INSUFFICIENT,"No licensed point-in-time US daily tape, delist file, corporate-action journal, or historical venue/industry vintages were verified in this environment.",False,,False,False,,,,,,,,,,,,,,,,,,,,,,0,0,,,,,bear
industrials__D_residual_momentum__balanced__short,industrials,,D_residual_momentum,balanced,short,5,stock,DATA_INSUFFICIENT,"No licensed point-in-time US daily tape, delist file, corporate-action journal, or historical venue/industry vintages were verified in this environment.",False,,False,False,,,,,,,,,,,,,,,,,,,,,,0,0,,,,,range
industrials__D_residual_momentum__balanced__mid,industrials,,D_residual_momentum,balanced,mid,20,stock,DATA_INSUFFICIENT,"No licensed point-in-time US daily tape, delist file, corporate-action journal, or historical venue/industry vintages were verified in this environment.",False,,False,False,,,,,,,,,,,,,,,,,,,,,,0,0,,,,,bull
industrials__D_residual_momentum__balanced__mid,industrials,,D_residual_momentum,balanced,mid,20,stock,DATA_INSUFFICIENT,"No licensed point-in-time US daily tape, delist file, corporate-action journal, or historical venue/industry vintages were verified in this environment.",False,,False,False,,,,,,,,,,,,,,,,,,,,,,0,0,,,,,bear
industrials__D_residual_momentum__balanced__mid,industrials,,D_residual_momentum,balanced,mid,20,stock,DATA_INSUFFICIENT,"No licensed point-in-time US daily tape, delist file, corporate-action journal, or historical venue/industry vintages were verified in this environment.",False,,False,False,,,,,,,,,,,,,,,,,,,,,,0,0,,,,,range
industrials__D_residual_momentum__balanced__long,industrials,,D_residual_momentum,balanced,long,63,stock,DATA_INSUFFICIENT,"No licensed point-in-time US daily tape, delist file, corporate-action journal, or historical venue/industry vintages were verified in this environment.",False,,False,False,,,,,,,,,,,,,,,,,,,,,,0,0,,,,,bull
industrials__D_residual_momentum__balanced__long,industrials,,D_residual_momentum,balanced,long,63,stock,DATA_INSUFFICIENT,"No licensed point-in-time US daily tape, delist file, corporate-action journal, or historical venue/industry vintages were verified in this environment.",False,,False,False,,,,,,,,,,,,,,,,,,,,,,0,0,,,,,bear
industrials__D_residual_momentum__balanced__long,industrials,,D_residual_momentum,balanced,long,63,stock,DATA_INSUFFICIENT,"No licensed point-in-time US daily tape, delist file, corporate-action journal, or historical venue/industry vintages were verified in this environment.",False,,False,False,,,,,,,,,,,,,,,,,,,,,,0,0,,,,,range
industrials__D_residual_momentum__aggressive__short,industrials,,D_residual_momentum,aggressive,short,5,stock,DATA_INSUFFICIENT,"No licensed point-in-time US daily tape, delist file, corporate-action journal, or historical venue/industry vintages were verified in this environment.",False,,False,False,,,,,,,,,,,,,,,,,,,,,,0,0,,,,,bull
industrials__D_residual_momentum__aggressive__short,industrials,,D_residual_momentum,aggressive,short,5,stock,DATA_INSUFFICIENT,"No licensed point-in-time US daily tape, delist file, corporate-action journal, or historical venue/industry vintages were verified in this environment.",False,,False,False,,,,,,,,,,,,,,,,,,,,,,0,0,,,,,bear
industrials__D_residual_momentum__aggressive__short,industrials,,D_residual_momentum,aggressive,short,5,stock,DATA_INSUFFICIENT,"No licensed point-in-time US daily tape, delist file, corporate-action journal, or historical venue/industry vintages were verified in this environment.",False,,False,False,,,,,,,,,,,,,,,,,,,,,,0,0,,,,,range
industrials__D_residual_momentum__aggressive__mid,industrials,,D_residual_momentum,aggressive,mid,20,stock,DATA_INSUFFICIENT,"No licensed point-in-time US daily tape, delist file, corporate-action journal, or historical venue/industry vintages were verified in this environment.",False,,False,False,,,,,,,,,,,,,,,,,,,,,,0,0,,,,,bull
industrials__D_residual_momentum__aggressive__mid,industrials,,D_residual_momentum,aggressive,mid,20,stock,DATA_INSUFFICIENT,"No licensed point-in-time US daily tape, delist file, corporate-action journal, or historical venue/industry vintages were verified in this environment.",False,,False,False,,,,,,,,,,,,,,,,,,,,,,0,0,,,,,bear
industrials__D_residual_momentum__aggressive__mid,industrials,,D_residual_momentum,aggressive,mid,20,stock,DATA_INSUFFICIENT,"No licensed point-in-time US daily tape, delist file, corporate-action journal, or historical venue/industry vintages were verified in this environment.",False,,False,False,,,,,,,,,,,,,,,,,,,,,,0,0,,,,,range
industrials__D_residual_momentum__aggressive__long,industrials,,D_residual_momentum,aggressive,long,63,stock,DATA_INSUFFICIENT,"No licensed point-in-time US daily tape, delist file, corporate-action journal, or historical venue/industry vintages were verified in this environment.",False,,False,False,,,,,,,,,,,,,,,,,,,,,,0,0,,,,,bull
industrials__D_residual_momentum__aggressive__long,industrials,,D_residual_momentum,aggressive,long,63,stock,DATA_INSUFFICIENT,"No licensed point-in-time US daily tape, delist file, corporate-action journal, or historical venue/industry vintages were verified in this environment.",False,,False,False,,,,,,,,,,,,,,,,,,,,,,0,0,,,,,bear
industrials__D_residual_momentum__aggressive__long,industrials,,D_residual_momentum,aggressive,long,63,stock,DATA_INSUFFICIENT,"No licensed point-in-time US daily tape, delist file, corporate-action journal, or historical venue/industry vintages were verified in this environment.",False,,False,False,,,,,,,,,,,,,,,,,,,,,,0,0,,,,,range
etfs__A_trend_quality__conservative__short,etfs,,A_trend_quality,conservative,short,5,etf,DATA_INSUFFICIENT,"No licensed point-in-time US daily tape, delist file, corporate-action journal, or historical venue/industry vintages were verified in this environment.",False,,False,False,,,,,,,,,,,,,,,,,,,,,,0,0,,,,,bull
etfs__A_trend_quality__conservative__short,etfs,,A_trend_quality,conservative,short,5,etf,DATA_INSUFFICIENT,"No licensed point-in-time US daily tape, delist file, corporate-action journal, or historical venue/industry vintages were verified in this environment.",False,,False,False,,,,,,,,,,,,,,,,,,,,,,0,0,,,,,bear
etfs__A_trend_quality__conservative__short,etfs,,A_trend_quality,conservative,short,5,etf,DATA_INSUFFICIENT,"No licensed point-in-time US daily tape, delist file, corporate-action journal, or historical venue/industry vintages were verified in this environment.",False,,False,False,,,,,,,,,,,,,,,,,,,,,,0,0,,,,,range
etfs__A_trend_quality__conservative__mid,etfs,,A_trend_quality,conservative,mid,20,etf,DATA_INSUFFICIENT,"No licensed point-in-time US daily tape, delist file, corporate-action journal, or historical venue/industry vintages were verified in this environment.",False,,False,False,,,,,,,,,,,,,,,,,,,,,,0,0,,,,,bull
etfs__A_trend_quality__conservative__mid,etfs,,A_trend_quality,conservative,mid,20,etf,DATA_INSUFFICIENT,"No licensed point-in-time US daily tape, delist file, corporate-action journal, or historical venue/industry vintages were verified in this environment.",False,,False,False,,,,,,,,,,,,,,,,,,,,,,0,0,,,,,bear
etfs__A_trend_quality__conservative__mid,etfs,,A_trend_quality,conservative,mid,20,etf,DATA_INSUFFICIENT,"No licensed point-in-time US daily tape, delist file, corporate-action journal, or historical venue/industry vintages were verified in this environment.",False,,False,False,,,,,,,,,,,,,,,,,,,,,,0,0,,,,,range
etfs__A_trend_quality__conservative__long,etfs,,A_trend_quality,conservative,long,63,etf,DATA_INSUFFICIENT,"No licensed point-in-time US daily tape, delist file, corporate-action journal, or historical venue/industry vintages were verified in this environment.",False,,False,False,,,,,,,,,,,,,,,,,,,,,,0,0,,,,,bull
etfs__A_trend_quality__conservative__long,etfs,,A_trend_quality,conservative,long,63,etf,DATA_INSUFFICIENT,"No licensed point-in-time US daily tape, delist file, corporate-action journal, or historical venue/industry vintages were verified in this environment.",False,,False,False,,,,,,,,,,,,,,,,,,,,,,0,0,,,,,bear
etfs__A_trend_quality__conservative__long,etfs,,A_trend_quality,conservative,long,63,etf,DATA_INSUFFICIENT,"No licensed point-in-time US daily tape, delist file, corporate-action journal, or historical venue/industry vintages were verified in this environment.",False,,False,False,,,,,,,,,,,,,,,,,,,,,,0,0,,,,,range
etfs__A_trend_quality__balanced__short,etfs,,A_trend_quality,balanced,short,5,etf,DATA_INSUFFICIENT,"No licensed point-in-time US daily tape, delist file, corporate-action journal, or historical venue/industry vintages were verified in this environment.",False,,False,False,,,,,,,,,,,,,,,,,,,,,,0,0,,,,,bull
etfs__A_trend_quality__balanced__short,etfs,,A_trend_quality,balanced,short,5,etf,DATA_INSUFFICIENT,"No licensed point-in-time US daily tape, delist file, corporate-action journal, or historical venue/industry vintages were verified in this environment.",False,,False,False,,,,,,,,,,,,,,,,,,,,,,0,0,,,,,bear
etfs__A_trend_quality__balanced__short,etfs,,A_trend_quality,balanced,short,5,etf,DATA_INSUFFICIENT,"No licensed point-in-time US daily tape, delist file, corporate-action journal, or historical venue/industry vintages were verified in this environment.",False,,False,False,,,,,,,,,,,,,,,,,,,,,,0,0,,,,,range
etfs__A_trend_quality__balanced__mid,etfs,,A_trend_quality,balanced,mid,20,etf,DATA_INSUFFICIENT,"No licensed point-in-time US daily tape, delist file, corporate-action journal, or historical venue/industry vintages were verified in this environment.",False,,False,False,,,,,,,,,,,,,,,,,,,,,,0,0,,,,,bull
etfs__A_trend_quality__balanced__mid,etfs,,A_trend_quality,balanced,mid,20,etf,DATA_INSUFFICIENT,"No licensed point-in-time US daily tape, delist file, corporate-action journal, or historical venue/industry vintages were verified in this environment.",False,,False,False,,,,,,,,,,,,,,,,,,,,,,0,0,,,,,bear
etfs__A_trend_quality__balanced__mid,etfs,,A_trend_quality,balanced,mid,20,etf,DATA_INSUFFICIENT,"No licensed point-in-time US daily tape, delist file, corporate-action journal, or historical venue/industry vintages were verified in this environment.",False,,False,False,,,,,,,,,,,,,,,,,,,,,,0,0,,,,,range
etfs__A_trend_quality__balanced__long,etfs,,A_trend_quality,balanced,long,63,etf,DATA_INSUFFICIENT,"No licensed point-in-time US daily tape, delist file, corporate-action journal, or historical venue/industry vintages were verified in this environment.",False,,False,False,,,,,,,,,,,,,,,,,,,,,,0,0,,,,,bull
etfs__A_trend_quality__balanced__long,etfs,,A_trend_quality,balanced,long,63,etf,DATA_INSUFFICIENT,"No licensed point-in-time US daily tape, delist file, corporate-action journal, or historical venue/industry vintages were verified in this environment.",False,,False,False,,,,,,,,,,,,,,,,,,,,,,0,0,,,,,bear
etfs__A_trend_quality__balanced__long,etfs,,A_trend_quality,balanced,long,63,etf,DATA_INSUFFICIENT,"No licensed point-in-time US daily tape, delist file, corporate-action journal, or historical venue/industry vintages were verified in this environment.",False,,False,False,,,,,,,,,,,,,,,,,,,,,,0,0,,,,,range
etfs__A_trend_quality__aggressive__short,etfs,,A_trend_quality,aggressive,short,5,etf,DATA_INSUFFICIENT,"No licensed point-in-time US daily tape, delist file, corporate-action journal, or historical venue/industry vintages were verified in this environment.",False,,False,False,,,,,,,,,,,,,,,,,,,,,,0,0,,,,,bull
etfs__A_trend_quality__aggressive__short,etfs,,A_trend_quality,aggressive,short,5,etf,DATA_INSUFFICIENT,"No licensed point-in-time US daily tape, delist file, corporate-action journal, or historical venue/industry vintages were verified in this environment.",False,,False,False,,,,,,,,,,,,,,,,,,,,,,0,0,,,,,bear
etfs__A_trend_quality__aggressive__short,etfs,,A_trend_quality,aggressive,short,5,etf,DATA_INSUFFICIENT,"No licensed point-in-time US daily tape, delist file, corporate-action journal, or historical venue/industry vintages were verified in this environment.",False,,False,False,,,,,,,,,,,,,,,,,,,,,,0,0,,,,,range
etfs__A_trend_quality__aggressive__mid,etfs,,A_trend_quality,aggressive,mid,20,etf,DATA_INSUFFICIENT,"No licensed point-in-time US daily tape, delist file, corporate-action journal, or historical venue/industry vintages were verified in this environment.",False,,False,False,,,,,,,,,,,,,,,,,,,,,,0,0,,,,,bull
etfs__A_trend_quality__aggressive__mid,etfs,,A_trend_quality,aggressive,mid,20,etf,DATA_INSUFFICIENT,"No licensed point-in-time US daily tape, delist file, corporate-action journal, or historical venue/industry vintages were verified in this environment.",False,,False,False,,,,,,,,,,,,,,,,,,,,,,0,0,,,,,bear
etfs__A_trend_quality__aggressive__mid,etfs,,A_trend_quality,aggressive,mid,20,etf,DATA_INSUFFICIENT,"No licensed point-in-time US daily tape, delist file, corporate-action journal, or historical venue/industry vintages were verified in this environment.",False,,False,False,,,,,,,,,,,,,,,,,,,,,,0,0,,,,,range
etfs__A_trend_quality__aggressive__long,etfs,,A_trend_quality,aggressive,long,63,etf,DATA_INSUFFICIENT,"No licensed point-in-time US daily tape, delist file, corporate-action journal, or historical venue/industry vintages were verified in this environment.",False,,False,False,,,,,,,,,,,,,,,,,,,,,,0,0,,,,,bull
etfs__A_trend_quality__aggressive__long,etfs,,A_trend_quality,aggressive,long,63,etf,DATA_INSUFFICIENT,"No licensed point-in-time US daily tape, delist file, corporate-action journal, or historical venue/industry vintages were verified in this environment.",False,,False,False,,,,,,,,,,,,,,,,,,,,,,0,0,,,,,bear
etfs__A_trend_quality__aggressive__long,etfs,,A_trend_quality,aggressive,long,63,etf,DATA_INSUFFICIENT,"No licensed point-in-time US daily tape, delist file, corporate-action journal, or historical venue/industry vintages were verified in this environment.",False,,False,False,,,,,,,,,,,,,,,,,,,,,,0,0,,,,,range
etfs__B_confirmed_base_breakout__conservative__short,etfs,,B_confirmed_base_breakout,conservative,short,5,etf,DATA_INSUFFICIENT,"No licensed point-in-time US daily tape, delist file, corporate-action journal, or historical venue/industry vintages were verified in this environment.",False,,False,False,,,,,,,,,,,,,,,,,,,,,,0,0,,,,,bull
etfs__B_confirmed_base_breakout__conservative__short,etfs,,B_confirmed_base_breakout,conservative,short,5,etf,DATA_INSUFFICIENT,"No licensed point-in-time US daily tape, delist file, corporate-action journal, or historical venue/industry vintages were verified in this environment.",False,,False,False,,,,,,,,,,,,,,,,,,,,,,0,0,,,,,bear
etfs__B_confirmed_base_breakout__conservative__short,etfs,,B_confirmed_base_breakout,conservative,short,5,etf,DATA_INSUFFICIENT,"No licensed point-in-time US daily tape, delist file, corporate-action journal, or historical venue/industry vintages were verified in this environment.",False,,False,False,,,,,,,,,,,,,,,,,,,,,,0,0,,,,,range
etfs__B_confirmed_base_breakout__conservative__mid,etfs,,B_confirmed_base_breakout,conservative,mid,20,etf,DATA_INSUFFICIENT,"No licensed point-in-time US daily tape, delist file, corporate-action journal, or historical venue/industry vintages were verified in this environment.",False,,False,False,,,,,,,,,,,,,,,,,,,,,,0,0,,,,,bull
etfs__B_confirmed_base_breakout__conservative__mid,etfs,,B_confirmed_base_breakout,conservative,mid,20,etf,DATA_INSUFFICIENT,"No licensed point-in-time US daily tape, delist file, corporate-action journal, or historical venue/industry vintages were verified in this environment.",False,,False,False,,,,,,,,,,,,,,,,,,,,,,0,0,,,,,bear
etfs__B_confirmed_base_breakout__conservative__mid,etfs,,B_confirmed_base_breakout,conservative,mid,20,etf,DATA_INSUFFICIENT,"No licensed point-in-time US daily tape, delist file, corporate-action journal, or historical venue/industry vintages were verified in this environment.",False,,False,False,,,,,,,,,,,,,,,,,,,,,,0,0,,,,,range
etfs__B_confirmed_base_breakout__conservative__long,etfs,,B_confirmed_base_breakout,conservative,long,63,etf,DATA_INSUFFICIENT,"No licensed point-in-time US daily tape, delist file, corporate-action journal, or historical venue/industry vintages were verified in this environment.",False,,False,False,,,,,,,,,,,,,,,,,,,,,,0,0,,,,,bull
etfs__B_confirmed_base_breakout__conservative__long,etfs,,B_confirmed_base_breakout,conservative,long,63,etf,DATA_INSUFFICIENT,"No licensed point-in-time US daily tape, delist file, corporate-action journal, or historical venue/industry vintages were verified in this environment.",False,,False,False,,,,,,,,,,,,,,,,,,,,,,0,0,,,,,bear
etfs__B_confirmed_base_breakout__conservative__long,etfs,,B_confirmed_base_breakout,conservative,long,63,etf,DATA_INSUFFICIENT,"No licensed point-in-time US daily tape, delist file, corporate-action journal, or historical venue/industry vintages were verified in this environment.",False,,False,False,,,,,,,,,,,,,,,,,,,,,,0,0,,,,,range
etfs__B_confirmed_base_breakout__balanced__short,etfs,,B_confirmed_base_breakout,balanced,short,5,etf,DATA_INSUFFICIENT,"No licensed point-in-time US daily tape, delist file, corporate-action journal, or historical venue/industry vintages were verified in this environment.",False,,False,False,,,,,,,,,,,,,,,,,,,,,,0,0,,,,,bull
etfs__B_confirmed_base_breakout__balanced__short,etfs,,B_confirmed_base_breakout,balanced,short,5,etf,DATA_INSUFFICIENT,"No licensed point-in-time US daily tape, delist file, corporate-action journal, or historical venue/industry vintages were verified in this environment.",False,,False,False,,,,,,,,,,,,,,,,,,,,,,0,0,,,,,bear
etfs__B_confirmed_base_breakout__balanced__short,etfs,,B_confirmed_base_breakout,balanced,short,5,etf,DATA_INSUFFICIENT,"No licensed point-in-time US daily tape, delist file, corporate-action journal, or historical venue/industry vintages were verified in this environment.",False,,False,False,,,,,,,,,,,,,,,,,,,,,,0,0,,,,,range
etfs__B_confirmed_base_breakout__balanced__mid,etfs,,B_confirmed_base_breakout,balanced,mid,20,etf,DATA_INSUFFICIENT,"No licensed point-in-time US daily tape, delist file, corporate-action journal, or historical venue/industry vintages were verified in this environment.",False,,False,False,,,,,,,,,,,,,,,,,,,,,,0,0,,,,,bull
etfs__B_confirmed_base_breakout__balanced__mid,etfs,,B_confirmed_base_breakout,balanced,mid,20,etf,DATA_INSUFFICIENT,"No licensed point-in-time US daily tape, delist file, corporate-action journal, or historical venue/industry vintages were verified in this environment.",False,,False,False,,,,,,,,,,,,,,,,,,,,,,0,0,,,,,bear
etfs__B_confirmed_base_breakout__balanced__mid,etfs,,B_confirmed_base_breakout,balanced,mid,20,etf,DATA_INSUFFICIENT,"No licensed point-in-time US daily tape, delist file, corporate-action journal, or historical venue/industry vintages were verified in this environment.",False,,False,False,,,,,,,,,,,,,,,,,,,,,,0,0,,,,,range
etfs__B_confirmed_base_breakout__balanced__long,etfs,,B_confirmed_base_breakout,balanced,long,63,etf,DATA_INSUFFICIENT,"No licensed point-in-time US daily tape, delist file, corporate-action journal, or historical venue/industry vintages were verified in this environment.",False,,False,False,,,,,,,,,,,,,,,,,,,,,,0,0,,,,,bull
etfs__B_confirmed_base_breakout__balanced__long,etfs,,B_confirmed_base_breakout,balanced,long,63,etf,DATA_INSUFFICIENT,"No licensed point-in-time US daily tape, delist file, corporate-action journal, or historical venue/industry vintages were verified in this environment.",False,,False,False,,,,,,,,,,,,,,,,,,,,,,0,0,,,,,bear
etfs__B_confirmed_base_breakout__balanced__long,etfs,,B_confirmed_base_breakout,balanced,long,63,etf,DATA_INSUFFICIENT,"No licensed point-in-time US daily tape, delist file, corporate-action journal, or historical venue/industry vintages were verified in this environment.",False,,False,False,,,,,,,,,,,,,,,,,,,,,,0,0,,,,,range
etfs__B_confirmed_base_breakout__aggressive__short,etfs,,B_confirmed_base_breakout,aggressive,short,5,etf,DATA_INSUFFICIENT,"No licensed point-in-time US daily tape, delist file, corporate-action journal, or historical venue/industry vintages were verified in this environment.",False,,False,False,,,,,,,,,,,,,,,,,,,,,,0,0,,,,,bull
etfs__B_confirmed_base_breakout__aggressive__short,etfs,,B_confirmed_base_breakout,aggressive,short,5,etf,DATA_INSUFFICIENT,"No licensed point-in-time US daily tape, delist file, corporate-action journal, or historical venue/industry vintages were verified in this environment.",False,,False,False,,,,,,,,,,,,,,,,,,,,,,0,0,,,,,bear
etfs__B_confirmed_base_breakout__aggressive__short,etfs,,B_confirmed_base_breakout,aggressive,short,5,etf,DATA_INSUFFICIENT,"No licensed point-in-time US daily tape, delist file, corporate-action journal, or historical venue/industry vintages were verified in this environment.",False,,False,False,,,,,,,,,,,,,,,,,,,,,,0,0,,,,,range
etfs__B_confirmed_base_breakout__aggressive__mid,etfs,,B_confirmed_base_breakout,aggressive,mid,20,etf,DATA_INSUFFICIENT,"No licensed point-in-time US daily tape, delist file, corporate-action journal, or historical venue/industry vintages were verified in this environment.",False,,False,False,,,,,,,,,,,,,,,,,,,,,,0,0,,,,,bull
etfs__B_confirmed_base_breakout__aggressive__mid,etfs,,B_confirmed_base_breakout,aggressive,mid,20,etf,DATA_INSUFFICIENT,"No licensed point-in-time US daily tape, delist file, corporate-action journal, or historical venue/industry vintages were verified in this environment.",False,,False,False,,,,,,,,,,,,,,,,,,,,,,0,0,,,,,bear
etfs__B_confirmed_base_breakout__aggressive__mid,etfs,,B_confirmed_base_breakout,aggressive,mid,20,etf,DATA_INSUFFICIENT,"No licensed point-in-time US daily tape, delist file, corporate-action journal, or historical venue/industry vintages were verified in this environment.",False,,False,False,,,,,,,,,,,,,,,,,,,,,,0,0,,,,,range
etfs__B_confirmed_base_breakout__aggressive__long,etfs,,B_confirmed_base_breakout,aggressive,long,63,etf,DATA_INSUFFICIENT,"No licensed point-in-time US daily tape, delist file, corporate-action journal, or historical venue/industry vintages were verified in this environment.",False,,False,False,,,,,,,,,,,,,,,,,,,,,,0,0,,,,,bull
etfs__B_confirmed_base_breakout__aggressive__long,etfs,,B_confirmed_base_breakout,aggressive,long,63,etf,DATA_INSUFFICIENT,"No licensed point-in-time US daily tape, delist file, corporate-action journal, or historical venue/industry vintages were verified in this environment.",False,,False,False,,,,,,,,,,,,,,,,,,,,,,0,0,,,,,bear
etfs__B_confirmed_base_breakout__aggressive__long,etfs,,B_confirmed_base_breakout,aggressive,long,63,etf,DATA_INSUFFICIENT,"No licensed point-in-time US daily tape, delist file, corporate-action journal, or historical venue/industry vintages were verified in this environment.",False,,False,False,,,,,,,,,,,,,,,,,,,,,,0,0,,,,,range
etfs__C_trend_pullback__conservative__short,etfs,,C_trend_pullback,conservative,short,5,etf,DATA_INSUFFICIENT,"No licensed point-in-time US daily tape, delist file, corporate-action journal, or historical venue/industry vintages were verified in this environment.",False,,False,False,,,,,,,,,,,,,,,,,,,,,,0,0,,,,,bull
etfs__C_trend_pullback__conservative__short,etfs,,C_trend_pullback,conservative,short,5,etf,DATA_INSUFFICIENT,"No licensed point-in-time US daily tape, delist file, corporate-action journal, or historical venue/industry vintages were verified in this environment.",False,,False,False,,,,,,,,,,,,,,,,,,,,,,0,0,,,,,bear
etfs__C_trend_pullback__conservative__short,etfs,,C_trend_pullback,conservative,short,5,etf,DATA_INSUFFICIENT,"No licensed point-in-time US daily tape, delist file, corporate-action journal, or historical venue/industry vintages were verified in this environment.",False,,False,False,,,,,,,,,,,,,,,,,,,,,,0,0,,,,,range
etfs__C_trend_pullback__conservative__mid,etfs,,C_trend_pullback,conservative,mid,20,etf,DATA_INSUFFICIENT,"No licensed point-in-time US daily tape, delist file, corporate-action journal, or historical venue/industry vintages were verified in this environment.",False,,False,False,,,,,,,,,,,,,,,,,,,,,,0,0,,,,,bull
etfs__C_trend_pullback__conservative__mid,etfs,,C_trend_pullback,conservative,mid,20,etf,DATA_INSUFFICIENT,"No licensed point-in-time US daily tape, delist file, corporate-action journal, or historical venue/industry vintages were verified in this environment.",False,,False,False,,,,,,,,,,,,,,,,,,,,,,0,0,,,,,bear
etfs__C_trend_pullback__conservative__mid,etfs,,C_trend_pullback,conservative,mid,20,etf,DATA_INSUFFICIENT,"No licensed point-in-time US daily tape, delist file, corporate-action journal, or historical venue/industry vintages were verified in this environment.",False,,False,False,,,,,,,,,,,,,,,,,,,,,,0,0,,,,,range
etfs__C_trend_pullback__conservative__long,etfs,,C_trend_pullback,conservative,long,63,etf,DATA_INSUFFICIENT,"No licensed point-in-time US daily tape, delist file, corporate-action journal, or historical venue/industry vintages were verified in this environment.",False,,False,False,,,,,,,,,,,,,,,,,,,,,,0,0,,,,,bull
etfs__C_trend_pullback__conservative__long,etfs,,C_trend_pullback,conservative,long,63,etf,DATA_INSUFFICIENT,"No licensed point-in-time US daily tape, delist file, corporate-action journal, or historical venue/industry vintages were verified in this environment.",False,,False,False,,,,,,,,,,,,,,,,,,,,,,0,0,,,,,bear
etfs__C_trend_pullback__conservative__long,etfs,,C_trend_pullback,conservative,long,63,etf,DATA_INSUFFICIENT,"No licensed point-in-time US daily tape, delist file, corporate-action journal, or historical venue/industry vintages were verified in this environment.",False,,False,False,,,,,,,,,,,,,,,,,,,,,,0,0,,,,,range
etfs__C_trend_pullback__balanced__short,etfs,,C_trend_pullback,balanced,short,5,etf,DATA_INSUFFICIENT,"No licensed point-in-time US daily tape, delist file, corporate-action journal, or historical venue/industry vintages were verified in this environment.",False,,False,False,,,,,,,,,,,,,,,,,,,,,,0,0,,,,,bull
etfs__C_trend_pullback__balanced__short,etfs,,C_trend_pullback,balanced,short,5,etf,DATA_INSUFFICIENT,"No licensed point-in-time US daily tape, delist file, corporate-action journal, or historical venue/industry vintages were verified in this environment.",False,,False,False,,,,,,,,,,,,,,,,,,,,,,0,0,,,,,bear
etfs__C_trend_pullback__balanced__short,etfs,,C_trend_pullback,balanced,short,5,etf,DATA_INSUFFICIENT,"No licensed point-in-time US daily tape, delist file, corporate-action journal, or historical venue/industry vintages were verified in this environment.",False,,False,False,,,,,,,,,,,,,,,,,,,,,,0,0,,,,,range
etfs__C_trend_pullback__balanced__mid,etfs,,C_trend_pullback,balanced,mid,20,etf,DATA_INSUFFICIENT,"No licensed point-in-time US daily tape, delist file, corporate-action journal, or historical venue/industry vintages were verified in this environment.",False,,False,False,,,,,,,,,,,,,,,,,,,,,,0,0,,,,,bull
etfs__C_trend_pullback__balanced__mid,etfs,,C_trend_pullback,balanced,mid,20,etf,DATA_INSUFFICIENT,"No licensed point-in-time US daily tape, delist file, corporate-action journal, or historical venue/industry vintages were verified in this environment.",False,,False,False,,,,,,,,,,,,,,,,,,,,,,0,0,,,,,bear
etfs__C_trend_pullback__balanced__mid,etfs,,C_trend_pullback,balanced,mid,20,etf,DATA_INSUFFICIENT,"No licensed point-in-time US daily tape, delist file, corporate-action journal, or historical venue/industry vintages were verified in this environment.",False,,False,False,,,,,,,,,,,,,,,,,,,,,,0,0,,,,,range
etfs__C_trend_pullback__balanced__long,etfs,,C_trend_pullback,balanced,long,63,etf,DATA_INSUFFICIENT,"No licensed point-in-time US daily tape, delist file, corporate-action journal, or historical venue/industry vintages were verified in this environment.",False,,False,False,,,,,,,,,,,,,,,,,,,,,,0,0,,,,,bull
etfs__C_trend_pullback__balanced__long,etfs,,C_trend_pullback,balanced,long,63,etf,DATA_INSUFFICIENT,"No licensed point-in-time US daily tape, delist file, corporate-action journal, or historical venue/industry vintages were verified in this environment.",False,,False,False,,,,,,,,,,,,,,,,,,,,,,0,0,,,,,bear
etfs__C_trend_pullback__balanced__long,etfs,,C_trend_pullback,balanced,long,63,etf,DATA_INSUFFICIENT,"No licensed point-in-time US daily tape, delist file, corporate-action journal, or historical venue/industry vintages were verified in this environment.",False,,False,False,,,,,,,,,,,,,,,,,,,,,,0,0,,,,,range
etfs__C_trend_pullback__aggressive__short,etfs,,C_trend_pullback,aggressive,short,5,etf,DATA_INSUFFICIENT,"No licensed point-in-time US daily tape, delist file, corporate-action journal, or historical venue/industry vintages were verified in this environment.",False,,False,False,,,,,,,,,,,,,,,,,,,,,,0,0,,,,,bull
etfs__C_trend_pullback__aggressive__short,etfs,,C_trend_pullback,aggressive,short,5,etf,DATA_INSUFFICIENT,"No licensed point-in-time US daily tape, delist file, corporate-action journal, or historical venue/industry vintages were verified in this environment.",False,,False,False,,,,,,,,,,,,,,,,,,,,,,0,0,,,,,bear
etfs__C_trend_pullback__aggressive__short,etfs,,C_trend_pullback,aggressive,short,5,etf,DATA_INSUFFICIENT,"No licensed point-in-time US daily tape, delist file, corporate-action journal, or historical venue/industry vintages were verified in this environment.",False,,False,False,,,,,,,,,,,,,,,,,,,,,,0,0,,,,,range
etfs__C_trend_pullback__aggressive__mid,etfs,,C_trend_pullback,aggressive,mid,20,etf,DATA_INSUFFICIENT,"No licensed point-in-time US daily tape, delist file, corporate-action journal, or historical venue/industry vintages were verified in this environment.",False,,False,False,,,,,,,,,,,,,,,,,,,,,,0,0,,,,,bull
etfs__C_trend_pullback__aggressive__mid,etfs,,C_trend_pullback,aggressive,mid,20,etf,DATA_INSUFFICIENT,"No licensed point-in-time US daily tape, delist file, corporate-action journal, or historical venue/industry vintages were verified in this environment.",False,,False,False,,,,,,,,,,,,,,,,,,,,,,0,0,,,,,bear
etfs__C_trend_pullback__aggressive__mid,etfs,,C_trend_pullback,aggressive,mid,20,etf,DATA_INSUFFICIENT,"No licensed point-in-time US daily tape, delist file, corporate-action journal, or historical venue/industry vintages were verified in this environment.",False,,False,False,,,,,,,,,,,,,,,,,,,,,,0,0,,,,,range
etfs__C_trend_pullback__aggressive__long,etfs,,C_trend_pullback,aggressive,long,63,etf,DATA_INSUFFICIENT,"No licensed point-in-time US daily tape, delist file, corporate-action journal, or historical venue/industry vintages were verified in this environment.",False,,False,False,,,,,,,,,,,,,,,,,,,,,,0,0,,,,,bull
etfs__C_trend_pullback__aggressive__long,etfs,,C_trend_pullback,aggressive,long,63,etf,DATA_INSUFFICIENT,"No licensed point-in-time US daily tape, delist file, corporate-action journal, or historical venue/industry vintages were verified in this environment.",False,,False,False,,,,,,,,,,,,,,,,,,,,,,0,0,,,,,bear
etfs__C_trend_pullback__aggressive__long,etfs,,C_trend_pullback,aggressive,long,63,etf,DATA_INSUFFICIENT,"No licensed point-in-time US daily tape, delist file, corporate-action journal, or historical venue/industry vintages were verified in this environment.",False,,False,False,,,,,,,,,,,,,,,,,,,,,,0,0,,,,,range
etfs__D_residual_momentum__conservative__short,etfs,,D_residual_momentum,conservative,short,5,etf,DATA_INSUFFICIENT,"No licensed point-in-time US daily tape, delist file, corporate-action journal, or historical venue/industry vintages were verified in this environment.",False,,False,False,,,,,,,,,,,,,,,,,,,,,,0,0,,,,,bull
etfs__D_residual_momentum__conservative__short,etfs,,D_residual_momentum,conservative,short,5,etf,DATA_INSUFFICIENT,"No licensed point-in-time US daily tape, delist file, corporate-action journal, or historical venue/industry vintages were verified in this environment.",False,,False,False,,,,,,,,,,,,,,,,,,,,,,0,0,,,,,bear
etfs__D_residual_momentum__conservative__short,etfs,,D_residual_momentum,conservative,short,5,etf,DATA_INSUFFICIENT,"No licensed point-in-time US daily tape, delist file, corporate-action journal, or historical venue/industry vintages were verified in this environment.",False,,False,False,,,,,,,,,,,,,,,,,,,,,,0,0,,,,,range
etfs__D_residual_momentum__conservative__mid,etfs,,D_residual_momentum,conservative,mid,20,etf,DATA_INSUFFICIENT,"No licensed point-in-time US daily tape, delist file, corporate-action journal, or historical venue/industry vintages were verified in this environment.",False,,False,False,,,,,,,,,,,,,,,,,,,,,,0,0,,,,,bull
etfs__D_residual_momentum__conservative__mid,etfs,,D_residual_momentum,conservative,mid,20,etf,DATA_INSUFFICIENT,"No licensed point-in-time US daily tape, delist file, corporate-action journal, or historical venue/industry vintages were verified in this environment.",False,,False,False,,,,,,,,,,,,,,,,,,,,,,0,0,,,,,bear
etfs__D_residual_momentum__conservative__mid,etfs,,D_residual_momentum,conservative,mid,20,etf,DATA_INSUFFICIENT,"No licensed point-in-time US daily tape, delist file, corporate-action journal, or historical venue/industry vintages were verified in this environment.",False,,False,False,,,,,,,,,,,,,,,,,,,,,,0,0,,,,,range
etfs__D_residual_momentum__conservative__long,etfs,,D_residual_momentum,conservative,long,63,etf,DATA_INSUFFICIENT,"No licensed point-in-time US daily tape, delist file, corporate-action journal, or historical venue/industry vintages were verified in this environment.",False,,False,False,,,,,,,,,,,,,,,,,,,,,,0,0,,,,,bull
etfs__D_residual_momentum__conservative__long,etfs,,D_residual_momentum,conservative,long,63,etf,DATA_INSUFFICIENT,"No licensed point-in-time US daily tape, delist file, corporate-action journal, or historical venue/industry vintages were verified in this environment.",False,,False,False,,,,,,,,,,,,,,,,,,,,,,0,0,,,,,bear
etfs__D_residual_momentum__conservative__long,etfs,,D_residual_momentum,conservative,long,63,etf,DATA_INSUFFICIENT,"No licensed point-in-time US daily tape, delist file, corporate-action journal, or historical venue/industry vintages were verified in this environment.",False,,False,False,,,,,,,,,,,,,,,,,,,,,,0,0,,,,,range
etfs__D_residual_momentum__balanced__short,etfs,,D_residual_momentum,balanced,short,5,etf,DATA_INSUFFICIENT,"No licensed point-in-time US daily tape, delist file, corporate-action journal, or historical venue/industry vintages were verified in this environment.",False,,False,False,,,,,,,,,,,,,,,,,,,,,,0,0,,,,,bull
etfs__D_residual_momentum__balanced__short,etfs,,D_residual_momentum,balanced,short,5,etf,DATA_INSUFFICIENT,"No licensed point-in-time US daily tape, delist file, corporate-action journal, or historical venue/industry vintages were verified in this environment.",False,,False,False,,,,,,,,,,,,,,,,,,,,,,0,0,,,,,bear
etfs__D_residual_momentum__balanced__short,etfs,,D_residual_momentum,balanced,short,5,etf,DATA_INSUFFICIENT,"No licensed point-in-time US daily tape, delist file, corporate-action journal, or historical venue/industry vintages were verified in this environment.",False,,False,False,,,,,,,,,,,,,,,,,,,,,,0,0,,,,,range
etfs__D_residual_momentum__balanced__mid,etfs,,D_residual_momentum,balanced,mid,20,etf,DATA_INSUFFICIENT,"No licensed point-in-time US daily tape, delist file, corporate-action journal, or historical venue/industry vintages were verified in this environment.",False,,False,False,,,,,,,,,,,,,,,,,,,,,,0,0,,,,,bull
etfs__D_residual_momentum__balanced__mid,etfs,,D_residual_momentum,balanced,mid,20,etf,DATA_INSUFFICIENT,"No licensed point-in-time US daily tape, delist file, corporate-action journal, or historical venue/industry vintages were verified in this environment.",False,,False,False,,,,,,,,,,,,,,,,,,,,,,0,0,,,,,bear
etfs__D_residual_momentum__balanced__mid,etfs,,D_residual_momentum,balanced,mid,20,etf,DATA_INSUFFICIENT,"No licensed point-in-time US daily tape, delist file, corporate-action journal, or historical venue/industry vintages were verified in this environment.",False,,False,False,,,,,,,,,,,,,,,,,,,,,,0,0,,,,,range
etfs__D_residual_momentum__balanced__long,etfs,,D_residual_momentum,balanced,long,63,etf,DATA_INSUFFICIENT,"No licensed point-in-time US daily tape, delist file, corporate-action journal, or historical venue/industry vintages were verified in this environment.",False,,False,False,,,,,,,,,,,,,,,,,,,,,,0,0,,,,,bull
etfs__D_residual_momentum__balanced__long,etfs,,D_residual_momentum,balanced,long,63,etf,DATA_INSUFFICIENT,"No licensed point-in-time US daily tape, delist file, corporate-action journal, or historical venue/industry vintages were verified in this environment.",False,,False,False,,,,,,,,,,,,,,,,,,,,,,0,0,,,,,bear
etfs__D_residual_momentum__balanced__long,etfs,,D_residual_momentum,balanced,long,63,etf,DATA_INSUFFICIENT,"No licensed point-in-time US daily tape, delist file, corporate-action journal, or historical venue/industry vintages were verified in this environment.",False,,False,False,,,,,,,,,,,,,,,,,,,,,,0,0,,,,,range
etfs__D_residual_momentum__aggressive__short,etfs,,D_residual_momentum,aggressive,short,5,etf,DATA_INSUFFICIENT,"No licensed point-in-time US daily tape, delist file, corporate-action journal, or historical venue/industry vintages were verified in this environment.",False,,False,False,,,,,,,,,,,,,,,,,,,,,,0,0,,,,,bull
etfs__D_residual_momentum__aggressive__short,etfs,,D_residual_momentum,aggressive,short,5,etf,DATA_INSUFFICIENT,"No licensed point-in-time US daily tape, delist file, corporate-action journal, or historical venue/industry vintages were verified in this environment.",False,,False,False,,,,,,,,,,,,,,,,,,,,,,0,0,,,,,bear
etfs__D_residual_momentum__aggressive__short,etfs,,D_residual_momentum,aggressive,short,5,etf,DATA_INSUFFICIENT,"No licensed point-in-time US daily tape, delist file, corporate-action journal, or historical venue/industry vintages were verified in this environment.",False,,False,False,,,,,,,,,,,,,,,,,,,,,,0,0,,,,,range
etfs__D_residual_momentum__aggressive__mid,etfs,,D_residual_momentum,aggressive,mid,20,etf,DATA_INSUFFICIENT,"No licensed point-in-time US daily tape, delist file, corporate-action journal, or historical venue/industry vintages were verified in this environment.",False,,False,False,,,,,,,,,,,,,,,,,,,,,,0,0,,,,,bull
etfs__D_residual_momentum__aggressive__mid,etfs,,D_residual_momentum,aggressive,mid,20,etf,DATA_INSUFFICIENT,"No licensed point-in-time US daily tape, delist file, corporate-action journal, or historical venue/industry vintages were verified in this environment.",False,,False,False,,,,,,,,,,,,,,,,,,,,,,0,0,,,,,bear
etfs__D_residual_momentum__aggressive__mid,etfs,,D_residual_momentum,aggressive,mid,20,etf,DATA_INSUFFICIENT,"No licensed point-in-time US daily tape, delist file, corporate-action journal, or historical venue/industry vintages were verified in this environment.",False,,False,False,,,,,,,,,,,,,,,,,,,,,,0,0,,,,,range
etfs__D_residual_momentum__aggressive__long,etfs,,D_residual_momentum,aggressive,long,63,etf,DATA_INSUFFICIENT,"No licensed point-in-time US daily tape, delist file, corporate-action journal, or historical venue/industry vintages were verified in this environment.",False,,False,False,,,,,,,,,,,,,,,,,,,,,,0,0,,,,,bull
etfs__D_residual_momentum__aggressive__long,etfs,,D_residual_momentum,aggressive,long,63,etf,DATA_INSUFFICIENT,"No licensed point-in-time US daily tape, delist file, corporate-action journal, or historical venue/industry vintages were verified in this environment.",False,,False,False,,,,,,,,,,,,,,,,,,,,,,0,0,,,,,bear
etfs__D_residual_momentum__aggressive__long,etfs,,D_residual_momentum,aggressive,long,63,etf,DATA_INSUFFICIENT,"No licensed point-in-time US daily tape, delist file, corporate-action journal, or historical venue/industry vintages were verified in this environment.",False,,False,False,,,,,,,,,,,,,,,,,,,,,,0,0,,,,,range
