variant,profile,view,list_type,top,holding,period,days,mean_slot_pct,t_slot,mean_unfilled_pct,hit_rate,median_listed,days_short,turnover
r0,aggressive,long,mixed,10,5,ALL,176,-0.184,-0.82,-0.181,0.458,10.0,0,0.625
r0,aggressive,long,mixed,10,5,P1,91,-0.125,-0.55,-0.123,0.421,10,0,0.613
r0,aggressive,long,mixed,10,5,P2,85,-0.246,-0.63,-0.244,0.497,10,0,0.637
r0,aggressive,long,mixed,10,5,2023,40,-0.222,-0.68,-0.218,0.404,10.0,0,0.582
r0,aggressive,long,mixed,10,5,2024,51,-0.049,-0.16,-0.049,0.433,10,0,0.638
r0,aggressive,long,mixed,10,5,2025,50,-0.002,-0.0,0.003,0.495,10.0,0,0.627
r0,aggressive,long,mixed,10,5,2026,35,-0.596,-0.85,-0.596,0.5,10,0,0.653
r0,aggressive,long,mixed,10,20,ALL,173,-0.868,-1.43,-0.868,0.427,10,0,0.625
r0,aggressive,long,mixed,10,20,P1,91,-0.104,-0.14,-0.102,0.452,10,0,0.613
r0,aggressive,long,mixed,10,20,P2,82,-1.715,-1.81,-1.719,0.398,10.0,0,0.638
r0,aggressive,long,mixed,10,20,2023,40,-1.163,-1.53,-1.157,0.469,10.0,0,0.582
r0,aggressive,long,mixed,10,20,2024,51,0.726,0.64,0.726,0.439,10,0,0.638
r0,aggressive,long,mixed,10,20,2025,50,-1.205,-1.2,-1.21,0.395,10.0,0,0.627
r0,aggressive,long,mixed,10,20,2026,32,-2.514,-1.39,-2.514,0.403,10.0,0,0.658
r0,aggressive,long,mixed,10,63,ALL,165,-0.106,-0.06,-0.105,0.404,10,0,0.625
r0,aggressive,long,mixed,10,63,P1,91,0.389,0.31,0.393,0.408,10,0,0.613
r0,aggressive,long,mixed,10,63,P2,74,-0.715,-0.22,-0.717,0.399,10.0,0,0.64
r0,aggressive,long,mixed,10,63,2023,40,-0.696,-0.43,-0.688,0.447,10.0,0,0.582
r0,aggressive,long,mixed,10,63,2024,51,1.241,0.88,1.241,0.378,10,0,0.638
r0,aggressive,long,mixed,10,63,2025,50,2.395,0.58,2.392,0.463,10.0,0,0.627
r0,aggressive,long,mixed,10,63,2026,24,-7.194,-2.76,-7.194,0.267,10.0,0,0.67
r0,aggressive,long,mixed,20,5,ALL,176,-0.101,-0.54,-0.101,0.472,20.0,0,0.593
r0,aggressive,long,mixed,20,5,P1,91,-0.161,-0.83,-0.163,0.446,20,0,0.58
r0,aggressive,long,mixed,20,5,P2,85,-0.037,-0.11,-0.036,0.501,20,0,0.607
r0,aggressive,long,mixed,20,5,2023,40,-0.368,-1.53,-0.371,0.442,20.0,0,0.564
r0,aggressive,long,mixed,20,5,2024,51,0.001,0.0,0.001,0.449,20,0,0.592
r0,aggressive,long,mixed,20,5,2025,50,0.036,0.1,0.039,0.504,20.0,0,0.595
r0,aggressive,long,mixed,20,5,2026,35,-0.142,-0.23,-0.144,0.497,20,0,0.625
r0,aggressive,long,mixed,20,20,ALL,173,-0.558,-1.12,-0.562,0.429,20,0,0.592
r0,aggressive,long,mixed,20,20,P1,91,-0.221,-0.39,-0.223,0.443,20,0,0.58
r0,aggressive,long,mixed,20,20,P2,82,-0.932,-1.12,-0.937,0.415,20.0,0,0.606
r0,aggressive,long,mixed,20,20,2023,40,-1.177,-2.83,-1.183,0.46,20.0,0,0.564
r0,aggressive,long,mixed,20,20,2024,51,0.529,0.58,0.529,0.429,20,0,0.592
r0,aggressive,long,mixed,20,20,2025,50,-0.629,-0.65,-0.633,0.41,20.0,0,0.595
r0,aggressive,long,mixed,20,20,2026,32,-1.406,-0.94,-1.412,0.421,20.0,0,0.624
r0,aggressive,long,mixed,20,63,ALL,165,-0.011,-0.01,-0.015,0.416,20,0,0.591
r0,aggressive,long,mixed,20,63,P1,91,-0.177,-0.17,-0.181,0.413,20,0,0.58
r0,aggressive,long,mixed,20,63,P2,74,0.192,0.06,0.19,0.42,20.0,0,0.605
r0,aggressive,long,mixed,20,63,2023,40,-1.006,-0.85,-1.016,0.455,20.0,0,0.564
r0,aggressive,long,mixed,20,63,2024,51,0.473,0.36,0.473,0.38,20,0,0.592
r0,aggressive,long,mixed,20,63,2025,50,3.075,0.77,3.074,0.482,20.0,0,0.595
r0,aggressive,long,mixed,20,63,2026,24,-5.815,-2.05,-5.82,0.291,20.0,0,0.63
r0,aggressive,long,stock,10,5,ALL,176,-0.146,-0.57,-0.143,0.475,10.0,0,0.568
r0,aggressive,long,stock,10,5,P1,91,-0.082,-0.33,-0.08,0.471,10,0,0.553
r0,aggressive,long,stock,10,5,P2,85,-0.214,-0.47,-0.21,0.48,10,0,0.583
r0,aggressive,long,stock,10,5,2023,40,-0.087,-0.25,-0.082,0.464,10.0,0,0.541
r0,aggressive,long,stock,10,5,2024,51,-0.078,-0.22,-0.078,0.476,10,0,0.562
r0,aggressive,long,stock,10,5,2025,50,-0.062,-0.13,-0.055,0.489,10.0,0,0.565
r0,aggressive,long,stock,10,5,2026,35,-0.431,-0.5,-0.431,0.466,10,0,0.609
r0,aggressive,long,stock,10,20,ALL,173,-0.47,-0.73,-0.472,0.451,10,0,0.569
r0,aggressive,long,stock,10,20,P1,91,0.552,0.72,0.555,0.494,10,0,0.553
r0,aggressive,long,stock,10,20,P2,82,-1.605,-1.57,-1.611,0.404,10.0,0,0.585
r0,aggressive,long,stock,10,20,2023,40,-0.521,-0.91,-0.516,0.466,10.0,0,0.541
r0,aggressive,long,stock,10,20,2024,51,1.394,1.13,1.394,0.516,10,0,0.562
r0,aggressive,long,stock,10,20,2025,50,-1.466,-1.43,-1.476,0.403,10.0,0,0.565
r0,aggressive,long,stock,10,20,2026,32,-1.822,-0.88,-1.822,0.406,10.0,0,0.616
r0,aggressive,long,stock,10,63,ALL,165,1.137,0.65,1.134,0.447,10,0,0.566
r0,aggressive,long,stock,10,63,P1,91,2.025,1.49,2.029,0.466,10,0,0.553
r0,aggressive,long,stock,10,63,P2,74,0.046,0.01,0.033,0.423,10.0,0,0.582
r0,aggressive,long,stock,10,63,2023,40,0.569,0.36,0.577,0.464,10.0,0,0.541
r0,aggressive,long,stock,10,63,2024,51,3.167,2.0,3.167,0.467,10,0,0.562
r0,aggressive,long,stock,10,63,2025,50,2.466,0.56,2.448,0.456,10.0,0,0.565
r0,aggressive,long,stock,10,63,2026,24,-4.997,-1.03,-4.997,0.354,10.0,0,0.617
r0,aggressive,long,stock,20,5,ALL,176,0.038,0.18,0.038,0.485,20.0,0,0.535
r0,aggressive,long,stock,20,5,P1,91,0.015,0.06,0.013,0.469,20,0,0.537
r0,aggressive,long,stock,20,5,P2,85,0.063,0.17,0.064,0.502,20,0,0.533
r0,aggressive,long,stock,20,5,2023,40,-0.22,-0.86,-0.223,0.46,20.0,0,0.528
r0,aggressive,long,stock,20,5,2024,51,0.199,0.57,0.199,0.476,20,0,0.544
r0,aggressive,long,stock,20,5,2025,50,0.123,0.33,0.126,0.503,20.0,0,0.53
r0,aggressive,long,stock,20,5,2026,35,-0.023,-0.03,-0.024,0.501,20,0,0.54
r0,aggressive,long,stock,20,20,ALL,173,-0.072,-0.13,-0.075,0.463,20,0,0.534
r0,aggressive,long,stock,20,20,P1,91,0.403,0.68,0.401,0.491,20,0,0.537
r0,aggressive,long,stock,20,20,P2,82,-0.599,-0.64,-0.603,0.433,20.0,0,0.531
r0,aggressive,long,stock,20,20,2023,40,-0.628,-1.85,-0.634,0.457,20.0,0,0.528
r0,aggressive,long,stock,20,20,2024,51,1.212,1.25,1.212,0.518,20,0,0.544
r0,aggressive,long,stock,20,20,2025,50,-0.475,-0.44,-0.478,0.441,20.0,0,0.53
r0,aggressive,long,stock,20,20,2026,32,-0.793,-0.46,-0.799,0.42,20.0,0,0.535
r0,aggressive,long,stock,20,63,ALL,165,1.134,0.71,1.135,0.451,20,0,0.531
r0,aggressive,long,stock,20,63,P1,91,1.516,1.2,1.512,0.466,20,0,0.537
r0,aggressive,long,stock,20,63,P2,74,0.664,0.21,0.672,0.432,20.0,0,0.525
r0,aggressive,long,stock,20,63,2023,40,0.274,0.14,0.265,0.451,20.0,0,0.528
r0,aggressive,long,stock,20,63,2024,51,2.49,2.52,2.49,0.477,20,0,0.544
r0,aggressive,long,stock,20,63,2025,50,3.058,0.79,3.074,0.471,20.0,0,0.53
r0,aggressive,long,stock,20,63,2026,24,-4.324,-0.95,-4.332,0.351,20.0,0,0.517
r0,aggressive,mid,mixed,10,5,ALL,176,-0.084,-0.35,-0.08,0.453,10.0,0,0.653
r0,aggressive,mid,mixed,10,5,P1,91,-0.151,-0.58,-0.149,0.407,10,0,0.638
r0,aggressive,mid,mixed,10,5,P2,85,-0.013,-0.03,-0.006,0.502,10,0,0.67
r0,aggressive,mid,mixed,10,5,2023,40,-0.279,-0.84,-0.275,0.397,10.0,0,0.587
r0,aggressive,mid,mixed,10,5,2024,51,-0.05,-0.13,-0.05,0.416,10,0,0.676
r0,aggressive,mid,mixed,10,5,2025,50,0.11,0.22,0.122,0.505,10.0,0,0.649
r0,aggressive,mid,mixed,10,5,2026,35,-0.187,-0.26,-0.187,0.497,10,0,0.703
r0,aggressive,mid,mixed,10,20,ALL,173,-0.74,-1.24,-0.742,0.421,10,0,0.652
r0,aggressive,mid,mixed,10,20,P1,91,-0.146,-0.18,-0.144,0.437,10,0,0.638
r0,aggressive,mid,mixed,10,20,P2,82,-1.399,-1.59,-1.406,0.403,10.0,0,0.669
r0,aggressive,mid,mixed,10,20,2023,40,-1.265,-1.78,-1.259,0.456,10.0,0,0.587
r0,aggressive,mid,mixed,10,20,2024,51,0.731,0.58,0.731,0.422,10,0,0.676
r0,aggressive,mid,mixed,10,20,2025,50,-1.184,-1.2,-1.195,0.399,10.0,0,0.649
r0,aggressive,mid,mixed,10,20,2026,32,-1.734,-1.05,-1.734,0.409,10.0,0,0.703
r0,aggressive,mid,mixed,10,63,ALL,165,-0.59,-0.39,-0.592,0.399,10,0,0.649
r0,aggressive,mid,mixed,10,63,P1,91,-0.429,-0.33,-0.425,0.393,10,0,0.638
r0,aggressive,mid,mixed,10,63,P2,74,-0.788,-0.26,-0.798,0.406,10.0,0,0.664
r0,aggressive,mid,mixed,10,63,2023,40,-1.976,-1.39,-1.967,0.429,10.0,0,0.587
r0,aggressive,mid,mixed,10,63,2024,51,0.785,0.48,0.785,0.365,10,0,0.676
r0,aggressive,mid,mixed,10,63,2025,50,2.054,0.54,2.041,0.471,10.0,0,0.649
r0,aggressive,mid,mixed,10,63,2026,24,-6.711,-3.16,-6.711,0.271,10.0,0,0.7
r0,aggressive,mid,mixed,20,5,ALL,176,-0.097,-0.52,-0.096,0.471,20.0,0,0.61
r0,aggressive,mid,mixed,20,5,P1,91,-0.221,-1.16,-0.222,0.438,20,0,0.607
r0,aggressive,mid,mixed,20,5,P2,85,0.036,0.11,0.039,0.507,20,0,0.613
r0,aggressive,mid,mixed,20,5,2023,40,-0.323,-1.35,-0.326,0.436,20.0,0,0.576
r0,aggressive,mid,mixed,20,5,2024,51,-0.141,-0.5,-0.14,0.44,20,0,0.631
r0,aggressive,mid,mixed,20,5,2025,50,0.172,0.47,0.177,0.514,20.0,0,0.587
r0,aggressive,mid,mixed,20,5,2026,35,-0.158,-0.26,-0.16,0.497,20,0,0.65
r0,aggressive,mid,mixed,20,20,ALL,173,-0.71,-1.46,-0.709,0.429,20,0,0.609
r0,aggressive,mid,mixed,20,20,P1,91,-0.45,-0.83,-0.45,0.44,20,0,0.607
r0,aggressive,mid,mixed,20,20,P2,82,-0.998,-1.2,-0.996,0.417,20.0,0,0.611
r0,aggressive,mid,mixed,20,20,2023,40,-1.299,-2.89,-1.304,0.452,20.0,0,0.576
r0,aggressive,mid,mixed,20,20,2024,51,0.216,0.25,0.22,0.43,20,0,0.631
r0,aggressive,mid,mixed,20,20,2025,50,-0.66,-0.63,-0.655,0.417,20.0,0,0.587
r0,aggressive,mid,mixed,20,20,2026,32,-1.525,-1.12,-1.53,0.416,20.0,0,0.65
r0,aggressive,mid,mixed,20,63,ALL,165,-0.389,-0.24,-0.381,0.407,20,0,0.606
r0,aggressive,mid,mixed,20,63,P1,91,-0.741,-0.81,-0.74,0.399,20,0,0.607
r0,aggressive,mid,mixed,20,63,P2,74,0.044,0.01,0.06,0.417,20.0,0,0.605
r0,aggressive,mid,mixed,20,63,2023,40,-1.557,-1.31,-1.565,0.436,20.0,0,0.576
r0,aggressive,mid,mixed,20,63,2024,51,-0.101,-0.1,-0.093,0.369,20,0,0.631
r0,aggressive,mid,mixed,20,63,2025,50,3.152,0.76,3.18,0.483,20.0,0,0.587
r0,aggressive,mid,mixed,20,63,2026,24,-6.429,-2.24,-6.439,0.28,20.0,0,0.646
r0,aggressive,mid,stock,10,5,ALL,176,0.107,0.42,0.112,0.483,10.0,0,0.596
r0,aggressive,mid,stock,10,5,P1,91,0.033,0.13,0.035,0.468,10,0,0.588
r0,aggressive,mid,stock,10,5,P2,85,0.188,0.42,0.194,0.5,10,0,0.605
r0,aggressive,mid,stock,10,5,2023,40,-0.088,-0.25,-0.083,0.457,10.0,0,0.559
r0,aggressive,mid,stock,10,5,2024,51,0.127,0.34,0.127,0.476,10,0,0.61
r0,aggressive,mid,stock,10,5,2025,50,0.318,0.64,0.33,0.511,10.0,0,0.594
r0,aggressive,mid,stock,10,5,2026,35,0.001,0.0,0.001,0.483,10,0,0.624
r0,aggressive,mid,stock,10,20,ALL,173,-0.314,-0.49,-0.318,0.457,10,0,0.597
r0,aggressive,mid,stock,10,20,P1,91,0.583,0.79,0.585,0.496,10,0,0.588
r0,aggressive,mid,stock,10,20,P2,82,-1.308,-1.25,-1.32,0.414,10.0,0,0.606
r0,aggressive,mid,stock,10,20,2023,40,-0.396,-0.67,-0.391,0.481,10.0,0,0.559
r0,aggressive,mid,stock,10,20,2024,51,1.35,1.14,1.35,0.508,10,0,0.61
r0,aggressive,mid,stock,10,20,2025,50,-1.385,-1.17,-1.403,0.409,10.0,0,0.594
r0,aggressive,mid,stock,10,20,2026,32,-1.19,-0.62,-1.19,0.422,10.0,0,0.629
r0,aggressive,mid,stock,10,63,ALL,165,0.857,0.49,0.851,0.444,10,0,0.594
r0,aggressive,mid,stock,10,63,P1,91,1.503,1.3,1.506,0.458,10,0,0.588
r0,aggressive,mid,stock,10,63,P2,74,0.063,0.02,0.044,0.427,10.0,0,0.601
r0,aggressive,mid,stock,10,63,2023,40,0.479,0.32,0.487,0.457,10.0,0,0.559
r0,aggressive,mid,stock,10,63,2024,51,2.306,1.7,2.306,0.459,10,0,0.61
r0,aggressive,mid,stock,10,63,2025,50,2.518,0.54,2.491,0.464,10.0,0,0.594
r0,aggressive,mid,stock,10,63,2026,24,-5.053,-1.01,-5.053,0.35,10.0,0,0.622
r0,aggressive,mid,stock,20,5,ALL,176,-0.045,-0.21,-0.044,0.483,20.0,0,0.563
r0,aggressive,mid,stock,20,5,P1,91,-0.078,-0.34,-0.079,0.468,20,0,0.563
r0,aggressive,mid,stock,20,5,P2,85,-0.009,-0.03,-0.007,0.499,20,0,0.562
r0,aggressive,mid,stock,20,5,2023,40,-0.215,-0.86,-0.218,0.463,20.0,0,0.547
r0,aggressive,mid,stock,20,5,2024,51,0.03,0.08,0.031,0.473,20,0,0.574
r0,aggressive,mid,stock,20,5,2025,50,0.055,0.14,0.059,0.505,20.0,0,0.553
r0,aggressive,mid,stock,20,5,2026,35,-0.101,-0.15,-0.102,0.491,20,0,0.581
r0,aggressive,mid,stock,20,20,ALL,173,-0.14,-0.26,-0.141,0.461,20,0,0.562
r0,aggressive,mid,stock,20,20,P1,91,0.159,0.26,0.16,0.482,20,0,0.563
r0,aggressive,mid,stock,20,20,P2,82,-0.472,-0.5,-0.475,0.439,20.0,0,0.56
r0,aggressive,mid,stock,20,20,2023,40,-0.886,-2.5,-0.891,0.446,20.0,0,0.547
r0,aggressive,mid,stock,20,20,2024,51,0.978,0.99,0.984,0.509,20,0,0.574
r0,aggressive,mid,stock,20,20,2025,50,-0.164,-0.15,-0.166,0.451,20.0,0,0.553
r0,aggressive,mid,stock,20,20,2026,32,-0.953,-0.58,-0.959,0.419,20.0,0,0.577
r0,aggressive,mid,stock,20,63,ALL,165,0.608,0.38,0.616,0.439,20,0,0.559
r0,aggressive,mid,stock,20,63,P1,91,0.858,0.86,0.861,0.45,20,0,0.563
r0,aggressive,mid,stock,20,63,P2,74,0.301,0.09,0.314,0.426,20.0,0,0.553
r0,aggressive,mid,stock,20,63,2023,40,-0.444,-0.28,-0.45,0.435,20.0,0,0.547
r0,aggressive,mid,stock,20,63,2024,51,1.879,2.48,1.889,0.462,20,0,0.574
r0,aggressive,mid,stock,20,63,2025,50,2.909,0.7,2.931,0.465,20.0,0,0.553
r0,aggressive,mid,stock,20,63,2026,24,-5.13,-1.21,-5.138,0.343,20.0,0,0.559
r0,aggressive,short,mixed,10,5,ALL,176,-0.101,-0.48,-0.101,0.465,10.0,0,0.691
r0,aggressive,short,mixed,10,5,P1,91,-0.16,-0.62,-0.16,0.427,10,0,0.687
r0,aggressive,short,mixed,10,5,P2,85,-0.038,-0.11,-0.038,0.506,10,0,0.696
r0,aggressive,short,mixed,10,5,2023,40,-0.284,-0.97,-0.284,0.41,10.0,0,0.664
r0,aggressive,short,mixed,10,5,2024,51,-0.063,-0.16,-0.063,0.441,10,0,0.704
r0,aggressive,short,mixed,10,5,2025,50,-0.045,-0.11,-0.045,0.51,10.0,0,0.688
r0,aggressive,short,mixed,10,5,2026,35,-0.029,-0.05,-0.029,0.5,10,0,0.709
r0,aggressive,short,mixed,10,20,ALL,173,-0.671,-1.14,-0.671,0.434,10,0,0.692
r0,aggressive,short,mixed,10,20,P1,91,-0.376,-0.52,-0.376,0.444,10,0,0.687
r0,aggressive,short,mixed,10,20,P2,82,-0.998,-1.05,-0.998,0.422,10.0,0,0.698
r0,aggressive,short,mixed,10,20,2023,40,-1.24,-1.82,-1.24,0.447,10.0,0,0.664
r0,aggressive,short,mixed,10,20,2024,51,0.302,0.27,0.302,0.441,10,0,0.704
r0,aggressive,short,mixed,10,20,2025,50,-0.807,-0.64,-0.807,0.432,10.0,0,0.688
r0,aggressive,short,mixed,10,20,2026,32,-1.296,-0.92,-1.296,0.406,10.0,0,0.713
r0,aggressive,short,mixed,10,63,ALL,165,-1.388,-0.78,-1.388,0.399,10,0,0.69
r0,aggressive,short,mixed,10,63,P1,91,-1.068,-1.14,-1.068,0.398,10,0,0.687
r0,aggressive,short,mixed,10,63,P2,74,-1.781,-0.47,-1.781,0.4,10.0,0,0.693
r0,aggressive,short,mixed,10,63,2023,40,-2.004,-2.15,-2.004,0.405,10.0,0,0.664
r0,aggressive,short,mixed,10,63,2024,51,-0.335,-0.25,-0.335,0.392,10,0,0.704
r0,aggressive,short,mixed,10,63,2025,50,1.478,0.3,1.478,0.456,10.0,0,0.688
r0,aggressive,short,mixed,10,63,2026,24,-8.57,-5.87,-8.57,0.283,10.0,0,0.704
r0,aggressive,short,mixed,20,5,ALL,176,-0.092,-0.48,-0.093,0.465,20.0,0,0.628
r0,aggressive,short,mixed,20,5,P1,91,-0.066,-0.3,-0.067,0.438,20,0,0.627
r0,aggressive,short,mixed,20,5,P2,85,-0.12,-0.38,-0.12,0.494,20,0,0.63
r0,aggressive,short,mixed,20,5,2023,40,-0.148,-0.57,-0.147,0.441,20.0,0,0.597
r0,aggressive,short,mixed,20,5,2024,51,-0.002,-0.01,-0.004,0.436,20,0,0.649
r0,aggressive,short,mixed,20,5,2025,50,0.019,0.05,0.019,0.496,20.0,0,0.607
r0,aggressive,short,mixed,20,5,2026,35,-0.319,-0.59,-0.319,0.493,20,0,0.665
r0,aggressive,short,mixed,20,20,ALL,173,-0.76,-1.56,-0.758,0.432,20,0,0.626
r0,aggressive,short,mixed,20,20,P1,91,-0.458,-0.82,-0.458,0.438,20,0,0.627
r0,aggressive,short,mixed,20,20,P2,82,-1.095,-1.35,-1.091,0.425,20.0,0,0.627
r0,aggressive,short,mixed,20,20,2023,40,-1.21,-2.27,-1.209,0.442,20.0,0,0.597
r0,aggressive,short,mixed,20,20,2024,51,0.131,0.15,0.131,0.436,20,0,0.649
r0,aggressive,short,mixed,20,20,2025,50,-0.456,-0.41,-0.449,0.436,20.0,0,0.607
r0,aggressive,short,mixed,20,20,2026,32,-2.095,-1.96,-2.095,0.408,20.0,0,0.658
r0,aggressive,short,mixed,20,63,ALL,165,-1.221,-0.8,-1.216,0.392,20,0,0.624
r0,aggressive,short,mixed,20,63,P1,91,-1.224,-1.54,-1.225,0.382,20,0,0.627
r0,aggressive,short,mixed,20,63,P2,74,-1.217,-0.38,-1.205,0.405,20.0,0,0.623
r0,aggressive,short,mixed,20,63,2023,40,-2.292,-3.15,-2.297,0.399,20.0,0,0.597
r0,aggressive,short,mixed,20,63,2024,51,-0.386,-0.36,-0.385,0.368,20,0,0.649
r0,aggressive,short,mixed,20,63,2025,50,1.958,0.5,1.975,0.471,20.0,0,0.607
r0,aggressive,short,mixed,20,63,2026,24,-7.83,-3.59,-7.83,0.269,20.0,0,0.657
r0,aggressive,short,stock,10,5,ALL,176,-0.08,-0.37,-0.08,0.484,10.0,0,0.645
r0,aggressive,short,stock,10,5,P1,91,-0.137,-0.51,-0.137,0.468,10,0,0.647
r0,aggressive,short,stock,10,5,P2,85,-0.019,-0.05,-0.019,0.501,10,0,0.643
r0,aggressive,short,stock,10,5,2023,40,-0.175,-0.54,-0.175,0.467,10.0,0,0.618
r0,aggressive,short,stock,10,5,2024,51,-0.107,-0.26,-0.107,0.469,10,0,0.668
r0,aggressive,short,stock,10,5,2025,50,-0.017,-0.04,-0.017,0.514,10.0,0,0.641
r0,aggressive,short,stock,10,5,2026,35,-0.021,-0.03,-0.021,0.483,10,0,0.647
r0,aggressive,short,stock,10,20,ALL,173,-0.386,-0.62,-0.383,0.454,10,0,0.645
r0,aggressive,short,stock,10,20,P1,91,-0.049,-0.07,-0.049,0.47,10,0,0.647
r0,aggressive,short,stock,10,20,P2,82,-0.761,-0.73,-0.753,0.435,10.0,0,0.643
r0,aggressive,short,stock,10,20,2023,40,-0.892,-1.3,-0.892,0.453,10.0,0,0.618
r0,aggressive,short,stock,10,20,2024,51,0.613,0.54,0.613,0.484,10,0,0.668
r0,aggressive,short,stock,10,20,2025,50,-0.445,-0.31,-0.431,0.444,10.0,0,0.641
r0,aggressive,short,stock,10,20,2026,32,-1.256,-0.89,-1.256,0.422,10.0,0,0.648
r0,aggressive,short,stock,10,63,ALL,165,-0.919,-0.51,-0.904,0.406,10,0,0.644
r0,aggressive,short,stock,10,63,P1,91,-0.261,-0.29,-0.261,0.41,10,0,0.647
r0,aggressive,short,stock,10,63,P2,74,-1.728,-0.45,-1.694,0.401,10.0,0,0.64
r0,aggressive,short,stock,10,63,2023,40,-1.459,-2.16,-1.459,0.385,10.0,0,0.618
r0,aggressive,short,stock,10,63,2024,51,0.679,0.54,0.679,0.429,10,0,0.668
r0,aggressive,short,stock,10,63,2025,50,1.526,0.31,1.576,0.447,10.0,0,0.641
r0,aggressive,short,stock,10,63,2026,24,-8.506,-4.7,-8.506,0.304,10.0,0,0.639
r0,aggressive,short,stock,20,5,ALL,176,-0.022,-0.11,-0.022,0.481,20.0,0,0.594
r0,aggressive,short,stock,20,5,P1,91,0.004,0.02,0.004,0.471,20,0,0.598
r0,aggressive,short,stock,20,5,P2,85,-0.05,-0.15,-0.049,0.493,20,0,0.59
r0,aggressive,short,stock,20,5,2023,40,-0.147,-0.58,-0.147,0.467,20.0,0,0.572
r0,aggressive,short,stock,20,5,2024,51,0.122,0.37,0.121,0.473,20,0,0.619
r0,aggressive,short,stock,20,5,2025,50,0.129,0.33,0.131,0.496,20.0,0,0.578
r0,aggressive,short,stock,20,5,2026,35,-0.305,-0.54,-0.305,0.489,20,0,0.607
r0,aggressive,short,stock,20,20,ALL,173,-0.615,-1.22,-0.612,0.445,20,0,0.592
r0,aggressive,short,stock,20,20,P1,91,-0.197,-0.35,-0.196,0.459,20,0,0.598
r0,aggressive,short,stock,20,20,P2,82,-1.078,-1.26,-1.074,0.429,20.0,0,0.587
r0,aggressive,short,stock,20,20,2023,40,-1.016,-1.93,-1.015,0.438,20.0,0,0.572
r0,aggressive,short,stock,20,20,2024,51,0.445,0.51,0.447,0.476,20,0,0.619
r0,aggressive,short,stock,20,20,2025,50,-0.54,-0.46,-0.534,0.441,20.0,0,0.578
r0,aggressive,short,stock,20,20,2026,32,-1.918,-1.68,-1.918,0.411,20.0,0,0.602
r0,aggressive,short,stock,20,63,ALL,165,-0.768,-0.48,-0.762,0.409,20,0,0.591
r0,aggressive,short,stock,20,63,P1,91,-0.57,-0.68,-0.57,0.409,20,0,0.598
r0,aggressive,short,stock,20,63,P2,74,-1.011,-0.3,-0.998,0.409,20.0,0,0.584
r0,aggressive,short,stock,20,63,2023,40,-1.672,-1.67,-1.677,0.391,20.0,0,0.572
r0,aggressive,short,stock,20,63,2024,51,0.294,0.3,0.298,0.423,20,0,0.619
r0,aggressive,short,stock,20,63,2025,50,2.199,0.54,2.218,0.461,20.0,0,0.578
r0,aggressive,short,stock,20,63,2026,24,-7.698,-3.16,-7.698,0.302,20.0,0,0.598
r0,balanced,long,mixed,10,5,ALL,176,-0.083,-0.4,-0.083,0.455,10.0,0,0.645
r0,balanced,long,mixed,10,5,P1,91,-0.09,-0.38,-0.091,0.425,10,0,0.634
r0,balanced,long,mixed,10,5,P2,85,-0.076,-0.22,-0.076,0.488,10,0,0.657
r0,balanced,long,mixed,10,5,2023,40,-0.146,-0.45,-0.148,0.419,10.0,0,0.59
r0,balanced,long,mixed,10,5,2024,51,-0.046,-0.14,-0.046,0.429,10,0,0.668
r0,balanced,long,mixed,10,5,2025,50,-0.012,-0.03,-0.012,0.495,10.0,0,0.657
r0,balanced,long,mixed,10,5,2026,35,-0.168,-0.25,-0.168,0.477,10,0,0.665
r0,balanced,long,mixed,10,20,ALL,173,-0.492,-0.86,-0.494,0.425,10,0,0.645
r0,balanced,long,mixed,10,20,P1,91,0.259,0.36,0.263,0.446,10,0,0.634
r0,balanced,long,mixed,10,20,P2,82,-1.325,-1.48,-1.333,0.403,10.0,0,0.658
r0,balanced,long,mixed,10,20,2023,40,-0.214,-0.31,-0.204,0.482,10.0,0,0.59
r0,balanced,long,mixed,10,20,2024,51,0.63,0.55,0.63,0.418,10,0,0.668
r0,balanced,long,mixed,10,20,2025,50,-1.003,-0.92,-1.015,0.405,10.0,0,0.657
r0,balanced,long,mixed,10,20,2026,32,-1.83,-1.22,-1.83,0.4,10.0,0,0.668
r0,balanced,long,mixed,10,63,ALL,165,-0.221,-0.13,-0.215,0.407,10,0,0.643
r0,balanced,long,mixed,10,63,P1,91,0.061,0.05,0.065,0.397,10,0,0.634
r0,balanced,long,mixed,10,63,P2,74,-0.568,-0.17,-0.559,0.42,10.0,0,0.656
r0,balanced,long,mixed,10,63,2023,40,-1.055,-0.87,-1.047,0.447,10.0,0,0.59
r0,balanced,long,mixed,10,63,2024,51,0.937,0.52,0.937,0.359,10,0,0.668
r0,balanced,long,mixed,10,63,2025,50,3.13,0.82,3.144,0.493,10.0,0,0.657
r0,balanced,long,mixed,10,63,2026,24,-8.272,-3.74,-8.272,0.267,10.0,0,0.665
r0,balanced,long,mixed,20,5,ALL,176,-0.114,-0.65,-0.112,0.472,20.0,0,0.609
r0,balanced,long,mixed,20,5,P1,91,-0.264,-1.48,-0.263,0.441,20,0,0.602
r0,balanced,long,mixed,20,5,P2,85,0.047,0.15,0.05,0.505,20,0,0.616
r0,balanced,long,mixed,20,5,2023,40,-0.435,-1.76,-0.433,0.435,20.0,0,0.586
r0,balanced,long,mixed,20,5,2024,51,-0.13,-0.52,-0.13,0.445,20,0,0.616
r0,balanced,long,mixed,20,5,2025,50,0.058,0.17,0.064,0.51,20.0,0,0.607
r0,balanced,long,mixed,20,5,2026,35,0.03,0.05,0.03,0.499,20,0,0.634
r0,balanced,long,mixed,20,20,ALL,173,-0.396,-0.84,-0.395,0.436,20,0,0.608
r0,balanced,long,mixed,20,20,P1,91,-0.278,-0.51,-0.279,0.433,20,0,0.602
r0,balanced,long,mixed,20,20,P2,82,-0.527,-0.66,-0.523,0.439,20.0,0,0.614
r0,balanced,long,mixed,20,20,2023,40,-0.733,-1.7,-0.736,0.462,20.0,0,0.586
r0,balanced,long,mixed,20,20,2024,51,0.078,0.09,0.078,0.41,20,0,0.616
r0,balanced,long,mixed,20,20,2025,50,-0.15,-0.14,-0.143,0.446,20.0,0,0.607
r0,balanced,long,mixed,20,20,2026,32,-1.116,-0.96,-1.116,0.428,20.0,0,0.631
r0,balanced,long,mixed,20,63,ALL,165,0.123,0.08,0.136,0.417,20,0,0.605
r0,balanced,long,mixed,20,63,P1,91,-0.299,-0.31,-0.299,0.406,20,0,0.602
r0,balanced,long,mixed,20,63,P2,74,0.643,0.2,0.672,0.431,20.0,0,0.61
r0,balanced,long,mixed,20,63,2023,40,-0.548,-0.48,-0.548,0.447,20.0,0,0.586
r0,balanced,long,mixed,20,63,2024,51,-0.104,-0.08,-0.104,0.375,20,0,0.616
r0,balanced,long,mixed,20,63,2025,50,4.128,1.06,4.171,0.499,20.0,0,0.607
r0,balanced,long,mixed,20,63,2026,24,-6.617,-3.09,-6.617,0.29,20.0,0,0.622
r0,balanced,long,stock,10,5,ALL,176,-0.05,-0.23,-0.05,0.48,10.0,0,0.586
r0,balanced,long,stock,10,5,P1,91,0.039,0.16,0.038,0.471,10,0,0.577
r0,balanced,long,stock,10,5,P2,85,-0.145,-0.39,-0.145,0.489,10,0,0.598
r0,balanced,long,stock,10,5,2023,40,-0.125,-0.38,-0.127,0.456,10.0,0,0.559
r0,balanced,long,stock,10,5,2024,51,0.167,0.48,0.167,0.482,10,0,0.59
r0,balanced,long,stock,10,5,2025,50,-0.108,-0.27,-0.108,0.501,10.0,0,0.586
r0,balanced,long,stock,10,5,2026,35,-0.198,-0.28,-0.198,0.471,10,0,0.621
r0,balanced,long,stock,10,20,ALL,173,-0.253,-0.43,-0.254,0.458,10,0,0.586
r0,balanced,long,stock,10,20,P1,91,0.587,0.84,0.591,0.492,10,0,0.577
r0,balanced,long,stock,10,20,P2,82,-1.184,-1.29,-1.192,0.42,10.0,0,0.598
r0,balanced,long,stock,10,20,2023,40,-0.045,-0.07,-0.035,0.482,10.0,0,0.559
r0,balanced,long,stock,10,20,2024,51,1.082,0.96,1.082,0.5,10,0,0.59
r0,balanced,long,stock,10,20,2025,50,-0.839,-0.7,-0.852,0.433,10.0,0,0.586
r0,balanced,long,stock,10,20,2026,32,-1.723,-1.23,-1.723,0.4,10.0,0,0.623
r0,balanced,long,stock,10,63,ALL,165,0.662,0.39,0.668,0.439,10,0,0.581
r0,balanced,long,stock,10,63,P1,91,1.537,1.24,1.541,0.45,10,0,0.577
r0,balanced,long,stock,10,63,P2,74,-0.415,-0.12,-0.406,0.425,10.0,0,0.588
r0,balanced,long,stock,10,63,2023,40,0.0,0.0,0.009,0.449,10.0,0,0.559
r0,balanced,long,stock,10,63,2024,51,2.743,1.63,2.743,0.451,10,0,0.59
r0,balanced,long,stock,10,63,2025,50,3.515,0.93,3.529,0.489,10.0,0,0.586
r0,balanced,long,stock,10,63,2026,24,-8.602,-2.55,-8.602,0.292,10.0,0,0.6
r0,balanced,long,stock,20,5,ALL,176,-0.016,-0.09,-0.014,0.48,20.0,1,0.552
r0,balanced,long,stock,20,5,P1,91,-0.102,-0.52,-0.103,0.463,20,0,0.553
r0,balanced,long,stock,20,5,P2,85,0.076,0.24,0.081,0.498,20,1,0.552
r0,balanced,long,stock,20,5,2023,40,-0.286,-1.02,-0.289,0.441,20.0,0,0.553
r0,balanced,long,stock,20,5,2024,51,0.043,0.16,0.043,0.479,20,0,0.554
r0,balanced,long,stock,20,5,2025,50,0.05,0.15,0.058,0.494,20.0,1,0.548
r0,balanced,long,stock,20,5,2026,35,0.113,0.19,0.113,0.504,20,0,0.562
r0,balanced,long,stock,20,20,ALL,173,-0.052,-0.1,-0.053,0.458,20,1,0.551
r0,balanced,long,stock,20,20,P1,91,0.166,0.29,0.164,0.47,20,0,0.553
r0,balanced,long,stock,20,20,P2,82,-0.293,-0.34,-0.293,0.445,20.0,1,0.549
r0,balanced,long,stock,20,20,2023,40,-0.611,-1.32,-0.615,0.447,20.0,0,0.553
r0,balanced,long,stock,20,20,2024,51,0.775,0.84,0.775,0.487,20,0,0.554
r0,balanced,long,stock,20,20,2025,50,0.199,0.17,0.198,0.464,20.0,1,0.548
r0,balanced,long,stock,20,20,2026,32,-1.062,-0.83,-1.062,0.416,20.0,0,0.556
r0,balanced,long,stock,20,63,ALL,165,1.054,0.64,1.049,0.442,20,1,0.55
r0,balanced,long,stock,20,63,P1,91,1.216,1.21,1.214,0.448,20,0,0.553
r0,balanced,long,stock,20,63,P2,74,0.855,0.25,0.846,0.436,20.0,1,0.547
r0,balanced,long,stock,20,63,2023,40,-0.024,-0.02,-0.028,0.429,20.0,0,0.553
r0,balanced,long,stock,20,63,2024,51,2.188,2.44,2.188,0.463,20,0,0.554
r0,balanced,long,stock,20,63,2025,50,4.512,1.12,4.498,0.498,20.0,1,0.548
r0,balanced,long,stock,20,63,2026,24,-6.762,-2.4,-6.762,0.306,20.0,0,0.55
r0,balanced,mid,mixed,10,5,ALL,176,-0.027,-0.13,-0.022,0.459,10.0,0,0.668
r0,balanced,mid,mixed,10,5,P1,91,-0.104,-0.45,-0.105,0.426,10,0,0.67
r0,balanced,mid,mixed,10,5,P2,85,0.055,0.16,0.066,0.493,10,0,0.668
r0,balanced,mid,mixed,10,5,2023,40,-0.17,-0.57,-0.171,0.429,10.0,0,0.638
r0,balanced,mid,mixed,10,5,2024,51,-0.052,-0.16,-0.052,0.424,10,0,0.694
r0,balanced,mid,mixed,10,5,2025,50,0.007,0.02,0.026,0.501,10.0,0,0.655
r0,balanced,mid,mixed,10,5,2026,35,0.124,0.2,0.124,0.483,10,0,0.694
r0,balanced,mid,mixed,10,20,ALL,173,-0.543,-0.95,-0.541,0.427,10,0,0.667
r0,balanced,mid,mixed,10,20,P1,91,-0.012,-0.02,-0.008,0.437,10,0,0.67
r0,balanced,mid,mixed,10,20,P2,82,-1.133,-1.24,-1.132,0.416,10.0,0,0.667
r0,balanced,mid,mixed,10,20,2023,40,-0.501,-0.71,-0.492,0.474,10.0,0,0.638
r0,balanced,mid,mixed,10,20,2024,51,0.371,0.34,0.371,0.408,10,0,0.694
r0,balanced,mid,mixed,10,20,2025,50,-1.079,-0.98,-1.077,0.409,10.0,0,0.655
r0,balanced,mid,mixed,10,20,2026,32,-1.218,-0.78,-1.218,0.428,10.0,0,0.694
r0,balanced,mid,mixed,10,63,ALL,165,-0.561,-0.34,-0.535,0.395,10,0,0.666
r0,balanced,mid,mixed,10,63,P1,91,-0.379,-0.34,-0.375,0.38,10,0,0.67
r0,balanced,mid,mixed,10,63,P2,74,-0.784,-0.23,-0.732,0.414,10.0,0,0.663
r0,balanced,mid,mixed,10,63,2023,40,-1.221,-1.13,-1.213,0.427,10.0,0,0.638
r0,balanced,mid,mixed,10,63,2024,51,0.281,0.17,0.281,0.343,10,0,0.694
r0,balanced,mid,mixed,10,63,2025,50,2.706,0.68,2.783,0.491,10.0,0,0.655
r0,balanced,mid,mixed,10,63,2026,24,-8.054,-3.77,-8.054,0.254,10.0,0,0.691
r0,balanced,mid,mixed,20,5,ALL,176,-0.061,-0.35,-0.06,0.478,20.0,0,0.619
r0,balanced,mid,mixed,20,5,P1,91,-0.242,-1.3,-0.244,0.445,20,0,0.617
r0,balanced,mid,mixed,20,5,P2,85,0.132,0.44,0.136,0.513,20,0,0.62
r0,balanced,mid,mixed,20,5,2023,40,-0.32,-1.27,-0.323,0.451,20.0,0,0.595
r0,balanced,mid,mixed,20,5,2024,51,-0.18,-0.67,-0.182,0.439,20,0,0.633
r0,balanced,mid,mixed,20,5,2025,50,0.171,0.5,0.178,0.521,20.0,0,0.604
r0,balanced,mid,mixed,20,5,2026,35,0.077,0.14,0.077,0.501,20,0,0.647
r0,balanced,mid,mixed,20,20,ALL,173,-0.41,-0.87,-0.409,0.439,20,0,0.617
r0,balanced,mid,mixed,20,20,P1,91,-0.259,-0.48,-0.26,0.437,20,0,0.617
r0,balanced,mid,mixed,20,20,P2,82,-0.578,-0.73,-0.574,0.442,20.0,0,0.618
r0,balanced,mid,mixed,20,20,2023,40,-0.801,-1.66,-0.805,0.457,20.0,0,0.595
r0,balanced,mid,mixed,20,20,2024,51,0.167,0.19,0.166,0.422,20,0,0.633
r0,balanced,mid,mixed,20,20,2025,50,-0.218,-0.21,-0.211,0.453,20.0,0,0.604
r0,balanced,mid,mixed,20,20,2026,32,-1.14,-1.02,-1.14,0.423,20.0,0,0.644
r0,balanced,mid,mixed,20,63,ALL,165,-0.082,-0.05,-0.07,0.411,20,0,0.614
r0,balanced,mid,mixed,20,63,P1,91,-0.757,-0.89,-0.762,0.395,20,0,0.617
r0,balanced,mid,mixed,20,63,P2,74,0.749,0.22,0.782,0.431,20.0,0,0.611
r0,balanced,mid,mixed,20,63,2023,40,-1.352,-1.65,-1.355,0.427,20.0,0,0.595
r0,balanced,mid,mixed,20,63,2024,51,-0.291,-0.24,-0.297,0.369,20,0,0.633
r0,balanced,mid,mixed,20,63,2025,50,4.273,1.02,4.322,0.5,20.0,0,0.604
r0,balanced,mid,mixed,20,63,2026,24,-6.592,-2.91,-6.592,0.288,20.0,0,0.63
r0,balanced,mid,stock,10,5,ALL,176,-0.021,-0.09,-0.015,0.481,10.0,0,0.612
r0,balanced,mid,stock,10,5,P1,91,-0.044,-0.19,-0.045,0.465,10,0,0.623
r0,balanced,mid,stock,10,5,P2,85,0.005,0.01,0.016,0.497,10,0,0.601
r0,balanced,mid,stock,10,5,2023,40,-0.106,-0.34,-0.107,0.461,10.0,0,0.6
r0,balanced,mid,stock,10,5,2024,51,0.005,0.01,0.005,0.469,10,0,0.64
r0,balanced,mid,stock,10,5,2025,50,-0.127,-0.31,-0.108,0.501,10.0,0,0.594
r0,balanced,mid,stock,10,5,2026,35,0.193,0.28,0.193,0.491,10,0,0.618
r0,balanced,mid,stock,10,20,ALL,173,-0.393,-0.66,-0.39,0.458,10,0,0.612
r0,balanced,mid,stock,10,20,P1,91,0.299,0.42,0.304,0.486,10,0,0.623
r0,balanced,mid,stock,10,20,P2,82,-1.161,-1.21,-1.16,0.426,10.0,0,0.6
r0,balanced,mid,stock,10,20,2023,40,-0.462,-0.74,-0.452,0.472,10.0,0,0.6
r0,balanced,mid,stock,10,20,2024,51,0.896,0.79,0.896,0.498,10,0,0.64
r0,balanced,mid,stock,10,20,2025,50,-1.253,-1.06,-1.251,0.427,10.0,0,0.594
r0,balanced,mid,stock,10,20,2026,32,-1.017,-0.63,-1.017,0.425,10.0,0,0.616
r0,balanced,mid,stock,10,63,ALL,165,0.117,0.07,0.143,0.422,10,0,0.608
r0,balanced,mid,stock,10,63,P1,91,0.664,0.63,0.667,0.424,10,0,0.623
r0,balanced,mid,stock,10,63,P2,74,-0.555,-0.17,-0.503,0.421,10.0,0,0.59
r0,balanced,mid,stock,10,63,2023,40,-0.894,-0.89,-0.885,0.419,10.0,0,0.6
r0,balanced,mid,stock,10,63,2024,51,1.885,1.34,1.885,0.427,10,0,0.64
r0,balanced,mid,stock,10,63,2025,50,2.779,0.72,2.856,0.481,10.0,0,0.594
r0,balanced,mid,stock,10,63,2026,24,-7.5,-2.3,-7.5,0.296,10.0,0,0.591
r0,balanced,mid,stock,20,5,ALL,176,-0.054,-0.29,-0.053,0.485,20.0,1,0.567
r0,balanced,mid,stock,20,5,P1,91,-0.119,-0.6,-0.12,0.474,20,0,0.565
r0,balanced,mid,stock,20,5,P2,85,0.014,0.05,0.019,0.496,20,1,0.569
r0,balanced,mid,stock,20,5,2023,40,-0.287,-0.99,-0.289,0.461,20.0,0,0.56
r0,balanced,mid,stock,20,5,2024,51,0.013,0.05,0.012,0.484,20,0,0.569
r0,balanced,mid,stock,20,5,2025,50,0.079,0.22,0.087,0.498,20.0,1,0.566
r0,balanced,mid,stock,20,5,2026,35,-0.078,-0.13,-0.078,0.494,20,0,0.578
r0,balanced,mid,stock,20,20,ALL,173,-0.201,-0.4,-0.205,0.459,20,1,0.566
r0,balanced,mid,stock,20,20,P1,91,0.067,0.12,0.065,0.473,20,0,0.565
r0,balanced,mid,stock,20,20,P2,82,-0.5,-0.58,-0.505,0.444,20.0,1,0.566
r0,balanced,mid,stock,20,20,2023,40,-0.591,-1.29,-0.595,0.453,20.0,0,0.56
r0,balanced,mid,stock,20,20,2024,51,0.584,0.64,0.583,0.488,20,0,0.569
r0,balanced,mid,stock,20,20,2025,50,-0.105,-0.09,-0.114,0.463,20.0,1,0.566
r0,balanced,mid,stock,20,20,2026,32,-1.116,-1.01,-1.116,0.416,20.0,0,0.571
r0,balanced,mid,stock,20,63,ALL,165,0.676,0.41,0.669,0.437,20,1,0.565
r0,balanced,mid,stock,20,63,P1,91,0.521,0.64,0.517,0.437,20,0,0.565
r0,balanced,mid,stock,20,63,P2,74,0.866,0.25,0.856,0.437,20.0,1,0.563
r0,balanced,mid,stock,20,63,2023,40,-0.505,-0.49,-0.505,0.429,20.0,0,0.56
r0,balanced,mid,stock,20,63,2024,51,1.326,1.41,1.319,0.443,20,0,0.569
r0,balanced,mid,stock,20,63,2025,50,4.343,1.04,4.328,0.493,20.0,1,0.566
r0,balanced,mid,stock,20,63,2026,24,-6.379,-2.32,-6.379,0.319,20.0,0,0.563
r0,balanced,short,mixed,10,5,ALL,176,-0.177,-0.85,-0.175,0.456,10.0,0,0.688
r0,balanced,short,mixed,10,5,P1,91,-0.321,-1.31,-0.321,0.425,10,0,0.702
r0,balanced,short,mixed,10,5,P2,85,-0.022,-0.06,-0.018,0.488,10,0,0.673
r0,balanced,short,mixed,10,5,2023,40,-0.348,-1.41,-0.348,0.422,10.0,0,0.697
r0,balanced,short,mixed,10,5,2024,51,-0.3,-0.77,-0.3,0.427,10,0,0.708
r0,balanced,short,mixed,10,5,2025,50,-0.199,-0.53,-0.193,0.484,10.0,0,0.661
r0,balanced,short,mixed,10,5,2026,35,0.232,0.38,0.232,0.494,10,0,0.688
r0,balanced,short,mixed,10,20,ALL,173,-0.641,-1.18,-0.635,0.427,10,0,0.687
r0,balanced,short,mixed,10,20,P1,91,-0.227,-0.34,-0.227,0.437,10,0,0.702
r0,balanced,short,mixed,10,20,P2,82,-1.1,-1.27,-1.088,0.415,10.0,0,0.67
r0,balanced,short,mixed,10,20,2023,40,-0.449,-0.85,-0.449,0.458,10.0,0,0.697
r0,balanced,short,mixed,10,20,2024,51,-0.053,-0.05,-0.053,0.422,10,0,0.708
r0,balanced,short,mixed,10,20,2025,50,-1.214,-1.03,-1.195,0.414,10.0,0,0.661
r0,balanced,short,mixed,10,20,2026,32,-0.922,-0.74,-0.922,0.416,10.0,0,0.684
r0,balanced,short,mixed,10,63,ALL,165,-1.242,-0.74,-1.224,0.393,10,0,0.685
r0,balanced,short,mixed,10,63,P1,91,-1.128,-1.41,-1.128,0.385,10,0,0.702
r0,balanced,short,mixed,10,63,P2,74,-1.381,-0.38,-1.342,0.402,10.0,0,0.664
r0,balanced,short,mixed,10,63,2023,40,-1.116,-2.0,-1.116,0.4,10.0,0,0.697
r0,balanced,short,mixed,10,63,2024,51,-1.139,-0.84,-1.139,0.373,10,0,0.708
r0,balanced,short,mixed,10,63,2025,50,1.917,0.44,1.975,0.468,10.0,0,0.661
r0,balanced,short,mixed,10,63,2026,24,-8.251,-4.19,-8.251,0.267,10.0,0,0.67
r0,balanced,short,mixed,20,5,ALL,176,-0.093,-0.56,-0.092,0.467,20.0,0,0.638
r0,balanced,short,mixed,20,5,P1,91,-0.163,-0.83,-0.164,0.452,20,0,0.638
r0,balanced,short,mixed,20,5,P2,85,-0.019,-0.07,-0.015,0.484,20,0,0.639
r0,balanced,short,mixed,20,5,2023,40,-0.164,-0.67,-0.164,0.459,20.0,0,0.604
r0,balanced,short,mixed,20,5,2024,51,-0.161,-0.56,-0.163,0.446,20,0,0.664
r0,balanced,short,mixed,20,5,2025,50,0.005,0.02,0.011,0.484,20.0,0,0.619
r0,balanced,short,mixed,20,5,2026,35,-0.053,-0.11,-0.053,0.483,20,0,0.665
r0,balanced,short,mixed,20,20,ALL,173,-0.575,-1.34,-0.576,0.435,20,0,0.637
r0,balanced,short,mixed,20,20,P1,91,-0.456,-0.87,-0.458,0.435,20,0,0.638
r0,balanced,short,mixed,20,20,P2,82,-0.708,-1.02,-0.708,0.434,20.0,0,0.637
r0,balanced,short,mixed,20,20,2023,40,-0.693,-1.36,-0.693,0.46,20.0,0,0.604
r0,balanced,short,mixed,20,20,2024,51,-0.271,-0.32,-0.274,0.416,20,0,0.664
r0,balanced,short,mixed,20,20,2025,50,-0.465,-0.48,-0.465,0.441,20.0,0,0.619
r0,balanced,short,mixed,20,20,2026,32,-1.087,-1.18,-1.087,0.422,20.0,0,0.663
r0,balanced,short,mixed,20,63,ALL,165,-1.318,-0.85,-1.311,0.395,20,0,0.634
r0,balanced,short,mixed,20,63,P1,91,-1.942,-3.17,-1.949,0.375,20,0,0.638
r0,balanced,short,mixed,20,63,P2,74,-0.55,-0.17,-0.528,0.418,20.0,0,0.629
r0,balanced,short,mixed,20,63,2023,40,-2.166,-4.28,-2.166,0.395,20.0,0,0.604
r0,balanced,short,mixed,20,63,2024,51,-1.767,-1.79,-1.778,0.36,20,0,0.664
r0,balanced,short,mixed,20,63,2025,50,2.64,0.68,2.673,0.481,20.0,0,0.619
r0,balanced,short,mixed,20,63,2026,24,-7.195,-3.34,-7.195,0.288,20.0,0,0.648
r0,balanced,short,stock,10,5,ALL,176,-0.047,-0.23,-0.045,0.476,10.0,0,0.651
r0,balanced,short,stock,10,5,P1,91,-0.142,-0.56,-0.142,0.467,10,0,0.666
r0,balanced,short,stock,10,5,P2,85,0.054,0.16,0.058,0.485,10,0,0.635
r0,balanced,short,stock,10,5,2023,40,-0.165,-0.56,-0.165,0.47,10.0,0,0.654
r0,balanced,short,stock,10,5,2024,51,-0.124,-0.32,-0.124,0.465,10,0,0.674
r0,balanced,short,stock,10,5,2025,50,-0.118,-0.31,-0.111,0.48,10.0,0,0.637
r0,balanced,short,stock,10,5,2026,35,0.3,0.48,0.3,0.491,10,0,0.629
r0,balanced,short,stock,10,20,ALL,173,-0.424,-0.74,-0.419,0.444,10,0,0.651
r0,balanced,short,stock,10,20,P1,91,0.064,0.1,0.064,0.46,10,0,0.666
r0,balanced,short,stock,10,20,P2,82,-0.966,-1.04,-0.955,0.426,10.0,0,0.635
r0,balanced,short,stock,10,20,2023,40,-0.301,-0.47,-0.301,0.455,10.0,0,0.654
r0,balanced,short,stock,10,20,2024,51,0.351,0.32,0.351,0.465,10,0,0.674
r0,balanced,short,stock,10,20,2025,50,-1.069,-0.82,-1.05,0.426,10.0,0,0.637
r0,balanced,short,stock,10,20,2026,32,-0.806,-0.64,-0.806,0.425,10.0,0,0.629
r0,balanced,short,stock,10,63,ALL,165,-0.944,-0.55,-0.927,0.401,10,0,0.651
r0,balanced,short,stock,10,63,P1,91,-0.618,-0.89,-0.618,0.401,10,0,0.666
r0,balanced,short,stock,10,63,P2,74,-1.346,-0.36,-1.307,0.401,10.0,0,0.632
r0,balanced,short,stock,10,63,2023,40,-0.805,-1.82,-0.805,0.395,10.0,0,0.654
r0,balanced,short,stock,10,63,2024,51,-0.471,-0.4,-0.471,0.406,10,0,0.674
r0,balanced,short,stock,10,63,2025,50,2.046,0.45,2.104,0.46,10.0,0,0.637
r0,balanced,short,stock,10,63,2026,24,-8.413,-4.01,-8.413,0.279,10.0,0,0.617
r0,balanced,short,stock,20,5,ALL,176,-0.089,-0.51,-0.088,0.475,20.0,1,0.606
r0,balanced,short,stock,20,5,P1,91,-0.134,-0.69,-0.135,0.47,20,0,0.606
r0,balanced,short,stock,20,5,P2,85,-0.041,-0.14,-0.037,0.481,20,1,0.608
r0,balanced,short,stock,20,5,2023,40,-0.226,-0.89,-0.226,0.467,20.0,0,0.579
r0,balanced,short,stock,20,5,2024,51,-0.062,-0.22,-0.063,0.471,20,0,0.626
r0,balanced,short,stock,20,5,2025,50,-0.003,-0.01,0.003,0.483,20.0,1,0.599
r0,balanced,short,stock,20,5,2026,35,-0.095,-0.17,-0.095,0.479,20,0,0.619
r0,balanced,short,stock,20,20,ALL,173,-0.551,-1.23,-0.551,0.443,20,1,0.606
r0,balanced,short,stock,20,20,P1,91,-0.357,-0.67,-0.358,0.452,20,0,0.606
r0,balanced,short,stock,20,20,P2,82,-0.766,-1.05,-0.766,0.434,20.0,1,0.607
r0,balanced,short,stock,20,20,2023,40,-0.745,-1.35,-0.745,0.446,20.0,0,0.579
r0,balanced,short,stock,20,20,2024,51,-0.053,-0.06,-0.054,0.456,20,0,0.626
r0,balanced,short,stock,20,20,2025,50,-0.383,-0.37,-0.384,0.448,20.0,1,0.599
r0,balanced,short,stock,20,20,2026,32,-1.364,-1.48,-1.364,0.412,20.0,0,0.619
r0,balanced,short,stock,20,63,ALL,165,-1.172,-0.73,-1.168,0.4,20,1,0.605
r0,balanced,short,stock,20,63,P1,91,-1.651,-2.58,-1.657,0.388,20,0,0.606
r0,balanced,short,stock,20,63,P2,74,-0.583,-0.17,-0.565,0.416,20.0,1,0.605
r0,balanced,short,stock,20,63,2023,40,-2.348,-3.23,-2.348,0.372,20.0,0,0.579
r0,balanced,short,stock,20,63,2024,51,-1.105,-1.25,-1.115,0.4,20,0,0.626
r0,balanced,short,stock,20,63,2025,50,2.894,0.73,2.921,0.476,20.0,1,0.599
r0,balanced,short,stock,20,63,2026,24,-7.829,-3.56,-7.829,0.29,20.0,0,0.615
tilt_a,aggressive,long,mixed,10,5,ALL,176,-0.138,-0.52,-0.135,0.449,10.0,0,0.618
tilt_a,aggressive,long,mixed,10,5,P1,91,-0.289,-1.09,-0.288,0.416,10,0,0.609
tilt_a,aggressive,long,mixed,10,5,P2,85,0.023,0.05,0.029,0.484,10,0,0.629
tilt_a,aggressive,long,mixed,10,5,2023,40,-0.51,-1.7,-0.506,0.409,10.0,0,0.61
tilt_a,aggressive,long,mixed,10,5,2024,51,-0.116,-0.28,-0.116,0.422,10,0,0.606
tilt_a,aggressive,long,mixed,10,5,2025,50,0.219,0.47,0.23,0.485,10.0,0,0.608
tilt_a,aggressive,long,mixed,10,5,2026,35,-0.257,-0.27,-0.258,0.483,10,0,0.653
tilt_a,aggressive,long,mixed,10,20,ALL,173,-0.608,-0.98,-0.611,0.388,10,0,0.616
tilt_a,aggressive,long,mixed,10,20,P1,91,-0.917,-1.35,-0.921,0.368,10,0,0.609
tilt_a,aggressive,long,mixed,10,20,P2,82,-0.265,-0.25,-0.268,0.409,10.0,0,0.623
tilt_a,aggressive,long,mixed,10,20,2023,40,-1.766,-4.19,-1.774,0.378,10.0,0,0.61
tilt_a,aggressive,long,mixed,10,20,2024,51,-0.252,-0.22,-0.252,0.361,10,0,0.606
tilt_a,aggressive,long,mixed,10,20,2025,50,-0.291,-0.23,-0.303,0.392,10.0,0,0.608
tilt_a,aggressive,long,mixed,10,20,2026,32,-0.226,-0.12,-0.213,0.435,10.0,0,0.642
tilt_a,aggressive,long,mixed,10,63,ALL,165,-1.499,-1.06,-1.506,0.351,10,0,0.611
tilt_a,aggressive,long,mixed,10,63,P1,91,-1.898,-2.19,-1.905,0.335,10,0,0.609
tilt_a,aggressive,long,mixed,10,63,P2,74,-1.008,-0.34,-1.016,0.371,10.0,0,0.614
tilt_a,aggressive,long,mixed,10,63,2023,40,-2.556,-1.93,-2.573,0.361,10.0,0,0.61
tilt_a,aggressive,long,mixed,10,63,2024,51,-1.382,-1.3,-1.382,0.314,10,0,0.606
tilt_a,aggressive,long,mixed,10,63,2025,50,0.318,0.09,0.284,0.398,10.0,0,0.608
tilt_a,aggressive,long,mixed,10,63,2026,24,-3.77,-0.8,-3.723,0.315,10.0,0,0.617
tilt_a,aggressive,long,mixed,20,5,ALL,176,-0.048,-0.23,-0.048,0.459,20.0,0,0.568
tilt_a,aggressive,long,mixed,20,5,P1,91,-0.121,-0.57,-0.122,0.435,20,0,0.556
tilt_a,aggressive,long,mixed,20,5,P2,85,0.029,0.08,0.03,0.484,20,0,0.582
tilt_a,aggressive,long,mixed,20,5,2023,40,-0.261,-1.05,-0.264,0.444,20.0,0,0.577
tilt_a,aggressive,long,mixed,20,5,2024,51,-0.011,-0.03,-0.01,0.429,20,0,0.537
tilt_a,aggressive,long,mixed,20,5,2025,50,0.151,0.44,0.156,0.481,20.0,0,0.581
tilt_a,aggressive,long,mixed,20,5,2026,35,-0.145,-0.19,-0.15,0.487,20,0,0.582
tilt_a,aggressive,long,mixed,20,20,ALL,173,-0.233,-0.43,-0.236,0.411,20,0,0.567
tilt_a,aggressive,long,mixed,20,20,P1,91,-0.332,-0.58,-0.334,0.395,20,0,0.556
tilt_a,aggressive,long,mixed,20,20,P2,82,-0.124,-0.13,-0.127,0.428,20.0,0,0.58
tilt_a,aggressive,long,mixed,20,20,2023,40,-1.166,-3.11,-1.173,0.417,20.0,0,0.577
tilt_a,aggressive,long,mixed,20,20,2024,51,0.323,0.35,0.325,0.378,20,0,0.537
tilt_a,aggressive,long,mixed,20,20,2025,50,0.0,0.0,-0.005,0.418,20.0,0,0.581
tilt_a,aggressive,long,mixed,20,20,2026,32,-0.319,-0.18,-0.318,0.444,20.0,0,0.577
tilt_a,aggressive,long,mixed,20,63,ALL,165,-0.422,-0.31,-0.426,0.378,20,0,0.562
tilt_a,aggressive,long,mixed,20,63,P1,91,-0.668,-0.68,-0.671,0.368,20,0,0.556
tilt_a,aggressive,long,mixed,20,63,P2,74,-0.119,-0.04,-0.125,0.39,20.0,0,0.572
tilt_a,aggressive,long,mixed,20,63,2023,40,-1.037,-0.76,-1.053,0.404,20.0,0,0.577
tilt_a,aggressive,long,mixed,20,63,2024,51,-0.378,-0.3,-0.37,0.339,20,0,0.537
tilt_a,aggressive,long,mixed,20,63,2025,50,1.663,0.52,1.654,0.426,20.0,0,0.581
tilt_a,aggressive,long,mixed,20,63,2026,24,-3.833,-0.75,-3.831,0.316,20.0,0,0.552
tilt_a,aggressive,long,stock,10,5,ALL,176,-0.026,-0.09,-0.021,0.475,10.0,0,0.594
tilt_a,aggressive,long,stock,10,5,P1,91,-0.123,-0.43,-0.121,0.466,10,0,0.587
tilt_a,aggressive,long,stock,10,5,P2,85,0.078,0.15,0.086,0.484,10,0,0.602
tilt_a,aggressive,long,stock,10,5,2023,40,-0.355,-0.9,-0.349,0.454,10.0,0,0.592
tilt_a,aggressive,long,stock,10,5,2024,51,0.058,0.14,0.058,0.475,10,0,0.582
tilt_a,aggressive,long,stock,10,5,2025,50,0.14,0.28,0.156,0.481,10.0,0,0.586
tilt_a,aggressive,long,stock,10,5,2026,35,-0.01,-0.01,-0.012,0.489,10,0,0.624
tilt_a,aggressive,long,stock,10,20,ALL,173,0.072,0.11,0.067,0.467,10,0,0.594
tilt_a,aggressive,long,stock,10,20,P1,91,0.116,0.15,0.116,0.495,10,0,0.587
tilt_a,aggressive,long,stock,10,20,P2,82,0.023,0.02,0.013,0.436,10.0,0,0.602
tilt_a,aggressive,long,stock,10,20,2023,40,-1.278,-3.12,-1.278,0.439,10.0,0,0.592
tilt_a,aggressive,long,stock,10,20,2024,51,1.21,0.95,1.21,0.539,10,0,0.582
tilt_a,aggressive,long,stock,10,20,2025,50,-0.038,-0.03,-0.059,0.422,10.0,0,0.586
tilt_a,aggressive,long,stock,10,20,2026,32,0.118,0.06,0.127,0.457,10.0,0,0.626
tilt_a,aggressive,long,stock,10,63,ALL,165,0.798,0.51,0.791,0.444,10,0,0.59
tilt_a,aggressive,long,stock,10,63,P1,91,0.744,0.62,0.745,0.462,10,0,0.587
tilt_a,aggressive,long,stock,10,63,P2,74,0.864,0.28,0.848,0.422,10.0,0,0.595
tilt_a,aggressive,long,stock,10,63,2023,40,-0.639,-0.41,-0.637,0.454,10.0,0,0.592
tilt_a,aggressive,long,stock,10,63,2024,51,1.829,1.49,1.829,0.469,10,0,0.582
tilt_a,aggressive,long,stock,10,63,2025,50,1.99,0.56,1.935,0.444,10.0,0,0.586
tilt_a,aggressive,long,stock,10,63,2026,24,-1.482,-0.24,-1.416,0.375,10.0,0,0.609
tilt_a,aggressive,long,stock,20,5,ALL,176,0.052,0.23,0.049,0.485,20.0,1,0.556
tilt_a,aggressive,long,stock,20,5,P1,91,0.028,0.12,0.027,0.479,20,0,0.55
tilt_a,aggressive,long,stock,20,5,P2,85,0.077,0.2,0.072,0.491,20,1,0.563
tilt_a,aggressive,long,stock,20,5,2023,40,-0.265,-0.92,-0.269,0.462,20.0,0,0.554
tilt_a,aggressive,long,stock,20,5,2024,51,0.258,0.76,0.258,0.492,20,0,0.546
tilt_a,aggressive,long,stock,20,5,2025,50,0.089,0.26,0.087,0.488,20.0,1,0.565
tilt_a,aggressive,long,stock,20,5,2026,35,0.06,0.07,0.051,0.496,20,0,0.56
tilt_a,aggressive,long,stock,20,20,ALL,173,0.213,0.37,0.199,0.47,20,1,0.556
tilt_a,aggressive,long,stock,20,20,P1,91,0.365,0.57,0.364,0.485,20,0,0.55
tilt_a,aggressive,long,stock,20,20,P2,82,0.045,0.05,0.016,0.454,20.0,1,0.563
tilt_a,aggressive,long,stock,20,20,2023,40,-0.928,-2.2,-0.935,0.447,20.0,0,0.554
tilt_a,aggressive,long,stock,20,20,2024,51,1.38,1.34,1.383,0.514,20,0,0.546
tilt_a,aggressive,long,stock,20,20,2025,50,0.077,0.07,0.035,0.452,20.0,1,0.565
tilt_a,aggressive,long,stock,20,20,2026,32,-0.005,-0.0,-0.013,0.456,20.0,0,0.56
tilt_a,aggressive,long,stock,20,63,ALL,165,1.448,0.96,1.402,0.459,20,1,0.553
tilt_a,aggressive,long,stock,20,63,P1,91,1.631,1.28,1.63,0.477,20,0,0.55
tilt_a,aggressive,long,stock,20,63,P2,74,1.223,0.41,1.122,0.436,20.0,1,0.558
tilt_a,aggressive,long,stock,20,63,2023,40,0.115,0.07,0.104,0.464,20.0,0,0.554
tilt_a,aggressive,long,stock,20,63,2024,51,2.82,2.26,2.828,0.488,20,0,0.546
tilt_a,aggressive,long,stock,20,63,2025,50,3.187,0.98,3.038,0.472,20.0,1,0.565
tilt_a,aggressive,long,stock,20,63,2026,24,-2.869,-0.49,-2.87,0.363,20.0,0,0.543
tilt_a,aggressive,mid,mixed,10,5,ALL,176,-0.093,-0.38,-0.089,0.442,10.0,0,0.633
tilt_a,aggressive,mid,mixed,10,5,P1,91,-0.158,-0.62,-0.156,0.413,10,0,0.618
tilt_a,aggressive,mid,mixed,10,5,P2,85,-0.024,-0.06,-0.017,0.473,10,0,0.65
tilt_a,aggressive,mid,mixed,10,5,2023,40,-0.304,-1.03,-0.301,0.417,10.0,0,0.631
tilt_a,aggressive,mid,mixed,10,5,2024,51,-0.043,-0.11,-0.042,0.411,10,0,0.606
tilt_a,aggressive,mid,mixed,10,5,2025,50,0.105,0.22,0.122,0.477,10.0,0,0.635
tilt_a,aggressive,mid,mixed,10,5,2026,35,-0.207,-0.26,-0.217,0.466,10,0,0.671
tilt_a,aggressive,mid,mixed,10,20,ALL,173,-0.56,-1.01,-0.563,0.386,10,0,0.632
tilt_a,aggressive,mid,mixed,10,20,P1,91,-0.611,-1.04,-0.609,0.368,10,0,0.618
tilt_a,aggressive,mid,mixed,10,20,P2,82,-0.503,-0.51,-0.511,0.406,10.0,0,0.648
tilt_a,aggressive,mid,mixed,10,20,2023,40,-1.242,-3.22,-1.237,0.393,10.0,0,0.631
tilt_a,aggressive,mid,mixed,10,20,2024,51,-0.116,-0.12,-0.117,0.348,10,0,0.606
tilt_a,aggressive,mid,mixed,10,20,2025,50,-0.672,-0.57,-0.691,0.378,10.0,0,0.635
tilt_a,aggressive,mid,mixed,10,20,2026,32,-0.239,-0.14,-0.23,0.449,10.0,0,0.668
tilt_a,aggressive,mid,mixed,10,63,ALL,165,-1.933,-1.64,-1.941,0.34,10,0,0.626
tilt_a,aggressive,mid,mixed,10,63,P1,91,-1.92,-2.7,-1.92,0.33,10,0,0.618
tilt_a,aggressive,mid,mixed,10,63,P2,74,-1.948,-0.79,-1.966,0.353,10.0,0,0.637
tilt_a,aggressive,mid,mixed,10,63,2023,40,-2.679,-2.87,-2.701,0.358,10.0,0,0.631
tilt_a,aggressive,mid,mixed,10,63,2024,51,-1.325,-1.39,-1.308,0.307,10,0,0.606
tilt_a,aggressive,mid,mixed,10,63,2025,50,-0.838,-0.29,-0.883,0.378,10.0,0,0.635
tilt_a,aggressive,mid,mixed,10,63,2026,24,-4.26,-0.94,-4.222,0.301,10.0,0,0.639
tilt_a,aggressive,mid,mixed,20,5,ALL,176,-0.144,-0.71,-0.145,0.454,20.0,0,0.592
tilt_a,aggressive,mid,mixed,20,5,P1,91,-0.249,-1.21,-0.251,0.422,20,0,0.578
tilt_a,aggressive,mid,mixed,20,5,P2,85,-0.032,-0.09,-0.032,0.488,20,0,0.606
tilt_a,aggressive,mid,mixed,20,5,2023,40,-0.384,-1.59,-0.388,0.427,20.0,0,0.592
tilt_a,aggressive,mid,mixed,20,5,2024,51,-0.144,-0.46,-0.144,0.417,20,0,0.565
tilt_a,aggressive,mid,mixed,20,5,2025,50,0.148,0.43,0.153,0.492,20.0,0,0.6
tilt_a,aggressive,mid,mixed,20,5,2026,35,-0.29,-0.41,-0.296,0.483,20,0,0.613
tilt_a,aggressive,mid,mixed,20,20,ALL,173,-0.413,-0.8,-0.415,0.402,20,0,0.59
tilt_a,aggressive,mid,mixed,20,20,P1,91,-0.454,-0.84,-0.455,0.386,20,0,0.578
tilt_a,aggressive,mid,mixed,20,20,P2,82,-0.367,-0.4,-0.37,0.42,20.0,0,0.603
tilt_a,aggressive,mid,mixed,20,20,2023,40,-1.2,-3.88,-1.207,0.409,20.0,0,0.592
tilt_a,aggressive,mid,mixed,20,20,2024,51,0.131,0.15,0.135,0.367,20,0,0.565
tilt_a,aggressive,mid,mixed,20,20,2025,50,-0.281,-0.27,-0.286,0.412,20.0,0,0.6
tilt_a,aggressive,mid,mixed,20,20,2026,32,-0.501,-0.3,-0.501,0.433,20.0,0,0.606
tilt_a,aggressive,mid,mixed,20,63,ALL,165,-0.864,-0.63,-0.868,0.372,20,0,0.586
tilt_a,aggressive,mid,mixed,20,63,P1,91,-1.322,-1.61,-1.324,0.354,20,0,0.578
tilt_a,aggressive,mid,mixed,20,63,P2,74,-0.301,-0.11,-0.307,0.393,20.0,0,0.595
tilt_a,aggressive,mid,mixed,20,63,2023,40,-2.09,-2.43,-2.106,0.389,20.0,0,0.592
tilt_a,aggressive,mid,mixed,20,63,2024,51,-0.719,-0.6,-0.711,0.327,20,0,0.565
tilt_a,aggressive,mid,mixed,20,63,2025,50,1.79,0.51,1.785,0.436,20.0,0,0.6
tilt_a,aggressive,mid,mixed,20,63,2026,24,-4.657,-1.08,-4.666,0.304,20.0,0,0.583
tilt_a,aggressive,mid,stock,10,5,ALL,176,0.137,0.52,0.141,0.478,10.0,0,0.621
tilt_a,aggressive,mid,stock,10,5,P1,91,0.023,0.08,0.026,0.47,10,0,0.613
tilt_a,aggressive,mid,stock,10,5,P2,85,0.26,0.56,0.265,0.488,10,0,0.629
tilt_a,aggressive,mid,stock,10,5,2023,40,-0.191,-0.52,-0.185,0.464,10.0,0,0.608
tilt_a,aggressive,mid,stock,10,5,2024,51,0.19,0.48,0.192,0.474,10,0,0.616
tilt_a,aggressive,mid,stock,10,5,2025,50,0.314,0.65,0.334,0.495,10.0,0,0.612
tilt_a,aggressive,mid,stock,10,5,2026,35,0.182,0.2,0.166,0.477,10,0,0.653
tilt_a,aggressive,mid,stock,10,20,ALL,173,0.207,0.33,0.201,0.465,10,0,0.62
tilt_a,aggressive,mid,stock,10,20,P1,91,0.402,0.57,0.405,0.497,10,0,0.613
tilt_a,aggressive,mid,stock,10,20,P2,82,-0.01,-0.01,-0.024,0.43,10.0,0,0.628
tilt_a,aggressive,mid,stock,10,20,2023,40,-0.718,-1.47,-0.718,0.454,10.0,0,0.608
tilt_a,aggressive,mid,stock,10,20,2024,51,1.28,1.11,1.285,0.531,10,0,0.616
tilt_a,aggressive,mid,stock,10,20,2025,50,-0.069,-0.05,-0.092,0.418,10.0,0,0.612
tilt_a,aggressive,mid,stock,10,20,2026,32,0.083,0.04,0.081,0.447,10.0,0,0.655
tilt_a,aggressive,mid,stock,10,63,ALL,165,0.631,0.44,0.63,0.444,10,0,0.615
tilt_a,aggressive,mid,stock,10,63,P1,91,1.25,1.41,1.26,0.473,10,0,0.613
tilt_a,aggressive,mid,stock,10,63,P2,74,-0.132,-0.04,-0.146,0.408,10.0,0,0.616
tilt_a,aggressive,mid,stock,10,63,2023,40,-0.106,-0.1,-0.104,0.461,10.0,0,0.608
tilt_a,aggressive,mid,stock,10,63,2024,51,2.314,2.35,2.33,0.481,10,0,0.616
tilt_a,aggressive,mid,stock,10,63,2025,50,1.28,0.36,1.236,0.432,10.0,0,0.612
tilt_a,aggressive,mid,stock,10,63,2026,24,-3.072,-0.6,-3.026,0.358,10.0,0,0.626
tilt_a,aggressive,mid,stock,20,5,ALL,176,-0.006,-0.03,-0.011,0.485,20.0,1,0.581
tilt_a,aggressive,mid,stock,20,5,P1,91,-0.075,-0.34,-0.077,0.473,20,0,0.577
tilt_a,aggressive,mid,stock,20,5,P2,85,0.067,0.17,0.059,0.498,20,1,0.586
tilt_a,aggressive,mid,stock,20,5,2023,40,-0.251,-0.91,-0.255,0.462,20.0,0,0.568
tilt_a,aggressive,mid,stock,20,5,2024,51,0.063,0.19,0.063,0.482,20,0,0.586
tilt_a,aggressive,mid,stock,20,5,2025,50,0.138,0.37,0.131,0.501,20.0,1,0.583
tilt_a,aggressive,mid,stock,20,5,2026,35,-0.035,-0.04,-0.044,0.493,20,0,0.591
tilt_a,aggressive,mid,stock,20,20,ALL,173,0.001,0.0,-0.014,0.463,20,1,0.58
tilt_a,aggressive,mid,stock,20,20,P1,91,0.074,0.12,0.072,0.48,20,0,0.577
tilt_a,aggressive,mid,stock,20,20,P2,82,-0.08,-0.08,-0.111,0.445,20.0,1,0.584
tilt_a,aggressive,mid,stock,20,20,2023,40,-0.966,-3.0,-0.974,0.446,20.0,0,0.568
tilt_a,aggressive,mid,stock,20,20,2024,51,0.89,0.91,0.893,0.507,20,0,0.586
tilt_a,aggressive,mid,stock,20,20,2025,50,0.014,0.01,-0.033,0.447,20.0,1,0.583
tilt_a,aggressive,mid,stock,20,20,2026,32,-0.225,-0.12,-0.233,0.441,20.0,0,0.587
tilt_a,aggressive,mid,stock,20,63,ALL,165,0.809,0.53,0.773,0.446,20,1,0.578
tilt_a,aggressive,mid,stock,20,63,P1,91,0.854,0.88,0.853,0.46,20,0,0.577
tilt_a,aggressive,mid,stock,20,63,P2,74,0.753,0.24,0.675,0.428,20.0,1,0.58
tilt_a,aggressive,mid,stock,20,63,2023,40,-0.543,-0.41,-0.553,0.449,20.0,0,0.568
tilt_a,aggressive,mid,stock,20,63,2024,51,1.949,2.06,1.956,0.469,20,0,0.586
tilt_a,aggressive,mid,stock,20,63,2025,50,2.911,0.77,2.796,0.464,20.0,1,0.583
tilt_a,aggressive,mid,stock,20,63,2026,24,-3.742,-0.72,-3.743,0.354,20.0,0,0.576
tilt_a,aggressive,short,mixed,10,5,ALL,176,-0.039,-0.18,-0.039,0.457,10.0,0,0.671
tilt_a,aggressive,short,mixed,10,5,P1,91,-0.033,-0.13,-0.033,0.423,10,0,0.657
tilt_a,aggressive,short,mixed,10,5,P2,85,-0.045,-0.13,-0.045,0.494,10,0,0.686
tilt_a,aggressive,short,mixed,10,5,2023,40,-0.086,-0.33,-0.086,0.43,10.0,0,0.654
tilt_a,aggressive,short,mixed,10,5,2024,51,0.008,0.02,0.008,0.418,10,0,0.658
tilt_a,aggressive,short,mixed,10,5,2025,50,-0.004,-0.01,-0.004,0.508,10.0,0,0.678
tilt_a,aggressive,short,mixed,10,5,2026,35,-0.103,-0.16,-0.103,0.474,10,0,0.691
tilt_a,aggressive,short,mixed,10,20,ALL,173,-0.687,-1.3,-0.687,0.396,10,0,0.669
tilt_a,aggressive,short,mixed,10,20,P1,91,-0.386,-0.6,-0.386,0.386,10,0,0.657
tilt_a,aggressive,short,mixed,10,20,P2,82,-1.021,-1.2,-1.021,0.407,10.0,0,0.683
tilt_a,aggressive,short,mixed,10,20,2023,40,-0.851,-1.68,-0.851,0.412,10.0,0,0.654
tilt_a,aggressive,short,mixed,10,20,2024,51,-0.021,-0.02,-0.021,0.365,10,0,0.658
tilt_a,aggressive,short,mixed,10,20,2025,50,-0.974,-0.9,-0.974,0.398,10.0,0,0.678
tilt_a,aggressive,short,mixed,10,20,2026,32,-1.095,-0.79,-1.095,0.422,10.0,0,0.684
tilt_a,aggressive,short,mixed,10,63,ALL,165,-2.111,-1.63,-2.111,0.333,10,0,0.667
tilt_a,aggressive,short,mixed,10,63,P1,91,-2.011,-2.1,-2.011,0.309,10,0,0.657
tilt_a,aggressive,short,mixed,10,63,P2,74,-2.235,-0.85,-2.235,0.364,10.0,0,0.679
tilt_a,aggressive,short,mixed,10,63,2023,40,-3.375,-9.52,-3.375,0.312,10.0,0,0.654
tilt_a,aggressive,short,mixed,10,63,2024,51,-0.941,-0.63,-0.941,0.306,10,0,0.658
tilt_a,aggressive,short,mixed,10,63,2025,50,-0.152,-0.04,-0.152,0.406,10.0,0,0.678
tilt_a,aggressive,short,mixed,10,63,2026,24,-6.574,-2.85,-6.574,0.275,10.0,0,0.674
tilt_a,aggressive,short,mixed,20,5,ALL,176,-0.076,-0.39,-0.076,0.458,20.0,0,0.616
tilt_a,aggressive,short,mixed,20,5,P1,91,-0.051,-0.24,-0.051,0.434,20,0,0.602
tilt_a,aggressive,short,mixed,20,5,P2,85,-0.103,-0.31,-0.103,0.483,20,0,0.632
tilt_a,aggressive,short,mixed,20,5,2023,40,-0.109,-0.46,-0.107,0.447,20.0,0,0.581
tilt_a,aggressive,short,mixed,20,5,2024,51,-0.006,-0.02,-0.007,0.423,20,0,0.615
tilt_a,aggressive,short,mixed,20,5,2025,50,0.265,0.69,0.265,0.494,20.0,0,0.607
tilt_a,aggressive,short,mixed,20,5,2026,35,-0.628,-1.09,-0.628,0.467,20,0,0.668
tilt_a,aggressive,short,mixed,20,20,ALL,173,-0.804,-1.66,-0.803,0.402,20,0,0.614
tilt_a,aggressive,short,mixed,20,20,P1,91,-0.634,-1.26,-0.633,0.384,20,0,0.602
tilt_a,aggressive,short,mixed,20,20,P2,82,-0.993,-1.15,-0.99,0.421,20.0,0,0.628
tilt_a,aggressive,short,mixed,20,20,2023,40,-0.935,-2.36,-0.934,0.418,20.0,0,0.581
tilt_a,aggressive,short,mixed,20,20,2024,51,-0.398,-0.48,-0.397,0.358,20,0,0.615
tilt_a,aggressive,short,mixed,20,20,2025,50,-0.14,-0.13,-0.135,0.428,20.0,0,0.607
tilt_a,aggressive,short,mixed,20,20,2026,32,-2.327,-1.9,-2.327,0.409,20.0,0,0.661
tilt_a,aggressive,short,mixed,20,63,ALL,165,-1.781,-1.24,-1.779,0.355,20,0,0.61
tilt_a,aggressive,short,mixed,20,63,P1,91,-1.977,-2.83,-1.981,0.333,20,0,0.602
tilt_a,aggressive,short,mixed,20,63,P2,74,-1.539,-0.5,-1.531,0.383,20.0,0,0.622
tilt_a,aggressive,short,mixed,20,63,2023,40,-2.662,-6.82,-2.664,0.357,20.0,0,0.581
tilt_a,aggressive,short,mixed,20,63,2024,51,-1.44,-1.27,-1.446,0.314,20,0,0.615
tilt_a,aggressive,short,mixed,20,63,2025,50,1.679,0.45,1.692,0.434,20.0,0,0.607
tilt_a,aggressive,short,mixed,20,63,2026,24,-8.245,-3.44,-8.245,0.275,20.0,0,0.654
tilt_a,aggressive,short,stock,10,5,ALL,176,0.015,0.06,0.016,0.481,10.0,0,0.664
tilt_a,aggressive,short,stock,10,5,P1,91,0.086,0.32,0.088,0.463,10,0,0.668
tilt_a,aggressive,short,stock,10,5,P2,85,-0.061,-0.16,-0.061,0.499,10,0,0.66
tilt_a,aggressive,short,stock,10,5,2023,40,0.171,0.53,0.175,0.472,10.0,0,0.628
tilt_a,aggressive,short,stock,10,5,2024,51,0.02,0.05,0.02,0.457,10,0,0.696
tilt_a,aggressive,short,stock,10,5,2025,50,-0.048,-0.11,-0.048,0.512,10.0,0,0.651
tilt_a,aggressive,short,stock,10,5,2026,35,-0.081,-0.12,-0.081,0.48,10,0,0.668
tilt_a,aggressive,short,stock,10,20,ALL,173,-0.482,-0.85,-0.481,0.462,10,0,0.664
tilt_a,aggressive,short,stock,10,20,P1,91,0.014,0.02,0.017,0.489,10,0,0.668
tilt_a,aggressive,short,stock,10,20,P2,82,-1.033,-1.13,-1.033,0.432,10.0,0,0.659
tilt_a,aggressive,short,stock,10,20,2023,40,-0.654,-1.08,-0.648,0.469,10.0,0,0.628
tilt_a,aggressive,short,stock,10,20,2024,51,0.538,0.49,0.538,0.504,10,0,0.696
tilt_a,aggressive,short,stock,10,20,2025,50,-0.842,-0.7,-0.842,0.436,10.0,0,0.651
tilt_a,aggressive,short,stock,10,20,2026,32,-1.331,-0.94,-1.331,0.425,10.0,0,0.668
tilt_a,aggressive,short,stock,10,63,ALL,165,-0.379,-0.24,-0.38,0.424,10,0,0.663
tilt_a,aggressive,short,stock,10,63,P1,91,0.102,0.11,0.1,0.43,10,0,0.668
tilt_a,aggressive,short,stock,10,63,P2,74,-0.97,-0.3,-0.97,0.416,10.0,0,0.658
tilt_a,aggressive,short,stock,10,63,2023,40,-1.413,-1.82,-1.418,0.412,10.0,0,0.628
tilt_a,aggressive,short,stock,10,63,2024,51,1.289,1.17,1.289,0.445,10,0,0.696
tilt_a,aggressive,short,stock,10,63,2025,50,1.438,0.34,1.438,0.456,10.0,0,0.651
tilt_a,aggressive,short,stock,10,63,2026,24,-5.989,-1.88,-5.989,0.333,10.0,0,0.665
tilt_a,aggressive,short,stock,20,5,ALL,176,-0.112,-0.54,-0.112,0.476,20.0,1,0.611
tilt_a,aggressive,short,stock,20,5,P1,91,-0.056,-0.26,-0.056,0.465,20,0,0.605
tilt_a,aggressive,short,stock,20,5,P2,85,-0.171,-0.48,-0.171,0.488,20,1,0.618
tilt_a,aggressive,short,stock,20,5,2023,40,-0.171,-0.61,-0.17,0.471,20.0,0,0.581
tilt_a,aggressive,short,stock,20,5,2024,51,0.034,0.1,0.033,0.46,20,0,0.623
tilt_a,aggressive,short,stock,20,5,2025,50,0.121,0.29,0.117,0.497,20.0,1,0.59
tilt_a,aggressive,short,stock,20,5,2026,35,-0.589,-0.95,-0.583,0.475,20,0,0.66
tilt_a,aggressive,short,stock,20,20,ALL,173,-0.645,-1.2,-0.643,0.447,20,1,0.609
tilt_a,aggressive,short,stock,20,20,P1,91,-0.308,-0.52,-0.308,0.461,20,0,0.605
tilt_a,aggressive,short,stock,20,20,P2,82,-1.02,-1.11,-1.016,0.432,20.0,1,0.614
tilt_a,aggressive,short,stock,20,20,2023,40,-1.018,-1.94,-1.019,0.438,20.0,0,0.581
tilt_a,aggressive,short,stock,20,20,2024,51,0.249,0.27,0.25,0.478,20,0,0.623
tilt_a,aggressive,short,stock,20,20,2025,50,-0.321,-0.26,-0.319,0.442,20.0,1,0.59
tilt_a,aggressive,short,stock,20,20,2026,32,-2.113,-1.73,-2.105,0.416,20.0,0,0.653
tilt_a,aggressive,short,stock,20,63,ALL,165,-0.709,-0.47,-0.706,0.413,20,1,0.607
tilt_a,aggressive,short,stock,20,63,P1,91,-0.567,-0.71,-0.565,0.415,20,0,0.605
tilt_a,aggressive,short,stock,20,63,P2,74,-0.882,-0.28,-0.879,0.412,20.0,1,0.61
tilt_a,aggressive,short,stock,20,63,2023,40,-1.988,-3.08,-1.989,0.398,20.0,0,0.581
tilt_a,aggressive,short,stock,20,63,2024,51,0.547,0.56,0.553,0.428,20,0,0.623
tilt_a,aggressive,short,stock,20,63,2025,50,2.203,0.56,2.207,0.461,20.0,1,0.59
tilt_a,aggressive,short,stock,20,63,2026,24,-7.309,-2.38,-7.309,0.309,20.0,0,0.654
tilt_a,balanced,long,mixed,10,5,ALL,176,-0.056,-0.22,-0.055,0.454,10.0,0,0.632
tilt_a,balanced,long,mixed,10,5,P1,91,-0.151,-0.55,-0.149,0.426,10,0,0.63
tilt_a,balanced,long,mixed,10,5,P2,85,0.047,0.11,0.046,0.485,10,0,0.636
tilt_a,balanced,long,mixed,10,5,2023,40,-0.504,-1.68,-0.5,0.407,10.0,0,0.644
tilt_a,balanced,long,mixed,10,5,2024,51,0.125,0.29,0.127,0.44,10,0,0.616
tilt_a,balanced,long,mixed,10,5,2025,50,0.011,0.03,0.02,0.473,10.0,0,0.635
tilt_a,balanced,long,mixed,10,5,2026,35,0.098,0.12,0.082,0.502,10,0,0.638
tilt_a,balanced,long,mixed,10,20,ALL,173,-0.094,-0.15,-0.103,0.407,10,0,0.631
tilt_a,balanced,long,mixed,10,20,P1,91,-0.114,-0.15,-0.112,0.385,10,0,0.63
tilt_a,balanced,long,mixed,10,20,P2,82,-0.072,-0.07,-0.092,0.432,10.0,0,0.633
tilt_a,balanced,long,mixed,10,20,2023,40,-1.1,-2.3,-1.094,0.401,10.0,0,0.644
tilt_a,balanced,long,mixed,10,20,2024,51,0.659,0.53,0.658,0.373,10,0,0.616
tilt_a,balanced,long,mixed,10,20,2025,50,-0.357,-0.26,-0.379,0.41,10.0,0,0.635
tilt_a,balanced,long,mixed,10,20,2026,32,0.373,0.23,0.356,0.466,10.0,0,0.632
tilt_a,balanced,long,mixed,10,63,ALL,165,-0.24,-0.19,-0.249,0.37,10,0,0.629
tilt_a,balanced,long,mixed,10,63,P1,91,-0.323,-0.31,-0.31,0.358,10,0,0.63
tilt_a,balanced,long,mixed,10,63,P2,74,-0.138,-0.06,-0.173,0.385,10.0,0,0.63
tilt_a,balanced,long,mixed,10,63,2023,40,-1.523,-1.42,-1.516,0.379,10.0,0,0.644
tilt_a,balanced,long,mixed,10,63,2024,51,0.619,0.41,0.636,0.342,10,0,0.616
tilt_a,balanced,long,mixed,10,63,2025,50,1.777,0.57,1.746,0.412,10.0,0,0.635
tilt_a,balanced,long,mixed,10,63,2026,24,-4.126,-1.3,-4.173,0.327,10.0,0,0.622
tilt_a,balanced,long,mixed,20,5,ALL,176,-0.07,-0.35,-0.071,0.461,20.0,0,0.594
tilt_a,balanced,long,mixed,20,5,P1,91,-0.189,-0.87,-0.19,0.436,20,0,0.584
tilt_a,balanced,long,mixed,20,5,P2,85,0.058,0.17,0.056,0.489,20,0,0.605
tilt_a,balanced,long,mixed,20,5,2023,40,-0.368,-1.39,-0.371,0.441,20.0,0,0.582
tilt_a,balanced,long,mixed,20,5,2024,51,-0.048,-0.15,-0.048,0.432,20,0,0.581
tilt_a,balanced,long,mixed,20,5,2025,50,0.029,0.09,0.031,0.477,20.0,0,0.604
tilt_a,balanced,long,mixed,20,5,2026,35,0.1,0.14,0.091,0.505,20,0,0.609
tilt_a,balanced,long,mixed,20,20,ALL,173,-0.197,-0.4,-0.199,0.418,20,0,0.593
tilt_a,balanced,long,mixed,20,20,P1,91,-0.276,-0.5,-0.276,0.402,20,0,0.584
tilt_a,balanced,long,mixed,20,20,P2,82,-0.108,-0.13,-0.112,0.436,20.0,0,0.603
tilt_a,balanced,long,mixed,20,20,2023,40,-0.97,-2.06,-0.974,0.424,20.0,0,0.582
tilt_a,balanced,long,mixed,20,20,2024,51,0.267,0.3,0.271,0.385,20,0,0.581
tilt_a,balanced,long,mixed,20,20,2025,50,-0.172,-0.15,-0.175,0.43,20.0,0,0.604
tilt_a,balanced,long,mixed,20,20,2026,32,-0.008,-0.01,-0.013,0.445,20.0,0,0.603
tilt_a,balanced,long,mixed,20,63,ALL,165,-0.356,-0.28,-0.357,0.381,20,0,0.591
tilt_a,balanced,long,mixed,20,63,P1,91,-0.828,-0.99,-0.83,0.362,20,0,0.584
tilt_a,balanced,long,mixed,20,63,P2,74,0.225,0.09,0.224,0.405,20.0,0,0.599
tilt_a,balanced,long,mixed,20,63,2023,40,-1.296,-1.18,-1.31,0.388,20.0,0,0.582
tilt_a,balanced,long,mixed,20,63,2024,51,-0.461,-0.39,-0.454,0.342,20,0,0.581
tilt_a,balanced,long,mixed,20,63,2025,50,2.393,0.75,2.396,0.442,20.0,0,0.604
tilt_a,balanced,long,mixed,20,63,2026,24,-4.292,-1.19,-4.301,0.329,20.0,0,0.591
tilt_a,balanced,long,stock,10,5,ALL,176,-0.031,-0.11,-0.032,0.471,10.0,1,0.606
tilt_a,balanced,long,stock,10,5,P1,91,-0.092,-0.31,-0.088,0.46,10,0,0.604
tilt_a,balanced,long,stock,10,5,P2,85,0.035,0.07,0.027,0.483,10,1,0.608
tilt_a,balanced,long,stock,10,5,2023,40,-0.49,-1.33,-0.484,0.434,10.0,0,0.608
tilt_a,balanced,long,stock,10,5,2024,51,0.219,0.5,0.222,0.48,10,0,0.6
tilt_a,balanced,long,stock,10,5,2025,50,-0.05,-0.11,-0.039,0.472,10.0,1,0.6
tilt_a,balanced,long,stock,10,5,2026,35,0.156,0.17,0.123,0.499,10,0,0.621
tilt_a,balanced,long,stock,10,20,ALL,173,0.338,0.5,0.324,0.48,10,1,0.605
tilt_a,balanced,long,stock,10,20,P1,91,0.774,0.97,0.778,0.508,10,0,0.604
tilt_a,balanced,long,stock,10,20,P2,82,-0.145,-0.13,-0.179,0.449,10.0,1,0.606
tilt_a,balanced,long,stock,10,20,2023,40,-0.585,-1.06,-0.585,0.456,10.0,0,0.608
tilt_a,balanced,long,stock,10,20,2024,51,1.839,1.42,1.847,0.548,10,0,0.6
tilt_a,balanced,long,stock,10,20,2025,50,-0.277,-0.19,-0.305,0.441,10.0,1,0.6
tilt_a,balanced,long,stock,10,20,2026,32,0.061,0.04,0.018,0.461,10.0,0,0.616
tilt_a,balanced,long,stock,10,63,ALL,165,1.974,1.47,1.963,0.461,10,1,0.605
tilt_a,balanced,long,stock,10,63,P1,91,2.534,2.32,2.556,0.486,10,0,0.604
tilt_a,balanced,long,stock,10,63,P2,74,1.286,0.48,1.233,0.431,10.0,1,0.607
tilt_a,balanced,long,stock,10,63,2023,40,0.981,0.9,0.993,0.474,10.0,0,0.608
tilt_a,balanced,long,stock,10,63,2024,51,3.752,2.78,3.782,0.496,10,0,0.6
tilt_a,balanced,long,stock,10,63,2025,50,3.27,0.98,3.215,0.455,10.0,1,0.6
tilt_a,balanced,long,stock,10,63,2026,24,-2.847,-0.73,-2.897,0.382,10.0,0,0.622
tilt_a,balanced,long,stock,20,5,ALL,176,0.012,0.06,0.011,0.488,20.0,1,0.569
tilt_a,balanced,long,stock,20,5,P1,91,-0.053,-0.23,-0.054,0.474,20,0,0.553
tilt_a,balanced,long,stock,20,5,P2,85,0.081,0.23,0.082,0.503,20,1,0.585
tilt_a,balanced,long,stock,20,5,2023,40,-0.353,-1.21,-0.357,0.457,20.0,0,0.555
tilt_a,balanced,long,stock,20,5,2024,51,0.182,0.54,0.183,0.488,20,0,0.551
tilt_a,balanced,long,stock,20,5,2025,50,-0.006,-0.02,0.001,0.495,20.0,1,0.585
tilt_a,balanced,long,stock,20,5,2026,35,0.206,0.28,0.197,0.514,20,0,0.588
tilt_a,balanced,long,stock,20,20,ALL,173,0.216,0.41,0.202,0.472,20,1,0.568
tilt_a,balanced,long,stock,20,20,P1,91,0.315,0.5,0.315,0.489,20,0,0.553
tilt_a,balanced,long,stock,20,20,P2,82,0.107,0.12,0.078,0.454,20.0,1,0.585
tilt_a,balanced,long,stock,20,20,2023,40,-0.941,-2.0,-0.947,0.453,20.0,0,0.555
tilt_a,balanced,long,stock,20,20,2024,51,1.301,1.32,1.305,0.516,20,0,0.551
tilt_a,balanced,long,stock,20,20,2025,50,0.009,0.01,-0.033,0.457,20.0,1,0.585
tilt_a,balanced,long,stock,20,20,2026,32,0.259,0.18,0.251,0.448,20.0,0,0.587
tilt_a,balanced,long,stock,20,63,ALL,165,1.513,1.05,1.479,0.459,20,1,0.565
tilt_a,balanced,long,stock,20,63,P1,91,1.426,1.22,1.427,0.466,20,0,0.553
tilt_a,balanced,long,stock,20,63,P2,74,1.619,0.58,1.543,0.45,20.0,1,0.579
tilt_a,balanced,long,stock,20,63,2023,40,0.239,0.15,0.231,0.446,20.0,0,0.555
tilt_a,balanced,long,stock,20,63,2024,51,2.358,1.94,2.366,0.481,20,0,0.551
tilt_a,balanced,long,stock,20,63,2025,50,3.987,1.18,3.874,0.486,20.0,1,0.585
tilt_a,balanced,long,stock,20,63,2026,24,-3.313,-0.8,-3.315,0.375,20.0,0,0.572
tilt_a,balanced,mid,mixed,10,5,ALL,176,0.019,0.08,0.021,0.451,10.0,0,0.66
tilt_a,balanced,mid,mixed,10,5,P1,91,-0.196,-0.75,-0.195,0.417,10,0,0.65
tilt_a,balanced,mid,mixed,10,5,P2,85,0.251,0.64,0.253,0.487,10,0,0.673
tilt_a,balanced,mid,mixed,10,5,2023,40,-0.487,-1.69,-0.485,0.414,10.0,0,0.664
tilt_a,balanced,mid,mixed,10,5,2024,51,0.032,0.08,0.033,0.419,10,0,0.636
tilt_a,balanced,mid,mixed,10,5,2025,50,0.245,0.59,0.254,0.489,10.0,0,0.686
tilt_a,balanced,mid,mixed,10,5,2026,35,0.259,0.35,0.251,0.483,10,0,0.653
tilt_a,balanced,mid,mixed,10,20,ALL,173,-0.347,-0.65,-0.352,0.386,10,0,0.659
tilt_a,balanced,mid,mixed,10,20,P1,91,-0.403,-0.61,-0.4,0.359,10,0,0.65
tilt_a,balanced,mid,mixed,10,20,P2,82,-0.284,-0.33,-0.299,0.416,10.0,0,0.672
tilt_a,balanced,mid,mixed,10,20,2023,40,-0.982,-2.2,-0.973,0.384,10.0,0,0.664
tilt_a,balanced,mid,mixed,10,20,2024,51,0.05,0.05,0.049,0.34,10,0,0.636
tilt_a,balanced,mid,mixed,10,20,2025,50,-0.493,-0.44,-0.514,0.404,10.0,0,0.686
tilt_a,balanced,mid,mixed,10,20,2026,32,0.043,0.03,0.037,0.433,10.0,0,0.648
tilt_a,balanced,mid,mixed,10,63,ALL,165,-1.017,-0.81,-1.027,0.354,10,0,0.657
tilt_a,balanced,mid,mixed,10,63,P1,91,-1.048,-1.06,-1.043,0.337,10,0,0.65
tilt_a,balanced,mid,mixed,10,63,P2,74,-0.978,-0.38,-1.008,0.375,10.0,0,0.668
tilt_a,balanced,mid,mixed,10,63,2023,40,-1.986,-1.68,-1.996,0.358,10.0,0,0.664
tilt_a,balanced,mid,mixed,10,63,2024,51,-0.313,-0.22,-0.295,0.321,10,0,0.636
tilt_a,balanced,mid,mixed,10,63,2025,50,1.145,0.36,1.116,0.4,10.0,0,0.686
tilt_a,balanced,mid,mixed,10,63,2026,24,-5.401,-1.93,-5.432,0.321,10.0,0,0.63
tilt_a,balanced,mid,mixed,20,5,ALL,176,-0.145,-0.74,-0.144,0.46,20.0,1,0.619
tilt_a,balanced,mid,mixed,20,5,P1,91,-0.288,-1.4,-0.284,0.43,20,1,0.612
tilt_a,balanced,mid,mixed,20,5,P2,85,0.008,0.02,0.006,0.491,20,0,0.627
tilt_a,balanced,mid,mixed,20,5,2023,40,-0.476,-1.89,-0.468,0.428,20.0,1,0.606
tilt_a,balanced,mid,mixed,20,5,2024,51,-0.14,-0.46,-0.14,0.433,20,0,0.612
tilt_a,balanced,mid,mixed,20,5,2025,50,-0.086,-0.26,-0.084,0.483,20.0,0,0.632
tilt_a,balanced,mid,mixed,20,5,2026,35,0.143,0.21,0.136,0.504,20,0,0.624
tilt_a,balanced,mid,mixed,20,20,ALL,173,-0.426,-0.87,-0.425,0.41,20,1,0.618
tilt_a,balanced,mid,mixed,20,20,P1,91,-0.594,-1.08,-0.592,0.384,20,1,0.612
tilt_a,balanced,mid,mixed,20,20,P2,82,-0.24,-0.29,-0.24,0.44,20.0,0,0.625
tilt_a,balanced,mid,mixed,20,20,2023,40,-1.114,-3.26,-1.116,0.413,20.0,1,0.606
tilt_a,balanced,mid,mixed,20,20,2024,51,-0.185,-0.2,-0.182,0.361,20,0,0.612
tilt_a,balanced,mid,mixed,20,20,2025,50,-0.394,-0.37,-0.39,0.44,20.0,0,0.632
tilt_a,balanced,mid,mixed,20,20,2026,32,-0.001,-0.0,-0.006,0.439,20.0,0,0.616
tilt_a,balanced,mid,mixed,20,63,ALL,165,-0.837,-0.64,-0.831,0.369,20,1,0.616
tilt_a,balanced,mid,mixed,20,63,P1,91,-1.438,-1.98,-1.436,0.346,20,1,0.612
tilt_a,balanced,mid,mixed,20,63,P2,74,-0.098,-0.04,-0.087,0.397,20.0,0,0.621
tilt_a,balanced,mid,mixed,20,63,2023,40,-1.982,-2.43,-1.987,0.38,20.0,1,0.606
tilt_a,balanced,mid,mixed,20,63,2024,51,-1.012,-0.93,-1.003,0.319,20,0,0.612
tilt_a,balanced,mid,mixed,20,63,2025,50,2.09,0.6,2.114,0.441,20.0,0,0.632
tilt_a,balanced,mid,mixed,20,63,2026,24,-4.656,-1.42,-4.672,0.306,20.0,0,0.6
tilt_a,balanced,mid,stock,10,5,ALL,176,0.049,0.19,0.05,0.473,10.0,1,0.642
tilt_a,balanced,mid,stock,10,5,P1,91,-0.054,-0.19,-0.05,0.456,10,0,0.646
tilt_a,balanced,mid,stock,10,5,P2,85,0.158,0.36,0.156,0.49,10,1,0.64
tilt_a,balanced,mid,stock,10,5,2023,40,-0.44,-1.17,-0.435,0.442,10.0,0,0.649
tilt_a,balanced,mid,stock,10,5,2024,51,0.249,0.61,0.252,0.468,10,0,0.642
tilt_a,balanced,mid,stock,10,5,2025,50,-0.013,-0.03,-0.002,0.486,10.0,1,0.629
tilt_a,balanced,mid,stock,10,5,2026,35,0.403,0.47,0.383,0.497,10,0,0.659
tilt_a,balanced,mid,stock,10,20,ALL,173,0.25,0.38,0.24,0.463,10,1,0.641
tilt_a,balanced,mid,stock,10,20,P1,91,0.659,0.8,0.665,0.487,10,0,0.646
tilt_a,balanced,mid,stock,10,20,P2,82,-0.205,-0.2,-0.233,0.436,10.0,1,0.638
tilt_a,balanced,mid,stock,10,20,2023,40,-0.832,-1.31,-0.827,0.439,10.0,0,0.649
tilt_a,balanced,mid,stock,10,20,2024,51,1.829,1.4,1.835,0.525,10,0,0.642
tilt_a,balanced,mid,stock,10,20,2025,50,-0.685,-0.51,-0.713,0.423,10.0,1,0.629
tilt_a,balanced,mid,stock,10,20,2026,32,0.545,0.34,0.518,0.455,10.0,0,0.655
tilt_a,balanced,mid,stock,10,63,ALL,165,1.446,1.06,1.438,0.456,10,1,0.64
tilt_a,balanced,mid,stock,10,63,P1,91,2.153,1.95,2.175,0.477,10,0,0.646
tilt_a,balanced,mid,stock,10,63,P2,74,0.577,0.21,0.532,0.43,10.0,1,0.634
tilt_a,balanced,mid,stock,10,63,2023,40,0.54,0.66,0.555,0.467,10.0,0,0.649
tilt_a,balanced,mid,stock,10,63,2024,51,3.418,2.19,3.445,0.486,10,0,0.642
tilt_a,balanced,mid,stock,10,63,2025,50,2.599,0.79,2.544,0.455,10.0,1,0.629
tilt_a,balanced,mid,stock,10,63,2026,24,-3.635,-0.99,-3.659,0.379,10.0,0,0.648
tilt_a,balanced,mid,stock,20,5,ALL,176,-0.06,-0.28,-0.056,0.487,20.0,3,0.598
tilt_a,balanced,mid,stock,20,5,P1,91,-0.126,-0.57,-0.121,0.473,20,1,0.593
tilt_a,balanced,mid,stock,20,5,P2,85,0.011,0.03,0.015,0.503,20,2,0.605
tilt_a,balanced,mid,stock,20,5,2023,40,-0.297,-1.04,-0.286,0.462,20.0,1,0.579
tilt_a,balanced,mid,stock,20,5,2024,51,0.008,0.02,0.008,0.481,20,0,0.605
tilt_a,balanced,mid,stock,20,5,2025,50,-0.048,-0.13,-0.035,0.5,20.0,2,0.604
tilt_a,balanced,mid,stock,20,5,2026,35,0.096,0.13,0.085,0.507,20,0,0.609
tilt_a,balanced,mid,stock,20,20,ALL,173,0.005,0.01,-0.007,0.47,20,3,0.597
tilt_a,balanced,mid,stock,20,20,P1,91,0.054,0.08,0.056,0.484,20,1,0.593
tilt_a,balanced,mid,stock,20,20,P2,82,-0.05,-0.06,-0.076,0.454,20.0,2,0.603
tilt_a,balanced,mid,stock,20,20,2023,40,-0.88,-2.21,-0.879,0.456,20.0,1,0.579
tilt_a,balanced,mid,stock,20,20,2024,51,0.786,0.72,0.789,0.505,20,0,0.605
tilt_a,balanced,mid,stock,20,20,2025,50,-0.07,-0.06,-0.106,0.462,20.0,2,0.604
tilt_a,balanced,mid,stock,20,20,2026,32,-0.019,-0.01,-0.03,0.442,20.0,0,0.605
tilt_a,balanced,mid,stock,20,63,ALL,165,1.059,0.72,1.02,0.448,20,3,0.595
tilt_a,balanced,mid,stock,20,63,P1,91,1.047,0.99,1.056,0.455,20,1,0.593
tilt_a,balanced,mid,stock,20,63,P2,74,1.074,0.36,0.975,0.44,20.0,2,0.599
tilt_a,balanced,mid,stock,20,63,2023,40,0.018,0.01,0.029,0.442,20.0,1,0.579
tilt_a,balanced,mid,stock,20,63,2024,51,1.854,1.65,1.862,0.464,20,0,0.605
tilt_a,balanced,mid,stock,20,63,2025,50,3.749,1.02,3.61,0.485,20.0,2,0.604
tilt_a,balanced,mid,stock,20,63,2026,24,-4.497,-1.2,-4.513,0.346,20.0,0,0.593
tilt_a,balanced,short,mixed,10,5,ALL,176,-0.146,-0.66,-0.146,0.447,10.0,0,0.705
tilt_a,balanced,short,mixed,10,5,P1,91,-0.148,-0.58,-0.149,0.416,10,0,0.682
tilt_a,balanced,short,mixed,10,5,P2,85,-0.143,-0.39,-0.143,0.481,10,0,0.727
tilt_a,balanced,short,mixed,10,5,2023,40,-0.255,-0.99,-0.255,0.415,10.0,0,0.669
tilt_a,balanced,short,mixed,10,5,2024,51,-0.065,-0.16,-0.066,0.416,10,0,0.69
tilt_a,balanced,short,mixed,10,5,2025,50,-0.003,-0.01,-0.003,0.496,10.0,0,0.72
tilt_a,balanced,short,mixed,10,5,2026,35,-0.343,-0.51,-0.343,0.46,10,0,0.732
tilt_a,balanced,short,mixed,10,20,ALL,173,-0.756,-1.5,-0.758,0.386,10,0,0.705
tilt_a,balanced,short,mixed,10,20,P1,91,-0.397,-0.63,-0.401,0.369,10,0,0.682
tilt_a,balanced,short,mixed,10,20,P2,82,-1.154,-1.46,-1.154,0.404,10.0,0,0.728
tilt_a,balanced,short,mixed,10,20,2023,40,-0.677,-1.61,-0.677,0.41,10.0,0,0.669
tilt_a,balanced,short,mixed,10,20,2024,51,-0.178,-0.16,-0.184,0.338,10,0,0.69
tilt_a,balanced,short,mixed,10,20,2025,50,-1.194,-1.16,-1.194,0.4,10.0,0,0.72
tilt_a,balanced,short,mixed,10,20,2026,32,-1.091,-0.89,-1.091,0.409,10.0,0,0.735
tilt_a,balanced,short,mixed,10,63,ALL,165,-1.92,-1.44,-1.917,0.335,10,0,0.702
tilt_a,balanced,short,mixed,10,63,P1,91,-1.942,-2.01,-1.937,0.311,10,0,0.682
tilt_a,balanced,short,mixed,10,63,P2,74,-1.894,-0.7,-1.894,0.365,10.0,0,0.726
tilt_a,balanced,short,mixed,10,63,2023,40,-3.077,-4.37,-3.077,0.312,10.0,0,0.669
tilt_a,balanced,short,mixed,10,63,2024,51,-1.052,-0.71,-1.043,0.311,10,0,0.69
tilt_a,balanced,short,mixed,10,63,2025,50,0.68,0.2,0.68,0.408,10.0,0,0.72
tilt_a,balanced,short,mixed,10,63,2026,24,-7.256,-5.17,-7.256,0.275,10.0,0,0.73
tilt_a,balanced,short,mixed,20,5,ALL,176,-0.107,-0.59,-0.102,0.454,20.0,1,0.647
tilt_a,balanced,short,mixed,20,5,P1,91,-0.15,-0.73,-0.143,0.432,20,1,0.644
tilt_a,balanced,short,mixed,20,5,P2,85,-0.061,-0.2,-0.058,0.477,20,0,0.651
tilt_a,balanced,short,mixed,20,5,2023,40,-0.216,-0.93,-0.201,0.445,20.0,1,0.635
tilt_a,balanced,short,mixed,20,5,2024,51,-0.098,-0.31,-0.098,0.421,20,0,0.651
tilt_a,balanced,short,mixed,20,5,2025,50,-0.045,-0.14,-0.043,0.474,20.0,0,0.636
tilt_a,balanced,short,mixed,20,5,2026,35,-0.085,-0.15,-0.079,0.482,20,0,0.675
tilt_a,balanced,short,mixed,20,20,ALL,173,-0.669,-1.51,-0.672,0.398,20,1,0.645
tilt_a,balanced,short,mixed,20,20,P1,91,-0.635,-1.17,-0.641,0.368,20,1,0.644
tilt_a,balanced,short,mixed,20,20,P2,82,-0.707,-0.98,-0.706,0.43,20.0,0,0.648
tilt_a,balanced,short,mixed,20,20,2023,40,-0.745,-2.02,-0.757,0.403,20.0,1,0.635
tilt_a,balanced,short,mixed,20,20,2024,51,-0.549,-0.6,-0.55,0.341,20,0,0.651
tilt_a,balanced,short,mixed,20,20,2025,50,-0.526,-0.53,-0.527,0.434,20.0,0,0.636
tilt_a,balanced,short,mixed,20,20,2026,32,-0.991,-1.0,-0.987,0.424,20.0,0,0.669
tilt_a,balanced,short,mixed,20,63,ALL,165,-1.731,-1.37,-1.726,0.353,20,1,0.642
tilt_a,balanced,short,mixed,20,63,P1,91,-2.127,-3.09,-2.125,0.324,20,1,0.644
tilt_a,balanced,short,mixed,20,63,P2,74,-1.245,-0.47,-1.235,0.39,20.0,0,0.642
tilt_a,balanced,short,mixed,20,63,2023,40,-2.459,-5.17,-2.454,0.343,20.0,1,0.635
tilt_a,balanced,short,mixed,20,63,2024,51,-1.866,-1.61,-1.867,0.308,20,0,0.651
tilt_a,balanced,short,mixed,20,63,2025,50,1.522,0.46,1.543,0.434,20.0,0,0.636
tilt_a,balanced,short,mixed,20,63,2026,24,-7.009,-5.14,-7.022,0.298,20.0,0,0.659
tilt_a,balanced,short,stock,10,5,ALL,176,-0.01,-0.04,-0.004,0.487,10.0,0,0.706
tilt_a,balanced,short,stock,10,5,P1,91,0.015,0.06,0.016,0.465,10,0,0.7
tilt_a,balanced,short,stock,10,5,P2,85,-0.038,-0.09,-0.025,0.511,10,0,0.711
tilt_a,balanced,short,stock,10,5,2023,40,-0.137,-0.48,-0.133,0.452,10.0,0,0.672
tilt_a,balanced,short,stock,10,5,2024,51,0.135,0.32,0.133,0.475,10,0,0.72
tilt_a,balanced,short,stock,10,5,2025,50,-0.039,-0.09,-0.017,0.525,10.0,0,0.698
tilt_a,balanced,short,stock,10,5,2026,35,-0.036,-0.05,-0.036,0.491,10,0,0.724
tilt_a,balanced,short,stock,10,20,ALL,173,-0.353,-0.62,-0.352,0.462,10,0,0.705
tilt_a,balanced,short,stock,10,20,P1,91,0.108,0.16,0.107,0.481,10,0,0.7
tilt_a,balanced,short,stock,10,20,P2,82,-0.865,-0.94,-0.862,0.441,10.0,0,0.709
tilt_a,balanced,short,stock,10,20,2023,40,-0.287,-0.43,-0.279,0.471,10.0,0,0.672
tilt_a,balanced,short,stock,10,20,2024,51,0.419,0.38,0.411,0.489,10,0,0.72
tilt_a,balanced,short,stock,10,20,2025,50,-1.123,-0.9,-1.119,0.433,10.0,0,0.698
tilt_a,balanced,short,stock,10,20,2026,32,-0.461,-0.36,-0.461,0.453,10.0,0,0.719
tilt_a,balanced,short,stock,10,63,ALL,165,0.424,0.26,0.462,0.436,10,0,0.704
tilt_a,balanced,short,stock,10,63,P1,91,0.917,0.83,0.931,0.437,10,0,0.7
tilt_a,balanced,short,stock,10,63,P2,74,-0.184,-0.06,-0.114,0.436,10.0,0,0.707
tilt_a,balanced,short,stock,10,63,2023,40,-0.153,-0.13,-0.131,0.422,10.0,0,0.672
tilt_a,balanced,short,stock,10,63,2024,51,1.757,1.15,1.764,0.448,10,0,0.72
tilt_a,balanced,short,stock,10,63,2025,50,2.942,0.73,3.044,0.481,10.0,0,0.698
tilt_a,balanced,short,stock,10,63,2026,24,-6.695,-2.91,-6.695,0.342,10.0,0,0.717
tilt_a,balanced,short,stock,20,5,ALL,176,-0.107,-0.56,-0.101,0.475,20.0,2,0.633
tilt_a,balanced,short,stock,20,5,P1,91,-0.2,-0.97,-0.192,0.458,20,1,0.639
tilt_a,balanced,short,stock,20,5,P2,85,-0.008,-0.02,-0.003,0.494,20,1,0.628
tilt_a,balanced,short,stock,20,5,2023,40,-0.388,-1.38,-0.37,0.456,20.0,1,0.624
tilt_a,balanced,short,stock,20,5,2024,51,-0.053,-0.18,-0.053,0.46,20,0,0.65
tilt_a,balanced,short,stock,20,5,2025,50,0.002,0.01,0.005,0.489,20.0,1,0.615
tilt_a,balanced,short,stock,20,5,2026,35,-0.021,-0.03,-0.015,0.501,20,0,0.65
tilt_a,balanced,short,stock,20,20,ALL,173,-0.484,-1.03,-0.491,0.449,20,2,0.631
tilt_a,balanced,short,stock,20,20,P1,91,-0.262,-0.45,-0.267,0.458,20,1,0.639
tilt_a,balanced,short,stock,20,20,P2,82,-0.73,-0.98,-0.74,0.439,20.0,1,0.625
tilt_a,balanced,short,stock,20,20,2023,40,-1.017,-2.0,-1.029,0.435,20.0,1,0.624
tilt_a,balanced,short,stock,20,20,2024,51,0.33,0.35,0.332,0.476,20,0,0.65
tilt_a,balanced,short,stock,20,20,2025,50,-0.527,-0.52,-0.547,0.446,20.0,1,0.615
tilt_a,balanced,short,stock,20,20,2026,32,-1.046,-1.01,-1.042,0.429,20.0,0,0.644
tilt_a,balanced,short,stock,20,63,ALL,165,-0.55,-0.4,-0.569,0.42,20,2,0.63
tilt_a,balanced,short,stock,20,63,P1,91,-0.503,-0.69,-0.491,0.421,20,1,0.639
tilt_a,balanced,short,stock,20,63,P2,74,-0.608,-0.21,-0.665,0.418,20.0,1,0.621
tilt_a,balanced,short,stock,20,63,2023,40,-1.548,-2.28,-1.526,0.398,20.0,1,0.624
tilt_a,balanced,short,stock,20,63,2024,51,0.317,0.34,0.321,0.439,20,0,0.65
tilt_a,balanced,short,stock,20,63,2025,50,2.47,0.7,2.392,0.466,20.0,1,0.615
tilt_a,balanced,short,stock,20,63,2026,24,-7.02,-3.96,-7.033,0.317,20.0,0,0.639
tilt_a_r0,aggressive,long,mixed,10,5,ALL,176,-0.174,-0.74,-0.172,0.456,10.0,0,0.632
tilt_a_r0,aggressive,long,mixed,10,5,P1,91,-0.193,-0.77,-0.192,0.423,10,0,0.61
tilt_a_r0,aggressive,long,mixed,10,5,P2,85,-0.154,-0.38,-0.15,0.491,10,0,0.656
tilt_a_r0,aggressive,long,mixed,10,5,2023,40,-0.384,-1.13,-0.38,0.399,10.0,0,0.572
tilt_a_r0,aggressive,long,mixed,10,5,2024,51,-0.044,-0.12,-0.044,0.441,10,0,0.638
tilt_a_r0,aggressive,long,mixed,10,5,2025,50,0.035,0.08,0.042,0.491,10.0,0,0.641
tilt_a_r0,aggressive,long,mixed,10,5,2026,35,-0.425,-0.58,-0.425,0.491,10,0,0.676
tilt_a_r0,aggressive,long,mixed,10,20,ALL,173,-0.81,-1.34,-0.814,0.427,10,0,0.631
tilt_a_r0,aggressive,long,mixed,10,20,P1,91,-0.612,-0.81,-0.617,0.438,10,0,0.61
tilt_a_r0,aggressive,long,mixed,10,20,P2,82,-1.029,-1.07,-1.032,0.415,10.0,0,0.656
tilt_a_r0,aggressive,long,mixed,10,20,2023,40,-2.066,-2.54,-2.079,0.446,10.0,0,0.572
tilt_a_r0,aggressive,long,mixed,10,20,2024,51,0.529,0.49,0.529,0.431,10,0,0.638
tilt_a_r0,aggressive,long,mixed,10,20,2025,50,-0.334,-0.31,-0.338,0.419,10.0,0,0.641
tilt_a_r0,aggressive,long,mixed,10,20,2026,32,-2.117,-1.21,-2.117,0.409,10.0,0,0.677
tilt_a_r0,aggressive,long,mixed,10,63,ALL,165,-0.296,-0.18,-0.302,0.393,10,0,0.632
tilt_a_r0,aggressive,long,mixed,10,63,P1,91,-0.647,-0.49,-0.653,0.391,10,0,0.61
tilt_a_r0,aggressive,long,mixed,10,63,P2,74,0.135,0.04,0.13,0.396,10.0,0,0.659
tilt_a_r0,aggressive,long,mixed,10,63,2023,40,-1.627,-0.81,-1.641,0.431,10.0,0,0.572
tilt_a_r0,aggressive,long,mixed,10,63,2024,51,0.121,0.1,0.121,0.359,10,0,0.638
tilt_a_r0,aggressive,long,mixed,10,63,2025,50,3.33,0.84,3.323,0.464,10.0,0,0.641
tilt_a_r0,aggressive,long,mixed,10,63,2026,24,-6.522,-2.51,-6.522,0.254,10.0,0,0.696
tilt_a_r0,aggressive,long,mixed,20,5,ALL,176,-0.025,-0.14,-0.025,0.473,20.0,0,0.593
tilt_a_r0,aggressive,long,mixed,20,5,P1,91,-0.196,-1.09,-0.197,0.444,20,0,0.581
tilt_a_r0,aggressive,long,mixed,20,5,P2,85,0.158,0.48,0.16,0.505,20,0,0.606
tilt_a_r0,aggressive,long,mixed,20,5,2023,40,-0.406,-1.84,-0.409,0.43,20.0,0,0.56
tilt_a_r0,aggressive,long,mixed,20,5,2024,51,-0.031,-0.12,-0.031,0.455,20,0,0.597
tilt_a_r0,aggressive,long,mixed,20,5,2025,50,0.259,0.77,0.263,0.503,20.0,0,0.591
tilt_a_r0,aggressive,long,mixed,20,5,2026,35,0.014,0.02,0.014,0.509,20,0,0.628
tilt_a_r0,aggressive,long,mixed,20,20,ALL,173,-0.344,-0.68,-0.347,0.43,20,0,0.592
tilt_a_r0,aggressive,long,mixed,20,20,P1,91,-0.385,-0.68,-0.387,0.436,20,0,0.581
tilt_a_r0,aggressive,long,mixed,20,20,P2,82,-0.298,-0.35,-0.302,0.424,20.0,0,0.604
tilt_a_r0,aggressive,long,mixed,20,20,2023,40,-1.402,-2.83,-1.408,0.448,20.0,0,0.56
tilt_a_r0,aggressive,long,mixed,20,20,2024,51,0.413,0.47,0.413,0.425,20,0,0.597
tilt_a_r0,aggressive,long,mixed,20,20,2025,50,0.049,0.05,0.042,0.418,20.0,0,0.591
tilt_a_r0,aggressive,long,mixed,20,20,2026,32,-0.841,-0.55,-0.841,0.433,20.0,0,0.626
tilt_a_r0,aggressive,long,mixed,20,63,ALL,165,0.192,0.12,0.187,0.408,20,0,0.59
tilt_a_r0,aggressive,long,mixed,20,63,P1,91,-0.389,-0.31,-0.395,0.399,20,0,0.581
tilt_a_r0,aggressive,long,mixed,20,63,P2,74,0.908,0.29,0.902,0.419,20.0,0,0.603
tilt_a_r0,aggressive,long,mixed,20,63,2023,40,-1.083,-0.64,-1.095,0.447,20.0,0,0.56
tilt_a_r0,aggressive,long,mixed,20,63,2024,51,0.154,0.12,0.154,0.362,20,0,0.597
tilt_a_r0,aggressive,long,mixed,20,63,2025,50,3.588,0.88,3.58,0.48,20.0,0,0.591
tilt_a_r0,aggressive,long,mixed,20,63,2026,24,-4.676,-1.7,-4.676,0.292,20.0,0,0.628
tilt_a_r0,aggressive,long,stock,10,5,ALL,176,-0.112,-0.42,-0.112,0.471,10.0,0,0.569
tilt_a_r0,aggressive,long,stock,10,5,P1,91,-0.049,-0.18,-0.052,0.47,10,0,0.549
tilt_a_r0,aggressive,long,stock,10,5,P2,85,-0.18,-0.38,-0.176,0.473,10,0,0.59
tilt_a_r0,aggressive,long,stock,10,5,2023,40,-0.201,-0.57,-0.208,0.459,10.0,0,0.538
tilt_a_r0,aggressive,long,stock,10,5,2024,51,0.071,0.17,0.071,0.478,10,0,0.556
tilt_a_r0,aggressive,long,stock,10,5,2025,50,-0.023,-0.05,-0.016,0.475,10.0,0,0.563
tilt_a_r0,aggressive,long,stock,10,5,2026,35,-0.404,-0.45,-0.404,0.469,10,0,0.626
tilt_a_r0,aggressive,long,stock,10,20,ALL,173,-0.371,-0.55,-0.378,0.461,10,0,0.57
tilt_a_r0,aggressive,long,stock,10,20,P1,91,0.204,0.28,0.197,0.498,10,0,0.549
tilt_a_r0,aggressive,long,stock,10,20,P2,82,-1.01,-0.88,-1.016,0.42,10.0,0,0.593
tilt_a_r0,aggressive,long,stock,10,20,2023,40,-0.955,-1.86,-0.972,0.472,10.0,0,0.538
tilt_a_r0,aggressive,long,stock,10,20,2024,51,1.114,0.94,1.114,0.518,10,0,0.556
tilt_a_r0,aggressive,long,stock,10,20,2025,50,-0.969,-0.82,-0.979,0.419,10.0,0,0.563
tilt_a_r0,aggressive,long,stock,10,20,2026,32,-1.073,-0.46,-1.073,0.422,10.0,0,0.635
tilt_a_r0,aggressive,long,stock,10,63,ALL,165,0.726,0.41,0.711,0.437,10,0,0.565
tilt_a_r0,aggressive,long,stock,10,63,P1,91,1.026,0.76,1.01,0.453,10,0,0.549
tilt_a_r0,aggressive,long,stock,10,63,P2,74,0.356,0.1,0.343,0.418,10.0,0,0.585
tilt_a_r0,aggressive,long,stock,10,63,2023,40,0.286,0.14,0.248,0.457,10.0,0,0.538
tilt_a_r0,aggressive,long,stock,10,63,2024,51,1.607,1.21,1.607,0.449,10,0,0.556
tilt_a_r0,aggressive,long,stock,10,63,2025,50,2.387,0.54,2.369,0.456,10.0,0,0.563
tilt_a_r0,aggressive,long,stock,10,63,2026,24,-3.876,-0.73,-3.876,0.337,10.0,0,0.626
tilt_a_r0,aggressive,long,stock,20,5,ALL,176,0.039,0.19,0.037,0.484,20.0,1,0.542
tilt_a_r0,aggressive,long,stock,20,5,P1,91,-0.061,-0.29,-0.061,0.472,20,0,0.532
tilt_a_r0,aggressive,long,stock,20,5,P2,85,0.146,0.4,0.143,0.497,20,1,0.552
tilt_a_r0,aggressive,long,stock,20,5,2023,40,-0.322,-1.19,-0.325,0.452,20.0,0,0.537
tilt_a_r0,aggressive,long,stock,20,5,2024,51,0.144,0.47,0.145,0.488,20,0,0.529
tilt_a_r0,aggressive,long,stock,20,5,2025,50,0.172,0.47,0.175,0.491,20.0,1,0.55
tilt_a_r0,aggressive,long,stock,20,5,2026,35,0.107,0.15,0.097,0.504,20,0,0.559
tilt_a_r0,aggressive,long,stock,20,20,ALL,173,0.169,0.29,0.164,0.464,20,1,0.541
tilt_a_r0,aggressive,long,stock,20,20,P1,91,0.392,0.63,0.392,0.489,20,0,0.532
tilt_a_r0,aggressive,long,stock,20,20,P2,82,-0.079,-0.08,-0.089,0.437,20.0,1,0.551
tilt_a_r0,aggressive,long,stock,20,20,2023,40,-0.918,-2.26,-0.925,0.445,20.0,0,0.537
tilt_a_r0,aggressive,long,stock,20,20,2024,51,1.42,1.46,1.425,0.523,20,0,0.529
tilt_a_r0,aggressive,long,stock,20,20,2025,50,0.225,0.2,0.216,0.44,20.0,1,0.55
tilt_a_r0,aggressive,long,stock,20,20,2026,32,-0.554,-0.3,-0.566,0.431,20.0,0,0.556
tilt_a_r0,aggressive,long,stock,20,63,ALL,165,1.948,1.11,1.949,0.458,20,1,0.538
tilt_a_r0,aggressive,long,stock,20,63,P1,91,1.749,1.29,1.751,0.467,20,0,0.532
tilt_a_r0,aggressive,long,stock,20,63,P2,74,2.192,0.63,2.192,0.447,20.0,1,0.547
tilt_a_r0,aggressive,long,stock,20,63,2023,40,0.296,0.14,0.287,0.443,20.0,0,0.537
tilt_a_r0,aggressive,long,stock,20,63,2024,51,2.888,2.59,2.899,0.485,20,0,0.529
tilt_a_r0,aggressive,long,stock,20,63,2025,50,4.235,1.05,4.221,0.481,20.0,1,0.55
tilt_a_r0,aggressive,long,stock,20,63,2026,24,-2.063,-0.34,-2.035,0.375,20.0,0,0.543
tilt_a_r0,aggressive,mid,mixed,10,5,ALL,176,-0.106,-0.46,-0.106,0.455,10.0,0,0.651
tilt_a_r0,aggressive,mid,mixed,10,5,P1,91,-0.151,-0.58,-0.151,0.414,10,0,0.629
tilt_a_r0,aggressive,mid,mixed,10,5,P2,85,-0.059,-0.15,-0.059,0.498,10,0,0.675
tilt_a_r0,aggressive,mid,mixed,10,5,2023,40,-0.26,-0.8,-0.26,0.4,10.0,0,0.597
tilt_a_r0,aggressive,mid,mixed,10,5,2024,51,-0.065,-0.17,-0.065,0.425,10,0,0.652
tilt_a_r0,aggressive,mid,mixed,10,5,2025,50,0.086,0.19,0.086,0.494,10.0,0,0.667
tilt_a_r0,aggressive,mid,mixed,10,5,2026,35,-0.267,-0.39,-0.267,0.503,10,0,0.685
tilt_a_r0,aggressive,mid,mixed,10,20,ALL,173,-0.609,-1.05,-0.609,0.426,10,0,0.649
tilt_a_r0,aggressive,mid,mixed,10,20,P1,91,-0.374,-0.51,-0.374,0.441,10,0,0.629
tilt_a_r0,aggressive,mid,mixed,10,20,P2,82,-0.869,-0.95,-0.869,0.41,10.0,0,0.673
tilt_a_r0,aggressive,mid,mixed,10,20,2023,40,-1.458,-1.85,-1.458,0.465,10.0,0,0.597
tilt_a_r0,aggressive,mid,mixed,10,20,2024,51,0.476,0.43,0.476,0.422,10,0,0.652
tilt_a_r0,aggressive,mid,mixed,10,20,2025,50,-0.252,-0.23,-0.252,0.414,10.0,0,0.667
tilt_a_r0,aggressive,mid,mixed,10,20,2026,32,-1.834,-1.22,-1.834,0.403,10.0,0,0.681
tilt_a_r0,aggressive,mid,mixed,10,63,ALL,165,-0.494,-0.32,-0.494,0.396,10,0,0.648
tilt_a_r0,aggressive,mid,mixed,10,63,P1,91,-0.917,-0.87,-0.917,0.385,10,0,0.629
tilt_a_r0,aggressive,mid,mixed,10,63,P2,74,0.025,0.01,0.025,0.409,10.0,0,0.671
tilt_a_r0,aggressive,mid,mixed,10,63,2023,40,-2.14,-1.5,-2.14,0.425,10.0,0,0.597
tilt_a_r0,aggressive,mid,mixed,10,63,2024,51,0.043,0.04,0.043,0.353,10,0,0.652
tilt_a_r0,aggressive,mid,mixed,10,63,2025,50,3.438,0.94,3.438,0.486,10.0,0,0.667
tilt_a_r0,aggressive,mid,mixed,10,63,2026,24,-7.085,-3.34,-7.085,0.25,10.0,0,0.678
tilt_a_r0,aggressive,mid,mixed,20,5,ALL,176,-0.022,-0.12,-0.022,0.474,20.0,0,0.606
tilt_a_r0,aggressive,mid,mixed,20,5,P1,91,-0.152,-0.82,-0.154,0.443,20,0,0.603
tilt_a_r0,aggressive,mid,mixed,20,5,P2,85,0.118,0.38,0.12,0.507,20,0,0.611
tilt_a_r0,aggressive,mid,mixed,20,5,2023,40,-0.255,-1.04,-0.258,0.441,20.0,0,0.564
tilt_a_r0,aggressive,mid,mixed,20,5,2024,51,-0.072,-0.27,-0.072,0.444,20,0,0.632
tilt_a_r0,aggressive,mid,mixed,20,5,2025,50,0.247,0.7,0.252,0.514,20.0,0,0.59
tilt_a_r0,aggressive,mid,mixed,20,5,2026,35,-0.067,-0.12,-0.069,0.497,20,0,0.644
tilt_a_r0,aggressive,mid,mixed,20,20,ALL,173,-0.541,-1.1,-0.543,0.431,20,0,0.606
tilt_a_r0,aggressive,mid,mixed,20,20,P1,91,-0.392,-0.7,-0.392,0.435,20,0,0.603
tilt_a_r0,aggressive,mid,mixed,20,20,P2,82,-0.707,-0.84,-0.711,0.426,20.0,0,0.61
tilt_a_r0,aggressive,mid,mixed,20,20,2023,40,-1.329,-2.62,-1.335,0.453,20.0,0,0.564
tilt_a_r0,aggressive,mid,mixed,20,20,2024,51,0.344,0.4,0.347,0.421,20,0,0.632
tilt_a_r0,aggressive,mid,mixed,20,20,2025,50,-0.583,-0.62,-0.588,0.421,20.0,0,0.59
tilt_a_r0,aggressive,mid,mixed,20,20,2026,32,-0.9,-0.58,-0.903,0.434,20.0,0,0.644
tilt_a_r0,aggressive,mid,mixed,20,63,ALL,165,-0.117,-0.07,-0.12,0.403,20,0,0.604
tilt_a_r0,aggressive,mid,mixed,20,63,P1,91,-0.734,-0.73,-0.737,0.391,20,0,0.603
tilt_a_r0,aggressive,mid,mixed,20,63,P2,74,0.642,0.2,0.638,0.418,20.0,0,0.608
tilt_a_r0,aggressive,mid,mixed,20,63,2023,40,-1.55,-1.11,-1.564,0.434,20.0,0,0.564
tilt_a_r0,aggressive,mid,mixed,20,63,2024,51,-0.095,-0.09,-0.089,0.357,20,0,0.632
tilt_a_r0,aggressive,mid,mixed,20,63,2025,50,3.384,0.82,3.38,0.485,20.0,0,0.59
tilt_a_r0,aggressive,mid,mixed,20,63,2026,24,-5.07,-1.65,-5.074,0.276,20.0,0,0.648
tilt_a_r0,aggressive,mid,stock,10,5,ALL,176,0.036,0.14,0.041,0.474,10.0,0,0.58
tilt_a_r0,aggressive,mid,stock,10,5,P1,91,0.021,0.08,0.023,0.468,10,0,0.568
tilt_a_r0,aggressive,mid,stock,10,5,P2,85,0.052,0.11,0.06,0.481,10,0,0.593
tilt_a_r0,aggressive,mid,stock,10,5,2023,40,-0.121,-0.34,-0.116,0.454,10.0,0,0.556
tilt_a_r0,aggressive,mid,stock,10,5,2024,51,0.132,0.33,0.132,0.478,10,0,0.576
tilt_a_r0,aggressive,mid,stock,10,5,2025,50,0.304,0.64,0.318,0.495,10.0,0,0.578
tilt_a_r0,aggressive,mid,stock,10,5,2026,35,-0.308,-0.36,-0.308,0.46,10,0,0.612
tilt_a_r0,aggressive,mid,stock,10,20,ALL,173,-0.012,-0.02,-0.017,0.469,10,0,0.581
tilt_a_r0,aggressive,mid,stock,10,20,P1,91,0.666,0.84,0.667,0.505,10,0,0.568
tilt_a_r0,aggressive,mid,stock,10,20,P2,82,-0.766,-0.68,-0.775,0.43,10.0,0,0.595
tilt_a_r0,aggressive,mid,stock,10,20,2023,40,-0.54,-0.98,-0.539,0.484,10.0,0,0.556
tilt_a_r0,aggressive,mid,stock,10,20,2024,51,1.612,1.26,1.612,0.522,10,0,0.576
tilt_a_r0,aggressive,mid,stock,10,20,2025,50,-0.484,-0.37,-0.499,0.431,10.0,0,0.578
tilt_a_r0,aggressive,mid,stock,10,20,2026,32,-1.205,-0.59,-1.205,0.428,10.0,0,0.619
tilt_a_r0,aggressive,mid,stock,10,63,ALL,165,1.17,0.64,1.161,0.446,10,0,0.576
tilt_a_r0,aggressive,mid,stock,10,63,P1,91,1.647,1.39,1.649,0.46,10,0,0.568
tilt_a_r0,aggressive,mid,stock,10,63,P2,74,0.583,0.15,0.561,0.43,10.0,0,0.586
tilt_a_r0,aggressive,mid,stock,10,63,2023,40,0.479,0.29,0.483,0.459,10.0,0,0.556
tilt_a_r0,aggressive,mid,stock,10,63,2024,51,2.563,2.1,2.563,0.461,10,0,0.576
tilt_a_r0,aggressive,mid,stock,10,63,2025,50,3.388,0.74,3.354,0.472,10.0,0,0.578
tilt_a_r0,aggressive,mid,stock,10,63,2026,24,-5.26,-0.98,-5.26,0.342,10.0,0,0.6
tilt_a_r0,aggressive,mid,stock,20,5,ALL,176,0.041,0.2,0.04,0.486,20.0,0,0.552
tilt_a_r0,aggressive,mid,stock,20,5,P1,91,-0.093,-0.46,-0.095,0.47,20,0,0.547
tilt_a_r0,aggressive,mid,stock,20,5,P2,85,0.185,0.5,0.183,0.502,20,0,0.559
tilt_a_r0,aggressive,mid,stock,20,5,2023,40,-0.346,-1.33,-0.349,0.449,20.0,0,0.526
tilt_a_r0,aggressive,mid,stock,20,5,2024,51,0.105,0.35,0.105,0.487,20,0,0.562
tilt_a_r0,aggressive,mid,stock,20,5,2025,50,0.17,0.43,0.174,0.502,20.0,0,0.55
tilt_a_r0,aggressive,mid,stock,20,5,2026,35,0.207,0.3,0.197,0.503,20,0,0.578
tilt_a_r0,aggressive,mid,stock,20,20,ALL,173,-0.088,-0.15,-0.091,0.46,20,0,0.551
tilt_a_r0,aggressive,mid,stock,20,20,P1,91,0.129,0.21,0.128,0.483,20,0,0.547
tilt_a_r0,aggressive,mid,stock,20,20,P2,82,-0.329,-0.32,-0.334,0.435,20.0,0,0.557
tilt_a_r0,aggressive,mid,stock,20,20,2023,40,-1.193,-3.11,-1.202,0.438,20.0,0,0.526
tilt_a_r0,aggressive,mid,stock,20,20,2024,51,1.166,1.19,1.17,0.518,20,0,0.562
tilt_a_r0,aggressive,mid,stock,20,20,2025,50,-0.15,-0.12,-0.151,0.44,20.0,0,0.55
tilt_a_r0,aggressive,mid,stock,20,20,2026,32,-0.608,-0.34,-0.618,0.428,20.0,0,0.574
tilt_a_r0,aggressive,mid,stock,20,63,ALL,165,0.988,0.57,0.997,0.446,20,0,0.548
tilt_a_r0,aggressive,mid,stock,20,63,P1,91,1.036,0.85,1.036,0.456,20,0,0.547
tilt_a_r0,aggressive,mid,stock,20,63,P2,74,0.93,0.26,0.949,0.433,20.0,0,0.55
tilt_a_r0,aggressive,mid,stock,20,63,2023,40,-0.345,-0.17,-0.357,0.435,20.0,0,0.526
tilt_a_r0,aggressive,mid,stock,20,63,2024,51,2.119,2.65,2.129,0.473,20,0,0.562
tilt_a_r0,aggressive,mid,stock,20,63,2025,50,2.98,0.68,3.001,0.466,20.0,0,0.55
tilt_a_r0,aggressive,mid,stock,20,63,2026,24,-3.341,-0.65,-3.327,0.365,20.0,0,0.559
tilt_a_r0,aggressive,short,mixed,10,5,ALL,176,0.02,0.09,0.02,0.465,10.0,0,0.662
tilt_a_r0,aggressive,short,mixed,10,5,P1,91,-0.052,-0.2,-0.052,0.425,10,0,0.658
tilt_a_r0,aggressive,short,mixed,10,5,P2,85,0.097,0.28,0.097,0.508,10,0,0.669
tilt_a_r0,aggressive,short,mixed,10,5,2023,40,-0.006,-0.02,-0.006,0.412,10.0,0,0.61
tilt_a_r0,aggressive,short,mixed,10,5,2024,51,-0.088,-0.22,-0.088,0.435,10,0,0.696
tilt_a_r0,aggressive,short,mixed,10,5,2025,50,0.024,0.06,0.024,0.512,10.0,0,0.657
tilt_a_r0,aggressive,short,mixed,10,5,2026,35,0.202,0.33,0.202,0.503,10,0,0.688
tilt_a_r0,aggressive,short,mixed,10,20,ALL,173,-0.602,-1.06,-0.602,0.436,10,0,0.662
tilt_a_r0,aggressive,short,mixed,10,20,P1,91,-0.445,-0.61,-0.445,0.44,10,0,0.658
tilt_a_r0,aggressive,short,mixed,10,20,P2,82,-0.777,-0.87,-0.777,0.432,10.0,0,0.668
tilt_a_r0,aggressive,short,mixed,10,20,2023,40,-1.094,-1.45,-1.094,0.453,10.0,0,0.61
tilt_a_r0,aggressive,short,mixed,10,20,2024,51,0.064,0.06,0.064,0.429,10,0,0.696
tilt_a_r0,aggressive,short,mixed,10,20,2025,50,-0.475,-0.4,-0.475,0.44,10.0,0,0.657
tilt_a_r0,aggressive,short,mixed,10,20,2026,32,-1.248,-0.95,-1.248,0.419,10.0,0,0.687
tilt_a_r0,aggressive,short,mixed,10,63,ALL,165,-1.248,-0.67,-1.248,0.389,10,0,0.659
tilt_a_r0,aggressive,short,mixed,10,63,P1,91,-1.527,-1.64,-1.527,0.373,10,0,0.658
tilt_a_r0,aggressive,short,mixed,10,63,P2,74,-0.905,-0.23,-0.905,0.409,10.0,0,0.663
tilt_a_r0,aggressive,short,mixed,10,63,2023,40,-2.465,-2.51,-2.465,0.392,10.0,0,0.61
tilt_a_r0,aggressive,short,mixed,10,63,2024,51,-0.79,-0.6,-0.79,0.357,10,0,0.696
tilt_a_r0,aggressive,short,mixed,10,63,2025,50,2.965,0.61,2.965,0.478,10.0,0,0.657
tilt_a_r0,aggressive,short,mixed,10,63,2026,24,-8.967,-3.98,-8.967,0.267,10.0,0,0.678
tilt_a_r0,aggressive,short,mixed,20,5,ALL,176,-0.087,-0.46,-0.086,0.469,20.0,0,0.613
tilt_a_r0,aggressive,short,mixed,20,5,P1,91,-0.133,-0.64,-0.134,0.439,20,0,0.608
tilt_a_r0,aggressive,short,mixed,20,5,P2,85,-0.037,-0.12,-0.035,0.501,20,0,0.618
tilt_a_r0,aggressive,short,mixed,20,5,2023,40,-0.232,-0.91,-0.231,0.437,20.0,0,0.574
tilt_a_r0,aggressive,short,mixed,20,5,2024,51,-0.055,-0.18,-0.058,0.44,20,0,0.632
tilt_a_r0,aggressive,short,mixed,20,5,2025,50,0.093,0.24,0.094,0.505,20.0,0,0.592
tilt_a_r0,aggressive,short,mixed,20,5,2026,35,-0.224,-0.42,-0.219,0.497,20,0,0.657
tilt_a_r0,aggressive,short,mixed,20,20,ALL,173,-0.701,-1.41,-0.698,0.433,20,0,0.61
tilt_a_r0,aggressive,short,mixed,20,20,P1,91,-0.48,-0.87,-0.48,0.44,20,0,0.608
tilt_a_r0,aggressive,short,mixed,20,20,P2,82,-0.947,-1.11,-0.939,0.425,20.0,0,0.613
tilt_a_r0,aggressive,short,mixed,20,20,2023,40,-1.261,-2.09,-1.261,0.452,20.0,0,0.574
tilt_a_r0,aggressive,short,mixed,20,20,2024,51,0.133,0.16,0.133,0.431,20,0,0.632
tilt_a_r0,aggressive,short,mixed,20,20,2025,50,-0.305,-0.27,-0.295,0.434,20.0,0,0.592
tilt_a_r0,aggressive,short,mixed,20,20,2026,32,-1.951,-1.63,-1.945,0.41,20.0,0,0.648
tilt_a_r0,aggressive,short,mixed,20,63,ALL,165,-0.774,-0.46,-0.767,0.397,20,0,0.608
tilt_a_r0,aggressive,short,mixed,20,63,P1,91,-1.126,-1.43,-1.126,0.383,20,0,0.608
tilt_a_r0,aggressive,short,mixed,20,63,P2,74,-0.34,-0.09,-0.325,0.413,20.0,0,0.609
tilt_a_r0,aggressive,short,mixed,20,63,2023,40,-2.087,-2.49,-2.088,0.399,20.0,0,0.574
tilt_a_r0,aggressive,short,mixed,20,63,2024,51,-0.373,-0.38,-0.372,0.371,20,0,0.632
tilt_a_r0,aggressive,short,mixed,20,63,2025,50,2.979,0.66,3.002,0.48,20.0,0,0.592
tilt_a_r0,aggressive,short,mixed,20,63,2026,24,-7.256,-3.58,-7.256,0.273,20.0,0,0.648
tilt_a_r0,aggressive,short,stock,10,5,ALL,176,0.02,0.09,0.019,0.482,10.0,0,0.623
tilt_a_r0,aggressive,short,stock,10,5,P1,91,0.028,0.11,0.025,0.466,10,0,0.626
tilt_a_r0,aggressive,short,stock,10,5,P2,85,0.012,0.03,0.012,0.498,10,0,0.621
tilt_a_r0,aggressive,short,stock,10,5,2023,40,0.085,0.27,0.085,0.47,10.0,0,0.597
tilt_a_r0,aggressive,short,stock,10,5,2024,51,-0.016,-0.04,-0.022,0.463,10,0,0.646
tilt_a_r0,aggressive,short,stock,10,5,2025,50,0.177,0.4,0.176,0.523,10.0,0,0.61
tilt_a_r0,aggressive,short,stock,10,5,2026,35,-0.223,-0.36,-0.223,0.463,10,0,0.644
tilt_a_r0,aggressive,short,stock,10,20,ALL,173,-0.405,-0.66,-0.403,0.46,10,0,0.623
tilt_a_r0,aggressive,short,stock,10,20,P1,91,0.046,0.06,0.046,0.478,10,0,0.626
tilt_a_r0,aggressive,short,stock,10,20,P2,82,-0.906,-0.91,-0.901,0.44,10.0,0,0.621
tilt_a_r0,aggressive,short,stock,10,20,2023,40,-0.51,-0.69,-0.51,0.465,10.0,0,0.597
tilt_a_r0,aggressive,short,stock,10,20,2024,51,0.482,0.42,0.482,0.487,10,0,0.646
tilt_a_r0,aggressive,short,stock,10,20,2025,50,-0.698,-0.52,-0.69,0.442,10.0,0,0.61
tilt_a_r0,aggressive,short,stock,10,20,2026,32,-1.231,-0.86,-1.231,0.438,10.0,0,0.645
tilt_a_r0,aggressive,short,stock,10,63,ALL,165,-0.671,-0.38,-0.663,0.408,10,0,0.62
tilt_a_r0,aggressive,short,stock,10,63,P1,91,-0.351,-0.42,-0.364,0.403,10,0,0.626
tilt_a_r0,aggressive,short,stock,10,63,P2,74,-1.064,-0.28,-1.029,0.413,10.0,0,0.614
tilt_a_r0,aggressive,short,stock,10,63,2023,40,-1.541,-1.98,-1.541,0.388,10.0,0,0.597
tilt_a_r0,aggressive,short,stock,10,63,2024,51,0.582,0.5,0.559,0.416,10,0,0.646
tilt_a_r0,aggressive,short,stock,10,63,2025,50,2.019,0.41,2.071,0.455,10.0,0,0.61
tilt_a_r0,aggressive,short,stock,10,63,2026,24,-7.488,-2.81,-7.488,0.325,10.0,0,0.63
tilt_a_r0,aggressive,short,stock,20,5,ALL,176,-0.042,-0.21,-0.041,0.479,20.0,0,0.575
tilt_a_r0,aggressive,short,stock,20,5,P1,91,-0.04,-0.18,-0.041,0.463,20,0,0.576
tilt_a_r0,aggressive,short,stock,20,5,P2,85,-0.044,-0.13,-0.041,0.496,20,0,0.575
tilt_a_r0,aggressive,short,stock,20,5,2023,40,-0.14,-0.53,-0.139,0.467,20.0,0,0.553
tilt_a_r0,aggressive,short,stock,20,5,2024,51,0.038,0.12,0.036,0.46,20,0,0.592
tilt_a_r0,aggressive,short,stock,20,5,2025,50,0.182,0.46,0.183,0.503,20.0,0,0.557
tilt_a_r0,aggressive,short,stock,20,5,2026,35,-0.368,-0.63,-0.361,0.487,20,0,0.603
tilt_a_r0,aggressive,short,stock,20,20,ALL,173,-0.578,-1.08,-0.574,0.446,20,0,0.574
tilt_a_r0,aggressive,short,stock,20,20,P1,91,-0.168,-0.29,-0.167,0.461,20,0,0.576
tilt_a_r0,aggressive,short,stock,20,20,P2,82,-1.033,-1.11,-1.025,0.429,20.0,0,0.571
tilt_a_r0,aggressive,short,stock,20,20,2023,40,-1.032,-1.95,-1.032,0.439,20.0,0,0.553
tilt_a_r0,aggressive,short,stock,20,20,2024,51,0.51,0.58,0.511,0.478,20,0,0.592
tilt_a_r0,aggressive,short,stock,20,20,2025,50,-0.19,-0.15,-0.181,0.446,20.0,0,0.557
tilt_a_r0,aggressive,short,stock,20,20,2026,32,-2.349,-2.04,-2.344,0.404,20.0,0,0.595
tilt_a_r0,aggressive,short,stock,20,63,ALL,165,-0.322,-0.19,-0.315,0.417,20,0,0.572
tilt_a_r0,aggressive,short,stock,20,63,P1,91,-0.438,-0.48,-0.438,0.412,20,0,0.576
tilt_a_r0,aggressive,short,stock,20,63,P2,74,-0.179,-0.05,-0.164,0.423,20.0,0,0.566
tilt_a_r0,aggressive,short,stock,20,63,2023,40,-1.76,-1.45,-1.76,0.391,20.0,0,0.553
tilt_a_r0,aggressive,short,stock,20,63,2024,51,0.6,0.66,0.598,0.43,20,0,0.592
tilt_a_r0,aggressive,short,stock,20,63,2025,50,3.245,0.74,3.268,0.478,20.0,0,0.557
tilt_a_r0,aggressive,short,stock,20,63,2026,24,-7.313,-2.62,-7.314,0.309,20.0,0,0.589
tilt_a_r0,balanced,long,mixed,10,5,ALL,176,-0.006,-0.03,-0.004,0.462,10.0,0,0.658
tilt_a_r0,balanced,long,mixed,10,5,P1,91,-0.099,-0.42,-0.099,0.437,10,0,0.639
tilt_a_r0,balanced,long,mixed,10,5,P2,85,0.093,0.25,0.098,0.489,10,0,0.679
tilt_a_r0,balanced,long,mixed,10,5,2023,40,-0.368,-1.12,-0.368,0.415,10.0,0,0.615
tilt_a_r0,balanced,long,mixed,10,5,2024,51,0.112,0.34,0.112,0.455,10,0,0.654
tilt_a_r0,balanced,long,mixed,10,5,2025,50,0.006,0.01,0.016,0.489,10.0,0,0.688
tilt_a_r0,balanced,long,mixed,10,5,2026,35,0.216,0.32,0.216,0.489,10,0,0.674
tilt_a_r0,balanced,long,mixed,10,20,ALL,173,-0.321,-0.55,-0.327,0.43,10,0,0.657
tilt_a_r0,balanced,long,mixed,10,20,P1,91,0.067,0.1,0.067,0.443,10,0,0.639
tilt_a_r0,balanced,long,mixed,10,20,P2,82,-0.751,-0.78,-0.764,0.415,10.0,0,0.678
tilt_a_r0,balanced,long,mixed,10,20,2023,40,-0.626,-0.8,-0.626,0.478,10.0,0,0.615
tilt_a_r0,balanced,long,mixed,10,20,2024,51,0.61,0.59,0.61,0.416,10,0,0.654
tilt_a_r0,balanced,long,mixed,10,20,2025,50,-0.473,-0.39,-0.494,0.421,10.0,0,0.688
tilt_a_r0,balanced,long,mixed,10,20,2026,32,-1.185,-0.75,-1.185,0.406,10.0,0,0.671
tilt_a_r0,balanced,long,mixed,10,63,ALL,165,0.199,0.13,0.198,0.407,10,0,0.657
tilt_a_r0,balanced,long,mixed,10,63,P1,91,-0.164,-0.14,-0.164,0.396,10,0,0.639
tilt_a_r0,balanced,long,mixed,10,63,P2,74,0.646,0.21,0.645,0.421,10.0,0,0.681
tilt_a_r0,balanced,long,mixed,10,63,2023,40,-1.317,-1.06,-1.317,0.447,10.0,0,0.615
tilt_a_r0,balanced,long,mixed,10,63,2024,51,0.74,0.45,0.74,0.355,10,0,0.654
tilt_a_r0,balanced,long,mixed,10,63,2025,50,4.085,1.13,4.083,0.495,10.0,0,0.688
tilt_a_r0,balanced,long,mixed,10,63,2026,24,-6.518,-3.15,-6.518,0.267,10.0,0,0.678
tilt_a_r0,balanced,long,mixed,20,5,ALL,176,-0.036,-0.21,-0.037,0.476,20.0,0,0.615
tilt_a_r0,balanced,long,mixed,20,5,P1,91,-0.181,-1.01,-0.182,0.446,20,0,0.607
tilt_a_r0,balanced,long,mixed,20,5,P2,85,0.118,0.4,0.119,0.507,20,0,0.623
tilt_a_r0,balanced,long,mixed,20,5,2023,40,-0.347,-1.45,-0.35,0.44,20.0,0,0.578
tilt_a_r0,balanced,long,mixed,20,5,2024,51,-0.05,-0.2,-0.05,0.451,20,0,0.63
tilt_a_r0,balanced,long,mixed,20,5,2025,50,0.07,0.22,0.072,0.507,20.0,0,0.616
tilt_a_r0,balanced,long,mixed,20,5,2026,35,0.187,0.33,0.186,0.507,20,0,0.632
tilt_a_r0,balanced,long,mixed,20,20,ALL,173,-0.351,-0.74,-0.353,0.434,20,0,0.613
tilt_a_r0,balanced,long,mixed,20,20,P1,91,-0.217,-0.38,-0.218,0.431,20,0,0.607
tilt_a_r0,balanced,long,mixed,20,20,P2,82,-0.499,-0.64,-0.503,0.437,20.0,0,0.619
tilt_a_r0,balanced,long,mixed,20,20,2023,40,-0.819,-1.79,-0.824,0.458,20.0,0,0.578
tilt_a_r0,balanced,long,mixed,20,20,2024,51,0.256,0.28,0.257,0.409,20,0,0.63
tilt_a_r0,balanced,long,mixed,20,20,2025,50,-0.504,-0.49,-0.509,0.435,20.0,0,0.616
tilt_a_r0,balanced,long,mixed,20,20,2026,32,-0.492,-0.42,-0.495,0.44,20.0,0,0.624
tilt_a_r0,balanced,long,mixed,20,63,ALL,165,0.178,0.12,0.18,0.415,20,0,0.613
tilt_a_r0,balanced,long,mixed,20,63,P1,91,-0.036,-0.04,-0.035,0.407,20,0,0.607
tilt_a_r0,balanced,long,mixed,20,63,P2,74,0.44,0.14,0.444,0.424,20.0,0,0.621
tilt_a_r0,balanced,long,mixed,20,63,2023,40,-0.353,-0.26,-0.358,0.46,20.0,0,0.578
tilt_a_r0,balanced,long,mixed,20,63,2024,51,0.213,0.17,0.219,0.366,20,0,0.63
tilt_a_r0,balanced,long,mixed,20,63,2025,50,3.497,0.94,3.501,0.488,20.0,0,0.616
tilt_a_r0,balanced,long,mixed,20,63,2026,24,-5.929,-2.7,-5.925,0.293,20.0,0,0.633
tilt_a_r0,balanced,long,stock,10,5,ALL,176,0.112,0.48,0.112,0.481,10.0,0,0.585
tilt_a_r0,balanced,long,stock,10,5,P1,91,0.051,0.22,0.051,0.473,10,0,0.574
tilt_a_r0,balanced,long,stock,10,5,P2,85,0.178,0.43,0.178,0.489,10,0,0.596
tilt_a_r0,balanced,long,stock,10,5,2023,40,-0.214,-0.67,-0.216,0.456,10.0,0,0.574
tilt_a_r0,balanced,long,stock,10,5,2024,51,0.26,0.78,0.26,0.486,10,0,0.574
tilt_a_r0,balanced,long,stock,10,5,2025,50,0.025,0.06,0.034,0.497,10.0,0,0.606
tilt_a_r0,balanced,long,stock,10,5,2026,35,0.395,0.52,0.383,0.478,10,0,0.588
tilt_a_r0,balanced,long,stock,10,20,ALL,173,-0.02,-0.03,-0.026,0.459,10,0,0.584
tilt_a_r0,balanced,long,stock,10,20,P1,91,0.888,1.15,0.89,0.496,10,0,0.574
tilt_a_r0,balanced,long,stock,10,20,P2,82,-1.027,-0.91,-1.043,0.417,10.0,0,0.596
tilt_a_r0,balanced,long,stock,10,20,2023,40,-0.302,-0.49,-0.297,0.474,10.0,0,0.574
tilt_a_r0,balanced,long,stock,10,20,2024,51,1.82,1.48,1.82,0.514,10,0,0.574
tilt_a_r0,balanced,long,stock,10,20,2025,50,-0.848,-0.6,-0.866,0.425,10.0,0,0.606
tilt_a_r0,balanced,long,stock,10,20,2026,32,-1.306,-0.72,-1.32,0.404,10.0,0,0.587
tilt_a_r0,balanced,long,stock,10,63,ALL,165,1.491,0.85,1.488,0.448,10,0,0.581
tilt_a_r0,balanced,long,stock,10,63,P1,91,2.511,1.76,2.511,0.459,10,0,0.574
tilt_a_r0,balanced,long,stock,10,63,P2,74,0.236,0.07,0.23,0.434,10.0,0,0.59
tilt_a_r0,balanced,long,stock,10,63,2023,40,0.638,0.41,0.637,0.451,10.0,0,0.574
tilt_a_r0,balanced,long,stock,10,63,2024,51,3.98,2.36,3.98,0.465,10,0,0.574
tilt_a_r0,balanced,long,stock,10,63,2025,50,3.616,0.9,3.609,0.483,10.0,0,0.606
tilt_a_r0,balanced,long,stock,10,63,2026,24,-6.804,-1.73,-6.811,0.331,10.0,0,0.565
tilt_a_r0,balanced,long,stock,20,5,ALL,176,-0.07,-0.35,-0.071,0.48,20.0,1,0.558
tilt_a_r0,balanced,long,stock,20,5,P1,91,-0.127,-0.63,-0.128,0.47,20,0,0.564
tilt_a_r0,balanced,long,stock,20,5,P2,85,-0.009,-0.02,-0.009,0.491,20,1,0.551
tilt_a_r0,balanced,long,stock,20,5,2023,40,-0.371,-1.33,-0.373,0.45,20.0,0,0.553
tilt_a_r0,balanced,long,stock,20,5,2024,51,0.064,0.23,0.064,0.486,20,0,0.573
tilt_a_r0,balanced,long,stock,20,5,2025,50,-0.054,-0.16,-0.048,0.485,20.0,1,0.547
tilt_a_r0,balanced,long,stock,20,5,2026,35,0.057,0.08,0.046,0.5,20,0,0.56
tilt_a_r0,balanced,long,stock,20,20,ALL,173,0.001,0.0,-0.001,0.464,20,1,0.557
tilt_a_r0,balanced,long,stock,20,20,P1,91,0.234,0.39,0.235,0.479,20,0,0.564
tilt_a_r0,balanced,long,stock,20,20,P2,82,-0.258,-0.29,-0.263,0.447,20.0,1,0.549
tilt_a_r0,balanced,long,stock,20,20,2023,40,-0.791,-1.85,-0.795,0.45,20.0,0,0.553
tilt_a_r0,balanced,long,stock,20,20,2024,51,1.038,1.08,1.042,0.501,20,0,0.573
tilt_a_r0,balanced,long,stock,20,20,2025,50,-0.005,-0.0,-0.007,0.457,20.0,1,0.547
tilt_a_r0,balanced,long,stock,20,20,2026,32,-0.653,-0.48,-0.663,0.431,20.0,0,0.556
tilt_a_r0,balanced,long,stock,20,63,ALL,165,1.401,0.88,1.399,0.45,20,1,0.557
tilt_a_r0,balanced,long,stock,20,63,P1,91,1.634,1.32,1.638,0.457,20,0,0.564
tilt_a_r0,balanced,long,stock,20,63,P2,74,1.113,0.35,1.105,0.44,20.0,1,0.549
tilt_a_r0,balanced,long,stock,20,63,2023,40,0.256,0.13,0.253,0.442,20.0,0,0.553
tilt_a_r0,balanced,long,stock,20,63,2024,51,2.715,2.64,2.725,0.469,20,0,0.573
tilt_a_r0,balanced,long,stock,20,63,2025,50,4.16,1.09,4.145,0.491,20.0,1,0.547
tilt_a_r0,balanced,long,stock,20,63,2026,24,-5.233,-1.43,-5.228,0.334,20.0,0,0.557
tilt_a_r0,balanced,mid,mixed,10,5,ALL,176,-0.015,-0.07,-0.012,0.46,10.0,0,0.682
tilt_a_r0,balanced,mid,mixed,10,5,P1,91,-0.126,-0.55,-0.126,0.425,10,0,0.674
tilt_a_r0,balanced,mid,mixed,10,5,P2,85,0.105,0.29,0.111,0.497,10,0,0.692
tilt_a_r0,balanced,mid,mixed,10,5,2023,40,-0.313,-0.98,-0.313,0.405,10.0,0,0.649
tilt_a_r0,balanced,mid,mixed,10,5,2024,51,0.021,0.06,0.021,0.441,10,0,0.692
tilt_a_r0,balanced,mid,mixed,10,5,2025,50,0.051,0.13,0.061,0.499,10.0,0,0.682
tilt_a_r0,balanced,mid,mixed,10,5,2026,35,0.181,0.27,0.181,0.494,10,0,0.715
tilt_a_r0,balanced,mid,mixed,10,20,ALL,173,-0.368,-0.67,-0.372,0.432,10,0,0.681
tilt_a_r0,balanced,mid,mixed,10,20,P1,91,-0.07,-0.1,-0.07,0.44,10,0,0.674
tilt_a_r0,balanced,mid,mixed,10,20,P2,82,-0.698,-0.8,-0.707,0.424,10.0,0,0.69
tilt_a_r0,balanced,mid,mixed,10,20,2023,40,-0.822,-1.14,-0.822,0.475,10.0,0,0.649
tilt_a_r0,balanced,mid,mixed,10,20,2024,51,0.519,0.49,0.519,0.412,10,0,0.692
tilt_a_r0,balanced,mid,mixed,10,20,2025,50,-0.541,-0.51,-0.555,0.427,10.0,0,0.682
tilt_a_r0,balanced,mid,mixed,10,20,2026,32,-0.944,-0.64,-0.944,0.419,10.0,0,0.713
tilt_a_r0,balanced,mid,mixed,10,63,ALL,165,0.132,0.08,0.134,0.402,10,0,0.679
tilt_a_r0,balanced,mid,mixed,10,63,P1,91,-0.322,-0.34,-0.322,0.385,10,0,0.674
tilt_a_r0,balanced,mid,mixed,10,63,P2,74,0.689,0.2,0.694,0.424,10.0,0,0.688
tilt_a_r0,balanced,mid,mixed,10,63,2023,40,-0.922,-0.89,-0.922,0.447,10.0,0,0.649
tilt_a_r0,balanced,mid,mixed,10,63,2024,51,0.148,0.11,0.148,0.335,10,0,0.692
tilt_a_r0,balanced,mid,mixed,10,63,2025,50,4.161,1.05,4.167,0.497,10.0,0,0.682
tilt_a_r0,balanced,mid,mixed,10,63,2026,24,-6.544,-3.14,-6.544,0.271,10.0,0,0.713
tilt_a_r0,balanced,mid,mixed,20,5,ALL,176,-0.043,-0.25,-0.041,0.473,20.0,0,0.627
tilt_a_r0,balanced,mid,mixed,20,5,P1,91,-0.239,-1.31,-0.239,0.443,20,0,0.626
tilt_a_r0,balanced,mid,mixed,20,5,P2,85,0.168,0.57,0.172,0.505,20,0,0.628
tilt_a_r0,balanced,mid,mixed,20,5,2023,40,-0.451,-1.83,-0.451,0.436,20.0,0,0.603
tilt_a_r0,balanced,mid,mixed,20,5,2024,51,-0.073,-0.28,-0.073,0.449,20,0,0.643
tilt_a_r0,balanced,mid,mixed,20,5,2025,50,0.181,0.52,0.187,0.513,20.0,0,0.616
tilt_a_r0,balanced,mid,mixed,20,5,2026,35,0.15,0.29,0.15,0.494,20,0,0.646
tilt_a_r0,balanced,mid,mixed,20,20,ALL,173,-0.456,-0.92,-0.454,0.432,20,0,0.625
tilt_a_r0,balanced,mid,mixed,20,20,P1,91,-0.434,-0.76,-0.434,0.425,20,0,0.626
tilt_a_r0,balanced,mid,mixed,20,20,P2,82,-0.48,-0.57,-0.476,0.441,20.0,0,0.625
tilt_a_r0,balanced,mid,mixed,20,20,2023,40,-1.073,-2.15,-1.075,0.449,20.0,0,0.603
tilt_a_r0,balanced,mid,mixed,20,20,2024,51,0.067,0.07,0.068,0.405,20,0,0.643
tilt_a_r0,balanced,mid,mixed,20,20,2025,50,-0.335,-0.3,-0.329,0.442,20.0,0,0.616
tilt_a_r0,balanced,mid,mixed,20,20,2026,32,-0.706,-0.58,-0.706,0.439,20.0,0,0.639
tilt_a_r0,balanced,mid,mixed,20,63,ALL,165,-0.082,-0.05,-0.066,0.404,20,0,0.624
tilt_a_r0,balanced,mid,mixed,20,63,P1,91,-0.782,-0.84,-0.779,0.384,20,0,0.626
tilt_a_r0,balanced,mid,mixed,20,63,P2,74,0.78,0.22,0.81,0.428,20.0,0,0.622
tilt_a_r0,balanced,mid,mixed,20,63,2023,40,-1.382,-1.16,-1.379,0.421,20.0,0,0.603
tilt_a_r0,balanced,mid,mixed,20,63,2024,51,-0.311,-0.27,-0.308,0.355,20,0,0.643
tilt_a_r0,balanced,mid,mixed,20,63,2025,50,4.065,0.95,4.109,0.498,20.0,0,0.616
tilt_a_r0,balanced,mid,mixed,20,63,2026,24,-6.064,-2.24,-6.064,0.283,20.0,0,0.635
tilt_a_r0,balanced,mid,stock,10,5,ALL,176,0.096,0.43,0.099,0.482,10.0,0,0.598
tilt_a_r0,balanced,mid,stock,10,5,P1,91,0.034,0.14,0.034,0.468,10,0,0.598
tilt_a_r0,balanced,mid,stock,10,5,P2,85,0.162,0.41,0.168,0.497,10,0,0.6
tilt_a_r0,balanced,mid,stock,10,5,2023,40,-0.118,-0.38,-0.118,0.46,10.0,0,0.577
tilt_a_r0,balanced,mid,stock,10,5,2024,51,0.153,0.45,0.153,0.475,10,0,0.614
tilt_a_r0,balanced,mid,stock,10,5,2025,50,0.122,0.29,0.133,0.501,10.0,0,0.592
tilt_a_r0,balanced,mid,stock,10,5,2026,35,0.219,0.3,0.219,0.491,10,0,0.618
tilt_a_r0,balanced,mid,stock,10,20,ALL,173,0.03,0.05,0.026,0.466,10,0,0.598
tilt_a_r0,balanced,mid,stock,10,20,P1,91,0.806,0.98,0.806,0.501,10,0,0.598
tilt_a_r0,balanced,mid,stock,10,20,P2,82,-0.831,-0.84,-0.839,0.426,10.0,0,0.599
tilt_a_r0,balanced,mid,stock,10,20,2023,40,-0.148,-0.24,-0.148,0.485,10.0,0,0.577
tilt_a_r0,balanced,mid,stock,10,20,2024,51,1.555,1.15,1.555,0.514,10,0,0.614
tilt_a_r0,balanced,mid,stock,10,20,2025,50,-0.815,-0.64,-0.828,0.431,10.0,0,0.592
tilt_a_r0,balanced,mid,stock,10,20,2026,32,-0.856,-0.54,-0.856,0.419,10.0,0,0.616
tilt_a_r0,balanced,mid,stock,10,63,ALL,165,1.272,0.73,1.274,0.445,10,0,0.593
tilt_a_r0,balanced,mid,stock,10,63,P1,91,1.76,1.58,1.76,0.451,10,0,0.598
tilt_a_r0,balanced,mid,stock,10,63,P2,74,0.671,0.18,0.675,0.437,10.0,0,0.588
tilt_a_r0,balanced,mid,stock,10,63,2023,40,0.18,0.16,0.18,0.45,10.0,0,0.577
tilt_a_r0,balanced,mid,stock,10,63,2024,51,3.0,2.15,3.0,0.451,10,0,0.614
tilt_a_r0,balanced,mid,stock,10,63,2025,50,4.163,1.01,4.169,0.495,10.0,0,0.592
tilt_a_r0,balanced,mid,stock,10,63,2026,24,-6.604,-1.62,-6.604,0.317,10.0,0,0.587
tilt_a_r0,balanced,mid,stock,20,5,ALL,176,-0.043,-0.23,-0.043,0.483,20.0,1,0.569
tilt_a_r0,balanced,mid,stock,20,5,P1,91,-0.194,-0.99,-0.195,0.469,20,0,0.568
tilt_a_r0,balanced,mid,stock,20,5,P2,85,0.119,0.36,0.12,0.498,20,1,0.569
tilt_a_r0,balanced,mid,stock,20,5,2023,40,-0.454,-1.66,-0.456,0.449,20.0,0,0.56
tilt_a_r0,balanced,mid,stock,20,5,2024,51,0.01,0.04,0.01,0.484,20,0,0.573
tilt_a_r0,balanced,mid,stock,20,5,2025,50,0.072,0.2,0.081,0.485,20.0,1,0.56
tilt_a_r0,balanced,mid,stock,20,5,2026,35,0.185,0.31,0.176,0.516,20,0,0.585
tilt_a_r0,balanced,mid,stock,20,20,ALL,173,-0.272,-0.53,-0.279,0.457,20,1,0.568
tilt_a_r0,balanced,mid,stock,20,20,P1,91,-0.094,-0.16,-0.095,0.47,20,0,0.568
tilt_a_r0,balanced,mid,stock,20,20,P2,82,-0.469,-0.53,-0.482,0.442,20.0,1,0.567
tilt_a_r0,balanced,mid,stock,20,20,2023,40,-1.072,-2.39,-1.076,0.441,20.0,0,0.56
tilt_a_r0,balanced,mid,stock,20,20,2024,51,0.674,0.74,0.675,0.492,20,0,0.573
tilt_a_r0,balanced,mid,stock,20,20,2025,50,-0.277,-0.24,-0.293,0.454,20.0,1,0.56
tilt_a_r0,balanced,mid,stock,20,20,2026,32,-0.771,-0.58,-0.779,0.424,20.0,0,0.581
tilt_a_r0,balanced,mid,stock,20,63,ALL,165,0.762,0.45,0.752,0.436,20,1,0.566
tilt_a_r0,balanced,mid,stock,20,63,P1,91,0.592,0.6,0.588,0.436,20,0,0.568
tilt_a_r0,balanced,mid,stock,20,63,P2,74,0.972,0.28,0.952,0.435,20.0,1,0.562
tilt_a_r0,balanced,mid,stock,20,63,2023,40,-0.66,-0.46,-0.664,0.42,20.0,0,0.56
tilt_a_r0,balanced,mid,stock,20,63,2024,51,1.574,1.76,1.57,0.449,20,0,0.573
tilt_a_r0,balanced,mid,stock,20,63,2025,50,4.262,1.01,4.231,0.486,20.0,1,0.56
tilt_a_r0,balanced,mid,stock,20,63,2026,24,-5.881,-1.77,-5.879,0.328,20.0,0,0.572
tilt_a_r0,balanced,short,mixed,10,5,ALL,176,-0.078,-0.39,-0.078,0.452,10.0,0,0.666
tilt_a_r0,balanced,short,mixed,10,5,P1,91,-0.185,-0.72,-0.185,0.419,10,0,0.67
tilt_a_r0,balanced,short,mixed,10,5,P2,85,0.036,0.11,0.036,0.487,10,0,0.662
tilt_a_r0,balanced,short,mixed,10,5,2023,40,-0.173,-0.62,-0.173,0.422,10.0,0,0.636
tilt_a_r0,balanced,short,mixed,10,5,2024,51,-0.194,-0.48,-0.194,0.416,10,0,0.698
tilt_a_r0,balanced,short,mixed,10,5,2025,50,-0.058,-0.16,-0.058,0.49,10.0,0,0.647
tilt_a_r0,balanced,short,mixed,10,5,2026,35,0.17,0.29,0.17,0.483,10,0,0.685
tilt_a_r0,balanced,short,mixed,10,20,ALL,173,-0.565,-1.0,-0.565,0.426,10,0,0.666
tilt_a_r0,balanced,short,mixed,10,20,P1,91,-0.167,-0.24,-0.167,0.433,10,0,0.67
tilt_a_r0,balanced,short,mixed,10,20,P2,82,-1.007,-1.13,-1.007,0.418,10.0,0,0.663
tilt_a_r0,balanced,short,mixed,10,20,2023,40,-0.398,-0.53,-0.398,0.455,10.0,0,0.636
tilt_a_r0,balanced,short,mixed,10,20,2024,51,0.015,0.01,0.015,0.416,10,0,0.698
tilt_a_r0,balanced,short,mixed,10,20,2025,50,-1.002,-0.8,-1.002,0.426,10.0,0,0.647
tilt_a_r0,balanced,short,mixed,10,20,2026,32,-1.014,-0.85,-1.014,0.406,10.0,0,0.69
tilt_a_r0,balanced,short,mixed,10,63,ALL,165,-1.137,-0.65,-1.137,0.387,10,0,0.662
tilt_a_r0,balanced,short,mixed,10,63,P1,91,-1.278,-1.48,-1.278,0.375,10,0,0.67
tilt_a_r0,balanced,short,mixed,10,63,P2,74,-0.964,-0.26,-0.964,0.403,10.0,0,0.653
tilt_a_r0,balanced,short,mixed,10,63,2023,40,-1.441,-2.39,-1.441,0.39,10.0,0,0.636
tilt_a_r0,balanced,short,mixed,10,63,2024,51,-1.15,-0.78,-1.15,0.363,10,0,0.698
tilt_a_r0,balanced,short,mixed,10,63,2025,50,2.503,0.55,2.503,0.474,10.0,0,0.647
tilt_a_r0,balanced,short,mixed,10,63,2026,24,-8.186,-3.85,-8.186,0.254,10.0,0,0.67
tilt_a_r0,balanced,short,mixed,20,5,ALL,176,-0.041,-0.25,-0.041,0.47,20.0,0,0.623
tilt_a_r0,balanced,short,mixed,20,5,P1,91,-0.164,-0.88,-0.166,0.447,20,0,0.622
tilt_a_r0,balanced,short,mixed,20,5,P2,85,0.091,0.34,0.092,0.495,20,0,0.626
tilt_a_r0,balanced,short,mixed,20,5,2023,40,-0.217,-0.88,-0.217,0.453,20.0,0,0.6
tilt_a_r0,balanced,short,mixed,20,5,2024,51,-0.123,-0.46,-0.126,0.443,20,0,0.639
tilt_a_r0,balanced,short,mixed,20,5,2025,50,0.059,0.21,0.06,0.493,20.0,0,0.602
tilt_a_r0,balanced,short,mixed,20,5,2026,35,0.137,0.28,0.137,0.499,20,0,0.662
tilt_a_r0,balanced,short,mixed,20,20,ALL,173,-0.693,-1.56,-0.693,0.431,20,0,0.622
tilt_a_r0,balanced,short,mixed,20,20,P1,91,-0.511,-0.96,-0.513,0.432,20,0,0.622
tilt_a_r0,balanced,short,mixed,20,20,P2,82,-0.894,-1.23,-0.892,0.43,20.0,0,0.623
tilt_a_r0,balanced,short,mixed,20,20,2023,40,-0.753,-1.3,-0.753,0.46,20.0,0,0.6
tilt_a_r0,balanced,short,mixed,20,20,2024,51,-0.322,-0.39,-0.324,0.41,20,0,0.639
tilt_a_r0,balanced,short,mixed,20,20,2025,50,-0.465,-0.47,-0.461,0.444,20.0,0,0.602
tilt_a_r0,balanced,short,mixed,20,20,2026,32,-1.565,-1.6,-1.565,0.408,20.0,0,0.656
tilt_a_r0,balanced,short,mixed,20,63,ALL,165,-1.006,-0.63,-1.004,0.396,20,0,0.618
tilt_a_r0,balanced,short,mixed,20,63,P1,91,-1.745,-3.05,-1.751,0.373,20,0,0.622
tilt_a_r0,balanced,short,mixed,20,63,P2,74,-0.098,-0.03,-0.085,0.424,20.0,0,0.616
tilt_a_r0,balanced,short,mixed,20,63,2023,40,-2.241,-5.19,-2.241,0.394,20.0,0,0.6
tilt_a_r0,balanced,short,mixed,20,63,2024,51,-1.356,-1.52,-1.367,0.357,20,0,0.639
tilt_a_r0,balanced,short,mixed,20,63,2025,50,3.133,0.77,3.153,0.49,20.0,0,0.602
tilt_a_r0,balanced,short,mixed,20,63,2026,24,-6.829,-3.31,-6.829,0.288,20.0,0,0.646
tilt_a_r0,balanced,short,stock,10,5,ALL,176,0.02,0.09,0.018,0.476,10.0,0,0.626
tilt_a_r0,balanced,short,stock,10,5,P1,91,-0.072,-0.26,-0.075,0.46,10,0,0.632
tilt_a_r0,balanced,short,stock,10,5,P2,85,0.117,0.35,0.117,0.492,10,0,0.619
tilt_a_r0,balanced,short,stock,10,5,2023,40,-0.137,-0.45,-0.137,0.46,10.0,0,0.605
tilt_a_r0,balanced,short,stock,10,5,2024,51,-0.02,-0.05,-0.026,0.461,10,0,0.652
tilt_a_r0,balanced,short,stock,10,5,2025,50,-0.023,-0.06,-0.023,0.492,10.0,0,0.622
tilt_a_r0,balanced,short,stock,10,5,2026,35,0.318,0.52,0.318,0.491,10,0,0.618
tilt_a_r0,balanced,short,stock,10,20,ALL,173,-0.404,-0.65,-0.406,0.444,10,0,0.626
tilt_a_r0,balanced,short,stock,10,20,P1,91,0.073,0.1,0.068,0.455,10,0,0.632
tilt_a_r0,balanced,short,stock,10,20,P2,82,-0.933,-0.95,-0.933,0.43,10.0,0,0.619
tilt_a_r0,balanced,short,stock,10,20,2023,40,-0.481,-0.56,-0.481,0.443,10.0,0,0.605
tilt_a_r0,balanced,short,stock,10,20,2024,51,0.507,0.43,0.499,0.465,10,0,0.652
tilt_a_r0,balanced,short,stock,10,20,2025,50,-1.021,-0.73,-1.021,0.43,10.0,0,0.622
tilt_a_r0,balanced,short,stock,10,20,2026,32,-0.797,-0.63,-0.797,0.431,10.0,0,0.616
tilt_a_r0,balanced,short,stock,10,63,ALL,165,-0.664,-0.37,-0.672,0.404,10,0,0.625
tilt_a_r0,balanced,short,stock,10,63,P1,91,-0.477,-0.55,-0.492,0.4,10,0,0.632
tilt_a_r0,balanced,short,stock,10,63,P2,74,-0.894,-0.23,-0.894,0.409,10.0,0,0.616
tilt_a_r0,balanced,short,stock,10,63,2023,40,-1.143,-1.69,-1.143,0.39,10.0,0,0.605
tilt_a_r0,balanced,short,stock,10,63,2024,51,0.045,0.03,0.018,0.408,10,0,0.652
tilt_a_r0,balanced,short,stock,10,63,2025,50,2.668,0.58,2.668,0.472,10.0,0,0.622
tilt_a_r0,balanced,short,stock,10,63,2026,24,-8.314,-3.34,-8.314,0.279,10.0,0,0.609
tilt_a_r0,balanced,short,stock,20,5,ALL,176,-0.095,-0.55,-0.096,0.472,20.0,0,0.58
tilt_a_r0,balanced,short,stock,20,5,P1,91,-0.181,-0.97,-0.182,0.46,20,0,0.576
tilt_a_r0,balanced,short,stock,20,5,P2,85,-0.004,-0.01,-0.003,0.485,20,0,0.586
tilt_a_r0,balanced,short,stock,20,5,2023,40,-0.217,-0.89,-0.217,0.465,20.0,0,0.56
tilt_a_r0,balanced,short,stock,20,5,2024,51,-0.153,-0.56,-0.154,0.457,20,0,0.587
tilt_a_r0,balanced,short,stock,20,5,2025,50,0.069,0.23,0.07,0.485,20.0,0,0.571
tilt_a_r0,balanced,short,stock,20,5,2026,35,-0.108,-0.19,-0.108,0.486,20,0,0.607
tilt_a_r0,balanced,short,stock,20,20,ALL,173,-0.639,-1.4,-0.638,0.442,20,0,0.58
tilt_a_r0,balanced,short,stock,20,20,P1,91,-0.413,-0.77,-0.413,0.451,20,0,0.576
tilt_a_r0,balanced,short,stock,20,20,P2,82,-0.891,-1.18,-0.889,0.432,20.0,0,0.586
tilt_a_r0,balanced,short,stock,20,20,2023,40,-0.734,-1.34,-0.734,0.45,20.0,0,0.56
tilt_a_r0,balanced,short,stock,20,20,2024,51,-0.16,-0.19,-0.161,0.451,20,0,0.587
tilt_a_r0,balanced,short,stock,20,20,2025,50,-0.375,-0.35,-0.371,0.45,20.0,0,0.571
tilt_a_r0,balanced,short,stock,20,20,2026,32,-1.697,-1.84,-1.697,0.403,20.0,0,0.61
tilt_a_r0,balanced,short,stock,20,63,ALL,165,-0.84,-0.5,-0.838,0.405,20,0,0.577
tilt_a_r0,balanced,short,stock,20,63,P1,91,-1.524,-2.49,-1.53,0.388,20,0,0.576
tilt_a_r0,balanced,short,stock,20,63,P2,74,0.002,0.0,0.014,0.427,20.0,0,0.581
tilt_a_r0,balanced,short,stock,20,63,2023,40,-2.078,-2.88,-2.078,0.38,20.0,0,0.56
tilt_a_r0,balanced,short,stock,20,63,2024,51,-1.09,-1.29,-1.1,0.394,20,0,0.587
tilt_a_r0,balanced,short,stock,20,63,2025,50,3.713,0.9,3.731,0.49,20.0,0,0.571
tilt_a_r0,balanced,short,stock,20,63,2026,24,-7.729,-3.47,-7.729,0.296,20.0,0,0.6
tilt_b,aggressive,long,mixed,10,5,ALL,176,-0.179,-0.69,-0.175,0.447,10.0,0,0.604
tilt_b,aggressive,long,mixed,10,5,P1,91,-0.289,-1.09,-0.287,0.418,10,0,0.594
tilt_b,aggressive,long,mixed,10,5,P2,85,-0.062,-0.14,-0.055,0.478,10,0,0.613
tilt_b,aggressive,long,mixed,10,5,2023,40,-0.523,-1.72,-0.519,0.409,10.0,0,0.597
tilt_b,aggressive,long,mixed,10,5,2024,51,-0.105,-0.26,-0.105,0.425,10,0,0.594
tilt_b,aggressive,long,mixed,10,5,2025,50,0.247,0.56,0.258,0.487,10.0,0,0.596
tilt_b,aggressive,long,mixed,10,5,2026,35,-0.504,-0.56,-0.502,0.465,10,0,0.635
tilt_b,aggressive,long,mixed,10,20,ALL,173,-0.478,-0.77,-0.483,0.398,10,0,0.602
tilt_b,aggressive,long,mixed,10,20,P1,91,-0.628,-0.9,-0.632,0.386,10,0,0.594
tilt_b,aggressive,long,mixed,10,20,P2,82,-0.313,-0.29,-0.318,0.41,10.0,0,0.609
tilt_b,aggressive,long,mixed,10,20,2023,40,-1.578,-3.3,-1.589,0.406,10.0,0,0.597
tilt_b,aggressive,long,mixed,10,20,2024,51,0.118,0.1,0.118,0.371,10,0,0.594
tilt_b,aggressive,long,mixed,10,20,2025,50,0.017,0.02,0.005,0.402,10.0,0,0.596
tilt_b,aggressive,long,mixed,10,20,2026,32,-0.829,-0.41,-0.821,0.423,10.0,0,0.626
tilt_b,aggressive,long,mixed,10,63,ALL,165,-1.166,-0.81,-1.176,0.359,10,0,0.598
tilt_b,aggressive,long,mixed,10,63,P1,91,-1.493,-1.45,-1.499,0.349,10,0,0.594
tilt_b,aggressive,long,mixed,10,63,P2,74,-0.763,-0.26,-0.779,0.371,10.0,0,0.601
tilt_b,aggressive,long,mixed,10,63,2023,40,-1.77,-0.91,-1.784,0.389,10.0,0,0.597
tilt_b,aggressive,long,mixed,10,63,2024,51,-1.276,-1.32,-1.276,0.318,10,0,0.594
tilt_b,aggressive,long,mixed,10,63,2025,50,1.069,0.31,1.034,0.406,10.0,0,0.596
tilt_b,aggressive,long,mixed,10,63,2026,24,-4.579,-0.9,-4.556,0.299,10.0,0,0.609
tilt_b,aggressive,long,mixed,20,5,ALL,176,-0.095,-0.44,-0.095,0.458,20.0,0,0.568
tilt_b,aggressive,long,mixed,20,5,P1,91,-0.14,-0.66,-0.141,0.435,20,0,0.55
tilt_b,aggressive,long,mixed,20,5,P2,85,-0.047,-0.12,-0.046,0.482,20,0,0.588
tilt_b,aggressive,long,mixed,20,5,2023,40,-0.333,-1.35,-0.336,0.431,20.0,0,0.568
tilt_b,aggressive,long,mixed,20,5,2024,51,0.011,0.03,0.012,0.439,20,0,0.535
tilt_b,aggressive,long,mixed,20,5,2025,50,0.042,0.12,0.047,0.479,20.0,0,0.593
tilt_b,aggressive,long,mixed,20,5,2026,35,-0.174,-0.22,-0.18,0.487,20,0,0.579
tilt_b,aggressive,long,mixed,20,20,ALL,173,-0.295,-0.55,-0.298,0.412,20,0,0.568
tilt_b,aggressive,long,mixed,20,20,P1,91,-0.411,-0.72,-0.413,0.395,20,0,0.55
tilt_b,aggressive,long,mixed,20,20,P2,82,-0.167,-0.18,-0.172,0.43,20.0,0,0.588
tilt_b,aggressive,long,mixed,20,20,2023,40,-1.33,-3.93,-1.337,0.411,20.0,0,0.568
tilt_b,aggressive,long,mixed,20,20,2024,51,0.31,0.33,0.312,0.383,20,0,0.535
tilt_b,aggressive,long,mixed,20,20,2025,50,0.021,0.02,0.017,0.421,20.0,0,0.593
tilt_b,aggressive,long,mixed,20,20,2026,32,-0.46,-0.26,-0.466,0.444,20.0,0,0.579
tilt_b,aggressive,long,mixed,20,63,ALL,165,-0.142,-0.1,-0.144,0.384,20,0,0.565
tilt_b,aggressive,long,mixed,20,63,P1,91,-0.575,-0.58,-0.577,0.373,20,0,0.55
tilt_b,aggressive,long,mixed,20,63,P2,74,0.39,0.14,0.388,0.398,20.0,0,0.584
tilt_b,aggressive,long,mixed,20,63,2023,40,-1.037,-0.75,-1.051,0.414,20.0,0,0.568
tilt_b,aggressive,long,mixed,20,63,2024,51,-0.212,-0.18,-0.205,0.34,20,0,0.535
tilt_b,aggressive,long,mixed,20,63,2025,50,2.164,0.7,2.155,0.432,20.0,0,0.593
tilt_b,aggressive,long,mixed,20,63,2026,24,-3.306,-0.63,-3.293,0.329,20.0,0,0.563
tilt_b,aggressive,long,stock,10,5,ALL,176,-0.054,-0.19,-0.051,0.471,10.0,0,0.583
tilt_b,aggressive,long,stock,10,5,P1,91,-0.144,-0.5,-0.142,0.463,10,0,0.574
tilt_b,aggressive,long,stock,10,5,P2,85,0.042,0.08,0.045,0.479,10,0,0.59
tilt_b,aggressive,long,stock,10,5,2023,40,-0.337,-0.9,-0.331,0.454,10.0,0,0.567
tilt_b,aggressive,long,stock,10,5,2024,51,0.007,0.02,0.007,0.471,10,0,0.58
tilt_b,aggressive,long,stock,10,5,2025,50,0.068,0.14,0.079,0.477,10.0,0,0.567
tilt_b,aggressive,long,stock,10,5,2026,35,0.005,0.0,-0.002,0.483,10,0,0.621
tilt_b,aggressive,long,stock,10,20,ALL,173,0.091,0.14,0.082,0.469,10,0,0.581
tilt_b,aggressive,long,stock,10,20,P1,91,0.061,0.09,0.054,0.494,10,0,0.574
tilt_b,aggressive,long,stock,10,20,P2,82,0.124,0.11,0.114,0.441,10.0,0,0.588
tilt_b,aggressive,long,stock,10,20,2023,40,-1.085,-2.55,-1.1,0.453,10.0,0,0.567
tilt_b,aggressive,long,stock,10,20,2024,51,0.96,0.82,0.96,0.525,10,0,0.58
tilt_b,aggressive,long,stock,10,20,2025,50,0.063,0.05,0.05,0.432,10.0,0,0.567
tilt_b,aggressive,long,stock,10,20,2026,32,0.219,0.1,0.213,0.453,10.0,0,0.616
tilt_b,aggressive,long,stock,10,63,ALL,165,0.575,0.37,0.561,0.438,10,0,0.577
tilt_b,aggressive,long,stock,10,63,P1,91,0.437,0.36,0.43,0.455,10,0,0.574
tilt_b,aggressive,long,stock,10,63,P2,74,0.746,0.24,0.723,0.418,10.0,0,0.579
tilt_b,aggressive,long,stock,10,63,2023,40,-0.199,-0.1,-0.215,0.464,10.0,0,0.567
tilt_b,aggressive,long,stock,10,63,2024,51,0.935,0.92,0.935,0.449,10,0,0.58
tilt_b,aggressive,long,stock,10,63,2025,50,2.414,0.69,2.368,0.444,10.0,0,0.567
tilt_b,aggressive,long,stock,10,63,2026,24,-2.728,-0.45,-2.704,0.362,10.0,0,0.6
tilt_b,aggressive,long,stock,20,5,ALL,176,-0.031,-0.14,-0.034,0.478,20.0,1,0.554
tilt_b,aggressive,long,stock,20,5,P1,91,0.001,0.0,-0.0,0.474,20,0,0.539
tilt_b,aggressive,long,stock,20,5,P2,85,-0.065,-0.16,-0.07,0.482,20,1,0.57
tilt_b,aggressive,long,stock,20,5,2023,40,-0.284,-1.0,-0.287,0.454,20.0,0,0.55
tilt_b,aggressive,long,stock,20,5,2024,51,0.224,0.68,0.225,0.49,20,0,0.53
tilt_b,aggressive,long,stock,20,5,2025,50,-0.064,-0.18,-0.067,0.478,20.0,1,0.572
tilt_b,aggressive,long,stock,20,5,2026,35,-0.066,-0.08,-0.074,0.487,20,0,0.566
tilt_b,aggressive,long,stock,20,20,ALL,173,0.17,0.29,0.157,0.468,20,1,0.554
tilt_b,aggressive,long,stock,20,20,P1,91,0.247,0.39,0.245,0.484,20,0,0.539
tilt_b,aggressive,long,stock,20,20,P2,82,0.086,0.08,0.059,0.451,20.0,1,0.57
tilt_b,aggressive,long,stock,20,20,2023,40,-1.115,-2.71,-1.122,0.437,20.0,0,0.55
tilt_b,aggressive,long,stock,20,20,2024,51,1.315,1.31,1.318,0.52,20,0,0.53
tilt_b,aggressive,long,stock,20,20,2025,50,0.224,0.2,0.186,0.455,20.0,1,0.572
tilt_b,aggressive,long,stock,20,20,2026,32,-0.13,-0.07,-0.139,0.445,20.0,0,0.566
tilt_b,aggressive,long,stock,20,63,ALL,165,1.533,1.0,1.492,0.458,20,1,0.553
tilt_b,aggressive,long,stock,20,63,P1,91,1.524,1.2,1.524,0.474,20,0,0.539
tilt_b,aggressive,long,stock,20,63,P2,74,1.543,0.51,1.452,0.438,20.0,1,0.569
tilt_b,aggressive,long,stock,20,63,2023,40,-0.097,-0.05,-0.108,0.455,20.0,0,0.55
tilt_b,aggressive,long,stock,20,63,2024,51,2.796,2.35,2.803,0.489,20,0,0.53
tilt_b,aggressive,long,stock,20,63,2025,50,3.111,0.93,2.967,0.468,20.0,1,0.572
tilt_b,aggressive,long,stock,20,63,2026,24,-1.722,-0.28,-1.704,0.377,20.0,0,0.561
tilt_b,aggressive,mid,mixed,10,5,ALL,176,-0.086,-0.34,-0.081,0.444,10.0,0,0.626
tilt_b,aggressive,mid,mixed,10,5,P1,91,-0.13,-0.5,-0.127,0.413,10,0,0.613
tilt_b,aggressive,mid,mixed,10,5,P2,85,-0.039,-0.09,-0.031,0.477,10,0,0.64
tilt_b,aggressive,mid,mixed,10,5,2023,40,-0.301,-0.98,-0.298,0.412,10.0,0,0.608
tilt_b,aggressive,mid,mixed,10,5,2024,51,0.004,0.01,0.006,0.415,10,0,0.616
tilt_b,aggressive,mid,mixed,10,5,2025,50,0.226,0.51,0.247,0.486,10.0,0,0.627
tilt_b,aggressive,mid,mixed,10,5,2026,35,-0.417,-0.49,-0.428,0.465,10,0,0.662
tilt_b,aggressive,mid,mixed,10,20,ALL,173,-0.33,-0.56,-0.331,0.396,10,0,0.625
tilt_b,aggressive,mid,mixed,10,20,P1,91,-0.456,-0.71,-0.452,0.383,10,0,0.613
tilt_b,aggressive,mid,mixed,10,20,P2,82,-0.19,-0.19,-0.198,0.41,10.0,0,0.638
tilt_b,aggressive,mid,mixed,10,20,2023,40,-1.059,-2.34,-1.053,0.409,10.0,0,0.608
tilt_b,aggressive,mid,mixed,10,20,2024,51,0.017,0.02,0.02,0.364,10,0,0.616
tilt_b,aggressive,mid,mixed,10,20,2025,50,-0.236,-0.23,-0.255,0.388,10.0,0,0.627
tilt_b,aggressive,mid,mixed,10,20,2026,32,-0.117,-0.06,-0.109,0.445,10.0,0,0.658
tilt_b,aggressive,mid,mixed,10,63,ALL,165,-1.349,-1.03,-1.356,0.355,10,0,0.62
tilt_b,aggressive,mid,mixed,10,63,P1,91,-1.583,-2.01,-1.582,0.344,10,0,0.613
tilt_b,aggressive,mid,mixed,10,63,P2,74,-1.062,-0.39,-1.08,0.369,10.0,0,0.627
tilt_b,aggressive,mid,mixed,10,63,2023,40,-2.075,-1.59,-2.093,0.381,10.0,0,0.608
tilt_b,aggressive,mid,mixed,10,63,2024,51,-1.197,-1.19,-1.181,0.315,10,0,0.616
tilt_b,aggressive,mid,mixed,10,63,2025,50,0.443,0.14,0.4,0.398,10.0,0,0.627
tilt_b,aggressive,mid,mixed,10,63,2026,24,-4.197,-0.83,-4.163,0.307,10.0,0,0.63
tilt_b,aggressive,mid,mixed,20,5,ALL,176,-0.14,-0.68,-0.141,0.459,20.0,0,0.586
tilt_b,aggressive,mid,mixed,20,5,P1,91,-0.235,-1.09,-0.237,0.428,20,0,0.573
tilt_b,aggressive,mid,mixed,20,5,P2,85,-0.037,-0.1,-0.038,0.491,20,0,0.601
tilt_b,aggressive,mid,mixed,20,5,2023,40,-0.323,-1.31,-0.327,0.44,20.0,0,0.587
tilt_b,aggressive,mid,mixed,20,5,2024,51,-0.166,-0.5,-0.166,0.419,20,0,0.561
tilt_b,aggressive,mid,mixed,20,5,2025,50,0.19,0.54,0.194,0.495,20.0,0,0.596
tilt_b,aggressive,mid,mixed,20,5,2026,35,-0.362,-0.51,-0.369,0.485,20,0,0.604
tilt_b,aggressive,mid,mixed,20,20,ALL,173,-0.416,-0.79,-0.42,0.406,20,0,0.585
tilt_b,aggressive,mid,mixed,20,20,P1,91,-0.48,-0.88,-0.482,0.395,20,0,0.573
tilt_b,aggressive,mid,mixed,20,20,P2,82,-0.346,-0.37,-0.351,0.419,20.0,0,0.598
tilt_b,aggressive,mid,mixed,20,20,2023,40,-1.142,-3.85,-1.151,0.421,20.0,0,0.587
tilt_b,aggressive,mid,mixed,20,20,2024,51,0.04,0.04,0.042,0.375,20,0,0.561
tilt_b,aggressive,mid,mixed,20,20,2025,50,-0.099,-0.09,-0.106,0.412,20.0,0,0.596
tilt_b,aggressive,mid,mixed,20,20,2026,32,-0.731,-0.42,-0.733,0.43,20.0,0,0.598
tilt_b,aggressive,mid,mixed,20,63,ALL,165,-0.662,-0.48,-0.666,0.377,20,0,0.581
tilt_b,aggressive,mid,mixed,20,63,P1,91,-1.254,-1.44,-1.258,0.363,20,0,0.573
tilt_b,aggressive,mid,mixed,20,63,P2,74,0.065,0.02,0.061,0.394,20.0,0,0.592
tilt_b,aggressive,mid,mixed,20,63,2023,40,-1.793,-1.53,-1.812,0.403,20.0,0,0.587
tilt_b,aggressive,mid,mixed,20,63,2024,51,-0.831,-0.72,-0.823,0.331,20,0,0.561
tilt_b,aggressive,mid,mixed,20,63,2025,50,1.952,0.59,1.945,0.433,20.0,0,0.596
tilt_b,aggressive,mid,mixed,20,63,2026,24,-3.864,-0.78,-3.865,0.312,20.0,0,0.578
tilt_b,aggressive,mid,stock,10,5,ALL,176,0.005,0.02,0.009,0.469,10.0,0,0.607
tilt_b,aggressive,mid,stock,10,5,P1,91,-0.043,-0.16,-0.04,0.457,10,0,0.603
tilt_b,aggressive,mid,stock,10,5,P2,85,0.056,0.11,0.061,0.482,10,0,0.611
tilt_b,aggressive,mid,stock,10,5,2023,40,-0.315,-0.88,-0.31,0.442,10.0,0,0.592
tilt_b,aggressive,mid,stock,10,5,2024,51,0.17,0.43,0.172,0.47,10,0,0.61
tilt_b,aggressive,mid,stock,10,5,2025,50,0.212,0.43,0.231,0.489,10.0,0,0.596
tilt_b,aggressive,mid,stock,10,5,2026,35,-0.167,-0.17,-0.183,0.471,10,0,0.632
tilt_b,aggressive,mid,stock,10,20,ALL,173,0.384,0.57,0.378,0.474,10,0,0.606
tilt_b,aggressive,mid,stock,10,20,P1,91,0.423,0.59,0.426,0.504,10,0,0.603
tilt_b,aggressive,mid,stock,10,20,P2,82,0.34,0.29,0.326,0.441,10.0,0,0.61
tilt_b,aggressive,mid,stock,10,20,2023,40,-0.921,-1.77,-0.921,0.454,10.0,0,0.592
tilt_b,aggressive,mid,stock,10,20,2024,51,1.477,1.29,1.482,0.544,10,0,0.61
tilt_b,aggressive,mid,stock,10,20,2025,50,0.46,0.35,0.437,0.432,10.0,0,0.596
tilt_b,aggressive,mid,stock,10,20,2026,32,0.152,0.07,0.153,0.453,10.0,0,0.632
tilt_b,aggressive,mid,stock,10,63,ALL,165,0.85,0.56,0.853,0.447,10,0,0.601
tilt_b,aggressive,mid,stock,10,63,P1,91,0.963,0.92,0.975,0.466,10,0,0.603
tilt_b,aggressive,mid,stock,10,63,P2,74,0.712,0.23,0.704,0.424,10.0,0,0.599
tilt_b,aggressive,mid,stock,10,63,2023,40,-0.301,-0.2,-0.299,0.459,10.0,0,0.592
tilt_b,aggressive,mid,stock,10,63,2024,51,1.954,1.89,1.973,0.472,10,0,0.61
tilt_b,aggressive,mid,stock,10,63,2025,50,2.517,0.71,2.471,0.45,10.0,0,0.596
tilt_b,aggressive,mid,stock,10,63,2026,24,-3.048,-0.51,-2.978,0.371,10.0,0,0.604
tilt_b,aggressive,mid,stock,20,5,ALL,176,-0.008,-0.04,-0.013,0.485,20.0,1,0.57
tilt_b,aggressive,mid,stock,20,5,P1,91,-0.066,-0.29,-0.068,0.474,20,0,0.564
tilt_b,aggressive,mid,stock,20,5,P2,85,0.054,0.14,0.045,0.498,20,1,0.576
tilt_b,aggressive,mid,stock,20,5,2023,40,-0.27,-0.96,-0.274,0.456,20.0,0,0.565
tilt_b,aggressive,mid,stock,20,5,2024,51,0.094,0.28,0.094,0.488,20,0,0.565
tilt_b,aggressive,mid,stock,20,5,2025,50,0.144,0.39,0.136,0.497,20.0,1,0.579
tilt_b,aggressive,mid,stock,20,5,2026,35,-0.076,-0.09,-0.084,0.498,20,0,0.574
tilt_b,aggressive,mid,stock,20,20,ALL,173,-0.062,-0.11,-0.078,0.463,20,1,0.569
tilt_b,aggressive,mid,stock,20,20,P1,91,0.049,0.08,0.047,0.479,20,0,0.564
tilt_b,aggressive,mid,stock,20,20,P2,82,-0.184,-0.18,-0.217,0.444,20.0,1,0.575
tilt_b,aggressive,mid,stock,20,20,2023,40,-1.118,-3.38,-1.126,0.438,20.0,0,0.565
tilt_b,aggressive,mid,stock,20,20,2024,51,0.964,0.98,0.967,0.511,20,0,0.565
tilt_b,aggressive,mid,stock,20,20,2025,50,-0.032,-0.03,-0.08,0.446,20.0,1,0.579
tilt_b,aggressive,mid,stock,20,20,2026,32,-0.422,-0.22,-0.43,0.441,20.0,0,0.571
tilt_b,aggressive,mid,stock,20,63,ALL,165,1.229,0.78,1.196,0.452,20,1,0.567
tilt_b,aggressive,mid,stock,20,63,P1,91,0.859,0.82,0.858,0.462,20,0,0.564
tilt_b,aggressive,mid,stock,20,63,P2,74,1.685,0.52,1.612,0.439,20.0,1,0.571
tilt_b,aggressive,mid,stock,20,63,2023,40,-0.675,-0.45,-0.688,0.447,20.0,0,0.565
tilt_b,aggressive,mid,stock,20,63,2024,51,2.062,2.27,2.069,0.474,20,0,0.565
tilt_b,aggressive,mid,stock,20,63,2025,50,3.518,0.96,3.404,0.474,20.0,1,0.579
tilt_b,aggressive,mid,stock,20,63,2026,24,-2.135,-0.34,-2.122,0.367,20.0,0,0.557
tilt_b,aggressive,short,mixed,10,5,ALL,176,-0.028,-0.13,-0.028,0.466,10.0,0,0.661
tilt_b,aggressive,short,mixed,10,5,P1,91,-0.026,-0.1,-0.026,0.427,10,0,0.65
tilt_b,aggressive,short,mixed,10,5,P2,85,-0.029,-0.08,-0.029,0.508,10,0,0.671
tilt_b,aggressive,short,mixed,10,5,2023,40,0.094,0.34,0.094,0.438,10.0,0,0.638
tilt_b,aggressive,short,mixed,10,5,2024,51,-0.121,-0.3,-0.121,0.42,10,0,0.66
tilt_b,aggressive,short,mixed,10,5,2025,50,0.099,0.24,0.099,0.53,10.0,0,0.669
tilt_b,aggressive,short,mixed,10,5,2026,35,-0.214,-0.33,-0.214,0.477,10,0,0.671
tilt_b,aggressive,short,mixed,10,20,ALL,173,-0.808,-1.49,-0.808,0.398,10,0,0.659
tilt_b,aggressive,short,mixed,10,20,P1,91,-0.427,-0.67,-0.427,0.385,10,0,0.65
tilt_b,aggressive,short,mixed,10,20,P2,82,-1.23,-1.38,-1.23,0.412,10.0,0,0.669
tilt_b,aggressive,short,mixed,10,20,2023,40,-0.551,-0.98,-0.551,0.422,10.0,0,0.638
tilt_b,aggressive,short,mixed,10,20,2024,51,-0.33,-0.32,-0.33,0.355,10,0,0.66
tilt_b,aggressive,short,mixed,10,20,2025,50,-1.084,-1.01,-1.084,0.41,10.0,0,0.669
tilt_b,aggressive,short,mixed,10,20,2026,32,-1.458,-0.95,-1.458,0.416,10.0,0,0.665
tilt_b,aggressive,short,mixed,10,63,ALL,165,-2.031,-1.41,-2.031,0.335,10,0,0.656
tilt_b,aggressive,short,mixed,10,63,P1,91,-1.82,-2.19,-1.82,0.314,10,0,0.65
tilt_b,aggressive,short,mixed,10,63,P2,74,-2.29,-0.75,-2.29,0.361,10.0,0,0.663
tilt_b,aggressive,short,mixed,10,63,2023,40,-2.272,-4.88,-2.272,0.333,10.0,0,0.638
tilt_b,aggressive,short,mixed,10,63,2024,51,-1.467,-1.04,-1.467,0.3,10,0,0.66
tilt_b,aggressive,short,mixed,10,63,2025,50,0.506,0.13,0.506,0.412,10.0,0,0.669
tilt_b,aggressive,short,mixed,10,63,2026,24,-8.114,-2.65,-8.114,0.254,10.0,0,0.643
tilt_b,aggressive,short,mixed,20,5,ALL,176,-0.06,-0.31,-0.06,0.462,20.0,0,0.598
tilt_b,aggressive,short,mixed,20,5,P1,91,-0.013,-0.06,-0.014,0.438,20,0,0.589
tilt_b,aggressive,short,mixed,20,5,P2,85,-0.11,-0.33,-0.111,0.487,20,0,0.608
tilt_b,aggressive,short,mixed,20,5,2023,40,-0.094,-0.41,-0.093,0.451,20.0,0,0.574
tilt_b,aggressive,short,mixed,20,5,2024,51,0.05,0.15,0.049,0.427,20,0,0.598
tilt_b,aggressive,short,mixed,20,5,2025,50,0.234,0.62,0.234,0.496,20.0,0,0.583
tilt_b,aggressive,short,mixed,20,5,2026,35,-0.602,-1.02,-0.602,0.474,20,0,0.644
tilt_b,aggressive,short,mixed,20,20,ALL,173,-0.755,-1.5,-0.752,0.401,20,0,0.596
tilt_b,aggressive,short,mixed,20,20,P1,91,-0.62,-1.28,-0.618,0.388,20,0,0.589
tilt_b,aggressive,short,mixed,20,20,P2,82,-0.905,-0.99,-0.901,0.416,20.0,0,0.604
tilt_b,aggressive,short,mixed,20,20,2023,40,-0.92,-2.12,-0.919,0.417,20.0,0,0.574
tilt_b,aggressive,short,mixed,20,20,2024,51,-0.384,-0.49,-0.382,0.366,20,0,0.598
tilt_b,aggressive,short,mixed,20,20,2025,50,-0.134,-0.11,-0.128,0.421,20.0,0,0.583
tilt_b,aggressive,short,mixed,20,20,2026,32,-2.11,-1.7,-2.11,0.408,20.0,0,0.637
tilt_b,aggressive,short,mixed,20,63,ALL,165,-1.461,-0.95,-1.456,0.358,20,0,0.592
tilt_b,aggressive,short,mixed,20,63,P1,91,-2.035,-2.68,-2.034,0.333,20,0,0.589
tilt_b,aggressive,short,mixed,20,63,P2,74,-0.756,-0.23,-0.745,0.389,20.0,0,0.597
tilt_b,aggressive,short,mixed,20,63,2023,40,-2.947,-4.46,-2.954,0.355,20.0,0,0.574
tilt_b,aggressive,short,mixed,20,63,2024,51,-1.319,-1.18,-1.313,0.315,20,0,0.598
tilt_b,aggressive,short,mixed,20,63,2025,50,2.14,0.53,2.157,0.438,20.0,0,0.583
tilt_b,aggressive,short,mixed,20,63,2026,24,-6.789,-2.34,-6.789,0.285,20.0,0,0.626
tilt_b,aggressive,short,stock,10,5,ALL,176,0.138,0.57,0.138,0.487,10.0,0,0.641
tilt_b,aggressive,short,stock,10,5,P1,91,0.11,0.41,0.109,0.464,10,0,0.647
tilt_b,aggressive,short,stock,10,5,P2,85,0.169,0.41,0.169,0.512,10,0,0.635
tilt_b,aggressive,short,stock,10,5,2023,40,0.171,0.54,0.176,0.467,10.0,0,0.603
tilt_b,aggressive,short,stock,10,5,2024,51,0.062,0.15,0.056,0.461,10,0,0.678
tilt_b,aggressive,short,stock,10,5,2025,50,0.176,0.38,0.176,0.534,10.0,0,0.624
tilt_b,aggressive,short,stock,10,5,2026,35,0.158,0.21,0.158,0.48,10,0,0.653
tilt_b,aggressive,short,stock,10,20,ALL,173,-0.431,-0.67,-0.429,0.461,10,0,0.64
tilt_b,aggressive,short,stock,10,20,P1,91,0.194,0.25,0.199,0.49,10,0,0.647
tilt_b,aggressive,short,stock,10,20,P2,82,-1.126,-1.1,-1.126,0.428,10.0,0,0.633
tilt_b,aggressive,short,stock,10,20,2023,40,-0.637,-0.98,-0.631,0.474,10.0,0,0.603
tilt_b,aggressive,short,stock,10,20,2024,51,0.847,0.68,0.849,0.503,10,0,0.678
tilt_b,aggressive,short,stock,10,20,2025,50,-0.888,-0.67,-0.888,0.434,10.0,0,0.624
tilt_b,aggressive,short,stock,10,20,2026,32,-1.497,-0.92,-1.497,0.419,10.0,0,0.652
tilt_b,aggressive,short,stock,10,63,ALL,165,-0.198,-0.12,-0.205,0.426,10,0,0.637
tilt_b,aggressive,short,stock,10,63,P1,91,0.413,0.41,0.401,0.438,10,0,0.647
tilt_b,aggressive,short,stock,10,63,P2,74,-0.95,-0.27,-0.95,0.411,10.0,0,0.625
tilt_b,aggressive,short,stock,10,63,2023,40,-1.32,-1.53,-1.325,0.417,10.0,0,0.603
tilt_b,aggressive,short,stock,10,63,2024,51,1.773,1.43,1.754,0.455,10,0,0.678
tilt_b,aggressive,short,stock,10,63,2025,50,1.861,0.43,1.861,0.452,10.0,0,0.624
tilt_b,aggressive,short,stock,10,63,2026,24,-6.807,-1.64,-6.807,0.325,10.0,0,0.63
tilt_b,aggressive,short,stock,20,5,ALL,176,-0.09,-0.43,-0.091,0.477,20.0,0,0.581
tilt_b,aggressive,short,stock,20,5,P1,91,-0.024,-0.11,-0.024,0.463,20,0,0.576
tilt_b,aggressive,short,stock,20,5,P2,85,-0.16,-0.45,-0.162,0.493,20,0,0.586
tilt_b,aggressive,short,stock,20,5,2023,40,-0.18,-0.64,-0.179,0.467,20.0,0,0.558
tilt_b,aggressive,short,stock,20,5,2024,51,0.097,0.28,0.097,0.46,20,0,0.589
tilt_b,aggressive,short,stock,20,5,2025,50,0.139,0.34,0.137,0.503,20.0,0,0.558
tilt_b,aggressive,short,stock,20,5,2026,35,-0.587,-0.93,-0.589,0.478,20,0,0.626
tilt_b,aggressive,short,stock,20,20,ALL,173,-0.653,-1.2,-0.652,0.444,20,0,0.579
tilt_b,aggressive,short,stock,20,20,P1,91,-0.248,-0.42,-0.248,0.462,20,0,0.576
tilt_b,aggressive,short,stock,20,20,P2,82,-1.102,-1.19,-1.101,0.423,20.0,0,0.582
tilt_b,aggressive,short,stock,20,20,2023,40,-1.038,-1.98,-1.038,0.441,20.0,0,0.558
tilt_b,aggressive,short,stock,20,20,2024,51,0.372,0.4,0.372,0.479,20,0,0.589
tilt_b,aggressive,short,stock,20,20,2025,50,-0.374,-0.3,-0.368,0.436,20.0,0,0.558
tilt_b,aggressive,short,stock,20,20,2026,32,-2.24,-1.76,-2.246,0.404,20.0,0,0.621
tilt_b,aggressive,short,stock,20,63,ALL,165,-0.344,-0.21,-0.336,0.421,20,0,0.576
tilt_b,aggressive,short,stock,20,63,P1,91,-0.502,-0.56,-0.498,0.418,20,0,0.576
tilt_b,aggressive,short,stock,20,63,P2,74,-0.151,-0.04,-0.137,0.424,20.0,0,0.577
tilt_b,aggressive,short,stock,20,63,2023,40,-2.108,-2.25,-2.107,0.399,20.0,0,0.558
tilt_b,aggressive,short,stock,20,63,2024,51,0.758,0.78,0.763,0.433,20,0,0.589
tilt_b,aggressive,short,stock,20,63,2025,50,2.926,0.7,2.948,0.477,20.0,0,0.558
tilt_b,aggressive,short,stock,20,63,2026,24,-6.561,-2.0,-6.565,0.314,20.0,0,0.617
tilt_b,balanced,long,mixed,10,5,ALL,176,-0.128,-0.52,-0.13,0.454,10.0,0,0.619
tilt_b,balanced,long,mixed,10,5,P1,91,-0.181,-0.7,-0.184,0.431,10,0,0.616
tilt_b,balanced,long,mixed,10,5,P2,85,-0.072,-0.17,-0.072,0.478,10,0,0.624
tilt_b,balanced,long,mixed,10,5,2023,40,-0.494,-1.63,-0.502,0.414,10.0,0,0.615
tilt_b,balanced,long,mixed,10,5,2024,51,0.064,0.16,0.066,0.444,10,0,0.612
tilt_b,balanced,long,mixed,10,5,2025,50,-0.136,-0.31,-0.127,0.471,10.0,0,0.624
tilt_b,balanced,long,mixed,10,5,2026,35,0.02,0.02,0.006,0.488,10,0,0.621
tilt_b,balanced,long,mixed,10,20,ALL,173,-0.301,-0.49,-0.313,0.406,10,0,0.618
tilt_b,balanced,long,mixed,10,20,P1,91,-0.457,-0.68,-0.463,0.386,10,0,0.616
tilt_b,balanced,long,mixed,10,20,P2,82,-0.128,-0.12,-0.147,0.43,10.0,0,0.622
tilt_b,balanced,long,mixed,10,20,2023,40,-1.423,-3.17,-1.436,0.404,10.0,0,0.615
tilt_b,balanced,long,mixed,10,20,2024,51,0.301,0.27,0.3,0.371,10,0,0.612
tilt_b,balanced,long,mixed,10,20,2025,50,-0.556,-0.39,-0.578,0.408,10.0,0,0.624
tilt_b,balanced,long,mixed,10,20,2026,32,0.541,0.34,0.527,0.463,10.0,0,0.616
tilt_b,balanced,long,mixed,10,63,ALL,165,-0.399,-0.31,-0.415,0.37,10,0,0.618
tilt_b,balanced,long,mixed,10,63,P1,91,-1.028,-1.14,-1.028,0.351,10,0,0.616
tilt_b,balanced,long,mixed,10,63,P2,74,0.374,0.14,0.338,0.393,10.0,0,0.622
tilt_b,balanced,long,mixed,10,63,2023,40,-1.753,-1.4,-1.774,0.382,10.0,0,0.615
tilt_b,balanced,long,mixed,10,63,2024,51,-0.459,-0.37,-0.442,0.327,10,0,0.612
tilt_b,balanced,long,mixed,10,63,2025,50,2.229,0.65,2.199,0.418,10.0,0,0.624
tilt_b,balanced,long,mixed,10,63,2026,24,-3.49,-0.96,-3.539,0.341,10.0,0,0.613
tilt_b,balanced,long,mixed,20,5,ALL,176,-0.093,-0.47,-0.095,0.462,20.0,0,0.591
tilt_b,balanced,long,mixed,20,5,P1,91,-0.188,-0.88,-0.19,0.441,20,0,0.575
tilt_b,balanced,long,mixed,20,5,P2,85,0.008,0.02,0.006,0.484,20,0,0.608
tilt_b,balanced,long,mixed,20,5,2023,40,-0.413,-1.57,-0.417,0.44,20.0,0,0.578
tilt_b,balanced,long,mixed,20,5,2024,51,-0.012,-0.04,-0.011,0.443,20,0,0.569
tilt_b,balanced,long,mixed,20,5,2025,50,-0.054,-0.18,-0.053,0.472,20.0,0,0.605
tilt_b,balanced,long,mixed,20,5,2026,35,0.097,0.14,0.089,0.501,20,0,0.615
tilt_b,balanced,long,mixed,20,20,ALL,173,-0.125,-0.26,-0.128,0.419,20,0,0.59
tilt_b,balanced,long,mixed,20,20,P1,91,-0.276,-0.51,-0.276,0.403,20,0,0.575
tilt_b,balanced,long,mixed,20,20,P2,82,0.043,0.05,0.037,0.438,20.0,0,0.606
tilt_b,balanced,long,mixed,20,20,2023,40,-1.093,-2.29,-1.097,0.42,20.0,0,0.578
tilt_b,balanced,long,mixed,20,20,2024,51,0.365,0.44,0.369,0.39,20,0,0.569
tilt_b,balanced,long,mixed,20,20,2025,50,-0.158,-0.15,-0.161,0.431,20.0,0,0.605
tilt_b,balanced,long,mixed,20,20,2026,32,0.357,0.26,0.346,0.448,20.0,0,0.608
tilt_b,balanced,long,mixed,20,63,ALL,165,0.177,0.14,0.179,0.39,20,0,0.587
tilt_b,balanced,long,mixed,20,63,P1,91,-0.481,-0.49,-0.482,0.37,20,0,0.575
tilt_b,balanced,long,mixed,20,63,P2,74,0.987,0.38,0.992,0.414,20.0,0,0.602
tilt_b,balanced,long,mixed,20,63,2023,40,-0.82,-0.51,-0.832,0.402,20.0,0,0.578
tilt_b,balanced,long,mixed,20,63,2024,51,-0.215,-0.19,-0.207,0.346,20,0,0.569
tilt_b,balanced,long,mixed,20,63,2025,50,2.729,0.87,2.734,0.445,20.0,0,0.605
tilt_b,balanced,long,mixed,20,63,2026,24,-2.644,-0.63,-2.638,0.35,20.0,0,0.598
tilt_b,balanced,long,stock,10,5,ALL,176,-0.029,-0.11,-0.032,0.475,10.0,1,0.583
tilt_b,balanced,long,stock,10,5,P1,91,-0.122,-0.44,-0.125,0.466,10,0,0.581
tilt_b,balanced,long,stock,10,5,P2,85,0.07,0.15,0.068,0.484,10,1,0.587
tilt_b,balanced,long,stock,10,5,2023,40,-0.527,-1.48,-0.535,0.439,10.0,0,0.582
tilt_b,balanced,long,stock,10,5,2024,51,0.196,0.48,0.196,0.487,10,0,0.578
tilt_b,balanced,long,stock,10,5,2025,50,-0.062,-0.14,-0.052,0.475,10.0,1,0.584
tilt_b,balanced,long,stock,10,5,2026,35,0.259,0.28,0.239,0.497,10,0,0.588
tilt_b,balanced,long,stock,10,20,ALL,173,0.388,0.6,0.375,0.485,10,1,0.583
tilt_b,balanced,long,stock,10,20,P1,91,0.396,0.54,0.394,0.501,10,0,0.581
tilt_b,balanced,long,stock,10,20,P2,82,0.379,0.34,0.354,0.466,10.0,1,0.585
tilt_b,balanced,long,stock,10,20,2023,40,-0.866,-1.43,-0.874,0.457,10.0,0,0.582
tilt_b,balanced,long,stock,10,20,2024,51,1.386,1.19,1.389,0.536,10,0,0.578
tilt_b,balanced,long,stock,10,20,2025,50,-0.059,-0.04,-0.084,0.458,10.0,1,0.584
tilt_b,balanced,long,stock,10,20,2026,32,1.063,0.6,1.038,0.478,10.0,0,0.584
tilt_b,balanced,long,stock,10,63,ALL,165,1.899,1.4,1.896,0.457,10,1,0.582
tilt_b,balanced,long,stock,10,63,P1,91,1.755,1.69,1.765,0.464,10,0,0.581
tilt_b,balanced,long,stock,10,63,P2,74,2.076,0.77,2.056,0.449,10.0,1,0.584
tilt_b,balanced,long,stock,10,63,2023,40,0.924,0.75,0.921,0.47,10.0,0,0.582
tilt_b,balanced,long,stock,10,63,2024,51,2.406,1.87,2.427,0.46,10,0,0.578
tilt_b,balanced,long,stock,10,63,2025,50,3.649,1.12,3.618,0.476,10.0,1,0.584
tilt_b,balanced,long,stock,10,63,2026,24,-1.201,-0.25,-1.198,0.392,10.0,0,0.578
tilt_b,balanced,long,stock,20,5,ALL,176,-0.007,-0.03,-0.008,0.483,20.0,1,0.563
tilt_b,balanced,long,stock,20,5,P1,91,-0.074,-0.32,-0.075,0.471,20,0,0.546
tilt_b,balanced,long,stock,20,5,P2,85,0.065,0.17,0.063,0.497,20,1,0.58
tilt_b,balanced,long,stock,20,5,2023,40,-0.395,-1.31,-0.399,0.451,20.0,0,0.554
tilt_b,balanced,long,stock,20,5,2024,51,0.178,0.54,0.179,0.487,20,0,0.538
tilt_b,balanced,long,stock,20,5,2025,50,-0.102,-0.29,-0.096,0.484,20.0,1,0.582
tilt_b,balanced,long,stock,20,5,2026,35,0.302,0.4,0.291,0.515,20,0,0.582
tilt_b,balanced,long,stock,20,20,ALL,173,0.125,0.23,0.106,0.466,20,1,0.563
tilt_b,balanced,long,stock,20,20,P1,91,0.23,0.37,0.229,0.48,20,0,0.546
tilt_b,balanced,long,stock,20,20,P2,82,0.009,0.01,-0.03,0.45,20.0,1,0.581
tilt_b,balanced,long,stock,20,20,2023,40,-1.086,-2.22,-1.092,0.436,20.0,0,0.554
tilt_b,balanced,long,stock,20,20,2024,51,1.261,1.3,1.265,0.515,20,0,0.538
tilt_b,balanced,long,stock,20,20,2025,50,-0.069,-0.06,-0.123,0.454,20.0,1,0.582
tilt_b,balanced,long,stock,20,20,2026,32,0.131,0.09,0.116,0.442,20.0,0,0.585
tilt_b,balanced,long,stock,20,63,ALL,165,1.65,1.11,1.607,0.459,20,1,0.56
tilt_b,balanced,long,stock,20,63,P1,91,1.377,1.1,1.377,0.467,20,0,0.546
tilt_b,balanced,long,stock,20,63,P2,74,1.985,0.69,1.891,0.45,20.0,1,0.577
tilt_b,balanced,long,stock,20,63,2023,40,0.073,0.04,0.063,0.445,20.0,0,0.554
tilt_b,balanced,long,stock,20,63,2024,51,2.399,2.01,2.407,0.484,20,0,0.538
tilt_b,balanced,long,stock,20,63,2025,50,4.129,1.2,3.988,0.482,20.0,1,0.582
tilt_b,balanced,long,stock,20,63,2026,24,-2.48,-0.53,-2.478,0.381,20.0,0,0.574
tilt_b,balanced,mid,mixed,10,5,ALL,176,0.004,0.02,0.005,0.456,10.0,0,0.646
tilt_b,balanced,mid,mixed,10,5,P1,91,-0.186,-0.79,-0.184,0.427,10,0,0.641
tilt_b,balanced,mid,mixed,10,5,P2,85,0.207,0.52,0.207,0.486,10,0,0.654
tilt_b,balanced,mid,mixed,10,5,2023,40,-0.524,-1.86,-0.521,0.417,10.0,0,0.656
tilt_b,balanced,mid,mixed,10,5,2024,51,0.079,0.23,0.081,0.434,10,0,0.626
tilt_b,balanced,mid,mixed,10,5,2025,50,0.114,0.27,0.123,0.487,10.0,0,0.655
tilt_b,balanced,mid,mixed,10,5,2026,35,0.341,0.45,0.326,0.485,10,0,0.65
tilt_b,balanced,mid,mixed,10,20,ALL,173,-0.388,-0.71,-0.395,0.399,10,0,0.646
tilt_b,balanced,mid,mixed,10,20,P1,91,-0.333,-0.51,-0.332,0.378,10,0,0.641
tilt_b,balanced,mid,mixed,10,20,P2,82,-0.448,-0.5,-0.466,0.422,10.0,0,0.653
tilt_b,balanced,mid,mixed,10,20,2023,40,-1.265,-2.8,-1.259,0.401,10.0,0,0.656
tilt_b,balanced,mid,mixed,10,20,2024,51,0.397,0.37,0.396,0.359,10,0,0.626
tilt_b,balanced,mid,mixed,10,20,2025,50,-0.835,-0.74,-0.855,0.412,10.0,0,0.655
tilt_b,balanced,mid,mixed,10,20,2026,32,0.155,0.1,0.143,0.438,10.0,0,0.648
tilt_b,balanced,mid,mixed,10,63,ALL,165,-0.655,-0.5,-0.661,0.366,10,0,0.644
tilt_b,balanced,mid,mixed,10,63,P1,91,-0.776,-0.87,-0.763,0.351,10,0,0.641
tilt_b,balanced,mid,mixed,10,63,P2,74,-0.506,-0.19,-0.536,0.385,10.0,0,0.649
tilt_b,balanced,mid,mixed,10,63,2023,40,-1.947,-2.44,-1.94,0.374,10.0,0,0.656
tilt_b,balanced,mid,mixed,10,63,2024,51,0.142,0.11,0.16,0.332,10,0,0.626
tilt_b,balanced,mid,mixed,10,63,2025,50,1.695,0.51,1.667,0.414,10.0,0,0.655
tilt_b,balanced,mid,mixed,10,63,2026,24,-5.09,-1.51,-5.124,0.324,10.0,0,0.635
tilt_b,balanced,mid,mixed,20,5,ALL,176,-0.106,-0.54,-0.108,0.464,20.0,0,0.607
tilt_b,balanced,mid,mixed,20,5,P1,91,-0.237,-1.12,-0.239,0.437,20,0,0.6
tilt_b,balanced,mid,mixed,20,5,P2,85,0.035,0.1,0.032,0.492,20,0,0.615
tilt_b,balanced,mid,mixed,20,5,2023,40,-0.431,-1.72,-0.435,0.434,20.0,0,0.591
tilt_b,balanced,mid,mixed,20,5,2024,51,-0.085,-0.27,-0.085,0.44,20,0,0.602
tilt_b,balanced,mid,mixed,20,5,2025,50,-0.052,-0.16,-0.051,0.484,20.0,0,0.617
tilt_b,balanced,mid,mixed,20,5,2026,35,0.159,0.24,0.151,0.504,20,0,0.613
tilt_b,balanced,mid,mixed,20,20,ALL,173,-0.266,-0.53,-0.268,0.413,20,0,0.605
tilt_b,balanced,mid,mixed,20,20,P1,91,-0.529,-0.98,-0.529,0.389,20,0,0.6
tilt_b,balanced,mid,mixed,20,20,P2,82,0.027,0.03,0.022,0.44,20.0,0,0.612
tilt_b,balanced,mid,mixed,20,20,2023,40,-1.157,-3.03,-1.16,0.414,20.0,0,0.591
tilt_b,balanced,mid,mixed,20,20,2024,51,-0.038,-0.04,-0.034,0.368,20,0,0.602
tilt_b,balanced,mid,mixed,20,20,2025,50,-0.089,-0.08,-0.093,0.435,20.0,0,0.617
tilt_b,balanced,mid,mixed,20,20,2026,32,0.209,0.15,0.201,0.447,20.0,0,0.606
tilt_b,balanced,mid,mixed,20,63,ALL,165,-0.382,-0.28,-0.384,0.376,20,0,0.602
tilt_b,balanced,mid,mixed,20,63,P1,91,-1.077,-1.34,-1.078,0.353,20,0,0.6
tilt_b,balanced,mid,mixed,20,63,P2,74,0.472,0.17,0.469,0.405,20.0,0,0.607
tilt_b,balanced,mid,mixed,20,63,2023,40,-1.793,-1.83,-1.806,0.385,20.0,0,0.591
tilt_b,balanced,mid,mixed,20,63,2024,51,-0.516,-0.46,-0.507,0.329,20,0,0.602
tilt_b,balanced,mid,mixed,20,63,2025,50,2.769,0.77,2.771,0.447,20.0,0,0.617
tilt_b,balanced,mid,mixed,20,63,2026,24,-4.311,-1.23,-4.327,0.316,20.0,0,0.587
tilt_b,balanced,mid,stock,10,5,ALL,176,0.003,0.01,0.002,0.477,10.0,1,0.621
tilt_b,balanced,mid,stock,10,5,P1,91,-0.14,-0.54,-0.136,0.467,10,0,0.632
tilt_b,balanced,mid,stock,10,5,P2,85,0.156,0.36,0.15,0.487,10,1,0.611
tilt_b,balanced,mid,stock,10,5,2023,40,-0.553,-1.61,-0.548,0.449,10.0,0,0.638
tilt_b,balanced,mid,stock,10,5,2024,51,0.184,0.5,0.187,0.482,10,0,0.626
tilt_b,balanced,mid,stock,10,5,2025,50,-0.087,-0.2,-0.079,0.474,10.0,1,0.604
tilt_b,balanced,mid,stock,10,5,2026,35,0.503,0.58,0.477,0.505,10,0,0.621
tilt_b,balanced,mid,stock,10,20,ALL,173,0.164,0.25,0.154,0.474,10,1,0.62
tilt_b,balanced,mid,stock,10,20,P1,91,0.588,0.75,0.594,0.497,10,0,0.632
tilt_b,balanced,mid,stock,10,20,P2,82,-0.307,-0.29,-0.334,0.448,10.0,1,0.609
tilt_b,balanced,mid,stock,10,20,2023,40,-1.027,-1.97,-1.022,0.449,10.0,0,0.638
tilt_b,balanced,mid,stock,10,20,2024,51,1.855,1.49,1.861,0.534,10,0,0.626
tilt_b,balanced,mid,stock,10,20,2025,50,-0.771,-0.58,-0.798,0.439,10.0,1,0.604
tilt_b,balanced,mid,stock,10,20,2026,32,0.419,0.25,0.391,0.461,10.0,0,0.616
tilt_b,balanced,mid,stock,10,63,ALL,165,1.341,0.93,1.336,0.454,10,1,0.621
tilt_b,balanced,mid,stock,10,63,P1,91,1.843,1.63,1.865,0.474,10,0,0.632
tilt_b,balanced,mid,stock,10,63,P2,74,0.724,0.25,0.686,0.43,10.0,1,0.608
tilt_b,balanced,mid,stock,10,63,2023,40,-0.16,-0.14,-0.145,0.459,10.0,0,0.638
tilt_b,balanced,mid,stock,10,63,2024,51,3.414,2.56,3.441,0.486,10,0,0.626
tilt_b,balanced,mid,stock,10,63,2025,50,2.889,0.83,2.839,0.459,10.0,1,0.604
tilt_b,balanced,mid,stock,10,63,2026,24,-3.786,-0.92,-3.798,0.371,10.0,0,0.617
tilt_b,balanced,mid,stock,20,5,ALL,176,-0.016,-0.08,-0.017,0.486,20.0,1,0.587
tilt_b,balanced,mid,stock,20,5,P1,91,-0.116,-0.51,-0.118,0.469,20,0,0.58
tilt_b,balanced,mid,stock,20,5,P2,85,0.091,0.25,0.091,0.503,20,1,0.595
tilt_b,balanced,mid,stock,20,5,2023,40,-0.354,-1.23,-0.358,0.451,20.0,0,0.569
tilt_b,balanced,mid,stock,20,5,2024,51,0.07,0.21,0.07,0.484,20,0,0.587
tilt_b,balanced,mid,stock,20,5,2025,50,0.03,0.08,0.038,0.502,20.0,1,0.594
tilt_b,balanced,mid,stock,20,5,2026,35,0.179,0.25,0.167,0.505,20,0,0.601
tilt_b,balanced,mid,stock,20,20,ALL,173,0.104,0.19,0.089,0.469,20,1,0.585
tilt_b,balanced,mid,stock,20,20,P1,91,0.122,0.2,0.121,0.483,20,0,0.58
tilt_b,balanced,mid,stock,20,20,P2,82,0.085,0.09,0.052,0.454,20.0,1,0.591
tilt_b,balanced,mid,stock,20,20,2023,40,-0.864,-1.98,-0.87,0.451,20.0,0,0.569
tilt_b,balanced,mid,stock,20,20,2024,51,0.896,0.89,0.899,0.507,20,0,0.587
tilt_b,balanced,mid,stock,20,20,2025,50,0.037,0.03,-0.007,0.456,20.0,1,0.594
tilt_b,balanced,mid,stock,20,20,2026,32,0.159,0.11,0.144,0.451,20.0,0,0.59
tilt_b,balanced,mid,stock,20,63,ALL,165,1.262,0.85,1.227,0.45,20,1,0.582
tilt_b,balanced,mid,stock,20,63,P1,91,1.251,1.15,1.253,0.457,20,0,0.58
tilt_b,balanced,mid,stock,20,63,P2,74,1.275,0.43,1.195,0.441,20.0,1,0.586
tilt_b,balanced,mid,stock,20,63,2023,40,-0.079,-0.05,-0.086,0.439,20.0,0,0.569
tilt_b,balanced,mid,stock,20,63,2024,51,2.295,2.04,2.303,0.472,20,0,0.587
tilt_b,balanced,mid,stock,20,63,2025,50,3.974,1.09,3.863,0.485,20.0,1,0.594
tilt_b,balanced,mid,stock,20,63,2026,24,-4.346,-1.15,-4.363,0.35,20.0,0,0.576
tilt_b,balanced,short,mixed,10,5,ALL,176,-0.112,-0.5,-0.112,0.452,10.0,0,0.686
tilt_b,balanced,short,mixed,10,5,P1,91,-0.119,-0.46,-0.12,0.421,10,0,0.673
tilt_b,balanced,short,mixed,10,5,P2,85,-0.105,-0.28,-0.105,0.485,10,0,0.698
tilt_b,balanced,short,mixed,10,5,2023,40,-0.146,-0.6,-0.144,0.429,10.0,0,0.677
tilt_b,balanced,short,mixed,10,5,2024,51,-0.098,-0.24,-0.101,0.414,10,0,0.668
tilt_b,balanced,short,mixed,10,5,2025,50,-0.13,-0.32,-0.13,0.498,10.0,0,0.68
tilt_b,balanced,short,mixed,10,5,2026,35,-0.069,-0.1,-0.069,0.466,10,0,0.721
tilt_b,balanced,short,mixed,10,20,ALL,173,-0.611,-1.18,-0.612,0.396,10,0,0.685
tilt_b,balanced,short,mixed,10,20,P1,91,-0.285,-0.45,-0.287,0.378,10,0,0.673
tilt_b,balanced,short,mixed,10,20,P2,82,-0.972,-1.18,-0.972,0.416,10.0,0,0.696
tilt_b,balanced,short,mixed,10,20,2023,40,-0.294,-0.61,-0.288,0.418,10.0,0,0.677
tilt_b,balanced,short,mixed,10,20,2024,51,-0.277,-0.26,-0.286,0.346,10,0,0.668
tilt_b,balanced,short,mixed,10,20,2025,50,-0.96,-0.87,-0.96,0.412,10.0,0,0.68
tilt_b,balanced,short,mixed,10,20,2026,32,-0.991,-0.82,-0.991,0.422,10.0,0,0.719
tilt_b,balanced,short,mixed,10,63,ALL,165,-1.627,-1.13,-1.629,0.343,10,0,0.681
tilt_b,balanced,short,mixed,10,63,P1,91,-1.655,-1.86,-1.658,0.316,10,0,0.673
tilt_b,balanced,short,mixed,10,63,P2,74,-1.594,-0.53,-1.594,0.376,10.0,0,0.689
tilt_b,balanced,short,mixed,10,63,2023,40,-2.414,-3.76,-2.425,0.328,10.0,0,0.677
tilt_b,balanced,short,mixed,10,63,2024,51,-1.059,-0.74,-1.057,0.307,10,0,0.668
tilt_b,balanced,short,mixed,10,63,2025,50,1.367,0.37,1.367,0.426,10.0,0,0.68
tilt_b,balanced,short,mixed,10,63,2026,24,-7.764,-5.66,-7.764,0.271,10.0,0,0.704
tilt_b,balanced,short,mixed,20,5,ALL,176,-0.125,-0.7,-0.126,0.458,20.0,0,0.625
tilt_b,balanced,short,mixed,20,5,P1,91,-0.212,-1.08,-0.212,0.431,20,0,0.621
tilt_b,balanced,short,mixed,20,5,P2,85,-0.032,-0.11,-0.033,0.486,20,0,0.63
tilt_b,balanced,short,mixed,20,5,2023,40,-0.295,-1.32,-0.296,0.44,20.0,0,0.605
tilt_b,balanced,short,mixed,20,5,2024,51,-0.146,-0.48,-0.147,0.424,20,0,0.631
tilt_b,balanced,short,mixed,20,5,2025,50,-0.031,-0.09,-0.032,0.479,20.0,0,0.623
tilt_b,balanced,short,mixed,20,5,2026,35,-0.035,-0.06,-0.035,0.494,20,0,0.641
tilt_b,balanced,short,mixed,20,20,ALL,173,-0.693,-1.56,-0.693,0.398,20,0,0.623
tilt_b,balanced,short,mixed,20,20,P1,91,-0.692,-1.34,-0.693,0.371,20,0,0.621
tilt_b,balanced,short,mixed,20,20,P2,82,-0.694,-0.94,-0.693,0.428,20.0,0,0.627
tilt_b,balanced,short,mixed,20,20,2023,40,-0.871,-2.11,-0.871,0.406,20.0,0,0.605
tilt_b,balanced,short,mixed,20,20,2024,51,-0.551,-0.65,-0.553,0.344,20,0,0.631
tilt_b,balanced,short,mixed,20,20,2025,50,-0.523,-0.51,-0.52,0.429,20.0,0,0.623
tilt_b,balanced,short,mixed,20,20,2026,32,-0.962,-0.96,-0.962,0.427,20.0,0,0.635
tilt_b,balanced,short,mixed,20,63,ALL,165,-1.489,-1.08,-1.489,0.361,20,0,0.621
tilt_b,balanced,short,mixed,20,63,P1,91,-2.055,-3.1,-2.061,0.333,20,0,0.621
tilt_b,balanced,short,mixed,20,63,P2,74,-0.793,-0.27,-0.785,0.395,20.0,0,0.623
tilt_b,balanced,short,mixed,20,63,2023,40,-2.331,-6.41,-2.338,0.361,20.0,0,0.605
tilt_b,balanced,short,mixed,20,63,2024,51,-1.839,-1.62,-1.843,0.31,20,0,0.631
tilt_b,balanced,short,mixed,20,63,2025,50,2.164,0.6,2.176,0.44,20.0,0,0.623
tilt_b,balanced,short,mixed,20,63,2026,24,-6.954,-4.59,-6.954,0.3,20.0,0,0.624
tilt_b,balanced,short,stock,10,5,ALL,176,-0.043,-0.18,-0.043,0.482,10.0,0,0.673
tilt_b,balanced,short,stock,10,5,P1,91,-0.083,-0.31,-0.083,0.461,10,0,0.678
tilt_b,balanced,short,stock,10,5,P2,85,-0.0,-0.0,-0.0,0.505,10,0,0.668
tilt_b,balanced,short,stock,10,5,2023,40,-0.021,-0.07,-0.016,0.462,10.0,0,0.644
tilt_b,balanced,short,stock,10,5,2024,51,-0.133,-0.32,-0.136,0.459,10,0,0.704
tilt_b,balanced,short,stock,10,5,2025,50,-0.079,-0.18,-0.079,0.514,10.0,0,0.651
tilt_b,balanced,short,stock,10,5,2026,35,0.112,0.14,0.112,0.491,10,0,0.688
tilt_b,balanced,short,stock,10,20,ALL,173,-0.431,-0.73,-0.431,0.461,10,0,0.673
tilt_b,balanced,short,stock,10,20,P1,91,0.138,0.2,0.137,0.482,10,0,0.678
tilt_b,balanced,short,stock,10,20,P2,82,-1.062,-1.11,-1.062,0.437,10.0,0,0.667
tilt_b,balanced,short,stock,10,20,2023,40,-0.052,-0.08,-0.043,0.471,10.0,0,0.644
tilt_b,balanced,short,stock,10,20,2024,51,0.287,0.26,0.279,0.491,10,0,0.704
tilt_b,balanced,short,stock,10,20,2025,50,-1.279,-0.99,-1.279,0.434,10.0,0,0.651
tilt_b,balanced,short,stock,10,20,2026,32,-0.724,-0.53,-0.724,0.441,10.0,0,0.687
tilt_b,balanced,short,stock,10,63,ALL,165,0.345,0.21,0.352,0.434,10,0,0.672
tilt_b,balanced,short,stock,10,63,P1,91,0.719,0.71,0.732,0.436,10,0,0.678
tilt_b,balanced,short,stock,10,63,P2,74,-0.115,-0.03,-0.115,0.432,10.0,0,0.664
tilt_b,balanced,short,stock,10,63,2023,40,-0.37,-0.46,-0.353,0.419,10.0,0,0.644
tilt_b,balanced,short,stock,10,63,2024,51,1.574,1.04,1.582,0.448,10,0,0.704
tilt_b,balanced,short,stock,10,63,2025,50,3.138,0.75,3.138,0.474,10.0,0,0.651
tilt_b,balanced,short,stock,10,63,2026,24,-6.891,-3.15,-6.891,0.346,10.0,0,0.687
tilt_b,balanced,short,stock,20,5,ALL,176,-0.088,-0.47,-0.088,0.475,20.0,1,0.609
tilt_b,balanced,short,stock,20,5,P1,91,-0.16,-0.78,-0.161,0.456,20,0,0.61
tilt_b,balanced,short,stock,20,5,P2,85,-0.01,-0.03,-0.011,0.495,20,1,0.61
tilt_b,balanced,short,stock,20,5,2023,40,-0.358,-1.31,-0.36,0.455,20.0,0,0.605
tilt_b,balanced,short,stock,20,5,2024,51,-0.005,-0.02,-0.005,0.456,20,0,0.613
tilt_b,balanced,short,stock,20,5,2025,50,-0.01,-0.03,-0.009,0.49,20.0,1,0.595
tilt_b,balanced,short,stock,20,5,2026,35,-0.011,-0.02,-0.014,0.502,20,0,0.634
tilt_b,balanced,short,stock,20,20,ALL,173,-0.492,-1.03,-0.494,0.448,20,1,0.607
tilt_b,balanced,short,stock,20,20,P1,91,-0.266,-0.46,-0.266,0.457,20,0,0.61
tilt_b,balanced,short,stock,20,20,P2,82,-0.743,-0.97,-0.748,0.439,20.0,1,0.605
tilt_b,balanced,short,stock,20,20,2023,40,-1.002,-2.04,-1.003,0.435,20.0,0,0.605
tilt_b,balanced,short,stock,20,20,2024,51,0.312,0.34,0.311,0.474,20,0,0.613
tilt_b,balanced,short,stock,20,20,2025,50,-0.566,-0.52,-0.57,0.445,20.0,1,0.595
tilt_b,balanced,short,stock,20,20,2026,32,-1.019,-1.04,-1.025,0.429,20.0,0,0.624
tilt_b,balanced,short,stock,20,63,ALL,165,-0.39,-0.27,-0.408,0.422,20,1,0.605
tilt_b,balanced,short,stock,20,63,P1,91,-0.582,-0.8,-0.583,0.421,20,0,0.61
tilt_b,balanced,short,stock,20,63,P2,74,-0.154,-0.05,-0.192,0.423,20.0,1,0.599
tilt_b,balanced,short,stock,20,63,2023,40,-1.566,-2.6,-1.568,0.407,20.0,0,0.605
tilt_b,balanced,short,stock,20,63,2024,51,0.189,0.19,0.189,0.432,20,0,0.613
tilt_b,balanced,short,stock,20,63,2025,50,2.761,0.74,2.71,0.469,20.0,1,0.595
tilt_b,balanced,short,stock,20,63,2026,24,-6.227,-3.22,-6.237,0.328,20.0,0,0.613
v15,aggressive,long,mixed,10,5,ALL,176,-0.091,-0.37,-0.09,0.448,10.0,0,0.627
v15,aggressive,long,mixed,10,5,P1,91,-0.211,-0.78,-0.21,0.416,10,0,0.608
v15,aggressive,long,mixed,10,5,P2,85,0.037,0.09,0.038,0.483,10,0,0.649
v15,aggressive,long,mixed,10,5,2023,40,-0.406,-1.27,-0.403,0.412,10.0,0,0.626
v15,aggressive,long,mixed,10,5,2024,51,-0.059,-0.14,-0.059,0.42,10,0,0.592
v15,aggressive,long,mixed,10,5,2025,50,0.185,0.43,0.187,0.489,10.0,0,0.637
v15,aggressive,long,mixed,10,5,2026,35,-0.175,-0.21,-0.175,0.474,10,0,0.665
v15,aggressive,long,mixed,10,20,ALL,173,-0.468,-0.84,-0.471,0.397,10,0,0.625
v15,aggressive,long,mixed,10,20,P1,91,-0.232,-0.34,-0.235,0.388,10,0,0.608
v15,aggressive,long,mixed,10,20,P2,82,-0.729,-0.8,-0.734,0.406,10.0,0,0.644
v15,aggressive,long,mixed,10,20,2023,40,-0.972,-1.98,-0.978,0.406,10.0,0,0.626
v15,aggressive,long,mixed,10,20,2024,51,0.349,0.31,0.349,0.375,10,0,0.592
v15,aggressive,long,mixed,10,20,2025,50,-0.705,-0.66,-0.713,0.39,10.0,0,0.637
v15,aggressive,long,mixed,10,20,2026,32,-0.766,-0.46,-0.766,0.431,10.0,0,0.655
v15,aggressive,long,mixed,10,63,ALL,165,-1.351,-1.12,-1.367,0.354,10,0,0.62
v15,aggressive,long,mixed,10,63,P1,91,-1.029,-1.11,-1.046,0.342,10,0,0.608
v15,aggressive,long,mixed,10,63,P2,74,-1.748,-0.72,-1.762,0.369,10.0,0,0.634
v15,aggressive,long,mixed,10,63,2023,40,-1.999,-1.97,-2.038,0.363,10.0,0,0.626
v15,aggressive,long,mixed,10,63,2024,51,-0.268,-0.2,-0.268,0.325,10,0,0.592
v15,aggressive,long,mixed,10,63,2025,50,-0.137,-0.05,-0.159,0.4,10.0,0,0.637
v15,aggressive,long,mixed,10,63,2026,24,-5.102,-1.3,-5.102,0.304,10.0,0,0.626
v15,aggressive,long,mixed,20,5,ALL,176,-0.037,-0.19,-0.038,0.462,20.0,0,0.583
v15,aggressive,long,mixed,20,5,P1,91,-0.097,-0.46,-0.098,0.433,20,0,0.566
v15,aggressive,long,mixed,20,5,P2,85,0.027,0.08,0.026,0.493,20,0,0.602
v15,aggressive,long,mixed,20,5,2023,40,-0.246,-1.04,-0.249,0.434,20.0,0,0.569
v15,aggressive,long,mixed,20,5,2024,51,0.02,0.06,0.021,0.432,20,0,0.563
v15,aggressive,long,mixed,20,5,2025,50,0.141,0.4,0.145,0.492,20.0,0,0.588
v15,aggressive,long,mixed,20,5,2026,35,-0.137,-0.2,-0.144,0.495,20,0,0.625
v15,aggressive,long,mixed,20,20,ALL,173,-0.342,-0.65,-0.345,0.41,20,0,0.581
v15,aggressive,long,mixed,20,20,P1,91,-0.186,-0.32,-0.186,0.395,20,0,0.566
v15,aggressive,long,mixed,20,20,P2,82,-0.514,-0.57,-0.521,0.426,20.0,0,0.598
v15,aggressive,long,mixed,20,20,2023,40,-0.829,-2.47,-0.834,0.423,20.0,0,0.569
v15,aggressive,long,mixed,20,20,2024,51,0.318,0.32,0.322,0.373,20,0,0.563
v15,aggressive,long,mixed,20,20,2025,50,-0.223,-0.19,-0.233,0.423,20.0,0,0.588
v15,aggressive,long,mixed,20,20,2026,32,-0.968,-0.67,-0.971,0.43,20.0,0,0.616
v15,aggressive,long,mixed,20,63,ALL,165,-0.876,-0.63,-0.879,0.377,20,0,0.577
v15,aggressive,long,mixed,20,63,P1,91,-0.745,-0.88,-0.745,0.367,20,0,0.566
v15,aggressive,long,mixed,20,63,P2,74,-1.037,-0.36,-1.045,0.389,20.0,0,0.59
v15,aggressive,long,mixed,20,63,2023,40,-1.467,-1.69,-1.48,0.401,20.0,0,0.569
v15,aggressive,long,mixed,20,63,2024,51,-0.178,-0.14,-0.169,0.34,20,0,0.563
v15,aggressive,long,mixed,20,63,2025,50,1.263,0.36,1.252,0.43,20.0,0,0.588
v15,aggressive,long,mixed,20,63,2026,24,-5.828,-1.46,-5.829,0.304,20.0,0,0.596
v15,aggressive,long,stock,10,5,ALL,176,-0.018,-0.07,-0.019,0.473,10.0,0,0.61
v15,aggressive,long,stock,10,5,P1,91,-0.012,-0.04,-0.009,0.46,10,0,0.617
v15,aggressive,long,stock,10,5,P2,85,-0.025,-0.05,-0.029,0.487,10,0,0.604
v15,aggressive,long,stock,10,5,2023,40,-0.185,-0.52,-0.18,0.454,10.0,0,0.618
v15,aggressive,long,stock,10,5,2024,51,0.124,0.29,0.124,0.465,10,0,0.614
v15,aggressive,long,stock,10,5,2025,50,-0.105,-0.22,-0.101,0.489,10.0,0,0.598
v15,aggressive,long,stock,10,5,2026,35,0.089,0.1,0.074,0.483,10,0,0.612
v15,aggressive,long,stock,10,20,ALL,173,0.05,0.08,0.047,0.462,10,0,0.61
v15,aggressive,long,stock,10,20,P1,91,0.722,0.94,0.722,0.499,10,0,0.617
v15,aggressive,long,stock,10,20,P2,82,-0.696,-0.72,-0.701,0.42,10.0,0,0.602
v15,aggressive,long,stock,10,20,2023,40,-0.55,-0.9,-0.55,0.454,10.0,0,0.618
v15,aggressive,long,stock,10,20,2024,51,1.719,1.4,1.719,0.535,10,0,0.614
v15,aggressive,long,stock,10,20,2025,50,-1.02,-0.93,-1.032,0.403,10.0,0,0.598
v15,aggressive,long,stock,10,20,2026,32,-0.189,-0.11,-0.185,0.448,10.0,0,0.61
v15,aggressive,long,stock,10,63,ALL,165,0.765,0.55,0.765,0.448,10,0,0.608
v15,aggressive,long,stock,10,63,P1,91,1.92,2.1,1.921,0.479,10,0,0.617
v15,aggressive,long,stock,10,63,P2,74,-0.656,-0.23,-0.655,0.41,10.0,0,0.597
v15,aggressive,long,stock,10,63,2023,40,0.741,0.91,0.742,0.474,10.0,0,0.618
v15,aggressive,long,stock,10,63,2024,51,2.844,2.33,2.844,0.482,10,0,0.614
v15,aggressive,long,stock,10,63,2025,50,1.167,0.33,1.144,0.436,10.0,0,0.598
v15,aggressive,long,stock,10,63,2026,24,-4.454,-1.05,-4.403,0.356,10.0,0,0.596
v15,aggressive,long,stock,20,5,ALL,176,0.057,0.26,0.056,0.483,20.0,1,0.573
v15,aggressive,long,stock,20,5,P1,91,0.07,0.29,0.068,0.472,20,0,0.573
v15,aggressive,long,stock,20,5,P2,85,0.044,0.12,0.042,0.494,20,1,0.573
v15,aggressive,long,stock,20,5,2023,40,-0.228,-0.86,-0.231,0.461,20.0,0,0.555
v15,aggressive,long,stock,20,5,2024,51,0.303,0.82,0.303,0.481,20,0,0.589
v15,aggressive,long,stock,20,5,2025,50,0.115,0.32,0.119,0.494,20.0,1,0.574
v15,aggressive,long,stock,20,5,2026,35,-0.058,-0.08,-0.067,0.494,20,0,0.575
v15,aggressive,long,stock,20,20,ALL,173,0.147,0.27,0.141,0.468,20,1,0.573
v15,aggressive,long,stock,20,20,P1,91,0.351,0.57,0.351,0.486,20,0,0.573
v15,aggressive,long,stock,20,20,P2,82,-0.078,-0.08,-0.091,0.447,20.0,1,0.573
v15,aggressive,long,stock,20,20,2023,40,-0.721,-1.95,-0.727,0.456,20.0,0,0.555
v15,aggressive,long,stock,20,20,2024,51,1.192,1.19,1.196,0.51,20,0,0.589
v15,aggressive,long,stock,20,20,2025,50,0.211,0.19,0.193,0.455,20.0,1,0.574
v15,aggressive,long,stock,20,20,2026,32,-0.53,-0.33,-0.536,0.436,20.0,0,0.574
v15,aggressive,long,stock,20,63,ALL,165,1.06,0.7,1.041,0.451,20,1,0.571
v15,aggressive,long,stock,20,63,P1,91,1.379,1.27,1.382,0.467,20,0,0.573
v15,aggressive,long,stock,20,63,P2,74,0.668,0.22,0.621,0.432,20.0,1,0.569
v15,aggressive,long,stock,20,63,2023,40,0.281,0.18,0.274,0.452,20.0,0,0.555
v15,aggressive,long,stock,20,63,2024,51,2.241,1.98,2.25,0.478,20,0,0.589
v15,aggressive,long,stock,20,63,2025,50,3.199,0.89,3.129,0.472,20.0,1,0.574
v15,aggressive,long,stock,20,63,2026,24,-4.605,-0.98,-4.604,0.35,20.0,0,0.563
v15,aggressive,mid,mixed,10,5,ALL,176,-0.066,-0.28,-0.061,0.445,10.0,0,0.655
v15,aggressive,mid,mixed,10,5,P1,91,-0.263,-1.03,-0.263,0.411,10,0,0.636
v15,aggressive,mid,mixed,10,5,P2,85,0.145,0.35,0.156,0.482,10,0,0.676
v15,aggressive,mid,mixed,10,5,2023,40,-0.379,-1.28,-0.379,0.417,10.0,0,0.654
v15,aggressive,mid,mixed,10,5,2024,51,-0.173,-0.44,-0.173,0.406,10,0,0.622
v15,aggressive,mid,mixed,10,5,2025,50,0.348,0.79,0.366,0.49,10.0,0,0.661
v15,aggressive,mid,mixed,10,5,2026,35,-0.144,-0.18,-0.144,0.471,10,0,0.694
v15,aggressive,mid,mixed,10,20,ALL,173,-0.669,-1.28,-0.675,0.385,10,0,0.653
v15,aggressive,mid,mixed,10,20,P1,91,-0.548,-0.86,-0.548,0.364,10,0,0.636
v15,aggressive,mid,mixed,10,20,P2,82,-0.803,-0.94,-0.816,0.408,10.0,0,0.672
v15,aggressive,mid,mixed,10,20,2023,40,-1.196,-3.27,-1.196,0.395,10.0,0,0.654
v15,aggressive,mid,mixed,10,20,2024,51,-0.04,-0.04,-0.04,0.339,10,0,0.622
v15,aggressive,mid,mixed,10,20,2025,50,-0.662,-0.62,-0.683,0.392,10.0,0,0.661
v15,aggressive,mid,mixed,10,20,2026,32,-1.025,-0.72,-1.025,0.431,10.0,0,0.684
v15,aggressive,mid,mixed,10,63,ALL,165,-1.793,-1.45,-1.803,0.335,10,0,0.648
v15,aggressive,mid,mixed,10,63,P1,91,-1.533,-1.52,-1.533,0.322,10,0,0.636
v15,aggressive,mid,mixed,10,63,P2,74,-2.112,-0.85,-2.135,0.352,10.0,0,0.663
v15,aggressive,mid,mixed,10,63,2023,40,-3.028,-4.29,-3.028,0.328,10.0,0,0.654
v15,aggressive,mid,mixed,10,63,2024,51,-0.361,-0.24,-0.361,0.318,10,0,0.622
v15,aggressive,mid,mixed,10,63,2025,50,-0.162,-0.05,-0.196,0.39,10.0,0,0.661
v15,aggressive,mid,mixed,10,63,2026,24,-6.176,-1.82,-6.176,0.271,10.0,0,0.661
v15,aggressive,mid,mixed,20,5,ALL,176,-0.083,-0.41,-0.083,0.459,20.0,0,0.612
v15,aggressive,mid,mixed,20,5,P1,91,-0.09,-0.39,-0.091,0.428,20,0,0.602
v15,aggressive,mid,mixed,20,5,P2,85,-0.075,-0.22,-0.075,0.491,20,0,0.624
v15,aggressive,mid,mixed,20,5,2023,40,-0.302,-1.36,-0.305,0.432,20.0,0,0.595
v15,aggressive,mid,mixed,20,5,2024,51,0.076,0.21,0.077,0.424,20,0,0.604
v15,aggressive,mid,mixed,20,5,2025,50,0.031,0.09,0.036,0.489,20.0,0,0.616
v15,aggressive,mid,mixed,20,5,2026,35,-0.225,-0.34,-0.234,0.495,20,0,0.64
v15,aggressive,mid,mixed,20,20,ALL,173,-0.527,-1.05,-0.53,0.405,20,0,0.61
v15,aggressive,mid,mixed,20,20,P1,91,-0.472,-0.86,-0.473,0.385,20,0,0.602
v15,aggressive,mid,mixed,20,20,P2,82,-0.588,-0.68,-0.594,0.427,20.0,0,0.621
v15,aggressive,mid,mixed,20,20,2023,40,-0.942,-3.03,-0.947,0.411,20.0,0,0.595
v15,aggressive,mid,mixed,20,20,2024,51,-0.104,-0.11,-0.1,0.365,20,0,0.604
v15,aggressive,mid,mixed,20,20,2025,50,-0.458,-0.44,-0.464,0.423,20.0,0,0.616
v15,aggressive,mid,mixed,20,20,2026,32,-0.792,-0.53,-0.797,0.433,20.0,0,0.632
v15,aggressive,mid,mixed,20,63,ALL,165,-1.496,-1.14,-1.5,0.36,20,0,0.606
v15,aggressive,mid,mixed,20,63,P1,91,-1.465,-1.86,-1.466,0.342,20,0,0.602
v15,aggressive,mid,mixed,20,63,P2,74,-1.534,-0.56,-1.541,0.381,20.0,0,0.612
v15,aggressive,mid,mixed,20,63,2023,40,-2.041,-2.51,-2.053,0.368,20.0,0,0.595
v15,aggressive,mid,mixed,20,63,2024,51,-1.014,-0.85,-1.006,0.322,20,0,0.604
v15,aggressive,mid,mixed,20,63,2025,50,0.671,0.2,0.665,0.421,20.0,0,0.616
v15,aggressive,mid,mixed,20,63,2026,24,-6.128,-1.57,-6.136,0.298,20.0,0,0.609
v15,aggressive,mid,stock,10,5,ALL,176,0.137,0.52,0.141,0.477,10.0,0,0.639
v15,aggressive,mid,stock,10,5,P1,91,0.023,0.08,0.026,0.46,10,0,0.636
v15,aggressive,mid,stock,10,5,P2,85,0.259,0.57,0.263,0.496,10,0,0.642
v15,aggressive,mid,stock,10,5,2023,40,0.014,0.04,0.02,0.457,10.0,0,0.618
v15,aggressive,mid,stock,10,5,2024,51,0.03,0.07,0.032,0.462,10,0,0.648
v15,aggressive,mid,stock,10,5,2025,50,0.346,0.74,0.362,0.511,10.0,0,0.627
v15,aggressive,mid,stock,10,5,2026,35,0.134,0.15,0.122,0.475,10,0,0.662
v15,aggressive,mid,stock,10,20,ALL,173,-0.123,-0.21,-0.128,0.459,10,0,0.638
v15,aggressive,mid,stock,10,20,P1,91,0.522,0.71,0.525,0.493,10,0,0.636
v15,aggressive,mid,stock,10,20,P2,82,-0.84,-0.89,-0.852,0.42,10.0,0,0.64
v15,aggressive,mid,stock,10,20,2023,40,-0.489,-1.0,-0.489,0.459,10.0,0,0.618
v15,aggressive,mid,stock,10,20,2024,51,1.315,1.07,1.32,0.521,10,0,0.648
v15,aggressive,mid,stock,10,20,2025,50,-0.958,-0.85,-0.98,0.407,10.0,0,0.627
v15,aggressive,mid,stock,10,20,2026,32,-0.655,-0.39,-0.652,0.442,10.0,0,0.658
v15,aggressive,mid,stock,10,63,ALL,165,0.227,0.16,0.228,0.436,10,0,0.636
v15,aggressive,mid,stock,10,63,P1,91,1.386,1.3,1.396,0.465,10,0,0.636
v15,aggressive,mid,stock,10,63,P2,74,-1.199,-0.43,-1.209,0.401,10.0,0,0.636
v15,aggressive,mid,stock,10,63,2023,40,-0.426,-0.62,-0.425,0.449,10.0,0,0.618
v15,aggressive,mid,stock,10,63,2024,51,2.808,1.94,2.824,0.478,10,0,0.648
v15,aggressive,mid,stock,10,63,2025,50,0.861,0.25,0.819,0.436,10.0,0,0.627
v15,aggressive,mid,stock,10,63,2026,24,-5.491,-1.36,-5.433,0.327,10.0,0,0.652
v15,aggressive,mid,stock,20,5,ALL,176,-0.101,-0.46,-0.105,0.483,20.0,2,0.61
v15,aggressive,mid,stock,20,5,P1,91,-0.029,-0.12,-0.03,0.47,20,1,0.611
v15,aggressive,mid,stock,20,5,P2,85,-0.178,-0.48,-0.184,0.496,20,1,0.61
v15,aggressive,mid,stock,20,5,2023,40,-0.324,-1.23,-0.327,0.459,20.0,0,0.591
v15,aggressive,mid,stock,20,5,2024,51,0.202,0.55,0.203,0.479,20,1,0.629
v15,aggressive,mid,stock,20,5,2025,50,-0.126,-0.33,-0.129,0.496,20.0,1,0.609
v15,aggressive,mid,stock,20,5,2026,35,-0.252,-0.35,-0.263,0.497,20,0,0.613
v15,aggressive,mid,stock,20,20,ALL,173,-0.125,-0.23,-0.134,0.465,20,2,0.61
v15,aggressive,mid,stock,20,20,P1,91,0.211,0.34,0.211,0.484,20,1,0.611
v15,aggressive,mid,stock,20,20,P2,82,-0.497,-0.55,-0.517,0.443,20.0,1,0.61
v15,aggressive,mid,stock,20,20,2023,40,-0.769,-2.11,-0.773,0.451,20.0,0,0.591
v15,aggressive,mid,stock,20,20,2024,51,0.979,0.96,0.983,0.51,20,1,0.629
v15,aggressive,mid,stock,20,20,2025,50,-0.348,-0.31,-0.373,0.452,20.0,1,0.609
v15,aggressive,mid,stock,20,20,2026,32,-0.731,-0.48,-0.741,0.429,20.0,0,0.616
v15,aggressive,mid,stock,20,63,ALL,165,0.21,0.14,0.19,0.436,20,2,0.608
v15,aggressive,mid,stock,20,63,P1,91,0.622,0.63,0.63,0.448,20,1,0.611
v15,aggressive,mid,stock,20,63,P2,74,-0.297,-0.09,-0.351,0.422,20.0,1,0.605
v15,aggressive,mid,stock,20,63,2023,40,-0.796,-0.67,-0.802,0.425,20.0,0,0.591
v15,aggressive,mid,stock,20,63,2024,51,1.735,1.57,1.753,0.466,20,1,0.629
v15,aggressive,mid,stock,20,63,2025,50,2.286,0.59,2.206,0.465,20.0,1,0.609
v15,aggressive,mid,stock,20,63,2026,24,-5.677,-1.31,-5.68,0.331,20.0,0,0.602
v15,aggressive,short,mixed,10,5,ALL,176,-0.195,-0.93,-0.192,0.45,10.0,0,0.719
v15,aggressive,short,mixed,10,5,P1,91,-0.185,-0.68,-0.185,0.413,10,0,0.692
v15,aggressive,short,mixed,10,5,P2,85,-0.206,-0.64,-0.199,0.489,10,0,0.745
v15,aggressive,short,mixed,10,5,2023,40,-0.318,-1.07,-0.318,0.417,10.0,0,0.7
v15,aggressive,short,mixed,10,5,2024,51,-0.081,-0.19,-0.081,0.41,10,0,0.688
v15,aggressive,short,mixed,10,5,2025,50,0.037,0.1,0.048,0.507,10.0,0,0.724
v15,aggressive,short,mixed,10,5,2026,35,-0.552,-0.97,-0.552,0.463,10,0,0.771
v15,aggressive,short,mixed,10,20,ALL,173,-0.676,-1.3,-0.68,0.391,10,0,0.717
v15,aggressive,short,mixed,10,20,P1,91,-0.367,-0.56,-0.367,0.378,10,0,0.692
v15,aggressive,short,mixed,10,20,P2,82,-1.019,-1.25,-1.027,0.405,10.0,0,0.742
v15,aggressive,short,mixed,10,20,2023,40,-1.085,-2.32,-1.085,0.398,10.0,0,0.7
v15,aggressive,short,mixed,10,20,2024,51,0.195,0.18,0.195,0.363,10,0,0.688
v15,aggressive,short,mixed,10,20,2025,50,-0.762,-0.73,-0.776,0.405,10.0,0,0.724
v15,aggressive,short,mixed,10,20,2026,32,-1.42,-1.08,-1.42,0.406,10.0,0,0.765
v15,aggressive,short,mixed,10,63,ALL,165,-2.297,-1.79,-2.299,0.334,10,0,0.711
v15,aggressive,short,mixed,10,63,P1,91,-2.302,-2.22,-2.302,0.31,10,0,0.692
v15,aggressive,short,mixed,10,63,P2,74,-2.291,-0.9,-2.296,0.363,10.0,0,0.732
v15,aggressive,short,mixed,10,63,2023,40,-3.849,-4.75,-3.849,0.297,10.0,0,0.7
v15,aggressive,short,mixed,10,63,2024,51,-1.088,-0.74,-1.088,0.32,10,0,0.688
v15,aggressive,short,mixed,10,63,2025,50,-0.38,-0.11,-0.387,0.397,10.0,0,0.724
v15,aggressive,short,mixed,10,63,2026,24,-6.272,-3.54,-6.272,0.292,10.0,0,0.739
v15,aggressive,short,mixed,20,5,ALL,176,-0.035,-0.2,-0.033,0.464,20.0,0,0.664
v15,aggressive,short,mixed,20,5,P1,91,-0.058,-0.27,-0.057,0.434,20,0,0.652
v15,aggressive,short,mixed,20,5,P2,85,-0.011,-0.04,-0.008,0.497,20,0,0.678
v15,aggressive,short,mixed,20,5,2023,40,-0.215,-1.0,-0.213,0.447,20.0,0,0.646
v15,aggressive,short,mixed,20,5,2024,51,0.065,0.19,0.065,0.423,20,0,0.654
v15,aggressive,short,mixed,20,5,2025,50,0.216,0.65,0.22,0.505,20.0,0,0.668
v15,aggressive,short,mixed,20,5,2026,35,-0.334,-0.68,-0.334,0.487,20,0,0.688
v15,aggressive,short,mixed,20,20,ALL,173,-0.674,-1.55,-0.674,0.403,20,0,0.663
v15,aggressive,short,mixed,20,20,P1,91,-0.558,-1.09,-0.557,0.381,20,0,0.652
v15,aggressive,short,mixed,20,20,P2,82,-0.803,-1.11,-0.803,0.428,20.0,0,0.675
v15,aggressive,short,mixed,20,20,2023,40,-0.917,-2.58,-0.916,0.414,20.0,0,0.646
v15,aggressive,short,mixed,20,20,2024,51,-0.276,-0.32,-0.276,0.355,20,0,0.654
v15,aggressive,short,mixed,20,20,2025,50,-0.15,-0.16,-0.149,0.436,20.0,0,0.668
v15,aggressive,short,mixed,20,20,2026,32,-1.824,-1.82,-1.824,0.416,20.0,0,0.682
v15,aggressive,short,mixed,20,63,ALL,165,-2.239,-1.82,-2.233,0.351,20,0,0.66
v15,aggressive,short,mixed,20,63,P1,91,-2.231,-3.27,-2.234,0.332,20,0,0.652
v15,aggressive,short,mixed,20,63,P2,74,-2.25,-0.87,-2.232,0.374,20.0,0,0.671
v15,aggressive,short,mixed,20,63,2023,40,-2.908,-6.67,-2.915,0.34,20.0,0,0.646
v15,aggressive,short,mixed,20,63,2024,51,-1.7,-1.55,-1.699,0.326,20,0,0.654
v15,aggressive,short,mixed,20,63,2025,50,0.493,0.16,0.52,0.422,20.0,0,0.668
v15,aggressive,short,mixed,20,63,2026,24,-7.965,-3.62,-7.965,0.273,20.0,0,0.672
v15,aggressive,short,stock,10,5,ALL,176,-0.163,-0.71,-0.157,0.476,10.0,0,0.737
v15,aggressive,short,stock,10,5,P1,91,-0.058,-0.2,-0.056,0.46,10,0,0.728
v15,aggressive,short,stock,10,5,P2,85,-0.276,-0.75,-0.265,0.493,10,0,0.745
v15,aggressive,short,stock,10,5,2023,40,-0.17,-0.52,-0.166,0.454,10.0,0,0.69
v15,aggressive,short,stock,10,5,2024,51,0.03,0.07,0.03,0.465,10,0,0.754
v15,aggressive,short,stock,10,5,2025,50,-0.035,-0.08,-0.016,0.521,10.0,0,0.731
v15,aggressive,short,stock,10,5,2026,35,-0.62,-0.99,-0.62,0.454,10,0,0.762
v15,aggressive,short,stock,10,20,ALL,173,-0.636,-1.15,-0.636,0.451,10,0,0.736
v15,aggressive,short,stock,10,20,P1,91,-0.011,-0.02,-0.008,0.483,10,0,0.728
v15,aggressive,short,stock,10,20,P2,82,-1.33,-1.53,-1.334,0.415,10.0,0,0.743
v15,aggressive,short,stock,10,20,2023,40,-0.94,-1.66,-0.934,0.451,10.0,0,0.69
v15,aggressive,short,stock,10,20,2024,51,0.718,0.66,0.718,0.508,10,0,0.754
v15,aggressive,short,stock,10,20,2025,50,-0.926,-0.79,-0.932,0.422,10.0,0,0.731
v15,aggressive,short,stock,10,20,2026,32,-1.962,-1.54,-1.962,0.403,10.0,0,0.758
v15,aggressive,short,stock,10,63,ALL,165,-1.116,-0.8,-1.107,0.411,10,0,0.734
v15,aggressive,short,stock,10,63,P1,91,-0.388,-0.36,-0.391,0.423,10,0,0.728
v15,aggressive,short,stock,10,63,P2,74,-2.01,-0.73,-1.988,0.396,10.0,0,0.738
v15,aggressive,short,stock,10,63,2023,40,-2.202,-2.11,-2.208,0.384,10.0,0,0.69
v15,aggressive,short,stock,10,63,2024,51,1.034,0.78,1.034,0.453,10,0,0.754
v15,aggressive,short,stock,10,63,2025,50,0.139,0.04,0.172,0.43,10.0,0,0.731
v15,aggressive,short,stock,10,63,2026,24,-6.489,-2.57,-6.489,0.325,10.0,0,0.748
v15,aggressive,short,stock,20,5,ALL,176,0.015,0.08,0.017,0.485,20.0,1,0.665
v15,aggressive,short,stock,20,5,P1,91,0.004,0.02,0.006,0.473,20,0,0.667
v15,aggressive,short,stock,20,5,P2,85,0.026,0.09,0.03,0.498,20,1,0.665
v15,aggressive,short,stock,20,5,2023,40,-0.208,-0.81,-0.206,0.472,20.0,0,0.647
v15,aggressive,short,stock,20,5,2024,51,0.171,0.51,0.172,0.474,20,0,0.682
v15,aggressive,short,stock,20,5,2025,50,0.19,0.55,0.196,0.506,20.0,1,0.652
v15,aggressive,short,stock,20,5,2026,35,-0.208,-0.38,-0.208,0.486,20,0,0.682
v15,aggressive,short,stock,20,20,ALL,173,-0.504,-1.1,-0.503,0.453,20,1,0.665
v15,aggressive,short,stock,20,20,P1,91,-0.187,-0.34,-0.186,0.466,20,0,0.667
v15,aggressive,short,stock,20,20,P2,82,-0.857,-1.16,-0.856,0.438,20.0,1,0.664
v15,aggressive,short,stock,20,20,2023,40,-0.875,-1.91,-0.875,0.447,20.0,0,0.647
v15,aggressive,short,stock,20,20,2024,51,0.352,0.4,0.354,0.481,20,0,0.682
v15,aggressive,short,stock,20,20,2025,50,-0.371,-0.36,-0.369,0.448,20.0,1,0.652
v15,aggressive,short,stock,20,20,2026,32,-1.616,-1.69,-1.616,0.423,20.0,0,0.681
v15,aggressive,short,stock,20,63,ALL,165,-1.046,-0.77,-1.038,0.412,20,1,0.664
v15,aggressive,short,stock,20,63,P1,91,-0.639,-0.92,-0.638,0.416,20,0,0.667
v15,aggressive,short,stock,20,63,P2,74,-1.546,-0.54,-1.53,0.406,20.0,1,0.662
v15,aggressive,short,stock,20,63,2023,40,-1.447,-1.98,-1.448,0.404,20.0,0,0.647
v15,aggressive,short,stock,20,63,2024,51,-0.006,-0.01,-0.002,0.425,20,0,0.682
v15,aggressive,short,stock,20,63,2025,50,1.367,0.4,1.39,0.457,20.0,1,0.652
v15,aggressive,short,stock,20,63,2026,24,-7.613,-2.95,-7.613,0.3,20.0,0,0.68
v15,balanced,long,mixed,10,5,ALL,176,-0.026,-0.11,-0.022,0.449,10.0,0,0.632
v15,balanced,long,mixed,10,5,P1,91,-0.132,-0.49,-0.131,0.422,10,0,0.613
v15,balanced,long,mixed,10,5,P2,85,0.087,0.21,0.094,0.479,10,0,0.651
v15,balanced,long,mixed,10,5,2023,40,-0.367,-1.2,-0.365,0.412,10.0,0,0.636
v15,balanced,long,mixed,10,5,2024,51,0.053,0.13,0.053,0.429,10,0,0.592
v15,balanced,long,mixed,10,5,2025,50,0.057,0.13,0.068,0.478,10.0,0,0.649
v15,balanced,long,mixed,10,5,2026,35,0.131,0.16,0.131,0.48,10,0,0.653
v15,balanced,long,mixed,10,20,ALL,173,-0.296,-0.52,-0.3,0.396,10,0,0.629
v15,balanced,long,mixed,10,20,P1,91,0.102,0.14,0.105,0.381,10,0,0.613
v15,balanced,long,mixed,10,20,P2,82,-0.738,-0.8,-0.75,0.414,10.0,0,0.646
v15,balanced,long,mixed,10,20,2023,40,-0.572,-1.23,-0.564,0.403,10.0,0,0.636
v15,balanced,long,mixed,10,20,2024,51,0.63,0.53,0.63,0.363,10,0,0.592
v15,balanced,long,mixed,10,20,2025,50,-0.707,-0.59,-0.728,0.398,10.0,0,0.649
v15,balanced,long,mixed,10,20,2026,32,-0.785,-0.54,-0.785,0.438,10.0,0,0.639
v15,balanced,long,mixed,10,63,ALL,165,-0.926,-0.77,-0.933,0.358,10,0,0.627
v15,balanced,long,mixed,10,63,P1,91,-0.437,-0.4,-0.443,0.348,10,0,0.613
v15,balanced,long,mixed,10,63,P2,74,-1.526,-0.65,-1.536,0.371,10.0,0,0.642
v15,balanced,long,mixed,10,63,2023,40,-1.614,-1.54,-1.627,0.363,10.0,0,0.636
v15,balanced,long,mixed,10,63,2024,51,0.486,0.3,0.486,0.335,10,0,0.592
v15,balanced,long,mixed,10,63,2025,50,0.598,0.21,0.583,0.4,10.0,0,0.649
v15,balanced,long,mixed,10,63,2026,24,-5.951,-2.16,-5.951,0.308,10.0,0,0.626
v15,balanced,long,mixed,20,5,ALL,176,-0.021,-0.11,-0.02,0.464,20.0,1,0.605
v15,balanced,long,mixed,20,5,P1,91,-0.153,-0.73,-0.147,0.433,20,1,0.599
v15,balanced,long,mixed,20,5,P2,85,0.119,0.36,0.116,0.497,20,0,0.613
v15,balanced,long,mixed,20,5,2023,40,-0.353,-1.5,-0.34,0.433,20.0,1,0.581
v15,balanced,long,mixed,20,5,2024,51,0.004,0.01,0.004,0.433,20,0,0.609
v15,balanced,long,mixed,20,5,2025,50,0.087,0.26,0.088,0.484,20.0,0,0.606
v15,balanced,long,mixed,20,5,2026,35,0.166,0.26,0.156,0.515,20,0,0.626
v15,balanced,long,mixed,20,20,ALL,173,-0.088,-0.18,-0.088,0.419,20,1,0.604
v15,balanced,long,mixed,20,20,P1,91,-0.233,-0.43,-0.232,0.392,20,1,0.599
v15,balanced,long,mixed,20,20,P2,82,0.072,0.09,0.071,0.448,20.0,0,0.61
v15,balanced,long,mixed,20,20,2023,40,-0.715,-2.14,-0.718,0.421,20.0,1,0.581
v15,balanced,long,mixed,20,20,2024,51,0.145,0.16,0.149,0.369,20,0,0.609
v15,balanced,long,mixed,20,20,2025,50,0.174,0.16,0.177,0.448,20.0,0,0.606
v15,balanced,long,mixed,20,20,2026,32,-0.087,-0.07,-0.095,0.448,20.0,0,0.623
v15,balanced,long,mixed,20,63,ALL,165,-0.354,-0.25,-0.346,0.38,20,1,0.601
v15,balanced,long,mixed,20,63,P1,91,-0.793,-0.98,-0.791,0.359,20,1,0.599
v15,balanced,long,mixed,20,63,P2,74,0.187,0.06,0.201,0.405,20.0,0,0.603
v15,balanced,long,mixed,20,63,2023,40,-1.172,-1.2,-1.18,0.383,20.0,1,0.581
v15,balanced,long,mixed,20,63,2024,51,-0.496,-0.42,-0.486,0.34,20,0,0.609
v15,balanced,long,mixed,20,63,2025,50,2.852,0.78,2.88,0.448,20.0,0,0.606
v15,balanced,long,mixed,20,63,2026,24,-5.366,-1.85,-5.38,0.314,20.0,0,0.604
v15,balanced,long,stock,10,5,ALL,176,0.07,0.27,0.073,0.479,10.0,1,0.622
v15,balanced,long,stock,10,5,P1,91,0.071,0.26,0.072,0.469,10,0,0.614
v15,balanced,long,stock,10,5,P2,85,0.069,0.16,0.075,0.49,10,1,0.63
v15,balanced,long,stock,10,5,2023,40,-0.22,-0.61,-0.22,0.446,10.0,0,0.621
v15,balanced,long,stock,10,5,2024,51,0.3,0.74,0.3,0.486,10,0,0.608
v15,balanced,long,stock,10,5,2025,50,-0.035,-0.08,-0.025,0.489,10.0,1,0.618
v15,balanced,long,stock,10,5,2026,35,0.217,0.25,0.217,0.491,10,0,0.647
v15,balanced,long,stock,10,20,ALL,173,0.131,0.21,0.131,0.466,10,1,0.62
v15,balanced,long,stock,10,20,P1,91,0.827,1.07,0.827,0.5,10,0,0.614
v15,balanced,long,stock,10,20,P2,82,-0.64,-0.64,-0.642,0.428,10.0,1,0.627
v15,balanced,long,stock,10,20,2023,40,-0.133,-0.21,-0.132,0.459,10.0,0,0.621
v15,balanced,long,stock,10,20,2024,51,1.579,1.25,1.579,0.533,10,0,0.608
v15,balanced,long,stock,10,20,2025,50,-0.619,-0.46,-0.621,0.422,10.0,1,0.618
v15,balanced,long,stock,10,20,2026,32,-0.674,-0.45,-0.674,0.438,10.0,0,0.642
v15,balanced,long,stock,10,63,ALL,165,1.293,0.94,1.296,0.451,10,1,0.619
v15,balanced,long,stock,10,63,P1,91,2.485,2.08,2.491,0.479,10,0,0.614
v15,balanced,long,stock,10,63,P2,74,-0.172,-0.06,-0.173,0.418,10.0,1,0.625
v15,balanced,long,stock,10,63,2023,40,0.89,1.26,0.902,0.471,10.0,0,0.621
v15,balanced,long,stock,10,63,2024,51,3.736,2.1,3.736,0.484,10,0,0.608
v15,balanced,long,stock,10,63,2025,50,2.168,0.68,2.166,0.454,10.0,1,0.618
v15,balanced,long,stock,10,63,2026,24,-5.048,-1.44,-5.048,0.342,10.0,0,0.639
v15,balanced,long,stock,20,5,ALL,176,0.03,0.15,0.034,0.483,20.0,2,0.588
v15,balanced,long,stock,20,5,P1,91,-0.033,-0.15,-0.025,0.469,20,1,0.593
v15,balanced,long,stock,20,5,P2,85,0.097,0.28,0.097,0.498,20,1,0.582
v15,balanced,long,stock,20,5,2023,40,-0.318,-1.23,-0.3,0.454,20.0,1,0.577
v15,balanced,long,stock,20,5,2024,51,0.19,0.59,0.191,0.481,20,0,0.607
v15,balanced,long,stock,20,5,2025,50,0.064,0.18,0.072,0.493,20.0,1,0.572
v15,balanced,long,stock,20,5,2026,35,0.144,0.21,0.133,0.506,20,0,0.603
v15,balanced,long,stock,20,20,ALL,173,0.261,0.5,0.246,0.471,20,2,0.587
v15,balanced,long,stock,20,20,P1,91,0.404,0.66,0.406,0.487,20,1,0.593
v15,balanced,long,stock,20,20,P2,82,0.101,0.12,0.068,0.452,20.0,1,0.581
v15,balanced,long,stock,20,20,2023,40,-0.584,-1.56,-0.587,0.457,20.0,1,0.577
v15,balanced,long,stock,20,20,2024,51,1.179,1.17,1.185,0.511,20,0,0.607
v15,balanced,long,stock,20,20,2025,50,0.323,0.29,0.275,0.465,20.0,1,0.572
v15,balanced,long,stock,20,20,2026,32,-0.244,-0.18,-0.257,0.432,20.0,0,0.602
v15,balanced,long,stock,20,63,ALL,165,1.18,0.81,1.149,0.452,20,2,0.585
v15,balanced,long,stock,20,63,P1,91,1.264,1.27,1.271,0.462,20,1,0.593
v15,balanced,long,stock,20,63,P2,74,1.076,0.36,0.998,0.439,20.0,1,0.575
v15,balanced,long,stock,20,63,2023,40,0.049,0.04,0.054,0.45,20.0,1,0.577
v15,balanced,long,stock,20,63,2024,51,2.217,1.84,2.226,0.471,20,0,0.607
v15,balanced,long,stock,20,63,2025,50,3.971,1.11,3.861,0.485,20.0,1,0.572
v15,balanced,long,stock,20,63,2026,24,-4.953,-1.47,-4.966,0.344,20.0,0,0.589
v15,balanced,mid,mixed,10,5,ALL,176,0.016,0.07,0.02,0.454,10.0,0,0.676
v15,balanced,mid,mixed,10,5,P1,91,-0.171,-0.64,-0.169,0.421,10,0,0.654
v15,balanced,mid,mixed,10,5,P2,85,0.215,0.55,0.222,0.489,10,0,0.699
v15,balanced,mid,mixed,10,5,2023,40,-0.277,-0.93,-0.275,0.424,10.0,0,0.662
v15,balanced,mid,mixed,10,5,2024,51,-0.088,-0.21,-0.086,0.419,10,0,0.646
v15,balanced,mid,mixed,10,5,2025,50,0.358,0.86,0.371,0.496,10.0,0,0.692
v15,balanced,mid,mixed,10,5,2026,35,0.01,0.01,0.01,0.48,10,0,0.706
v15,balanced,mid,mixed,10,20,ALL,173,-0.348,-0.67,-0.35,0.392,10,0,0.674
v15,balanced,mid,mixed,10,20,P1,91,-0.269,-0.43,-0.265,0.371,10,0,0.654
v15,balanced,mid,mixed,10,20,P2,82,-0.436,-0.51,-0.445,0.415,10.0,0,0.695
v15,balanced,mid,mixed,10,20,2023,40,-0.597,-1.34,-0.589,0.406,10.0,0,0.662
v15,balanced,mid,mixed,10,20,2024,51,-0.012,-0.01,-0.012,0.344,10,0,0.646
v15,balanced,mid,mixed,10,20,2025,50,-0.142,-0.13,-0.156,0.413,10.0,0,0.692
v15,balanced,mid,mixed,10,20,2026,32,-0.896,-0.7,-0.896,0.419,10.0,0,0.697
v15,balanced,mid,mixed,10,63,ALL,165,-0.66,-0.49,-0.66,0.356,10,0,0.669
v15,balanced,mid,mixed,10,63,P1,91,-0.814,-0.76,-0.811,0.337,10,0,0.654
v15,balanced,mid,mixed,10,63,P2,74,-0.471,-0.17,-0.474,0.379,10.0,0,0.686
v15,balanced,mid,mixed,10,63,2023,40,-2.094,-2.06,-2.106,0.348,10.0,0,0.662
v15,balanced,mid,mixed,10,63,2024,51,0.191,0.12,0.205,0.328,10,0,0.646
v15,balanced,mid,mixed,10,63,2025,50,2.238,0.68,2.234,0.418,10.0,0,0.692
v15,balanced,mid,mixed,10,63,2026,24,-6.115,-2.42,-6.115,0.296,10.0,0,0.67
v15,balanced,mid,mixed,20,5,ALL,176,-0.093,-0.48,-0.087,0.457,20.0,3,0.638
v15,balanced,mid,mixed,20,5,P1,91,-0.19,-0.92,-0.177,0.434,20,3,0.632
v15,balanced,mid,mixed,20,5,P2,85,0.011,0.03,0.01,0.482,20,0,0.646
v15,balanced,mid,mixed,20,5,2023,40,-0.289,-1.26,-0.26,0.445,20.0,3,0.623
v15,balanced,mid,mixed,20,5,2024,51,-0.113,-0.35,-0.112,0.426,20,0,0.634
v15,balanced,mid,mixed,20,5,2025,50,0.027,0.08,0.03,0.473,20.0,0,0.642
v15,balanced,mid,mixed,20,5,2026,35,-0.012,-0.02,-0.018,0.496,20,0,0.654
v15,balanced,mid,mixed,20,20,ALL,173,-0.442,-0.99,-0.449,0.407,20,3,0.638
v15,balanced,mid,mixed,20,20,P1,91,-0.537,-1.05,-0.546,0.378,20,3,0.632
v15,balanced,mid,mixed,20,20,P2,82,-0.336,-0.45,-0.34,0.44,20.0,0,0.644
v15,balanced,mid,mixed,20,20,2023,40,-0.756,-2.04,-0.78,0.415,20.0,3,0.623
v15,balanced,mid,mixed,20,20,2024,51,-0.366,-0.43,-0.363,0.35,20,0,0.634
v15,balanced,mid,mixed,20,20,2025,50,-0.28,-0.29,-0.28,0.44,20.0,0,0.642
v15,balanced,mid,mixed,20,20,2026,32,-0.425,-0.36,-0.435,0.44,20.0,0,0.652
v15,balanced,mid,mixed,20,63,ALL,165,-1.161,-0.91,-1.163,0.361,20,3,0.634
v15,balanced,mid,mixed,20,63,P1,91,-1.406,-1.9,-1.41,0.341,20,3,0.632
v15,balanced,mid,mixed,20,63,P2,74,-0.859,-0.32,-0.86,0.386,20.0,0,0.637
v15,balanced,mid,mixed,20,63,2023,40,-1.333,-1.37,-1.354,0.375,20.0,3,0.623
v15,balanced,mid,mixed,20,63,2024,51,-1.463,-1.36,-1.454,0.314,20,0,0.634
v15,balanced,mid,mixed,20,63,2025,50,1.712,0.51,1.733,0.432,20.0,0,0.642
v15,balanced,mid,mixed,20,63,2026,24,-6.216,-2.87,-6.262,0.29,20.0,0,0.63
v15,balanced,mid,stock,10,5,ALL,176,0.075,0.29,0.078,0.482,10.0,1,0.663
v15,balanced,mid,stock,10,5,P1,91,-0.017,-0.06,-0.014,0.459,10,0,0.659
v15,balanced,mid,stock,10,5,P2,85,0.172,0.4,0.175,0.506,10,1,0.668
v15,balanced,mid,stock,10,5,2023,40,-0.218,-0.62,-0.213,0.437,10.0,0,0.644
v15,balanced,mid,stock,10,5,2024,51,0.141,0.34,0.143,0.476,10,0,0.67
v15,balanced,mid,stock,10,5,2025,50,0.075,0.16,0.087,0.51,10.0,1,0.665
v15,balanced,mid,stock,10,5,2026,35,0.312,0.39,0.302,0.501,10,0,0.671
v15,balanced,mid,stock,10,20,ALL,173,0.031,0.05,0.02,0.468,10,1,0.663
v15,balanced,mid,stock,10,20,P1,91,0.53,0.71,0.532,0.496,10,0,0.659
v15,balanced,mid,stock,10,20,P2,82,-0.523,-0.54,-0.548,0.437,10.0,1,0.667
v15,balanced,mid,stock,10,20,2023,40,-0.082,-0.13,-0.08,0.471,10.0,0,0.644
v15,balanced,mid,stock,10,20,2024,51,1.011,0.83,1.012,0.515,10,0,0.67
v15,balanced,mid,stock,10,20,2025,50,-0.397,-0.31,-0.435,0.434,10.0,1,0.665
v15,balanced,mid,stock,10,20,2026,32,-0.718,-0.48,-0.725,0.442,10.0,0,0.668
v15,balanced,mid,stock,10,63,ALL,165,1.174,0.81,1.178,0.443,10,1,0.663
v15,balanced,mid,stock,10,63,P1,91,2.134,1.83,2.155,0.466,10,0,0.659
v15,balanced,mid,stock,10,63,P2,74,-0.007,-0.0,-0.025,0.415,10.0,1,0.668
v15,balanced,mid,stock,10,63,2023,40,0.592,0.64,0.612,0.457,10.0,0,0.644
v15,balanced,mid,stock,10,63,2024,51,3.344,1.97,3.366,0.474,10,0,0.67
v15,balanced,mid,stock,10,63,2025,50,2.883,0.85,2.861,0.457,10.0,1,0.665
v15,balanced,mid,stock,10,63,2026,24,-6.027,-2.08,-6.037,0.327,10.0,0,0.674
v15,balanced,mid,stock,20,5,ALL,176,-0.055,-0.27,-0.045,0.484,20.0,7,0.632
v15,balanced,mid,stock,20,5,P1,91,-0.129,-0.59,-0.114,0.47,20,4,0.642
v15,balanced,mid,stock,20,5,P2,85,0.024,0.07,0.028,0.499,20,3,0.621
v15,balanced,mid,stock,20,5,2023,40,-0.329,-1.18,-0.295,0.461,20.0,3,0.622
v15,balanced,mid,stock,20,5,2024,51,0.027,0.08,0.029,0.478,20,1,0.657
v15,balanced,mid,stock,20,5,2025,50,0.024,0.07,0.037,0.498,20.0,3,0.612
v15,balanced,mid,stock,20,5,2026,35,0.023,0.03,0.016,0.501,20,0,0.64
v15,balanced,mid,stock,20,20,ALL,173,-0.084,-0.17,-0.105,0.464,20,7,0.631
v15,balanced,mid,stock,20,20,P1,91,0.017,0.03,0.008,0.477,20,4,0.642
v15,balanced,mid,stock,20,20,P2,82,-0.197,-0.23,-0.231,0.45,20.0,3,0.619
v15,balanced,mid,stock,20,20,2023,40,-0.725,-1.97,-0.75,0.447,20.0,3,0.622
v15,balanced,mid,stock,20,20,2024,51,0.599,0.63,0.603,0.5,20,1,0.657
v15,balanced,mid,stock,20,20,2025,50,-0.088,-0.08,-0.134,0.46,20.0,3,0.612
v15,balanced,mid,stock,20,20,2026,32,-0.367,-0.3,-0.381,0.435,20.0,0,0.635
v15,balanced,mid,stock,20,63,ALL,165,0.659,0.47,0.607,0.437,20,7,0.629
v15,balanced,mid,stock,20,63,P1,91,0.561,0.63,0.57,0.441,20,4,0.642
v15,balanced,mid,stock,20,63,P2,74,0.779,0.27,0.653,0.431,20.0,3,0.614
v15,balanced,mid,stock,20,63,2023,40,-0.127,-0.11,-0.123,0.433,20.0,3,0.622
v15,balanced,mid,stock,20,63,2024,51,1.101,0.99,1.113,0.448,20,1,0.657
v15,balanced,mid,stock,20,63,2025,50,3.599,1.02,3.427,0.479,20.0,3,0.612
v15,balanced,mid,stock,20,63,2026,24,-5.096,-1.81,-5.127,0.332,20.0,0,0.624
v15,balanced,short,mixed,10,5,ALL,176,-0.133,-0.64,-0.13,0.452,10.0,0,0.735
v15,balanced,short,mixed,10,5,P1,91,-0.195,-0.77,-0.195,0.421,10,0,0.712
v15,balanced,short,mixed,10,5,P2,85,-0.067,-0.2,-0.06,0.486,10,0,0.758
v15,balanced,short,mixed,10,5,2023,40,-0.396,-1.56,-0.396,0.42,10.0,0,0.7
v15,balanced,short,mixed,10,5,2024,51,-0.037,-0.09,-0.037,0.422,10,0,0.72
v15,balanced,short,mixed,10,5,2025,50,0.13,0.33,0.143,0.5,10.0,0,0.741
v15,balanced,short,mixed,10,5,2026,35,-0.349,-0.58,-0.349,0.466,10,0,0.782
v15,balanced,short,mixed,10,20,ALL,173,-0.646,-1.29,-0.653,0.39,10,0,0.734
v15,balanced,short,mixed,10,20,P1,91,-0.445,-0.69,-0.445,0.374,10,0,0.712
v15,balanced,short,mixed,10,20,P2,82,-0.869,-1.12,-0.883,0.408,10.0,0,0.756
v15,balanced,short,mixed,10,20,2023,40,-0.908,-1.8,-0.908,0.405,10.0,0,0.7
v15,balanced,short,mixed,10,20,2024,51,-0.083,-0.08,-0.083,0.349,10,0,0.72
v15,balanced,short,mixed,10,20,2025,50,-0.547,-0.54,-0.569,0.408,10.0,0,0.741
v15,balanced,short,mixed,10,20,2026,32,-1.372,-1.19,-1.372,0.406,10.0,0,0.777
v15,balanced,short,mixed,10,63,ALL,165,-1.983,-1.55,-1.981,0.334,10,0,0.728
v15,balanced,short,mixed,10,63,P1,91,-2.351,-2.15,-2.351,0.307,10,0,0.712
v15,balanced,short,mixed,10,63,P2,74,-1.53,-0.61,-1.526,0.367,10.0,0,0.745
v15,balanced,short,mixed,10,63,2023,40,-3.871,-4.24,-3.871,0.287,10.0,0,0.7
v15,balanced,short,mixed,10,63,2024,51,-1.16,-0.74,-1.16,0.322,10,0,0.72
v15,balanced,short,mixed,10,63,2025,50,1.014,0.32,1.019,0.407,10.0,0,0.741
v15,balanced,short,mixed,10,63,2026,24,-6.829,-7.28,-6.829,0.283,10.0,0,0.752
v15,balanced,short,mixed,20,5,ALL,176,-0.127,-0.72,-0.122,0.456,20.0,5,0.688
v15,balanced,short,mixed,20,5,P1,91,-0.228,-1.16,-0.217,0.434,20,3,0.682
v15,balanced,short,mixed,20,5,P2,85,-0.018,-0.06,-0.02,0.48,20,2,0.694
v15,balanced,short,mixed,20,5,2023,40,-0.401,-1.95,-0.372,0.437,20.0,2,0.682
v15,balanced,short,mixed,20,5,2024,51,-0.093,-0.3,-0.095,0.431,20,1,0.679
v15,balanced,short,mixed,20,5,2025,50,0.064,0.2,0.058,0.476,20.0,2,0.679
v15,balanced,short,mixed,20,5,2026,35,-0.135,-0.24,-0.131,0.485,20,0,0.716
v15,balanced,short,mixed,20,20,ALL,173,-0.504,-1.24,-0.526,0.407,20,5,0.687
v15,balanced,short,mixed,20,20,P1,91,-0.607,-1.2,-0.628,0.374,20,3,0.682
v15,balanced,short,mixed,20,20,P2,82,-0.391,-0.59,-0.414,0.444,20.0,2,0.693
v15,balanced,short,mixed,20,20,2023,40,-0.728,-1.89,-0.783,0.408,20.0,2,0.682
v15,balanced,short,mixed,20,20,2024,51,-0.512,-0.61,-0.506,0.348,20,1,0.679
v15,balanced,short,mixed,20,20,2025,50,-0.224,-0.26,-0.265,0.445,20.0,2,0.679
v15,balanced,short,mixed,20,20,2026,32,-0.65,-0.67,-0.647,0.442,20.0,0,0.716
v15,balanced,short,mixed,20,63,ALL,165,-1.793,-1.44,-1.821,0.354,20,5,0.684
v15,balanced,short,mixed,20,63,P1,91,-2.14,-3.17,-2.158,0.326,20,3,0.682
v15,balanced,short,mixed,20,63,P2,74,-1.366,-0.52,-1.407,0.389,20.0,2,0.686
v15,balanced,short,mixed,20,63,2023,40,-2.409,-3.25,-2.423,0.34,20.0,2,0.682
v15,balanced,short,mixed,20,63,2024,51,-1.929,-1.81,-1.95,0.315,20,1,0.679
v15,balanced,short,mixed,20,63,2025,50,1.33,0.42,1.274,0.435,20.0,2,0.679
v15,balanced,short,mixed,20,63,2026,24,-6.981,-5.1,-6.992,0.294,20.0,0,0.702
v15,balanced,short,stock,10,5,ALL,176,0.034,0.15,0.041,0.482,10.0,3,0.743
v15,balanced,short,stock,10,5,P1,91,-0.053,-0.2,-0.047,0.458,10,1,0.742
v15,balanced,short,stock,10,5,P2,85,0.128,0.35,0.134,0.508,10,2,0.743
v15,balanced,short,stock,10,5,2023,40,-0.285,-0.91,-0.27,0.442,10.0,1,0.731
v15,balanced,short,stock,10,5,2024,51,0.128,0.31,0.128,0.471,10,0,0.748
v15,balanced,short,stock,10,5,2025,50,0.188,0.45,0.199,0.526,10.0,2,0.733
v15,balanced,short,stock,10,5,2026,35,0.042,0.06,0.042,0.483,10,0,0.756
v15,balanced,short,stock,10,20,ALL,173,-0.257,-0.48,-0.278,0.458,10,3,0.743
v15,balanced,short,stock,10,20,P1,91,0.226,0.33,0.224,0.487,10,1,0.742
v15,balanced,short,stock,10,20,P2,82,-0.793,-0.94,-0.834,0.425,10.0,2,0.742
v15,balanced,short,stock,10,20,2023,40,-0.294,-0.43,-0.3,0.468,10.0,1,0.731
v15,balanced,short,stock,10,20,2024,51,0.634,0.59,0.634,0.502,10,0,0.748
v15,balanced,short,stock,10,20,2025,50,-0.675,-0.6,-0.742,0.425,10.0,2,0.733
v15,balanced,short,stock,10,20,2026,32,-0.977,-0.78,-0.977,0.425,10.0,0,0.755
v15,balanced,short,stock,10,63,ALL,165,-0.184,-0.13,-0.202,0.423,10,3,0.739
v15,balanced,short,stock,10,63,P1,91,0.485,0.42,0.493,0.433,10,1,0.742
v15,balanced,short,stock,10,63,P2,74,-1.007,-0.35,-1.057,0.41,10.0,2,0.733
v15,balanced,short,stock,10,63,2023,40,-1.142,-1.08,-1.124,0.393,10.0,1,0.731
v15,balanced,short,stock,10,63,2024,51,1.761,1.11,1.761,0.465,10,0,0.748
v15,balanced,short,stock,10,63,2025,50,1.724,0.48,1.65,0.451,10.0,2,0.733
v15,balanced,short,stock,10,63,2026,24,-6.695,-5.24,-6.695,0.325,10.0,0,0.73
v15,balanced,short,stock,20,5,ALL,176,-0.108,-0.59,-0.106,0.478,20.0,8,0.694
v15,balanced,short,stock,20,5,P1,91,-0.188,-0.91,-0.172,0.47,20,3,0.704
v15,balanced,short,stock,20,5,P2,85,-0.023,-0.07,-0.035,0.486,20,5,0.684
v15,balanced,short,stock,20,5,2023,40,-0.516,-2.05,-0.478,0.456,20.0,2,0.695
v15,balanced,short,stock,20,5,2024,51,0.069,0.22,0.068,0.48,20,1,0.711
v15,balanced,short,stock,20,5,2025,50,-0.004,-0.01,-0.027,0.484,20.0,5,0.677
v15,balanced,short,stock,20,5,2026,35,-0.05,-0.09,-0.045,0.489,20,0,0.694
v15,balanced,short,stock,20,20,ALL,173,-0.303,-0.71,-0.38,0.456,20,8,0.693
v15,balanced,short,stock,20,20,P1,91,-0.238,-0.44,-0.256,0.464,20,3,0.704
v15,balanced,short,stock,20,20,P2,82,-0.375,-0.55,-0.518,0.447,20.0,5,0.682
v15,balanced,short,stock,20,20,2023,40,-0.757,-1.76,-0.809,0.445,20.0,2,0.695
v15,balanced,short,stock,20,20,2024,51,0.17,0.19,0.178,0.478,20,1,0.711
v15,balanced,short,stock,20,20,2025,50,-0.303,-0.33,-0.539,0.448,20.0,5,0.677
v15,balanced,short,stock,20,20,2026,32,-0.489,-0.49,-0.484,0.445,20.0,0,0.692
v15,balanced,short,stock,20,63,ALL,165,-0.538,-0.41,-0.684,0.415,20,8,0.693
v15,balanced,short,stock,20,63,P1,91,-0.54,-0.74,-0.527,0.416,20,3,0.704
v15,balanced,short,stock,20,63,P2,74,-0.536,-0.19,-0.876,0.413,20.0,5,0.68
v15,balanced,short,stock,20,63,2023,40,-1.322,-1.45,-1.272,0.4,20.0,2,0.695
v15,balanced,short,stock,20,63,2024,51,0.074,0.08,0.057,0.428,20,1,0.711
v15,balanced,short,stock,20,63,2025,50,2.506,0.77,2.009,0.464,20.0,5,0.677
v15,balanced,short,stock,20,63,2026,24,-6.875,-3.99,-6.887,0.309,20.0,0,0.689
v15,conservative,long,mixed,10,5,ALL,176,-0.276,-2.0,-0.267,0.447,10.0,1,0.784
v15,conservative,long,mixed,10,5,P1,91,-0.305,-1.81,-0.305,0.452,10,0,0.772
v15,conservative,long,mixed,10,5,P2,85,-0.246,-1.11,-0.226,0.442,10,1,0.798
v15,conservative,long,mixed,10,5,2023,40,-0.443,-1.99,-0.443,0.44,10.0,0,0.777
v15,conservative,long,mixed,10,5,2024,51,-0.196,-0.81,-0.196,0.461,10,0,0.766
v15,conservative,long,mixed,10,5,2025,50,-0.281,-1.0,-0.246,0.434,10.0,1,0.814
v15,conservative,long,mixed,10,5,2026,35,-0.196,-0.54,-0.196,0.454,10,0,0.774
v15,conservative,long,mixed,10,20,ALL,173,-1.349,-3.73,-1.317,0.394,10,1,0.785
v15,conservative,long,mixed,10,20,P1,91,-1.179,-2.52,-1.179,0.401,10,0,0.772
v15,conservative,long,mixed,10,20,P2,82,-1.538,-2.76,-1.47,0.385,10.0,1,0.801
v15,conservative,long,mixed,10,20,2023,40,-1.341,-2.13,-1.341,0.383,10.0,0,0.777
v15,conservative,long,mixed,10,20,2024,51,-1.051,-1.54,-1.051,0.416,10,0,0.766
v15,conservative,long,mixed,10,20,2025,50,-1.289,-1.93,-1.178,0.392,10.0,1,0.814
v15,conservative,long,mixed,10,20,2026,32,-1.927,-2.03,-1.927,0.375,10.0,0,0.781
v15,conservative,long,mixed,10,63,ALL,165,-3.251,-3.03,-3.252,0.349,10,1,0.784
v15,conservative,long,mixed,10,63,P1,91,-3.047,-3.29,-3.047,0.345,10,0,0.772
v15,conservative,long,mixed,10,63,P2,74,-3.502,-1.67,-3.504,0.354,10.0,1,0.8
v15,conservative,long,mixed,10,63,2023,40,-4.146,-4.0,-4.146,0.295,10.0,0,0.777
v15,conservative,long,mixed,10,63,2024,51,-2.184,-1.69,-2.184,0.384,10,0,0.766
v15,conservative,long,mixed,10,63,2025,50,-2.311,-0.87,-2.313,0.394,10.0,1,0.814
v15,conservative,long,mixed,10,63,2026,24,-5.984,-2.48,-5.984,0.271,10.0,0,0.77
v15,conservative,long,mixed,20,5,ALL,176,-0.308,-2.45,-0.299,0.445,20.0,13,0.771
v15,conservative,long,mixed,20,5,P1,91,-0.306,-1.98,-0.305,0.45,20,6,0.759
v15,conservative,long,mixed,20,5,P2,85,-0.309,-1.54,-0.293,0.44,20,7,0.784
v15,conservative,long,mixed,20,5,2023,40,-0.423,-2.15,-0.425,0.44,20.0,5,0.754
v15,conservative,long,mixed,20,5,2024,51,-0.215,-0.94,-0.211,0.458,20,1,0.759
v15,conservative,long,mixed,20,5,2025,50,-0.371,-1.57,-0.328,0.432,20.0,6,0.791
v15,conservative,long,mixed,20,5,2026,35,-0.22,-0.63,-0.243,0.451,20,1,0.771
v15,conservative,long,mixed,20,20,ALL,173,-1.288,-3.53,-1.269,0.399,20,13,0.772
v15,conservative,long,mixed,20,20,P1,91,-1.12,-2.47,-1.149,0.395,20,6,0.759
v15,conservative,long,mixed,20,20,P2,82,-1.475,-2.56,-1.402,0.403,20.0,7,0.785
v15,conservative,long,mixed,20,20,2023,40,-1.257,-2.21,-1.325,0.378,20.0,5,0.754
v15,conservative,long,mixed,20,20,2024,51,-1.013,-1.5,-1.011,0.408,20,1,0.759
v15,conservative,long,mixed,20,20,2025,50,-1.308,-1.91,-1.184,0.408,20.0,6,0.791
v15,conservative,long,mixed,20,20,2026,32,-1.738,-1.77,-1.743,0.395,20.0,1,0.774
v15,conservative,long,mixed,20,63,ALL,165,-3.251,-3.29,-3.318,0.357,20,13,0.771
v15,conservative,long,mixed,20,63,P1,91,-3.163,-3.69,-3.207,0.348,20,6,0.759
v15,conservative,long,mixed,20,63,P2,74,-3.359,-1.76,-3.454,0.367,20.0,7,0.787
v15,conservative,long,mixed,20,63,2023,40,-4.104,-5.02,-4.209,0.305,20.0,5,0.754
v15,conservative,long,mixed,20,63,2024,51,-2.424,-1.87,-2.421,0.383,20,1,0.759
v15,conservative,long,mixed,20,63,2025,50,-2.191,-0.91,-2.315,0.402,20.0,6,0.791
v15,conservative,long,mixed,20,63,2026,24,-5.794,-2.79,-5.827,0.293,20.0,1,0.774
v15,conservative,long,stock,10,5,ALL,176,-0.279,-1.95,-0.263,0.456,10.0,3,0.785
v15,conservative,long,stock,10,5,P1,91,-0.319,-1.84,-0.319,0.464,10,0,0.766
v15,conservative,long,stock,10,5,P2,85,-0.236,-1.02,-0.203,0.448,10,3,0.806
v15,conservative,long,stock,10,5,2023,40,-0.448,-1.91,-0.448,0.455,10.0,0,0.759
v15,conservative,long,stock,10,5,2024,51,-0.218,-0.88,-0.218,0.471,10,0,0.768
v15,conservative,long,stock,10,5,2025,50,-0.218,-0.74,-0.162,0.443,10.0,3,0.82
v15,conservative,long,stock,10,5,2026,35,-0.262,-0.7,-0.262,0.454,10,0,0.785
v15,conservative,long,stock,10,20,ALL,173,-1.24,-3.38,-1.207,0.414,10,3,0.786
v15,conservative,long,stock,10,20,P1,91,-1.079,-2.3,-1.079,0.426,10,0,0.766
v15,conservative,long,stock,10,20,P2,82,-1.419,-2.49,-1.35,0.401,10.0,3,0.81
v15,conservative,long,stock,10,20,2023,40,-1.349,-2.19,-1.349,0.398,10.0,0,0.759
v15,conservative,long,stock,10,20,2024,51,-0.866,-1.28,-0.866,0.449,10,0,0.768
v15,conservative,long,stock,10,20,2025,50,-1.124,-1.65,-1.01,0.415,10.0,3,0.82
v15,conservative,long,stock,10,20,2026,32,-1.88,-1.96,-1.88,0.378,10.0,0,0.794
v15,conservative,long,stock,10,63,ALL,165,-2.895,-2.73,-2.935,0.369,10,3,0.785
v15,conservative,long,stock,10,63,P1,91,-2.692,-2.98,-2.692,0.368,10,0,0.766
v15,conservative,long,stock,10,63,P2,74,-3.144,-1.51,-3.233,0.371,10.0,3,0.81
v15,conservative,long,stock,10,63,2023,40,-3.825,-3.85,-3.825,0.312,10.0,0,0.759
v15,conservative,long,stock,10,63,2024,51,-1.803,-1.42,-1.803,0.412,10,0,0.768
v15,conservative,long,stock,10,63,2025,50,-1.848,-0.71,-1.979,0.411,10.0,3,0.82
v15,conservative,long,stock,10,63,2026,24,-5.846,-2.38,-5.846,0.288,10.0,0,0.787
v15,conservative,long,stock,20,5,ALL,176,-0.278,-2.17,-0.258,0.455,20.0,18,0.773
v15,conservative,long,stock,20,5,P1,91,-0.283,-1.81,-0.281,0.459,20,11,0.764
v15,conservative,long,stock,20,5,P2,85,-0.272,-1.33,-0.232,0.452,20,7,0.783
v15,conservative,long,stock,20,5,2023,40,-0.442,-2.13,-0.449,0.446,20.0,9,0.764
v15,conservative,long,stock,20,5,2024,51,-0.159,-0.71,-0.15,0.469,20,2,0.761
v15,conservative,long,stock,20,5,2025,50,-0.311,-1.26,-0.227,0.446,20.0,6,0.79
v15,conservative,long,stock,20,5,2026,35,-0.215,-0.61,-0.239,0.459,20,1,0.771
v15,conservative,long,stock,20,20,ALL,173,-1.259,-3.42,-1.238,0.417,20,18,0.774
v15,conservative,long,stock,20,20,P1,91,-1.051,-2.3,-1.093,0.423,20,11,0.764
v15,conservative,long,stock,20,20,P2,82,-1.491,-2.55,-1.398,0.411,20.0,7,0.785
v15,conservative,long,stock,20,20,2023,40,-1.257,-2.19,-1.356,0.402,20.0,9,0.764
v15,conservative,long,stock,20,20,2024,51,-0.889,-1.31,-0.887,0.44,20,2,0.761
v15,conservative,long,stock,20,20,2025,50,-1.332,-1.96,-1.176,0.418,20.0,6,0.79
v15,conservative,long,stock,20,20,2026,32,-1.74,-1.73,-1.745,0.4,20.0,1,0.774
v15,conservative,long,stock,20,63,ALL,165,-2.965,-3.12,-3.073,0.374,20,18,0.774
v15,conservative,long,stock,20,63,P1,91,-2.776,-3.38,-2.829,0.371,20,11,0.764
v15,conservative,long,stock,20,63,P2,74,-3.197,-1.73,-3.373,0.377,20.0,7,0.787
v15,conservative,long,stock,20,63,2023,40,-3.466,-4.79,-3.592,0.332,20.0,9,0.764
v15,conservative,long,stock,20,63,2024,51,-2.235,-1.72,-2.231,0.402,20,2,0.761
v15,conservative,long,stock,20,63,2025,50,-2.005,-0.88,-2.249,0.412,20.0,6,0.79
v15,conservative,long,stock,20,63,2026,24,-5.681,-2.71,-5.714,0.304,20.0,1,0.776
v15,conservative,mid,mixed,10,5,ALL,176,-0.289,-2.08,-0.261,0.45,10.0,2,0.791
v15,conservative,mid,mixed,10,5,P1,91,-0.304,-1.83,-0.304,0.455,10,0,0.779
v15,conservative,mid,mixed,10,5,P2,85,-0.273,-1.21,-0.215,0.444,10,2,0.806
v15,conservative,mid,mixed,10,5,2023,40,-0.469,-2.13,-0.469,0.443,10.0,0,0.777
v15,conservative,mid,mixed,10,5,2024,51,-0.175,-0.73,-0.175,0.465,10,0,0.778
v15,conservative,mid,mixed,10,5,2025,50,-0.319,-1.13,-0.221,0.437,10.0,2,0.824
v15,conservative,mid,mixed,10,5,2026,35,-0.208,-0.56,-0.208,0.454,10,0,0.779
v15,conservative,mid,mixed,10,20,ALL,173,-1.324,-3.61,-1.266,0.393,10,2,0.793
v15,conservative,mid,mixed,10,20,P1,91,-1.211,-2.54,-1.211,0.397,10,0,0.779
v15,conservative,mid,mixed,10,20,P2,82,-1.449,-2.57,-1.327,0.388,10.0,2,0.81
v15,conservative,mid,mixed,10,20,2023,40,-1.449,-2.35,-1.449,0.37,10.0,0,0.777
v15,conservative,mid,mixed,10,20,2024,51,-1.025,-1.45,-1.025,0.418,10,0,0.778
v15,conservative,mid,mixed,10,20,2025,50,-1.247,-1.86,-1.047,0.393,10.0,2,0.824
v15,conservative,mid,mixed,10,20,2026,32,-1.766,-1.82,-1.766,0.381,10.0,0,0.787
v15,conservative,mid,mixed,10,63,ALL,165,-3.238,-2.95,-3.24,0.347,10,2,0.791
v15,conservative,mid,mixed,10,63,P1,91,-3.147,-3.28,-3.147,0.338,10,0,0.779
v15,conservative,mid,mixed,10,63,P2,74,-3.35,-1.57,-3.353,0.358,10.0,2,0.808
v15,conservative,mid,mixed,10,63,2023,40,-4.487,-4.47,-4.487,0.277,10.0,0,0.777
v15,conservative,mid,mixed,10,63,2024,51,-2.096,-1.58,-2.096,0.386,10,0,0.778
v15,conservative,mid,mixed,10,63,2025,50,-2.155,-0.79,-2.159,0.396,10.0,2,0.824
v15,conservative,mid,mixed,10,63,2026,24,-5.841,-2.41,-5.841,0.279,10.0,0,0.774
v15,conservative,mid,mixed,20,5,ALL,176,-0.31,-2.46,-0.282,0.445,20.0,26,0.768
v15,conservative,mid,mixed,20,5,P1,91,-0.329,-2.2,-0.331,0.443,20,16,0.753
v15,conservative,mid,mixed,20,5,P2,85,-0.29,-1.41,-0.23,0.447,20,10,0.784
v15,conservative,mid,mixed,20,5,2023,40,-0.421,-2.23,-0.433,0.434,20.0,12,0.742
v15,conservative,mid,mixed,20,5,2024,51,-0.256,-1.16,-0.251,0.451,20,4,0.758
v15,conservative,mid,mixed,20,5,2025,50,-0.36,-1.48,-0.249,0.442,20.0,8,0.786
v15,conservative,mid,mixed,20,5,2026,35,-0.191,-0.53,-0.203,0.454,20,2,0.779
v15,conservative,mid,mixed,20,20,ALL,173,-1.297,-3.57,-1.271,0.395,20,26,0.769
v15,conservative,mid,mixed,20,20,P1,91,-1.136,-2.57,-1.193,0.389,20,16,0.753
v15,conservative,mid,mixed,20,20,P2,82,-1.475,-2.52,-1.358,0.401,20.0,10,0.786
v15,conservative,mid,mixed,20,20,2023,40,-1.253,-2.31,-1.369,0.371,20.0,12,0.742
v15,conservative,mid,mixed,20,20,2024,51,-1.045,-1.56,-1.054,0.403,20,4,0.758
v15,conservative,mid,mixed,20,20,2025,50,-1.306,-1.92,-1.091,0.406,20.0,8,0.786
v15,conservative,mid,mixed,20,20,2026,32,-1.739,-1.71,-1.775,0.393,20.0,2,0.784
v15,conservative,mid,mixed,20,63,ALL,165,-3.193,-3.19,-3.293,0.352,20,26,0.768
v15,conservative,mid,mixed,20,63,P1,91,-3.108,-3.62,-3.198,0.344,20,16,0.753
v15,conservative,mid,mixed,20,63,P2,74,-3.297,-1.71,-3.41,0.362,20.0,10,0.787
v15,conservative,mid,mixed,20,63,2023,40,-3.915,-4.31,-4.083,0.301,20.0,12,0.742
v15,conservative,mid,mixed,20,63,2024,51,-2.475,-1.9,-2.504,0.378,20,4,0.758
v15,conservative,mid,mixed,20,63,2025,50,-2.122,-0.87,-2.231,0.399,20.0,8,0.786
v15,conservative,mid,mixed,20,63,2026,24,-5.743,-2.76,-5.864,0.284,20.0,2,0.785
v15,conservative,mid,stock,10,5,ALL,176,-0.295,-2.04,-0.26,0.456,10.0,4,0.787
v15,conservative,mid,stock,10,5,P1,91,-0.35,-2.01,-0.348,0.46,10,1,0.769
v15,conservative,mid,stock,10,5,P2,85,-0.236,-1.01,-0.166,0.451,10,3,0.808
v15,conservative,mid,stock,10,5,2023,40,-0.49,-2.03,-0.486,0.45,10.0,1,0.759
v15,conservative,mid,stock,10,5,2024,51,-0.24,-0.98,-0.24,0.469,10,0,0.776
v15,conservative,mid,stock,10,5,2025,50,-0.25,-0.85,-0.13,0.449,10.0,3,0.822
v15,conservative,mid,stock,10,5,2026,35,-0.216,-0.57,-0.216,0.454,10,0,0.788
v15,conservative,mid,stock,10,20,ALL,173,-1.235,-3.33,-1.17,0.415,10,4,0.789
v15,conservative,mid,stock,10,20,P1,91,-1.146,-2.35,-1.134,0.424,10,1,0.769
v15,conservative,mid,stock,10,20,P2,82,-1.333,-2.36,-1.209,0.405,10.0,3,0.812
v15,conservative,mid,stock,10,20,2023,40,-1.491,-2.27,-1.464,0.384,10.0,1,0.759
v15,conservative,mid,stock,10,20,2024,51,-0.876,-1.25,-0.876,0.455,10,0,0.776
v15,conservative,mid,stock,10,20,2025,50,-1.11,-1.67,-0.906,0.412,10.0,3,0.822
v15,conservative,mid,stock,10,20,2026,32,-1.682,-1.71,-1.682,0.394,10.0,0,0.797
v15,conservative,mid,stock,10,63,ALL,165,-2.923,-2.76,-2.958,0.372,10,4,0.788
v15,conservative,mid,stock,10,63,P1,91,-2.771,-3.02,-2.764,0.37,10,1,0.769
v15,conservative,mid,stock,10,63,P2,74,-3.109,-1.51,-3.197,0.374,10.0,3,0.812
v15,conservative,mid,stock,10,63,2023,40,-3.993,-4.24,-3.975,0.311,10.0,1,0.759
v15,conservative,mid,stock,10,63,2024,51,-1.813,-1.4,-1.813,0.416,10,0,0.776
v15,conservative,mid,stock,10,63,2025,50,-1.802,-0.7,-1.932,0.414,10.0,3,0.822
v15,conservative,mid,stock,10,63,2026,24,-5.832,-2.4,-5.832,0.292,10.0,0,0.791
v15,conservative,mid,stock,20,5,ALL,176,-0.291,-2.27,-0.248,0.456,20.0,35,0.775
v15,conservative,mid,stock,20,5,P1,91,-0.307,-2.02,-0.304,0.459,20,22,0.764
v15,conservative,mid,stock,20,5,P2,85,-0.273,-1.31,-0.188,0.454,20,13,0.786
v15,conservative,mid,stock,20,5,2023,40,-0.456,-2.33,-0.479,0.445,20.0,17,0.764
v15,conservative,mid,stock,20,5,2024,51,-0.191,-0.86,-0.166,0.469,20,5,0.763
v15,conservative,mid,stock,20,5,2025,50,-0.326,-1.31,-0.173,0.453,20.0,11,0.789
v15,conservative,mid,stock,20,5,2026,35,-0.197,-0.54,-0.209,0.456,20,2,0.779
v15,conservative,mid,stock,20,20,ALL,173,-1.215,-3.3,-1.174,0.417,20,35,0.775
v15,conservative,mid,stock,20,20,P1,91,-0.973,-2.2,-1.019,0.425,20,22,0.764
v15,conservative,mid,stock,20,20,P2,82,-1.483,-2.5,-1.346,0.409,20.0,13,0.788
v15,conservative,mid,stock,20,20,2023,40,-1.209,-2.22,-1.305,0.401,20.0,17,0.764
v15,conservative,mid,stock,20,20,2024,51,-0.788,-1.19,-0.794,0.443,20,5,0.763
v15,conservative,mid,stock,20,20,2025,50,-1.34,-1.96,-1.092,0.417,20.0,11,0.789
v15,conservative,mid,stock,20,20,2026,32,-1.706,-1.64,-1.743,0.397,20.0,2,0.784
v15,conservative,mid,stock,20,63,ALL,165,-2.922,-3.05,-3.055,0.371,20,35,0.775
v15,conservative,mid,stock,20,63,P1,91,-2.682,-3.34,-2.768,0.371,20,22,0.764
v15,conservative,mid,stock,20,63,P2,74,-3.218,-1.72,-3.408,0.371,20.0,13,0.789
v15,conservative,mid,stock,20,63,2023,40,-3.409,-5.19,-3.571,0.33,20.0,17,0.764
v15,conservative,mid,stock,20,63,2024,51,-2.111,-1.65,-2.139,0.403,20,5,0.763
v15,conservative,mid,stock,20,63,2025,50,-2.07,-0.89,-2.292,0.405,20.0,11,0.789
v15,conservative,mid,stock,20,63,2026,24,-5.612,-2.64,-5.733,0.299,20.0,2,0.787
v15,conservative,short,mixed,10,5,ALL,176,-0.339,-2.43,-0.33,0.439,10.0,6,0.79
v15,conservative,short,mixed,10,5,P1,91,-0.341,-2.09,-0.338,0.446,10,1,0.776
v15,conservative,short,mixed,10,5,P2,85,-0.337,-1.46,-0.322,0.432,10,5,0.806
v15,conservative,short,mixed,10,5,2023,40,-0.433,-2.0,-0.427,0.454,10.0,1,0.769
v15,conservative,short,mixed,10,5,2024,51,-0.268,-1.14,-0.268,0.439,10,0,0.778
v15,conservative,short,mixed,10,5,2025,50,-0.45,-1.66,-0.416,0.421,10.0,4,0.82
v15,conservative,short,mixed,10,5,2026,35,-0.176,-0.44,-0.189,0.449,10,1,0.785
v15,conservative,short,mixed,10,20,ALL,173,-1.358,-3.69,-1.334,0.395,10,6,0.791
v15,conservative,short,mixed,10,20,P1,91,-1.106,-2.37,-1.107,0.401,10,1,0.776
v15,conservative,short,mixed,10,20,P2,82,-1.639,-2.87,-1.587,0.387,10.0,5,0.809
v15,conservative,short,mixed,10,20,2023,40,-1.274,-1.96,-1.276,0.381,10.0,1,0.769
v15,conservative,short,mixed,10,20,2024,51,-0.974,-1.46,-0.974,0.418,10,0,0.778
v15,conservative,short,mixed,10,20,2025,50,-1.293,-1.84,-1.188,0.403,10.0,4,0.82
v15,conservative,short,mixed,10,20,2026,32,-2.179,-2.34,-2.21,0.362,10.0,1,0.79
v15,conservative,short,mixed,10,63,ALL,165,-3.276,-2.96,-3.244,0.355,10,6,0.789
v15,conservative,short,mixed,10,63,P1,91,-3.151,-3.29,-3.153,0.342,10,1,0.776
v15,conservative,short,mixed,10,63,P2,74,-3.43,-1.6,-3.356,0.371,10.0,5,0.807
v15,conservative,short,mixed,10,63,2023,40,-4.302,-4.48,-4.306,0.285,10.0,1,0.769
v15,conservative,short,mixed,10,63,2024,51,-2.249,-1.6,-2.249,0.386,10,0,0.778
v15,conservative,short,mixed,10,63,2025,50,-2.101,-0.77,-1.978,0.422,10.0,4,0.82
v15,conservative,short,mixed,10,63,2026,24,-6.198,-2.56,-6.225,0.267,10.0,1,0.778
v15,conservative,short,mixed,20,5,ALL,176,-0.32,-2.61,-0.3,0.444,20.0,46,0.78
v15,conservative,short,mixed,20,5,P1,91,-0.353,-2.42,-0.344,0.44,20,24,0.765
v15,conservative,short,mixed,20,5,P2,85,-0.284,-1.42,-0.252,0.447,20,22,0.796
v15,conservative,short,mixed,20,5,2023,40,-0.422,-2.32,-0.428,0.437,20.0,17,0.759
v15,conservative,short,mixed,20,5,2024,51,-0.299,-1.37,-0.279,0.443,20,7,0.767
v15,conservative,short,mixed,20,5,2025,50,-0.344,-1.39,-0.309,0.443,20.0,16,0.799
v15,conservative,short,mixed,20,5,2026,35,-0.199,-0.6,-0.171,0.453,20,6,0.79
v15,conservative,short,mixed,20,20,ALL,173,-1.249,-3.54,-1.29,0.395,20,46,0.781
v15,conservative,short,mixed,20,20,P1,91,-1.135,-2.6,-1.234,0.386,20,24,0.765
v15,conservative,short,mixed,20,20,P2,82,-1.377,-2.44,-1.352,0.405,20.0,22,0.799
v15,conservative,short,mixed,20,20,2023,40,-1.266,-2.31,-1.485,0.365,20.0,17,0.759
v15,conservative,short,mixed,20,20,2024,51,-1.031,-1.58,-1.038,0.403,20,7,0.767
v15,conservative,short,mixed,20,20,2025,50,-1.189,-1.75,-1.072,0.413,20.0,16,0.799
v15,conservative,short,mixed,20,20,2026,32,-1.67,-1.78,-1.789,0.391,20.0,6,0.796
v15,conservative,short,mixed,20,63,ALL,165,-3.239,-3.35,-3.4,0.352,20,46,0.781
v15,conservative,short,mixed,20,63,P1,91,-3.197,-3.74,-3.375,0.34,20,24,0.765
v15,conservative,short,mixed,20,63,P2,74,-3.292,-1.78,-3.43,0.367,20.0,22,0.8
v15,conservative,short,mixed,20,63,2023,40,-4.016,-4.37,-4.419,0.291,20.0,17,0.759
v15,conservative,short,mixed,20,63,2024,51,-2.554,-1.99,-2.557,0.378,20,7,0.767
v15,conservative,short,mixed,20,63,2025,50,-2.218,-0.93,-2.294,0.408,20.0,16,0.799
v15,conservative,short,mixed,20,63,2026,24,-5.528,-2.68,-5.796,0.281,20.0,6,0.798
v15,conservative,short,stock,10,5,ALL,176,-0.313,-2.18,-0.29,0.452,10.0,9,0.795
v15,conservative,short,stock,10,5,P1,91,-0.347,-2.06,-0.338,0.456,10,3,0.779
v15,conservative,short,stock,10,5,P2,85,-0.277,-1.17,-0.239,0.448,10,6,0.814
v15,conservative,short,stock,10,5,2023,40,-0.434,-1.9,-0.414,0.465,10.0,3,0.779
v15,conservative,short,stock,10,5,2024,51,-0.278,-1.16,-0.278,0.449,10,0,0.778
v15,conservative,short,stock,10,5,2025,50,-0.346,-1.22,-0.272,0.444,10.0,5,0.829
v15,conservative,short,stock,10,5,2026,35,-0.179,-0.44,-0.192,0.454,10,1,0.794
v15,conservative,short,stock,10,20,ALL,173,-1.253,-3.36,-1.206,0.42,10,9,0.797
v15,conservative,short,stock,10,20,P1,91,-1.061,-2.21,-1.039,0.428,10,3,0.779
v15,conservative,short,stock,10,20,P2,82,-1.467,-2.54,-1.391,0.411,10.0,6,0.817
v15,conservative,short,stock,10,20,2023,40,-1.418,-2.1,-1.368,0.391,10.0,3,0.779
v15,conservative,short,stock,10,20,2024,51,-0.78,-1.17,-0.78,0.457,10,0,0.778
v15,conservative,short,stock,10,20,2025,50,-1.138,-1.65,-0.993,0.434,10.0,5,0.829
v15,conservative,short,stock,10,20,2026,32,-1.982,-2.02,-2.013,0.375,10.0,1,0.8
v15,conservative,short,stock,10,63,ALL,165,-2.804,-2.63,-2.793,0.382,10,9,0.796
v15,conservative,short,stock,10,63,P1,91,-2.675,-2.95,-2.653,0.375,10,3,0.779
v15,conservative,short,stock,10,63,P2,74,-2.963,-1.42,-2.965,0.39,10.0,6,0.818
v15,conservative,short,stock,10,63,2023,40,-3.653,-4.37,-3.603,0.324,10.0,3,0.779
v15,conservative,short,stock,10,63,2024,51,-1.908,-1.38,-1.908,0.416,10,0,0.778
v15,conservative,short,stock,10,63,2025,50,-1.543,-0.6,-1.533,0.441,10.0,5,0.829
v15,conservative,short,stock,10,63,2026,24,-5.921,-2.36,-5.948,0.283,10.0,1,0.796
v15,conservative,short,stock,20,5,ALL,176,-0.293,-2.42,-0.252,0.458,20.0,60,0.788
v15,conservative,short,stock,20,5,P1,91,-0.319,-2.24,-0.298,0.459,20,33,0.776
v15,conservative,short,stock,20,5,P2,85,-0.266,-1.33,-0.202,0.457,20,27,0.8
v15,conservative,short,stock,20,5,2023,40,-0.409,-2.2,-0.42,0.454,18.0,25,0.78
v15,conservative,short,stock,20,5,2024,51,-0.248,-1.2,-0.203,0.462,20,8,0.772
v15,conservative,short,stock,20,5,2025,50,-0.323,-1.3,-0.227,0.456,20.0,20,0.809
v15,conservative,short,stock,20,5,2026,35,-0.185,-0.56,-0.166,0.46,20,7,0.786
v15,conservative,short,stock,20,20,ALL,173,-1.124,-3.17,-1.15,0.423,20,60,0.789
v15,conservative,short,stock,20,20,P1,91,-0.943,-2.18,-1.037,0.425,20,33,0.776
v15,conservative,short,stock,20,20,P2,82,-1.325,-2.33,-1.275,0.42,20.0,27,0.803
v15,conservative,short,stock,20,20,2023,40,-1.143,-2.06,-1.347,0.404,18.0,25,0.78
v15,conservative,short,stock,20,20,2024,51,-0.785,-1.23,-0.794,0.442,20,8,0.772
v15,conservative,short,stock,20,20,2025,50,-1.166,-1.67,-1.003,0.433,20.0,20,0.809
v15,conservative,short,stock,20,20,2026,32,-1.573,-1.7,-1.7,0.399,20.0,7,0.793
v15,conservative,short,stock,20,63,ALL,165,-2.812,-3.02,-3.009,0.376,20,60,0.79
v15,conservative,short,stock,20,63,P1,91,-2.591,-3.32,-2.778,0.375,20,33,0.776
v15,conservative,short,stock,20,63,P2,74,-3.084,-1.7,-3.294,0.378,20.0,27,0.806
v15,conservative,short,stock,20,63,2023,40,-3.2,-4.59,-3.621,0.331,18.0,25,0.78
v15,conservative,short,stock,20,63,2024,51,-2.113,-1.7,-2.116,0.409,20,8,0.772
v15,conservative,short,stock,20,63,2025,50,-2.04,-0.88,-2.196,0.417,20.0,20,0.809
v15,conservative,short,stock,20,63,2026,24,-5.261,-2.59,-5.581,0.296,20.0,7,0.799
