variant,profile,view,list_type,top,holding,period,days,mean_slot_pct,t_slot,mean_unfilled_pct,hit_rate,median_listed,unclassified_share,days_short,turnover
cons17,conservative,long,mixed,10,5,ALL,176,0.078,0.4,0.079,0.472,10.0,0.138,12,0.65
cons17,conservative,long,mixed,10,5,P1,91,0.048,0.19,0.055,0.455,10,0.067,8,0.645
cons17,conservative,long,mixed,10,5,P2,85,0.11,0.36,0.105,0.49,10,0.211,4,0.656
cons17,conservative,long,mixed,10,5,2023,40,-0.233,-0.94,-0.234,0.458,10.0,0.078,7,0.627
cons17,conservative,long,mixed,10,5,2024,51,0.268,0.68,0.282,0.453,10,0.058,1,0.652
cons17,conservative,long,mixed,10,5,2025,50,0.376,1.1,0.371,0.508,10.0,0.242,2,0.639
cons17,conservative,long,mixed,10,5,2026,35,-0.272,-0.5,-0.275,0.464,10,0.168,2,0.684
cons17,conservative,long,mixed,10,20,ALL,173,-0.063,-0.14,-0.034,0.432,10,0.141,12,0.647
cons17,conservative,long,mixed,10,20,P1,91,0.157,0.25,0.236,0.429,10,0.067,8,0.645
cons17,conservative,long,mixed,10,20,P2,82,-0.307,-0.46,-0.333,0.435,10.0,0.219,4,0.648
cons17,conservative,long,mixed,10,20,2023,40,-0.091,-0.23,-0.017,0.467,10.0,0.078,7,0.627
cons17,conservative,long,mixed,10,20,2024,51,0.352,0.33,0.433,0.4,10,0.058,1,0.652
cons17,conservative,long,mixed,10,20,2025,50,0.543,0.64,0.582,0.463,10.0,0.242,2,0.639
cons17,conservative,long,mixed,10,20,2026,32,-1.635,-1.83,-1.764,0.39,10.0,0.184,2,0.667
cons17,conservative,long,mixed,10,63,ALL,165,-0.486,-0.46,-0.573,0.379,10,0.145,12,0.643
cons17,conservative,long,mixed,10,63,P1,91,-0.059,-0.08,-0.039,0.377,10,0.067,8,0.645
cons17,conservative,long,mixed,10,63,P2,74,-1.01,-0.46,-1.229,0.382,10.0,0.237,4,0.641
cons17,conservative,long,mixed,10,63,2023,40,0.683,0.75,0.769,0.427,10.0,0.078,7,0.627
cons17,conservative,long,mixed,10,63,2024,51,-0.642,-0.6,-0.674,0.338,10,0.058,1,0.652
cons17,conservative,long,mixed,10,63,2025,50,1.607,0.67,1.536,0.443,10.0,0.242,2,0.639
cons17,conservative,long,mixed,10,63,2026,24,-6.461,-4.66,-6.989,0.256,10.0,0.225,2,0.651
cons17,conservative,long,mixed,20,5,ALL,176,0.01,0.07,0.019,0.472,20.0,0.154,48,0.64
cons17,conservative,long,mixed,20,5,P1,91,-0.041,-0.21,-0.002,0.453,20,0.082,20,0.636
cons17,conservative,long,mixed,20,5,P2,85,0.066,0.26,0.041,0.491,20,0.231,28,0.644
cons17,conservative,long,mixed,20,5,2023,40,-0.213,-1.19,-0.162,0.457,20.0,0.087,15,0.615
cons17,conservative,long,mixed,20,5,2024,51,0.093,0.3,0.123,0.451,20,0.079,5,0.646
cons17,conservative,long,mixed,20,5,2025,50,0.254,0.9,0.225,0.509,20.0,0.261,15,0.631
cons17,conservative,long,mixed,20,5,2026,35,-0.203,-0.45,-0.22,0.465,20,0.187,13,0.666
cons17,conservative,long,mixed,20,20,ALL,173,-0.212,-0.58,-0.241,0.434,20,0.157,47,0.639
cons17,conservative,long,mixed,20,20,P1,91,-0.285,-0.58,-0.157,0.425,20,0.082,20,0.636
cons17,conservative,long,mixed,20,20,P2,82,-0.131,-0.24,-0.335,0.444,20.0,0.239,27,0.641
cons17,conservative,long,mixed,20,20,2023,40,-0.523,-2.06,-0.361,0.453,20.0,0.087,15,0.615
cons17,conservative,long,mixed,20,20,2024,51,-0.098,-0.12,0.004,0.402,20,0.079,5,0.646
cons17,conservative,long,mixed,20,20,2025,50,0.485,0.67,0.474,0.475,20.0,0.261,15,0.631
cons17,conservative,long,mixed,20,20,2026,32,-1.093,-1.76,-1.598,0.395,20.0,0.205,12,0.66
cons17,conservative,long,mixed,20,63,ALL,165,-0.39,-0.37,-0.641,0.393,20,0.161,41,0.634
cons17,conservative,long,mixed,20,63,P1,91,-0.766,-1.19,-0.742,0.381,20,0.082,20,0.636
cons17,conservative,long,mixed,20,63,P2,74,0.073,0.03,-0.516,0.406,20.0,0.256,21,0.631
cons17,conservative,long,mixed,20,63,2023,40,-0.02,-0.02,0.086,0.432,20.0,0.087,15,0.615
cons17,conservative,long,mixed,20,63,2024,51,-1.351,-1.78,-1.391,0.341,20,0.079,5,0.646
cons17,conservative,long,mixed,20,63,2025,50,2.644,1.07,2.465,0.479,20.0,0.261,15,0.631
cons17,conservative,long,mixed,20,63,2026,24,-5.284,-5.21,-6.727,0.254,20.0,0.245,6,0.634
cons17,conservative,long,stock,10,5,ALL,176,0.224,1.09,0.238,0.505,10.0,0.15,21,0.6
cons17,conservative,long,stock,10,5,P1,91,0.225,0.86,0.221,0.5,10,0.078,9,0.582
cons17,conservative,long,stock,10,5,P2,85,0.223,0.69,0.256,0.51,10,0.227,12,0.618
cons17,conservative,long,stock,10,5,2023,40,-0.1,-0.35,-0.126,0.483,10.0,0.081,7,0.569
cons17,conservative,long,stock,10,5,2024,51,0.479,1.17,0.493,0.513,10,0.075,2,0.59
cons17,conservative,long,stock,10,5,2025,50,0.526,1.52,0.567,0.535,10.0,0.254,6,0.619
cons17,conservative,long,stock,10,5,2026,35,-0.211,-0.35,-0.19,0.475,10,0.189,6,0.619
cons17,conservative,long,stock,10,20,ALL,173,0.408,0.8,0.429,0.492,10,0.153,21,0.597
cons17,conservative,long,stock,10,20,P1,91,0.825,1.12,0.91,0.521,10,0.078,9,0.582
cons17,conservative,long,stock,10,20,P2,82,-0.055,-0.08,-0.106,0.46,10.0,0.235,12,0.612
cons17,conservative,long,stock,10,20,2023,40,0.099,0.19,0.178,0.491,10.0,0.081,7,0.569
cons17,conservative,long,stock,10,20,2024,51,1.394,1.14,1.484,0.545,10,0.075,2,0.59
cons17,conservative,long,stock,10,20,2025,50,0.951,1.19,1.016,0.5,10.0,0.254,6,0.619
cons17,conservative,long,stock,10,20,2026,32,-1.627,-1.6,-1.859,0.397,10.0,0.207,6,0.605
cons17,conservative,long,stock,10,63,ALL,165,1.384,1.14,1.237,0.461,10,0.155,19,0.594
cons17,conservative,long,stock,10,63,P1,91,2.267,2.15,2.292,0.482,10,0.078,9,0.582
cons17,conservative,long,stock,10,63,P2,74,0.298,0.13,-0.06,0.436,10.0,0.25,10,0.608
cons17,conservative,long,stock,10,63,2023,40,1.97,2.1,2.031,0.492,10.0,0.081,7,0.569
cons17,conservative,long,stock,10,63,2024,51,2.5,1.58,2.498,0.475,10,0.075,2,0.59
cons17,conservative,long,stock,10,63,2025,50,3.479,1.58,3.355,0.5,10.0,0.254,6,0.619
cons17,conservative,long,stock,10,63,2026,24,-6.329,-4.11,-7.176,0.302,10.0,0.242,4,0.589
cons17,conservative,long,stock,20,5,ALL,176,0.079,0.49,0.117,0.492,20.0,0.161,74,0.618
cons17,conservative,long,stock,20,5,P1,91,0.05,0.25,0.098,0.48,20,0.091,33,0.609
cons17,conservative,long,stock,20,5,P2,85,0.11,0.43,0.138,0.505,20,0.235,41,0.627
cons17,conservative,long,stock,20,5,2023,40,-0.171,-0.85,-0.162,0.454,18.5,0.101,21,0.614
cons17,conservative,long,stock,20,5,2024,51,0.223,0.71,0.301,0.501,20,0.084,12,0.604
cons17,conservative,long,stock,20,5,2025,50,0.239,0.79,0.322,0.525,20.0,0.264,22,0.609
cons17,conservative,long,stock,20,5,2026,35,-0.075,-0.17,-0.123,0.476,19,0.193,19,0.659
cons17,conservative,long,stock,20,20,ALL,173,0.102,0.26,0.08,0.478,20,0.163,71,0.615
cons17,conservative,long,stock,20,20,P1,91,0.128,0.24,0.331,0.499,20,0.091,33,0.609
cons17,conservative,long,stock,20,20,P2,82,0.072,0.13,-0.199,0.456,20.0,0.242,38,0.621
cons17,conservative,long,stock,20,20,2023,40,-0.437,-1.71,-0.311,0.476,18.5,0.101,21,0.614
cons17,conservative,long,stock,20,20,2024,51,0.571,0.63,0.835,0.517,20,0.084,12,0.604
cons17,conservative,long,stock,20,20,2025,50,0.645,0.9,0.756,0.492,20.0,0.264,22,0.609
cons17,conservative,long,stock,20,20,2026,32,-0.823,-1.25,-1.692,0.399,19.5,0.209,16,0.648
cons17,conservative,long,stock,20,63,ALL,165,0.734,0.68,0.644,0.448,20,0.167,64,0.609
cons17,conservative,long,stock,20,63,P1,91,0.684,0.74,0.985,0.456,20,0.091,33,0.609
cons17,conservative,long,stock,20,63,P2,74,0.796,0.38,0.224,0.438,20.0,0.26,31,0.609
cons17,conservative,long,stock,20,63,2023,40,0.808,0.55,0.926,0.473,18.5,0.101,21,0.614
cons17,conservative,long,stock,20,63,2024,51,0.587,0.6,1.031,0.443,20,0.084,12,0.604
cons17,conservative,long,stock,20,63,2025,50,3.507,1.61,3.626,0.512,20.0,0.264,22,0.609
cons17,conservative,long,stock,20,63,2026,24,-4.852,-3.78,-6.863,0.282,20.0,0.252,9,0.617
cons17,conservative,mid,mixed,10,5,ALL,176,-0.039,-0.21,-0.049,0.464,10.0,0.133,27,0.678
cons17,conservative,mid,mixed,10,5,P1,91,-0.125,-0.53,-0.134,0.437,10,0.071,14,0.678
cons17,conservative,mid,mixed,10,5,P2,85,0.053,0.18,0.041,0.493,10,0.196,13,0.68
cons17,conservative,mid,mixed,10,5,2023,40,-0.25,-1.04,-0.277,0.453,10.0,0.073,10,0.645
cons17,conservative,mid,mixed,10,5,2024,51,-0.028,-0.07,-0.021,0.424,10,0.069,4,0.698
cons17,conservative,mid,mixed,10,5,2025,50,0.294,0.8,0.261,0.514,10.0,0.229,6,0.66
cons17,conservative,mid,mixed,10,5,2026,35,-0.291,-0.61,-0.272,0.463,10,0.15,7,0.714
cons17,conservative,mid,mixed,10,20,ALL,173,-0.218,-0.48,-0.219,0.426,10,0.135,27,0.675
cons17,conservative,mid,mixed,10,20,P1,91,-0.135,-0.21,0.039,0.421,10,0.071,14,0.678
cons17,conservative,mid,mixed,10,20,P2,82,-0.31,-0.47,-0.504,0.433,10.0,0.203,13,0.673
cons17,conservative,mid,mixed,10,20,2023,40,-0.081,-0.2,0.114,0.466,10.0,0.073,10,0.645
cons17,conservative,mid,mixed,10,20,2024,51,-0.177,-0.16,-0.02,0.386,10,0.069,4,0.698
cons17,conservative,mid,mixed,10,20,2025,50,0.344,0.38,0.216,0.455,10.0,0.229,6,0.66
cons17,conservative,mid,mixed,10,20,2026,32,-1.331,-1.69,-1.631,0.398,10.0,0.164,7,0.699
cons17,conservative,mid,mixed,10,63,ALL,165,-0.505,-0.45,-0.667,0.377,10,0.14,24,0.67
cons17,conservative,mid,mixed,10,63,P1,91,-0.827,-1.23,-0.72,0.363,10,0.071,14,0.678
cons17,conservative,mid,mixed,10,63,P2,74,-0.108,-0.05,-0.603,0.394,10.0,0.222,10,0.662
cons17,conservative,mid,mixed,10,63,2023,40,-0.106,-0.13,0.278,0.414,10.0,0.073,10,0.645
cons17,conservative,mid,mixed,10,63,2024,51,-1.393,-1.33,-1.503,0.323,10,0.069,4,0.698
cons17,conservative,mid,mixed,10,63,2025,50,2.51,0.93,2.259,0.459,10.0,0.229,6,0.66
cons17,conservative,mid,mixed,10,63,2026,24,-5.563,-4.58,-6.565,0.26,10.0,0.208,4,0.674
cons17,conservative,mid,mixed,20,5,ALL,176,-0.047,-0.33,-0.029,0.471,18.0,0.151,100,0.668
cons17,conservative,mid,mixed,20,5,P1,91,-0.11,-0.59,-0.087,0.454,19,0.084,46,0.669
cons17,conservative,mid,mixed,20,5,P2,85,0.02,0.09,0.034,0.49,16,0.222,54,0.669
cons17,conservative,mid,mixed,20,5,2023,40,-0.214,-1.35,-0.225,0.462,16.5,0.09,26,0.642
cons17,conservative,mid,mixed,20,5,2024,51,-0.029,-0.09,0.021,0.447,20,0.079,20,0.684
cons17,conservative,mid,mixed,20,5,2025,50,0.142,0.52,0.185,0.506,17.0,0.256,32,0.646
cons17,conservative,mid,mixed,20,5,2026,35,-0.153,-0.4,-0.181,0.468,16,0.173,22,0.711
cons17,conservative,mid,mixed,20,20,ALL,173,-0.307,-0.87,-0.392,0.423,18,0.153,97,0.664
cons17,conservative,mid,mixed,20,20,P1,91,-0.366,-0.76,-0.18,0.414,19,0.084,46,0.669
cons17,conservative,mid,mixed,20,20,P2,82,-0.243,-0.47,-0.628,0.433,17.0,0.23,51,0.661
cons17,conservative,mid,mixed,20,20,2023,40,-0.47,-1.91,-0.244,0.443,16.5,0.09,26,0.642
cons17,conservative,mid,mixed,20,20,2024,51,-0.284,-0.34,-0.129,0.391,20,0.079,20,0.684
cons17,conservative,mid,mixed,20,20,2025,50,0.26,0.36,0.074,0.463,17.0,0.256,32,0.646
cons17,conservative,mid,mixed,20,20,2026,32,-1.027,-1.81,-1.726,0.385,16.0,0.189,19,0.695
cons17,conservative,mid,mixed,20,63,ALL,165,-0.651,-0.7,-0.993,0.378,18,0.158,90,0.658
cons17,conservative,mid,mixed,20,63,P1,91,-1.19,-2.13,-1.255,0.362,19,0.084,46,0.669
cons17,conservative,mid,mixed,20,63,P2,74,0.01,0.01,-0.67,0.397,17.0,0.249,44,0.648
cons17,conservative,mid,mixed,20,63,2023,40,-0.685,-0.92,-0.399,0.419,16.5,0.09,26,0.642
cons17,conservative,mid,mixed,20,63,2024,51,-1.585,-1.98,-1.928,0.318,20,0.079,20,0.684
cons17,conservative,mid,mixed,20,63,2025,50,2.255,1.04,2.485,0.47,17.0,0.256,32,0.646
cons17,conservative,mid,mixed,20,63,2026,24,-4.666,-6.48,-7.242,0.245,19.0,0.235,12,0.665
cons17,conservative,mid,stock,10,5,ALL,176,0.078,0.39,0.104,0.497,10.0,0.143,44,0.64
cons17,conservative,mid,stock,10,5,P1,91,0.113,0.47,0.116,0.485,10,0.078,23,0.623
cons17,conservative,mid,stock,10,5,P2,85,0.041,0.13,0.092,0.511,10,0.214,21,0.659
cons17,conservative,mid,stock,10,5,2023,40,-0.08,-0.31,-0.137,0.479,10.0,0.079,12,0.594
cons17,conservative,mid,stock,10,5,2024,51,0.265,0.7,0.314,0.49,10,0.076,11,0.644
cons17,conservative,mid,stock,10,5,2025,50,0.332,0.84,0.414,0.538,10.0,0.242,10,0.643
cons17,conservative,mid,stock,10,5,2026,35,-0.375,-0.7,-0.368,0.471,10,0.173,11,0.69
cons17,conservative,mid,stock,10,20,ALL,173,0.199,0.38,0.167,0.487,10,0.146,43,0.634
cons17,conservative,mid,stock,10,20,P1,91,0.632,0.83,0.891,0.519,10,0.078,23,0.623
cons17,conservative,mid,stock,10,20,P2,82,-0.282,-0.4,-0.637,0.451,10.0,0.221,20,0.648
cons17,conservative,mid,stock,10,20,2023,40,0.118,0.25,0.358,0.499,10.0,0.079,12,0.594
cons17,conservative,mid,stock,10,20,2024,51,1.035,0.8,1.309,0.535,10,0.076,11,0.644
cons17,conservative,mid,stock,10,20,2025,50,0.695,0.75,0.41,0.493,10.0,0.242,10,0.643
cons17,conservative,mid,stock,10,20,2026,32,-1.807,-2.24,-2.272,0.386,10.0,0.189,10,0.663
cons17,conservative,mid,stock,10,63,ALL,165,1.166,0.97,0.978,0.452,10,0.151,39,0.63
cons17,conservative,mid,stock,10,63,P1,91,1.632,1.84,1.986,0.466,10,0.078,23,0.623
cons17,conservative,mid,stock,10,63,P2,74,0.594,0.24,-0.262,0.433,10.0,0.241,16,0.641
cons17,conservative,mid,stock,10,63,2023,40,1.884,1.92,2.334,0.491,10.0,0.079,12,0.594
cons17,conservative,mid,stock,10,63,2024,51,1.433,1.07,1.713,0.448,10,0.076,11,0.644
cons17,conservative,mid,stock,10,63,2025,50,3.897,1.62,3.406,0.507,10.0,0.242,10,0.643
cons17,conservative,mid,stock,10,63,2026,24,-6.287,-5.0,-7.904,0.279,10.0,0.238,6,0.648
cons17,conservative,mid,stock,20,5,ALL,176,-0.003,-0.02,0.072,0.494,15.0,0.153,136,0.65
cons17,conservative,mid,stock,20,5,P1,91,-0.074,-0.4,-0.043,0.477,15,0.088,67,0.647
cons17,conservative,mid,stock,20,5,P2,85,0.074,0.34,0.196,0.512,14,0.223,69,0.656
cons17,conservative,mid,stock,20,5,2023,40,-0.258,-1.53,-0.374,0.462,13.5,0.102,34,0.63
cons17,conservative,mid,stock,20,5,2024,51,0.07,0.24,0.216,0.489,17,0.078,33,0.657
cons17,conservative,mid,stock,20,5,2025,50,0.186,0.69,0.415,0.532,14.0,0.256,40,0.629
cons17,conservative,mid,stock,20,5,2026,35,-0.086,-0.23,-0.116,0.484,13,0.175,29,0.702
cons17,conservative,mid,stock,20,20,ALL,173,-0.023,-0.06,-0.161,0.477,15,0.156,133,0.645
cons17,conservative,mid,stock,20,20,P1,91,-0.012,-0.02,0.222,0.494,15,0.088,67,0.647
cons17,conservative,mid,stock,20,20,P2,82,-0.035,-0.07,-0.586,0.457,14.0,0.231,66,0.645
cons17,conservative,mid,stock,20,20,2023,40,-0.446,-1.43,-0.352,0.462,13.5,0.102,34,0.63
cons17,conservative,mid,stock,20,20,2024,51,0.328,0.37,0.673,0.519,17,0.078,33,0.657
cons17,conservative,mid,stock,20,20,2025,50,0.484,0.74,0.3,0.501,14.0,0.256,40,0.629
cons17,conservative,mid,stock,20,20,2026,32,-0.845,-1.3,-1.97,0.388,13.5,0.191,26,0.679
cons17,conservative,mid,stock,20,63,ALL,165,0.578,0.64,0.449,0.439,15,0.161,125,0.639
cons17,conservative,mid,stock,20,63,P1,91,0.218,0.34,0.67,0.445,15,0.088,67,0.647
cons17,conservative,mid,stock,20,63,P2,74,1.022,0.56,0.176,0.432,14.0,0.251,58,0.632
cons17,conservative,mid,stock,20,63,2023,40,0.35,0.41,0.873,0.469,13.5,0.102,34,0.63
cons17,conservative,mid,stock,20,63,2024,51,0.114,0.14,0.512,0.427,17,0.078,33,0.657
cons17,conservative,mid,stock,20,63,2025,50,3.311,1.75,3.771,0.508,14.0,0.256,40,0.629
cons17,conservative,mid,stock,20,63,2026,24,-3.748,-3.73,-7.312,0.274,14.5,0.239,18,0.651
cons17,conservative,short,mixed,10,5,ALL,176,0.136,0.76,0.183,0.479,10.0,0.131,56,0.718
cons17,conservative,short,mixed,10,5,P1,91,0.076,0.34,0.113,0.437,10,0.088,30,0.733
cons17,conservative,short,mixed,10,5,P2,85,0.201,0.7,0.258,0.522,10,0.174,26,0.698
cons17,conservative,short,mixed,10,5,2023,40,-0.051,-0.3,-0.039,0.44,10.0,0.087,16,0.701
cons17,conservative,short,mixed,10,5,2024,51,0.175,0.47,0.234,0.436,10,0.088,14,0.752
cons17,conservative,short,mixed,10,5,2025,50,0.264,0.73,0.276,0.533,10.0,0.183,13,0.669
cons17,conservative,short,mixed,10,5,2026,35,0.11,0.24,0.231,0.507,10,0.162,13,0.741
cons17,conservative,short,mixed,10,20,ALL,173,-0.544,-1.27,-0.628,0.399,10,0.134,56,0.715
cons17,conservative,short,mixed,10,20,P1,91,-0.296,-0.55,-0.212,0.389,10,0.088,30,0.733
cons17,conservative,short,mixed,10,20,P2,82,-0.819,-1.2,-1.084,0.41,10.0,0.181,26,0.692
cons17,conservative,short,mixed,10,20,2023,40,-0.025,-0.07,-0.007,0.43,10.0,0.087,16,0.701
cons17,conservative,short,mixed,10,20,2024,51,-0.509,-0.56,-0.376,0.357,10,0.088,14,0.752
cons17,conservative,short,mixed,10,20,2025,50,-0.163,-0.16,-0.316,0.431,10.0,0.183,13,0.669
cons17,conservative,short,mixed,10,20,2026,32,-1.844,-2.68,-2.285,0.378,10.0,0.177,13,0.729
cons17,conservative,short,mixed,10,63,ALL,165,-0.915,-0.7,-1.249,0.365,10,0.14,51,0.71
cons17,conservative,short,mixed,10,63,P1,91,-1.187,-1.72,-1.388,0.347,10,0.088,30,0.733
cons17,conservative,short,mixed,10,63,P2,74,-0.581,-0.21,-1.079,0.387,10.0,0.2,21,0.678
cons17,conservative,short,mixed,10,63,2023,40,-0.921,-1.35,-0.917,0.376,10.0,0.087,16,0.701
cons17,conservative,short,mixed,10,63,2024,51,-1.395,-1.22,-1.765,0.324,10,0.088,14,0.752
cons17,conservative,short,mixed,10,63,2025,50,2.685,0.83,2.469,0.468,10.0,0.183,13,0.669
cons17,conservative,short,mixed,10,63,2026,24,-7.387,-12.18,-8.471,0.216,10.0,0.236,8,0.697
cons17,conservative,short,mixed,20,5,ALL,176,-0.032,-0.26,0.132,0.477,12.0,0.136,146,0.723
cons17,conservative,short,mixed,20,5,P1,91,-0.062,-0.42,0.084,0.447,13,0.095,67,0.734
cons17,conservative,short,mixed,20,5,P2,85,0.001,0.01,0.182,0.508,11,0.179,79,0.708
cons17,conservative,short,mixed,20,5,2023,40,-0.083,-0.62,-0.032,0.444,12.5,0.095,32,0.696
cons17,conservative,short,mixed,20,5,2024,51,-0.047,-0.19,0.177,0.449,13,0.094,35,0.76
cons17,conservative,short,mixed,20,5,2025,50,0.109,0.49,0.243,0.517,11.0,0.188,48,0.682
cons17,conservative,short,mixed,20,5,2026,35,-0.152,-0.46,0.095,0.495,12,0.166,31,0.747
cons17,conservative,short,mixed,20,20,ALL,173,-0.429,-1.58,-0.59,0.406,12,0.139,143,0.72
cons17,conservative,short,mixed,20,20,P1,91,-0.466,-1.27,-0.328,0.394,13,0.095,67,0.734
cons17,conservative,short,mixed,20,20,P2,82,-0.389,-0.96,-0.877,0.42,11.0,0.185,76,0.702
cons17,conservative,short,mixed,20,20,2023,40,-0.369,-1.36,-0.36,0.422,12.5,0.095,32,0.696
cons17,conservative,short,mixed,20,20,2024,51,-0.542,-0.88,-0.303,0.371,13,0.094,35,0.76
cons17,conservative,short,mixed,20,20,2025,50,-0.121,-0.2,-0.255,0.44,11.0,0.188,48,0.682
cons17,conservative,short,mixed,20,20,2026,32,-0.807,-2.25,-1.849,0.389,11.0,0.181,28,0.735
cons17,conservative,short,mixed,20,63,ALL,165,-0.806,-0.91,-1.287,0.37,12,0.146,135,0.715
cons17,conservative,short,mixed,20,63,P1,91,-1.309,-2.45,-1.702,0.355,13,0.095,67,0.734
cons17,conservative,short,mixed,20,63,P2,74,-0.188,-0.1,-0.781,0.389,11.5,0.205,68,0.689
cons17,conservative,short,mixed,20,63,2023,40,-0.807,-1.44,-1.045,0.383,12.5,0.095,32,0.696
cons17,conservative,short,mixed,20,63,2024,51,-1.703,-1.99,-2.228,0.332,13,0.094,35,0.76
cons17,conservative,short,mixed,20,63,2025,50,1.842,0.86,2.611,0.467,11.0,0.188,48,0.682
cons17,conservative,short,mixed,20,63,2026,24,-4.416,-10.45,-7.848,0.228,12.0,0.242,20,0.706
cons17,conservative,short,stock,10,5,ALL,176,0.186,0.99,0.253,0.497,10.0,0.133,83,0.692
cons17,conservative,short,stock,10,5,P1,91,0.191,0.85,0.252,0.471,9,0.094,47,0.694
cons17,conservative,short,stock,10,5,P2,85,0.181,0.59,0.254,0.525,10,0.175,36,0.687
cons17,conservative,short,stock,10,5,2023,40,0.028,0.12,0.019,0.447,9.5,0.104,20,0.665
cons17,conservative,short,stock,10,5,2024,51,0.318,0.9,0.438,0.491,8,0.086,27,0.715
cons17,conservative,short,stock,10,5,2025,50,0.274,0.75,0.274,0.524,10.0,0.185,18,0.662
cons17,conservative,short,stock,10,5,2026,35,0.048,0.09,0.225,0.527,9,0.16,18,0.729
cons17,conservative,short,stock,10,20,ALL,173,-0.161,-0.35,-0.332,0.458,10,0.135,81,0.689
cons17,conservative,short,stock,10,20,P1,91,0.205,0.33,0.38,0.485,9,0.094,47,0.694
cons17,conservative,short,stock,10,20,P2,82,-0.568,-0.85,-1.113,0.428,10.0,0.181,34,0.679
cons17,conservative,short,stock,10,20,2023,40,0.113,0.23,0.202,0.477,9.5,0.104,20,0.665
cons17,conservative,short,stock,10,20,2024,51,0.277,0.27,0.522,0.492,8,0.086,27,0.715
cons17,conservative,short,stock,10,20,2025,50,0.123,0.13,-0.491,0.449,10.0,0.185,18,0.662
cons17,conservative,short,stock,10,20,2026,32,-1.647,-2.48,-2.084,0.395,9.5,0.175,16,0.712
cons17,conservative,short,stock,10,63,ALL,165,0.703,0.51,0.189,0.431,10,0.142,76,0.684
cons17,conservative,short,stock,10,63,P1,91,0.851,1.01,0.893,0.443,9,0.094,47,0.694
cons17,conservative,short,stock,10,63,P2,74,0.521,0.18,-0.668,0.416,10.0,0.2,29,0.667
cons17,conservative,short,stock,10,63,2023,40,0.929,1.06,1.167,0.45,9.5,0.104,20,0.665
cons17,conservative,short,stock,10,63,2024,51,0.79,0.61,0.675,0.438,8,0.086,27,0.715
cons17,conservative,short,stock,10,63,2025,50,4.159,1.35,3.174,0.492,10.0,0.185,18,0.662
cons17,conservative,short,stock,10,63,2026,24,-7.059,-10.52,-8.673,0.257,10.0,0.233,11,0.686
cons17,conservative,short,stock,20,5,ALL,176,0.028,0.25,0.217,0.497,10.0,0.133,168,0.717
cons17,conservative,short,stock,20,5,P1,91,0.033,0.25,0.208,0.482,9,0.09,87,0.723
cons17,conservative,short,stock,20,5,P2,85,0.023,0.12,0.227,0.512,10,0.178,81,0.707
cons17,conservative,short,stock,20,5,2023,40,-0.063,-0.43,-0.056,0.447,9.5,0.098,39,0.701
cons17,conservative,short,stock,20,5,2024,51,0.108,0.52,0.419,0.509,8,0.084,48,0.739
cons17,conservative,short,stock,20,5,2025,50,0.144,0.72,0.239,0.514,10.0,0.188,49,0.68
cons17,conservative,short,stock,20,5,2026,35,-0.151,-0.45,0.21,0.51,9,0.164,32,0.747
cons17,conservative,short,stock,20,20,ALL,173,-0.106,-0.42,-0.301,0.459,10,0.135,165,0.713
cons17,conservative,short,stock,20,20,P1,91,-0.007,-0.02,0.351,0.485,9,0.09,87,0.723
cons17,conservative,short,stock,20,20,P2,82,-0.215,-0.58,-1.015,0.43,10.0,0.185,78,0.699
cons17,conservative,short,stock,20,20,2023,40,-0.111,-0.41,-0.029,0.464,9.5,0.098,39,0.701
cons17,conservative,short,stock,20,20,2024,51,0.075,0.13,0.655,0.503,8,0.084,48,0.739
cons17,conservative,short,stock,20,20,2025,50,0.141,0.26,-0.445,0.453,10.0,0.188,49,0.68
cons17,conservative,short,stock,20,20,2026,32,-0.773,-2.2,-1.906,0.393,9.5,0.179,29,0.731
cons17,conservative,short,stock,20,63,ALL,165,0.298,0.36,0.005,0.427,10,0.142,157,0.71
cons17,conservative,short,stock,20,63,P1,91,0.177,0.43,0.472,0.441,9,0.09,87,0.723
cons17,conservative,short,stock,20,63,P2,74,0.446,0.26,-0.562,0.409,10.0,0.205,70,0.69
cons17,conservative,short,stock,20,63,2023,40,0.195,0.49,0.62,0.44,9.5,0.098,39,0.701
cons17,conservative,short,stock,20,63,2024,51,0.163,0.25,0.353,0.443,8,0.084,48,0.739
cons17,conservative,short,stock,20,63,2025,50,2.648,1.42,3.167,0.485,10.0,0.188,49,0.68
cons17,conservative,short,stock,20,63,2026,24,-4.141,-11.13,-8.332,0.25,10.0,0.239,21,0.715
full3,aggressive,long,mixed,10,5,ALL,176,-0.086,-0.34,-0.084,0.458,10.0,0.096,0,0.597
full3,aggressive,long,mixed,10,5,P1,91,-0.196,-0.78,-0.196,0.431,10,0.071,0,0.571
full3,aggressive,long,mixed,10,5,P2,85,0.032,0.07,0.037,0.487,10,0.121,0,0.624
full3,aggressive,long,mixed,10,5,2023,40,-0.258,-0.8,-0.258,0.426,10.0,0.077,0,0.569
full3,aggressive,long,mixed,10,5,2024,51,-0.148,-0.4,-0.148,0.435,10,0.067,0,0.576
full3,aggressive,long,mixed,10,5,2025,50,0.154,0.33,0.175,0.49,10.0,0.151,0,0.61
full3,aggressive,long,mixed,10,5,2026,35,-0.142,-0.16,-0.16,0.483,10,0.079,0,0.644
full3,aggressive,long,mixed,10,20,ALL,173,-0.399,-0.57,-0.409,0.4,10,0.097,0,0.596
full3,aggressive,long,mixed,10,20,P1,91,-0.337,-0.52,-0.343,0.402,10,0.071,0,0.571
full3,aggressive,long,mixed,10,20,P2,82,-0.468,-0.36,-0.481,0.398,10.0,0.126,0,0.622
full3,aggressive,long,mixed,10,20,2023,40,-1.048,-2.51,-1.061,0.423,10.0,0.077,0,0.569
full3,aggressive,long,mixed,10,20,2024,51,0.22,0.2,0.22,0.386,10,0.067,0,0.576
full3,aggressive,long,mixed,10,20,2025,50,-0.334,-0.22,-0.353,0.372,10.0,0.151,0,0.61
full3,aggressive,long,mixed,10,20,2026,32,-0.676,-0.28,-0.683,0.439,10.0,0.086,0,0.642
full3,aggressive,long,mixed,10,63,ALL,165,-1.294,-0.83,-1.308,0.361,10,0.099,0,0.587
full3,aggressive,long,mixed,10,63,P1,91,-1.227,-1.36,-1.236,0.356,10,0.071,0,0.571
full3,aggressive,long,mixed,10,63,P2,74,-1.376,-0.42,-1.397,0.367,10.0,0.133,0,0.604
full3,aggressive,long,mixed,10,63,2023,40,-1.402,-1.28,-1.423,0.401,10.0,0.077,0,0.569
full3,aggressive,long,mixed,10,63,2024,51,-1.089,-0.89,-1.089,0.322,10,0.067,0,0.576
full3,aggressive,long,mixed,10,63,2025,50,0.543,0.14,0.501,0.402,10.0,0.151,0,0.61
full3,aggressive,long,mixed,10,63,2026,24,-5.376,-1.02,-5.353,0.293,10.0,0.094,0,0.591
full3,aggressive,long,mixed,20,5,ALL,176,-0.053,-0.25,-0.053,0.46,20.0,0.114,0,0.56
full3,aggressive,long,mixed,20,5,P1,91,-0.102,-0.46,-0.101,0.439,20,0.08,0,0.54
full3,aggressive,long,mixed,20,5,P2,85,-0.001,-0.0,-0.002,0.482,20,0.152,0,0.581
full3,aggressive,long,mixed,20,5,2023,40,-0.212,-0.81,-0.21,0.447,20.0,0.083,0,0.55
full3,aggressive,long,mixed,20,5,2024,51,-0.017,-0.05,-0.016,0.433,20,0.077,0,0.532
full3,aggressive,long,mixed,20,5,2025,50,0.025,0.07,0.03,0.478,20.0,0.177,0,0.588
full3,aggressive,long,mixed,20,5,2026,35,-0.039,-0.05,-0.047,0.489,20,0.116,0,0.572
full3,aggressive,long,mixed,20,20,ALL,173,-0.133,-0.22,-0.134,0.421,20,0.116,0,0.561
full3,aggressive,long,mixed,20,20,P1,91,-0.351,-0.56,-0.352,0.409,20,0.08,0,0.54
full3,aggressive,long,mixed,20,20,P2,82,0.109,0.1,0.107,0.434,20.0,0.157,0,0.583
full3,aggressive,long,mixed,20,20,2023,40,-1.181,-3.49,-1.187,0.42,20.0,0.083,0,0.55
full3,aggressive,long,mixed,20,20,2024,51,0.301,0.29,0.303,0.4,20,0.077,0,0.532
full3,aggressive,long,mixed,20,20,2025,50,-0.051,-0.04,-0.052,0.419,20.0,0.177,0,0.588
full3,aggressive,long,mixed,20,20,2026,32,0.359,0.17,0.355,0.457,20.0,0.125,0,0.577
full3,aggressive,long,mixed,20,63,ALL,165,-0.086,-0.06,-0.085,0.385,20,0.119,0,0.555
full3,aggressive,long,mixed,20,63,P1,91,-0.92,-0.93,-0.92,0.374,20,0.08,0,0.54
full3,aggressive,long,mixed,20,63,P2,74,0.939,0.31,0.941,0.399,20.0,0.167,0,0.573
full3,aggressive,long,mixed,20,63,2023,40,-0.966,-0.76,-0.972,0.411,20.0,0.083,0,0.55
full3,aggressive,long,mixed,20,63,2024,51,-0.885,-0.68,-0.88,0.345,20,0.077,0,0.532
full3,aggressive,long,mixed,20,63,2025,50,2.398,0.71,2.392,0.429,20.0,0.177,0,0.588
full3,aggressive,long,mixed,20,63,2026,24,-2.099,-0.35,-2.081,0.338,20.0,0.147,0,0.543
full3,aggressive,long,stock,10,5,ALL,176,0.027,0.1,0.03,0.474,10.0,0.098,0,0.587
full3,aggressive,long,stock,10,5,P1,91,-0.085,-0.33,-0.083,0.469,10,0.075,0,0.571
full3,aggressive,long,stock,10,5,P2,85,0.147,0.29,0.15,0.479,10,0.124,0,0.604
full3,aggressive,long,stock,10,5,2023,40,-0.229,-0.65,-0.226,0.464,10.0,0.083,0,0.569
full3,aggressive,long,stock,10,5,2024,51,0.027,0.07,0.03,0.474,10,0.069,0,0.574
full3,aggressive,long,stock,10,5,2025,50,0.01,0.02,0.027,0.472,10.0,0.148,0,0.592
full3,aggressive,long,stock,10,5,2026,35,0.344,0.35,0.326,0.489,10,0.089,0,0.621
full3,aggressive,long,stock,10,20,ALL,173,0.139,0.18,0.133,0.461,10,0.1,0,0.587
full3,aggressive,long,stock,10,20,P1,91,0.331,0.42,0.327,0.493,10,0.075,0,0.571
full3,aggressive,long,stock,10,20,P2,82,-0.075,-0.05,-0.081,0.425,10.0,0.128,0,0.602
full3,aggressive,long,stock,10,20,2023,40,-0.959,-1.99,-0.977,0.453,10.0,0.083,0,0.569
full3,aggressive,long,stock,10,20,2024,51,1.343,1.05,1.349,0.525,10,0.069,0,0.574
full3,aggressive,long,stock,10,20,2025,50,-0.406,-0.26,-0.414,0.402,10.0,0.148,0,0.592
full3,aggressive,long,stock,10,20,2026,32,0.443,0.17,0.439,0.461,10.0,0.097,0,0.619
full3,aggressive,long,stock,10,63,ALL,165,0.657,0.38,0.655,0.433,10,0.102,0,0.577
full3,aggressive,long,stock,10,63,P1,91,1.299,1.04,1.299,0.458,10,0.075,0,0.571
full3,aggressive,long,stock,10,63,P2,74,-0.131,-0.04,-0.138,0.403,10.0,0.135,0,0.582
full3,aggressive,long,stock,10,63,2023,40,0.097,0.07,0.064,0.463,10.0,0.083,0,0.569
full3,aggressive,long,stock,10,63,2024,51,2.241,1.42,2.268,0.454,10,0.069,0,0.574
full3,aggressive,long,stock,10,63,2025,50,1.707,0.41,1.685,0.433,10.0,0.148,0,0.592
full3,aggressive,long,stock,10,63,2026,24,-3.96,-0.69,-3.937,0.338,10.0,0.108,0,0.561
full3,aggressive,long,stock,20,5,ALL,176,0.014,0.06,0.017,0.48,20.0,0.117,1,0.546
full3,aggressive,long,stock,20,5,P1,91,-0.006,-0.03,-0.006,0.469,20,0.082,0,0.527
full3,aggressive,long,stock,20,5,P2,85,0.036,0.09,0.041,0.492,20,0.155,1,0.567
full3,aggressive,long,stock,20,5,2023,40,-0.209,-0.72,-0.207,0.461,20.0,0.084,0,0.533
full3,aggressive,long,stock,20,5,2024,51,0.153,0.44,0.153,0.476,20,0.081,0,0.522
full3,aggressive,long,stock,20,5,2025,50,-0.04,-0.1,-0.026,0.482,20.0,0.18,1,0.574
full3,aggressive,long,stock,20,5,2026,35,0.145,0.19,0.136,0.507,20,0.119,0,0.559
full3,aggressive,long,stock,20,20,ALL,173,0.175,0.28,0.164,0.47,20,0.119,1,0.547
full3,aggressive,long,stock,20,20,P1,91,0.098,0.15,0.097,0.483,20,0.082,0,0.527
full3,aggressive,long,stock,20,20,P2,82,0.26,0.23,0.24,0.455,20.0,0.16,1,0.568
full3,aggressive,long,stock,20,20,2023,40,-1.056,-2.76,-1.061,0.442,20.0,0.084,0,0.533
full3,aggressive,long,stock,20,20,2024,51,1.003,0.95,1.005,0.516,20,0.081,0,0.522
full3,aggressive,long,stock,20,20,2025,50,0.049,0.04,0.021,0.446,20.0,0.18,1,0.574
full3,aggressive,long,stock,20,20,2026,32,0.588,0.26,0.581,0.469,20.0,0.128,0,0.561
full3,aggressive,long,stock,20,63,ALL,165,1.273,0.79,1.231,0.449,20,0.122,1,0.542
full3,aggressive,long,stock,20,63,P1,91,1.057,0.84,1.058,0.468,20,0.082,0,0.527
full3,aggressive,long,stock,20,63,P2,74,1.539,0.49,1.443,0.424,20.0,0.17,1,0.56
full3,aggressive,long,stock,20,63,2023,40,0.122,0.07,0.117,0.457,20.0,0.084,0,0.533
full3,aggressive,long,stock,20,63,2024,51,1.791,1.26,1.797,0.477,20,0.081,0,0.522
full3,aggressive,long,stock,20,63,2025,50,2.962,0.91,2.812,0.448,20.0,0.18,1,0.574
full3,aggressive,long,stock,20,63,2026,24,-1.427,-0.21,-1.407,0.376,20.0,0.15,0,0.533
full3,aggressive,mid,mixed,10,5,ALL,176,-0.188,-0.75,-0.185,0.449,10.0,0.095,0,0.623
full3,aggressive,mid,mixed,10,5,P1,91,-0.179,-0.74,-0.177,0.429,10,0.073,0,0.609
full3,aggressive,mid,mixed,10,5,P2,85,-0.197,-0.44,-0.193,0.47,10,0.118,0,0.637
full3,aggressive,mid,mixed,10,5,2023,40,-0.178,-0.59,-0.176,0.429,10.0,0.079,0,0.608
full3,aggressive,mid,mixed,10,5,2024,51,-0.18,-0.5,-0.178,0.428,10,0.068,0,0.612
full3,aggressive,mid,mixed,10,5,2025,50,-0.049,-0.1,-0.028,0.478,10.0,0.156,0,0.639
full3,aggressive,mid,mixed,10,5,2026,35,-0.409,-0.48,-0.429,0.46,10,0.064,0,0.635
full3,aggressive,mid,mixed,10,20,ALL,173,-0.477,-0.66,-0.485,0.39,10,0.097,0,0.622
full3,aggressive,mid,mixed,10,20,P1,91,-0.372,-0.59,-0.374,0.394,10,0.073,0,0.609
full3,aggressive,mid,mixed,10,20,P2,82,-0.594,-0.44,-0.608,0.386,10.0,0.122,0,0.636
full3,aggressive,mid,mixed,10,20,2023,40,-1.022,-2.3,-1.034,0.428,10.0,0.079,0,0.608
full3,aggressive,mid,mixed,10,20,2024,51,0.138,0.13,0.144,0.368,10,0.068,0,0.612
full3,aggressive,mid,mixed,10,20,2025,50,-0.506,-0.33,-0.524,0.364,10.0,0.156,0,0.639
full3,aggressive,mid,mixed,10,20,2026,32,-0.732,-0.29,-0.739,0.42,10.0,0.07,0,0.632
full3,aggressive,mid,mixed,10,63,ALL,165,-1.635,-1.0,-1.642,0.349,10,0.099,0,0.614
full3,aggressive,mid,mixed,10,63,P1,91,-1.487,-1.86,-1.484,0.345,10,0.073,0,0.609
full3,aggressive,mid,mixed,10,63,P2,74,-1.817,-0.52,-1.836,0.353,10.0,0.13,0,0.619
full3,aggressive,mid,mixed,10,63,2023,40,-1.731,-1.68,-1.756,0.391,10.0,0.079,0,0.608
full3,aggressive,mid,mixed,10,63,2024,51,-1.295,-1.16,-1.271,0.309,10,0.068,0,0.612
full3,aggressive,mid,mixed,10,63,2025,50,-0.033,-0.01,-0.071,0.386,10.0,0.156,0,0.639
full3,aggressive,mid,mixed,10,63,2026,24,-5.532,-0.96,-5.513,0.284,10.0,0.076,0,0.578
full3,aggressive,mid,mixed,20,5,ALL,176,-0.078,-0.38,-0.078,0.459,20.0,0.116,0,0.581
full3,aggressive,mid,mixed,20,5,P1,91,-0.164,-0.76,-0.163,0.434,20,0.079,0,0.558
full3,aggressive,mid,mixed,20,5,P2,85,0.015,0.04,0.014,0.487,20,0.156,0,0.605
full3,aggressive,mid,mixed,20,5,2023,40,-0.24,-0.88,-0.238,0.437,20.0,0.078,0,0.559
full3,aggressive,mid,mixed,20,5,2024,51,-0.105,-0.33,-0.105,0.431,20,0.079,0,0.557
full3,aggressive,mid,mixed,20,5,2025,50,0.083,0.23,0.087,0.486,20.0,0.189,0,0.601
full3,aggressive,mid,mixed,20,5,2026,35,-0.081,-0.12,-0.089,0.489,20,0.109,0,0.616
full3,aggressive,mid,mixed,20,20,ALL,173,-0.387,-0.66,-0.388,0.412,20,0.118,0,0.581
full3,aggressive,mid,mixed,20,20,P1,91,-0.571,-0.93,-0.573,0.4,20,0.079,0,0.558
full3,aggressive,mid,mixed,20,20,P2,82,-0.182,-0.18,-0.183,0.425,20.0,0.161,0,0.605
full3,aggressive,mid,mixed,20,20,2023,40,-1.273,-4.1,-1.278,0.418,20.0,0.078,0,0.559
full3,aggressive,mid,mixed,20,20,2024,51,-0.021,-0.02,-0.02,0.387,20,0.079,0,0.557
full3,aggressive,mid,mixed,20,20,2025,50,-0.355,-0.33,-0.355,0.407,20.0,0.189,0,0.601
full3,aggressive,mid,mixed,20,20,2026,32,0.088,0.04,0.085,0.452,20.0,0.117,0,0.616
full3,aggressive,mid,mixed,20,63,ALL,165,-0.772,-0.5,-0.772,0.374,20,0.12,0,0.573
full3,aggressive,mid,mixed,20,63,P1,91,-1.636,-1.9,-1.637,0.357,20,0.079,0,0.558
full3,aggressive,mid,mixed,20,63,P2,74,0.291,0.09,0.292,0.395,20.0,0.172,0,0.591
full3,aggressive,mid,mixed,20,63,2023,40,-2.034,-1.99,-2.043,0.388,20.0,0.078,0,0.559
full3,aggressive,mid,mixed,20,63,2024,51,-1.324,-1.15,-1.319,0.332,20,0.079,0,0.557
full3,aggressive,mid,mixed,20,63,2025,50,2.279,0.59,2.279,0.428,20.0,0.189,0,0.601
full3,aggressive,mid,mixed,20,63,2026,24,-3.849,-0.75,-3.847,0.326,20.0,0.137,0,0.576
full3,aggressive,mid,stock,10,5,ALL,176,-0.049,-0.18,-0.046,0.47,10.0,0.1,1,0.6
full3,aggressive,mid,stock,10,5,P1,91,-0.102,-0.4,-0.099,0.462,10,0.079,0,0.591
full3,aggressive,mid,stock,10,5,P2,85,0.008,0.02,0.011,0.479,10,0.123,1,0.608
full3,aggressive,mid,stock,10,5,2023,40,-0.236,-0.7,-0.234,0.449,10.0,0.087,0,0.582
full3,aggressive,mid,stock,10,5,2024,51,0.004,0.01,0.008,0.472,10,0.073,0,0.598
full3,aggressive,mid,stock,10,5,2025,50,0.045,0.09,0.064,0.482,10.0,0.154,1,0.602
full3,aggressive,mid,stock,10,5,2026,35,-0.045,-0.05,-0.066,0.475,10,0.077,0,0.621
full3,aggressive,mid,stock,10,20,ALL,173,-0.092,-0.12,-0.103,0.453,10,0.102,1,0.599
full3,aggressive,mid,stock,10,20,P1,91,0.178,0.24,0.177,0.487,10,0.079,0,0.591
full3,aggressive,mid,stock,10,20,P2,82,-0.392,-0.27,-0.414,0.416,10.0,0.127,1,0.606
full3,aggressive,mid,stock,10,20,2023,40,-1.18,-2.55,-1.196,0.451,10.0,0.087,0,0.582
full3,aggressive,mid,stock,10,20,2024,51,1.243,1.03,1.254,0.515,10,0.073,0,0.598
full3,aggressive,mid,stock,10,20,2025,50,-0.734,-0.46,-0.764,0.393,10.0,0.154,1,0.602
full3,aggressive,mid,stock,10,20,2026,32,0.142,0.05,0.133,0.451,10.0,0.084,0,0.616
full3,aggressive,mid,stock,10,63,ALL,165,0.052,0.03,0.033,0.424,10,0.104,1,0.59
full3,aggressive,mid,stock,10,63,P1,91,0.52,0.48,0.522,0.446,10,0.079,0,0.591
full3,aggressive,mid,stock,10,63,P2,74,-0.523,-0.14,-0.569,0.396,10.0,0.135,1,0.586
full3,aggressive,mid,stock,10,63,2023,40,-0.548,-0.5,-0.573,0.456,10.0,0.087,0,0.582
full3,aggressive,mid,stock,10,63,2024,51,1.358,0.94,1.381,0.438,10,0.073,0,0.598
full3,aggressive,mid,stock,10,63,2025,50,1.388,0.32,1.315,0.428,10.0,0.154,1,0.602
full3,aggressive,mid,stock,10,63,2026,24,-4.503,-0.74,-4.494,0.33,10.0,0.096,0,0.557
full3,aggressive,mid,stock,20,5,ALL,176,0.05,0.23,0.052,0.482,20.0,0.121,1,0.568
full3,aggressive,mid,stock,20,5,P1,91,-0.077,-0.34,-0.077,0.464,20,0.088,0,0.557
full3,aggressive,mid,stock,20,5,P2,85,0.187,0.49,0.189,0.501,20,0.156,1,0.579
full3,aggressive,mid,stock,20,5,2023,40,-0.155,-0.49,-0.153,0.458,20.0,0.085,0,0.549
full3,aggressive,mid,stock,20,5,2024,51,-0.016,-0.05,-0.017,0.469,20,0.091,0,0.562
full3,aggressive,mid,stock,20,5,2025,50,0.238,0.61,0.247,0.501,20.0,0.184,1,0.582
full3,aggressive,mid,stock,20,5,2026,35,0.114,0.16,0.106,0.502,20,0.116,0,0.581
full3,aggressive,mid,stock,20,20,ALL,173,0.059,0.1,0.043,0.466,20,0.123,1,0.568
full3,aggressive,mid,stock,20,20,P1,91,-0.003,-0.0,-0.003,0.48,20,0.088,0,0.557
full3,aggressive,mid,stock,20,20,P2,82,0.128,0.12,0.095,0.45,20.0,0.161,1,0.58
full3,aggressive,mid,stock,20,20,2023,40,-0.984,-2.84,-0.987,0.444,20.0,0.085,0,0.549
full3,aggressive,mid,stock,20,20,2024,51,0.767,0.73,0.769,0.507,20,0.091,0,0.562
full3,aggressive,mid,stock,20,20,2025,50,0.084,0.07,0.033,0.442,20.0,0.184,1,0.582
full3,aggressive,mid,stock,20,20,2026,32,0.197,0.09,0.192,0.461,20.0,0.125,0,0.584
full3,aggressive,mid,stock,20,63,ALL,165,1.116,0.65,1.077,0.442,20,0.126,1,0.563
full3,aggressive,mid,stock,20,63,P1,91,0.485,0.44,0.488,0.452,20,0.088,0,0.557
full3,aggressive,mid,stock,20,63,P2,74,1.892,0.54,1.802,0.43,20.0,0.172,1,0.571
full3,aggressive,mid,stock,20,63,2023,40,-0.627,-0.44,-0.627,0.432,20.0,0.085,0,0.549
full3,aggressive,mid,stock,20,63,2024,51,1.357,1.11,1.362,0.468,20,0.091,0,0.562
full3,aggressive,mid,stock,20,63,2025,50,3.878,0.96,3.732,0.46,20.0,0.184,1,0.582
full3,aggressive,mid,stock,20,63,2026,24,-2.243,-0.36,-2.217,0.368,20.0,0.146,0,0.554
full3,aggressive,short,mixed,10,5,ALL,176,-0.251,-1.06,-0.249,0.462,10.0,0.073,0,0.66
full3,aggressive,short,mixed,10,5,P1,91,-0.001,-0.01,0.001,0.443,10,0.071,0,0.638
full3,aggressive,short,mixed,10,5,P2,85,-0.518,-1.27,-0.518,0.484,10,0.074,0,0.683
full3,aggressive,short,mixed,10,5,2023,40,0.074,0.22,0.08,0.449,10.0,0.062,0,0.631
full3,aggressive,short,mixed,10,5,2024,51,-0.061,-0.17,-0.061,0.437,10,0.079,0,0.644
full3,aggressive,short,mixed,10,5,2025,50,-0.23,-0.47,-0.23,0.488,10.0,0.097,0,0.68
full3,aggressive,short,mixed,10,5,2026,35,-0.929,-1.34,-0.929,0.477,10,0.042,0,0.694
full3,aggressive,short,mixed,10,20,ALL,173,-0.993,-1.65,-0.995,0.404,10,0.074,0,0.658
full3,aggressive,short,mixed,10,20,P1,91,-0.259,-0.4,-0.264,0.403,10,0.071,0,0.638
full3,aggressive,short,mixed,10,20,P2,82,-1.808,-1.76,-1.808,0.406,10.0,0.077,0,0.68
full3,aggressive,short,mixed,10,20,2023,40,-0.394,-0.66,-0.405,0.438,10.0,0.062,0,0.631
full3,aggressive,short,mixed,10,20,2024,51,-0.153,-0.15,-0.153,0.375,10,0.079,0,0.644
full3,aggressive,short,mixed,10,20,2025,50,-1.496,-1.16,-1.496,0.384,10.0,0.097,0,0.68
full3,aggressive,short,mixed,10,20,2026,32,-2.295,-1.37,-2.295,0.441,10.0,0.046,0,0.687
full3,aggressive,short,mixed,10,63,ALL,165,-1.764,-1.06,-1.77,0.346,10,0.076,0,0.654
full3,aggressive,short,mixed,10,63,P1,91,-1.504,-1.73,-1.515,0.332,10,0.071,0,0.638
full3,aggressive,short,mixed,10,63,P2,74,-2.084,-0.59,-2.084,0.362,10.0,0.082,0,0.674
full3,aggressive,short,mixed,10,63,2023,40,-1.785,-2.41,-1.811,0.371,10.0,0.062,0,0.631
full3,aggressive,short,mixed,10,63,2024,51,-1.283,-0.9,-1.283,0.302,10,0.079,0,0.644
full3,aggressive,short,mixed,10,63,2025,50,0.617,0.14,0.617,0.414,10.0,0.097,0,0.68
full3,aggressive,short,mixed,10,63,2026,24,-7.711,-2.03,-7.711,0.254,10.0,0.053,0,0.67
full3,aggressive,short,mixed,20,5,ALL,176,-0.148,-0.76,-0.147,0.462,20.0,0.1,0,0.61
full3,aggressive,short,mixed,20,5,P1,91,-0.077,-0.35,-0.076,0.44,20,0.087,0,0.602
full3,aggressive,short,mixed,20,5,P2,85,-0.223,-0.68,-0.224,0.484,20,0.113,0,0.618
full3,aggressive,short,mixed,20,5,2023,40,-0.017,-0.06,-0.015,0.456,20.0,0.084,0,0.583
full3,aggressive,short,mixed,20,5,2024,51,-0.125,-0.37,-0.124,0.428,20,0.089,0,0.615
full3,aggressive,short,mixed,20,5,2025,50,0.021,0.05,0.02,0.492,20.0,0.141,0,0.61
full3,aggressive,short,mixed,20,5,2026,35,-0.572,-1.03,-0.572,0.473,20,0.074,0,0.632
full3,aggressive,short,mixed,20,20,ALL,173,-0.7,-1.39,-0.698,0.408,20,0.101,0,0.608
full3,aggressive,short,mixed,20,20,P1,91,-0.437,-0.83,-0.436,0.404,20,0.087,0,0.602
full3,aggressive,short,mixed,20,20,P2,82,-0.991,-1.12,-0.988,0.413,20.0,0.117,0,0.615
full3,aggressive,short,mixed,20,20,2023,40,-0.674,-1.46,-0.674,0.43,20.0,0.084,0,0.583
full3,aggressive,short,mixed,20,20,2024,51,-0.251,-0.29,-0.249,0.384,20,0.089,0,0.615
full3,aggressive,short,mixed,20,20,2025,50,-0.242,-0.21,-0.237,0.419,20.0,0.141,0,0.61
full3,aggressive,short,mixed,20,20,2026,32,-2.162,-1.63,-2.162,0.403,20.0,0.081,0,0.624
full3,aggressive,short,mixed,20,63,ALL,165,-1.456,-0.88,-1.45,0.357,20,0.105,0,0.607
full3,aggressive,short,mixed,20,63,P1,91,-1.953,-2.93,-1.953,0.335,20,0.087,0,0.602
full3,aggressive,short,mixed,20,63,P2,74,-0.844,-0.24,-0.832,0.386,20.0,0.127,0,0.612
full3,aggressive,short,mixed,20,63,2023,40,-2.246,-4.0,-2.249,0.366,20.0,0.084,0,0.583
full3,aggressive,short,mixed,20,63,2024,51,-1.724,-1.59,-1.721,0.31,20,0.089,0,0.615
full3,aggressive,short,mixed,20,63,2025,50,2.256,0.53,2.273,0.432,20.0,0.141,0,0.61
full3,aggressive,short,mixed,20,63,2026,24,-7.301,-2.09,-7.301,0.29,20.0,0.1,0,0.62
full3,aggressive,short,stock,10,5,ALL,176,-0.096,-0.38,-0.095,0.478,10.0,0.08,0,0.651
full3,aggressive,short,stock,10,5,P1,91,0.114,0.43,0.117,0.47,10,0.077,0,0.638
full3,aggressive,short,stock,10,5,P2,85,-0.321,-0.74,-0.321,0.487,10,0.082,0,0.664
full3,aggressive,short,stock,10,5,2023,40,0.29,0.75,0.296,0.479,10.0,0.072,0,0.603
full3,aggressive,short,stock,10,5,2024,51,-0.024,-0.07,-0.024,0.463,10,0.08,0,0.66
full3,aggressive,short,stock,10,5,2025,50,-0.017,-0.03,-0.017,0.496,10.0,0.11,0,0.651
full3,aggressive,short,stock,10,5,2026,35,-0.755,-1.01,-0.755,0.474,10,0.043,0,0.688
full3,aggressive,short,stock,10,20,ALL,173,-0.663,-1.01,-0.662,0.457,10,0.081,0,0.65
full3,aggressive,short,stock,10,20,P1,91,0.251,0.37,0.252,0.491,10,0.077,0,0.638
full3,aggressive,short,stock,10,20,P2,82,-1.677,-1.49,-1.677,0.42,10.0,0.085,0,0.663
full3,aggressive,short,stock,10,20,2023,40,0.196,0.28,0.197,0.489,10.0,0.072,0,0.603
full3,aggressive,short,stock,10,20,2024,51,0.294,0.28,0.294,0.492,10,0.08,0,0.66
full3,aggressive,short,stock,10,20,2025,50,-1.227,-0.85,-1.227,0.406,10.0,0.11,0,0.651
full3,aggressive,short,stock,10,20,2026,32,-2.38,-1.36,-2.38,0.441,10.0,0.047,0,0.687
full3,aggressive,short,stock,10,63,ALL,165,-0.766,-0.41,-0.768,0.395,10,0.084,0,0.645
full3,aggressive,short,stock,10,63,P1,91,-0.118,-0.14,-0.122,0.409,10,0.077,0,0.638
full3,aggressive,short,stock,10,63,P2,74,-1.562,-0.4,-1.562,0.377,10.0,0.092,0,0.653
full3,aggressive,short,stock,10,63,2023,40,-0.163,-0.17,-0.171,0.434,10.0,0.072,0,0.603
full3,aggressive,short,stock,10,63,2024,51,-0.083,-0.06,-0.083,0.39,10,0.08,0,0.66
full3,aggressive,short,stock,10,63,2025,50,1.098,0.22,1.098,0.422,10.0,0.11,0,0.651
full3,aggressive,short,stock,10,63,2026,24,-7.104,-1.55,-7.104,0.283,10.0,0.054,0,0.665
full3,aggressive,short,stock,20,5,ALL,176,-0.197,-0.98,-0.199,0.47,20.0,0.104,1,0.597
full3,aggressive,short,stock,20,5,P1,91,-0.1,-0.45,-0.1,0.459,20,0.093,0,0.592
full3,aggressive,short,stock,20,5,P2,85,-0.301,-0.88,-0.304,0.481,20,0.117,1,0.602
full3,aggressive,short,stock,20,5,2023,40,-0.063,-0.22,-0.061,0.462,20.0,0.091,0,0.556
full3,aggressive,short,stock,20,5,2024,51,-0.129,-0.4,-0.13,0.456,20,0.094,0,0.62
full3,aggressive,short,stock,20,5,2025,50,-0.053,-0.13,-0.058,0.487,20.0,0.14,1,0.593
full3,aggressive,short,stock,20,5,2026,35,-0.655,-1.13,-0.655,0.473,20,0.084,0,0.618
full3,aggressive,short,stock,20,20,ALL,173,-0.744,-1.44,-0.746,0.442,20,0.106,1,0.597
full3,aggressive,short,stock,20,20,P1,91,-0.315,-0.6,-0.314,0.461,20,0.093,0,0.592
full3,aggressive,short,stock,20,20,P2,82,-1.22,-1.34,-1.226,0.422,20.0,0.121,1,0.602
full3,aggressive,short,stock,20,20,2023,40,-0.813,-1.69,-0.813,0.441,20.0,0.091,0,0.556
full3,aggressive,short,stock,20,20,2024,51,0.075,0.09,0.077,0.477,20,0.094,0,0.62
full3,aggressive,short,stock,20,20,2025,50,-0.397,-0.33,-0.406,0.435,20.0,0.14,1,0.593
full3,aggressive,short,stock,20,20,2026,32,-2.507,-1.99,-2.507,0.402,20.0,0.092,0,0.618
full3,aggressive,short,stock,20,63,ALL,165,-0.765,-0.43,-0.769,0.401,20,0.11,1,0.595
full3,aggressive,short,stock,20,63,P1,91,-1.03,-1.33,-1.031,0.398,20,0.093,0,0.592
full3,aggressive,short,stock,20,63,P2,74,-0.439,-0.12,-0.446,0.404,20.0,0.131,1,0.599
full3,aggressive,short,stock,20,63,2023,40,-2.016,-2.4,-2.017,0.388,20.0,0.091,0,0.556
full3,aggressive,short,stock,20,63,2024,51,-0.256,-0.28,-0.258,0.406,20,0.094,0,0.62
full3,aggressive,short,stock,20,63,2025,50,2.896,0.63,2.886,0.447,20.0,0.14,1,0.593
full3,aggressive,short,stock,20,63,2026,24,-7.386,-2.15,-7.386,0.315,20.0,0.113,0,0.615
full3,balanced,long,mixed,10,5,ALL,176,-0.1,-0.45,-0.098,0.459,10.0,0.092,0,0.617
full3,balanced,long,mixed,10,5,P1,91,-0.199,-0.83,-0.197,0.443,10,0.081,0,0.604
full3,balanced,long,mixed,10,5,P2,85,0.006,0.02,0.009,0.476,10,0.104,0,0.629
full3,balanced,long,mixed,10,5,2023,40,-0.354,-1.08,-0.353,0.431,10.0,0.078,0,0.603
full3,balanced,long,mixed,10,5,2024,51,-0.077,-0.23,-0.075,0.452,10,0.084,0,0.608
full3,balanced,long,mixed,10,5,2025,50,-0.194,-0.47,-0.182,0.474,10.0,0.126,0,0.635
full3,balanced,long,mixed,10,5,2026,35,0.291,0.41,0.282,0.48,10,0.072,0,0.621
full3,balanced,long,mixed,10,20,ALL,173,-0.13,-0.2,-0.131,0.413,10,0.094,0,0.615
full3,balanced,long,mixed,10,20,P1,91,-0.162,-0.24,-0.163,0.41,10,0.081,0,0.604
full3,balanced,long,mixed,10,20,P2,82,-0.095,-0.08,-0.095,0.417,10.0,0.108,0,0.626
full3,balanced,long,mixed,10,20,2023,40,-0.928,-2.06,-0.938,0.433,10.0,0.078,0,0.603
full3,balanced,long,mixed,10,20,2024,51,0.44,0.4,0.446,0.391,10,0.084,0,0.608
full3,balanced,long,mixed,10,20,2025,50,-0.725,-0.51,-0.721,0.399,10.0,0.126,0,0.635
full3,balanced,long,mixed,10,20,2026,32,0.89,0.42,0.883,0.445,10.0,0.079,0,0.613
full3,balanced,long,mixed,10,63,ALL,165,-0.642,-0.46,-0.652,0.366,10,0.097,0,0.61
full3,balanced,long,mixed,10,63,P1,91,-1.063,-1.25,-1.062,0.357,10,0.081,0,0.604
full3,balanced,long,mixed,10,63,P2,74,-0.124,-0.04,-0.147,0.376,10.0,0.116,0,0.616
full3,balanced,long,mixed,10,63,2023,40,-1.601,-1.69,-1.63,0.396,10.0,0.078,0,0.603
full3,balanced,long,mixed,10,63,2024,51,-0.641,-0.51,-0.617,0.327,10,0.084,0,0.608
full3,balanced,long,mixed,10,63,2025,50,1.425,0.39,1.42,0.401,10.0,0.126,0,0.635
full3,balanced,long,mixed,10,63,2026,24,-3.35,-0.84,-3.411,0.325,10.0,0.093,0,0.578
full3,balanced,long,mixed,20,5,ALL,176,-0.07,-0.37,-0.066,0.464,20.0,0.11,1,0.575
full3,balanced,long,mixed,20,5,P1,91,-0.126,-0.61,-0.117,0.445,20,0.076,1,0.55
full3,balanced,long,mixed,20,5,P2,85,-0.01,-0.03,-0.012,0.485,20,0.147,0,0.601
full3,balanced,long,mixed,20,5,2023,40,-0.332,-1.27,-0.311,0.434,20.0,0.077,1,0.545
full3,balanced,long,mixed,20,5,2024,51,0.035,0.12,0.035,0.453,20,0.076,0,0.552
full3,balanced,long,mixed,20,5,2025,50,-0.124,-0.38,-0.123,0.472,20.0,0.167,0,0.614
full3,balanced,long,mixed,20,5,2026,35,0.153,0.24,0.146,0.504,20,0.118,0,0.582
full3,balanced,long,mixed,20,20,ALL,173,-0.028,-0.05,-0.029,0.427,20,0.112,1,0.575
full3,balanced,long,mixed,20,20,P1,91,-0.224,-0.36,-0.224,0.413,20,0.076,1,0.55
full3,balanced,long,mixed,20,20,P2,82,0.19,0.21,0.187,0.443,20.0,0.151,0,0.602
full3,balanced,long,mixed,20,20,2023,40,-1.196,-3.15,-1.198,0.414,20.0,0.077,1,0.545
full3,balanced,long,mixed,20,20,2024,51,0.538,0.53,0.54,0.412,20,0.076,0,0.552
full3,balanced,long,mixed,20,20,2025,50,-0.065,-0.06,-0.066,0.433,20.0,0.167,0,0.614
full3,balanced,long,mixed,20,20,2026,32,0.59,0.39,0.584,0.459,20.0,0.127,0,0.585
full3,balanced,long,mixed,20,63,ALL,165,0.321,0.22,0.323,0.392,20,0.116,1,0.572
full3,balanced,long,mixed,20,63,P1,91,-0.518,-0.58,-0.518,0.377,20,0.076,1,0.55
full3,balanced,long,mixed,20,63,P2,74,1.353,0.46,1.358,0.41,20.0,0.164,0,0.598
full3,balanced,long,mixed,20,63,2023,40,-0.707,-0.65,-0.714,0.403,20.0,0.077,1,0.545
full3,balanced,long,mixed,20,63,2024,51,-0.371,-0.3,-0.364,0.357,20,0.076,0,0.552
full3,balanced,long,mixed,20,63,2025,50,3.252,0.92,3.256,0.442,20.0,0.167,0,0.614
full3,balanced,long,mixed,20,63,2026,24,-2.602,-0.59,-2.598,0.344,20.0,0.158,0,0.565
full3,balanced,long,stock,10,5,ALL,176,0.06,0.25,0.066,0.481,10.0,0.095,1,0.59
full3,balanced,long,stock,10,5,P1,91,-0.059,-0.23,-0.057,0.473,10,0.082,0,0.586
full3,balanced,long,stock,10,5,P2,85,0.188,0.45,0.197,0.49,10,0.108,1,0.593
full3,balanced,long,stock,10,5,2023,40,-0.209,-0.55,-0.206,0.456,10.0,0.087,0,0.582
full3,balanced,long,stock,10,5,2024,51,0.058,0.16,0.06,0.485,10,0.078,0,0.59
full3,balanced,long,stock,10,5,2025,50,-0.007,-0.02,0.017,0.482,10.0,0.124,1,0.592
full3,balanced,long,stock,10,5,2026,35,0.467,0.59,0.454,0.501,10,0.086,0,0.594
full3,balanced,long,stock,10,20,ALL,173,0.288,0.41,0.277,0.473,10,0.096,1,0.59
full3,balanced,long,stock,10,20,P1,91,0.5,0.65,0.499,0.503,10,0.082,0,0.586
full3,balanced,long,stock,10,20,P2,82,0.053,0.04,0.032,0.439,10.0,0.111,1,0.594
full3,balanced,long,stock,10,20,2023,40,-0.533,-0.93,-0.548,0.471,10.0,0.087,0,0.582
full3,balanced,long,stock,10,20,2024,51,1.311,1.04,1.32,0.529,10,0.078,0,0.59
full3,balanced,long,stock,10,20,2025,50,-0.459,-0.32,-0.481,0.432,10.0,0.124,1,0.592
full3,balanced,long,stock,10,20,2026,32,0.854,0.4,0.833,0.451,10.0,0.091,0,0.597
full3,balanced,long,stock,10,63,ALL,165,1.707,1.08,1.692,0.444,10,0.099,1,0.582
full3,balanced,long,stock,10,63,P1,91,1.77,1.48,1.782,0.464,10,0.082,0,0.586
full3,balanced,long,stock,10,63,P2,74,1.629,0.52,1.58,0.42,10.0,0.119,1,0.577
full3,balanced,long,stock,10,63,2023,40,0.969,0.81,0.962,0.466,10.0,0.087,0,0.582
full3,balanced,long,stock,10,63,2024,51,2.399,1.44,2.426,0.462,10,0.078,0,0.59
full3,balanced,long,stock,10,63,2025,50,3.092,0.81,3.017,0.445,10.0,0.124,1,0.592
full3,balanced,long,stock,10,63,2026,24,-1.419,-0.27,-1.413,0.368,10.0,0.108,0,0.543
full3,balanced,long,stock,20,5,ALL,176,-0.012,-0.06,0.004,0.479,20.0,0.119,3,0.559
full3,balanced,long,stock,20,5,P1,91,-0.083,-0.38,-0.073,0.466,20,0.084,1,0.537
full3,balanced,long,stock,20,5,P2,85,0.064,0.18,0.086,0.493,20,0.155,2,0.581
full3,balanced,long,stock,20,5,2023,40,-0.27,-0.91,-0.246,0.455,20.0,0.081,1,0.537
full3,balanced,long,stock,20,5,2024,51,0.064,0.21,0.063,0.475,20,0.087,0,0.535
full3,balanced,long,stock,20,5,2025,50,-0.024,-0.06,0.02,0.483,20.0,0.177,2,0.584
full3,balanced,long,stock,20,5,2026,35,0.189,0.28,0.18,0.507,20,0.124,0,0.581
full3,balanced,long,stock,20,20,ALL,173,0.17,0.3,0.16,0.471,20,0.12,3,0.559
full3,balanced,long,stock,20,20,P1,91,0.125,0.19,0.127,0.482,20,0.084,1,0.537
full3,balanced,long,stock,20,20,P2,82,0.22,0.24,0.197,0.459,20.0,0.16,2,0.583
full3,balanced,long,stock,20,20,2023,40,-1.13,-2.81,-1.129,0.439,20.0,0.081,1,0.537
full3,balanced,long,stock,20,20,2024,51,1.109,1.06,1.112,0.516,20,0.087,0,0.535
full3,balanced,long,stock,20,20,2025,50,-0.032,-0.03,-0.064,0.453,20.0,0.177,2,0.584
full3,balanced,long,stock,20,20,2026,32,0.614,0.4,0.606,0.468,20.0,0.133,0,0.587
full3,balanced,long,stock,20,63,ALL,165,1.479,0.98,1.431,0.45,20,0.124,3,0.555
full3,balanced,long,stock,20,63,P1,91,0.962,0.86,0.965,0.459,20,0.084,1,0.537
full3,balanced,long,stock,20,63,P2,74,2.115,0.71,2.004,0.438,20.0,0.172,2,0.575
full3,balanced,long,stock,20,63,2023,40,0.023,0.02,0.023,0.445,20.0,0.081,1,0.537
full3,balanced,long,stock,20,63,2024,51,1.699,1.3,1.704,0.47,20,0.087,0,0.535
full3,balanced,long,stock,20,63,2025,50,4.091,1.15,3.92,0.467,20.0,0.177,2,0.584
full3,balanced,long,stock,20,63,2026,24,-2.002,-0.42,-1.987,0.378,20.0,0.163,0,0.563
full3,balanced,mid,mixed,10,5,ALL,176,-0.061,-0.27,-0.059,0.457,10.0,0.086,0,0.642
full3,balanced,mid,mixed,10,5,P1,91,-0.103,-0.4,-0.101,0.44,10,0.076,0,0.633
full3,balanced,mid,mixed,10,5,P2,85,-0.017,-0.04,-0.015,0.475,10,0.096,0,0.651
full3,balanced,mid,mixed,10,5,2023,40,-0.22,-0.7,-0.218,0.434,10.0,0.076,0,0.636
full3,balanced,mid,mixed,10,5,2024,51,-0.011,-0.03,-0.008,0.444,10,0.075,0,0.63
full3,balanced,mid,mixed,10,5,2025,50,-0.106,-0.25,-0.093,0.478,10.0,0.117,0,0.653
full3,balanced,mid,mixed,10,5,2026,35,0.11,0.16,0.097,0.472,10,0.066,0,0.65
full3,balanced,mid,mixed,10,20,ALL,173,-0.414,-0.65,-0.415,0.405,10,0.087,0,0.642
full3,balanced,mid,mixed,10,20,P1,91,-0.117,-0.17,-0.116,0.41,10,0.076,0,0.633
full3,balanced,mid,mixed,10,20,P2,82,-0.744,-0.65,-0.747,0.4,10.0,0.099,0,0.651
full3,balanced,mid,mixed,10,20,2023,40,-0.591,-1.41,-0.595,0.448,10.0,0.076,0,0.636
full3,balanced,mid,mixed,10,20,2024,51,0.255,0.22,0.261,0.38,10,0.075,0,0.63
full3,balanced,mid,mixed,10,20,2025,50,-1.25,-0.94,-1.252,0.375,10.0,0.117,0,0.653
full3,balanced,mid,mixed,10,20,2026,32,0.047,0.02,0.04,0.439,10.0,0.072,0,0.648
full3,balanced,mid,mixed,10,63,ALL,165,-0.638,-0.41,-0.645,0.362,10,0.09,0,0.635
full3,balanced,mid,mixed,10,63,P1,91,-0.807,-0.89,-0.804,0.352,10,0.076,0,0.633
full3,balanced,mid,mixed,10,63,P2,74,-0.43,-0.13,-0.449,0.375,10.0,0.107,0,0.636
full3,balanced,mid,mixed,10,63,2023,40,-1.472,-1.74,-1.495,0.383,10.0,0.076,0,0.636
full3,balanced,mid,mixed,10,63,2024,51,-0.285,-0.2,-0.262,0.327,10,0.075,0,0.63
full3,balanced,mid,mixed,10,63,2025,50,1.846,0.45,1.835,0.414,10.0,0.117,0,0.653
full3,balanced,mid,mixed,10,63,2026,24,-5.171,-1.26,-5.206,0.292,10.0,0.087,0,0.6
full3,balanced,mid,mixed,20,5,ALL,176,0.044,0.23,0.05,0.472,20.0,0.114,2,0.597
full3,balanced,mid,mixed,20,5,P1,91,-0.171,-0.84,-0.158,0.444,20,0.084,2,0.581
full3,balanced,mid,mixed,20,5,P2,85,0.275,0.85,0.272,0.503,20,0.146,0,0.614
full3,balanced,mid,mixed,20,5,2023,40,-0.324,-1.23,-0.294,0.441,20.0,0.08,2,0.575
full3,balanced,mid,mixed,20,5,2024,51,-0.051,-0.17,-0.051,0.446,20,0.088,0,0.583
full3,balanced,mid,mixed,20,5,2025,50,0.239,0.76,0.24,0.497,20.0,0.177,0,0.617
full3,balanced,mid,mixed,20,5,2026,35,0.326,0.51,0.318,0.51,20,0.101,0,0.613
full3,balanced,mid,mixed,20,20,ALL,173,-0.115,-0.21,-0.114,0.426,20,0.116,2,0.596
full3,balanced,mid,mixed,20,20,P1,91,-0.419,-0.71,-0.42,0.405,20,0.084,2,0.581
full3,balanced,mid,mixed,20,20,P2,82,0.223,0.25,0.225,0.449,20.0,0.15,0,0.613
full3,balanced,mid,mixed,20,20,2023,40,-1.039,-3.22,-1.045,0.421,20.0,0.08,2,0.575
full3,balanced,mid,mixed,20,20,2024,51,0.067,0.07,0.07,0.392,20,0.088,0,0.583
full3,balanced,mid,mixed,20,20,2025,50,0.091,0.08,0.097,0.44,20.0,0.177,0,0.617
full3,balanced,mid,mixed,20,20,2026,32,0.43,0.28,0.426,0.465,20.0,0.109,0,0.611
full3,balanced,mid,mixed,20,63,ALL,165,-0.133,-0.09,-0.122,0.386,20,0.12,2,0.592
full3,balanced,mid,mixed,20,63,P1,91,-1.256,-1.68,-1.246,0.362,20,0.084,2,0.581
full3,balanced,mid,mixed,20,63,P2,74,1.248,0.41,1.26,0.415,20.0,0.164,0,0.605
full3,balanced,mid,mixed,20,63,2023,40,-1.571,-2.38,-1.558,0.391,20.0,0.08,2,0.575
full3,balanced,mid,mixed,20,63,2024,51,-1.008,-0.85,-1.002,0.34,20,0.088,0,0.583
full3,balanced,mid,mixed,20,63,2025,50,3.328,0.87,3.35,0.451,20.0,0.177,0,0.617
full3,balanced,mid,mixed,20,63,2026,24,-3.086,-0.77,-3.094,0.338,20.0,0.139,0,0.587
full3,balanced,mid,stock,10,5,ALL,176,0.057,0.23,0.064,0.474,10.0,0.094,1,0.621
full3,balanced,mid,stock,10,5,P1,91,-0.012,-0.04,-0.009,0.458,10,0.079,0,0.619
full3,balanced,mid,stock,10,5,P2,85,0.13,0.32,0.141,0.491,10,0.11,1,0.623
full3,balanced,mid,stock,10,5,2023,40,-0.222,-0.61,-0.219,0.444,10.0,0.08,0,0.603
full3,balanced,mid,stock,10,5,2024,51,0.153,0.38,0.156,0.47,10,0.078,0,0.632
full3,balanced,mid,stock,10,5,2025,50,0.093,0.21,0.127,0.496,10.0,0.134,1,0.622
full3,balanced,mid,stock,10,5,2026,35,0.182,0.24,0.161,0.483,10,0.077,0,0.624
full3,balanced,mid,stock,10,20,ALL,173,0.053,0.07,0.048,0.465,10,0.096,1,0.62
full3,balanced,mid,stock,10,20,P1,91,0.538,0.68,0.537,0.5,10,0.079,0,0.619
full3,balanced,mid,stock,10,20,P2,82,-0.485,-0.39,-0.495,0.427,10.0,0.114,1,0.621
full3,balanced,mid,stock,10,20,2023,40,-0.416,-0.79,-0.427,0.479,10.0,0.08,0,0.603
full3,balanced,mid,stock,10,20,2024,51,1.286,0.98,1.293,0.517,10,0.078,0,0.632
full3,balanced,mid,stock,10,20,2025,50,-0.917,-0.63,-0.92,0.409,10.0,0.134,1,0.622
full3,balanced,mid,stock,10,20,2026,32,0.188,0.09,0.17,0.454,10.0,0.084,0,0.619
full3,balanced,mid,stock,10,63,ALL,165,1.356,0.79,1.335,0.45,10,0.099,1,0.612
full3,balanced,mid,stock,10,63,P1,91,1.815,1.55,1.826,0.467,10,0.079,0,0.619
full3,balanced,mid,stock,10,63,P2,74,0.792,0.23,0.731,0.429,10.0,0.124,1,0.601
full3,balanced,mid,stock,10,63,2023,40,0.409,0.49,0.399,0.466,10.0,0.08,0,0.603
full3,balanced,mid,stock,10,63,2024,51,2.918,1.71,2.945,0.468,10,0.078,0,0.632
full3,balanced,mid,stock,10,63,2025,50,3.345,0.78,3.269,0.462,10.0,0.134,1,0.622
full3,balanced,mid,stock,10,63,2026,24,-4.527,-1.05,-4.558,0.36,10.0,0.104,0,0.557
full3,balanced,mid,stock,20,5,ALL,176,0.065,0.33,0.086,0.489,20.0,0.118,4,0.582
full3,balanced,mid,stock,20,5,P1,91,-0.101,-0.49,-0.085,0.47,20,0.089,2,0.57
full3,balanced,mid,stock,20,5,P2,85,0.243,0.71,0.27,0.509,20,0.149,2,0.593
full3,balanced,mid,stock,20,5,2023,40,-0.262,-0.93,-0.225,0.456,20.0,0.085,2,0.559
full3,balanced,mid,stock,20,5,2024,51,0.025,0.08,0.025,0.481,20,0.092,0,0.577
full3,balanced,mid,stock,20,5,2025,50,0.181,0.51,0.233,0.503,20.0,0.175,2,0.596
full3,balanced,mid,stock,20,5,2026,35,0.331,0.5,0.323,0.516,20,0.113,0,0.594
full3,balanced,mid,stock,20,20,ALL,173,0.1,0.18,0.104,0.469,20,0.12,4,0.583
full3,balanced,mid,stock,20,20,P1,91,-0.014,-0.02,-0.01,0.477,20,0.089,2,0.57
full3,balanced,mid,stock,20,20,P2,82,0.227,0.24,0.23,0.461,20.0,0.154,2,0.596
full3,balanced,mid,stock,20,20,2023,40,-1.051,-3.06,-1.044,0.435,20.0,0.085,2,0.559
full3,balanced,mid,stock,20,20,2024,51,0.798,0.78,0.801,0.509,20,0.092,0,0.577
full3,balanced,mid,stock,20,20,2025,50,0.176,0.15,0.188,0.46,20.0,0.175,2,0.596
full3,balanced,mid,stock,20,20,2026,32,0.306,0.2,0.295,0.463,20.0,0.122,0,0.602
full3,balanced,mid,stock,20,63,ALL,165,1.427,0.89,1.39,0.446,20,0.125,4,0.579
full3,balanced,mid,stock,20,63,P1,91,0.672,0.64,0.695,0.449,20,0.089,2,0.57
full3,balanced,mid,stock,20,63,P2,74,2.355,0.73,2.244,0.442,20.0,0.169,2,0.589
full3,balanced,mid,stock,20,63,2023,40,-0.483,-0.41,-0.439,0.431,20.0,0.085,2,0.559
full3,balanced,mid,stock,20,63,2024,51,1.578,1.22,1.584,0.462,20,0.092,0,0.577
full3,balanced,mid,stock,20,63,2025,50,4.752,1.2,4.581,0.482,20.0,0.175,2,0.596
full3,balanced,mid,stock,20,63,2026,24,-2.637,-0.6,-2.625,0.359,20.0,0.156,0,0.58
full3,balanced,short,mixed,10,5,ALL,176,-0.021,-0.09,-0.021,0.473,10.0,0.067,0,0.667
full3,balanced,short,mixed,10,5,P1,91,0.095,0.36,0.095,0.45,10,0.07,0,0.647
full3,balanced,short,mixed,10,5,P2,85,-0.144,-0.41,-0.144,0.499,10,0.064,0,0.688
full3,balanced,short,mixed,10,5,2023,40,0.17,0.44,0.175,0.462,10.0,0.052,0,0.636
full3,balanced,short,mixed,10,5,2024,51,0.035,0.1,0.033,0.44,10,0.085,0,0.652
full3,balanced,short,mixed,10,5,2025,50,-0.005,-0.01,-0.005,0.508,10.0,0.076,0,0.676
full3,balanced,short,mixed,10,5,2026,35,-0.343,-0.57,-0.343,0.486,10,0.048,0,0.709
full3,balanced,short,mixed,10,20,ALL,173,-0.766,-1.37,-0.769,0.409,10,0.068,0,0.665
full3,balanced,short,mixed,10,20,P1,91,-0.301,-0.5,-0.306,0.401,10,0.07,0,0.647
full3,balanced,short,mixed,10,20,P2,82,-1.282,-1.34,-1.282,0.418,10.0,0.067,0,0.685
full3,balanced,short,mixed,10,20,2023,40,-0.087,-0.15,-0.094,0.456,10.0,0.052,0,0.636
full3,balanced,short,mixed,10,20,2024,51,-0.469,-0.48,-0.473,0.358,10,0.085,0,0.652
full3,balanced,short,mixed,10,20,2025,50,-1.238,-0.93,-1.238,0.4,10.0,0.076,0,0.676
full3,balanced,short,mixed,10,20,2026,32,-1.351,-1.04,-1.351,0.447,10.0,0.052,0,0.703
full3,balanced,short,mixed,10,63,ALL,165,-1.321,-0.79,-1.328,0.345,10,0.071,0,0.66
full3,balanced,short,mixed,10,63,P1,91,-1.548,-1.75,-1.56,0.318,10,0.07,0,0.647
full3,balanced,short,mixed,10,63,P2,74,-1.042,-0.29,-1.042,0.377,10.0,0.073,0,0.675
full3,balanced,short,mixed,10,63,2023,40,-1.888,-2.91,-1.912,0.351,10.0,0.052,0,0.636
full3,balanced,short,mixed,10,63,2024,51,-1.282,-0.86,-1.285,0.293,10,0.085,0,0.652
full3,balanced,short,mixed,10,63,2025,50,1.949,0.43,1.949,0.424,10.0,0.076,0,0.676
full3,balanced,short,mixed,10,63,2026,24,-7.272,-3.26,-7.272,0.279,10.0,0.066,0,0.678
full3,balanced,short,mixed,20,5,ALL,176,-0.09,-0.51,-0.084,0.462,20.0,0.099,5,0.631
full3,balanced,short,mixed,20,5,P1,91,-0.104,-0.53,-0.091,0.441,20,0.085,3,0.624
full3,balanced,short,mixed,20,5,P2,85,-0.075,-0.25,-0.077,0.484,20,0.113,2,0.638
full3,balanced,short,mixed,20,5,2023,40,0.001,0.0,0.033,0.459,20.0,0.072,2,0.592
full3,balanced,short,mixed,20,5,2024,51,-0.187,-0.66,-0.188,0.427,20,0.095,1,0.645
full3,balanced,short,mixed,20,5,2025,50,0.059,0.16,0.055,0.485,20.0,0.137,2,0.632
full3,balanced,short,mixed,20,5,2026,35,-0.267,-0.52,-0.267,0.483,20,0.08,0,0.65
full3,balanced,short,mixed,20,20,ALL,173,-0.466,-1.0,-0.47,0.411,20,0.1,5,0.63
full3,balanced,short,mixed,20,20,P1,91,-0.428,-0.78,-0.434,0.395,20,0.085,3,0.624
full3,balanced,short,mixed,20,20,P2,82,-0.508,-0.65,-0.511,0.429,20.0,0.117,2,0.636
full3,balanced,short,mixed,20,20,2023,40,-0.309,-0.69,-0.325,0.435,20.0,0.072,2,0.592
full3,balanced,short,mixed,20,20,2024,51,-0.521,-0.58,-0.519,0.364,20,0.095,1,0.645
full3,balanced,short,mixed,20,20,2025,50,-0.28,-0.26,-0.285,0.429,20.0,0.137,2,0.632
full3,balanced,short,mixed,20,20,2026,32,-0.863,-0.84,-0.863,0.428,20.0,0.086,0,0.645
full3,balanced,short,mixed,20,63,ALL,165,-0.902,-0.57,-0.917,0.363,20,0.104,5,0.627
full3,balanced,short,mixed,20,63,P1,91,-1.829,-2.84,-1.829,0.333,20,0.085,3,0.624
full3,balanced,short,mixed,20,63,P2,74,0.237,0.07,0.205,0.401,20.0,0.127,2,0.631
full3,balanced,short,mixed,20,63,2023,40,-1.639,-4.17,-1.627,0.361,20.0,0.072,2,0.592
full3,balanced,short,mixed,20,63,2024,51,-1.978,-1.76,-1.988,0.31,20,0.095,1,0.645
full3,balanced,short,mixed,20,63,2025,50,3.432,0.84,3.384,0.447,20.0,0.137,2,0.632
full3,balanced,short,mixed,20,63,2026,24,-6.418,-3.04,-6.418,0.304,20.0,0.107,0,0.633
full3,balanced,short,stock,10,5,ALL,176,0.108,0.47,0.116,0.498,10.0,0.08,1,0.661
full3,balanced,short,stock,10,5,P1,91,0.276,1.02,0.277,0.485,10,0.079,0,0.652
full3,balanced,short,stock,10,5,P2,85,-0.073,-0.19,-0.056,0.512,10,0.082,1,0.669
full3,balanced,short,stock,10,5,2023,40,0.301,0.72,0.304,0.487,10.0,0.062,0,0.633
full3,balanced,short,stock,10,5,2024,51,0.258,0.72,0.256,0.483,10,0.092,0,0.662
full3,balanced,short,stock,10,5,2025,50,0.013,0.03,0.041,0.525,10.0,0.105,1,0.659
full3,balanced,short,stock,10,5,2026,35,-0.195,-0.31,-0.195,0.494,10,0.049,0,0.688
full3,balanced,short,stock,10,20,ALL,173,-0.392,-0.64,-0.394,0.461,10,0.082,1,0.66
full3,balanced,short,stock,10,20,P1,91,0.251,0.37,0.253,0.481,10,0.079,0,0.652
full3,balanced,short,stock,10,20,P2,82,-1.105,-1.08,-1.111,0.438,10.0,0.085,1,0.668
full3,balanced,short,stock,10,20,2023,40,0.246,0.32,0.25,0.479,10.0,0.062,0,0.633
full3,balanced,short,stock,10,20,2024,51,0.255,0.25,0.256,0.483,10,0.092,0,0.662
full3,balanced,short,stock,10,20,2025,50,-1.038,-0.74,-1.048,0.433,10.0,0.105,1,0.659
full3,balanced,short,stock,10,20,2026,32,-1.209,-0.85,-1.209,0.447,10.0,0.053,0,0.687
full3,balanced,short,stock,10,63,ALL,165,0.117,0.07,0.087,0.408,10,0.085,1,0.655
full3,balanced,short,stock,10,63,P1,91,0.134,0.14,0.137,0.404,10,0.079,0,0.652
full3,balanced,short,stock,10,63,P2,74,0.097,0.03,0.026,0.413,10.0,0.092,1,0.658
full3,balanced,short,stock,10,63,2023,40,-0.447,-0.53,-0.441,0.406,10.0,0.062,0,0.633
full3,balanced,short,stock,10,63,2024,51,0.59,0.41,0.59,0.403,10,0.092,0,0.662
full3,balanced,short,stock,10,63,2025,50,3.174,0.67,3.069,0.461,10.0,0.105,1,0.659
full3,balanced,short,stock,10,63,2026,24,-6.314,-2.66,-6.314,0.312,10.0,0.067,0,0.661
full3,balanced,short,stock,20,5,ALL,176,-0.108,-0.59,-0.086,0.477,20.0,0.104,5,0.613
full3,balanced,short,stock,20,5,P1,91,-0.15,-0.76,-0.134,0.462,20,0.091,3,0.605
full3,balanced,short,stock,20,5,P2,85,-0.063,-0.2,-0.035,0.492,20,0.119,2,0.621
full3,balanced,short,stock,20,5,2023,40,-0.062,-0.21,-0.024,0.468,20.0,0.089,2,0.568
full3,balanced,short,stock,20,5,2024,51,-0.22,-0.83,-0.221,0.458,20,0.091,1,0.633
full3,balanced,short,stock,20,5,2025,50,0.039,0.11,0.092,0.492,20.0,0.144,2,0.611
full3,balanced,short,stock,20,5,2026,35,-0.207,-0.38,-0.216,0.493,20,0.083,0,0.637
full3,balanced,short,stock,20,20,ALL,173,-0.438,-0.89,-0.443,0.449,20,0.106,5,0.612
full3,balanced,short,stock,20,20,P1,91,-0.255,-0.46,-0.259,0.46,20,0.091,3,0.605
full3,balanced,short,stock,20,20,P2,82,-0.642,-0.77,-0.648,0.436,20.0,0.123,2,0.62
full3,balanced,short,stock,20,20,2023,40,-0.394,-0.73,-0.407,0.459,20.0,0.089,2,0.568
full3,balanced,short,stock,20,20,2024,51,-0.145,-0.16,-0.142,0.461,20,0.091,1,0.633
full3,balanced,short,stock,20,20,2025,50,-0.402,-0.34,-0.409,0.444,20.0,0.144,2,0.611
full3,balanced,short,stock,20,20,2026,32,-1.016,-0.96,-1.022,0.424,20.0,0.089,0,0.635
full3,balanced,short,stock,20,63,ALL,165,-0.077,-0.05,-0.126,0.411,20,0.11,5,0.61
full3,balanced,short,stock,20,63,P1,91,-0.697,-1.07,-0.687,0.406,20,0.091,3,0.605
full3,balanced,short,stock,20,63,P2,74,0.686,0.19,0.564,0.418,20.0,0.134,2,0.616
full3,balanced,short,stock,20,63,2023,40,-0.862,-1.75,-0.824,0.403,20.0,0.089,2,0.568
full3,balanced,short,stock,20,63,2024,51,-0.569,-0.55,-0.579,0.407,20,0.091,1,0.633
full3,balanced,short,stock,20,63,2025,50,4.122,0.95,3.944,0.463,20.0,0.144,2,0.611
full3,balanced,short,stock,20,63,2026,24,-6.472,-2.76,-6.478,0.324,20.0,0.113,0,0.628
full3,conservative,long,mixed,10,5,ALL,176,-0.264,-2.1,-0.221,0.446,10.0,0.087,1,0.783
full3,conservative,long,mixed,10,5,P1,91,-0.373,-2.52,-0.373,0.436,10,0.058,0,0.766
full3,conservative,long,mixed,10,5,P2,85,-0.147,-0.71,-0.058,0.456,10,0.118,1,0.804
full3,conservative,long,mixed,10,5,2023,40,-0.429,-2.06,-0.429,0.432,10.0,0.041,0,0.746
full3,conservative,long,mixed,10,5,2024,51,-0.328,-1.59,-0.328,0.439,10,0.071,0,0.778
full3,conservative,long,mixed,10,5,2025,50,-0.376,-1.37,-0.224,0.44,10.0,0.121,1,0.79
full3,conservative,long,mixed,10,5,2026,35,0.18,0.6,0.18,0.48,10,0.113,0,0.821
full3,conservative,long,mixed,10,20,ALL,173,-0.937,-2.64,-0.85,0.412,10,0.088,1,0.783
full3,conservative,long,mixed,10,20,P1,91,-0.91,-2.21,-0.91,0.405,10,0.058,0,0.766
full3,conservative,long,mixed,10,20,P2,82,-0.967,-1.63,-0.784,0.42,10.0,0.121,1,0.804
full3,conservative,long,mixed,10,20,2023,40,-1.206,-2.34,-1.206,0.378,10.0,0.041,0,0.746
full3,conservative,long,mixed,10,20,2024,51,-0.677,-1.11,-0.677,0.427,10,0.071,0,0.778
full3,conservative,long,mixed,10,20,2025,50,-1.018,-1.35,-0.718,0.408,10.0,0.121,1,0.79
full3,conservative,long,mixed,10,20,2026,32,-0.887,-0.94,-0.887,0.438,10.0,0.12,0,0.823
full3,conservative,long,mixed,10,63,ALL,165,-2.965,-2.9,-2.979,0.358,10,0.086,1,0.779
full3,conservative,long,mixed,10,63,P1,91,-2.81,-3.45,-2.81,0.354,10,0.058,0,0.766
full3,conservative,long,mixed,10,63,P2,74,-3.155,-1.56,-3.187,0.362,10.0,0.122,1,0.797
full3,conservative,long,mixed,10,63,2023,40,-3.576,-4.51,-3.576,0.305,10.0,0.041,0,0.746
full3,conservative,long,mixed,10,63,2024,51,-2.209,-1.75,-2.209,0.392,10,0.071,0,0.778
full3,conservative,long,mixed,10,63,2025,50,-2.13,-0.81,-2.177,0.39,10.0,0.121,1,0.79
full3,conservative,long,mixed,10,63,2026,24,-5.291,-2.62,-5.291,0.304,10.0,0.123,0,0.809
full3,conservative,long,mixed,20,5,ALL,176,-0.273,-2.41,-0.235,0.449,20.0,0.097,18,0.77
full3,conservative,long,mixed,20,5,P1,91,-0.269,-1.93,-0.276,0.45,20,0.071,9,0.76
full3,conservative,long,mixed,20,5,P2,85,-0.278,-1.53,-0.19,0.448,20,0.126,9,0.782
full3,conservative,long,mixed,20,5,2023,40,-0.442,-2.38,-0.459,0.435,20.0,0.065,7,0.761
full3,conservative,long,mixed,20,5,2024,51,-0.133,-0.67,-0.133,0.462,20,0.076,2,0.758
full3,conservative,long,mixed,20,5,2025,50,-0.368,-1.57,-0.214,0.438,20.0,0.137,6,0.785
full3,conservative,long,mixed,20,5,2026,35,-0.149,-0.52,-0.156,0.461,20,0.109,3,0.774
full3,conservative,long,mixed,20,20,ALL,173,-1.032,-3.11,-0.987,0.406,20,0.099,18,0.771
full3,conservative,long,mixed,20,20,P1,91,-0.958,-2.34,-0.997,0.403,20,0.071,9,0.76
full3,conservative,long,mixed,20,20,P2,82,-1.114,-2.09,-0.975,0.409,20.0,0.13,9,0.783
full3,conservative,long,mixed,20,20,2023,40,-1.184,-2.4,-1.266,0.388,20.0,0.065,7,0.761
full3,conservative,long,mixed,20,20,2024,51,-0.781,-1.26,-0.786,0.414,20,0.076,2,0.758
full3,conservative,long,mixed,20,20,2025,50,-1.177,-1.66,-0.894,0.399,20.0,0.137,6,0.785
full3,conservative,long,mixed,20,20,2026,32,-1.015,-1.31,-1.102,0.424,20.0,0.118,3,0.777
full3,conservative,long,mixed,20,63,ALL,165,-3.237,-3.53,-3.341,0.357,20,0.1,18,0.768
full3,conservative,long,mixed,20,63,P1,91,-3.131,-3.94,-3.171,0.357,20,0.071,9,0.76
full3,conservative,long,mixed,20,63,P2,74,-3.367,-1.9,-3.55,0.356,20.0,0.135,9,0.779
full3,conservative,long,mixed,20,63,2023,40,-3.808,-5.05,-3.898,0.32,20.0,0.065,7,0.761
full3,conservative,long,mixed,20,63,2024,51,-2.601,-2.08,-2.601,0.386,20,0.076,2,0.758
full3,conservative,long,mixed,20,63,2025,50,-2.503,-1.08,-2.65,0.38,20.0,0.137,6,0.785
full3,conservative,long,mixed,20,63,2026,24,-5.167,-2.82,-5.426,0.308,20.0,0.13,3,0.762
full3,conservative,long,stock,10,5,ALL,176,-0.257,-2.01,-0.207,0.454,10.0,0.091,2,0.788
full3,conservative,long,stock,10,5,P1,91,-0.374,-2.45,-0.374,0.448,10,0.066,0,0.768
full3,conservative,long,stock,10,5,P2,85,-0.133,-0.64,-0.029,0.461,10,0.118,2,0.811
full3,conservative,long,stock,10,5,2023,40,-0.44,-1.94,-0.44,0.438,10.0,0.055,0,0.754
full3,conservative,long,stock,10,5,2024,51,-0.322,-1.56,-0.322,0.457,10,0.075,0,0.778
full3,conservative,long,stock,10,5,2025,50,-0.378,-1.33,-0.201,0.443,10.0,0.123,2,0.796
full3,conservative,long,stock,10,5,2026,35,0.217,0.75,0.217,0.486,10,0.111,0,0.829
full3,conservative,long,stock,10,20,ALL,173,-0.814,-2.29,-0.726,0.432,10,0.092,2,0.788
full3,conservative,long,stock,10,20,P1,91,-0.837,-1.95,-0.837,0.431,10,0.066,0,0.768
full3,conservative,long,stock,10,20,P2,82,-0.789,-1.36,-0.603,0.434,10.0,0.121,2,0.811
full3,conservative,long,stock,10,20,2023,40,-1.155,-1.98,-1.155,0.385,10.0,0.055,0,0.754
full3,conservative,long,stock,10,20,2024,51,-0.588,-0.96,-0.588,0.467,10,0.075,0,0.778
full3,conservative,long,stock,10,20,2025,50,-0.776,-1.05,-0.473,0.425,10.0,0.123,2,0.796
full3,conservative,long,stock,10,20,2026,32,-0.808,-0.88,-0.808,0.447,10.0,0.119,0,0.832
full3,conservative,long,stock,10,63,ALL,165,-2.583,-2.58,-2.634,0.38,10,0.091,2,0.784
full3,conservative,long,stock,10,63,P1,91,-2.468,-3.16,-2.468,0.381,10,0.066,0,0.768
full3,conservative,long,stock,10,63,P2,74,-2.726,-1.36,-2.839,0.378,10.0,0.122,2,0.805
full3,conservative,long,stock,10,63,2023,40,-3.137,-3.91,-3.137,0.33,10.0,0.055,0,0.754
full3,conservative,long,stock,10,63,2024,51,-1.943,-1.61,-1.943,0.422,10,0.075,0,0.778
full3,conservative,long,stock,10,63,2025,50,-1.627,-0.63,-1.794,0.405,10.0,0.123,2,0.796
full3,conservative,long,stock,10,63,2026,24,-5.015,-2.45,-5.015,0.321,10.0,0.121,0,0.822
full3,conservative,long,stock,20,5,ALL,176,-0.233,-2.07,-0.185,0.46,20.0,0.1,23,0.771
full3,conservative,long,stock,20,5,P1,91,-0.2,-1.47,-0.21,0.467,20,0.074,14,0.764
full3,conservative,long,stock,20,5,P2,85,-0.268,-1.48,-0.157,0.452,20,0.127,9,0.78
full3,conservative,long,stock,20,5,2023,40,-0.409,-2.26,-0.442,0.449,20.0,0.071,11,0.776
full3,conservative,long,stock,20,5,2024,51,-0.037,-0.19,-0.029,0.481,20,0.077,3,0.752
full3,conservative,long,stock,20,5,2025,50,-0.348,-1.49,-0.149,0.443,20.0,0.138,6,0.781
full3,conservative,long,stock,20,5,2026,35,-0.155,-0.54,-0.169,0.464,20,0.112,3,0.775
full3,conservative,long,stock,20,20,ALL,173,-0.904,-2.76,-0.863,0.428,20,0.101,23,0.771
full3,conservative,long,stock,20,20,P1,91,-0.729,-1.84,-0.779,0.439,20,0.074,14,0.764
full3,conservative,long,stock,20,20,P2,82,-1.097,-2.08,-0.956,0.415,20.0,0.131,9,0.781
full3,conservative,long,stock,20,20,2023,40,-0.951,-2.18,-1.059,0.416,20.0,0.071,11,0.776
full3,conservative,long,stock,20,20,2024,51,-0.556,-0.9,-0.559,0.456,20,0.077,3,0.752
full3,conservative,long,stock,20,20,2025,50,-1.141,-1.62,-0.827,0.408,20.0,0.138,6,0.781
full3,conservative,long,stock,20,20,2026,32,-1.028,-1.34,-1.158,0.428,20.0,0.121,3,0.777
full3,conservative,long,stock,20,63,ALL,165,-2.799,-3.2,-2.938,0.38,20,0.102,23,0.769
full3,conservative,long,stock,20,63,P1,91,-2.439,-3.3,-2.47,0.392,20,0.074,14,0.764
full3,conservative,long,stock,20,63,P2,74,-3.242,-1.91,-3.513,0.366,20.0,0.137,9,0.777
full3,conservative,long,stock,20,63,2023,40,-2.945,-5.87,-3.019,0.357,20.0,0.071,11,0.776
full3,conservative,long,stock,20,63,2024,51,-2.042,-1.67,-2.04,0.419,20,0.077,3,0.752
full3,conservative,long,stock,20,63,2025,50,-2.299,-1.06,-2.529,0.392,20.0,0.138,6,0.781
full3,conservative,long,stock,20,63,2026,24,-5.208,-2.86,-5.562,0.313,20.0,0.134,3,0.763
full3,conservative,mid,mixed,10,5,ALL,176,-0.29,-2.35,-0.265,0.446,10.0,0.085,2,0.789
full3,conservative,mid,mixed,10,5,P1,91,-0.404,-2.69,-0.404,0.436,10,0.058,0,0.768
full3,conservative,mid,mixed,10,5,P2,85,-0.168,-0.85,-0.116,0.456,10,0.115,2,0.813
full3,conservative,mid,mixed,10,5,2023,40,-0.451,-2.16,-0.451,0.432,10.0,0.041,0,0.746
full3,conservative,mid,mixed,10,5,2024,51,-0.366,-1.73,-0.366,0.439,10,0.07,0,0.782
full3,conservative,mid,mixed,10,5,2025,50,-0.418,-1.63,-0.33,0.437,10.0,0.122,2,0.806
full3,conservative,mid,mixed,10,5,2026,35,0.189,0.64,0.189,0.483,10,0.104,0,0.821
full3,conservative,mid,mixed,10,20,ALL,173,-0.992,-2.84,-0.909,0.41,10,0.086,2,0.789
full3,conservative,mid,mixed,10,20,P1,91,-0.945,-2.25,-0.945,0.401,10,0.058,0,0.768
full3,conservative,mid,mixed,10,20,P2,82,-1.043,-1.83,-0.869,0.419,10.0,0.118,2,0.814
full3,conservative,mid,mixed,10,20,2023,40,-1.203,-2.19,-1.203,0.367,10.0,0.041,0,0.746
full3,conservative,mid,mixed,10,20,2024,51,-0.742,-1.21,-0.742,0.427,10,0.07,0,0.782
full3,conservative,mid,mixed,10,20,2025,50,-1.069,-1.55,-0.784,0.405,10.0,0.122,2,0.806
full3,conservative,mid,mixed,10,20,2026,32,-1.003,-1.04,-1.003,0.441,10.0,0.111,0,0.823
full3,conservative,mid,mixed,10,63,ALL,165,-3.011,-2.97,-3.02,0.357,10,0.085,2,0.787
full3,conservative,mid,mixed,10,63,P1,91,-2.87,-3.45,-2.87,0.352,10,0.058,0,0.768
full3,conservative,mid,mixed,10,63,P2,74,-3.185,-1.6,-3.205,0.363,10.0,0.119,2,0.811
full3,conservative,mid,mixed,10,63,2023,40,-3.618,-4.22,-3.618,0.3,10.0,0.041,0,0.746
full3,conservative,mid,mixed,10,63,2024,51,-2.284,-1.8,-2.284,0.392,10,0.07,0,0.782
full3,conservative,mid,mixed,10,63,2025,50,-2.188,-0.85,-2.218,0.389,10.0,0.122,2,0.806
full3,conservative,mid,mixed,10,63,2026,24,-5.262,-2.54,-5.262,0.308,10.0,0.115,0,0.817
full3,conservative,mid,mixed,20,5,ALL,176,-0.294,-2.64,-0.288,0.447,20.0,0.094,32,0.769
full3,conservative,mid,mixed,20,5,P1,91,-0.31,-2.26,-0.337,0.443,20,0.067,19,0.759
full3,conservative,mid,mixed,20,5,P2,85,-0.277,-1.56,-0.235,0.45,20,0.123,13,0.78
full3,conservative,mid,mixed,20,5,2023,40,-0.481,-2.61,-0.53,0.428,20.0,0.062,15,0.758
full3,conservative,mid,mixed,20,5,2024,51,-0.177,-0.9,-0.185,0.455,20,0.071,4,0.759
full3,conservative,mid,mixed,20,5,2025,50,-0.383,-1.64,-0.306,0.442,20.0,0.133,9,0.778
full3,conservative,mid,mixed,20,5,2026,35,-0.127,-0.46,-0.134,0.462,20,0.109,4,0.781
full3,conservative,mid,mixed,20,20,ALL,173,-0.97,-2.99,-0.953,0.408,20,0.095,32,0.769
full3,conservative,mid,mixed,20,20,P1,91,-0.919,-2.36,-1.003,0.403,20,0.067,19,0.759
full3,conservative,mid,mixed,20,20,P2,82,-1.027,-1.93,-0.899,0.413,20.0,0.127,13,0.781
full3,conservative,mid,mixed,20,20,2023,40,-1.039,-2.14,-1.183,0.392,20.0,0.062,15,0.758
full3,conservative,mid,mixed,20,20,2024,51,-0.825,-1.41,-0.861,0.412,20,0.071,4,0.759
full3,conservative,mid,mixed,20,20,2025,50,-1.145,-1.62,-0.864,0.404,20.0,0.133,9,0.778
full3,conservative,mid,mixed,20,20,2026,32,-0.843,-1.09,-0.952,0.427,20.0,0.117,4,0.782
full3,conservative,mid,mixed,20,63,ALL,165,-3.173,-3.51,-3.357,0.353,20,0.096,32,0.768
full3,conservative,mid,mixed,20,63,P1,91,-3.041,-3.74,-3.196,0.352,20,0.067,19,0.759
full3,conservative,mid,mixed,20,63,P2,74,-3.336,-1.93,-3.555,0.354,20.0,0.133,13,0.779
full3,conservative,mid,mixed,20,63,2023,40,-3.702,-4.65,-3.99,0.31,20.0,0.062,15,0.758
full3,conservative,mid,mixed,20,63,2024,51,-2.522,-1.98,-2.573,0.385,20,0.071,4,0.759
full3,conservative,mid,mixed,20,63,2025,50,-2.607,-1.15,-2.765,0.377,20.0,0.133,9,0.778
full3,conservative,mid,mixed,20,63,2026,24,-4.855,-2.59,-5.203,0.306,20.0,0.131,4,0.776
full3,conservative,mid,stock,10,5,ALL,176,-0.281,-2.23,-0.247,0.456,10.0,0.087,5,0.792
full3,conservative,mid,stock,10,5,P1,91,-0.404,-2.66,-0.399,0.451,10,0.064,1,0.767
full3,conservative,mid,stock,10,5,P2,85,-0.15,-0.74,-0.083,0.46,10,0.112,4,0.82
full3,conservative,mid,stock,10,5,2023,40,-0.5,-2.2,-0.489,0.444,10.0,0.055,1,0.754
full3,conservative,mid,stock,10,5,2024,51,-0.33,-1.62,-0.33,0.457,10,0.071,0,0.776
full3,conservative,mid,stock,10,5,2025,50,-0.433,-1.56,-0.321,0.439,10.0,0.117,4,0.812
full3,conservative,mid,stock,10,5,2026,35,0.256,0.92,0.256,0.491,10,0.106,0,0.829
full3,conservative,mid,stock,10,20,ALL,173,-0.865,-2.48,-0.778,0.434,10,0.088,5,0.792
full3,conservative,mid,stock,10,20,P1,91,-0.824,-1.95,-0.814,0.436,10,0.064,1,0.767
full3,conservative,mid,stock,10,20,P2,82,-0.911,-1.61,-0.738,0.431,10.0,0.115,4,0.821
full3,conservative,mid,stock,10,20,2023,40,-1.101,-1.93,-1.079,0.394,10.0,0.055,1,0.754
full3,conservative,mid,stock,10,20,2024,51,-0.606,-1.0,-0.606,0.469,10,0.071,0,0.776
full3,conservative,mid,stock,10,20,2025,50,-1.014,-1.48,-0.731,0.417,10.0,0.117,4,0.812
full3,conservative,mid,stock,10,20,2026,32,-0.749,-0.78,-0.749,0.453,10.0,0.113,0,0.832
full3,conservative,mid,stock,10,63,ALL,165,-2.524,-2.63,-2.559,0.383,10,0.088,5,0.79
full3,conservative,mid,stock,10,63,P1,91,-2.366,-3.08,-2.341,0.387,10,0.064,1,0.767
full3,conservative,mid,stock,10,63,P2,74,-2.718,-1.42,-2.827,0.378,10.0,0.117,4,0.819
full3,conservative,mid,stock,10,63,2023,40,-2.936,-3.98,-2.879,0.338,10.0,0.055,1,0.754
full3,conservative,mid,stock,10,63,2024,51,-1.919,-1.58,-1.919,0.425,10,0.071,0,0.776
full3,conservative,mid,stock,10,63,2025,50,-1.719,-0.71,-1.881,0.401,10.0,0.117,4,0.812
full3,conservative,mid,stock,10,63,2026,24,-4.8,-2.23,-4.8,0.329,10.0,0.117,0,0.83
full3,conservative,mid,stock,20,5,ALL,176,-0.255,-2.27,-0.23,0.457,20.0,0.096,41,0.774
full3,conservative,mid,stock,20,5,P1,91,-0.246,-1.85,-0.269,0.461,20,0.072,24,0.763
full3,conservative,mid,stock,20,5,P2,85,-0.263,-1.43,-0.189,0.454,20,0.122,17,0.786
full3,conservative,mid,stock,20,5,2023,40,-0.441,-2.44,-0.498,0.443,20.0,0.07,18,0.774
full3,conservative,mid,stock,20,5,2024,51,-0.094,-0.5,-0.089,0.474,20,0.073,6,0.754
full3,conservative,mid,stock,20,5,2025,50,-0.348,-1.41,-0.217,0.449,20.0,0.13,12,0.785
full3,conservative,mid,stock,20,5,2026,35,-0.143,-0.53,-0.15,0.461,20,0.11,5,0.783
full3,conservative,mid,stock,20,20,ALL,173,-0.881,-2.71,-0.856,0.431,20,0.097,41,0.774
full3,conservative,mid,stock,20,20,P1,91,-0.757,-1.95,-0.836,0.44,20,0.072,24,0.763
full3,conservative,mid,stock,20,20,P2,82,-1.018,-1.91,-0.878,0.42,20.0,0.126,17,0.786
full3,conservative,mid,stock,20,20,2023,40,-0.899,-1.91,-1.026,0.422,20.0,0.07,18,0.774
full3,conservative,mid,stock,20,20,2024,51,-0.645,-1.1,-0.687,0.454,20,0.073,6,0.754
full3,conservative,mid,stock,20,20,2025,50,-1.111,-1.57,-0.798,0.414,20.0,0.13,12,0.785
full3,conservative,mid,stock,20,20,2026,32,-0.873,-1.12,-1.003,0.429,20.0,0.119,5,0.784
full3,conservative,mid,stock,20,63,ALL,165,-2.765,-3.15,-2.972,0.379,20,0.099,41,0.772
full3,conservative,mid,stock,20,63,P1,91,-2.525,-3.32,-2.646,0.388,20,0.072,24,0.763
full3,conservative,mid,stock,20,63,P2,74,-3.059,-1.81,-3.372,0.368,20.0,0.131,17,0.785
full3,conservative,mid,stock,20,63,2023,40,-3.042,-5.25,-3.245,0.354,20.0,0.07,18,0.774
full3,conservative,mid,stock,20,63,2024,51,-2.12,-1.7,-2.177,0.414,20,0.073,6,0.754
full3,conservative,mid,stock,20,63,2025,50,-2.198,-1.0,-2.467,0.394,20.0,0.13,12,0.785
full3,conservative,mid,stock,20,63,2026,24,-4.852,-2.61,-5.259,0.312,20.0,0.134,5,0.779
full3,conservative,short,mixed,10,5,ALL,176,-0.28,-2.32,-0.282,0.435,10.0,0.086,4,0.794
full3,conservative,short,mixed,10,5,P1,91,-0.454,-3.04,-0.454,0.427,10,0.059,0,0.784
full3,conservative,short,mixed,10,5,P2,85,-0.094,-0.49,-0.095,0.444,10,0.116,4,0.806
full3,conservative,short,mixed,10,5,2023,40,-0.573,-2.7,-0.573,0.425,10.0,0.041,0,0.762
full3,conservative,short,mixed,10,5,2024,51,-0.361,-1.74,-0.361,0.429,10,0.074,0,0.8
full3,conservative,short,mixed,10,5,2025,50,-0.306,-1.24,-0.307,0.418,10.0,0.125,3,0.806
full3,conservative,short,mixed,10,5,2026,35,0.21,0.73,0.202,0.479,10,0.103,1,0.803
full3,conservative,short,mixed,10,20,ALL,173,-0.927,-2.6,-0.93,0.406,10,0.087,4,0.795
full3,conservative,short,mixed,10,20,P1,91,-0.945,-2.22,-0.945,0.398,10,0.059,0,0.784
full3,conservative,short,mixed,10,20,P2,82,-0.906,-1.55,-0.913,0.415,10.0,0.119,4,0.807
full3,conservative,short,mixed,10,20,2023,40,-1.399,-2.38,-1.399,0.352,10.0,0.041,0,0.762
full3,conservative,short,mixed,10,20,2024,51,-0.589,-1.0,-0.589,0.433,10,0.074,0,0.8
full3,conservative,short,mixed,10,20,2025,50,-0.865,-1.18,-0.87,0.399,10.0,0.125,3,0.806
full3,conservative,short,mixed,10,20,2026,32,-0.971,-1.03,-0.98,0.441,10.0,0.109,1,0.806
full3,conservative,short,mixed,10,63,ALL,165,-3.011,-2.9,-3.024,0.358,10,0.087,4,0.793
full3,conservative,short,mixed,10,63,P1,91,-2.854,-3.14,-2.854,0.355,10,0.059,0,0.784
full3,conservative,short,mixed,10,63,P2,74,-3.205,-1.61,-3.237,0.363,10.0,0.121,4,0.805
full3,conservative,short,mixed,10,63,2023,40,-4.008,-4.22,-4.008,0.29,10.0,0.041,0,0.762
full3,conservative,short,mixed,10,63,2024,51,-1.948,-1.49,-1.948,0.406,10,0.074,0,0.8
full3,conservative,short,mixed,10,63,2025,50,-1.989,-0.79,-2.001,0.401,10.0,0.125,3,0.806
full3,conservative,short,mixed,10,63,2026,24,-5.737,-2.74,-5.759,0.284,10.0,0.112,1,0.8
full3,conservative,short,mixed,20,5,ALL,176,-0.281,-2.61,-0.292,0.443,20.0,0.09,54,0.771
full3,conservative,short,mixed,20,5,P1,91,-0.301,-2.3,-0.325,0.444,20,0.06,28,0.758
full3,conservative,short,mixed,20,5,P2,85,-0.261,-1.5,-0.256,0.442,20,0.122,26,0.786
full3,conservative,short,mixed,20,5,2023,40,-0.398,-2.28,-0.453,0.436,19.0,0.058,21,0.755
full3,conservative,short,mixed,20,5,2024,51,-0.225,-1.19,-0.225,0.451,20,0.06,7,0.758
full3,conservative,short,mixed,20,5,2025,50,-0.389,-1.63,-0.404,0.426,20.0,0.134,15,0.782
full3,conservative,short,mixed,20,5,2026,35,-0.077,-0.31,-0.049,0.465,20,0.105,11,0.788
full3,conservative,short,mixed,20,20,ALL,173,-0.943,-3.01,-1.05,0.405,20,0.091,54,0.771
full3,conservative,short,mixed,20,20,P1,91,-0.884,-2.43,-1.044,0.399,20,0.06,28,0.758
full3,conservative,short,mixed,20,20,P2,82,-1.008,-1.93,-1.057,0.413,20.0,0.126,26,0.786
full3,conservative,short,mixed,20,20,2023,40,-0.987,-2.09,-1.279,0.381,19.0,0.058,21,0.755
full3,conservative,short,mixed,20,20,2024,51,-0.803,-1.5,-0.86,0.413,20,0.06,7,0.758
full3,conservative,short,mixed,20,20,2025,50,-1.139,-1.6,-1.116,0.403,20.0,0.134,15,0.782
full3,conservative,short,mixed,20,20,2026,32,-0.803,-1.14,-0.966,0.428,20.0,0.114,11,0.79
full3,conservative,short,mixed,20,63,ALL,165,-2.961,-3.29,-3.263,0.353,20,0.092,53,0.77
full3,conservative,short,mixed,20,63,P1,91,-2.805,-3.41,-3.094,0.349,20,0.06,28,0.758
full3,conservative,short,mixed,20,63,P2,74,-3.153,-1.86,-3.474,0.358,20.0,0.132,25,0.784
full3,conservative,short,mixed,20,63,2023,40,-3.343,-4.52,-3.908,0.302,19.0,0.058,21,0.755
full3,conservative,short,mixed,20,63,2024,51,-2.383,-1.79,-2.456,0.387,20,0.06,7,0.758
full3,conservative,short,mixed,20,63,2025,50,-2.361,-1.07,-2.54,0.389,20.0,0.134,15,0.782
full3,conservative,short,mixed,20,63,2026,24,-4.804,-2.73,-5.381,0.295,20.0,0.126,10,0.784
full3,conservative,short,stock,10,5,ALL,176,-0.251,-2.05,-0.232,0.449,10.0,0.087,8,0.796
full3,conservative,short,stock,10,5,P1,91,-0.43,-2.94,-0.417,0.445,10,0.062,3,0.778
full3,conservative,short,stock,10,5,P2,85,-0.059,-0.3,-0.032,0.454,10,0.115,5,0.817
full3,conservative,short,stock,10,5,2023,40,-0.562,-2.52,-0.532,0.44,10.0,0.054,3,0.767
full3,conservative,short,stock,10,5,2024,51,-0.327,-1.69,-0.327,0.449,10,0.069,0,0.786
full3,conservative,short,stock,10,5,2025,50,-0.292,-1.09,-0.245,0.429,10.0,0.125,4,0.818
full3,conservative,short,stock,10,5,2026,35,0.274,1.0,0.265,0.488,10,0.101,1,0.812
full3,conservative,short,stock,10,20,ALL,173,-0.817,-2.35,-0.803,0.435,10,0.088,8,0.797
full3,conservative,short,stock,10,20,P1,91,-0.819,-1.97,-0.81,0.436,10,0.062,3,0.778
full3,conservative,short,stock,10,20,P2,82,-0.814,-1.43,-0.796,0.434,10.0,0.118,5,0.819
full3,conservative,short,stock,10,20,2023,40,-1.249,-2.24,-1.228,0.389,10.0,0.054,3,0.767
full3,conservative,short,stock,10,20,2024,51,-0.482,-0.82,-0.482,0.473,10,0.069,0,0.786
full3,conservative,short,stock,10,20,2025,50,-0.871,-1.22,-0.836,0.422,10.0,0.125,4,0.818
full3,conservative,short,stock,10,20,2026,32,-0.726,-0.79,-0.735,0.453,10.0,0.107,1,0.816
full3,conservative,short,stock,10,63,ALL,165,-2.479,-2.56,-2.492,0.39,10,0.088,8,0.795
full3,conservative,short,stock,10,63,P1,91,-2.214,-2.79,-2.174,0.394,10,0.062,3,0.778
full3,conservative,short,stock,10,63,P2,74,-2.804,-1.48,-2.888,0.384,10.0,0.12,5,0.818
full3,conservative,short,stock,10,63,2023,40,-3.072,-4.69,-2.98,0.335,10.0,0.054,3,0.767
full3,conservative,short,stock,10,63,2024,51,-1.542,-1.24,-1.542,0.441,10,0.069,0,0.786
full3,conservative,short,stock,10,63,2025,50,-1.663,-0.69,-1.752,0.416,10.0,0.125,4,0.818
full3,conservative,short,stock,10,63,2026,24,-5.182,-2.51,-5.205,0.318,10.0,0.109,1,0.813
full3,conservative,short,stock,20,5,ALL,176,-0.227,-2.19,-0.222,0.46,20.0,0.092,64,0.776
full3,conservative,short,stock,20,5,P1,91,-0.254,-2.02,-0.276,0.465,20,0.065,33,0.763
full3,conservative,short,stock,20,5,P2,85,-0.199,-1.19,-0.164,0.454,20,0.122,31,0.791
full3,conservative,short,stock,20,5,2023,40,-0.35,-2.04,-0.42,0.457,15.5,0.066,25,0.773
full3,conservative,short,stock,20,5,2024,51,-0.18,-1.0,-0.164,0.472,20,0.065,8,0.754
full3,conservative,short,stock,20,5,2025,50,-0.308,-1.35,-0.269,0.44,20.0,0.134,19,0.79
full3,conservative,short,stock,20,5,2026,35,-0.042,-0.17,-0.017,0.474,20,0.105,12,0.788
full3,conservative,short,stock,20,20,ALL,173,-0.811,-2.67,-0.917,0.433,20,0.094,64,0.776
full3,conservative,short,stock,20,20,P1,91,-0.706,-1.98,-0.877,0.44,20,0.065,33,0.763
full3,conservative,short,stock,20,20,P2,82,-0.927,-1.84,-0.962,0.426,20.0,0.126,31,0.792
full3,conservative,short,stock,20,20,2023,40,-0.871,-1.9,-1.177,0.414,15.5,0.066,25,0.773
full3,conservative,short,stock,20,20,2024,51,-0.577,-1.1,-0.641,0.461,20,0.065,8,0.754
full3,conservative,short,stock,20,20,2025,50,-1.06,-1.55,-1.007,0.417,20.0,0.134,19,0.79
full3,conservative,short,stock,20,20,2026,32,-0.718,-1.06,-0.893,0.438,20.0,0.113,12,0.79
full3,conservative,short,stock,20,63,ALL,165,-2.504,-2.96,-2.821,0.382,20,0.095,63,0.775
full3,conservative,short,stock,20,63,P1,91,-2.216,-2.95,-2.456,0.39,20,0.065,33,0.763
full3,conservative,short,stock,20,63,P2,74,-2.858,-1.78,-3.276,0.371,20.0,0.131,30,0.791
full3,conservative,short,stock,20,63,2023,40,-2.675,-5.06,-3.126,0.346,15.5,0.066,25,0.773
full3,conservative,short,stock,20,63,2024,51,-1.856,-1.48,-1.931,0.425,20,0.065,8,0.754
full3,conservative,short,stock,20,63,2025,50,-2.013,-0.97,-2.31,0.403,20.0,0.134,19,0.79
full3,conservative,short,stock,20,63,2026,24,-4.617,-2.68,-5.249,0.307,20.0,0.125,11,0.787
full4,aggressive,long,mixed,10,5,ALL,176,-0.065,-0.26,-0.064,0.464,10.0,0.093,0,0.601
full4,aggressive,long,mixed,10,5,P1,91,-0.204,-0.74,-0.205,0.436,10,0.071,0,0.58
full4,aggressive,long,mixed,10,5,P2,85,0.084,0.2,0.087,0.494,10,0.117,0,0.621
full4,aggressive,long,mixed,10,5,2023,40,-0.4,-1.32,-0.401,0.431,10.0,0.076,0,0.577
full4,aggressive,long,mixed,10,5,2024,51,-0.051,-0.12,-0.051,0.44,10,0.066,0,0.588
full4,aggressive,long,mixed,10,5,2025,50,0.144,0.31,0.16,0.488,10.0,0.141,0,0.618
full4,aggressive,long,mixed,10,5,2026,35,-0.001,-0.0,-0.017,0.503,10,0.082,0,0.626
full4,aggressive,long,mixed,10,20,ALL,173,-0.733,-1.08,-0.744,0.397,10,0.095,0,0.601
full4,aggressive,long,mixed,10,20,P1,91,-0.844,-1.33,-0.85,0.399,10,0.071,0,0.58
full4,aggressive,long,mixed,10,20,P2,82,-0.61,-0.49,-0.627,0.395,10.0,0.121,0,0.623
full4,aggressive,long,mixed,10,20,2023,40,-1.785,-4.86,-1.799,0.408,10.0,0.076,0,0.577
full4,aggressive,long,mixed,10,20,2024,51,-0.106,-0.1,-0.105,0.391,10,0.066,0,0.588
full4,aggressive,long,mixed,10,20,2025,50,-0.393,-0.28,-0.418,0.369,10.0,0.141,0,0.618
full4,aggressive,long,mixed,10,20,2026,32,-0.949,-0.41,-0.954,0.436,10.0,0.09,0,0.632
full4,aggressive,long,mixed,10,63,ALL,165,-1.072,-0.6,-1.061,0.36,10,0.096,0,0.594
full4,aggressive,long,mixed,10,63,P1,91,-1.918,-2.2,-1.914,0.349,10,0.071,0,0.58
full4,aggressive,long,mixed,10,63,P2,74,-0.032,-0.01,-0.013,0.373,10.0,0.126,0,0.61
full4,aggressive,long,mixed,10,63,2023,40,-2.043,-1.43,-2.058,0.393,10.0,0.076,0,0.577
full4,aggressive,long,mixed,10,63,2024,51,-1.819,-1.76,-1.801,0.315,10,0.066,0,0.588
full4,aggressive,long,mixed,10,63,2025,50,1.333,0.31,1.31,0.405,10.0,0.141,0,0.618
full4,aggressive,long,mixed,10,63,2026,24,-2.876,-0.43,-2.77,0.306,10.0,0.094,0,0.591
full4,aggressive,long,mixed,20,5,ALL,176,-0.13,-0.6,-0.13,0.46,20.0,0.116,0,0.565
full4,aggressive,long,mixed,20,5,P1,91,-0.178,-0.79,-0.177,0.438,20,0.08,0,0.546
full4,aggressive,long,mixed,20,5,P2,85,-0.078,-0.21,-0.079,0.483,20,0.155,0,0.586
full4,aggressive,long,mixed,20,5,2023,40,-0.329,-1.25,-0.327,0.438,20.0,0.081,0,0.556
full4,aggressive,long,mixed,20,5,2024,51,-0.059,-0.17,-0.059,0.438,20,0.079,0,0.537
full4,aggressive,long,mixed,20,5,2025,50,-0.026,-0.07,-0.022,0.478,20.0,0.178,0,0.588
full4,aggressive,long,mixed,20,5,2026,35,-0.153,-0.2,-0.161,0.49,20,0.122,0,0.584
full4,aggressive,long,mixed,20,20,ALL,173,-0.247,-0.4,-0.248,0.42,20,0.118,0,0.566
full4,aggressive,long,mixed,20,20,P1,91,-0.378,-0.6,-0.379,0.412,20,0.08,0,0.546
full4,aggressive,long,mixed,20,20,P2,82,-0.101,-0.09,-0.103,0.429,20.0,0.16,0,0.589
full4,aggressive,long,mixed,20,20,2023,40,-1.331,-3.74,-1.337,0.418,20.0,0.081,0,0.556
full4,aggressive,long,mixed,20,20,2024,51,0.37,0.36,0.372,0.407,20,0.079,0,0.537
full4,aggressive,long,mixed,20,20,2025,50,-0.134,-0.11,-0.135,0.413,20.0,0.178,0,0.588
full4,aggressive,long,mixed,20,20,2026,32,-0.049,-0.02,-0.052,0.454,20.0,0.132,0,0.592
full4,aggressive,long,mixed,20,63,ALL,165,-0.044,-0.03,-0.042,0.385,20,0.12,0,0.56
full4,aggressive,long,mixed,20,63,P1,91,-0.867,-0.87,-0.867,0.374,20,0.08,0,0.546
full4,aggressive,long,mixed,20,63,P2,74,0.968,0.31,0.972,0.4,20.0,0.17,0,0.577
full4,aggressive,long,mixed,20,63,2023,40,-1.12,-0.82,-1.126,0.404,20.0,0.081,0,0.556
full4,aggressive,long,mixed,20,63,2024,51,-0.668,-0.54,-0.663,0.35,20,0.079,0,0.537
full4,aggressive,long,mixed,20,63,2025,50,2.71,0.81,2.704,0.434,20.0,0.178,0,0.588
full4,aggressive,long,mixed,20,63,2026,24,-2.66,-0.43,-2.637,0.33,20.0,0.154,0,0.557
full4,aggressive,long,stock,10,5,ALL,176,0.034,0.13,0.034,0.478,10.0,0.096,0,0.584
full4,aggressive,long,stock,10,5,P1,91,-0.109,-0.37,-0.109,0.467,10,0.073,0,0.57
full4,aggressive,long,stock,10,5,P2,85,0.188,0.4,0.187,0.489,10,0.121,0,0.598
full4,aggressive,long,stock,10,5,2023,40,-0.399,-1.18,-0.398,0.449,10.0,0.08,0,0.564
full4,aggressive,long,stock,10,5,2024,51,0.119,0.27,0.118,0.481,10,0.067,0,0.574
full4,aggressive,long,stock,10,5,2025,50,0.075,0.16,0.088,0.48,10.0,0.142,0,0.598
full4,aggressive,long,stock,10,5,2026,35,0.349,0.39,0.328,0.503,10,0.091,0,0.6
full4,aggressive,long,stock,10,20,ALL,173,-0.122,-0.16,-0.13,0.457,10,0.098,0,0.586
full4,aggressive,long,stock,10,20,P1,91,0.143,0.17,0.137,0.493,10,0.073,0,0.57
full4,aggressive,long,stock,10,20,P2,82,-0.416,-0.31,-0.427,0.417,10.0,0.126,0,0.602
full4,aggressive,long,stock,10,20,2023,40,-1.424,-2.81,-1.44,0.441,10.0,0.08,0,0.564
full4,aggressive,long,stock,10,20,2024,51,1.372,1.03,1.375,0.534,10,0.067,0,0.574
full4,aggressive,long,stock,10,20,2025,50,-0.546,-0.39,-0.563,0.398,10.0,0.142,0,0.598
full4,aggressive,long,stock,10,20,2026,32,-0.212,-0.08,-0.215,0.448,10.0,0.1,0,0.613
full4,aggressive,long,stock,10,63,ALL,165,1.389,0.7,1.398,0.435,10,0.099,0,0.578
full4,aggressive,long,stock,10,63,P1,91,1.227,0.78,1.226,0.453,10,0.073,0,0.57
full4,aggressive,long,stock,10,63,P2,74,1.589,0.41,1.61,0.412,10.0,0.131,0,0.586
full4,aggressive,long,stock,10,63,2023,40,0.268,0.12,0.239,0.451,10.0,0.08,0,0.564
full4,aggressive,long,stock,10,63,2024,51,1.979,1.23,2.0,0.454,10,0.067,0,0.574
full4,aggressive,long,stock,10,63,2025,50,2.476,0.57,2.448,0.439,10.0,0.142,0,0.598
full4,aggressive,long,stock,10,63,2026,24,-0.257,-0.03,-0.136,0.356,10.0,0.108,0,0.565
full4,aggressive,long,stock,20,5,ALL,176,-0.039,-0.17,-0.036,0.477,20.0,0.119,1,0.549
full4,aggressive,long,stock,20,5,P1,91,-0.024,-0.1,-0.023,0.469,20,0.081,0,0.536
full4,aggressive,long,stock,20,5,P2,85,-0.055,-0.14,-0.049,0.485,20,0.159,1,0.562
full4,aggressive,long,stock,20,5,2023,40,-0.24,-0.8,-0.238,0.458,20.0,0.081,0,0.546
full4,aggressive,long,stock,20,5,2024,51,0.145,0.42,0.146,0.477,20,0.081,0,0.527
full4,aggressive,long,stock,20,5,2025,50,-0.06,-0.15,-0.046,0.477,20.0,0.182,1,0.562
full4,aggressive,long,stock,20,5,2026,35,-0.048,-0.06,-0.054,0.498,20,0.126,0,0.563
full4,aggressive,long,stock,20,20,ALL,173,0.137,0.22,0.127,0.468,20,0.121,1,0.549
full4,aggressive,long,stock,20,20,P1,91,0.205,0.31,0.203,0.485,20,0.081,0,0.536
full4,aggressive,long,stock,20,20,P2,82,0.062,0.05,0.041,0.449,20.0,0.164,1,0.564
full4,aggressive,long,stock,20,20,2023,40,-1.034,-2.77,-1.039,0.442,20.0,0.081,0,0.546
full4,aggressive,long,stock,20,20,2024,51,1.177,1.1,1.178,0.518,20,0.081,0,0.527
full4,aggressive,long,stock,20,20,2025,50,0.019,0.02,-0.011,0.441,20.0,0.182,1,0.562
full4,aggressive,long,stock,20,20,2026,32,0.128,0.06,0.124,0.462,20.0,0.136,0,0.569
full4,aggressive,long,stock,20,63,ALL,165,1.377,0.83,1.334,0.45,20,0.123,1,0.545
full4,aggressive,long,stock,20,63,P1,91,1.199,0.92,1.199,0.471,20,0.081,0,0.536
full4,aggressive,long,stock,20,63,P2,74,1.595,0.49,1.501,0.425,20.0,0.174,1,0.555
full4,aggressive,long,stock,20,63,2023,40,0.267,0.14,0.262,0.457,20.0,0.081,0,0.546
full4,aggressive,long,stock,20,63,2024,51,1.93,1.51,1.934,0.482,20,0.081,0,0.527
full4,aggressive,long,stock,20,63,2025,50,3.515,1.04,3.366,0.456,20.0,0.182,1,0.562
full4,aggressive,long,stock,20,63,2026,24,-2.403,-0.36,-2.383,0.361,20.0,0.158,0,0.541
full4,aggressive,mid,mixed,10,5,ALL,176,-0.167,-0.68,-0.166,0.453,10.0,0.092,0,0.625
full4,aggressive,mid,mixed,10,5,P1,91,-0.189,-0.69,-0.187,0.431,10,0.071,0,0.601
full4,aggressive,mid,mixed,10,5,P2,85,-0.143,-0.34,-0.142,0.478,10,0.115,0,0.65
full4,aggressive,mid,mixed,10,5,2023,40,-0.27,-0.91,-0.266,0.432,10.0,0.076,0,0.61
full4,aggressive,mid,mixed,10,5,2024,51,-0.125,-0.29,-0.126,0.43,10,0.066,0,0.596
full4,aggressive,mid,mixed,10,5,2025,50,0.067,0.15,0.083,0.484,10.0,0.151,0,0.635
full4,aggressive,mid,mixed,10,5,2026,35,-0.442,-0.56,-0.463,0.469,10,0.063,0,0.671
full4,aggressive,mid,mixed,10,20,ALL,173,-0.802,-1.19,-0.81,0.392,10,0.094,0,0.625
full4,aggressive,mid,mixed,10,20,P1,91,-0.629,-1.08,-0.634,0.395,10,0.071,0,0.601
full4,aggressive,mid,mixed,10,20,P2,82,-0.994,-0.78,-1.004,0.389,10.0,0.119,0,0.651
full4,aggressive,mid,mixed,10,20,2023,40,-1.309,-3.48,-1.324,0.416,10.0,0.076,0,0.61
full4,aggressive,mid,mixed,10,20,2024,51,-0.096,-0.1,-0.094,0.38,10,0.066,0,0.596
full4,aggressive,mid,mixed,10,20,2025,50,-0.748,-0.53,-0.762,0.373,10.0,0.151,0,0.635
full4,aggressive,mid,mixed,10,20,2026,32,-1.378,-0.57,-1.382,0.414,10.0,0.069,0,0.674
full4,aggressive,mid,mixed,10,63,ALL,165,-1.292,-0.71,-1.291,0.355,10,0.096,0,0.619
full4,aggressive,mid,mixed,10,63,P1,91,-2.113,-2.85,-2.119,0.344,10,0.071,0,0.601
full4,aggressive,mid,mixed,10,63,P2,74,-0.282,-0.07,-0.274,0.369,10.0,0.127,0,0.64
full4,aggressive,mid,mixed,10,63,2023,40,-2.481,-2.18,-2.518,0.383,10.0,0.076,0,0.61
full4,aggressive,mid,mixed,10,63,2024,51,-1.823,-1.9,-1.806,0.313,10,0.066,0,0.596
full4,aggressive,mid,mixed,10,63,2025,50,1.626,0.35,1.612,0.401,10.0,0.151,0,0.635
full4,aggressive,mid,mixed,10,63,2026,24,-4.257,-0.7,-4.203,0.302,10.0,0.075,0,0.648
full4,aggressive,mid,mixed,20,5,ALL,176,-0.144,-0.7,-0.143,0.456,20.0,0.116,0,0.585
full4,aggressive,mid,mixed,20,5,P1,91,-0.245,-1.14,-0.244,0.428,20,0.078,0,0.568
full4,aggressive,mid,mixed,20,5,P2,85,-0.035,-0.1,-0.036,0.487,20,0.157,0,0.604
full4,aggressive,mid,mixed,20,5,2023,40,-0.392,-1.55,-0.39,0.427,20.0,0.076,0,0.574
full4,aggressive,mid,mixed,20,5,2024,51,-0.129,-0.39,-0.129,0.428,20,0.079,0,0.562
full4,aggressive,mid,mixed,20,5,2025,50,0.098,0.26,0.102,0.489,20.0,0.189,0,0.599
full4,aggressive,mid,mixed,20,5,2026,35,-0.226,-0.33,-0.234,0.484,20,0.112,0,0.615
full4,aggressive,mid,mixed,20,20,ALL,173,-0.535,-0.9,-0.536,0.413,20,0.118,0,0.585
full4,aggressive,mid,mixed,20,20,P1,91,-0.737,-1.3,-0.738,0.399,20,0.078,0,0.568
full4,aggressive,mid,mixed,20,20,P2,82,-0.311,-0.29,-0.313,0.429,20.0,0.162,0,0.604
full4,aggressive,mid,mixed,20,20,2023,40,-1.501,-4.87,-1.506,0.413,20.0,0.076,0,0.574
full4,aggressive,mid,mixed,20,20,2024,51,-0.137,-0.14,-0.136,0.389,20,0.079,0,0.562
full4,aggressive,mid,mixed,20,20,2025,50,-0.24,-0.21,-0.242,0.419,20.0,0.189,0,0.599
full4,aggressive,mid,mixed,20,20,2026,32,-0.421,-0.2,-0.423,0.445,20.0,0.12,0,0.616
full4,aggressive,mid,mixed,20,63,ALL,165,-0.625,-0.38,-0.626,0.376,20,0.12,0,0.577
full4,aggressive,mid,mixed,20,63,P1,91,-1.901,-2.32,-1.902,0.352,20,0.078,0,0.568
full4,aggressive,mid,mixed,20,63,P2,74,0.944,0.28,0.942,0.407,20.0,0.173,0,0.589
full4,aggressive,mid,mixed,20,63,2023,40,-2.276,-2.01,-2.285,0.384,20.0,0.076,0,0.574
full4,aggressive,mid,mixed,20,63,2024,51,-1.606,-1.55,-1.601,0.326,20,0.079,0,0.562
full4,aggressive,mid,mixed,20,63,2025,50,2.98,0.76,2.975,0.442,20.0,0.189,0,0.599
full4,aggressive,mid,mixed,20,63,2026,24,-3.297,-0.58,-3.292,0.334,20.0,0.141,0,0.572
full4,aggressive,mid,stock,10,5,ALL,176,-0.016,-0.06,-0.016,0.476,10.0,0.094,1,0.597
full4,aggressive,mid,stock,10,5,P1,91,-0.095,-0.33,-0.093,0.468,10,0.075,0,0.574
full4,aggressive,mid,stock,10,5,P2,85,0.068,0.15,0.067,0.485,10,0.116,1,0.619
full4,aggressive,mid,stock,10,5,2023,40,-0.393,-1.18,-0.388,0.447,10.0,0.085,0,0.577
full4,aggressive,mid,stock,10,5,2024,51,0.138,0.32,0.138,0.485,10,0.067,0,0.572
full4,aggressive,mid,stock,10,5,2025,50,0.121,0.25,0.136,0.482,10.0,0.144,1,0.6
full4,aggressive,mid,stock,10,5,2026,35,-0.008,-0.01,-0.03,0.489,10,0.074,0,0.647
full4,aggressive,mid,stock,10,20,ALL,173,-0.199,-0.26,-0.206,0.453,10,0.096,1,0.597
full4,aggressive,mid,stock,10,20,P1,91,-0.021,-0.03,-0.024,0.489,10,0.075,0,0.574
full4,aggressive,mid,stock,10,20,P2,82,-0.395,-0.28,-0.409,0.413,10.0,0.12,1,0.621
full4,aggressive,mid,stock,10,20,2023,40,-1.613,-3.73,-1.624,0.439,10.0,0.085,0,0.577
full4,aggressive,mid,stock,10,20,2024,51,1.228,1.02,1.23,0.529,10,0.067,0,0.572
full4,aggressive,mid,stock,10,20,2025,50,-0.414,-0.25,-0.434,0.392,10.0,0.144,1,0.6
full4,aggressive,mid,stock,10,20,2026,32,-0.367,-0.15,-0.368,0.445,10.0,0.081,0,0.655
full4,aggressive,mid,stock,10,63,ALL,165,0.485,0.25,0.481,0.432,10,0.098,1,0.589
full4,aggressive,mid,stock,10,63,P1,91,0.037,0.03,0.039,0.45,10,0.075,0,0.574
full4,aggressive,mid,stock,10,63,P2,74,1.036,0.25,1.026,0.41,10.0,0.126,1,0.605
full4,aggressive,mid,stock,10,63,2023,40,-1.418,-1.08,-1.441,0.454,10.0,0.085,0,0.577
full4,aggressive,mid,stock,10,63,2024,51,1.177,0.93,1.199,0.446,10,0.067,0,0.572
full4,aggressive,mid,stock,10,63,2025,50,2.816,0.58,2.776,0.44,10.0,0.144,1,0.6
full4,aggressive,mid,stock,10,63,2026,24,-2.673,-0.38,-2.621,0.348,10.0,0.088,0,0.617
full4,aggressive,mid,stock,20,5,ALL,176,-0.011,-0.05,-0.01,0.478,20.0,0.122,1,0.571
full4,aggressive,mid,stock,20,5,P1,91,-0.123,-0.53,-0.122,0.459,20,0.088,0,0.564
full4,aggressive,mid,stock,20,5,P2,85,0.108,0.29,0.11,0.498,20,0.157,1,0.579
full4,aggressive,mid,stock,20,5,2023,40,-0.312,-1.02,-0.311,0.447,20.0,0.085,0,0.564
full4,aggressive,mid,stock,20,5,2024,51,0.026,0.08,0.026,0.468,20,0.091,0,0.564
full4,aggressive,mid,stock,20,5,2025,50,0.165,0.41,0.172,0.497,20.0,0.186,1,0.583
full4,aggressive,mid,stock,20,5,2026,35,0.028,0.04,0.021,0.5,20,0.116,0,0.578
full4,aggressive,mid,stock,20,20,ALL,173,-0.08,-0.13,-0.094,0.463,20,0.124,1,0.572
full4,aggressive,mid,stock,20,20,P1,91,-0.14,-0.23,-0.14,0.476,20,0.088,0,0.564
full4,aggressive,mid,stock,20,20,P2,82,-0.013,-0.01,-0.043,0.448,20.0,0.162,1,0.581
full4,aggressive,mid,stock,20,20,2023,40,-1.087,-2.58,-1.089,0.439,20.0,0.085,0,0.564
full4,aggressive,mid,stock,20,20,2024,51,0.602,0.6,0.604,0.504,20,0.091,0,0.564
full4,aggressive,mid,stock,20,20,2025,50,0.078,0.06,0.031,0.444,20.0,0.186,1,0.583
full4,aggressive,mid,stock,20,20,2026,32,-0.154,-0.07,-0.158,0.455,20.0,0.125,0,0.584
full4,aggressive,mid,stock,20,63,ALL,165,1.014,0.58,0.982,0.44,20,0.126,1,0.566
full4,aggressive,mid,stock,20,63,P1,91,0.217,0.2,0.22,0.447,20,0.088,0,0.564
full4,aggressive,mid,stock,20,63,P2,74,1.994,0.56,1.92,0.432,20.0,0.173,1,0.569
full4,aggressive,mid,stock,20,63,2023,40,-0.757,-0.47,-0.758,0.424,20.0,0.085,0,0.564
full4,aggressive,mid,stock,20,63,2024,51,0.98,0.94,0.986,0.464,20,0.091,0,0.564
full4,aggressive,mid,stock,20,63,2025,50,4.158,1.02,4.037,0.465,20.0,0.186,1,0.583
full4,aggressive,mid,stock,20,63,2026,24,-2.513,-0.4,-2.491,0.363,20.0,0.146,0,0.546
full4,aggressive,short,mixed,10,5,ALL,176,-0.23,-1.03,-0.23,0.468,10.0,0.075,0,0.662
full4,aggressive,short,mixed,10,5,P1,91,-0.096,-0.39,-0.095,0.444,10,0.07,0,0.634
full4,aggressive,short,mixed,10,5,P2,85,-0.374,-0.99,-0.374,0.493,10,0.079,0,0.69
full4,aggressive,short,mixed,10,5,2023,40,-0.012,-0.04,-0.007,0.462,10.0,0.06,0,0.623
full4,aggressive,short,mixed,10,5,2024,51,-0.162,-0.43,-0.164,0.43,10,0.078,0,0.644
full4,aggressive,short,mixed,10,5,2025,50,-0.135,-0.3,-0.135,0.496,10.0,0.102,0,0.682
full4,aggressive,short,mixed,10,5,2026,35,-0.715,-1.09,-0.715,0.489,10,0.047,0,0.706
full4,aggressive,short,mixed,10,20,ALL,173,-1.229,-2.02,-1.232,0.392,10,0.076,0,0.66
full4,aggressive,short,mixed,10,20,P1,91,-0.598,-0.94,-0.605,0.386,10,0.07,0,0.634
full4,aggressive,short,mixed,10,20,P2,82,-1.929,-1.83,-1.929,0.398,10.0,0.082,0,0.689
full4,aggressive,short,mixed,10,20,2023,40,-0.91,-1.54,-0.919,0.416,10.0,0.06,0,0.623
full4,aggressive,short,mixed,10,20,2024,51,-0.353,-0.34,-0.359,0.363,10,0.078,0,0.644
full4,aggressive,short,mixed,10,20,2025,50,-1.051,-0.8,-1.051,0.39,10.0,0.102,0,0.682
full4,aggressive,short,mixed,10,20,2026,32,-3.3,-2.03,-3.3,0.409,10.0,0.051,0,0.703
full4,aggressive,short,mixed,10,63,ALL,165,-1.818,-0.98,-1.823,0.347,10,0.078,0,0.656
full4,aggressive,short,mixed,10,63,P1,91,-2.13,-2.55,-2.14,0.324,10,0.07,0,0.634
full4,aggressive,short,mixed,10,63,P2,74,-1.434,-0.36,-1.434,0.374,10.0,0.089,0,0.682
full4,aggressive,short,mixed,10,63,2023,40,-2.424,-3.72,-2.452,0.364,10.0,0.06,0,0.623
full4,aggressive,short,mixed,10,63,2024,51,-1.899,-1.35,-1.894,0.293,10,0.078,0,0.644
full4,aggressive,short,mixed,10,63,2025,50,1.848,0.38,1.848,0.428,10.0,0.102,0,0.682
full4,aggressive,short,mixed,10,63,2026,24,-8.27,-1.89,-8.27,0.263,10.0,0.06,0,0.687
full4,aggressive,short,mixed,20,5,ALL,176,-0.159,-0.78,-0.161,0.461,20.0,0.099,0,0.608
full4,aggressive,short,mixed,20,5,P1,91,-0.098,-0.45,-0.099,0.436,20,0.085,0,0.596
full4,aggressive,short,mixed,20,5,P2,85,-0.224,-0.64,-0.228,0.486,20,0.115,0,0.621
full4,aggressive,short,mixed,20,5,2023,40,-0.125,-0.5,-0.123,0.446,20.0,0.078,0,0.586
full4,aggressive,short,mixed,20,5,2024,51,-0.077,-0.23,-0.08,0.429,20,0.09,0,0.601
full4,aggressive,short,mixed,20,5,2025,50,0.105,0.26,0.099,0.497,20.0,0.142,0,0.602
full4,aggressive,short,mixed,20,5,2026,35,-0.695,-1.12,-0.695,0.471,20,0.077,0,0.651
full4,aggressive,short,mixed,20,20,ALL,173,-0.734,-1.37,-0.734,0.404,20,0.101,0,0.607
full4,aggressive,short,mixed,20,20,P1,91,-0.586,-1.07,-0.586,0.394,20,0.085,0,0.596
full4,aggressive,short,mixed,20,20,P2,82,-0.899,-0.94,-0.898,0.415,20.0,0.119,0,0.62
full4,aggressive,short,mixed,20,20,2023,40,-0.998,-1.98,-0.998,0.415,20.0,0.078,0,0.586
full4,aggressive,short,mixed,20,20,2024,51,-0.262,-0.3,-0.264,0.377,20,0.09,0,0.601
full4,aggressive,short,mixed,20,20,2025,50,-0.031,-0.03,-0.03,0.422,20.0,0.142,0,0.602
full4,aggressive,short,mixed,20,20,2026,32,-2.255,-1.59,-2.255,0.403,20.0,0.084,0,0.65
full4,aggressive,short,mixed,20,63,ALL,165,-1.523,-0.92,-1.518,0.36,20,0.105,0,0.603
full4,aggressive,short,mixed,20,63,P1,91,-2.224,-2.96,-2.228,0.333,20,0.085,0,0.596
full4,aggressive,short,mixed,20,63,P2,74,-0.66,-0.19,-0.644,0.393,20.0,0.129,0,0.612
full4,aggressive,short,mixed,20,63,2023,40,-2.793,-3.92,-2.797,0.358,20.0,0.078,0,0.586
full4,aggressive,short,mixed,20,63,2024,51,-1.778,-1.55,-1.783,0.313,20,0.09,0,0.601
full4,aggressive,short,mixed,20,63,2025,50,2.562,0.61,2.586,0.438,20.0,0.142,0,0.602
full4,aggressive,short,mixed,20,63,2026,24,-7.372,-1.96,-7.372,0.298,20.0,0.103,0,0.635
full4,aggressive,short,stock,10,5,ALL,176,-0.112,-0.48,-0.111,0.485,10.0,0.079,0,0.655
full4,aggressive,short,stock,10,5,P1,91,0.022,0.09,0.024,0.476,10,0.071,0,0.642
full4,aggressive,short,stock,10,5,P2,85,-0.256,-0.64,-0.257,0.494,10,0.087,0,0.668
full4,aggressive,short,stock,10,5,2023,40,0.069,0.2,0.076,0.485,10.0,0.06,0,0.623
full4,aggressive,short,stock,10,5,2024,51,-0.014,-0.04,-0.016,0.469,10,0.08,0,0.654
full4,aggressive,short,stock,10,5,2025,50,-0.067,-0.14,-0.068,0.499,10.0,0.11,0,0.645
full4,aggressive,short,stock,10,5,2026,35,-0.526,-0.77,-0.526,0.486,10,0.054,0,0.703
full4,aggressive,short,stock,10,20,ALL,173,-0.785,-1.19,-0.781,0.444,10,0.08,0,0.653
full4,aggressive,short,stock,10,20,P1,91,-0.085,-0.12,-0.086,0.475,10,0.071,0,0.642
full4,aggressive,short,stock,10,20,P2,82,-1.562,-1.4,-1.554,0.409,10.0,0.09,0,0.665
full4,aggressive,short,stock,10,20,2023,40,-0.649,-0.82,-0.648,0.456,10.0,0.06,0,0.623
full4,aggressive,short,stock,10,20,2024,51,0.358,0.32,0.356,0.489,10,0.08,0,0.654
full4,aggressive,short,stock,10,20,2025,50,-0.87,-0.61,-0.857,0.406,10.0,0.11,0,0.645
full4,aggressive,short,stock,10,20,2026,32,-2.642,-1.55,-2.642,0.416,10.0,0.059,0,0.7
full4,aggressive,short,stock,10,63,ALL,165,-0.603,-0.3,-0.585,0.404,10,0.083,0,0.649
full4,aggressive,short,stock,10,63,P1,91,-0.618,-0.67,-0.619,0.407,10,0.071,0,0.642
full4,aggressive,short,stock,10,63,P2,74,-0.585,-0.14,-0.543,0.401,10.0,0.097,0,0.656
full4,aggressive,short,stock,10,63,2023,40,-1.158,-0.96,-1.168,0.419,10.0,0.06,0,0.623
full4,aggressive,short,stock,10,63,2024,51,-0.194,-0.16,-0.189,0.397,10,0.08,0,0.654
full4,aggressive,short,stock,10,63,2025,50,2.631,0.5,2.694,0.45,10.0,0.11,0,0.645
full4,aggressive,short,stock,10,63,2026,24,-7.285,-1.52,-7.285,0.3,10.0,0.071,0,0.683
full4,aggressive,short,stock,20,5,ALL,176,-0.169,-0.81,-0.172,0.472,20.0,0.105,1,0.598
full4,aggressive,short,stock,20,5,P1,91,-0.064,-0.29,-0.064,0.461,20,0.095,0,0.589
full4,aggressive,short,stock,20,5,P2,85,-0.281,-0.78,-0.287,0.483,20,0.116,1,0.607
full4,aggressive,short,stock,20,5,2023,40,-0.159,-0.56,-0.158,0.456,20.0,0.091,0,0.559
full4,aggressive,short,stock,20,5,2024,51,0.011,0.03,0.009,0.465,20,0.098,0,0.613
full4,aggressive,short,stock,20,5,2025,50,-0.007,-0.02,-0.016,0.491,20.0,0.138,1,0.588
full4,aggressive,short,stock,20,5,2026,35,-0.674,-1.05,-0.674,0.471,20,0.084,0,0.637
full4,aggressive,short,stock,20,20,ALL,173,-0.709,-1.27,-0.712,0.441,20,0.107,1,0.598
full4,aggressive,short,stock,20,20,P1,91,-0.297,-0.51,-0.296,0.463,20,0.095,0,0.589
full4,aggressive,short,stock,20,20,P2,82,-1.166,-1.2,-1.173,0.417,20.0,0.12,1,0.607
full4,aggressive,short,stock,20,20,2023,40,-0.989,-1.99,-0.989,0.441,20.0,0.091,0,0.559
full4,aggressive,short,stock,20,20,2024,51,0.245,0.26,0.247,0.48,20,0.098,0,0.613
full4,aggressive,short,stock,20,20,2025,50,-0.327,-0.26,-0.339,0.43,20.0,0.138,1,0.588
full4,aggressive,short,stock,20,20,2026,32,-2.476,-1.76,-2.476,0.398,20.0,0.091,0,0.639
full4,aggressive,short,stock,20,63,ALL,165,-0.88,-0.51,-0.88,0.398,20,0.11,1,0.594
full4,aggressive,short,stock,20,63,P1,91,-1.227,-1.43,-1.229,0.397,20,0.095,0,0.589
full4,aggressive,short,stock,20,63,P2,74,-0.454,-0.12,-0.449,0.4,20.0,0.129,1,0.599
full4,aggressive,short,stock,20,63,2023,40,-2.671,-2.83,-2.672,0.376,20.0,0.091,0,0.559
full4,aggressive,short,stock,20,63,2024,51,-0.095,-0.1,-0.098,0.413,20,0.098,0,0.613
full4,aggressive,short,stock,20,63,2025,50,2.686,0.6,2.693,0.442,20.0,0.138,1,0.588
full4,aggressive,short,stock,20,63,2026,24,-6.995,-1.67,-6.995,0.312,20.0,0.11,0,0.626
full4,balanced,long,mixed,10,5,ALL,176,-0.042,-0.18,-0.043,0.46,10.0,0.092,0,0.615
full4,balanced,long,mixed,10,5,P1,91,-0.122,-0.46,-0.122,0.439,10,0.076,0,0.593
full4,balanced,long,mixed,10,5,P2,85,0.044,0.11,0.042,0.481,10,0.108,0,0.637
full4,balanced,long,mixed,10,5,2023,40,-0.451,-1.5,-0.451,0.421,10.0,0.073,0,0.6
full4,balanced,long,mixed,10,5,2024,51,0.135,0.34,0.135,0.453,10,0.078,0,0.588
full4,balanced,long,mixed,10,5,2025,50,-0.091,-0.21,-0.086,0.474,10.0,0.129,0,0.645
full4,balanced,long,mixed,10,5,2026,35,0.236,0.32,0.224,0.492,10,0.079,0,0.624
full4,balanced,long,mixed,10,20,ALL,173,-0.101,-0.15,-0.106,0.416,10,0.094,0,0.615
full4,balanced,long,mixed,10,20,P1,91,-0.319,-0.44,-0.322,0.405,10,0.076,0,0.593
full4,balanced,long,mixed,10,20,P2,82,0.14,0.12,0.133,0.429,10.0,0.112,0,0.637
full4,balanced,long,mixed,10,20,2023,40,-1.402,-3.48,-1.412,0.423,10.0,0.073,0,0.6
full4,balanced,long,mixed,10,20,2024,51,0.531,0.44,0.533,0.391,10,0.078,0,0.588
full4,balanced,long,mixed,10,20,2025,50,-0.417,-0.29,-0.426,0.414,10.0,0.129,0,0.645
full4,balanced,long,mixed,10,20,2026,32,1.01,0.49,1.006,0.452,10.0,0.087,0,0.623
full4,balanced,long,mixed,10,63,ALL,165,0.085,0.05,0.092,0.373,10,0.096,0,0.61
full4,balanced,long,mixed,10,63,P1,91,-1.11,-1.17,-1.112,0.35,10,0.076,0,0.593
full4,balanced,long,mixed,10,63,P2,74,1.555,0.44,1.574,0.402,10.0,0.12,0,0.629
full4,balanced,long,mixed,10,63,2023,40,-1.784,-1.53,-1.812,0.381,10.0,0.073,0,0.6
full4,balanced,long,mixed,10,63,2024,51,-0.581,-0.44,-0.563,0.327,10,0.078,0,0.588
full4,balanced,long,mixed,10,63,2025,50,3.235,0.74,3.264,0.434,10.0,0.129,0,0.645
full4,balanced,long,mixed,10,63,2026,24,-1.945,-0.37,-1.949,0.335,10.0,0.103,0,0.591
full4,balanced,long,mixed,20,5,ALL,176,-0.109,-0.57,-0.103,0.467,20.0,0.117,1,0.579
full4,balanced,long,mixed,20,5,P1,91,-0.137,-0.63,-0.124,0.447,20,0.08,1,0.558
full4,balanced,long,mixed,20,5,P2,85,-0.079,-0.25,-0.081,0.488,20,0.155,0,0.601
full4,balanced,long,mixed,20,5,2023,40,-0.344,-1.3,-0.317,0.436,20.0,0.079,1,0.565
full4,balanced,long,mixed,20,5,2024,51,0.026,0.08,0.026,0.456,20,0.081,0,0.55
full4,balanced,long,mixed,20,5,2025,50,-0.162,-0.5,-0.161,0.478,20.0,0.178,0,0.608
full4,balanced,long,mixed,20,5,2026,35,0.041,0.07,0.034,0.502,20,0.121,0,0.593
full4,balanced,long,mixed,20,20,ALL,173,-0.173,-0.32,-0.175,0.422,20,0.118,1,0.58
full4,balanced,long,mixed,20,20,P1,91,-0.388,-0.64,-0.387,0.41,20,0.08,1,0.558
full4,balanced,long,mixed,20,20,P2,82,0.066,0.07,0.061,0.437,20.0,0.16,0,0.604
full4,balanced,long,mixed,20,20,2023,40,-1.433,-3.8,-1.435,0.407,20.0,0.079,1,0.565
full4,balanced,long,mixed,20,20,2024,51,0.432,0.44,0.435,0.411,20,0.081,0,0.55
full4,balanced,long,mixed,20,20,2025,50,-0.032,-0.03,-0.035,0.428,20.0,0.178,0,0.608
full4,balanced,long,mixed,20,20,2026,32,0.218,0.14,0.211,0.451,20.0,0.13,0,0.598
full4,balanced,long,mixed,20,63,ALL,165,0.404,0.26,0.405,0.39,20,0.122,1,0.576
full4,balanced,long,mixed,20,63,P1,91,-0.771,-0.87,-0.774,0.372,20,0.08,1,0.558
full4,balanced,long,mixed,20,63,P2,74,1.849,0.59,1.854,0.413,20.0,0.173,0,0.597
full4,balanced,long,mixed,20,63,2023,40,-1.044,-0.99,-1.059,0.391,20.0,0.079,1,0.565
full4,balanced,long,mixed,20,63,2024,51,-0.557,-0.45,-0.551,0.357,20,0.081,0,0.55
full4,balanced,long,mixed,20,63,2025,50,4.167,1.1,4.172,0.449,20.0,0.178,0,0.608
full4,balanced,long,mixed,20,63,2026,24,-2.98,-0.68,-2.975,0.338,20.0,0.161,0,0.574
full4,balanced,long,stock,10,5,ALL,176,0.11,0.44,0.112,0.487,10.0,0.093,1,0.583
full4,balanced,long,stock,10,5,P1,91,-0.049,-0.17,-0.047,0.473,10,0.076,0,0.569
full4,balanced,long,stock,10,5,P2,85,0.279,0.67,0.282,0.502,10,0.112,1,0.598
full4,balanced,long,stock,10,5,2023,40,-0.422,-1.19,-0.418,0.446,10.0,0.08,0,0.582
full4,balanced,long,stock,10,5,2024,51,0.244,0.6,0.244,0.493,10,0.073,0,0.558
full4,balanced,long,stock,10,5,2025,50,0.077,0.19,0.091,0.489,10.0,0.127,1,0.59
full4,balanced,long,stock,10,5,2026,35,0.567,0.7,0.555,0.521,10,0.091,0,0.606
full4,balanced,long,stock,10,20,ALL,173,0.318,0.46,0.309,0.476,10,0.095,1,0.584
full4,balanced,long,stock,10,20,P1,91,0.415,0.52,0.41,0.498,10,0.076,0,0.569
full4,balanced,long,stock,10,20,P2,82,0.21,0.18,0.197,0.451,10.0,0.115,1,0.6
full4,balanced,long,stock,10,20,2023,40,-0.991,-1.92,-1.006,0.453,10.0,0.08,0,0.582
full4,balanced,long,stock,10,20,2024,51,1.518,1.18,1.52,0.532,10,0.073,0,0.558
full4,balanced,long,stock,10,20,2025,50,-0.338,-0.24,-0.353,0.441,10.0,0.127,1,0.59
full4,balanced,long,stock,10,20,2026,32,1.067,0.51,1.056,0.467,10.0,0.097,0,0.613
full4,balanced,long,stock,10,63,ALL,165,2.238,1.24,2.243,0.448,10,0.097,1,0.578
full4,balanced,long,stock,10,63,P1,91,1.714,1.35,1.723,0.454,10,0.076,0,0.569
full4,balanced,long,stock,10,63,P2,74,2.881,0.8,2.882,0.44,10.0,0.124,1,0.589
full4,balanced,long,stock,10,63,2023,40,0.81,0.52,0.802,0.451,10.0,0.08,0,0.582
full4,balanced,long,stock,10,63,2024,51,2.423,1.56,2.445,0.456,10,0.073,0,0.558
full4,balanced,long,stock,10,63,2025,50,4.608,1.05,4.58,0.475,10.0,0.127,1,0.59
full4,balanced,long,stock,10,63,2026,24,-0.715,-0.12,-0.656,0.369,10.0,0.117,0,0.583
full4,balanced,long,stock,20,5,ALL,176,-0.014,-0.07,0.001,0.484,20.0,0.12,2,0.558
full4,balanced,long,stock,20,5,P1,91,-0.061,-0.27,-0.047,0.47,20,0.083,1,0.539
full4,balanced,long,stock,20,5,P2,85,0.037,0.11,0.052,0.5,20,0.16,1,0.579
full4,balanced,long,stock,20,5,2023,40,-0.31,-1.03,-0.278,0.453,20.0,0.08,1,0.544
full4,balanced,long,stock,20,5,2024,51,0.133,0.41,0.134,0.484,20,0.085,0,0.534
full4,balanced,long,stock,20,5,2025,50,-0.086,-0.25,-0.055,0.487,20.0,0.182,1,0.578
full4,balanced,long,stock,20,5,2026,35,0.212,0.32,0.205,0.517,20,0.129,0,0.585
full4,balanced,long,stock,20,20,ALL,173,0.166,0.3,0.159,0.469,20,0.122,2,0.559
full4,balanced,long,stock,20,20,P1,91,0.081,0.13,0.085,0.479,20,0.083,1,0.539
full4,balanced,long,stock,20,20,P2,82,0.261,0.27,0.242,0.458,20.0,0.165,1,0.581
full4,balanced,long,stock,20,20,2023,40,-1.141,-2.66,-1.137,0.438,20.0,0.08,1,0.544
full4,balanced,long,stock,20,20,2024,51,1.04,1.06,1.043,0.511,20,0.085,0,0.534
full4,balanced,long,stock,20,20,2025,50,0.06,0.05,0.033,0.456,20.0,0.182,1,0.578
full4,balanced,long,stock,20,20,2026,32,0.574,0.35,0.569,0.461,20.0,0.138,0,0.592
full4,balanced,long,stock,20,63,ALL,165,1.711,1.05,1.672,0.453,20,0.125,2,0.553
full4,balanced,long,stock,20,63,P1,91,0.835,0.79,0.835,0.459,20,0.083,1,0.539
full4,balanced,long,stock,20,63,P2,74,2.79,0.85,2.701,0.445,20.0,0.176,1,0.571
full4,balanced,long,stock,20,63,2023,40,-0.038,-0.03,-0.044,0.441,20.0,0.08,1,0.544
full4,balanced,long,stock,20,63,2024,51,1.519,1.29,1.525,0.473,20,0.085,0,0.534
full4,balanced,long,stock,20,63,2025,50,5.19,1.32,5.054,0.476,20.0,0.182,1,0.578
full4,balanced,long,stock,20,63,2026,24,-2.21,-0.46,-2.201,0.38,20.0,0.165,0,0.563
full4,balanced,mid,mixed,10,5,ALL,176,-0.034,-0.15,-0.035,0.457,10.0,0.088,0,0.641
full4,balanced,mid,mixed,10,5,P1,91,-0.14,-0.55,-0.139,0.431,10,0.075,0,0.628
full4,balanced,mid,mixed,10,5,P2,85,0.08,0.21,0.076,0.486,10,0.1,0,0.655
full4,balanced,mid,mixed,10,5,2023,40,-0.42,-1.49,-0.418,0.419,10.0,0.074,0,0.644
full4,balanced,mid,mixed,10,5,2024,51,0.081,0.2,0.08,0.44,10,0.077,0,0.616
full4,balanced,mid,mixed,10,5,2025,50,0.113,0.28,0.117,0.486,10.0,0.12,0,0.647
full4,balanced,mid,mixed,10,5,2026,35,0.031,0.04,0.016,0.486,10,0.071,0,0.662
full4,balanced,mid,mixed,10,20,ALL,173,-0.273,-0.41,-0.273,0.402,10,0.089,0,0.641
full4,balanced,mid,mixed,10,20,P1,91,-0.381,-0.58,-0.382,0.388,10,0.075,0,0.628
full4,balanced,mid,mixed,10,20,P2,82,-0.153,-0.13,-0.153,0.418,10.0,0.104,0,0.656
full4,balanced,mid,mixed,10,20,2023,40,-1.11,-3.3,-1.115,0.418,10.0,0.074,0,0.644
full4,balanced,mid,mixed,10,20,2024,51,0.191,0.17,0.193,0.364,10,0.077,0,0.616
full4,balanced,mid,mixed,10,20,2025,50,-0.363,-0.26,-0.364,0.398,10.0,0.12,0,0.647
full4,balanced,mid,mixed,10,20,2026,32,0.177,0.08,0.177,0.449,10.0,0.078,0,0.665
full4,balanced,mid,mixed,10,63,ALL,165,-0.02,-0.01,-0.012,0.366,10,0.092,0,0.635
full4,balanced,mid,mixed,10,63,P1,91,-1.37,-1.37,-1.372,0.342,10,0.075,0,0.628
full4,balanced,mid,mixed,10,63,P2,74,1.641,0.41,1.661,0.395,10.0,0.111,0,0.642
full4,balanced,mid,mixed,10,63,2023,40,-2.714,-4.01,-2.741,0.366,10.0,0.074,0,0.644
full4,balanced,mid,mixed,10,63,2024,51,-0.315,-0.21,-0.297,0.323,10,0.077,0,0.616
full4,balanced,mid,mixed,10,63,2025,50,4.117,0.83,4.149,0.434,10.0,0.12,0,0.647
full4,balanced,mid,mixed,10,63,2026,24,-3.519,-0.67,-3.522,0.314,10.0,0.091,0,0.626
full4,balanced,mid,mixed,20,5,ALL,176,-0.115,-0.6,-0.109,0.464,20.0,0.117,2,0.598
full4,balanced,mid,mixed,20,5,P1,91,-0.253,-1.19,-0.239,0.437,20,0.086,2,0.586
full4,balanced,mid,mixed,20,5,P2,85,0.032,0.1,0.03,0.494,20,0.149,0,0.612
full4,balanced,mid,mixed,20,5,2023,40,-0.459,-1.77,-0.428,0.434,20.0,0.079,2,0.583
full4,balanced,mid,mixed,20,5,2024,51,-0.091,-0.28,-0.091,0.439,20,0.092,0,0.585
full4,balanced,mid,mixed,20,5,2025,50,0.104,0.33,0.104,0.49,20.0,0.178,0,0.61
full4,balanced,mid,mixed,20,5,2026,35,-0.07,-0.11,-0.076,0.5,20,0.108,0,0.618
full4,balanced,mid,mixed,20,20,ALL,173,-0.378,-0.72,-0.378,0.418,20,0.119,2,0.599
full4,balanced,mid,mixed,20,20,P1,91,-0.557,-0.98,-0.559,0.399,20,0.086,2,0.586
full4,balanced,mid,mixed,20,20,P2,82,-0.179,-0.2,-0.178,0.44,20.0,0.154,0,0.613
full4,balanced,mid,mixed,20,20,2023,40,-1.269,-3.78,-1.275,0.413,20.0,0.079,2,0.583
full4,balanced,mid,mixed,20,20,2024,51,0.001,0.0,0.003,0.388,20,0.092,0,0.585
full4,balanced,mid,mixed,20,20,2025,50,-0.072,-0.06,-0.069,0.436,20.0,0.178,0,0.61
full4,balanced,mid,mixed,20,20,2026,32,-0.346,-0.23,-0.349,0.446,20.0,0.116,0,0.621
full4,balanced,mid,mixed,20,63,ALL,165,-0.134,-0.09,-0.12,0.386,20,0.123,2,0.594
full4,balanced,mid,mixed,20,63,P1,91,-1.489,-1.98,-1.479,0.355,20,0.086,2,0.586
full4,balanced,mid,mixed,20,63,P2,74,1.532,0.48,1.552,0.423,20.0,0.168,0,0.605
full4,balanced,mid,mixed,20,63,2023,40,-1.783,-2.16,-1.77,0.382,20.0,0.079,2,0.583
full4,balanced,mid,mixed,20,63,2024,51,-1.257,-1.09,-1.251,0.334,20,0.092,0,0.585
full4,balanced,mid,mixed,20,63,2025,50,3.93,1.03,3.952,0.464,20.0,0.178,0,0.61
full4,balanced,mid,mixed,20,63,2026,24,-3.463,-0.84,-3.449,0.338,20.0,0.146,0,0.598
full4,balanced,mid,stock,10,5,ALL,176,0.03,0.13,0.033,0.48,10.0,0.096,1,0.615
full4,balanced,mid,stock,10,5,P1,91,-0.034,-0.13,-0.033,0.464,10,0.079,0,0.603
full4,balanced,mid,stock,10,5,P2,85,0.099,0.25,0.103,0.497,10,0.114,1,0.626
full4,balanced,mid,stock,10,5,2023,40,-0.286,-0.81,-0.282,0.447,10.0,0.083,0,0.603
full4,balanced,mid,stock,10,5,2024,51,0.163,0.41,0.163,0.477,10,0.076,0,0.602
full4,balanced,mid,stock,10,5,2025,50,0.149,0.34,0.168,0.498,10.0,0.142,1,0.618
full4,balanced,mid,stock,10,5,2026,35,0.029,0.04,0.012,0.495,10,0.074,0,0.638
full4,balanced,mid,stock,10,20,ALL,173,0.121,0.17,0.114,0.466,10,0.098,1,0.615
full4,balanced,mid,stock,10,20,P1,91,0.326,0.41,0.325,0.49,10,0.079,0,0.603
full4,balanced,mid,stock,10,20,P2,82,-0.107,-0.09,-0.121,0.439,10.0,0.118,1,0.626
full4,balanced,mid,stock,10,20,2023,40,-0.85,-1.52,-0.855,0.461,10.0,0.083,0,0.603
full4,balanced,mid,stock,10,20,2024,51,1.248,0.97,1.25,0.513,10,0.076,0,0.602
full4,balanced,mid,stock,10,20,2025,50,-0.263,-0.19,-0.282,0.428,10.0,0.142,1,0.618
full4,balanced,mid,stock,10,20,2026,32,0.137,0.06,0.131,0.457,10.0,0.081,0,0.639
full4,balanced,mid,stock,10,63,ALL,165,1.856,0.97,1.85,0.449,10,0.101,1,0.607
full4,balanced,mid,stock,10,63,P1,91,1.209,1.11,1.217,0.456,10,0.079,0,0.603
full4,balanced,mid,stock,10,63,P2,74,2.651,0.66,2.628,0.439,10.0,0.127,1,0.61
full4,balanced,mid,stock,10,63,2023,40,-0.366,-0.34,-0.375,0.457,10.0,0.083,0,0.603
full4,balanced,mid,stock,10,63,2024,51,2.444,1.78,2.465,0.456,10,0.076,0,0.602
full4,balanced,mid,stock,10,63,2025,50,5.424,1.12,5.383,0.481,10.0,0.142,1,0.618
full4,balanced,mid,stock,10,63,2026,24,-3.125,-0.56,-3.111,0.352,10.0,0.096,0,0.591
full4,balanced,mid,stock,20,5,ALL,176,-0.027,-0.13,-0.006,0.486,20.0,0.118,4,0.581
full4,balanced,mid,stock,20,5,P1,91,-0.136,-0.62,-0.12,0.471,20,0.089,2,0.57
full4,balanced,mid,stock,20,5,P2,85,0.09,0.26,0.117,0.503,20,0.148,2,0.592
full4,balanced,mid,stock,20,5,2023,40,-0.401,-1.37,-0.365,0.457,20.0,0.084,2,0.575
full4,balanced,mid,stock,20,5,2024,51,0.072,0.23,0.072,0.482,20,0.092,0,0.566
full4,balanced,mid,stock,20,5,2025,50,0.079,0.23,0.129,0.495,20.0,0.172,2,0.589
full4,balanced,mid,stock,20,5,2026,35,0.106,0.15,0.099,0.515,20,0.114,0,0.601
full4,balanced,mid,stock,20,20,ALL,173,-0.013,-0.02,-0.008,0.466,20,0.119,4,0.582
full4,balanced,mid,stock,20,20,P1,91,-0.091,-0.15,-0.086,0.475,20,0.089,2,0.57
full4,balanced,mid,stock,20,20,P2,82,0.074,0.08,0.079,0.457,20.0,0.153,2,0.594
full4,balanced,mid,stock,20,20,2023,40,-1.107,-2.71,-1.1,0.434,20.0,0.084,2,0.575
full4,balanced,mid,stock,20,20,2024,51,0.706,0.71,0.709,0.506,20,0.092,0,0.566
full4,balanced,mid,stock,20,20,2025,50,0.194,0.16,0.208,0.46,20.0,0.172,2,0.589
full4,balanced,mid,stock,20,20,2026,32,-0.115,-0.07,-0.123,0.452,20.0,0.123,0,0.61
full4,balanced,mid,stock,20,63,ALL,165,1.351,0.82,1.315,0.447,20,0.124,4,0.578
full4,balanced,mid,stock,20,63,P1,91,0.381,0.38,0.404,0.444,20,0.089,2,0.57
full4,balanced,mid,stock,20,63,P2,74,2.543,0.76,2.436,0.451,20.0,0.167,2,0.586
full4,balanced,mid,stock,20,63,2023,40,-0.66,-0.51,-0.616,0.427,20.0,0.084,2,0.575
full4,balanced,mid,stock,20,63,2024,51,1.197,1.06,1.204,0.457,20,0.092,0,0.566
full4,balanced,mid,stock,20,63,2025,50,5.196,1.3,5.033,0.492,20.0,0.172,2,0.589
full4,balanced,mid,stock,20,63,2026,24,-2.982,-0.66,-2.975,0.365,20.0,0.156,0,0.589
full4,balanced,short,mixed,10,5,ALL,176,-0.162,-0.79,-0.162,0.467,10.0,0.071,0,0.672
full4,balanced,short,mixed,10,5,P1,91,-0.102,-0.46,-0.102,0.448,10,0.07,0,0.652
full4,balanced,short,mixed,10,5,P2,85,-0.225,-0.64,-0.225,0.486,10,0.072,0,0.693
full4,balanced,short,mixed,10,5,2023,40,0.021,0.07,0.026,0.47,10.0,0.052,0,0.641
full4,balanced,short,mixed,10,5,2024,51,-0.199,-0.65,-0.203,0.432,10,0.087,0,0.658
full4,balanced,short,mixed,10,5,2025,50,-0.104,-0.25,-0.104,0.484,10.0,0.088,0,0.663
full4,balanced,short,mixed,10,5,2026,35,-0.399,-0.66,-0.399,0.489,10,0.048,0,0.735
full4,balanced,short,mixed,10,20,ALL,173,-1.09,-2.09,-1.093,0.394,10,0.072,0,0.67
full4,balanced,short,mixed,10,20,P1,91,-0.812,-1.46,-0.818,0.378,10,0.07,0,0.652
full4,balanced,short,mixed,10,20,P2,82,-1.398,-1.54,-1.398,0.411,10.0,0.074,0,0.69
full4,balanced,short,mixed,10,20,2023,40,-0.74,-1.32,-0.746,0.421,10.0,0.052,0,0.641
full4,balanced,short,mixed,10,20,2024,51,-0.869,-0.98,-0.874,0.344,10,0.087,0,0.658
full4,balanced,short,mixed,10,20,2025,50,-1.332,-1.05,-1.332,0.398,10.0,0.088,0,0.663
full4,balanced,short,mixed,10,20,2026,32,-1.501,-1.22,-1.501,0.431,10.0,0.053,0,0.732
full4,balanced,short,mixed,10,63,ALL,165,-1.74,-0.94,-1.747,0.345,10,0.075,0,0.664
full4,balanced,short,mixed,10,63,P1,91,-2.514,-3.03,-2.527,0.307,10,0.07,0,0.652
full4,balanced,short,mixed,10,63,P2,74,-0.787,-0.2,-0.787,0.391,10.0,0.081,0,0.678
full4,balanced,short,mixed,10,63,2023,40,-3.002,-5.05,-3.028,0.341,10.0,0.052,0,0.641
full4,balanced,short,mixed,10,63,2024,51,-2.131,-1.56,-2.133,0.281,10,0.087,0,0.658
full4,balanced,short,mixed,10,63,2025,50,2.688,0.55,2.688,0.436,10.0,0.088,0,0.663
full4,balanced,short,mixed,10,63,2026,24,-8.027,-3.24,-8.027,0.296,10.0,0.066,0,0.709
full4,balanced,short,mixed,20,5,ALL,176,-0.08,-0.44,-0.072,0.463,20.0,0.1,3,0.632
full4,balanced,short,mixed,20,5,P1,91,-0.11,-0.55,-0.092,0.438,20,0.087,1,0.619
full4,balanced,short,mixed,20,5,P2,85,-0.048,-0.15,-0.051,0.489,20,0.113,2,0.645
full4,balanced,short,mixed,20,5,2023,40,-0.175,-0.7,-0.132,0.443,20.0,0.074,1,0.595
full4,balanced,short,mixed,20,5,2024,51,-0.059,-0.2,-0.061,0.434,20,0.099,0,0.635
full4,balanced,short,mixed,20,5,2025,50,0.116,0.31,0.11,0.494,20.0,0.136,2,0.64
full4,balanced,short,mixed,20,5,2026,35,-0.281,-0.53,-0.281,0.483,20,0.081,0,0.659
full4,balanced,short,mixed,20,20,ALL,173,-0.517,-1.11,-0.518,0.409,20,0.102,3,0.632
full4,balanced,short,mixed,20,20,P1,91,-0.53,-1.03,-0.529,0.389,20,0.087,1,0.619
full4,balanced,short,mixed,20,20,P2,82,-0.502,-0.63,-0.505,0.432,20.0,0.117,2,0.646
full4,balanced,short,mixed,20,20,2023,40,-0.551,-1.27,-0.547,0.423,20.0,0.074,1,0.595
full4,balanced,short,mixed,20,20,2024,51,-0.513,-0.61,-0.515,0.363,20,0.099,0,0.635
full4,balanced,short,mixed,20,20,2025,50,-0.183,-0.16,-0.188,0.431,20.0,0.136,2,0.64
full4,balanced,short,mixed,20,20,2026,32,-1.001,-1.03,-1.001,0.433,20.0,0.087,0,0.661
full4,balanced,short,mixed,20,63,ALL,165,-0.992,-0.62,-0.987,0.362,20,0.105,3,0.627
full4,balanced,short,mixed,20,63,P1,91,-2.03,-3.12,-2.013,0.33,20,0.087,1,0.619
full4,balanced,short,mixed,20,63,P2,74,0.285,0.09,0.275,0.401,20.0,0.127,2,0.638
full4,balanced,short,mixed,20,63,2023,40,-2.173,-7.37,-2.134,0.354,20.0,0.074,1,0.595
full4,balanced,short,mixed,20,63,2024,51,-1.919,-1.68,-1.918,0.31,20,0.099,0,0.635
full4,balanced,short,mixed,20,63,2025,50,3.481,0.86,3.466,0.448,20.0,0.136,2,0.64
full4,balanced,short,mixed,20,63,2026,24,-6.372,-2.55,-6.372,0.302,20.0,0.109,0,0.641
full4,balanced,short,stock,10,5,ALL,176,0.01,0.05,0.015,0.49,10.0,0.079,1,0.66
full4,balanced,short,stock,10,5,P1,91,0.074,0.31,0.074,0.486,10,0.078,0,0.651
full4,balanced,short,stock,10,5,P2,85,-0.057,-0.15,-0.047,0.494,10,0.08,1,0.669
full4,balanced,short,stock,10,5,2023,40,0.136,0.37,0.142,0.497,10.0,0.06,0,0.623
full4,balanced,short,stock,10,5,2024,51,0.025,0.08,0.02,0.477,10,0.092,0,0.668
full4,balanced,short,stock,10,5,2025,50,0.008,0.02,0.025,0.494,10.0,0.098,1,0.645
full4,balanced,short,stock,10,5,2026,35,-0.15,-0.23,-0.15,0.494,10,0.054,0,0.706
full4,balanced,short,stock,10,20,ALL,173,-0.768,-1.36,-0.769,0.448,10,0.08,1,0.659
full4,balanced,short,stock,10,20,P1,91,-0.23,-0.36,-0.229,0.469,10,0.078,0,0.651
full4,balanced,short,stock,10,20,P2,82,-1.365,-1.44,-1.369,0.424,10.0,0.083,1,0.667
full4,balanced,short,stock,10,20,2023,40,-0.262,-0.35,-0.254,0.467,10.0,0.06,0,0.623
full4,balanced,short,stock,10,20,2024,51,-0.205,-0.21,-0.209,0.472,10,0.092,0,0.668
full4,balanced,short,stock,10,20,2025,50,-1.33,-0.99,-1.336,0.42,10.0,0.098,1,0.645
full4,balanced,short,stock,10,20,2026,32,-1.419,-1.17,-1.419,0.431,10.0,0.059,0,0.703
full4,balanced,short,stock,10,63,ALL,165,-0.188,-0.1,-0.209,0.41,10,0.084,1,0.652
full4,balanced,short,stock,10,63,P1,91,-0.323,-0.34,-0.325,0.405,10,0.078,0,0.651
full4,balanced,short,stock,10,63,P2,74,-0.022,-0.01,-0.067,0.417,10.0,0.09,1,0.652
full4,balanced,short,stock,10,63,2023,40,-0.756,-0.59,-0.753,0.402,10.0,0.06,0,0.623
full4,balanced,short,stock,10,63,2024,51,0.016,0.01,0.011,0.407,10,0.092,0,0.668
full4,balanced,short,stock,10,63,2025,50,3.494,0.69,3.427,0.461,10.0,0.098,1,0.645
full4,balanced,short,stock,10,63,2026,24,-7.347,-2.34,-7.347,0.325,10.0,0.075,0,0.67
full4,balanced,short,stock,20,5,ALL,176,-0.063,-0.33,-0.042,0.479,20.0,0.104,3,0.613
full4,balanced,short,stock,20,5,P1,91,-0.088,-0.43,-0.067,0.466,20,0.09,1,0.602
full4,balanced,short,stock,20,5,P2,85,-0.035,-0.11,-0.015,0.494,20,0.12,2,0.624
full4,balanced,short,stock,20,5,2023,40,-0.206,-0.72,-0.156,0.457,20.0,0.084,1,0.578
full4,balanced,short,stock,20,5,2024,51,0.004,0.01,0.002,0.473,20,0.094,0,0.62
full4,balanced,short,stock,20,5,2025,50,0.07,0.18,0.109,0.494,20.0,0.143,2,0.616
full4,balanced,short,stock,20,5,2026,35,-0.185,-0.32,-0.193,0.493,20,0.087,0,0.641
full4,balanced,short,stock,20,20,ALL,173,-0.44,-0.89,-0.44,0.45,20,0.106,3,0.613
full4,balanced,short,stock,20,20,P1,91,-0.222,-0.39,-0.217,0.464,20,0.09,1,0.602
full4,balanced,short,stock,20,20,P2,82,-0.683,-0.82,-0.686,0.435,20.0,0.124,2,0.625
full4,balanced,short,stock,20,20,2023,40,-0.565,-1.1,-0.553,0.462,20.0,0.084,1,0.578
full4,balanced,short,stock,20,20,2024,51,0.047,0.05,0.046,0.465,20,0.094,0,0.62
full4,balanced,short,stock,20,20,2025,50,-0.472,-0.39,-0.477,0.433,20.0,0.143,2,0.616
full4,balanced,short,stock,20,20,2026,32,-1.012,-1.04,-1.015,0.438,20.0,0.094,0,0.644
full4,balanced,short,stock,20,63,ALL,165,-0.202,-0.12,-0.222,0.409,20,0.11,3,0.61
full4,balanced,short,stock,20,63,P1,91,-0.955,-1.37,-0.922,0.4,20,0.09,1,0.602
full4,balanced,short,stock,20,63,P2,74,0.724,0.2,0.639,0.42,20.0,0.135,2,0.62
full4,balanced,short,stock,20,63,2023,40,-1.565,-2.89,-1.491,0.396,20.0,0.084,1,0.578
full4,balanced,short,stock,20,63,2024,51,-0.477,-0.45,-0.476,0.403,20,0.094,0,0.62
full4,balanced,short,stock,20,63,2025,50,4.011,0.92,3.885,0.467,20.0,0.143,2,0.616
full4,balanced,short,stock,20,63,2026,24,-6.125,-2.31,-6.123,0.322,20.0,0.119,0,0.635
full4,conservative,long,mixed,10,5,ALL,176,-0.293,-2.33,-0.25,0.444,10.0,0.088,1,0.793
full4,conservative,long,mixed,10,5,P1,91,-0.411,-2.71,-0.411,0.434,10,0.055,0,0.779
full4,conservative,long,mixed,10,5,P2,85,-0.166,-0.82,-0.076,0.455,10,0.123,1,0.808
full4,conservative,long,mixed,10,5,2023,40,-0.538,-2.58,-0.538,0.425,10.0,0.039,0,0.759
full4,conservative,long,mixed,10,5,2024,51,-0.312,-1.45,-0.312,0.441,10,0.068,0,0.79
full4,conservative,long,mixed,10,5,2025,50,-0.384,-1.47,-0.232,0.442,10.0,0.13,1,0.786
full4,conservative,long,mixed,10,5,2026,35,0.146,0.47,0.146,0.474,10,0.114,0,0.838
full4,conservative,long,mixed,10,20,ALL,173,-0.998,-2.79,-0.911,0.408,10,0.089,1,0.793
full4,conservative,long,mixed,10,20,P1,91,-1.083,-2.54,-1.083,0.4,10,0.055,0,0.779
full4,conservative,long,mixed,10,20,P2,82,-0.904,-1.54,-0.721,0.417,10.0,0.126,1,0.81
full4,conservative,long,mixed,10,20,2023,40,-1.298,-2.21,-1.298,0.372,10.0,0.039,0,0.759
full4,conservative,long,mixed,10,20,2024,51,-0.915,-1.51,-0.915,0.422,10,0.068,0,0.79
full4,conservative,long,mixed,10,20,2025,50,-0.983,-1.39,-0.683,0.402,10.0,0.13,1,0.786
full4,conservative,long,mixed,10,20,2026,32,-0.78,-0.77,-0.78,0.441,10.0,0.121,0,0.845
full4,conservative,long,mixed,10,63,ALL,165,-2.891,-2.72,-2.906,0.359,10,0.088,1,0.789
full4,conservative,long,mixed,10,63,P1,91,-3.012,-3.42,-3.012,0.348,10,0.055,0,0.779
full4,conservative,long,mixed,10,63,P2,74,-2.744,-1.32,-2.775,0.373,10.0,0.129,1,0.803
full4,conservative,long,mixed,10,63,2023,40,-3.852,-4.69,-3.852,0.297,10.0,0.039,0,0.759
full4,conservative,long,mixed,10,63,2024,51,-2.353,-1.72,-2.353,0.388,10,0.068,0,0.79
full4,conservative,long,mixed,10,63,2025,50,-1.872,-0.69,-1.919,0.394,10.0,0.13,1,0.786
full4,conservative,long,mixed,10,63,2026,24,-4.559,-2.08,-4.559,0.329,10.0,0.128,0,0.835
full4,conservative,long,mixed,20,5,ALL,176,-0.265,-2.27,-0.227,0.451,20.0,0.099,18,0.769
full4,conservative,long,mixed,20,5,P1,91,-0.267,-1.87,-0.276,0.452,20,0.07,9,0.761
full4,conservative,long,mixed,20,5,P2,85,-0.262,-1.4,-0.175,0.449,20,0.13,9,0.778
full4,conservative,long,mixed,20,5,2023,40,-0.44,-2.32,-0.461,0.436,20.0,0.063,7,0.759
full4,conservative,long,mixed,20,5,2024,51,-0.132,-0.64,-0.13,0.464,20,0.076,2,0.759
full4,conservative,long,mixed,20,5,2025,50,-0.371,-1.6,-0.217,0.441,20.0,0.137,6,0.777
full4,conservative,long,mixed,20,5,2026,35,-0.107,-0.35,-0.115,0.462,20,0.119,3,0.777
full4,conservative,long,mixed,20,20,ALL,173,-1.017,-3.02,-0.973,0.409,20,0.1,18,0.769
full4,conservative,long,mixed,20,20,P1,91,-0.936,-2.21,-0.981,0.405,20,0.07,9,0.761
full4,conservative,long,mixed,20,20,P2,82,-1.108,-2.08,-0.963,0.413,20.0,0.134,9,0.779
full4,conservative,long,mixed,20,20,2023,40,-1.066,-2.06,-1.171,0.391,20.0,0.063,7,0.759
full4,conservative,long,mixed,20,20,2024,51,-0.834,-1.3,-0.833,0.416,20,0.076,2,0.759
full4,conservative,long,mixed,20,20,2025,50,-1.157,-1.65,-0.866,0.404,20.0,0.137,6,0.777
full4,conservative,long,mixed,20,20,2026,32,-1.031,-1.29,-1.115,0.426,20.0,0.128,3,0.78
full4,conservative,long,mixed,20,63,ALL,165,-3.084,-3.35,-3.201,0.361,20,0.101,18,0.767
full4,conservative,long,mixed,20,63,P1,91,-2.953,-3.59,-3.01,0.363,20,0.07,9,0.761
full4,conservative,long,mixed,20,63,P2,74,-3.245,-1.83,-3.435,0.359,20.0,0.138,9,0.777
full4,conservative,long,mixed,20,63,2023,40,-3.574,-4.96,-3.709,0.324,20.0,0.063,7,0.759
full4,conservative,long,mixed,20,63,2024,51,-2.465,-1.87,-2.462,0.393,20,0.076,2,0.759
full4,conservative,long,mixed,20,63,2025,50,-2.474,-1.07,-2.63,0.379,20.0,0.137,6,0.777
full4,conservative,long,mixed,20,63,2026,24,-4.85,-2.36,-5.113,0.319,20.0,0.139,3,0.773
full4,conservative,long,stock,10,5,ALL,176,-0.292,-2.28,-0.242,0.447,10.0,0.093,2,0.797
full4,conservative,long,stock,10,5,P1,91,-0.425,-2.77,-0.425,0.442,10,0.066,0,0.78
full4,conservative,long,stock,10,5,P2,85,-0.15,-0.73,-0.046,0.454,10,0.123,2,0.817
full4,conservative,long,stock,10,5,2023,40,-0.608,-2.81,-0.608,0.422,10.0,0.053,0,0.762
full4,conservative,long,stock,10,5,2024,51,-0.281,-1.33,-0.281,0.457,10,0.076,0,0.792
full4,conservative,long,stock,10,5,2025,50,-0.351,-1.29,-0.174,0.441,10.0,0.131,2,0.796
full4,conservative,long,stock,10,5,2026,35,0.136,0.44,0.136,0.471,10,0.111,0,0.844
full4,conservative,long,stock,10,20,ALL,173,-0.918,-2.54,-0.83,0.428,10,0.095,2,0.798
full4,conservative,long,stock,10,20,P1,91,-0.959,-2.22,-0.959,0.429,10,0.066,0,0.78
full4,conservative,long,stock,10,20,P2,82,-0.873,-1.47,-0.688,0.427,10.0,0.126,2,0.819
full4,conservative,long,stock,10,20,2023,40,-1.216,-2.06,-1.216,0.39,10.0,0.053,0,0.762
full4,conservative,long,stock,10,20,2024,51,-0.757,-1.23,-0.757,0.459,10,0.076,0,0.792
full4,conservative,long,stock,10,20,2025,50,-0.936,-1.33,-0.632,0.415,10.0,0.131,2,0.796
full4,conservative,long,stock,10,20,2026,32,-0.775,-0.74,-0.775,0.447,10.0,0.119,0,0.852
full4,conservative,long,stock,10,63,ALL,165,-2.582,-2.52,-2.632,0.379,10,0.094,2,0.794
full4,conservative,long,stock,10,63,P1,91,-2.549,-3.08,-2.549,0.377,10,0.066,0,0.78
full4,conservative,long,stock,10,63,P2,74,-2.622,-1.29,-2.735,0.382,10.0,0.129,2,0.812
full4,conservative,long,stock,10,63,2023,40,-3.398,-4.8,-3.398,0.323,10.0,0.053,0,0.762
full4,conservative,long,stock,10,63,2024,51,-1.883,-1.44,-1.883,0.42,10,0.076,0,0.792
full4,conservative,long,stock,10,63,2025,50,-1.678,-0.64,-1.846,0.403,10.0,0.131,2,0.796
full4,conservative,long,stock,10,63,2026,24,-4.588,-2.03,-4.588,0.337,10.0,0.125,0,0.843
full4,conservative,long,stock,20,5,ALL,176,-0.232,-1.99,-0.181,0.462,20.0,0.102,23,0.772
full4,conservative,long,stock,20,5,P1,91,-0.216,-1.52,-0.221,0.469,20,0.077,14,0.764
full4,conservative,long,stock,20,5,P2,85,-0.249,-1.33,-0.138,0.454,20,0.129,9,0.78
full4,conservative,long,stock,20,5,2023,40,-0.42,-2.24,-0.449,0.449,20.0,0.079,11,0.77
full4,conservative,long,stock,20,5,2024,51,-0.056,-0.27,-0.042,0.485,20,0.075,3,0.758
full4,conservative,long,stock,20,5,2025,50,-0.364,-1.56,-0.165,0.446,20.0,0.139,6,0.776
full4,conservative,long,stock,20,5,2026,35,-0.084,-0.27,-0.101,0.466,20,0.115,3,0.784
full4,conservative,long,stock,20,20,ALL,173,-0.908,-2.73,-0.869,0.431,20,0.104,23,0.772
full4,conservative,long,stock,20,20,P1,91,-0.757,-1.81,-0.816,0.442,20,0.077,14,0.764
full4,conservative,long,stock,20,20,P2,82,-1.075,-2.05,-0.927,0.418,20.0,0.133,9,0.781
full4,conservative,long,stock,20,20,2023,40,-0.942,-1.92,-1.077,0.416,20.0,0.079,11,0.77
full4,conservative,long,stock,20,20,2024,51,-0.612,-0.95,-0.611,0.462,20,0.075,3,0.758
full4,conservative,long,stock,20,20,2025,50,-1.169,-1.71,-0.846,0.411,20.0,0.139,6,0.776
full4,conservative,long,stock,20,20,2026,32,-0.928,-1.16,-1.054,0.43,20.0,0.125,3,0.787
full4,conservative,long,stock,20,63,ALL,165,-2.665,-3.06,-2.822,0.384,20,0.104,23,0.771
full4,conservative,long,stock,20,63,P1,91,-2.354,-2.95,-2.412,0.396,20,0.077,14,0.764
full4,conservative,long,stock,20,63,P2,74,-3.047,-1.84,-3.325,0.369,20.0,0.138,9,0.779
full4,conservative,long,stock,20,63,2023,40,-2.951,-4.96,-3.092,0.357,20.0,0.079,11,0.77
full4,conservative,long,stock,20,63,2024,51,-1.887,-1.45,-1.878,0.427,20,0.075,3,0.758
full4,conservative,long,stock,20,63,2025,50,-2.293,-1.08,-2.533,0.387,20.0,0.139,6,0.776
full4,conservative,long,stock,20,63,2026,24,-4.619,-2.26,-4.976,0.332,20.0,0.135,3,0.783
full4,conservative,mid,mixed,10,5,ALL,176,-0.313,-2.5,-0.315,0.438,10.0,0.089,3,0.8
full4,conservative,mid,mixed,10,5,P1,91,-0.421,-2.75,-0.421,0.435,10,0.061,0,0.791
full4,conservative,mid,mixed,10,5,P2,85,-0.198,-0.99,-0.199,0.442,10,0.119,3,0.811
full4,conservative,mid,mixed,10,5,2023,40,-0.535,-2.48,-0.535,0.435,10.0,0.049,0,0.777
full4,conservative,mid,mixed,10,5,2024,51,-0.332,-1.55,-0.332,0.435,10,0.071,0,0.798
full4,conservative,mid,mixed,10,5,2025,50,-0.449,-1.72,-0.457,0.422,10.0,0.12,3,0.8
full4,conservative,mid,mixed,10,5,2026,35,0.161,0.53,0.161,0.469,10,0.117,0,0.824
full4,conservative,mid,mixed,10,20,ALL,173,-1.09,-3.08,-1.097,0.403,10,0.09,3,0.801
full4,conservative,mid,mixed,10,20,P1,91,-1.123,-2.67,-1.123,0.396,10,0.061,0,0.791
full4,conservative,mid,mixed,10,20,P2,82,-1.053,-1.81,-1.068,0.412,10.0,0.122,3,0.812
full4,conservative,mid,mixed,10,20,2023,40,-1.313,-2.27,-1.313,0.365,10.0,0.049,0,0.777
full4,conservative,mid,mixed,10,20,2024,51,-0.974,-1.62,-0.974,0.42,10,0.071,0,0.798
full4,conservative,mid,mixed,10,20,2025,50,-1.225,-1.83,-1.253,0.384,10.0,0.12,3,0.8
full4,conservative,mid,mixed,10,20,2026,32,-0.784,-0.75,-0.784,0.456,10.0,0.125,0,0.829
full4,conservative,mid,mixed,10,63,ALL,165,-3.086,-2.96,-3.104,0.355,10,0.089,3,0.799
full4,conservative,mid,mixed,10,63,P1,91,-3.138,-3.39,-3.138,0.344,10,0.061,0,0.791
full4,conservative,mid,mixed,10,63,P2,74,-3.021,-1.51,-3.063,0.369,10.0,0.124,3,0.81
full4,conservative,mid,mixed,10,63,2023,40,-4.005,-4.41,-4.005,0.293,10.0,0.049,0,0.777
full4,conservative,mid,mixed,10,63,2024,51,-2.458,-1.73,-2.458,0.384,10,0.071,0,0.798
full4,conservative,mid,mixed,10,63,2025,50,-2.265,-0.87,-2.311,0.388,10.0,0.12,3,0.8
full4,conservative,mid,mixed,10,63,2026,24,-4.597,-2.04,-4.597,0.329,10.0,0.134,0,0.826
full4,conservative,mid,mixed,20,5,ALL,176,-0.281,-2.45,-0.298,0.444,20.0,0.097,31,0.77
full4,conservative,mid,mixed,20,5,P1,91,-0.3,-2.12,-0.321,0.444,20,0.068,19,0.761
full4,conservative,mid,mixed,20,5,P2,85,-0.259,-1.42,-0.274,0.444,20,0.129,12,0.78
full4,conservative,mid,mixed,20,5,2023,40,-0.484,-2.54,-0.528,0.429,20.0,0.062,13,0.76
full4,conservative,mid,mixed,20,5,2024,51,-0.156,-0.78,-0.158,0.456,20,0.072,6,0.759
full4,conservative,mid,mixed,20,5,2025,50,-0.364,-1.57,-0.382,0.434,20.0,0.136,8,0.775
full4,conservative,mid,mixed,20,5,2026,35,-0.11,-0.38,-0.121,0.459,20,0.119,4,0.785
full4,conservative,mid,mixed,20,20,ALL,173,-0.967,-2.91,-1.045,0.41,20,0.099,31,0.77
full4,conservative,mid,mixed,20,20,P1,91,-0.958,-2.44,-1.037,0.406,20,0.068,19,0.761
full4,conservative,mid,mixed,20,20,P2,82,-0.978,-1.78,-1.053,0.414,20.0,0.133,12,0.781
full4,conservative,mid,mixed,20,20,2023,40,-1.111,-2.17,-1.265,0.387,20.0,0.062,13,0.76
full4,conservative,mid,mixed,20,20,2024,51,-0.839,-1.45,-0.858,0.421,20,0.072,6,0.759
full4,conservative,mid,mixed,20,20,2025,50,-1.043,-1.44,-1.077,0.402,20.0,0.136,8,0.775
full4,conservative,mid,mixed,20,20,2026,32,-0.875,-1.07,-1.016,0.432,20.0,0.129,4,0.788
full4,conservative,mid,mixed,20,63,ALL,165,-3.03,-3.31,-3.237,0.364,20,0.099,31,0.769
full4,conservative,mid,mixed,20,63,P1,91,-2.979,-3.67,-3.137,0.36,20,0.068,19,0.761
full4,conservative,mid,mixed,20,63,P2,74,-3.094,-1.76,-3.362,0.369,20.0,0.139,12,0.779
full4,conservative,mid,mixed,20,63,2023,40,-3.575,-4.43,-3.878,0.318,20.0,0.062,13,0.76
full4,conservative,mid,mixed,20,63,2024,51,-2.512,-1.97,-2.555,0.393,20,0.072,6,0.759
full4,conservative,mid,mixed,20,63,2025,50,-2.425,-1.05,-2.608,0.392,20.0,0.136,8,0.775
full4,conservative,mid,mixed,20,63,2026,24,-4.488,-2.13,-4.901,0.323,20.0,0.144,4,0.784
full4,conservative,mid,stock,10,5,ALL,176,-0.296,-2.34,-0.284,0.448,10.0,0.092,5,0.805
full4,conservative,mid,stock,10,5,P1,91,-0.437,-2.82,-0.436,0.443,10,0.066,1,0.791
full4,conservative,mid,stock,10,5,P2,85,-0.145,-0.72,-0.12,0.452,10,0.121,4,0.82
full4,conservative,mid,stock,10,5,2023,40,-0.593,-2.61,-0.592,0.431,10.0,0.053,1,0.782
full4,conservative,mid,stock,10,5,2024,51,-0.314,-1.5,-0.314,0.453,10,0.076,0,0.796
full4,conservative,mid,stock,10,5,2025,50,-0.387,-1.43,-0.349,0.435,10.0,0.127,4,0.812
full4,conservative,mid,stock,10,5,2026,35,0.201,0.69,0.201,0.477,10,0.111,0,0.829
full4,conservative,mid,stock,10,20,ALL,173,-0.927,-2.65,-0.92,0.431,10,0.093,5,0.805
full4,conservative,mid,stock,10,20,P1,91,-0.956,-2.28,-0.952,0.433,10,0.066,1,0.791
full4,conservative,mid,stock,10,20,P2,82,-0.896,-1.56,-0.884,0.428,10.0,0.124,4,0.822
full4,conservative,mid,stock,10,20,2023,40,-1.171,-2.01,-1.164,0.394,10.0,0.053,1,0.782
full4,conservative,mid,stock,10,20,2024,51,-0.786,-1.33,-0.786,0.463,10,0.076,0,0.796
full4,conservative,mid,stock,10,20,2025,50,-1.111,-1.69,-1.097,0.402,10.0,0.127,4,0.812
full4,conservative,mid,stock,10,20,2026,32,-0.559,-0.54,-0.559,0.469,10.0,0.119,0,0.835
full4,conservative,mid,stock,10,63,ALL,165,-2.576,-2.63,-2.61,0.382,10,0.093,5,0.804
full4,conservative,mid,stock,10,63,P1,91,-2.562,-3.06,-2.556,0.38,10,0.066,1,0.791
full4,conservative,mid,stock,10,63,P2,74,-2.594,-1.36,-2.678,0.385,10.0,0.126,4,0.821
full4,conservative,mid,stock,10,63,2023,40,-3.236,-4.49,-3.223,0.329,10.0,0.053,1,0.782
full4,conservative,mid,stock,10,63,2024,51,-2.033,-1.51,-2.033,0.42,10,0.076,0,0.796
full4,conservative,mid,stock,10,63,2025,50,-1.848,-0.76,-1.956,0.404,10.0,0.127,4,0.812
full4,conservative,mid,stock,10,63,2026,24,-4.15,-1.81,-4.15,0.346,10.0,0.125,0,0.835
full4,conservative,mid,stock,20,5,ALL,176,-0.249,-2.21,-0.246,0.458,20.0,0.099,41,0.777
full4,conservative,mid,stock,20,5,P1,91,-0.271,-1.98,-0.291,0.46,20,0.072,25,0.769
full4,conservative,mid,stock,20,5,P2,85,-0.225,-1.24,-0.198,0.455,20,0.128,16,0.786
full4,conservative,mid,stock,20,5,2023,40,-0.459,-2.49,-0.518,0.442,20.0,0.074,18,0.785
full4,conservative,mid,stock,20,5,2024,51,-0.124,-0.64,-0.112,0.475,20,0.071,7,0.755
full4,conservative,mid,stock,20,5,2025,50,-0.309,-1.33,-0.257,0.449,20.0,0.136,11,0.782
full4,conservative,mid,stock,20,5,2026,35,-0.105,-0.36,-0.115,0.464,20,0.117,5,0.788
full4,conservative,mid,stock,20,20,ALL,173,-0.86,-2.66,-0.914,0.433,20,0.1,41,0.777
full4,conservative,mid,stock,20,20,P1,91,-0.793,-2.09,-0.865,0.442,20,0.072,25,0.769
full4,conservative,mid,stock,20,20,P2,82,-0.934,-1.75,-0.968,0.422,20.0,0.132,16,0.787
full4,conservative,mid,stock,20,20,2023,40,-0.913,-1.95,-1.048,0.417,20.0,0.074,18,0.785
full4,conservative,mid,stock,20,20,2024,51,-0.699,-1.22,-0.722,0.462,20,0.071,7,0.755
full4,conservative,mid,stock,20,20,2025,50,-1.013,-1.46,-0.968,0.413,20.0,0.136,11,0.782
full4,conservative,mid,stock,20,20,2026,32,-0.809,-0.99,-0.968,0.436,20.0,0.127,5,0.792
full4,conservative,mid,stock,20,63,ALL,165,-2.593,-3.0,-2.804,0.388,20,0.101,40,0.776
full4,conservative,mid,stock,20,63,P1,91,-2.403,-3.18,-2.535,0.396,20,0.072,25,0.769
full4,conservative,mid,stock,20,63,P2,74,-2.825,-1.7,-3.138,0.379,20.0,0.138,15,0.786
full4,conservative,mid,stock,20,63,2023,40,-2.905,-4.91,-3.144,0.357,20.0,0.074,18,0.785
full4,conservative,mid,stock,20,63,2024,51,-2.01,-1.63,-2.058,0.426,20,0.071,7,0.755
full4,conservative,mid,stock,20,63,2025,50,-2.113,-0.99,-2.329,0.401,20.0,0.136,11,0.782
full4,conservative,mid,stock,20,63,2026,24,-4.31,-2.11,-4.789,0.333,20.0,0.142,4,0.789
full4,conservative,short,mixed,10,5,ALL,176,-0.309,-2.51,-0.312,0.433,10.0,0.087,5,0.801
full4,conservative,short,mixed,10,5,P1,91,-0.452,-2.86,-0.453,0.426,10,0.061,1,0.8
full4,conservative,short,mixed,10,5,P2,85,-0.156,-0.83,-0.159,0.441,10,0.116,4,0.802
full4,conservative,short,mixed,10,5,2023,40,-0.529,-2.32,-0.533,0.428,10.0,0.048,1,0.782
full4,conservative,short,mixed,10,5,2024,51,-0.391,-1.8,-0.391,0.424,10,0.071,0,0.81
full4,conservative,short,mixed,10,5,2025,50,-0.353,-1.49,-0.358,0.416,10.0,0.119,3,0.794
full4,conservative,short,mixed,10,5,2026,35,0.124,0.41,0.119,0.475,10,0.111,1,0.812
full4,conservative,short,mixed,10,20,ALL,173,-0.99,-2.68,-0.995,0.403,10,0.088,5,0.802
full4,conservative,short,mixed,10,20,P1,91,-1.06,-2.48,-1.062,0.395,10,0.061,1,0.8
full4,conservative,short,mixed,10,20,P2,82,-0.913,-1.47,-0.92,0.411,10.0,0.119,4,0.805
full4,conservative,short,mixed,10,20,2023,40,-1.367,-2.33,-1.371,0.358,10.0,0.048,1,0.782
full4,conservative,short,mixed,10,20,2024,51,-0.819,-1.35,-0.819,0.424,10,0.071,0,0.81
full4,conservative,short,mixed,10,20,2025,50,-0.973,-1.31,-0.987,0.389,10.0,0.119,3,0.794
full4,conservative,short,mixed,10,20,2026,32,-0.819,-0.76,-0.816,0.445,10.0,0.119,1,0.819
full4,conservative,short,mixed,10,63,ALL,165,-3.061,-3.02,-3.07,0.359,10,0.087,5,0.8
full4,conservative,short,mixed,10,63,P1,91,-3.01,-3.15,-3.015,0.351,10,0.061,1,0.8
full4,conservative,short,mixed,10,63,P2,74,-3.123,-1.65,-3.139,0.368,10.0,0.12,4,0.801
full4,conservative,short,mixed,10,63,2023,40,-4.08,-4.36,-4.091,0.288,10.0,0.048,1,0.782
full4,conservative,short,mixed,10,63,2024,51,-2.171,-1.51,-2.171,0.4,10,0.071,0,0.81
full4,conservative,short,mixed,10,63,2025,50,-2.447,-0.99,-2.457,0.389,10.0,0.119,3,0.794
full4,conservative,short,mixed,10,63,2026,24,-4.532,-2.14,-4.531,0.326,10.0,0.121,1,0.813
full4,conservative,short,mixed,20,5,ALL,176,-0.261,-2.34,-0.278,0.447,20.0,0.091,62,0.779
full4,conservative,short,mixed,20,5,P1,91,-0.298,-2.23,-0.328,0.445,20,0.06,30,0.768
full4,conservative,short,mixed,20,5,P2,85,-0.221,-1.22,-0.223,0.45,20,0.125,32,0.791
full4,conservative,short,mixed,20,5,2023,40,-0.429,-2.52,-0.508,0.433,19.0,0.059,22,0.762
full4,conservative,short,mixed,20,5,2024,51,-0.195,-0.99,-0.188,0.455,20,0.06,8,0.771
full4,conservative,short,mixed,20,5,2025,50,-0.347,-1.44,-0.365,0.432,20.0,0.134,17,0.785
full4,conservative,short,mixed,20,5,2026,35,-0.041,-0.15,-0.024,0.474,20,0.112,15,0.797
full4,conservative,short,mixed,20,20,ALL,173,-0.884,-2.74,-0.984,0.41,20,0.093,62,0.779
full4,conservative,short,mixed,20,20,P1,91,-0.954,-2.51,-1.108,0.4,20,0.06,30,0.768
full4,conservative,short,mixed,20,20,P2,82,-0.807,-1.51,-0.844,0.422,20.0,0.129,32,0.792
full4,conservative,short,mixed,20,20,2023,40,-1.035,-2.08,-1.341,0.384,19.0,0.059,22,0.762
full4,conservative,short,mixed,20,20,2024,51,-0.891,-1.59,-0.926,0.413,20,0.06,8,0.771
full4,conservative,short,mixed,20,20,2025,50,-0.924,-1.26,-0.89,0.412,20.0,0.134,17,0.785
full4,conservative,short,mixed,20,20,2026,32,-0.623,-0.85,-0.773,0.437,20.0,0.121,15,0.801
full4,conservative,short,mixed,20,63,ALL,165,-2.767,-3.07,-3.056,0.368,20,0.093,61,0.778
full4,conservative,short,mixed,20,63,P1,91,-2.685,-3.32,-2.962,0.363,20,0.06,30,0.768
full4,conservative,short,mixed,20,63,P2,74,-2.867,-1.67,-3.173,0.373,20.0,0.135,31,0.789
full4,conservative,short,mixed,20,63,2023,40,-3.288,-4.05,-3.853,0.315,19.0,0.059,22,0.762
full4,conservative,short,mixed,20,63,2024,51,-2.212,-1.75,-2.263,0.401,20,0.06,8,0.771
full4,conservative,short,mixed,20,63,2025,50,-2.202,-0.98,-2.381,0.397,20.0,0.134,17,0.785
full4,conservative,short,mixed,20,63,2026,24,-4.251,-2.08,-4.791,0.323,18.5,0.138,14,0.795
full4,conservative,short,stock,10,5,ALL,176,-0.262,-2.14,-0.25,0.448,10.0,0.094,10,0.805
full4,conservative,short,stock,10,5,P1,91,-0.437,-2.82,-0.432,0.441,10,0.068,4,0.799
full4,conservative,short,stock,10,5,P2,85,-0.074,-0.39,-0.054,0.455,10,0.122,6,0.812
full4,conservative,short,stock,10,5,2023,40,-0.564,-2.44,-0.552,0.438,10.0,0.064,4,0.789
full4,conservative,short,stock,10,5,2024,51,-0.338,-1.63,-0.338,0.443,10,0.071,0,0.804
full4,conservative,short,stock,10,5,2025,50,-0.284,-1.14,-0.24,0.431,10.0,0.127,4,0.81
full4,conservative,short,stock,10,5,2026,35,0.225,0.79,0.207,0.488,10,0.115,2,0.812
full4,conservative,short,stock,10,20,ALL,173,-0.85,-2.4,-0.856,0.429,10,0.095,10,0.806
full4,conservative,short,stock,10,20,P1,91,-0.919,-2.18,-0.925,0.432,10,0.068,4,0.799
full4,conservative,short,stock,10,20,P2,82,-0.774,-1.33,-0.778,0.427,10.0,0.126,6,0.815
full4,conservative,short,stock,10,20,2023,40,-1.245,-2.12,-1.259,0.39,10.0,0.064,4,0.789
full4,conservative,short,stock,10,20,2024,51,-0.663,-1.13,-0.663,0.465,10,0.071,0,0.804
full4,conservative,short,stock,10,20,2025,50,-0.939,-1.39,-0.914,0.404,10.0,0.127,4,0.81
full4,conservative,short,stock,10,20,2026,32,-0.516,-0.5,-0.571,0.461,10.0,0.123,2,0.819
full4,conservative,short,stock,10,63,ALL,165,-2.445,-2.57,-2.476,0.392,10,0.094,10,0.805
full4,conservative,short,stock,10,63,P1,91,-2.206,-2.57,-2.18,0.396,10,0.068,4,0.799
full4,conservative,short,stock,10,63,P2,74,-2.74,-1.51,-2.846,0.386,10.0,0.127,6,0.814
full4,conservative,short,stock,10,63,2023,40,-2.993,-4.12,-2.934,0.344,10.0,0.064,4,0.789
full4,conservative,short,stock,10,63,2024,51,-1.588,-1.16,-1.588,0.437,10,0.071,0,0.804
full4,conservative,short,stock,10,63,2025,50,-2.118,-0.9,-2.205,0.402,10.0,0.127,4,0.81
full4,conservative,short,stock,10,63,2026,24,-4.038,-1.88,-4.155,0.352,10.0,0.127,2,0.817
full4,conservative,short,stock,20,5,ALL,176,-0.228,-2.15,-0.236,0.461,20.0,0.095,70,0.785
full4,conservative,short,stock,20,5,P1,91,-0.284,-2.24,-0.321,0.463,20,0.066,35,0.776
full4,conservative,short,stock,20,5,P2,85,-0.168,-0.97,-0.145,0.46,20,0.127,35,0.794
full4,conservative,short,stock,20,5,2023,40,-0.399,-2.47,-0.516,0.449,16.0,0.068,26,0.786
full4,conservative,short,stock,20,5,2024,51,-0.194,-1.04,-0.169,0.473,20,0.065,9,0.768
full4,conservative,short,stock,20,5,2025,50,-0.26,-1.16,-0.231,0.446,20.0,0.136,20,0.788
full4,conservative,short,stock,20,5,2026,35,-0.036,-0.13,-0.023,0.479,20,0.114,15,0.801
full4,conservative,short,stock,20,20,ALL,173,-0.767,-2.49,-0.875,0.435,20,0.097,70,0.786
full4,conservative,short,stock,20,20,P1,91,-0.803,-2.18,-0.989,0.437,20,0.066,35,0.776
full4,conservative,short,stock,20,20,P2,82,-0.727,-1.45,-0.748,0.433,20.0,0.131,35,0.796
full4,conservative,short,stock,20,20,2023,40,-0.866,-1.87,-1.233,0.414,16.0,0.068,26,0.786
full4,conservative,short,stock,20,20,2024,51,-0.755,-1.36,-0.797,0.456,20,0.065,9,0.768
full4,conservative,short,stock,20,20,2025,50,-0.837,-1.23,-0.773,0.424,20.0,0.136,20,0.788
full4,conservative,short,stock,20,20,2026,32,-0.556,-0.78,-0.708,0.447,20.0,0.123,15,0.806
full4,conservative,short,stock,20,63,ALL,165,-2.3,-2.75,-2.616,0.394,20,0.098,69,0.784
full4,conservative,short,stock,20,63,P1,91,-2.173,-2.89,-2.412,0.399,20,0.066,35,0.776
full4,conservative,short,stock,20,63,P2,74,-2.456,-1.54,-2.87,0.388,20.0,0.137,34,0.794
full4,conservative,short,stock,20,63,2023,40,-2.485,-4.72,-2.963,0.357,16.0,0.068,26,0.786
full4,conservative,short,stock,20,63,2024,51,-1.929,-1.51,-1.981,0.432,20,0.065,9,0.768
full4,conservative,short,stock,20,63,2025,50,-1.715,-0.84,-2.031,0.413,20.0,0.136,20,0.788
full4,conservative,short,stock,20,63,2026,24,-4.0,-1.97,-4.583,0.339,18.0,0.138,14,0.804
g3,aggressive,long,mixed,10,5,ALL,176,-0.067,-0.24,-0.065,0.46,10.0,0.085,0,0.594
g3,aggressive,long,mixed,10,5,P1,91,-0.234,-0.84,-0.231,0.435,10,0.068,0,0.567
g3,aggressive,long,mixed,10,5,P2,85,0.111,0.23,0.113,0.487,10,0.104,0,0.621
g3,aggressive,long,mixed,10,5,2023,40,-0.376,-1.09,-0.374,0.427,10.0,0.073,0,0.556
g3,aggressive,long,mixed,10,5,2024,51,-0.121,-0.29,-0.119,0.442,10,0.063,0,0.58
g3,aggressive,long,mixed,10,5,2025,50,0.013,0.02,0.03,0.482,10.0,0.134,0,0.618
g3,aggressive,long,mixed,10,5,2026,35,0.252,0.27,0.231,0.495,10,0.061,0,0.624
g3,aggressive,long,mixed,10,20,ALL,173,-0.332,-0.44,-0.34,0.401,10,0.087,0,0.594
g3,aggressive,long,mixed,10,20,P1,91,-0.396,-0.58,-0.4,0.405,10,0.068,0,0.567
g3,aggressive,long,mixed,10,20,P2,82,-0.261,-0.18,-0.274,0.397,10.0,0.108,0,0.622
g3,aggressive,long,mixed,10,20,2023,40,-1.136,-2.49,-1.146,0.428,10.0,0.073,0,0.556
g3,aggressive,long,mixed,10,20,2024,51,0.185,0.16,0.185,0.387,10,0.063,0,0.58
g3,aggressive,long,mixed,10,20,2025,50,-0.838,-0.53,-0.857,0.361,10.0,0.134,0,0.618
g3,aggressive,long,mixed,10,20,2026,32,0.641,0.24,0.638,0.455,10.0,0.066,0,0.626
g3,aggressive,long,mixed,10,63,ALL,165,-1.265,-0.77,-1.262,0.354,10,0.089,0,0.586
g3,aggressive,long,mixed,10,63,P1,91,-1.708,-1.83,-1.699,0.343,10,0.068,0,0.567
g3,aggressive,long,mixed,10,63,P2,74,-0.72,-0.21,-0.724,0.367,10.0,0.115,0,0.608
g3,aggressive,long,mixed,10,63,2023,40,-1.779,-1.41,-1.783,0.386,10.0,0.073,0,0.556
g3,aggressive,long,mixed,10,63,2024,51,-1.653,-1.4,-1.633,0.309,10,0.063,0,0.58
g3,aggressive,long,mixed,10,63,2025,50,0.46,0.11,0.436,0.387,10.0,0.134,0,0.618
g3,aggressive,long,mixed,10,63,2026,24,-3.178,-0.54,-3.142,0.326,10.0,0.076,0,0.583
g3,aggressive,long,mixed,20,5,ALL,176,-0.071,-0.32,-0.071,0.458,20.0,0.108,0,0.559
g3,aggressive,long,mixed,20,5,P1,91,-0.197,-0.88,-0.197,0.436,20,0.077,0,0.544
g3,aggressive,long,mixed,20,5,P2,85,0.064,0.16,0.063,0.481,20,0.142,0,0.573
g3,aggressive,long,mixed,20,5,2023,40,-0.3,-1.09,-0.298,0.437,20.0,0.08,0,0.545
g3,aggressive,long,mixed,20,5,2024,51,-0.117,-0.35,-0.117,0.436,20,0.074,0,0.544
g3,aggressive,long,mixed,20,5,2025,50,-0.003,-0.01,0.001,0.475,20.0,0.17,0,0.573
g3,aggressive,long,mixed,20,5,2026,35,0.159,0.2,0.15,0.49,20,0.103,0,0.575
g3,aggressive,long,mixed,20,20,ALL,173,-0.046,-0.07,-0.048,0.423,20,0.11,0,0.558
g3,aggressive,long,mixed,20,20,P1,91,-0.341,-0.53,-0.342,0.411,20,0.077,0,0.544
g3,aggressive,long,mixed,20,20,P2,82,0.281,0.25,0.279,0.436,20.0,0.147,0,0.573
g3,aggressive,long,mixed,20,20,2023,40,-1.24,-3.42,-1.245,0.418,20.0,0.08,0,0.545
g3,aggressive,long,mixed,20,20,2024,51,0.364,0.34,0.366,0.405,20,0.074,0,0.544
g3,aggressive,long,mixed,20,20,2025,50,0.023,0.02,0.022,0.418,20.0,0.17,0,0.573
g3,aggressive,long,mixed,20,20,2026,32,0.684,0.31,0.68,0.465,20.0,0.111,0,0.574
g3,aggressive,long,mixed,20,63,ALL,165,-0.105,-0.07,-0.104,0.384,20,0.112,0,0.553
g3,aggressive,long,mixed,20,63,P1,91,-0.94,-0.87,-0.94,0.369,20,0.077,0,0.544
g3,aggressive,long,mixed,20,63,P2,74,0.921,0.3,0.925,0.402,20.0,0.156,0,0.563
g3,aggressive,long,mixed,20,63,2023,40,-1.374,-0.97,-1.38,0.398,20.0,0.08,0,0.545
g3,aggressive,long,mixed,20,63,2024,51,-0.6,-0.45,-0.595,0.347,20,0.074,0,0.544
g3,aggressive,long,mixed,20,63,2025,50,2.306,0.69,2.301,0.429,20.0,0.17,0,0.573
g3,aggressive,long,mixed,20,63,2026,24,-1.963,-0.31,-1.943,0.346,20.0,0.129,0,0.543
g3,aggressive,long,stock,10,5,ALL,176,0.054,0.18,0.057,0.474,10.0,0.088,1,0.578
g3,aggressive,long,stock,10,5,P1,91,-0.097,-0.34,-0.095,0.467,10,0.071,0,0.554
g3,aggressive,long,stock,10,5,P2,85,0.216,0.41,0.219,0.481,10,0.106,1,0.602
g3,aggressive,long,stock,10,5,2023,40,-0.273,-0.72,-0.272,0.464,10.0,0.08,0,0.533
g3,aggressive,long,stock,10,5,2024,51,0.042,0.1,0.044,0.47,10,0.065,0,0.572
g3,aggressive,long,stock,10,5,2025,50,-0.052,-0.1,-0.033,0.472,10.0,0.132,1,0.6
g3,aggressive,long,stock,10,5,2026,35,0.599,0.58,0.578,0.492,10,0.069,0,0.603
g3,aggressive,long,stock,10,20,ALL,173,0.02,0.02,0.012,0.457,10,0.09,1,0.578
g3,aggressive,long,stock,10,20,P1,91,0.13,0.17,0.125,0.493,10,0.071,0,0.554
g3,aggressive,long,stock,10,20,P2,82,-0.103,-0.07,-0.115,0.416,10.0,0.11,1,0.602
g3,aggressive,long,stock,10,20,2023,40,-1.09,-2.08,-1.103,0.453,10.0,0.08,0,0.533
g3,aggressive,long,stock,10,20,2024,51,1.087,0.86,1.089,0.524,10,0.065,0,0.572
g3,aggressive,long,stock,10,20,2025,50,-0.942,-0.57,-0.956,0.384,10.0,0.132,1,0.6
g3,aggressive,long,stock,10,20,2026,32,1.208,0.45,1.201,0.467,10.0,0.075,0,0.603
g3,aggressive,long,stock,10,63,ALL,165,0.85,0.46,0.86,0.426,10,0.092,1,0.57
g3,aggressive,long,stock,10,63,P1,91,0.959,0.67,0.971,0.446,10,0.071,0,0.554
g3,aggressive,long,stock,10,63,P2,74,0.716,0.19,0.723,0.4,10.0,0.118,1,0.588
g3,aggressive,long,stock,10,63,2023,40,0.4,0.2,0.394,0.449,10.0,0.08,0,0.533
g3,aggressive,long,stock,10,63,2024,51,1.398,0.85,1.424,0.444,10,0.065,0,0.572
g3,aggressive,long,stock,10,63,2025,50,1.738,0.4,1.694,0.416,10.0,0.132,1,0.6
g3,aggressive,long,stock,10,63,2026,24,-1.413,-0.21,-1.302,0.369,10.0,0.088,0,0.557
g3,aggressive,long,stock,20,5,ALL,176,0.014,0.06,0.015,0.478,20.0,0.111,1,0.542
g3,aggressive,long,stock,20,5,P1,91,-0.029,-0.12,-0.028,0.467,20,0.079,0,0.529
g3,aggressive,long,stock,20,5,P2,85,0.059,0.14,0.06,0.489,20,0.146,1,0.557
g3,aggressive,long,stock,20,5,2023,40,-0.239,-0.81,-0.238,0.461,20.0,0.08,0,0.535
g3,aggressive,long,stock,20,5,2024,51,0.136,0.41,0.137,0.472,20,0.077,0,0.525
g3,aggressive,long,stock,20,5,2025,50,0.012,0.03,0.022,0.484,20.0,0.173,1,0.554
g3,aggressive,long,stock,20,5,2026,35,0.127,0.15,0.115,0.496,20,0.106,0,0.563
g3,aggressive,long,stock,20,20,ALL,173,0.218,0.34,0.201,0.469,20,0.113,1,0.542
g3,aggressive,long,stock,20,20,P1,91,0.173,0.26,0.172,0.486,20,0.079,0,0.529
g3,aggressive,long,stock,20,20,P2,82,0.269,0.24,0.233,0.45,20.0,0.15,1,0.557
g3,aggressive,long,stock,20,20,2023,40,-1.043,-3.18,-1.048,0.44,20.0,0.08,0,0.535
g3,aggressive,long,stock,20,20,2024,51,1.127,1.03,1.128,0.521,20,0.077,0,0.525
g3,aggressive,long,stock,20,20,2025,50,0.116,0.1,0.064,0.443,20.0,0.173,1,0.554
g3,aggressive,long,stock,20,20,2026,32,0.507,0.23,0.496,0.461,20.0,0.114,0,0.565
g3,aggressive,long,stock,20,63,ALL,165,1.252,0.76,1.21,0.445,20,0.115,1,0.537
g3,aggressive,long,stock,20,63,P1,91,1.072,0.84,1.073,0.464,20,0.079,0,0.529
g3,aggressive,long,stock,20,63,P2,74,1.474,0.45,1.378,0.422,20.0,0.16,1,0.547
g3,aggressive,long,stock,20,63,2023,40,-0.081,-0.04,-0.086,0.444,20.0,0.08,0,0.535
g3,aggressive,long,stock,20,63,2024,51,1.976,1.52,1.982,0.48,20,0.077,0,0.525
g3,aggressive,long,stock,20,63,2025,50,3.16,0.92,3.008,0.446,20.0,0.173,1,0.554
g3,aggressive,long,stock,20,63,2026,24,-2.039,-0.3,-2.018,0.372,20.0,0.133,0,0.537
g3,aggressive,mid,mixed,10,5,ALL,176,-0.214,-0.85,-0.211,0.448,10.0,0.084,0,0.617
g3,aggressive,mid,mixed,10,5,P1,91,-0.249,-1.01,-0.246,0.424,10,0.067,0,0.6
g3,aggressive,mid,mixed,10,5,P2,85,-0.178,-0.4,-0.174,0.474,10,0.101,0,0.635
g3,aggressive,mid,mixed,10,5,2023,40,-0.287,-0.87,-0.285,0.424,10.0,0.075,0,0.592
g3,aggressive,mid,mixed,10,5,2024,51,-0.218,-0.62,-0.216,0.425,10,0.061,0,0.608
g3,aggressive,mid,mixed,10,5,2025,50,-0.148,-0.3,-0.127,0.474,10.0,0.138,0,0.631
g3,aggressive,mid,mixed,10,5,2026,35,-0.22,-0.26,-0.241,0.475,10,0.048,0,0.638
g3,aggressive,mid,mixed,10,20,ALL,173,-0.612,-0.89,-0.619,0.39,10,0.085,0,0.616
g3,aggressive,mid,mixed,10,20,P1,91,-0.445,-0.7,-0.446,0.398,10,0.067,0,0.6
g3,aggressive,mid,mixed,10,20,P2,82,-0.797,-0.63,-0.811,0.382,10.0,0.104,0,0.633
g3,aggressive,mid,mixed,10,20,2023,40,-1.041,-2.41,-1.05,0.423,10.0,0.075,0,0.592
g3,aggressive,mid,mixed,10,20,2024,51,0.023,0.02,0.028,0.377,10,0.061,0,0.608
g3,aggressive,mid,mixed,10,20,2025,50,-1.144,-0.83,-1.162,0.35,10.0,0.138,0,0.631
g3,aggressive,mid,mixed,10,20,2026,32,-0.255,-0.1,-0.262,0.433,10.0,0.053,0,0.635
g3,aggressive,mid,mixed,10,63,ALL,165,-1.874,-1.14,-1.878,0.343,10,0.087,0,0.609
g3,aggressive,mid,mixed,10,63,P1,91,-1.897,-2.44,-1.886,0.34,10,0.067,0,0.6
g3,aggressive,mid,mixed,10,63,P2,74,-1.846,-0.52,-1.868,0.346,10.0,0.112,0,0.619
g3,aggressive,mid,mixed,10,63,2023,40,-1.908,-1.94,-1.913,0.394,10.0,0.075,0,0.592
g3,aggressive,mid,mixed,10,63,2024,51,-1.889,-1.67,-1.865,0.297,10,0.061,0,0.608
g3,aggressive,mid,mixed,10,63,2025,50,0.022,0.01,-0.02,0.376,10.0,0.138,0,0.631
g3,aggressive,mid,mixed,10,63,2026,24,-5.739,-1.04,-5.719,0.284,10.0,0.058,0,0.591
g3,aggressive,mid,mixed,20,5,ALL,176,-0.159,-0.74,-0.159,0.455,20.0,0.105,0,0.577
g3,aggressive,mid,mixed,20,5,P1,91,-0.191,-0.87,-0.19,0.431,20,0.076,0,0.563
g3,aggressive,mid,mixed,20,5,P2,85,-0.124,-0.33,-0.125,0.479,20,0.135,0,0.593
g3,aggressive,mid,mixed,20,5,2023,40,-0.253,-0.9,-0.251,0.433,20.0,0.073,0,0.558
g3,aggressive,mid,mixed,20,5,2024,51,-0.142,-0.44,-0.142,0.43,20,0.079,0,0.567
g3,aggressive,mid,mixed,20,5,2025,50,-0.165,-0.43,-0.16,0.476,20.0,0.17,0,0.588
g3,aggressive,mid,mixed,20,5,2026,35,-0.066,-0.09,-0.074,0.484,20,0.084,0,0.606
g3,aggressive,mid,mixed,20,20,ALL,173,-0.492,-0.82,-0.493,0.409,20,0.106,0,0.576
g3,aggressive,mid,mixed,20,20,P1,91,-0.492,-0.81,-0.493,0.404,20,0.076,0,0.563
g3,aggressive,mid,mixed,20,20,P2,82,-0.493,-0.46,-0.494,0.414,20.0,0.139,0,0.591
g3,aggressive,mid,mixed,20,20,2023,40,-1.16,-3.99,-1.165,0.42,20.0,0.073,0,0.558
g3,aggressive,mid,mixed,20,20,2024,51,0.032,0.03,0.034,0.392,20,0.079,0,0.567
g3,aggressive,mid,mixed,20,20,2025,50,-0.692,-0.61,-0.692,0.399,20.0,0.17,0,0.588
g3,aggressive,mid,mixed,20,20,2026,32,-0.181,-0.09,-0.184,0.438,20.0,0.09,0,0.603
g3,aggressive,mid,mixed,20,63,ALL,165,-0.87,-0.55,-0.867,0.369,20,0.109,0,0.569
g3,aggressive,mid,mixed,20,63,P1,91,-1.742,-2.0,-1.744,0.352,20,0.076,0,0.563
g3,aggressive,mid,mixed,20,63,P2,74,0.204,0.06,0.211,0.391,20.0,0.148,0,0.576
g3,aggressive,mid,mixed,20,63,2023,40,-2.193,-2.0,-2.202,0.382,20.0,0.073,0,0.558
g3,aggressive,mid,mixed,20,63,2024,51,-1.389,-1.23,-1.384,0.328,20,0.079,0,0.567
g3,aggressive,mid,mixed,20,63,2025,50,1.852,0.5,1.851,0.424,20.0,0.17,0,0.588
g3,aggressive,mid,mixed,20,63,2026,24,-3.231,-0.56,-3.208,0.321,20.0,0.103,0,0.559
g3,aggressive,mid,stock,10,5,ALL,176,-0.063,-0.23,-0.06,0.469,10.0,0.09,1,0.6
g3,aggressive,mid,stock,10,5,P1,91,-0.093,-0.36,-0.09,0.463,10,0.074,0,0.583
g3,aggressive,mid,stock,10,5,P2,85,-0.031,-0.06,-0.028,0.475,10,0.107,1,0.617
g3,aggressive,mid,stock,10,5,2023,40,-0.091,-0.24,-0.087,0.462,10.0,0.083,0,0.567
g3,aggressive,mid,stock,10,5,2024,51,-0.095,-0.26,-0.093,0.464,10,0.067,0,0.598
g3,aggressive,mid,stock,10,5,2025,50,-0.081,-0.16,-0.061,0.474,10.0,0.144,1,0.618
g3,aggressive,mid,stock,10,5,2026,35,0.04,0.04,0.019,0.477,10,0.054,0,0.615
g3,aggressive,mid,stock,10,20,ALL,173,-0.104,-0.13,-0.115,0.454,10,0.091,1,0.599
g3,aggressive,mid,stock,10,20,P1,91,0.194,0.27,0.189,0.493,10,0.074,0,0.583
g3,aggressive,mid,stock,10,20,P2,82,-0.434,-0.3,-0.453,0.411,10.0,0.111,1,0.616
g3,aggressive,mid,stock,10,20,2023,40,-0.805,-1.52,-0.819,0.458,10.0,0.083,0,0.567
g3,aggressive,mid,stock,10,20,2024,51,0.976,0.84,0.979,0.521,10,0.067,0,0.598
g3,aggressive,mid,stock,10,20,2025,50,-0.852,-0.51,-0.877,0.385,10.0,0.144,1,0.618
g3,aggressive,mid,stock,10,20,2026,32,0.219,0.09,0.21,0.451,10.0,0.059,0,0.613
g3,aggressive,mid,stock,10,63,ALL,165,-0.011,-0.01,-0.029,0.417,10,0.094,1,0.591
g3,aggressive,mid,stock,10,63,P1,91,0.602,0.48,0.605,0.445,10,0.074,0,0.583
g3,aggressive,mid,stock,10,63,P2,74,-0.765,-0.2,-0.808,0.383,10.0,0.119,1,0.6
g3,aggressive,mid,stock,10,63,2023,40,0.082,0.05,0.06,0.456,10.0,0.083,0,0.567
g3,aggressive,mid,stock,10,63,2024,51,1.01,0.67,1.033,0.436,10,0.067,0,0.598
g3,aggressive,mid,stock,10,63,2025,50,1.43,0.31,1.362,0.41,10.0,0.144,1,0.618
g3,aggressive,mid,stock,10,63,2026,24,-5.338,-0.94,-5.329,0.326,10.0,0.067,0,0.561
g3,aggressive,mid,stock,20,5,ALL,176,-0.059,-0.26,-0.058,0.474,20.0,0.112,1,0.561
g3,aggressive,mid,stock,20,5,P1,91,-0.128,-0.57,-0.128,0.462,20,0.085,0,0.553
g3,aggressive,mid,stock,20,5,P2,85,0.016,0.04,0.018,0.487,20,0.141,1,0.569
g3,aggressive,mid,stock,20,5,2023,40,-0.226,-0.72,-0.224,0.456,20.0,0.08,0,0.546
g3,aggressive,mid,stock,20,5,2024,51,-0.052,-0.16,-0.053,0.467,20,0.088,0,0.56
g3,aggressive,mid,stock,20,5,2025,50,0.032,0.08,0.041,0.489,20.0,0.173,1,0.571
g3,aggressive,mid,stock,20,5,2026,35,-0.007,-0.01,-0.017,0.485,20,0.094,0,0.571
g3,aggressive,mid,stock,20,20,ALL,173,-0.141,-0.23,-0.158,0.455,20,0.113,1,0.562
g3,aggressive,mid,stock,20,20,P1,91,-0.025,-0.04,-0.026,0.474,20,0.085,0,0.553
g3,aggressive,mid,stock,20,20,P2,82,-0.27,-0.25,-0.304,0.435,20.0,0.145,1,0.572
g3,aggressive,mid,stock,20,20,2023,40,-0.983,-3.23,-0.989,0.437,20.0,0.08,0,0.546
g3,aggressive,mid,stock,20,20,2024,51,0.726,0.69,0.728,0.502,20,0.088,0,0.56
g3,aggressive,mid,stock,20,20,2025,50,-0.398,-0.34,-0.449,0.425,20.0,0.173,1,0.571
g3,aggressive,mid,stock,20,20,2026,32,-0.07,-0.03,-0.076,0.449,20.0,0.102,0,0.577
g3,aggressive,mid,stock,20,63,ALL,165,0.684,0.42,0.645,0.43,20,0.116,1,0.556
g3,aggressive,mid,stock,20,63,P1,91,0.458,0.41,0.46,0.447,20,0.085,0,0.553
g3,aggressive,mid,stock,20,63,P2,74,0.961,0.29,0.871,0.41,20.0,0.155,1,0.561
g3,aggressive,mid,stock,20,63,2023,40,-0.685,-0.45,-0.687,0.428,20.0,0.08,0,0.546
g3,aggressive,mid,stock,20,63,2024,51,1.355,1.16,1.36,0.461,20,0.088,0,0.56
g3,aggressive,mid,stock,20,63,2025,50,2.628,0.7,2.481,0.437,20.0,0.173,1,0.571
g3,aggressive,mid,stock,20,63,2026,24,-2.513,-0.4,-2.482,0.353,20.0,0.117,0,0.546
g3,aggressive,short,mixed,10,5,ALL,176,-0.096,-0.4,-0.096,0.47,10.0,0.06,0,0.644
g3,aggressive,short,mixed,10,5,P1,91,0.005,0.02,0.005,0.444,10,0.061,0,0.618
g3,aggressive,short,mixed,10,5,P2,85,-0.205,-0.49,-0.205,0.498,10,0.058,0,0.671
g3,aggressive,short,mixed,10,5,2023,40,0.175,0.51,0.175,0.46,10.0,0.046,0,0.608
g3,aggressive,short,mixed,10,5,2024,51,-0.128,-0.36,-0.128,0.432,10,0.073,0,0.626
g3,aggressive,short,mixed,10,5,2025,50,0.047,0.09,0.047,0.502,10.0,0.083,0,0.671
g3,aggressive,short,mixed,10,5,2026,35,-0.565,-0.85,-0.565,0.491,10,0.023,0,0.676
g3,aggressive,short,mixed,10,20,ALL,173,-0.788,-1.29,-0.789,0.406,10,0.061,0,0.643
g3,aggressive,short,mixed,10,20,P1,91,-0.125,-0.19,-0.127,0.413,10,0.061,0,0.618
g3,aggressive,short,mixed,10,20,P2,82,-1.524,-1.46,-1.524,0.399,10.0,0.06,0,0.67
g3,aggressive,short,mixed,10,20,2023,40,-0.207,-0.33,-0.207,0.458,10.0,0.046,0,0.608
g3,aggressive,short,mixed,10,20,2024,51,-0.062,-0.06,-0.064,0.377,10,0.073,0,0.626
g3,aggressive,short,mixed,10,20,2025,50,-1.407,-1.02,-1.407,0.378,10.0,0.083,0,0.671
g3,aggressive,short,mixed,10,20,2026,32,-1.708,-1.08,-1.708,0.431,10.0,0.025,0,0.674
g3,aggressive,short,mixed,10,63,ALL,165,-1.963,-1.13,-1.963,0.336,10,0.063,0,0.64
g3,aggressive,short,mixed,10,63,P1,91,-1.604,-1.72,-1.602,0.326,10,0.061,0,0.618
g3,aggressive,short,mixed,10,63,P2,74,-2.405,-0.65,-2.405,0.349,10.0,0.066,0,0.666
g3,aggressive,short,mixed,10,63,2023,40,-1.727,-2.01,-1.727,0.372,10.0,0.046,0,0.608
g3,aggressive,short,mixed,10,63,2024,51,-1.508,-0.99,-1.505,0.289,10,0.073,0,0.626
g3,aggressive,short,mixed,10,63,2025,50,0.242,0.05,0.242,0.402,10.0,0.083,0,0.671
g3,aggressive,short,mixed,10,63,2026,24,-7.922,-1.84,-7.922,0.238,10.0,0.03,0,0.661
g3,aggressive,short,mixed,20,5,ALL,176,-0.127,-0.67,-0.128,0.462,20.0,0.089,0,0.603
g3,aggressive,short,mixed,20,5,P1,91,-0.059,-0.27,-0.058,0.438,20,0.082,0,0.591
g3,aggressive,short,mixed,20,5,P2,85,-0.2,-0.63,-0.202,0.488,20,0.095,0,0.617
g3,aggressive,short,mixed,20,5,2023,40,-0.018,-0.07,-0.016,0.458,20.0,0.077,0,0.564
g3,aggressive,short,mixed,20,5,2024,51,-0.092,-0.28,-0.091,0.422,20,0.086,0,0.61
g3,aggressive,short,mixed,20,5,2025,50,-0.079,-0.21,-0.083,0.491,20.0,0.123,0,0.611
g3,aggressive,short,mixed,20,5,2026,35,-0.373,-0.7,-0.373,0.484,20,0.056,0,0.626
g3,aggressive,short,mixed,20,20,ALL,173,-0.644,-1.23,-0.644,0.409,20,0.09,0,0.601
g3,aggressive,short,mixed,20,20,P1,91,-0.514,-0.95,-0.514,0.405,20,0.082,0,0.591
g3,aggressive,short,mixed,20,20,P2,82,-0.79,-0.85,-0.79,0.413,20.0,0.099,0,0.612
g3,aggressive,short,mixed,20,20,2023,40,-0.587,-1.28,-0.588,0.437,20.0,0.077,0,0.564
g3,aggressive,short,mixed,20,20,2024,51,-0.456,-0.52,-0.455,0.38,20,0.086,0,0.61
g3,aggressive,short,mixed,20,20,2025,50,-0.114,-0.09,-0.114,0.416,20.0,0.123,0,0.611
g3,aggressive,short,mixed,20,20,2026,32,-1.846,-1.44,-1.846,0.409,20.0,0.061,0,0.616
g3,aggressive,short,mixed,20,63,ALL,165,-1.581,-0.97,-1.577,0.352,20,0.093,0,0.599
g3,aggressive,short,mixed,20,63,P1,91,-2.108,-3.16,-2.108,0.327,20,0.082,0,0.591
g3,aggressive,short,mixed,20,63,P2,74,-0.934,-0.27,-0.925,0.383,20.0,0.107,0,0.608
g3,aggressive,short,mixed,20,63,2023,40,-1.857,-2.61,-1.86,0.367,20.0,0.077,0,0.564
g3,aggressive,short,mixed,20,63,2024,51,-2.304,-2.2,-2.302,0.296,20,0.086,0,0.61
g3,aggressive,short,mixed,20,63,2025,50,2.027,0.49,2.041,0.426,20.0,0.123,0,0.611
g3,aggressive,short,mixed,20,63,2026,24,-7.104,-1.89,-7.104,0.296,20.0,0.075,0,0.604
g3,aggressive,short,stock,10,5,ALL,176,-0.091,-0.37,-0.091,0.48,10.0,0.065,0,0.637
g3,aggressive,short,stock,10,5,P1,91,-0.058,-0.22,-0.058,0.461,10,0.064,0,0.62
g3,aggressive,short,stock,10,5,P2,85,-0.126,-0.29,-0.126,0.5,10,0.067,0,0.654
g3,aggressive,short,stock,10,5,2023,40,0.028,0.07,0.028,0.47,10.0,0.05,0,0.605
g3,aggressive,short,stock,10,5,2024,51,-0.126,-0.35,-0.125,0.454,10,0.075,0,0.63
g3,aggressive,short,stock,10,5,2025,50,0.133,0.24,0.133,0.51,10.0,0.094,0,0.641
g3,aggressive,short,stock,10,5,2026,35,-0.496,-0.73,-0.496,0.486,10,0.029,0,0.676
g3,aggressive,short,stock,10,20,ALL,173,-0.644,-1.02,-0.644,0.447,10,0.066,0,0.637
g3,aggressive,short,stock,10,20,P1,91,-0.026,-0.04,-0.026,0.48,10,0.064,0,0.62
g3,aggressive,short,stock,10,20,P2,82,-1.329,-1.25,-1.329,0.41,10.0,0.07,0,0.654
g3,aggressive,short,stock,10,20,2023,40,-0.331,-0.49,-0.331,0.475,10.0,0.05,0,0.605
g3,aggressive,short,stock,10,20,2024,51,0.213,0.19,0.213,0.483,10,0.075,0,0.63
g3,aggressive,short,stock,10,20,2025,50,-1.253,-0.9,-1.253,0.394,10.0,0.094,0,0.641
g3,aggressive,short,stock,10,20,2026,32,-1.447,-0.89,-1.447,0.434,10.0,0.031,0,0.681
g3,aggressive,short,stock,10,63,ALL,165,-1.123,-0.62,-1.122,0.381,10,0.069,0,0.632
g3,aggressive,short,stock,10,63,P1,91,-0.69,-0.74,-0.688,0.389,10,0.064,0,0.62
g3,aggressive,short,stock,10,63,P2,74,-1.656,-0.43,-1.656,0.37,10.0,0.076,0,0.647
g3,aggressive,short,stock,10,63,2023,40,-1.085,-1.01,-1.085,0.41,10.0,0.05,0,0.605
g3,aggressive,short,stock,10,63,2024,51,-0.38,-0.27,-0.376,0.373,10,0.075,0,0.63
g3,aggressive,short,stock,10,63,2025,50,0.998,0.21,0.998,0.42,10.0,0.094,0,0.641
g3,aggressive,short,stock,10,63,2026,24,-7.183,-1.54,-7.183,0.267,10.0,0.037,0,0.665
g3,aggressive,short,stock,20,5,ALL,176,-0.171,-0.87,-0.172,0.469,20.0,0.094,1,0.594
g3,aggressive,short,stock,20,5,P1,91,-0.103,-0.46,-0.102,0.456,20,0.088,0,0.589
g3,aggressive,short,stock,20,5,P2,85,-0.243,-0.74,-0.247,0.483,20,0.101,1,0.599
g3,aggressive,short,stock,20,5,2023,40,-0.102,-0.34,-0.1,0.463,20.0,0.086,0,0.558
g3,aggressive,short,stock,20,5,2024,51,-0.104,-0.32,-0.103,0.45,20,0.089,0,0.615
g3,aggressive,short,stock,20,5,2025,50,-0.152,-0.39,-0.159,0.488,20.0,0.128,1,0.592
g3,aggressive,short,stock,20,5,2026,35,-0.373,-0.67,-0.373,0.476,20,0.064,0,0.61
g3,aggressive,short,stock,20,20,ALL,173,-0.603,-1.11,-0.605,0.442,20,0.096,1,0.594
g3,aggressive,short,stock,20,20,P1,91,-0.366,-0.65,-0.365,0.459,20,0.088,0,0.589
g3,aggressive,short,stock,20,20,P2,82,-0.867,-0.9,-0.872,0.424,20.0,0.105,1,0.598
g3,aggressive,short,stock,20,20,2023,40,-0.732,-1.5,-0.732,0.448,20.0,0.086,0,0.558
g3,aggressive,short,stock,20,20,2024,51,-0.078,-0.09,-0.077,0.467,20,0.089,0,0.615
g3,aggressive,short,stock,20,20,2025,50,-0.24,-0.18,-0.249,0.433,20.0,0.128,1,0.592
g3,aggressive,short,stock,20,20,2026,32,-1.845,-1.42,-1.845,0.411,20.0,0.07,0,0.61
g3,aggressive,short,stock,20,63,ALL,165,-0.938,-0.55,-0.942,0.394,20,0.1,1,0.591
g3,aggressive,short,stock,20,63,P1,91,-1.178,-1.48,-1.176,0.389,20,0.088,0,0.589
g3,aggressive,short,stock,20,63,P2,74,-0.643,-0.18,-0.654,0.401,20.0,0.115,1,0.593
g3,aggressive,short,stock,20,63,2023,40,-1.815,-2.0,-1.816,0.387,20.0,0.086,0,0.558
g3,aggressive,short,stock,20,63,2024,51,-0.678,-0.67,-0.673,0.391,20,0.089,0,0.615
g3,aggressive,short,stock,20,63,2025,50,2.461,0.56,2.444,0.442,20.0,0.128,1,0.592
g3,aggressive,short,stock,20,63,2026,24,-7.109,-1.85,-7.109,0.315,20.0,0.088,0,0.598
g3,balanced,long,mixed,10,5,ALL,176,-0.006,-0.03,-0.006,0.459,10.0,0.068,0,0.61
g3,balanced,long,mixed,10,5,P1,91,-0.146,-0.59,-0.144,0.442,10,0.073,0,0.594
g3,balanced,long,mixed,10,5,P2,85,0.144,0.35,0.141,0.478,10,0.064,0,0.625
g3,balanced,long,mixed,10,5,2023,40,-0.312,-0.97,-0.309,0.434,10.0,0.071,0,0.59
g3,balanced,long,mixed,10,5,2024,51,-0.017,-0.05,-0.014,0.448,10,0.074,0,0.598
g3,balanced,long,mixed,10,5,2025,50,-0.061,-0.14,-0.055,0.464,10.0,0.078,0,0.627
g3,balanced,long,mixed,10,5,2026,35,0.437,0.57,0.421,0.498,10,0.044,0,0.621
g3,balanced,long,mixed,10,20,ALL,173,0.088,0.12,0.082,0.416,10,0.07,0,0.607
g3,balanced,long,mixed,10,20,P1,91,-0.035,-0.05,-0.039,0.417,10,0.073,0,0.594
g3,balanced,long,mixed,10,20,P2,82,0.225,0.18,0.216,0.415,10.0,0.066,0,0.62
g3,balanced,long,mixed,10,20,2023,40,-0.709,-1.24,-0.717,0.453,10.0,0.071,0,0.59
g3,balanced,long,mixed,10,20,2024,51,0.493,0.41,0.493,0.389,10,0.074,0,0.598
g3,balanced,long,mixed,10,20,2025,50,-0.475,-0.34,-0.482,0.388,10.0,0.078,0,0.627
g3,balanced,long,mixed,10,20,2026,32,1.318,0.57,1.307,0.457,10.0,0.048,0,0.606
g3,balanced,long,mixed,10,63,ALL,165,-0.085,-0.06,-0.067,0.362,10,0.071,0,0.603
g3,balanced,long,mixed,10,63,P1,91,-0.805,-0.79,-0.799,0.347,10,0.073,0,0.594
g3,balanced,long,mixed,10,63,P2,74,0.8,0.26,0.833,0.38,10.0,0.069,0,0.612
g3,balanced,long,mixed,10,63,2023,40,-1.182,-1.34,-1.195,0.391,10.0,0.071,0,0.59
g3,balanced,long,mixed,10,63,2024,51,-0.509,-0.31,-0.488,0.313,10,0.074,0,0.598
g3,balanced,long,mixed,10,63,2025,50,2.204,0.6,2.226,0.402,10.0,0.078,0,0.627
g3,balanced,long,mixed,10,63,2026,24,-2.126,-0.39,-2.07,0.335,10.0,0.052,0,0.578
g3,balanced,long,mixed,20,5,ALL,176,-0.039,-0.19,-0.033,0.466,20.0,0.094,1,0.57
g3,balanced,long,mixed,20,5,P1,91,-0.114,-0.53,-0.099,0.445,20,0.07,1,0.558
g3,balanced,long,mixed,20,5,P2,85,0.04,0.11,0.038,0.489,20,0.121,0,0.583
g3,balanced,long,mixed,20,5,2023,40,-0.154,-0.55,-0.121,0.444,20.0,0.067,1,0.55
g3,balanced,long,mixed,20,5,2024,51,-0.082,-0.26,-0.083,0.445,20,0.072,0,0.562
g3,balanced,long,mixed,20,5,2025,50,-0.091,-0.25,-0.088,0.485,20.0,0.15,0,0.58
g3,balanced,long,mixed,20,5,2026,35,0.227,0.34,0.218,0.496,20,0.08,0,0.594
g3,balanced,long,mixed,20,20,ALL,173,-0.054,-0.1,-0.054,0.428,20,0.096,1,0.571
g3,balanced,long,mixed,20,20,P1,91,-0.135,-0.21,-0.133,0.418,20,0.07,1,0.558
g3,balanced,long,mixed,20,20,P2,82,0.036,0.04,0.033,0.438,20.0,0.125,0,0.585
g3,balanced,long,mixed,20,20,2023,40,-0.833,-2.66,-0.832,0.427,20.0,0.067,1,0.55
g3,balanced,long,mixed,20,20,2024,51,0.413,0.39,0.415,0.411,20,0.072,0,0.562
g3,balanced,long,mixed,20,20,2025,50,-0.332,-0.29,-0.332,0.432,20.0,0.15,0,0.58
g3,balanced,long,mixed,20,20,2026,32,0.61,0.37,0.604,0.447,20.0,0.086,0,0.598
g3,balanced,long,mixed,20,63,ALL,165,0.302,0.19,0.304,0.388,20,0.099,1,0.567
g3,balanced,long,mixed,20,63,P1,91,-0.779,-0.82,-0.783,0.368,20,0.07,1,0.558
g3,balanced,long,mixed,20,63,P2,74,1.631,0.52,1.641,0.413,20.0,0.135,0,0.577
g3,balanced,long,mixed,20,63,2023,40,-0.863,-0.76,-0.878,0.391,20.0,0.067,1,0.55
g3,balanced,long,mixed,20,63,2024,51,-0.714,-0.55,-0.708,0.351,20,0.072,0,0.562
g3,balanced,long,mixed,20,63,2025,50,3.576,0.95,3.585,0.444,20.0,0.15,0,0.58
g3,balanced,long,mixed,20,63,2026,24,-2.421,-0.47,-2.409,0.349,20.0,0.105,0,0.58
g3,balanced,long,stock,10,5,ALL,176,0.023,0.09,0.026,0.472,10.0,0.078,1,0.586
g3,balanced,long,stock,10,5,P1,91,-0.17,-0.62,-0.167,0.466,10,0.076,0,0.576
g3,balanced,long,stock,10,5,P2,85,0.229,0.53,0.232,0.479,10,0.081,1,0.596
g3,balanced,long,stock,10,5,2023,40,-0.376,-0.98,-0.372,0.454,10.0,0.075,0,0.562
g3,balanced,long,stock,10,5,2024,51,-0.009,-0.02,-0.007,0.476,10,0.076,0,0.588
g3,balanced,long,stock,10,5,2025,50,-0.063,-0.14,-0.047,0.461,10.0,0.103,1,0.588
g3,balanced,long,stock,10,5,2026,35,0.648,0.79,0.631,0.503,10,0.049,0,0.606
g3,balanced,long,stock,10,20,ALL,173,0.314,0.43,0.308,0.469,10,0.079,1,0.585
g3,balanced,long,stock,10,20,P1,91,0.305,0.4,0.302,0.498,10,0.076,0,0.576
g3,balanced,long,stock,10,20,P2,82,0.324,0.25,0.315,0.438,10.0,0.084,1,0.595
g3,balanced,long,stock,10,20,2023,40,-0.603,-0.96,-0.614,0.481,10.0,0.075,0,0.562
g3,balanced,long,stock,10,20,2024,51,1.017,0.82,1.021,0.511,10,0.076,0,0.588
g3,balanced,long,stock,10,20,2025,50,-0.53,-0.37,-0.539,0.415,10.0,0.103,1,0.588
g3,balanced,long,stock,10,20,2026,32,1.658,0.69,1.649,0.473,10.0,0.053,0,0.603
g3,balanced,long,stock,10,63,ALL,165,1.614,1.0,1.618,0.432,10,0.082,1,0.58
g3,balanced,long,stock,10,63,P1,91,1.857,1.36,1.868,0.453,10,0.076,0,0.576
g3,balanced,long,stock,10,63,P2,74,1.315,0.42,1.311,0.406,10.0,0.089,1,0.585
g3,balanced,long,stock,10,63,2023,40,1.43,0.9,1.423,0.471,10.0,0.075,0,0.562
g3,balanced,long,stock,10,63,2024,51,2.191,1.21,2.217,0.439,10,0.076,0,0.588
g3,balanced,long,stock,10,63,2025,50,2.755,0.77,2.722,0.427,10.0,0.103,1,0.588
g3,balanced,long,stock,10,63,2026,24,-1.684,-0.28,-1.628,0.364,10.0,0.058,0,0.574
g3,balanced,long,stock,20,5,ALL,176,-0.025,-0.12,-0.009,0.48,20.0,0.1,3,0.558
g3,balanced,long,stock,20,5,P1,91,-0.08,-0.36,-0.064,0.467,20,0.078,1,0.549
g3,balanced,long,stock,20,5,P2,85,0.034,0.09,0.05,0.493,20,0.123,2,0.567
g3,balanced,long,stock,20,5,2023,40,-0.157,-0.5,-0.119,0.461,20.0,0.076,1,0.546
g3,balanced,long,stock,20,5,2024,51,-0.02,-0.06,-0.02,0.472,20,0.08,0,0.552
g3,balanced,long,stock,20,5,2025,50,-0.146,-0.39,-0.112,0.485,20.0,0.15,2,0.567
g3,balanced,long,stock,20,5,2026,35,0.292,0.42,0.282,0.504,20,0.084,0,0.572
g3,balanced,long,stock,20,20,ALL,173,0.14,0.24,0.131,0.468,20,0.101,3,0.559
g3,balanced,long,stock,20,20,P1,91,0.196,0.31,0.202,0.485,20,0.078,1,0.549
g3,balanced,long,stock,20,20,P2,82,0.078,0.08,0.053,0.45,20.0,0.127,2,0.569
g3,balanced,long,stock,20,20,2023,40,-0.693,-2.02,-0.683,0.453,20.0,0.076,1,0.546
g3,balanced,long,stock,20,20,2024,51,0.894,0.85,0.896,0.509,20,0.08,0,0.552
g3,balanced,long,stock,20,20,2025,50,-0.21,-0.18,-0.245,0.451,20.0,0.15,2,0.567
g3,balanced,long,stock,20,20,2026,32,0.527,0.31,0.519,0.449,20.0,0.091,0,0.576
g3,balanced,long,stock,20,63,ALL,165,1.495,0.92,1.45,0.447,20,0.105,3,0.556
g3,balanced,long,stock,20,63,P1,91,0.871,0.74,0.874,0.456,20,0.078,1,0.549
g3,balanced,long,stock,20,63,P2,74,2.263,0.7,2.158,0.435,20.0,0.137,2,0.564
g3,balanced,long,stock,20,63,2023,40,0.135,0.09,0.134,0.444,20.0,0.076,1,0.546
g3,balanced,long,stock,20,63,2024,51,1.448,0.99,1.454,0.465,20,0.08,0,0.552
g3,balanced,long,stock,20,63,2025,50,4.307,1.15,4.143,0.465,20.0,0.15,2,0.567
g3,balanced,long,stock,20,63,2026,24,-1.994,-0.37,-1.976,0.374,20.0,0.108,0,0.563
g3,balanced,mid,mixed,10,5,ALL,176,-0.056,-0.24,-0.054,0.46,10.0,0.069,0,0.628
g3,balanced,mid,mixed,10,5,P1,91,-0.162,-0.63,-0.159,0.444,10,0.067,0,0.622
g3,balanced,mid,mixed,10,5,P2,85,0.057,0.14,0.059,0.478,10,0.07,0,0.635
g3,balanced,mid,mixed,10,5,2023,40,-0.239,-0.71,-0.234,0.439,10.0,0.067,0,0.613
g3,balanced,mid,mixed,10,5,2024,51,-0.101,-0.27,-0.1,0.448,10,0.067,0,0.628
g3,balanced,mid,mixed,10,5,2025,50,-0.127,-0.29,-0.113,0.472,10.0,0.097,0,0.645
g3,balanced,mid,mixed,10,5,2026,35,0.321,0.42,0.304,0.486,10,0.033,0,0.618
g3,balanced,mid,mixed,10,20,ALL,173,-0.331,-0.49,-0.334,0.406,10,0.07,0,0.626
g3,balanced,mid,mixed,10,20,P1,91,-0.229,-0.33,-0.233,0.401,10,0.067,0,0.622
g3,balanced,mid,mixed,10,20,P2,82,-0.443,-0.37,-0.446,0.411,10.0,0.073,0,0.631
g3,balanced,mid,mixed,10,20,2023,40,-0.851,-1.77,-0.861,0.441,10.0,0.067,0,0.613
g3,balanced,mid,mixed,10,20,2024,51,0.258,0.22,0.259,0.369,10,0.067,0,0.628
g3,balanced,mid,mixed,10,20,2025,50,-1.122,-0.8,-1.118,0.377,10.0,0.097,0,0.645
g3,balanced,mid,mixed,10,20,2026,32,0.617,0.3,0.603,0.464,10.0,0.036,0,0.606
g3,balanced,mid,mixed,10,63,ALL,165,-0.911,-0.59,-0.918,0.35,10,0.072,0,0.622
g3,balanced,mid,mixed,10,63,P1,91,-1.054,-1.13,-1.055,0.337,10,0.067,0,0.622
g3,balanced,mid,mixed,10,63,P2,74,-0.736,-0.23,-0.75,0.366,10.0,0.078,0,0.622
g3,balanced,mid,mixed,10,63,2023,40,-1.388,-1.75,-1.406,0.386,10.0,0.067,0,0.613
g3,balanced,mid,mixed,10,63,2024,51,-0.792,-0.52,-0.78,0.299,10,0.067,0,0.628
g3,balanced,mid,mixed,10,63,2025,50,1.501,0.38,1.494,0.403,10.0,0.097,0,0.645
g3,balanced,mid,mixed,10,63,2026,24,-5.396,-1.24,-5.424,0.288,10.0,0.039,0,0.57
g3,balanced,mid,mixed,20,5,ALL,176,-0.091,-0.46,-0.084,0.459,20.0,0.095,2,0.599
g3,balanced,mid,mixed,20,5,P1,91,-0.242,-1.14,-0.227,0.432,20,0.077,2,0.589
g3,balanced,mid,mixed,20,5,P2,85,0.072,0.22,0.07,0.486,20,0.114,0,0.61
g3,balanced,mid,mixed,20,5,2023,40,-0.346,-1.23,-0.312,0.435,20.0,0.07,2,0.573
g3,balanced,mid,mixed,20,5,2024,51,-0.161,-0.52,-0.161,0.431,20,0.082,0,0.6
g3,balanced,mid,mixed,20,5,2025,50,-0.028,-0.08,-0.024,0.482,20.0,0.143,0,0.614
g3,balanced,mid,mixed,20,5,2026,35,0.214,0.34,0.205,0.493,20,0.073,0,0.607
g3,balanced,mid,mixed,20,20,ALL,173,-0.315,-0.58,-0.314,0.414,20,0.096,2,0.599
g3,balanced,mid,mixed,20,20,P1,91,-0.471,-0.79,-0.471,0.402,20,0.077,2,0.589
g3,balanced,mid,mixed,20,20,P2,82,-0.142,-0.15,-0.14,0.428,20.0,0.118,0,0.61
g3,balanced,mid,mixed,20,20,2023,40,-1.097,-3.45,-1.101,0.42,20.0,0.07,2,0.573
g3,balanced,mid,mixed,20,20,2024,51,0.02,0.02,0.022,0.388,20,0.082,0,0.6
g3,balanced,mid,mixed,20,20,2025,50,-0.549,-0.51,-0.541,0.419,20.0,0.143,0,0.614
g3,balanced,mid,mixed,20,20,2026,32,0.493,0.29,0.487,0.443,20.0,0.078,0,0.608
g3,balanced,mid,mixed,20,63,ALL,165,-0.401,-0.27,-0.386,0.376,20,0.1,2,0.595
g3,balanced,mid,mixed,20,63,P1,91,-1.553,-1.98,-1.543,0.352,20,0.077,2,0.589
g3,balanced,mid,mixed,20,63,P2,74,1.016,0.33,1.037,0.405,20.0,0.128,0,0.601
g3,balanced,mid,mixed,20,63,2023,40,-1.675,-1.73,-1.66,0.382,20.0,0.07,2,0.573
g3,balanced,mid,mixed,20,63,2024,51,-1.457,-1.31,-1.451,0.329,20,0.082,0,0.6
g3,balanced,mid,mixed,20,63,2025,50,2.811,0.79,2.834,0.438,20.0,0.143,0,0.614
g3,balanced,mid,mixed,20,63,2026,24,-2.725,-0.54,-2.708,0.334,20.0,0.097,0,0.58
g3,balanced,mid,stock,10,5,ALL,176,0.064,0.26,0.071,0.479,10.0,0.077,1,0.607
g3,balanced,mid,stock,10,5,P1,91,-0.07,-0.26,-0.067,0.466,10,0.074,0,0.607
g3,balanced,mid,stock,10,5,P2,85,0.207,0.49,0.219,0.494,10,0.08,1,0.608
g3,balanced,mid,stock,10,5,2023,40,-0.168,-0.44,-0.164,0.462,10.0,0.072,0,0.579
g3,balanced,mid,stock,10,5,2024,51,0.007,0.02,0.009,0.47,10,0.075,0,0.626
g3,balanced,mid,stock,10,5,2025,50,0.057,0.13,0.09,0.493,10.0,0.108,1,0.612
g3,balanced,mid,stock,10,5,2026,35,0.421,0.53,0.403,0.495,10,0.04,0,0.603
g3,balanced,mid,stock,10,20,ALL,173,0.084,0.12,0.082,0.471,10,0.078,1,0.606
g3,balanced,mid,stock,10,20,P1,91,0.339,0.44,0.337,0.501,10,0.074,0,0.607
g3,balanced,mid,stock,10,20,P2,82,-0.2,-0.16,-0.201,0.438,10.0,0.083,1,0.605
g3,balanced,mid,stock,10,20,2023,40,-0.29,-0.57,-0.298,0.504,10.0,0.072,0,0.579
g3,balanced,mid,stock,10,20,2024,51,0.833,0.64,0.836,0.499,10,0.075,0,0.626
g3,balanced,mid,stock,10,20,2025,50,-0.826,-0.56,-0.822,0.42,10.0,0.108,1,0.612
g3,balanced,mid,stock,10,20,2026,32,0.778,0.36,0.769,0.467,10.0,0.044,0,0.594
g3,balanced,mid,stock,10,63,ALL,165,1.03,0.61,1.021,0.43,10,0.081,1,0.601
g3,balanced,mid,stock,10,63,P1,91,1.542,1.26,1.552,0.447,10,0.074,0,0.607
g3,balanced,mid,stock,10,63,P2,74,0.401,0.12,0.367,0.408,10.0,0.089,1,0.593
g3,balanced,mid,stock,10,63,2023,40,1.275,0.87,1.268,0.476,10.0,0.072,0,0.579
g3,balanced,mid,stock,10,63,2024,51,1.752,1.04,1.775,0.425,10,0.075,0,0.626
g3,balanced,mid,stock,10,63,2025,50,2.939,0.71,2.889,0.445,10.0,0.108,1,0.612
g3,balanced,mid,stock,10,63,2026,24,-4.888,-1.1,-4.887,0.331,10.0,0.05,0,0.552
g3,balanced,mid,stock,20,5,ALL,176,-0.004,-0.02,0.018,0.48,20.0,0.099,4,0.583
g3,balanced,mid,stock,20,5,P1,91,-0.117,-0.54,-0.099,0.464,20,0.081,2,0.577
g3,balanced,mid,stock,20,5,P2,85,0.116,0.33,0.143,0.498,20,0.119,2,0.588
g3,balanced,mid,stock,20,5,2023,40,-0.225,-0.75,-0.184,0.464,20.0,0.077,2,0.563
g3,balanced,mid,stock,20,5,2024,51,-0.032,-0.1,-0.032,0.464,20,0.084,0,0.587
g3,balanced,mid,stock,20,5,2025,50,-0.04,-0.11,0.014,0.49,20.0,0.149,2,0.594
g3,balanced,mid,stock,20,5,2026,35,0.338,0.49,0.327,0.509,20,0.076,0,0.585
g3,balanced,mid,stock,20,20,ALL,173,-0.048,-0.08,-0.044,0.459,20,0.101,4,0.583
g3,balanced,mid,stock,20,20,P1,91,-0.052,-0.08,-0.046,0.47,20,0.081,2,0.577
g3,balanced,mid,stock,20,20,P2,82,-0.043,-0.04,-0.042,0.447,20.0,0.122,2,0.59
g3,balanced,mid,stock,20,20,2023,40,-0.939,-2.71,-0.927,0.436,20.0,0.077,2,0.563
g3,balanced,mid,stock,20,20,2024,51,0.644,0.61,0.645,0.497,20,0.084,0,0.587
g3,balanced,mid,stock,20,20,2025,50,-0.472,-0.41,-0.464,0.44,20.0,0.149,2,0.594
g3,balanced,mid,stock,20,20,2026,32,0.626,0.36,0.618,0.456,20.0,0.081,0,0.59
g3,balanced,mid,stock,20,63,ALL,165,1.098,0.69,1.06,0.436,20,0.105,4,0.581
g3,balanced,mid,stock,20,63,P1,91,0.408,0.38,0.434,0.437,20,0.081,2,0.577
g3,balanced,mid,stock,20,63,P2,74,1.946,0.62,1.831,0.435,20.0,0.134,2,0.586
g3,balanced,mid,stock,20,63,2023,40,-0.598,-0.45,-0.547,0.422,20.0,0.077,2,0.563
g3,balanced,mid,stock,20,63,2024,51,1.197,0.95,1.203,0.449,20,0.084,0,0.587
g3,balanced,mid,stock,20,63,2025,50,3.793,1.06,3.614,0.467,20.0,0.149,2,0.594
g3,balanced,mid,stock,20,63,2026,24,-1.902,-0.35,-1.884,0.368,20.0,0.102,0,0.576
g3,balanced,short,mixed,10,5,ALL,176,-0.035,-0.16,-0.035,0.47,10.0,0.05,0,0.658
g3,balanced,short,mixed,10,5,P1,91,0.028,0.11,0.028,0.449,10,0.057,0,0.651
g3,balanced,short,mixed,10,5,P2,85,-0.103,-0.27,-0.103,0.493,10,0.042,0,0.667
g3,balanced,short,mixed,10,5,2023,40,0.131,0.37,0.135,0.465,10.0,0.041,0,0.636
g3,balanced,short,mixed,10,5,2024,51,-0.053,-0.15,-0.057,0.436,10,0.07,0,0.66
g3,balanced,short,mixed,10,5,2025,50,0.101,0.22,0.101,0.498,10.0,0.055,0,0.673
g3,balanced,short,mixed,10,5,2026,35,-0.394,-0.63,-0.394,0.486,10,0.024,0,0.656
g3,balanced,short,mixed,10,20,ALL,173,-0.83,-1.46,-0.833,0.4,10,0.05,0,0.657
g3,balanced,short,mixed,10,20,P1,91,-0.183,-0.3,-0.19,0.397,10,0.057,0,0.651
g3,balanced,short,mixed,10,20,P2,82,-1.547,-1.6,-1.547,0.402,10.0,0.044,0,0.664
g3,balanced,short,mixed,10,20,2023,40,-0.064,-0.1,-0.068,0.448,10.0,0.041,0,0.636
g3,balanced,short,mixed,10,20,2024,51,-0.276,-0.28,-0.285,0.357,10,0.07,0,0.66
g3,balanced,short,mixed,10,20,2025,50,-1.754,-1.49,-1.754,0.382,10.0,0.055,0,0.673
g3,balanced,short,mixed,10,20,2026,32,-1.224,-0.74,-1.224,0.434,10.0,0.026,0,0.648
g3,balanced,short,mixed,10,63,ALL,165,-1.945,-1.26,-1.954,0.331,10,0.052,0,0.655
g3,balanced,short,mixed,10,63,P1,91,-1.843,-1.94,-1.859,0.309,10,0.057,0,0.651
g3,balanced,short,mixed,10,63,P2,74,-2.071,-0.64,-2.071,0.358,10.0,0.047,0,0.662
g3,balanced,short,mixed,10,63,2023,40,-2.044,-2.98,-2.068,0.353,10.0,0.041,0,0.636
g3,balanced,short,mixed,10,63,2024,51,-1.686,-1.05,-1.696,0.275,10,0.07,0,0.66
g3,balanced,short,mixed,10,63,2025,50,0.565,0.14,0.565,0.404,10.0,0.055,0,0.673
g3,balanced,short,mixed,10,63,2026,24,-7.561,-2.56,-7.561,0.263,10.0,0.031,0,0.635
g3,balanced,short,mixed,20,5,ALL,176,-0.108,-0.6,-0.102,0.464,20.0,0.08,3,0.619
g3,balanced,short,mixed,20,5,P1,91,-0.202,-1.02,-0.193,0.435,20,0.072,1,0.613
g3,balanced,short,mixed,20,5,P2,85,-0.006,-0.02,-0.004,0.495,20,0.088,2,0.627
g3,balanced,short,mixed,20,5,2023,40,-0.153,-0.58,-0.132,0.45,20.0,0.061,1,0.583
g3,balanced,short,mixed,20,5,2024,51,-0.241,-0.84,-0.241,0.424,20,0.082,0,0.631
g3,balanced,short,mixed,20,5,2025,50,-0.012,-0.03,-0.009,0.49,20.0,0.115,2,0.623
g3,balanced,short,mixed,20,5,2026,35,0.002,0.0,0.002,0.501,20,0.048,0,0.635
g3,balanced,short,mixed,20,20,ALL,173,-0.547,-1.13,-0.549,0.41,20,0.081,3,0.619
g3,balanced,short,mixed,20,20,P1,91,-0.563,-1.05,-0.566,0.393,20,0.072,1,0.613
g3,balanced,short,mixed,20,20,P2,82,-0.529,-0.64,-0.529,0.428,20.0,0.09,2,0.625
g3,balanced,short,mixed,20,20,2023,40,-0.526,-1.18,-0.534,0.432,20.0,0.061,1,0.583
g3,balanced,short,mixed,20,20,2024,51,-0.592,-0.68,-0.592,0.363,20,0.082,0,0.631
g3,balanced,short,mixed,20,20,2025,50,-0.288,-0.25,-0.289,0.425,20.0,0.115,2,0.623
g3,balanced,short,mixed,20,20,2026,32,-0.905,-0.79,-0.905,0.431,20.0,0.051,0,0.632
g3,balanced,short,mixed,20,63,ALL,165,-1.378,-0.84,-1.383,0.351,20,0.085,3,0.617
g3,balanced,short,mixed,20,63,P1,91,-2.209,-3.46,-2.208,0.323,20,0.072,1,0.613
g3,balanced,short,mixed,20,63,P2,74,-0.356,-0.1,-0.367,0.386,20.0,0.099,2,0.622
g3,balanced,short,mixed,20,63,2023,40,-1.817,-3.45,-1.82,0.354,20.0,0.061,1,0.583
g3,balanced,short,mixed,20,63,2024,51,-2.517,-2.31,-2.513,0.299,20,0.082,0,0.631
g3,balanced,short,mixed,20,63,2025,50,2.9,0.68,2.883,0.431,20.0,0.115,2,0.623
g3,balanced,short,mixed,20,63,2026,24,-7.138,-2.95,-7.138,0.292,20.0,0.065,0,0.624
g3,balanced,short,stock,10,5,ALL,176,0.028,0.12,0.034,0.488,10.0,0.06,1,0.648
g3,balanced,short,stock,10,5,P1,91,0.045,0.17,0.046,0.471,10,0.059,0,0.65
g3,balanced,short,stock,10,5,P2,85,0.009,0.02,0.021,0.507,10,0.061,1,0.646
g3,balanced,short,stock,10,5,2023,40,0.14,0.36,0.145,0.482,10.0,0.043,0,0.623
g3,balanced,short,stock,10,5,2024,51,-0.029,-0.08,-0.032,0.462,10,0.073,0,0.666
g3,balanced,short,stock,10,5,2025,50,0.108,0.23,0.127,0.513,10.0,0.086,1,0.653
g3,balanced,short,stock,10,5,2026,35,-0.132,-0.2,-0.132,0.5,10,0.026,0,0.638
g3,balanced,short,stock,10,20,ALL,173,-0.529,-0.9,-0.534,0.458,10,0.061,1,0.648
g3,balanced,short,stock,10,20,P1,91,0.088,0.14,0.082,0.486,10,0.059,0,0.65
g3,balanced,short,stock,10,20,P2,82,-1.215,-1.21,-1.217,0.427,10.0,0.063,1,0.647
g3,balanced,short,stock,10,20,2023,40,0.111,0.16,0.104,0.491,10.0,0.043,0,0.623
g3,balanced,short,stock,10,20,2024,51,0.07,0.07,0.064,0.481,10,0.073,0,0.666
g3,balanced,short,stock,10,20,2025,50,-1.489,-1.21,-1.493,0.413,10.0,0.086,1,0.653
g3,balanced,short,stock,10,20,2026,32,-0.785,-0.47,-0.785,0.45,10.0,0.028,0,0.639
g3,balanced,short,stock,10,63,ALL,165,-0.546,-0.32,-0.573,0.391,10,0.064,1,0.647
g3,balanced,short,stock,10,63,P1,91,-0.303,-0.31,-0.31,0.395,10,0.059,0,0.65
g3,balanced,short,stock,10,63,P2,74,-0.844,-0.24,-0.897,0.387,10.0,0.069,1,0.644
g3,balanced,short,stock,10,63,2023,40,-0.41,-0.37,-0.416,0.424,10.0,0.043,0,0.623
g3,balanced,short,stock,10,63,2024,51,-0.219,-0.14,-0.227,0.371,10,0.073,0,0.666
g3,balanced,short,stock,10,63,2025,50,2.237,0.53,2.158,0.437,10.0,0.086,1,0.653
g3,balanced,short,stock,10,63,2026,24,-7.263,-2.12,-7.263,0.283,10.0,0.033,0,0.626
g3,balanced,short,stock,20,5,ALL,176,-0.158,-0.86,-0.138,0.473,20.0,0.085,3,0.606
g3,balanced,short,stock,20,5,P1,91,-0.235,-1.19,-0.225,0.454,20,0.078,1,0.601
g3,balanced,short,stock,20,5,P2,85,-0.076,-0.24,-0.046,0.492,20,0.093,2,0.613
g3,balanced,short,stock,20,5,2023,40,-0.191,-0.66,-0.166,0.463,20.0,0.068,1,0.573
g3,balanced,short,stock,20,5,2024,51,-0.271,-1.0,-0.271,0.448,20,0.085,0,0.62
g3,balanced,short,stock,20,5,2025,50,-0.088,-0.23,-0.038,0.488,20.0,0.12,2,0.606
g3,balanced,short,stock,20,5,2026,35,-0.058,-0.11,-0.058,0.499,20,0.053,0,0.626
g3,balanced,short,stock,20,20,ALL,173,-0.516,-1.06,-0.516,0.446,20,0.086,3,0.604
g3,balanced,short,stock,20,20,P1,91,-0.429,-0.82,-0.432,0.456,20,0.078,1,0.601
g3,balanced,short,stock,20,20,P2,82,-0.612,-0.72,-0.61,0.435,20.0,0.095,2,0.609
g3,balanced,short,stock,20,20,2023,40,-0.437,-0.98,-0.445,0.459,20.0,0.068,1,0.573
g3,balanced,short,stock,20,20,2024,51,-0.423,-0.49,-0.422,0.453,20,0.085,0,0.62
g3,balanced,short,stock,20,20,2025,50,-0.435,-0.37,-0.432,0.439,20.0,0.12,2,0.606
g3,balanced,short,stock,20,20,2026,32,-0.887,-0.79,-0.887,0.43,20.0,0.056,0,0.619
g3,balanced,short,stock,20,63,ALL,165,-0.635,-0.37,-0.679,0.394,20,0.09,3,0.603
g3,balanced,short,stock,20,63,P1,91,-1.205,-1.88,-1.2,0.385,20,0.078,1,0.601
g3,balanced,short,stock,20,63,P2,74,0.066,0.02,-0.037,0.406,20.0,0.104,2,0.607
g3,balanced,short,stock,20,63,2023,40,-1.186,-1.8,-1.18,0.39,20.0,0.068,1,0.573
g3,balanced,short,stock,20,63,2024,51,-1.221,-1.24,-1.216,0.381,20,0.085,0,0.62
g3,balanced,short,stock,20,63,2025,50,3.587,0.82,3.435,0.451,20.0,0.12,2,0.606
g3,balanced,short,stock,20,63,2026,24,-7.271,-2.76,-7.271,0.31,20.0,0.071,0,0.615
g3x2,aggressive,long,mixed,10,5,ALL,176,0.012,0.04,0.015,0.464,10.0,0.049,0,0.575
g3x2,aggressive,long,mixed,10,5,P1,91,-0.108,-0.39,-0.107,0.449,10,0.049,0,0.557
g3x2,aggressive,long,mixed,10,5,P2,85,0.14,0.29,0.146,0.48,10,0.048,0,0.594
g3x2,aggressive,long,mixed,10,5,2023,40,-0.141,-0.39,-0.137,0.447,10.0,0.047,0,0.51
g3x2,aggressive,long,mixed,10,5,2024,51,-0.083,-0.2,-0.083,0.45,10,0.051,0,0.594
g3x2,aggressive,long,mixed,10,5,2025,50,-0.138,-0.26,-0.114,0.468,10.0,0.067,0,0.598
g3x2,aggressive,long,mixed,10,5,2026,35,0.538,0.62,0.518,0.498,10,0.02,0,0.585
g3x2,aggressive,long,mixed,10,20,ALL,173,-0.346,-0.48,-0.351,0.423,10,0.049,0,0.577
g3x2,aggressive,long,mixed,10,20,P1,91,-0.075,-0.12,-0.08,0.446,10,0.049,0,0.557
g3x2,aggressive,long,mixed,10,20,P2,82,-0.648,-0.48,-0.652,0.399,10.0,0.05,0,0.598
g3x2,aggressive,long,mixed,10,20,2023,40,-0.405,-0.61,-0.416,0.458,10.0,0.047,0,0.51
g3x2,aggressive,long,mixed,10,20,2024,51,0.184,0.18,0.185,0.436,10,0.051,0,0.594
g3x2,aggressive,long,mixed,10,20,2025,50,-1.714,-1.31,-1.715,0.351,10.0,0.067,0,0.598
g3x2,aggressive,long,mixed,10,20,2026,32,1.019,0.38,1.01,0.473,10.0,0.022,0,0.594
g3x2,aggressive,long,mixed,10,63,ALL,165,-1.122,-0.71,-1.12,0.36,10,0.051,0,0.571
g3x2,aggressive,long,mixed,10,63,P1,91,-0.718,-0.69,-0.72,0.365,10,0.049,0,0.557
g3x2,aggressive,long,mixed,10,63,P2,74,-1.619,-0.5,-1.613,0.353,10.0,0.052,0,0.586
g3x2,aggressive,long,mixed,10,63,2023,40,0.578,0.38,0.569,0.406,10.0,0.047,0,0.51
g3x2,aggressive,long,mixed,10,63,2024,51,-1.735,-1.45,-1.731,0.332,10,0.051,0,0.594
g3x2,aggressive,long,mixed,10,63,2025,50,-0.202,-0.05,-0.232,0.366,10.0,0.067,0,0.598
g3x2,aggressive,long,mixed,10,63,2026,24,-4.57,-0.8,-4.489,0.326,10.0,0.021,0,0.557
g3x2,aggressive,long,mixed,20,5,ALL,176,-0.021,-0.09,-0.022,0.469,20.0,0.07,0,0.557
g3x2,aggressive,long,mixed,20,5,P1,91,-0.133,-0.56,-0.132,0.446,20,0.062,0,0.539
g3x2,aggressive,long,mixed,20,5,P2,85,0.099,0.25,0.097,0.492,20,0.08,0,0.574
g3x2,aggressive,long,mixed,20,5,2023,40,-0.187,-0.64,-0.185,0.446,20.0,0.064,0,0.527
g3x2,aggressive,long,mixed,20,5,2024,51,-0.091,-0.26,-0.091,0.446,20,0.06,0,0.551
g3x2,aggressive,long,mixed,20,5,2025,50,0.006,0.01,0.01,0.484,20.0,0.107,0,0.572
g3x2,aggressive,long,mixed,20,5,2026,35,0.232,0.3,0.222,0.505,20,0.041,0,0.578
g3x2,aggressive,long,mixed,20,20,ALL,173,-0.146,-0.23,-0.148,0.42,20,0.071,0,0.557
g3x2,aggressive,long,mixed,20,20,P1,91,-0.436,-0.76,-0.437,0.416,20,0.062,0,0.539
g3x2,aggressive,long,mixed,20,20,P2,82,0.175,0.14,0.171,0.425,20.0,0.082,0,0.575
g3x2,aggressive,long,mixed,20,20,2023,40,-1.034,-3.6,-1.039,0.42,20.0,0.064,0,0.527
g3x2,aggressive,long,mixed,20,20,2024,51,0.034,0.03,0.036,0.413,20,0.06,0,0.551
g3x2,aggressive,long,mixed,20,20,2025,50,0.057,0.04,0.055,0.407,20.0,0.107,0,0.572
g3x2,aggressive,long,mixed,20,20,2026,32,0.359,0.15,0.353,0.452,20.0,0.043,0,0.581
g3x2,aggressive,long,mixed,20,63,ALL,165,-0.552,-0.33,-0.552,0.378,20,0.073,0,0.549
g3x2,aggressive,long,mixed,20,63,P1,91,-1.367,-1.33,-1.367,0.368,20,0.062,0,0.539
g3x2,aggressive,long,mixed,20,63,P2,74,0.45,0.13,0.451,0.389,20.0,0.087,0,0.561
g3x2,aggressive,long,mixed,20,63,2023,40,-0.828,-0.54,-0.835,0.403,20.0,0.064,0,0.527
g3x2,aggressive,long,mixed,20,63,2024,51,-1.789,-1.58,-1.784,0.341,20,0.06,0,0.551
g3x2,aggressive,long,mixed,20,63,2025,50,1.77,0.46,1.761,0.407,20.0,0.107,0,0.572
g3x2,aggressive,long,mixed,20,63,2026,24,-2.299,-0.35,-2.279,0.353,20.0,0.045,0,0.537
g3x2,aggressive,long,stock,10,5,ALL,176,-0.003,-0.01,0.003,0.465,10.0,0.052,1,0.573
g3x2,aggressive,long,stock,10,5,P1,91,-0.146,-0.51,-0.144,0.451,10,0.056,0,0.551
g3x2,aggressive,long,stock,10,5,P2,85,0.151,0.31,0.159,0.481,10,0.048,1,0.594
g3x2,aggressive,long,stock,10,5,2023,40,-0.212,-0.55,-0.208,0.444,10.0,0.058,0,0.5
g3x2,aggressive,long,stock,10,5,2024,51,-0.094,-0.23,-0.094,0.456,10,0.055,0,0.592
g3x2,aggressive,long,stock,10,5,2025,50,-0.157,-0.29,-0.128,0.465,10.0,0.067,1,0.6
g3x2,aggressive,long,stock,10,5,2026,35,0.59,0.66,0.571,0.503,10,0.02,0,0.585
g3x2,aggressive,long,stock,10,20,ALL,173,-0.192,-0.26,-0.205,0.452,10,0.053,1,0.574
g3x2,aggressive,long,stock,10,20,P1,91,0.039,0.06,0.034,0.489,10,0.056,0,0.551
g3x2,aggressive,long,stock,10,20,P2,82,-0.449,-0.32,-0.471,0.411,10.0,0.049,1,0.598
g3x2,aggressive,long,stock,10,20,2023,40,-0.514,-0.75,-0.526,0.461,10.0,0.058,0,0.5
g3x2,aggressive,long,stock,10,20,2024,51,0.472,0.44,0.474,0.511,10,0.055,0,0.592
g3x2,aggressive,long,stock,10,20,2025,50,-1.593,-1.19,-1.623,0.368,10.0,0.067,1,0.6
g3x2,aggressive,long,stock,10,20,2026,32,1.339,0.48,1.33,0.479,10.0,0.022,0,0.594
g3x2,aggressive,long,stock,10,63,ALL,165,-0.115,-0.07,-0.127,0.4,10,0.054,1,0.567
g3x2,aggressive,long,stock,10,63,P1,91,0.564,0.47,0.565,0.43,10,0.056,0,0.551
g3x2,aggressive,long,stock,10,63,P2,74,-0.949,-0.28,-0.979,0.364,10.0,0.052,1,0.585
g3x2,aggressive,long,stock,10,63,2023,40,1.148,0.69,1.142,0.441,10.0,0.058,0,0.5
g3x2,aggressive,long,stock,10,63,2024,51,0.107,0.07,0.113,0.421,10,0.055,0,0.592
g3x2,aggressive,long,stock,10,63,2025,50,0.567,0.14,0.484,0.378,10.0,0.067,1,0.6
g3x2,aggressive,long,stock,10,63,2026,24,-4.108,-0.69,-4.026,0.335,10.0,0.021,0,0.552
g3x2,aggressive,long,stock,20,5,ALL,176,0.066,0.28,0.074,0.48,20.0,0.073,1,0.548
g3x2,aggressive,long,stock,20,5,P1,91,-0.019,-0.08,-0.018,0.465,20,0.063,0,0.535
g3x2,aggressive,long,stock,20,5,P2,85,0.156,0.38,0.172,0.497,20,0.084,1,0.562
g3x2,aggressive,long,stock,20,5,2023,40,-0.06,-0.19,-0.058,0.468,20.0,0.064,0,0.514
g3x2,aggressive,long,stock,20,5,2024,51,0.014,0.04,0.014,0.462,20,0.063,0,0.553
g3x2,aggressive,long,stock,20,5,2025,50,0.051,0.12,0.085,0.49,20.0,0.111,1,0.562
g3x2,aggressive,long,stock,20,5,2026,35,0.306,0.39,0.297,0.507,20,0.046,0,0.563
g3x2,aggressive,long,stock,20,20,ALL,173,0.152,0.23,0.14,0.458,20,0.074,1,0.549
g3x2,aggressive,long,stock,20,20,P1,91,0.018,0.03,0.017,0.475,20,0.063,0,0.535
g3x2,aggressive,long,stock,20,20,P2,82,0.301,0.24,0.277,0.44,20.0,0.087,1,0.564
g3x2,aggressive,long,stock,20,20,2023,40,-0.722,-2.3,-0.726,0.444,20.0,0.064,0,0.514
g3x2,aggressive,long,stock,20,20,2024,51,0.598,0.58,0.599,0.5,20,0.063,0,0.553
g3x2,aggressive,long,stock,20,20,2025,50,0.137,0.1,0.101,0.431,20.0,0.111,1,0.562
g3x2,aggressive,long,stock,20,20,2026,32,0.557,0.23,0.552,0.454,20.0,0.048,0,0.569
g3x2,aggressive,long,stock,20,63,ALL,165,0.451,0.26,0.4,0.423,20,0.076,1,0.542
g3x2,aggressive,long,stock,20,63,P1,91,0.059,0.05,0.058,0.437,20,0.063,0,0.535
g3x2,aggressive,long,stock,20,63,P2,74,0.934,0.27,0.82,0.404,20.0,0.091,1,0.551
g3x2,aggressive,long,stock,20,63,2023,40,-0.244,-0.14,-0.251,0.433,20.0,0.064,0,0.514
g3x2,aggressive,long,stock,20,63,2024,51,0.297,0.22,0.3,0.441,20,0.063,0,0.553
g3x2,aggressive,long,stock,20,63,2025,50,2.45,0.65,2.273,0.423,20.0,0.111,1,0.562
g3x2,aggressive,long,stock,20,63,2026,24,-2.225,-0.33,-2.206,0.365,20.0,0.05,0,0.528
g3x2,aggressive,mid,mixed,10,5,ALL,176,-0.072,-0.27,-0.07,0.464,10.0,0.04,0,0.602
g3x2,aggressive,mid,mixed,10,5,P1,91,-0.171,-0.62,-0.172,0.446,10,0.045,0,0.584
g3x2,aggressive,mid,mixed,10,5,P2,85,0.034,0.07,0.039,0.485,10,0.034,0,0.619
g3x2,aggressive,mid,mixed,10,5,2023,40,-0.118,-0.31,-0.118,0.453,10.0,0.05,0,0.521
g3x2,aggressive,mid,mixed,10,5,2024,51,-0.213,-0.54,-0.214,0.44,10,0.042,0,0.636
g3x2,aggressive,mid,mixed,10,5,2025,50,-0.198,-0.37,-0.174,0.478,10.0,0.054,0,0.631
g3x2,aggressive,mid,mixed,10,5,2026,35,0.365,0.42,0.344,0.495,10,0.006,0,0.6
g3x2,aggressive,mid,mixed,10,20,ALL,173,-0.378,-0.51,-0.38,0.422,10,0.041,0,0.603
g3x2,aggressive,mid,mixed,10,20,P1,91,-0.06,-0.1,-0.06,0.448,10,0.045,0,0.584
g3x2,aggressive,mid,mixed,10,20,P2,82,-0.732,-0.52,-0.736,0.392,10.0,0.035,0,0.621
g3x2,aggressive,mid,mixed,10,20,2023,40,-0.317,-0.52,-0.317,0.467,10.0,0.05,0,0.521
g3x2,aggressive,mid,mixed,10,20,2024,51,0.142,0.14,0.142,0.432,10,0.042,0,0.636
g3x2,aggressive,mid,mixed,10,20,2025,50,-1.604,-1.18,-1.605,0.353,10.0,0.054,0,0.631
g3x2,aggressive,mid,mixed,10,20,2026,32,0.631,0.22,0.622,0.454,10.0,0.006,0,0.603
g3x2,aggressive,mid,mixed,10,63,ALL,165,-1.146,-0.66,-1.149,0.361,10,0.042,0,0.595
g3x2,aggressive,mid,mixed,10,63,P1,91,-1.002,-0.98,-0.994,0.365,10,0.045,0,0.584
g3x2,aggressive,mid,mixed,10,63,P2,74,-1.323,-0.36,-1.34,0.355,10.0,0.038,0,0.604
g3x2,aggressive,mid,mixed,10,63,2023,40,0.117,0.08,0.117,0.415,10.0,0.05,0,0.521
g3x2,aggressive,mid,mixed,10,63,2024,51,-1.88,-1.55,-1.865,0.327,10,0.042,0,0.636
g3x2,aggressive,mid,mixed,10,63,2025,50,0.319,0.07,0.288,0.372,10.0,0.054,0,0.631
g3x2,aggressive,mid,mixed,10,63,2026,24,-4.742,-0.85,-4.733,0.318,10.0,0.004,0,0.543
g3x2,aggressive,mid,mixed,20,5,ALL,176,-0.088,-0.41,-0.089,0.469,20.0,0.063,0,0.576
g3x2,aggressive,mid,mixed,20,5,P1,91,-0.24,-1.03,-0.24,0.44,20,0.061,0,0.564
g3x2,aggressive,mid,mixed,20,5,P2,85,0.074,0.2,0.072,0.5,20,0.066,0,0.59
g3x2,aggressive,mid,mixed,20,5,2023,40,-0.326,-1.07,-0.324,0.443,20.0,0.059,0,0.559
g3x2,aggressive,mid,mixed,20,5,2024,51,-0.173,-0.51,-0.173,0.438,20,0.063,0,0.57
g3x2,aggressive,mid,mixed,20,5,2025,50,-0.112,-0.29,-0.108,0.491,20.0,0.094,0,0.598
g3x2,aggressive,mid,mixed,20,5,2026,35,0.339,0.47,0.329,0.513,20,0.026,0,0.581
g3x2,aggressive,mid,mixed,20,20,ALL,173,-0.357,-0.57,-0.359,0.422,20,0.065,0,0.576
g3x2,aggressive,mid,mixed,20,20,P1,91,-0.562,-1.06,-0.564,0.42,20,0.061,0,0.564
g3x2,aggressive,mid,mixed,20,20,P2,82,-0.129,-0.11,-0.132,0.424,20.0,0.068,0,0.589
g3x2,aggressive,mid,mixed,20,20,2023,40,-1.079,-3.53,-1.083,0.424,20.0,0.059,0,0.559
g3x2,aggressive,mid,mixed,20,20,2024,51,-0.157,-0.18,-0.156,0.416,20,0.063,0,0.57
g3x2,aggressive,mid,mixed,20,20,2025,50,-0.69,-0.57,-0.691,0.396,20.0,0.094,0,0.598
g3x2,aggressive,mid,mixed,20,20,2026,32,0.746,0.32,0.741,0.469,20.0,0.029,0,0.577
g3x2,aggressive,mid,mixed,20,63,ALL,165,-0.982,-0.59,-0.98,0.371,20,0.066,0,0.571
g3x2,aggressive,mid,mixed,20,63,P1,91,-2.009,-2.53,-2.009,0.352,20,0.061,0,0.564
g3x2,aggressive,mid,mixed,20,63,P2,74,0.282,0.08,0.286,0.395,20.0,0.073,0,0.581
g3x2,aggressive,mid,mixed,20,63,2023,40,-1.981,-1.89,-1.985,0.387,20.0,0.059,0,0.559
g3x2,aggressive,mid,mixed,20,63,2024,51,-2.032,-2.04,-2.027,0.325,20,0.063,0,0.57
g3x2,aggressive,mid,mixed,20,63,2025,50,1.73,0.45,1.723,0.423,20.0,0.094,0,0.598
g3x2,aggressive,mid,mixed,20,63,2026,24,-2.735,-0.42,-2.708,0.336,20.0,0.03,0,0.548
g3x2,aggressive,mid,stock,10,5,ALL,176,-0.027,-0.1,-0.021,0.47,10.0,0.043,1,0.598
g3x2,aggressive,mid,stock,10,5,P1,91,-0.135,-0.47,-0.133,0.451,10,0.048,0,0.579
g3x2,aggressive,mid,stock,10,5,P2,85,0.089,0.19,0.1,0.491,10,0.038,1,0.615
g3x2,aggressive,mid,stock,10,5,2023,40,0.043,0.1,0.046,0.462,10.0,0.053,0,0.531
g3x2,aggressive,mid,stock,10,5,2024,51,-0.274,-0.69,-0.274,0.442,10,0.045,0,0.616
g3x2,aggressive,mid,stock,10,5,2025,50,-0.107,-0.2,-0.074,0.485,10.0,0.061,1,0.631
g3x2,aggressive,mid,stock,10,5,2026,35,0.369,0.42,0.348,0.5,10,0.006,0,0.594
g3x2,aggressive,mid,stock,10,20,ALL,173,-0.235,-0.32,-0.242,0.451,10,0.044,1,0.598
g3x2,aggressive,mid,stock,10,20,P1,91,0.217,0.34,0.214,0.497,10,0.048,0,0.579
g3x2,aggressive,mid,stock,10,20,P2,82,-0.737,-0.53,-0.749,0.4,10.0,0.04,1,0.617
g3x2,aggressive,mid,stock,10,20,2023,40,-0.032,-0.05,-0.041,0.489,10.0,0.053,0,0.531
g3x2,aggressive,mid,stock,10,20,2024,51,0.412,0.4,0.414,0.503,10,0.045,0,0.616
g3x2,aggressive,mid,stock,10,20,2025,50,-1.603,-1.23,-1.616,0.364,10.0,0.061,1,0.631
g3x2,aggressive,mid,stock,10,20,2026,32,0.615,0.22,0.606,0.457,10.0,0.006,0,0.597
g3x2,aggressive,mid,stock,10,63,ALL,165,-0.276,-0.16,-0.295,0.401,10,0.046,1,0.59
g3x2,aggressive,mid,stock,10,63,P1,91,0.317,0.29,0.329,0.428,10,0.048,0,0.579
g3x2,aggressive,mid,stock,10,63,P2,74,-1.006,-0.28,-1.062,0.369,10.0,0.043,1,0.601
g3x2,aggressive,mid,stock,10,63,2023,40,1.37,0.82,1.377,0.449,10.0,0.053,0,0.531
g3x2,aggressive,mid,stock,10,63,2024,51,-0.509,-0.37,-0.494,0.411,10,0.045,0,0.616
g3x2,aggressive,mid,stock,10,63,2025,50,0.788,0.18,0.701,0.389,10.0,0.061,1,0.631
g3x2,aggressive,mid,stock,10,63,2026,24,-4.742,-0.84,-4.733,0.326,10.0,0.004,0,0.539
g3x2,aggressive,mid,stock,20,5,ALL,176,-0.047,-0.22,-0.04,0.482,20.0,0.067,1,0.566
g3x2,aggressive,mid,stock,20,5,P1,91,-0.15,-0.64,-0.149,0.467,20,0.062,0,0.564
g3x2,aggressive,mid,stock,20,5,P2,85,0.062,0.16,0.077,0.499,20,0.072,1,0.568
g3x2,aggressive,mid,stock,20,5,2023,40,-0.268,-0.86,-0.266,0.471,20.0,0.064,0,0.547
g3x2,aggressive,mid,stock,20,5,2024,51,-0.057,-0.17,-0.057,0.464,20,0.061,0,0.579
g3x2,aggressive,mid,stock,20,5,2025,50,-0.127,-0.32,-0.094,0.49,20.0,0.103,1,0.571
g3x2,aggressive,mid,stock,20,5,2026,35,0.332,0.45,0.322,0.51,20,0.029,0,0.565
g3x2,aggressive,mid,stock,20,20,ALL,173,-0.206,-0.32,-0.218,0.453,20,0.068,1,0.567
g3x2,aggressive,mid,stock,20,20,P1,91,-0.216,-0.38,-0.217,0.47,20,0.062,0,0.564
g3x2,aggressive,mid,stock,20,20,P2,82,-0.194,-0.16,-0.218,0.435,20.0,0.074,1,0.57
g3x2,aggressive,mid,stock,20,20,2023,40,-0.969,-3.59,-0.973,0.439,20.0,0.064,0,0.547
g3x2,aggressive,mid,stock,20,20,2024,51,0.374,0.39,0.375,0.494,20,0.061,0,0.579
g3x2,aggressive,mid,stock,20,20,2025,50,-0.751,-0.61,-0.787,0.415,20.0,0.103,1,0.571
g3x2,aggressive,mid,stock,20,20,2026,32,0.675,0.29,0.67,0.466,20.0,0.03,0,0.571
g3x2,aggressive,mid,stock,20,63,ALL,165,0.096,0.06,0.047,0.417,20,0.07,1,0.562
g3x2,aggressive,mid,stock,20,63,P1,91,-0.374,-0.36,-0.374,0.428,20,0.062,0,0.564
g3x2,aggressive,mid,stock,20,63,P2,74,0.674,0.19,0.566,0.403,20.0,0.08,1,0.56
g3x2,aggressive,mid,stock,20,63,2023,40,-0.882,-0.59,-0.886,0.427,20.0,0.064,0,0.547
g3x2,aggressive,mid,stock,20,63,2024,51,0.024,0.02,0.027,0.429,20,0.061,0,0.579
g3x2,aggressive,mid,stock,20,63,2025,50,2.263,0.59,2.088,0.43,20.0,0.103,1,0.571
g3x2,aggressive,mid,stock,20,63,2026,24,-2.636,-0.4,-2.607,0.347,20.0,0.031,0,0.537
g3x2,aggressive,short,mixed,10,5,ALL,176,-0.123,-0.49,-0.123,0.467,10.0,0.018,0,0.622
g3x2,aggressive,short,mixed,10,5,P1,91,0.114,0.43,0.115,0.456,10,0.021,0,0.614
g3x2,aggressive,short,mixed,10,5,P2,85,-0.378,-0.87,-0.378,0.48,10,0.016,0,0.63
g3x2,aggressive,short,mixed,10,5,2023,40,0.157,0.45,0.157,0.48,10.0,0.018,0,0.579
g3x2,aggressive,short,mixed,10,5,2024,51,0.082,0.21,0.083,0.437,10,0.022,0,0.642
g3x2,aggressive,short,mixed,10,5,2025,50,-0.158,-0.29,-0.158,0.482,10.0,0.025,0,0.622
g3x2,aggressive,short,mixed,10,5,2026,35,-0.692,-0.99,-0.692,0.477,10,0.003,0,0.641
g3x2,aggressive,short,mixed,10,20,ALL,173,-0.846,-1.41,-0.847,0.417,10,0.019,0,0.623
g3x2,aggressive,short,mixed,10,20,P1,91,-0.198,-0.4,-0.2,0.443,10,0.021,0,0.614
g3x2,aggressive,short,mixed,10,20,P2,82,-1.565,-1.4,-1.565,0.388,10.0,0.016,0,0.633
g3x2,aggressive,short,mixed,10,20,2023,40,-0.169,-0.31,-0.169,0.483,10.0,0.018,0,0.579
g3x2,aggressive,short,mixed,10,20,2024,51,-0.221,-0.3,-0.225,0.412,10,0.022,0,0.642
g3x2,aggressive,short,mixed,10,20,2025,50,-1.431,-0.96,-1.431,0.372,10.0,0.025,0,0.622
g3x2,aggressive,short,mixed,10,20,2026,32,-1.775,-1.06,-1.775,0.412,10.0,0.003,0,0.652
g3x2,aggressive,short,mixed,10,63,ALL,165,-2.208,-1.3,-2.207,0.342,10,0.019,0,0.621
g3x2,aggressive,short,mixed,10,63,P1,91,-1.739,-1.57,-1.738,0.342,10,0.021,0,0.614
g3x2,aggressive,short,mixed,10,63,P2,74,-2.785,-0.8,-2.785,0.342,10.0,0.018,0,0.629
g3x2,aggressive,short,mixed,10,63,2023,40,0.227,0.13,0.227,0.408,10.0,0.018,0,0.579
g3x2,aggressive,short,mixed,10,63,2024,51,-3.282,-2.51,-3.28,0.291,10,0.022,0,0.642
g3x2,aggressive,short,mixed,10,63,2025,50,0.163,0.04,0.163,0.39,10.0,0.025,0,0.622
g3x2,aggressive,short,mixed,10,63,2026,24,-8.926,-2.27,-8.926,0.242,10.0,0.004,0,0.643
g3x2,aggressive,short,mixed,20,5,ALL,176,-0.168,-0.84,-0.168,0.462,20.0,0.043,0,0.594
g3x2,aggressive,short,mixed,20,5,P1,91,-0.144,-0.65,-0.143,0.443,20,0.049,0,0.588
g3x2,aggressive,short,mixed,20,5,P2,85,-0.193,-0.57,-0.195,0.483,20,0.036,0,0.601
g3x2,aggressive,short,mixed,20,5,2023,40,-0.095,-0.33,-0.093,0.464,20.0,0.049,0,0.574
g3x2,aggressive,short,mixed,20,5,2024,51,-0.183,-0.57,-0.182,0.427,20,0.049,0,0.598
g3x2,aggressive,short,mixed,20,5,2025,50,-0.082,-0.2,-0.087,0.485,20.0,0.054,0,0.602
g3x2,aggressive,short,mixed,20,5,2026,35,-0.351,-0.62,-0.351,0.479,20,0.01,0,0.6
g3x2,aggressive,short,mixed,20,20,ALL,173,-0.741,-1.45,-0.743,0.412,20,0.043,0,0.593
g3x2,aggressive,short,mixed,20,20,P1,91,-0.62,-1.22,-0.622,0.406,20,0.049,0,0.588
g3x2,aggressive,short,mixed,20,20,P2,82,-0.875,-0.95,-0.877,0.417,20.0,0.037,0,0.599
g3x2,aggressive,short,mixed,20,20,2023,40,-0.719,-1.54,-0.724,0.433,20.0,0.049,0,0.574
g3x2,aggressive,short,mixed,20,20,2024,51,-0.543,-0.66,-0.542,0.386,20,0.049,0,0.598
g3x2,aggressive,short,mixed,20,20,2025,50,-0.505,-0.42,-0.509,0.41,20.0,0.054,0,0.602
g3x2,aggressive,short,mixed,20,20,2026,32,-1.454,-1.04,-1.454,0.43,20.0,0.011,0,0.595
g3x2,aggressive,short,mixed,20,63,ALL,165,-2.284,-1.34,-2.279,0.345,20,0.045,0,0.591
g3x2,aggressive,short,mixed,20,63,P1,91,-2.883,-4.41,-2.883,0.32,20,0.049,0,0.588
g3x2,aggressive,short,mixed,20,63,P2,74,-1.547,-0.42,-1.535,0.376,20.0,0.04,0,0.595
g3x2,aggressive,short,mixed,20,63,2023,40,-2.565,-3.2,-2.571,0.356,20.0,0.049,0,0.574
g3x2,aggressive,short,mixed,20,63,2024,51,-3.133,-3.21,-3.129,0.293,20,0.049,0,0.598
g3x2,aggressive,short,mixed,20,63,2025,50,1.714,0.41,1.733,0.422,20.0,0.054,0,0.602
g3x2,aggressive,short,mixed,20,63,2026,24,-8.342,-2.07,-8.342,0.281,20.0,0.011,0,0.58
g3x2,aggressive,short,stock,10,5,ALL,176,-0.109,-0.43,-0.108,0.473,10.0,0.019,0,0.615
g3x2,aggressive,short,stock,10,5,P1,91,0.096,0.36,0.099,0.461,10,0.022,0,0.606
g3x2,aggressive,short,stock,10,5,P2,85,-0.33,-0.76,-0.33,0.486,10,0.016,0,0.626
g3x2,aggressive,short,stock,10,5,2023,40,0.09,0.25,0.094,0.464,10.0,0.02,0,0.577
g3x2,aggressive,short,stock,10,5,2024,51,0.102,0.26,0.103,0.458,10,0.024,0,0.628
g3x2,aggressive,short,stock,10,5,2025,50,-0.014,-0.02,-0.014,0.492,10.0,0.026,0,0.618
g3x2,aggressive,short,stock,10,5,2026,35,-0.782,-1.11,-0.782,0.477,10,0.003,0,0.641
g3x2,aggressive,short,stock,10,20,ALL,173,-0.811,-1.36,-0.813,0.436,10,0.02,0,0.617
g3x2,aggressive,short,stock,10,20,P1,91,-0.089,-0.18,-0.094,0.471,10,0.022,0,0.606
g3x2,aggressive,short,stock,10,20,P2,82,-1.612,-1.46,-1.612,0.396,10.0,0.017,0,0.63
g3x2,aggressive,short,stock,10,20,2023,40,-0.287,-0.53,-0.291,0.479,10.0,0.02,0,0.577
g3x2,aggressive,short,stock,10,20,2024,51,0.065,0.09,0.062,0.465,10,0.024,0,0.628
g3x2,aggressive,short,stock,10,20,2025,50,-1.455,-1.0,-1.455,0.386,10.0,0.026,0,0.618
g3x2,aggressive,short,stock,10,20,2026,32,-1.857,-1.11,-1.857,0.412,10.0,0.003,0,0.652
g3x2,aggressive,short,stock,10,63,ALL,165,-1.68,-0.95,-1.675,0.362,10,0.021,0,0.614
g3x2,aggressive,short,stock,10,63,P1,91,-0.919,-0.78,-0.912,0.377,10,0.022,0,0.606
g3x2,aggressive,short,stock,10,63,P2,74,-2.614,-0.73,-2.614,0.345,10.0,0.019,0,0.625
g3x2,aggressive,short,stock,10,63,2023,40,0.24,0.12,0.255,0.417,10.0,0.02,0,0.577
g3x2,aggressive,short,stock,10,63,2024,51,-1.829,-1.22,-1.826,0.346,10,0.024,0,0.628
g3x2,aggressive,short,stock,10,63,2025,50,0.512,0.12,0.512,0.392,10.0,0.026,0,0.618
g3x2,aggressive,short,stock,10,63,2026,24,-9.129,-2.38,-9.129,0.246,10.0,0.004,0,0.643
g3x2,aggressive,short,stock,20,5,ALL,176,-0.144,-0.72,-0.141,0.467,20.0,0.045,1,0.586
g3x2,aggressive,short,stock,20,5,P1,91,-0.086,-0.38,-0.085,0.456,20,0.054,0,0.581
g3x2,aggressive,short,stock,20,5,P2,85,-0.207,-0.61,-0.202,0.479,20,0.036,1,0.592
g3x2,aggressive,short,stock,20,5,2023,40,0.01,0.03,0.012,0.477,20.0,0.053,0,0.553
g3x2,aggressive,short,stock,20,5,2024,51,-0.161,-0.5,-0.161,0.44,20,0.055,0,0.603
g3x2,aggressive,short,stock,20,5,2025,50,-0.143,-0.34,-0.135,0.48,20.0,0.054,1,0.595
g3x2,aggressive,short,stock,20,5,2026,35,-0.298,-0.52,-0.298,0.477,20,0.01,0,0.59
g3x2,aggressive,short,stock,20,20,ALL,173,-0.666,-1.29,-0.671,0.441,20,0.046,1,0.585
g3x2,aggressive,short,stock,20,20,P1,91,-0.413,-0.79,-0.415,0.454,20,0.054,0,0.581
g3x2,aggressive,short,stock,20,20,P2,82,-0.945,-1.02,-0.955,0.426,20.0,0.037,1,0.59
g3x2,aggressive,short,stock,20,20,2023,40,-0.601,-1.34,-0.605,0.45,20.0,0.053,0,0.553
g3x2,aggressive,short,stock,20,20,2024,51,-0.267,-0.31,-0.266,0.456,20,0.055,0,0.603
g3x2,aggressive,short,stock,20,20,2025,50,-0.681,-0.56,-0.696,0.418,20.0,0.054,1,0.595
g3x2,aggressive,short,stock,20,20,2026,32,-1.358,-0.98,-1.358,0.439,20.0,0.011,0,0.584
g3x2,aggressive,short,stock,20,63,ALL,165,-1.638,-0.93,-1.669,0.373,20,0.047,1,0.584
g3x2,aggressive,short,stock,20,63,P1,91,-1.873,-2.32,-1.873,0.368,20,0.054,0,0.581
g3x2,aggressive,short,stock,20,63,P2,74,-1.349,-0.36,-1.418,0.38,20.0,0.04,1,0.588
g3x2,aggressive,short,stock,20,63,2023,40,-1.979,-1.86,-1.985,0.381,20.0,0.053,0,0.553
g3x2,aggressive,short,stock,20,63,2024,51,-1.789,-1.68,-1.785,0.357,20,0.055,0,0.603
g3x2,aggressive,short,stock,20,63,2025,50,1.895,0.44,1.793,0.422,20.0,0.054,1,0.595
g3x2,aggressive,short,stock,20,63,2026,24,-8.108,-1.89,-8.108,0.292,20.0,0.01,0,0.574
g3x2,balanced,long,mixed,10,5,ALL,176,0.054,0.23,0.055,0.465,10.0,0.036,0,0.587
g3x2,balanced,long,mixed,10,5,P1,91,-0.117,-0.44,-0.116,0.447,10,0.048,0,0.57
g3x2,balanced,long,mixed,10,5,P2,85,0.237,0.61,0.238,0.485,10,0.024,0,0.605
g3x2,balanced,long,mixed,10,5,2023,40,-0.225,-0.6,-0.221,0.432,10.0,0.05,0,0.526
g3x2,balanced,long,mixed,10,5,2024,51,-0.033,-0.09,-0.033,0.46,10,0.046,0,0.604
g3x2,balanced,long,mixed,10,5,2025,50,-0.124,-0.28,-0.11,0.468,10.0,0.032,0,0.608
g3x2,balanced,long,mixed,10,5,2026,35,0.754,1.06,0.737,0.509,10,0.011,0,0.597
g3x2,balanced,long,mixed,10,20,ALL,173,-0.063,-0.09,-0.066,0.426,10,0.037,0,0.587
g3x2,balanced,long,mixed,10,20,P1,91,-0.227,-0.37,-0.23,0.434,10,0.048,0,0.57
g3x2,balanced,long,mixed,10,20,P2,82,0.119,0.09,0.115,0.417,10.0,0.024,0,0.605
g3x2,balanced,long,mixed,10,20,2023,40,-0.377,-0.61,-0.382,0.474,10.0,0.05,0,0.526
g3x2,balanced,long,mixed,10,20,2024,51,-0.109,-0.11,-0.11,0.403,10,0.046,0,0.604
g3x2,balanced,long,mixed,10,20,2025,50,-0.73,-0.52,-0.72,0.39,10.0,0.032,0,0.608
g3x2,balanced,long,mixed,10,20,2026,32,1.444,0.61,1.421,0.46,10.0,0.013,0,0.597
g3x2,balanced,long,mixed,10,63,ALL,165,-0.456,-0.26,-0.449,0.362,10,0.038,0,0.582
g3x2,balanced,long,mixed,10,63,P1,91,-1.073,-0.98,-1.063,0.351,10,0.048,0,0.57
g3x2,balanced,long,mixed,10,63,P2,74,0.303,0.09,0.306,0.377,10.0,0.026,0,0.596
g3x2,balanced,long,mixed,10,63,2023,40,0.265,0.2,0.272,0.399,10.0,0.05,0,0.526
g3x2,balanced,long,mixed,10,63,2024,51,-2.123,-1.44,-2.11,0.313,10,0.046,0,0.604
g3x2,balanced,long,mixed,10,63,2025,50,2.625,0.6,2.622,0.395,10.0,0.032,0,0.608
g3x2,balanced,long,mixed,10,63,2026,24,-4.534,-0.96,-4.52,0.338,10.0,0.012,0,0.565
g3x2,balanced,long,mixed,20,5,ALL,176,-0.096,-0.49,-0.096,0.467,20.0,0.057,3,0.565
g3x2,balanced,long,mixed,20,5,P1,91,-0.212,-1.03,-0.201,0.445,20,0.056,2,0.545
g3x2,balanced,long,mixed,20,5,P2,85,0.027,0.08,0.017,0.492,20,0.058,1,0.586
g3x2,balanced,long,mixed,20,5,2023,40,-0.182,-0.62,-0.157,0.449,20.0,0.053,2,0.54
g3x2,balanced,long,mixed,20,5,2024,51,-0.235,-0.83,-0.235,0.441,20,0.058,0,0.549
g3x2,balanced,long,mixed,20,5,2025,50,-0.133,-0.37,-0.144,0.486,20.0,0.079,1,0.58
g3x2,balanced,long,mixed,20,5,2026,35,0.257,0.41,0.247,0.5,20,0.026,0,0.6
g3x2,balanced,long,mixed,20,20,ALL,173,-0.093,-0.16,-0.112,0.425,20,0.057,3,0.565
g3x2,balanced,long,mixed,20,20,P1,91,-0.309,-0.54,-0.319,0.417,20,0.056,2,0.545
g3x2,balanced,long,mixed,20,20,P2,82,0.145,0.14,0.117,0.434,20.0,0.059,1,0.588
g3x2,balanced,long,mixed,20,20,2023,40,-0.686,-2.23,-0.71,0.429,20.0,0.053,2,0.54
g3x2,balanced,long,mixed,20,20,2024,51,-0.013,-0.01,-0.012,0.407,20,0.058,0,0.549
g3x2,balanced,long,mixed,20,20,2025,50,-0.286,-0.23,-0.326,0.418,20.0,0.079,1,0.58
g3x2,balanced,long,mixed,20,20,2026,32,0.819,0.45,0.81,0.458,20.0,0.027,0,0.605
g3x2,balanced,long,mixed,20,63,ALL,165,-0.283,-0.17,-0.323,0.382,20,0.059,3,0.56
g3x2,balanced,long,mixed,20,63,P1,91,-1.633,-1.95,-1.647,0.362,20,0.056,2,0.545
g3x2,balanced,long,mixed,20,63,P2,74,1.377,0.4,1.305,0.406,20.0,0.063,1,0.579
g3x2,balanced,long,mixed,20,63,2023,40,-1.165,-1.03,-1.203,0.395,20.0,0.053,2,0.54
g3x2,balanced,long,mixed,20,63,2024,51,-2.0,-1.87,-1.996,0.336,20,0.058,0,0.549
g3x2,balanced,long,mixed,20,63,2025,50,3.305,0.81,3.194,0.431,20.0,0.079,1,0.58
g3x2,balanced,long,mixed,20,63,2026,24,-2.638,-0.5,-2.63,0.353,20.0,0.03,0,0.585
g3x2,balanced,long,stock,10,5,ALL,176,0.085,0.35,0.09,0.474,10.0,0.044,1,0.582
g3x2,balanced,long,stock,10,5,P1,91,-0.178,-0.66,-0.177,0.454,10,0.055,0,0.57
g3x2,balanced,long,stock,10,5,P2,85,0.367,0.9,0.376,0.495,10,0.032,1,0.593
g3x2,balanced,long,stock,10,5,2023,40,-0.215,-0.53,-0.211,0.452,10.0,0.057,0,0.528
g3x2,balanced,long,stock,10,5,2024,51,-0.149,-0.41,-0.15,0.456,10,0.053,0,0.602
g3x2,balanced,long,stock,10,5,2025,50,-0.0,-0.0,0.027,0.48,10.0,0.045,1,0.592
g3x2,balanced,long,stock,10,5,2026,35,0.891,1.22,0.874,0.518,10,0.014,0,0.591
g3x2,balanced,long,stock,10,20,ALL,173,0.126,0.18,0.107,0.463,10,0.045,1,0.581
g3x2,balanced,long,stock,10,20,P1,91,-0.087,-0.14,-0.09,0.488,10,0.055,0,0.57
g3x2,balanced,long,stock,10,20,P2,82,0.363,0.28,0.326,0.435,10.0,0.034,1,0.593
g3x2,balanced,long,stock,10,20,2023,40,-0.396,-0.65,-0.406,0.476,10.0,0.057,0,0.528
g3x2,balanced,long,stock,10,20,2024,51,0.155,0.16,0.158,0.497,10,0.053,0,0.602
g3x2,balanced,long,stock,10,20,2025,50,-0.439,-0.32,-0.485,0.409,10.0,0.045,1,0.592
g3x2,balanced,long,stock,10,20,2026,32,1.617,0.66,1.594,0.476,10.0,0.016,0,0.59
g3x2,balanced,long,stock,10,63,ALL,165,0.656,0.38,0.597,0.409,10,0.046,1,0.576
g3x2,balanced,long,stock,10,63,P1,91,0.546,0.45,0.56,0.421,10,0.055,0,0.57
g3x2,balanced,long,stock,10,63,P2,74,0.792,0.23,0.642,0.395,10.0,0.036,1,0.582
g3x2,balanced,long,stock,10,63,2023,40,1.418,0.88,1.425,0.439,10.0,0.057,0,0.528
g3x2,balanced,long,stock,10,63,2024,51,-0.137,-0.09,-0.119,0.407,10,0.053,0,0.602
g3x2,balanced,long,stock,10,63,2025,50,3.209,0.77,2.982,0.414,10.0,0.045,1,0.592
g3x2,balanced,long,stock,10,63,2026,24,-4.245,-0.88,-4.231,0.355,10.0,0.017,0,0.557
g3x2,balanced,long,stock,20,5,ALL,176,-0.073,-0.37,-0.06,0.48,20.0,0.059,4,0.557
g3x2,balanced,long,stock,20,5,P1,91,-0.137,-0.65,-0.123,0.467,20,0.058,2,0.541
g3x2,balanced,long,stock,20,5,P2,85,-0.006,-0.02,0.008,0.493,20,0.06,2,0.575
g3x2,balanced,long,stock,20,5,2023,40,-0.164,-0.51,-0.133,0.466,20.0,0.055,2,0.531
g3x2,balanced,long,stock,20,5,2024,51,-0.115,-0.42,-0.115,0.467,20,0.06,0,0.549
g3x2,balanced,long,stock,20,5,2025,50,-0.211,-0.57,-0.181,0.482,20.0,0.084,2,0.576
g3x2,balanced,long,stock,20,5,2026,35,0.287,0.45,0.277,0.509,20,0.026,0,0.579
g3x2,balanced,long,stock,20,20,ALL,173,0.014,0.02,-0.007,0.456,20,0.06,4,0.558
g3x2,balanced,long,stock,20,20,P1,91,-0.011,-0.02,-0.017,0.47,20,0.058,2,0.541
g3x2,balanced,long,stock,20,20,P2,82,0.042,0.04,0.003,0.441,20.0,0.062,2,0.577
g3x2,balanced,long,stock,20,20,2023,40,-0.54,-1.73,-0.555,0.449,20.0,0.055,2,0.531
g3x2,balanced,long,stock,20,20,2024,51,0.404,0.41,0.406,0.487,20,0.06,0,0.549
g3x2,balanced,long,stock,20,20,2025,50,-0.413,-0.34,-0.47,0.432,20.0,0.084,2,0.576
g3x2,balanced,long,stock,20,20,2026,32,0.753,0.39,0.743,0.455,20.0,0.027,0,0.585
g3x2,balanced,long,stock,20,63,ALL,165,0.683,0.41,0.583,0.421,20,0.062,4,0.554
g3x2,balanced,long,stock,20,63,P1,91,-0.134,-0.13,-0.138,0.423,20,0.058,2,0.541
g3x2,balanced,long,stock,20,63,P2,74,1.688,0.5,1.47,0.419,20.0,0.066,2,0.571
g3x2,balanced,long,stock,20,63,2023,40,-0.092,-0.06,-0.106,0.425,20.0,0.055,2,0.531
g3x2,balanced,long,stock,20,63,2024,51,-0.167,-0.13,-0.162,0.421,20,0.06,0,0.549
g3x2,balanced,long,stock,20,63,2025,50,3.738,0.93,3.413,0.446,20.0,0.084,2,0.576
g3x2,balanced,long,stock,20,63,2026,24,-2.582,-0.49,-2.577,0.361,20.0,0.029,0,0.567
g3x2,balanced,mid,mixed,10,5,ALL,176,-0.048,-0.2,-0.042,0.468,10.0,0.028,1,0.605
g3x2,balanced,mid,mixed,10,5,P1,91,-0.12,-0.47,-0.111,0.449,10,0.036,1,0.593
g3x2,balanced,mid,mixed,10,5,P2,85,0.029,0.07,0.033,0.488,10,0.018,0,0.617
g3x2,balanced,mid,mixed,10,5,2023,40,-0.17,-0.45,-0.149,0.441,10.0,0.038,1,0.551
g3x2,balanced,mid,mixed,10,5,2024,51,-0.081,-0.23,-0.081,0.456,10,0.035,0,0.626
g3x2,balanced,mid,mixed,10,5,2025,50,-0.093,-0.2,-0.073,0.488,10.0,0.026,0,0.62
g3x2,balanced,mid,mixed,10,5,2026,35,0.204,0.29,0.183,0.489,10,0.006,0,0.609
g3x2,balanced,mid,mixed,10,20,ALL,173,-0.32,-0.48,-0.323,0.422,10,0.028,1,0.605
g3x2,balanced,mid,mixed,10,20,P1,91,-0.137,-0.22,-0.14,0.431,10,0.036,1,0.593
g3x2,balanced,mid,mixed,10,20,P2,82,-0.524,-0.42,-0.525,0.412,10.0,0.019,0,0.616
g3x2,balanced,mid,mixed,10,20,2023,40,-0.248,-0.42,-0.254,0.468,10.0,0.038,1,0.551
g3x2,balanced,mid,mixed,10,20,2024,51,-0.05,-0.05,-0.051,0.403,10,0.035,0,0.626
g3x2,balanced,mid,mixed,10,20,2025,50,-1.358,-0.98,-1.349,0.385,10.0,0.026,0,0.62
g3x2,balanced,mid,mixed,10,20,2026,32,0.779,0.34,0.762,0.454,10.0,0.006,0,0.606
g3x2,balanced,mid,mixed,10,63,ALL,165,-0.925,-0.53,-0.922,0.357,10,0.029,1,0.599
g3x2,balanced,mid,mixed,10,63,P1,91,-1.337,-1.41,-1.328,0.345,10,0.036,1,0.593
g3x2,balanced,mid,mixed,10,63,P2,74,-0.419,-0.12,-0.423,0.373,10.0,0.021,0,0.605
g3x2,balanced,mid,mixed,10,63,2023,40,0.112,0.1,0.116,0.404,10.0,0.038,1,0.551
g3x2,balanced,mid,mixed,10,63,2024,51,-2.473,-1.79,-2.46,0.299,10,0.035,0,0.626
g3x2,balanced,mid,mixed,10,63,2025,50,2.097,0.46,2.11,0.401,10.0,0.026,0,0.62
g3x2,balanced,mid,mixed,10,63,2026,24,-5.66,-1.29,-5.701,0.313,10.0,0.008,0,0.57
g3x2,balanced,mid,mixed,20,5,ALL,176,-0.064,-0.34,-0.061,0.473,20.0,0.052,10,0.585
g3x2,balanced,mid,mixed,20,5,P1,91,-0.2,-0.95,-0.189,0.446,20,0.055,8,0.572
g3x2,balanced,mid,mixed,20,5,P2,85,0.08,0.25,0.076,0.501,20,0.05,2,0.599
g3x2,balanced,mid,mixed,20,5,2023,40,-0.222,-0.77,-0.197,0.456,20.0,0.053,8,0.573
g3x2,balanced,mid,mixed,20,5,2024,51,-0.183,-0.61,-0.183,0.439,20,0.057,0,0.571
g3x2,balanced,mid,mixed,20,5,2025,50,-0.096,-0.26,-0.097,0.494,20.0,0.07,2,0.603
g3x2,balanced,mid,mixed,20,5,2026,35,0.333,0.58,0.324,0.512,20,0.02,0,0.597
g3x2,balanced,mid,mixed,20,20,ALL,173,-0.162,-0.29,-0.18,0.424,20,0.053,10,0.585
g3x2,balanced,mid,mixed,20,20,P1,91,-0.319,-0.6,-0.347,0.419,20,0.055,8,0.572
g3x2,balanced,mid,mixed,20,20,P2,82,0.012,0.01,0.005,0.43,20.0,0.051,2,0.601
g3x2,balanced,mid,mixed,20,20,2023,40,-0.654,-1.75,-0.718,0.433,20.0,0.053,8,0.573
g3x2,balanced,mid,mixed,20,20,2024,51,-0.057,-0.06,-0.055,0.407,20,0.057,0,0.571
g3x2,balanced,mid,mixed,20,20,2025,50,-0.438,-0.37,-0.446,0.413,20.0,0.07,2,0.603
g3x2,balanced,mid,mixed,20,20,2026,32,0.715,0.4,0.709,0.457,20.0,0.022,0,0.602
g3x2,balanced,mid,mixed,20,63,ALL,165,-0.675,-0.4,-0.753,0.367,20,0.055,10,0.582
g3x2,balanced,mid,mixed,20,63,P1,91,-2.001,-2.38,-2.045,0.341,20,0.055,8,0.572
g3x2,balanced,mid,mixed,20,63,P2,74,0.955,0.28,0.836,0.4,20.0,0.056,2,0.595
g3x2,balanced,mid,mixed,20,63,2023,40,-1.691,-1.59,-1.798,0.38,20.0,0.053,8,0.573
g3x2,balanced,mid,mixed,20,63,2024,51,-2.244,-2.03,-2.239,0.31,20,0.057,0,0.571
g3x2,balanced,mid,mixed,20,63,2025,50,2.928,0.7,2.746,0.428,20.0,0.07,2,0.603
g3x2,balanced,mid,mixed,20,63,2026,24,-3.156,-0.63,-3.143,0.34,20.0,0.026,0,0.585
g3x2,balanced,mid,stock,10,5,ALL,176,0.004,0.02,0.024,0.477,10.0,0.033,3,0.601
g3x2,balanced,mid,stock,10,5,P1,91,-0.134,-0.5,-0.121,0.46,10,0.038,1,0.592
g3x2,balanced,mid,stock,10,5,P2,85,0.153,0.37,0.179,0.496,10,0.027,2,0.608
g3x2,balanced,mid,stock,10,5,2023,40,-0.152,-0.37,-0.12,0.46,10.0,0.042,1,0.541
g3x2,balanced,mid,stock,10,5,2024,51,-0.121,-0.34,-0.121,0.46,10,0.035,0,0.632
g3x2,balanced,mid,stock,10,5,2025,50,0.037,0.08,0.096,0.497,10.0,0.042,2,0.616
g3x2,balanced,mid,stock,10,5,2026,35,0.318,0.43,0.297,0.495,10,0.006,0,0.6
g3x2,balanced,mid,stock,10,20,ALL,173,-0.023,-0.03,-0.045,0.465,10,0.033,3,0.6
g3x2,balanced,mid,stock,10,20,P1,91,0.25,0.4,0.25,0.5,10,0.038,1,0.592
g3x2,balanced,mid,stock,10,20,P2,82,-0.327,-0.26,-0.371,0.427,10.0,0.028,2,0.607
g3x2,balanced,mid,stock,10,20,2023,40,-0.058,-0.1,-0.061,0.484,10.0,0.042,1,0.541
g3x2,balanced,mid,stock,10,20,2024,51,0.493,0.5,0.494,0.513,10,0.035,0,0.632
g3x2,balanced,mid,stock,10,20,2025,50,-1.105,-0.81,-1.167,0.404,10.0,0.042,2,0.616
g3x2,balanced,mid,stock,10,20,2026,32,0.889,0.38,0.872,0.463,10.0,0.006,0,0.597
g3x2,balanced,mid,stock,10,63,ALL,165,0.579,0.32,0.475,0.41,10,0.035,3,0.595
g3x2,balanced,mid,stock,10,63,P1,91,0.688,0.54,0.705,0.42,10,0.038,1,0.592
g3x2,balanced,mid,stock,10,63,P2,74,0.445,0.12,0.193,0.398,10.0,0.031,2,0.596
g3x2,balanced,mid,stock,10,63,2023,40,1.337,0.78,1.355,0.451,10.0,0.042,1,0.541
g3x2,balanced,mid,stock,10,63,2024,51,0.18,0.11,0.195,0.395,10,0.035,0,0.632
g3x2,balanced,mid,stock,10,63,2025,50,3.234,0.72,2.879,0.433,10.0,0.042,2,0.616
g3x2,balanced,mid,stock,10,63,2026,24,-5.364,-1.21,-5.405,0.326,10.0,0.008,0,0.557
g3x2,balanced,mid,stock,20,5,ALL,176,-0.026,-0.13,-0.003,0.487,20.0,0.057,11,0.578
g3x2,balanced,mid,stock,20,5,P1,91,-0.145,-0.68,-0.131,0.466,20,0.059,8,0.569
g3x2,balanced,mid,stock,20,5,P2,85,0.102,0.31,0.133,0.509,20,0.054,3,0.587
g3x2,balanced,mid,stock,20,5,2023,40,-0.18,-0.59,-0.148,0.468,20.0,0.059,8,0.566
g3x2,balanced,mid,stock,20,5,2024,51,-0.118,-0.4,-0.118,0.465,20,0.059,0,0.572
g3x2,balanced,mid,stock,20,5,2025,50,-0.088,-0.23,-0.028,0.505,20.0,0.076,3,0.591
g3x2,balanced,mid,stock,20,5,2026,35,0.373,0.63,0.363,0.515,20,0.021,0,0.587
g3x2,balanced,mid,stock,20,20,ALL,173,0.075,0.13,0.04,0.458,20,0.057,11,0.578
g3x2,balanced,mid,stock,20,20,P1,91,0.016,0.03,-0.012,0.472,20,0.059,8,0.569
g3x2,balanced,mid,stock,20,20,P2,82,0.141,0.13,0.098,0.442,20.0,0.055,3,0.589
g3x2,balanced,mid,stock,20,20,2023,40,-0.492,-1.3,-0.557,0.451,20.0,0.059,8,0.566
g3x2,balanced,mid,stock,20,20,2024,51,0.414,0.41,0.415,0.488,20,0.059,0,0.572
g3x2,balanced,mid,stock,20,20,2025,50,-0.349,-0.27,-0.417,0.427,20.0,0.076,3,0.591
g3x2,balanced,mid,stock,20,20,2026,32,0.908,0.5,0.902,0.466,20.0,0.022,0,0.592
g3x2,balanced,mid,stock,20,63,ALL,165,0.329,0.19,0.17,0.413,20,0.059,11,0.576
g3x2,balanced,mid,stock,20,63,P1,91,-0.635,-0.65,-0.666,0.409,20,0.059,8,0.569
g3x2,balanced,mid,stock,20,63,P2,74,1.515,0.43,1.197,0.417,20.0,0.06,3,0.584
g3x2,balanced,mid,stock,20,63,2023,40,-0.718,-0.48,-0.794,0.422,20.0,0.059,8,0.566
g3x2,balanced,mid,stock,20,63,2024,51,-0.57,-0.51,-0.566,0.4,20,0.059,0,0.572
g3x2,balanced,mid,stock,20,63,2025,50,3.596,0.86,3.118,0.447,20.0,0.076,3,0.591
g3x2,balanced,mid,stock,20,63,2026,24,-2.82,-0.55,-2.806,0.355,20.0,0.025,0,0.578
g3x2,balanced,short,mixed,10,5,ALL,176,-0.122,-0.55,-0.116,0.469,10.0,0.015,1,0.623
g3x2,balanced,short,mixed,10,5,P1,91,0.003,0.01,0.005,0.46,10,0.017,0,0.62
g3x2,balanced,short,mixed,10,5,P2,85,-0.256,-0.68,-0.246,0.478,10,0.013,1,0.626
g3x2,balanced,short,mixed,10,5,2023,40,0.149,0.42,0.153,0.482,10.0,0.016,0,0.595
g3x2,balanced,short,mixed,10,5,2024,51,-0.111,-0.33,-0.111,0.442,10,0.018,0,0.638
g3x2,balanced,short,mixed,10,5,2025,50,0.006,0.01,0.024,0.477,10.0,0.019,1,0.633
g3x2,balanced,short,mixed,10,5,2026,35,-0.631,-1.02,-0.631,0.48,10,0.003,0,0.615
g3x2,balanced,short,mixed,10,20,ALL,173,-0.861,-1.58,-0.846,0.409,10,0.015,1,0.622
g3x2,balanced,short,mixed,10,20,P1,91,-0.345,-0.64,-0.349,0.418,10,0.017,0,0.62
g3x2,balanced,short,mixed,10,20,P2,82,-1.434,-1.48,-1.397,0.399,10.0,0.013,1,0.625
g3x2,balanced,short,mixed,10,20,2023,40,0.024,0.04,0.022,0.479,10.0,0.016,0,0.595
g3x2,balanced,short,mixed,10,20,2024,51,-0.635,-0.79,-0.64,0.371,10,0.018,0,0.638
g3x2,balanced,short,mixed,10,20,2025,50,-1.792,-1.44,-1.733,0.379,10.0,0.019,1,0.633
g3x2,balanced,short,mixed,10,20,2026,32,-0.873,-0.56,-0.873,0.431,10.0,0.003,0,0.61
g3x2,balanced,short,mixed,10,63,ALL,165,-1.922,-1.1,-1.921,0.344,10,0.016,1,0.623
g3x2,balanced,short,mixed,10,63,P1,91,-2.271,-2.11,-2.27,0.328,10,0.017,0,0.62
g3x2,balanced,short,mixed,10,63,P2,74,-1.493,-0.41,-1.491,0.363,10.0,0.014,1,0.626
g3x2,balanced,short,mixed,10,63,2023,40,-0.533,-0.32,-0.521,0.397,10.0,0.016,0,0.595
g3x2,balanced,short,mixed,10,63,2024,51,-3.635,-2.65,-3.642,0.275,10,0.018,0,0.638
g3x2,balanced,short,mixed,10,63,2025,50,1.722,0.4,1.725,0.407,10.0,0.019,1,0.633
g3x2,balanced,short,mixed,10,63,2026,24,-8.192,-2.6,-8.192,0.271,10.0,0.004,0,0.609
g3x2,balanced,short,mixed,20,5,ALL,176,-0.087,-0.48,-0.087,0.465,20.0,0.027,10,0.606
g3x2,balanced,short,mixed,20,5,P1,91,-0.137,-0.7,-0.143,0.448,20,0.034,6,0.6
g3x2,balanced,short,mixed,20,5,P2,85,-0.034,-0.11,-0.028,0.483,20,0.019,4,0.614
g3x2,balanced,short,mixed,20,5,2023,40,-0.053,-0.19,-0.064,0.467,20.0,0.027,5,0.579
g3x2,balanced,short,mixed,20,5,2024,51,-0.204,-0.75,-0.205,0.434,20,0.039,1,0.614
g3x2,balanced,short,mixed,20,5,2025,50,0.009,0.02,0.02,0.488,20.0,0.029,4,0.61
g3x2,balanced,short,mixed,20,5,2026,35,-0.095,-0.18,-0.095,0.476,20,0.004,0,0.622
g3x2,balanced,short,mixed,20,20,ALL,173,-0.61,-1.26,-0.619,0.416,20,0.027,10,0.605
g3x2,balanced,short,mixed,20,20,P1,91,-0.565,-1.21,-0.613,0.406,20,0.034,6,0.6
g3x2,balanced,short,mixed,20,20,P2,82,-0.66,-0.75,-0.627,0.428,20.0,0.02,4,0.611
g3x2,balanced,short,mixed,20,20,2023,40,-0.375,-0.85,-0.489,0.434,20.0,0.027,5,0.579
g3x2,balanced,short,mixed,20,20,2024,51,-0.714,-0.96,-0.71,0.384,20,0.039,1,0.614
g3x2,balanced,short,mixed,20,20,2025,50,-0.646,-0.56,-0.592,0.418,20.0,0.029,4,0.61
g3x2,balanced,short,mixed,20,20,2026,32,-0.681,-0.51,-0.681,0.444,20.0,0.005,0,0.616
g3x2,balanced,short,mixed,20,63,ALL,165,-1.88,-1.11,-1.985,0.342,20,0.028,10,0.604
g3x2,balanced,short,mixed,20,63,P1,91,-3.118,-4.81,-3.222,0.309,20,0.034,6,0.6
g3x2,balanced,short,mixed,20,63,P2,74,-0.359,-0.1,-0.464,0.382,20.0,0.021,4,0.608
g3x2,balanced,short,mixed,20,63,2023,40,-2.216,-3.09,-2.406,0.345,20.0,0.027,5,0.579
g3x2,balanced,short,mixed,20,63,2024,51,-3.825,-3.9,-3.861,0.281,20,0.039,1,0.614
g3x2,balanced,short,mixed,20,63,2025,50,2.871,0.7,2.715,0.423,20.0,0.029,4,0.61
g3x2,balanced,short,mixed,20,63,2026,24,-7.088,-2.13,-7.088,0.296,20.0,0.004,0,0.609
g3x2,balanced,short,stock,10,5,ALL,176,-0.145,-0.64,-0.149,0.474,10.0,0.014,2,0.617
g3x2,balanced,short,stock,10,5,P1,91,-0.039,-0.15,-0.038,0.469,10,0.016,0,0.616
g3x2,balanced,short,stock,10,5,P2,85,-0.258,-0.67,-0.269,0.48,10,0.012,2,0.619
g3x2,balanced,short,stock,10,5,2023,40,0.057,0.15,0.061,0.482,10.0,0.015,0,0.59
g3x2,balanced,short,stock,10,5,2024,51,-0.114,-0.34,-0.116,0.458,10,0.018,0,0.632
g3x2,balanced,short,stock,10,5,2025,50,0.005,0.01,-0.014,0.478,10.0,0.018,2,0.622
g3x2,balanced,short,stock,10,5,2026,35,-0.634,-1.02,-0.634,0.483,10,0.003,0,0.618
g3x2,balanced,short,stock,10,20,ALL,173,-0.843,-1.5,-0.888,0.44,10,0.014,2,0.616
g3x2,balanced,short,stock,10,20,P1,91,-0.337,-0.62,-0.342,0.466,10,0.016,0,0.616
g3x2,balanced,short,stock,10,20,P2,82,-1.405,-1.4,-1.494,0.411,10.0,0.012,2,0.617
g3x2,balanced,short,stock,10,20,2023,40,-0.189,-0.32,-0.193,0.491,10.0,0.015,0,0.59
g3x2,balanced,short,stock,10,20,2024,51,-0.452,-0.54,-0.458,0.446,10,0.018,0,0.632
g3x2,balanced,short,stock,10,20,2025,50,-1.739,-1.34,-1.885,0.392,10.0,0.018,2,0.622
g3x2,balanced,short,stock,10,20,2026,32,-0.884,-0.56,-0.884,0.441,10.0,0.003,0,0.613
g3x2,balanced,short,stock,10,63,ALL,165,-1.434,-0.79,-1.569,0.367,10,0.015,2,0.616
g3x2,balanced,short,stock,10,63,P1,91,-1.8,-1.5,-1.795,0.363,10,0.016,0,0.616
g3x2,balanced,short,stock,10,63,P2,74,-0.985,-0.27,-1.291,0.373,10.0,0.014,2,0.616
g3x2,balanced,short,stock,10,63,2023,40,-0.148,-0.08,-0.133,0.417,10.0,0.015,0,0.59
g3x2,balanced,short,stock,10,63,2024,51,-3.095,-2.08,-3.099,0.32,10,0.018,0,0.632
g3x2,balanced,short,stock,10,63,2025,50,2.564,0.59,2.111,0.422,10.0,0.018,2,0.622
g3x2,balanced,short,stock,10,63,2026,24,-8.377,-2.73,-8.377,0.271,10.0,0.004,0,0.609
g3x2,balanced,short,stock,20,5,ALL,176,-0.089,-0.48,-0.096,0.47,20.0,0.03,13,0.597
g3x2,balanced,short,stock,20,5,P1,91,-0.183,-0.93,-0.189,0.456,20,0.037,6,0.588
g3x2,balanced,short,stock,20,5,P2,85,0.011,0.03,0.003,0.485,20,0.022,7,0.606
g3x2,balanced,short,stock,20,5,2023,40,-0.055,-0.18,-0.065,0.476,20.0,0.033,5,0.561
g3x2,balanced,short,stock,20,5,2024,51,-0.283,-1.08,-0.285,0.44,20,0.041,1,0.609
g3x2,balanced,short,stock,20,5,2025,50,-0.018,-0.04,-0.031,0.484,20.0,0.034,7,0.607
g3x2,balanced,short,stock,20,5,2026,35,0.052,0.1,0.052,0.486,20,0.006,0,0.607
g3x2,balanced,short,stock,20,20,ALL,173,-0.533,-1.09,-0.595,0.444,20,0.031,13,0.596
g3x2,balanced,short,stock,20,20,P1,91,-0.469,-0.98,-0.515,0.45,20,0.037,6,0.588
g3x2,balanced,short,stock,20,20,P2,82,-0.603,-0.68,-0.683,0.437,20.0,0.023,7,0.605
g3x2,balanced,short,stock,20,20,2023,40,-0.297,-0.63,-0.408,0.453,20.0,0.033,5,0.561
g3x2,balanced,short,stock,20,20,2024,51,-0.604,-0.8,-0.6,0.447,20,0.041,1,0.609
g3x2,balanced,short,stock,20,20,2025,50,-0.619,-0.52,-0.75,0.425,20.0,0.034,7,0.607
g3x2,balanced,short,stock,20,20,2026,32,-0.579,-0.44,-0.579,0.455,20.0,0.006,0,0.605
g3x2,balanced,short,stock,20,63,ALL,165,-1.292,-0.77,-1.512,0.375,20,0.032,13,0.595
g3x2,balanced,short,stock,20,63,P1,91,-2.319,-3.06,-2.417,0.357,20,0.037,6,0.588
g3x2,balanced,short,stock,20,63,P2,74,-0.028,-0.01,-0.398,0.396,20.0,0.025,7,0.603
g3x2,balanced,short,stock,20,63,2023,40,-1.854,-2.21,-2.032,0.37,20.0,0.033,5,0.561
g3x2,balanced,short,stock,20,63,2024,51,-2.684,-2.34,-2.72,0.347,20,0.041,1,0.609
g3x2,balanced,short,stock,20,63,2025,50,3.27,0.82,2.723,0.439,20.0,0.034,7,0.607
g3x2,balanced,short,stock,20,63,2026,24,-6.9,-2.0,-6.9,0.308,20.0,0.006,0,0.598
g4,aggressive,long,mixed,10,5,ALL,176,-0.078,-0.29,-0.077,0.461,10.0,0.086,0,0.611
g4,aggressive,long,mixed,10,5,P1,91,-0.223,-0.81,-0.222,0.432,10,0.069,0,0.591
g4,aggressive,long,mixed,10,5,P2,85,0.078,0.17,0.077,0.492,10,0.104,0,0.631
g4,aggressive,long,mixed,10,5,2023,40,-0.329,-1.08,-0.326,0.432,10.0,0.073,0,0.587
g4,aggressive,long,mixed,10,5,2024,51,-0.14,-0.32,-0.14,0.432,10,0.066,0,0.598
g4,aggressive,long,mixed,10,5,2025,50,-0.012,-0.02,0.002,0.48,10.0,0.132,0,0.633
g4,aggressive,long,mixed,10,5,2026,35,0.205,0.23,0.185,0.509,10,0.063,0,0.626
g4,aggressive,long,mixed,10,20,ALL,173,-0.464,-0.66,-0.476,0.404,10,0.088,0,0.612
g4,aggressive,long,mixed,10,20,P1,91,-0.734,-1.12,-0.742,0.402,10,0.069,0,0.591
g4,aggressive,long,mixed,10,20,P2,82,-0.164,-0.13,-0.18,0.407,10.0,0.108,0,0.633
g4,aggressive,long,mixed,10,20,2023,40,-1.553,-3.46,-1.567,0.418,10.0,0.073,0,0.587
g4,aggressive,long,mixed,10,20,2024,51,-0.091,-0.08,-0.094,0.389,10,0.066,0,0.598
g4,aggressive,long,mixed,10,20,2025,50,-0.58,-0.4,-0.603,0.375,10.0,0.132,0,0.633
g4,aggressive,long,mixed,10,20,2026,32,0.487,0.2,0.481,0.458,10.0,0.069,0,0.632
g4,aggressive,long,mixed,10,63,ALL,165,-1.041,-0.6,-1.03,0.353,10,0.09,0,0.606
g4,aggressive,long,mixed,10,63,P1,91,-2.063,-2.15,-2.066,0.337,10,0.069,0,0.591
g4,aggressive,long,mixed,10,63,P2,74,0.215,0.06,0.245,0.372,10.0,0.114,0,0.623
g4,aggressive,long,mixed,10,63,2023,40,-1.91,-1.12,-1.937,0.384,10.0,0.073,0,0.587
g4,aggressive,long,mixed,10,63,2024,51,-2.183,-2.13,-2.167,0.301,10,0.066,0,0.598
g4,aggressive,long,mixed,10,63,2025,50,1.137,0.28,1.122,0.393,10.0,0.132,0,0.633
g4,aggressive,long,mixed,10,63,2026,24,-1.706,-0.25,-1.584,0.327,10.0,0.075,0,0.6
g4,aggressive,long,mixed,20,5,ALL,176,-0.127,-0.57,-0.127,0.458,20.0,0.109,0,0.565
g4,aggressive,long,mixed,20,5,P1,91,-0.232,-1.04,-0.231,0.433,20,0.075,0,0.551
g4,aggressive,long,mixed,20,5,P2,85,-0.014,-0.04,-0.015,0.485,20,0.145,0,0.579
g4,aggressive,long,mixed,20,5,2023,40,-0.394,-1.46,-0.392,0.427,20.0,0.079,0,0.553
g4,aggressive,long,mixed,20,5,2024,51,-0.105,-0.31,-0.105,0.438,20,0.072,0,0.55
g4,aggressive,long,mixed,20,5,2025,50,0.003,0.01,0.007,0.477,20.0,0.174,0,0.582
g4,aggressive,long,mixed,20,5,2026,35,-0.038,-0.05,-0.046,0.497,20,0.103,0,0.578
g4,aggressive,long,mixed,20,20,ALL,173,-0.283,-0.47,-0.285,0.421,20,0.11,0,0.566
g4,aggressive,long,mixed,20,20,P1,91,-0.425,-0.71,-0.426,0.413,20,0.075,0,0.551
g4,aggressive,long,mixed,20,20,P2,82,-0.125,-0.12,-0.129,0.431,20.0,0.15,0,0.582
g4,aggressive,long,mixed,20,20,2023,40,-1.382,-4.34,-1.388,0.41,20.0,0.079,0,0.553
g4,aggressive,long,mixed,20,20,2024,51,0.326,0.33,0.328,0.414,20,0.072,0,0.55
g4,aggressive,long,mixed,20,20,2025,50,-0.402,-0.35,-0.406,0.413,20.0,0.174,0,0.582
g4,aggressive,long,mixed,20,20,2026,32,0.307,0.15,0.304,0.46,20.0,0.111,0,0.585
g4,aggressive,long,mixed,20,63,ALL,165,-0.308,-0.2,-0.307,0.381,20,0.113,0,0.56
g4,aggressive,long,mixed,20,63,P1,91,-1.216,-1.21,-1.217,0.365,20,0.075,0,0.551
g4,aggressive,long,mixed,20,63,P2,74,0.81,0.26,0.812,0.399,20.0,0.159,0,0.572
g4,aggressive,long,mixed,20,63,2023,40,-1.678,-1.31,-1.684,0.388,20.0,0.079,0,0.553
g4,aggressive,long,mixed,20,63,2024,51,-0.855,-0.68,-0.85,0.348,20,0.072,0,0.55
g4,aggressive,long,mixed,20,63,2025,50,2.229,0.67,2.222,0.428,20.0,0.174,0,0.582
g4,aggressive,long,mixed,20,63,2026,24,-2.147,-0.34,-2.124,0.34,20.0,0.128,0,0.554
g4,aggressive,long,stock,10,5,ALL,176,-0.007,-0.03,-0.008,0.473,10.0,0.087,1,0.587
g4,aggressive,long,stock,10,5,P1,91,-0.065,-0.22,-0.063,0.469,10,0.07,0,0.568
g4,aggressive,long,stock,10,5,P2,85,0.054,0.11,0.052,0.477,10,0.105,1,0.607
g4,aggressive,long,stock,10,5,2023,40,-0.234,-0.67,-0.23,0.459,10.0,0.08,0,0.564
g4,aggressive,long,stock,10,5,2024,51,0.068,0.15,0.068,0.477,10,0.063,0,0.57
g4,aggressive,long,stock,10,5,2025,50,-0.178,-0.36,-0.166,0.454,10.0,0.13,1,0.612
g4,aggressive,long,stock,10,5,2026,35,0.385,0.41,0.362,0.509,10,0.069,0,0.6
g4,aggressive,long,stock,10,20,ALL,173,-0.033,-0.04,-0.049,0.46,10,0.089,1,0.588
g4,aggressive,long,stock,10,20,P1,91,0.085,0.11,0.077,0.493,10,0.07,0,0.568
g4,aggressive,long,stock,10,20,P2,82,-0.163,-0.12,-0.189,0.423,10.0,0.109,1,0.609
g4,aggressive,long,stock,10,20,2023,40,-1.193,-2.19,-1.208,0.448,10.0,0.08,0,0.564
g4,aggressive,long,stock,10,20,2024,51,1.087,0.87,1.085,0.528,10,0.063,0,0.57
g4,aggressive,long,stock,10,20,2025,50,-0.952,-0.63,-0.986,0.39,10.0,0.13,1,0.612
g4,aggressive,long,stock,10,20,2026,32,1.069,0.41,1.058,0.476,10.0,0.075,0,0.603
g4,aggressive,long,stock,10,63,ALL,165,1.061,0.55,1.064,0.421,10,0.09,1,0.582
g4,aggressive,long,stock,10,63,P1,91,0.706,0.47,0.705,0.44,10,0.07,0,0.568
g4,aggressive,long,stock,10,63,P2,74,1.499,0.39,1.504,0.399,10.0,0.115,1,0.599
g4,aggressive,long,stock,10,63,2023,40,0.192,0.09,0.165,0.441,10.0,0.08,0,0.564
g4,aggressive,long,stock,10,63,2024,51,1.109,0.7,1.129,0.439,10,0.063,0,0.57
g4,aggressive,long,stock,10,63,2025,50,2.177,0.52,2.127,0.416,10.0,0.13,1,0.612
g4,aggressive,long,stock,10,63,2026,24,0.086,0.01,0.208,0.364,10.0,0.083,0,0.57
g4,aggressive,long,stock,20,5,ALL,176,-0.031,-0.14,-0.03,0.473,20.0,0.113,1,0.548
g4,aggressive,long,stock,20,5,P1,91,-0.102,-0.44,-0.102,0.462,20,0.078,0,0.533
g4,aggressive,long,stock,20,5,P2,85,0.045,0.11,0.047,0.486,20,0.15,1,0.565
g4,aggressive,long,stock,20,5,2023,40,-0.345,-1.13,-0.344,0.45,20.0,0.079,0,0.54
g4,aggressive,long,stock,20,5,2024,51,0.088,0.26,0.088,0.471,20,0.077,0,0.528
g4,aggressive,long,stock,20,5,2025,50,0.001,0.0,0.011,0.478,20.0,0.176,1,0.56
g4,aggressive,long,stock,20,5,2026,35,0.107,0.13,0.099,0.497,20,0.111,0,0.574
g4,aggressive,long,stock,20,20,ALL,173,0.156,0.24,0.138,0.468,20,0.114,1,0.549
g4,aggressive,long,stock,20,20,P1,91,0.093,0.14,0.092,0.485,20,0.078,0,0.533
g4,aggressive,long,stock,20,20,P2,82,0.226,0.2,0.19,0.45,20.0,0.155,1,0.567
g4,aggressive,long,stock,20,20,2023,40,-1.229,-3.65,-1.234,0.437,20.0,0.079,0,0.54
g4,aggressive,long,stock,20,20,2024,51,1.13,1.06,1.132,0.522,20,0.077,0,0.528
g4,aggressive,long,stock,20,20,2025,50,0.068,0.06,0.015,0.441,20.0,0.176,1,0.56
g4,aggressive,long,stock,20,20,2026,32,0.472,0.21,0.464,0.463,20.0,0.12,0,0.579
g4,aggressive,long,stock,20,63,ALL,165,1.286,0.77,1.242,0.447,20,0.117,1,0.544
g4,aggressive,long,stock,20,63,P1,91,0.96,0.72,0.96,0.465,20,0.078,0,0.533
g4,aggressive,long,stock,20,63,P2,74,1.687,0.52,1.588,0.424,20.0,0.164,1,0.557
g4,aggressive,long,stock,20,63,2023,40,-0.385,-0.2,-0.39,0.439,20.0,0.079,0,0.54
g4,aggressive,long,stock,20,63,2024,51,2.015,1.58,2.019,0.486,20,0.077,0,0.528
g4,aggressive,long,stock,20,63,2025,50,3.225,0.96,3.073,0.451,20.0,0.176,1,0.56
g4,aggressive,long,stock,20,63,2026,24,-1.519,-0.22,-1.504,0.367,20.0,0.14,0,0.552
g4,aggressive,mid,mixed,10,5,ALL,176,-0.128,-0.51,-0.127,0.458,10.0,0.081,0,0.614
g4,aggressive,mid,mixed,10,5,P1,91,-0.26,-0.95,-0.257,0.428,10,0.067,0,0.583
g4,aggressive,mid,mixed,10,5,P2,85,0.013,0.03,0.013,0.491,10,0.097,0,0.645
g4,aggressive,mid,mixed,10,5,2023,40,-0.322,-0.97,-0.316,0.432,10.0,0.073,0,0.582
g4,aggressive,mid,mixed,10,5,2024,51,-0.211,-0.52,-0.211,0.424,10,0.062,0,0.588
g4,aggressive,mid,mixed,10,5,2025,50,0.095,0.21,0.11,0.486,10.0,0.133,0,0.633
g4,aggressive,mid,mixed,10,5,2026,35,-0.103,-0.13,-0.125,0.497,10,0.046,0,0.662
g4,aggressive,mid,mixed,10,20,ALL,173,-0.587,-0.89,-0.595,0.394,10,0.083,0,0.614
g4,aggressive,mid,mixed,10,20,P1,91,-0.654,-1.06,-0.659,0.392,10,0.067,0,0.583
g4,aggressive,mid,mixed,10,20,P2,82,-0.512,-0.42,-0.524,0.396,10.0,0.1,0,0.647
g4,aggressive,mid,mixed,10,20,2023,40,-1.31,-2.94,-1.322,0.418,10.0,0.073,0,0.582
g4,aggressive,mid,mixed,10,20,2024,51,-0.139,-0.14,-0.138,0.371,10,0.062,0,0.588
g4,aggressive,mid,mixed,10,20,2025,50,-0.682,-0.51,-0.698,0.371,10.0,0.133,0,0.633
g4,aggressive,mid,mixed,10,20,2026,32,-0.248,-0.11,-0.252,0.436,10.0,0.05,0,0.668
g4,aggressive,mid,mixed,10,63,ALL,165,-1.183,-0.65,-1.181,0.353,10,0.085,0,0.607
g4,aggressive,mid,mixed,10,63,P1,91,-2.097,-2.63,-2.101,0.34,10,0.067,0,0.583
g4,aggressive,mid,mixed,10,63,P2,74,-0.059,-0.02,-0.05,0.37,10.0,0.107,0,0.634
g4,aggressive,mid,mixed,10,63,2023,40,-2.262,-1.91,-2.295,0.396,10.0,0.073,0,0.582
g4,aggressive,mid,mixed,10,63,2024,51,-1.967,-1.88,-1.949,0.295,10,0.062,0,0.588
g4,aggressive,mid,mixed,10,63,2025,50,1.69,0.38,1.676,0.399,10.0,0.133,0,0.633
g4,aggressive,mid,mixed,10,63,2026,24,-3.701,-0.53,-3.648,0.31,10.0,0.054,0,0.635
g4,aggressive,mid,mixed,20,5,ALL,176,-0.179,-0.87,-0.179,0.458,20.0,0.104,0,0.576
g4,aggressive,mid,mixed,20,5,P1,91,-0.278,-1.27,-0.278,0.429,20,0.071,0,0.562
g4,aggressive,mid,mixed,20,5,P2,85,-0.072,-0.2,-0.073,0.488,20,0.139,0,0.592
g4,aggressive,mid,mixed,20,5,2023,40,-0.417,-1.53,-0.415,0.425,20.0,0.067,0,0.563
g4,aggressive,mid,mixed,20,5,2024,51,-0.17,-0.52,-0.17,0.433,20,0.074,0,0.56
g4,aggressive,mid,mixed,20,5,2025,50,-0.054,-0.15,-0.051,0.484,20.0,0.172,0,0.589
g4,aggressive,mid,mixed,20,5,2026,35,-0.098,-0.14,-0.105,0.494,20,0.092,0,0.599
g4,aggressive,mid,mixed,20,20,ALL,173,-0.513,-0.85,-0.516,0.41,20,0.105,0,0.576
g4,aggressive,mid,mixed,20,20,P1,91,-0.701,-1.28,-0.703,0.402,20,0.071,0,0.562
g4,aggressive,mid,mixed,20,20,P2,82,-0.304,-0.27,-0.308,0.42,20.0,0.144,0,0.591
g4,aggressive,mid,mixed,20,20,2023,40,-1.473,-4.48,-1.478,0.412,20.0,0.067,0,0.563
g4,aggressive,mid,mixed,20,20,2024,51,-0.096,-0.11,-0.095,0.395,20,0.074,0,0.56
g4,aggressive,mid,mixed,20,20,2025,50,-0.239,-0.19,-0.243,0.411,20.0,0.172,0,0.589
g4,aggressive,mid,mixed,20,20,2026,32,-0.407,-0.19,-0.409,0.434,20.0,0.099,0,0.597
g4,aggressive,mid,mixed,20,63,ALL,165,-0.769,-0.46,-0.769,0.369,20,0.108,0,0.568
g4,aggressive,mid,mixed,20,63,P1,91,-2.083,-2.49,-2.085,0.347,20,0.071,0,0.562
g4,aggressive,mid,mixed,20,63,P2,74,0.847,0.25,0.85,0.397,20.0,0.153,0,0.576
g4,aggressive,mid,mixed,20,63,2023,40,-2.478,-2.04,-2.487,0.378,20.0,0.067,0,0.563
g4,aggressive,mid,mixed,20,63,2024,51,-1.774,-1.75,-1.769,0.322,20,0.074,0,0.56
g4,aggressive,mid,mixed,20,63,2025,50,2.631,0.69,2.624,0.433,20.0,0.172,0,0.589
g4,aggressive,mid,mixed,20,63,2026,24,-2.87,-0.45,-2.846,0.324,20.0,0.113,0,0.552
g4,aggressive,mid,stock,10,5,ALL,176,-0.035,-0.13,-0.034,0.47,10.0,0.089,1,0.598
g4,aggressive,mid,stock,10,5,P1,91,-0.112,-0.39,-0.109,0.461,10,0.074,0,0.571
g4,aggressive,mid,stock,10,5,P2,85,0.047,0.11,0.047,0.48,10,0.105,1,0.626
g4,aggressive,mid,stock,10,5,2023,40,-0.277,-0.83,-0.271,0.454,10.0,0.08,0,0.564
g4,aggressive,mid,stock,10,5,2024,51,0.018,0.04,0.017,0.465,10,0.069,0,0.576
g4,aggressive,mid,stock,10,5,2025,50,0.054,0.11,0.068,0.474,10.0,0.14,1,0.608
g4,aggressive,mid,stock,10,5,2026,35,0.038,0.05,0.016,0.489,10,0.054,0,0.65
g4,aggressive,mid,stock,10,20,ALL,173,-0.197,-0.28,-0.207,0.457,10,0.09,1,0.598
g4,aggressive,mid,stock,10,20,P1,91,-0.154,-0.21,-0.16,0.489,10,0.074,0,0.571
g4,aggressive,mid,stock,10,20,P2,82,-0.246,-0.19,-0.259,0.421,10.0,0.109,1,0.627
g4,aggressive,mid,stock,10,20,2023,40,-1.571,-3.63,-1.583,0.439,10.0,0.08,0,0.564
g4,aggressive,mid,stock,10,20,2024,51,0.957,0.81,0.956,0.529,10,0.069,0,0.576
g4,aggressive,mid,stock,10,20,2025,50,-0.682,-0.49,-0.703,0.4,10.0,0.14,1,0.608
g4,aggressive,mid,stock,10,20,2026,32,0.436,0.18,0.435,0.455,10.0,0.059,0,0.655
g4,aggressive,mid,stock,10,63,ALL,165,0.371,0.19,0.365,0.418,10,0.093,1,0.59
g4,aggressive,mid,stock,10,63,P1,91,-0.263,-0.21,-0.265,0.435,10,0.074,0,0.571
g4,aggressive,mid,stock,10,63,P2,74,1.149,0.29,1.139,0.396,10.0,0.117,1,0.611
g4,aggressive,mid,stock,10,63,2023,40,-1.263,-0.65,-1.291,0.444,10.0,0.08,0,0.564
g4,aggressive,mid,stock,10,63,2024,51,0.522,0.41,0.539,0.429,10,0.069,0,0.576
g4,aggressive,mid,stock,10,63,2025,50,2.908,0.65,2.867,0.424,10.0,0.14,1,0.608
g4,aggressive,mid,stock,10,63,2026,24,-2.513,-0.34,-2.461,0.339,10.0,0.067,0,0.613
g4,aggressive,mid,stock,20,5,ALL,176,-0.059,-0.27,-0.058,0.475,20.0,0.113,1,0.563
g4,aggressive,mid,stock,20,5,P1,91,-0.135,-0.54,-0.134,0.458,20,0.084,0,0.56
g4,aggressive,mid,stock,20,5,P2,85,0.021,0.06,0.023,0.493,20,0.145,1,0.567
g4,aggressive,mid,stock,20,5,2023,40,-0.349,-1.13,-0.347,0.451,20.0,0.081,0,0.551
g4,aggressive,mid,stock,20,5,2024,51,0.034,0.09,0.033,0.463,20,0.086,0,0.568
g4,aggressive,mid,stock,20,5,2025,50,0.009,0.02,0.018,0.487,20.0,0.177,1,0.569
g4,aggressive,mid,stock,20,5,2026,35,0.039,0.05,0.029,0.503,20,0.099,0,0.565
g4,aggressive,mid,stock,20,20,ALL,173,-0.174,-0.27,-0.192,0.455,20,0.115,1,0.564
g4,aggressive,mid,stock,20,20,P1,91,-0.123,-0.2,-0.125,0.474,20,0.084,0,0.56
g4,aggressive,mid,stock,20,20,P2,82,-0.229,-0.2,-0.266,0.435,20.0,0.15,1,0.568
g4,aggressive,mid,stock,20,20,2023,40,-1.156,-2.87,-1.161,0.432,20.0,0.081,0,0.551
g4,aggressive,mid,stock,20,20,2024,51,0.686,0.7,0.687,0.506,20,0.086,0,0.568
g4,aggressive,mid,stock,20,20,2025,50,-0.11,-0.08,-0.163,0.43,20.0,0.177,1,0.569
g4,aggressive,mid,stock,20,20,2026,32,-0.416,-0.19,-0.426,0.443,20.0,0.106,0,0.568
g4,aggressive,mid,stock,20,63,ALL,165,0.896,0.5,0.854,0.433,20,0.118,1,0.559
g4,aggressive,mid,stock,20,63,P1,91,0.299,0.26,0.3,0.443,20,0.084,0,0.56
g4,aggressive,mid,stock,20,63,P2,74,1.629,0.45,1.534,0.422,20.0,0.159,1,0.557
g4,aggressive,mid,stock,20,63,2023,40,-0.88,-0.52,-0.882,0.423,20.0,0.081,0,0.551
g4,aggressive,mid,stock,20,63,2024,51,1.223,1.12,1.228,0.458,20,0.086,0,0.568
g4,aggressive,mid,stock,20,63,2025,50,3.601,0.87,3.449,0.453,20.0,0.177,1,0.569
g4,aggressive,mid,stock,20,63,2026,24,-2.479,-0.37,-2.455,0.357,20.0,0.121,0,0.533
g4,aggressive,short,mixed,10,5,ALL,176,-0.161,-0.7,-0.159,0.474,10.0,0.058,0,0.652
g4,aggressive,short,mixed,10,5,P1,91,-0.098,-0.39,-0.094,0.452,10,0.057,0,0.624
g4,aggressive,short,mixed,10,5,P2,85,-0.228,-0.58,-0.228,0.498,10,0.058,0,0.681
g4,aggressive,short,mixed,10,5,2023,40,-0.059,-0.2,-0.051,0.47,10.0,0.043,0,0.623
g4,aggressive,short,mixed,10,5,2024,51,-0.128,-0.33,-0.128,0.438,10,0.069,0,0.626
g4,aggressive,short,mixed,10,5,2025,50,-0.066,-0.13,-0.066,0.496,10.0,0.078,0,0.673
g4,aggressive,short,mixed,10,5,2026,35,-0.459,-0.71,-0.459,0.5,10,0.028,0,0.694
g4,aggressive,short,mixed,10,20,ALL,173,-1.01,-1.66,-1.013,0.395,10,0.059,0,0.651
g4,aggressive,short,mixed,10,20,P1,91,-0.537,-0.84,-0.544,0.393,10,0.057,0,0.624
g4,aggressive,short,mixed,10,20,P2,82,-1.533,-1.45,-1.533,0.396,10.0,0.06,0,0.68
g4,aggressive,short,mixed,10,20,2023,40,-0.966,-1.6,-0.976,0.421,10.0,0.043,0,0.623
g4,aggressive,short,mixed,10,20,2024,51,-0.202,-0.2,-0.205,0.371,10,0.069,0,0.626
g4,aggressive,short,mixed,10,20,2025,50,-0.886,-0.66,-0.886,0.39,10.0,0.078,0,0.673
g4,aggressive,short,mixed,10,20,2026,32,-2.545,-1.53,-2.545,0.406,10.0,0.031,0,0.694
g4,aggressive,short,mixed,10,63,ALL,165,-1.914,-1.07,-1.918,0.345,10,0.06,0,0.646
g4,aggressive,short,mixed,10,63,P1,91,-1.94,-2.12,-1.948,0.324,10,0.057,0,0.624
g4,aggressive,short,mixed,10,63,P2,74,-1.881,-0.49,-1.881,0.372,10.0,0.064,0,0.671
g4,aggressive,short,mixed,10,63,2023,40,-2.37,-2.92,-2.393,0.364,10.0,0.043,0,0.623
g4,aggressive,short,mixed,10,63,2024,51,-1.603,-1.08,-1.599,0.293,10,0.069,0,0.626
g4,aggressive,short,mixed,10,63,2025,50,1.107,0.24,1.107,0.422,10.0,0.078,0,0.673
g4,aggressive,short,mixed,10,63,2026,24,-8.106,-1.79,-8.106,0.267,10.0,0.033,0,0.67
g4,aggressive,short,mixed,20,5,ALL,176,-0.14,-0.73,-0.141,0.462,20.0,0.089,0,0.605
g4,aggressive,short,mixed,20,5,P1,91,-0.104,-0.47,-0.103,0.439,20,0.077,0,0.59
g4,aggressive,short,mixed,20,5,P2,85,-0.179,-0.55,-0.183,0.487,20,0.101,0,0.619
g4,aggressive,short,mixed,20,5,2023,40,-0.088,-0.35,-0.085,0.456,20.0,0.069,0,0.572
g4,aggressive,short,mixed,20,5,2024,51,-0.116,-0.34,-0.117,0.426,20,0.083,0,0.602
g4,aggressive,short,mixed,20,5,2025,50,0.02,0.05,0.014,0.49,20.0,0.128,0,0.599
g4,aggressive,short,mixed,20,5,2026,35,-0.463,-0.82,-0.463,0.483,20,0.064,0,0.651
g4,aggressive,short,mixed,20,20,ALL,173,-0.829,-1.61,-0.83,0.402,20,0.09,0,0.603
g4,aggressive,short,mixed,20,20,P1,91,-0.741,-1.41,-0.742,0.394,20,0.077,0,0.59
g4,aggressive,short,mixed,20,20,P2,82,-0.926,-1.01,-0.928,0.412,20.0,0.105,0,0.616
g4,aggressive,short,mixed,20,20,2023,40,-0.87,-1.69,-0.87,0.424,20.0,0.069,0,0.572
g4,aggressive,short,mixed,20,20,2024,51,-0.641,-0.77,-0.642,0.37,20,0.083,0,0.602
g4,aggressive,short,mixed,20,20,2025,50,-0.174,-0.14,-0.176,0.416,20.0,0.128,0,0.599
g4,aggressive,short,mixed,20,20,2026,32,-2.103,-1.66,-2.103,0.405,20.0,0.07,0,0.647
g4,aggressive,short,mixed,20,63,ALL,165,-1.97,-1.23,-1.963,0.348,20,0.094,0,0.599
g4,aggressive,short,mixed,20,63,P1,91,-2.503,-3.5,-2.503,0.325,20,0.077,0,0.59
g4,aggressive,short,mixed,20,63,P2,74,-1.313,-0.39,-1.298,0.378,20.0,0.115,0,0.609
g4,aggressive,short,mixed,20,63,2023,40,-2.575,-2.95,-2.579,0.357,20.0,0.069,0,0.572
g4,aggressive,short,mixed,20,63,2024,51,-2.447,-2.34,-2.444,0.299,20,0.083,0,0.602
g4,aggressive,short,mixed,20,63,2025,50,1.924,0.49,1.947,0.422,20.0,0.128,0,0.599
g4,aggressive,short,mixed,20,63,2026,24,-8.059,-2.11,-8.059,0.285,20.0,0.089,0,0.635
g4,aggressive,short,stock,10,5,ALL,176,-0.113,-0.48,-0.112,0.484,10.0,0.062,0,0.637
g4,aggressive,short,stock,10,5,P1,91,-0.019,-0.07,-0.016,0.473,10,0.06,0,0.617
g4,aggressive,short,stock,10,5,P2,85,-0.214,-0.54,-0.214,0.496,10,0.064,0,0.658
g4,aggressive,short,stock,10,5,2023,40,0.008,0.02,0.015,0.485,10.0,0.048,0,0.597
g4,aggressive,short,stock,10,5,2024,51,-0.041,-0.11,-0.041,0.464,10,0.071,0,0.63
g4,aggressive,short,stock,10,5,2025,50,-0.039,-0.08,-0.039,0.496,10.0,0.09,0,0.641
g4,aggressive,short,stock,10,5,2026,35,-0.464,-0.71,-0.464,0.497,10,0.026,0,0.685
g4,aggressive,short,stock,10,20,ALL,173,-0.709,-1.09,-0.712,0.441,10,0.063,0,0.637
g4,aggressive,short,stock,10,20,P1,91,-0.133,-0.19,-0.138,0.472,10,0.06,0,0.617
g4,aggressive,short,stock,10,20,P2,82,-1.348,-1.2,-1.348,0.406,10.0,0.066,0,0.659
g4,aggressive,short,stock,10,20,2023,40,-0.668,-0.97,-0.674,0.456,10.0,0.048,0,0.597
g4,aggressive,short,stock,10,20,2024,51,0.286,0.26,0.283,0.485,10,0.071,0,0.63
g4,aggressive,short,stock,10,20,2025,50,-0.516,-0.36,-0.516,0.41,10.0,0.09,0,0.641
g4,aggressive,short,stock,10,20,2026,32,-2.649,-1.57,-2.649,0.4,10.0,0.028,0,0.69
g4,aggressive,short,stock,10,63,ALL,165,-0.66,-0.34,-0.664,0.399,10,0.065,0,0.631
g4,aggressive,short,stock,10,63,P1,91,-0.691,-0.72,-0.699,0.4,10,0.06,0,0.617
g4,aggressive,short,stock,10,63,P2,74,-0.622,-0.15,-0.622,0.399,10.0,0.07,0,0.648
g4,aggressive,short,stock,10,63,2023,40,-1.129,-0.85,-1.145,0.424,10.0,0.048,0,0.597
g4,aggressive,short,stock,10,63,2024,51,-0.347,-0.28,-0.349,0.381,10,0.071,0,0.63
g4,aggressive,short,stock,10,63,2025,50,2.599,0.53,2.599,0.446,10.0,0.09,0,0.641
g4,aggressive,short,stock,10,63,2026,24,-7.333,-1.4,-7.333,0.3,10.0,0.029,0,0.665
g4,aggressive,short,stock,20,5,ALL,176,-0.142,-0.71,-0.144,0.47,20.0,0.095,1,0.596
g4,aggressive,short,stock,20,5,P1,91,-0.073,-0.33,-0.074,0.456,20,0.087,0,0.587
g4,aggressive,short,stock,20,5,P2,85,-0.214,-0.64,-0.219,0.484,20,0.103,1,0.605
g4,aggressive,short,stock,20,5,2023,40,-0.191,-0.71,-0.19,0.456,20.0,0.08,0,0.558
g4,aggressive,short,stock,20,5,2024,51,0.019,0.06,0.017,0.457,20,0.093,0,0.611
g4,aggressive,short,stock,20,5,2025,50,-0.091,-0.23,-0.099,0.485,20.0,0.13,1,0.586
g4,aggressive,short,stock,20,5,2026,35,-0.39,-0.66,-0.39,0.483,20,0.064,0,0.637
g4,aggressive,short,stock,20,20,ALL,173,-0.634,-1.13,-0.638,0.44,20,0.097,1,0.596
g4,aggressive,short,stock,20,20,P1,91,-0.334,-0.53,-0.335,0.459,20,0.087,0,0.587
g4,aggressive,short,stock,20,20,P2,82,-0.967,-1.02,-0.974,0.42,20.0,0.107,1,0.605
g4,aggressive,short,stock,20,20,2023,40,-0.933,-1.72,-0.933,0.443,20.0,0.08,0,0.558
g4,aggressive,short,stock,20,20,2024,51,0.135,0.13,0.134,0.471,20,0.093,0,0.611
g4,aggressive,short,stock,20,20,2025,50,-0.269,-0.21,-0.279,0.431,20.0,0.13,1,0.586
g4,aggressive,short,stock,20,20,2026,32,-2.059,-1.62,-2.059,0.405,20.0,0.07,0,0.639
g4,aggressive,short,stock,20,63,ALL,165,-1.047,-0.61,-1.046,0.395,20,0.1,1,0.592
g4,aggressive,short,stock,20,63,P1,91,-1.261,-1.38,-1.263,0.391,20,0.087,0,0.587
g4,aggressive,short,stock,20,63,P2,74,-0.784,-0.22,-0.778,0.4,20.0,0.116,1,0.598
g4,aggressive,short,stock,20,63,2023,40,-2.393,-2.16,-2.394,0.379,20.0,0.08,0,0.558
g4,aggressive,short,stock,20,63,2024,51,-0.374,-0.36,-0.377,0.4,20,0.093,0,0.611
g4,aggressive,short,stock,20,63,2025,50,2.391,0.56,2.399,0.442,20.0,0.13,1,0.586
g4,aggressive,short,stock,20,63,2026,24,-7.397,-1.73,-7.397,0.315,20.0,0.088,0,0.628
g4,balanced,long,mixed,10,5,ALL,176,0.1,0.42,0.099,0.47,10.0,0.073,0,0.617
g4,balanced,long,mixed,10,5,P1,91,-0.114,-0.43,-0.113,0.447,10,0.068,0,0.599
g4,balanced,long,mixed,10,5,P2,85,0.329,0.81,0.325,0.494,10,0.077,0,0.635
g4,balanced,long,mixed,10,5,2023,40,-0.349,-1.08,-0.347,0.442,10.0,0.066,0,0.603
g4,balanced,long,mixed,10,5,2024,51,0.071,0.18,0.07,0.452,10,0.07,0,0.596
g4,balanced,long,mixed,10,5,2025,50,0.126,0.3,0.13,0.476,10.0,0.097,0,0.641
g4,balanced,long,mixed,10,5,2026,35,0.62,0.81,0.604,0.521,10,0.047,0,0.626
g4,balanced,long,mixed,10,20,ALL,173,-0.002,-0.0,-0.012,0.424,10,0.074,0,0.616
g4,balanced,long,mixed,10,20,P1,91,-0.353,-0.54,-0.357,0.412,10,0.068,0,0.599
g4,balanced,long,mixed,10,20,P2,82,0.389,0.33,0.372,0.438,10.0,0.08,0,0.633
g4,balanced,long,mixed,10,20,2023,40,-1.229,-2.33,-1.233,0.441,10.0,0.066,0,0.603
g4,balanced,long,mixed,10,20,2024,51,0.333,0.32,0.33,0.389,10,0.07,0,0.596
g4,balanced,long,mixed,10,20,2025,50,-0.413,-0.28,-0.434,0.418,10.0,0.097,0,0.641
g4,balanced,long,mixed,10,20,2026,32,1.642,0.87,1.63,0.47,10.0,0.052,0,0.623
g4,balanced,long,mixed,10,63,ALL,165,0.251,0.16,0.268,0.37,10,0.076,0,0.612
g4,balanced,long,mixed,10,63,P1,91,-0.871,-0.96,-0.87,0.35,10,0.068,0,0.599
g4,balanced,long,mixed,10,63,P2,74,1.63,0.52,1.666,0.394,10.0,0.084,0,0.626
g4,balanced,long,mixed,10,63,2023,40,-0.841,-0.72,-0.857,0.399,10.0,0.066,0,0.603
g4,balanced,long,mixed,10,63,2024,51,-0.895,-0.67,-0.88,0.313,10,0.07,0,0.596
g4,balanced,long,mixed,10,63,2025,50,3.051,0.83,3.069,0.418,10.0,0.097,0,0.641
g4,balanced,long,mixed,10,63,2026,24,-1.33,-0.25,-1.255,0.344,10.0,0.057,0,0.596
g4,balanced,long,mixed,20,5,ALL,176,-0.106,-0.53,-0.1,0.466,20.0,0.098,1,0.572
g4,balanced,long,mixed,20,5,P1,91,-0.227,-1.06,-0.215,0.441,20,0.073,1,0.564
g4,balanced,long,mixed,20,5,P2,85,0.025,0.07,0.023,0.492,20,0.125,0,0.58
g4,balanced,long,mixed,20,5,2023,40,-0.426,-1.55,-0.398,0.431,20.0,0.07,1,0.563
g4,balanced,long,mixed,20,5,2024,51,-0.071,-0.23,-0.072,0.449,20,0.076,0,0.562
g4,balanced,long,mixed,20,5,2025,50,-0.135,-0.38,-0.133,0.482,20.0,0.154,0,0.584
g4,balanced,long,mixed,20,5,2026,35,0.252,0.38,0.245,0.506,20,0.083,0,0.576
g4,balanced,long,mixed,20,20,ALL,173,-0.191,-0.34,-0.192,0.419,20,0.1,1,0.572
g4,balanced,long,mixed,20,20,P1,91,-0.418,-0.72,-0.418,0.406,20,0.073,1,0.564
g4,balanced,long,mixed,20,20,P2,82,0.06,0.06,0.057,0.433,20.0,0.129,0,0.581
g4,balanced,long,mixed,20,20,2023,40,-1.285,-4.02,-1.286,0.409,20.0,0.07,1,0.563
g4,balanced,long,mixed,20,20,2024,51,0.263,0.28,0.264,0.403,20,0.076,0,0.562
g4,balanced,long,mixed,20,20,2025,50,-0.415,-0.36,-0.416,0.422,20.0,0.154,0,0.584
g4,balanced,long,mixed,20,20,2026,32,0.802,0.45,0.797,0.451,20.0,0.088,0,0.579
g4,balanced,long,mixed,20,63,ALL,165,0.205,0.13,0.207,0.382,20,0.103,1,0.568
g4,balanced,long,mixed,20,63,P1,91,-1.319,-1.43,-1.322,0.354,20,0.073,1,0.564
g4,balanced,long,mixed,20,63,P2,74,2.078,0.66,2.087,0.416,20.0,0.14,0,0.573
g4,balanced,long,mixed,20,63,2023,40,-1.504,-1.35,-1.518,0.374,20.0,0.07,1,0.563
g4,balanced,long,mixed,20,63,2024,51,-1.174,-0.93,-1.168,0.339,20,0.076,0,0.562
g4,balanced,long,mixed,20,63,2025,50,4.001,1.09,4.008,0.449,20.0,0.154,0,0.584
g4,balanced,long,mixed,20,63,2026,24,-1.928,-0.37,-1.915,0.349,20.0,0.109,0,0.552
g4,balanced,long,stock,10,5,ALL,176,0.137,0.55,0.139,0.482,10.0,0.081,1,0.586
g4,balanced,long,stock,10,5,P1,91,-0.09,-0.33,-0.088,0.465,10,0.073,0,0.571
g4,balanced,long,stock,10,5,P2,85,0.379,0.9,0.382,0.501,10,0.09,1,0.601
g4,balanced,long,stock,10,5,2023,40,-0.352,-1.03,-0.348,0.447,10.0,0.068,0,0.556
g4,balanced,long,stock,10,5,2024,51,0.116,0.28,0.115,0.479,10,0.076,0,0.582
g4,balanced,long,stock,10,5,2025,50,0.155,0.35,0.171,0.481,10.0,0.115,1,0.616
g4,balanced,long,stock,10,5,2026,35,0.699,0.87,0.683,0.529,10,0.054,0,0.582
g4,balanced,long,stock,10,20,ALL,173,0.343,0.51,0.334,0.482,10,0.082,1,0.588
g4,balanced,long,stock,10,20,P1,91,0.109,0.16,0.104,0.498,10,0.073,0,0.571
g4,balanced,long,stock,10,20,P2,82,0.602,0.5,0.588,0.465,10.0,0.093,1,0.605
g4,balanced,long,stock,10,20,2023,40,-0.765,-1.14,-0.777,0.471,10.0,0.068,0,0.556
g4,balanced,long,stock,10,20,2024,51,0.795,0.74,0.794,0.519,10,0.076,0,0.582
g4,balanced,long,stock,10,20,2025,50,-0.309,-0.22,-0.326,0.445,10.0,0.115,1,0.616
g4,balanced,long,stock,10,20,2026,32,2.026,1.02,2.017,0.495,10.0,0.059,0,0.59
g4,balanced,long,stock,10,63,ALL,165,2.201,1.29,2.209,0.44,10,0.085,1,0.584
g4,balanced,long,stock,10,63,P1,91,1.708,1.32,1.721,0.453,10,0.073,0,0.571
g4,balanced,long,stock,10,63,P2,74,2.806,0.84,2.81,0.424,10.0,0.099,1,0.599
g4,balanced,long,stock,10,63,2023,40,1.525,0.87,1.532,0.464,10.0,0.068,0,0.556
g4,balanced,long,stock,10,63,2024,51,1.852,1.19,1.869,0.444,10,0.076,0,0.582
g4,balanced,long,stock,10,63,2025,50,4.156,1.08,4.126,0.445,10.0,0.115,1,0.616
g4,balanced,long,stock,10,63,2026,24,-0.007,-0.0,0.067,0.381,10.0,0.067,0,0.565
g4,balanced,long,stock,20,5,ALL,176,-0.039,-0.19,-0.024,0.48,20.0,0.104,2,0.554
g4,balanced,long,stock,20,5,P1,91,-0.123,-0.55,-0.11,0.463,20,0.079,1,0.545
g4,balanced,long,stock,20,5,P2,85,0.052,0.15,0.067,0.499,20,0.132,1,0.562
g4,balanced,long,stock,20,5,2023,40,-0.344,-1.08,-0.312,0.45,20.0,0.075,1,0.547
g4,balanced,long,stock,20,5,2024,51,0.05,0.16,0.049,0.474,20,0.081,0,0.542
g4,balanced,long,stock,20,5,2025,50,-0.206,-0.56,-0.175,0.482,20.0,0.164,1,0.562
g4,balanced,long,stock,20,5,2026,35,0.42,0.61,0.414,0.522,20,0.086,0,0.565
g4,balanced,long,stock,20,20,ALL,173,0.101,0.17,0.089,0.465,20,0.106,2,0.554
g4,balanced,long,stock,20,20,P1,91,0.014,0.02,0.017,0.48,20,0.079,1,0.545
g4,balanced,long,stock,20,20,P2,82,0.196,0.19,0.169,0.449,20.0,0.136,1,0.563
g4,balanced,long,stock,20,20,2023,40,-1.121,-2.85,-1.117,0.438,20.0,0.075,1,0.547
g4,balanced,long,stock,20,20,2024,51,0.905,0.91,0.906,0.512,20,0.081,0,0.542
g4,balanced,long,stock,20,20,2025,50,-0.241,-0.19,-0.281,0.442,20.0,0.164,1,0.562
g4,balanced,long,stock,20,20,2026,32,0.881,0.49,0.872,0.46,20.0,0.092,0,0.566
g4,balanced,long,stock,20,63,ALL,165,1.519,0.9,1.473,0.446,20,0.109,2,0.55
g4,balanced,long,stock,20,63,P1,91,0.496,0.42,0.496,0.45,20,0.079,1,0.545
g4,balanced,long,stock,20,63,P2,74,2.776,0.83,2.674,0.442,20.0,0.146,1,0.555
g4,balanced,long,stock,20,63,2023,40,-0.57,-0.36,-0.575,0.427,20.0,0.075,1,0.547
g4,balanced,long,stock,20,63,2024,51,1.333,1.02,1.336,0.468,20,0.081,0,0.542
g4,balanced,long,stock,20,63,2025,50,4.556,1.19,4.394,0.472,20.0,0.164,1,0.562
g4,balanced,long,stock,20,63,2026,24,-0.932,-0.16,-0.91,0.38,20.0,0.108,0,0.543
g4,balanced,mid,mixed,10,5,ALL,176,-0.006,-0.03,-0.007,0.462,10.0,0.074,0,0.639
g4,balanced,mid,mixed,10,5,P1,91,-0.183,-0.69,-0.181,0.438,10,0.071,0,0.623
g4,balanced,mid,mixed,10,5,P2,85,0.183,0.49,0.179,0.488,10,0.077,0,0.656
g4,balanced,mid,mixed,10,5,2023,40,-0.383,-1.21,-0.379,0.437,10.0,0.065,0,0.623
g4,balanced,mid,mixed,10,5,2024,51,-0.025,-0.06,-0.026,0.438,10,0.076,0,0.622
g4,balanced,mid,mixed,10,5,2025,50,0.042,0.1,0.049,0.476,10.0,0.105,0,0.667
g4,balanced,mid,mixed,10,5,2026,35,0.383,0.55,0.366,0.506,10,0.038,0,0.638
g4,balanced,mid,mixed,10,20,ALL,173,-0.395,-0.61,-0.402,0.403,10,0.075,0,0.64
g4,balanced,mid,mixed,10,20,P1,91,-0.631,-0.93,-0.636,0.39,10,0.071,0,0.623
g4,balanced,mid,mixed,10,20,P2,82,-0.133,-0.12,-0.143,0.419,10.0,0.08,0,0.657
g4,balanced,mid,mixed,10,20,2023,40,-1.396,-3.29,-1.403,0.421,10.0,0.065,0,0.623
g4,balanced,mid,mixed,10,20,2024,51,-0.03,-0.03,-0.034,0.365,10,0.076,0,0.622
g4,balanced,mid,mixed,10,20,2025,50,-0.633,-0.46,-0.646,0.39,10.0,0.105,0,0.667
g4,balanced,mid,mixed,10,20,2026,32,0.648,0.33,0.643,0.464,10.0,0.042,0,0.639
g4,balanced,mid,mixed,10,63,ALL,165,-0.459,-0.27,-0.455,0.355,10,0.077,0,0.636
g4,balanced,mid,mixed,10,63,P1,91,-1.623,-1.76,-1.622,0.332,10,0.071,0,0.623
g4,balanced,mid,mixed,10,63,P2,74,0.973,0.28,0.979,0.384,10.0,0.085,0,0.651
g4,balanced,mid,mixed,10,63,2023,40,-1.942,-2.01,-1.961,0.376,10.0,0.065,0,0.623
g4,balanced,mid,mixed,10,63,2024,51,-1.373,-0.91,-1.356,0.297,10,0.076,0,0.622
g4,balanced,mid,mixed,10,63,2025,50,2.913,0.72,2.923,0.42,10.0,0.105,0,0.667
g4,balanced,mid,mixed,10,63,2026,24,-3.069,-0.56,-3.07,0.31,10.0,0.044,0,0.613
g4,balanced,mid,mixed,20,5,ALL,176,-0.129,-0.67,-0.124,0.459,20.0,0.098,2,0.594
g4,balanced,mid,mixed,20,5,P1,91,-0.297,-1.42,-0.285,0.431,20,0.076,2,0.589
g4,balanced,mid,mixed,20,5,P2,85,0.051,0.16,0.05,0.489,20,0.12,0,0.6
g4,balanced,mid,mixed,20,5,2023,40,-0.49,-1.82,-0.464,0.427,20.0,0.068,2,0.582
g4,balanced,mid,mixed,20,5,2024,51,-0.145,-0.48,-0.146,0.435,20,0.083,0,0.591
g4,balanced,mid,mixed,20,5,2025,50,-0.064,-0.2,-0.062,0.481,20.0,0.154,0,0.601
g4,balanced,mid,mixed,20,5,2026,35,0.216,0.33,0.208,0.502,20,0.071,0,0.603
g4,balanced,mid,mixed,20,20,ALL,173,-0.427,-0.78,-0.426,0.412,20,0.099,2,0.594
g4,balanced,mid,mixed,20,20,P1,91,-0.662,-1.17,-0.661,0.396,20,0.076,2,0.589
g4,balanced,mid,mixed,20,20,P2,82,-0.165,-0.17,-0.165,0.429,20.0,0.124,0,0.6
g4,balanced,mid,mixed,20,20,2023,40,-1.354,-4.06,-1.353,0.412,20.0,0.068,2,0.582
g4,balanced,mid,mixed,20,20,2024,51,-0.119,-0.13,-0.118,0.384,20,0.083,0,0.591
g4,balanced,mid,mixed,20,20,2025,50,-0.465,-0.4,-0.461,0.42,20.0,0.154,0,0.601
g4,balanced,mid,mixed,20,20,2026,32,0.303,0.19,0.297,0.444,20.0,0.076,0,0.603
g4,balanced,mid,mixed,20,63,ALL,165,-0.361,-0.23,-0.347,0.374,20,0.103,2,0.59
g4,balanced,mid,mixed,20,63,P1,91,-1.775,-2.22,-1.769,0.342,20,0.076,2,0.589
g4,balanced,mid,mixed,20,63,P2,74,1.378,0.44,1.401,0.413,20.0,0.135,0,0.591
g4,balanced,mid,mixed,20,63,2023,40,-1.906,-1.77,-1.898,0.37,20.0,0.068,2,0.582
g4,balanced,mid,mixed,20,63,2024,51,-1.672,-1.5,-1.668,0.32,20,0.083,0,0.591
g4,balanced,mid,mixed,20,63,2025,50,3.266,0.9,3.292,0.445,20.0,0.154,0,0.601
g4,balanced,mid,mixed,20,63,2026,24,-2.556,-0.5,-2.539,0.345,20.0,0.095,0,0.576
g4,balanced,mid,stock,10,5,ALL,176,0.051,0.21,0.056,0.481,10.0,0.079,1,0.624
g4,balanced,mid,stock,10,5,P1,91,-0.105,-0.38,-0.103,0.464,10,0.071,0,0.618
g4,balanced,mid,stock,10,5,P2,85,0.218,0.55,0.226,0.499,10,0.087,1,0.63
g4,balanced,mid,stock,10,5,2023,40,-0.309,-0.84,-0.304,0.452,10.0,0.07,0,0.603
g4,balanced,mid,stock,10,5,2024,51,0.055,0.14,0.054,0.473,10,0.073,0,0.628
g4,balanced,mid,stock,10,5,2025,50,0.095,0.21,0.123,0.492,10.0,0.12,1,0.633
g4,balanced,mid,stock,10,5,2026,35,0.394,0.54,0.374,0.509,10,0.04,0,0.626
g4,balanced,mid,stock,10,20,ALL,173,0.112,0.16,0.106,0.47,10,0.08,1,0.623
g4,balanced,mid,stock,10,20,P1,91,0.105,0.14,0.1,0.492,10,0.071,0,0.618
g4,balanced,mid,stock,10,20,P2,82,0.119,0.1,0.112,0.445,10.0,0.09,1,0.628
g4,balanced,mid,stock,10,20,2023,40,-0.96,-1.78,-0.971,0.469,10.0,0.07,0,0.603
g4,balanced,mid,stock,10,20,2024,51,0.941,0.75,0.94,0.511,10,0.073,0,0.628
g4,balanced,mid,stock,10,20,2025,50,-0.482,-0.34,-0.49,0.428,10.0,0.12,1,0.633
g4,balanced,mid,stock,10,20,2026,32,1.06,0.51,1.052,0.473,10.0,0.044,0,0.623
g4,balanced,mid,stock,10,63,ALL,165,1.272,0.75,1.261,0.432,10,0.082,1,0.618
g4,balanced,mid,stock,10,63,P1,91,0.618,0.54,0.621,0.434,10,0.071,0,0.618
g4,balanced,mid,stock,10,63,P2,74,2.076,0.6,2.048,0.428,10.0,0.096,1,0.618
g4,balanced,mid,stock,10,63,2023,40,-0.109,-0.07,-0.124,0.451,10.0,0.07,0,0.603
g4,balanced,mid,stock,10,63,2024,51,1.189,0.83,1.206,0.421,10,0.073,0,0.628
g4,balanced,mid,stock,10,63,2025,50,4.246,1.05,4.2,0.465,10.0,0.12,1,0.633
g4,balanced,mid,stock,10,63,2026,24,-2.445,-0.44,-2.434,0.352,10.0,0.046,0,0.587
g4,balanced,mid,stock,20,5,ALL,176,-0.081,-0.4,-0.061,0.477,20.0,0.101,4,0.585
g4,balanced,mid,stock,20,5,P1,91,-0.199,-0.92,-0.185,0.461,20,0.082,2,0.577
g4,balanced,mid,stock,20,5,P2,85,0.044,0.13,0.071,0.494,20,0.123,2,0.592
g4,balanced,mid,stock,20,5,2023,40,-0.418,-1.36,-0.387,0.453,20.0,0.077,2,0.571
g4,balanced,mid,stock,20,5,2024,51,-0.027,-0.09,-0.027,0.468,20,0.085,0,0.582
g4,balanced,mid,stock,20,5,2025,50,-0.122,-0.35,-0.072,0.48,20.0,0.153,2,0.594
g4,balanced,mid,stock,20,5,2026,35,0.282,0.41,0.275,0.515,20,0.079,0,0.594
g4,balanced,mid,stock,20,20,ALL,173,-0.116,-0.2,-0.111,0.459,20,0.103,4,0.585
g4,balanced,mid,stock,20,20,P1,91,-0.104,-0.17,-0.097,0.471,20,0.082,2,0.577
g4,balanced,mid,stock,20,20,P2,82,-0.129,-0.13,-0.128,0.445,20.0,0.126,2,0.594
g4,balanced,mid,stock,20,20,2023,40,-1.216,-2.94,-1.201,0.425,20.0,0.077,2,0.571
g4,balanced,mid,stock,20,20,2024,51,0.769,0.77,0.769,0.507,20,0.085,0,0.582
g4,balanced,mid,stock,20,20,2025,50,-0.459,-0.36,-0.451,0.435,20.0,0.153,2,0.594
g4,balanced,mid,stock,20,20,2026,32,0.387,0.24,0.377,0.461,20.0,0.084,0,0.598
g4,balanced,mid,stock,20,63,ALL,165,1.211,0.73,1.171,0.436,20,0.107,4,0.583
g4,balanced,mid,stock,20,63,P1,91,0.357,0.33,0.376,0.434,20,0.082,2,0.577
g4,balanced,mid,stock,20,63,P2,74,2.261,0.68,2.149,0.438,20.0,0.138,2,0.59
g4,balanced,mid,stock,20,63,2023,40,-0.826,-0.56,-0.788,0.415,20.0,0.077,2,0.571
g4,balanced,mid,stock,20,63,2024,51,1.285,1.1,1.289,0.45,20,0.085,0,0.582
g4,balanced,mid,stock,20,63,2025,50,4.438,1.17,4.266,0.473,20.0,0.153,2,0.594
g4,balanced,mid,stock,20,63,2026,24,-2.275,-0.41,-2.261,0.365,20.0,0.106,0,0.589
g4,balanced,short,mixed,10,5,ALL,176,-0.28,-1.33,-0.282,0.464,10.0,0.051,0,0.675
g4,balanced,short,mixed,10,5,P1,91,-0.147,-0.68,-0.146,0.448,10,0.058,0,0.662
g4,balanced,short,mixed,10,5,P2,85,-0.423,-1.14,-0.428,0.482,10,0.044,0,0.688
g4,balanced,short,mixed,10,5,2023,40,0.02,0.07,0.026,0.47,10.0,0.038,0,0.651
g4,balanced,short,mixed,10,5,2024,51,-0.277,-0.88,-0.281,0.43,10,0.075,0,0.668
g4,balanced,short,mixed,10,5,2025,50,-0.355,-0.8,-0.363,0.473,10.0,0.063,0,0.69
g4,balanced,short,mixed,10,5,2026,35,-0.52,-0.82,-0.52,0.494,10,0.018,0,0.685
g4,balanced,short,mixed,10,20,ALL,173,-1.166,-2.14,-1.172,0.386,10,0.052,0,0.674
g4,balanced,short,mixed,10,20,P1,91,-0.7,-1.31,-0.709,0.38,10,0.058,0,0.662
g4,balanced,short,mixed,10,20,P2,82,-1.684,-1.73,-1.686,0.393,10.0,0.046,0,0.686
g4,balanced,short,mixed,10,20,2023,40,-0.519,-0.9,-0.529,0.436,10.0,0.038,0,0.651
g4,balanced,short,mixed,10,20,2024,51,-0.842,-1.01,-0.851,0.336,10,0.075,0,0.668
g4,balanced,short,mixed,10,20,2025,50,-1.546,-1.2,-1.55,0.381,10.0,0.063,0,0.69
g4,balanced,short,mixed,10,20,2026,32,-1.899,-1.29,-1.899,0.412,10.0,0.019,0,0.681
g4,balanced,short,mixed,10,63,ALL,165,-1.922,-1.12,-1.921,0.338,10,0.054,0,0.67
g4,balanced,short,mixed,10,63,P1,91,-2.543,-2.78,-2.56,0.302,10,0.058,0,0.662
g4,balanced,short,mixed,10,63,P2,74,-1.159,-0.32,-1.134,0.382,10.0,0.049,0,0.679
g4,balanced,short,mixed,10,63,2023,40,-2.762,-3.98,-2.788,0.333,10.0,0.038,0,0.651
g4,balanced,short,mixed,10,63,2024,51,-2.371,-1.54,-2.382,0.277,10,0.075,0,0.668
g4,balanced,short,mixed,10,63,2025,50,2.356,0.55,2.392,0.431,10.0,0.063,0,0.69
g4,balanced,short,mixed,10,63,2026,24,-8.48,-2.94,-8.48,0.279,10.0,0.022,0,0.657
g4,balanced,short,mixed,20,5,ALL,176,-0.125,-0.69,-0.125,0.461,20.0,0.08,3,0.624
g4,balanced,short,mixed,20,5,P1,91,-0.096,-0.47,-0.095,0.437,20,0.071,1,0.611
g4,balanced,short,mixed,20,5,P2,85,-0.156,-0.51,-0.157,0.487,20,0.09,2,0.637
g4,balanced,short,mixed,20,5,2023,40,-0.14,-0.58,-0.135,0.443,20.0,0.061,1,0.582
g4,balanced,short,mixed,20,5,2024,51,-0.062,-0.2,-0.063,0.432,20,0.078,0,0.628
g4,balanced,short,mixed,20,5,2025,50,-0.036,-0.1,-0.038,0.486,20.0,0.117,2,0.626
g4,balanced,short,mixed,20,5,2026,35,-0.327,-0.59,-0.327,0.487,20,0.051,0,0.66
g4,balanced,short,mixed,20,20,ALL,173,-0.713,-1.53,-0.716,0.4,20,0.081,3,0.623
g4,balanced,short,mixed,20,20,P1,91,-0.702,-1.39,-0.704,0.383,20,0.071,1,0.611
g4,balanced,short,mixed,20,20,P2,82,-0.726,-0.89,-0.73,0.42,20.0,0.093,2,0.637
g4,balanced,short,mixed,20,20,2023,40,-0.772,-1.75,-0.775,0.412,20.0,0.061,1,0.582
g4,balanced,short,mixed,20,20,2024,51,-0.646,-0.79,-0.648,0.36,20,0.078,0,0.628
g4,balanced,short,mixed,20,20,2025,50,-0.23,-0.2,-0.236,0.42,20.0,0.117,2,0.626
g4,balanced,short,mixed,20,20,2026,32,-1.5,-1.43,-1.5,0.419,20.0,0.056,0,0.661
g4,balanced,short,mixed,20,63,ALL,165,-1.49,-0.92,-1.493,0.35,20,0.085,3,0.619
g4,balanced,short,mixed,20,63,P1,91,-2.355,-3.69,-2.357,0.321,20,0.071,1,0.611
g4,balanced,short,mixed,20,63,P2,74,-0.427,-0.12,-0.43,0.385,20.0,0.102,2,0.629
g4,balanced,short,mixed,20,63,2023,40,-2.283,-3.77,-2.291,0.347,20.0,0.061,1,0.582
g4,balanced,short,mixed,20,63,2024,51,-2.411,-2.33,-2.409,0.3,20,0.078,0,0.628
g4,balanced,short,mixed,20,63,2025,50,3.047,0.76,3.042,0.429,20.0,0.117,2,0.626
g4,balanced,short,mixed,20,63,2026,24,-7.665,-2.97,-7.665,0.294,20.0,0.07,0,0.643
g4,balanced,short,stock,10,5,ALL,176,-0.113,-0.51,-0.109,0.482,10.0,0.059,1,0.664
g4,balanced,short,stock,10,5,P1,91,0.003,0.01,0.004,0.476,10,0.06,0,0.658
g4,balanced,short,stock,10,5,P2,85,-0.238,-0.62,-0.231,0.489,10,0.057,1,0.67
g4,balanced,short,stock,10,5,2023,40,0.114,0.34,0.12,0.495,10.0,0.043,0,0.641
g4,balanced,short,stock,10,5,2024,51,-0.083,-0.26,-0.087,0.462,10,0.075,0,0.666
g4,balanced,short,stock,10,5,2025,50,-0.201,-0.44,-0.19,0.488,10.0,0.084,1,0.663
g4,balanced,short,stock,10,5,2026,35,-0.289,-0.44,-0.289,0.491,10,0.02,0,0.679
g4,balanced,short,stock,10,20,ALL,173,-0.678,-1.17,-0.684,0.443,10,0.06,1,0.664
g4,balanced,short,stock,10,20,P1,91,-0.24,-0.39,-0.246,0.468,10,0.06,0,0.658
g4,balanced,short,stock,10,20,P2,82,-1.165,-1.15,-1.17,0.415,10.0,0.06,1,0.67
g4,balanced,short,stock,10,20,2023,40,-0.258,-0.34,-0.265,0.484,10.0,0.043,0,0.641
g4,balanced,short,stock,10,20,2024,51,-0.225,-0.25,-0.231,0.456,10,0.075,0,0.666
g4,balanced,short,stock,10,20,2025,50,-0.971,-0.73,-0.979,0.416,10.0,0.084,1,0.663
g4,balanced,short,stock,10,20,2026,32,-1.468,-0.94,-1.468,0.412,10.0,0.022,0,0.681
g4,balanced,short,stock,10,63,ALL,165,-0.337,-0.18,-0.354,0.401,10,0.062,1,0.659
g4,balanced,short,stock,10,63,P1,91,-0.508,-0.47,-0.514,0.397,10,0.06,0,0.658
g4,balanced,short,stock,10,63,P2,74,-0.127,-0.03,-0.156,0.406,10.0,0.065,1,0.66
g4,balanced,short,stock,10,63,2023,40,-0.371,-0.22,-0.377,0.414,10.0,0.043,0,0.641
g4,balanced,short,stock,10,63,2024,51,-0.615,-0.43,-0.622,0.383,10,0.075,0,0.666
g4,balanced,short,stock,10,63,2025,50,3.569,0.78,3.526,0.456,10.0,0.084,1,0.663
g4,balanced,short,stock,10,63,2026,24,-7.827,-2.55,-7.827,0.3,10.0,0.025,0,0.652
g4,balanced,short,stock,20,5,ALL,176,-0.181,-0.95,-0.166,0.473,20.0,0.088,3,0.612
g4,balanced,short,stock,20,5,P1,91,-0.161,-0.78,-0.159,0.458,20,0.08,1,0.606
g4,balanced,short,stock,20,5,P2,85,-0.201,-0.62,-0.173,0.489,20,0.096,2,0.62
g4,balanced,short,stock,20,5,2023,40,-0.254,-0.93,-0.246,0.456,20.0,0.068,1,0.577
g4,balanced,short,stock,20,5,2024,51,-0.089,-0.3,-0.09,0.46,20,0.089,0,0.626
g4,balanced,short,stock,20,5,2025,50,-0.118,-0.31,-0.072,0.486,20.0,0.124,2,0.603
g4,balanced,short,stock,20,5,2026,35,-0.319,-0.55,-0.319,0.493,20,0.057,0,0.649
g4,balanced,short,stock,20,20,ALL,173,-0.646,-1.27,-0.648,0.44,20,0.089,3,0.611
g4,balanced,short,stock,20,20,P1,91,-0.503,-0.86,-0.506,0.449,20,0.08,1,0.606
g4,balanced,short,stock,20,20,P2,82,-0.805,-0.94,-0.805,0.43,20.0,0.099,2,0.618
g4,balanced,short,stock,20,20,2023,40,-0.805,-1.58,-0.811,0.44,20.0,0.068,1,0.577
g4,balanced,short,stock,20,20,2024,51,-0.265,-0.28,-0.267,0.455,20,0.089,0,0.626
g4,balanced,short,stock,20,20,2025,50,-0.371,-0.31,-0.37,0.434,20.0,0.124,2,0.603
g4,balanced,short,stock,20,20,2026,32,-1.484,-1.33,-1.484,0.425,20.0,0.061,0,0.647
g4,balanced,short,stock,20,63,ALL,165,-0.702,-0.42,-0.743,0.395,20,0.093,3,0.608
g4,balanced,short,stock,20,63,P1,91,-1.262,-1.62,-1.262,0.386,20,0.08,1,0.606
g4,balanced,short,stock,20,63,P2,74,-0.012,-0.0,-0.105,0.406,20.0,0.108,2,0.611
g4,balanced,short,stock,20,63,2023,40,-1.761,-1.97,-1.763,0.383,20.0,0.068,1,0.577
g4,balanced,short,stock,20,63,2024,51,-0.872,-0.85,-0.869,0.389,20,0.089,0,0.626
g4,balanced,short,stock,20,63,2025,50,3.72,0.91,3.583,0.454,20.0,0.124,2,0.603
g4,balanced,short,stock,20,63,2026,24,-7.788,-2.85,-7.788,0.306,20.0,0.075,0,0.635
nofund,aggressive,long,mixed,10,5,ALL,176,-0.063,-0.22,-0.06,0.469,10.0,0.136,0,0.586
nofund,aggressive,long,mixed,10,5,P1,91,-0.158,-0.56,-0.155,0.456,10,0.09,0,0.582
nofund,aggressive,long,mixed,10,5,P2,85,0.039,0.08,0.043,0.483,10,0.185,0,0.588
nofund,aggressive,long,mixed,10,5,2023,40,-0.33,-0.88,-0.324,0.454,10.0,0.098,0,0.585
nofund,aggressive,long,mixed,10,5,2024,51,-0.023,-0.06,-0.023,0.457,10,0.083,0,0.58
nofund,aggressive,long,mixed,10,5,2025,50,0.072,0.15,0.083,0.479,10.0,0.212,0,0.569
nofund,aggressive,long,mixed,10,5,2026,35,-0.008,-0.01,-0.015,0.489,10,0.148,0,0.612
nofund,aggressive,long,mixed,10,20,ALL,173,0.109,0.17,0.101,0.469,10,0.138,0,0.585
nofund,aggressive,long,mixed,10,20,P1,91,0.049,0.07,0.042,0.489,10,0.09,0,0.582
nofund,aggressive,long,mixed,10,20,P2,82,0.176,0.16,0.166,0.447,10.0,0.191,0,0.588
nofund,aggressive,long,mixed,10,20,2023,40,-1.219,-2.77,-1.235,0.453,10.0,0.098,0,0.585
nofund,aggressive,long,mixed,10,20,2024,51,1.044,0.86,1.044,0.518,10,0.083,0,0.58
nofund,aggressive,long,mixed,10,20,2025,50,0.263,0.22,0.25,0.442,10.0,0.212,0,0.569
nofund,aggressive,long,mixed,10,20,2026,32,0.04,0.02,0.035,0.453,10.0,0.159,0,0.613
nofund,aggressive,long,mixed,10,63,ALL,165,0.413,0.27,0.398,0.434,10,0.141,0,0.583
nofund,aggressive,long,mixed,10,63,P1,91,0.366,0.3,0.359,0.444,10,0.09,0,0.582
nofund,aggressive,long,mixed,10,63,P2,74,0.47,0.15,0.446,0.42,10.0,0.205,0,0.582
nofund,aggressive,long,mixed,10,63,2023,40,-0.413,-0.19,-0.429,0.464,10.0,0.098,0,0.585
nofund,aggressive,long,mixed,10,63,2024,51,0.978,0.98,0.978,0.429,10,0.083,0,0.58
nofund,aggressive,long,mixed,10,63,2025,50,2.435,0.7,2.389,0.452,10.0,0.212,0,0.569
nofund,aggressive,long,mixed,10,63,2026,24,-3.624,-0.64,-3.6,0.354,10.0,0.191,0,0.604
nofund,aggressive,long,mixed,20,5,ALL,176,-0.057,-0.25,-0.06,0.475,20.0,0.142,1,0.554
nofund,aggressive,long,mixed,20,5,P1,91,-0.043,-0.19,-0.044,0.468,20,0.094,0,0.538
nofund,aggressive,long,mixed,20,5,P2,85,-0.072,-0.18,-0.077,0.483,20,0.193,1,0.571
nofund,aggressive,long,mixed,20,5,2023,40,-0.349,-1.25,-0.352,0.452,20.0,0.095,0,0.553
nofund,aggressive,long,mixed,20,5,2024,51,0.197,0.61,0.198,0.48,20,0.093,0,0.525
nofund,aggressive,long,mixed,20,5,2025,50,-0.069,-0.19,-0.071,0.479,20.0,0.219,1,0.574
nofund,aggressive,long,mixed,20,5,2026,35,-0.076,-0.09,-0.085,0.488,20,0.155,0,0.566
nofund,aggressive,long,mixed,20,20,ALL,173,0.132,0.23,0.119,0.466,20,0.144,1,0.554
nofund,aggressive,long,mixed,20,20,P1,91,0.184,0.29,0.183,0.478,20,0.094,0,0.538
nofund,aggressive,long,mixed,20,20,P2,82,0.075,0.07,0.048,0.453,20.0,0.199,1,0.572
nofund,aggressive,long,mixed,20,20,2023,40,-1.14,-2.84,-1.147,0.436,20.0,0.095,0,0.553
nofund,aggressive,long,mixed,20,20,2024,51,1.223,1.22,1.225,0.51,20,0.093,0,0.525
nofund,aggressive,long,mixed,20,20,2025,50,0.201,0.18,0.163,0.456,20.0,0.219,1,0.574
nofund,aggressive,long,mixed,20,20,2026,32,-0.122,-0.07,-0.131,0.447,20.0,0.168,0,0.568
nofund,aggressive,long,mixed,20,63,ALL,165,1.376,0.92,1.335,0.454,20,0.147,1,0.553
nofund,aggressive,long,mixed,20,63,P1,91,1.326,1.06,1.325,0.466,20,0.094,0,0.538
nofund,aggressive,long,mixed,20,63,P2,74,1.438,0.49,1.347,0.438,20.0,0.212,1,0.571
nofund,aggressive,long,mixed,20,63,2023,40,-0.132,-0.07,-0.143,0.457,20.0,0.095,0,0.553
nofund,aggressive,long,mixed,20,63,2024,51,2.469,2.12,2.476,0.473,20,0.093,0,0.525
nofund,aggressive,long,mixed,20,63,2025,50,3.03,0.94,2.887,0.47,20.0,0.219,1,0.574
nofund,aggressive,long,mixed,20,63,2026,24,-1.879,-0.32,-1.861,0.373,20.0,0.196,0,0.563
nofund,aggressive,long,stock,10,5,ALL,176,-0.054,-0.19,-0.051,0.471,10.0,0.135,0,0.583
nofund,aggressive,long,stock,10,5,P1,91,-0.144,-0.5,-0.142,0.463,10,0.089,0,0.574
nofund,aggressive,long,stock,10,5,P2,85,0.042,0.08,0.045,0.479,10,0.184,0,0.59
nofund,aggressive,long,stock,10,5,2023,40,-0.337,-0.9,-0.331,0.454,10.0,0.095,0,0.567
nofund,aggressive,long,stock,10,5,2024,51,0.007,0.02,0.007,0.471,10,0.084,0,0.58
nofund,aggressive,long,stock,10,5,2025,50,0.068,0.14,0.079,0.477,10.0,0.208,0,0.567
nofund,aggressive,long,stock,10,5,2026,35,0.005,0.0,-0.002,0.483,10,0.149,0,0.621
nofund,aggressive,long,stock,10,20,ALL,173,0.091,0.14,0.082,0.469,10,0.136,0,0.581
nofund,aggressive,long,stock,10,20,P1,91,0.061,0.09,0.054,0.494,10,0.089,0,0.574
nofund,aggressive,long,stock,10,20,P2,82,0.124,0.11,0.114,0.441,10.0,0.189,0,0.588
nofund,aggressive,long,stock,10,20,2023,40,-1.085,-2.55,-1.1,0.453,10.0,0.095,0,0.567
nofund,aggressive,long,stock,10,20,2024,51,0.96,0.82,0.96,0.525,10,0.084,0,0.58
nofund,aggressive,long,stock,10,20,2025,50,0.063,0.05,0.05,0.432,10.0,0.208,0,0.567
nofund,aggressive,long,stock,10,20,2026,32,0.219,0.1,0.213,0.453,10.0,0.159,0,0.616
nofund,aggressive,long,stock,10,63,ALL,165,0.575,0.37,0.561,0.438,10,0.14,0,0.577
nofund,aggressive,long,stock,10,63,P1,91,0.437,0.36,0.43,0.455,10,0.089,0,0.574
nofund,aggressive,long,stock,10,63,P2,74,0.746,0.24,0.723,0.418,10.0,0.203,0,0.579
nofund,aggressive,long,stock,10,63,2023,40,-0.199,-0.1,-0.215,0.464,10.0,0.095,0,0.567
nofund,aggressive,long,stock,10,63,2024,51,0.935,0.92,0.935,0.449,10,0.084,0,0.58
nofund,aggressive,long,stock,10,63,2025,50,2.414,0.69,2.368,0.444,10.0,0.208,0,0.567
nofund,aggressive,long,stock,10,63,2026,24,-2.728,-0.45,-2.704,0.362,10.0,0.192,0,0.6
nofund,aggressive,long,stock,20,5,ALL,176,-0.031,-0.14,-0.034,0.478,20.0,0.142,1,0.554
nofund,aggressive,long,stock,20,5,P1,91,0.001,0.0,-0.0,0.474,20,0.093,0,0.539
nofund,aggressive,long,stock,20,5,P2,85,-0.065,-0.16,-0.07,0.482,20,0.193,1,0.57
nofund,aggressive,long,stock,20,5,2023,40,-0.284,-1.0,-0.287,0.454,20.0,0.095,0,0.55
nofund,aggressive,long,stock,20,5,2024,51,0.224,0.68,0.225,0.49,20,0.092,0,0.53
nofund,aggressive,long,stock,20,5,2025,50,-0.064,-0.18,-0.067,0.478,20.0,0.219,1,0.572
nofund,aggressive,long,stock,20,5,2026,35,-0.066,-0.08,-0.074,0.487,20,0.157,0,0.566
nofund,aggressive,long,stock,20,20,ALL,173,0.17,0.29,0.157,0.468,20,0.144,1,0.554
nofund,aggressive,long,stock,20,20,P1,91,0.247,0.39,0.245,0.484,20,0.093,0,0.539
nofund,aggressive,long,stock,20,20,P2,82,0.086,0.08,0.059,0.451,20.0,0.199,1,0.57
nofund,aggressive,long,stock,20,20,2023,40,-1.115,-2.71,-1.122,0.437,20.0,0.095,0,0.55
nofund,aggressive,long,stock,20,20,2024,51,1.315,1.31,1.318,0.52,20,0.092,0,0.53
nofund,aggressive,long,stock,20,20,2025,50,0.224,0.2,0.186,0.455,20.0,0.219,1,0.572
nofund,aggressive,long,stock,20,20,2026,32,-0.13,-0.07,-0.139,0.445,20.0,0.169,0,0.566
nofund,aggressive,long,stock,20,63,ALL,165,1.533,1.0,1.492,0.458,20,0.146,1,0.553
nofund,aggressive,long,stock,20,63,P1,91,1.524,1.2,1.524,0.474,20,0.093,0,0.539
nofund,aggressive,long,stock,20,63,P2,74,1.543,0.51,1.452,0.438,20.0,0.211,1,0.569
nofund,aggressive,long,stock,20,63,2023,40,-0.097,-0.05,-0.108,0.455,20.0,0.095,0,0.55
nofund,aggressive,long,stock,20,63,2024,51,2.796,2.35,2.803,0.489,20,0.092,0,0.53
nofund,aggressive,long,stock,20,63,2025,50,3.111,0.93,2.967,0.468,20.0,0.219,1,0.572
nofund,aggressive,long,stock,20,63,2026,24,-1.722,-0.28,-1.704,0.377,20.0,0.196,0,0.561
nofund,aggressive,mid,mixed,10,5,ALL,176,0.028,0.11,0.033,0.47,10.0,0.131,0,0.605
nofund,aggressive,mid,mixed,10,5,P1,91,-0.054,-0.2,-0.05,0.452,10,0.09,0,0.601
nofund,aggressive,mid,mixed,10,5,P2,85,0.117,0.24,0.121,0.49,10,0.175,0,0.61
nofund,aggressive,mid,mixed,10,5,2023,40,-0.274,-0.76,-0.268,0.447,10.0,0.094,0,0.592
nofund,aggressive,mid,mixed,10,5,2024,51,0.118,0.3,0.12,0.456,10,0.087,0,0.604
nofund,aggressive,mid,mixed,10,5,2025,50,0.219,0.47,0.238,0.497,10.0,0.206,0,0.594
nofund,aggressive,mid,mixed,10,5,2026,35,-0.029,-0.03,-0.046,0.48,10,0.131,0,0.632
nofund,aggressive,mid,mixed,10,20,ALL,173,0.204,0.31,0.199,0.469,10,0.133,0,0.604
nofund,aggressive,mid,mixed,10,20,P1,91,0.281,0.41,0.284,0.492,10,0.09,0,0.601
nofund,aggressive,mid,mixed,10,20,P2,82,0.118,0.1,0.104,0.443,10.0,0.182,0,0.607
nofund,aggressive,mid,mixed,10,20,2023,40,-0.928,-1.82,-0.928,0.456,10.0,0.094,0,0.592
nofund,aggressive,mid,mixed,10,20,2024,51,1.229,1.12,1.234,0.521,10,0.087,0,0.604
nofund,aggressive,mid,mixed,10,20,2025,50,0.178,0.14,0.155,0.436,10.0,0.206,0,0.594
nofund,aggressive,mid,mixed,10,20,2026,32,0.024,0.01,0.024,0.453,10.0,0.143,0,0.629
nofund,aggressive,mid,mixed,10,63,ALL,165,0.475,0.33,0.478,0.438,10,0.137,0,0.6
nofund,aggressive,mid,mixed,10,63,P1,91,0.653,0.65,0.665,0.452,10,0.09,0,0.601
nofund,aggressive,mid,mixed,10,63,P2,74,0.257,0.09,0.248,0.422,10.0,0.194,0,0.599
nofund,aggressive,mid,mixed,10,63,2023,40,-0.227,-0.15,-0.226,0.466,10.0,0.094,0,0.592
nofund,aggressive,mid,mixed,10,63,2024,51,1.343,1.32,1.363,0.441,10,0.087,0,0.604
nofund,aggressive,mid,mixed,10,63,2025,50,1.897,0.57,1.851,0.45,10.0,0.206,0,0.594
nofund,aggressive,mid,mixed,10,63,2026,24,-3.161,-0.54,-3.092,0.363,10.0,0.17,0,0.609
nofund,aggressive,mid,mixed,20,5,ALL,176,-0.008,-0.03,-0.013,0.485,20.0,0.148,1,0.568
nofund,aggressive,mid,mixed,20,5,P1,91,-0.069,-0.3,-0.07,0.472,20,0.102,0,0.564
nofund,aggressive,mid,mixed,20,5,P2,85,0.058,0.15,0.049,0.5,20,0.198,1,0.573
nofund,aggressive,mid,mixed,20,5,2023,40,-0.268,-0.95,-0.272,0.461,20.0,0.099,0,0.563
nofund,aggressive,mid,mixed,20,5,2024,51,0.088,0.26,0.088,0.48,20,0.104,0,0.566
nofund,aggressive,mid,mixed,20,5,2025,50,0.139,0.38,0.131,0.499,20.0,0.22,1,0.577
nofund,aggressive,mid,mixed,20,5,2026,35,-0.058,-0.07,-0.067,0.501,20,0.168,0,0.568
nofund,aggressive,mid,mixed,20,20,ALL,173,-0.101,-0.18,-0.118,0.461,20,0.151,1,0.568
nofund,aggressive,mid,mixed,20,20,P1,91,-0.012,-0.02,-0.014,0.475,20,0.102,0,0.564
nofund,aggressive,mid,mixed,20,20,P2,82,-0.201,-0.2,-0.234,0.446,20.0,0.205,1,0.573
nofund,aggressive,mid,mixed,20,20,2023,40,-1.157,-3.68,-1.164,0.441,20.0,0.099,0,0.563
nofund,aggressive,mid,mixed,20,20,2024,51,0.886,0.92,0.889,0.502,20,0.104,0,0.566
nofund,aggressive,mid,mixed,20,20,2025,50,-0.064,-0.06,-0.112,0.448,20.0,0.22,1,0.577
nofund,aggressive,mid,mixed,20,20,2026,32,-0.414,-0.22,-0.423,0.442,20.0,0.182,0,0.566
nofund,aggressive,mid,mixed,20,63,ALL,165,1.121,0.71,1.087,0.448,20,0.155,1,0.567
nofund,aggressive,mid,mixed,20,63,P1,91,0.727,0.71,0.726,0.456,20,0.102,0,0.564
nofund,aggressive,mid,mixed,20,63,P2,74,1.604,0.5,1.531,0.438,20.0,0.221,1,0.571
nofund,aggressive,mid,mixed,20,63,2023,40,-0.698,-0.46,-0.71,0.45,20.0,0.099,0,0.563
nofund,aggressive,mid,mixed,20,63,2024,51,1.845,2.1,1.852,0.46,20,0.104,0,0.566
nofund,aggressive,mid,mixed,20,63,2025,50,3.5,0.96,3.386,0.474,20.0,0.22,1,0.577
nofund,aggressive,mid,mixed,20,63,2026,24,-2.346,-0.39,-2.333,0.363,20.0,0.223,0,0.559
nofund,aggressive,mid,stock,10,5,ALL,176,0.005,0.02,0.009,0.469,10.0,0.132,0,0.607
nofund,aggressive,mid,stock,10,5,P1,91,-0.043,-0.16,-0.04,0.457,10,0.091,0,0.603
nofund,aggressive,mid,stock,10,5,P2,85,0.056,0.11,0.061,0.482,10,0.175,0,0.611
nofund,aggressive,mid,stock,10,5,2023,40,-0.315,-0.88,-0.31,0.442,10.0,0.098,0,0.592
nofund,aggressive,mid,stock,10,5,2024,51,0.17,0.43,0.172,0.47,10,0.086,0,0.61
nofund,aggressive,mid,stock,10,5,2025,50,0.212,0.43,0.231,0.489,10.0,0.206,0,0.596
nofund,aggressive,mid,stock,10,5,2026,35,-0.167,-0.17,-0.183,0.471,10,0.131,0,0.632
nofund,aggressive,mid,stock,10,20,ALL,173,0.384,0.57,0.378,0.474,10,0.134,0,0.606
nofund,aggressive,mid,stock,10,20,P1,91,0.423,0.59,0.426,0.504,10,0.091,0,0.603
nofund,aggressive,mid,stock,10,20,P2,82,0.34,0.29,0.326,0.441,10.0,0.182,0,0.61
nofund,aggressive,mid,stock,10,20,2023,40,-0.921,-1.77,-0.921,0.454,10.0,0.098,0,0.592
nofund,aggressive,mid,stock,10,20,2024,51,1.477,1.29,1.482,0.544,10,0.086,0,0.61
nofund,aggressive,mid,stock,10,20,2025,50,0.46,0.35,0.437,0.432,10.0,0.206,0,0.596
nofund,aggressive,mid,stock,10,20,2026,32,0.152,0.07,0.153,0.453,10.0,0.144,0,0.632
nofund,aggressive,mid,stock,10,63,ALL,165,0.85,0.56,0.853,0.447,10,0.138,0,0.601
nofund,aggressive,mid,stock,10,63,P1,91,0.963,0.92,0.975,0.466,10,0.091,0,0.603
nofund,aggressive,mid,stock,10,63,P2,74,0.712,0.23,0.704,0.424,10.0,0.195,0,0.599
nofund,aggressive,mid,stock,10,63,2023,40,-0.301,-0.2,-0.299,0.459,10.0,0.098,0,0.592
nofund,aggressive,mid,stock,10,63,2024,51,1.954,1.89,1.973,0.472,10,0.086,0,0.61
nofund,aggressive,mid,stock,10,63,2025,50,2.517,0.71,2.471,0.45,10.0,0.206,0,0.596
nofund,aggressive,mid,stock,10,63,2026,24,-3.048,-0.51,-2.978,0.371,10.0,0.171,0,0.604
nofund,aggressive,mid,stock,20,5,ALL,176,-0.008,-0.04,-0.013,0.485,20.0,0.149,1,0.57
nofund,aggressive,mid,stock,20,5,P1,91,-0.066,-0.29,-0.068,0.474,20,0.102,0,0.564
nofund,aggressive,mid,stock,20,5,P2,85,0.054,0.14,0.045,0.498,20,0.199,1,0.576
nofund,aggressive,mid,stock,20,5,2023,40,-0.27,-0.96,-0.274,0.456,20.0,0.099,0,0.565
nofund,aggressive,mid,stock,20,5,2024,51,0.094,0.28,0.094,0.488,20,0.104,0,0.565
nofund,aggressive,mid,stock,20,5,2025,50,0.144,0.39,0.136,0.497,20.0,0.221,1,0.579
nofund,aggressive,mid,stock,20,5,2026,35,-0.076,-0.09,-0.084,0.498,20,0.167,0,0.574
nofund,aggressive,mid,stock,20,20,ALL,173,-0.062,-0.11,-0.078,0.463,20,0.151,1,0.569
nofund,aggressive,mid,stock,20,20,P1,91,0.049,0.08,0.047,0.479,20,0.102,0,0.564
nofund,aggressive,mid,stock,20,20,P2,82,-0.184,-0.18,-0.217,0.444,20.0,0.206,1,0.575
nofund,aggressive,mid,stock,20,20,2023,40,-1.118,-3.38,-1.126,0.438,20.0,0.099,0,0.565
nofund,aggressive,mid,stock,20,20,2024,51,0.964,0.98,0.967,0.511,20,0.104,0,0.565
nofund,aggressive,mid,stock,20,20,2025,50,-0.032,-0.03,-0.08,0.446,20.0,0.221,1,0.579
nofund,aggressive,mid,stock,20,20,2026,32,-0.422,-0.22,-0.43,0.441,20.0,0.181,0,0.571
nofund,aggressive,mid,stock,20,63,ALL,165,1.229,0.78,1.196,0.452,20,0.156,1,0.567
nofund,aggressive,mid,stock,20,63,P1,91,0.859,0.82,0.858,0.462,20,0.102,0,0.564
nofund,aggressive,mid,stock,20,63,P2,74,1.685,0.52,1.612,0.439,20.0,0.222,1,0.571
nofund,aggressive,mid,stock,20,63,2023,40,-0.675,-0.45,-0.688,0.447,20.0,0.099,0,0.565
nofund,aggressive,mid,stock,20,63,2024,51,2.062,2.27,2.069,0.474,20,0.104,0,0.565
nofund,aggressive,mid,stock,20,63,2025,50,3.518,0.96,3.404,0.474,20.0,0.221,1,0.579
nofund,aggressive,mid,stock,20,63,2026,24,-2.135,-0.34,-2.122,0.367,20.0,0.223,0,0.557
nofund,aggressive,short,mixed,10,5,ALL,176,0.142,0.58,0.143,0.486,10.0,0.138,0,0.632
nofund,aggressive,short,mixed,10,5,P1,91,0.072,0.27,0.074,0.458,10,0.116,0,0.634
nofund,aggressive,short,mixed,10,5,P2,85,0.217,0.52,0.217,0.516,10,0.162,0,0.63
nofund,aggressive,short,mixed,10,5,2023,40,0.162,0.51,0.167,0.467,10.0,0.104,0,0.605
nofund,aggressive,short,mixed,10,5,2024,51,0.001,0.0,0.001,0.451,10,0.126,0,0.654
nofund,aggressive,short,mixed,10,5,2025,50,0.258,0.55,0.258,0.54,10.0,0.184,0,0.622
nofund,aggressive,short,mixed,10,5,2026,35,0.157,0.21,0.157,0.483,10,0.131,0,0.641
nofund,aggressive,short,mixed,10,20,ALL,173,-0.453,-0.72,-0.452,0.457,10,0.141,0,0.633
nofund,aggressive,short,mixed,10,20,P1,91,0.088,0.12,0.091,0.478,10,0.116,0,0.634
nofund,aggressive,short,mixed,10,20,P2,82,-1.054,-1.03,-1.054,0.434,10.0,0.168,0,0.631
nofund,aggressive,short,mixed,10,20,2023,40,-0.645,-0.99,-0.638,0.474,10.0,0.104,0,0.605
nofund,aggressive,short,mixed,10,20,2024,51,0.663,0.54,0.663,0.48,10,0.126,0,0.654
nofund,aggressive,short,mixed,10,20,2025,50,-0.8,-0.61,-0.8,0.442,10.0,0.184,0,0.622
nofund,aggressive,short,mixed,10,20,2026,32,-1.45,-0.9,-1.45,0.422,10.0,0.143,0,0.645
nofund,aggressive,short,mixed,10,63,ALL,165,-0.458,-0.28,-0.459,0.417,10,0.146,0,0.63
nofund,aggressive,short,mixed,10,63,P1,91,0.09,0.1,0.088,0.421,10,0.116,0,0.634
nofund,aggressive,short,mixed,10,63,P2,74,-1.131,-0.33,-1.131,0.412,10.0,0.182,0,0.625
nofund,aggressive,short,mixed,10,63,2023,40,-1.262,-1.49,-1.267,0.417,10.0,0.104,0,0.605
nofund,aggressive,short,mixed,10,63,2024,51,1.15,0.91,1.15,0.424,10,0.126,0,0.654
nofund,aggressive,short,mixed,10,63,2025,50,1.66,0.38,1.66,0.456,10.0,0.184,0,0.622
nofund,aggressive,short,mixed,10,63,2026,24,-6.947,-1.7,-6.947,0.321,10.0,0.178,0,0.63
nofund,aggressive,short,mixed,20,5,ALL,176,-0.091,-0.44,-0.092,0.476,20.0,0.143,0,0.577
nofund,aggressive,short,mixed,20,5,P1,91,-0.028,-0.13,-0.028,0.459,20,0.119,0,0.573
nofund,aggressive,short,mixed,20,5,P2,85,-0.158,-0.45,-0.161,0.494,20,0.17,0,0.582
nofund,aggressive,short,mixed,20,5,2023,40,-0.195,-0.7,-0.194,0.463,20.0,0.119,0,0.559
nofund,aggressive,short,mixed,20,5,2024,51,0.102,0.3,0.102,0.456,20,0.119,0,0.582
nofund,aggressive,short,mixed,20,5,2025,50,0.156,0.38,0.153,0.505,20.0,0.186,0,0.553
nofund,aggressive,short,mixed,20,5,2026,35,-0.607,-0.96,-0.609,0.48,20,0.146,0,0.625
nofund,aggressive,short,mixed,20,20,ALL,173,-0.624,-1.16,-0.623,0.445,20,0.146,0,0.575
nofund,aggressive,short,mixed,20,20,P1,91,-0.24,-0.41,-0.24,0.461,20,0.119,0,0.573
nofund,aggressive,short,mixed,20,20,P2,82,-1.05,-1.13,-1.049,0.427,20.0,0.175,0,0.578
nofund,aggressive,short,mixed,20,20,2023,40,-1.058,-2.0,-1.059,0.442,20.0,0.119,0,0.559
nofund,aggressive,short,mixed,20,20,2024,51,0.401,0.44,0.402,0.475,20,0.119,0,0.582
nofund,aggressive,short,mixed,20,20,2025,50,-0.289,-0.23,-0.283,0.441,20.0,0.186,0,0.553
nofund,aggressive,short,mixed,20,20,2026,32,-2.238,-1.76,-2.244,0.405,20.0,0.158,0,0.619
nofund,aggressive,short,mixed,20,63,ALL,165,-0.395,-0.25,-0.388,0.419,20,0.151,0,0.573
nofund,aggressive,short,mixed,20,63,P1,91,-0.542,-0.62,-0.539,0.414,20,0.119,0,0.573
nofund,aggressive,short,mixed,20,63,P2,74,-0.213,-0.06,-0.202,0.425,20.0,0.19,0,0.573
nofund,aggressive,short,mixed,20,63,2023,40,-2.076,-2.27,-2.075,0.403,20.0,0.119,0,0.559
nofund,aggressive,short,mixed,20,63,2024,51,0.661,0.68,0.665,0.422,20,0.119,0,0.582
nofund,aggressive,short,mixed,20,63,2025,50,2.834,0.69,2.852,0.48,20.0,0.186,0,0.553
nofund,aggressive,short,mixed,20,63,2026,24,-6.561,-2.0,-6.564,0.312,20.0,0.198,0,0.617
nofund,aggressive,short,stock,10,5,ALL,176,0.138,0.57,0.138,0.487,10.0,0.141,0,0.641
nofund,aggressive,short,stock,10,5,P1,91,0.11,0.41,0.109,0.464,10,0.119,0,0.647
nofund,aggressive,short,stock,10,5,P2,85,0.169,0.41,0.169,0.512,10,0.166,0,0.635
nofund,aggressive,short,stock,10,5,2023,40,0.171,0.54,0.176,0.467,10.0,0.103,0,0.603
nofund,aggressive,short,stock,10,5,2024,51,0.062,0.15,0.056,0.461,10,0.131,0,0.678
nofund,aggressive,short,stock,10,5,2025,50,0.176,0.38,0.176,0.534,10.0,0.192,0,0.624
nofund,aggressive,short,stock,10,5,2026,35,0.158,0.21,0.158,0.48,10,0.129,0,0.653
nofund,aggressive,short,stock,10,20,ALL,173,-0.431,-0.67,-0.429,0.461,10,0.144,0,0.64
nofund,aggressive,short,stock,10,20,P1,91,0.194,0.25,0.199,0.49,10,0.119,0,0.647
nofund,aggressive,short,stock,10,20,P2,82,-1.126,-1.1,-1.126,0.428,10.0,0.172,0,0.633
nofund,aggressive,short,stock,10,20,2023,40,-0.637,-0.98,-0.631,0.474,10.0,0.103,0,0.603
nofund,aggressive,short,stock,10,20,2024,51,0.847,0.68,0.849,0.503,10,0.131,0,0.678
nofund,aggressive,short,stock,10,20,2025,50,-0.888,-0.67,-0.888,0.434,10.0,0.192,0,0.624
nofund,aggressive,short,stock,10,20,2026,32,-1.497,-0.92,-1.497,0.419,10.0,0.141,0,0.652
nofund,aggressive,short,stock,10,63,ALL,165,-0.198,-0.12,-0.205,0.426,10,0.149,0,0.637
nofund,aggressive,short,stock,10,63,P1,91,0.413,0.41,0.401,0.438,10,0.119,0,0.647
nofund,aggressive,short,stock,10,63,P2,74,-0.95,-0.27,-0.95,0.411,10.0,0.186,0,0.625
nofund,aggressive,short,stock,10,63,2023,40,-1.32,-1.53,-1.325,0.417,10.0,0.103,0,0.603
nofund,aggressive,short,stock,10,63,2024,51,1.773,1.43,1.754,0.455,10,0.131,0,0.678
nofund,aggressive,short,stock,10,63,2025,50,1.861,0.43,1.861,0.452,10.0,0.192,0,0.624
nofund,aggressive,short,stock,10,63,2026,24,-6.807,-1.64,-6.807,0.325,10.0,0.175,0,0.63
nofund,aggressive,short,stock,20,5,ALL,176,-0.09,-0.43,-0.091,0.477,20.0,0.144,0,0.581
nofund,aggressive,short,stock,20,5,P1,91,-0.024,-0.11,-0.024,0.463,20,0.12,0,0.576
nofund,aggressive,short,stock,20,5,P2,85,-0.16,-0.45,-0.162,0.493,20,0.169,0,0.586
nofund,aggressive,short,stock,20,5,2023,40,-0.18,-0.64,-0.179,0.467,20.0,0.119,0,0.558
nofund,aggressive,short,stock,20,5,2024,51,0.097,0.28,0.097,0.46,20,0.121,0,0.589
nofund,aggressive,short,stock,20,5,2025,50,0.139,0.34,0.137,0.503,20.0,0.186,0,0.558
nofund,aggressive,short,stock,20,5,2026,35,-0.587,-0.93,-0.589,0.478,20,0.146,0,0.626
nofund,aggressive,short,stock,20,20,ALL,173,-0.653,-1.2,-0.652,0.444,20,0.146,0,0.579
nofund,aggressive,short,stock,20,20,P1,91,-0.248,-0.42,-0.248,0.462,20,0.12,0,0.576
nofund,aggressive,short,stock,20,20,P2,82,-1.102,-1.19,-1.101,0.423,20.0,0.175,0,0.582
nofund,aggressive,short,stock,20,20,2023,40,-1.038,-1.98,-1.038,0.441,20.0,0.119,0,0.558
nofund,aggressive,short,stock,20,20,2024,51,0.372,0.4,0.372,0.479,20,0.121,0,0.589
nofund,aggressive,short,stock,20,20,2025,50,-0.374,-0.3,-0.368,0.436,20.0,0.186,0,0.558
nofund,aggressive,short,stock,20,20,2026,32,-2.24,-1.76,-2.246,0.404,20.0,0.158,0,0.621
nofund,aggressive,short,stock,20,63,ALL,165,-0.344,-0.21,-0.336,0.421,20,0.151,0,0.576
nofund,aggressive,short,stock,20,63,P1,91,-0.502,-0.56,-0.498,0.418,20,0.12,0,0.576
nofund,aggressive,short,stock,20,63,P2,74,-0.151,-0.04,-0.137,0.424,20.0,0.19,0,0.577
nofund,aggressive,short,stock,20,63,2023,40,-2.108,-2.25,-2.107,0.399,20.0,0.119,0,0.558
nofund,aggressive,short,stock,20,63,2024,51,0.758,0.78,0.763,0.433,20,0.121,0,0.589
nofund,aggressive,short,stock,20,63,2025,50,2.926,0.7,2.948,0.477,20.0,0.186,0,0.558
nofund,aggressive,short,stock,20,63,2026,24,-6.561,-2.0,-6.565,0.314,20.0,0.198,0,0.617
nofund,balanced,long,mixed,10,5,ALL,176,-0.029,-0.11,-0.031,0.474,10.0,0.133,1,0.586
nofund,balanced,long,mixed,10,5,P1,91,-0.157,-0.58,-0.159,0.459,10,0.095,0,0.586
nofund,balanced,long,mixed,10,5,P2,85,0.109,0.24,0.106,0.49,10,0.173,1,0.587
nofund,balanced,long,mixed,10,5,2023,40,-0.523,-1.46,-0.53,0.442,10.0,0.091,0,0.59
nofund,balanced,long,mixed,10,5,2024,51,0.13,0.34,0.132,0.472,10,0.098,0,0.58
nofund,balanced,long,mixed,10,5,2025,50,-0.025,-0.06,-0.016,0.481,10.0,0.195,1,0.586
nofund,balanced,long,mixed,10,5,2026,35,0.3,0.33,0.28,0.503,10,0.14,0,0.585
nofund,balanced,long,mixed,10,20,ALL,173,0.358,0.55,0.345,0.482,10,0.134,1,0.585
nofund,balanced,long,mixed,10,20,P1,91,0.321,0.44,0.319,0.493,10,0.095,0,0.586
nofund,balanced,long,mixed,10,20,P2,82,0.4,0.36,0.375,0.47,10.0,0.178,1,0.585
nofund,balanced,long,mixed,10,20,2023,40,-0.938,-1.61,-0.946,0.452,10.0,0.091,0,0.59
nofund,balanced,long,mixed,10,20,2024,51,1.309,1.12,1.311,0.525,10,0.098,0,0.58
nofund,balanced,long,mixed,10,20,2025,50,0.022,0.02,-0.004,0.464,10.0,0.195,1,0.586
nofund,balanced,long,mixed,10,20,2026,32,0.991,0.55,0.965,0.478,10.0,0.15,0,0.581
nofund,balanced,long,mixed,10,63,ALL,165,1.683,1.28,1.678,0.451,10,0.139,1,0.585
nofund,balanced,long,mixed,10,63,P1,91,1.487,1.46,1.495,0.452,10,0.095,0,0.586
nofund,balanced,long,mixed,10,63,P2,74,1.924,0.73,1.904,0.45,10.0,0.193,1,0.585
nofund,balanced,long,mixed,10,63,2023,40,0.567,0.45,0.564,0.465,10.0,0.091,0,0.59
nofund,balanced,long,mixed,10,63,2024,51,2.207,1.79,2.225,0.442,10,0.098,0,0.58
nofund,balanced,long,mixed,10,63,2025,50,3.517,1.11,3.487,0.48,10.0,0.195,1,0.586
nofund,balanced,long,mixed,10,63,2026,24,-1.397,-0.3,-1.394,0.388,10.0,0.187,0,0.578
nofund,balanced,long,mixed,20,5,ALL,176,-0.016,-0.08,-0.018,0.483,20.0,0.14,1,0.563
nofund,balanced,long,mixed,20,5,P1,91,-0.071,-0.31,-0.072,0.469,20,0.093,0,0.544
nofund,balanced,long,mixed,20,5,P2,85,0.042,0.12,0.041,0.498,20,0.191,1,0.583
nofund,balanced,long,mixed,20,5,2023,40,-0.375,-1.25,-0.379,0.453,20.0,0.087,0,0.554
nofund,balanced,long,mixed,20,5,2024,51,0.168,0.52,0.169,0.482,20,0.098,0,0.535
nofund,balanced,long,mixed,20,5,2025,50,-0.111,-0.33,-0.106,0.485,20.0,0.218,1,0.586
nofund,balanced,long,mixed,20,5,2026,35,0.262,0.35,0.25,0.517,20,0.152,0,0.581
nofund,balanced,long,mixed,20,20,ALL,173,0.092,0.17,0.073,0.465,20,0.142,1,0.563
nofund,balanced,long,mixed,20,20,P1,91,0.196,0.32,0.195,0.478,20,0.093,0,0.544
nofund,balanced,long,mixed,20,20,P2,82,-0.023,-0.03,-0.062,0.451,20.0,0.196,1,0.584
nofund,balanced,long,mixed,20,20,2023,40,-1.087,-2.26,-1.093,0.438,20.0,0.087,0,0.554
nofund,balanced,long,mixed,20,20,2024,51,1.201,1.25,1.205,0.509,20,0.098,0,0.535
nofund,balanced,long,mixed,20,20,2025,50,-0.114,-0.1,-0.168,0.455,20.0,0.218,1,0.586
nofund,balanced,long,mixed,20,20,2026,32,0.12,0.08,0.104,0.443,20.0,0.163,0,0.584
nofund,balanced,long,mixed,20,63,ALL,165,1.582,1.09,1.539,0.457,20,0.147,1,0.561
nofund,balanced,long,mixed,20,63,P1,91,1.296,1.06,1.295,0.461,20,0.093,0,0.544
nofund,balanced,long,mixed,20,63,P2,74,1.933,0.69,1.839,0.452,20.0,0.213,1,0.581
nofund,balanced,long,mixed,20,63,2023,40,0.097,0.05,0.087,0.446,20.0,0.087,0,0.554
nofund,balanced,long,mixed,20,63,2024,51,2.236,1.93,2.243,0.472,20,0.098,0,0.535
nofund,balanced,long,mixed,20,63,2025,50,4.024,1.19,3.883,0.485,20.0,0.218,1,0.586
nofund,balanced,long,mixed,20,63,2026,24,-2.423,-0.52,-2.421,0.381,20.0,0.202,0,0.574
nofund,balanced,long,stock,10,5,ALL,176,-0.029,-0.11,-0.032,0.475,10.0,0.131,1,0.583
nofund,balanced,long,stock,10,5,P1,91,-0.122,-0.44,-0.125,0.466,10,0.095,0,0.581
nofund,balanced,long,stock,10,5,P2,85,0.07,0.15,0.068,0.484,10,0.171,1,0.587
nofund,balanced,long,stock,10,5,2023,40,-0.527,-1.48,-0.535,0.439,10.0,0.092,0,0.582
nofund,balanced,long,stock,10,5,2024,51,0.196,0.48,0.196,0.487,10,0.096,0,0.578
nofund,balanced,long,stock,10,5,2025,50,-0.062,-0.14,-0.052,0.475,10.0,0.194,1,0.584
nofund,balanced,long,stock,10,5,2026,35,0.259,0.28,0.239,0.497,10,0.137,0,0.588
nofund,balanced,long,stock,10,20,ALL,173,0.388,0.6,0.375,0.485,10,0.133,1,0.583
nofund,balanced,long,stock,10,20,P1,91,0.396,0.54,0.394,0.501,10,0.095,0,0.581
nofund,balanced,long,stock,10,20,P2,82,0.379,0.34,0.354,0.466,10.0,0.176,1,0.585
nofund,balanced,long,stock,10,20,2023,40,-0.866,-1.43,-0.874,0.457,10.0,0.092,0,0.582
nofund,balanced,long,stock,10,20,2024,51,1.386,1.19,1.389,0.536,10,0.096,0,0.578
nofund,balanced,long,stock,10,20,2025,50,-0.059,-0.04,-0.084,0.458,10.0,0.194,1,0.584
nofund,balanced,long,stock,10,20,2026,32,1.063,0.6,1.038,0.478,10.0,0.147,0,0.584
nofund,balanced,long,stock,10,63,ALL,165,1.899,1.4,1.896,0.457,10,0.138,1,0.582
nofund,balanced,long,stock,10,63,P1,91,1.755,1.69,1.765,0.464,10,0.095,0,0.581
nofund,balanced,long,stock,10,63,P2,74,2.076,0.77,2.056,0.449,10.0,0.191,1,0.584
nofund,balanced,long,stock,10,63,2023,40,0.924,0.75,0.921,0.47,10.0,0.092,0,0.582
nofund,balanced,long,stock,10,63,2024,51,2.406,1.87,2.427,0.46,10,0.096,0,0.578
nofund,balanced,long,stock,10,63,2025,50,3.649,1.12,3.618,0.476,10.0,0.194,1,0.584
nofund,balanced,long,stock,10,63,2026,24,-1.201,-0.25,-1.198,0.392,10.0,0.183,0,0.578
nofund,balanced,long,stock,20,5,ALL,176,-0.007,-0.03,-0.008,0.483,20.0,0.143,1,0.563
nofund,balanced,long,stock,20,5,P1,91,-0.074,-0.32,-0.075,0.471,20,0.095,0,0.546
nofund,balanced,long,stock,20,5,P2,85,0.065,0.17,0.063,0.497,20,0.194,1,0.58
nofund,balanced,long,stock,20,5,2023,40,-0.395,-1.31,-0.399,0.451,20.0,0.089,0,0.554
nofund,balanced,long,stock,20,5,2024,51,0.178,0.54,0.179,0.487,20,0.1,0,0.538
nofund,balanced,long,stock,20,5,2025,50,-0.102,-0.29,-0.096,0.484,20.0,0.221,1,0.582
nofund,balanced,long,stock,20,5,2026,35,0.302,0.4,0.291,0.515,20,0.156,0,0.582
nofund,balanced,long,stock,20,20,ALL,173,0.125,0.23,0.106,0.466,20,0.145,1,0.563
nofund,balanced,long,stock,20,20,P1,91,0.23,0.37,0.229,0.48,20,0.095,0,0.546
nofund,balanced,long,stock,20,20,P2,82,0.009,0.01,-0.03,0.45,20.0,0.2,1,0.581
nofund,balanced,long,stock,20,20,2023,40,-1.086,-2.22,-1.092,0.436,20.0,0.089,0,0.554
nofund,balanced,long,stock,20,20,2024,51,1.261,1.3,1.265,0.515,20,0.1,0,0.538
nofund,balanced,long,stock,20,20,2025,50,-0.069,-0.06,-0.123,0.454,20.0,0.221,1,0.582
nofund,balanced,long,stock,20,20,2026,32,0.131,0.09,0.116,0.442,20.0,0.167,0,0.585
nofund,balanced,long,stock,20,63,ALL,165,1.65,1.11,1.607,0.459,20,0.149,1,0.56
nofund,balanced,long,stock,20,63,P1,91,1.377,1.1,1.377,0.467,20,0.095,0,0.546
nofund,balanced,long,stock,20,63,P2,74,1.985,0.69,1.891,0.45,20.0,0.216,1,0.577
nofund,balanced,long,stock,20,63,2023,40,0.073,0.04,0.063,0.445,20.0,0.089,0,0.554
nofund,balanced,long,stock,20,63,2024,51,2.399,2.01,2.407,0.484,20,0.1,0,0.538
nofund,balanced,long,stock,20,63,2025,50,4.129,1.2,3.988,0.482,20.0,0.221,1,0.582
nofund,balanced,long,stock,20,63,2026,24,-2.48,-0.53,-2.478,0.381,20.0,0.204,0,0.574
nofund,balanced,mid,mixed,10,5,ALL,176,0.007,0.03,0.005,0.474,10.0,0.134,1,0.616
nofund,balanced,mid,mixed,10,5,P1,91,-0.146,-0.57,-0.143,0.461,10,0.096,0,0.622
nofund,balanced,mid,mixed,10,5,P2,85,0.17,0.4,0.164,0.488,10,0.175,1,0.611
nofund,balanced,mid,mixed,10,5,2023,40,-0.539,-1.59,-0.534,0.447,10.0,0.089,0,0.636
nofund,balanced,mid,mixed,10,5,2024,51,0.163,0.45,0.164,0.472,10,0.101,0,0.61
nofund,balanced,mid,mixed,10,5,2025,50,-0.065,-0.15,-0.056,0.476,10.0,0.201,1,0.608
nofund,balanced,mid,mixed,10,5,2026,35,0.505,0.6,0.478,0.505,10,0.137,0,0.612
nofund,balanced,mid,mixed,10,20,ALL,173,0.104,0.16,0.093,0.472,10,0.136,1,0.616
nofund,balanced,mid,mixed,10,20,P1,91,0.423,0.54,0.426,0.487,10,0.096,0,0.622
nofund,balanced,mid,mixed,10,20,P2,82,-0.25,-0.24,-0.277,0.455,10.0,0.181,1,0.61
nofund,balanced,mid,mixed,10,20,2023,40,-0.976,-1.85,-0.971,0.451,10.0,0.089,0,0.636
nofund,balanced,mid,mixed,10,20,2024,51,1.52,1.21,1.522,0.515,10,0.101,0,0.61
nofund,balanced,mid,mixed,10,20,2025,50,-0.657,-0.5,-0.684,0.449,10.0,0.201,1,0.608
nofund,balanced,mid,mixed,10,20,2026,32,0.386,0.23,0.358,0.465,10.0,0.149,0,0.61
nofund,balanced,mid,mixed,10,63,ALL,165,1.175,0.84,1.167,0.451,10,0.142,1,0.616
nofund,balanced,mid,mixed,10,63,P1,91,1.642,1.5,1.658,0.463,10,0.096,0,0.622
nofund,balanced,mid,mixed,10,63,P2,74,0.6,0.21,0.562,0.436,10.0,0.198,1,0.611
nofund,balanced,mid,mixed,10,63,2023,40,-0.065,-0.06,-0.05,0.459,10.0,0.089,0,0.636
nofund,balanced,mid,mixed,10,63,2024,51,2.98,2.14,2.998,0.466,10,0.101,0,0.61
nofund,balanced,mid,mixed,10,63,2025,50,2.803,0.82,2.753,0.469,10.0,0.201,1,0.608
nofund,balanced,mid,mixed,10,63,2026,24,-3.989,-0.98,-4.001,0.367,10.0,0.191,0,0.613
nofund,balanced,mid,mixed,20,5,ALL,176,-0.01,-0.05,-0.011,0.487,20.0,0.142,1,0.586
nofund,balanced,mid,mixed,20,5,P1,91,-0.103,-0.46,-0.105,0.469,20,0.099,0,0.581
nofund,balanced,mid,mixed,20,5,P2,85,0.089,0.25,0.089,0.506,20,0.189,1,0.593
nofund,balanced,mid,mixed,20,5,2023,40,-0.35,-1.23,-0.355,0.453,20.0,0.088,0,0.572
nofund,balanced,mid,mixed,20,5,2024,51,0.091,0.28,0.091,0.482,20,0.107,0,0.587
nofund,balanced,mid,mixed,20,5,2025,50,0.024,0.07,0.032,0.506,20.0,0.216,1,0.591
nofund,balanced,mid,mixed,20,5,2026,35,0.182,0.26,0.17,0.507,20,0.15,0,0.599
nofund,balanced,mid,mixed,20,20,ALL,173,0.099,0.18,0.083,0.468,20,0.144,1,0.585
nofund,balanced,mid,mixed,20,20,P1,91,0.122,0.2,0.121,0.479,20,0.099,0,0.581
nofund,balanced,mid,mixed,20,20,P2,82,0.073,0.08,0.04,0.456,20.0,0.195,1,0.59
nofund,balanced,mid,mixed,20,20,2023,40,-0.86,-1.95,-0.866,0.452,20.0,0.088,0,0.572
nofund,balanced,mid,mixed,20,20,2024,51,0.892,0.89,0.895,0.501,20,0.107,0,0.587
nofund,balanced,mid,mixed,20,20,2025,50,-0.002,-0.0,-0.046,0.457,20.0,0.216,1,0.591
nofund,balanced,mid,mixed,20,20,2026,32,0.19,0.13,0.175,0.454,20.0,0.163,0,0.59
nofund,balanced,mid,mixed,20,63,ALL,165,1.246,0.85,1.211,0.448,20,0.15,1,0.582
nofund,balanced,mid,mixed,20,63,P1,91,1.231,1.17,1.233,0.453,20,0.099,0,0.581
nofund,balanced,mid,mixed,20,63,P2,74,1.264,0.43,1.184,0.443,20.0,0.213,1,0.585
nofund,balanced,mid,mixed,20,63,2023,40,0.02,0.01,0.013,0.442,20.0,0.088,0,0.572
nofund,balanced,mid,mixed,20,63,2024,51,2.18,2.01,2.189,0.461,20,0.107,0,0.587
nofund,balanced,mid,mixed,20,63,2025,50,3.972,1.1,3.862,0.488,20.0,0.216,1,0.591
nofund,balanced,mid,mixed,20,63,2026,24,-4.377,-1.16,-4.394,0.348,20.0,0.206,0,0.576
nofund,balanced,mid,stock,10,5,ALL,176,0.003,0.01,0.002,0.477,10.0,0.136,1,0.621
nofund,balanced,mid,stock,10,5,P1,91,-0.14,-0.54,-0.136,0.467,10,0.099,0,0.632
nofund,balanced,mid,stock,10,5,P2,85,0.156,0.36,0.15,0.487,10,0.177,1,0.611
nofund,balanced,mid,stock,10,5,2023,40,-0.553,-1.61,-0.548,0.449,10.0,0.09,0,0.638
nofund,balanced,mid,stock,10,5,2024,51,0.184,0.5,0.187,0.482,10,0.106,0,0.626
nofund,balanced,mid,stock,10,5,2025,50,-0.087,-0.2,-0.079,0.474,10.0,0.202,1,0.604
nofund,balanced,mid,stock,10,5,2026,35,0.503,0.58,0.477,0.505,10,0.14,0,0.621
nofund,balanced,mid,stock,10,20,ALL,173,0.164,0.25,0.154,0.474,10,0.139,1,0.62
nofund,balanced,mid,stock,10,20,P1,91,0.588,0.75,0.594,0.497,10,0.099,0,0.632
nofund,balanced,mid,stock,10,20,P2,82,-0.307,-0.29,-0.334,0.448,10.0,0.183,1,0.609
nofund,balanced,mid,stock,10,20,2023,40,-1.027,-1.97,-1.022,0.449,10.0,0.09,0,0.638
nofund,balanced,mid,stock,10,20,2024,51,1.855,1.49,1.861,0.534,10,0.106,0,0.626
nofund,balanced,mid,stock,10,20,2025,50,-0.771,-0.58,-0.798,0.439,10.0,0.202,1,0.604
nofund,balanced,mid,stock,10,20,2026,32,0.419,0.25,0.391,0.461,10.0,0.153,0,0.616
nofund,balanced,mid,stock,10,63,ALL,165,1.341,0.93,1.336,0.454,10,0.144,1,0.621
nofund,balanced,mid,stock,10,63,P1,91,1.843,1.63,1.865,0.474,10,0.099,0,0.632
nofund,balanced,mid,stock,10,63,P2,74,0.724,0.25,0.686,0.43,10.0,0.199,1,0.608
nofund,balanced,mid,stock,10,63,2023,40,-0.16,-0.14,-0.145,0.459,10.0,0.09,0,0.638
nofund,balanced,mid,stock,10,63,2024,51,3.414,2.56,3.441,0.486,10,0.106,0,0.626
nofund,balanced,mid,stock,10,63,2025,50,2.889,0.83,2.839,0.459,10.0,0.202,1,0.604
nofund,balanced,mid,stock,10,63,2026,24,-3.786,-0.92,-3.798,0.371,10.0,0.192,0,0.617
nofund,balanced,mid,stock,20,5,ALL,176,-0.016,-0.08,-0.017,0.486,20.0,0.142,1,0.587
nofund,balanced,mid,stock,20,5,P1,91,-0.116,-0.51,-0.118,0.469,20,0.098,0,0.58
nofund,balanced,mid,stock,20,5,P2,85,0.091,0.25,0.091,0.503,20,0.188,1,0.595
nofund,balanced,mid,stock,20,5,2023,40,-0.354,-1.23,-0.358,0.451,20.0,0.087,0,0.569
nofund,balanced,mid,stock,20,5,2024,51,0.07,0.21,0.07,0.484,20,0.107,0,0.587
nofund,balanced,mid,stock,20,5,2025,50,0.03,0.08,0.038,0.502,20.0,0.215,1,0.594
nofund,balanced,mid,stock,20,5,2026,35,0.179,0.25,0.167,0.505,20,0.15,0,0.601
nofund,balanced,mid,stock,20,20,ALL,173,0.104,0.19,0.089,0.469,20,0.144,1,0.585
nofund,balanced,mid,stock,20,20,P1,91,0.122,0.2,0.121,0.483,20,0.098,0,0.58
nofund,balanced,mid,stock,20,20,P2,82,0.085,0.09,0.052,0.454,20.0,0.195,1,0.591
nofund,balanced,mid,stock,20,20,2023,40,-0.864,-1.98,-0.87,0.451,20.0,0.087,0,0.569
nofund,balanced,mid,stock,20,20,2024,51,0.896,0.89,0.899,0.507,20,0.107,0,0.587
nofund,balanced,mid,stock,20,20,2025,50,0.037,0.03,-0.007,0.456,20.0,0.215,1,0.594
nofund,balanced,mid,stock,20,20,2026,32,0.159,0.11,0.144,0.451,20.0,0.163,0,0.59
nofund,balanced,mid,stock,20,63,ALL,165,1.262,0.85,1.227,0.45,20,0.15,1,0.582
nofund,balanced,mid,stock,20,63,P1,91,1.251,1.15,1.253,0.457,20,0.098,0,0.58
nofund,balanced,mid,stock,20,63,P2,74,1.275,0.43,1.195,0.441,20.0,0.212,1,0.586
nofund,balanced,mid,stock,20,63,2023,40,-0.079,-0.05,-0.086,0.439,20.0,0.087,0,0.569
nofund,balanced,mid,stock,20,63,2024,51,2.295,2.04,2.303,0.472,20,0.107,0,0.587
nofund,balanced,mid,stock,20,63,2025,50,3.974,1.09,3.863,0.485,20.0,0.215,1,0.594
nofund,balanced,mid,stock,20,63,2026,24,-4.346,-1.15,-4.363,0.35,20.0,0.206,0,0.576
nofund,balanced,short,mixed,10,5,ALL,176,-0.03,-0.12,-0.03,0.481,10.0,0.138,0,0.669
nofund,balanced,short,mixed,10,5,P1,91,-0.031,-0.12,-0.03,0.457,10,0.114,0,0.672
nofund,balanced,short,mixed,10,5,P2,85,-0.029,-0.07,-0.029,0.507,10,0.164,0,0.665
nofund,balanced,short,mixed,10,5,2023,40,-0.039,-0.14,-0.035,0.462,10.0,0.091,0,0.646
nofund,balanced,short,mixed,10,5,2024,51,-0.024,-0.06,-0.026,0.454,10,0.132,0,0.69
nofund,balanced,short,mixed,10,5,2025,50,-0.094,-0.21,-0.094,0.52,10.0,0.182,0,0.651
nofund,balanced,short,mixed,10,5,2026,35,0.063,0.08,0.063,0.489,10,0.14,0,0.682
nofund,balanced,short,mixed,10,20,ALL,173,-0.412,-0.7,-0.412,0.46,10,0.141,0,0.67
nofund,balanced,short,mixed,10,20,P1,91,0.136,0.2,0.136,0.478,10,0.114,0,0.672
nofund,balanced,short,mixed,10,20,P2,82,-1.021,-1.06,-1.021,0.44,10.0,0.17,0,0.667
nofund,balanced,short,mixed,10,20,2023,40,-0.165,-0.26,-0.157,0.466,10.0,0.091,0,0.646
nofund,balanced,short,mixed,10,20,2024,51,0.372,0.33,0.365,0.487,10,0.132,0,0.69
nofund,balanced,short,mixed,10,20,2025,50,-1.239,-0.97,-1.239,0.44,10.0,0.182,0,0.651
nofund,balanced,short,mixed,10,20,2026,32,-0.679,-0.49,-0.679,0.441,10.0,0.153,0,0.687
nofund,balanced,short,mixed,10,63,ALL,165,0.267,0.16,0.274,0.431,10,0.146,0,0.669
nofund,balanced,short,mixed,10,63,P1,91,0.64,0.61,0.652,0.428,10,0.114,0,0.672
nofund,balanced,short,mixed,10,63,P2,74,-0.191,-0.06,-0.191,0.435,10.0,0.185,0,0.664
nofund,balanced,short,mixed,10,63,2023,40,-0.434,-0.53,-0.416,0.422,10.0,0.091,0,0.646
nofund,balanced,short,mixed,10,63,2024,51,1.482,0.95,1.489,0.432,10,0.132,0,0.69
nofund,balanced,short,mixed,10,63,2025,50,3.038,0.73,3.038,0.48,10.0,0.182,0,0.651
nofund,balanced,short,mixed,10,63,2026,24,-6.918,-3.18,-6.918,0.342,10.0,0.191,0,0.687
nofund,balanced,short,mixed,20,5,ALL,176,-0.101,-0.53,-0.101,0.474,20.0,0.141,1,0.61
nofund,balanced,short,mixed,20,5,P1,91,-0.169,-0.84,-0.17,0.454,20,0.113,0,0.611
nofund,balanced,short,mixed,20,5,P2,85,-0.027,-0.08,-0.028,0.497,20,0.171,1,0.61
nofund,balanced,short,mixed,20,5,2023,40,-0.337,-1.24,-0.338,0.456,20.0,0.103,0,0.603
nofund,balanced,short,mixed,20,5,2024,51,-0.038,-0.13,-0.038,0.451,20,0.121,0,0.617
nofund,balanced,short,mixed,20,5,2025,50,-0.007,-0.02,-0.005,0.493,20.0,0.19,1,0.597
nofund,balanced,short,mixed,20,5,2026,35,-0.057,-0.09,-0.06,0.502,20,0.144,0,0.629
nofund,balanced,short,mixed,20,20,ALL,173,-0.513,-1.07,-0.516,0.447,20,0.143,1,0.608
nofund,balanced,short,mixed,20,20,P1,91,-0.265,-0.46,-0.266,0.454,20,0.113,0,0.611
nofund,balanced,short,mixed,20,20,P2,82,-0.788,-1.02,-0.794,0.44,20.0,0.177,1,0.606
nofund,balanced,short,mixed,20,20,2023,40,-0.995,-1.99,-0.996,0.437,20.0,0.103,0,0.603
nofund,balanced,short,mixed,20,20,2024,51,0.307,0.33,0.306,0.467,20,0.121,0,0.617
nofund,balanced,short,mixed,20,20,2025,50,-0.547,-0.5,-0.552,0.447,20.0,0.19,1,0.597
nofund,balanced,short,mixed,20,20,2026,32,-1.165,-1.19,-1.171,0.427,20.0,0.156,0,0.621
nofund,balanced,short,mixed,20,63,ALL,165,-0.434,-0.3,-0.452,0.419,20,0.149,1,0.606
nofund,balanced,short,mixed,20,63,P1,91,-0.617,-0.86,-0.62,0.416,20,0.113,0,0.611
nofund,balanced,short,mixed,20,63,P2,74,-0.208,-0.07,-0.246,0.423,20.0,0.194,1,0.601
nofund,balanced,short,mixed,20,63,2023,40,-1.541,-2.65,-1.543,0.409,20.0,0.103,0,0.603
nofund,balanced,short,mixed,20,63,2024,51,0.107,0.11,0.105,0.422,20,0.121,0,0.617
nofund,balanced,short,mixed,20,63,2025,50,2.726,0.73,2.675,0.471,20.0,0.19,1,0.597
nofund,balanced,short,mixed,20,63,2026,24,-6.32,-3.35,-6.331,0.324,20.0,0.201,0,0.613
nofund,balanced,short,stock,10,5,ALL,176,-0.043,-0.18,-0.043,0.482,10.0,0.139,0,0.673
nofund,balanced,short,stock,10,5,P1,91,-0.083,-0.31,-0.083,0.461,10,0.115,0,0.678
nofund,balanced,short,stock,10,5,P2,85,-0.0,-0.0,-0.0,0.505,10,0.165,0,0.668
nofund,balanced,short,stock,10,5,2023,40,-0.021,-0.07,-0.016,0.462,10.0,0.09,0,0.644
nofund,balanced,short,stock,10,5,2024,51,-0.133,-0.32,-0.136,0.459,10,0.135,0,0.704
nofund,balanced,short,stock,10,5,2025,50,-0.079,-0.18,-0.079,0.514,10.0,0.184,0,0.651
nofund,balanced,short,stock,10,5,2026,35,0.112,0.14,0.112,0.491,10,0.137,0,0.688
nofund,balanced,short,stock,10,20,ALL,173,-0.431,-0.73,-0.431,0.461,10,0.142,0,0.673
nofund,balanced,short,stock,10,20,P1,91,0.138,0.2,0.137,0.482,10,0.115,0,0.678
nofund,balanced,short,stock,10,20,P2,82,-1.062,-1.11,-1.062,0.437,10.0,0.171,0,0.667
nofund,balanced,short,stock,10,20,2023,40,-0.052,-0.08,-0.043,0.471,10.0,0.09,0,0.644
nofund,balanced,short,stock,10,20,2024,51,0.287,0.26,0.279,0.491,10,0.135,0,0.704
nofund,balanced,short,stock,10,20,2025,50,-1.279,-0.99,-1.279,0.434,10.0,0.184,0,0.651
nofund,balanced,short,stock,10,20,2026,32,-0.724,-0.53,-0.724,0.441,10.0,0.15,0,0.687
nofund,balanced,short,stock,10,63,ALL,165,0.345,0.21,0.352,0.434,10,0.147,0,0.672
nofund,balanced,short,stock,10,63,P1,91,0.719,0.71,0.732,0.436,10,0.115,0,0.678
nofund,balanced,short,stock,10,63,P2,74,-0.115,-0.03,-0.115,0.432,10.0,0.185,0,0.664
nofund,balanced,short,stock,10,63,2023,40,-0.37,-0.46,-0.353,0.419,10.0,0.09,0,0.644
nofund,balanced,short,stock,10,63,2024,51,1.574,1.04,1.582,0.448,10,0.135,0,0.704
nofund,balanced,short,stock,10,63,2025,50,3.138,0.75,3.138,0.474,10.0,0.184,0,0.651
nofund,balanced,short,stock,10,63,2026,24,-6.891,-3.15,-6.891,0.346,10.0,0.188,0,0.687
nofund,balanced,short,stock,20,5,ALL,176,-0.088,-0.47,-0.088,0.475,20.0,0.141,1,0.609
nofund,balanced,short,stock,20,5,P1,91,-0.16,-0.78,-0.161,0.456,20,0.114,0,0.61
nofund,balanced,short,stock,20,5,P2,85,-0.01,-0.03,-0.011,0.495,20,0.17,1,0.61
nofund,balanced,short,stock,20,5,2023,40,-0.358,-1.31,-0.36,0.455,20.0,0.103,0,0.605
nofund,balanced,short,stock,20,5,2024,51,-0.005,-0.02,-0.005,0.456,20,0.123,0,0.613
nofund,balanced,short,stock,20,5,2025,50,-0.01,-0.03,-0.009,0.49,20.0,0.19,1,0.595
nofund,balanced,short,stock,20,5,2026,35,-0.011,-0.02,-0.014,0.502,20,0.143,0,0.634
nofund,balanced,short,stock,20,20,ALL,173,-0.492,-1.03,-0.494,0.448,20,0.143,1,0.607
nofund,balanced,short,stock,20,20,P1,91,-0.266,-0.46,-0.266,0.457,20,0.114,0,0.61
nofund,balanced,short,stock,20,20,P2,82,-0.743,-0.97,-0.748,0.439,20.0,0.176,1,0.605
nofund,balanced,short,stock,20,20,2023,40,-1.002,-2.04,-1.003,0.435,20.0,0.103,0,0.605
nofund,balanced,short,stock,20,20,2024,51,0.312,0.34,0.311,0.474,20,0.123,0,0.613
nofund,balanced,short,stock,20,20,2025,50,-0.566,-0.52,-0.57,0.445,20.0,0.19,1,0.595
nofund,balanced,short,stock,20,20,2026,32,-1.019,-1.04,-1.025,0.429,20.0,0.155,0,0.624
nofund,balanced,short,stock,20,63,ALL,165,-0.39,-0.27,-0.408,0.422,20,0.149,1,0.605
nofund,balanced,short,stock,20,63,P1,91,-0.582,-0.8,-0.583,0.421,20,0.114,0,0.61
nofund,balanced,short,stock,20,63,P2,74,-0.154,-0.05,-0.192,0.423,20.0,0.193,1,0.599
nofund,balanced,short,stock,20,63,2023,40,-1.566,-2.6,-1.568,0.407,20.0,0.103,0,0.605
nofund,balanced,short,stock,20,63,2024,51,0.189,0.19,0.189,0.432,20,0.123,0,0.613
nofund,balanced,short,stock,20,63,2025,50,2.761,0.74,2.71,0.469,20.0,0.19,1,0.595
nofund,balanced,short,stock,20,63,2026,24,-6.227,-3.22,-6.237,0.328,20.0,0.2,0,0.613
nofund,conservative,long,mixed,10,5,ALL,176,-0.28,-1.96,-0.264,0.454,10.0,0.082,3,0.785
nofund,conservative,long,mixed,10,5,P1,91,-0.328,-1.89,-0.328,0.46,10,0.049,0,0.763
nofund,conservative,long,mixed,10,5,P2,85,-0.228,-0.99,-0.196,0.448,10,0.118,3,0.808
nofund,conservative,long,mixed,10,5,2023,40,-0.446,-1.91,-0.446,0.455,10.0,0.053,0,0.759
nofund,conservative,long,mixed,10,5,2024,51,-0.235,-0.95,-0.235,0.465,10,0.046,0,0.764
nofund,conservative,long,mixed,10,5,2025,50,-0.201,-0.7,-0.146,0.443,10.0,0.136,3,0.824
nofund,conservative,long,mixed,10,5,2026,35,-0.267,-0.71,-0.267,0.454,10,0.092,0,0.785
nofund,conservative,long,mixed,10,20,ALL,173,-1.243,-3.39,-1.21,0.414,10,0.083,3,0.786
nofund,conservative,long,mixed,10,20,P1,91,-1.093,-2.34,-1.093,0.423,10,0.049,0,0.763
nofund,conservative,long,mixed,10,20,P2,82,-1.41,-2.47,-1.34,0.403,10.0,0.121,3,0.812
nofund,conservative,long,mixed,10,20,2023,40,-1.337,-2.16,-1.337,0.4,10.0,0.053,0,0.759
nofund,conservative,long,mixed,10,20,2024,51,-0.902,-1.33,-0.902,0.441,10,0.046,0,0.764
nofund,conservative,long,mixed,10,20,2025,50,-1.103,-1.62,-0.99,0.419,10.0,0.136,3,0.824
nofund,conservative,long,mixed,10,20,2026,32,-1.888,-1.96,-1.888,0.378,10.0,0.098,0,0.794
nofund,conservative,long,mixed,10,63,ALL,165,-2.914,-2.75,-2.954,0.369,10,0.083,3,0.785
nofund,conservative,long,mixed,10,63,P1,91,-2.733,-3.05,-2.733,0.367,10,0.049,0,0.763
nofund,conservative,long,mixed,10,63,P2,74,-3.136,-1.51,-3.225,0.372,10.0,0.124,3,0.812
nofund,conservative,long,mixed,10,63,2023,40,-3.806,-3.79,-3.806,0.315,10.0,0.053,0,0.759
nofund,conservative,long,mixed,10,63,2024,51,-1.891,-1.51,-1.891,0.408,10,0.046,0,0.764
nofund,conservative,long,mixed,10,63,2025,50,-1.836,-0.71,-1.967,0.413,10.0,0.136,3,0.824
nofund,conservative,long,mixed,10,63,2026,24,-5.846,-2.38,-5.846,0.288,10.0,0.1,0,0.787
nofund,conservative,long,mixed,20,5,ALL,176,-0.278,-2.18,-0.258,0.455,20.0,0.094,18,0.772
nofund,conservative,long,mixed,20,5,P1,91,-0.284,-1.82,-0.282,0.459,20,0.071,11,0.763
nofund,conservative,long,mixed,20,5,P2,85,-0.271,-1.33,-0.232,0.451,20,0.119,7,0.782
nofund,conservative,long,mixed,20,5,2023,40,-0.442,-2.13,-0.449,0.445,20.0,0.081,9,0.764
nofund,conservative,long,mixed,20,5,2024,51,-0.16,-0.71,-0.152,0.469,20,0.063,2,0.76
nofund,conservative,long,mixed,20,5,2025,50,-0.305,-1.24,-0.221,0.446,20.0,0.138,6,0.788
nofund,conservative,long,mixed,20,5,2026,35,-0.223,-0.64,-0.246,0.458,20,0.091,1,0.771
nofund,conservative,long,mixed,20,20,ALL,173,-1.254,-3.41,-1.233,0.419,20,0.096,18,0.773
nofund,conservative,long,mixed,20,20,P1,91,-1.041,-2.28,-1.083,0.423,20,0.071,11,0.763
nofund,conservative,long,mixed,20,20,P2,82,-1.492,-2.57,-1.399,0.413,20.0,0.123,7,0.784
nofund,conservative,long,mixed,20,20,2023,40,-1.263,-2.2,-1.362,0.402,20.0,0.081,9,0.764
nofund,conservative,long,mixed,20,20,2024,51,-0.867,-1.27,-0.864,0.44,20,0.063,2,0.76
nofund,conservative,long,mixed,20,20,2025,50,-1.334,-1.97,-1.178,0.421,20.0,0.138,6,0.788
nofund,conservative,long,mixed,20,20,2026,32,-1.738,-1.73,-1.744,0.401,20.0,0.098,1,0.774
nofund,conservative,long,mixed,20,63,ALL,165,-2.959,-3.12,-3.067,0.374,20,0.097,18,0.773
nofund,conservative,long,mixed,20,63,P1,91,-2.754,-3.36,-2.807,0.37,20,0.071,11,0.763
nofund,conservative,long,mixed,20,63,P2,74,-3.21,-1.75,-3.386,0.378,20.0,0.128,7,0.785
nofund,conservative,long,mixed,20,63,2023,40,-3.474,-4.82,-3.6,0.332,20.0,0.081,9,0.764
nofund,conservative,long,mixed,20,63,2024,51,-2.19,-1.7,-2.186,0.401,20,0.063,2,0.76
nofund,conservative,long,mixed,20,63,2025,50,-2.023,-0.89,-2.267,0.413,20.0,0.138,6,0.788
nofund,conservative,long,mixed,20,63,2026,24,-5.684,-2.72,-5.717,0.304,20.0,0.108,1,0.776
nofund,conservative,long,stock,10,5,ALL,176,-0.279,-1.95,-0.263,0.456,10.0,0.081,3,0.785
nofund,conservative,long,stock,10,5,P1,91,-0.319,-1.84,-0.319,0.464,10,0.048,0,0.766
nofund,conservative,long,stock,10,5,P2,85,-0.236,-1.02,-0.203,0.448,10,0.116,3,0.806
nofund,conservative,long,stock,10,5,2023,40,-0.448,-1.91,-0.448,0.455,10.0,0.053,0,0.759
nofund,conservative,long,stock,10,5,2024,51,-0.218,-0.88,-0.218,0.471,10,0.045,0,0.768
nofund,conservative,long,stock,10,5,2025,50,-0.218,-0.74,-0.162,0.443,10.0,0.134,3,0.82
nofund,conservative,long,stock,10,5,2026,35,-0.262,-0.7,-0.262,0.454,10,0.091,0,0.785
nofund,conservative,long,stock,10,20,ALL,173,-1.24,-3.38,-1.207,0.414,10,0.082,3,0.786
nofund,conservative,long,stock,10,20,P1,91,-1.079,-2.3,-1.079,0.426,10,0.048,0,0.766
nofund,conservative,long,stock,10,20,P2,82,-1.419,-2.49,-1.35,0.401,10.0,0.12,3,0.81
nofund,conservative,long,stock,10,20,2023,40,-1.349,-2.19,-1.349,0.398,10.0,0.053,0,0.759
nofund,conservative,long,stock,10,20,2024,51,-0.866,-1.28,-0.866,0.449,10,0.045,0,0.768
nofund,conservative,long,stock,10,20,2025,50,-1.124,-1.65,-1.01,0.415,10.0,0.134,3,0.82
nofund,conservative,long,stock,10,20,2026,32,-1.88,-1.96,-1.88,0.378,10.0,0.097,0,0.794
nofund,conservative,long,stock,10,63,ALL,165,-2.895,-2.73,-2.935,0.369,10,0.082,3,0.785
nofund,conservative,long,stock,10,63,P1,91,-2.692,-2.98,-2.692,0.368,10,0.048,0,0.766
nofund,conservative,long,stock,10,63,P2,74,-3.144,-1.51,-3.233,0.371,10.0,0.123,3,0.81
nofund,conservative,long,stock,10,63,2023,40,-3.825,-3.85,-3.825,0.312,10.0,0.053,0,0.759
nofund,conservative,long,stock,10,63,2024,51,-1.803,-1.42,-1.803,0.412,10,0.045,0,0.768
nofund,conservative,long,stock,10,63,2025,50,-1.848,-0.71,-1.979,0.411,10.0,0.134,3,0.82
nofund,conservative,long,stock,10,63,2026,24,-5.846,-2.38,-5.846,0.288,10.0,0.1,0,0.787
nofund,conservative,long,stock,20,5,ALL,176,-0.278,-2.17,-0.258,0.455,20.0,0.095,18,0.773
nofund,conservative,long,stock,20,5,P1,91,-0.283,-1.81,-0.281,0.459,20,0.071,11,0.764
nofund,conservative,long,stock,20,5,P2,85,-0.272,-1.33,-0.232,0.452,20,0.12,7,0.783
nofund,conservative,long,stock,20,5,2023,40,-0.442,-2.13,-0.449,0.446,20.0,0.081,9,0.764
nofund,conservative,long,stock,20,5,2024,51,-0.159,-0.71,-0.15,0.469,20,0.064,2,0.761
nofund,conservative,long,stock,20,5,2025,50,-0.311,-1.26,-0.227,0.446,20.0,0.14,6,0.79
nofund,conservative,long,stock,20,5,2026,35,-0.215,-0.61,-0.239,0.459,20,0.092,1,0.771
nofund,conservative,long,stock,20,20,ALL,173,-1.259,-3.42,-1.238,0.417,20,0.096,18,0.774
nofund,conservative,long,stock,20,20,P1,91,-1.051,-2.3,-1.093,0.423,20,0.071,11,0.764
nofund,conservative,long,stock,20,20,P2,82,-1.491,-2.55,-1.398,0.411,20.0,0.124,7,0.785
nofund,conservative,long,stock,20,20,2023,40,-1.257,-2.19,-1.356,0.402,20.0,0.081,9,0.764
nofund,conservative,long,stock,20,20,2024,51,-0.889,-1.31,-0.887,0.44,20,0.064,2,0.761
nofund,conservative,long,stock,20,20,2025,50,-1.332,-1.96,-1.176,0.418,20.0,0.14,6,0.79
nofund,conservative,long,stock,20,20,2026,32,-1.74,-1.73,-1.745,0.4,20.0,0.099,1,0.774
nofund,conservative,long,stock,20,63,ALL,165,-2.965,-3.12,-3.073,0.374,20,0.097,18,0.774
nofund,conservative,long,stock,20,63,P1,91,-2.776,-3.38,-2.829,0.371,20,0.071,11,0.764
nofund,conservative,long,stock,20,63,P2,74,-3.197,-1.73,-3.373,0.377,20.0,0.129,7,0.787
nofund,conservative,long,stock,20,63,2023,40,-3.466,-4.79,-3.592,0.332,20.0,0.081,9,0.764
nofund,conservative,long,stock,20,63,2024,51,-2.235,-1.72,-2.231,0.402,20,0.064,2,0.761
nofund,conservative,long,stock,20,63,2025,50,-2.005,-0.88,-2.249,0.412,20.0,0.14,6,0.79
nofund,conservative,long,stock,20,63,2026,24,-5.681,-2.71,-5.714,0.304,20.0,0.108,1,0.776
nofund,conservative,mid,mixed,10,5,ALL,176,-0.292,-2.04,-0.257,0.455,10.0,0.081,4,0.789
nofund,conservative,mid,mixed,10,5,P1,91,-0.346,-2.0,-0.344,0.459,10,0.05,1,0.77
nofund,conservative,mid,mixed,10,5,P2,85,-0.234,-1.01,-0.164,0.451,10,0.114,3,0.81
nofund,conservative,mid,mixed,10,5,2023,40,-0.489,-2.03,-0.486,0.45,10.0,0.055,1,0.762
nofund,conservative,mid,mixed,10,5,2024,51,-0.234,-0.96,-0.234,0.467,10,0.047,0,0.774
nofund,conservative,mid,mixed,10,5,2025,50,-0.238,-0.81,-0.118,0.449,10.0,0.129,3,0.824
nofund,conservative,mid,mixed,10,5,2026,35,-0.229,-0.61,-0.229,0.454,10,0.092,0,0.788
nofund,conservative,mid,mixed,10,20,ALL,173,-1.228,-3.3,-1.163,0.415,10,0.082,4,0.79
nofund,conservative,mid,mixed,10,20,P1,91,-1.132,-2.32,-1.12,0.421,10,0.05,1,0.77
nofund,conservative,mid,mixed,10,20,P2,82,-1.335,-2.35,-1.211,0.408,10.0,0.117,3,0.814
nofund,conservative,mid,mixed,10,20,2023,40,-1.475,-2.24,-1.448,0.386,10.0,0.055,1,0.762
nofund,conservative,mid,mixed,10,20,2024,51,-0.863,-1.24,-0.863,0.449,10,0.047,0,0.774
nofund,conservative,mid,mixed,10,20,2025,50,-1.105,-1.64,-0.901,0.416,10.0,0.129,3,0.824
nofund,conservative,mid,mixed,10,20,2026,32,-1.694,-1.72,-1.694,0.394,10.0,0.098,0,0.797
nofund,conservative,mid,mixed,10,63,ALL,165,-2.93,-2.76,-2.964,0.371,10,0.082,4,0.789
nofund,conservative,mid,mixed,10,63,P1,91,-2.79,-3.06,-2.782,0.365,10,0.05,1,0.77
nofund,conservative,mid,mixed,10,63,P2,74,-3.101,-1.49,-3.188,0.377,10.0,0.12,3,0.814
nofund,conservative,mid,mixed,10,63,2023,40,-3.982,-4.2,-3.964,0.313,10.0,0.055,1,0.762
nofund,conservative,mid,mixed,10,63,2024,51,-1.856,-1.45,-1.856,0.406,10,0.047,0,0.774
nofund,conservative,mid,mixed,10,63,2025,50,-1.79,-0.69,-1.919,0.418,10.0,0.129,3,0.824
nofund,conservative,mid,mixed,10,63,2026,24,-5.832,-2.4,-5.832,0.292,10.0,0.1,0,0.791
nofund,conservative,mid,mixed,20,5,ALL,176,-0.286,-2.24,-0.244,0.456,20.0,0.088,35,0.775
nofund,conservative,mid,mixed,20,5,P1,91,-0.305,-2.01,-0.303,0.458,20,0.064,22,0.764
nofund,conservative,mid,mixed,20,5,P2,85,-0.266,-1.28,-0.181,0.455,20,0.114,13,0.786
nofund,conservative,mid,mixed,20,5,2023,40,-0.455,-2.32,-0.478,0.445,20.0,0.064,17,0.764
nofund,conservative,mid,mixed,20,5,2024,51,-0.188,-0.85,-0.165,0.467,20,0.065,5,0.762
nofund,conservative,mid,mixed,20,5,2025,50,-0.314,-1.26,-0.16,0.454,20.0,0.134,11,0.789
nofund,conservative,mid,mixed,20,5,2026,35,-0.198,-0.55,-0.21,0.456,20,0.084,2,0.781
nofund,conservative,mid,mixed,20,20,ALL,173,-1.209,-3.29,-1.169,0.419,20,0.089,35,0.775
nofund,conservative,mid,mixed,20,20,P1,91,-0.968,-2.18,-1.014,0.425,20,0.064,22,0.764
nofund,conservative,mid,mixed,20,20,P2,82,-1.477,-2.5,-1.34,0.412,20.0,0.117,13,0.788
nofund,conservative,mid,mixed,20,20,2023,40,-1.194,-2.19,-1.29,0.402,20.0,0.064,17,0.764
nofund,conservative,mid,mixed,20,20,2024,51,-0.79,-1.19,-0.798,0.443,20,0.065,5,0.762
nofund,conservative,mid,mixed,20,20,2025,50,-1.328,-1.95,-1.079,0.421,20.0,0.134,11,0.789
nofund,conservative,mid,mixed,20,20,2026,32,-1.711,-1.66,-1.748,0.399,20.0,0.091,2,0.785
nofund,conservative,mid,mixed,20,63,ALL,165,-2.925,-3.06,-3.058,0.371,20,0.091,35,0.775
nofund,conservative,mid,mixed,20,63,P1,91,-2.667,-3.31,-2.754,0.371,20,0.064,22,0.764
nofund,conservative,mid,mixed,20,63,P2,74,-3.242,-1.75,-3.432,0.371,20.0,0.123,13,0.789
nofund,conservative,mid,mixed,20,63,2023,40,-3.39,-5.08,-3.552,0.332,20.0,0.064,17,0.764
nofund,conservative,mid,mixed,20,63,2024,51,-2.1,-1.64,-2.128,0.402,20,0.065,5,0.762
nofund,conservative,mid,mixed,20,63,2025,50,-2.104,-0.91,-2.327,0.405,20.0,0.134,11,0.789
nofund,conservative,mid,mixed,20,63,2026,24,-5.615,-2.64,-5.736,0.299,20.0,0.1,2,0.787
nofund,conservative,mid,stock,10,5,ALL,176,-0.295,-2.04,-0.26,0.456,10.0,0.081,4,0.787
nofund,conservative,mid,stock,10,5,P1,91,-0.35,-2.01,-0.348,0.46,10,0.051,1,0.769
nofund,conservative,mid,stock,10,5,P2,85,-0.236,-1.01,-0.166,0.451,10,0.114,3,0.808
nofund,conservative,mid,stock,10,5,2023,40,-0.49,-2.03,-0.486,0.45,10.0,0.055,1,0.759
nofund,conservative,mid,stock,10,5,2024,51,-0.24,-0.98,-0.24,0.469,10,0.047,0,0.776
nofund,conservative,mid,stock,10,5,2025,50,-0.25,-0.85,-0.13,0.449,10.0,0.13,3,0.822
nofund,conservative,mid,stock,10,5,2026,35,-0.216,-0.57,-0.216,0.454,10,0.091,0,0.788
nofund,conservative,mid,stock,10,20,ALL,173,-1.235,-3.33,-1.17,0.415,10,0.082,4,0.789
nofund,conservative,mid,stock,10,20,P1,91,-1.146,-2.35,-1.134,0.424,10,0.051,1,0.769
nofund,conservative,mid,stock,10,20,P2,82,-1.333,-2.36,-1.209,0.405,10.0,0.117,3,0.812
nofund,conservative,mid,stock,10,20,2023,40,-1.491,-2.27,-1.464,0.384,10.0,0.055,1,0.759
nofund,conservative,mid,stock,10,20,2024,51,-0.876,-1.25,-0.876,0.455,10,0.047,0,0.776
nofund,conservative,mid,stock,10,20,2025,50,-1.11,-1.67,-0.906,0.412,10.0,0.13,3,0.822
nofund,conservative,mid,stock,10,20,2026,32,-1.682,-1.71,-1.682,0.394,10.0,0.097,0,0.797
nofund,conservative,mid,stock,10,63,ALL,165,-2.923,-2.76,-2.958,0.372,10,0.082,4,0.788
nofund,conservative,mid,stock,10,63,P1,91,-2.771,-3.02,-2.764,0.37,10,0.051,1,0.769
nofund,conservative,mid,stock,10,63,P2,74,-3.109,-1.51,-3.197,0.374,10.0,0.12,3,0.812
nofund,conservative,mid,stock,10,63,2023,40,-3.993,-4.24,-3.975,0.311,10.0,0.055,1,0.759
nofund,conservative,mid,stock,10,63,2024,51,-1.813,-1.4,-1.813,0.416,10,0.047,0,0.776
nofund,conservative,mid,stock,10,63,2025,50,-1.802,-0.7,-1.932,0.414,10.0,0.13,3,0.822
nofund,conservative,mid,stock,10,63,2026,24,-5.832,-2.4,-5.832,0.292,10.0,0.1,0,0.791
nofund,conservative,mid,stock,20,5,ALL,176,-0.291,-2.27,-0.248,0.456,20.0,0.088,35,0.775
nofund,conservative,mid,stock,20,5,P1,91,-0.307,-2.02,-0.304,0.459,20,0.064,22,0.764
nofund,conservative,mid,stock,20,5,P2,85,-0.273,-1.31,-0.188,0.454,20,0.114,13,0.786
nofund,conservative,mid,stock,20,5,2023,40,-0.456,-2.33,-0.479,0.445,20.0,0.064,17,0.764
nofund,conservative,mid,stock,20,5,2024,51,-0.191,-0.86,-0.166,0.469,20,0.064,5,0.763
nofund,conservative,mid,stock,20,5,2025,50,-0.326,-1.31,-0.173,0.453,20.0,0.135,11,0.789
nofund,conservative,mid,stock,20,5,2026,35,-0.197,-0.54,-0.209,0.456,20,0.085,2,0.779
nofund,conservative,mid,stock,20,20,ALL,173,-1.215,-3.3,-1.174,0.417,20,0.089,35,0.775
nofund,conservative,mid,stock,20,20,P1,91,-0.973,-2.2,-1.019,0.425,20,0.064,22,0.764
nofund,conservative,mid,stock,20,20,P2,82,-1.483,-2.5,-1.346,0.409,20.0,0.118,13,0.788
nofund,conservative,mid,stock,20,20,2023,40,-1.209,-2.22,-1.305,0.401,20.0,0.064,17,0.764
nofund,conservative,mid,stock,20,20,2024,51,-0.788,-1.19,-0.794,0.443,20,0.064,5,0.763
nofund,conservative,mid,stock,20,20,2025,50,-1.34,-1.96,-1.092,0.417,20.0,0.135,11,0.789
nofund,conservative,mid,stock,20,20,2026,32,-1.706,-1.64,-1.743,0.397,20.0,0.092,2,0.784
nofund,conservative,mid,stock,20,63,ALL,165,-2.922,-3.05,-3.055,0.371,20,0.09,35,0.775
nofund,conservative,mid,stock,20,63,P1,91,-2.682,-3.34,-2.768,0.371,20,0.064,22,0.764
nofund,conservative,mid,stock,20,63,P2,74,-3.218,-1.72,-3.408,0.371,20.0,0.123,13,0.789
nofund,conservative,mid,stock,20,63,2023,40,-3.409,-5.19,-3.571,0.33,20.0,0.064,17,0.764
nofund,conservative,mid,stock,20,63,2024,51,-2.111,-1.65,-2.139,0.403,20,0.064,5,0.763
nofund,conservative,mid,stock,20,63,2025,50,-2.07,-0.89,-2.292,0.405,20.0,0.135,11,0.789
nofund,conservative,mid,stock,20,63,2026,24,-5.612,-2.64,-5.733,0.299,20.0,0.099,2,0.787
nofund,conservative,short,mixed,10,5,ALL,176,-0.31,-2.17,-0.287,0.452,10.0,0.079,9,0.798
nofund,conservative,short,mixed,10,5,P1,91,-0.347,-2.07,-0.338,0.455,10,0.048,3,0.78
nofund,conservative,short,mixed,10,5,P2,85,-0.271,-1.15,-0.233,0.449,10,0.111,6,0.818
nofund,conservative,short,mixed,10,5,2023,40,-0.442,-1.94,-0.423,0.462,10.0,0.053,3,0.782
nofund,conservative,short,mixed,10,5,2024,51,-0.272,-1.14,-0.272,0.449,10,0.045,0,0.778
nofund,conservative,short,mixed,10,5,2025,50,-0.35,-1.24,-0.276,0.442,10.0,0.125,5,0.831
nofund,conservative,short,mixed,10,5,2026,35,-0.159,-0.39,-0.172,0.46,10,0.092,1,0.8
nofund,conservative,short,mixed,10,20,ALL,173,-1.233,-3.32,-1.186,0.42,10,0.08,9,0.799
nofund,conservative,short,mixed,10,20,P1,91,-1.036,-2.18,-1.014,0.426,10,0.048,3,0.78
nofund,conservative,short,mixed,10,20,P2,82,-1.452,-2.53,-1.376,0.414,10.0,0.114,6,0.821
nofund,conservative,short,mixed,10,20,2023,40,-1.411,-2.09,-1.361,0.394,10.0,0.053,3,0.782
nofund,conservative,short,mixed,10,20,2024,51,-0.743,-1.13,-0.743,0.451,10,0.045,0,0.778
nofund,conservative,short,mixed,10,20,2025,50,-1.128,-1.65,-0.983,0.436,10.0,0.125,5,0.831
nofund,conservative,short,mixed,10,20,2026,32,-1.958,-2.0,-1.989,0.378,10.0,0.098,1,0.806
nofund,conservative,short,mixed,10,63,ALL,165,-2.787,-2.63,-2.776,0.383,10,0.079,9,0.797
nofund,conservative,short,mixed,10,63,P1,91,-2.65,-2.95,-2.628,0.375,10,0.048,3,0.78
nofund,conservative,short,mixed,10,63,P2,74,-2.956,-1.42,-2.958,0.391,10.0,0.117,6,0.819
nofund,conservative,short,mixed,10,63,2023,40,-3.641,-4.33,-3.591,0.326,10.0,0.053,3,0.782
nofund,conservative,short,mixed,10,63,2024,51,-1.873,-1.37,-1.873,0.414,10,0.045,0,0.778
nofund,conservative,short,mixed,10,63,2025,50,-1.533,-0.6,-1.522,0.443,10.0,0.125,5,0.831
nofund,conservative,short,mixed,10,63,2026,24,-5.921,-2.36,-5.948,0.283,10.0,0.1,1,0.796
nofund,conservative,short,mixed,20,5,ALL,176,-0.289,-2.38,-0.247,0.459,20.0,0.084,60,0.788
nofund,conservative,short,mixed,20,5,P1,91,-0.315,-2.22,-0.295,0.457,20,0.06,33,0.776
nofund,conservative,short,mixed,20,5,P2,85,-0.26,-1.31,-0.196,0.46,20,0.109,27,0.801
nofund,conservative,short,mixed,20,5,2023,40,-0.403,-2.16,-0.414,0.454,18.0,0.064,25,0.78
nofund,conservative,short,mixed,20,5,2024,51,-0.246,-1.19,-0.202,0.46,20,0.057,8,0.772
nofund,conservative,short,mixed,20,5,2025,50,-0.314,-1.27,-0.218,0.458,20.0,0.128,20,0.809
nofund,conservative,short,mixed,20,5,2026,35,-0.184,-0.56,-0.166,0.463,20,0.084,7,0.788
nofund,conservative,short,mixed,20,20,ALL,173,-1.13,-3.2,-1.156,0.423,20,0.085,60,0.789
nofund,conservative,short,mixed,20,20,P1,91,-0.948,-2.19,-1.043,0.424,20,0.06,33,0.776
nofund,conservative,short,mixed,20,20,P2,82,-1.331,-2.35,-1.281,0.422,20.0,0.113,27,0.804
nofund,conservative,short,mixed,20,20,2023,40,-1.123,-2.02,-1.327,0.405,18.0,0.064,25,0.78
nofund,conservative,short,mixed,20,20,2024,51,-0.811,-1.27,-0.82,0.439,20,0.057,8,0.772
nofund,conservative,short,mixed,20,20,2025,50,-1.164,-1.66,-1.001,0.436,20.0,0.128,20,0.809
nofund,conservative,short,mixed,20,20,2026,32,-1.593,-1.75,-1.719,0.401,20.0,0.09,7,0.795
nofund,conservative,short,mixed,20,63,ALL,165,-2.821,-3.01,-3.018,0.376,20,0.086,60,0.79
nofund,conservative,short,mixed,20,63,P1,91,-2.611,-3.32,-2.798,0.373,20,0.06,33,0.776
nofund,conservative,short,mixed,20,63,P2,74,-3.08,-1.69,-3.289,0.38,20.0,0.117,27,0.807
nofund,conservative,short,mixed,20,63,2023,40,-3.168,-4.44,-3.589,0.333,18.0,0.064,25,0.78
nofund,conservative,short,mixed,20,63,2024,51,-2.174,-1.73,-2.177,0.405,20,0.057,8,0.772
nofund,conservative,short,mixed,20,63,2025,50,-2.018,-0.86,-2.174,0.421,20.0,0.128,20,0.809
nofund,conservative,short,mixed,20,63,2026,24,-5.293,-2.61,-5.613,0.294,20.0,0.094,7,0.801
nofund,conservative,short,stock,10,5,ALL,176,-0.313,-2.18,-0.29,0.452,10.0,0.078,9,0.795
nofund,conservative,short,stock,10,5,P1,91,-0.347,-2.06,-0.338,0.456,10,0.047,3,0.779
nofund,conservative,short,stock,10,5,P2,85,-0.277,-1.17,-0.239,0.448,10,0.11,6,0.814
nofund,conservative,short,stock,10,5,2023,40,-0.434,-1.9,-0.414,0.465,10.0,0.053,3,0.779
nofund,conservative,short,stock,10,5,2024,51,-0.278,-1.16,-0.278,0.449,10,0.043,0,0.778
nofund,conservative,short,stock,10,5,2025,50,-0.346,-1.22,-0.272,0.444,10.0,0.123,5,0.829
nofund,conservative,short,stock,10,5,2026,35,-0.179,-0.44,-0.192,0.454,10,0.091,1,0.794
nofund,conservative,short,stock,10,20,ALL,173,-1.253,-3.36,-1.206,0.42,10,0.078,9,0.797
nofund,conservative,short,stock,10,20,P1,91,-1.061,-2.21,-1.039,0.428,10,0.047,3,0.779
nofund,conservative,short,stock,10,20,P2,82,-1.467,-2.54,-1.391,0.411,10.0,0.113,6,0.817
nofund,conservative,short,stock,10,20,2023,40,-1.418,-2.1,-1.368,0.391,10.0,0.053,3,0.779
nofund,conservative,short,stock,10,20,2024,51,-0.78,-1.17,-0.78,0.457,10,0.043,0,0.778
nofund,conservative,short,stock,10,20,2025,50,-1.138,-1.65,-0.993,0.434,10.0,0.123,5,0.829
nofund,conservative,short,stock,10,20,2026,32,-1.982,-2.02,-2.013,0.375,10.0,0.097,1,0.8
nofund,conservative,short,stock,10,63,ALL,165,-2.804,-2.63,-2.793,0.382,10,0.078,9,0.796
nofund,conservative,short,stock,10,63,P1,91,-2.675,-2.95,-2.653,0.375,10,0.047,3,0.779
nofund,conservative,short,stock,10,63,P2,74,-2.963,-1.42,-2.965,0.39,10.0,0.116,6,0.818
nofund,conservative,short,stock,10,63,2023,40,-3.653,-4.37,-3.603,0.324,10.0,0.053,3,0.779
nofund,conservative,short,stock,10,63,2024,51,-1.908,-1.38,-1.908,0.416,10,0.043,0,0.778
nofund,conservative,short,stock,10,63,2025,50,-1.543,-0.6,-1.533,0.441,10.0,0.123,5,0.829
nofund,conservative,short,stock,10,63,2026,24,-5.921,-2.36,-5.948,0.283,10.0,0.1,1,0.796
nofund,conservative,short,stock,20,5,ALL,176,-0.293,-2.42,-0.252,0.458,20.0,0.084,60,0.788
nofund,conservative,short,stock,20,5,P1,91,-0.319,-2.24,-0.298,0.459,20,0.06,33,0.776
nofund,conservative,short,stock,20,5,P2,85,-0.266,-1.33,-0.202,0.457,20,0.109,27,0.8
nofund,conservative,short,stock,20,5,2023,40,-0.409,-2.2,-0.42,0.454,18.0,0.064,25,0.78
nofund,conservative,short,stock,20,5,2024,51,-0.248,-1.2,-0.203,0.462,20,0.057,8,0.772
nofund,conservative,short,stock,20,5,2025,50,-0.323,-1.3,-0.227,0.456,20.0,0.128,20,0.809
nofund,conservative,short,stock,20,5,2026,35,-0.185,-0.56,-0.166,0.46,20,0.083,7,0.786
nofund,conservative,short,stock,20,20,ALL,173,-1.124,-3.17,-1.15,0.423,20,0.085,60,0.789
nofund,conservative,short,stock,20,20,P1,91,-0.943,-2.18,-1.037,0.425,20,0.06,33,0.776
nofund,conservative,short,stock,20,20,P2,82,-1.325,-2.33,-1.275,0.42,20.0,0.113,27,0.803
nofund,conservative,short,stock,20,20,2023,40,-1.143,-2.06,-1.347,0.404,18.0,0.064,25,0.78
nofund,conservative,short,stock,20,20,2024,51,-0.785,-1.23,-0.794,0.442,20,0.057,8,0.772
nofund,conservative,short,stock,20,20,2025,50,-1.166,-1.67,-1.003,0.433,20.0,0.128,20,0.809
nofund,conservative,short,stock,20,20,2026,32,-1.573,-1.7,-1.7,0.399,20.0,0.089,7,0.793
nofund,conservative,short,stock,20,63,ALL,165,-2.812,-3.02,-3.009,0.376,20,0.085,60,0.79
nofund,conservative,short,stock,20,63,P1,91,-2.591,-3.32,-2.778,0.375,20,0.06,33,0.776
nofund,conservative,short,stock,20,63,P2,74,-3.084,-1.7,-3.294,0.378,20.0,0.117,27,0.806
nofund,conservative,short,stock,20,63,2023,40,-3.2,-4.59,-3.621,0.331,18.0,0.064,25,0.78
nofund,conservative,short,stock,20,63,2024,51,-2.113,-1.7,-2.116,0.409,20,0.057,8,0.772
nofund,conservative,short,stock,20,63,2025,50,-2.04,-0.88,-2.196,0.417,20.0,0.128,20,0.809
nofund,conservative,short,stock,20,63,2026,24,-5.261,-2.59,-5.581,0.296,20.0,0.094,7,0.799
v16,aggressive,long,mixed,10,5,ALL,176,-0.179,-0.69,-0.175,0.447,10.0,0.126,0,0.604
v16,aggressive,long,mixed,10,5,P1,91,-0.289,-1.09,-0.287,0.418,10,0.087,0,0.594
v16,aggressive,long,mixed,10,5,P2,85,-0.062,-0.14,-0.055,0.478,10,0.165,0,0.613
v16,aggressive,long,mixed,10,5,2023,40,-0.523,-1.72,-0.519,0.409,10.0,0.091,0,0.597
v16,aggressive,long,mixed,10,5,2024,51,-0.105,-0.26,-0.105,0.425,10,0.084,0,0.594
v16,aggressive,long,mixed,10,5,2025,50,0.247,0.56,0.258,0.487,10.0,0.195,0,0.596
v16,aggressive,long,mixed,10,5,2026,35,-0.504,-0.56,-0.502,0.465,10,0.123,0,0.635
v16,aggressive,long,mixed,10,20,ALL,173,-0.478,-0.77,-0.483,0.398,10,0.128,0,0.602
v16,aggressive,long,mixed,10,20,P1,91,-0.628,-0.9,-0.632,0.386,10,0.087,0,0.594
v16,aggressive,long,mixed,10,20,P2,82,-0.313,-0.29,-0.318,0.41,10.0,0.171,0,0.609
v16,aggressive,long,mixed,10,20,2023,40,-1.578,-3.3,-1.589,0.406,10.0,0.091,0,0.597
v16,aggressive,long,mixed,10,20,2024,51,0.118,0.1,0.118,0.371,10,0.084,0,0.594
v16,aggressive,long,mixed,10,20,2025,50,0.017,0.02,0.005,0.402,10.0,0.195,0,0.596
v16,aggressive,long,mixed,10,20,2026,32,-0.829,-0.41,-0.821,0.423,10.0,0.135,0,0.626
v16,aggressive,long,mixed,10,63,ALL,165,-1.166,-0.81,-1.176,0.359,10,0.132,0,0.598
v16,aggressive,long,mixed,10,63,P1,91,-1.493,-1.45,-1.499,0.349,10,0.087,0,0.594
v16,aggressive,long,mixed,10,63,P2,74,-0.763,-0.26,-0.779,0.371,10.0,0.183,0,0.601
v16,aggressive,long,mixed,10,63,2023,40,-1.77,-0.91,-1.784,0.389,10.0,0.091,0,0.597
v16,aggressive,long,mixed,10,63,2024,51,-1.276,-1.32,-1.276,0.318,10,0.084,0,0.594
v16,aggressive,long,mixed,10,63,2025,50,1.069,0.31,1.034,0.406,10.0,0.195,0,0.596
v16,aggressive,long,mixed,10,63,2026,24,-4.579,-0.9,-4.556,0.299,10.0,0.159,0,0.609
v16,aggressive,long,mixed,20,5,ALL,176,-0.095,-0.44,-0.095,0.458,20.0,0.14,0,0.568
v16,aggressive,long,mixed,20,5,P1,91,-0.14,-0.66,-0.141,0.435,20,0.089,0,0.55
v16,aggressive,long,mixed,20,5,P2,85,-0.047,-0.12,-0.046,0.482,20,0.194,0,0.588
v16,aggressive,long,mixed,20,5,2023,40,-0.333,-1.35,-0.336,0.431,20.0,0.09,0,0.568
v16,aggressive,long,mixed,20,5,2024,51,0.011,0.03,0.012,0.439,20,0.088,0,0.535
v16,aggressive,long,mixed,20,5,2025,50,0.042,0.12,0.047,0.479,20.0,0.217,0,0.593
v16,aggressive,long,mixed,20,5,2026,35,-0.174,-0.22,-0.18,0.487,20,0.16,0,0.579
v16,aggressive,long,mixed,20,20,ALL,173,-0.295,-0.55,-0.298,0.412,20,0.142,0,0.568
v16,aggressive,long,mixed,20,20,P1,91,-0.411,-0.72,-0.413,0.395,20,0.089,0,0.55
v16,aggressive,long,mixed,20,20,P2,82,-0.167,-0.18,-0.172,0.43,20.0,0.2,0,0.588
v16,aggressive,long,mixed,20,20,2023,40,-1.33,-3.93,-1.337,0.411,20.0,0.09,0,0.568
v16,aggressive,long,mixed,20,20,2024,51,0.31,0.33,0.312,0.383,20,0.088,0,0.535
v16,aggressive,long,mixed,20,20,2025,50,0.021,0.02,0.017,0.421,20.0,0.217,0,0.593
v16,aggressive,long,mixed,20,20,2026,32,-0.46,-0.26,-0.466,0.444,20.0,0.173,0,0.579
v16,aggressive,long,mixed,20,63,ALL,165,-0.142,-0.1,-0.144,0.384,20,0.145,0,0.565
v16,aggressive,long,mixed,20,63,P1,91,-0.575,-0.58,-0.577,0.373,20,0.089,0,0.55
v16,aggressive,long,mixed,20,63,P2,74,0.39,0.14,0.388,0.398,20.0,0.213,0,0.584
v16,aggressive,long,mixed,20,63,2023,40,-1.037,-0.75,-1.051,0.414,20.0,0.09,0,0.568
v16,aggressive,long,mixed,20,63,2024,51,-0.212,-0.18,-0.205,0.34,20,0.088,0,0.535
v16,aggressive,long,mixed,20,63,2025,50,2.164,0.7,2.155,0.432,20.0,0.217,0,0.593
v16,aggressive,long,mixed,20,63,2026,24,-3.306,-0.63,-3.293,0.329,20.0,0.203,0,0.563
v16,aggressive,long,stock,10,5,ALL,176,-0.054,-0.19,-0.051,0.471,10.0,0.135,0,0.583
v16,aggressive,long,stock,10,5,P1,91,-0.144,-0.5,-0.142,0.463,10,0.089,0,0.574
v16,aggressive,long,stock,10,5,P2,85,0.042,0.08,0.045,0.479,10,0.184,0,0.59
v16,aggressive,long,stock,10,5,2023,40,-0.337,-0.9,-0.331,0.454,10.0,0.095,0,0.567
v16,aggressive,long,stock,10,5,2024,51,0.007,0.02,0.007,0.471,10,0.084,0,0.58
v16,aggressive,long,stock,10,5,2025,50,0.068,0.14,0.079,0.477,10.0,0.208,0,0.567
v16,aggressive,long,stock,10,5,2026,35,0.005,0.0,-0.002,0.483,10,0.149,0,0.621
v16,aggressive,long,stock,10,20,ALL,173,0.091,0.14,0.082,0.469,10,0.136,0,0.581
v16,aggressive,long,stock,10,20,P1,91,0.061,0.09,0.054,0.494,10,0.089,0,0.574
v16,aggressive,long,stock,10,20,P2,82,0.124,0.11,0.114,0.441,10.0,0.189,0,0.588
v16,aggressive,long,stock,10,20,2023,40,-1.085,-2.55,-1.1,0.453,10.0,0.095,0,0.567
v16,aggressive,long,stock,10,20,2024,51,0.96,0.82,0.96,0.525,10,0.084,0,0.58
v16,aggressive,long,stock,10,20,2025,50,0.063,0.05,0.05,0.432,10.0,0.208,0,0.567
v16,aggressive,long,stock,10,20,2026,32,0.219,0.1,0.213,0.453,10.0,0.159,0,0.616
v16,aggressive,long,stock,10,63,ALL,165,0.575,0.37,0.561,0.438,10,0.14,0,0.577
v16,aggressive,long,stock,10,63,P1,91,0.437,0.36,0.43,0.455,10,0.089,0,0.574
v16,aggressive,long,stock,10,63,P2,74,0.746,0.24,0.723,0.418,10.0,0.203,0,0.579
v16,aggressive,long,stock,10,63,2023,40,-0.199,-0.1,-0.215,0.464,10.0,0.095,0,0.567
v16,aggressive,long,stock,10,63,2024,51,0.935,0.92,0.935,0.449,10,0.084,0,0.58
v16,aggressive,long,stock,10,63,2025,50,2.414,0.69,2.368,0.444,10.0,0.208,0,0.567
v16,aggressive,long,stock,10,63,2026,24,-2.728,-0.45,-2.704,0.362,10.0,0.192,0,0.6
v16,aggressive,long,stock,20,5,ALL,176,-0.031,-0.14,-0.034,0.478,20.0,0.142,1,0.554
v16,aggressive,long,stock,20,5,P1,91,0.001,0.0,-0.0,0.474,20,0.093,0,0.539
v16,aggressive,long,stock,20,5,P2,85,-0.065,-0.16,-0.07,0.482,20,0.193,1,0.57
v16,aggressive,long,stock,20,5,2023,40,-0.284,-1.0,-0.287,0.454,20.0,0.095,0,0.55
v16,aggressive,long,stock,20,5,2024,51,0.224,0.68,0.225,0.49,20,0.092,0,0.53
v16,aggressive,long,stock,20,5,2025,50,-0.064,-0.18,-0.067,0.478,20.0,0.219,1,0.572
v16,aggressive,long,stock,20,5,2026,35,-0.066,-0.08,-0.074,0.487,20,0.157,0,0.566
v16,aggressive,long,stock,20,20,ALL,173,0.17,0.29,0.157,0.468,20,0.144,1,0.554
v16,aggressive,long,stock,20,20,P1,91,0.247,0.39,0.245,0.484,20,0.093,0,0.539
v16,aggressive,long,stock,20,20,P2,82,0.086,0.08,0.059,0.451,20.0,0.199,1,0.57
v16,aggressive,long,stock,20,20,2023,40,-1.115,-2.71,-1.122,0.437,20.0,0.095,0,0.55
v16,aggressive,long,stock,20,20,2024,51,1.315,1.31,1.318,0.52,20,0.092,0,0.53
v16,aggressive,long,stock,20,20,2025,50,0.224,0.2,0.186,0.455,20.0,0.219,1,0.572
v16,aggressive,long,stock,20,20,2026,32,-0.13,-0.07,-0.139,0.445,20.0,0.169,0,0.566
v16,aggressive,long,stock,20,63,ALL,165,1.533,1.0,1.492,0.458,20,0.146,1,0.553
v16,aggressive,long,stock,20,63,P1,91,1.524,1.2,1.524,0.474,20,0.093,0,0.539
v16,aggressive,long,stock,20,63,P2,74,1.543,0.51,1.452,0.438,20.0,0.211,1,0.569
v16,aggressive,long,stock,20,63,2023,40,-0.097,-0.05,-0.108,0.455,20.0,0.095,0,0.55
v16,aggressive,long,stock,20,63,2024,51,2.796,2.35,2.803,0.489,20,0.092,0,0.53
v16,aggressive,long,stock,20,63,2025,50,3.111,0.93,2.967,0.468,20.0,0.219,1,0.572
v16,aggressive,long,stock,20,63,2026,24,-1.722,-0.28,-1.704,0.377,20.0,0.196,0,0.561
v16,aggressive,mid,mixed,10,5,ALL,176,-0.086,-0.34,-0.081,0.444,10.0,0.129,0,0.626
v16,aggressive,mid,mixed,10,5,P1,91,-0.13,-0.5,-0.127,0.413,10,0.088,0,0.613
v16,aggressive,mid,mixed,10,5,P2,85,-0.039,-0.09,-0.031,0.477,10,0.169,0,0.64
v16,aggressive,mid,mixed,10,5,2023,40,-0.301,-0.98,-0.298,0.412,10.0,0.097,0,0.608
v16,aggressive,mid,mixed,10,5,2024,51,0.004,0.01,0.006,0.415,10,0.08,0,0.616
v16,aggressive,mid,mixed,10,5,2025,50,0.226,0.51,0.247,0.486,10.0,0.201,0,0.627
v16,aggressive,mid,mixed,10,5,2026,35,-0.417,-0.49,-0.428,0.465,10,0.123,0,0.662
v16,aggressive,mid,mixed,10,20,ALL,173,-0.33,-0.56,-0.331,0.396,10,0.131,0,0.625
v16,aggressive,mid,mixed,10,20,P1,91,-0.456,-0.71,-0.452,0.383,10,0.088,0,0.613
v16,aggressive,mid,mixed,10,20,P2,82,-0.19,-0.19,-0.198,0.41,10.0,0.175,0,0.638
v16,aggressive,mid,mixed,10,20,2023,40,-1.059,-2.34,-1.053,0.409,10.0,0.097,0,0.608
v16,aggressive,mid,mixed,10,20,2024,51,0.017,0.02,0.02,0.364,10,0.08,0,0.616
v16,aggressive,mid,mixed,10,20,2025,50,-0.236,-0.23,-0.255,0.388,10.0,0.201,0,0.627
v16,aggressive,mid,mixed,10,20,2026,32,-0.117,-0.06,-0.109,0.445,10.0,0.135,0,0.658
v16,aggressive,mid,mixed,10,63,ALL,165,-1.349,-1.03,-1.356,0.355,10,0.134,0,0.62
v16,aggressive,mid,mixed,10,63,P1,91,-1.583,-2.01,-1.582,0.344,10,0.088,0,0.613
v16,aggressive,mid,mixed,10,63,P2,74,-1.062,-0.39,-1.08,0.369,10.0,0.188,0,0.627
v16,aggressive,mid,mixed,10,63,2023,40,-2.075,-1.59,-2.093,0.381,10.0,0.097,0,0.608
v16,aggressive,mid,mixed,10,63,2024,51,-1.197,-1.19,-1.181,0.315,10,0.08,0,0.616
v16,aggressive,mid,mixed,10,63,2025,50,0.443,0.14,0.4,0.398,10.0,0.201,0,0.627
v16,aggressive,mid,mixed,10,63,2026,24,-4.197,-0.83,-4.163,0.307,10.0,0.158,0,0.63
v16,aggressive,mid,mixed,20,5,ALL,176,-0.14,-0.68,-0.141,0.459,20.0,0.145,0,0.586
v16,aggressive,mid,mixed,20,5,P1,91,-0.235,-1.09,-0.237,0.428,20,0.092,0,0.573
v16,aggressive,mid,mixed,20,5,P2,85,-0.037,-0.1,-0.038,0.491,20,0.2,0,0.601
v16,aggressive,mid,mixed,20,5,2023,40,-0.323,-1.31,-0.327,0.44,20.0,0.088,0,0.587
v16,aggressive,mid,mixed,20,5,2024,51,-0.166,-0.5,-0.166,0.419,20,0.095,0,0.561
v16,aggressive,mid,mixed,20,5,2025,50,0.19,0.54,0.194,0.495,20.0,0.226,0,0.596
v16,aggressive,mid,mixed,20,5,2026,35,-0.362,-0.51,-0.369,0.485,20,0.161,0,0.604
v16,aggressive,mid,mixed,20,20,ALL,173,-0.416,-0.79,-0.42,0.406,20,0.147,0,0.585
v16,aggressive,mid,mixed,20,20,P1,91,-0.48,-0.88,-0.482,0.395,20,0.092,0,0.573
v16,aggressive,mid,mixed,20,20,P2,82,-0.346,-0.37,-0.351,0.419,20.0,0.206,0,0.598
v16,aggressive,mid,mixed,20,20,2023,40,-1.142,-3.85,-1.151,0.421,20.0,0.088,0,0.587
v16,aggressive,mid,mixed,20,20,2024,51,0.04,0.04,0.042,0.375,20,0.095,0,0.561
v16,aggressive,mid,mixed,20,20,2025,50,-0.099,-0.09,-0.106,0.412,20.0,0.226,0,0.596
v16,aggressive,mid,mixed,20,20,2026,32,-0.731,-0.42,-0.733,0.43,20.0,0.175,0,0.598
v16,aggressive,mid,mixed,20,63,ALL,165,-0.662,-0.48,-0.666,0.377,20,0.151,0,0.581
v16,aggressive,mid,mixed,20,63,P1,91,-1.254,-1.44,-1.258,0.363,20,0.092,0,0.573
v16,aggressive,mid,mixed,20,63,P2,74,0.065,0.02,0.061,0.394,20.0,0.222,0,0.592
v16,aggressive,mid,mixed,20,63,2023,40,-1.793,-1.53,-1.812,0.403,20.0,0.088,0,0.587
v16,aggressive,mid,mixed,20,63,2024,51,-0.831,-0.72,-0.823,0.331,20,0.095,0,0.561
v16,aggressive,mid,mixed,20,63,2025,50,1.952,0.59,1.945,0.433,20.0,0.226,0,0.596
v16,aggressive,mid,mixed,20,63,2026,24,-3.864,-0.78,-3.865,0.312,20.0,0.213,0,0.578
v16,aggressive,mid,stock,10,5,ALL,176,0.005,0.02,0.009,0.469,10.0,0.132,0,0.607
v16,aggressive,mid,stock,10,5,P1,91,-0.043,-0.16,-0.04,0.457,10,0.091,0,0.603
v16,aggressive,mid,stock,10,5,P2,85,0.056,0.11,0.061,0.482,10,0.175,0,0.611
v16,aggressive,mid,stock,10,5,2023,40,-0.315,-0.88,-0.31,0.442,10.0,0.098,0,0.592
v16,aggressive,mid,stock,10,5,2024,51,0.17,0.43,0.172,0.47,10,0.086,0,0.61
v16,aggressive,mid,stock,10,5,2025,50,0.212,0.43,0.231,0.489,10.0,0.206,0,0.596
v16,aggressive,mid,stock,10,5,2026,35,-0.167,-0.17,-0.183,0.471,10,0.131,0,0.632
v16,aggressive,mid,stock,10,20,ALL,173,0.384,0.57,0.378,0.474,10,0.134,0,0.606
v16,aggressive,mid,stock,10,20,P1,91,0.423,0.59,0.426,0.504,10,0.091,0,0.603
v16,aggressive,mid,stock,10,20,P2,82,0.34,0.29,0.326,0.441,10.0,0.182,0,0.61
v16,aggressive,mid,stock,10,20,2023,40,-0.921,-1.77,-0.921,0.454,10.0,0.098,0,0.592
v16,aggressive,mid,stock,10,20,2024,51,1.477,1.29,1.482,0.544,10,0.086,0,0.61
v16,aggressive,mid,stock,10,20,2025,50,0.46,0.35,0.437,0.432,10.0,0.206,0,0.596
v16,aggressive,mid,stock,10,20,2026,32,0.152,0.07,0.153,0.453,10.0,0.144,0,0.632
v16,aggressive,mid,stock,10,63,ALL,165,0.85,0.56,0.853,0.447,10,0.138,0,0.601
v16,aggressive,mid,stock,10,63,P1,91,0.963,0.92,0.975,0.466,10,0.091,0,0.603
v16,aggressive,mid,stock,10,63,P2,74,0.712,0.23,0.704,0.424,10.0,0.195,0,0.599
v16,aggressive,mid,stock,10,63,2023,40,-0.301,-0.2,-0.299,0.459,10.0,0.098,0,0.592
v16,aggressive,mid,stock,10,63,2024,51,1.954,1.89,1.973,0.472,10,0.086,0,0.61
v16,aggressive,mid,stock,10,63,2025,50,2.517,0.71,2.471,0.45,10.0,0.206,0,0.596
v16,aggressive,mid,stock,10,63,2026,24,-3.048,-0.51,-2.978,0.371,10.0,0.171,0,0.604
v16,aggressive,mid,stock,20,5,ALL,176,-0.008,-0.04,-0.013,0.485,20.0,0.149,1,0.57
v16,aggressive,mid,stock,20,5,P1,91,-0.066,-0.29,-0.068,0.474,20,0.102,0,0.564
v16,aggressive,mid,stock,20,5,P2,85,0.054,0.14,0.045,0.498,20,0.199,1,0.576
v16,aggressive,mid,stock,20,5,2023,40,-0.27,-0.96,-0.274,0.456,20.0,0.099,0,0.565
v16,aggressive,mid,stock,20,5,2024,51,0.094,0.28,0.094,0.488,20,0.104,0,0.565
v16,aggressive,mid,stock,20,5,2025,50,0.144,0.39,0.136,0.497,20.0,0.221,1,0.579
v16,aggressive,mid,stock,20,5,2026,35,-0.076,-0.09,-0.084,0.498,20,0.167,0,0.574
v16,aggressive,mid,stock,20,20,ALL,173,-0.062,-0.11,-0.078,0.463,20,0.151,1,0.569
v16,aggressive,mid,stock,20,20,P1,91,0.049,0.08,0.047,0.479,20,0.102,0,0.564
v16,aggressive,mid,stock,20,20,P2,82,-0.184,-0.18,-0.217,0.444,20.0,0.206,1,0.575
v16,aggressive,mid,stock,20,20,2023,40,-1.118,-3.38,-1.126,0.438,20.0,0.099,0,0.565
v16,aggressive,mid,stock,20,20,2024,51,0.964,0.98,0.967,0.511,20,0.104,0,0.565
v16,aggressive,mid,stock,20,20,2025,50,-0.032,-0.03,-0.08,0.446,20.0,0.221,1,0.579
v16,aggressive,mid,stock,20,20,2026,32,-0.422,-0.22,-0.43,0.441,20.0,0.181,0,0.571
v16,aggressive,mid,stock,20,63,ALL,165,1.229,0.78,1.196,0.452,20,0.156,1,0.567
v16,aggressive,mid,stock,20,63,P1,91,0.859,0.82,0.858,0.462,20,0.102,0,0.564
v16,aggressive,mid,stock,20,63,P2,74,1.685,0.52,1.612,0.439,20.0,0.222,1,0.571
v16,aggressive,mid,stock,20,63,2023,40,-0.675,-0.45,-0.688,0.447,20.0,0.099,0,0.565
v16,aggressive,mid,stock,20,63,2024,51,2.062,2.27,2.069,0.474,20,0.104,0,0.565
v16,aggressive,mid,stock,20,63,2025,50,3.518,0.96,3.404,0.474,20.0,0.221,1,0.579
v16,aggressive,mid,stock,20,63,2026,24,-2.135,-0.34,-2.122,0.367,20.0,0.223,0,0.557
v16,aggressive,short,mixed,10,5,ALL,176,-0.028,-0.13,-0.028,0.466,10.0,0.129,0,0.661
v16,aggressive,short,mixed,10,5,P1,91,-0.026,-0.1,-0.026,0.427,10,0.101,0,0.65
v16,aggressive,short,mixed,10,5,P2,85,-0.029,-0.08,-0.029,0.508,10,0.156,0,0.671
v16,aggressive,short,mixed,10,5,2023,40,0.094,0.34,0.094,0.438,10.0,0.087,0,0.638
v16,aggressive,short,mixed,10,5,2024,51,-0.121,-0.3,-0.121,0.42,10,0.113,0,0.66
v16,aggressive,short,mixed,10,5,2025,50,0.099,0.24,0.099,0.53,10.0,0.181,0,0.669
v16,aggressive,short,mixed,10,5,2026,35,-0.214,-0.33,-0.214,0.477,10,0.122,0,0.671
v16,aggressive,short,mixed,10,20,ALL,173,-0.808,-1.49,-0.808,0.398,10,0.131,0,0.659
v16,aggressive,short,mixed,10,20,P1,91,-0.427,-0.67,-0.427,0.385,10,0.101,0,0.65
v16,aggressive,short,mixed,10,20,P2,82,-1.23,-1.38,-1.23,0.412,10.0,0.162,0,0.669
v16,aggressive,short,mixed,10,20,2023,40,-0.551,-0.98,-0.551,0.422,10.0,0.087,0,0.638
v16,aggressive,short,mixed,10,20,2024,51,-0.33,-0.32,-0.33,0.355,10,0.113,0,0.66
v16,aggressive,short,mixed,10,20,2025,50,-1.084,-1.01,-1.084,0.41,10.0,0.181,0,0.669
v16,aggressive,short,mixed,10,20,2026,32,-1.458,-0.95,-1.458,0.416,10.0,0.133,0,0.665
v16,aggressive,short,mixed,10,63,ALL,165,-2.031,-1.41,-2.031,0.335,10,0.135,0,0.656
v16,aggressive,short,mixed,10,63,P1,91,-1.82,-2.19,-1.82,0.314,10,0.101,0,0.65
v16,aggressive,short,mixed,10,63,P2,74,-2.29,-0.75,-2.29,0.361,10.0,0.176,0,0.663
v16,aggressive,short,mixed,10,63,2023,40,-2.272,-4.88,-2.272,0.333,10.0,0.087,0,0.638
v16,aggressive,short,mixed,10,63,2024,51,-1.467,-1.04,-1.467,0.3,10,0.113,0,0.66
v16,aggressive,short,mixed,10,63,2025,50,0.506,0.13,0.506,0.412,10.0,0.181,0,0.669
v16,aggressive,short,mixed,10,63,2026,24,-8.114,-2.65,-8.114,0.254,10.0,0.165,0,0.643
v16,aggressive,short,mixed,20,5,ALL,176,-0.06,-0.31,-0.06,0.462,20.0,0.144,0,0.598
v16,aggressive,short,mixed,20,5,P1,91,-0.013,-0.06,-0.014,0.438,20,0.118,0,0.589
v16,aggressive,short,mixed,20,5,P2,85,-0.11,-0.33,-0.111,0.487,20,0.172,0,0.608
v16,aggressive,short,mixed,20,5,2023,40,-0.094,-0.41,-0.093,0.451,20.0,0.116,0,0.574
v16,aggressive,short,mixed,20,5,2024,51,0.05,0.15,0.049,0.427,20,0.12,0,0.598
v16,aggressive,short,mixed,20,5,2025,50,0.234,0.62,0.234,0.496,20.0,0.189,0,0.583
v16,aggressive,short,mixed,20,5,2026,35,-0.602,-1.02,-0.602,0.474,20,0.147,0,0.644
v16,aggressive,short,mixed,20,20,ALL,173,-0.755,-1.5,-0.752,0.401,20,0.147,0,0.596
v16,aggressive,short,mixed,20,20,P1,91,-0.62,-1.28,-0.618,0.388,20,0.118,0,0.589
v16,aggressive,short,mixed,20,20,P2,82,-0.905,-0.99,-0.901,0.416,20.0,0.178,0,0.604
v16,aggressive,short,mixed,20,20,2023,40,-0.92,-2.12,-0.919,0.417,20.0,0.116,0,0.574
v16,aggressive,short,mixed,20,20,2024,51,-0.384,-0.49,-0.382,0.366,20,0.12,0,0.598
v16,aggressive,short,mixed,20,20,2025,50,-0.134,-0.11,-0.128,0.421,20.0,0.189,0,0.583
v16,aggressive,short,mixed,20,20,2026,32,-2.11,-1.7,-2.11,0.408,20.0,0.161,0,0.637
v16,aggressive,short,mixed,20,63,ALL,165,-1.461,-0.95,-1.456,0.358,20,0.152,0,0.592
v16,aggressive,short,mixed,20,63,P1,91,-2.035,-2.68,-2.034,0.333,20,0.118,0,0.589
v16,aggressive,short,mixed,20,63,P2,74,-0.756,-0.23,-0.745,0.389,20.0,0.193,0,0.597
v16,aggressive,short,mixed,20,63,2023,40,-2.947,-4.46,-2.954,0.355,20.0,0.116,0,0.574
v16,aggressive,short,mixed,20,63,2024,51,-1.319,-1.18,-1.313,0.315,20,0.12,0,0.598
v16,aggressive,short,mixed,20,63,2025,50,2.14,0.53,2.157,0.438,20.0,0.189,0,0.583
v16,aggressive,short,mixed,20,63,2026,24,-6.789,-2.34,-6.789,0.285,20.0,0.201,0,0.626
v16,aggressive,short,stock,10,5,ALL,176,0.138,0.57,0.138,0.487,10.0,0.141,0,0.641
v16,aggressive,short,stock,10,5,P1,91,0.11,0.41,0.109,0.464,10,0.119,0,0.647
v16,aggressive,short,stock,10,5,P2,85,0.169,0.41,0.169,0.512,10,0.166,0,0.635
v16,aggressive,short,stock,10,5,2023,40,0.171,0.54,0.176,0.467,10.0,0.103,0,0.603
v16,aggressive,short,stock,10,5,2024,51,0.062,0.15,0.056,0.461,10,0.131,0,0.678
v16,aggressive,short,stock,10,5,2025,50,0.176,0.38,0.176,0.534,10.0,0.192,0,0.624
v16,aggressive,short,stock,10,5,2026,35,0.158,0.21,0.158,0.48,10,0.129,0,0.653
v16,aggressive,short,stock,10,20,ALL,173,-0.431,-0.67,-0.429,0.461,10,0.144,0,0.64
v16,aggressive,short,stock,10,20,P1,91,0.194,0.25,0.199,0.49,10,0.119,0,0.647
v16,aggressive,short,stock,10,20,P2,82,-1.126,-1.1,-1.126,0.428,10.0,0.172,0,0.633
v16,aggressive,short,stock,10,20,2023,40,-0.637,-0.98,-0.631,0.474,10.0,0.103,0,0.603
v16,aggressive,short,stock,10,20,2024,51,0.847,0.68,0.849,0.503,10,0.131,0,0.678
v16,aggressive,short,stock,10,20,2025,50,-0.888,-0.67,-0.888,0.434,10.0,0.192,0,0.624
v16,aggressive,short,stock,10,20,2026,32,-1.497,-0.92,-1.497,0.419,10.0,0.141,0,0.652
v16,aggressive,short,stock,10,63,ALL,165,-0.198,-0.12,-0.205,0.426,10,0.149,0,0.637
v16,aggressive,short,stock,10,63,P1,91,0.413,0.41,0.401,0.438,10,0.119,0,0.647
v16,aggressive,short,stock,10,63,P2,74,-0.95,-0.27,-0.95,0.411,10.0,0.186,0,0.625
v16,aggressive,short,stock,10,63,2023,40,-1.32,-1.53,-1.325,0.417,10.0,0.103,0,0.603
v16,aggressive,short,stock,10,63,2024,51,1.773,1.43,1.754,0.455,10,0.131,0,0.678
v16,aggressive,short,stock,10,63,2025,50,1.861,0.43,1.861,0.452,10.0,0.192,0,0.624
v16,aggressive,short,stock,10,63,2026,24,-6.807,-1.64,-6.807,0.325,10.0,0.175,0,0.63
v16,aggressive,short,stock,20,5,ALL,176,-0.09,-0.43,-0.091,0.477,20.0,0.144,0,0.581
v16,aggressive,short,stock,20,5,P1,91,-0.024,-0.11,-0.024,0.463,20,0.12,0,0.576
v16,aggressive,short,stock,20,5,P2,85,-0.16,-0.45,-0.162,0.493,20,0.169,0,0.586
v16,aggressive,short,stock,20,5,2023,40,-0.18,-0.64,-0.179,0.467,20.0,0.119,0,0.558
v16,aggressive,short,stock,20,5,2024,51,0.097,0.28,0.097,0.46,20,0.121,0,0.589
v16,aggressive,short,stock,20,5,2025,50,0.139,0.34,0.137,0.503,20.0,0.186,0,0.558
v16,aggressive,short,stock,20,5,2026,35,-0.587,-0.93,-0.589,0.478,20,0.146,0,0.626
v16,aggressive,short,stock,20,20,ALL,173,-0.653,-1.2,-0.652,0.444,20,0.146,0,0.579
v16,aggressive,short,stock,20,20,P1,91,-0.248,-0.42,-0.248,0.462,20,0.12,0,0.576
v16,aggressive,short,stock,20,20,P2,82,-1.102,-1.19,-1.101,0.423,20.0,0.175,0,0.582
v16,aggressive,short,stock,20,20,2023,40,-1.038,-1.98,-1.038,0.441,20.0,0.119,0,0.558
v16,aggressive,short,stock,20,20,2024,51,0.372,0.4,0.372,0.479,20,0.121,0,0.589
v16,aggressive,short,stock,20,20,2025,50,-0.374,-0.3,-0.368,0.436,20.0,0.186,0,0.558
v16,aggressive,short,stock,20,20,2026,32,-2.24,-1.76,-2.246,0.404,20.0,0.158,0,0.621
v16,aggressive,short,stock,20,63,ALL,165,-0.344,-0.21,-0.336,0.421,20,0.151,0,0.576
v16,aggressive,short,stock,20,63,P1,91,-0.502,-0.56,-0.498,0.418,20,0.12,0,0.576
v16,aggressive,short,stock,20,63,P2,74,-0.151,-0.04,-0.137,0.424,20.0,0.19,0,0.577
v16,aggressive,short,stock,20,63,2023,40,-2.108,-2.25,-2.107,0.399,20.0,0.119,0,0.558
v16,aggressive,short,stock,20,63,2024,51,0.758,0.78,0.763,0.433,20,0.121,0,0.589
v16,aggressive,short,stock,20,63,2025,50,2.926,0.7,2.948,0.477,20.0,0.186,0,0.558
v16,aggressive,short,stock,20,63,2026,24,-6.561,-2.0,-6.565,0.314,20.0,0.198,0,0.617
v16,balanced,long,mixed,10,5,ALL,176,-0.128,-0.52,-0.13,0.454,10.0,0.123,0,0.619
v16,balanced,long,mixed,10,5,P1,91,-0.181,-0.7,-0.184,0.431,10,0.092,0,0.616
v16,balanced,long,mixed,10,5,P2,85,-0.072,-0.17,-0.072,0.478,10,0.153,0,0.624
v16,balanced,long,mixed,10,5,2023,40,-0.494,-1.63,-0.502,0.414,10.0,0.093,0,0.615
v16,balanced,long,mixed,10,5,2024,51,0.064,0.16,0.066,0.444,10,0.091,0,0.612
v16,balanced,long,mixed,10,5,2025,50,-0.136,-0.31,-0.127,0.471,10.0,0.171,0,0.624
v16,balanced,long,mixed,10,5,2026,35,0.02,0.02,0.006,0.488,10,0.128,0,0.621
v16,balanced,long,mixed,10,20,ALL,173,-0.301,-0.49,-0.313,0.406,10,0.125,0,0.618
v16,balanced,long,mixed,10,20,P1,91,-0.457,-0.68,-0.463,0.386,10,0.092,0,0.616
v16,balanced,long,mixed,10,20,P2,82,-0.128,-0.12,-0.147,0.43,10.0,0.159,0,0.622
v16,balanced,long,mixed,10,20,2023,40,-1.423,-3.17,-1.436,0.404,10.0,0.093,0,0.615
v16,balanced,long,mixed,10,20,2024,51,0.301,0.27,0.3,0.371,10,0.091,0,0.612
v16,balanced,long,mixed,10,20,2025,50,-0.556,-0.39,-0.578,0.408,10.0,0.171,0,0.624
v16,balanced,long,mixed,10,20,2026,32,0.541,0.34,0.527,0.463,10.0,0.14,0,0.616
v16,balanced,long,mixed,10,63,ALL,165,-0.399,-0.31,-0.415,0.37,10,0.129,0,0.618
v16,balanced,long,mixed,10,63,P1,91,-1.028,-1.14,-1.028,0.351,10,0.092,0,0.616
v16,balanced,long,mixed,10,63,P2,74,0.374,0.14,0.338,0.393,10.0,0.172,0,0.622
v16,balanced,long,mixed,10,63,2023,40,-1.753,-1.4,-1.774,0.382,10.0,0.093,0,0.615
v16,balanced,long,mixed,10,63,2024,51,-0.459,-0.37,-0.442,0.327,10,0.091,0,0.612
v16,balanced,long,mixed,10,63,2025,50,2.229,0.65,2.199,0.418,10.0,0.171,0,0.624
v16,balanced,long,mixed,10,63,2026,24,-3.49,-0.96,-3.539,0.341,10.0,0.174,0,0.613
v16,balanced,long,mixed,20,5,ALL,176,-0.093,-0.47,-0.095,0.462,20.0,0.144,0,0.591
v16,balanced,long,mixed,20,5,P1,91,-0.188,-0.88,-0.19,0.441,20,0.096,0,0.575
v16,balanced,long,mixed,20,5,P2,85,0.008,0.02,0.006,0.484,20,0.192,0,0.608
v16,balanced,long,mixed,20,5,2023,40,-0.413,-1.57,-0.417,0.44,20.0,0.09,0,0.578
v16,balanced,long,mixed,20,5,2024,51,-0.012,-0.04,-0.011,0.443,20,0.102,0,0.569
v16,balanced,long,mixed,20,5,2025,50,-0.054,-0.18,-0.053,0.472,20.0,0.219,0,0.605
v16,balanced,long,mixed,20,5,2026,35,0.097,0.14,0.089,0.501,20,0.154,0,0.615
v16,balanced,long,mixed,20,20,ALL,173,-0.125,-0.26,-0.128,0.419,20,0.145,0,0.59
v16,balanced,long,mixed,20,20,P1,91,-0.276,-0.51,-0.276,0.403,20,0.096,0,0.575
v16,balanced,long,mixed,20,20,P2,82,0.043,0.05,0.037,0.438,20.0,0.198,0,0.606
v16,balanced,long,mixed,20,20,2023,40,-1.093,-2.29,-1.097,0.42,20.0,0.09,0,0.578
v16,balanced,long,mixed,20,20,2024,51,0.365,0.44,0.369,0.39,20,0.102,0,0.569
v16,balanced,long,mixed,20,20,2025,50,-0.158,-0.15,-0.161,0.431,20.0,0.219,0,0.605
v16,balanced,long,mixed,20,20,2026,32,0.357,0.26,0.346,0.448,20.0,0.164,0,0.608
v16,balanced,long,mixed,20,63,ALL,165,0.177,0.14,0.179,0.39,20,0.15,0,0.587
v16,balanced,long,mixed,20,63,P1,91,-0.481,-0.49,-0.482,0.37,20,0.096,0,0.575
v16,balanced,long,mixed,20,63,P2,74,0.987,0.38,0.992,0.414,20.0,0.215,0,0.602
v16,balanced,long,mixed,20,63,2023,40,-0.82,-0.51,-0.832,0.402,20.0,0.09,0,0.578
v16,balanced,long,mixed,20,63,2024,51,-0.215,-0.19,-0.207,0.346,20,0.102,0,0.569
v16,balanced,long,mixed,20,63,2025,50,2.729,0.87,2.734,0.445,20.0,0.219,0,0.605
v16,balanced,long,mixed,20,63,2026,24,-2.644,-0.63,-2.638,0.35,20.0,0.205,0,0.598
v16,balanced,long,stock,10,5,ALL,176,-0.029,-0.11,-0.032,0.475,10.0,0.131,1,0.583
v16,balanced,long,stock,10,5,P1,91,-0.122,-0.44,-0.125,0.466,10,0.095,0,0.581
v16,balanced,long,stock,10,5,P2,85,0.07,0.15,0.068,0.484,10,0.171,1,0.587
v16,balanced,long,stock,10,5,2023,40,-0.527,-1.48,-0.535,0.439,10.0,0.092,0,0.582
v16,balanced,long,stock,10,5,2024,51,0.196,0.48,0.196,0.487,10,0.096,0,0.578
v16,balanced,long,stock,10,5,2025,50,-0.062,-0.14,-0.052,0.475,10.0,0.194,1,0.584
v16,balanced,long,stock,10,5,2026,35,0.259,0.28,0.239,0.497,10,0.137,0,0.588
v16,balanced,long,stock,10,20,ALL,173,0.388,0.6,0.375,0.485,10,0.133,1,0.583
v16,balanced,long,stock,10,20,P1,91,0.396,0.54,0.394,0.501,10,0.095,0,0.581
v16,balanced,long,stock,10,20,P2,82,0.379,0.34,0.354,0.466,10.0,0.176,1,0.585
v16,balanced,long,stock,10,20,2023,40,-0.866,-1.43,-0.874,0.457,10.0,0.092,0,0.582
v16,balanced,long,stock,10,20,2024,51,1.386,1.19,1.389,0.536,10,0.096,0,0.578
v16,balanced,long,stock,10,20,2025,50,-0.059,-0.04,-0.084,0.458,10.0,0.194,1,0.584
v16,balanced,long,stock,10,20,2026,32,1.063,0.6,1.038,0.478,10.0,0.147,0,0.584
v16,balanced,long,stock,10,63,ALL,165,1.899,1.4,1.896,0.457,10,0.138,1,0.582
v16,balanced,long,stock,10,63,P1,91,1.755,1.69,1.765,0.464,10,0.095,0,0.581
v16,balanced,long,stock,10,63,P2,74,2.076,0.77,2.056,0.449,10.0,0.191,1,0.584
v16,balanced,long,stock,10,63,2023,40,0.924,0.75,0.921,0.47,10.0,0.092,0,0.582
v16,balanced,long,stock,10,63,2024,51,2.406,1.87,2.427,0.46,10,0.096,0,0.578
v16,balanced,long,stock,10,63,2025,50,3.649,1.12,3.618,0.476,10.0,0.194,1,0.584
v16,balanced,long,stock,10,63,2026,24,-1.201,-0.25,-1.198,0.392,10.0,0.183,0,0.578
v16,balanced,long,stock,20,5,ALL,176,-0.007,-0.03,-0.008,0.483,20.0,0.143,1,0.563
v16,balanced,long,stock,20,5,P1,91,-0.074,-0.32,-0.075,0.471,20,0.095,0,0.546
v16,balanced,long,stock,20,5,P2,85,0.065,0.17,0.063,0.497,20,0.194,1,0.58
v16,balanced,long,stock,20,5,2023,40,-0.395,-1.31,-0.399,0.451,20.0,0.089,0,0.554
v16,balanced,long,stock,20,5,2024,51,0.178,0.54,0.179,0.487,20,0.1,0,0.538
v16,balanced,long,stock,20,5,2025,50,-0.102,-0.29,-0.096,0.484,20.0,0.221,1,0.582
v16,balanced,long,stock,20,5,2026,35,0.302,0.4,0.291,0.515,20,0.156,0,0.582
v16,balanced,long,stock,20,20,ALL,173,0.125,0.23,0.106,0.466,20,0.145,1,0.563
v16,balanced,long,stock,20,20,P1,91,0.23,0.37,0.229,0.48,20,0.095,0,0.546
v16,balanced,long,stock,20,20,P2,82,0.009,0.01,-0.03,0.45,20.0,0.2,1,0.581
v16,balanced,long,stock,20,20,2023,40,-1.086,-2.22,-1.092,0.436,20.0,0.089,0,0.554
v16,balanced,long,stock,20,20,2024,51,1.261,1.3,1.265,0.515,20,0.1,0,0.538
v16,balanced,long,stock,20,20,2025,50,-0.069,-0.06,-0.123,0.454,20.0,0.221,1,0.582
v16,balanced,long,stock,20,20,2026,32,0.131,0.09,0.116,0.442,20.0,0.167,0,0.585
v16,balanced,long,stock,20,63,ALL,165,1.65,1.11,1.607,0.459,20,0.149,1,0.56
v16,balanced,long,stock,20,63,P1,91,1.377,1.1,1.377,0.467,20,0.095,0,0.546
v16,balanced,long,stock,20,63,P2,74,1.985,0.69,1.891,0.45,20.0,0.216,1,0.577
v16,balanced,long,stock,20,63,2023,40,0.073,0.04,0.063,0.445,20.0,0.089,0,0.554
v16,balanced,long,stock,20,63,2024,51,2.399,2.01,2.407,0.484,20,0.1,0,0.538
v16,balanced,long,stock,20,63,2025,50,4.129,1.2,3.988,0.482,20.0,0.221,1,0.582
v16,balanced,long,stock,20,63,2026,24,-2.48,-0.53,-2.478,0.381,20.0,0.204,0,0.574
v16,balanced,mid,mixed,10,5,ALL,176,0.004,0.02,0.005,0.456,10.0,0.128,0,0.646
v16,balanced,mid,mixed,10,5,P1,91,-0.186,-0.79,-0.184,0.427,10,0.096,0,0.641
v16,balanced,mid,mixed,10,5,P2,85,0.207,0.52,0.207,0.486,10,0.159,0,0.654
v16,balanced,mid,mixed,10,5,2023,40,-0.524,-1.86,-0.521,0.417,10.0,0.095,0,0.656
v16,balanced,mid,mixed,10,5,2024,51,0.079,0.23,0.081,0.434,10,0.096,0,0.626
v16,balanced,mid,mixed,10,5,2025,50,0.114,0.27,0.123,0.487,10.0,0.18,0,0.655
v16,balanced,mid,mixed,10,5,2026,35,0.341,0.45,0.326,0.485,10,0.128,0,0.65
v16,balanced,mid,mixed,10,20,ALL,173,-0.388,-0.71,-0.395,0.399,10,0.13,0,0.646
v16,balanced,mid,mixed,10,20,P1,91,-0.333,-0.51,-0.332,0.378,10,0.096,0,0.641
v16,balanced,mid,mixed,10,20,P2,82,-0.448,-0.5,-0.466,0.422,10.0,0.165,0,0.653
v16,balanced,mid,mixed,10,20,2023,40,-1.265,-2.8,-1.259,0.401,10.0,0.095,0,0.656
v16,balanced,mid,mixed,10,20,2024,51,0.397,0.37,0.396,0.359,10,0.096,0,0.626
v16,balanced,mid,mixed,10,20,2025,50,-0.835,-0.74,-0.855,0.412,10.0,0.18,0,0.655
v16,balanced,mid,mixed,10,20,2026,32,0.155,0.1,0.143,0.438,10.0,0.14,0,0.648
v16,balanced,mid,mixed,10,63,ALL,165,-0.655,-0.5,-0.661,0.366,10,0.134,0,0.644
v16,balanced,mid,mixed,10,63,P1,91,-0.776,-0.87,-0.763,0.351,10,0.096,0,0.641
v16,balanced,mid,mixed,10,63,P2,74,-0.506,-0.19,-0.536,0.385,10.0,0.178,0,0.649
v16,balanced,mid,mixed,10,63,2023,40,-1.947,-2.44,-1.94,0.374,10.0,0.095,0,0.656
v16,balanced,mid,mixed,10,63,2024,51,0.142,0.11,0.16,0.332,10,0.096,0,0.626
v16,balanced,mid,mixed,10,63,2025,50,1.695,0.51,1.667,0.414,10.0,0.18,0,0.655
v16,balanced,mid,mixed,10,63,2026,24,-5.09,-1.51,-5.124,0.324,10.0,0.173,0,0.635
v16,balanced,mid,mixed,20,5,ALL,176,-0.106,-0.54,-0.108,0.464,20.0,0.145,0,0.607
v16,balanced,mid,mixed,20,5,P1,91,-0.237,-1.12,-0.239,0.437,20,0.1,0,0.6
v16,balanced,mid,mixed,20,5,P2,85,0.035,0.1,0.032,0.492,20,0.191,0,0.615
v16,balanced,mid,mixed,20,5,2023,40,-0.431,-1.72,-0.435,0.434,20.0,0.085,0,0.591
v16,balanced,mid,mixed,20,5,2024,51,-0.085,-0.27,-0.085,0.44,20,0.113,0,0.602
v16,balanced,mid,mixed,20,5,2025,50,-0.052,-0.16,-0.051,0.484,20.0,0.221,0,0.617
v16,balanced,mid,mixed,20,5,2026,35,0.159,0.24,0.151,0.504,20,0.148,0,0.613
v16,balanced,mid,mixed,20,20,ALL,173,-0.266,-0.53,-0.268,0.413,20,0.147,0,0.605
v16,balanced,mid,mixed,20,20,P1,91,-0.529,-0.98,-0.529,0.389,20,0.1,0,0.6
v16,balanced,mid,mixed,20,20,P2,82,0.027,0.03,0.022,0.44,20.0,0.197,0,0.612
v16,balanced,mid,mixed,20,20,2023,40,-1.157,-3.03,-1.16,0.414,20.0,0.085,0,0.591
v16,balanced,mid,mixed,20,20,2024,51,-0.038,-0.04,-0.034,0.368,20,0.113,0,0.602
v16,balanced,mid,mixed,20,20,2025,50,-0.089,-0.08,-0.093,0.435,20.0,0.221,0,0.617
v16,balanced,mid,mixed,20,20,2026,32,0.209,0.15,0.201,0.447,20.0,0.16,0,0.606
v16,balanced,mid,mixed,20,63,ALL,165,-0.382,-0.28,-0.384,0.376,20,0.153,0,0.602
v16,balanced,mid,mixed,20,63,P1,91,-1.077,-1.34,-1.078,0.353,20,0.1,0,0.6
v16,balanced,mid,mixed,20,63,P2,74,0.472,0.17,0.469,0.405,20.0,0.215,0,0.607
v16,balanced,mid,mixed,20,63,2023,40,-1.793,-1.83,-1.806,0.385,20.0,0.085,0,0.591
v16,balanced,mid,mixed,20,63,2024,51,-0.516,-0.46,-0.507,0.329,20,0.113,0,0.602
v16,balanced,mid,mixed,20,63,2025,50,2.769,0.77,2.771,0.447,20.0,0.221,0,0.617
v16,balanced,mid,mixed,20,63,2026,24,-4.311,-1.23,-4.327,0.316,20.0,0.202,0,0.587
v16,balanced,mid,stock,10,5,ALL,176,0.003,0.01,0.002,0.477,10.0,0.136,1,0.621
v16,balanced,mid,stock,10,5,P1,91,-0.14,-0.54,-0.136,0.467,10,0.099,0,0.632
v16,balanced,mid,stock,10,5,P2,85,0.156,0.36,0.15,0.487,10,0.177,1,0.611
v16,balanced,mid,stock,10,5,2023,40,-0.553,-1.61,-0.548,0.449,10.0,0.09,0,0.638
v16,balanced,mid,stock,10,5,2024,51,0.184,0.5,0.187,0.482,10,0.106,0,0.626
v16,balanced,mid,stock,10,5,2025,50,-0.087,-0.2,-0.079,0.474,10.0,0.202,1,0.604
v16,balanced,mid,stock,10,5,2026,35,0.503,0.58,0.477,0.505,10,0.14,0,0.621
v16,balanced,mid,stock,10,20,ALL,173,0.164,0.25,0.154,0.474,10,0.139,1,0.62
v16,balanced,mid,stock,10,20,P1,91,0.588,0.75,0.594,0.497,10,0.099,0,0.632
v16,balanced,mid,stock,10,20,P2,82,-0.307,-0.29,-0.334,0.448,10.0,0.183,1,0.609
v16,balanced,mid,stock,10,20,2023,40,-1.027,-1.97,-1.022,0.449,10.0,0.09,0,0.638
v16,balanced,mid,stock,10,20,2024,51,1.855,1.49,1.861,0.534,10,0.106,0,0.626
v16,balanced,mid,stock,10,20,2025,50,-0.771,-0.58,-0.798,0.439,10.0,0.202,1,0.604
v16,balanced,mid,stock,10,20,2026,32,0.419,0.25,0.391,0.461,10.0,0.153,0,0.616
v16,balanced,mid,stock,10,63,ALL,165,1.341,0.93,1.336,0.454,10,0.144,1,0.621
v16,balanced,mid,stock,10,63,P1,91,1.843,1.63,1.865,0.474,10,0.099,0,0.632
v16,balanced,mid,stock,10,63,P2,74,0.724,0.25,0.686,0.43,10.0,0.199,1,0.608
v16,balanced,mid,stock,10,63,2023,40,-0.16,-0.14,-0.145,0.459,10.0,0.09,0,0.638
v16,balanced,mid,stock,10,63,2024,51,3.414,2.56,3.441,0.486,10,0.106,0,0.626
v16,balanced,mid,stock,10,63,2025,50,2.889,0.83,2.839,0.459,10.0,0.202,1,0.604
v16,balanced,mid,stock,10,63,2026,24,-3.786,-0.92,-3.798,0.371,10.0,0.192,0,0.617
v16,balanced,mid,stock,20,5,ALL,176,-0.016,-0.08,-0.017,0.486,20.0,0.142,1,0.587
v16,balanced,mid,stock,20,5,P1,91,-0.116,-0.51,-0.118,0.469,20,0.098,0,0.58
v16,balanced,mid,stock,20,5,P2,85,0.091,0.25,0.091,0.503,20,0.188,1,0.595
v16,balanced,mid,stock,20,5,2023,40,-0.354,-1.23,-0.358,0.451,20.0,0.087,0,0.569
v16,balanced,mid,stock,20,5,2024,51,0.07,0.21,0.07,0.484,20,0.107,0,0.587
v16,balanced,mid,stock,20,5,2025,50,0.03,0.08,0.038,0.502,20.0,0.215,1,0.594
v16,balanced,mid,stock,20,5,2026,35,0.179,0.25,0.167,0.505,20,0.15,0,0.601
v16,balanced,mid,stock,20,20,ALL,173,0.104,0.19,0.089,0.469,20,0.144,1,0.585
v16,balanced,mid,stock,20,20,P1,91,0.122,0.2,0.121,0.483,20,0.098,0,0.58
v16,balanced,mid,stock,20,20,P2,82,0.085,0.09,0.052,0.454,20.0,0.195,1,0.591
v16,balanced,mid,stock,20,20,2023,40,-0.864,-1.98,-0.87,0.451,20.0,0.087,0,0.569
v16,balanced,mid,stock,20,20,2024,51,0.896,0.89,0.899,0.507,20,0.107,0,0.587
v16,balanced,mid,stock,20,20,2025,50,0.037,0.03,-0.007,0.456,20.0,0.215,1,0.594
v16,balanced,mid,stock,20,20,2026,32,0.159,0.11,0.144,0.451,20.0,0.163,0,0.59
v16,balanced,mid,stock,20,63,ALL,165,1.262,0.85,1.227,0.45,20,0.15,1,0.582
v16,balanced,mid,stock,20,63,P1,91,1.251,1.15,1.253,0.457,20,0.098,0,0.58
v16,balanced,mid,stock,20,63,P2,74,1.275,0.43,1.195,0.441,20.0,0.212,1,0.586
v16,balanced,mid,stock,20,63,2023,40,-0.079,-0.05,-0.086,0.439,20.0,0.087,0,0.569
v16,balanced,mid,stock,20,63,2024,51,2.295,2.04,2.303,0.472,20,0.107,0,0.587
v16,balanced,mid,stock,20,63,2025,50,3.974,1.09,3.863,0.485,20.0,0.215,1,0.594
v16,balanced,mid,stock,20,63,2026,24,-4.346,-1.15,-4.363,0.35,20.0,0.206,0,0.576
v16,balanced,short,mixed,10,5,ALL,176,-0.112,-0.5,-0.112,0.452,10.0,0.127,0,0.686
v16,balanced,short,mixed,10,5,P1,91,-0.119,-0.46,-0.12,0.421,10,0.102,0,0.673
v16,balanced,short,mixed,10,5,P2,85,-0.105,-0.28,-0.105,0.485,10,0.151,0,0.698
v16,balanced,short,mixed,10,5,2023,40,-0.146,-0.6,-0.144,0.429,10.0,0.076,0,0.677
v16,balanced,short,mixed,10,5,2024,51,-0.098,-0.24,-0.101,0.414,10,0.126,0,0.668
v16,balanced,short,mixed,10,5,2025,50,-0.13,-0.32,-0.13,0.498,10.0,0.171,0,0.68
v16,balanced,short,mixed,10,5,2026,35,-0.069,-0.1,-0.069,0.466,10,0.124,0,0.721
v16,balanced,short,mixed,10,20,ALL,173,-0.611,-1.18,-0.612,0.396,10,0.129,0,0.685
v16,balanced,short,mixed,10,20,P1,91,-0.285,-0.45,-0.287,0.378,10,0.102,0,0.673
v16,balanced,short,mixed,10,20,P2,82,-0.972,-1.18,-0.972,0.416,10.0,0.157,0,0.696
v16,balanced,short,mixed,10,20,2023,40,-0.294,-0.61,-0.288,0.418,10.0,0.076,0,0.677
v16,balanced,short,mixed,10,20,2024,51,-0.277,-0.26,-0.286,0.346,10,0.126,0,0.668
v16,balanced,short,mixed,10,20,2025,50,-0.96,-0.87,-0.96,0.412,10.0,0.171,0,0.68
v16,balanced,short,mixed,10,20,2026,32,-0.991,-0.82,-0.991,0.422,10.0,0.136,0,0.719
v16,balanced,short,mixed,10,63,ALL,165,-1.627,-1.13,-1.629,0.343,10,0.134,0,0.681
v16,balanced,short,mixed,10,63,P1,91,-1.655,-1.86,-1.658,0.316,10,0.102,0,0.673
v16,balanced,short,mixed,10,63,P2,74,-1.594,-0.53,-1.594,0.376,10.0,0.171,0,0.689
v16,balanced,short,mixed,10,63,2023,40,-2.414,-3.76,-2.425,0.328,10.0,0.076,0,0.677
v16,balanced,short,mixed,10,63,2024,51,-1.059,-0.74,-1.057,0.307,10,0.126,0,0.668
v16,balanced,short,mixed,10,63,2025,50,1.367,0.37,1.367,0.426,10.0,0.171,0,0.68
v16,balanced,short,mixed,10,63,2026,24,-7.764,-5.66,-7.764,0.271,10.0,0.171,0,0.704
v16,balanced,short,mixed,20,5,ALL,176,-0.125,-0.7,-0.126,0.458,20.0,0.142,0,0.625
v16,balanced,short,mixed,20,5,P1,91,-0.212,-1.08,-0.212,0.431,20,0.115,0,0.621
v16,balanced,short,mixed,20,5,P2,85,-0.032,-0.11,-0.033,0.486,20,0.17,0,0.63
v16,balanced,short,mixed,20,5,2023,40,-0.295,-1.32,-0.296,0.44,20.0,0.093,0,0.605
v16,balanced,short,mixed,20,5,2024,51,-0.146,-0.48,-0.147,0.424,20,0.133,0,0.631
v16,balanced,short,mixed,20,5,2025,50,-0.031,-0.09,-0.032,0.479,20.0,0.191,0,0.623
v16,balanced,short,mixed,20,5,2026,35,-0.035,-0.06,-0.035,0.494,20,0.141,0,0.641
v16,balanced,short,mixed,20,20,ALL,173,-0.693,-1.56,-0.693,0.398,20,0.144,0,0.623
v16,balanced,short,mixed,20,20,P1,91,-0.692,-1.34,-0.693,0.371,20,0.115,0,0.621
v16,balanced,short,mixed,20,20,P2,82,-0.694,-0.94,-0.693,0.428,20.0,0.176,0,0.627
v16,balanced,short,mixed,20,20,2023,40,-0.871,-2.11,-0.871,0.406,20.0,0.093,0,0.605
v16,balanced,short,mixed,20,20,2024,51,-0.551,-0.65,-0.553,0.344,20,0.133,0,0.631
v16,balanced,short,mixed,20,20,2025,50,-0.523,-0.51,-0.52,0.429,20.0,0.191,0,0.623
v16,balanced,short,mixed,20,20,2026,32,-0.962,-0.96,-0.962,0.427,20.0,0.153,0,0.635
v16,balanced,short,mixed,20,63,ALL,165,-1.489,-1.08,-1.489,0.361,20,0.15,0,0.621
v16,balanced,short,mixed,20,63,P1,91,-2.055,-3.1,-2.061,0.333,20,0.115,0,0.621
v16,balanced,short,mixed,20,63,P2,74,-0.793,-0.27,-0.785,0.395,20.0,0.192,0,0.623
v16,balanced,short,mixed,20,63,2023,40,-2.331,-6.41,-2.338,0.361,20.0,0.093,0,0.605
v16,balanced,short,mixed,20,63,2024,51,-1.839,-1.62,-1.843,0.31,20,0.133,0,0.631
v16,balanced,short,mixed,20,63,2025,50,2.164,0.6,2.176,0.44,20.0,0.191,0,0.623
v16,balanced,short,mixed,20,63,2026,24,-6.954,-4.59,-6.954,0.3,20.0,0.196,0,0.624
v16,balanced,short,stock,10,5,ALL,176,-0.043,-0.18,-0.043,0.482,10.0,0.139,0,0.673
v16,balanced,short,stock,10,5,P1,91,-0.083,-0.31,-0.083,0.461,10,0.115,0,0.678
v16,balanced,short,stock,10,5,P2,85,-0.0,-0.0,-0.0,0.505,10,0.165,0,0.668
v16,balanced,short,stock,10,5,2023,40,-0.021,-0.07,-0.016,0.462,10.0,0.09,0,0.644
v16,balanced,short,stock,10,5,2024,51,-0.133,-0.32,-0.136,0.459,10,0.135,0,0.704
v16,balanced,short,stock,10,5,2025,50,-0.079,-0.18,-0.079,0.514,10.0,0.184,0,0.651
v16,balanced,short,stock,10,5,2026,35,0.112,0.14,0.112,0.491,10,0.137,0,0.688
v16,balanced,short,stock,10,20,ALL,173,-0.431,-0.73,-0.431,0.461,10,0.142,0,0.673
v16,balanced,short,stock,10,20,P1,91,0.138,0.2,0.137,0.482,10,0.115,0,0.678
v16,balanced,short,stock,10,20,P2,82,-1.062,-1.11,-1.062,0.437,10.0,0.171,0,0.667
v16,balanced,short,stock,10,20,2023,40,-0.052,-0.08,-0.043,0.471,10.0,0.09,0,0.644
v16,balanced,short,stock,10,20,2024,51,0.287,0.26,0.279,0.491,10,0.135,0,0.704
v16,balanced,short,stock,10,20,2025,50,-1.279,-0.99,-1.279,0.434,10.0,0.184,0,0.651
v16,balanced,short,stock,10,20,2026,32,-0.724,-0.53,-0.724,0.441,10.0,0.15,0,0.687
v16,balanced,short,stock,10,63,ALL,165,0.345,0.21,0.352,0.434,10,0.147,0,0.672
v16,balanced,short,stock,10,63,P1,91,0.719,0.71,0.732,0.436,10,0.115,0,0.678
v16,balanced,short,stock,10,63,P2,74,-0.115,-0.03,-0.115,0.432,10.0,0.185,0,0.664
v16,balanced,short,stock,10,63,2023,40,-0.37,-0.46,-0.353,0.419,10.0,0.09,0,0.644
v16,balanced,short,stock,10,63,2024,51,1.574,1.04,1.582,0.448,10,0.135,0,0.704
v16,balanced,short,stock,10,63,2025,50,3.138,0.75,3.138,0.474,10.0,0.184,0,0.651
v16,balanced,short,stock,10,63,2026,24,-6.891,-3.15,-6.891,0.346,10.0,0.188,0,0.687
v16,balanced,short,stock,20,5,ALL,176,-0.088,-0.47,-0.088,0.475,20.0,0.141,1,0.609
v16,balanced,short,stock,20,5,P1,91,-0.16,-0.78,-0.161,0.456,20,0.114,0,0.61
v16,balanced,short,stock,20,5,P2,85,-0.01,-0.03,-0.011,0.495,20,0.17,1,0.61
v16,balanced,short,stock,20,5,2023,40,-0.358,-1.31,-0.36,0.455,20.0,0.103,0,0.605
v16,balanced,short,stock,20,5,2024,51,-0.005,-0.02,-0.005,0.456,20,0.123,0,0.613
v16,balanced,short,stock,20,5,2025,50,-0.01,-0.03,-0.009,0.49,20.0,0.19,1,0.595
v16,balanced,short,stock,20,5,2026,35,-0.011,-0.02,-0.014,0.502,20,0.143,0,0.634
v16,balanced,short,stock,20,20,ALL,173,-0.492,-1.03,-0.494,0.448,20,0.143,1,0.607
v16,balanced,short,stock,20,20,P1,91,-0.266,-0.46,-0.266,0.457,20,0.114,0,0.61
v16,balanced,short,stock,20,20,P2,82,-0.743,-0.97,-0.748,0.439,20.0,0.176,1,0.605
v16,balanced,short,stock,20,20,2023,40,-1.002,-2.04,-1.003,0.435,20.0,0.103,0,0.605
v16,balanced,short,stock,20,20,2024,51,0.312,0.34,0.311,0.474,20,0.123,0,0.613
v16,balanced,short,stock,20,20,2025,50,-0.566,-0.52,-0.57,0.445,20.0,0.19,1,0.595
v16,balanced,short,stock,20,20,2026,32,-1.019,-1.04,-1.025,0.429,20.0,0.155,0,0.624
v16,balanced,short,stock,20,63,ALL,165,-0.39,-0.27,-0.408,0.422,20,0.149,1,0.605
v16,balanced,short,stock,20,63,P1,91,-0.582,-0.8,-0.583,0.421,20,0.114,0,0.61
v16,balanced,short,stock,20,63,P2,74,-0.154,-0.05,-0.192,0.423,20.0,0.193,1,0.599
v16,balanced,short,stock,20,63,2023,40,-1.566,-2.6,-1.568,0.407,20.0,0.103,0,0.605
v16,balanced,short,stock,20,63,2024,51,0.189,0.19,0.189,0.432,20,0.123,0,0.613
v16,balanced,short,stock,20,63,2025,50,2.761,0.74,2.71,0.469,20.0,0.19,1,0.595
v16,balanced,short,stock,20,63,2026,24,-6.227,-3.22,-6.237,0.328,20.0,0.2,0,0.613
v16,conservative,long,mixed,10,5,ALL,176,-0.276,-2.0,-0.267,0.447,10.0,0.077,1,0.784
v16,conservative,long,mixed,10,5,P1,91,-0.305,-1.81,-0.305,0.452,10,0.044,0,0.772
v16,conservative,long,mixed,10,5,P2,85,-0.246,-1.11,-0.226,0.442,10,0.111,1,0.798
v16,conservative,long,mixed,10,5,2023,40,-0.443,-1.99,-0.443,0.44,10.0,0.046,0,0.777
v16,conservative,long,mixed,10,5,2024,51,-0.196,-0.81,-0.196,0.461,10,0.043,0,0.766
v16,conservative,long,mixed,10,5,2025,50,-0.281,-1.0,-0.246,0.434,10.0,0.129,1,0.814
v16,conservative,long,mixed,10,5,2026,35,-0.196,-0.54,-0.196,0.454,10,0.085,0,0.774
v16,conservative,long,mixed,10,20,ALL,173,-1.349,-3.73,-1.317,0.394,10,0.077,1,0.785
v16,conservative,long,mixed,10,20,P1,91,-1.179,-2.52,-1.179,0.401,10,0.044,0,0.772
v16,conservative,long,mixed,10,20,P2,82,-1.538,-2.76,-1.47,0.385,10.0,0.114,1,0.801
v16,conservative,long,mixed,10,20,2023,40,-1.341,-2.13,-1.341,0.383,10.0,0.046,0,0.777
v16,conservative,long,mixed,10,20,2024,51,-1.051,-1.54,-1.051,0.416,10,0.043,0,0.766
v16,conservative,long,mixed,10,20,2025,50,-1.289,-1.93,-1.178,0.392,10.0,0.129,1,0.814
v16,conservative,long,mixed,10,20,2026,32,-1.927,-2.03,-1.927,0.375,10.0,0.09,0,0.781
v16,conservative,long,mixed,10,63,ALL,165,-3.251,-3.03,-3.252,0.349,10,0.077,1,0.784
v16,conservative,long,mixed,10,63,P1,91,-3.047,-3.29,-3.047,0.345,10,0.044,0,0.772
v16,conservative,long,mixed,10,63,P2,74,-3.502,-1.67,-3.504,0.354,10.0,0.117,1,0.8
v16,conservative,long,mixed,10,63,2023,40,-4.146,-4.0,-4.146,0.295,10.0,0.046,0,0.777
v16,conservative,long,mixed,10,63,2024,51,-2.184,-1.69,-2.184,0.384,10,0.043,0,0.766
v16,conservative,long,mixed,10,63,2025,50,-2.311,-0.87,-2.313,0.394,10.0,0.129,1,0.814
v16,conservative,long,mixed,10,63,2026,24,-5.984,-2.48,-5.984,0.271,10.0,0.091,0,0.77
v16,conservative,long,mixed,20,5,ALL,176,-0.308,-2.45,-0.299,0.445,20.0,0.092,13,0.771
v16,conservative,long,mixed,20,5,P1,91,-0.306,-1.98,-0.305,0.45,20,0.067,6,0.759
v16,conservative,long,mixed,20,5,P2,85,-0.309,-1.54,-0.293,0.44,20,0.119,7,0.784
v16,conservative,long,mixed,20,5,2023,40,-0.423,-2.15,-0.425,0.44,20.0,0.077,5,0.754
v16,conservative,long,mixed,20,5,2024,51,-0.215,-0.94,-0.211,0.458,20,0.06,1,0.759
v16,conservative,long,mixed,20,5,2025,50,-0.371,-1.57,-0.328,0.432,20.0,0.138,6,0.791
v16,conservative,long,mixed,20,5,2026,35,-0.22,-0.63,-0.243,0.451,20,0.092,1,0.771
v16,conservative,long,mixed,20,20,ALL,173,-1.288,-3.53,-1.269,0.399,20,0.094,13,0.772
v16,conservative,long,mixed,20,20,P1,91,-1.12,-2.47,-1.149,0.395,20,0.067,6,0.759
v16,conservative,long,mixed,20,20,P2,82,-1.475,-2.56,-1.402,0.403,20.0,0.123,7,0.785
v16,conservative,long,mixed,20,20,2023,40,-1.257,-2.21,-1.325,0.378,20.0,0.077,5,0.754
v16,conservative,long,mixed,20,20,2024,51,-1.013,-1.5,-1.011,0.408,20,0.06,1,0.759
v16,conservative,long,mixed,20,20,2025,50,-1.308,-1.91,-1.184,0.408,20.0,0.138,6,0.791
v16,conservative,long,mixed,20,20,2026,32,-1.738,-1.77,-1.743,0.395,20.0,0.099,1,0.774
v16,conservative,long,mixed,20,63,ALL,165,-3.251,-3.29,-3.318,0.357,20,0.094,13,0.771
v16,conservative,long,mixed,20,63,P1,91,-3.163,-3.69,-3.207,0.348,20,0.067,6,0.759
v16,conservative,long,mixed,20,63,P2,74,-3.359,-1.76,-3.454,0.367,20.0,0.128,7,0.787
v16,conservative,long,mixed,20,63,2023,40,-4.104,-5.02,-4.209,0.305,20.0,0.077,5,0.754
v16,conservative,long,mixed,20,63,2024,51,-2.424,-1.87,-2.421,0.383,20,0.06,1,0.759
v16,conservative,long,mixed,20,63,2025,50,-2.191,-0.91,-2.315,0.402,20.0,0.138,6,0.791
v16,conservative,long,mixed,20,63,2026,24,-5.794,-2.79,-5.827,0.293,20.0,0.106,1,0.774
v16,conservative,long,stock,10,5,ALL,176,-0.279,-1.95,-0.263,0.456,10.0,0.081,3,0.785
v16,conservative,long,stock,10,5,P1,91,-0.319,-1.84,-0.319,0.464,10,0.048,0,0.766
v16,conservative,long,stock,10,5,P2,85,-0.236,-1.02,-0.203,0.448,10,0.116,3,0.806
v16,conservative,long,stock,10,5,2023,40,-0.448,-1.91,-0.448,0.455,10.0,0.053,0,0.759
v16,conservative,long,stock,10,5,2024,51,-0.218,-0.88,-0.218,0.471,10,0.045,0,0.768
v16,conservative,long,stock,10,5,2025,50,-0.218,-0.74,-0.162,0.443,10.0,0.134,3,0.82
v16,conservative,long,stock,10,5,2026,35,-0.262,-0.7,-0.262,0.454,10,0.091,0,0.785
v16,conservative,long,stock,10,20,ALL,173,-1.24,-3.38,-1.207,0.414,10,0.082,3,0.786
v16,conservative,long,stock,10,20,P1,91,-1.079,-2.3,-1.079,0.426,10,0.048,0,0.766
v16,conservative,long,stock,10,20,P2,82,-1.419,-2.49,-1.35,0.401,10.0,0.12,3,0.81
v16,conservative,long,stock,10,20,2023,40,-1.349,-2.19,-1.349,0.398,10.0,0.053,0,0.759
v16,conservative,long,stock,10,20,2024,51,-0.866,-1.28,-0.866,0.449,10,0.045,0,0.768
v16,conservative,long,stock,10,20,2025,50,-1.124,-1.65,-1.01,0.415,10.0,0.134,3,0.82
v16,conservative,long,stock,10,20,2026,32,-1.88,-1.96,-1.88,0.378,10.0,0.097,0,0.794
v16,conservative,long,stock,10,63,ALL,165,-2.895,-2.73,-2.935,0.369,10,0.082,3,0.785
v16,conservative,long,stock,10,63,P1,91,-2.692,-2.98,-2.692,0.368,10,0.048,0,0.766
v16,conservative,long,stock,10,63,P2,74,-3.144,-1.51,-3.233,0.371,10.0,0.123,3,0.81
v16,conservative,long,stock,10,63,2023,40,-3.825,-3.85,-3.825,0.312,10.0,0.053,0,0.759
v16,conservative,long,stock,10,63,2024,51,-1.803,-1.42,-1.803,0.412,10,0.045,0,0.768
v16,conservative,long,stock,10,63,2025,50,-1.848,-0.71,-1.979,0.411,10.0,0.134,3,0.82
v16,conservative,long,stock,10,63,2026,24,-5.846,-2.38,-5.846,0.288,10.0,0.1,0,0.787
v16,conservative,long,stock,20,5,ALL,176,-0.278,-2.17,-0.258,0.455,20.0,0.095,18,0.773
v16,conservative,long,stock,20,5,P1,91,-0.283,-1.81,-0.281,0.459,20,0.071,11,0.764
v16,conservative,long,stock,20,5,P2,85,-0.272,-1.33,-0.232,0.452,20,0.12,7,0.783
v16,conservative,long,stock,20,5,2023,40,-0.442,-2.13,-0.449,0.446,20.0,0.081,9,0.764
v16,conservative,long,stock,20,5,2024,51,-0.159,-0.71,-0.15,0.469,20,0.064,2,0.761
v16,conservative,long,stock,20,5,2025,50,-0.311,-1.26,-0.227,0.446,20.0,0.14,6,0.79
v16,conservative,long,stock,20,5,2026,35,-0.215,-0.61,-0.239,0.459,20,0.092,1,0.771
v16,conservative,long,stock,20,20,ALL,173,-1.259,-3.42,-1.238,0.417,20,0.096,18,0.774
v16,conservative,long,stock,20,20,P1,91,-1.051,-2.3,-1.093,0.423,20,0.071,11,0.764
v16,conservative,long,stock,20,20,P2,82,-1.491,-2.55,-1.398,0.411,20.0,0.124,7,0.785
v16,conservative,long,stock,20,20,2023,40,-1.257,-2.19,-1.356,0.402,20.0,0.081,9,0.764
v16,conservative,long,stock,20,20,2024,51,-0.889,-1.31,-0.887,0.44,20,0.064,2,0.761
v16,conservative,long,stock,20,20,2025,50,-1.332,-1.96,-1.176,0.418,20.0,0.14,6,0.79
v16,conservative,long,stock,20,20,2026,32,-1.74,-1.73,-1.745,0.4,20.0,0.099,1,0.774
v16,conservative,long,stock,20,63,ALL,165,-2.965,-3.12,-3.073,0.374,20,0.097,18,0.774
v16,conservative,long,stock,20,63,P1,91,-2.776,-3.38,-2.829,0.371,20,0.071,11,0.764
v16,conservative,long,stock,20,63,P2,74,-3.197,-1.73,-3.373,0.377,20.0,0.129,7,0.787
v16,conservative,long,stock,20,63,2023,40,-3.466,-4.79,-3.592,0.332,20.0,0.081,9,0.764
v16,conservative,long,stock,20,63,2024,51,-2.235,-1.72,-2.231,0.402,20,0.064,2,0.761
v16,conservative,long,stock,20,63,2025,50,-2.005,-0.88,-2.249,0.412,20.0,0.14,6,0.79
v16,conservative,long,stock,20,63,2026,24,-5.681,-2.71,-5.714,0.304,20.0,0.108,1,0.776
v16,conservative,mid,mixed,10,5,ALL,176,-0.289,-2.08,-0.261,0.45,10.0,0.074,2,0.791
v16,conservative,mid,mixed,10,5,P1,91,-0.304,-1.83,-0.304,0.455,10,0.04,0,0.779
v16,conservative,mid,mixed,10,5,P2,85,-0.273,-1.21,-0.215,0.444,10,0.11,2,0.806
v16,conservative,mid,mixed,10,5,2023,40,-0.469,-2.13,-0.469,0.443,10.0,0.037,0,0.777
v16,conservative,mid,mixed,10,5,2024,51,-0.175,-0.73,-0.175,0.465,10,0.042,0,0.778
v16,conservative,mid,mixed,10,5,2025,50,-0.319,-1.13,-0.221,0.437,10.0,0.127,2,0.824
v16,conservative,mid,mixed,10,5,2026,35,-0.208,-0.56,-0.208,0.454,10,0.086,0,0.779
v16,conservative,mid,mixed,10,20,ALL,173,-1.324,-3.61,-1.266,0.393,10,0.075,2,0.793
v16,conservative,mid,mixed,10,20,P1,91,-1.211,-2.54,-1.211,0.397,10,0.04,0,0.779
v16,conservative,mid,mixed,10,20,P2,82,-1.449,-2.57,-1.327,0.388,10.0,0.113,2,0.81
v16,conservative,mid,mixed,10,20,2023,40,-1.449,-2.35,-1.449,0.37,10.0,0.037,0,0.777
v16,conservative,mid,mixed,10,20,2024,51,-1.025,-1.45,-1.025,0.418,10,0.042,0,0.778
v16,conservative,mid,mixed,10,20,2025,50,-1.247,-1.86,-1.047,0.393,10.0,0.127,2,0.824
v16,conservative,mid,mixed,10,20,2026,32,-1.766,-1.82,-1.766,0.381,10.0,0.091,0,0.787
v16,conservative,mid,mixed,10,63,ALL,165,-3.238,-2.95,-3.24,0.347,10,0.074,2,0.791
v16,conservative,mid,mixed,10,63,P1,91,-3.147,-3.28,-3.147,0.338,10,0.04,0,0.779
v16,conservative,mid,mixed,10,63,P2,74,-3.35,-1.57,-3.353,0.358,10.0,0.116,2,0.808
v16,conservative,mid,mixed,10,63,2023,40,-4.487,-4.47,-4.487,0.277,10.0,0.037,0,0.777
v16,conservative,mid,mixed,10,63,2024,51,-2.096,-1.58,-2.096,0.386,10,0.042,0,0.778
v16,conservative,mid,mixed,10,63,2025,50,-2.155,-0.79,-2.159,0.396,10.0,0.127,2,0.824
v16,conservative,mid,mixed,10,63,2026,24,-5.841,-2.41,-5.841,0.279,10.0,0.092,0,0.774
v16,conservative,mid,mixed,20,5,ALL,176,-0.31,-2.46,-0.282,0.445,20.0,0.087,26,0.768
v16,conservative,mid,mixed,20,5,P1,91,-0.329,-2.2,-0.331,0.443,20,0.063,16,0.753
v16,conservative,mid,mixed,20,5,P2,85,-0.29,-1.41,-0.23,0.447,20,0.113,10,0.784
v16,conservative,mid,mixed,20,5,2023,40,-0.421,-2.23,-0.433,0.434,20.0,0.064,12,0.742
v16,conservative,mid,mixed,20,5,2024,51,-0.256,-1.16,-0.251,0.451,20,0.062,4,0.758
v16,conservative,mid,mixed,20,5,2025,50,-0.36,-1.48,-0.249,0.442,20.0,0.134,8,0.786
v16,conservative,mid,mixed,20,5,2026,35,-0.191,-0.53,-0.203,0.454,20,0.083,2,0.779
v16,conservative,mid,mixed,20,20,ALL,173,-1.297,-3.57,-1.271,0.395,20,0.088,26,0.769
v16,conservative,mid,mixed,20,20,P1,91,-1.136,-2.57,-1.193,0.389,20,0.063,16,0.753
v16,conservative,mid,mixed,20,20,P2,82,-1.475,-2.52,-1.358,0.401,20.0,0.117,10,0.786
v16,conservative,mid,mixed,20,20,2023,40,-1.253,-2.31,-1.369,0.371,20.0,0.064,12,0.742
v16,conservative,mid,mixed,20,20,2024,51,-1.045,-1.56,-1.054,0.403,20,0.062,4,0.758
v16,conservative,mid,mixed,20,20,2025,50,-1.306,-1.92,-1.091,0.406,20.0,0.134,8,0.786
v16,conservative,mid,mixed,20,20,2026,32,-1.739,-1.71,-1.775,0.393,20.0,0.089,2,0.784
v16,conservative,mid,mixed,20,63,ALL,165,-3.193,-3.19,-3.293,0.352,20,0.09,26,0.768
v16,conservative,mid,mixed,20,63,P1,91,-3.108,-3.62,-3.198,0.344,20,0.063,16,0.753
v16,conservative,mid,mixed,20,63,P2,74,-3.297,-1.71,-3.41,0.362,20.0,0.123,10,0.787
v16,conservative,mid,mixed,20,63,2023,40,-3.915,-4.31,-4.083,0.301,20.0,0.064,12,0.742
v16,conservative,mid,mixed,20,63,2024,51,-2.475,-1.9,-2.504,0.378,20,0.062,4,0.758
v16,conservative,mid,mixed,20,63,2025,50,-2.122,-0.87,-2.231,0.399,20.0,0.134,8,0.786
v16,conservative,mid,mixed,20,63,2026,24,-5.743,-2.76,-5.864,0.284,20.0,0.098,2,0.785
v16,conservative,mid,stock,10,5,ALL,176,-0.295,-2.04,-0.26,0.456,10.0,0.081,4,0.787
v16,conservative,mid,stock,10,5,P1,91,-0.35,-2.01,-0.348,0.46,10,0.051,1,0.769
v16,conservative,mid,stock,10,5,P2,85,-0.236,-1.01,-0.166,0.451,10,0.114,3,0.808
v16,conservative,mid,stock,10,5,2023,40,-0.49,-2.03,-0.486,0.45,10.0,0.055,1,0.759
v16,conservative,mid,stock,10,5,2024,51,-0.24,-0.98,-0.24,0.469,10,0.047,0,0.776
v16,conservative,mid,stock,10,5,2025,50,-0.25,-0.85,-0.13,0.449,10.0,0.13,3,0.822
v16,conservative,mid,stock,10,5,2026,35,-0.216,-0.57,-0.216,0.454,10,0.091,0,0.788
v16,conservative,mid,stock,10,20,ALL,173,-1.235,-3.33,-1.17,0.415,10,0.082,4,0.789
v16,conservative,mid,stock,10,20,P1,91,-1.146,-2.35,-1.134,0.424,10,0.051,1,0.769
v16,conservative,mid,stock,10,20,P2,82,-1.333,-2.36,-1.209,0.405,10.0,0.117,3,0.812
v16,conservative,mid,stock,10,20,2023,40,-1.491,-2.27,-1.464,0.384,10.0,0.055,1,0.759
v16,conservative,mid,stock,10,20,2024,51,-0.876,-1.25,-0.876,0.455,10,0.047,0,0.776
v16,conservative,mid,stock,10,20,2025,50,-1.11,-1.67,-0.906,0.412,10.0,0.13,3,0.822
v16,conservative,mid,stock,10,20,2026,32,-1.682,-1.71,-1.682,0.394,10.0,0.097,0,0.797
v16,conservative,mid,stock,10,63,ALL,165,-2.923,-2.76,-2.958,0.372,10,0.082,4,0.788
v16,conservative,mid,stock,10,63,P1,91,-2.771,-3.02,-2.764,0.37,10,0.051,1,0.769
v16,conservative,mid,stock,10,63,P2,74,-3.109,-1.51,-3.197,0.374,10.0,0.12,3,0.812
v16,conservative,mid,stock,10,63,2023,40,-3.993,-4.24,-3.975,0.311,10.0,0.055,1,0.759
v16,conservative,mid,stock,10,63,2024,51,-1.813,-1.4,-1.813,0.416,10,0.047,0,0.776
v16,conservative,mid,stock,10,63,2025,50,-1.802,-0.7,-1.932,0.414,10.0,0.13,3,0.822
v16,conservative,mid,stock,10,63,2026,24,-5.832,-2.4,-5.832,0.292,10.0,0.1,0,0.791
v16,conservative,mid,stock,20,5,ALL,176,-0.291,-2.27,-0.248,0.456,20.0,0.088,35,0.775
v16,conservative,mid,stock,20,5,P1,91,-0.307,-2.02,-0.304,0.459,20,0.064,22,0.764
v16,conservative,mid,stock,20,5,P2,85,-0.273,-1.31,-0.188,0.454,20,0.114,13,0.786
v16,conservative,mid,stock,20,5,2023,40,-0.456,-2.33,-0.479,0.445,20.0,0.064,17,0.764
v16,conservative,mid,stock,20,5,2024,51,-0.191,-0.86,-0.166,0.469,20,0.064,5,0.763
v16,conservative,mid,stock,20,5,2025,50,-0.326,-1.31,-0.173,0.453,20.0,0.135,11,0.789
v16,conservative,mid,stock,20,5,2026,35,-0.197,-0.54,-0.209,0.456,20,0.085,2,0.779
v16,conservative,mid,stock,20,20,ALL,173,-1.215,-3.3,-1.174,0.417,20,0.089,35,0.775
v16,conservative,mid,stock,20,20,P1,91,-0.973,-2.2,-1.019,0.425,20,0.064,22,0.764
v16,conservative,mid,stock,20,20,P2,82,-1.483,-2.5,-1.346,0.409,20.0,0.118,13,0.788
v16,conservative,mid,stock,20,20,2023,40,-1.209,-2.22,-1.305,0.401,20.0,0.064,17,0.764
v16,conservative,mid,stock,20,20,2024,51,-0.788,-1.19,-0.794,0.443,20,0.064,5,0.763
v16,conservative,mid,stock,20,20,2025,50,-1.34,-1.96,-1.092,0.417,20.0,0.135,11,0.789
v16,conservative,mid,stock,20,20,2026,32,-1.706,-1.64,-1.743,0.397,20.0,0.092,2,0.784
v16,conservative,mid,stock,20,63,ALL,165,-2.922,-3.05,-3.055,0.371,20,0.09,35,0.775
v16,conservative,mid,stock,20,63,P1,91,-2.682,-3.34,-2.768,0.371,20,0.064,22,0.764
v16,conservative,mid,stock,20,63,P2,74,-3.218,-1.72,-3.408,0.371,20.0,0.123,13,0.789
v16,conservative,mid,stock,20,63,2023,40,-3.409,-5.19,-3.571,0.33,20.0,0.064,17,0.764
v16,conservative,mid,stock,20,63,2024,51,-2.111,-1.65,-2.139,0.403,20,0.064,5,0.763
v16,conservative,mid,stock,20,63,2025,50,-2.07,-0.89,-2.292,0.405,20.0,0.135,11,0.789
v16,conservative,mid,stock,20,63,2026,24,-5.612,-2.64,-5.733,0.299,20.0,0.099,2,0.787
v16,conservative,short,mixed,10,5,ALL,176,-0.339,-2.43,-0.33,0.439,10.0,0.071,6,0.79
v16,conservative,short,mixed,10,5,P1,91,-0.341,-2.09,-0.338,0.446,10,0.038,1,0.776
v16,conservative,short,mixed,10,5,P2,85,-0.337,-1.46,-0.322,0.432,10,0.105,5,0.806
v16,conservative,short,mixed,10,5,2023,40,-0.433,-2.0,-0.427,0.454,10.0,0.041,1,0.769
v16,conservative,short,mixed,10,5,2024,51,-0.268,-1.14,-0.268,0.439,10,0.035,0,0.778
v16,conservative,short,mixed,10,5,2025,50,-0.45,-1.66,-0.416,0.421,10.0,0.119,4,0.82
v16,conservative,short,mixed,10,5,2026,35,-0.176,-0.44,-0.189,0.449,10,0.086,1,0.785
v16,conservative,short,mixed,10,20,ALL,173,-1.358,-3.69,-1.334,0.395,10,0.071,6,0.791
v16,conservative,short,mixed,10,20,P1,91,-1.106,-2.37,-1.107,0.401,10,0.038,1,0.776
v16,conservative,short,mixed,10,20,P2,82,-1.639,-2.87,-1.587,0.387,10.0,0.108,5,0.809
v16,conservative,short,mixed,10,20,2023,40,-1.274,-1.96,-1.276,0.381,10.0,0.041,1,0.769
v16,conservative,short,mixed,10,20,2024,51,-0.974,-1.46,-0.974,0.418,10,0.035,0,0.778
v16,conservative,short,mixed,10,20,2025,50,-1.293,-1.84,-1.188,0.403,10.0,0.119,4,0.82
v16,conservative,short,mixed,10,20,2026,32,-2.179,-2.34,-2.21,0.362,10.0,0.091,1,0.79
v16,conservative,short,mixed,10,63,ALL,165,-3.276,-2.96,-3.244,0.355,10,0.07,6,0.789
v16,conservative,short,mixed,10,63,P1,91,-3.151,-3.29,-3.153,0.342,10,0.038,1,0.776
v16,conservative,short,mixed,10,63,P2,74,-3.43,-1.6,-3.356,0.371,10.0,0.11,5,0.807
v16,conservative,short,mixed,10,63,2023,40,-4.302,-4.48,-4.306,0.285,10.0,0.041,1,0.769
v16,conservative,short,mixed,10,63,2024,51,-2.249,-1.6,-2.249,0.386,10,0.035,0,0.778
v16,conservative,short,mixed,10,63,2025,50,-2.101,-0.77,-1.978,0.422,10.0,0.119,4,0.82
v16,conservative,short,mixed,10,63,2026,24,-6.198,-2.56,-6.225,0.267,10.0,0.092,1,0.778
v16,conservative,short,mixed,20,5,ALL,176,-0.32,-2.61,-0.3,0.444,20.0,0.083,46,0.78
v16,conservative,short,mixed,20,5,P1,91,-0.353,-2.42,-0.344,0.44,20,0.058,24,0.765
v16,conservative,short,mixed,20,5,P2,85,-0.284,-1.42,-0.252,0.447,20,0.11,22,0.796
v16,conservative,short,mixed,20,5,2023,40,-0.422,-2.32,-0.428,0.437,20.0,0.067,17,0.759
v16,conservative,short,mixed,20,5,2024,51,-0.299,-1.37,-0.279,0.443,20,0.052,7,0.767
v16,conservative,short,mixed,20,5,2025,50,-0.344,-1.39,-0.309,0.443,20.0,0.128,16,0.799
v16,conservative,short,mixed,20,5,2026,35,-0.199,-0.6,-0.171,0.453,20,0.084,6,0.79
v16,conservative,short,mixed,20,20,ALL,173,-1.249,-3.54,-1.29,0.395,20,0.084,46,0.781
v16,conservative,short,mixed,20,20,P1,91,-1.135,-2.6,-1.234,0.386,20,0.058,24,0.765
v16,conservative,short,mixed,20,20,P2,82,-1.377,-2.44,-1.352,0.405,20.0,0.113,22,0.799
v16,conservative,short,mixed,20,20,2023,40,-1.266,-2.31,-1.485,0.365,20.0,0.067,17,0.759
v16,conservative,short,mixed,20,20,2024,51,-1.031,-1.58,-1.038,0.403,20,0.052,7,0.767
v16,conservative,short,mixed,20,20,2025,50,-1.189,-1.75,-1.072,0.413,20.0,0.128,16,0.799
v16,conservative,short,mixed,20,20,2026,32,-1.67,-1.78,-1.789,0.391,20.0,0.091,6,0.796
v16,conservative,short,mixed,20,63,ALL,165,-3.239,-3.35,-3.4,0.352,20,0.085,46,0.781
v16,conservative,short,mixed,20,63,P1,91,-3.197,-3.74,-3.375,0.34,20,0.058,24,0.765
v16,conservative,short,mixed,20,63,P2,74,-3.292,-1.78,-3.43,0.367,20.0,0.117,22,0.8
v16,conservative,short,mixed,20,63,2023,40,-4.016,-4.37,-4.419,0.291,20.0,0.067,17,0.759
v16,conservative,short,mixed,20,63,2024,51,-2.554,-1.99,-2.557,0.378,20,0.052,7,0.767
v16,conservative,short,mixed,20,63,2025,50,-2.218,-0.93,-2.294,0.408,20.0,0.128,16,0.799
v16,conservative,short,mixed,20,63,2026,24,-5.528,-2.68,-5.796,0.281,20.0,0.096,6,0.798
v16,conservative,short,stock,10,5,ALL,176,-0.313,-2.18,-0.29,0.452,10.0,0.078,9,0.795
v16,conservative,short,stock,10,5,P1,91,-0.347,-2.06,-0.338,0.456,10,0.047,3,0.779
v16,conservative,short,stock,10,5,P2,85,-0.277,-1.17,-0.239,0.448,10,0.11,6,0.814
v16,conservative,short,stock,10,5,2023,40,-0.434,-1.9,-0.414,0.465,10.0,0.053,3,0.779
v16,conservative,short,stock,10,5,2024,51,-0.278,-1.16,-0.278,0.449,10,0.043,0,0.778
v16,conservative,short,stock,10,5,2025,50,-0.346,-1.22,-0.272,0.444,10.0,0.123,5,0.829
v16,conservative,short,stock,10,5,2026,35,-0.179,-0.44,-0.192,0.454,10,0.091,1,0.794
v16,conservative,short,stock,10,20,ALL,173,-1.253,-3.36,-1.206,0.42,10,0.078,9,0.797
v16,conservative,short,stock,10,20,P1,91,-1.061,-2.21,-1.039,0.428,10,0.047,3,0.779
v16,conservative,short,stock,10,20,P2,82,-1.467,-2.54,-1.391,0.411,10.0,0.113,6,0.817
v16,conservative,short,stock,10,20,2023,40,-1.418,-2.1,-1.368,0.391,10.0,0.053,3,0.779
v16,conservative,short,stock,10,20,2024,51,-0.78,-1.17,-0.78,0.457,10,0.043,0,0.778
v16,conservative,short,stock,10,20,2025,50,-1.138,-1.65,-0.993,0.434,10.0,0.123,5,0.829
v16,conservative,short,stock,10,20,2026,32,-1.982,-2.02,-2.013,0.375,10.0,0.097,1,0.8
v16,conservative,short,stock,10,63,ALL,165,-2.804,-2.63,-2.793,0.382,10,0.078,9,0.796
v16,conservative,short,stock,10,63,P1,91,-2.675,-2.95,-2.653,0.375,10,0.047,3,0.779
v16,conservative,short,stock,10,63,P2,74,-2.963,-1.42,-2.965,0.39,10.0,0.116,6,0.818
v16,conservative,short,stock,10,63,2023,40,-3.653,-4.37,-3.603,0.324,10.0,0.053,3,0.779
v16,conservative,short,stock,10,63,2024,51,-1.908,-1.38,-1.908,0.416,10,0.043,0,0.778
v16,conservative,short,stock,10,63,2025,50,-1.543,-0.6,-1.533,0.441,10.0,0.123,5,0.829
v16,conservative,short,stock,10,63,2026,24,-5.921,-2.36,-5.948,0.283,10.0,0.1,1,0.796
v16,conservative,short,stock,20,5,ALL,176,-0.293,-2.42,-0.252,0.458,20.0,0.084,60,0.788
v16,conservative,short,stock,20,5,P1,91,-0.319,-2.24,-0.298,0.459,20,0.06,33,0.776
v16,conservative,short,stock,20,5,P2,85,-0.266,-1.33,-0.202,0.457,20,0.109,27,0.8
v16,conservative,short,stock,20,5,2023,40,-0.409,-2.2,-0.42,0.454,18.0,0.064,25,0.78
v16,conservative,short,stock,20,5,2024,51,-0.248,-1.2,-0.203,0.462,20,0.057,8,0.772
v16,conservative,short,stock,20,5,2025,50,-0.323,-1.3,-0.227,0.456,20.0,0.128,20,0.809
v16,conservative,short,stock,20,5,2026,35,-0.185,-0.56,-0.166,0.46,20,0.083,7,0.786
v16,conservative,short,stock,20,20,ALL,173,-1.124,-3.17,-1.15,0.423,20,0.085,60,0.789
v16,conservative,short,stock,20,20,P1,91,-0.943,-2.18,-1.037,0.425,20,0.06,33,0.776
v16,conservative,short,stock,20,20,P2,82,-1.325,-2.33,-1.275,0.42,20.0,0.113,27,0.803
v16,conservative,short,stock,20,20,2023,40,-1.143,-2.06,-1.347,0.404,18.0,0.064,25,0.78
v16,conservative,short,stock,20,20,2024,51,-0.785,-1.23,-0.794,0.442,20,0.057,8,0.772
v16,conservative,short,stock,20,20,2025,50,-1.166,-1.67,-1.003,0.433,20.0,0.128,20,0.809
v16,conservative,short,stock,20,20,2026,32,-1.573,-1.7,-1.7,0.399,20.0,0.089,7,0.793
v16,conservative,short,stock,20,63,ALL,165,-2.812,-3.02,-3.009,0.376,20,0.085,60,0.79
v16,conservative,short,stock,20,63,P1,91,-2.591,-3.32,-2.778,0.375,20,0.06,33,0.776
v16,conservative,short,stock,20,63,P2,74,-3.084,-1.7,-3.294,0.378,20.0,0.117,27,0.806
v16,conservative,short,stock,20,63,2023,40,-3.2,-4.59,-3.621,0.331,18.0,0.064,25,0.78
v16,conservative,short,stock,20,63,2024,51,-2.113,-1.7,-2.116,0.409,20,0.057,8,0.772
v16,conservative,short,stock,20,63,2025,50,-2.04,-0.88,-2.196,0.417,20.0,0.128,20,0.809
v16,conservative,short,stock,20,63,2026,24,-5.261,-2.59,-5.581,0.296,20.0,0.094,7,0.799
