variant,profile,view,list_type,top,holding,period,days,days_observable,mean_slot_pct,t_slot,tail_5pct_mean_pct,worst_day_pct,mean_slot_legacy_pct,mean_slot_zero_pct,mean_slot_loss_pct,mean_unfilled_pct,hit_rate,median_listed,selected_names,observable_names,observable_share,empty_slots,n_ok,n_ok_bridged,n_ok_late_exit,n_renamed,n_censored_temporary,n_censored_terminal,n_censored_unknown,n_censored_unverified,n_no_entry_bar,n_identity_uncertain,days_short,turnover
d12m1,aggressive,long,mixed,10,5,ALL,148,148,0.036,0.12,-8.537,-15.972,0.03,0.028,-0.442,0.036,0.464,10.0,1480,1471,0.9939,0,1471,0,0,0,0,7,0,0,2,0,0,0.613
d12m1,aggressive,long,mixed,10,5,P1,63,63,-0.031,-0.08,-4.833,-7.088,-0.032,-0.031,-0.35,-0.031,0.433,10,630,628,0.9968,0,628,0,0,0,0,2,0,0,0,0,0,0.608
d12m1,aggressive,long,mixed,10,5,P2,85,85,0.085,0.18,-9.854,-15.972,0.075,0.071,-0.511,0.085,0.487,10,850,843,0.9918,0,843,0,0,0,0,5,0,0,2,0,0,0.615
d12m1,aggressive,long,mixed,10,5,2023,12,12,-0.284,-0.44,-4.637,-4.637,-0.284,-0.284,-0.284,-0.284,0.425,10.0,120,120,1.0,0,120,0,0,0,0,0,0,0,0,0,0,0.609
d12m1,aggressive,long,mixed,10,5,2024,51,51,0.029,0.07,-4.898,-7.088,0.028,0.028,-0.365,0.029,0.435,10,510,508,0.9961,0,508,0,0,0,0,2,0,0,0,0,0,0.602
d12m1,aggressive,long,mixed,10,5,2025,50,50,0.122,0.27,-6.752,-7.862,0.113,0.123,-0.465,0.122,0.485,10.0,500,496,0.992,0,496,0,0,0,0,3,0,0,1,0,0,0.606
d12m1,aggressive,long,mixed,10,5,2026,35,35,0.032,0.03,-13.237,-15.972,0.021,-0.003,-0.576,0.032,0.49,10,350,347,0.9914,0,347,0,0,0,0,2,0,0,1,0,0,0.629
d12m1,aggressive,long,mixed,10,20,ALL,145,145,-0.025,-0.03,-13.654,-20.133,-0.084,-0.043,-1.94,-0.025,0.425,10,1450,1421,0.98,0,1418,0,0,3,0,24,3,0,2,0,0,0.61
d12m1,aggressive,long,mixed,10,20,P1,63,63,0.377,0.35,-9.038,-10.116,0.304,0.346,-0.635,0.377,0.417,10,630,624,0.9905,0,624,0,0,0,0,6,0,0,0,0,0,0.608
d12m1,aggressive,long,mixed,10,20,P2,82,82,-0.334,-0.35,-15.662,-20.133,-0.382,-0.342,-2.943,-0.334,0.431,10.0,820,797,0.972,0,794,0,0,3,0,18,3,0,2,0,0,0.611
d12m1,aggressive,long,mixed,10,20,2023,12,12,-2.051,-2.44,-5.257,-5.257,-2.051,-2.051,-2.051,-2.051,0.35,10.0,120,120,1.0,0,120,0,0,0,0,0,0,0,0,0,0,0.609
d12m1,aggressive,long,mixed,10,20,2024,51,51,0.948,0.75,-9.675,-10.116,0.859,0.91,-0.302,0.948,0.433,10,510,504,0.9882,0,504,0,0,0,0,6,0,0,0,0,0,0.602
d12m1,aggressive,long,mixed,10,20,2025,50,50,-0.563,-0.51,-13.952,-19.229,-0.532,-0.533,-2.722,-0.563,0.404,10.0,500,488,0.976,0,488,0,0,0,0,11,0,0,1,0,0,0.606
d12m1,aggressive,long,mixed,10,20,2026,32,32,0.025,0.01,-17.515,-20.133,-0.149,-0.043,-3.287,0.025,0.473,10.0,320,309,0.9656,0,306,0,0,3,0,7,3,0,1,0,0,0.619
d12m1,aggressive,long,mixed,10,63,ALL,137,137,-0.07,-0.05,-20.736,-28.361,0.094,-0.259,-5.699,-0.07,0.4,10,1370,1298,0.9474,0,1292,0,0,6,0,70,0,0,2,0,0,0.605
d12m1,aggressive,long,mixed,10,63,P1,63,63,0.942,0.77,-12.31,-12.62,0.861,0.759,-2.67,0.942,0.388,10,630,610,0.9683,0,610,0,0,0,0,20,0,0,0,0,0,0.608
d12m1,aggressive,long,mixed,10,63,P2,74,74,-0.932,-0.35,-23.548,-28.361,-0.559,-1.125,-8.277,-0.932,0.409,10.0,740,688,0.9297,0,682,0,0,6,0,50,0,0,2,0,0,0.601
d12m1,aggressive,long,mixed,10,63,2023,12,12,2.504,2.63,-11.937,-11.937,1.558,2.014,-5.377,2.504,0.434,10.0,120,112,0.9333,0,112,0,0,0,0,8,0,0,0,0,0,0.609
d12m1,aggressive,long,mixed,10,63,2024,51,51,0.574,0.4,-12.434,-12.62,0.696,0.464,-2.033,0.574,0.377,10,510,498,0.9765,0,498,0,0,0,0,12,0,0,0,0,0,0.602
d12m1,aggressive,long,mixed,10,63,2025,50,50,0.536,0.17,-19.46,-20.446,1.244,0.323,-6.955,0.536,0.435,10.0,500,464,0.928,0,463,0,0,1,0,35,0,0,1,0,0,0.606
d12m1,aggressive,long,mixed,10,63,2026,24,24,-3.99,-0.94,-26.902,-28.361,-4.314,-4.142,-11.032,-3.99,0.355,10.0,240,224,0.9333,0,219,0,0,5,0,15,0,0,1,0,0,0.591
d12m1,aggressive,long,mixed,20,5,ALL,148,148,0.114,0.46,-6.93,-12.715,0.111,0.11,-0.262,0.114,0.477,20.0,2960,2943,0.9943,0,2943,0,0,0,0,9,2,0,6,0,0,0.582
d12m1,aggressive,long,mixed,20,5,P1,63,63,0.123,0.39,-3.785,-4.629,0.118,0.12,-0.12,0.123,0.443,20,1260,1256,0.9968,0,1256,0,0,0,0,3,0,0,1,0,0,0.573
d12m1,aggressive,long,mixed,20,5,P2,85,85,0.108,0.29,-8.083,-12.715,0.105,0.103,-0.367,0.108,0.503,20,1700,1687,0.9924,0,1687,0,0,0,0,6,2,0,5,0,0,0.588
d12m1,aggressive,long,mixed,20,5,2023,12,12,-0.138,-0.29,-3.384,-3.384,-0.138,-0.138,-0.138,-0.138,0.438,20.0,240,240,1.0,0,240,0,0,0,0,0,0,0,0,0,0,0.577
d12m1,aggressive,long,mixed,20,5,2024,51,51,0.184,0.5,-3.918,-4.629,0.178,0.181,-0.116,0.184,0.444,20,1020,1016,0.9961,0,1016,0,0,0,0,3,0,0,1,0,0,0.573
d12m1,aggressive,long,mixed,20,5,2025,50,50,0.203,0.55,-5.322,-7.168,0.198,0.206,-0.192,0.203,0.503,20.0,1000,993,0.993,0,993,0,0,0,0,4,0,0,3,0,0,0.582
d12m1,aggressive,long,mixed,20,5,2026,35,35,-0.029,-0.04,-10.383,-12.715,-0.028,-0.045,-0.616,-0.029,0.502,20,700,694,0.9914,0,694,0,0,0,0,2,2,0,2,0,0,0.603
d12m1,aggressive,long,mixed,20,20,ALL,145,145,0.126,0.19,-11.493,-15.458,0.083,0.107,-1.721,0.126,0.433,20,2900,2842,0.98,0,2839,0,0,3,0,49,3,0,6,0,0,0.58
d12m1,aggressive,long,mixed,20,20,P1,63,63,0.323,0.37,-7.495,-8.501,0.258,0.306,-1.173,0.323,0.413,20,1260,1241,0.9849,0,1241,0,0,0,0,18,0,0,1,0,0,0.573
d12m1,aggressive,long,mixed,20,20,P2,82,82,-0.025,-0.03,-13.063,-15.458,-0.051,-0.047,-2.141,-0.025,0.448,20.0,1640,1601,0.9762,0,1598,0,0,3,0,31,3,0,5,0,0,0.585
d12m1,aggressive,long,mixed,20,20,2023,12,12,-0.975,-1.38,-3.78,-3.78,-0.99,-0.929,-3.552,-0.975,0.405,20.0,240,234,0.975,0,234,0,0,0,0,6,0,0,0,0,0,0.577
d12m1,aggressive,long,mixed,20,20,2024,51,51,0.629,0.6,-7.732,-8.501,0.551,0.597,-0.613,0.629,0.415,20,1020,1007,0.9873,0,1007,0,0,0,0,12,0,0,1,0,0,0.573
d12m1,aggressive,long,mixed,20,20,2025,50,50,0.22,0.18,-12.38,-13.459,0.237,0.221,-1.784,0.22,0.449,20.0,1000,977,0.977,0,977,0,0,0,0,20,0,0,3,0,0,0.582
d12m1,aggressive,long,mixed,20,20,2026,32,32,-0.408,-0.26,-14.089,-15.458,-0.501,-0.464,-2.7,-0.408,0.446,20.0,640,624,0.975,0,621,0,0,3,0,11,3,0,2,0,0,0.597
d12m1,aggressive,long,mixed,20,63,ALL,137,137,0.438,0.25,-20.712,-24.823,0.51,0.286,-4.457,0.438,0.412,20,2740,2612,0.9533,0,2602,0,0,10,0,120,2,0,6,0,0,0.575
d12m1,aggressive,long,mixed,20,63,P1,63,63,0.566,0.55,-9.544,-12.259,0.619,0.471,-2.961,0.566,0.392,20,1260,1219,0.9675,0,1219,0,0,0,0,40,0,0,1,0,0,0.573
d12m1,aggressive,long,mixed,20,63,P2,74,74,0.329,0.1,-23.398,-24.823,0.417,0.129,-5.732,0.329,0.429,20.0,1480,1393,0.9412,0,1383,0,0,10,0,80,2,0,5,0,0,0.576
d12m1,aggressive,long,mixed,20,63,2023,12,12,1.942,3.5,-4.398,-4.398,1.461,1.802,-6.103,1.942,0.434,20.0,240,223,0.9292,0,223,0,0,0,0,17,0,0,0,0,0,0.577
d12m1,aggressive,long,mixed,20,63,2024,51,51,0.242,0.2,-9.928,-12.259,0.42,0.158,-2.221,0.242,0.383,20,1020,996,0.9765,0,996,0,0,0,0,23,0,0,1,0,0,0.573
d12m1,aggressive,long,mixed,20,63,2025,50,50,2.468,0.64,-17.131,-19.407,2.643,2.172,-3.256,2.468,0.468,20.0,1000,945,0.945,0,940,0,0,5,0,52,0,0,3,0,0,0.582
d12m1,aggressive,long,mixed,20,63,2026,24,24,-4.128,-0.85,-24.678,-24.823,-4.22,-4.127,-10.89,-4.128,0.348,20.0,480,448,0.9333,0,443,0,0,5,0,28,2,0,2,0,0,0.572
d12m1,aggressive,long,stock,10,5,ALL,148,148,0.009,0.03,-8.888,-15.972,-0.0,-0.002,-0.608,0.009,0.477,10.0,1480,1469,0.9926,0,1469,0,0,0,0,9,0,0,2,0,0,0.607
d12m1,aggressive,long,stock,10,5,P1,63,63,0.034,0.09,-5.327,-7.088,0.033,0.033,-0.285,0.034,0.462,10,630,628,0.9968,0,628,0,0,0,0,2,0,0,0,0,0,0.613
d12m1,aggressive,long,stock,10,5,P2,85,85,-0.01,-0.02,-10.226,-15.972,-0.025,-0.029,-0.848,-0.01,0.489,10,850,841,0.9894,0,841,0,0,0,0,7,0,0,2,0,0,0.602
d12m1,aggressive,long,stock,10,5,2023,12,12,-0.334,-0.46,-4.748,-4.748,-0.334,-0.334,-0.334,-0.334,0.45,10.0,120,120,1.0,0,120,0,0,0,0,0,0,0,0,0,0,0.6
d12m1,aggressive,long,stock,10,5,2024,51,51,0.121,0.28,-5.307,-7.088,0.119,0.12,-0.274,0.121,0.465,10,510,508,0.9961,0,508,0,0,0,0,2,0,0,0,0,0,0.614
d12m1,aggressive,long,stock,10,5,2025,50,50,-0.057,-0.12,-7.473,-8.896,-0.074,-0.064,-1.055,-0.057,0.496,10.0,500,494,0.988,0,494,0,0,0,0,5,0,0,1,0,0,0.6
d12m1,aggressive,long,stock,10,5,2026,35,35,0.057,0.06,-13.237,-15.972,0.046,0.022,-0.551,0.057,0.479,10,350,347,0.9914,0,347,0,0,0,0,2,0,0,1,0,0,0.606
d12m1,aggressive,long,stock,10,20,ALL,145,145,0.004,0.01,-14.281,-20.133,-0.022,0.014,-2.166,0.004,0.458,10,1450,1417,0.9772,0,1414,0,0,3,0,28,3,0,2,0,0,0.607
d12m1,aggressive,long,stock,10,20,P1,63,63,1.04,0.95,-9.038,-10.116,0.964,1.009,-0.135,1.04,0.51,10,630,623,0.9889,0,623,0,0,0,0,7,0,0,0,0,0,0.613
d12m1,aggressive,long,stock,10,20,P2,82,82,-0.791,-0.79,-16.649,-20.133,-0.78,-0.75,-3.726,-0.791,0.419,10.0,820,794,0.9683,0,791,0,0,3,0,21,3,0,2,0,0,0.601
d12m1,aggressive,long,stock,10,20,2023,12,12,-2.142,-2.25,-6.268,-6.268,-2.142,-2.142,-2.142,-2.142,0.367,10.0,120,120,1.0,0,120,0,0,0,0,0,0,0,0,0,0,0.6
d12m1,aggressive,long,stock,10,20,2024,51,51,1.789,1.42,-9.675,-10.116,1.695,1.75,0.337,1.789,0.544,10,510,503,0.9863,0,503,0,0,0,0,7,0,0,0,0,0,0.614
d12m1,aggressive,long,stock,10,20,2025,50,50,-1.112,-0.98,-14.834,-19.229,-0.99,-1.01,-3.813,-1.112,0.403,10.0,500,485,0.97,0,485,0,0,0,0,14,0,0,1,0,0,0.6
d12m1,aggressive,long,stock,10,20,2026,32,32,-0.289,-0.16,-17.515,-20.133,-0.451,-0.345,-3.589,-0.289,0.443,10.0,320,309,0.9656,0,306,0,0,3,0,7,3,0,1,0,0,0.603
d12m1,aggressive,long,stock,10,63,ALL,137,137,0.816,0.5,-21.681,-28.361,1.078,0.669,-5.492,0.816,0.442,10,1370,1289,0.9409,0,1283,0,0,6,0,79,0,0,2,0,0,0.606
d12m1,aggressive,long,stock,10,63,P1,63,63,2.807,2.51,-10.957,-12.62,2.83,2.6,-1.672,2.807,0.484,10,630,605,0.9603,0,605,0,0,0,0,25,0,0,0,0,0,0.613
d12m1,aggressive,long,stock,10,63,P2,74,74,-0.88,-0.32,-24.01,-28.361,-0.414,-0.974,-8.744,-0.88,0.407,10.0,740,684,0.9243,0,678,0,0,6,0,54,0,0,2,0,0,0.599
d12m1,aggressive,long,stock,10,63,2023,12,12,4.241,3.96,-4.664,-4.664,3.189,3.699,-4.621,4.241,0.498,10.0,120,111,0.925,0,111,0,0,0,0,9,0,0,0,0,0,0.6
d12m1,aggressive,long,stock,10,63,2024,51,51,2.469,1.93,-11.567,-12.62,2.745,2.342,-0.978,2.469,0.481,10,510,494,0.9686,0,494,0,0,0,0,16,0,0,0,0,0,0.614
d12m1,aggressive,long,stock,10,63,2025,50,50,0.414,0.12,-20.393,-22.33,1.274,0.362,-7.829,0.414,0.428,10.0,500,460,0.92,0,459,0,0,1,0,39,0,0,1,0,0,0.6
d12m1,aggressive,long,stock,10,63,2026,24,24,-3.574,-0.79,-26.902,-28.361,-3.931,-3.759,-10.649,-3.574,0.364,10.0,240,224,0.9333,0,219,0,0,5,0,15,0,0,1,0,0,0.596
d12m1,aggressive,long,stock,20,5,ALL,148,148,0.178,0.7,-6.797,-12.715,0.174,0.173,-0.299,0.179,0.492,20.0,2953,2933,0.9932,7,2933,0,0,0,0,11,3,0,6,0,1,0.574
d12m1,aggressive,long,stock,20,5,P1,63,63,0.235,0.74,-3.956,-4.629,0.229,0.231,-0.088,0.235,0.483,20,1260,1255,0.996,0,1255,0,0,0,0,4,0,0,1,0,0,0.575
d12m1,aggressive,long,stock,20,5,P2,85,85,0.136,0.37,-7.91,-12.715,0.133,0.131,-0.455,0.137,0.498,20,1693,1678,0.9911,7,1678,0,0,0,0,7,3,0,5,0,1,0.574
d12m1,aggressive,long,stock,20,5,2023,12,12,-0.129,-0.25,-3.772,-3.772,-0.133,-0.133,-0.552,-0.129,0.473,20.0,240,239,0.9958,0,239,0,0,0,0,1,0,0,0,0,0,0.545
d12m1,aggressive,long,stock,20,5,2024,51,51,0.321,0.86,-4.017,-4.629,0.314,0.317,0.021,0.321,0.486,20,1020,1016,0.9961,0,1016,0,0,0,0,3,0,0,1,0,0,0.583
d12m1,aggressive,long,stock,20,5,2025,50,50,0.244,0.67,-5.044,-6.128,0.236,0.243,-0.252,0.245,0.5,20.0,993,985,0.9919,7,985,0,0,0,0,5,0,0,3,0,1,0.573
d12m1,aggressive,long,stock,20,5,2026,35,35,-0.018,-0.02,-10.47,-12.715,-0.013,-0.03,-0.745,-0.018,0.495,20,700,693,0.99,0,693,0,0,0,0,2,3,0,2,0,0,0.578
d12m1,aggressive,long,stock,20,20,ALL,145,145,0.432,0.66,-11.731,-15.458,0.386,0.413,-1.871,0.424,0.471,20,2893,2822,0.9755,7,2819,0,0,3,0,59,6,0,6,0,1,0.574
d12m1,aggressive,long,stock,20,20,P1,63,63,0.897,1.02,-7.495,-8.501,0.808,0.864,-1.187,0.897,0.5,20,1260,1234,0.9794,0,1234,0,0,0,0,25,0,0,1,0,0,0.575
d12m1,aggressive,long,stock,20,20,P2,82,82,0.075,0.08,-13.291,-15.458,0.062,0.067,-2.397,0.061,0.449,20.0,1633,1588,0.9724,7,1585,0,0,3,0,34,6,0,5,0,1,0.573
d12m1,aggressive,long,stock,20,20,2023,12,12,-0.936,-0.95,-5.354,-5.354,-0.98,-0.91,-4.842,-0.936,0.433,20.0,240,231,0.9625,0,231,0,0,0,0,9,0,0,0,0,0,0.545
d12m1,aggressive,long,stock,20,20,2024,51,51,1.328,1.29,-7.732,-8.501,1.229,1.281,-0.326,1.328,0.516,20,1020,1003,0.9833,0,1003,0,0,0,0,16,0,0,1,0,0,0.583
d12m1,aggressive,long,stock,20,20,2025,50,50,0.441,0.4,-11.848,-13.459,0.469,0.454,-1.856,0.418,0.459,20.0,993,967,0.9738,7,967,0,0,0,0,23,0,0,3,0,1,0.573
d12m1,aggressive,long,stock,20,20,2026,32,32,-0.496,-0.31,-14.707,-15.458,-0.573,-0.539,-3.242,-0.496,0.434,20.0,640,621,0.9703,0,618,0,0,3,0,11,6,0,2,0,0,0.577
d12m1,aggressive,long,stock,20,63,ALL,137,137,1.682,0.97,-20.368,-26.206,1.72,1.514,-3.982,1.632,0.46,20,2733,2586,0.9462,7,2576,0,0,10,0,139,2,0,6,0,1,0.572
d12m1,aggressive,long,stock,20,63,P1,63,63,2.696,2.45,-8.945,-10.205,2.675,2.543,-1.739,2.696,0.489,20,1260,1209,0.9595,0,1209,0,0,0,0,50,0,0,1,0,0,0.575
d12m1,aggressive,long,stock,20,63,P2,74,74,0.818,0.27,-24.153,-26.206,0.906,0.639,-5.892,0.727,0.435,20.0,1473,1377,0.9348,7,1367,0,0,10,0,89,2,0,5,0,1,0.569
d12m1,aggressive,long,stock,20,63,2023,12,12,5.234,3.41,-1.954,-1.954,4.577,4.926,-4.362,5.234,0.501,20.0,240,220,0.9167,0,220,0,0,0,0,20,0,0,0,0,0,0.545
d12m1,aggressive,long,stock,20,63,2024,51,51,2.099,1.94,-9.13,-10.205,2.228,1.982,-1.122,2.099,0.486,20,1020,989,0.9696,0,989,0,0,0,0,30,0,0,1,0,0,0.583
d12m1,aggressive,long,stock,20,63,2025,50,50,3.3,0.94,-13.746,-17.238,3.467,3.025,-3.291,3.165,0.478,20.0,993,930,0.9366,7,925,0,0,5,0,60,0,0,3,0,1,0.573
d12m1,aggressive,long,stock,20,63,2026,24,24,-4.352,-0.89,-25.52,-26.206,-4.429,-4.333,-11.312,-4.352,0.347,20.0,480,447,0.9313,0,442,0,0,5,0,29,2,0,2,0,0,0.565
d12m1,aggressive,mid,mixed,10,5,ALL,148,148,0.216,0.74,-7.858,-16.299,0.207,0.208,-0.259,0.216,0.469,10.0,1480,1470,0.9932,0,1470,0,0,0,0,6,1,0,3,0,0,0.639
d12m1,aggressive,mid,mixed,10,5,P1,63,63,-0.021,-0.06,-5.063,-7.088,-0.025,-0.023,-0.341,-0.021,0.426,10,630,627,0.9952,0,627,0,0,0,0,2,0,0,1,0,0,0.619
d12m1,aggressive,mid,mixed,10,5,P2,85,85,0.391,0.9,-9.128,-16.299,0.378,0.38,-0.198,0.391,0.501,10,850,843,0.9918,0,843,0,0,0,0,4,1,0,2,0,0,0.654
d12m1,aggressive,mid,mixed,10,5,2023,12,12,-0.214,-0.33,-4.74,-4.74,-0.214,-0.214,-0.214,-0.214,0.408,10.0,120,120,1.0,0,120,0,0,0,0,0,0,0,0,0,0,0.609
d12m1,aggressive,mid,mixed,10,5,2024,51,51,0.024,0.06,-5.171,-7.088,0.02,0.022,-0.371,0.024,0.431,10,510,507,0.9941,0,507,0,0,0,0,2,0,0,1,0,0,0.618
d12m1,aggressive,mid,mixed,10,5,2025,50,50,0.506,1.13,-6.23,-7.375,0.481,0.505,-0.084,0.506,0.502,10.0,500,496,0.992,0,496,0,0,0,0,3,0,0,1,0,0,0.633
d12m1,aggressive,mid,mixed,10,5,2026,35,35,0.227,0.27,-12.638,-16.299,0.231,0.201,-0.36,0.227,0.5,10,350,347,0.9914,0,347,0,0,0,0,1,1,0,1,0,0,0.682
d12m1,aggressive,mid,mixed,10,20,ALL,145,145,-0.13,-0.19,-11.38,-13.182,-0.163,-0.135,-1.962,-0.13,0.418,10,1450,1421,0.98,0,1420,0,0,1,0,23,3,0,3,0,0,0.637
d12m1,aggressive,mid,mixed,10,20,P1,63,63,0.303,0.28,-8.805,-9.76,0.231,0.277,-0.883,0.303,0.398,10,630,622,0.9873,0,622,0,0,0,0,7,0,0,1,0,0,0.619
d12m1,aggressive,mid,mixed,10,20,P2,82,82,-0.463,-0.52,-11.984,-13.182,-0.466,-0.452,-2.79,-0.463,0.433,10.0,820,799,0.9744,0,798,0,0,1,0,16,3,0,2,0,0,0.651
d12m1,aggressive,mid,mixed,10,20,2023,12,12,-1.789,-2.93,-6.204,-6.204,-1.78,-1.777,-2.623,-1.789,0.345,10.0,120,119,0.9917,0,119,0,0,0,0,1,0,0,0,0,0,0.609
d12m1,aggressive,mid,mixed,10,20,2024,51,51,0.795,0.62,-9.182,-9.76,0.704,0.76,-0.473,0.795,0.411,10,510,503,0.9863,0,503,0,0,0,0,6,0,0,1,0,0,0.618
d12m1,aggressive,mid,mixed,10,20,2025,50,50,-0.596,-0.52,-11.41,-12.402,-0.543,-0.553,-2.742,-0.596,0.409,10.0,500,488,0.976,0,488,0,0,0,0,11,0,0,1,0,0,0.633
d12m1,aggressive,mid,mixed,10,20,2026,32,32,-0.256,-0.17,-12.595,-13.182,-0.347,-0.294,-2.865,-0.256,0.47,10.0,320,311,0.9719,0,310,0,0,1,0,5,3,0,1,0,0,0.677
d12m1,aggressive,mid,mixed,10,63,ALL,137,137,-0.071,-0.04,-20.252,-25.907,0.007,-0.232,-5.661,-0.071,0.388,10,1370,1297,0.9467,0,1293,0,0,4,0,70,0,0,3,0,0,0.63
d12m1,aggressive,mid,mixed,10,63,P1,63,63,1.281,0.95,-10.293,-12.264,1.227,1.139,-2.481,1.281,0.378,10,630,608,0.9651,0,608,0,0,0,0,21,0,0,1,0,0,0.619
d12m1,aggressive,mid,mixed,10,63,P2,74,74,-1.222,-0.45,-21.89,-25.907,-1.031,-1.4,-8.369,-1.222,0.395,10.0,740,689,0.9311,0,685,0,0,4,0,49,0,0,2,0,0,0.638
d12m1,aggressive,mid,mixed,10,63,2023,12,12,2.115,1.72,-7.92,-7.92,1.14,1.599,-6.704,2.115,0.401,10.0,120,111,0.925,0,111,0,0,0,0,9,0,0,0,0,0,0.609
d12m1,aggressive,mid,mixed,10,63,2024,51,51,1.085,0.67,-10.584,-12.264,1.247,1.031,-1.488,1.085,0.373,10,510,497,0.9745,0,497,0,0,0,0,12,0,0,1,0,0,0.618
d12m1,aggressive,mid,mixed,10,63,2025,50,50,0.396,0.12,-20.551,-21.265,0.771,0.106,-7.38,0.396,0.424,10.0,500,463,0.926,0,462,0,0,1,0,36,0,0,1,0,0,0.633
d12m1,aggressive,mid,mixed,10,63,2026,24,24,-4.592,-1.15,-22.045,-25.907,-4.785,-4.536,-10.428,-4.592,0.335,10.0,240,226,0.9417,0,223,0,0,3,0,13,0,0,1,0,0,0.648
d12m1,aggressive,mid,mixed,20,5,ALL,148,148,0.003,0.01,-7.236,-13.415,0.002,0.001,-0.371,0.003,0.478,20.0,2960,2944,0.9946,0,2944,0,0,0,0,10,1,0,5,0,0,0.612
d12m1,aggressive,mid,mixed,20,5,P1,63,63,0.105,0.36,-3.565,-4.561,0.103,0.104,-0.215,0.105,0.442,20,1260,1255,0.996,0,1255,0,0,0,0,4,0,0,1,0,0,0.606
d12m1,aggressive,mid,mixed,20,5,P2,85,85,-0.073,-0.2,-8.258,-13.415,-0.072,-0.076,-0.486,-0.073,0.504,20,1700,1689,0.9935,0,1689,0,0,0,0,6,1,0,4,0,0,0.617
d12m1,aggressive,mid,mixed,20,5,2023,12,12,-0.134,-0.31,-2.917,-2.917,-0.128,-0.127,-0.968,-0.134,0.402,20.0,240,238,0.9917,0,238,0,0,0,0,2,0,0,0,0,0,0.614
d12m1,aggressive,mid,mixed,20,5,2024,51,51,0.161,0.47,-3.782,-4.561,0.157,0.158,-0.038,0.161,0.452,20,1020,1017,0.9971,0,1017,0,0,0,0,2,0,0,1,0,0,0.604
d12m1,aggressive,mid,mixed,20,5,2025,50,50,0.001,0.0,-5.541,-7.003,-0.002,0.007,-0.391,0.001,0.505,20.0,1000,994,0.994,0,994,0,0,0,0,4,0,0,2,0,0,0.604
d12m1,aggressive,mid,mixed,20,5,2026,35,35,-0.179,-0.25,-10.434,-13.415,-0.174,-0.193,-0.621,-0.179,0.501,20,700,695,0.9929,0,695,0,0,0,0,2,1,0,2,0,0,0.641
d12m1,aggressive,mid,mixed,20,20,ALL,145,145,-0.192,-0.31,-11.599,-15.567,-0.233,-0.197,-1.926,-0.192,0.425,20,2900,2846,0.9814,0,2843,0,0,3,0,46,3,0,5,0,0,0.61
d12m1,aggressive,mid,mixed,20,20,P1,63,63,0.045,0.06,-7.227,-9.366,-0.02,0.028,-1.462,0.045,0.402,20,1260,1241,0.9849,0,1241,0,0,0,0,18,0,0,1,0,0,0.606
d12m1,aggressive,mid,mixed,20,20,P2,82,82,-0.374,-0.41,-12.68,-15.567,-0.397,-0.37,-2.282,-0.374,0.444,20.0,1640,1605,0.9787,0,1602,0,0,3,0,28,3,0,4,0,0,0.613
d12m1,aggressive,mid,mixed,20,20,2023,12,12,-1.294,-3.29,-3.613,-3.613,-1.302,-1.235,-5.168,-1.294,0.376,20.0,240,231,0.9625,0,231,0,0,0,0,9,0,0,0,0,0,0.614
d12m1,aggressive,mid,mixed,20,20,2024,51,51,0.36,0.37,-7.546,-9.366,0.282,0.325,-0.59,0.36,0.408,20,1020,1010,0.9902,0,1010,0,0,0,0,9,0,0,1,0,0,0.604
d12m1,aggressive,mid,mixed,20,20,2025,50,50,-0.205,-0.18,-11.449,-12.257,-0.192,-0.187,-1.783,-0.205,0.449,20.0,1000,982,0.982,0,982,0,0,0,0,16,0,0,2,0,0,0.604
d12m1,aggressive,mid,mixed,20,20,2026,32,32,-0.639,-0.42,-14.263,-15.567,-0.718,-0.656,-3.062,-0.639,0.435,20.0,640,623,0.9734,0,620,0,0,3,0,12,3,0,2,0,0,0.632
d12m1,aggressive,mid,mixed,20,63,ALL,137,137,-0.497,-0.28,-20.953,-25.707,-0.388,-0.591,-5.465,-0.497,0.395,20,2740,2610,0.9526,0,2601,0,0,9,0,122,2,1,5,0,0,0.605
d12m1,aggressive,mid,mixed,20,63,P1,63,63,-0.371,-0.42,-10.372,-12.259,-0.288,-0.428,-3.971,-0.371,0.368,20,1260,1218,0.9667,0,1218,0,0,0,0,41,0,0,1,0,0,0.606
d12m1,aggressive,mid,mixed,20,63,P2,74,74,-0.604,-0.19,-23.522,-25.707,-0.474,-0.729,-6.737,-0.604,0.417,20.0,1480,1392,0.9405,0,1383,0,0,9,0,81,2,1,4,0,0,0.604
d12m1,aggressive,mid,mixed,20,63,2023,12,12,0.541,0.79,-7.06,-7.06,0.079,0.471,-9.303,0.541,0.402,20.0,240,219,0.9125,0,219,0,0,0,0,21,0,0,0,0,0,0.614
d12m1,aggressive,mid,mixed,20,63,2024,51,51,-0.585,-0.57,-10.688,-12.259,-0.375,-0.64,-2.716,-0.585,0.36,20,1020,999,0.9794,0,999,0,0,0,0,20,0,0,1,0,0,0.604
d12m1,aggressive,mid,mixed,20,63,2025,50,50,1.715,0.44,-17.966,-19.407,1.906,1.475,-4.06,1.715,0.458,20.0,1000,945,0.945,0,941,0,0,4,0,52,0,1,2,0,0,0.604
d12m1,aggressive,mid,mixed,20,63,2026,24,24,-5.434,-1.28,-25.661,-25.707,-5.43,-5.321,-12.314,-5.434,0.333,20.0,480,447,0.9313,0,442,0,0,5,0,29,2,0,2,0,0,0.611
d12m1,aggressive,mid,stock,10,5,ALL,148,148,0.172,0.57,-8.266,-16.299,0.163,0.163,-0.374,0.172,0.483,10.0,1480,1468,0.9919,0,1468,0,0,0,0,7,1,0,4,0,0,0.642
d12m1,aggressive,mid,stock,10,5,P1,63,63,0.032,0.09,-5.063,-7.088,0.029,0.031,-0.288,0.032,0.461,10,630,627,0.9952,0,627,0,0,0,0,2,0,0,1,0,0,0.639
d12m1,aggressive,mid,stock,10,5,P2,85,85,0.275,0.6,-9.574,-16.299,0.263,0.262,-0.437,0.275,0.499,10,850,841,0.9894,0,841,0,0,0,0,5,1,0,3,0,0,0.644
d12m1,aggressive,mid,stock,10,5,2023,12,12,0.041,0.06,-4.74,-4.74,0.041,0.041,0.041,0.041,0.467,10.0,120,120,1.0,0,120,0,0,0,0,0,0,0,0,0,0,0.6
d12m1,aggressive,mid,stock,10,5,2024,51,51,0.03,0.07,-5.171,-7.088,0.026,0.029,-0.365,0.03,0.46,10,510,507,0.9941,0,507,0,0,0,0,2,0,0,1,0,0,0.646
d12m1,aggressive,mid,stock,10,5,2025,50,50,0.412,0.87,-7.158,-8.964,0.384,0.407,-0.388,0.412,0.517,10.0,500,495,0.99,0,495,0,0,0,0,4,0,0,1,0,0,0.629
d12m1,aggressive,mid,stock,10,5,2026,35,35,0.079,0.09,-12.638,-16.299,0.09,0.054,-0.507,0.079,0.473,10,350,346,0.9886,0,346,0,0,0,0,1,1,0,2,0,0,0.665
d12m1,aggressive,mid,stock,10,20,ALL,145,145,-0.117,-0.16,-12.591,-15.196,-0.126,-0.105,-2.14,-0.117,0.454,10,1450,1417,0.9772,0,1415,0,0,2,0,26,3,0,4,0,0,0.641
d12m1,aggressive,mid,stock,10,20,P1,63,63,0.884,0.82,-8.805,-9.76,0.797,0.846,-0.481,0.884,0.499,10,630,621,0.9857,0,621,0,0,0,0,8,0,0,1,0,0,0.639
d12m1,aggressive,mid,stock,10,20,P2,82,82,-0.887,-0.91,-13.513,-15.196,-0.835,-0.835,-3.415,-0.887,0.419,10.0,820,796,0.9707,0,794,0,0,2,0,18,3,0,3,0,0,0.642
d12m1,aggressive,mid,stock,10,20,2023,12,12,-1.671,-1.95,-5.536,-5.536,-1.726,-1.714,-3.433,-1.671,0.367,10.0,120,118,0.9833,0,118,0,0,0,0,2,0,0,0,0,0,0.6
d12m1,aggressive,mid,stock,10,20,2024,51,51,1.485,1.17,-9.182,-9.76,1.391,1.448,0.214,1.485,0.531,10,510,503,0.9863,0,503,0,0,0,0,6,0,0,1,0,0,0.646
d12m1,aggressive,mid,stock,10,20,2025,50,50,-1.075,-0.92,-12.016,-13.199,-0.938,-0.966,-3.552,-1.075,0.404,10.0,500,486,0.972,0,486,0,0,0,0,13,0,0,1,0,0,0.629
d12m1,aggressive,mid,stock,10,20,2026,32,32,-0.592,-0.35,-14.658,-15.196,-0.676,-0.63,-3.202,-0.592,0.443,10.0,320,310,0.9688,0,308,0,0,2,0,5,3,0,2,0,0,0.661
d12m1,aggressive,mid,stock,10,63,ALL,137,137,0.654,0.39,-21.89,-29.054,0.762,0.512,-5.715,0.654,0.439,10,1370,1286,0.9387,0,1281,0,0,5,0,80,0,0,4,0,0,0.638
d12m1,aggressive,mid,stock,10,63,P1,63,63,2.835,2.34,-9.197,-10.346,2.76,2.651,-1.834,2.835,0.484,10,630,603,0.9571,0,603,0,0,0,0,26,0,0,1,0,0,0.639
d12m1,aggressive,mid,stock,10,63,P2,74,74,-1.202,-0.43,-23.638,-29.054,-0.939,-1.308,-9.019,-1.202,0.4,10.0,740,683,0.923,0,678,0,0,5,0,54,0,0,3,0,0,0.636
d12m1,aggressive,mid,stock,10,63,2023,12,12,2.959,2.26,-7.357,-7.357,1.841,2.399,-8.665,2.959,0.474,10.0,120,108,0.9,0,108,0,0,0,0,12,0,0,0,0,0,0.6
d12m1,aggressive,mid,stock,10,63,2024,51,51,2.806,1.93,-9.81,-10.346,2.976,2.71,-0.226,2.806,0.486,10,510,495,0.9706,0,495,0,0,0,0,14,0,0,1,0,0,0.646
d12m1,aggressive,mid,stock,10,63,2025,50,50,0.416,0.12,-21.497,-23.613,0.932,0.268,-8.111,0.416,0.43,10.0,500,459,0.918,0,458,0,0,1,0,40,0,0,1,0,0,0.629
d12m1,aggressive,mid,stock,10,63,2026,24,24,-4.572,-1.05,-24.837,-29.054,-4.838,-4.592,-10.91,-4.572,0.338,10.0,240,224,0.9333,0,220,0,0,4,0,14,0,0,2,0,0,0.648
d12m1,aggressive,mid,stock,20,5,ALL,148,148,0.045,0.18,-7.233,-13.415,0.043,0.041,-0.398,0.042,0.491,20.0,2953,2934,0.9936,7,2934,0,0,0,0,11,2,0,6,0,1,0.61
d12m1,aggressive,mid,stock,20,5,P1,63,63,0.15,0.49,-4.067,-4.561,0.148,0.149,-0.17,0.15,0.48,20,1260,1255,0.996,0,1255,0,0,0,0,4,0,0,1,0,0,0.617
d12m1,aggressive,mid,stock,20,5,P2,85,85,-0.033,-0.09,-8.248,-13.415,-0.036,-0.04,-0.566,-0.038,0.499,20,1693,1679,0.9917,7,1679,0,0,0,0,7,2,0,5,0,1,0.605
d12m1,aggressive,mid,stock,20,5,2023,12,12,-0.226,-0.42,-4.309,-4.309,-0.223,-0.222,-1.062,-0.226,0.462,20.0,240,238,0.9917,0,238,0,0,0,0,2,0,0,0,0,0,0.586
d12m1,aggressive,mid,stock,20,5,2024,51,51,0.239,0.67,-3.987,-4.561,0.236,0.237,0.04,0.239,0.484,20,1020,1017,0.9971,0,1017,0,0,0,0,2,0,0,1,0,0,0.626
d12m1,aggressive,mid,stock,20,5,2025,50,50,0.062,0.17,-5.776,-6.787,0.057,0.064,-0.432,0.055,0.502,20.0,993,985,0.9919,7,985,0,0,0,0,5,0,0,3,0,1,0.603
d12m1,aggressive,mid,stock,20,5,2026,35,35,-0.17,-0.23,-10.518,-13.415,-0.168,-0.187,-0.758,-0.17,0.495,20,700,694,0.9914,0,694,0,0,0,0,2,2,0,2,0,0,0.612
d12m1,aggressive,mid,stock,20,20,ALL,145,145,0.202,0.32,-11.902,-15.567,0.167,0.195,-1.779,0.188,0.47,20,2893,2831,0.9786,7,2828,0,0,3,0,53,3,0,6,0,1,0.61
d12m1,aggressive,mid,stock,20,20,P1,63,63,0.766,0.91,-7.227,-9.366,0.688,0.737,-0.917,0.766,0.5,20,1260,1239,0.9833,0,1239,0,0,0,0,20,0,0,1,0,0,0.617
d12m1,aggressive,mid,stock,20,20,P2,82,82,-0.231,-0.25,-12.803,-15.567,-0.232,-0.221,-2.441,-0.256,0.447,20.0,1633,1592,0.9749,7,1589,0,0,3,0,33,3,0,5,0,1,0.605
d12m1,aggressive,mid,stock,20,20,2023,12,12,-0.588,-0.74,-5.664,-5.664,-0.662,-0.592,-4.961,-0.588,0.431,20.0,240,230,0.9583,0,230,0,0,0,0,10,0,0,0,0,0,0.586
d12m1,aggressive,mid,stock,20,20,2024,51,51,1.084,1.07,-7.546,-9.366,1.005,1.05,0.034,1.084,0.516,20,1020,1009,0.9892,0,1009,0,0,0,0,10,0,0,1,0,0,0.626
d12m1,aggressive,mid,stock,20,20,2025,50,50,-0.072,-0.07,-11.286,-12.097,-0.017,-0.038,-2.04,-0.112,0.456,20.0,993,970,0.9768,7,970,0,0,0,0,20,0,0,3,0,1,0.603
d12m1,aggressive,mid,stock,20,20,2026,32,32,-0.48,-0.3,-13.964,-15.567,-0.569,-0.508,-3.068,-0.48,0.433,20.0,640,622,0.9719,0,619,0,0,3,0,13,3,0,2,0,0,0.613
d12m1,aggressive,mid,stock,20,63,ALL,137,137,1.029,0.6,-20.303,-27.221,1.082,0.882,-4.666,0.97,0.448,20,2733,2585,0.9458,7,2576,0,0,9,0,139,2,1,6,0,1,0.607
d12m1,aggressive,mid,stock,20,63,P1,63,63,2.011,2.16,-8.204,-8.742,2.006,1.885,-2.346,2.011,0.474,20,1260,1210,0.9603,0,1210,0,0,0,0,49,0,0,1,0,0,0.617
d12m1,aggressive,mid,stock,20,63,P2,74,74,0.193,0.06,-24.246,-27.221,0.294,0.028,-6.641,0.085,0.426,20.0,1473,1375,0.9335,7,1366,0,0,9,0,90,2,1,5,0,1,0.6
d12m1,aggressive,mid,stock,20,63,2023,12,12,4.009,5.83,-5.472,-5.472,3.239,3.655,-7.045,4.009,0.492,20.0,240,217,0.9042,0,217,0,0,0,0,23,0,0,0,0,0,0.586
d12m1,aggressive,mid,stock,20,63,2024,51,51,1.54,1.56,-8.33,-8.742,1.716,1.468,-1.241,1.54,0.47,20,1020,993,0.9735,0,993,0,0,0,0,26,0,0,1,0,0,0.626
d12m1,aggressive,mid,stock,20,63,2025,50,50,2.656,0.74,-14.0,-16.776,2.822,2.384,-3.918,2.495,0.471,20.0,993,930,0.9366,7,926,0,0,4,0,59,0,1,3,0,1,0.603
d12m1,aggressive,mid,stock,20,63,2026,24,24,-4.937,-1.04,-26.749,-27.221,-4.973,-4.88,-12.313,-4.937,0.331,20.0,480,445,0.9271,0,440,0,0,5,0,31,2,0,2,0,0,0.6
d12m1,aggressive,short,mixed,10,5,ALL,148,148,-0.106,-0.41,-6.644,-12.47,-0.115,-0.111,-0.51,-0.106,0.464,10.0,1480,1472,0.9946,0,1472,0,0,0,0,5,1,0,2,0,0,0.726
d12m1,aggressive,short,mixed,10,5,P1,63,63,-0.055,-0.15,-4.554,-5.081,-0.059,-0.059,-0.377,-0.055,0.413,10,630,628,0.9968,0,628,0,0,0,0,2,0,0,0,0,0,0.706
d12m1,aggressive,short,mixed,10,5,P2,85,85,-0.143,-0.41,-7.677,-12.47,-0.157,-0.15,-0.609,-0.143,0.502,10,850,844,0.9929,0,844,0,0,0,0,3,1,0,2,0,0,0.738
d12m1,aggressive,short,mixed,10,5,2023,12,12,-0.362,-0.58,-4.661,-4.661,-0.362,-0.362,-0.362,-0.362,0.383,10.0,120,120,1.0,0,120,0,0,0,0,0,0,0,0,0,0,0.673
d12m1,aggressive,short,mixed,10,5,2024,51,51,0.017,0.04,-4.519,-5.081,0.012,0.013,-0.381,0.017,0.42,10,510,508,0.9961,0,508,0,0,0,0,2,0,0,0,0,0,0.714
d12m1,aggressive,short,mixed,10,5,2025,50,50,0.158,0.38,-6.311,-7.01,0.131,0.156,-0.231,0.158,0.521,10.0,500,496,0.992,0,496,0,0,0,0,2,0,0,2,0,0,0.714
d12m1,aggressive,short,mixed,10,5,2026,35,35,-0.573,-0.93,-9.725,-12.47,-0.568,-0.587,-1.148,-0.573,0.476,10,350,348,0.9943,0,348,0,0,0,0,1,1,0,0,0,0,0.771
d12m1,aggressive,short,mixed,10,20,ALL,145,145,-0.489,-0.74,-13.482,-16.249,-0.513,-0.484,-1.954,-0.489,0.417,10,1450,1427,0.9841,0,1426,0,0,1,0,20,1,0,2,0,0,0.725
d12m1,aggressive,short,mixed,10,20,P1,63,63,0.043,0.04,-9.729,-10.552,0.013,0.046,-0.937,0.043,0.402,10,630,624,0.9905,0,624,0,0,0,0,6,0,0,0,0,0,0.706
d12m1,aggressive,short,mixed,10,20,P2,82,82,-0.897,-1.0,-14.489,-16.249,-0.917,-0.891,-2.736,-0.897,0.428,10.0,820,803,0.9793,0,802,0,0,1,0,14,1,0,2,0,0,0.737
d12m1,aggressive,short,mixed,10,20,2023,12,12,-1.894,-3.55,-4.956,-4.956,-1.866,-1.818,-4.427,-1.894,0.352,10.0,120,117,0.975,0,117,0,0,0,0,3,0,0,0,0,0,0.673
d12m1,aggressive,short,mixed,10,20,2024,51,51,0.498,0.44,-9.918,-10.552,0.455,0.485,-0.116,0.498,0.413,10,510,507,0.9941,0,507,0,0,0,0,3,0,0,0,0,0,0.714
d12m1,aggressive,short,mixed,10,20,2025,50,50,-0.503,-0.42,-14.732,-16.249,-0.505,-0.498,-2.683,-0.503,0.431,10.0,500,487,0.974,0,487,0,0,0,0,11,0,0,2,0,0,0.714
d12m1,aggressive,short,mixed,10,20,2026,32,32,-1.513,-1.15,-14.124,-15.015,-1.561,-1.505,-2.819,-1.513,0.425,10.0,320,316,0.9875,0,315,0,0,1,0,3,1,0,0,0,0,0.771
d12m1,aggressive,short,mixed,10,63,ALL,137,137,-1.474,-0.94,-18.372,-20.446,-1.243,-1.478,-5.821,-1.474,0.375,10,1370,1312,0.9577,0,1308,0,0,4,0,56,0,0,2,0,0,0.718
d12m1,aggressive,short,mixed,10,63,P1,63,63,-0.739,-0.61,-13.487,-15.055,-0.561,-0.792,-4.237,-0.739,0.354,10,630,610,0.9683,0,609,0,0,1,0,20,0,0,0,0,0,0.706
d12m1,aggressive,short,mixed,10,63,P2,74,74,-2.1,-0.79,-19.919,-20.446,-1.823,-2.062,-7.169,-2.1,0.392,10.0,740,702,0.9486,0,699,0,0,3,0,36,0,0,2,0,0,0.726
d12m1,aggressive,short,mixed,10,63,2023,12,12,-0.53,-0.5,-11.238,-11.238,-1.168,-0.72,-10.033,-0.53,0.32,10.0,120,110,0.9167,0,110,0,0,0,0,10,0,0,0,0,0,0.673
d12m1,aggressive,short,mixed,10,63,2024,51,51,-0.788,-0.53,-13.895,-15.055,-0.418,-0.808,-2.873,-0.788,0.362,10,510,500,0.9804,0,499,0,0,1,0,10,0,0,0,0,0,0.714
d12m1,aggressive,short,mixed,10,63,2025,50,50,-0.2,-0.06,-20.101,-20.446,0.144,-0.288,-5.913,-0.2,0.425,10.0,500,471,0.942,0,471,0,0,0,0,27,0,0,2,0,0,0.714
d12m1,aggressive,short,mixed,10,63,2026,24,24,-6.058,-2.73,-15.924,-16.535,-5.919,-5.76,-9.785,-6.058,0.325,10.0,240,231,0.9625,0,228,0,0,3,0,9,0,0,0,0,0,0.748
d12m1,aggressive,short,mixed,20,5,ALL,148,148,0.086,0.41,-5.56,-9.797,0.081,0.083,-0.254,0.086,0.477,20.0,2960,2946,0.9953,0,2946,0,0,0,0,9,1,0,4,0,0,0.664
d12m1,aggressive,short,mixed,20,5,P1,63,63,0.123,0.42,-3.722,-4.052,0.123,0.123,-0.116,0.123,0.443,20,1260,1256,0.9968,0,1256,0,0,0,0,3,0,0,1,0,0,0.652
d12m1,aggressive,short,mixed,20,5,P2,85,85,0.059,0.2,-6.448,-9.797,0.05,0.054,-0.356,0.059,0.502,20,1700,1690,0.9941,0,1690,0,0,0,0,6,1,0,3,0,0,0.672
d12m1,aggressive,short,mixed,20,5,2023,12,12,-0.164,-0.33,-3.264,-3.264,-0.152,-0.151,-0.572,-0.164,0.426,20.0,240,239,0.9958,0,239,0,0,0,0,1,0,0,0,0,0,0.618
d12m1,aggressive,short,mixed,20,5,2024,51,51,0.191,0.55,-3.875,-4.052,0.187,0.188,-0.009,0.191,0.447,20,1020,1017,0.9971,0,1017,0,0,0,0,2,0,0,1,0,0,0.659
d12m1,aggressive,short,mixed,20,5,2025,50,50,0.275,0.83,-4.988,-7.476,0.26,0.273,-0.227,0.275,0.51,20.0,1000,992,0.992,0,992,0,0,0,0,5,0,0,3,0,0,0.658
d12m1,aggressive,short,mixed,20,5,2026,35,35,-0.251,-0.48,-7.587,-9.797,-0.25,-0.259,-0.54,-0.251,0.491,20,700,698,0.9971,0,698,0,0,0,0,1,1,0,0,0,0,0.691
d12m1,aggressive,short,mixed,20,20,ALL,145,145,-0.546,-1.02,-10.686,-12.404,-0.572,-0.544,-2.027,-0.546,0.418,20,2900,2854,0.9841,0,2852,0,0,2,0,39,3,0,4,0,0,0.662
d12m1,aggressive,short,mixed,20,20,P1,63,63,-0.233,-0.3,-7.596,-9.881,-0.266,-0.24,-1.478,-0.233,0.39,20,1260,1244,0.9873,0,1244,0,0,0,0,15,0,0,1,0,0,0.652
d12m1,aggressive,short,mixed,20,20,P2,82,82,-0.787,-1.07,-11.2,-12.404,-0.807,-0.778,-2.449,-0.787,0.44,20.0,1640,1610,0.9817,0,1608,0,0,2,0,24,3,0,3,0,0,0.67
d12m1,aggressive,short,mixed,20,20,2023,12,12,-1.402,-2.06,-4.357,-4.357,-1.418,-1.378,-4.426,-1.402,0.354,20.0,240,233,0.9708,0,233,0,0,0,0,7,0,0,0,0,0,0.618
d12m1,aggressive,short,mixed,20,20,2024,51,51,0.042,0.05,-8.272,-9.881,0.005,0.028,-0.785,0.042,0.398,20,1020,1011,0.9912,0,1011,0,0,0,0,8,0,0,1,0,0,0.659
d12m1,aggressive,short,mixed,20,20,2025,50,50,-0.135,-0.13,-11.7,-12.404,-0.137,-0.133,-1.838,-0.135,0.448,20.0,1000,980,0.98,0,980,0,0,0,0,17,0,0,3,0,0,0.658
d12m1,aggressive,short,mixed,20,20,2026,32,32,-1.806,-1.91,-10.45,-10.482,-1.854,-1.787,-3.404,-1.806,0.427,20.0,640,630,0.9844,0,628,0,0,2,0,7,3,0,0,0,0,0.687
d12m1,aggressive,short,mixed,20,63,ALL,137,137,-1.621,-0.99,-18.853,-21.74,-1.485,-1.574,-5.849,-1.621,0.378,20,2740,2626,0.9584,0,2619,0,0,7,0,108,1,1,4,0,0,0.66
d12m1,aggressive,short,mixed,20,63,P1,63,63,-1.335,-1.45,-12.347,-12.845,-1.235,-1.339,-4.62,-1.335,0.351,20,1260,1221,0.969,0,1219,0,0,2,0,38,0,0,1,0,0,0.652
d12m1,aggressive,short,mixed,20,63,P2,74,74,-1.865,-0.64,-19.845,-21.74,-1.698,-1.774,-6.896,-1.865,0.401,20.0,1480,1405,0.9493,0,1400,0,0,5,0,70,1,1,3,0,0,0.667
d12m1,aggressive,short,mixed,20,63,2023,12,12,-0.961,-1.11,-8.244,-8.244,-1.302,-0.999,-9.84,-0.961,0.36,20.0,240,221,0.9208,0,221,0,0,0,0,19,0,0,0,0,0,0.618
d12m1,aggressive,short,mixed,20,63,2024,51,51,-1.423,-1.26,-12.496,-12.845,-1.219,-1.42,-3.391,-1.423,0.349,20,1020,1000,0.9804,0,998,0,0,2,0,19,0,0,1,0,0,0.659
d12m1,aggressive,short,mixed,20,63,2025,50,50,0.984,0.27,-18.441,-19.079,1.116,0.925,-4.615,0.984,0.45,20.0,1000,944,0.944,0,943,0,0,1,0,52,0,1,3,0,0,0.658
d12m1,aggressive,short,mixed,20,63,2026,24,24,-7.798,-3.51,-20.779,-21.74,-7.561,-7.397,-11.648,-7.798,0.3,20.0,480,461,0.9604,0,457,0,0,4,0,18,1,0,0,0,0,0.685
d12m1,aggressive,short,stock,10,5,ALL,148,148,-0.131,-0.49,-7.277,-12.47,-0.143,-0.139,-0.608,-0.131,0.482,10.0,1480,1471,0.9939,0,1471,0,0,0,0,6,1,0,2,0,0,0.746
d12m1,aggressive,short,stock,10,5,P1,63,63,0.026,0.07,-4.596,-5.081,0.022,0.022,-0.296,0.026,0.464,10,630,628,0.9968,0,628,0,0,0,0,2,0,0,0,0,0,0.74
d12m1,aggressive,short,stock,10,5,P2,85,85,-0.248,-0.66,-8.611,-12.47,-0.266,-0.258,-0.839,-0.248,0.496,10,850,843,0.9918,0,843,0,0,0,0,4,1,0,2,0,0,0.749
d12m1,aggressive,short,stock,10,5,2023,12,12,-0.013,-0.02,-4.661,-4.661,-0.013,-0.013,-0.013,-0.013,0.458,10.0,120,120,1.0,0,120,0,0,0,0,0,0,0,0,0,0,0.664
d12m1,aggressive,short,stock,10,5,2024,51,51,0.035,0.08,-4.457,-5.081,0.03,0.03,-0.363,0.035,0.465,10,510,508,0.9961,0,508,0,0,0,0,2,0,0,0,0,0,0.754
d12m1,aggressive,short,stock,10,5,2025,50,50,0.017,0.04,-7.774,-9.511,-0.017,0.008,-0.586,0.017,0.526,10.0,500,495,0.99,0,495,0,0,0,0,3,0,0,2,0,0,0.737
d12m1,aggressive,short,stock,10,5,2026,35,35,-0.627,-1.0,-9.725,-12.47,-0.62,-0.639,-1.2,-0.627,0.453,10,350,348,0.9943,0,348,0,0,0,0,1,1,0,0,0,0,0.762
d12m1,aggressive,short,stock,10,20,ALL,145,145,-0.601,-0.92,-13.845,-16.249,-0.622,-0.589,-2.28,-0.601,0.448,10,1450,1424,0.9821,0,1423,0,0,1,0,23,1,0,2,0,0,0.745
d12m1,aggressive,short,stock,10,20,P1,63,63,0.33,0.36,-9.729,-10.552,0.283,0.324,-0.996,0.33,0.487,10,630,622,0.9873,0,622,0,0,0,0,8,0,0,0,0,0,0.74
d12m1,aggressive,short,stock,10,20,P2,82,82,-1.317,-1.5,-14.944,-16.249,-1.318,-1.291,-3.267,-1.317,0.418,10.0,820,802,0.978,0,801,0,0,1,0,15,1,0,2,0,0,0.747
d12m1,aggressive,short,stock,10,20,2023,12,12,-1.492,-2.06,-4.956,-4.956,-1.563,-1.479,-5.856,-1.492,0.394,10.0,120,115,0.9583,0,115,0,0,0,0,5,0,0,0,0,0,0.664
d12m1,aggressive,short,stock,10,20,2024,51,51,0.759,0.69,-9.918,-10.552,0.718,0.748,0.147,0.759,0.509,10,510,507,0.9941,0,507,0,0,0,0,3,0,0,0,0,0,0.754
d12m1,aggressive,short,stock,10,20,2025,50,50,-0.939,-0.79,-15.276,-16.249,-0.906,-0.898,-3.297,-0.939,0.426,10.0,500,486,0.972,0,486,0,0,0,0,12,0,0,2,0,0,0.737
d12m1,aggressive,short,stock,10,20,2026,32,32,-1.909,-1.5,-14.09,-14.948,-1.962,-1.905,-3.219,-1.909,0.406,10.0,320,316,0.9875,0,315,0,0,1,0,3,1,0,0,0,0,0.758
d12m1,aggressive,short,stock,10,63,ALL,137,137,-0.905,-0.54,-18.703,-21.663,-0.603,-0.861,-6.171,-0.905,0.416,10,1370,1300,0.9489,0,1296,0,0,4,0,68,0,0,2,0,0,0.743
d12m1,aggressive,short,stock,10,63,P1,63,63,0.828,0.71,-13.228,-15.055,1.044,0.75,-3.906,0.828,0.447,10,630,603,0.9571,0,602,0,0,1,0,27,0,0,0,0,0,0.74
d12m1,aggressive,short,stock,10,63,P2,74,74,-2.38,-0.86,-20.222,-21.663,-2.005,-2.232,-8.099,-2.38,0.39,10.0,740,697,0.9419,0,694,0,0,3,0,41,0,0,2,0,0,0.742
d12m1,aggressive,short,stock,10,63,2023,12,12,1.611,1.51,-7.403,-7.403,1.088,1.399,-11.642,1.611,0.421,10.0,120,106,0.8833,0,106,0,0,0,0,14,0,0,0,0,0,0.664
d12m1,aggressive,short,stock,10,63,2024,51,51,0.643,0.45,-13.895,-15.055,1.034,0.597,-2.086,0.643,0.454,10,510,497,0.9745,0,496,0,0,1,0,13,0,0,0,0,0,0.754
d12m1,aggressive,short,stock,10,63,2025,50,50,-0.312,-0.08,-20.722,-21.663,0.148,-0.248,-6.79,-0.312,0.424,10.0,500,467,0.934,0,467,0,0,0,0,31,0,0,2,0,0,0.737
d12m1,aggressive,short,stock,10,63,2026,24,24,-6.688,-2.7,-17.629,-18.723,-6.489,-6.364,-10.825,-6.688,0.318,10.0,240,230,0.9583,0,227,0,0,3,0,10,0,0,0,0,0,0.748
d12m1,aggressive,short,stock,20,5,ALL,148,148,0.047,0.22,-5.979,-9.423,0.041,0.043,-0.294,0.047,0.487,20.0,2959,2944,0.9949,1,2944,0,0,0,0,9,1,0,5,0,1,0.67
d12m1,aggressive,short,stock,20,5,P1,63,63,0.083,0.28,-3.951,-4.888,0.082,0.083,-0.156,0.083,0.473,20,1260,1255,0.996,0,1255,0,0,0,0,3,0,0,2,0,0,0.673
d12m1,aggressive,short,stock,20,5,P2,85,85,0.02,0.07,-6.951,-9.423,0.01,0.014,-0.396,0.02,0.497,20,1699,1689,0.9941,1,1689,0,0,0,0,6,1,0,3,0,1,0.668
d12m1,aggressive,short,stock,20,5,2023,12,12,-0.247,-0.39,-4.888,-4.888,-0.234,-0.233,-0.655,-0.247,0.472,20.0,240,239,0.9958,0,239,0,0,0,0,1,0,0,0,0,0,0.632
d12m1,aggressive,short,stock,20,5,2024,51,51,0.161,0.48,-3.638,-3.98,0.157,0.158,-0.039,0.161,0.474,20,1020,1016,0.9961,0,1016,0,0,0,0,2,0,0,2,0,0,0.683
d12m1,aggressive,short,stock,20,5,2025,50,50,0.205,0.59,-5.915,-8.562,0.187,0.2,-0.299,0.205,0.508,20.0,999,991,0.992,1,991,0,0,0,0,5,0,0,3,0,1,0.656
d12m1,aggressive,short,stock,20,5,2026,35,35,-0.245,-0.45,-7.627,-9.423,-0.243,-0.253,-0.533,-0.245,0.481,20,700,698,0.9971,0,698,0,0,0,0,1,1,0,0,0,0,0.684
d12m1,aggressive,short,stock,20,20,ALL,145,145,-0.493,-0.9,-11.222,-13.493,-0.512,-0.487,-2.14,-0.494,0.449,20,2899,2847,0.9821,1,2845,0,0,2,0,43,4,0,5,0,1,0.669
d12m1,aggressive,short,stock,20,20,P1,63,63,0.071,0.09,-7.62,-9.881,0.033,0.061,-1.178,0.071,0.463,20,1260,1243,0.9865,0,1243,0,0,0,0,15,0,0,2,0,0,0.673
d12m1,aggressive,short,stock,20,20,P2,82,82,-0.926,-1.23,-11.809,-13.493,-0.931,-0.908,-2.879,-0.928,0.439,20.0,1639,1604,0.9786,1,1602,0,0,2,0,28,4,0,3,0,1,0.667
d12m1,aggressive,short,stock,20,20,2023,12,12,-1.409,-1.34,-5.664,-5.664,-1.439,-1.398,-4.447,-1.409,0.384,20.0,240,233,0.9708,0,233,0,0,0,0,7,0,0,0,0,0,0.632
d12m1,aggressive,short,stock,20,20,2024,51,51,0.419,0.46,-8.272,-9.881,0.38,0.404,-0.409,0.419,0.481,20,1020,1010,0.9902,0,1010,0,0,0,0,8,0,0,2,0,0,0.683
d12m1,aggressive,short,stock,20,20,2025,50,50,-0.422,-0.41,-12.492,-13.493,-0.403,-0.404,-2.503,-0.425,0.45,20.0,999,975,0.976,1,975,0,0,0,0,21,0,0,3,0,1,0.656
d12m1,aggressive,short,stock,20,20,2026,32,32,-1.713,-1.75,-10.784,-10.792,-1.756,-1.696,-3.466,-1.713,0.421,20.0,640,629,0.9828,0,627,0,0,2,0,7,4,0,0,0,0,0.682
d12m1,aggressive,short,stock,20,63,ALL,137,137,-0.856,-0.51,-18.793,-24.087,-0.705,-0.79,-5.552,-0.862,0.417,20,2739,2612,0.9536,1,2605,0,0,7,0,120,1,1,5,0,1,0.669
d12m1,aggressive,short,stock,20,63,P1,63,63,0.152,0.19,-11.344,-13.221,0.235,0.121,-3.419,0.152,0.431,20,1260,1217,0.9659,0,1215,0,0,2,0,41,0,0,2,0,0,0.673
d12m1,aggressive,short,stock,20,63,P2,74,74,-1.714,-0.58,-20.563,-24.087,-1.505,-1.565,-7.368,-1.726,0.405,20.0,1479,1395,0.9432,1,1390,0,0,5,0,79,1,1,3,0,1,0.665
d12m1,aggressive,short,stock,20,63,2023,12,12,1.427,2.03,-7.958,-7.958,0.953,1.257,-7.584,1.427,0.439,20.0,240,221,0.9208,0,221,0,0,0,0,19,0,0,0,0,0,0.632
d12m1,aggressive,short,stock,20,63,2024,51,51,-0.148,-0.16,-11.889,-13.221,0.066,-0.146,-2.439,-0.148,0.429,20,1020,996,0.9765,0,994,0,0,2,0,22,0,0,2,0,0,0.683
d12m1,aggressive,short,stock,20,63,2025,50,50,1.164,0.32,-16.87,-18.04,1.355,1.187,-5.262,1.146,0.455,20.0,999,935,0.9359,1,934,0,0,1,0,60,0,1,3,0,1,0.656
d12m1,aggressive,short,stock,20,63,2026,24,24,-7.709,-3.14,-22.197,-24.087,-7.462,-7.3,-11.755,-7.709,0.301,20.0,480,460,0.9583,0,456,0,0,4,0,19,1,0,0,0,0,0.683
d12m1,balanced,long,mixed,10,5,ALL,148,148,0.112,0.39,-7.92,-12.26,0.101,0.105,-0.365,0.112,0.473,10.0,1480,1471,0.9939,0,1471,0,0,0,0,7,0,0,2,0,0,0.62
d12m1,balanced,long,mixed,10,5,P1,63,63,0.089,0.25,-5.023,-7.088,0.086,0.086,-0.232,0.089,0.443,10,630,628,0.9968,0,628,0,0,0,0,2,0,0,0,0,0,0.606
d12m1,balanced,long,mixed,10,5,P2,85,85,0.129,0.3,-9.013,-12.26,0.113,0.118,-0.464,0.129,0.495,10,850,843,0.9918,0,843,0,0,0,0,5,0,0,2,0,0,0.631
d12m1,balanced,long,mixed,10,5,2023,12,12,-0.256,-0.37,-4.637,-4.637,-0.256,-0.256,-0.256,-0.256,0.392,10.0,120,120,1.0,0,120,0,0,0,0,0,0,0,0,0,0,0.6
d12m1,balanced,long,mixed,10,5,2024,51,51,0.17,0.41,-5.07,-7.088,0.166,0.167,-0.227,0.17,0.455,10,510,508,0.9961,0,508,0,0,0,0,2,0,0,0,0,0,0.602
d12m1,balanced,long,mixed,10,5,2025,50,50,0.05,0.12,-6.448,-8.652,0.036,0.052,-0.537,0.05,0.487,10.0,500,495,0.99,0,495,0,0,0,0,3,0,0,2,0,0,0.618
d12m1,balanced,long,mixed,10,5,2026,35,35,0.242,0.29,-10.684,-12.26,0.222,0.213,-0.36,0.242,0.507,10,350,348,0.9943,0,348,0,0,0,0,2,0,0,0,0,0,0.65
d12m1,balanced,long,mixed,10,20,ALL,145,145,-0.014,-0.02,-11.918,-17.203,-0.079,-0.032,-2.136,-0.014,0.415,10,1450,1418,0.9779,0,1416,0,0,2,0,27,3,0,2,0,0,0.618
d12m1,balanced,long,mixed,10,20,P1,63,63,0.536,0.48,-8.052,-9.76,0.458,0.504,-0.809,0.536,0.398,10,630,622,0.9873,0,622,0,0,0,0,8,0,0,0,0,0,0.606
d12m1,balanced,long,mixed,10,20,P2,82,82,-0.437,-0.44,-13.013,-17.203,-0.492,-0.444,-3.156,-0.437,0.428,10.0,820,796,0.9707,0,794,0,0,2,0,19,3,0,2,0,0,0.627
d12m1,balanced,long,mixed,10,20,2023,12,12,-2.097,-3.45,-6.272,-6.272,-2.129,-2.107,-3.848,-2.097,0.29,10.0,120,118,0.9833,0,118,0,0,0,0,2,0,0,0,0,0,0.6
d12m1,balanced,long,mixed,10,20,2024,51,51,1.156,0.89,-8.358,-9.76,1.067,1.118,-0.093,1.156,0.423,10,510,504,0.9882,0,504,0,0,0,0,6,0,0,0,0,0,0.602
d12m1,balanced,long,mixed,10,20,2025,50,50,-0.405,-0.3,-14.274,-17.203,-0.416,-0.41,-2.99,-0.405,0.414,10.0,500,485,0.97,0,485,0,0,0,0,13,0,0,2,0,0,0.618
d12m1,balanced,long,mixed,10,20,2026,32,32,-0.488,-0.35,-9.795,-10.274,-0.611,-0.496,-3.416,-0.488,0.449,10.0,320,311,0.9719,0,309,0,0,2,0,6,3,0,0,0,0,0.642
d12m1,balanced,long,mixed,10,63,ALL,137,137,0.048,0.03,-19.622,-21.713,0.335,-0.081,-5.993,0.048,0.391,10,1370,1292,0.9431,0,1287,0,0,5,0,76,0,0,2,0,0,0.615
d12m1,balanced,long,mixed,10,63,P1,63,63,1.311,0.92,-12.206,-14.697,1.437,1.166,-2.783,1.311,0.379,10,630,607,0.9635,0,607,0,0,0,0,23,0,0,0,0,0,0.606
d12m1,balanced,long,mixed,10,63,P2,74,74,-1.027,-0.4,-20.553,-21.713,-0.603,-1.143,-8.725,-1.027,0.401,10.0,740,685,0.9257,0,680,0,0,5,0,53,0,0,2,0,0,0.622
d12m1,balanced,long,mixed,10,63,2023,12,12,1.552,1.47,-10.251,-10.251,0.779,1.088,-8.179,1.552,0.379,10.0,120,110,0.9167,0,110,0,0,0,0,10,0,0,0,0,0,0.6
d12m1,balanced,long,mixed,10,63,2024,51,51,1.255,0.72,-12.767,-14.697,1.592,1.184,-1.513,1.255,0.38,10,510,497,0.9745,0,497,0,0,0,0,13,0,0,0,0,0,0.602
d12m1,balanced,long,mixed,10,63,2025,50,50,0.883,0.27,-19.865,-20.446,1.596,0.703,-7.028,0.883,0.428,10.0,500,461,0.922,0,460,0,0,1,0,37,0,0,2,0,0,0.618
d12m1,balanced,long,mixed,10,63,2026,24,24,-5.006,-1.53,-21.087,-21.713,-5.183,-4.989,-12.259,-5.006,0.343,10.0,240,224,0.9333,0,220,0,0,4,0,16,0,0,0,0,0,0.63
d12m1,balanced,long,mixed,20,5,ALL,148,148,0.097,0.42,-7.031,-11.669,0.096,0.094,-0.276,0.1,0.48,20.0,2957,2940,0.9943,3,2940,0,0,0,0,9,2,0,6,0,1,0.598
d12m1,balanced,long,mixed,20,5,P1,63,63,0.054,0.19,-4.003,-5.137,0.051,0.052,-0.107,0.061,0.446,20,1257,1254,0.9976,3,1254,0,0,0,0,2,0,0,1,0,1,0.602
d12m1,balanced,long,mixed,20,5,P2,85,85,0.128,0.38,-8.103,-11.669,0.13,0.125,-0.401,0.128,0.506,20,1700,1686,0.9918,0,1686,0,0,0,0,7,2,0,5,0,0,0.595
d12m1,balanced,long,mixed,20,5,2023,12,12,-0.242,-0.51,-3.366,-3.366,-0.242,-0.242,-0.242,-0.206,0.397,20.0,237,237,1.0,3,237,0,0,0,0,0,0,0,0,0,1,0.609
d12m1,balanced,long,mixed,20,5,2024,51,51,0.124,0.38,-4.216,-5.137,0.12,0.121,-0.076,0.124,0.458,20,1020,1017,0.9971,0,1017,0,0,0,0,2,0,0,1,0,0,0.601
d12m1,balanced,long,mixed,20,5,2025,50,50,0.086,0.25,-6.265,-7.672,0.083,0.088,-0.407,0.086,0.5,20.0,1000,992,0.992,0,992,0,0,0,0,5,0,0,3,0,0,0.584
d12m1,balanced,long,mixed,20,5,2026,35,35,0.189,0.28,-9.919,-11.669,0.197,0.178,-0.393,0.189,0.515,20,700,694,0.9914,0,694,0,0,0,0,2,2,0,2,0,0,0.618
d12m1,balanced,long,mixed,20,20,ALL,145,145,0.266,0.43,-10.31,-14.828,0.218,0.249,-1.753,0.266,0.433,20,2897,2834,0.9783,3,2832,0,0,2,0,53,4,0,6,0,1,0.596
d12m1,balanced,long,mixed,20,20,P1,63,63,0.308,0.35,-7.167,-8.197,0.235,0.282,-1.198,0.309,0.403,20,1257,1238,0.9849,3,1238,0,0,0,0,18,0,0,1,0,1,0.602
d12m1,balanced,long,mixed,20,20,P2,82,82,0.233,0.26,-11.626,-14.828,0.204,0.223,-2.18,0.233,0.456,20.0,1640,1596,0.9732,0,1594,0,0,2,0,35,4,0,5,0,0,0.592
d12m1,balanced,long,mixed,20,20,2023,12,12,-1.188,-1.92,-4.237,-4.237,-1.194,-1.133,-3.755,-1.181,0.363,20.0,237,231,0.9747,3,231,0,0,0,0,6,0,0,0,0,1,0.609
d12m1,balanced,long,mixed,20,20,2024,51,51,0.66,0.63,-7.45,-8.197,0.571,0.615,-0.596,0.66,0.413,20,1020,1007,0.9873,0,1007,0,0,0,0,12,0,0,1,0,0,0.601
d12m1,balanced,long,mixed,20,20,2025,50,50,0.339,0.28,-12.474,-14.828,0.315,0.331,-1.978,0.339,0.464,20.0,1000,974,0.974,0,974,0,0,0,0,23,0,0,3,0,0,0.584
d12m1,balanced,long,mixed,20,20,2026,32,32,0.067,0.05,-10.354,-11.767,0.031,0.055,-2.496,0.067,0.445,20.0,640,622,0.9719,0,620,0,0,2,0,12,4,0,2,0,0,0.611
d12m1,balanced,long,mixed,20,63,ALL,137,137,0.602,0.35,-17.742,-21.447,0.651,0.489,-4.685,0.603,0.408,20,2737,2598,0.9492,3,2590,0,0,8,0,129,3,1,6,0,1,0.592
d12m1,balanced,long,mixed,20,63,P1,63,63,0.381,0.38,-9.472,-10.179,0.373,0.306,-3.386,0.383,0.374,20,1257,1213,0.965,3,1213,0,0,0,0,43,0,0,1,0,1,0.602
d12m1,balanced,long,mixed,20,63,P2,74,74,0.79,0.26,-18.797,-21.447,0.888,0.644,-5.791,0.79,0.437,20.0,1480,1385,0.9358,0,1377,0,0,8,0,86,3,1,5,0,0,0.584
d12m1,balanced,long,mixed,20,63,2023,12,12,1.29,2.0,-6.528,-6.528,0.759,1.205,-7.637,1.297,0.399,20.0,237,218,0.9198,3,218,0,0,0,0,19,0,0,0,0,1,0.609
d12m1,balanced,long,mixed,20,63,2024,51,51,0.167,0.14,-9.615,-10.179,0.282,0.094,-2.386,0.167,0.368,20,1020,995,0.9755,0,995,0,0,0,0,24,0,0,1,0,0,0.601
d12m1,balanced,long,mixed,20,63,2025,50,50,3.441,0.89,-17.178,-19.407,3.516,3.13,-3.16,3.441,0.483,20.0,1000,937,0.937,0,933,0,0,4,0,59,0,1,3,0,0,0.584
d12m1,balanced,long,mixed,20,63,2026,24,24,-4.733,-1.4,-19.327,-21.447,-4.586,-4.533,-11.271,-4.733,0.341,20.0,480,448,0.9333,0,444,0,0,4,0,27,3,0,2,0,0,0.593
d12m1,balanced,long,stock,10,5,ALL,148,148,0.163,0.55,-8.582,-12.26,0.15,0.152,-0.521,0.164,0.489,10.0,1479,1467,0.9919,1,1467,0,0,0,0,9,1,0,2,0,1,0.619
d12m1,balanced,long,stock,10,5,P1,63,63,0.262,0.73,-5.092,-7.088,0.26,0.26,-0.059,0.262,0.486,10,630,628,0.9968,0,628,0,0,0,0,2,0,0,0,0,0,0.605
d12m1,balanced,long,stock,10,5,P2,85,85,0.089,0.2,-9.715,-12.26,0.069,0.072,-0.863,0.091,0.492,10,849,839,0.9882,1,839,0,0,0,0,7,1,0,2,0,1,0.63
d12m1,balanced,long,stock,10,5,2023,12,12,0.086,0.11,-4.748,-4.748,0.086,0.086,0.086,0.086,0.483,10.0,120,120,1.0,0,120,0,0,0,0,0,0,0,0,0,0,0.582
d12m1,balanced,long,stock,10,5,2024,51,51,0.304,0.74,-4.935,-7.088,0.3,0.301,-0.093,0.304,0.486,10,510,508,0.9961,0,508,0,0,0,0,2,0,0,0,0,0,0.608
d12m1,balanced,long,stock,10,5,2025,50,50,-0.015,-0.03,-8.046,-9.691,-0.035,-0.02,-1.01,-0.013,0.492,10.0,499,492,0.986,1,492,0,0,0,0,5,0,0,2,0,1,0.618
d12m1,balanced,long,stock,10,5,2026,35,35,0.239,0.27,-10.888,-12.26,0.217,0.203,-0.653,0.239,0.492,10,350,347,0.9914,0,347,0,0,0,0,2,1,0,0,0,0,0.647
d12m1,balanced,long,stock,10,20,ALL,145,145,0.087,0.11,-12.794,-17.203,0.058,0.104,-2.426,0.081,0.462,10,1449,1411,0.9738,1,1409,0,0,2,0,33,3,0,2,0,1,0.617
d12m1,balanced,long,stock,10,20,P1,63,63,1.052,0.96,-8.052,-9.76,0.968,1.018,-0.619,1.052,0.509,10,630,620,0.9841,0,620,0,0,0,0,10,0,0,0,0,0,0.605
d12m1,balanced,long,stock,10,20,P2,82,82,-0.654,-0.63,-14.251,-17.203,-0.64,-0.598,-3.815,-0.665,0.427,10.0,819,791,0.9658,1,789,0,0,2,0,23,3,0,2,0,1,0.627
d12m1,balanced,long,stock,10,20,2023,12,12,-1.585,-1.8,-6.268,-6.268,-1.629,-1.603,-4.191,-1.585,0.378,10.0,120,117,0.975,0,117,0,0,0,0,3,0,0,0,0,0,0.582
d12m1,balanced,long,stock,10,20,2024,51,51,1.672,1.3,-8.358,-9.76,1.579,1.634,0.221,1.672,0.54,10,510,503,0.9863,0,503,0,0,0,0,7,0,0,0,0,0,0.608
d12m1,balanced,long,stock,10,20,2025,50,50,-0.723,-0.52,-15.866,-17.203,-0.619,-0.621,-3.831,-0.741,0.421,10.0,499,481,0.9639,1,481,0,0,0,0,16,0,0,2,0,1,0.618
d12m1,balanced,long,stock,10,20,2026,32,32,-0.546,-0.36,-11.686,-12.599,-0.674,-0.562,-3.789,-0.546,0.435,10.0,320,310,0.9688,0,308,0,0,2,0,7,3,0,0,0,0,0.642
d12m1,balanced,long,stock,10,63,ALL,137,137,1.28,0.79,-19.766,-22.715,1.55,1.148,-5.884,1.26,0.449,10,1369,1277,0.9328,1,1272,0,0,5,0,90,0,0,2,0,1,0.615
d12m1,balanced,long,stock,10,63,P1,63,63,3.488,2.34,-11.436,-14.697,3.574,3.276,-1.525,3.488,0.488,10,630,602,0.9556,0,602,0,0,0,0,28,0,0,0,0,0,0.605
d12m1,balanced,long,stock,10,63,P2,74,74,-0.599,-0.23,-20.87,-22.715,-0.172,-0.664,-9.594,-0.636,0.416,10.0,739,675,0.9134,1,670,0,0,5,0,62,0,0,2,0,1,0.625
d12m1,balanced,long,stock,10,63,2023,12,12,3.829,3.59,-4.664,-4.664,2.883,3.249,-7.859,3.829,0.481,10.0,120,108,0.9,0,108,0,0,0,0,12,0,0,0,0,0,0.582
d12m1,balanced,long,stock,10,63,2024,51,51,3.407,1.89,-12.027,-14.697,3.736,3.282,-0.035,3.407,0.49,10,510,494,0.9686,0,494,0,0,0,0,16,0,0,0,0,0,0.608
d12m1,balanced,long,stock,10,63,2025,50,50,1.448,0.46,-19.006,-19.553,2.168,1.35,-7.966,1.393,0.451,10.0,499,453,0.9078,1,452,0,0,1,0,44,0,0,2,0,1,0.618
d12m1,balanced,long,stock,10,63,2026,24,24,-4.862,-1.36,-22.214,-22.715,-5.048,-4.861,-12.987,-4.862,0.343,10.0,240,222,0.925,0,218,0,0,4,0,18,0,0,0,0,0,0.639
d12m1,balanced,long,stock,20,5,ALL,148,148,0.107,0.46,-7.271,-11.669,0.105,0.103,-0.369,0.114,0.49,20.0,2945,2925,0.9932,15,2925,0,0,0,0,11,3,0,6,0,2,0.591
d12m1,balanced,long,stock,20,5,P1,63,63,0.152,0.54,-4.21,-5.128,0.146,0.148,-0.172,0.162,0.48,20,1256,1251,0.996,4,1251,0,0,0,0,4,0,0,1,0,1,0.603
d12m1,balanced,long,stock,20,5,P2,85,85,0.073,0.21,-8.489,-11.669,0.074,0.07,-0.516,0.08,0.498,20,1689,1674,0.9911,11,1674,0,0,0,0,7,3,0,5,0,1,0.584
d12m1,balanced,long,stock,20,5,2023,12,12,-0.197,-0.36,-4.354,-4.354,-0.201,-0.2,-0.619,-0.149,0.456,20.0,236,235,0.9958,4,235,0,0,0,0,1,0,0,0,0,1,0.595
d12m1,balanced,long,stock,20,5,2024,51,51,0.235,0.72,-4.163,-5.128,0.227,0.23,-0.066,0.235,0.486,20,1020,1016,0.9961,0,1016,0,0,0,0,3,0,0,1,0,0,0.607
d12m1,balanced,long,stock,20,5,2025,50,50,0.04,0.11,-6.966,-8.509,0.033,0.039,-0.457,0.051,0.494,20.0,989,981,0.9919,11,981,0,0,0,0,5,0,0,3,0,1,0.576
d12m1,balanced,long,stock,20,5,2026,35,35,0.12,0.18,-10.043,-11.669,0.133,0.114,-0.601,0.12,0.504,20,700,693,0.99,0,693,0,0,0,0,2,3,0,2,0,0,0.601
d12m1,balanced,long,stock,20,20,ALL,145,145,0.437,0.69,-10.757,-14.998,0.379,0.418,-1.967,0.411,0.473,20,2885,2811,0.9744,15,2809,0,0,2,0,62,6,0,6,0,2,0.591
d12m1,balanced,long,stock,20,20,P1,63,63,0.917,1.04,-7.275,-8.414,0.817,0.882,-1.248,0.921,0.5,20,1256,1229,0.9785,4,1229,0,0,0,0,26,0,0,1,0,1,0.603
d12m1,balanced,long,stock,20,20,P2,82,82,0.068,0.08,-12.03,-14.998,0.042,0.061,-2.52,0.018,0.452,20.0,1629,1582,0.9711,11,1580,0,0,2,0,36,6,0,5,0,1,0.583
d12m1,balanced,long,stock,20,20,2023,12,12,-0.701,-0.79,-3.84,-3.84,-0.804,-0.68,-5.042,-0.681,0.429,20.0,236,226,0.9576,4,226,0,0,0,0,10,0,0,0,0,1,0.595
d12m1,balanced,long,stock,20,20,2024,51,51,1.298,1.24,-7.594,-8.414,1.199,1.249,-0.355,1.298,0.517,20,1020,1003,0.9833,0,1003,0,0,0,0,16,0,0,1,0,0,0.607
d12m1,balanced,long,stock,20,20,2025,50,50,0.236,0.2,-13.048,-14.998,0.213,0.231,-2.168,0.154,0.468,20.0,989,962,0.9727,11,962,0,0,0,0,24,0,0,3,0,1,0.576
d12m1,balanced,long,stock,20,20,2026,32,32,-0.194,-0.14,-10.505,-12.068,-0.226,-0.204,-3.069,-0.194,0.428,20.0,640,620,0.9688,0,618,0,0,2,0,12,6,0,2,0,0,0.6
d12m1,balanced,long,stock,20,63,ALL,137,137,1.815,1.04,-17.847,-23.516,1.81,1.663,-4.147,1.727,0.462,20,2725,2570,0.9431,15,2562,0,0,8,0,145,3,1,6,0,2,0.588
d12m1,balanced,long,stock,20,63,P1,63,63,2.577,2.58,-9.373,-11.894,2.488,2.449,-2.192,2.582,0.485,20,1256,1201,0.9562,4,1201,0,0,0,0,54,0,0,1,0,1,0.603
d12m1,balanced,long,stock,20,63,P2,74,74,1.166,0.38,-19.197,-23.516,1.232,0.994,-5.812,0.998,0.443,20.0,1469,1369,0.9319,11,1361,0,0,8,0,91,3,1,5,0,1,0.577
d12m1,balanced,long,stock,20,63,2023,12,12,4.035,3.71,-3.044,-3.044,3.22,3.75,-7.408,4.064,0.505,20.0,236,212,0.8983,4,212,0,0,0,0,24,0,0,0,0,1,0.595
d12m1,balanced,long,stock,20,63,2024,51,51,2.234,2.0,-9.766,-11.894,2.316,2.143,-0.964,2.234,0.481,20,1020,989,0.9696,0,989,0,0,0,0,30,0,0,1,0,0,0.607
d12m1,balanced,long,stock,20,63,2025,50,50,4.047,1.08,-16.098,-18.598,4.076,3.699,-3.14,3.798,0.492,20.0,989,921,0.9312,11,917,0,0,4,0,64,0,1,3,0,1,0.576
d12m1,balanced,long,stock,20,63,2026,24,24,-4.836,-1.37,-20.492,-23.516,-4.694,-4.641,-11.379,-4.836,0.34,20.0,480,448,0.9333,0,444,0,0,4,0,27,3,0,2,0,0,0.587
d12m1,balanced,mid,mixed,10,5,ALL,148,148,0.164,0.57,-8.084,-13.203,0.158,0.156,-0.311,0.164,0.478,10.0,1480,1469,0.9926,0,1469,0,0,0,0,6,1,0,4,0,0,0.668
d12m1,balanced,mid,mixed,10,5,P1,63,63,-0.005,-0.01,-4.972,-6.909,-0.008,-0.006,-0.325,-0.005,0.433,10,630,627,0.9952,0,627,0,0,0,0,2,0,0,1,0,0,0.648
d12m1,balanced,mid,mixed,10,5,P2,85,85,0.289,0.68,-9.427,-13.203,0.281,0.276,-0.301,0.289,0.511,10,850,842,0.9906,0,842,0,0,0,0,4,1,0,3,0,0,0.682
d12m1,balanced,mid,mixed,10,5,2023,12,12,-0.09,-0.14,-4.74,-4.74,-0.09,-0.09,-0.09,-0.09,0.392,10.0,120,120,1.0,0,120,0,0,0,0,0,0,0,0,0,0,0.636
d12m1,balanced,mid,mixed,10,5,2024,51,51,0.015,0.04,-5.049,-6.909,0.011,0.013,-0.38,0.015,0.443,10,510,507,0.9941,0,507,0,0,0,0,2,0,0,1,0,0,0.65
d12m1,balanced,mid,mixed,10,5,2025,50,50,0.259,0.55,-7.342,-12.047,0.244,0.256,-0.332,0.259,0.507,10.0,500,495,0.99,0,495,0,0,0,0,3,0,0,2,0,0,0.669
d12m1,balanced,mid,mixed,10,5,2026,35,35,0.33,0.43,-10.811,-13.203,0.334,0.305,-0.256,0.33,0.517,10,350,347,0.9914,0,347,0,0,0,0,1,1,0,1,0,0,0.7
d12m1,balanced,mid,mixed,10,20,ALL,145,145,-0.166,-0.24,-12.144,-17.907,-0.213,-0.184,-2.295,-0.166,0.409,10,1450,1416,0.9766,0,1415,0,0,1,0,27,3,0,4,0,0,0.667
d12m1,balanced,mid,mixed,10,20,P1,63,63,-0.062,-0.06,-9.133,-10.653,-0.133,-0.089,-1.583,-0.062,0.369,10,630,620,0.9841,0,620,0,0,0,0,9,0,0,1,0,0,0.648
d12m1,balanced,mid,mixed,10,20,P2,82,82,-0.246,-0.26,-13.279,-17.907,-0.273,-0.256,-2.841,-0.246,0.439,10.0,820,796,0.9707,0,795,0,0,1,0,18,3,0,3,0,0,0.68
d12m1,balanced,mid,mixed,10,20,2023,12,12,-1.978,-4.15,-5.536,-5.536,-2.012,-1.981,-3.723,-1.978,0.273,10.0,120,118,0.9833,0,118,0,0,0,0,2,0,0,0,0,0,0.636
d12m1,balanced,mid,mixed,10,20,2024,51,51,0.389,0.32,-9.863,-10.653,0.309,0.356,-1.079,0.389,0.392,10,510,502,0.9843,0,502,0,0,0,0,7,0,0,1,0,0,0.65
d12m1,balanced,mid,mixed,10,20,2025,50,50,-0.187,-0.15,-15.073,-17.907,-0.184,-0.182,-2.776,-0.187,0.431,10.0,500,485,0.97,0,485,0,0,0,0,13,0,0,2,0,0,0.669
d12m1,balanced,mid,mixed,10,20,2026,32,32,-0.339,-0.27,-9.664,-10.405,-0.413,-0.372,-2.943,-0.339,0.45,10.0,320,311,0.9719,0,310,0,0,1,0,5,3,0,1,0,0,0.697
d12m1,balanced,mid,mixed,10,63,ALL,137,137,0.303,0.18,-19.616,-23.276,0.386,0.157,-5.349,0.303,0.389,10,1370,1295,0.9453,0,1291,0,0,4,0,71,0,0,4,0,0,0.661
d12m1,balanced,mid,mixed,10,63,P1,63,63,0.96,0.66,-9.946,-12.029,0.971,0.857,-2.761,0.96,0.366,10,630,608,0.9651,0,608,0,0,0,0,21,0,0,1,0,0,0.648
d12m1,balanced,mid,mixed,10,63,P2,74,74,-0.257,-0.09,-21.407,-23.276,-0.112,-0.439,-7.553,-0.257,0.408,10.0,740,687,0.9284,0,683,0,0,4,0,50,0,0,3,0,0,0.671
d12m1,balanced,mid,mixed,10,63,2023,12,12,0.038,0.04,-8.812,-8.812,-0.552,-0.274,-8.616,0.038,0.321,10.0,120,111,0.925,0,111,0,0,0,0,9,0,0,0,0,0,0.636
d12m1,balanced,mid,mixed,10,63,2024,51,51,1.177,0.67,-10.264,-12.029,1.329,1.123,-1.383,1.177,0.376,10,510,497,0.9745,0,497,0,0,0,0,12,0,0,1,0,0,0.65
d12m1,balanced,mid,mixed,10,63,2025,50,50,2.417,0.69,-20.808,-23.276,2.688,2.114,-5.795,2.417,0.446,10.0,500,460,0.92,0,459,0,0,1,0,38,0,0,2,0,0,0.669
d12m1,balanced,mid,mixed,10,63,2026,24,24,-5.828,-2.13,-20.51,-23.202,-5.945,-5.757,-11.214,-5.828,0.328,10.0,240,227,0.9458,0,224,0,0,3,0,12,0,0,1,0,0,0.674
d12m1,balanced,mid,mixed,20,5,ALL,148,148,0.032,0.14,-6.99,-12.562,0.03,0.029,-0.343,0.039,0.476,20.0,2943,2925,0.9939,17,2925,0,0,0,0,10,1,0,7,0,5,0.633
d12m1,balanced,mid,mixed,20,5,P1,63,63,-0.033,-0.12,-3.98,-5.152,-0.034,-0.033,-0.352,-0.012,0.44,20,1246,1241,0.996,14,1241,0,0,0,0,4,0,0,1,0,3,0.641
d12m1,balanced,mid,mixed,20,5,P2,85,85,0.079,0.23,-8.099,-12.562,0.077,0.075,-0.335,0.077,0.502,20,1697,1684,0.9923,3,1684,0,0,0,0,6,1,0,6,0,2,0.627
d12m1,balanced,mid,mixed,20,5,2023,12,12,-0.255,-0.56,-3.275,-3.275,-0.25,-0.249,-0.67,-0.149,0.411,20.0,226,225,0.9956,14,225,0,0,0,0,1,0,0,0,0,3,0.646
d12m1,balanced,mid,mixed,20,5,2024,51,51,0.02,0.06,-4.214,-5.152,0.016,0.018,-0.278,0.02,0.447,20,1020,1016,0.9961,0,1016,0,0,0,0,3,0,0,1,0,0,0.639
d12m1,balanced,mid,mixed,20,5,2025,50,50,0.145,0.41,-5.998,-7.005,0.138,0.145,-0.253,0.141,0.501,20.0,997,990,0.993,3,990,0,0,0,0,4,0,0,3,0,2,0.616
d12m1,balanced,mid,mixed,20,5,2026,35,35,-0.016,-0.02,-10.129,-12.562,-0.009,-0.025,-0.453,-0.016,0.503,20,700,694,0.9914,0,694,0,0,0,0,2,1,0,3,0,0,0.646
d12m1,balanced,mid,mixed,20,20,ALL,145,145,-0.154,-0.27,-10.039,-13.617,-0.193,-0.161,-1.856,-0.163,0.422,20,2883,2828,0.9809,17,2826,0,0,2,0,45,3,0,7,0,5,0.631
d12m1,balanced,mid,mixed,20,20,P1,63,63,-0.223,-0.28,-7.689,-9.593,-0.278,-0.236,-1.64,-0.235,0.38,20,1246,1228,0.9856,14,1228,0,0,0,0,17,0,0,1,0,3,0.641
d12m1,balanced,mid,mixed,20,20,P2,82,82,-0.101,-0.13,-10.766,-13.617,-0.127,-0.104,-2.022,-0.108,0.455,20.0,1637,1600,0.9774,3,1598,0,0,2,0,28,3,0,6,0,2,0.624
d12m1,balanced,mid,mixed,20,20,2023,12,12,-1.269,-1.76,-4.852,-4.852,-1.254,-1.214,-4.262,-1.333,0.345,20.0,226,219,0.969,14,219,0,0,0,0,7,0,0,0,0,3,0.646
d12m1,balanced,mid,mixed,20,20,2024,51,51,0.023,0.02,-8.428,-9.593,-0.048,-0.006,-1.023,0.023,0.388,20,1020,1009,0.9892,0,1009,0,0,0,0,10,0,0,1,0,0,0.639
d12m1,balanced,mid,mixed,20,20,2025,50,50,-0.029,-0.03,-11.558,-13.617,-0.037,-0.032,-1.633,-0.04,0.461,20.0,997,978,0.9809,3,978,0,0,0,0,16,0,0,3,0,2,0.616
d12m1,balanced,mid,mixed,20,20,2026,32,32,-0.213,-0.19,-9.555,-10.59,-0.267,-0.216,-2.631,-0.213,0.446,20.0,640,622,0.9719,0,620,0,0,2,0,12,3,0,3,0,0,0.639
d12m1,balanced,mid,mixed,20,63,ALL,137,137,-0.188,-0.11,-16.701,-17.608,-0.07,-0.246,-4.998,-0.209,0.39,20,2723,2594,0.9526,17,2588,0,0,6,0,118,3,1,7,0,5,0.628
d12m1,balanced,mid,mixed,20,63,P1,63,63,-0.481,-0.54,-10.028,-11.78,-0.463,-0.549,-4.085,-0.485,0.358,20,1246,1204,0.9663,14,1204,0,0,0,0,41,0,0,1,0,3,0.641
d12m1,balanced,mid,mixed,20,63,P2,74,74,0.061,0.02,-17.148,-17.608,0.264,0.012,-5.775,0.026,0.417,20.0,1477,1390,0.9411,3,1384,0,0,6,0,77,3,1,6,0,2,0.618
d12m1,balanced,mid,mixed,20,63,2023,12,12,1.188,1.82,-7.492,-7.492,0.622,1.028,-8.269,1.165,0.387,20.0,226,206,0.9115,14,206,0,0,0,0,20,0,0,0,0,3,0.646
d12m1,balanced,mid,mixed,20,63,2024,51,51,-0.874,-0.85,-10.309,-11.78,-0.718,-0.92,-3.101,-0.874,0.351,20,1020,998,0.9784,0,998,0,0,0,0,21,0,0,1,0,0,0.639
d12m1,balanced,mid,mixed,20,63,2025,50,50,2.877,0.75,-16.841,-17.348,3.042,2.63,-2.795,2.824,0.465,20.0,997,942,0.9448,3,940,0,0,2,0,51,0,1,3,0,2,0.616
d12m1,balanced,mid,mixed,20,63,2026,24,24,-5.804,-2.4,-17.322,-17.608,-5.523,-5.443,-11.983,-5.804,0.318,20.0,480,448,0.9333,0,444,0,0,4,0,26,3,0,3,0,0,0.624
d12m1,balanced,mid,stock,10,5,ALL,148,148,0.171,0.58,-8.491,-13.203,0.163,0.161,-0.376,0.176,0.495,10.0,1477,1465,0.9919,3,1465,0,0,0,0,7,1,0,4,0,1,0.665
d12m1,balanced,mid,stock,10,5,P1,63,63,0.164,0.45,-4.951,-7.116,0.158,0.16,-0.158,0.164,0.476,10,630,627,0.9952,0,627,0,0,0,0,2,0,0,1,0,0,0.66
d12m1,balanced,mid,stock,10,5,P2,85,85,0.176,0.4,-9.882,-13.203,0.166,0.162,-0.537,0.185,0.508,10,847,838,0.9894,3,838,0,0,0,0,5,1,0,3,0,1,0.669
d12m1,balanced,mid,stock,10,5,2023,12,12,0.199,0.28,-4.74,-4.74,0.199,0.199,0.199,0.199,0.475,10.0,120,120,1.0,0,120,0,0,0,0,0,0,0,0,0,0,0.6
d12m1,balanced,mid,stock,10,5,2024,51,51,0.156,0.37,-4.958,-7.116,0.149,0.151,-0.242,0.156,0.476,10,510,507,0.9941,0,507,0,0,0,0,2,0,0,1,0,0,0.672
d12m1,balanced,mid,stock,10,5,2025,50,50,0.084,0.17,-8.619,-11.753,0.064,0.077,-0.719,0.098,0.515,10.0,497,491,0.9879,3,491,0,0,0,0,4,0,0,2,0,1,0.667
d12m1,balanced,mid,stock,10,5,2026,35,35,0.308,0.38,-10.846,-13.203,0.312,0.283,-0.278,0.308,0.499,10,350,347,0.9914,0,347,0,0,0,0,1,1,0,1,0,0,0.671
d12m1,balanced,mid,stock,10,20,ALL,145,145,-0.009,-0.01,-13.763,-19.543,-0.053,-0.029,-2.42,-0.022,0.464,10,1447,1409,0.9737,3,1408,0,0,1,0,31,3,0,4,0,1,0.665
d12m1,balanced,mid,stock,10,20,P1,63,63,0.663,0.63,-9.065,-10.653,0.567,0.613,-1.208,0.663,0.495,10,630,618,0.981,0,618,0,0,0,0,11,0,0,1,0,0,0.66
d12m1,balanced,mid,stock,10,20,P2,82,82,-0.525,-0.54,-15.541,-19.543,-0.53,-0.523,-3.351,-0.549,0.44,10.0,817,791,0.9682,3,790,0,0,1,0,20,3,0,3,0,1,0.668
d12m1,balanced,mid,stock,10,20,2023,12,12,-1.166,-1.36,-5.536,-5.536,-1.287,-1.246,-4.707,-1.166,0.392,10.0,120,116,0.9667,0,116,0,0,0,0,4,0,0,0,0,0,0.6
d12m1,balanced,mid,stock,10,20,2024,51,51,1.093,0.87,-9.772,-10.653,1.003,1.05,-0.385,1.093,0.52,10,510,502,0.9843,0,502,0,0,0,0,7,0,0,1,0,0,0.672
d12m1,balanced,mid,stock,10,20,2025,50,50,-0.448,-0.35,-16.827,-19.543,-0.409,-0.424,-3.416,-0.487,0.439,10.0,497,480,0.9658,3,480,0,0,0,0,15,0,0,2,0,1,0.667
d12m1,balanced,mid,stock,10,20,2026,32,32,-0.646,-0.43,-13.612,-14.624,-0.718,-0.677,-3.248,-0.646,0.441,10.0,320,311,0.9719,0,310,0,0,1,0,5,3,0,1,0,0,0.668
d12m1,balanced,mid,stock,10,63,ALL,137,137,1.421,0.84,-18.639,-24.735,1.478,1.229,-5.317,1.368,0.446,10,1367,1279,0.9356,3,1275,0,0,4,0,84,0,0,4,0,1,0.665
d12m1,balanced,mid,stock,10,63,P1,63,63,3.138,2.22,-9.442,-11.581,3.145,2.957,-1.868,3.138,0.478,10,630,601,0.954,0,601,0,0,0,0,28,0,0,1,0,0,0.66
d12m1,balanced,mid,stock,10,63,P2,74,74,-0.04,-0.01,-19.794,-24.735,0.059,-0.242,-8.254,-0.138,0.418,10.0,737,678,0.9199,3,674,0,0,4,0,56,0,0,3,0,1,0.67
d12m1,balanced,mid,stock,10,63,2023,12,12,3.164,3.29,-6.226,-6.226,2.321,2.663,-8.439,3.164,0.473,10.0,120,108,0.9,0,108,0,0,0,0,12,0,0,0,0,0,0.6
d12m1,balanced,mid,stock,10,63,2024,51,51,3.132,1.81,-9.8,-11.581,3.338,3.026,-0.322,3.132,0.479,10,510,493,0.9667,0,493,0,0,0,0,16,0,0,1,0,0,0.672
d12m1,balanced,mid,stock,10,63,2025,50,50,2.75,0.81,-17.727,-18.509,2.98,2.43,-6.604,2.605,0.461,10.0,497,452,0.9095,3,451,0,0,1,0,43,0,0,2,0,1,0.667
d12m1,balanced,mid,stock,10,63,2026,24,24,-5.853,-2.0,-21.426,-24.735,-6.027,-5.809,-11.692,-5.853,0.327,10.0,240,226,0.9417,0,223,0,0,3,0,13,0,0,1,0,0,0.674
d12m1,balanced,mid,stock,20,5,ALL,148,148,0.04,0.17,-7.356,-12.562,0.038,0.037,-0.436,0.058,0.493,20.0,2920,2899,0.9928,40,2899,0,0,0,0,12,2,0,7,0,6,0.639
d12m1,balanced,mid,stock,20,5,P1,63,63,0.023,0.08,-4.33,-5.233,0.021,0.023,-0.377,0.047,0.478,20,1243,1237,0.9952,17,1237,0,0,0,0,5,0,0,1,0,3,0.659
d12m1,balanced,mid,stock,20,5,P2,85,85,0.053,0.15,-8.614,-12.562,0.05,0.048,-0.479,0.066,0.504,20,1677,1662,0.9911,23,1662,0,0,0,0,7,2,0,6,0,3,0.626
d12m1,balanced,mid,stock,20,5,2023,12,12,-0.132,-0.23,-4.833,-4.833,-0.131,-0.13,-0.971,-0.009,0.475,20.0,223,221,0.991,17,221,0,0,0,0,2,0,0,0,0,3,0.662
d12m1,balanced,mid,stock,20,5,2024,51,51,0.06,0.19,-4.162,-5.233,0.056,0.058,-0.238,0.06,0.479,20,1020,1016,0.9961,0,1016,0,0,0,0,3,0,0,1,0,0,0.659
d12m1,balanced,mid,stock,20,5,2025,50,50,0.069,0.18,-6.715,-8.585,0.06,0.066,-0.429,0.091,0.504,20.0,977,969,0.9918,23,969,0,0,0,0,5,0,0,3,0,3,0.62
d12m1,balanced,mid,stock,20,5,2026,35,35,0.031,0.05,-10.36,-12.562,0.037,0.022,-0.549,0.031,0.503,20,700,693,0.99,0,693,0,0,0,0,2,2,0,3,0,0,0.638
d12m1,balanced,mid,stock,20,20,ALL,145,145,0.083,0.14,-11.209,-15.855,0.044,0.082,-1.896,0.044,0.466,20,2860,2797,0.978,40,2795,0,0,2,0,52,4,0,7,0,6,0.639
d12m1,balanced,mid,stock,20,20,P1,63,63,0.423,0.52,-7.798,-9.746,0.355,0.409,-1.241,0.409,0.486,20,1243,1222,0.9831,17,1222,0,0,0,0,20,0,0,1,0,3,0.659
d12m1,balanced,mid,stock,20,20,P2,82,82,-0.179,-0.21,-12.564,-15.855,-0.195,-0.17,-2.399,-0.237,0.451,20.0,1617,1575,0.974,23,1573,0,0,2,0,32,4,0,6,0,3,0.625
d12m1,balanced,mid,stock,20,20,2023,12,12,-0.773,-0.86,-5.35,-5.35,-0.808,-0.714,-4.628,-0.846,0.409,20.0,223,214,0.9596,17,214,0,0,0,0,9,0,0,0,0,3,0.662
d12m1,balanced,mid,stock,20,20,2024,51,51,0.705,0.72,-8.456,-9.746,0.629,0.674,-0.444,0.705,0.504,20,1020,1008,0.9882,0,1008,0,0,0,0,11,0,0,1,0,0,0.659
d12m1,balanced,mid,stock,20,20,2025,50,50,-0.057,-0.05,-13.419,-15.855,-0.048,-0.04,-1.947,-0.151,0.463,20.0,977,955,0.9775,23,955,0,0,0,0,19,0,0,3,0,3,0.62
d12m1,balanced,mid,stock,20,20,2026,32,32,-0.371,-0.3,-11.281,-12.058,-0.424,-0.371,-3.104,-0.371,0.432,20.0,640,620,0.9688,0,618,0,0,2,0,13,4,0,3,0,0,0.637
d12m1,balanced,mid,stock,20,63,ALL,137,137,1.162,0.69,-16.484,-18.833,1.215,1.07,-4.445,1.028,0.446,20,2700,2552,0.9452,40,2546,0,0,6,0,137,3,1,7,0,6,0.637
d12m1,balanced,mid,stock,20,63,P1,63,63,1.664,1.64,-9.382,-11.06,1.587,1.546,-2.86,1.679,0.463,20,1243,1191,0.9582,17,1191,0,0,0,0,51,0,0,1,0,3,0.659
d12m1,balanced,mid,stock,20,63,P2,74,74,0.734,0.25,-17.864,-18.833,0.897,0.666,-5.794,0.473,0.433,20.0,1457,1361,0.9341,23,1355,0,0,6,0,86,3,1,6,0,3,0.62
d12m1,balanced,mid,stock,20,63,2023,12,12,4.294,4.89,-2.475,-2.475,3.392,3.934,-7.224,4.37,0.491,20.0,223,199,0.8924,17,199,0,0,0,0,24,0,0,0,0,3,0.662
d12m1,balanced,mid,stock,20,63,2024,51,51,1.046,0.99,-9.71,-11.06,1.163,0.984,-1.833,1.046,0.456,20,1020,992,0.9725,0,992,0,0,0,0,27,0,0,1,0,0,0.659
d12m1,balanced,mid,stock,20,63,2025,50,50,3.702,1.03,-15.407,-18.373,3.819,3.444,-2.656,3.315,0.482,20.0,977,916,0.9376,23,914,0,0,2,0,57,0,1,3,0,3,0.62
d12m1,balanced,mid,stock,20,63,2026,24,24,-5.448,-1.99,-18.021,-18.833,-5.19,-5.122,-12.333,-5.448,0.33,20.0,480,445,0.9271,0,441,0,0,4,0,29,3,0,3,0,0,0.626
d12m1,balanced,short,mixed,10,5,ALL,148,148,0.053,0.21,-6.611,-10.073,0.039,0.044,-0.423,0.055,0.474,10.0,1479,1470,0.9939,1,1470,0,0,0,0,6,1,0,2,0,1,0.73
d12m1,balanced,short,mixed,10,5,P1,63,63,-0.04,-0.11,-4.61,-5.984,-0.044,-0.044,-0.362,-0.035,0.423,10,629,627,0.9968,1,627,0,0,0,0,2,0,0,0,0,1,0.711
d12m1,balanced,short,mixed,10,5,P2,85,85,0.122,0.34,-7.561,-10.073,0.1,0.109,-0.468,0.122,0.511,10,850,843,0.9918,0,843,0,0,0,0,4,1,0,2,0,0,0.742
d12m1,balanced,short,mixed,10,5,2023,12,12,-0.329,-0.6,-4.661,-4.661,-0.329,-0.329,-0.329,-0.305,0.364,10.0,119,119,1.0,1,119,0,0,0,0,0,0,0,0,0,1,0.709
d12m1,balanced,short,mixed,10,5,2024,51,51,0.028,0.07,-4.593,-5.984,0.023,0.023,-0.37,0.028,0.437,10,510,508,0.9961,0,508,0,0,0,0,2,0,0,0,0,0,0.714
d12m1,balanced,short,mixed,10,5,2025,50,50,0.269,0.63,-6.844,-9.836,0.234,0.262,-0.326,0.269,0.528,10.0,500,495,0.99,0,495,0,0,0,0,3,0,0,2,0,0,0.72
d12m1,balanced,short,mixed,10,5,2026,35,35,-0.088,-0.14,-8.353,-10.073,-0.091,-0.11,-0.671,-0.088,0.488,10,350,348,0.9943,0,348,0,0,0,0,1,1,0,0,0,0,0.771
d12m1,balanced,short,mixed,10,20,ALL,145,145,-0.565,-0.91,-13.184,-18.47,-0.595,-0.562,-2.524,-0.568,0.401,10,1449,1419,0.9793,1,1418,0,0,1,0,26,2,0,2,0,1,0.728
d12m1,balanced,short,mixed,10,20,P1,63,63,-0.207,-0.23,-9.427,-11.706,-0.236,-0.194,-1.671,-0.213,0.375,10,629,620,0.9857,1,620,0,0,0,0,9,0,0,0,0,1,0.711
d12m1,balanced,short,mixed,10,20,P2,82,82,-0.841,-0.97,-14.372,-18.47,-0.872,-0.844,-3.179,-0.841,0.421,10.0,820,799,0.9744,0,798,0,0,1,0,17,2,0,2,0,0,0.738
d12m1,balanced,short,mixed,10,20,2023,12,12,-1.601,-4.01,-4.956,-4.956,-1.58,-1.51,-5.86,-1.632,0.319,10.0,119,114,0.958,1,114,0,0,0,0,5,0,0,0,0,1,0.709
d12m1,balanced,short,mixed,10,20,2024,51,51,0.121,0.11,-10.327,-11.706,0.08,0.115,-0.685,0.121,0.388,10,510,506,0.9922,0,506,0,0,0,0,4,0,0,0,0,0,0.714
d12m1,balanced,short,mixed,10,20,2025,50,50,-0.674,-0.58,-14.768,-18.47,-0.687,-0.678,-3.058,-0.674,0.421,10.0,500,486,0.972,0,486,0,0,0,0,12,0,0,2,0,0,0.72
d12m1,balanced,short,mixed,10,20,2026,32,32,-1.101,-0.89,-13.07,-16.074,-1.161,-1.103,-3.368,-1.101,0.422,10.0,320,313,0.9781,0,312,0,0,1,0,5,2,0,0,0,0,0.765
d12m1,balanced,short,mixed,10,63,ALL,137,137,-1.206,-0.71,-18.388,-22.834,-1.097,-1.218,-6.405,-1.204,0.369,10,1369,1300,0.9496,1,1296,0,0,4,0,67,0,0,2,0,1,0.722
d12m1,balanced,short,mixed,10,63,P1,63,63,-1.037,-0.76,-12.179,-13.354,-0.964,-1.066,-5.392,-1.033,0.341,10,629,604,0.9603,1,603,0,0,1,0,25,0,0,0,0,1,0.711
d12m1,balanced,short,mixed,10,63,P2,74,74,-1.35,-0.46,-20.107,-22.834,-1.209,-1.347,-7.268,-1.35,0.394,10.0,740,696,0.9405,0,693,0,0,3,0,42,0,0,2,0,0,0.729
d12m1,balanced,short,mixed,10,63,2023,12,12,-2.52,-2.73,-10.859,-10.859,-3.236,-2.625,-15.674,-2.5,0.287,10.0,119,105,0.8824,1,105,0,0,0,0,14,0,0,0,0,1,0.709
d12m1,balanced,short,mixed,10,63,2024,51,51,-0.688,-0.43,-12.395,-13.354,-0.429,-0.699,-2.972,-0.688,0.353,10,510,499,0.9784,0,498,0,0,1,0,11,0,0,0,0,0,0.714
d12m1,balanced,short,mixed,10,63,2025,50,50,1.195,0.31,-20.81,-22.834,1.318,1.033,-4.95,1.195,0.43,10.0,500,469,0.938,0,469,0,0,0,0,29,0,0,2,0,0,0.72
d12m1,balanced,short,mixed,10,63,2026,24,24,-6.651,-6.06,-17.078,-18.0,-6.475,-6.305,-12.098,-6.651,0.319,10.0,240,227,0.9458,0,224,0,0,3,0,13,0,0,0,0,0,0.743
d12m1,balanced,short,mixed,20,5,ALL,148,148,-0.059,-0.28,-5.892,-9.444,-0.065,-0.063,-0.399,-0.054,0.469,20.0,2937,2922,0.9949,23,2922,0,0,0,0,9,1,0,5,0,6,0.689
d12m1,balanced,short,mixed,20,5,P1,63,63,-0.094,-0.34,-4.017,-4.649,-0.094,-0.093,-0.413,-0.075,0.443,20,1244,1239,0.996,16,1239,0,0,0,0,4,0,0,1,0,3,0.695
d12m1,balanced,short,mixed,20,5,P2,85,85,-0.033,-0.11,-6.7,-9.444,-0.044,-0.04,-0.389,-0.038,0.488,20,1693,1683,0.9941,7,1683,0,0,0,0,5,1,0,4,0,3,0.683
d12m1,balanced,short,mixed,20,5,2023,12,12,-0.292,-0.6,-3.386,-3.386,-0.28,-0.279,-0.7,-0.184,0.418,20.0,227,226,0.9956,13,226,0,0,0,0,1,0,0,0,0,2,0.681
d12m1,balanced,short,mixed,20,5,2024,51,51,-0.047,-0.15,-4.227,-4.649,-0.05,-0.049,-0.345,-0.05,0.449,20,1017,1013,0.9961,3,1013,0,0,0,0,3,0,0,1,0,1,0.696
d12m1,balanced,short,mixed,20,5,2025,50,50,0.03,0.09,-5.979,-7.008,0.015,0.024,-0.372,0.021,0.488,20.0,993,986,0.993,7,986,0,0,0,0,4,0,0,3,0,3,0.668
d12m1,balanced,short,mixed,20,5,2026,35,35,-0.123,-0.22,-7.642,-9.444,-0.127,-0.132,-0.412,-0.123,0.489,20,700,697,0.9957,0,697,0,0,0,0,1,1,0,1,0,0,0.704
d12m1,balanced,short,mixed,20,20,ALL,145,145,-0.502,-1.01,-10.131,-12.916,-0.528,-0.505,-1.913,-0.53,0.413,20,2877,2832,0.9844,23,2831,0,0,1,0,36,4,0,5,0,6,0.687
d12m1,balanced,short,mixed,20,20,P1,63,63,-0.552,-0.77,-7.854,-9.427,-0.572,-0.548,-1.786,-0.578,0.367,20,1244,1228,0.9871,16,1228,0,0,0,0,15,0,0,1,0,3,0.695
d12m1,balanced,short,mixed,20,20,P2,82,82,-0.464,-0.68,-10.78,-12.916,-0.494,-0.472,-2.011,-0.493,0.449,20.0,1633,1604,0.9822,7,1603,0,0,1,0,21,4,0,4,0,3,0.681
d12m1,balanced,short,mixed,20,20,2023,12,12,-1.17,-1.94,-3.561,-3.561,-1.175,-1.139,-3.751,-1.364,0.334,20.0,227,221,0.9736,13,221,0,0,0,0,6,0,0,0,0,2,0.681
d12m1,balanced,short,mixed,20,20,2024,51,51,-0.407,-0.47,-8.639,-9.427,-0.431,-0.409,-1.324,-0.393,0.375,20,1017,1007,0.9902,3,1007,0,0,0,0,9,0,0,1,0,1,0.696
d12m1,balanced,short,mixed,20,20,2025,50,50,-0.37,-0.4,-11.654,-12.916,-0.383,-0.381,-1.879,-0.417,0.452,20.0,993,975,0.9819,7,975,0,0,0,0,15,0,0,3,0,3,0.668
d12m1,balanced,short,mixed,20,20,2026,32,32,-0.611,-0.61,-8.979,-9.94,-0.667,-0.613,-2.216,-0.611,0.444,20.0,640,629,0.9828,0,628,0,0,1,0,6,4,0,1,0,0,0.7
d12m1,balanced,short,mixed,20,63,ALL,137,137,-1.142,-0.72,-16.761,-17.283,-1.062,-1.124,-5.23,-1.189,0.379,20,2717,2606,0.9591,23,2600,0,0,6,0,103,2,1,5,0,6,0.684
d12m1,balanced,short,mixed,20,63,P1,63,63,-1.319,-1.6,-10.814,-12.503,-1.297,-1.327,-4.518,-1.327,0.342,20,1244,1206,0.9695,16,1204,0,0,2,0,37,0,0,1,0,3,0.695
d12m1,balanced,short,mixed,20,63,P2,74,74,-0.991,-0.35,-17.057,-17.283,-0.862,-0.951,-5.836,-1.071,0.411,20.0,1473,1400,0.9504,7,1396,0,0,4,0,66,2,1,4,0,3,0.675
d12m1,balanced,short,mixed,20,63,2023,12,12,-0.315,-0.4,-7.398,-7.398,-0.697,-0.398,-8.779,-0.227,0.357,20.0,227,209,0.9207,13,209,0,0,0,0,18,0,0,0,0,2,0.681
d12m1,balanced,short,mixed,20,63,2024,51,51,-1.555,-1.57,-11.113,-12.503,-1.438,-1.545,-3.516,-1.585,0.338,20,1017,997,0.9803,3,995,0,0,2,0,19,0,0,1,0,1,0.696
d12m1,balanced,short,mixed,20,63,2025,50,50,1.812,0.52,-16.964,-17.283,1.921,1.704,-3.269,1.694,0.456,20.0,993,942,0.9486,7,941,0,0,1,0,47,0,1,3,0,3,0.668
d12m1,balanced,short,mixed,20,63,2026,24,24,-6.831,-4.42,-16.971,-16.98,-6.659,-6.484,-11.183,-6.831,0.316,20.0,480,458,0.9542,0,455,0,0,3,0,19,2,0,1,0,0,0.687
d12m1,balanced,short,stock,10,5,ALL,148,148,0.137,0.53,-6.982,-10.073,0.12,0.126,-0.342,0.139,0.492,10.0,1473,1464,0.9939,7,1464,0,0,0,0,6,1,0,2,0,3,0.745
d12m1,balanced,short,stock,10,5,P1,63,63,0.113,0.32,-4.394,-5.984,0.106,0.107,-0.212,0.122,0.467,10,628,626,0.9968,2,626,0,0,0,0,2,0,0,0,0,1,0.745
d12m1,balanced,short,stock,10,5,P2,85,85,0.155,0.42,-8.049,-10.073,0.13,0.139,-0.438,0.152,0.51,10,845,838,0.9917,5,838,0,0,0,0,4,1,0,2,0,2,0.743
d12m1,balanced,short,stock,10,5,2023,12,12,0.013,0.02,-4.661,-4.661,0.013,0.013,0.013,0.063,0.452,10.0,118,118,1.0,2,118,0,0,0,0,0,0,0,0,0,1,0.718
d12m1,balanced,short,stock,10,5,2024,51,51,0.136,0.33,-4.295,-5.984,0.128,0.129,-0.265,0.136,0.471,10,510,508,0.9961,0,508,0,0,0,0,2,0,0,0,0,0,0.748
d12m1,balanced,short,stock,10,5,2025,50,50,0.231,0.54,-7.372,-8.643,0.192,0.221,-0.368,0.226,0.53,10.0,495,490,0.9899,5,490,0,0,0,0,3,0,0,2,0,2,0.733
d12m1,balanced,short,stock,10,5,2026,35,35,0.046,0.07,-8.57,-10.073,0.042,0.023,-0.538,0.046,0.482,10,350,348,0.9943,0,348,0,0,0,0,1,1,0,0,0,0,0.756
d12m1,balanced,short,stock,10,20,ALL,145,145,-0.252,-0.4,-13.19,-20.98,-0.289,-0.259,-2.431,-0.284,0.455,10,1443,1410,0.9771,7,1409,0,0,1,0,29,2,0,2,0,3,0.744
d12m1,balanced,short,stock,10,20,P1,63,63,0.414,0.46,-9.427,-11.706,0.361,0.405,-1.238,0.405,0.49,10,628,618,0.9841,2,618,0,0,0,0,10,0,0,0,0,1,0.745
d12m1,balanced,short,stock,10,20,P2,82,82,-0.765,-0.9,-14.493,-20.98,-0.789,-0.769,-3.347,-0.812,0.429,10.0,815,792,0.9718,5,791,0,0,1,0,19,2,0,2,0,2,0.742
d12m1,balanced,short,stock,10,20,2023,12,12,-0.687,-0.84,-4.956,-4.956,-0.798,-0.719,-5.942,-0.739,0.431,10.0,118,112,0.9492,2,112,0,0,0,0,6,0,0,0,0,1,0.718
d12m1,balanced,short,stock,10,20,2024,51,51,0.674,0.62,-10.327,-11.706,0.634,0.669,-0.131,0.674,0.504,10,510,506,0.9922,0,506,0,0,0,0,4,0,0,0,0,0,0.748
d12m1,balanced,short,stock,10,20,2025,50,50,-0.679,-0.6,-15.513,-20.98,-0.669,-0.672,-3.45,-0.758,0.431,10.0,495,479,0.9677,5,479,0,0,0,0,14,0,0,2,0,2,0.733
d12m1,balanced,short,stock,10,20,2026,32,32,-0.898,-0.71,-12.469,-14.441,-0.977,-0.92,-3.185,-0.898,0.426,10.0,320,313,0.9781,0,312,0,0,1,0,5,2,0,0,0,0,0.755
d12m1,balanced,short,stock,10,63,ALL,137,137,0.085,0.05,-17.358,-19.294,0.234,0.07,-6.066,0.009,0.432,10,1363,1282,0.9406,7,1278,0,0,4,0,79,0,0,2,0,3,0.74
d12m1,balanced,short,stock,10,63,P1,63,63,1.622,1.23,-11.176,-13.354,1.67,1.526,-3.149,1.638,0.461,10,628,601,0.957,2,600,0,0,1,0,27,0,0,0,0,1,0.745
d12m1,balanced,short,stock,10,63,P2,74,74,-1.224,-0.42,-18.247,-19.294,-0.99,-1.17,-8.549,-1.378,0.408,10.0,735,681,0.9265,5,678,0,0,3,0,52,0,0,2,0,2,0.733
d12m1,balanced,short,stock,10,63,2023,12,12,2.069,1.69,-8.62,-8.62,1.283,1.677,-13.21,2.156,0.435,10.0,118,102,0.8644,2,102,0,0,0,0,16,0,0,0,0,1,0.718
d12m1,balanced,short,stock,10,63,2024,51,51,1.517,0.94,-11.609,-13.354,1.761,1.491,-0.782,1.517,0.467,10,510,499,0.9784,0,498,0,0,1,0,11,0,0,0,0,0,0.748
d12m1,balanced,short,stock,10,63,2025,50,50,1.524,0.41,-18.329,-19.294,1.749,1.419,-6.526,1.296,0.452,10.0,495,455,0.9192,5,455,0,0,0,0,38,0,0,2,0,2,0.733
d12m1,balanced,short,stock,10,63,2026,24,24,-6.949,-5.55,-17.078,-18.0,-6.695,-6.563,-12.765,-6.949,0.316,10.0,240,226,0.9417,0,223,0,0,3,0,14,0,0,0,0,0,0.73
d12m1,balanced,short,stock,20,5,ALL,148,148,-0.012,-0.06,-6.181,-9.444,-0.018,-0.016,-0.352,-0.008,0.483,20.0,2910,2894,0.9945,50,2894,0,0,0,0,9,1,0,6,0,8,0.694
d12m1,balanced,short,stock,20,5,P1,63,63,-0.009,-0.03,-4.119,-5.001,-0.009,-0.008,-0.328,0.013,0.477,20,1243,1237,0.9952,17,1237,0,0,0,0,4,0,0,2,0,3,0.705
d12m1,balanced,short,stock,20,5,P2,85,85,-0.015,-0.05,-7.054,-9.444,-0.025,-0.022,-0.37,-0.023,0.488,20,1667,1657,0.994,33,1657,0,0,0,0,5,1,0,4,0,5,0.685
d12m1,balanced,short,stock,20,5,2023,12,12,-0.35,-0.59,-5.001,-5.001,-0.338,-0.337,-0.759,-0.226,0.469,20.0,226,225,0.9956,14,225,0,0,0,0,1,0,0,0,0,2,0.681
d12m1,balanced,short,stock,20,5,2024,51,51,0.072,0.23,-3.825,-4.582,0.068,0.069,-0.227,0.069,0.479,20,1017,1012,0.9951,3,1012,0,0,0,0,3,0,0,2,0,1,0.71
d12m1,balanced,short,stock,20,5,2025,50,50,0.008,0.02,-6.42,-7.971,-0.006,0.003,-0.393,-0.006,0.487,20.0,967,960,0.9928,33,960,0,0,0,0,4,0,0,3,0,5,0.679
d12m1,balanced,short,stock,20,5,2026,35,35,-0.048,-0.08,-7.943,-9.444,-0.052,-0.056,-0.337,-0.048,0.489,20,700,697,0.9957,0,697,0,0,0,0,1,1,0,1,0,0,0.696
d12m1,balanced,short,stock,20,20,ALL,145,145,-0.22,-0.44,-10.313,-14.418,-0.243,-0.224,-1.734,-0.323,0.455,20,2850,2801,0.9828,50,2800,0,0,1,0,39,4,0,6,0,8,0.693
d12m1,balanced,short,stock,20,20,P1,63,63,-0.046,-0.06,-7.757,-9.427,-0.077,-0.052,-1.373,-0.069,0.463,20,1243,1225,0.9855,17,1225,0,0,0,0,16,0,0,2,0,3,0.705
d12m1,balanced,short,stock,20,20,P2,82,82,-0.354,-0.52,-10.953,-14.418,-0.37,-0.356,-2.011,-0.517,0.45,20.0,1607,1576,0.9807,33,1575,0,0,1,0,23,4,0,4,0,5,0.684
d12m1,balanced,short,stock,20,20,2023,12,12,-1.017,-1.2,-3.749,-3.749,-1.05,-1.01,-4.058,-1.196,0.393,20.0,226,219,0.969,14,219,0,0,0,0,7,0,0,0,0,2,0.681
d12m1,balanced,short,stock,20,20,2024,51,51,0.183,0.2,-8.667,-9.427,0.152,0.174,-0.741,0.196,0.48,20,1017,1006,0.9892,3,1006,0,0,0,0,9,0,0,2,0,1,0.71
d12m1,balanced,short,stock,20,20,2025,50,50,-0.3,-0.33,-12.168,-14.418,-0.29,-0.301,-1.991,-0.568,0.452,20.0,967,947,0.9793,33,947,0,0,0,0,17,0,0,3,0,5,0.679
d12m1,balanced,short,stock,20,20,2026,32,32,-0.438,-0.44,-9.131,-9.169,-0.495,-0.441,-2.044,-0.438,0.446,20.0,640,629,0.9828,0,628,0,0,1,0,6,4,0,1,0,0,0.694
d12m1,balanced,short,stock,20,63,ALL,137,137,-0.221,-0.14,-16.274,-18.858,-0.123,-0.184,-4.964,-0.449,0.422,20,2690,2561,0.952,50,2555,0,0,6,0,120,2,1,6,0,8,0.693
d12m1,balanced,short,stock,20,63,P1,63,63,0.378,0.46,-10.593,-12.098,0.388,0.347,-3.536,0.397,0.436,20,1243,1196,0.9622,17,1194,0,0,2,0,45,0,0,2,0,3,0.705
d12m1,balanced,short,stock,20,63,P2,74,74,-0.73,-0.25,-17.569,-18.858,-0.558,-0.636,-6.179,-1.168,0.411,20.0,1447,1365,0.9433,33,1361,0,0,4,0,75,2,1,4,0,5,0.682
d12m1,balanced,short,stock,20,63,2023,12,12,2.261,3.73,-6.553,-6.553,1.737,2.101,-7.204,2.488,0.456,20.0,226,206,0.9115,14,206,0,0,0,0,20,0,0,0,0,2,0.681
d12m1,balanced,short,stock,20,63,2024,51,51,-0.065,-0.07,-10.846,-12.098,0.071,-0.066,-2.673,-0.095,0.431,20,1017,990,0.9735,3,988,0,0,2,0,25,0,0,2,0,1,0.71
d12m1,balanced,short,stock,20,63,2025,50,50,2.358,0.7,-15.015,-17.506,2.508,2.309,-3.541,1.71,0.462,20.0,967,908,0.939,33,907,0,0,1,0,55,0,1,3,0,5,0.679
d12m1,balanced,short,stock,20,63,2026,24,24,-7.164,-4.2,-18.403,-18.858,-6.946,-6.773,-11.676,-7.164,0.305,20.0,480,457,0.9521,0,454,0,0,3,0,20,2,0,1,0,0,0.691
v15,aggressive,long,mixed,10,5,ALL,148,148,-0.021,-0.07,-8.221,-15.972,-0.026,-0.027,-0.358,-0.021,0.457,10.0,1480,1474,0.9959,0,1474,0,0,0,0,5,0,0,1,0,0,0.627
v15,aggressive,long,mixed,10,5,P1,63,63,-0.109,-0.3,-4.954,-7.088,-0.11,-0.109,-0.428,-0.109,0.421,10,630,628,0.9968,0,628,0,0,0,0,2,0,0,0,0,0,0.598
v15,aggressive,long,mixed,10,5,P2,85,85,0.045,0.1,-9.523,-15.972,0.037,0.034,-0.305,0.045,0.484,10,850,846,0.9953,0,846,0,0,0,0,3,0,0,1,0,0,0.649
v15,aggressive,long,mixed,10,5,2023,12,12,-0.327,-0.49,-4.637,-4.637,-0.327,-0.327,-0.327,-0.327,0.425,10.0,120,120,1.0,0,120,0,0,0,0,0,0,0,0,0,0,0.618
v15,aggressive,long,mixed,10,5,2024,51,51,-0.057,-0.14,-5.06,-7.088,-0.059,-0.058,-0.452,-0.057,0.42,10,510,508,0.9961,0,508,0,0,0,0,2,0,0,0,0,0,0.592
v15,aggressive,long,mixed,10,5,2025,50,50,0.199,0.46,-6.279,-7.883,0.185,0.19,-0.192,0.199,0.492,10.0,500,497,0.994,0,497,0,0,0,0,2,0,0,1,0,0,0.637
v15,aggressive,long,mixed,10,5,2026,35,35,-0.176,-0.21,-12.551,-15.972,-0.175,-0.189,-0.467,-0.176,0.474,10,350,349,0.9971,0,349,0,0,0,0,1,0,0,0,0,0,0.665
v15,aggressive,long,mixed,10,20,ALL,145,145,-0.407,-0.61,-13.771,-20.133,-0.463,-0.42,-2.094,-0.407,0.389,10,1450,1425,0.9828,0,1422,0,0,3,0,21,3,0,1,0,0,0.624
v15,aggressive,long,mixed,10,20,P1,63,63,-0.057,-0.06,-9.038,-10.116,-0.117,-0.075,-1.056,-0.057,0.366,10,630,624,0.9905,0,624,0,0,0,0,6,0,0,0,0,0,0.598
v15,aggressive,long,mixed,10,20,P2,82,82,-0.676,-0.73,-15.687,-20.133,-0.729,-0.685,-2.892,-0.676,0.407,10.0,820,801,0.9768,0,798,0,0,3,0,15,3,0,1,0,0,0.644
v15,aggressive,long,mixed,10,20,2023,12,12,-2.094,-2.48,-5.257,-5.257,-2.094,-2.094,-2.094,-2.094,0.308,10.0,120,120,1.0,0,120,0,0,0,0,0,0,0,0,0,0,0.618
v15,aggressive,long,mixed,10,20,2024,51,51,0.422,0.37,-9.675,-10.116,0.349,0.4,-0.812,0.422,0.379,10,510,504,0.9882,0,504,0,0,0,0,6,0,0,0,0,0,0.592
v15,aggressive,long,mixed,10,20,2025,50,50,-0.713,-0.66,-13.924,-19.229,-0.705,-0.707,-2.681,-0.713,0.392,10.0,500,489,0.978,0,489,0,0,0,0,10,0,0,1,0,0,0.637
v15,aggressive,long,mixed,10,20,2026,32,32,-0.617,-0.36,-17.515,-20.133,-0.766,-0.651,-3.222,-0.617,0.429,10.0,320,312,0.975,0,309,0,0,3,0,5,3,0,0,0,0,0.655
v15,aggressive,long,mixed,10,63,ALL,137,137,-1.134,-0.83,-21.317,-28.361,-0.994,-1.248,-6.121,-1.134,0.353,10,1370,1306,0.9533,0,1300,0,0,6,0,63,0,0,1,0,0,0.618
v15,aggressive,long,mixed,10,63,P1,63,63,-0.027,-0.02,-12.49,-12.62,-0.108,-0.161,-3.417,-0.027,0.341,10,630,611,0.9698,0,611,0,0,0,0,19,0,0,0,0,0,0.598
v15,aggressive,long,mixed,10,63,P2,74,74,-2.077,-0.89,-24.136,-28.361,-1.748,-2.173,-8.423,-2.077,0.364,10.0,740,695,0.9392,0,689,0,0,6,0,44,0,0,1,0,0,0.634
v15,aggressive,long,mixed,10,63,2023,12,12,1.486,1.52,-11.387,-11.387,0.572,1.028,-6.363,1.486,0.389,10.0,120,112,0.9333,0,112,0,0,0,0,8,0,0,0,0,0,0.618
v15,aggressive,long,mixed,10,63,2024,51,51,-0.382,-0.29,-12.519,-12.62,-0.268,-0.441,-2.724,-0.382,0.329,10,510,499,0.9784,0,499,0,0,0,0,11,0,0,0,0,0,0.592
v15,aggressive,long,mixed,10,63,2025,50,50,-0.655,-0.23,-20.194,-22.798,-0.137,-0.82,-7.451,-0.655,0.393,10.0,500,467,0.934,0,466,0,0,1,0,32,0,0,1,0,0,0.637
v15,aggressive,long,mixed,10,63,2026,24,24,-5.038,-1.28,-26.902,-28.361,-5.102,-4.992,-10.449,-5.038,0.303,10.0,240,228,0.95,0,223,0,0,5,0,12,0,0,0,0,0,0.626
v15,aggressive,long,mixed,20,5,ALL,148,148,0.006,0.03,-6.837,-12.715,0.002,0.002,-0.37,0.006,0.467,20.0,2960,2944,0.9946,0,2944,0,0,0,0,9,2,0,5,0,0,0.587
v15,aggressive,long,mixed,20,5,P1,63,63,-0.026,-0.09,-3.897,-4.629,-0.031,-0.029,-0.269,-0.026,0.43,20,1260,1256,0.9968,0,1256,0,0,0,0,3,0,0,1,0,0,0.566
v15,aggressive,long,mixed,20,5,P2,85,85,0.029,0.08,-8.118,-12.715,0.027,0.025,-0.444,0.029,0.494,20,1700,1688,0.9929,0,1688,0,0,0,0,6,2,0,4,0,0,0.602
v15,aggressive,long,mixed,20,5,2023,12,12,-0.249,-0.52,-2.762,-2.762,-0.249,-0.249,-0.249,-0.249,0.421,20.0,240,240,1.0,0,240,0,0,0,0,0,0,0,0,0,0,0.577
v15,aggressive,long,mixed,20,5,2024,51,51,0.027,0.08,-4.146,-4.629,0.02,0.023,-0.273,0.027,0.433,20,1020,1016,0.9961,0,1016,0,0,0,0,3,0,0,1,0,0,0.563
v15,aggressive,long,mixed,20,5,2025,50,50,0.146,0.41,-5.225,-7.254,0.141,0.148,-0.249,0.146,0.493,20.0,1000,994,0.994,0,994,0,0,0,0,4,0,0,2,0,0,0.588
v15,aggressive,long,mixed,20,5,2026,35,35,-0.137,-0.2,-10.47,-12.715,-0.137,-0.151,-0.723,-0.137,0.495,20,700,694,0.9914,0,694,0,0,0,0,2,2,0,2,0,0,0.625
v15,aggressive,long,mixed,20,20,ALL,145,145,-0.225,-0.35,-11.767,-15.458,-0.269,-0.24,-1.967,-0.225,0.404,20,2900,2846,0.9814,0,2843,0,0,3,0,46,3,0,5,0,0,0.584
v15,aggressive,long,mixed,20,20,P1,63,63,0.124,0.14,-7.495,-8.501,0.049,0.098,-1.465,0.124,0.375,20,1260,1240,0.9841,0,1240,0,0,0,0,19,0,0,1,0,0,0.566
v15,aggressive,long,mixed,20,20,P2,82,82,-0.492,-0.54,-13.231,-15.458,-0.514,-0.5,-2.352,-0.492,0.426,20.0,1640,1606,0.9793,0,1603,0,0,3,0,27,3,0,4,0,0,0.598
v15,aggressive,long,mixed,20,20,2023,12,12,-1.061,-1.31,-3.976,-3.976,-1.094,-1.028,-4.087,-1.061,0.364,20.0,240,233,0.9708,0,233,0,0,0,0,7,0,0,0,0,0,0.577
v15,aggressive,long,mixed,20,20,2024,51,51,0.402,0.39,-7.732,-8.501,0.318,0.363,-0.848,0.402,0.377,20,1020,1007,0.9873,0,1007,0,0,0,0,12,0,0,1,0,0,0.563
v15,aggressive,long,mixed,20,20,2025,50,50,-0.231,-0.2,-12.246,-12.911,-0.223,-0.226,-2.03,-0.231,0.425,20.0,1000,980,0.98,0,980,0,0,0,0,18,0,0,2,0,0,0.588
v15,aggressive,long,mixed,20,20,2026,32,32,-0.901,-0.61,-14.707,-15.458,-0.968,-0.927,-2.856,-0.901,0.427,20.0,640,626,0.9781,0,623,0,0,3,0,9,3,0,2,0,0,0.616
v15,aggressive,long,mixed,20,63,ALL,137,137,-0.686,-0.42,-21.343,-25.158,-0.561,-0.773,-5.25,-0.686,0.372,20,2740,2620,0.9562,0,2611,0,0,9,0,113,2,0,5,0,0,0.579
v15,aggressive,long,mixed,20,63,P1,63,63,-0.071,-0.07,-11.311,-13.066,-0.001,-0.149,-3.584,-0.071,0.353,20,1260,1219,0.9675,0,1219,0,0,0,0,40,0,0,1,0,0,0.566
v15,aggressive,long,mixed,20,63,P2,74,74,-1.208,-0.42,-23.634,-25.158,-1.037,-1.305,-6.668,-1.208,0.388,20.0,1480,1401,0.9466,0,1392,0,0,9,0,73,2,0,4,0,0,0.59
v15,aggressive,long,mixed,20,63,2023,12,12,1.235,2.09,-5.85,-5.85,0.751,1.096,-7.268,1.235,0.402,20.0,240,222,0.925,0,222,0,0,0,0,18,0,0,0,0,0,0.577
v15,aggressive,long,mixed,20,63,2024,51,51,-0.379,-0.33,-11.837,-13.066,-0.178,-0.443,-2.717,-0.379,0.341,20,1020,997,0.9775,0,997,0,0,0,0,22,0,0,1,0,0,0.563
v15,aggressive,long,mixed,20,63,2025,50,50,1.014,0.29,-18.288,-19.407,1.263,0.809,-4.315,1.014,0.43,20.0,1000,949,0.949,0,945,0,0,4,0,49,0,0,2,0,0,0.588
v15,aggressive,long,mixed,20,63,2026,24,24,-5.839,-1.45,-24.996,-25.158,-5.828,-5.708,-11.571,-5.839,0.3,20.0,480,452,0.9417,0,447,0,0,5,0,24,2,0,2,0,0,0.596
v15,aggressive,long,stock,10,5,ALL,148,148,0.013,0.04,-8.888,-15.972,0.003,0.001,-0.605,0.013,0.478,10.0,1480,1469,0.9926,0,1469,0,0,0,0,9,0,0,2,0,0,0.607
v15,aggressive,long,stock,10,5,P1,63,63,0.043,0.12,-5.327,-7.088,0.042,0.042,-0.276,0.043,0.463,10,630,628,0.9968,0,628,0,0,0,0,2,0,0,0,0,0,0.611
v15,aggressive,long,stock,10,5,P2,85,85,-0.01,-0.02,-10.226,-15.972,-0.025,-0.029,-0.848,-0.01,0.489,10,850,841,0.9894,0,841,0,0,0,0,7,0,0,2,0,0,0.604
v15,aggressive,long,stock,10,5,2023,12,12,-0.309,-0.43,-4.748,-4.748,-0.309,-0.309,-0.309,-0.309,0.458,10.0,120,120,1.0,0,120,0,0,0,0,0,0,0,0,0,0,0.591
v15,aggressive,long,stock,10,5,2024,51,51,0.126,0.3,-5.307,-7.088,0.124,0.125,-0.269,0.126,0.465,10,510,508,0.9961,0,508,0,0,0,0,2,0,0,0,0,0,0.614
v15,aggressive,long,stock,10,5,2025,50,50,-0.087,-0.18,-7.473,-8.896,-0.105,-0.095,-1.085,-0.087,0.492,10.0,500,494,0.988,0,494,0,0,0,0,5,0,0,1,0,0,0.598
v15,aggressive,long,stock,10,5,2026,35,35,0.1,0.11,-13.237,-15.972,0.089,0.065,-0.508,0.1,0.485,10,350,347,0.9914,0,347,0,0,0,0,2,0,0,1,0,0,0.612
v15,aggressive,long,stock,10,20,ALL,145,145,0.066,0.09,-14.281,-20.133,0.038,0.074,-2.106,0.066,0.458,10,1450,1417,0.9772,0,1414,0,0,3,0,28,3,0,2,0,0,0.606
v15,aggressive,long,stock,10,20,P1,63,63,1.069,0.98,-9.038,-10.116,0.993,1.038,-0.106,1.069,0.508,10,630,623,0.9889,0,623,0,0,0,0,7,0,0,0,0,0,0.611
v15,aggressive,long,stock,10,20,P2,82,82,-0.704,-0.7,-16.649,-20.133,-0.696,-0.666,-3.642,-0.704,0.419,10.0,820,794,0.9683,0,791,0,0,3,0,21,3,0,2,0,0,0.602
v15,aggressive,long,stock,10,20,2023,12,12,-2.094,-2.23,-6.268,-6.268,-2.094,-2.094,-2.094,-2.094,0.367,10.0,120,120,1.0,0,120,0,0,0,0,0,0,0,0,0,0,0.591
v15,aggressive,long,stock,10,20,2024,51,51,1.813,1.44,-9.675,-10.116,1.719,1.774,0.361,1.813,0.542,10,510,503,0.9863,0,503,0,0,0,0,7,0,0,0,0,0,0.614
v15,aggressive,long,stock,10,20,2025,50,50,-1.137,-1.0,-14.834,-19.229,-1.02,-1.039,-3.843,-1.137,0.401,10.0,500,485,0.97,0,485,0,0,0,0,14,0,0,1,0,0,0.598
v15,aggressive,long,stock,10,20,2026,32,32,-0.028,-0.02,-17.515,-20.133,-0.189,-0.083,-3.328,-0.028,0.446,10.0,320,309,0.9656,0,306,0,0,3,0,7,3,0,1,0,0,0.61
v15,aggressive,long,stock,10,63,ALL,137,137,0.73,0.45,-21.681,-28.361,0.991,0.586,-5.655,0.73,0.445,10,1370,1288,0.9401,0,1282,0,0,6,0,80,0,0,2,0,0,0.604
v15,aggressive,long,stock,10,63,P1,63,63,2.926,2.62,-10.957,-12.62,2.925,2.702,-1.744,2.926,0.49,10,630,604,0.9587,0,604,0,0,0,0,26,0,0,0,0,0,0.611
v15,aggressive,long,stock,10,63,P2,74,74,-1.139,-0.42,-24.01,-28.361,-0.656,-1.216,-8.985,-1.139,0.406,10.0,740,684,0.9243,0,678,0,0,6,0,54,0,0,2,0,0,0.597
v15,aggressive,long,stock,10,63,2023,12,12,4.436,4.23,-4.664,-4.664,3.267,3.813,-5.42,4.436,0.502,10.0,120,110,0.9167,0,110,0,0,0,0,10,0,0,0,0,0,0.591
v15,aggressive,long,stock,10,63,2024,51,51,2.57,2.02,-11.567,-12.62,2.844,2.441,-0.879,2.57,0.487,10,510,494,0.9686,0,494,0,0,0,0,16,0,0,0,0,0,0.614
v15,aggressive,long,stock,10,63,2025,50,50,0.317,0.09,-20.393,-22.33,1.167,0.256,-7.935,0.317,0.428,10.0,500,460,0.92,0,459,0,0,1,0,39,0,0,1,0,0,0.598
v15,aggressive,long,stock,10,63,2026,24,24,-4.17,-0.97,-26.902,-28.361,-4.454,-4.282,-11.172,-4.17,0.36,10.0,240,224,0.9333,0,219,0,0,5,0,15,0,0,1,0,0,0.596
v15,aggressive,long,stock,20,5,ALL,148,148,0.116,0.46,-6.956,-12.715,0.112,0.111,-0.361,0.116,0.488,20.0,2953,2933,0.9932,7,2933,0,0,0,0,11,3,0,6,0,1,0.577
v15,aggressive,long,stock,20,5,P1,63,63,0.209,0.66,-3.904,-4.629,0.203,0.205,-0.114,0.209,0.479,20,1260,1255,0.996,0,1255,0,0,0,0,4,0,0,1,0,0,0.583
v15,aggressive,long,stock,20,5,P2,85,85,0.047,0.13,-7.91,-12.715,0.044,0.042,-0.544,0.047,0.495,20,1693,1678,0.9911,7,1678,0,0,0,0,7,3,0,5,0,1,0.573
v15,aggressive,long,stock,20,5,2023,12,12,-0.215,-0.41,-3.886,-3.886,-0.219,-0.218,-0.637,-0.215,0.469,20.0,240,239,0.9958,0,239,0,0,0,0,1,0,0,0,0,0,0.564
v15,aggressive,long,stock,20,5,2024,51,51,0.309,0.83,-3.911,-4.629,0.303,0.305,0.009,0.309,0.482,20,1020,1016,0.9961,0,1016,0,0,0,0,3,0,0,1,0,0,0.589
v15,aggressive,long,stock,20,5,2025,50,50,0.123,0.34,-5.468,-6.128,0.115,0.123,-0.372,0.125,0.496,20.0,993,985,0.9919,7,985,0,0,0,0,5,0,0,3,0,1,0.574
v15,aggressive,long,stock,20,5,2026,35,35,-0.063,-0.08,-10.47,-12.715,-0.058,-0.075,-0.79,-0.063,0.494,20,700,693,0.99,0,693,0,0,0,0,2,3,0,2,0,0,0.575
v15,aggressive,long,stock,20,20,ALL,145,145,0.354,0.54,-11.976,-15.458,0.309,0.336,-1.948,0.346,0.471,20,2893,2822,0.9755,7,2819,0,0,3,0,59,6,0,6,0,1,0.577
v15,aggressive,long,stock,20,20,P1,63,63,0.906,1.04,-7.495,-8.501,0.814,0.87,-1.18,0.906,0.501,20,1260,1234,0.9794,0,1234,0,0,0,0,25,0,0,1,0,0,0.583
v15,aggressive,long,stock,20,20,P2,82,82,-0.07,-0.07,-13.338,-15.458,-0.078,-0.074,-2.538,-0.084,0.448,20.0,1633,1588,0.9724,7,1585,0,0,3,0,34,6,0,5,0,1,0.573
v15,aggressive,long,stock,20,20,2023,12,12,-0.734,-0.72,-5.516,-5.516,-0.79,-0.72,-4.652,-0.734,0.433,20.0,240,231,0.9625,0,231,0,0,0,0,9,0,0,0,0,0,0.564
v15,aggressive,long,stock,20,20,2024,51,51,1.292,1.25,-7.732,-8.501,1.192,1.244,-0.363,1.292,0.517,20,1020,1003,0.9833,0,1003,0,0,0,0,16,0,0,1,0,0,0.589
v15,aggressive,long,stock,20,20,2025,50,50,0.175,0.15,-12.187,-13.459,0.211,0.196,-2.115,0.151,0.458,20.0,993,967,0.9738,7,967,0,0,0,0,23,0,0,3,0,1,0.574
v15,aggressive,long,stock,20,20,2026,32,32,-0.452,-0.28,-14.707,-15.458,-0.53,-0.496,-3.199,-0.452,0.432,20.0,640,621,0.9703,0,618,0,0,3,0,11,6,0,2,0,0,0.574
v15,aggressive,long,stock,20,63,ALL,137,137,1.573,0.9,-20.414,-26.206,1.625,1.426,-4.067,1.524,0.46,20,2733,2586,0.9462,7,2576,0,0,10,0,139,2,0,6,0,1,0.575
v15,aggressive,long,stock,20,63,P1,63,63,2.794,2.51,-8.991,-9.501,2.749,2.627,-1.823,2.794,0.492,20,1260,1207,0.9579,0,1207,0,0,0,0,52,0,0,1,0,0,0.583
v15,aggressive,long,stock,20,63,P2,74,74,0.534,0.18,-24.153,-26.206,0.668,0.403,-5.978,0.443,0.433,20.0,1473,1379,0.9362,7,1369,0,0,10,0,87,2,0,5,0,1,0.569
v15,aggressive,long,stock,20,63,2023,12,12,5.636,4.15,-1.636,-1.636,4.905,5.254,-4.034,5.636,0.515,20.0,240,220,0.9167,0,220,0,0,0,0,20,0,0,0,0,0,0.564
v15,aggressive,long,stock,20,63,2024,51,51,2.125,1.95,-9.192,-9.501,2.241,2.009,-1.302,2.125,0.487,20,1020,987,0.9676,0,987,0,0,0,0,32,0,0,1,0,0,0.589
v15,aggressive,long,stock,20,63,2025,50,50,2.988,0.83,-14.239,-17.238,3.199,2.754,-3.453,2.854,0.473,20.0,993,931,0.9376,7,926,0,0,5,0,59,0,0,3,0,1,0.574
v15,aggressive,long,stock,20,63,2026,24,24,-4.581,-0.96,-25.52,-26.206,-4.605,-4.494,-11.238,-4.581,0.348,20.0,480,448,0.9333,0,443,0,0,5,0,28,2,0,2,0,0,0.563
v15,aggressive,mid,mixed,10,5,ALL,148,148,0.024,0.08,-7.661,-16.299,0.013,0.015,-0.382,0.024,0.452,10.0,1480,1473,0.9953,0,1473,0,0,0,0,5,1,0,1,0,0,0.656
v15,aggressive,mid,mixed,10,5,P1,63,63,-0.164,-0.48,-4.883,-6.159,-0.166,-0.166,-0.484,-0.164,0.41,10,630,628,0.9968,0,628,0,0,0,0,2,0,0,0,0,0,0.627
v15,aggressive,mid,mixed,10,5,P2,85,85,0.163,0.39,-8.927,-16.299,0.145,0.149,-0.306,0.163,0.483,10,850,845,0.9941,0,845,0,0,0,0,3,1,0,1,0,0,0.676
v15,aggressive,mid,mixed,10,5,2023,12,12,-0.138,-0.21,-4.74,-4.74,-0.138,-0.138,-0.138,-0.138,0.425,10.0,120,120,1.0,0,120,0,0,0,0,0,0,0,0,0,0,0.655
v15,aggressive,mid,mixed,10,5,2024,51,51,-0.17,-0.44,-4.931,-6.159,-0.173,-0.172,-0.565,-0.17,0.406,10,510,508,0.9961,0,508,0,0,0,0,2,0,0,0,0,0,0.622
v15,aggressive,mid,mixed,10,5,2025,50,50,0.381,0.85,-6.241,-7.375,0.348,0.368,-0.014,0.381,0.492,10.0,500,497,0.994,0,497,0,0,0,0,2,0,0,1,0,0,0.661
v15,aggressive,mid,mixed,10,5,2026,35,35,-0.149,-0.19,-12.077,-16.299,-0.144,-0.163,-0.724,-0.149,0.47,10,350,348,0.9943,0,348,0,0,0,0,1,1,0,0,0,0,0.694
v15,aggressive,mid,mixed,10,20,ALL,145,145,-0.614,-0.98,-11.944,-14.12,-0.633,-0.619,-2.367,-0.614,0.375,10,1450,1424,0.9821,0,1423,0,0,1,0,22,3,0,1,0,0,0.653
v15,aggressive,mid,mixed,10,20,P1,63,63,-0.367,-0.4,-8.288,-9.508,-0.412,-0.392,-1.541,-0.367,0.332,10,630,623,0.9889,0,623,0,0,0,0,7,0,0,0,0,0,0.627
v15,aggressive,mid,mixed,10,20,P2,82,82,-0.804,-0.94,-12.668,-14.12,-0.803,-0.793,-3.001,-0.804,0.408,10.0,820,801,0.9768,0,800,0,0,1,0,15,3,0,1,0,0,0.672
v15,aggressive,mid,mixed,10,20,2023,12,12,-1.957,-2.7,-5.536,-5.536,-1.992,-1.98,-3.699,-1.957,0.282,10.0,120,118,0.9833,0,118,0,0,0,0,2,0,0,0,0,0,0.655
v15,aggressive,mid,mixed,10,20,2024,51,51,0.007,0.01,-8.493,-9.508,-0.04,-0.018,-1.033,0.007,0.343,10,510,505,0.9902,0,505,0,0,0,0,5,0,0,0,0,0,0.622
v15,aggressive,mid,mixed,10,20,2025,50,50,-0.691,-0.65,-11.084,-11.62,-0.662,-0.677,-2.651,-0.691,0.394,10.0,500,489,0.978,0,489,0,0,0,0,10,0,0,1,0,0,0.661
v15,aggressive,mid,mixed,10,20,2026,32,32,-0.98,-0.69,-13.715,-14.12,-1.025,-0.976,-3.548,-0.98,0.429,10.0,320,312,0.975,0,311,0,0,1,0,5,3,0,0,0,0,0.684
v15,aggressive,mid,mixed,10,63,ALL,137,137,-1.541,-1.11,-20.43,-29.054,-1.354,-1.596,-6.634,-1.541,0.335,10,1370,1304,0.9518,0,1300,0,0,4,0,65,0,0,1,0,0,0.647
v15,aggressive,mid,mixed,10,63,P1,63,63,-0.449,-0.38,-12.105,-12.518,-0.462,-0.537,-3.978,-0.449,0.321,10,630,610,0.9683,0,610,0,0,0,0,20,0,0,0,0,0,0.627
v15,aggressive,mid,mixed,10,63,P2,74,74,-2.471,-1.05,-22.653,-29.054,-2.112,-2.497,-8.895,-2.471,0.346,10.0,740,694,0.9378,0,690,0,0,4,0,45,0,0,1,0,0,0.663
v15,aggressive,mid,mixed,10,63,2023,12,12,-0.073,-0.07,-10.697,-10.697,-0.895,-0.426,-9.649,-0.073,0.325,10.0,120,110,0.9167,0,110,0,0,0,0,10,0,0,0,0,0,0.655
v15,aggressive,mid,mixed,10,63,2024,51,51,-0.538,-0.37,-12.347,-12.518,-0.361,-0.563,-2.643,-0.538,0.32,10,510,500,0.9804,0,500,0,0,0,0,10,0,0,0,0,0,0.622
v15,aggressive,mid,mixed,10,63,2025,50,50,-0.675,-0.24,-20.33,-22.798,-0.162,-0.823,-7.463,-0.675,0.384,10.0,500,467,0.934,0,466,0,0,1,0,32,0,0,1,0,0,0.661
v15,aggressive,mid,mixed,10,63,2026,24,24,-6.214,-1.86,-23.936,-29.054,-6.176,-5.986,-11.878,-6.214,0.267,10.0,240,227,0.9458,0,224,0,0,3,0,13,0,0,0,0,0,0.661
v15,aggressive,mid,mixed,20,5,ALL,148,148,-0.035,-0.15,-6.907,-13.415,-0.036,-0.037,-0.408,-0.035,0.463,20.0,2960,2945,0.9949,0,2945,0,0,0,0,10,1,0,4,0,0,0.617
v15,aggressive,mid,mixed,20,5,P1,63,63,0.017,0.06,-3.727,-4.561,0.016,0.017,-0.302,0.017,0.423,20,1260,1255,0.996,0,1255,0,0,0,0,4,0,0,1,0,0,0.607
v15,aggressive,mid,mixed,20,5,P2,85,85,-0.073,-0.21,-8.147,-13.415,-0.075,-0.076,-0.486,-0.073,0.492,20,1700,1690,0.9941,0,1690,0,0,0,0,6,1,0,3,0,0,0.624
v15,aggressive,mid,mixed,20,5,2023,12,12,-0.247,-0.54,-2.523,-2.523,-0.241,-0.24,-1.08,-0.247,0.419,20.0,240,238,0.9917,0,238,0,0,0,0,2,0,0,0,0,0,0.609
v15,aggressive,mid,mixed,20,5,2024,51,51,0.08,0.22,-4.059,-4.561,0.076,0.077,-0.119,0.08,0.424,20,1020,1017,0.9971,0,1017,0,0,0,0,2,0,0,1,0,0,0.604
v15,aggressive,mid,mixed,20,5,2025,50,50,0.036,0.1,-5.638,-7.254,0.031,0.039,-0.358,0.036,0.49,20.0,1000,995,0.995,0,995,0,0,0,0,4,0,0,1,0,0,0.616
v15,aggressive,mid,mixed,20,5,2026,35,35,-0.229,-0.34,-10.728,-13.415,-0.225,-0.241,-0.669,-0.229,0.495,20,700,695,0.9929,0,695,0,0,0,0,2,1,0,2,0,0,0.64
v15,aggressive,mid,mixed,20,20,ALL,145,145,-0.426,-0.71,-11.886,-15.567,-0.463,-0.431,-2.019,-0.426,0.401,20,2900,2851,0.9831,0,2848,0,0,3,0,42,3,0,4,0,0,0.615
v15,aggressive,mid,mixed,20,20,P1,63,63,-0.235,-0.29,-7.443,-9.366,-0.3,-0.255,-1.664,-0.235,0.368,20,1260,1242,0.9857,0,1242,0,0,0,0,17,0,0,1,0,0,0.607
v15,aggressive,mid,mixed,20,20,P2,82,82,-0.572,-0.66,-12.801,-15.567,-0.588,-0.566,-2.291,-0.572,0.427,20.0,1640,1609,0.9811,0,1606,0,0,3,0,25,3,0,3,0,0,0.621
v15,aggressive,mid,mixed,20,20,2023,12,12,-1.115,-1.61,-4.152,-4.152,-1.136,-1.068,-5.001,-1.115,0.368,20.0,240,231,0.9625,0,231,0,0,0,0,9,0,0,0,0,0,0.609
v15,aggressive,mid,mixed,20,20,2024,51,51,-0.028,-0.03,-7.826,-9.366,-0.104,-0.064,-0.879,-0.028,0.368,20,1020,1011,0.9912,0,1011,0,0,0,0,8,0,0,1,0,0,0.604
v15,aggressive,mid,mixed,20,20,2025,50,50,-0.48,-0.46,-11.076,-11.507,-0.458,-0.466,-2.062,-0.48,0.424,20.0,1000,983,0.983,0,983,0,0,0,0,16,0,0,1,0,0,0.616
v15,aggressive,mid,mixed,20,20,2026,32,32,-0.716,-0.47,-14.169,-15.567,-0.792,-0.721,-2.65,-0.716,0.431,20.0,640,626,0.9781,0,623,0,0,3,0,9,3,0,2,0,0,0.632
v15,aggressive,mid,mixed,20,63,ALL,137,137,-1.293,-0.83,-21.108,-26.929,-1.185,-1.337,-5.704,-1.293,0.359,20,2740,2624,0.9577,0,2616,0,0,8,0,110,2,0,4,0,0,0.61
v15,aggressive,mid,mixed,20,63,P1,63,63,-0.83,-0.89,-11.483,-13.066,-0.776,-0.895,-4.271,-0.83,0.336,20,1260,1220,0.9683,0,1220,0,0,0,0,39,0,0,1,0,0,0.607
v15,aggressive,mid,mixed,20,63,P2,74,74,-1.686,-0.61,-23.775,-26.929,-1.534,-1.712,-6.923,-1.686,0.379,20.0,1480,1404,0.9486,0,1396,0,0,8,0,71,2,0,3,0,0,0.612
v15,aggressive,mid,mixed,20,63,2023,12,12,0.734,1.07,-7.06,-7.06,0.237,0.629,-9.145,0.734,0.39,20.0,240,219,0.9125,0,219,0,0,0,0,21,0,0,0,0,0,0.609
v15,aggressive,mid,mixed,20,63,2024,51,51,-1.199,-1.09,-11.998,-13.066,-1.014,-1.254,-3.124,-1.199,0.323,20,1020,1001,0.9814,0,1001,0,0,0,0,18,0,0,1,0,0,0.604
v15,aggressive,mid,mixed,20,63,2025,50,50,0.494,0.15,-17.703,-18.864,0.671,0.342,-4.562,0.494,0.42,20.0,1000,952,0.952,0,949,0,0,3,0,47,0,0,1,0,0,0.616
v15,aggressive,mid,mixed,20,63,2026,24,24,-6.228,-1.59,-26.439,-26.929,-6.128,-5.993,-11.843,-6.228,0.293,20.0,480,452,0.9417,0,447,0,0,5,0,24,2,0,2,0,0,0.609
v15,aggressive,mid,stock,10,5,ALL,148,148,0.18,0.6,-8.149,-16.299,0.17,0.172,-0.431,0.18,0.483,10.0,1480,1468,0.9919,0,1468,0,0,0,0,8,1,0,3,0,0,0.641
v15,aggressive,mid,stock,10,5,P1,63,63,0.055,0.15,-4.831,-6.159,0.051,0.053,-0.265,0.055,0.465,10,630,627,0.9952,0,627,0,0,0,0,2,0,0,1,0,0,0.639
v15,aggressive,mid,stock,10,5,P2,85,85,0.272,0.6,-9.574,-16.299,0.259,0.259,-0.554,0.272,0.497,10,850,841,0.9894,0,841,0,0,0,0,6,1,0,2,0,0,0.642
v15,aggressive,mid,stock,10,5,2023,12,12,0.144,0.2,-4.74,-4.74,0.144,0.144,0.144,0.144,0.475,10.0,120,120,1.0,0,120,0,0,0,0,0,0,0,0,0,0,0.591
v15,aggressive,mid,stock,10,5,2024,51,51,0.034,0.08,-4.861,-6.159,0.03,0.032,-0.361,0.034,0.462,10,510,507,0.9941,0,507,0,0,0,0,2,0,0,1,0,0,0.648
v15,aggressive,mid,stock,10,5,2025,50,50,0.372,0.79,-7.158,-8.964,0.346,0.369,-0.622,0.372,0.514,10.0,500,494,0.988,0,494,0,0,0,0,5,0,0,1,0,0,0.627
v15,aggressive,mid,stock,10,5,2026,35,35,0.129,0.15,-12.638,-16.299,0.134,0.103,-0.458,0.129,0.474,10,350,347,0.9914,0,347,0,0,0,0,1,1,0,1,0,0,0.662
v15,aggressive,mid,stock,10,20,ALL,145,145,-0.14,-0.19,-12.7,-15.196,-0.145,-0.119,-2.303,-0.14,0.453,10,1450,1416,0.9766,0,1414,0,0,2,0,28,3,0,3,0,0,0.64
v15,aggressive,mid,stock,10,20,P1,63,63,0.855,0.81,-8.288,-9.508,0.76,0.813,-0.683,0.855,0.497,10,630,620,0.9841,0,620,0,0,0,0,9,0,0,1,0,0,0.639
v15,aggressive,mid,stock,10,20,P2,82,82,-0.904,-0.92,-13.686,-15.196,-0.84,-0.835,-3.548,-0.904,0.419,10.0,820,796,0.9707,0,794,0,0,2,0,19,3,0,2,0,0,0.64
v15,aggressive,mid,stock,10,20,2023,12,12,-1.51,-1.8,-5.536,-5.536,-1.599,-1.56,-4.174,-1.51,0.369,10.0,120,117,0.975,0,117,0,0,0,0,3,0,0,0,0,0,0.591
v15,aggressive,mid,stock,10,20,2024,51,51,1.412,1.12,-8.493,-9.508,1.315,1.372,0.138,1.412,0.527,10,510,503,0.9863,0,503,0,0,0,0,6,0,0,1,0,0,0.648
v15,aggressive,mid,stock,10,20,2025,50,50,-1.125,-0.96,-12.304,-14.064,-0.958,-0.987,-3.791,-1.125,0.404,10.0,500,485,0.97,0,485,0,0,0,0,14,0,0,1,0,0,0.627
v15,aggressive,mid,stock,10,20,2026,32,32,-0.559,-0.33,-14.658,-15.196,-0.655,-0.597,-3.168,-0.559,0.441,10.0,320,311,0.9719,0,309,0,0,2,0,5,3,0,1,0,0,0.658
v15,aggressive,mid,stock,10,63,ALL,137,137,0.402,0.24,-21.89,-29.054,0.542,0.297,-6.099,0.402,0.435,10,1370,1285,0.938,0,1280,0,0,5,0,82,0,0,3,0,0,0.638
v15,aggressive,mid,stock,10,63,P1,63,63,2.658,2.15,-9.626,-11.379,2.587,2.483,-2.185,2.658,0.479,10,630,602,0.9556,0,602,0,0,0,0,27,0,0,1,0,0,0.639
v15,aggressive,mid,stock,10,63,P2,74,74,-1.518,-0.54,-23.638,-29.054,-1.199,-1.564,-9.431,-1.518,0.397,10.0,740,683,0.923,0,678,0,0,5,0,55,0,0,2,0,0,0.636
v15,aggressive,mid,stock,10,63,2023,12,12,2.771,2.78,-7.357,-7.357,1.65,2.236,-9.792,2.771,0.47,10.0,120,107,0.8917,0,107,0,0,0,0,13,0,0,0,0,0,0.591
v15,aggressive,mid,stock,10,63,2024,51,51,2.632,1.75,-10.382,-11.379,2.808,2.542,-0.395,2.632,0.482,10,510,495,0.9706,0,495,0,0,0,0,14,0,0,1,0,0,0.648
v15,aggressive,mid,stock,10,63,2025,50,50,0.304,0.09,-21.497,-23.613,0.861,0.196,-8.414,0.304,0.43,10.0,500,458,0.916,0,457,0,0,1,0,41,0,0,1,0,0,0.627
v15,aggressive,mid,stock,10,63,2026,24,24,-5.315,-1.3,-24.837,-29.054,-5.491,-5.231,-11.55,-5.315,0.33,10.0,240,225,0.9375,0,221,0,0,4,0,14,0,0,1,0,0,0.652
v15,aggressive,mid,stock,20,5,ALL,148,148,-0.051,-0.2,-7.589,-13.415,-0.052,-0.054,-0.492,-0.053,0.488,20.0,2952,2933,0.9936,8,2933,0,0,0,0,11,2,0,6,0,2,0.614
v15,aggressive,mid,stock,20,5,P1,63,63,0.119,0.37,-4.006,-4.561,0.117,0.118,-0.201,0.12,0.476,20,1259,1254,0.996,1,1254,0,0,0,0,4,0,0,1,0,1,0.622
v15,aggressive,mid,stock,20,5,P2,85,85,-0.177,-0.47,-8.765,-13.415,-0.178,-0.182,-0.708,-0.181,0.497,20,1693,1679,0.9917,7,1679,0,0,0,0,7,2,0,5,0,1,0.61
v15,aggressive,mid,stock,20,5,2023,12,12,-0.248,-0.46,-4.309,-4.309,-0.245,-0.243,-1.084,-0.248,0.462,20.0,240,238,0.9917,0,238,0,0,0,0,2,0,0,0,0,0,0.6
v15,aggressive,mid,stock,20,5,2024,51,51,0.206,0.55,-3.905,-4.561,0.202,0.203,0.007,0.206,0.48,20,1019,1016,0.9971,1,1016,0,0,0,0,2,0,0,1,0,1,0.629
v15,aggressive,mid,stock,20,5,2025,50,50,-0.121,-0.32,-6.693,-8.682,-0.126,-0.119,-0.614,-0.128,0.497,20.0,993,985,0.9919,7,985,0,0,0,0,5,0,0,3,0,1,0.609
v15,aggressive,mid,stock,20,5,2026,35,35,-0.257,-0.35,-10.728,-13.415,-0.252,-0.271,-0.842,-0.257,0.496,20,700,694,0.9914,0,694,0,0,0,0,2,2,0,2,0,0,0.613
v15,aggressive,mid,stock,20,20,ALL,145,145,0.051,0.08,-12.269,-15.567,0.01,0.046,-1.824,0.037,0.467,20,2892,2833,0.9796,8,2830,0,0,3,0,50,3,0,6,0,2,0.615
v15,aggressive,mid,stock,20,20,P1,63,63,0.75,0.86,-7.443,-9.366,0.671,0.72,-0.935,0.75,0.498,20,1259,1238,0.9833,1,1238,0,0,0,0,20,0,0,1,0,1,0.622
v15,aggressive,mid,stock,20,20,P2,82,82,-0.485,-0.53,-12.946,-15.567,-0.497,-0.472,-2.507,-0.51,0.443,20.0,1633,1595,0.9767,7,1592,0,0,3,0,30,3,0,5,0,1,0.61
v15,aggressive,mid,stock,20,20,2023,12,12,-0.565,-0.69,-5.664,-5.664,-0.641,-0.57,-4.939,-0.565,0.431,20.0,240,230,0.9583,0,230,0,0,0,0,10,0,0,0,0,0,0.6
v15,aggressive,mid,stock,20,20,2024,51,51,1.059,1.01,-7.826,-9.366,0.979,1.023,0.007,1.059,0.514,20,1019,1008,0.9892,1,1008,0,0,0,0,10,0,0,1,0,1,0.629
v15,aggressive,mid,stock,20,20,2025,50,50,-0.382,-0.33,-11.977,-12.723,-0.348,-0.344,-2.246,-0.422,0.454,20.0,993,971,0.9778,7,971,0,0,0,0,19,0,0,3,0,1,0.609
v15,aggressive,mid,stock,20,20,2026,32,32,-0.647,-0.42,-13.944,-15.567,-0.731,-0.671,-2.915,-0.647,0.428,20.0,640,624,0.975,0,621,0,0,3,0,11,3,0,2,0,0,0.616
v15,aggressive,mid,stock,20,63,ALL,137,137,0.651,0.36,-20.611,-26.929,0.735,0.549,-4.887,0.596,0.445,20,2732,2587,0.9469,8,2578,0,0,9,0,136,2,1,6,0,2,0.612
v15,aggressive,mid,stock,20,63,P1,63,63,1.965,2.08,-8.261,-9.365,1.947,1.832,-2.572,1.973,0.475,20,1259,1207,0.9587,1,1207,0,0,0,0,51,0,0,1,0,1,0.622
v15,aggressive,mid,stock,20,63,P2,74,74,-0.468,-0.15,-24.173,-26.929,-0.297,-0.544,-6.858,-0.576,0.419,20.0,1473,1380,0.9369,7,1371,0,0,9,0,85,2,1,5,0,1,0.605
v15,aggressive,mid,stock,20,63,2023,12,12,3.679,7.39,-5.472,-5.472,2.847,3.304,-7.864,3.679,0.49,20.0,240,216,0.9,0,216,0,0,0,0,24,0,0,0,0,0,0.6
v15,aggressive,mid,stock,20,63,2024,51,51,1.561,1.47,-8.449,-9.365,1.735,1.486,-1.327,1.572,0.471,20,1019,991,0.9725,1,991,0,0,0,0,27,0,0,1,0,1,0.629
v15,aggressive,mid,stock,20,63,2025,50,50,2.074,0.52,-15.229,-18.118,2.286,1.868,-4.229,1.914,0.465,20.0,993,932,0.9386,7,928,0,0,4,0,57,0,1,3,0,1,0.609
v15,aggressive,mid,stock,20,63,2026,24,24,-5.764,-1.33,-26.603,-26.929,-5.677,-5.569,-12.335,-5.764,0.325,20.0,480,448,0.9333,0,443,0,0,5,0,28,2,0,2,0,0,0.602
v15,aggressive,short,mixed,10,5,ALL,148,148,-0.168,-0.69,-6.114,-12.47,-0.175,-0.174,-0.573,-0.168,0.454,10.0,1480,1473,0.9953,0,1473,0,0,0,0,5,1,0,1,0,0,0.721
v15,aggressive,short,mixed,10,5,P1,63,63,-0.13,-0.36,-4.556,-5.081,-0.135,-0.134,-0.453,-0.13,0.407,10,630,628,0.9968,0,628,0,0,0,0,2,0,0,0,0,0,0.685
v15,aggressive,short,mixed,10,5,P2,85,85,-0.196,-0.61,-6.902,-12.47,-0.206,-0.203,-0.663,-0.196,0.49,10,850,845,0.9941,0,845,0,0,0,0,3,1,0,1,0,0,0.745
v15,aggressive,short,mixed,10,5,2023,12,12,-0.363,-0.61,-4.661,-4.661,-0.363,-0.363,-0.363,-0.363,0.392,10.0,120,120,1.0,0,120,0,0,0,0,0,0,0,0,0,0,0.682
v15,aggressive,short,mixed,10,5,2024,51,51,-0.076,-0.18,-4.521,-5.081,-0.081,-0.08,-0.474,-0.076,0.41,10,510,508,0.9961,0,508,0,0,0,0,2,0,0,0,0,0,0.688
v15,aggressive,short,mixed,10,5,2025,50,50,0.058,0.15,-5.534,-6.821,0.037,0.053,-0.334,0.058,0.509,10.0,500,497,0.994,0,497,0,0,0,0,2,0,0,1,0,0,0.724
v15,aggressive,short,mixed,10,5,2026,35,35,-0.558,-0.98,-8.85,-12.47,-0.552,-0.571,-1.132,-0.558,0.462,10,350,348,0.9943,0,348,0,0,0,0,1,1,0,0,0,0,0.771
v15,aggressive,short,mixed,10,20,ALL,145,145,-0.668,-1.09,-12.84,-15.223,-0.676,-0.662,-1.994,-0.668,0.384,10,1450,1430,0.9862,0,1429,0,0,1,0,18,1,0,1,0,0,0.719
v15,aggressive,short,mixed,10,20,P1,63,63,-0.214,-0.23,-9.585,-10.552,-0.23,-0.219,-1.209,-0.214,0.354,10,630,624,0.9905,0,624,0,0,0,0,6,0,0,0,0,0,0.685
v15,aggressive,short,mixed,10,20,P2,82,82,-1.017,-1.24,-14.208,-15.223,-1.019,-1.002,-2.596,-1.017,0.407,10.0,820,806,0.9829,0,805,0,0,1,0,12,1,0,1,0,0,0.742
v15,aggressive,short,mixed,10,20,2023,12,12,-2.025,-3.06,-4.956,-4.956,-2.039,-1.983,-5.464,-2.025,0.314,10.0,120,116,0.9667,0,116,0,0,0,0,4,0,0,0,0,0,0.682
v15,aggressive,short,mixed,10,20,2024,51,51,0.213,0.2,-9.795,-10.552,0.195,0.196,-0.208,0.213,0.363,10,510,508,0.9961,0,508,0,0,0,0,2,0,0,0,0,0,0.688
v15,aggressive,short,mixed,10,20,2025,50,50,-0.779,-0.74,-14.195,-15.023,-0.762,-0.772,-2.544,-0.779,0.406,10.0,500,490,0.98,0,490,0,0,0,0,9,0,0,1,0,0,0.724
v15,aggressive,short,mixed,10,20,2026,32,32,-1.388,-1.06,-14.228,-15.223,-1.42,-1.363,-2.677,-1.388,0.408,10.0,320,316,0.9875,0,315,0,0,1,0,3,1,0,0,0,0,0.765
v15,aggressive,short,mixed,10,63,ALL,137,137,-2.043,-1.37,-18.492,-20.238,-1.793,-2.009,-6.205,-2.043,0.337,10,1370,1315,0.9599,0,1312,0,0,3,0,54,0,0,1,0,0,0.712
v15,aggressive,short,mixed,10,63,P1,63,63,-1.419,-1.19,-12.649,-13.275,-1.209,-1.456,-4.912,-1.419,0.315,10,630,610,0.9683,0,610,0,0,0,0,20,0,0,0,0,0,0.685
v15,aggressive,short,mixed,10,63,P2,74,74,-2.574,-1.02,-19.417,-20.238,-2.291,-2.48,-7.306,-2.574,0.356,10.0,740,705,0.9527,0,702,0,0,3,0,34,0,0,1,0,0,0.732
v15,aggressive,short,mixed,10,63,2023,12,12,-1.131,-1.18,-9.008,-9.008,-1.719,-1.263,-11.495,-1.131,0.305,10.0,120,109,0.9083,0,109,0,0,0,0,11,0,0,0,0,0,0.682
v15,aggressive,short,mixed,10,63,2024,51,51,-1.487,-1.01,-12.778,-13.275,-1.088,-1.502,-3.363,-1.487,0.318,10,510,501,0.9824,0,501,0,0,0,0,9,0,0,0,0,0,0.688
v15,aggressive,short,mixed,10,63,2025,50,50,-0.739,-0.21,-19.897,-20.238,-0.38,-0.736,-5.947,-0.739,0.39,10.0,500,474,0.948,0,474,0,0,0,0,25,0,0,1,0,0,0.724
v15,aggressive,short,mixed,10,63,2026,24,24,-6.399,-3.66,-17.159,-17.976,-6.272,-6.113,-10.138,-6.399,0.286,10.0,240,231,0.9625,0,228,0,0,3,0,9,0,0,0,0,0,0.739
v15,aggressive,short,mixed,20,5,ALL,148,148,0.007,0.03,-5.488,-9.797,0.003,0.004,-0.265,0.007,0.467,20.0,2960,2948,0.9959,0,2948,0,0,0,0,7,1,0,4,0,0,0.666
v15,aggressive,short,mixed,20,5,P1,63,63,0.024,0.08,-3.852,-4.326,0.021,0.024,-0.219,0.024,0.426,20,1260,1256,0.9968,0,1256,0,0,0,0,3,0,0,1,0,0,0.651
v15,aggressive,short,mixed,20,5,P2,85,85,-0.005,-0.02,-6.401,-9.797,-0.011,-0.01,-0.299,-0.005,0.498,20,1700,1692,0.9953,0,1692,0,0,0,0,4,1,0,3,0,0,0.678
v15,aggressive,short,mixed,20,5,2023,12,12,-0.166,-0.32,-3.509,-3.509,-0.164,-0.155,-0.593,-0.166,0.435,20.0,240,239,0.9958,0,239,0,0,0,0,1,0,0,0,0,0,0.627
v15,aggressive,short,mixed,20,5,2024,51,51,0.069,0.2,-3.967,-4.326,0.065,0.066,-0.131,0.069,0.423,20,1020,1017,0.9971,0,1017,0,0,0,0,2,0,0,1,0,0,0.654
v15,aggressive,short,mixed,20,5,2025,50,50,0.226,0.67,-5.238,-7.724,0.216,0.223,-0.071,0.226,0.506,20.0,1000,994,0.994,0,994,0,0,0,0,3,0,0,3,0,0,0.668
v15,aggressive,short,mixed,20,5,2026,35,35,-0.335,-0.69,-7.814,-9.797,-0.334,-0.343,-0.624,-0.335,0.487,20,700,698,0.9971,0,698,0,0,0,0,1,1,0,0,0,0,0.688
v15,aggressive,short,mixed,20,20,ALL,145,145,-0.649,-1.25,-10.473,-12.059,-0.67,-0.64,-1.952,-0.649,0.398,20,2900,2859,0.9859,0,2858,0,0,1,0,35,2,0,4,0,0,0.665
v15,aggressive,short,mixed,20,20,P1,63,63,-0.477,-0.65,-7.589,-9.881,-0.498,-0.471,-1.713,-0.477,0.356,20,1260,1244,0.9873,0,1244,0,0,0,0,15,0,0,1,0,0,0.651
v15,aggressive,short,mixed,20,20,P2,82,82,-0.782,-1.08,-10.843,-12.059,-0.803,-0.77,-2.136,-0.782,0.43,20.0,1640,1615,0.9848,0,1614,0,0,1,0,20,2,0,3,0,0,0.675
v15,aggressive,short,mixed,20,20,2023,12,12,-1.451,-2.0,-3.936,-3.936,-1.442,-1.393,-4.462,-1.451,0.353,20.0,240,233,0.9708,0,233,0,0,0,0,7,0,0,0,0,0,0.627
v15,aggressive,short,mixed,20,20,2024,51,51,-0.248,-0.28,-8.252,-9.881,-0.276,-0.254,-1.066,-0.248,0.356,20,1020,1011,0.9912,0,1011,0,0,0,0,8,0,0,1,0,0,0.654
v15,aggressive,short,mixed,20,20,2025,50,50,-0.146,-0.15,-10.876,-12.059,-0.15,-0.139,-1.441,-0.146,0.438,20.0,1000,984,0.984,0,984,0,0,0,0,13,0,0,3,0,0,0.668
v15,aggressive,short,mixed,20,20,2026,32,32,-1.775,-1.77,-10.784,-10.792,-1.824,-1.757,-3.221,-1.775,0.418,20.0,640,631,0.9859,0,630,0,0,1,0,7,2,0,0,0,0,0.682
v15,aggressive,short,mixed,20,63,ALL,137,137,-2.108,-1.41,-18.633,-22.058,-1.987,-2.057,-6.057,-2.108,0.352,20,2740,2633,0.9609,0,2627,0,0,6,0,101,1,1,4,0,0,0.662
v15,aggressive,short,mixed,20,63,P1,63,63,-1.773,-2.02,-12.471,-12.979,-1.678,-1.759,-4.871,-1.773,0.329,20,1260,1223,0.9706,0,1221,0,0,2,0,36,0,0,1,0,0,0.651
v15,aggressive,short,mixed,20,63,P2,74,74,-2.393,-0.9,-20.006,-22.058,-2.25,-2.311,-7.067,-2.393,0.372,20.0,1480,1410,0.9527,0,1406,0,0,4,0,65,1,1,3,0,0,0.671
v15,aggressive,short,mixed,20,63,2023,12,12,-1.283,-1.54,-8.639,-8.639,-1.586,-1.273,-10.136,-1.283,0.345,20.0,240,221,0.9208,0,221,0,0,0,0,19,0,0,0,0,0,0.627
v15,aggressive,short,mixed,20,63,2024,51,51,-1.888,-1.76,-12.747,-12.979,-1.7,-1.873,-3.632,-1.888,0.325,20,1020,1002,0.9824,0,1000,0,0,2,0,17,0,0,1,0,0,0.654
v15,aggressive,short,mixed,20,63,2025,50,50,0.38,0.12,-18.078,-18.889,0.493,0.32,-4.679,0.38,0.422,20.0,1000,949,0.949,0,948,0,0,1,0,47,0,1,3,0,0,0.668
v15,aggressive,short,mixed,20,63,2026,24,24,-8.17,-3.72,-21.183,-22.058,-7.965,-7.792,-12.042,-8.17,0.268,20.0,480,461,0.9604,0,458,0,0,3,0,18,1,0,0,0,0,0.672
v15,aggressive,short,stock,10,5,ALL,148,148,-0.135,-0.5,-7.277,-12.47,-0.147,-0.143,-0.612,-0.135,0.481,10.0,1480,1471,0.9939,0,1471,0,0,0,0,6,1,0,2,0,0,0.744
v15,aggressive,short,stock,10,5,P1,63,63,0.031,0.08,-4.596,-5.081,0.027,0.027,-0.291,0.031,0.464,10,630,628,0.9968,0,628,0,0,0,0,2,0,0,0,0,0,0.74
v15,aggressive,short,stock,10,5,P2,85,85,-0.258,-0.69,-8.611,-12.47,-0.276,-0.269,-0.849,-0.258,0.495,10,850,843,0.9918,0,843,0,0,0,0,4,1,0,2,0,0,0.745
v15,aggressive,short,stock,10,5,2023,12,12,0.014,0.02,-4.661,-4.661,0.014,0.014,0.014,0.014,0.458,10.0,120,120,1.0,0,120,0,0,0,0,0,0,0,0,0,0,0.664
v15,aggressive,short,stock,10,5,2024,51,51,0.035,0.08,-4.457,-5.081,0.03,0.03,-0.363,0.035,0.465,10,510,508,0.9961,0,508,0,0,0,0,2,0,0,0,0,0,0.754
v15,aggressive,short,stock,10,5,2025,50,50,-0.001,-0.0,-7.774,-9.511,-0.035,-0.01,-0.604,-0.001,0.524,10.0,500,495,0.99,0,495,0,0,0,0,3,0,0,2,0,0,0.731
v15,aggressive,short,stock,10,5,2026,35,35,-0.627,-1.0,-9.725,-12.47,-0.62,-0.639,-1.2,-0.627,0.453,10,350,348,0.9943,0,348,0,0,0,0,1,1,0,0,0,0,0.762
v15,aggressive,short,stock,10,20,ALL,145,145,-0.598,-0.92,-13.822,-16.249,-0.618,-0.587,-2.204,-0.598,0.449,10,1450,1425,0.9828,0,1424,0,0,1,0,22,1,0,2,0,0,0.743
v15,aggressive,short,stock,10,20,P1,63,63,0.354,0.38,-9.729,-10.552,0.308,0.344,-0.806,0.354,0.489,10,630,623,0.9889,0,623,0,0,0,0,7,0,0,0,0,0,0.74
v15,aggressive,short,stock,10,20,P2,82,82,-1.329,-1.51,-14.907,-16.249,-1.33,-1.303,-3.279,-1.329,0.418,10.0,820,802,0.978,0,801,0,0,1,0,15,1,0,2,0,0,0.743
v15,aggressive,short,stock,10,20,2023,12,12,-1.369,-2.01,-4.956,-4.956,-1.431,-1.374,-4.856,-1.369,0.4,10.0,120,116,0.9667,0,116,0,0,0,0,4,0,0,0,0,0,0.664
v15,aggressive,short,stock,10,20,2024,51,51,0.759,0.69,-9.918,-10.552,0.718,0.748,0.147,0.759,0.509,10,510,507,0.9941,0,507,0,0,0,0,3,0,0,0,0,0,0.754
v15,aggressive,short,stock,10,20,2025,50,50,-0.959,-0.81,-15.276,-16.249,-0.926,-0.918,-3.317,-0.959,0.426,10.0,500,486,0.972,0,486,0,0,0,0,12,0,0,2,0,0,0.731
v15,aggressive,short,stock,10,20,2026,32,32,-1.909,-1.5,-14.09,-14.948,-1.962,-1.905,-3.219,-1.909,0.406,10.0,320,316,0.9875,0,315,0,0,1,0,3,1,0,0,0,0,0.758
v15,aggressive,short,stock,10,63,ALL,137,137,-0.892,-0.53,-18.687,-21.383,-0.578,-0.829,-6.139,-0.892,0.417,10,1370,1300,0.9489,0,1296,0,0,4,0,68,0,0,2,0,0,0.74
v15,aggressive,short,stock,10,63,P1,63,63,0.876,0.75,-13.228,-15.055,1.103,0.804,-3.669,0.876,0.448,10,630,604,0.9587,0,603,0,0,1,0,26,0,0,0,0,0,0.74
v15,aggressive,short,stock,10,63,P2,74,74,-2.397,-0.86,-20.194,-21.383,-2.01,-2.22,-8.243,-2.397,0.39,10.0,740,696,0.9405,0,693,0,0,3,0,42,0,0,2,0,0,0.738
v15,aggressive,short,stock,10,63,2023,12,12,1.865,1.88,-7.403,-7.403,1.397,1.681,-10.397,1.865,0.426,10.0,120,107,0.8917,0,107,0,0,0,0,13,0,0,0,0,0,0.664
v15,aggressive,short,stock,10,63,2024,51,51,0.643,0.45,-13.895,-15.055,1.034,0.597,-2.086,0.643,0.454,10,510,497,0.9745,0,496,0,0,1,0,13,0,0,0,0,0,0.754
v15,aggressive,short,stock,10,63,2025,50,50,-0.337,-0.09,-20.684,-21.383,0.139,-0.23,-7.003,-0.337,0.424,10.0,500,466,0.932,0,466,0,0,0,0,32,0,0,2,0,0,0.731
v15,aggressive,short,stock,10,63,2026,24,24,-6.688,-2.7,-17.629,-18.723,-6.489,-6.364,-10.825,-6.688,0.318,10.0,240,230,0.9583,0,227,0,0,3,0,10,0,0,0,0,0,0.748
v15,aggressive,short,stock,20,5,ALL,148,148,0.058,0.26,-5.979,-9.423,0.052,0.055,-0.317,0.058,0.488,20.0,2959,2943,0.9946,1,2943,0,0,0,0,10,1,0,5,0,1,0.668
v15,aggressive,short,stock,20,5,P1,63,63,0.087,0.29,-3.95,-4.888,0.086,0.089,-0.234,0.087,0.473,20,1260,1254,0.9952,0,1254,0,0,0,0,4,0,0,2,0,0,0.673
v15,aggressive,short,stock,20,5,P2,85,85,0.036,0.12,-6.951,-9.423,0.026,0.03,-0.38,0.036,0.499,20,1699,1689,0.9941,1,1689,0,0,0,0,6,1,0,3,0,1,0.665
v15,aggressive,short,stock,20,5,2023,12,12,-0.29,-0.46,-4.888,-4.888,-0.275,-0.264,-1.124,-0.29,0.469,20.0,240,238,0.9917,0,238,0,0,0,0,2,0,0,0,0,0,0.636
v15,aggressive,short,stock,20,5,2024,51,51,0.175,0.52,-3.592,-3.98,0.171,0.173,-0.024,0.175,0.474,20,1020,1016,0.9961,0,1016,0,0,0,0,2,0,0,2,0,0,0.682
v15,aggressive,short,stock,20,5,2025,50,50,0.208,0.6,-5.915,-8.562,0.19,0.203,-0.297,0.207,0.509,20.0,999,991,0.992,1,991,0,0,0,0,5,0,0,3,0,1,0.652
v15,aggressive,short,stock,20,5,2026,35,35,-0.209,-0.38,-7.627,-9.423,-0.208,-0.217,-0.498,-0.209,0.485,20,700,698,0.9971,0,698,0,0,0,0,1,1,0,0,0,0,0.682
v15,aggressive,short,stock,20,20,ALL,145,145,-0.462,-0.85,-11.261,-13.611,-0.482,-0.457,-2.147,-0.463,0.451,20,2899,2846,0.9817,1,2844,0,0,2,0,44,4,0,5,0,1,0.667
v15,aggressive,short,stock,20,20,P1,63,63,0.04,0.05,-7.605,-9.881,0.005,0.034,-1.292,0.04,0.464,20,1260,1242,0.9857,0,1242,0,0,0,0,16,0,0,2,0,0,0.673
v15,aggressive,short,stock,20,20,P2,82,82,-0.847,-1.14,-11.833,-13.611,-0.857,-0.834,-2.804,-0.849,0.441,20.0,1639,1604,0.9786,1,1602,0,0,2,0,28,4,0,3,0,1,0.664
v15,aggressive,short,stock,20,20,2023,12,12,-1.454,-1.36,-5.664,-5.664,-1.471,-1.421,-4.928,-1.454,0.386,20.0,240,232,0.9667,0,232,0,0,0,0,8,0,0,0,0,0,0.636
v15,aggressive,short,stock,20,20,2024,51,51,0.391,0.43,-8.252,-9.881,0.352,0.376,-0.436,0.391,0.482,20,1020,1010,0.9902,0,1010,0,0,0,0,8,0,0,2,0,0,0.682
v15,aggressive,short,stock,20,20,2025,50,50,-0.386,-0.37,-12.532,-13.611,-0.371,-0.372,-2.47,-0.389,0.451,20.0,999,975,0.976,1,975,0,0,0,0,21,0,0,3,0,1,0.652
v15,aggressive,short,stock,20,20,2026,32,32,-1.567,-1.63,-10.784,-10.792,-1.616,-1.555,-3.326,-1.567,0.425,20.0,640,629,0.9828,0,627,0,0,2,0,7,4,0,0,0,0,0.681
v15,aggressive,short,stock,20,63,ALL,137,137,-0.909,-0.54,-18.753,-24.087,-0.754,-0.838,-5.682,-0.915,0.415,20,2739,2610,0.9529,1,2603,0,0,7,0,122,1,1,5,0,1,0.667
v15,aggressive,short,stock,20,63,P1,63,63,0.091,0.11,-11.2,-12.872,0.176,0.064,-3.653,0.091,0.429,20,1260,1215,0.9643,0,1213,0,0,2,0,43,0,0,2,0,0,0.673
v15,aggressive,short,stock,20,63,P2,74,74,-1.76,-0.59,-20.356,-24.087,-1.546,-1.606,-7.409,-1.772,0.403,20.0,1479,1395,0.9432,1,1390,0,0,5,0,79,1,1,3,0,1,0.662
v15,aggressive,short,stock,20,63,2023,12,12,1.402,2.02,-7.958,-7.958,0.949,1.262,-8.074,1.402,0.44,20.0,240,220,0.9167,0,220,0,0,0,0,20,0,0,0,0,0,0.636
v15,aggressive,short,stock,20,63,2024,51,51,-0.217,-0.22,-11.698,-12.872,-0.006,-0.217,-2.613,-0.217,0.426,20,1020,995,0.9755,0,993,0,0,2,0,23,0,0,2,0,0,0.682
v15,aggressive,short,stock,20,63,2025,50,50,1.17,0.32,-16.777,-17.21,1.367,1.199,-5.25,1.152,0.455,20.0,999,935,0.9359,1,934,0,0,1,0,60,0,1,3,0,1,0.652
v15,aggressive,short,stock,20,63,2026,24,24,-7.865,-3.07,-22.197,-24.087,-7.613,-7.451,-11.906,-7.865,0.294,20.0,480,460,0.9583,0,456,0,0,4,0,19,1,0,0,0,0,0.68
v15,balanced,long,mixed,10,5,ALL,148,148,0.07,0.24,-8.178,-12.26,0.06,0.062,-0.269,0.07,0.457,10.0,1480,1474,0.9959,0,1474,0,0,0,0,5,0,0,1,0,0,0.628
v15,balanced,long,mixed,10,5,P1,63,63,0.025,0.07,-4.963,-7.088,0.023,0.023,-0.295,0.025,0.427,10,630,628,0.9968,0,628,0,0,0,0,2,0,0,0,0,0,0.595
v15,balanced,long,mixed,10,5,P2,85,85,0.102,0.24,-9.514,-12.26,0.087,0.09,-0.249,0.102,0.48,10,850,846,0.9953,0,846,0,0,0,0,3,0,0,1,0,0,0.651
v15,balanced,long,mixed,10,5,2023,12,12,-0.105,-0.16,-4.637,-4.637,-0.105,-0.105,-0.105,-0.105,0.417,10.0,120,120,1.0,0,120,0,0,0,0,0,0,0,0,0,0,0.591
v15,balanced,long,mixed,10,5,2024,51,51,0.056,0.14,-5.071,-7.088,0.053,0.053,-0.34,0.056,0.43,10,510,508,0.9961,0,508,0,0,0,0,2,0,0,0,0,0,0.592
v15,balanced,long,mixed,10,5,2025,50,50,0.083,0.19,-6.801,-8.966,0.057,0.071,-0.311,0.083,0.48,10.0,500,497,0.994,0,497,0,0,0,0,2,0,0,1,0,0,0.649
v15,balanced,long,mixed,10,5,2026,35,35,0.13,0.16,-11.004,-12.26,0.131,0.117,-0.161,0.13,0.479,10,350,349,0.9971,0,349,0,0,0,0,1,0,0,0,0,0,0.653
v15,balanced,long,mixed,10,20,ALL,145,145,-0.281,-0.41,-11.523,-14.623,-0.348,-0.314,-2.194,-0.281,0.388,10,1450,1422,0.9807,0,1420,0,0,2,0,24,3,0,1,0,0,0.624
v15,balanced,long,mixed,10,20,P1,63,63,0.227,0.22,-8.052,-9.76,0.159,0.205,-1.107,0.227,0.353,10,630,622,0.9873,0,622,0,0,0,0,8,0,0,0,0,0,0.595
v15,balanced,long,mixed,10,20,P2,82,82,-0.671,-0.72,-12.337,-14.623,-0.738,-0.713,-3.029,-0.671,0.415,10.0,820,800,0.9756,0,798,0,0,2,0,16,3,0,1,0,0,0.646
v15,balanced,long,mixed,10,20,2023,12,12,-1.816,-2.71,-6.272,-6.272,-1.842,-1.819,-3.561,-1.816,0.29,10.0,120,118,0.9833,0,118,0,0,0,0,2,0,0,0,0,0,0.591
v15,balanced,long,mixed,10,20,2024,51,51,0.708,0.58,-8.358,-9.76,0.63,0.681,-0.53,0.708,0.368,10,510,504,0.9882,0,504,0,0,0,0,6,0,0,0,0,0,0.592
v15,balanced,long,mixed,10,20,2025,50,50,-0.675,-0.56,-12.686,-14.623,-0.707,-0.738,-2.889,-0.675,0.402,10.0,500,488,0.976,0,488,0,0,0,0,11,0,0,1,0,0,0.649
v15,balanced,long,mixed,10,20,2026,32,32,-0.664,-0.46,-11.491,-12.896,-0.785,-0.676,-3.247,-0.664,0.435,10.0,320,312,0.975,0,310,0,0,2,0,5,3,0,0,0,0,0.639
v15,balanced,long,mixed,10,63,ALL,137,137,-0.853,-0.63,-19.839,-22.715,-0.63,-0.943,-6.444,-0.853,0.354,10,1370,1298,0.9474,0,1293,0,0,5,0,71,0,0,1,0,0,0.621
v15,balanced,long,mixed,10,63,P1,63,63,0.282,0.22,-12.509,-14.697,0.422,0.185,-3.433,0.282,0.34,10,630,609,0.9667,0,609,0,0,0,0,21,0,0,0,0,0,0.595
v15,balanced,long,mixed,10,63,P2,74,74,-1.819,-0.81,-21.398,-22.715,-1.526,-1.903,-9.008,-1.819,0.366,10.0,740,689,0.9311,0,684,0,0,5,0,50,0,0,1,0,0,0.642
v15,balanced,long,mixed,10,63,2023,12,12,0.818,0.83,-11.442,-11.442,0.152,0.461,-8.805,0.818,0.349,10.0,120,110,0.9167,0,110,0,0,0,0,10,0,0,0,0,0,0.591
v15,balanced,long,mixed,10,63,2024,51,51,0.156,0.1,-12.865,-14.697,0.486,0.119,-2.169,0.156,0.337,10,510,499,0.9784,0,499,0,0,0,0,11,0,0,0,0,0,0.592
v15,balanced,long,mixed,10,63,2025,50,50,0.14,0.05,-20.219,-21.213,0.598,-0.049,-7.308,0.14,0.393,10.0,500,464,0.928,0,463,0,0,1,0,35,0,0,1,0,0,0.649
v15,balanced,long,mixed,10,63,2026,24,24,-5.899,-2.15,-22.214,-22.715,-5.951,-5.765,-12.548,-5.899,0.31,10.0,240,225,0.9375,0,221,0,0,4,0,15,0,0,0,0,0,0.626
v15,balanced,long,mixed,20,5,ALL,148,148,0.054,0.24,-6.807,-11.669,0.054,0.052,-0.318,0.059,0.469,20.0,2956,2939,0.9942,4,2939,0,0,0,0,9,2,0,6,0,1,0.611
v15,balanced,long,mixed,20,5,P1,63,63,-0.031,-0.11,-4.139,-5.128,-0.034,-0.033,-0.192,-0.021,0.432,20,1256,1253,0.9976,4,1253,0,0,0,0,2,0,0,1,0,1,0.61
v15,balanced,long,mixed,20,5,P2,85,85,0.118,0.36,-7.904,-11.669,0.119,0.115,-0.412,0.118,0.497,20,1700,1686,0.9918,0,1686,0,0,0,0,7,2,0,5,0,0,0.613
v15,balanced,long,mixed,20,5,2023,12,12,-0.193,-0.39,-3.357,-3.357,-0.193,-0.193,-0.193,-0.139,0.426,20.0,236,236,1.0,4,236,0,0,0,0,0,0,0,0,0,1,0.6
v15,balanced,long,mixed,20,5,2024,51,51,0.007,0.02,-4.399,-5.128,0.004,0.005,-0.192,0.007,0.433,20,1020,1017,0.9971,0,1017,0,0,0,0,2,0,0,1,0,0,0.609
v15,balanced,long,mixed,20,5,2025,50,50,0.09,0.27,-5.978,-7.006,0.087,0.091,-0.405,0.09,0.485,20.0,1000,992,0.992,0,992,0,0,0,0,5,0,0,3,0,0,0.606
v15,balanced,long,mixed,20,5,2026,35,35,0.158,0.24,-10.043,-11.669,0.166,0.149,-0.423,0.158,0.515,20,700,694,0.9914,0,694,0,0,0,0,2,2,0,2,0,0,0.626
v15,balanced,long,mixed,20,20,ALL,145,145,0.049,0.08,-9.951,-12.487,0.003,0.035,-1.902,0.049,0.415,20,2896,2835,0.9789,4,2833,0,0,2,0,52,3,0,6,0,1,0.61
v15,balanced,long,mixed,20,20,P1,63,63,-0.02,-0.03,-7.275,-8.414,-0.086,-0.039,-1.602,-0.019,0.372,20,1256,1236,0.9841,4,1236,0,0,0,0,19,0,0,1,0,1,0.61
v15,balanced,long,mixed,20,20,P2,82,82,0.102,0.12,-10.989,-12.487,0.072,0.092,-2.132,0.102,0.448,20.0,1640,1599,0.975,0,1597,0,0,2,0,33,3,0,5,0,0,0.61
v15,balanced,long,mixed,20,20,2023,12,12,-1.046,-1.43,-4.19,-4.19,-1.069,-1.003,-4.062,-1.043,0.37,20.0,236,229,0.9703,4,229,0,0,0,0,7,0,0,0,0,1,0.6
v15,balanced,long,mixed,20,20,2024,51,51,0.222,0.23,-7.594,-8.414,0.145,0.188,-1.024,0.222,0.372,20,1020,1007,0.9873,0,1007,0,0,0,0,12,0,0,1,0,0,0.609
v15,balanced,long,mixed,20,20,2025,50,50,0.193,0.18,-11.039,-12.487,0.174,0.186,-1.925,0.193,0.451,20.0,1000,976,0.976,0,976,0,0,0,0,21,0,0,3,0,0,0.606
v15,balanced,long,mixed,20,20,2026,32,32,-0.042,-0.03,-10.523,-12.068,-0.087,-0.056,-2.454,-0.042,0.444,20.0,640,623,0.9734,0,621,0,0,2,0,12,3,0,2,0,0,0.623
v15,balanced,long,mixed,20,63,ALL,137,137,-0.016,-0.01,-17.878,-23.516,0.055,-0.099,-5.043,-0.014,0.382,20,2736,2603,0.9514,4,2595,0,0,8,0,124,3,0,6,0,1,0.606
v15,balanced,long,mixed,20,63,P1,63,63,-0.076,-0.08,-10.566,-12.974,-0.1,-0.144,-3.752,-0.073,0.358,20,1256,1213,0.9658,4,1213,0,0,0,0,42,0,0,1,0,1,0.61
v15,balanced,long,mixed,20,63,P2,74,74,0.036,0.01,-19.171,-23.516,0.187,-0.061,-6.142,0.036,0.403,20.0,1480,1390,0.9392,0,1382,0,0,8,0,82,3,0,5,0,0,0.603
v15,balanced,long,mixed,20,63,2023,12,12,2.165,3.86,-5.519,-5.519,1.582,2.033,-7.268,2.179,0.426,20.0,236,216,0.9153,4,216,0,0,0,0,20,0,0,0,0,1,0.6
v15,balanced,long,mixed,20,63,2024,51,51,-0.603,-0.54,-11.102,-12.974,-0.496,-0.657,-2.924,-0.603,0.342,20,1020,997,0.9775,0,997,0,0,0,0,22,0,0,1,0,0,0.609
v15,balanced,long,mixed,20,63,2025,50,50,2.714,0.73,-17.083,-18.864,2.852,2.455,-3.421,2.714,0.45,20.0,1000,941,0.941,0,937,0,0,4,0,56,0,0,3,0,0,0.606
v15,balanced,long,mixed,20,63,2026,24,24,-5.545,-1.9,-20.362,-23.516,-5.366,-5.301,-11.812,-5.545,0.305,20.0,480,449,0.9354,0,445,0,0,4,0,26,3,0,2,0,0,0.604
v15,balanced,long,stock,10,5,ALL,148,148,0.163,0.55,-8.582,-12.26,0.15,0.152,-0.521,0.164,0.489,10.0,1479,1467,0.9919,1,1467,0,0,0,0,9,1,0,2,0,1,0.619
v15,balanced,long,stock,10,5,P1,63,63,0.262,0.73,-5.092,-7.088,0.26,0.26,-0.059,0.262,0.486,10,630,628,0.9968,0,628,0,0,0,0,2,0,0,0,0,0,0.605
v15,balanced,long,stock,10,5,P2,85,85,0.089,0.2,-9.715,-12.26,0.069,0.072,-0.863,0.091,0.492,10,849,839,0.9882,1,839,0,0,0,0,7,1,0,2,0,1,0.63
v15,balanced,long,stock,10,5,2023,12,12,0.086,0.11,-4.748,-4.748,0.086,0.086,0.086,0.086,0.483,10.0,120,120,1.0,0,120,0,0,0,0,0,0,0,0,0,0,0.582
v15,balanced,long,stock,10,5,2024,51,51,0.304,0.74,-4.935,-7.088,0.3,0.301,-0.093,0.304,0.486,10,510,508,0.9961,0,508,0,0,0,0,2,0,0,0,0,0,0.608
v15,balanced,long,stock,10,5,2025,50,50,-0.015,-0.03,-8.046,-9.691,-0.035,-0.02,-1.01,-0.013,0.492,10.0,499,492,0.986,1,492,0,0,0,0,5,0,0,2,0,1,0.618
v15,balanced,long,stock,10,5,2026,35,35,0.239,0.27,-10.888,-12.26,0.217,0.203,-0.653,0.239,0.492,10,350,347,0.9914,0,347,0,0,0,0,2,1,0,0,0,0,0.647
v15,balanced,long,stock,10,20,ALL,145,145,0.087,0.11,-12.794,-17.203,0.058,0.104,-2.426,0.081,0.462,10,1449,1411,0.9738,1,1409,0,0,2,0,33,3,0,2,0,1,0.617
v15,balanced,long,stock,10,20,P1,63,63,1.052,0.96,-8.052,-9.76,0.968,1.018,-0.619,1.052,0.509,10,630,620,0.9841,0,620,0,0,0,0,10,0,0,0,0,0,0.605
v15,balanced,long,stock,10,20,P2,82,82,-0.654,-0.63,-14.251,-17.203,-0.64,-0.598,-3.815,-0.665,0.427,10.0,819,791,0.9658,1,789,0,0,2,0,23,3,0,2,0,1,0.627
v15,balanced,long,stock,10,20,2023,12,12,-1.585,-1.8,-6.268,-6.268,-1.629,-1.603,-4.191,-1.585,0.378,10.0,120,117,0.975,0,117,0,0,0,0,3,0,0,0,0,0,0.582
v15,balanced,long,stock,10,20,2024,51,51,1.672,1.3,-8.358,-9.76,1.579,1.634,0.221,1.672,0.54,10,510,503,0.9863,0,503,0,0,0,0,7,0,0,0,0,0,0.608
v15,balanced,long,stock,10,20,2025,50,50,-0.723,-0.52,-15.866,-17.203,-0.619,-0.621,-3.831,-0.741,0.421,10.0,499,481,0.9639,1,481,0,0,0,0,16,0,0,2,0,1,0.618
v15,balanced,long,stock,10,20,2026,32,32,-0.546,-0.36,-11.686,-12.599,-0.674,-0.562,-3.789,-0.546,0.435,10.0,320,310,0.9688,0,308,0,0,2,0,7,3,0,0,0,0,0.642
v15,balanced,long,stock,10,63,ALL,137,137,1.28,0.79,-19.766,-22.715,1.55,1.148,-5.884,1.26,0.449,10,1369,1277,0.9328,1,1272,0,0,5,0,90,0,0,2,0,1,0.615
v15,balanced,long,stock,10,63,P1,63,63,3.488,2.34,-11.436,-14.697,3.574,3.276,-1.525,3.488,0.488,10,630,602,0.9556,0,602,0,0,0,0,28,0,0,0,0,0,0.605
v15,balanced,long,stock,10,63,P2,74,74,-0.599,-0.23,-20.87,-22.715,-0.172,-0.664,-9.594,-0.636,0.416,10.0,739,675,0.9134,1,670,0,0,5,0,62,0,0,2,0,1,0.625
v15,balanced,long,stock,10,63,2023,12,12,3.829,3.59,-4.664,-4.664,2.883,3.249,-7.859,3.829,0.481,10.0,120,108,0.9,0,108,0,0,0,0,12,0,0,0,0,0,0.582
v15,balanced,long,stock,10,63,2024,51,51,3.407,1.89,-12.027,-14.697,3.736,3.282,-0.035,3.407,0.49,10,510,494,0.9686,0,494,0,0,0,0,16,0,0,0,0,0,0.608
v15,balanced,long,stock,10,63,2025,50,50,1.448,0.46,-19.006,-19.553,2.168,1.35,-7.966,1.393,0.451,10.0,499,453,0.9078,1,452,0,0,1,0,44,0,0,2,0,1,0.618
v15,balanced,long,stock,10,63,2026,24,24,-4.862,-1.36,-22.214,-22.715,-5.048,-4.861,-12.987,-4.862,0.343,10.0,240,222,0.925,0,218,0,0,4,0,18,0,0,0,0,0,0.639
v15,balanced,long,stock,20,5,ALL,148,148,0.109,0.47,-7.271,-11.669,0.107,0.105,-0.367,0.119,0.491,20.0,2944,2924,0.9932,16,2924,0,0,0,0,11,3,0,6,0,2,0.591
v15,balanced,long,stock,20,5,P1,63,63,0.127,0.45,-4.21,-5.128,0.12,0.122,-0.197,0.14,0.478,20,1255,1250,0.996,5,1250,0,0,0,0,4,0,0,1,0,1,0.605
v15,balanced,long,stock,20,5,P2,85,85,0.096,0.28,-8.489,-11.669,0.097,0.093,-0.493,0.103,0.5,20,1689,1674,0.9911,11,1674,0,0,0,0,7,3,0,5,0,1,0.582
v15,balanced,long,stock,20,5,2023,12,12,-0.175,-0.32,-4.354,-4.354,-0.178,-0.178,-0.597,-0.106,0.464,20.0,235,234,0.9957,5,234,0,0,0,0,1,0,0,0,0,1,0.6
v15,balanced,long,stock,20,5,2024,51,51,0.198,0.61,-4.163,-5.128,0.19,0.193,-0.103,0.198,0.482,20,1020,1016,0.9961,0,1016,0,0,0,0,3,0,0,1,0,0,0.607
v15,balanced,long,stock,20,5,2025,50,50,0.071,0.2,-6.71,-8.509,0.064,0.07,-0.426,0.083,0.496,20.0,989,981,0.9919,11,981,0,0,0,0,5,0,0,3,0,1,0.572
v15,balanced,long,stock,20,5,2026,35,35,0.131,0.19,-10.043,-11.669,0.144,0.126,-0.589,0.131,0.505,20,700,693,0.99,0,693,0,0,0,0,2,3,0,2,0,0,0.603
v15,balanced,long,stock,20,20,ALL,145,145,0.456,0.73,-10.55,-14.998,0.406,0.436,-1.983,0.43,0.474,20,2884,2809,0.974,16,2807,0,0,2,0,63,6,0,6,0,2,0.591
v15,balanced,long,stock,20,20,P1,63,63,0.901,1.03,-7.275,-8.414,0.802,0.866,-1.263,0.905,0.5,20,1255,1228,0.9785,5,1228,0,0,0,0,26,0,0,1,0,1,0.605
v15,balanced,long,stock,20,20,P2,82,82,0.114,0.13,-11.77,-14.998,0.101,0.106,-2.536,0.064,0.453,20.0,1629,1581,0.9705,11,1579,0,0,2,0,37,6,0,5,0,1,0.581
v15,balanced,long,stock,20,20,2023,12,12,-0.704,-0.78,-3.84,-3.84,-0.805,-0.681,-5.042,-0.686,0.425,20.0,235,225,0.9574,5,225,0,0,0,0,10,0,0,0,0,1,0.6
v15,balanced,long,stock,20,20,2024,51,51,1.279,1.23,-7.594,-8.414,1.179,1.23,-0.374,1.279,0.517,20,1020,1003,0.9833,0,1003,0,0,0,0,16,0,0,1,0,0,0.607
v15,balanced,long,stock,20,20,2025,50,50,0.323,0.28,-12.613,-14.998,0.323,0.317,-2.184,0.241,0.47,20.0,989,961,0.9717,11,961,0,0,0,0,25,0,0,3,0,1,0.572
v15,balanced,long,stock,20,20,2026,32,32,-0.212,-0.16,-10.505,-12.068,-0.244,-0.222,-3.087,-0.212,0.427,20.0,640,620,0.9688,0,618,0,0,2,0,12,6,0,2,0,0,0.602
v15,balanced,long,stock,20,63,ALL,137,137,1.702,0.99,-18.041,-23.516,1.701,1.549,-4.335,1.616,0.461,20,2724,2567,0.9424,16,2559,0,0,8,0,147,3,1,6,0,2,0.588
v15,balanced,long,stock,20,63,P1,63,63,2.539,2.39,-9.197,-11.894,2.435,2.403,-2.324,2.548,0.485,20,1255,1199,0.9554,5,1199,0,0,0,0,55,0,0,1,0,1,0.605
v15,balanced,long,stock,20,63,P2,74,74,0.989,0.33,-19.284,-23.516,1.076,0.822,-6.048,0.821,0.441,20.0,1469,1368,0.9312,11,1360,0,0,8,0,92,3,1,5,0,1,0.575
v15,balanced,long,stock,20,63,2023,12,12,4.184,3.86,-3.044,-3.044,3.361,3.891,-7.267,4.231,0.513,20.0,235,211,0.8979,5,211,0,0,0,0,24,0,0,0,0,1,0.6
v15,balanced,long,stock,20,63,2024,51,51,2.152,1.82,-9.541,-11.894,2.217,2.053,-1.161,2.152,0.478,20,1020,988,0.9686,0,988,0,0,0,0,31,0,0,1,0,0,0.607
v15,balanced,long,stock,20,63,2025,50,50,3.924,1.08,-16.153,-18.943,3.971,3.569,-3.365,3.675,0.491,20.0,989,920,0.9302,11,916,0,0,4,0,65,0,1,3,0,1,0.572
v15,balanced,long,stock,20,63,2026,24,24,-5.124,-1.51,-20.492,-23.516,-4.953,-4.901,-11.638,-5.124,0.335,20.0,480,448,0.9333,0,444,0,0,4,0,27,3,0,2,0,0,0.589
v15,balanced,mid,mixed,10,5,ALL,148,148,0.104,0.38,-7.771,-13.203,0.093,0.094,-0.304,0.104,0.46,10.0,1480,1472,0.9946,0,1472,0,0,0,0,5,1,0,2,0,0,0.675
v15,balanced,mid,mixed,10,5,P1,63,63,-0.067,-0.19,-4.987,-7.116,-0.073,-0.071,-0.39,-0.067,0.42,10,630,627,0.9952,0,627,0,0,0,0,2,0,0,1,0,0,0.642
v15,balanced,mid,mixed,10,5,P2,85,85,0.231,0.58,-8.911,-13.203,0.215,0.216,-0.24,0.231,0.49,10,850,845,0.9941,0,845,0,0,0,0,3,1,0,1,0,0,0.699
v15,balanced,mid,mixed,10,5,2023,12,12,-0.009,-0.01,-4.74,-4.74,-0.009,-0.009,-0.009,-0.009,0.425,10.0,120,120,1.0,0,120,0,0,0,0,0,0,0,0,0,0,0.609
v15,balanced,mid,mixed,10,5,2024,51,51,-0.081,-0.2,-5.07,-7.116,-0.088,-0.086,-0.479,-0.081,0.419,10,510,507,0.9941,0,507,0,0,0,0,2,0,0,1,0,0,0.646
v15,balanced,mid,mixed,10,5,2025,50,50,0.385,0.91,-6.18,-7.852,0.358,0.373,-0.009,0.385,0.498,10.0,500,497,0.994,0,497,0,0,0,0,2,0,0,1,0,0,0.692
v15,balanced,mid,mixed,10,5,2026,35,35,0.012,0.02,-10.846,-13.203,0.01,-0.008,-0.57,0.012,0.479,10,350,348,0.9943,0,348,0,0,0,0,1,1,0,0,0,0,0.706
v15,balanced,mid,mixed,10,20,ALL,145,145,-0.337,-0.54,-11.197,-12.727,-0.38,-0.361,-2.046,-0.337,0.383,10,1450,1424,0.9821,0,1423,0,0,1,0,22,2,0,2,0,0,0.672
v15,balanced,mid,mixed,10,20,P1,63,63,-0.257,-0.29,-9.143,-10.653,-0.307,-0.283,-1.454,-0.257,0.339,10,630,622,0.9873,0,622,0,0,0,0,7,0,0,1,0,0,0.642
v15,balanced,mid,mixed,10,20,P2,82,82,-0.398,-0.46,-11.995,-12.727,-0.436,-0.421,-2.501,-0.398,0.416,10.0,820,802,0.978,0,801,0,0,1,0,15,2,0,1,0,0,0.695
v15,balanced,mid,mixed,10,20,2023,12,12,-1.525,-2.6,-5.536,-5.536,-1.559,-1.529,-3.27,-1.525,0.298,10.0,120,118,0.9833,0,118,0,0,0,0,2,0,0,0,0,0,0.609
v15,balanced,mid,mixed,10,20,2024,51,51,0.041,0.04,-9.772,-10.653,-0.012,0.01,-1.027,0.041,0.348,10,510,504,0.9882,0,504,0,0,0,0,5,0,0,1,0,0,0.646
v15,balanced,mid,mixed,10,20,2025,50,50,-0.124,-0.11,-12.052,-12.727,-0.142,-0.148,-2.116,-0.124,0.415,10.0,500,489,0.978,0,489,0,0,0,0,10,0,0,1,0,0,0.692
v15,balanced,mid,mixed,10,20,2026,32,32,-0.827,-0.65,-11.91,-12.468,-0.896,-0.847,-3.102,-0.827,0.418,10.0,320,313,0.9781,0,312,0,0,1,0,5,2,0,0,0,0,0.697
v15,balanced,mid,mixed,10,63,ALL,137,137,-0.346,-0.23,-19.567,-24.735,-0.171,-0.444,-5.17,-0.346,0.356,10,1370,1307,0.954,0,1303,0,0,4,0,61,0,0,2,0,0,0.666
v15,balanced,mid,mixed,10,63,P1,63,63,0.099,0.08,-10.7,-12.518,0.182,0.027,-3.102,0.099,0.335,10,630,611,0.9698,0,611,0,0,0,0,18,0,0,1,0,0,0.642
v15,balanced,mid,mixed,10,63,P2,74,74,-0.725,-0.28,-21.348,-24.735,-0.471,-0.845,-6.931,-0.725,0.373,10.0,740,696,0.9405,0,692,0,0,4,0,43,0,0,1,0,0,0.686
v15,balanced,mid,mixed,10,63,2023,12,12,0.748,0.85,-8.5,-8.5,0.145,0.423,-7.919,0.748,0.355,10.0,120,111,0.925,0,111,0,0,0,0,9,0,0,0,0,0,0.609
v15,balanced,mid,mixed,10,63,2024,51,51,-0.053,-0.03,-10.955,-12.518,0.191,-0.066,-1.969,-0.053,0.33,10,510,500,0.9804,0,500,0,0,0,0,9,0,0,1,0,0,0.646
v15,balanced,mid,mixed,10,63,2025,50,50,1.83,0.58,-20.219,-21.213,2.238,1.591,-4.798,1.83,0.413,10.0,500,468,0.936,0,467,0,0,1,0,31,0,0,1,0,0,0.692
v15,balanced,mid,mixed,10,63,2026,24,24,-6.045,-2.4,-21.276,-24.735,-6.115,-5.918,-11.374,-6.045,0.291,10.0,240,228,0.95,0,225,0,0,3,0,12,0,0,0,0,0,0.67
v15,balanced,mid,mixed,20,5,ALL,148,148,-0.032,-0.14,-6.9,-12.555,-0.033,-0.033,-0.405,-0.023,0.46,20.0,2946,2928,0.9939,14,2928,0,0,0,0,10,1,0,7,0,3,0.643
v15,balanced,mid,mixed,20,5,P1,63,63,-0.091,-0.33,-4.066,-5.233,-0.092,-0.091,-0.41,-0.071,0.43,20,1246,1241,0.996,14,1241,0,0,0,0,4,0,0,1,0,3,0.64
v15,balanced,mid,mixed,20,5,P2,85,85,0.012,0.04,-8.113,-12.555,0.011,0.009,-0.401,0.012,0.483,20,1700,1687,0.9924,0,1687,0,0,0,0,6,1,0,6,0,0,0.646
v15,balanced,mid,mixed,20,5,2023,12,12,-0.011,-0.03,-3.009,-3.009,-0.006,-0.005,-0.427,0.094,0.445,20.0,226,225,0.9956,14,225,0,0,0,0,1,0,0,0,0,3,0.646
v15,balanced,mid,mixed,20,5,2024,51,51,-0.109,-0.34,-4.389,-5.233,-0.113,-0.111,-0.407,-0.109,0.427,20,1020,1016,0.9961,0,1016,0,0,0,0,3,0,0,1,0,0,0.634
v15,balanced,mid,mixed,20,5,2025,50,50,0.032,0.09,-6.149,-7.281,0.027,0.033,-0.364,0.032,0.474,20.0,1000,993,0.993,0,993,0,0,0,0,4,0,0,3,0,0,0.642
v15,balanced,mid,mixed,20,5,2026,35,35,-0.017,-0.03,-10.356,-12.555,-0.012,-0.025,-0.453,-0.017,0.496,20,700,694,0.9914,0,694,0,0,0,0,2,1,0,3,0,0,0.654
v15,balanced,mid,mixed,20,20,ALL,145,145,-0.35,-0.65,-10.03,-12.058,-0.388,-0.355,-1.98,-0.355,0.404,20,2886,2833,0.9816,14,2831,0,0,2,0,43,3,0,7,0,3,0.642
v15,balanced,mid,mixed,20,20,P1,63,63,-0.401,-0.54,-7.894,-9.746,-0.454,-0.412,-1.816,-0.414,0.355,20,1246,1228,0.9856,14,1228,0,0,0,0,17,0,0,1,0,3,0.64
v15,balanced,mid,mixed,20,20,P2,82,82,-0.311,-0.41,-10.759,-12.058,-0.336,-0.31,-2.106,-0.311,0.441,20.0,1640,1605,0.9787,0,1603,0,0,2,0,26,3,0,6,0,0,0.644
v15,balanced,mid,mixed,20,20,2023,12,12,-0.827,-1.03,-4.636,-4.636,-0.827,-0.786,-3.835,-0.89,0.367,20.0,226,219,0.969,14,219,0,0,0,0,7,0,0,0,0,3,0.646
v15,balanced,mid,mixed,20,20,2024,51,51,-0.301,-0.34,-8.456,-9.746,-0.366,-0.324,-1.341,-0.301,0.353,20,1020,1009,0.9892,0,1009,0,0,0,0,10,0,0,1,0,0,0.634
v15,balanced,mid,mixed,20,20,2025,50,50,-0.281,-0.28,-10.515,-11.732,-0.28,-0.282,-1.883,-0.281,0.442,20.0,1000,981,0.981,0,981,0,0,0,0,16,0,0,3,0,0,0.642
v15,balanced,mid,mixed,20,20,2026,32,32,-0.357,-0.3,-11.124,-12.058,-0.425,-0.355,-2.454,-0.357,0.439,20.0,640,624,0.975,0,622,0,0,2,0,10,3,0,3,0,0,0.652
v15,balanced,mid,mixed,20,63,ALL,137,137,-1.009,-0.66,-17.207,-18.864,-0.904,-1.018,-5.46,-1.011,0.361,20,2726,2605,0.9556,14,2598,0,0,7,0,110,3,1,7,0,3,0.638
v15,balanced,mid,mixed,20,63,P1,63,63,-0.926,-0.99,-10.547,-12.979,-0.956,-0.997,-4.279,-0.929,0.336,20,1246,1207,0.9687,14,1207,0,0,0,0,38,0,0,1,0,3,0.64
v15,balanced,mid,mixed,20,63,P2,74,74,-1.08,-0.4,-18.293,-18.864,-0.859,-1.035,-6.466,-1.08,0.382,20.0,1480,1398,0.9446,0,1391,0,0,7,0,72,3,1,6,0,0,0.637
v15,balanced,mid,mixed,20,63,2023,12,12,1.82,3.09,-7.492,-7.492,1.201,1.607,-7.69,1.804,0.415,20.0,226,206,0.9115,14,206,0,0,0,0,20,0,0,0,0,3,0.646
v15,balanced,mid,mixed,20,63,2024,51,51,-1.572,-1.54,-10.938,-12.979,-1.463,-1.61,-3.476,-1.572,0.318,20,1020,1001,0.9814,0,1001,0,0,0,0,18,0,0,1,0,0,0.634
v15,balanced,mid,mixed,20,63,2025,50,50,1.505,0.44,-17.748,-18.864,1.712,1.409,-3.824,1.505,0.43,20.0,1000,947,0.947,0,944,0,0,3,0,49,0,1,3,0,0,0.642
v15,balanced,mid,mixed,20,63,2026,24,24,-6.465,-3.0,-18.021,-18.833,-6.216,-6.127,-11.972,-6.465,0.282,20.0,480,451,0.9396,0,447,0,0,4,0,23,3,0,3,0,0,0.63
v15,balanced,mid,stock,10,5,ALL,148,148,0.172,0.58,-8.491,-13.203,0.164,0.162,-0.375,0.177,0.495,10.0,1477,1465,0.9919,3,1465,0,0,0,0,7,1,0,4,0,1,0.664
v15,balanced,mid,stock,10,5,P1,63,63,0.158,0.43,-4.951,-7.116,0.152,0.154,-0.165,0.158,0.476,10,630,627,0.9952,0,627,0,0,0,0,2,0,0,1,0,0,0.658
v15,balanced,mid,stock,10,5,P2,85,85,0.183,0.42,-9.882,-13.203,0.172,0.168,-0.531,0.191,0.508,10,847,838,0.9894,3,838,0,0,0,0,5,1,0,3,0,1,0.668
v15,balanced,mid,stock,10,5,2023,12,12,0.199,0.28,-4.74,-4.74,0.199,0.199,0.199,0.199,0.475,10.0,120,120,1.0,0,120,0,0,0,0,0,0,0,0,0,0,0.6
v15,balanced,mid,stock,10,5,2024,51,51,0.148,0.35,-4.958,-7.116,0.141,0.143,-0.25,0.148,0.476,10,510,507,0.9941,0,507,0,0,0,0,2,0,0,1,0,0,0.67
v15,balanced,mid,stock,10,5,2025,50,50,0.095,0.2,-8.619,-11.753,0.075,0.088,-0.708,0.109,0.515,10.0,497,491,0.9879,3,491,0,0,0,0,4,0,0,2,0,1,0.665
v15,balanced,mid,stock,10,5,2026,35,35,0.308,0.38,-10.846,-13.203,0.312,0.283,-0.278,0.308,0.499,10,350,347,0.9914,0,347,0,0,0,0,1,1,0,1,0,0,0.671
v15,balanced,mid,stock,10,20,ALL,145,145,0.001,0.0,-13.763,-19.543,-0.046,-0.023,-2.413,-0.012,0.464,10,1447,1409,0.9737,3,1408,0,0,1,0,31,3,0,4,0,1,0.663
v15,balanced,mid,stock,10,20,P1,63,63,0.669,0.64,-9.065,-10.653,0.573,0.619,-1.202,0.669,0.495,10,630,618,0.981,0,618,0,0,0,0,11,0,0,1,0,0,0.658
v15,balanced,mid,stock,10,20,P2,82,82,-0.512,-0.52,-15.541,-19.543,-0.523,-0.516,-3.344,-0.535,0.44,10.0,817,791,0.9682,3,790,0,0,1,0,20,3,0,3,0,1,0.667
v15,balanced,mid,stock,10,20,2023,12,12,-1.166,-1.36,-5.536,-5.536,-1.287,-1.246,-4.707,-1.166,0.392,10.0,120,116,0.9667,0,116,0,0,0,0,4,0,0,0,0,0,0.6
v15,balanced,mid,stock,10,20,2024,51,51,1.101,0.88,-9.772,-10.653,1.011,1.058,-0.377,1.101,0.52,10,510,502,0.9843,0,502,0,0,0,0,7,0,0,1,0,0,0.67
v15,balanced,mid,stock,10,20,2025,50,50,-0.426,-0.33,-16.827,-19.543,-0.397,-0.413,-3.405,-0.465,0.439,10.0,497,480,0.9658,3,480,0,0,0,0,15,0,0,2,0,1,0.665
v15,balanced,mid,stock,10,20,2026,32,32,-0.646,-0.43,-13.612,-14.624,-0.718,-0.677,-3.248,-0.646,0.441,10.0,320,311,0.9719,0,310,0,0,1,0,5,3,0,1,0,0,0.668
v15,balanced,mid,stock,10,63,ALL,137,137,1.378,0.8,-18.876,-24.735,1.444,1.195,-5.351,1.325,0.445,10,1367,1279,0.9356,3,1275,0,0,4,0,84,0,0,4,0,1,0.664
v15,balanced,mid,stock,10,63,P1,63,63,3.143,2.22,-9.442,-11.581,3.149,2.962,-1.863,3.143,0.478,10,630,601,0.954,0,601,0,0,0,0,28,0,0,1,0,0,0.658
v15,balanced,mid,stock,10,63,P2,74,74,-0.125,-0.04,-20.21,-24.735,-0.007,-0.308,-8.32,-0.223,0.417,10.0,737,678,0.9199,3,674,0,0,4,0,56,0,0,3,0,1,0.668
v15,balanced,mid,stock,10,63,2023,12,12,3.164,3.29,-6.226,-6.226,2.321,2.663,-8.439,3.164,0.473,10.0,120,108,0.9,0,108,0,0,0,0,12,0,0,0,0,0,0.6
v15,balanced,mid,stock,10,63,2024,51,51,3.138,1.81,-9.8,-11.581,3.344,3.032,-0.316,3.138,0.479,10,510,493,0.9667,0,493,0,0,0,0,16,0,0,1,0,0,0.67
v15,balanced,mid,stock,10,63,2025,50,50,2.624,0.76,-18.281,-20.171,2.883,2.332,-6.701,2.48,0.459,10.0,497,452,0.9095,3,451,0,0,1,0,43,0,0,2,0,1,0.665
v15,balanced,mid,stock,10,63,2026,24,24,-5.853,-2.0,-21.426,-24.735,-6.027,-5.809,-11.692,-5.853,0.327,10.0,240,226,0.9417,0,223,0,0,3,0,13,0,0,1,0,0,0.674
v15,balanced,mid,stock,20,5,ALL,148,148,0.015,0.06,-7.356,-12.562,0.012,0.012,-0.461,0.033,0.491,20.0,2921,2900,0.9928,39,2900,0,0,0,0,12,2,0,7,0,7,0.637
v15,balanced,mid,stock,20,5,P1,63,63,-0.001,-0.0,-4.311,-5.233,-0.003,-0.001,-0.401,0.023,0.477,20,1242,1236,0.9952,18,1236,0,0,0,0,5,0,0,1,0,4,0.658
v15,balanced,mid,stock,20,5,P2,85,85,0.026,0.07,-8.614,-12.562,0.024,0.021,-0.506,0.04,0.5,20,1679,1664,0.9911,21,1664,0,0,0,0,7,2,0,6,0,3,0.621
v15,balanced,mid,stock,20,5,2023,12,12,-0.132,-0.23,-4.833,-4.833,-0.131,-0.13,-0.971,-0.009,0.475,20.0,223,221,0.991,17,221,0,0,0,0,2,0,0,0,0,3,0.662
v15,balanced,mid,stock,20,5,2024,51,51,0.03,0.09,-4.137,-5.233,0.027,0.029,-0.267,0.031,0.478,20,1019,1015,0.9961,1,1015,0,0,0,0,3,0,0,1,0,1,0.657
v15,balanced,mid,stock,20,5,2025,50,50,0.032,0.09,-6.715,-8.585,0.024,0.03,-0.465,0.057,0.501,20.0,979,971,0.9918,21,971,0,0,0,0,5,0,0,3,0,3,0.612
v15,balanced,mid,stock,20,5,2026,35,35,0.017,0.02,-10.36,-12.562,0.023,0.008,-0.563,0.017,0.5,20,700,693,0.99,0,693,0,0,0,0,2,2,0,3,0,0,0.64
v15,balanced,mid,stock,20,20,ALL,145,145,0.07,0.12,-11.27,-15.855,0.033,0.071,-1.907,0.037,0.466,20,2861,2798,0.978,39,2796,0,0,2,0,52,4,0,7,0,7,0.636
v15,balanced,mid,stock,20,20,P1,63,63,0.399,0.49,-7.894,-9.746,0.331,0.385,-1.265,0.385,0.486,20,1242,1221,0.9831,18,1221,0,0,0,0,20,0,0,1,0,4,0.658
v15,balanced,mid,stock,20,20,P2,82,82,-0.182,-0.21,-12.661,-15.855,-0.197,-0.171,-2.4,-0.231,0.451,20.0,1619,1577,0.9741,21,1575,0,0,2,0,32,4,0,6,0,3,0.619
v15,balanced,mid,stock,20,20,2023,12,12,-0.773,-0.86,-5.35,-5.35,-0.808,-0.714,-4.628,-0.846,0.409,20.0,223,214,0.9596,17,214,0,0,0,0,9,0,0,0,0,3,0.662
v15,balanced,mid,stock,20,20,2024,51,51,0.675,0.69,-8.456,-9.746,0.599,0.644,-0.474,0.674,0.504,20,1019,1007,0.9882,1,1007,0,0,0,0,11,0,0,1,0,1,0.657
v15,balanced,mid,stock,20,20,2025,50,50,-0.098,-0.08,-13.581,-15.855,-0.088,-0.08,-1.986,-0.177,0.464,20.0,979,957,0.9775,21,957,0,0,0,0,19,0,0,3,0,3,0.612
v15,balanced,mid,stock,20,20,2026,32,32,-0.314,-0.25,-11.281,-12.058,-0.367,-0.315,-3.048,-0.314,0.432,20.0,640,620,0.9688,0,618,0,0,2,0,13,4,0,3,0,0,0.635
v15,balanced,mid,stock,20,63,ALL,137,137,1.066,0.64,-16.784,-18.833,1.128,0.978,-4.498,0.944,0.444,20,2701,2554,0.9456,39,2547,0,0,7,0,136,3,1,7,0,7,0.634
v15,balanced,mid,stock,20,63,P1,63,63,1.619,1.52,-9.561,-11.06,1.538,1.494,-2.825,1.636,0.461,20,1242,1191,0.9589,18,1191,0,0,0,0,50,0,0,1,0,4,0.658
v15,balanced,mid,stock,20,63,P2,74,74,0.595,0.21,-17.864,-18.833,0.779,0.538,-5.922,0.355,0.429,20.0,1459,1363,0.9342,21,1356,0,0,7,0,86,3,1,6,0,3,0.614
v15,balanced,mid,stock,20,63,2023,12,12,4.294,4.89,-2.475,-2.475,3.392,3.934,-7.224,4.37,0.491,20.0,223,199,0.8924,17,199,0,0,0,0,24,0,0,0,0,3,0.662
v15,balanced,mid,stock,20,63,2024,51,51,0.99,0.9,-9.949,-11.06,1.101,0.92,-1.79,0.993,0.454,20,1019,992,0.9735,1,992,0,0,0,0,26,0,0,1,0,1,0.657
v15,balanced,mid,stock,20,63,2025,50,50,3.445,0.98,-16.107,-18.373,3.599,3.21,-2.89,3.09,0.481,20.0,979,918,0.9377,21,915,0,0,3,0,57,0,1,3,0,3,0.612
v15,balanced,mid,stock,20,63,2026,24,24,-5.342,-1.91,-18.021,-18.833,-5.096,-5.028,-12.239,-5.342,0.323,20.0,480,445,0.9271,0,441,0,0,4,0,29,3,0,3,0,0,0.624
v15,balanced,short,mixed,10,5,ALL,148,148,-0.063,-0.26,-6.811,-11.702,-0.074,-0.07,-0.334,-0.063,0.456,10.0,1480,1475,0.9966,0,1475,0,0,0,0,3,1,0,1,0,0,0.74
v15,balanced,short,mixed,10,5,P1,63,63,-0.077,-0.22,-4.625,-5.984,-0.083,-0.083,-0.401,-0.077,0.415,10,630,628,0.9968,0,628,0,0,0,0,2,0,0,0,0,0,0.713
v15,balanced,short,mixed,10,5,P2,85,85,-0.053,-0.16,-7.877,-11.702,-0.067,-0.061,-0.284,-0.053,0.486,10,850,847,0.9965,0,847,0,0,0,0,1,1,0,1,0,0,0.758
v15,balanced,short,mixed,10,5,2023,12,12,-0.28,-0.51,-4.661,-4.661,-0.28,-0.28,-0.28,-0.28,0.383,10.0,120,120,1.0,0,120,0,0,0,0,0,0,0,0,0,0,0.673
v15,balanced,short,mixed,10,5,2024,51,51,-0.029,-0.07,-4.613,-5.984,-0.037,-0.036,-0.43,-0.029,0.422,10,510,508,0.9961,0,508,0,0,0,0,2,0,0,0,0,0,0.72
v15,balanced,short,mixed,10,5,2025,50,50,0.153,0.39,-6.736,-9.138,0.13,0.144,-0.037,0.153,0.501,10.0,500,498,0.996,0,498,0,0,0,0,1,0,0,1,0,0,0.741
v15,balanced,short,mixed,10,5,2026,35,35,-0.347,-0.58,-9.385,-11.702,-0.349,-0.354,-0.637,-0.347,0.465,10,350,349,0.9971,0,349,0,0,0,0,0,1,0,0,0,0,0.782
v15,balanced,short,mixed,10,20,ALL,145,145,-0.651,-1.11,-11.761,-14.441,-0.671,-0.652,-2.195,-0.651,0.381,10,1450,1427,0.9841,0,1426,0,0,1,0,21,1,0,1,0,0,0.738
v15,balanced,short,mixed,10,20,P1,63,63,-0.408,-0.45,-9.237,-11.706,-0.414,-0.397,-1.714,-0.408,0.343,10,630,622,0.9873,0,622,0,0,0,0,8,0,0,0,0,0,0.713
v15,balanced,short,mixed,10,20,P2,82,82,-0.837,-1.07,-12.242,-14.441,-0.869,-0.848,-2.564,-0.837,0.411,10.0,820,805,0.9817,0,804,0,0,1,0,13,1,0,1,0,0,0.756
v15,balanced,short,mixed,10,20,2023,12,12,-1.849,-4.2,-4.956,-4.956,-1.821,-1.751,-6.101,-1.849,0.316,10.0,120,115,0.9583,0,115,0,0,0,0,5,0,0,0,0,0,0.673
v15,balanced,short,mixed,10,20,2024,51,51,-0.069,-0.06,-10.327,-11.706,-0.083,-0.078,-0.682,-0.069,0.35,10,510,507,0.9941,0,507,0,0,0,0,3,0,0,0,0,0,0.72
v15,balanced,short,mixed,10,20,2025,50,50,-0.531,-0.51,-11.908,-12.698,-0.547,-0.563,-2.329,-0.531,0.412,10.0,500,490,0.98,0,490,0,0,0,0,9,0,0,1,0,0,0.741
v15,balanced,short,mixed,10,20,2026,32,32,-1.315,-1.14,-12.469,-14.441,-1.372,-1.295,-2.931,-1.315,0.409,10.0,320,315,0.9844,0,314,0,0,1,0,4,1,0,0,0,0,0.777
v15,balanced,short,mixed,10,63,ALL,137,137,-1.58,-1.08,-17.622,-20.035,-1.432,-1.588,-6.229,-1.58,0.341,10,1370,1309,0.9555,0,1306,0,0,3,0,60,0,0,1,0,0,0.732
v15,balanced,short,mixed,10,63,P1,63,63,-1.416,-1.08,-12.032,-12.51,-1.318,-1.439,-5.6,-1.416,0.315,10,630,606,0.9619,0,606,0,0,0,0,24,0,0,0,0,0,0.713
v15,balanced,short,mixed,10,63,P2,74,74,-1.719,-0.69,-19.05,-20.035,-1.53,-1.714,-6.765,-1.719,0.363,10.0,740,703,0.95,0,700,0,0,3,0,36,0,0,1,0,0,0.745
v15,balanced,short,mixed,10,63,2023,12,12,-1.136,-0.97,-10.859,-10.859,-1.989,-1.378,-14.428,-1.136,0.293,10.0,120,106,0.8833,0,106,0,0,0,0,14,0,0,0,0,0,0.673
v15,balanced,short,mixed,10,63,2024,51,51,-1.482,-0.91,-12.199,-12.51,-1.16,-1.454,-3.523,-1.482,0.32,10,510,500,0.9804,0,500,0,0,0,0,10,0,0,0,0,0,0.72
v15,balanced,short,mixed,10,63,2025,50,50,0.778,0.25,-19.837,-20.035,1.014,0.65,-4.27,0.778,0.403,10.0,500,475,0.95,0,475,0,0,0,0,24,0,0,1,0,0,0.741
v15,balanced,short,mixed,10,63,2026,24,24,-6.922,-7.27,-16.04,-16.332,-6.829,-6.639,-11.964,-6.922,0.279,10.0,240,228,0.95,0,225,0,0,3,0,12,0,0,0,0,0,0.752
v15,balanced,short,mixed,20,5,ALL,148,148,-0.054,-0.26,-5.63,-9.638,-0.058,-0.056,-0.358,-0.05,0.46,20.0,2941,2927,0.9952,19,2927,0,0,0,0,8,1,0,5,0,5,0.688
v15,balanced,short,mixed,20,5,P1,63,63,-0.112,-0.42,-3.897,-4.582,-0.112,-0.111,-0.431,-0.095,0.433,20,1246,1241,0.996,14,1241,0,0,0,0,4,0,0,1,0,3,0.68
v15,balanced,short,mixed,20,5,P2,85,85,-0.01,-0.04,-6.518,-9.638,-0.018,-0.016,-0.305,-0.016,0.48,20,1695,1686,0.9947,5,1686,0,0,0,0,4,1,0,4,0,2,0.694
v15,balanced,short,mixed,20,5,2023,12,12,-0.203,-0.43,-3.188,-3.188,-0.191,-0.19,-0.612,-0.11,0.437,20.0,228,227,0.9956,12,227,0,0,0,0,1,0,0,0,0,2,0.672
v15,balanced,short,mixed,20,5,2024,51,51,-0.09,-0.29,-4.133,-4.582,-0.093,-0.093,-0.389,-0.092,0.431,20,1018,1014,0.9961,2,1014,0,0,0,0,3,0,0,1,0,1,0.679
v15,balanced,short,mixed,20,5,2025,50,50,0.075,0.23,-5.245,-7.2,0.064,0.071,-0.223,0.065,0.478,20.0,995,989,0.994,5,989,0,0,0,0,3,0,0,3,0,2,0.679
v15,balanced,short,mixed,20,5,2026,35,35,-0.132,-0.24,-8.04,-9.638,-0.135,-0.14,-0.421,-0.132,0.485,20,700,697,0.9957,0,697,0,0,0,0,1,1,0,1,0,0,0.716
v15,balanced,short,mixed,20,20,ALL,145,145,-0.464,-0.96,-9.507,-12.116,-0.491,-0.463,-1.806,-0.493,0.404,20,2881,2838,0.9851,19,2837,0,0,1,0,35,3,0,5,0,5,0.688
v15,balanced,short,mixed,20,20,P1,63,63,-0.599,-0.85,-7.673,-9.427,-0.623,-0.598,-1.919,-0.631,0.349,20,1246,1229,0.9864,14,1229,0,0,0,0,16,0,0,1,0,3,0.68
v15,balanced,short,mixed,20,20,P2,82,82,-0.36,-0.54,-9.902,-12.116,-0.391,-0.359,-1.719,-0.387,0.446,20.0,1635,1609,0.9841,5,1608,0,0,1,0,19,3,0,4,0,2,0.693
v15,balanced,short,mixed,20,20,2023,12,12,-1.077,-1.74,-3.561,-3.561,-1.094,-1.054,-4.102,-1.276,0.345,20.0,228,221,0.9693,12,221,0,0,0,0,7,0,0,0,0,2,0.672
v15,balanced,short,mixed,20,20,2024,51,51,-0.487,-0.57,-8.667,-9.427,-0.512,-0.49,-1.405,-0.48,0.349,20,1018,1008,0.9902,2,1008,0,0,0,0,9,0,0,1,0,1,0.679
v15,balanced,short,mixed,20,20,2025,50,50,-0.21,-0.24,-10.442,-12.116,-0.224,-0.211,-1.513,-0.254,0.448,20.0,995,979,0.9839,5,979,0,0,0,0,13,0,0,3,0,2,0.679
v15,balanced,short,mixed,20,20,2026,32,32,-0.595,-0.61,-9.093,-9.095,-0.65,-0.592,-2.041,-0.595,0.443,20.0,640,630,0.9844,0,629,0,0,1,0,6,3,0,1,0,0,0.716
v15,balanced,short,mixed,20,63,ALL,137,137,-1.551,-1.03,-17.507,-20.482,-1.457,-1.512,-5.548,-1.592,0.36,20,2721,2612,0.9599,19,2607,0,0,5,0,101,2,1,5,0,5,0.684
v15,balanced,short,mixed,20,63,P1,63,63,-1.587,-1.78,-11.028,-12.966,-1.564,-1.602,-4.795,-1.606,0.327,20,1246,1208,0.9695,14,1207,0,0,1,0,37,0,0,1,0,3,0.68
v15,balanced,short,mixed,20,63,P2,74,74,-1.52,-0.57,-18.599,-20.482,-1.366,-1.435,-6.189,-1.58,0.388,20.0,1475,1404,0.9519,5,1400,0,0,4,0,64,2,1,4,0,2,0.686
v15,balanced,short,mixed,20,63,2023,12,12,0.393,0.62,-7.398,-7.398,-0.016,0.288,-8.553,0.385,0.376,20.0,228,209,0.9167,12,209,0,0,0,0,19,0,0,0,0,2,0.672
v15,balanced,short,mixed,20,63,2024,51,51,-2.053,-1.95,-11.349,-12.966,-1.929,-2.046,-3.91,-2.075,0.315,20,1018,999,0.9813,2,998,0,0,1,0,18,0,0,1,0,1,0.679
v15,balanced,short,mixed,20,63,2025,50,50,1.198,0.36,-17.578,-19.143,1.33,1.152,-3.74,1.11,0.434,20.0,995,945,0.9497,5,944,0,0,1,0,46,0,1,3,0,2,0.679
v15,balanced,short,mixed,20,63,2026,24,24,-7.183,-5.26,-18.887,-20.482,-6.981,-6.824,-11.292,-7.183,0.291,20.0,480,459,0.9563,0,456,0,0,3,0,18,2,0,1,0,0,0.702
v15,balanced,short,stock,10,5,ALL,148,148,0.136,0.53,-6.982,-10.073,0.119,0.125,-0.342,0.137,0.492,10.0,1474,1465,0.9939,6,1465,0,0,0,0,6,1,0,2,0,3,0.744
v15,balanced,short,stock,10,5,P1,63,63,0.114,0.32,-4.394,-5.984,0.108,0.109,-0.21,0.124,0.467,10,628,626,0.9968,2,626,0,0,0,0,2,0,0,0,0,1,0.744
v15,balanced,short,stock,10,5,P2,85,85,0.152,0.41,-8.049,-10.073,0.128,0.137,-0.44,0.147,0.51,10,846,839,0.9917,4,839,0,0,0,0,4,1,0,2,0,2,0.743
v15,balanced,short,stock,10,5,2023,12,12,0.022,0.04,-4.661,-4.661,0.022,0.022,0.022,0.072,0.452,10.0,118,118,1.0,2,118,0,0,0,0,0,0,0,0,0,1,0.709
v15,balanced,short,stock,10,5,2024,51,51,0.136,0.33,-4.295,-5.984,0.128,0.129,-0.265,0.136,0.471,10,510,508,0.9961,0,508,0,0,0,0,2,0,0,0,0,0,0.748
v15,balanced,short,stock,10,5,2025,50,50,0.227,0.53,-7.372,-8.643,0.188,0.217,-0.372,0.217,0.529,10.0,496,491,0.9899,4,491,0,0,0,0,3,0,0,2,0,2,0.733
v15,balanced,short,stock,10,5,2026,35,35,0.046,0.07,-8.57,-10.073,0.042,0.023,-0.538,0.046,0.482,10,350,348,0.9943,0,348,0,0,0,0,1,1,0,0,0,0,0.756
v15,balanced,short,stock,10,20,ALL,145,145,-0.266,-0.42,-13.19,-20.98,-0.302,-0.272,-2.444,-0.293,0.455,10,1444,1411,0.9771,6,1410,0,0,1,0,29,2,0,2,0,3,0.744
v15,balanced,short,stock,10,20,P1,63,63,0.39,0.43,-9.427,-11.706,0.337,0.38,-1.263,0.38,0.49,10,628,618,0.9841,2,618,0,0,0,0,10,0,0,0,0,1,0.744
v15,balanced,short,stock,10,20,P2,82,82,-0.77,-0.9,-14.493,-20.98,-0.793,-0.773,-3.351,-0.81,0.428,10.0,816,793,0.9718,4,792,0,0,1,0,19,2,0,2,0,2,0.742
v15,balanced,short,stock,10,20,2023,12,12,-0.816,-1.01,-4.956,-4.956,-0.928,-0.849,-6.072,-0.868,0.431,10.0,118,112,0.9492,2,112,0,0,0,0,6,0,0,0,0,1,0.709
v15,balanced,short,stock,10,20,2024,51,51,0.674,0.62,-10.327,-11.706,0.634,0.669,-0.131,0.674,0.504,10,510,506,0.9922,0,506,0,0,0,0,4,0,0,0,0,0,0.748
v15,balanced,short,stock,10,20,2025,50,50,-0.688,-0.6,-15.513,-20.98,-0.675,-0.679,-3.457,-0.754,0.43,10.0,496,480,0.9677,4,480,0,0,0,0,14,0,0,2,0,2,0.733
v15,balanced,short,stock,10,20,2026,32,32,-0.898,-0.71,-12.469,-14.441,-0.977,-0.92,-3.185,-0.898,0.426,10.0,320,313,0.9781,0,312,0,0,1,0,5,2,0,0,0,0,0.755
v15,balanced,short,stock,10,63,ALL,137,137,0.072,0.04,-17.358,-19.294,0.224,0.06,-6.076,0.015,0.432,10,1364,1283,0.9406,6,1279,0,0,4,0,79,0,0,2,0,3,0.739
v15,balanced,short,stock,10,63,P1,63,63,1.62,1.23,-11.176,-13.354,1.669,1.525,-3.15,1.637,0.461,10,628,601,0.957,2,600,0,0,1,0,27,0,0,0,0,1,0.744
v15,balanced,short,stock,10,63,P2,74,74,-1.245,-0.43,-18.247,-19.294,-1.007,-1.187,-8.566,-1.366,0.407,10.0,736,682,0.9266,4,679,0,0,3,0,52,0,0,2,0,2,0.733
v15,balanced,short,stock,10,63,2023,12,12,2.061,1.68,-8.62,-8.62,1.276,1.669,-13.217,2.147,0.435,10.0,118,102,0.8644,2,102,0,0,0,0,16,0,0,0,0,1,0.709
v15,balanced,short,stock,10,63,2024,51,51,1.517,0.94,-11.609,-13.354,1.761,1.491,-0.782,1.517,0.467,10,510,499,0.9784,0,498,0,0,1,0,11,0,0,0,0,0,0.748
v15,balanced,short,stock,10,63,2025,50,50,1.493,0.4,-18.329,-19.294,1.724,1.394,-6.551,1.315,0.451,10.0,496,456,0.9194,4,456,0,0,0,0,38,0,0,2,0,2,0.733
v15,balanced,short,stock,10,63,2026,24,24,-6.949,-5.55,-17.078,-18.0,-6.695,-6.563,-12.765,-6.949,0.316,10.0,240,226,0.9417,0,223,0,0,3,0,14,0,0,0,0,0,0.73
v15,balanced,short,stock,20,5,ALL,148,148,-0.011,-0.05,-6.181,-9.444,-0.017,-0.014,-0.351,-0.009,0.484,20.0,2913,2897,0.9945,47,2897,0,0,0,0,9,1,0,6,0,8,0.693
v15,balanced,short,stock,20,5,P1,63,63,-0.008,-0.03,-4.119,-5.001,-0.008,-0.007,-0.327,0.014,0.479,20,1244,1238,0.9952,16,1238,0,0,0,0,4,0,0,2,0,3,0.705
v15,balanced,short,stock,20,5,P2,85,85,-0.013,-0.04,-7.054,-9.444,-0.023,-0.019,-0.368,-0.026,0.488,20,1669,1659,0.994,31,1659,0,0,0,0,5,1,0,4,0,5,0.684
v15,balanced,short,stock,20,5,2023,12,12,-0.35,-0.59,-5.001,-5.001,-0.338,-0.337,-0.759,-0.226,0.469,20.0,226,225,0.9956,14,225,0,0,0,0,1,0,0,0,0,2,0.681
v15,balanced,short,stock,20,5,2024,51,51,0.073,0.23,-3.825,-4.582,0.069,0.07,-0.226,0.071,0.481,20,1018,1013,0.9951,2,1013,0,0,0,0,3,0,0,2,0,1,0.711
v15,balanced,short,stock,20,5,2025,50,50,0.011,0.03,-6.42,-7.971,-0.004,0.005,-0.391,-0.011,0.487,20.0,969,962,0.9928,31,962,0,0,0,0,4,0,0,3,0,5,0.677
v15,balanced,short,stock,20,5,2026,35,35,-0.047,-0.08,-7.943,-9.444,-0.05,-0.055,-0.335,-0.047,0.489,20,700,697,0.9957,0,697,0,0,0,0,1,1,0,1,0,0,0.694
v15,balanced,short,stock,20,20,ALL,145,145,-0.216,-0.43,-10.383,-14.418,-0.239,-0.219,-1.73,-0.313,0.455,20,2853,2804,0.9828,47,2803,0,0,1,0,39,4,0,6,0,8,0.692
v15,balanced,short,stock,20,20,P1,63,63,-0.03,-0.04,-7.757,-9.427,-0.062,-0.036,-1.357,-0.058,0.463,20,1244,1226,0.9855,16,1226,0,0,0,0,16,0,0,2,0,3,0.705
v15,balanced,short,stock,20,20,P2,82,82,-0.359,-0.52,-11.066,-14.418,-0.375,-0.361,-2.016,-0.509,0.449,20.0,1609,1578,0.9807,31,1577,0,0,1,0,23,4,0,4,0,5,0.682
v15,balanced,short,stock,20,20,2023,12,12,-1.017,-1.2,-3.749,-3.749,-1.05,-1.01,-4.058,-1.196,0.393,20.0,226,219,0.969,14,219,0,0,0,0,7,0,0,0,0,2,0.681
v15,balanced,short,stock,20,20,2024,51,51,0.202,0.23,-8.667,-9.427,0.17,0.194,-0.721,0.209,0.48,20,1018,1007,0.9892,2,1007,0,0,0,0,9,0,0,2,0,1,0.711
v15,balanced,short,stock,20,20,2025,50,50,-0.312,-0.34,-12.357,-14.418,-0.303,-0.314,-2.003,-0.559,0.451,20.0,969,949,0.9794,31,949,0,0,0,0,17,0,0,3,0,5,0.677
v15,balanced,short,stock,20,20,2026,32,32,-0.431,-0.43,-9.131,-9.169,-0.489,-0.435,-2.037,-0.431,0.446,20.0,640,629,0.9828,0,628,0,0,1,0,6,4,0,1,0,0,0.692
v15,balanced,short,stock,20,63,ALL,137,137,-0.203,-0.13,-15.984,-17.948,-0.11,-0.17,-4.95,-0.409,0.423,20,2693,2564,0.9521,47,2558,0,0,6,0,120,2,1,6,0,8,0.692
v15,balanced,short,stock,20,63,P1,63,63,0.382,0.45,-10.651,-12.098,0.391,0.351,-3.532,0.407,0.436,20,1244,1197,0.9622,16,1195,0,0,2,0,45,0,0,2,0,3,0.705
v15,balanced,short,stock,20,63,P2,74,74,-0.701,-0.25,-17.062,-17.948,-0.536,-0.614,-6.157,-1.104,0.412,20.0,1449,1367,0.9434,31,1363,0,0,4,0,75,2,1,4,0,5,0.68
v15,balanced,short,stock,20,63,2023,12,12,2.261,3.73,-6.553,-6.553,1.737,2.101,-7.204,2.488,0.456,20.0,226,206,0.9115,14,206,0,0,0,0,20,0,0,0,0,2,0.681
v15,balanced,short,stock,20,63,2024,51,51,-0.06,-0.06,-10.894,-12.098,0.074,-0.061,-2.668,-0.082,0.431,20,1018,991,0.9735,2,989,0,0,2,0,25,0,0,2,0,1,0.711
v15,balanced,short,stock,20,63,2025,50,50,2.36,0.7,-15.209,-17.506,2.506,2.307,-3.543,1.764,0.463,20.0,969,910,0.9391,31,909,0,0,1,0,55,0,1,3,0,5,0.677
v15,balanced,short,stock,20,63,2026,24,24,-7.08,-4.13,-17.388,-17.948,-6.875,-6.701,-11.604,-7.08,0.305,20.0,480,457,0.9521,0,454,0,0,3,0,20,2,0,1,0,0,0.689
v15,conservative,long,mixed,10,5,ALL,148,148,-0.26,-1.64,-4.38,-6.517,-0.257,-0.255,-0.461,-0.248,0.449,10.0,1475,1472,0.998,5,1472,0,0,0,0,3,0,0,0,0,1,0.788
v15,conservative,long,mixed,10,5,P1,63,63,-0.279,-1.26,-4.018,-4.455,-0.273,-0.272,-0.433,-0.279,0.457,10,630,629,0.9984,0,629,0,0,0,0,1,0,0,0,0,0,0.776
v15,conservative,long,mixed,10,5,P2,85,85,-0.246,-1.11,-4.42,-6.517,-0.246,-0.242,-0.481,-0.226,0.443,10,845,843,0.9976,5,843,0,0,0,0,2,0,0,0,0,1,0.798
v15,conservative,long,mixed,10,5,2023,12,12,-0.599,-1.18,-4.075,-4.075,-0.599,-0.599,-0.599,-0.599,0.442,10.0,120,120,1.0,0,120,0,0,0,0,0,0,0,0,0,0,0.809
v15,conservative,long,mixed,10,5,2024,51,51,-0.203,-0.83,-3.963,-4.455,-0.196,-0.195,-0.394,-0.203,0.461,10,510,509,0.998,0,509,0,0,0,0,1,0,0,0,0,0,0.766
v15,conservative,long,mixed,10,5,2025,50,50,-0.281,-1.0,-4.732,-6.517,-0.281,-0.275,-0.68,-0.246,0.435,10.0,495,493,0.996,5,493,0,0,0,0,2,0,0,0,0,1,0.814
v15,conservative,long,mixed,10,5,2026,35,35,-0.196,-0.54,-3.952,-4.775,-0.196,-0.196,-0.196,-0.196,0.454,10,350,350,1.0,0,350,0,0,0,0,0,0,0,0,0,0,0.774
v15,conservative,long,mixed,10,20,ALL,145,145,-1.495,-3.6,-8.927,-9.563,-1.465,-1.457,-2.512,-1.457,0.386,10,1445,1430,0.9896,5,1430,0,0,0,0,15,0,0,0,0,1,0.79
v15,conservative,long,mixed,10,20,P1,63,63,-1.418,-2.3,-7.274,-7.863,-1.371,-1.37,-2.351,-1.418,0.386,10,630,624,0.9905,0,624,0,0,0,0,6,0,0,0,0,0,0.776
v15,conservative,long,mixed,10,20,P2,82,82,-1.554,-2.77,-9.309,-9.563,-1.538,-1.525,-2.636,-1.487,0.386,10.0,815,806,0.989,5,806,0,0,0,0,9,0,0,0,0,1,0.801
v15,conservative,long,mixed,10,20,2023,12,12,-2.795,-2.89,-7.631,-7.631,-2.732,-2.736,-4.428,-2.795,0.273,10.0,120,118,0.9833,0,118,0,0,0,0,2,0,0,0,0,0,0.809
v15,conservative,long,mixed,10,20,2024,51,51,-1.095,-1.56,-7.141,-7.863,-1.051,-1.048,-1.862,-1.095,0.412,10,510,506,0.9922,0,506,0,0,0,0,4,0,0,0,0,0,0.766
v15,conservative,long,mixed,10,20,2025,50,50,-1.289,-1.92,-9.345,-9.563,-1.289,-1.273,-2.486,-1.178,0.395,10.0,495,489,0.9879,5,489,0,0,0,0,6,0,0,0,0,1,0.814
v15,conservative,long,mixed,10,20,2026,32,32,-1.969,-2.07,-9.256,-9.56,-1.927,-1.918,-2.872,-1.969,0.373,10.0,320,317,0.9906,0,317,0,0,0,0,3,0,0,0,0,0,0.781
v15,conservative,long,mixed,10,63,ALL,137,137,-3.271,-2.53,-19.687,-22.648,-3.204,-3.211,-5.639,-3.284,0.358,10,1365,1333,0.9766,5,1332,0,0,1,0,30,2,0,0,0,1,0.788
v15,conservative,long,mixed,10,63,P1,63,63,-2.882,-2.38,-14.666,-18.487,-2.854,-2.82,-4.013,-2.882,0.367,10,630,623,0.9889,0,623,0,0,0,0,7,0,0,0,0,0,0.776
v15,conservative,long,mixed,10,63,P2,74,74,-3.602,-1.68,-20.38,-22.648,-3.502,-3.544,-7.023,-3.626,0.35,10.0,735,710,0.966,5,709,0,0,1,0,23,2,0,0,0,1,0.8
v15,conservative,long,mixed,10,63,2023,12,12,-5.654,-3.56,-18.487,-18.487,-5.699,-5.53,-8.28,-5.654,0.302,10.0,120,117,0.975,0,117,0,0,0,0,3,0,0,0,0,0,0.809
v15,conservative,long,mixed,10,63,2024,51,51,-2.23,-1.72,-12.387,-12.465,-2.184,-2.182,-3.009,-2.23,0.382,10,510,506,0.9922,0,506,0,0,0,0,4,0,0,0,0,0,0.766
v15,conservative,long,mixed,10,63,2025,50,50,-2.373,-0.87,-19.206,-19.802,-2.311,-2.359,-5.635,-2.409,0.391,10.0,495,479,0.9677,5,479,0,0,0,0,16,0,0,0,0,1,0.814
v15,conservative,long,mixed,10,63,2026,24,24,-6.161,-2.46,-21.15,-22.648,-5.984,-6.012,-9.915,-6.161,0.263,10.0,240,231,0.9625,0,230,0,0,1,0,7,2,0,0,0,0,0.77
v15,conservative,long,mixed,20,5,ALL,148,148,-0.303,-2.11,-4.262,-8.012,-0.301,-0.301,-0.471,-0.293,0.444,20.0,2892,2887,0.9983,68,2887,0,0,0,0,4,1,0,0,0,12,0.78
v15,conservative,long,mixed,20,5,P1,63,63,-0.294,-1.45,-4.09,-4.454,-0.291,-0.291,-0.451,-0.291,0.45,20,1242,1240,0.9984,18,1240,0,0,0,0,2,0,0,0,0,5,0.775
v15,conservative,long,mixed,20,5,P2,85,85,-0.309,-1.55,-4.123,-8.012,-0.309,-0.308,-0.486,-0.294,0.44,20,1650,1647,0.9982,50,1647,0,0,0,0,2,1,0,0,0,7,0.784
v15,conservative,long,mixed,20,5,2023,12,12,-0.614,-1.52,-3.718,-3.718,-0.614,-0.614,-0.614,-0.616,0.42,20.0,225,225,1.0,15,225,0,0,0,0,0,0,0,0,0,4,0.834
v15,conservative,long,mixed,20,5,2024,51,51,-0.219,-0.95,-4.214,-4.454,-0.215,-0.215,-0.412,-0.215,0.457,20,1017,1015,0.998,3,1015,0,0,0,0,2,0,0,0,0,1,0.759
v15,conservative,long,mixed,20,5,2025,50,50,-0.369,-1.56,-4.417,-8.012,-0.371,-0.368,-0.571,-0.326,0.432,20.0,957,955,0.9979,43,955,0,0,0,0,2,0,0,0,0,6,0.791
v15,conservative,long,mixed,20,5,2026,35,35,-0.223,-0.64,-3.336,-3.411,-0.22,-0.223,-0.364,-0.247,0.45,20,693,692,0.9986,7,692,0,0,0,0,0,1,0,0,0,1,0.771
v15,conservative,long,mixed,20,20,ALL,145,145,-1.42,-3.39,-9.314,-10.016,-1.396,-1.39,-2.475,-1.4,0.393,20,2832,2801,0.9891,68,2801,0,0,0,0,30,1,0,0,0,12,0.781
v15,conservative,long,mixed,20,20,P1,63,63,-1.326,-2.24,-7.28,-7.513,-1.293,-1.286,-2.275,-1.376,0.38,20,1242,1230,0.9903,18,1230,0,0,0,0,12,0,0,0,0,5,0.775
v15,conservative,long,mixed,20,20,P2,82,82,-1.491,-2.56,-9.671,-10.016,-1.475,-1.47,-2.629,-1.419,0.403,20.0,1590,1571,0.9881,50,1571,0,0,0,0,18,1,0,0,0,7,0.785
v15,conservative,long,mixed,20,20,2023,12,12,-2.52,-3.47,-7.124,-7.124,-2.486,-2.474,-4.206,-2.785,0.273,20.0,225,221,0.9822,15,221,0,0,0,0,4,0,0,0,0,4,0.834
v15,conservative,long,mixed,20,20,2024,51,51,-1.046,-1.51,-7.333,-7.513,-1.013,-1.007,-1.82,-1.044,0.406,20,1017,1009,0.9921,3,1009,0,0,0,0,8,0,0,0,0,1,0.759
v15,conservative,long,mixed,20,20,2025,50,50,-1.297,-1.89,-9.53,-9.693,-1.308,-1.294,-2.588,-1.175,0.411,20.0,957,944,0.9864,43,944,0,0,0,0,13,0,0,0,0,6,0.791
v15,conservative,long,mixed,20,20,2026,32,32,-1.794,-1.8,-9.883,-10.016,-1.738,-1.744,-2.694,-1.799,0.39,20.0,633,627,0.9905,7,627,0,0,0,0,5,1,0,0,0,1,0.774
v15,conservative,long,mixed,20,63,ALL,137,137,-3.217,-2.68,-17.644,-18.838,-3.162,-3.146,-5.756,-3.323,0.366,20,2672,2604,0.9746,68,2603,0,0,1,0,65,3,0,0,0,12,0.781
v15,conservative,long,mixed,20,63,P1,63,63,-2.966,-2.59,-13.444,-16.772,-2.931,-2.896,-4.444,-3.034,0.368,20,1242,1224,0.9855,18,1224,0,0,0,0,18,0,0,0,0,5,0.775
v15,conservative,long,mixed,20,63,P2,74,74,-3.43,-1.74,-18.411,-18.838,-3.359,-3.358,-6.873,-3.568,0.364,20.0,1430,1380,0.965,50,1379,0,0,1,0,47,3,0,0,0,7,0.787
v15,conservative,long,mixed,20,63,2023,12,12,-5.082,-5.28,-16.772,-16.772,-5.086,-4.965,-8.217,-5.453,0.312,20.0,225,218,0.9689,15,218,0,0,0,0,7,0,0,0,0,4,0.834
v15,conservative,long,mixed,20,63,2024,51,51,-2.468,-1.88,-12.334,-13.836,-2.424,-2.409,-3.556,-2.465,0.381,20,1017,1006,0.9892,3,1006,0,0,0,0,11,0,0,0,0,1,0.759
v15,conservative,long,mixed,20,63,2025,50,50,-2.22,-0.89,-17.501,-18.801,-2.191,-2.19,-5.392,-2.407,0.402,20.0,957,926,0.9676,43,926,0,0,0,0,31,0,0,0,0,6,0.791
v15,conservative,long,mixed,20,63,2026,24,24,-5.952,-2.75,-18.66,-18.838,-5.794,-5.793,-9.958,-5.987,0.286,20.0,473,454,0.9598,7,453,0,0,1,0,16,3,0,0,0,1,0.774
v15,conservative,long,stock,10,5,ALL,148,148,-0.259,-1.58,-4.709,-8.307,-0.26,-0.257,-0.463,-0.236,0.458,10.0,1469,1466,0.998,11,1466,0,0,0,0,3,0,0,0,0,3,0.79
v15,conservative,long,stock,10,5,P1,63,63,-0.298,-1.31,-4.228,-4.619,-0.292,-0.29,-0.452,-0.298,0.47,10,630,629,0.9984,0,629,0,0,0,0,1,0,0,0,0,0,0.771
v15,conservative,long,stock,10,5,P2,85,85,-0.231,-1.0,-4.799,-8.307,-0.236,-0.233,-0.471,-0.19,0.45,10,839,837,0.9976,11,837,0,0,0,0,2,0,0,0,0,3,0.806
v15,conservative,long,stock,10,5,2023,12,12,-0.602,-1.15,-4.075,-4.075,-0.602,-0.602,-0.602,-0.602,0.467,10.0,120,120,1.0,0,120,0,0,0,0,0,0,0,0,0,0,0.773
v15,conservative,long,stock,10,5,2024,51,51,-0.226,-0.9,-4.159,-4.619,-0.218,-0.217,-0.416,-0.226,0.471,10,510,509,0.998,0,509,0,0,0,0,1,0,0,0,0,0,0.768
v15,conservative,long,stock,10,5,2025,50,50,-0.21,-0.71,-5.328,-8.307,-0.218,-0.212,-0.618,-0.14,0.446,10.0,489,487,0.9959,11,487,0,0,0,0,2,0,0,0,0,3,0.82
v15,conservative,long,stock,10,5,2026,35,35,-0.262,-0.7,-4.004,-4.775,-0.262,-0.262,-0.262,-0.262,0.454,10,350,350,1.0,0,350,0,0,0,0,0,0,0,0,0,0,0.785
v15,conservative,long,stock,10,20,ALL,145,145,-1.317,-3.13,-9.057,-10.181,-1.291,-1.284,-2.338,-1.275,0.411,10,1439,1424,0.9896,11,1424,0,0,0,0,15,0,0,0,0,3,0.792
v15,conservative,long,stock,10,20,P1,63,63,-1.173,-1.91,-7.274,-7.863,-1.125,-1.124,-2.105,-1.173,0.421,10,630,624,0.9905,0,624,0,0,0,0,6,0,0,0,0,0,0.771
v15,conservative,long,stock,10,20,P2,82,82,-1.428,-2.5,-9.503,-10.181,-1.419,-1.406,-2.518,-1.353,0.403,10.0,809,800,0.9889,11,800,0,0,0,0,9,0,0,0,0,3,0.81
v15,conservative,long,stock,10,20,2023,12,12,-2.291,-2.21,-7.631,-7.631,-2.227,-2.231,-3.924,-2.291,0.315,10.0,120,118,0.9833,0,118,0,0,0,0,2,0,0,0,0,0,0.773
v15,conservative,long,stock,10,20,2024,51,51,-0.91,-1.3,-7.141,-7.863,-0.866,-0.864,-1.677,-0.91,0.446,10,510,506,0.9922,0,506,0,0,0,0,4,0,0,0,0,0,0.768
v15,conservative,long,stock,10,20,2025,50,50,-1.111,-1.63,-9.667,-10.181,-1.124,-1.108,-2.321,-0.989,0.42,10.0,489,483,0.9877,11,483,0,0,0,0,6,0,0,0,0,3,0.82
v15,conservative,long,stock,10,20,2026,32,32,-1.923,-1.99,-9.256,-9.56,-1.88,-1.872,-2.825,-1.923,0.376,10.0,320,317,0.9906,0,317,0,0,0,0,3,0,0,0,0,0,0.794
v15,conservative,long,stock,10,63,ALL,137,137,-2.841,-2.23,-19.811,-22.648,-2.79,-2.791,-5.295,-2.914,0.381,10,1359,1326,0.9757,11,1325,0,0,1,0,31,2,0,0,0,3,0.791
v15,conservative,long,stock,10,63,P1,63,63,-2.39,-2.04,-14.666,-18.487,-2.373,-2.327,-3.686,-2.39,0.396,10,630,622,0.9873,0,622,0,0,0,0,8,0,0,0,0,0,0.771
v15,conservative,long,stock,10,63,P2,74,74,-3.225,-1.52,-20.676,-22.648,-3.144,-3.186,-6.665,-3.361,0.368,10.0,729,704,0.9657,11,703,0,0,1,0,23,2,0,0,0,3,0.81
v15,conservative,long,stock,10,63,2023,12,12,-4.754,-2.5,-18.487,-18.487,-4.792,-4.624,-7.373,-4.754,0.335,10.0,120,117,0.975,0,117,0,0,0,0,3,0,0,0,0,0,0.773
v15,conservative,long,stock,10,63,2024,51,51,-1.834,-1.44,-12.387,-12.465,-1.803,-1.786,-2.818,-1.834,0.41,10,510,505,0.9902,0,505,0,0,0,0,5,0,0,0,0,0,0.768
v15,conservative,long,stock,10,63,2025,50,50,-1.884,-0.72,-19.495,-20.6,-1.848,-1.896,-5.171,-2.085,0.409,10.0,489,473,0.9673,11,473,0,0,0,0,16,0,0,0,0,3,0.82
v15,conservative,long,stock,10,63,2026,24,24,-6.018,-2.37,-21.15,-22.648,-5.846,-5.874,-9.777,-6.018,0.281,10.0,240,231,0.9625,0,230,0,0,1,0,7,2,0,0,0,0,0.787
v15,conservative,long,stock,20,5,ALL,148,148,-0.255,-1.76,-4.299,-8.506,-0.254,-0.254,-0.423,-0.223,0.457,20.0,2871,2866,0.9983,89,2866,0,0,0,0,4,1,0,0,0,14,0.779
v15,conservative,long,stock,20,5,P1,63,63,-0.233,-1.18,-4.04,-4.349,-0.23,-0.231,-0.39,-0.228,0.464,20,1234,1232,0.9984,26,1232,0,0,0,0,2,0,0,0,0,7,0.775
v15,conservative,long,stock,20,5,P2,85,85,-0.271,-1.32,-4.243,-8.506,-0.272,-0.271,-0.448,-0.22,0.453,20,1637,1634,0.9982,63,1634,0,0,0,0,2,1,0,0,0,7,0.783
v15,conservative,long,stock,20,5,2023,12,12,-0.533,-1.4,-3.718,-3.718,-0.533,-0.533,-0.533,-0.539,0.443,20.0,219,219,1.0,21,219,0,0,0,0,0,0,0,0,0,5,0.826
v15,conservative,long,stock,20,5,2024,51,51,-0.163,-0.72,-4.147,-4.349,-0.159,-0.16,-0.356,-0.154,0.469,20,1015,1013,0.998,5,1013,0,0,0,0,2,0,0,0,0,2,0.761
v15,conservative,long,stock,20,5,2025,50,50,-0.307,-1.25,-4.581,-8.506,-0.311,-0.308,-0.511,-0.205,0.449,20.0,944,942,0.9979,56,942,0,0,0,0,2,0,0,0,0,6,0.79
v15,conservative,long,stock,20,5,2026,35,35,-0.219,-0.62,-3.336,-3.411,-0.215,-0.218,-0.359,-0.242,0.458,20,693,692,0.9986,7,692,0,0,0,0,0,1,0,0,0,1,0.771
v15,conservative,long,stock,20,20,ALL,145,145,-1.366,-3.23,-9.612,-10.599,-1.345,-1.335,-2.493,-1.336,0.413,20,2811,2778,0.9883,89,2778,0,0,0,0,32,1,0,0,0,14,0.78
v15,conservative,long,stock,20,20,P1,63,63,-1.187,-1.99,-7.28,-7.513,-1.154,-1.147,-2.136,-1.247,0.415,20,1234,1222,0.9903,26,1222,0,0,0,0,12,0,0,0,0,7,0.775
v15,conservative,long,stock,20,20,P2,82,82,-1.504,-2.56,-10.125,-10.599,-1.491,-1.479,-2.768,-1.404,0.412,20.0,1577,1556,0.9867,63,1556,0,0,0,0,20,1,0,0,0,7,0.785
v15,conservative,long,stock,20,20,2023,12,12,-2.315,-2.91,-7.124,-7.124,-2.281,-2.269,-4.002,-2.638,0.319,20.0,219,215,0.9817,21,215,0,0,0,0,4,0,0,0,0,5,0.826
v15,conservative,long,stock,20,20,2024,51,51,-0.922,-1.33,-7.333,-7.513,-0.889,-0.883,-1.697,-0.919,0.437,20,1015,1007,0.9921,5,1007,0,0,0,0,8,0,0,0,0,2,0.761
v15,conservative,long,stock,20,20,2025,50,50,-1.319,-1.93,-10.092,-10.471,-1.332,-1.32,-2.714,-1.151,0.423,20.0,944,930,0.9852,56,930,0,0,0,0,14,0,0,0,0,6,0.79
v15,conservative,long,stock,20,20,2026,32,32,-1.794,-1.76,-10.174,-10.599,-1.74,-1.728,-2.852,-1.8,0.395,20.0,633,626,0.9889,7,626,0,0,0,0,6,1,0,0,0,1,0.774
v15,conservative,long,stock,20,63,ALL,137,137,-2.978,-2.54,-17.586,-19.864,-2.944,-2.914,-5.679,-3.142,0.382,20,2651,2579,0.9728,89,2578,0,0,1,0,69,3,0,0,0,14,0.781
v15,conservative,long,stock,20,63,P1,63,63,-2.672,-2.36,-13.444,-16.772,-2.647,-2.607,-4.237,-2.745,0.39,20,1234,1215,0.9846,26,1215,0,0,0,0,19,0,0,0,0,7,0.775
v15,conservative,long,stock,20,63,P2,74,74,-3.237,-1.68,-18.134,-19.864,-3.197,-3.175,-6.906,-3.479,0.376,20.0,1417,1364,0.9626,63,1363,0,0,1,0,50,3,0,0,0,7,0.787
v15,conservative,long,stock,20,63,2023,12,12,-4.381,-3.74,-16.772,-16.772,-4.395,-4.273,-7.525,-4.779,0.342,20.0,219,212,0.968,21,212,0,0,0,0,7,0,0,0,0,5,0.826
v15,conservative,long,stock,20,63,2024,51,51,-2.27,-1.73,-12.334,-13.836,-2.235,-2.215,-3.463,-2.266,0.401,20,1015,1003,0.9882,5,1003,0,0,0,0,12,0,0,0,0,2,0.761
v15,conservative,long,stock,20,63,2025,50,50,-1.982,-0.83,-17.025,-17.144,-2.005,-1.984,-5.39,-2.324,0.413,20.0,944,911,0.965,56,911,0,0,0,0,33,0,0,0,0,6,0.79
v15,conservative,long,stock,20,63,2026,24,24,-5.852,-2.68,-19.174,-19.864,-5.681,-5.655,-10.064,-5.887,0.297,20.0,473,453,0.9577,7,452,0,0,1,0,17,3,0,0,0,1,0.776
v15,conservative,mid,mixed,10,5,ALL,148,148,-0.27,-1.69,-4.385,-6.517,-0.268,-0.265,-0.471,-0.237,0.452,10.0,1472,1469,0.998,8,1469,0,0,0,0,3,0,0,0,0,2,0.796
v15,conservative,mid,mixed,10,5,P1,63,63,-0.267,-1.22,-4.028,-4.495,-0.261,-0.26,-0.421,-0.267,0.46,10,630,629,0.9984,0,629,0,0,0,0,1,0,0,0,0,0,0.784
v15,conservative,mid,mixed,10,5,P2,85,85,-0.273,-1.21,-4.448,-6.517,-0.273,-0.27,-0.508,-0.215,0.445,10,842,840,0.9976,8,840,0,0,0,0,2,0,0,0,0,2,0.806
v15,conservative,mid,mixed,10,5,2023,12,12,-0.627,-1.25,-4.075,-4.075,-0.627,-0.627,-0.627,-0.627,0.442,10.0,120,120,1.0,0,120,0,0,0,0,0,0,0,0,0,0,0.8
v15,conservative,mid,mixed,10,5,2024,51,51,-0.182,-0.75,-3.977,-4.495,-0.175,-0.173,-0.372,-0.182,0.465,10,510,509,0.998,0,509,0,0,0,0,1,0,0,0,0,0,0.778
v15,conservative,mid,mixed,10,5,2025,50,50,-0.319,-1.13,-4.732,-6.517,-0.319,-0.313,-0.718,-0.22,0.438,10.0,492,490,0.9959,8,490,0,0,0,0,2,0,0,0,0,2,0.824
v15,conservative,mid,mixed,10,5,2026,35,35,-0.208,-0.56,-4.024,-4.775,-0.208,-0.208,-0.208,-0.208,0.454,10,350,350,1.0,0,350,0,0,0,0,0,0,0,0,0,0,0.779
v15,conservative,mid,mixed,10,20,ALL,145,145,-1.443,-3.41,-8.828,-9.563,-1.41,-1.4,-2.529,-1.374,0.388,10,1442,1426,0.9889,8,1426,0,0,0,0,16,0,0,0,0,2,0.798
v15,conservative,mid,mixed,10,20,P1,63,63,-1.413,-2.22,-7.585,-8.54,-1.358,-1.352,-2.503,-1.413,0.386,10,630,623,0.9889,0,623,0,0,0,0,7,0,0,0,0,0,0.784
v15,conservative,mid,mixed,10,20,P2,82,82,-1.466,-2.59,-9.22,-9.563,-1.449,-1.437,-2.548,-1.344,0.389,10.0,812,803,0.9889,8,803,0,0,0,0,9,0,0,0,0,2,0.81
v15,conservative,mid,mixed,10,20,2023,12,12,-2.877,-2.93,-7.815,-7.815,-2.776,-2.752,-5.34,-2.877,0.265,10.0,120,117,0.975,0,117,0,0,0,0,3,0,0,0,0,0,0.8
v15,conservative,mid,mixed,10,20,2024,51,51,-1.068,-1.47,-7.508,-8.54,-1.025,-1.022,-1.836,-1.068,0.414,10,510,506,0.9922,0,506,0,0,0,0,4,0,0,0,0,0,0.778
v15,conservative,mid,mixed,10,20,2025,50,50,-1.247,-1.85,-9.143,-9.563,-1.247,-1.231,-2.444,-1.047,0.396,10.0,492,486,0.9878,8,486,0,0,0,0,6,0,0,0,0,2,0.824
v15,conservative,mid,mixed,10,20,2026,32,32,-1.809,-1.86,-9.336,-9.56,-1.766,-1.757,-2.711,-1.809,0.379,10.0,320,317,0.9906,0,317,0,0,0,0,3,0,0,0,0,0,0.787
v15,conservative,mid,mixed,10,63,ALL,137,137,-3.16,-2.4,-19.687,-22.648,-3.095,-3.091,-5.538,-3.162,0.361,10,1362,1330,0.9765,8,1329,0,0,1,0,30,2,0,0,0,2,0.796
v15,conservative,mid,mixed,10,63,P1,63,63,-2.843,-2.28,-14.677,-18.487,-2.795,-2.756,-4.132,-2.843,0.367,10,630,622,0.9873,0,622,0,0,0,0,8,0,0,0,0,0,0.784
v15,conservative,mid,mixed,10,63,P2,74,74,-3.43,-1.58,-20.38,-22.648,-3.35,-3.376,-6.736,-3.432,0.356,10.0,732,708,0.9672,8,707,0,0,1,0,22,2,0,0,0,2,0.808
v15,conservative,mid,mixed,10,63,2023,12,12,-5.814,-3.77,-18.487,-18.487,-5.764,-5.568,-9.281,-5.814,0.293,10.0,120,116,0.9667,0,116,0,0,0,0,4,0,0,0,0,0,0.8
v15,conservative,mid,mixed,10,63,2024,51,51,-2.145,-1.61,-12.477,-13.092,-2.096,-2.094,-2.921,-2.145,0.384,10,510,506,0.9922,0,506,0,0,0,0,4,0,0,0,0,0,0.778
v15,conservative,mid,mixed,10,63,2025,50,50,-2.195,-0.79,-19.206,-19.802,-2.155,-2.179,-5.278,-2.199,0.396,10.0,492,477,0.9695,8,477,0,0,0,0,15,0,0,0,0,2,0.824
v15,conservative,mid,mixed,10,63,2026,24,24,-6.001,-2.4,-21.15,-22.648,-5.841,-5.869,-9.772,-6.001,0.272,10.0,240,231,0.9625,0,230,0,0,1,0,7,2,0,0,0,0,0.774
v15,conservative,mid,mixed,20,5,ALL,148,148,-0.302,-2.09,-4.299,-8.012,-0.301,-0.301,-0.47,-0.271,0.446,20.0,2848,2843,0.9982,112,2843,0,0,0,0,4,1,0,0,0,20,0.779
v15,conservative,mid,mixed,20,5,P1,63,63,-0.318,-1.63,-3.946,-4.473,-0.315,-0.316,-0.475,-0.326,0.444,20,1218,1216,0.9984,42,1216,0,0,0,0,2,0,0,0,0,10,0.773
v15,conservative,mid,mixed,20,5,P2,85,85,-0.29,-1.41,-4.333,-8.012,-0.29,-0.289,-0.467,-0.23,0.447,20,1630,1627,0.9982,70,1627,0,0,0,0,2,1,0,0,0,10,0.784
v15,conservative,mid,mixed,20,5,2023,12,12,-0.565,-1.44,-3.52,-3.52,-0.565,-0.565,-0.565,-0.625,0.416,19.5,212,212,1.0,28,212,0,0,0,0,0,0,0,0,0,6,0.83
v15,conservative,mid,mixed,20,5,2024,51,51,-0.26,-1.17,-4.088,-4.473,-0.256,-0.257,-0.453,-0.255,0.45,20,1006,1004,0.998,14,1004,0,0,0,0,2,0,0,0,0,4,0.758
v15,conservative,mid,mixed,20,5,2025,50,50,-0.358,-1.47,-4.434,-8.012,-0.36,-0.357,-0.559,-0.248,0.443,20.0,941,939,0.9979,59,939,0,0,0,0,2,0,0,0,0,8,0.786
v15,conservative,mid,mixed,20,5,2026,35,35,-0.194,-0.54,-3.689,-3.756,-0.191,-0.193,-0.335,-0.206,0.453,20,689,688,0.9985,11,688,0,0,0,0,0,1,0,0,0,2,0.779
v15,conservative,mid,mixed,20,20,ALL,145,145,-1.393,-3.34,-9.18,-10.033,-1.38,-1.366,-2.317,-1.369,0.391,20,2788,2761,0.9903,112,2761,0,0,0,0,26,1,0,0,0,20,0.78
v15,conservative,mid,mixed,20,20,P1,63,63,-1.281,-2.24,-7.013,-7.501,-1.256,-1.252,-1.992,-1.373,0.376,20,1218,1209,0.9926,42,1209,0,0,0,0,9,0,0,0,0,10,0.773
v15,conservative,mid,mixed,20,20,P2,82,82,-1.479,-2.51,-9.538,-10.033,-1.475,-1.453,-2.567,-1.365,0.402,20.0,1570,1552,0.9885,70,1552,0,0,0,0,17,1,0,0,0,10,0.786
v15,conservative,mid,mixed,20,20,2023,12,12,-2.176,-3.38,-6.435,-6.435,-2.154,-2.142,-3.436,-2.618,0.27,19.5,212,209,0.9858,28,209,0,0,0,0,3,0,0,0,0,6,0.83
v15,conservative,mid,mixed,20,20,2024,51,51,-1.07,-1.58,-7.206,-7.501,-1.045,-1.042,-1.652,-1.08,0.401,20,1006,1000,0.994,14,1000,0,0,0,0,6,0,0,0,0,4,0.758
v15,conservative,mid,mixed,20,20,2025,50,50,-1.287,-1.87,-9.468,-9.645,-1.306,-1.284,-2.484,-1.074,0.41,20.0,941,929,0.9872,59,929,0,0,0,0,12,0,0,0,0,8,0.786
v15,conservative,mid,mixed,20,20,2026,32,32,-1.779,-1.74,-9.643,-10.033,-1.739,-1.718,-2.696,-1.82,0.389,20.0,629,623,0.9905,11,623,0,0,0,0,5,1,0,0,0,2,0.784
v15,conservative,mid,mixed,20,63,ALL,137,137,-3.164,-2.62,-17.226,-19.07,-3.13,-3.099,-5.522,-3.3,0.362,20,2628,2565,0.976,112,2564,0,0,1,0,59,4,0,0,0,20,0.78
v15,conservative,mid,mixed,20,63,P1,63,63,-2.964,-2.64,-13.246,-15.733,-2.934,-2.904,-4.104,-3.103,0.362,20,1218,1204,0.9885,42,1204,0,0,0,0,14,0,0,0,0,10,0.773
v15,conservative,mid,mixed,20,63,P2,74,74,-3.335,-1.67,-18.201,-19.07,-3.297,-3.265,-6.728,-3.468,0.362,20.0,1410,1361,0.9652,70,1360,0,0,1,0,45,4,0,0,0,10,0.787
v15,conservative,mid,mixed,20,63,2023,12,12,-4.863,-6.13,-15.733,-15.733,-4.884,-4.774,-7.092,-5.474,0.302,19.5,212,207,0.9764,28,207,0,0,0,0,5,0,0,0,0,6,0.83
v15,conservative,mid,mixed,20,63,2024,51,51,-2.517,-1.92,-12.417,-13.5,-2.475,-2.464,-3.401,-2.545,0.376,20,1006,997,0.9911,14,997,0,0,0,0,9,0,0,0,0,4,0.758
v15,conservative,mid,mixed,20,63,2025,50,50,-2.117,-0.84,-16.949,-18.801,-2.122,-2.1,-5.113,-2.249,0.402,20.0,941,912,0.9692,59,912,0,0,0,0,29,0,0,0,0,8,0.786
v15,conservative,mid,mixed,20,63,2026,24,24,-5.874,-2.73,-18.314,-19.07,-5.743,-5.692,-10.093,-6.006,0.279,20.0,469,449,0.9574,11,448,0,0,1,0,16,4,0,0,0,2,0.785
v15,conservative,mid,stock,10,5,ALL,148,148,-0.265,-1.61,-4.731,-8.307,-0.265,-0.263,-0.469,-0.22,0.46,10.0,1466,1463,0.998,14,1463,0,0,0,0,3,0,0,0,0,3,0.794
v15,conservative,mid,stock,10,5,P1,63,63,-0.311,-1.38,-4.273,-4.619,-0.305,-0.304,-0.465,-0.311,0.47,10,630,629,0.9984,0,629,0,0,0,0,1,0,0,0,0,0,0.776
v15,conservative,mid,stock,10,5,P2,85,85,-0.231,-0.99,-4.806,-8.307,-0.236,-0.233,-0.472,-0.153,0.453,10,836,834,0.9976,14,834,0,0,0,0,2,0,0,0,0,3,0.808
v15,conservative,mid,stock,10,5,2023,12,12,-0.581,-1.09,-4.075,-4.075,-0.581,-0.581,-0.581,-0.581,0.475,10.0,120,120,1.0,0,120,0,0,0,0,0,0,0,0,0,0,0.773
v15,conservative,mid,stock,10,5,2024,51,51,-0.247,-1.0,-4.173,-4.619,-0.24,-0.238,-0.438,-0.247,0.469,10,510,509,0.998,0,509,0,0,0,0,1,0,0,0,0,0,0.776
v15,conservative,mid,stock,10,5,2025,50,50,-0.242,-0.82,-5.328,-8.307,-0.25,-0.245,-0.65,-0.108,0.452,10.0,486,484,0.9959,14,484,0,0,0,0,2,0,0,0,0,3,0.822
v15,conservative,mid,stock,10,5,2026,35,35,-0.216,-0.57,-4.024,-4.775,-0.216,-0.216,-0.216,-0.216,0.454,10,350,350,1.0,0,350,0,0,0,0,0,0,0,0,0,0,0.788
v15,conservative,mid,stock,10,20,ALL,145,145,-1.309,-3.09,-9.06,-10.181,-1.28,-1.27,-2.399,-1.235,0.414,10,1436,1420,0.9889,14,1420,0,0,0,0,16,0,0,0,0,3,0.796
v15,conservative,mid,stock,10,20,P1,63,63,-1.265,-1.99,-7.585,-8.54,-1.21,-1.204,-2.355,-1.265,0.422,10,630,623,0.9889,0,623,0,0,0,0,7,0,0,0,0,0,0.776
v15,conservative,mid,stock,10,20,P2,82,82,-1.343,-2.37,-9.388,-10.181,-1.333,-1.32,-2.432,-1.213,0.407,10.0,806,797,0.9888,14,797,0,0,0,0,9,0,0,0,0,3,0.812
v15,conservative,mid,stock,10,20,2023,12,12,-2.733,-2.73,-7.815,-7.815,-2.632,-2.609,-5.197,-2.733,0.298,10.0,120,117,0.975,0,117,0,0,0,0,3,0,0,0,0,0,0.773
v15,conservative,mid,stock,10,20,2024,51,51,-0.92,-1.28,-7.508,-8.54,-0.876,-0.873,-1.687,-0.92,0.452,10,510,506,0.9922,0,506,0,0,0,0,4,0,0,0,0,0,0.776
v15,conservative,mid,stock,10,20,2025,50,50,-1.098,-1.65,-9.477,-10.181,-1.11,-1.094,-2.307,-0.885,0.417,10.0,486,480,0.9877,14,480,0,0,0,0,6,0,0,0,0,3,0.822
v15,conservative,mid,stock,10,20,2026,32,32,-1.725,-1.75,-9.256,-9.56,-1.682,-1.674,-2.627,-1.725,0.392,10.0,320,317,0.9906,0,317,0,0,0,0,3,0,0,0,0,0,0.797
v15,conservative,mid,stock,10,63,ALL,137,137,-2.852,-2.24,-19.811,-22.648,-2.797,-2.793,-5.241,-2.912,0.384,10,1356,1324,0.9764,14,1323,0,0,1,0,30,2,0,0,0,3,0.795
v15,conservative,mid,stock,10,63,P1,63,63,-2.48,-2.06,-14.677,-18.487,-2.43,-2.391,-3.767,-2.48,0.397,10,630,622,0.9873,0,622,0,0,0,0,8,0,0,0,0,0,0.776
v15,conservative,mid,stock,10,63,P2,74,74,-3.168,-1.51,-20.676,-22.648,-3.109,-3.135,-6.495,-3.28,0.373,10.0,726,702,0.9669,14,701,0,0,1,0,22,2,0,0,0,3,0.812
v15,conservative,mid,stock,10,63,2023,12,12,-5.11,-2.84,-18.487,-18.487,-5.052,-4.856,-8.569,-5.11,0.327,10.0,120,116,0.9667,0,116,0,0,0,0,4,0,0,0,0,0,0.773
v15,conservative,mid,stock,10,63,2024,51,51,-1.861,-1.43,-12.477,-13.092,-1.813,-1.811,-2.638,-1.861,0.413,10,510,506,0.9922,0,506,0,0,0,0,4,0,0,0,0,0,0.776
v15,conservative,mid,stock,10,63,2025,50,50,-1.814,-0.69,-19.495,-20.6,-1.802,-1.827,-4.926,-1.98,0.416,10.0,486,471,0.9691,14,471,0,0,0,0,15,0,0,0,0,3,0.822
v15,conservative,mid,stock,10,63,2026,24,24,-5.988,-2.39,-21.15,-22.648,-5.832,-5.86,-9.763,-5.988,0.285,10.0,240,231,0.9625,0,230,0,0,1,0,7,2,0,0,0,0,0.791
v15,conservative,mid,stock,20,5,ALL,148,148,-0.261,-1.79,-4.366,-8.506,-0.26,-0.26,-0.43,-0.205,0.459,20.0,2815,2810,0.9982,145,2810,0,0,0,0,4,1,0,0,0,26,0.782
v15,conservative,mid,stock,20,5,P1,63,63,-0.246,-1.27,-3.959,-4.523,-0.243,-0.244,-0.403,-0.243,0.465,20,1201,1199,0.9983,59,1199,0,0,0,0,2,0,0,0,0,13,0.777
v15,conservative,mid,stock,20,5,P2,85,85,-0.272,-1.3,-4.43,-8.506,-0.273,-0.272,-0.45,-0.176,0.455,20,1614,1611,0.9981,86,1611,0,0,0,0,2,1,0,0,0,13,0.786
v15,conservative,mid,stock,20,5,2023,12,12,-0.466,-1.26,-3.52,-3.52,-0.466,-0.466,-0.466,-0.552,0.447,17.5,201,201,1.0,39,201,0,0,0,0,0,0,0,0,0,8,0.836
v15,conservative,mid,stock,20,5,2024,51,51,-0.195,-0.87,-4.105,-4.523,-0.191,-0.191,-0.388,-0.17,0.469,20,1000,998,0.998,20,998,0,0,0,0,2,0,0,0,0,5,0.763
v15,conservative,mid,stock,20,5,2025,50,50,-0.323,-1.29,-4.598,-8.506,-0.326,-0.324,-0.526,-0.151,0.455,20.0,925,923,0.9978,75,923,0,0,0,0,2,0,0,0,0,11,0.789
v15,conservative,mid,stock,20,5,2026,35,35,-0.2,-0.55,-3.689,-3.756,-0.197,-0.2,-0.341,-0.212,0.455,20,689,688,0.9985,11,688,0,0,0,0,0,1,0,0,0,2,0.779
v15,conservative,mid,stock,20,20,ALL,145,145,-1.285,-3.04,-9.42,-10.443,-1.271,-1.258,-2.277,-1.251,0.414,20,2755,2726,0.9895,145,2726,0,0,0,0,28,1,0,0,0,26,0.783
v15,conservative,mid,stock,20,20,P1,63,63,-1.019,-1.78,-7.013,-7.501,-0.996,-0.987,-1.81,-1.126,0.418,20,1201,1191,0.9917,59,1191,0,0,0,0,10,0,0,0,0,13,0.777
v15,conservative,mid,stock,20,20,P2,82,82,-1.489,-2.49,-9.891,-10.443,-1.483,-1.466,-2.637,-1.346,0.411,20.0,1554,1535,0.9878,86,1535,0,0,0,0,18,1,0,0,0,13,0.788
v15,conservative,mid,stock,20,20,2023,12,12,-1.903,-2.59,-6.435,-6.435,-1.882,-1.87,-3.164,-2.44,0.315,17.5,201,198,0.9851,39,198,0,0,0,0,3,0,0,0,0,8,0.836
v15,conservative,mid,stock,20,20,2024,51,51,-0.811,-1.2,-7.206,-7.501,-0.788,-0.779,-1.491,-0.817,0.442,20,1000,993,0.993,20,993,0,0,0,0,7,0,0,0,0,5,0.763
v15,conservative,mid,stock,20,20,2025,50,50,-1.325,-1.93,-10.025,-10.443,-1.34,-1.326,-2.62,-1.064,0.422,20.0,925,912,0.9859,75,912,0,0,0,0,13,0,0,0,0,11,0.789
v15,conservative,mid,stock,20,20,2026,32,32,-1.747,-1.67,-9.69,-10.127,-1.706,-1.685,-2.663,-1.787,0.394,20.0,629,623,0.9905,11,623,0,0,0,0,5,1,0,0,0,2,0.784
v15,conservative,mid,stock,20,63,ALL,137,137,-2.895,-2.45,-17.38,-19.019,-2.878,-2.834,-5.412,-3.086,0.38,20,2595,2528,0.9742,145,2527,0,0,1,0,63,4,0,0,0,26,0.784
v15,conservative,mid,stock,20,63,P1,63,63,-2.5,-2.28,-12.922,-15.733,-2.478,-2.442,-3.729,-2.642,0.39,20,1201,1186,0.9875,59,1186,0,0,0,0,15,0,0,0,0,13,0.777
v15,conservative,mid,stock,20,63,P2,74,74,-3.23,-1.66,-17.783,-19.019,-3.218,-3.168,-6.845,-3.463,0.372,20.0,1394,1342,0.9627,86,1341,0,0,1,0,48,4,0,0,0,13,0.789
v15,conservative,mid,stock,20,63,2023,12,12,-4.011,-3.82,-15.733,-15.733,-4.036,-3.926,-6.245,-4.634,0.338,17.5,201,196,0.9751,39,196,0,0,0,0,5,0,0,0,0,8,0.836
v15,conservative,mid,stock,20,63,2024,51,51,-2.145,-1.66,-11.985,-13.5,-2.111,-2.093,-3.137,-2.173,0.403,20,1000,990,0.99,20,990,0,0,0,0,10,0,0,0,0,5,0.763
v15,conservative,mid,stock,20,63,2025,50,50,-2.023,-0.83,-17.022,-17.179,-2.07,-2.034,-5.246,-2.304,0.409,20.0,925,894,0.9665,75,894,0,0,0,0,31,0,0,0,0,11,0.789
v15,conservative,mid,stock,20,63,2026,24,24,-5.746,-2.61,-18.289,-19.019,-5.612,-5.531,-10.175,-5.878,0.295,20.0,469,448,0.9552,11,447,0,0,1,0,17,4,0,0,0,2,0.787
v15,conservative,short,mixed,10,5,ALL,148,148,-0.331,-2.07,-4.391,-6.706,-0.328,-0.326,-0.532,-0.323,0.437,10.0,1458,1455,0.9979,22,1455,0,0,0,0,3,0,0,0,0,5,0.797
v15,conservative,short,mixed,10,5,P1,63,63,-0.323,-1.53,-3.845,-4.495,-0.317,-0.316,-0.477,-0.323,0.441,10,630,629,0.9984,0,629,0,0,0,0,1,0,0,0,0,0,0.785
v15,conservative,short,mixed,10,5,P2,85,85,-0.337,-1.46,-4.63,-6.706,-0.337,-0.334,-0.572,-0.323,0.433,10,828,826,0.9976,22,826,0,0,0,0,2,0,0,0,0,5,0.806
v15,conservative,short,mixed,10,5,2023,12,12,-0.524,-1.17,-3.448,-3.448,-0.524,-0.524,-0.524,-0.524,0.45,10.0,120,120,1.0,0,120,0,0,0,0,0,0,0,0,0,0,0.809
v15,conservative,short,mixed,10,5,2024,51,51,-0.276,-1.16,-3.977,-4.495,-0.268,-0.267,-0.466,-0.276,0.439,10,510,509,0.998,0,509,0,0,0,0,1,0,0,0,0,0,0.778
v15,conservative,short,mixed,10,5,2025,50,50,-0.45,-1.66,-4.626,-6.706,-0.45,-0.444,-0.85,-0.416,0.422,10.0,483,481,0.9959,17,481,0,0,0,0,2,0,0,0,0,4,0.82
v15,conservative,short,mixed,10,5,2026,35,35,-0.176,-0.44,-4.637,-4.997,-0.176,-0.176,-0.176,-0.189,0.449,10,345,345,1.0,5,345,0,0,0,0,0,0,0,0,0,1,0.785
v15,conservative,short,mixed,10,20,ALL,145,145,-1.504,-3.59,-9.023,-9.935,-1.481,-1.469,-2.532,-1.475,0.389,10,1428,1413,0.9895,22,1413,0,0,0,0,15,0,0,0,0,5,0.798
v15,conservative,short,mixed,10,20,P1,63,63,-1.331,-2.2,-7.47,-8.54,-1.277,-1.27,-2.422,-1.331,0.389,10,630,623,0.9889,0,623,0,0,0,0,7,0,0,0,0,0,0.785
v15,conservative,short,mixed,10,20,P2,82,82,-1.638,-2.85,-9.452,-9.935,-1.639,-1.621,-2.617,-1.586,0.388,10.0,798,790,0.99,22,790,0,0,0,0,8,0,0,0,0,5,0.809
v15,conservative,short,mixed,10,20,2023,12,12,-2.664,-2.7,-7.815,-7.815,-2.563,-2.54,-5.128,-2.664,0.281,10.0,120,117,0.975,0,117,0,0,0,0,3,0,0,0,0,0,0.809
v15,conservative,short,mixed,10,20,2024,51,51,-1.017,-1.48,-7.354,-8.54,-0.974,-0.972,-1.785,-1.017,0.415,10,510,506,0.9922,0,506,0,0,0,0,4,0,0,0,0,0,0.778
v15,conservative,short,mixed,10,20,2025,50,50,-1.29,-1.82,-9.544,-9.935,-1.293,-1.282,-2.496,-1.185,0.405,10.0,483,477,0.9876,17,477,0,0,0,0,6,0,0,0,0,4,0.82
v15,conservative,short,mixed,10,20,2026,32,32,-2.181,-2.34,-9.314,-9.56,-2.179,-2.151,-2.804,-2.212,0.363,10.0,315,313,0.9937,5,313,0,0,0,0,2,0,0,0,0,1,0.79
v15,conservative,short,mixed,10,63,ALL,137,137,-3.211,-2.42,-19.617,-22.252,-3.169,-3.161,-5.297,-3.174,0.369,10,1348,1320,0.9792,22,1319,0,0,1,0,26,2,0,0,0,5,0.796
v15,conservative,short,mixed,10,63,P1,63,63,-2.915,-2.32,-13.801,-14.684,-2.862,-2.823,-4.2,-2.915,0.368,10,630,622,0.9873,0,622,0,0,0,0,8,0,0,0,0,0,0.785
v15,conservative,short,mixed,10,63,P2,74,74,-3.463,-1.59,-20.582,-22.252,-3.43,-3.448,-6.23,-3.395,0.369,10.0,718,698,0.9721,22,697,0,0,1,0,18,2,0,0,0,5,0.807
v15,conservative,short,mixed,10,63,2023,12,12,-5.52,-4.55,-14.684,-14.684,-5.47,-5.274,-8.987,-5.52,0.302,10.0,120,116,0.9667,0,116,0,0,0,0,4,0,0,0,0,0,0.809
v15,conservative,short,mixed,10,63,2024,51,51,-2.302,-1.63,-13.241,-14.187,-2.249,-2.246,-3.073,-2.302,0.384,10,510,506,0.9922,0,506,0,0,0,0,4,0,0,0,0,0,0.778
v15,conservative,short,mixed,10,63,2025,50,50,-2.13,-0.76,-19.874,-22.252,-2.101,-2.127,-4.59,-2.018,0.42,10.0,483,471,0.9752,17,471,0,0,0,0,12,0,0,0,0,4,0.82
v15,conservative,short,mixed,10,63,2026,24,24,-6.24,-2.55,-20.336,-21.019,-6.198,-6.201,-9.649,-6.262,0.264,10.0,235,227,0.966,5,226,0,0,1,0,6,2,0,0,0,1,0.778
v15,conservative,short,mixed,20,5,ALL,148,148,-0.309,-2.19,-4.236,-7.955,-0.308,-0.307,-0.443,-0.289,0.444,20.0,2748,2744,0.9985,212,2744,0,0,0,0,3,1,0,0,0,38,0.789
v15,conservative,short,mixed,20,5,P1,63,63,-0.342,-1.79,-3.739,-4.54,-0.339,-0.339,-0.419,-0.338,0.44,20,1182,1181,0.9992,78,1181,0,0,0,0,1,0,0,0,0,16,0.78
v15,conservative,short,mixed,20,5,P2,85,85,-0.285,-1.42,-4.352,-7.955,-0.284,-0.284,-0.461,-0.253,0.447,20,1566,1563,0.9981,134,1563,0,0,0,0,2,1,0,0,0,22,0.796
v15,conservative,short,mixed,20,5,2023,12,12,-0.51,-1.38,-3.172,-3.172,-0.51,-0.51,-0.51,-0.572,0.429,16.5,193,193,1.0,47,193,0,0,0,0,0,0,0,0,0,9,0.824
v15,conservative,short,mixed,20,5,2024,51,51,-0.302,-1.38,-3.928,-4.54,-0.299,-0.298,-0.398,-0.282,0.443,20,989,988,0.999,31,988,0,0,0,0,1,0,0,0,0,7,0.767
v15,conservative,short,mixed,20,5,2025,50,50,-0.342,-1.38,-4.601,-7.955,-0.344,-0.341,-0.544,-0.307,0.444,20.0,897,895,0.9978,103,895,0,0,0,0,2,0,0,0,0,16,0.799
v15,conservative,short,mixed,20,5,2026,35,35,-0.203,-0.61,-3.627,-3.841,-0.199,-0.202,-0.343,-0.175,0.452,20,669,668,0.9985,31,668,0,0,0,0,0,1,0,0,0,6,0.79
v15,conservative,short,mixed,20,20,ALL,145,145,-1.334,-3.31,-8.793,-10.834,-1.328,-1.314,-2.122,-1.389,0.392,20,2688,2665,0.9914,212,2664,0,0,1,0,23,0,0,0,0,38,0.79
v15,conservative,short,mixed,20,20,P1,63,63,-1.287,-2.3,-6.614,-7.501,-1.265,-1.26,-1.919,-1.449,0.374,20,1182,1174,0.9932,78,1174,0,0,0,0,8,0,0,0,0,16,0.78
v15,conservative,short,mixed,20,20,P2,82,82,-1.37,-2.42,-9.49,-10.834,-1.377,-1.355,-2.279,-1.343,0.406,20.0,1506,1491,0.99,134,1490,0,0,1,0,15,0,0,0,0,22,0.799
v15,conservative,short,mixed,20,20,2023,12,12,-2.284,-3.58,-5.702,-5.702,-2.261,-2.249,-3.543,-3.096,0.255,16.5,193,190,0.9845,47,190,0,0,0,0,3,0,0,0,0,9,0.824
v15,conservative,short,mixed,20,20,2024,51,51,-1.053,-1.59,-6.918,-7.501,-1.031,-1.028,-1.537,-1.061,0.402,20,989,984,0.9949,31,984,0,0,0,0,5,0,0,0,0,7,0.767
v15,conservative,short,mixed,20,20,2025,50,50,-1.172,-1.71,-9.38,-9.796,-1.189,-1.168,-2.267,-1.053,0.417,20.0,897,886,0.9877,103,886,0,0,0,0,11,0,0,0,0,16,0.799
v15,conservative,short,mixed,20,20,2026,32,32,-1.678,-1.79,-9.368,-10.834,-1.67,-1.646,-2.297,-1.797,0.39,20.0,609,605,0.9934,31,604,0,0,1,0,4,0,0,0,0,6,0.796
v15,conservative,short,mixed,20,63,ALL,137,137,-3.16,-2.71,-16.942,-19.9,-3.158,-3.118,-5.225,-3.362,0.363,20,2528,2473,0.9782,212,2471,0,0,2,0,51,4,0,0,0,38,0.79
v15,conservative,short,mixed,20,63,P1,63,63,-3.009,-2.73,-12.445,-13.824,-3.0,-2.973,-3.827,-3.244,0.361,20,1182,1172,0.9915,78,1172,0,0,0,0,10,0,0,0,0,16,0.78
v15,conservative,short,mixed,20,63,P2,74,74,-3.288,-1.71,-18.293,-19.9,-3.292,-3.242,-6.416,-3.462,0.366,20.0,1346,1301,0.9666,134,1299,0,0,2,0,41,4,0,0,0,22,0.8
v15,conservative,short,mixed,20,63,2023,12,12,-4.863,-8.62,-13.824,-13.824,-4.894,-4.796,-6.653,-6.078,0.287,16.5,193,189,0.9793,47,189,0,0,0,0,4,0,0,0,0,9,0.824
v15,conservative,short,mixed,20,63,2024,51,51,-2.573,-2.0,-11.985,-12.302,-2.554,-2.544,-3.162,-2.577,0.378,20,989,983,0.9939,31,983,0,0,0,0,6,0,0,0,0,7,0.767
v15,conservative,short,mixed,20,63,2025,50,50,-2.185,-0.88,-17.173,-18.801,-2.218,-2.175,-5.086,-2.323,0.408,20.0,897,869,0.9688,103,869,0,0,0,0,28,0,0,0,0,16,0.799
v15,conservative,short,mixed,20,63,2026,24,24,-5.587,-2.63,-18.372,-19.9,-5.528,-5.465,-9.186,-5.834,0.278,20.0,449,432,0.9621,31,430,0,0,2,0,13,4,0,0,0,6,0.798
v15,conservative,short,stock,10,5,ALL,148,148,-0.3,-1.83,-4.689,-8.307,-0.3,-0.298,-0.503,-0.271,0.453,10.0,1449,1446,0.9979,31,1446,0,0,0,0,3,0,0,0,0,7,0.8
v15,conservative,short,stock,10,5,P1,63,63,-0.338,-1.57,-4.041,-4.495,-0.332,-0.33,-0.492,-0.34,0.455,10,629,628,0.9984,1,628,0,0,0,0,1,0,0,0,0,1,0.782
v15,conservative,short,stock,10,5,P2,85,85,-0.272,-1.15,-4.951,-8.307,-0.277,-0.274,-0.512,-0.219,0.451,10,820,818,0.9976,30,818,0,0,0,0,2,0,0,0,0,6,0.814
v15,conservative,short,stock,10,5,2023,12,12,-0.558,-1.21,-3.901,-3.901,-0.558,-0.558,-0.558,-0.57,0.48,10.0,119,119,1.0,1,119,0,0,0,0,0,0,0,0,0,1,0.8
v15,conservative,short,stock,10,5,2024,51,51,-0.286,-1.18,-4.087,-4.495,-0.278,-0.277,-0.476,-0.286,0.449,10,510,509,0.998,0,509,0,0,0,0,1,0,0,0,0,0,0.778
v15,conservative,short,stock,10,5,2025,50,50,-0.336,-1.18,-5.16,-8.307,-0.346,-0.34,-0.745,-0.238,0.448,10.0,475,473,0.9958,25,473,0,0,0,0,2,0,0,0,0,5,0.829
v15,conservative,short,stock,10,5,2026,35,35,-0.179,-0.44,-4.637,-4.997,-0.179,-0.179,-0.179,-0.192,0.454,10,345,345,1.0,5,345,0,0,0,0,0,0,0,0,0,1,0.794
v15,conservative,short,stock,10,20,ALL,145,145,-1.338,-3.17,-9.179,-10.181,-1.32,-1.307,-2.371,-1.287,0.419,10,1419,1404,0.9894,31,1404,0,0,0,0,15,0,0,0,0,7,0.801
v15,conservative,short,stock,10,20,P1,63,63,-1.183,-1.94,-7.47,-8.54,-1.129,-1.122,-2.274,-1.187,0.424,10,629,622,0.9889,1,622,0,0,0,0,7,0,0,0,0,1,0.782
v15,conservative,short,stock,10,20,P2,82,82,-1.457,-2.52,-9.649,-10.181,-1.467,-1.45,-2.446,-1.364,0.415,10.0,790,782,0.9899,30,782,0,0,0,0,8,0,0,0,0,6,0.817
v15,conservative,short,stock,10,20,2023,12,12,-2.714,-2.84,-7.815,-7.815,-2.61,-2.586,-5.174,-2.737,0.3,10.0,119,116,0.9748,1,116,0,0,0,0,3,0,0,0,0,1,0.8
v15,conservative,short,stock,10,20,2024,51,51,-0.823,-1.2,-7.354,-8.54,-0.78,-0.778,-1.591,-0.823,0.454,10,510,506,0.9922,0,506,0,0,0,0,4,0,0,0,0,0,0.778
v15,conservative,short,stock,10,20,2025,50,50,-1.119,-1.62,-9.911,-10.181,-1.138,-1.127,-2.342,-0.946,0.439,10.0,475,469,0.9874,25,469,0,0,0,0,6,0,0,0,0,5,0.829
v15,conservative,short,stock,10,20,2026,32,32,-1.985,-2.02,-9.256,-9.56,-1.982,-1.954,-2.608,-2.016,0.376,10.0,315,313,0.9937,5,313,0,0,0,0,2,0,0,0,0,1,0.8
v15,conservative,short,stock,10,63,ALL,137,137,-2.757,-2.15,-19.566,-22.252,-2.724,-2.722,-4.928,-2.767,0.394,10,1339,1310,0.9783,31,1309,0,0,1,0,27,2,0,0,0,7,0.801
v15,conservative,short,stock,10,63,P1,63,63,-2.491,-2.04,-13.801,-14.684,-2.444,-2.404,-3.781,-2.484,0.4,10,629,621,0.9873,1,621,0,0,0,0,8,0,0,0,0,1,0.782
v15,conservative,short,stock,10,63,P2,74,74,-2.983,-1.41,-20.881,-22.252,-2.963,-2.993,-5.904,-3.008,0.389,10.0,710,689,0.9704,30,688,0,0,1,0,19,2,0,0,0,6,0.818
v15,conservative,short,stock,10,63,2023,12,12,-4.739,-3.42,-14.684,-14.684,-4.718,-4.522,-8.235,-4.705,0.342,10.0,119,115,0.9664,1,115,0,0,0,0,4,0,0,0,0,1,0.8
v15,conservative,short,stock,10,63,2024,51,51,-1.962,-1.41,-13.241,-14.187,-1.908,-1.906,-2.733,-1.962,0.413,10,510,506,0.9922,0,506,0,0,0,0,4,0,0,0,0,0,0.778
v15,conservative,short,stock,10,63,2025,50,50,-1.553,-0.59,-20.018,-22.252,-1.543,-1.587,-4.24,-1.581,0.44,10.0,475,462,0.9726,25,462,0,0,0,0,13,0,0,0,0,5,0.829
v15,conservative,short,stock,10,63,2026,24,24,-5.96,-2.35,-20.336,-21.019,-5.921,-5.923,-9.371,-5.982,0.281,10.0,235,227,0.966,5,226,0,0,1,0,6,2,0,0,0,1,0.796
v15,conservative,short,stock,20,5,ALL,148,148,-0.275,-1.99,-4.299,-8.506,-0.275,-0.274,-0.41,-0.219,0.46,20.0,2691,2687,0.9985,269,2687,0,0,0,0,3,1,0,0,0,45,0.792
v15,conservative,short,stock,20,5,P1,63,63,-0.289,-1.6,-3.718,-4.456,-0.286,-0.286,-0.366,-0.267,0.462,20,1163,1162,0.9991,97,1162,0,0,0,0,1,0,0,0,0,18,0.782
v15,conservative,short,stock,20,5,P2,85,85,-0.265,-1.33,-4.469,-8.506,-0.266,-0.265,-0.443,-0.184,0.459,20,1528,1525,0.998,172,1525,0,0,0,0,2,1,0,0,0,27,0.8
v15,conservative,short,stock,20,5,2023,12,12,-0.45,-1.31,-3.172,-3.172,-0.45,-0.45,-0.45,-0.526,0.459,15.5,181,181,1.0,59,181,0,0,0,0,0,0,0,0,0,10,0.821
v15,conservative,short,stock,20,5,2024,51,51,-0.251,-1.21,-3.9,-4.456,-0.248,-0.247,-0.347,-0.207,0.462,20,982,981,0.999,38,981,0,0,0,0,1,0,0,0,0,8,0.772
v15,conservative,short,stock,20,5,2025,50,50,-0.319,-1.28,-4.785,-8.506,-0.323,-0.32,-0.522,-0.193,0.46,20.0,867,865,0.9977,133,865,0,0,0,0,2,0,0,0,0,20,0.809
v15,conservative,short,stock,20,5,2026,35,35,-0.189,-0.57,-3.627,-3.841,-0.185,-0.188,-0.329,-0.17,0.459,20,661,660,0.9985,39,660,0,0,0,0,0,1,0,0,0,7,0.786
v15,conservative,short,stock,20,20,ALL,145,145,-1.188,-2.94,-8.997,-11.391,-1.186,-1.169,-2.014,-1.229,0.42,20,2631,2607,0.9909,269,2606,0,0,1,0,24,0,0,0,0,45,0.794
v15,conservative,short,stock,20,20,P1,63,63,-1.025,-1.85,-6.614,-7.501,-1.006,-0.996,-1.737,-1.213,0.416,20,1163,1154,0.9923,97,1154,0,0,0,0,9,0,0,0,0,18,0.782
v15,conservative,short,stock,20,20,P2,82,82,-1.314,-2.3,-9.816,-11.391,-1.325,-1.303,-2.227,-1.242,0.423,20.0,1468,1453,0.9898,172,1452,0,0,1,0,15,0,0,0,0,27,0.803
v15,conservative,short,stock,20,20,2023,12,12,-1.966,-2.62,-5.702,-5.702,-1.944,-1.932,-3.226,-2.906,0.309,15.5,181,178,0.9834,59,178,0,0,0,0,3,0,0,0,0,10,0.821
v15,conservative,short,stock,20,20,2024,51,51,-0.803,-1.24,-6.918,-7.501,-0.785,-0.775,-1.386,-0.814,0.441,20,982,976,0.9939,38,976,0,0,0,0,6,0,0,0,0,8,0.772
v15,conservative,short,stock,20,20,2025,50,50,-1.145,-1.63,-10.479,-11.391,-1.166,-1.145,-2.244,-0.945,0.439,20.0,867,856,0.9873,133,856,0,0,0,0,11,0,0,0,0,20,0.809
v15,conservative,short,stock,20,20,2026,32,32,-1.579,-1.71,-8.469,-9.037,-1.573,-1.549,-2.2,-1.707,0.399,20.0,601,597,0.9933,39,596,0,0,1,0,4,0,0,0,0,7,0.793
v15,conservative,short,stock,20,63,ALL,137,137,-2.779,-2.44,-16.866,-17.771,-2.787,-2.745,-4.891,-3.025,0.386,20,2471,2415,0.9773,269,2413,0,0,2,0,52,4,0,0,0,45,0.795
v15,conservative,short,stock,20,63,P1,63,63,-2.439,-2.32,-12.146,-13.824,-2.437,-2.404,-3.344,-2.673,0.395,20,1163,1152,0.9905,97,1152,0,0,0,0,11,0,0,0,0,18,0.782
v15,conservative,short,stock,20,63,P2,74,74,-3.068,-1.63,-17.331,-17.771,-3.084,-3.035,-6.209,-3.325,0.378,20.0,1308,1263,0.9656,172,1261,0,0,2,0,41,4,0,0,0,27,0.806
v15,conservative,short,stock,20,63,2023,12,12,-3.775,-4.14,-13.824,-13.824,-3.811,-3.713,-5.569,-4.98,0.335,15.5,181,177,0.9779,59,177,0,0,0,0,4,0,0,0,0,10,0.821
v15,conservative,short,stock,20,63,2024,51,51,-2.125,-1.7,-11.586,-12.302,-2.113,-2.096,-2.82,-2.13,0.41,20,982,975,0.9929,38,975,0,0,0,0,7,0,0,0,0,8,0.772
v15,conservative,short,stock,20,63,2025,50,50,-1.992,-0.82,-17.341,-17.771,-2.04,-1.997,-4.907,-2.229,0.418,20.0,867,839,0.9677,133,839,0,0,0,0,28,0,0,0,0,20,0.809
v15,conservative,short,stock,20,63,2026,24,24,-5.311,-2.54,-17.051,-17.258,-5.261,-5.199,-8.92,-5.61,0.293,20.0,441,424,0.9615,39,422,0,0,2,0,13,4,0,0,0,7,0.799
